ISO-10303-21;
HEADER;
FILE_DESCRIPTION (( 'STEP AP214' ),
    '1' );
FILE_NAME ('phone stand.STEP',
    '2026-09-25T04:30:37',
    ( '' ),
    ( '' ),
    'SwSTEP 2.0',
    'SolidWorks 2023',
    '' );
FILE_SCHEMA (( 'AUTOMOTIVE_DESIGN' ));
ENDSEC;

DATA;
#1 = ORIENTED_EDGE ( 'NONE', *, *, #902, .T. ) ;
#2 = CARTESIAN_POINT ( 'NONE',  ( -33.77799554150937666, 18.07169895211207589, 27.60110770270019032 ) ) ;
#3 = VERTEX_POINT ( 'NONE', #1458 ) ;
#4 = LINE ( 'NONE', #313, #594 ) ;
#5 = DIRECTION ( 'NONE',  ( 1.000000000000000000, 0.000000000000000000, 0.000000000000000000 ) ) ;
#6 = VECTOR ( 'NONE', #177, 1000.000000000000227 ) ;
#7 = CARTESIAN_POINT ( 'NONE',  ( 14.91949109625977066, 15.32000000000000384, -38.42358252937668084 ) ) ;
#8 = ORIENTED_EDGE ( 'NONE', *, *, #736, .T. ) ;
#9 = DIRECTION ( 'NONE',  ( 0.6427876096865349220, 0.000000000000000000, -0.7660444431189815662 ) ) ;
#10 = EDGE_LOOP ( 'NONE', ( #462, #657, #636, #371 ) ) ;
#11 = DIRECTION ( 'NONE',  ( -0.9453854158307292144, -0.3259546218947645957, 0.000000000000000000 ) ) ;
#12 = AXIS2_PLACEMENT_3D ( 'NONE', #769, #1337, #323 ) ;
#13 = CARTESIAN_POINT ( 'NONE',  ( -29.04931941253064309, 25.54139634863284058, 25.04190165182163952 ) ) ;
#14 = CARTESIAN_POINT ( 'NONE',  ( -53.59978506732886672, 20.32000000000002871, 40.04266456438296728 ) ) ;
#15 = EDGE_CURVE ( 'NONE', #368, #919, #537, .T. ) ;
#16 = ORIENTED_EDGE ( 'NONE', *, *, #458, .T. ) ;
#17 = LINE ( 'NONE', #270, #1255 ) ;
#18 = PRESENTATION_STYLE_ASSIGNMENT (( #362 ) ) ;
#19 = DIRECTION ( 'NONE',  ( -0.6985502505097009873, -0.4104289294907234598, -0.5861532575614784024 ) ) ;
#20 = DIRECTION ( 'NONE',  ( -0.6427876096865344779, -2.775557561562891351E-17, 0.7660444431189822323 ) ) ;
#21 = ORIENTED_EDGE ( 'NONE', *, *, #35, .F. ) ;
#22 = DIRECTION ( 'NONE',  ( -0.5065771783174921605, 0.8621946197975767223, 8.544534290747192673E-17 ) ) ;
#23 = PRODUCT_DEFINITION ( 'UNKNOWN', '', #1293, #1197 ) ;
#24 = CARTESIAN_POINT ( 'NONE',  ( -71.42300877492277777, 20.32000000000000028, 61.28355544951856615 ) ) ;
#25 = EDGE_CURVE ( 'NONE', #125, #928, #213, .T. ) ;
#26 = ORIENTED_EDGE ( 'NONE', *, *, #222, .T. ) ;
#27 = CARTESIAN_POINT ( 'NONE',  ( -20.00000000000000000, 24.79582995144077273, 15.47076548005843044 ) ) ;
#28 = ORIENTED_EDGE ( 'NONE', *, *, #62, .T. ) ;
#29 = CARTESIAN_POINT ( 'NONE',  ( -71.42300877492277777, 15.32000000000000028, 61.28355544951856615 ) ) ;
#30 = VECTOR ( 'NONE', #591, 1000.000000000000000 ) ;
#31 = ADVANCED_BREP_SHAPE_REPRESENTATION ( 'phone stand', ( #1093, #1071 ), #1435 ) ;
#32 = VECTOR ( 'NONE', #483, 1000.000000000000000 ) ;
#33 = CARTESIAN_POINT ( 'NONE',  ( -28.67421293416083117, 22.44130508506612998, 31.88368980613476822 ) ) ;
#34 = DIRECTION ( 'NONE',  ( 0.6427876096865344779, -2.775557561562891043E-17, -0.7660444431189820103 ) ) ;
#35 = EDGE_CURVE ( 'NONE', #1038, #1014, #318, .T. ) ;
#36 = ORIENTED_EDGE ( 'NONE', *, *, #1019, .F. ) ;
#37 = DIRECTION ( 'NONE',  ( 0.6985502505097004322, 0.4104289294907240704, 0.5861532575614787355 ) ) ;
#38 = VERTEX_POINT ( 'NONE', #1043 ) ;
#39 = CARTESIAN_POINT ( 'NONE',  ( -29.04931941253064664, 25.54139634863284058, 25.04190165182164307 ) ) ;
#40 = CIRCLE ( 'NONE', #848, 3.000000000000000444 ) ;
#41 = FACE_OUTER_BOUND ( 'NONE', #1457, .T. ) ;
#42 = DIRECTION ( 'NONE',  ( 0.6427876096865349220, 0.000000000000000000, -0.7660444431189815662 ) ) ;
#43 = VERTEX_POINT ( 'NONE', #710 ) ;
#44 = CARTESIAN_POINT ( 'NONE',  ( -16.83117959525663565, 8.500000000000000000, -5.500000000000000000 ) ) ;
#45 = DIRECTION ( 'NONE',  ( 0.6985502505097004322, 0.4104289294907240704, 0.5861532575614787355 ) ) ;
#46 = EDGE_CURVE ( 'NONE', #1451, #619, #916, .T. ) ;
#47 = EDGE_CURVE ( 'NONE', #919, #1231, #819, .T. ) ;
#48 = AXIS2_PLACEMENT_3D ( 'NONE', #1163, #164, #494 ) ;
#49 = DIRECTION ( 'NONE',  ( 0.000000000000000000, -1.000000000000000000, 0.000000000000000000 ) ) ;
#50 = ORIENTED_EDGE ( 'NONE', *, *, #411, .F. ) ;
#51 = DIRECTION ( 'NONE',  ( 0.000000000000000000, 0.000000000000000000, -1.000000000000000000 ) ) ;
#52 = FACE_OUTER_BOUND ( 'NONE', #96, .T. ) ;
#53 = LINE ( 'NONE', #951, #569 ) ;
#54 = VECTOR ( 'NONE', #676, 999.9999999999998863 ) ;
#55 = ORIENTED_EDGE ( 'NONE', *, *, #1434, .T. ) ;
#56 = CARTESIAN_POINT ( 'NONE',  ( -43.52484463771632761, 26.36285697416935747, 46.83608329691013239 ) ) ;
#57 = DIRECTION ( 'NONE',  ( 0.000000000000000000, 0.8191520442889929088, -0.5735764363510444941 ) ) ;
#58 = CARTESIAN_POINT ( 'NONE',  ( -20.00000000000000000, 8.500000000000000000, 0.000000000000000000 ) ) ;
#59 = CARTESIAN_POINT ( 'NONE',  ( -3.933598745415909370, -2.311161897013288780, -13.30068125647786736 ) ) ;
#60 = ADVANCED_FACE ( 'NONE', ( #41 ), #151, .F. ) ;
#61 = EDGE_CURVE ( 'NONE', #1269, #1231, #958, .T. ) ;
#62 = EDGE_CURVE ( 'NONE', #863, #332, #1388, .T. ) ;
#63 = ORIENTED_EDGE ( 'NONE', *, *, #1184, .T. ) ;
#64 = CARTESIAN_POINT ( 'NONE',  ( -306445.3243941066903, 20.32000000002653906, -257082.2144637900346 ) ) ;
#65 = FACE_OUTER_BOUND ( 'NONE', #749, .T. ) ;
#66 = DIRECTION ( 'NONE',  ( 0.000000000000000000, 0.000000000000000000, -1.000000000000000000 ) ) ;
#67 = CARTESIAN_POINT ( 'NONE',  ( -52.15187955423307642, 15.32000000000000028, 38.31711796741407028 ) ) ;
#68 = AXIS2_PLACEMENT_3D ( 'NONE', #120, #1111, #1464 ) ;
#69 = ORIENTED_EDGE ( 'NONE', *, *, #1190, .F. ) ;
#70 = CARTESIAN_POINT ( 'NONE',  ( -43.66614651285144788, 26.77268313710504799, 46.71751694559957713 ) ) ;
#71 = DIRECTION ( 'NONE',  ( 0.6427876096865340338, 0.000000000000000000, -0.7660444431189825654 ) ) ;
#72 = DIRECTION ( 'NONE',  ( -0.3144068007316407343, 0.9118925889802479423, -0.2638186305335450399 ) ) ;
#73 = ORIENTED_EDGE ( 'NONE', *, *, #1034, .F. ) ;
#74 = PRESENTATION_LAYER_ASSIGNMENT (  '', '', ( #366 ) ) ;
#75 = ORIENTED_EDGE ( 'NONE', *, *, #1184, .F. ) ;
#76 = CARTESIAN_POINT ( 'NONE',  ( -20.00000000000000000, -0.000000000000000000, 0.000000000000000000 ) ) ;
#77 = EDGE_CURVE ( 'NONE', #530, #682, #926, .T. ) ;
#78 = CARTESIAN_POINT ( 'NONE',  ( -20.00000000000000000, 0.000000000000000000, 0.000000000000000000 ) ) ;
#79 = CARTESIAN_POINT ( 'NONE',  ( -58.19318705349447640, 25.82230395576596749, 61.28355544951856615 ) ) ;
#80 = AXIS2_PLACEMENT_3D ( 'NONE', #1406, #1313, #51 ) ;
#81 = ORIENTED_EDGE ( 'NONE', *, *, #284, .F. ) ;
#82 = CARTESIAN_POINT ( 'NONE',  ( -19.99999999999999645, 25.95182527812357520, 15.67599575961959069 ) ) ;
#83 = PLANE ( 'NONE',  #124 ) ;
#84 = CARTESIAN_POINT ( 'NONE',  ( -43.98055331358307285, 27.68457572608526718, 46.45369831506604186 ) ) ;
#85 = EDGE_CURVE ( 'NONE', #1451, #755, #17, .T. ) ;
#86 = LINE ( 'NONE', #1210, #938 ) ;
#87 = ORIENTED_EDGE ( 'NONE', *, *, #518, .F. ) ;
#88 = VERTEX_POINT ( 'NONE', #278 ) ;
#89 = ORIENTED_EDGE ( 'NONE', *, *, #709, .F. ) ;
#90 = CARTESIAN_POINT ( 'NONE',  ( -1.999999999999998224, 8.500000000000000000, 5.500000000000000000 ) ) ;
#91 = CARTESIAN_POINT ( 'NONE',  ( -20.00000000000000000, 20.32000000000000028, -10.16000000000000192 ) ) ;
#92 = DIRECTION ( 'NONE',  ( -0.6427876096865343669, 4.556676474928594371E-17, 0.7660444431189821213 ) ) ;
#93 = ORIENTED_EDGE ( 'NONE', *, *, #85, .T. ) ;
#94 = VECTOR ( 'NONE', #66, 1000.000000000000000 ) ;
#95 = CARTESIAN_POINT ( 'NONE',  ( -0.7478419474893777119, 20.32000000000000384, 0.08769066605583686336 ) ) ;
#96 = EDGE_LOOP ( 'NONE', ( #613, #791, #688, #1233 ) ) ;
#97 = DIRECTION ( 'NONE',  ( 0.000000000000000000, 0.000000000000000000, -1.000000000000000000 ) ) ;
#98 = VECTOR ( 'NONE', #1292, 1000.000000000000000 ) ;
#99 = LINE ( 'NONE', #1091, #931 ) ;
#100 = CARTESIAN_POINT ( 'NONE',  ( -47.94880425334861940, 26.86371786710381926, 48.34556957241901642 ) ) ;
#101 = VECTOR ( 'NONE', #1157, 1000.000000000000000 ) ;
#102 = DIRECTION ( 'NONE',  ( -0.9453854158307292144, -0.3259546218947645957, 0.000000000000000000 ) ) ;
#103 = ORIENTED_EDGE ( 'NONE', *, *, #1331, .T. ) ;
#104 = EDGE_CURVE ( 'NONE', #351, #226, #1028, .T. ) ;
#105 = ORIENTED_EDGE ( 'NONE', *, *, #201, .T. ) ;
#106 = VERTEX_POINT ( 'NONE', #825 ) ;
#107 = ORIENTED_EDGE ( 'NONE', *, *, #611, .T. ) ;
#108 = EDGE_CURVE ( 'NONE', #1153, #587, #166, .T. ) ;
#109 = FACE_OUTER_BOUND ( 'NONE', #718, .T. ) ;
#110 = EDGE_CURVE ( 'NONE', #553, #1011, #1256, .T. ) ;
#111 = AXIS2_PLACEMENT_3D ( 'NONE', #1418, #827, #1194 ) ;
#112 = VERTEX_POINT ( 'NONE', #143 ) ;
#113 = DIRECTION ( 'NONE',  ( 0.6985502505097012094, 0.4104289294907228491, 0.5861532575614785134 ) ) ;
#114 = LINE ( 'NONE', #675, #1244 ) ;
#115 = DIRECTION ( 'NONE',  ( 2.096595511224979156E-48, -1.000000000000000000, 1.759252520196798799E-48 ) ) ;
#116 = ORIENTED_EDGE ( 'NONE', *, *, #756, .T. ) ;
#117 = ORIENTED_EDGE ( 'NONE', *, *, #601, .T. ) ;
#118 = CARTESIAN_POINT ( 'NONE',  ( -39.27112922066469025, 15.32000000000000028, 22.96643748207468860 ) ) ;
#119 = ORIENTED_EDGE ( 'NONE', *, *, #1415, .T. ) ;
#120 = CARTESIAN_POINT ( 'NONE',  ( -8.783866134678513404, 24.45494707497381981, -6.655334265546181349 ) ) ;
#121 = CARTESIAN_POINT ( 'NONE',  ( -45.45536163690620413, 20.65238215452774284, 50.43781635223751891 ) ) ;
#122 = CARTESIAN_POINT ( 'NONE',  ( -55.35331853274691127, 20.32000000000000028, 42.13244437152913235 ) ) ;
#123 = ORIENTED_EDGE ( 'NONE', *, *, #734, .F. ) ;
#124 = AXIS2_PLACEMENT_3D ( 'NONE', #1332, #202, #217 ) ;
#125 = VERTEX_POINT ( 'NONE', #1401 ) ;
#126 = CARTESIAN_POINT ( 'NONE',  ( -20.00000000000000000, -1.200000000000000030E-05, -10.16000000000000192 ) ) ;
#127 = DIRECTION ( 'NONE',  ( 0.000000000000000000, 0.000000000000000000, -1.000000000000000000 ) ) ;
#128 = PLANE ( 'NONE',  #1201 ) ;
#129 = ADVANCED_FACE ( 'NONE', ( #1284 ), #1136, .F. ) ;
#130 = VECTOR ( 'NONE', #132, 1000.000000000000114 ) ;
#131 = VECTOR ( 'NONE', #621, 1000.000000000000000 ) ;
#132 = DIRECTION ( 'NONE',  ( 0.6985502505097008763, 0.4104289294907234598, 0.5861532575614782914 ) ) ;
#133 = DIRECTION ( 'NONE',  ( 1.000000000000000000, 2.096595511224979156E-48, 0.000000000000000000 ) ) ;
#134 = AXIS2_PLACEMENT_3D ( 'NONE', #855, #423, #315 ) ;
#135 = ORIENTED_EDGE ( 'NONE', *, *, #865, .F. ) ;
#136 =( NAMED_UNIT ( * ) SI_UNIT ( $, .STERADIAN. ) SOLID_ANGLE_UNIT ( ) );
#137 = ORIENTED_EDGE ( 'NONE', *, *, #1192, .F. ) ;
#138 = DIRECTION ( 'NONE',  ( 0.000000000000000000, 0.000000000000000000, -1.000000000000000000 ) ) ;
#139 = SHAPE_DEFINITION_REPRESENTATION ( #264, #31 ) ;
#140 = CARTESIAN_POINT ( 'NONE',  ( -16.74072807748726888, 4.460915439583698294, 35.37003610136827092 ) ) ;
#141 = EDGE_CURVE ( 'NONE', #233, #1327, #298, .T. ) ;
#142 = ORIENTED_EDGE ( 'NONE', *, *, #877, .F. ) ;
#143 = CARTESIAN_POINT ( 'NONE',  ( -20.00000000000000000, 20.32000000000000384, 20.47441262823804919 ) ) ;
#144 = CARTESIAN_POINT ( 'NONE',  ( 0.000000000000000000, 15.32000000000000028, 61.28355544951856615 ) ) ;
#145 = VECTOR ( 'NONE', #229, 1000.000000000000000 ) ;
#146 = ORIENTED_EDGE ( 'NONE', *, *, #378, .T. ) ;
#147 = FACE_OUTER_BOUND ( 'NONE', #529, .T. ) ;
#148 = LINE ( 'NONE', #595, #575 ) ;
#149 = CIRCLE ( 'NONE', #303, 5.000000000000001776 ) ;
#150 = ORIENTED_EDGE ( 'NONE', *, *, #1176, .F. ) ;
#151 = PLANE ( 'NONE',  #502 ) ;
#152 = DIRECTION ( 'NONE',  ( -0.9453854158307304356, -0.3259546218947614316, 0.000000000000000000 ) ) ;
#153 = EDGE_LOOP ( 'NONE', ( #873, #436, #698, #524 ) ) ;
#154 = CARTESIAN_POINT ( 'NONE',  ( 0.000000000000000000, 8.500000000000000000, 0.000000000000000000 ) ) ;
#155 = ORIENTED_EDGE ( 'NONE', *, *, #1288, .T. ) ;
#156 = CARTESIAN_POINT ( 'NONE',  ( -51.59166556928173719, 15.32000000000000028, 38.76180953912822957 ) ) ;
#157 = VECTOR ( 'NONE', #634, 1000.000000000000000 ) ;
#158 = AXIS2_PLACEMENT_3D ( 'NONE', #998, #878, #893 ) ;
#159 = LINE ( 'NONE', #600, #732 ) ;
#160 = EDGE_CURVE ( 'NONE', #1327, #1269, #976, .T. ) ;
#161 = EDGE_LOOP ( 'NONE', ( #414, #1144, #1106, #891, #826, #889 ) ) ;
#162 = ADVANCED_FACE ( 'NONE', ( #1466 ), #560, .F. ) ;
#163 = PLANE ( 'NONE',  #1113 ) ;
#164 = DIRECTION ( 'NONE',  ( 1.000000000000000000, -0.000000000000000000, 0.000000000000000000 ) ) ;
#165 = VECTOR ( 'NONE', #1359, 1000.000000000000227 ) ;
#166 = LINE ( 'NONE', #606, #800 ) ;
#167 = ORIENTED_EDGE ( 'NONE', *, *, #1207, .T. ) ;
#168 = LINE ( 'NONE', #300, #235 ) ;
#169 = APPLICATION_CONTEXT ( 'automotive_design' ) ;
#170 = DIRECTION ( 'NONE',  ( 0.000000000000000000, 0.000000000000000000, -1.000000000000000000 ) ) ;
#171 = AXIS2_PLACEMENT_3D ( 'NONE', #1432, #408, #1314 ) ;
#172 = ORIENTED_EDGE ( 'NONE', *, *, #773, .F. ) ;
#173 = DIRECTION ( 'NONE',  ( -0.6427876096865345890, 2.767432619235504846E-17, 0.7660444431189821213 ) ) ;
#174 = DIRECTION ( 'NONE',  ( 0.6427876096865344779, -2.775557561562891043E-17, -0.7660444431189820103 ) ) ;
#175 = FACE_OUTER_BOUND ( 'NONE', #760, .T. ) ;
#176 = EDGE_CURVE ( 'NONE', #942, #536, #336, .T. ) ;
#177 = DIRECTION ( 'NONE',  ( 0.000000000000000000, -0.2779120081628888572, -0.9606065353300852205 ) ) ;
#178 = ADVANCED_FACE ( 'NONE', ( #552 ), #239, .F. ) ;
#179 = AXIS2_PLACEMENT_3D ( 'NONE', #686, #1351, #885 ) ;
#180 = EDGE_LOOP ( 'NONE', ( #150, #687, #93, #255 ) ) ;
#181 = DIRECTION ( 'NONE',  ( 0.7660444431189821213, 2.736911063134408342E-48, 0.6427876096865344779 ) ) ;
#182 = CARTESIAN_POINT ( 'NONE',  ( -29.94329115699241584, -17.38608263964160727, 61.28355544951856615 ) ) ;
#183 = CARTESIAN_POINT ( 'NONE',  ( -16.83117959525663565, 8.500000000000000000, -5.500000000000000000 ) ) ;
#184 = DIRECTION ( 'NONE',  ( 1.000000000000000000, 0.000000000000000000, 0.000000000000000000 ) ) ;
#185 = AXIS2_PLACEMENT_3D ( 'NONE', #814, #911, #1257 ) ;
#186 = ORIENTED_EDGE ( 'NONE', *, *, #1006, .F. ) ;
#187 = CARTESIAN_POINT ( 'NONE',  ( -5.068280449010980071, 25.54139634863284058, -3.537587687095010924 ) ) ;
#188 = PLANE ( 'NONE',  #729 ) ;
#189 = CARTESIAN_POINT ( 'NONE',  ( -29.52481909974768826, 26.77268313710502312, 29.86453919698200110 ) ) ;
#190 = EDGE_CURVE ( 'NONE', #1338, #1327, #1237, .T. ) ;
#191 = ORIENTED_EDGE ( 'NONE', *, *, #568, .T. ) ;
#192 = CARTESIAN_POINT ( 'NONE',  ( -20.00000000000000000, 3.335829658527388109, 1.892444103336907268 ) ) ;
#193 = AXIS2_PLACEMENT_3D ( 'NONE', #1074, #71, #610 ) ;
#194 = CARTESIAN_POINT ( 'NONE',  ( -20.00000000000000000, 20.32000000000000028, 0.000000000000000000 ) ) ;
#195 = DIRECTION ( 'NONE',  ( -0.7660444431189825654, 0.000000000000000000, -0.6427876096865340338 ) ) ;
#196 = VECTOR ( 'NONE', #174, 1000.000000000000114 ) ;
#197 = ORIENTED_EDGE ( 'NONE', *, *, #850, .T. ) ;
#198 = VECTOR ( 'NONE', #490, 1000.000000000000000 ) ;
#199 = LINE ( 'NONE', #428, #1285 ) ;
#200 = ADVANCED_FACE ( 'NONE', ( #656 ), #354, .F. ) ;
#201 = EDGE_CURVE ( 'NONE', #1363, #1250, #970, .T. ) ;
#202 = DIRECTION ( 'NONE',  ( 2.096595511224979156E-48, -1.000000000000000000, 1.759252520196798799E-48 ) ) ;
#203 = PLANE ( 'NONE',  #1377 ) ;
#204 = CARTESIAN_POINT ( 'NONE',  ( -21.40752926776252707, 3.229628651111493998, 36.67575410115966861 ) ) ;
#205 = VECTOR ( 'NONE', #19, 1000.000000000000114 ) ;
#206 = ORIENTED_EDGE ( 'NONE', *, *, #477, .F. ) ;
#207 = DIRECTION ( 'NONE',  ( -0.6427876096865345890, 0.000000000000000000, 0.7660444431189820103 ) ) ;
#208 = PLANE ( 'NONE',  #383 ) ;
#209 = CARTESIAN_POINT ( 'NONE',  ( -20.00000000000000000, 15.32000000000000028, 0.000000000000000000 ) ) ;
#210 = EDGE_CURVE ( 'NONE', #1312, #1363, #1367, .T. ) ;
#211 = ORIENTED_EDGE ( 'NONE', *, *, #647, .F. ) ;
#212 = ORIENTED_EDGE ( 'NONE', *, *, #1079, .T. ) ;
#213 = LINE ( 'NONE', #1335, #1379 ) ;
#214 = EDGE_LOOP ( 'NONE', ( #425, #384, #1356, #1343, #232, #1110, #146 ) ) ;
#215 = CARTESIAN_POINT ( 'NONE',  ( -38.46138858283765671, 15.32000000000000028, 23.67127432912033314 ) ) ;
#216 = ORIENTED_EDGE ( 'NONE', *, *, #108, .F. ) ;
#217 = DIRECTION ( 'NONE',  ( 1.000000000000000000, 2.096595511224979156E-48, 0.000000000000000000 ) ) ;
#218 = DIRECTION ( 'NONE',  ( 0.9453854158307303246, 0.3259546218947619312, 0.000000000000000000 ) ) ;
#219 = ADVANCED_FACE ( 'NONE', ( #220 ), #1228, .F. ) ;
#220 = FACE_OUTER_BOUND ( 'NONE', #1444, .T. ) ;
#221 = EDGE_LOOP ( 'NONE', ( #649, #1089, #1213, #1254 ) ) ;
#222 = EDGE_CURVE ( 'NONE', #942, #869, #823, .T. ) ;
#223 = EDGE_CURVE ( 'NONE', #231, #561, #1018, .T. ) ;
#224 = ORIENTED_EDGE ( 'NONE', *, *, #850, .F. ) ;
#225 = AXIS2_PLACEMENT_3D ( 'NONE', #416, #726, #501 ) ;
#226 = VERTEX_POINT ( 'NONE', #1114 ) ;
#227 = CARTESIAN_POINT ( 'NONE',  ( -41.38965324386489897, 22.03435025167266303, 47.32231431870914662 ) ) ;
#228 = CARTESIAN_POINT ( 'NONE',  ( -20.00000000000000000, 77.66064310022952100, -40.15035054457311503 ) ) ;
#229 = DIRECTION ( 'NONE',  ( -0.000000000000000000, 0.000000000000000000, 1.000000000000000000 ) ) ;
#230 = CARTESIAN_POINT ( 'NONE',  ( -52.15187955423307642, 15.32000000000000028, 38.31711796741407028 ) ) ;
#231 = VERTEX_POINT ( 'NONE', #439 ) ;
#232 = ORIENTED_EDGE ( 'NONE', *, *, #324, .F. ) ;
#233 = VERTEX_POINT ( 'NONE', #1123 ) ;
#234 = PLANE ( 'NONE',  #1452 ) ;
#235 = VECTOR ( 'NONE', #955, 1000.000000000000000 ) ;
#236 = ORIENTED_EDGE ( 'NONE', *, *, #1175, .F. ) ;
#237 = DIRECTION ( 'NONE',  ( 1.000000000000000000, 2.698750644591254685E-16, 0.000000000000000000 ) ) ;
#238 = LINE ( 'NONE', #1340, #1404 ) ;
#239 = CYLINDRICAL_SURFACE ( 'NONE', #689, 3.000000000000000444 ) ;
#240 = VERTEX_POINT ( 'NONE', #1342 ) ;
#241 = ORIENTED_EDGE ( 'NONE', *, *, #1140, .F. ) ;
#242 = ADVANCED_FACE ( 'NONE', ( #1133 ), #447, .T. ) ;
#243 = CARTESIAN_POINT ( 'NONE',  ( -39.11662992689021223, 18.29996115496518883, 22.78231239366567706 ) ) ;
#244 = ORIENTED_EDGE ( 'NONE', *, *, #268, .F. ) ;
#245 = CARTESIAN_POINT ( 'NONE',  ( -20.00000000000000000, 0.000000000000000000, -10.16000000000000192 ) ) ;
#246 = FACE_OUTER_BOUND ( 'NONE', #153, .T. ) ;
#247 = DIRECTION ( 'NONE',  ( -0.9453854158307304356, -0.3259546218947614316, 0.000000000000000000 ) ) ;
#248 = ORIENTED_EDGE ( 'NONE', *, *, #1131, .F. ) ;
#249 = FILL_AREA_STYLE ('',( #1126 ) ) ;
#250 = DIRECTION ( 'NONE',  ( 0.000000000000000000, 1.759252520196798799E-48, 1.000000000000000000 ) ) ;
#251 = CARTESIAN_POINT ( 'NONE',  ( 0.000000000000000000, 0.000000000000000000, 0.000000000000000000 ) ) ;
#252 = EDGE_CURVE ( 'NONE', #1231, #317, #754, .T. ) ;
#253 = EDGE_CURVE ( 'NONE', #1072, #870, #86, .T. ) ;
#254 = CARTESIAN_POINT ( 'NONE',  ( -52.15187955423307642, 15.32000000000000028, 38.31711796741407028 ) ) ;
#255 = ORIENTED_EDGE ( 'NONE', *, *, #601, .F. ) ;
#256 = DIRECTION ( 'NONE',  ( 0.000000000000000000, 0.000000000000000000, -1.000000000000000000 ) ) ;
#257 =( NAMED_UNIT ( * ) PLANE_ANGLE_UNIT ( ) SI_UNIT ( $, .RADIAN. ) );
#258 = ORIENTED_EDGE ( 'NONE', *, *, #252, .T. ) ;
#259 = PLANE ( 'NONE',  #1387 ) ;
#260 = CARTESIAN_POINT ( 'NONE',  ( -58.15427045810014306, 25.54139634863284414, 61.28355544951856615 ) ) ;
#261 = ORIENTED_EDGE ( 'NONE', *, *, #792, .F. ) ;
#262 = SURFACE_STYLE_FILL_AREA ( #249 ) ;
#263 = VERTEX_POINT ( 'NONE', #535 ) ;
#264 = PRODUCT_DEFINITION_SHAPE ( 'NONE', 'NONE',  #23 ) ;
#265 = DIRECTION ( 'NONE',  ( 0.7660444431189817882, 0.000000000000000000, 0.6427876096865349220 ) ) ;
#266 = ORIENTED_EDGE ( 'NONE', *, *, #986, .T. ) ;
#267 = DIRECTION ( 'NONE',  ( 0.5065771783174918275, -0.8621946197975768333, 0.000000000000000000 ) ) ;
#268 = EDGE_CURVE ( 'NONE', #1008, #1417, #975, .T. ) ;
#269 = ADVANCED_FACE ( 'NONE', ( #1463 ), #1286, .F. ) ;
#270 = CARTESIAN_POINT ( 'NONE',  ( -4.684136999232930698, 26.86371786710381571, -3.215253060067077673 ) ) ;
#271 = EDGE_CURVE ( 'NONE', #38, #1052, #1009, .T. ) ;
#272 = ORIENTED_EDGE ( 'NONE', *, *, #1443, .F. ) ;
#273 = FACE_OUTER_BOUND ( 'NONE', #355, .T. ) ;
#274 = CARTESIAN_POINT ( 'NONE',  ( -11.73648177666942516, 15.32000000000000028, -9.848077530122059997 ) ) ;
#275 = CIRCLE ( 'NONE', #714, 0.9999999999999994449 ) ;
#276 = VECTOR ( 'NONE', #1412, 1000.000000000000000 ) ;
#277 =( BOUNDED_CURVE ( )  B_SPLINE_CURVE ( 3, ( #254, #693, #156, #922 ),
 .UNSPECIFIED., .F., .T. ) 
 B_SPLINE_CURVE_WITH_KNOTS ( ( 4, 4 ),
 ( 1.482574520634939663, 1.570796326794896114 ),
 .UNSPECIFIED. ) 
 CURVE ( )  GEOMETRIC_REPRESENTATION_ITEM ( )  RATIONAL_B_SPLINE_CURVE ( ( 1.000000000000000000, 0.9993515145704404690, 0.9993515145704404690, 1.000000000000000000 ) ) 
 REPRESENTATION_ITEM ( '' )  );
#278 = CARTESIAN_POINT ( 'NONE',  ( -20.00000000000000000, 20.32000000000000028, -9.999999999999946709 ) ) ;
#279 = ORIENTED_EDGE ( 'NONE', *, *, #223, .F. ) ;
#280 = CARTESIAN_POINT ( 'NONE',  ( -71.42300877492277777, 77.66064310022950679, 21.13320490494545112 ) ) ;
#281 = CARTESIAN_POINT ( 'NONE',  ( 0.000000000000000000, 0.000000000000000000, 0.000000000000000000 ) ) ;
#282 = VECTOR ( 'NONE', #1180, 1000.000000000000000 ) ;
#283 =( BOUNDED_CURVE ( )  B_SPLINE_CURVE ( 3, ( #789, #27, #1243, #705 ),
 .UNSPECIFIED., .F., .T. ) 
 B_SPLINE_CURVE_WITH_KNOTS ( ( 4, 4 ),
 ( 5.135313365630882032, 6.283185307179586232 ),
 .UNSPECIFIED. ) 
 CURVE ( )  GEOMETRIC_REPRESENTATION_ITEM ( )  RATIONAL_B_SPLINE_CURVE ( ( 1.000000000000000000, 0.8931803222490011240, 0.8931803222490011240, 1.000000000000000000 ) ) 
 REPRESENTATION_ITEM ( '' )  );
#284 = EDGE_CURVE ( 'NONE', #1108, #1008, #148, .T. ) ;
#285 = ORIENTED_EDGE ( 'NONE', *, *, #160, .T. ) ;
#286 = CARTESIAN_POINT ( 'NONE',  ( -43.33678407222210893, 25.96685675084584943, 46.88924378386094816 ) ) ;
#287 = CARTESIAN_POINT ( 'NONE',  ( -10.16480421829552938, 15.32000000000000028, -8.529283470560931946 ) ) ;
#288 = FACE_OUTER_BOUND ( 'NONE', #1425, .T. ) ;
#289 = LINE ( 'NONE', #404, #1424 ) ;
#290 = ORIENTED_EDGE ( 'NONE', *, *, #473, .F. ) ;
#291 = CARTESIAN_POINT ( 'NONE',  ( -58.15427045810014306, 25.54139634863284414, 61.28355544951856615 ) ) ;
#292 = DIRECTION ( 'NONE',  ( 0.000000000000000000, -1.000000000000000000, 0.000000000000000000 ) ) ;
#293 = LINE ( 'NONE', #194, #94 ) ;
#294 = DIRECTION ( 'NONE',  ( -0.9453854158307305466, -0.3259546218947613760, 0.000000000000000000 ) ) ;
#295 = ADVANCED_FACE ( 'NONE', ( #1261 ), #1158, .T. ) ;
#296 = AXIS2_PLACEMENT_3D ( 'NONE', #616, #939, #1408 ) ;
#297 = AXIS2_PLACEMENT_3D ( 'NONE', #527, #417, #1414 ) ;
#298 = CIRCLE ( 'NONE', #661, 5.000000000000002665 ) ;
#299 = EDGE_LOOP ( 'NONE', ( #1430, #498, #1, #653, #1352 ) ) ;
#300 = CARTESIAN_POINT ( 'NONE',  ( -20.00000000000000000, 0.000000000000000000, 10.16000000000000192 ) ) ;
#301 = CYLINDRICAL_SURFACE ( 'NONE', #1247, 4.999999999999999112 ) ;
#302 = DIRECTION ( 'NONE',  ( 0.6985502505096998771, 0.4104289294907237928, 0.5861532575614796237 ) ) ;
#303 = AXIS2_PLACEMENT_3D ( 'NONE', #1130, #598, #11 ) ;
#304 = EDGE_LOOP ( 'NONE', ( #864, #1117, #695, #1460, #248 ) ) ;
#305 = CARTESIAN_POINT ( 'NONE',  ( -58.26928651468951870, 25.95182527812358586, 61.28355544951856615 ) ) ;
#306 = CARTESIAN_POINT ( 'NONE',  ( -20.00000000000000000, 20.32000000000000028, 10.16000000000000192 ) ) ;
#307 = CARTESIAN_POINT ( 'NONE',  ( -32.13609149673489895, 22.63116189701331749, 22.45179233443755606 ) ) ;
#308 = EDGE_CURVE ( 'NONE', #1250, #543, #277, .T. ) ;
#309 = EDGE_CURVE ( 'NONE', #775, #1100, #359, .T. ) ;
#310 = VERTEX_POINT ( 'NONE', #260 ) ;
#311 = CARTESIAN_POINT ( 'NONE',  ( -20.00000000000000000, 8.500000000000000000, 0.000000000000000000 ) ) ;
#312 = AXIS2_PLACEMENT_3D ( 'NONE', #58, #512, #520 ) ;
#313 = CARTESIAN_POINT ( 'NONE',  ( -20.00000000000000355, 4.210174822657943849, -35.20941136582863606 ) ) ;
#314 = FACE_OUTER_BOUND ( 'NONE', #1317, .T. ) ;
#315 = DIRECTION ( 'NONE',  ( -0.7660444431189820103, 0.000000000000000000, -0.6427876096865345890 ) ) ;
#316 = VECTOR ( 'NONE', #292, 1000.000000000000000 ) ;
#317 = VERTEX_POINT ( 'NONE', #376 ) ;
#318 = CIRCLE ( 'NONE', #1060, 6.000000000000001776 ) ;
#319 = CARTESIAN_POINT ( 'NONE',  ( 0.000000000000000000, -0.000000000000000000, 0.000000000000000000 ) ) ;
#320 = DIRECTION ( 'NONE',  ( 1.000000000000000000, 0.000000000000000000, 0.000000000000000000 ) ) ;
#321 = CYLINDRICAL_SURFACE ( 'NONE', #607, 4.999999999999997335 ) ;
#322 = EDGE_LOOP ( 'NONE', ( #50, #1410, #1211, #572, #420 ) ) ;
#323 = DIRECTION ( 'NONE',  ( -0.7660444431189825654, 0.000000000000000000, -0.6427876096865340338 ) ) ;
#324 = EDGE_CURVE ( 'NONE', #1052, #942, #275, .T. ) ;
#325 = CARTESIAN_POINT ( 'NONE',  ( -51.31714077654032735, 15.32000000000000028, 38.99216319146656673 ) ) ;
#326 = PLANE ( 'NONE',  #1459 ) ;
#327 = EDGE_CURVE ( 'NONE', #543, #1038, #708, .T. ) ;
#328 = ADVANCED_FACE ( 'NONE', ( #579 ), #812, .T. ) ;
#329 = CARTESIAN_POINT ( 'NONE',  ( -2.000000000000000000, 8.500000000000000000, 0.000000000000000000 ) ) ;
#330 = ORIENTED_EDGE ( 'NONE', *, *, #1277, .T. ) ;
#331 = DIRECTION ( 'NONE',  ( -0.6427876096865340338, -0.000000000000000000, 0.7660444431189825654 ) ) ;
#332 = VERTEX_POINT ( 'NONE', #1042 ) ;
#333 = PLANE ( 'NONE',  #829 ) ;
#334 = VECTOR ( 'NONE', #113, 1000.000000000000000 ) ;
#335 = DIRECTION ( 'NONE',  ( 0.000000000000000000, -0.2779120081628888572, -0.9606065353300852205 ) ) ;
#336 = LINE ( 'NONE', #465, #982 ) ;
#337 = EDGE_LOOP ( 'NONE', ( #1467, #1084, #767, #1041 ) ) ;
#338 = ORIENTED_EDGE ( 'NONE', *, *, #1415, .F. ) ;
#339 = ORIENTED_EDGE ( 'NONE', *, *, #1097, .F. ) ;
#340 = CARTESIAN_POINT ( 'NONE',  ( -36.02435636808329633, 4.460915439583699182, 58.35136939493770569 ) ) ;
#341 = AXIS2_PLACEMENT_3D ( 'NONE', #59, #302, #508 ) ;
#342 = ORIENTED_EDGE ( 'NONE', *, *, #176, .F. ) ;
#343 = LINE ( 'NONE', #1325, #1341 ) ;
#344 = DIRECTION ( 'NONE',  ( -0.3144068007316436764, 0.9118925889802461660, -0.2638186305335473159 ) ) ;
#345 = DIRECTION ( 'NONE',  ( -0.6427876096865345890, 0.000000000000000000, 0.7660444431189820103 ) ) ;
#346 = VERTEX_POINT ( 'NONE', #796 ) ;
#347 = ADVANCED_FACE ( 'NONE', ( #470 ), #1026, .T. ) ;
#348 = VERTEX_POINT ( 'NONE', #382 ) ;
#349 = CARTESIAN_POINT ( 'NONE',  ( -19.86574405901159324, 20.32000000000000028, -10.16000000000000192 ) ) ;
#350 = CIRCLE ( 'NONE', #111, 5.000000000000002665 ) ;
#351 = VERTEX_POINT ( 'NONE', #1276 ) ;
#352 = CARTESIAN_POINT ( 'NONE',  ( -14.36155197061357391, 4.296692504106060184, -5.500000000000000888 ) ) ;
#353 = DIRECTION ( 'NONE',  ( -0.3144068007316407898, 0.9118925889802478313, -0.2638186305335450399 ) ) ;
#354 = CYLINDRICAL_SURFACE ( 'NONE', #158, 0.9999999999999998890 ) ;
#355 = EDGE_LOOP ( 'NONE', ( #211, #36, #206, #667, #338, #1003, #1186, #808 ) ) ;
#356 = FACE_OUTER_BOUND ( 'NONE', #1385, .T. ) ;
#357 = ADVANCED_FACE ( 'NONE', ( #1017 ), #1270, .T. ) ;
#358 = ORIENTED_EDGE ( 'NONE', *, *, #1148, .F. ) ;
#359 = LINE ( 'NONE', #29, #753 ) ;
#360 = VERTEX_POINT ( 'NONE', #367 ) ;
#361 = CARTESIAN_POINT ( 'NONE',  ( -20.00000000000000000, 8.500000000000000000, 0.000000000000000000 ) ) ;
#362 = SURFACE_STYLE_USAGE ( .BOTH. , #451 ) ;
#363 = ADVANCED_FACE ( 'NONE', ( #700 ), #1147, .F. ) ;
#364 = ORIENTED_EDGE ( 'NONE', *, *, #1118, .T. ) ;
#365 = DIRECTION ( 'NONE',  ( 0.000000000000000000, 0.000000000000000000, 1.000000000000000000 ) ) ;
#366 = STYLED_ITEM ( 'NONE', ( #18 ), #1093 ) ;
#367 = CARTESIAN_POINT ( 'NONE',  ( -58.92390083112239552, 24.62950375965260008, 61.28355544951856615 ) ) ;
#368 = VERTEX_POINT ( 'NONE', #481 ) ;
#369 = DIRECTION ( 'NONE',  ( -0.9453854158307305466, -0.3259546218947610430, 0.000000000000000000 ) ) ;
#370 = LINE ( 'NONE', #126, #1350 ) ;
#371 = ORIENTED_EDGE ( 'NONE', *, *, #1465, .T. ) ;
#372 = LINE ( 'NONE', #1268, #1020 ) ;
#373 = ORIENTED_EDGE ( 'NONE', *, *, #567, .T. ) ;
#375 = EDGE_CURVE ( 'NONE', #332, #870, #386, .T. ) ;
#374 = VECTOR ( 'NONE', #1029, 1000.000000000000114 ) ;
#376 = CARTESIAN_POINT ( 'NONE',  ( -30.37681665657348162, 20.07004081475136203, 30.45503565061781970 ) ) ;
#377 = EDGE_CURVE ( 'NONE', #912, #125, #1246, .T. ) ;
#378 = EDGE_CURVE ( 'NONE', #38, #317, #927, .T. ) ;
#379 = CARTESIAN_POINT ( 'NONE',  ( -54.24293668999700913, 20.32000000000000028, 61.28355544951856615 ) ) ;
#380 = ORIENTED_EDGE ( 'NONE', *, *, #495, .T. ) ;
#381 = CARTESIAN_POINT ( 'NONE',  ( -71.42300877492277777, 15.32000000000000028, 61.28355544951856615 ) ) ;
#382 = CARTESIAN_POINT ( 'NONE',  ( -20.00000000000000000, 0.000000000000000000, 4.228217176421298795 ) ) ;
#383 = AXIS2_PLACEMENT_3D ( 'NONE', #989, #979, #429 ) ;
#384 = ORIENTED_EDGE ( 'NONE', *, *, #61, .F. ) ;
#385 = CARTESIAN_POINT ( 'NONE',  ( -58.92390083112239552, 24.62950375965260008, 61.28355544951856615 ) ) ;
#386 = LINE ( 'NONE', #915, #419 ) ;
#387 = VECTOR ( 'NONE', #344, 1000.000000000000000 ) ;
#388 = VECTOR ( 'NONE', #1212, 1000.000000000000000 ) ;
#389 = EDGE_CURVE ( 'NONE', #712, #963, #1182, .T. ) ;
#390 = ORIENTED_EDGE ( 'NONE', *, *, #948, .T. ) ;
#391 = CARTESIAN_POINT ( 'NONE',  ( -58.15427045810014306, 25.13614666997457903, 61.28355544951856615 ) ) ;
#392 = DIRECTION ( 'NONE',  ( 0.000000000000000000, -1.000000000000000000, 0.000000000000000000 ) ) ;
#393 = CARTESIAN_POINT ( 'NONE',  ( -20.00000000000000000, 8.500000000000000000, 0.000000000000000000 ) ) ;
#394 = VECTOR ( 'NONE', #1295, 1000.000000000000114 ) ;
#395 = EDGE_LOOP ( 'NONE', ( #380, #440, #1347, #272 ) ) ;
#396 = FACE_OUTER_BOUND ( 'NONE', #547, .T. ) ;
#397 = CARTESIAN_POINT ( 'NONE',  ( 0.000000000000000000, -0.000000000000000000, -10.16000000000000192 ) ) ;
#398 = FACE_OUTER_BOUND ( 'NONE', #904, .T. ) ;
#399 = CARTESIAN_POINT ( 'NONE',  ( -29.83922590047931322, 27.68457572608524941, 29.60072056644839122 ) ) ;
#400 = ORIENTED_EDGE ( 'NONE', *, *, #1006, .T. ) ;
#401 = CARTESIAN_POINT ( 'NONE',  ( -20.00000000000000000, 18.86262772141432364, -5.037426574233366594 ) ) ;
#402 = DIRECTION ( 'NONE',  ( 0.7660444431189821213, 0.000000000000000000, 0.6427876096865345890 ) ) ;
#403 = CARTESIAN_POINT ( 'NONE',  ( -20.00000000000000000, 12.04456603950414539, -4.205478758904139802 ) ) ;
#404 = CARTESIAN_POINT ( 'NONE',  ( -29.25942716028672308, 20.28622855492448451, 31.39263676489029820 ) ) ;
#405 = VECTOR ( 'NONE', #34, 1000.000000000000114 ) ;
#406 = ORIENTED_EDGE ( 'NONE', *, *, #176, .T. ) ;
#407 = CARTESIAN_POINT ( 'NONE',  ( -20.00000000000000000, 24.62950375965260008, 14.89585679624712711 ) ) ;
#408 = DIRECTION ( 'NONE',  ( 0.000000000000000000, -1.000000000000000000, 0.000000000000000000 ) ) ;
#409 = LINE ( 'NONE', #849, #98 ) ;
#410 = ADVANCED_FACE ( 'NONE', ( #1305 ), #301, .T. ) ;
#411 = EDGE_CURVE ( 'NONE', #43, #833, #1051, .T. ) ;
#412 = CIRCLE ( 'NONE', #641, 5.500000000000000000 ) ;
#413 = ORIENTED_EDGE ( 'NONE', *, *, #647, .T. ) ;
#414 = ORIENTED_EDGE ( 'NONE', *, *, #327, .T. ) ;
#415 = FACE_OUTER_BOUND ( 'NONE', #1129, .T. ) ;
#416 = CARTESIAN_POINT ( 'NONE',  ( -3.933598745415909370, -2.311161897013288780, -3.300681256477866476 ) ) ;
#417 = DIRECTION ( 'NONE',  ( 0.6985502505097005432, 0.4104289294907253471, 0.5861532575614777363 ) ) ;
#418 = AXIS2_PLACEMENT_3D ( 'NONE', #980, #430, #1349 ) ;
#419 = VECTOR ( 'NONE', #824, 1000.000000000000000 ) ;
#420 = ORIENTED_EDGE ( 'NONE', *, *, #725, .F. ) ;
#421 = CARTESIAN_POINT ( 'NONE',  ( -20.00000000000000000, 20.32000000000000028, 0.000000000000000000 ) ) ;
#422 = CARTESIAN_POINT ( 'NONE',  ( -47.63439745261696601, 25.95182527812358231, 48.60938820295255880 ) ) ;
#423 = DIRECTION ( 'NONE',  ( 0.6427876096865344779, 2.775557561562891351E-17, -0.7660444431189822323 ) ) ;
#424 = ADVANCED_FACE ( 'NONE', ( #1427 ), #740, .T. ) ;
#425 = ORIENTED_EDGE ( 'NONE', *, *, #252, .F. ) ;
#426 = ORIENTED_EDGE ( 'NONE', *, *, #777, .T. ) ;
#427 = ADVANCED_FACE ( 'NONE', ( #1188 ), #830, .T. ) ;
#428 = CARTESIAN_POINT ( 'NONE',  ( -20.00000000000000000, 20.32000000000000384, 0.4196992691650608398 ) ) ;
#429 = DIRECTION ( 'NONE',  ( 0.000000000000000000, 0.000000000000000000, -1.000000000000000000 ) ) ;
#430 = DIRECTION ( 'NONE',  ( -1.000000000000000000, 0.000000000000000000, -0.000000000000000000 ) ) ;
#431 = EDGE_LOOP ( 'NONE', ( #1258, #258, #1141, #670, #845, #1345 ) ) ;
#432 = VECTOR ( 'NONE', #97, 1000.000000000000000 ) ;
#433 = ORIENTED_EDGE ( 'NONE', *, *, #104, .T. ) ;
#434 = ORIENTED_EDGE ( 'NONE', *, *, #110, .T. ) ;
#435 = DIRECTION ( 'NONE',  ( -0.000000000000000000, 0.000000000000000000, 1.000000000000000000 ) ) ;
#436 = ORIENTED_EDGE ( 'NONE', *, *, #1354, .T. ) ;
#437 = LINE ( 'NONE', #91, #1217 ) ;
#438 = DIRECTION ( 'NONE',  ( -0.000000000000000000, 0.000000000000000000, 1.000000000000000000 ) ) ;
#439 = CARTESIAN_POINT ( 'NONE',  ( -20.00000000000000000, 20.54850368107873848, -10.16000000000000192 ) ) ;
#440 = ORIENTED_EDGE ( 'NONE', *, *, #1148, .T. ) ;
#441 = ORIENTED_EDGE ( 'NONE', *, *, #268, .T. ) ;
#442 = ORIENTED_EDGE ( 'NONE', *, *, #1079, .F. ) ;
#443 = CARTESIAN_POINT ( 'NONE',  ( -43.23256885030414765, 20.07004081475136914, 45.77592451299744880 ) ) ;
#444 = FACE_OUTER_BOUND ( 'NONE', #1102, .T. ) ;
#445 = DIRECTION ( 'NONE',  ( -0.6427876096865337008, 0.000000000000000000, 0.7660444431189826764 ) ) ;
#446 = ADVANCED_FACE ( 'NONE', ( #175 ), #853, .T. ) ;
#447 = PLANE ( 'NONE',  #1204 ) ;
#448 = ORIENTED_EDGE ( 'NONE', *, *, #588, .T. ) ;
#449 = UNCERTAINTY_MEASURE_WITH_UNIT (LENGTH_MEASURE( 1.000000000000000082E-05 ), #1013, 'distance_accuracy_value', 'NONE');
#450 = ORIENTED_EDGE ( 'NONE', *, *, #309, .T. ) ;
#451 = SURFACE_SIDE_STYLE ('',( #262 ) ) ;
#452 = VECTOR ( 'NONE', #936, 1000.000000000000114 ) ;
#453 = ORIENTED_EDGE ( 'NONE', *, *, #1421, .T. ) ;
#454 = PRODUCT ( 'phone stand', 'phone stand', '', ( #810 ) ) ;
#455 = CARTESIAN_POINT ( 'NONE',  ( -16.83117959525663565, 8.500000000000000000, -5.500000000000000000 ) ) ;
#456 = CARTESIAN_POINT ( 'NONE',  ( -39.27112922066469025, 15.32000000000000028, 22.96643748207468860 ) ) ;
#457 = DIRECTION ( 'NONE',  ( -0.3144068007316437319, 0.9118925889802460549, -0.2638186305335475379 ) ) ;
#458 = EDGE_CURVE ( 'NONE', #995, #1052, #1422, .T. ) ;
#459 = ADVANCED_FACE ( 'NONE', ( #1061, #1291 ), #188, .T. ) ;
#460 = EDGE_LOOP ( 'NONE', ( #1221, #947, #881, #224, #555, #21 ) ) ;
#461 = CARTESIAN_POINT ( 'NONE',  ( -35.54885668086634354, 3.229628651111494886, 53.52873184977734411 ) ) ;
#462 = ORIENTED_EDGE ( 'NONE', *, *, #1096, .T. ) ;
#463 = LINE ( 'NONE', #1162, #668 ) ;
#464 = CARTESIAN_POINT ( 'NONE',  ( -29.04931941253064309, 25.54139634863284058, 25.04190165182163952 ) ) ;
#465 = CARTESIAN_POINT ( 'NONE',  ( -28.66517596274505308, 26.86371786708195586, 25.36423627885589838 ) ) ;
#466 = EDGE_LOOP ( 'NONE', ( #26, #541, #1149, #342 ) ) ;
#467 = DIRECTION ( 'NONE',  ( -0.6985502505096996551, -0.4104289294907265129, -0.5861532575614778473 ) ) ;
#468 = ORIENTED_EDGE ( 'NONE', *, *, #776, .T. ) ;
#469 = CARTESIAN_POINT ( 'NONE',  ( -20.00000000000000000, 20.32000000000000384, 0.4196992691650608398 ) ) ;
#470 = FACE_OUTER_BOUND ( 'NONE', #466, .T. ) ;
#471 = ORIENTED_EDGE ( 'NONE', *, *, #1353, .T. ) ;
#472 = CARTESIAN_POINT ( 'NONE',  ( -29.52481909974768826, 26.77268313710502312, 29.86453919698200110 ) ) ;
#473 = EDGE_CURVE ( 'NONE', #1358, #88, #293, .T. ) ;
#474 = CARTESIAN_POINT ( 'NONE',  ( -48.33294770312667765, 25.54139634863284414, 48.02323494539109561 ) ) ;
#475 = ADVANCED_FACE ( 'NONE', ( #1055 ), #733, .F. ) ;
#476 = ORIENTED_EDGE ( 'NONE', *, *, #223, .T. ) ;
#477 = EDGE_CURVE ( 'NONE', #1294, #1161, #53, .T. ) ;
#478 = DIRECTION ( 'NONE',  ( -0.7660444431189821213, 0.000000000000000000, -0.6427876096865343669 ) ) ;
#479 = VECTOR ( 'NONE', #1320, 1000.000000000000000 ) ;
#480 = ORIENTED_EDGE ( 'NONE', *, *, #902, .F. ) ;
#481 = CARTESIAN_POINT ( 'NONE',  ( -20.00000000000000000, 20.32000000000000384, 23.03151919032720230 ) ) ;
#482 = VECTOR ( 'NONE', #1022, 1000.000000000000227 ) ;
#483 = DIRECTION ( 'NONE',  ( 0.3144068007316437319, -0.9118925889802461660, 0.2638186305335471493 ) ) ;
#484 = CARTESIAN_POINT ( 'NONE',  ( -28.28327496941166430, 25.54139634863284058, 25.68468926150817566 ) ) ;
#485 = VERTEX_POINT ( 'NONE', #628 ) ;
#486 = DIRECTION ( 'NONE',  ( 0.6427876096865343669, 2.775557561562890735E-17, -0.7660444431189821213 ) ) ;
#487 = ORIENTED_EDGE ( 'NONE', *, *, #375, .F. ) ;
#488 = VECTOR ( 'NONE', #1302, 1000.000000000000000 ) ;
#489 = CARTESIAN_POINT ( 'NONE',  ( -43.23256885027322483, 20.07004081476953417, 45.77592451302339072 ) ) ;
#490 = DIRECTION ( 'NONE',  ( -0.6427876096865345890, 0.000000000000000000, 0.7660444431189820103 ) ) ;
#491 = ORIENTED_EDGE ( 'NONE', *, *, #473, .T. ) ;
#492 = AXIS2_PLACEMENT_3D ( 'NONE', #274, #715, #1048 ) ;
#493 = CARTESIAN_POINT ( 'NONE',  ( -42.06866674891209357, 23.63247195245101295, 47.01251424089348063 ) ) ;
#494 = DIRECTION ( 'NONE',  ( 0.000000000000000000, 0.000000000000000000, -1.000000000000000000 ) ) ;
#495 = EDGE_CURVE ( 'NONE', #619, #1239, #748, .T. ) ;
#496 = CARTESIAN_POINT ( 'NONE',  ( 0.3450351917186813555, 0.2027233177146489929, -10.16000000000000547 ) ) ;
#497 = VECTOR ( 'NONE', #558, 1000.000000000000000 ) ;
#498 = ORIENTED_EDGE ( 'NONE', *, *, #389, .F. ) ;
#499 = CARTESIAN_POINT ( 'NONE',  ( -27.94281895947337091, 20.32000000002653906, 32.49740222059774197 ) ) ;
#500 = LINE ( 'NONE', #287, #1324 ) ;
#501 = DIRECTION ( 'NONE',  ( 0.6427876096865353661, 0.000000000000000000, -0.7660444431189813441 ) ) ;
#502 = AXIS2_PLACEMENT_3D ( 'NONE', #1278, #49, #703 ) ;
#503 = ADVANCED_FACE ( 'NONE', ( #288 ), #1082, .T. ) ;
#504 = EDGE_LOOP ( 'NONE', ( #63, #434, #448, #680, #1179, #1193, #1378 ) ) ;
#505 = PLANE ( 'NONE',  #1165 ) ;
#506 = CARTESIAN_POINT ( 'NONE',  ( -306458.1801463004667, 20.32000000002653906, -257066.8935749277007 ) ) ;
#507 = CARTESIAN_POINT ( 'NONE',  ( -20.00000000000000000, 0.000000000000000000, 10.16000000000000192 ) ) ;
#508 = DIRECTION ( 'NONE',  ( 0.6427876096865353661, 0.000000000000000000, -0.7660444431189813441 ) ) ;
#509 = ORIENTED_EDGE ( 'NONE', *, *, #534, .T. ) ;
#510 = CARTESIAN_POINT ( 'NONE',  ( -71.42300877492277777, 15.32000000000000028, 54.78459314056712515 ) ) ;
#511 = CYLINDRICAL_SURFACE ( 'NONE', #523, 0.9999999999999998890 ) ;
#512 = DIRECTION ( 'NONE',  ( 1.000000000000000000, 0.000000000000000000, 0.000000000000000000 ) ) ;
#513 = LINE ( 'NONE', #1189, #1159 ) ;
#514 = VECTOR ( 'NONE', #645, 1000.000000000000114 ) ;
#515 = EDGE_CURVE ( 'NONE', #1161, #1135, #526, .T. ) ;
#516 = ORIENTED_EDGE ( 'NONE', *, *, #271, .T. ) ;
#517 = DIRECTION ( 'NONE',  ( 0.000000000000000000, 0.000000000000000000, -1.000000000000000000 ) ) ;
#518 = EDGE_CURVE ( 'NONE', #659, #660, #925, .T. ) ;
#519 = ADVANCED_FACE ( 'NONE', ( #398 ), #208, .F. ) ;
#520 = DIRECTION ( 'NONE',  ( 0.000000000000000000, 0.000000000000000000, -1.000000000000000000 ) ) ;
#521 = CARTESIAN_POINT ( 'NONE',  ( -20.00000000000000355, 4.210174822657943849, -35.20941136582863606 ) ) ;
#522 = AXIS2_PLACEMENT_3D ( 'NONE', #140, #585, #907 ) ;
#523 = AXIS2_PLACEMENT_3D ( 'NONE', #950, #1419, #402 ) ;
#524 = ORIENTED_EDGE ( 'NONE', *, *, #818, .F. ) ;
#525 = LINE ( 'NONE', #964, #806 ) ;
#526 = LINE ( 'NONE', #507, #1128 ) ;
#527 = CARTESIAN_POINT ( 'NONE',  ( -46.44650689873681415, 20.07004081475136914, 49.60614672859235696 ) ) ;
#528 = VECTOR ( 'NONE', #207, 1000.000000000000000 ) ;
#529 = EDGE_LOOP ( 'NONE', ( #626, #285, #546, #631, #1027, #1456 ) ) ;
#530 = VERTEX_POINT ( 'NONE', #758 ) ;
#531 = DIRECTION ( 'NONE',  ( 0.3144068007316437874, -0.9118925889802462770, 0.2638186305335471493 ) ) ;
#532 = LINE ( 'NONE', #1348, #1398 ) ;
#533 = CYLINDRICAL_SURFACE ( 'NONE', #542, 5.000000000000001776 ) ;
#534 = EDGE_CURVE ( 'NONE', #351, #536, #1453, .T. ) ;
#535 = CARTESIAN_POINT ( 'NONE',  ( -48.01854090239503137, 24.62950375965260008, 48.28705357592463798 ) ) ;
#536 = VERTEX_POINT ( 'NONE', #1208 ) ;
#537 = LINE ( 'NONE', #95, #388 ) ;
#538 = ORIENTED_EDGE ( 'NONE', *, *, #284, .T. ) ;
#539 = DIRECTION ( 'NONE',  ( 1.000000000000000000, 0.000000000000000000, 0.000000000000000000 ) ) ;
#540 = LINE ( 'NONE', #1339, #334 ) ;
#541 = ORIENTED_EDGE ( 'NONE', *, *, #1372, .T. ) ;
#542 = AXIS2_PLACEMENT_3D ( 'NONE', #1307, #974, #854 ) ;
#543 = VERTEX_POINT ( 'NONE', #325 ) ;
#544 = ADVANCED_FACE ( 'NONE', ( #867 ), #83, .T. ) ;
#545 = EDGE_CURVE ( 'NONE', #43, #984, #99, .T. ) ;
#546 = ORIENTED_EDGE ( 'NONE', *, *, #61, .T. ) ;
#547 = EDGE_LOOP ( 'NONE', ( #172, #738, #197, #779 ) ) ;
#548 = CLOSED_SHELL ( 'NONE', ( #347, #162, #903, #269, #475, #544, #503, #1409, #446, #625, #737, #717, #60, #701, #129, #1420, #424, #519, #969, #988, #459, #178, #692, #357, #1037, #363, #1308, #427, #923, #638, #1263, #1094, #219, #328, #1374, #1080, #1039, #242, #1219, #200, #410, #295, #1230, #1402, #983, #924 ) ) ;
#549 = DIRECTION ( 'NONE',  ( 0.000000000000000000, 0.000000000000000000, -1.000000000000000000 ) ) ;
#550 = DIRECTION ( 'NONE',  ( -0.6427876096865345890, -1.734723475976807094E-16, 0.7660444431189820103 ) ) ;
#551 = DIRECTION ( 'NONE',  ( 0.9453854158307302136, 0.3259546218947619312, 0.000000000000000000 ) ) ;
#552 = FACE_OUTER_BOUND ( 'NONE', #1124, .T. ) ;
#553 = VERTEX_POINT ( 'NONE', #1202 ) ;
#554 = CIRCLE ( 'NONE', #80, 3.000000000000000444 ) ;
#555 = ORIENTED_EDGE ( 'NONE', *, *, #872, .F. ) ;
#556 = ORIENTED_EDGE ( 'NONE', *, *, #872, .T. ) ;
#557 = DIRECTION ( 'NONE',  ( -0.000000000000000000, 0.000000000000000000, 1.000000000000000000 ) ) ;
#558 = DIRECTION ( 'NONE',  ( -0.6427876096865345890, 0.000000000000000000, 0.7660444431189820103 ) ) ;
#559 = LINE ( 'NONE', #1016, #678 ) ;
#560 = CYLINDRICAL_SURFACE ( 'NONE', #179, 0.9999999999999998890 ) ;
#561 = VERTEX_POINT ( 'NONE', #1215 ) ;
#562 = ORIENTED_EDGE ( 'NONE', *, *, #1321, .F. ) ;
#563 = CARTESIAN_POINT ( 'NONE',  ( 3.747559633483887875, 2.408770792130082938, 3.859780474644219694 ) ) ;
#564 = ORIENTED_EDGE ( 'NONE', *, *, #1019, .T. ) ;
#565 = DIRECTION ( 'NONE',  ( 0.000000000000000000, 0.8191520442889929088, -0.5735764363510444941 ) ) ;
#566 = CARTESIAN_POINT ( 'NONE',  ( -20.00000000000000000, 0.000000000000000000, -10.16000000000000192 ) ) ;
#567 = EDGE_CURVE ( 'NONE', #226, #942, #532, .T. ) ;
#568 = EDGE_CURVE ( 'NONE', #775, #870, #639, .T. ) ;
#569 = VECTOR ( 'NONE', #633, 1000.000000000000000 ) ;
#570 =( BOUNDED_CURVE ( )  B_SPLINE_CURVE ( 3, ( #118, #243, #681, #1160 ),
 .UNSPECIFIED., .F., .F. ) 
 B_SPLINE_CURVE_WITH_KNOTS ( ( 4, 4 ),
 ( 4.800610786544646125, 6.283185307179585344 ),
 .UNSPECIFIED. ) 
 CURVE ( )  GEOMETRIC_REPRESENTATION_ITEM ( )  RATIONAL_B_SPLINE_CURVE ( ( 1.000000000000000000, 0.8250666420417003266, 0.8250666420417003266, 1.000000000000000000 ) ) 
 REPRESENTATION_ITEM ( '' )  );
#571 = CARTESIAN_POINT ( 'NONE',  ( -5.892659974693119196, -3.462196346650011414, -10.16000000000000369 ) ) ;
#572 = ORIENTED_EDGE ( 'NONE', *, *, #894, .F. ) ;
#573 = ORIENTED_EDGE ( 'NONE', *, *, #956, .F. ) ;
#574 = LINE ( 'NONE', #2, #1033 ) ;
#575 = VECTOR ( 'NONE', #267, 1000.000000000000114 ) ;
#576 = VECTOR ( 'NONE', #1248, 999.9999999999998863 ) ;
#577 = CARTESIAN_POINT ( 'NONE',  ( -20.00000000000000000, 20.32000000000000028, 10.16000000000000192 ) ) ;
#578 = DIRECTION ( 'NONE',  ( 0.000000000000000000, 0.8191520442889929088, -0.5735764363510444941 ) ) ;
#579 = FACE_OUTER_BOUND ( 'NONE', #900, .T. ) ;
#580 = CARTESIAN_POINT ( 'NONE',  ( -0.3521695019617701594, 20.32000000000000384, 0.4196992691650608398 ) ) ;
#581 = ORIENTED_EDGE ( 'NONE', *, *, #110, .F. ) ;
#582 = CARTESIAN_POINT ( 'NONE',  ( -28.95690402635181471, 23.63247195242341547, 31.38652391105855344 ) ) ;
#583 = PLANE ( 'NONE',  #1104 ) ;
#584 = FACE_OUTER_BOUND ( 'NONE', #431, .T. ) ;
#585 = DIRECTION ( 'NONE',  ( -0.3144068007316436764, 0.9118925889802461660, -0.2638186305335473159 ) ) ;
#586 = EDGE_CURVE ( 'NONE', #561, #332, #1004, .T. ) ;
#587 = VERTEX_POINT ( 'NONE', #654 ) ;
#588 = EDGE_CURVE ( 'NONE', #1011, #863, #1103, .T. ) ;
#589 = DIRECTION ( 'NONE',  ( -0.3144068007316407343, 0.9118925889802479423, -0.2638186305335450399 ) ) ;
#590 = EDGE_CURVE ( 'NONE', #1108, #3, #437, .T. ) ;
#591 = DIRECTION ( 'NONE',  ( 1.000000000000000000, 0.000000000000000000, 0.000000000000000000 ) ) ;
#592 = ORIENTED_EDGE ( 'NONE', *, *, #375, .T. ) ;
#593 = DIRECTION ( 'NONE',  ( 0.6427876096865344779, 0.000000000000000000, -0.7660444431189820103 ) ) ;
#594 = VECTOR ( 'NONE', #335, 1000.000000000000227 ) ;
#595 = CARTESIAN_POINT ( 'NONE',  ( -11.02506872653536973, 5.273166006501568859, -10.16000000000000192 ) ) ;
#596 = CARTESIAN_POINT ( 'NONE',  ( -29.17264212043761518, 25.18570054863740992, 30.55604818811281476 ) ) ;
#597 = ORIENTED_EDGE ( 'NONE', *, *, #1462, .T. ) ;
#598 = DIRECTION ( 'NONE',  ( -0.3144068007316437319, 0.9118925889802460549, -0.2638186305335475379 ) ) ;
#599 = ORIENTED_EDGE ( 'NONE', *, *, #1262, .T. ) ;
#600 = CARTESIAN_POINT ( 'NONE',  ( -17.91800947162046498, 0.000000000000000000, 1.746997484477839979 ) ) ;
#601 = EDGE_CURVE ( 'NONE', #782, #755, #343, .T. ) ;
#602 = ORIENTED_EDGE ( 'NONE', *, *, #1131, .T. ) ;
#603 = DIRECTION ( 'NONE',  ( 1.000000000000000000, -0.000000000000000000, 0.000000000000000000 ) ) ;
#604 = AXIS2_PLACEMENT_3D ( 'NONE', #1383, #691, #699 ) ;
#605 = DIRECTION ( 'NONE',  ( -0.7660444431189821213, 0.000000000000000000, -0.6427876096865344779 ) ) ;
#606 = CARTESIAN_POINT ( 'NONE',  ( 14.91949109625977066, 15.32000000000000384, -38.42358252937668084 ) ) ;
#607 = AXIS2_PLACEMENT_3D ( 'NONE', #121, #1448, #445 ) ;
#608 = ORIENTED_EDGE ( 'NONE', *, *, #389, .T. ) ;
#609 = CYLINDRICAL_SURFACE ( 'NONE', #1429, 0.9999999999999998890 ) ;
#610 = DIRECTION ( 'NONE',  ( -0.7660444431189802339, 0.000000000000000000, -0.6427876096865368094 ) ) ;
#611 = EDGE_CURVE ( 'NONE', #1338, #351, #664, .T. ) ;
#612 = EDGE_CURVE ( 'NONE', #1220, #485, #540, .T. ) ;
#613 = ORIENTED_EDGE ( 'NONE', *, *, #1372, .F. ) ;
#614 = LINE ( 'NONE', #1281, #282 ) ;
#615 = CARTESIAN_POINT ( 'NONE',  ( 0.000000000000000000, 0.000000000000000000, 10.16000000000000192 ) ) ;
#616 = CARTESIAN_POINT ( 'NONE',  ( 3.747559633483887875, 2.408770792130082938, 3.859780474644219694 ) ) ;
#617 = FACE_OUTER_BOUND ( 'NONE', #1242, .T. ) ;
#618 = EDGE_CURVE ( 'NONE', #1294, #1153, #4, .T. ) ;
#619 = VERTEX_POINT ( 'NONE', #422 ) ;
#620 = CARTESIAN_POINT ( 'NONE',  ( -71.42300877492277777, 77.66064310022950679, 21.13320490494545467 ) ) ;
#621 = DIRECTION ( 'NONE',  ( -0.6427876096865345890, 0.000000000000000000, 0.7660444431189820103 ) ) ;
#622 = CARTESIAN_POINT ( 'NONE',  ( -17.60138191581287259, 9.810884748390703791, -5.499999999999999112 ) ) ;
#623 = AXIS2_PLACEMENT_3D ( 'NONE', #1323, #435, #539 ) ;
#624 = CARTESIAN_POINT ( 'NONE',  ( -20.00000000000000355, 27.68457572608526363, 17.87478775120607111 ) ) ;
#625 = ADVANCED_FACE ( 'NONE', ( #997 ), #884, .T. ) ;
#626 = ORIENTED_EDGE ( 'NONE', *, *, #190, .T. ) ;
#627 = LINE ( 'NONE', #280, #786 ) ;
#628 = CARTESIAN_POINT ( 'NONE',  ( -42.05770033695443999, 20.32000000002653906, 46.76175624928191610 ) ) ;
#629 = CARTESIAN_POINT ( 'NONE',  ( -25.17242471020408345, 28.91586251455743195, 28.29500256665696867 ) ) ;
#630 = EDGE_LOOP ( 'NONE', ( #1249, #16, #857, #999 ) ) ;
#631 = ORIENTED_EDGE ( 'NONE', *, *, #47, .F. ) ;
#632 = CARTESIAN_POINT ( 'NONE',  ( -29.58494498862609134, 26.37419681610338174, 28.55882119719051104 ) ) ;
#633 = DIRECTION ( 'NONE',  ( 0.000000000000000000, -1.000000000000000000, 0.000000000000000000 ) ) ;
#634 = DIRECTION ( 'NONE',  ( 1.000000000000000000, 2.698750644591254685E-16, -1.686719152869534424E-16 ) ) ;
#635 = CIRCLE ( 'NONE', #297, 4.999999999999997335 ) ;
#636 = ORIENTED_EDGE ( 'NONE', *, *, #1240, .T. ) ;
#637 = CARTESIAN_POINT ( 'NONE',  ( -45.16489208082833073, 77.66064310022952100, -10.15999999999999837 ) ) ;
#638 = ADVANCED_FACE ( 'NONE', ( #444 ), #783, .F. ) ;
#639 = LINE ( 'NONE', #1225, #953 ) ;
#640 = CARTESIAN_POINT ( 'NONE',  ( -1.713706659315447612E-15, -1.200000000000000030E-05, -10.16000000000000547 ) ) ;
#641 = AXIS2_PLACEMENT_3D ( 'NONE', #311, #1199, #987 ) ;
#642 = DIRECTION ( 'NONE',  ( 0.3144068007316436764, -0.9118925889802461660, 0.2638186305335473159 ) ) ;
#643 = ORIENTED_EDGE ( 'NONE', *, *, #1176, .T. ) ;
#644 = DIRECTION ( 'NONE',  ( 0.000000000000000000, -0.000000000000000000, -1.000000000000000000 ) ) ;
#645 = DIRECTION ( 'NONE',  ( 0.000000000000000000, -0.2779120081628889127, -0.9606065353300852205 ) ) ;
#646 = CARTESIAN_POINT ( 'NONE',  ( 0.000000000000000000, 0.000000000000000000, -10.16000000000000192 ) ) ;
#647 = EDGE_CURVE ( 'NONE', #348, #833, #674, .T. ) ;
#648 = ORIENTED_EDGE ( 'NONE', *, *, #757, .F. ) ;
#649 = ORIENTED_EDGE ( 'NONE', *, *, #856, .F. ) ;
#650 = DIRECTION ( 'NONE',  ( 1.000000000000000000, 0.000000000000000000, 0.000000000000000000 ) ) ;
#651 = ORIENTED_EDGE ( 'NONE', *, *, #568, .F. ) ;
#652 = LINE ( 'NONE', #76, #1185 ) ;
#653 = ORIENTED_EDGE ( 'NONE', *, *, #477, .T. ) ;
#654 = CARTESIAN_POINT ( 'NONE',  ( -37.71195073223766059, 15.32000000000000028, 24.30012735314907601 ) ) ;
#655 =( LENGTH_UNIT ( ) NAMED_UNIT ( * ) SI_UNIT ( .MILLI., .METRE. ) );
#656 = FACE_OUTER_BOUND ( 'NONE', #933, .T. ) ;
#657 = ORIENTED_EDGE ( 'NONE', *, *, #719, .T. ) ;
#658 = VECTOR ( 'NONE', #746, 1000.000000000000114 ) ;
#659 = VERTEX_POINT ( 'NONE', #455 ) ;
#660 = VERTEX_POINT ( 'NONE', #751 ) ;
#661 = AXIS2_PLACEMENT_3D ( 'NONE', #696, #589, #369 ) ;
#662 = LINE ( 'NONE', #421, #528 ) ;
#663 = ORIENTED_EDGE ( 'NONE', *, *, #518, .T. ) ;
#664 = LINE ( 'NONE', #1086, #514 ) ;
#665 = CARTESIAN_POINT ( 'NONE',  ( -38.73591337555105696, 15.32000000000000028, 23.44092067674861113 ) ) ;
#666 = CARTESIAN_POINT ( 'NONE',  ( -11.73648177666942516, 20.32000000000000028, -9.848077530122059997 ) ) ;
#667 = ORIENTED_EDGE ( 'NONE', *, *, #618, .T. ) ;
#668 = VECTOR ( 'NONE', #906, 1000.000000000000227 ) ;
#669 = ORIENTED_EDGE ( 'NONE', *, *, #377, .F. ) ;
#670 = ORIENTED_EDGE ( 'NONE', *, *, #757, .T. ) ;
#671 = EDGE_CURVE ( 'NONE', #869, #1269, #149, .T. ) ;
#672 = CARTESIAN_POINT ( 'NONE',  ( 0.000000000000000000, 15.32000000000000028, 0.000000000000000000 ) ) ;
#673 = ORIENTED_EDGE ( 'NONE', *, *, #611, .F. ) ;
#674 = LINE ( 'NONE', #1121, #766 ) ;
#675 = CARTESIAN_POINT ( 'NONE',  ( -20.00000000000000000, 20.32000000000000028, -10.00000000000000000 ) ) ;
#676 = DIRECTION ( 'NONE',  ( -0.5065771783174921605, 0.8621946197975767223, 8.544534290747192673E-17 ) ) ;
#677 = EDGE_LOOP ( 'NONE', ( #971, #880 ) ) ;
#678 = VECTOR ( 'NONE', #218, 1000.000000000000114 ) ;
#679 = ORIENTED_EDGE ( 'NONE', *, *, #1063, .F. ) ;
#680 = ORIENTED_EDGE ( 'NONE', *, *, #865, .T. ) ;
#681 = CARTESIAN_POINT ( 'NONE',  ( -37.82322370756891416, 20.32000000000000028, 21.24089088510581647 ) ) ;
#682 = VERTEX_POINT ( 'NONE', #1252 ) ;
#683 = PLANE ( 'NONE',  #1264 ) ;
#684 = DIRECTION ( 'NONE',  ( -0.3144068007316416224, 0.9118925889802472762, -0.2638186305335456505 ) ) ;
#685 = CARTESIAN_POINT ( 'NONE',  ( 5.144660134503244109, 3.229628651111487336, 5.032086989767134533 ) ) ;
#686 = CARTESIAN_POINT ( 'NONE',  ( -5.068280449010980071, 25.54139634863284058, -3.537587687095010924 ) ) ;
#687 = ORIENTED_EDGE ( 'NONE', *, *, #773, .T. ) ;
#688 = ORIENTED_EDGE ( 'NONE', *, *, #160, .F. ) ;
#689 = AXIS2_PLACEMENT_3D ( 'NONE', #1105, #899, #1455 ) ;
#690 = ORIENTED_EDGE ( 'NONE', *, *, #1331, .F. ) ;
#691 = DIRECTION ( 'NONE',  ( -1.000000000000000000, 0.000000000000000000, -0.000000000000000000 ) ) ;
#692 = ADVANCED_FACE ( 'NONE', ( #1274, #1031 ), #683, .F. ) ;
#693 = CARTESIAN_POINT ( 'NONE',  ( -51.87009238424536051, 15.32000000000000028, 38.53664845075894618 ) ) ;
#694 = EDGE_CURVE ( 'NONE', #112, #368, #802, .T. ) ;
#695 = ORIENTED_EDGE ( 'NONE', *, *, #378, .F. ) ;
#696 = CARTESIAN_POINT ( 'NONE',  ( -25.17242471020408345, 28.91586251455743195, 28.29500256665696867 ) ) ;
#697 = FACE_OUTER_BOUND ( 'NONE', #1273, .T. ) ;
#698 = ORIENTED_EDGE ( 'NONE', *, *, #1190, .T. ) ;
#699 = DIRECTION ( 'NONE',  ( 0.000000000000000000, 0.000000000000000000, -1.000000000000000000 ) ) ;
#700 = FACE_OUTER_BOUND ( 'NONE', #1095, .T. ) ;
#701 = ADVANCED_FACE ( 'NONE', ( #273 ), #259, .F. ) ;
#702 = ORIENTED_EDGE ( 'NONE', *, *, #792, .T. ) ;
#703 = DIRECTION ( 'NONE',  ( 0.000000000000000000, -0.000000000000000000, -1.000000000000000000 ) ) ;
#704 = ORIENTED_EDGE ( 'NONE', *, *, #1056, .T. ) ;
#705 = CARTESIAN_POINT ( 'NONE',  ( -20.00000000000000000, 25.54139634863284058, 15.81306655826600682 ) ) ;
#706 = ORIENTED_EDGE ( 'NONE', *, *, #253, .F. ) ;
#707 = VECTOR ( 'NONE', #973, 1000.000000000000000 ) ;
#708 = LINE ( 'NONE', #489, #130 ) ;
#709 = EDGE_CURVE ( 'NONE', #1120, #485, #892, .T. ) ;
#710 = CARTESIAN_POINT ( 'NONE',  ( -20.00000000000000000, 8.500000000000000000, 5.500000000000000000 ) ) ;
#711 = CARTESIAN_POINT ( 'NONE',  ( -4.302236005891997728, 25.54139634863284058, -2.894800077408476557 ) ) ;
#712 = VERTEX_POINT ( 'NONE', #577 ) ;
#713 = LINE ( 'NONE', #1047, #205 ) ;
#714 = AXIS2_PLACEMENT_3D ( 'NONE', #464, #20, #930 ) ;
#715 = DIRECTION ( 'NONE',  ( -0.7660444431189820103, 0.000000000000000000, -0.6427876096865345890 ) ) ;
#716 = DIRECTION ( 'NONE',  ( 0.000000000000000000, -0.8191520442889904663, 0.5735764363510481578 ) ) ;
#717 = ADVANCED_FACE ( 'NONE', ( #584 ), #163, .F. ) ;
#718 = EDGE_LOOP ( 'NONE', ( #1390, #426, #167, #117, #390, #1115, #468, #765, #1328, #1229 ) ) ;
#719 = EDGE_CURVE ( 'NONE', #263, #1363, #713, .T. ) ;
#720 = CARTESIAN_POINT ( 'NONE',  ( -20.00000000000000000, 8.500000000000000000, -5.500000000000000000 ) ) ;
#721 = VECTOR ( 'NONE', #750, 999.9999999999998863 ) ;
#722 = ORIENTED_EDGE ( 'NONE', *, *, #25, .F. ) ;
#723 = CARTESIAN_POINT ( 'NONE',  ( -42.27431197795964124, 24.02297950536647164, 46.98415634913153127 ) ) ;
#724 = CARTESIAN_POINT ( 'NONE',  ( -4.753873648279338227, 24.62950375965259653, -3.273769056561468993 ) ) ;
#725 = EDGE_CURVE ( 'NONE', #833, #659, #1127, .T. ) ;
#726 = DIRECTION ( 'NONE',  ( 0.6985502505096998771, 0.4104289294907237928, 0.5861532575614796237 ) ) ;
#727 = LINE ( 'NONE', #1298, #479 ) ;
#728 = EDGE_LOOP ( 'NONE', ( #564, #1198, #441, #573, #1445 ) ) ;
#729 = AXIS2_PLACEMENT_3D ( 'NONE', #281, #745, #1195 ) ;
#730 = DIRECTION ( 'NONE',  ( 1.000000000000000000, 2.096595511224979460E-48, 0.000000000000000000 ) ) ;
#731 = LINE ( 'NONE', #835, #910 ) ;
#732 = VECTOR ( 'NONE', #42, 1000.000000000000114 ) ;
#733 = CYLINDRICAL_SURFACE ( 'NONE', #312, 5.500000000000000000 ) ;
#734 = EDGE_CURVE ( 'NONE', #1267, #112, #463, .T. ) ;
#735 = CARTESIAN_POINT ( 'NONE',  ( -19.99999999999999645, 77.66064310022952100, -10.16000000000000192 ) ) ;
#736 = EDGE_CURVE ( 'NONE', #984, #106, #895, .T. ) ;
#737 = ADVANCED_FACE ( 'NONE', ( #147 ), #1040, .T. ) ;
#738 = ORIENTED_EDGE ( 'NONE', *, *, #1056, .F. ) ;
#739 = CARTESIAN_POINT ( 'NONE',  ( -0.3521695019617701594, 20.32000000000000384, 61.28355544951856615 ) ) ;
#740 = PLANE ( 'NONE',  #171 ) ;
#741 = CIRCLE ( 'NONE', #917, 5.000000000000002665 ) ;
#742 = ORIENTED_EDGE ( 'NONE', *, *, #108, .T. ) ;
#743 = ORIENTED_EDGE ( 'NONE', *, *, #1306, .T. ) ;
#744 = CARTESIAN_POINT ( 'NONE',  ( -68.74473160757237622, 15.32000000000000028, 61.28355544951855904 ) ) ;
#745 = DIRECTION ( 'NONE',  ( 1.000000000000000000, -0.000000000000000000, 0.000000000000000000 ) ) ;
#746 = DIRECTION ( 'NONE',  ( 0.6985502505097005432, 0.4104289294907234042, 0.5861532575614788465 ) ) ;
#747 = EDGE_CURVE ( 'NONE', #928, #346, #1236, .T. ) ;
#748 = CIRCLE ( 'NONE', #193, 0.9999999999999990008 ) ;
#749 = EDGE_LOOP ( 'NONE', ( #358, #364, #977, #761 ) ) ;
#750 = DIRECTION ( 'NONE',  ( -0.6427876096865345890, 0.000000000000000000, 0.7660444431189820103 ) ) ;
#751 = CARTESIAN_POINT ( 'NONE',  ( -20.00000000000000000, 12.04456603950414539, -4.205478758904139802 ) ) ;
#752 = CARTESIAN_POINT ( 'NONE',  ( -47.56690326000769176, 25.54139634863284414, 48.66602255507763175 ) ) ;
#753 = VECTOR ( 'NONE', #1139, 1000.000000000000000 ) ;
#754 = CIRCLE ( 'NONE', #134, 5.999999999999998224 ) ;
#755 = VERTEX_POINT ( 'NONE', #1375 ) ;
#756 = EDGE_CURVE ( 'NONE', #908, #995, #283, .T. ) ;
#757 = EDGE_CURVE ( 'NONE', #981, #587, #372, .T. ) ;
#758 = CARTESIAN_POINT ( 'NONE',  ( -40.79857115317239646, 20.32000000000000384, 47.81829108294702024 ) ) ;
#759 = FACE_OUTER_BOUND ( 'NONE', #180, .T. ) ;
#760 = EDGE_LOOP ( 'NONE', ( #373, #406, #1167, #433 ) ) ;
#761 = ORIENTED_EDGE ( 'NONE', *, *, #776, .F. ) ;
#762 = CARTESIAN_POINT ( 'NONE',  ( -7.926852273966418672, 0.000000000000000000, -10.16000000000000192 ) ) ;
#763 = DIRECTION ( 'NONE',  ( 1.000000000000000000, 0.000000000000000000, 0.000000000000000000 ) ) ;
#764 = FACE_OUTER_BOUND ( 'NONE', #804, .T. ) ;
#765 = ORIENTED_EDGE ( 'NONE', *, *, #1465, .F. ) ;
#766 = VECTOR ( 'NONE', #565, 1000.000000000000000 ) ;
#767 = ORIENTED_EDGE ( 'NONE', *, *, #1191, .T. ) ;
#768 = ORIENTED_EDGE ( 'NONE', *, *, #736, .F. ) ;
#769 = CARTESIAN_POINT ( 'NONE',  ( -48.33294770312667055, 25.54139634863284414, 48.02323494539108140 ) ) ;
#770 = EDGE_LOOP ( 'NONE', ( #142, #820, #896, #690 ) ) ;
#771 = DIRECTION ( 'NONE',  ( -0.6427876096865343669, 4.556676474928594371E-17, 0.7660444431189821213 ) ) ;
#772 =( NAMED_UNIT ( * ) PLANE_ANGLE_UNIT ( ) SI_UNIT ( $, .RADIAN. ) );
#773 = EDGE_CURVE ( 'NONE', #1265, #1451, #741, .T. ) ;
#774 = CARTESIAN_POINT ( 'NONE',  ( -52.30637884800754023, 18.29996115496521369, 38.50124305582308182 ) ) ;
#775 = VERTEX_POINT ( 'NONE', #381 ) ;
#776 = EDGE_CURVE ( 'NONE', #310, #360, #1023, .T. ) ;
#777 = EDGE_CURVE ( 'NONE', #1120, #682, #816, .T. ) ;
#778 =( GEOMETRIC_REPRESENTATION_CONTEXT ( 3 ) GLOBAL_UNCERTAINTY_ASSIGNED_CONTEXT ( ( #449 ) ) GLOBAL_UNIT_ASSIGNED_CONTEXT ( ( #1013, #257, #136 ) ) REPRESENTATION_CONTEXT ( 'NONE', 'WORKASPACE' ) );
#779 = ORIENTED_EDGE ( 'NONE', *, *, #46, .F. ) ;
#780 = AXIS2_PLACEMENT_3D ( 'NONE', #7, #784, #247 ) ;
#781 = CARTESIAN_POINT ( 'NONE',  ( -28.35076916202093855, 25.95182527812357165, 25.62805490938311337 ) ) ;
#782 = VERTEX_POINT ( 'NONE', #1053 ) ;
#783 = PLANE ( 'NONE',  #1416 ) ;
#784 = DIRECTION ( 'NONE',  ( -0.3144068007316407343, 0.9118925889802478313, -0.2638186305335449844 ) ) ;
#785 = VERTEX_POINT ( 'NONE', #305 ) ;
#786 = VECTOR ( 'NONE', #1073, 1000.000000000000000 ) ;
#787 = ORIENTED_EDGE ( 'NONE', *, *, #1166, .T. ) ;
#788 = ORIENTED_EDGE ( 'NONE', *, *, #141, .T. ) ;
#789 = CARTESIAN_POINT ( 'NONE',  ( -20.00000000000000000, 24.62950375965260008, 14.89585679624712711 ) ) ;
#790 = LINE ( 'NONE', #1216, #1146 ) ;
#791 = ORIENTED_EDGE ( 'NONE', *, *, #671, .T. ) ;
#792 = EDGE_CURVE ( 'NONE', #346, #928, #554, .T. ) ;
#793 = CARTESIAN_POINT ( 'NONE',  ( -20.00000000000000000, 15.32000000000000206, -6.498962308951414357 ) ) ;
#794 = ORIENTED_EDGE ( 'NONE', *, *, #586, .T. ) ;
#795 = DIRECTION ( 'NONE',  ( 0.000000000000000000, 0.000000000000000000, -1.000000000000000000 ) ) ;
#796 = CARTESIAN_POINT ( 'NONE',  ( 0.000000000000000000, 8.500000000000000000, -3.000000000000000444 ) ) ;
#797 = UNCERTAINTY_MEASURE_WITH_UNIT (LENGTH_MEASURE( 1.000000000000000082E-05 ), #655, 'distance_accuracy_value', 'NONE');
#798 = VERTEX_POINT ( 'NONE', #744 ) ;
#799 = DIRECTION ( 'NONE',  ( 1.000000000000000000, 0.000000000000000000, 0.000000000000000000 ) ) ;
#800 = VECTOR ( 'NONE', #1050, 1000.000000000000000 ) ;
#801 = ORIENTED_EDGE ( 'NONE', *, *, #719, .F. ) ;
#802 = LINE ( 'NONE', #469, #1087 ) ;
#803 = DIRECTION ( 'NONE',  ( 1.000000000000000000, 0.000000000000000000, 0.000000000000000000 ) ) ;
#804 = EDGE_LOOP ( 'NONE', ( #81, #1301, #1137, #244 ) ) ;
#805 = DIRECTION ( 'NONE',  ( -0.7660444431189826764, -1.156482317317871133E-15, -0.6427876096865337008 ) ) ;
#806 = VECTOR ( 'NONE', #871, 1000.000000000000114 ) ;
#807 = CARTESIAN_POINT ( 'NONE',  ( -43.66614651285144788, 26.77268313710504799, 46.71751694559957713 ) ) ;
#808 = ORIENTED_EDGE ( 'NONE', *, *, #411, .T. ) ;
#809 = CARTESIAN_POINT ( 'NONE',  ( -2.000000000000000000, 0.000000000000000000, 0.000000000000000000 ) ) ;
#810 = PRODUCT_CONTEXT ( 'NONE', #1400, 'mechanical' ) ;
#811 = ORIENTED_EDGE ( 'NONE', *, *, #956, .T. ) ;
#812 = PLANE ( 'NONE',  #935 ) ;
#813 = CARTESIAN_POINT ( 'NONE',  ( -0.7478419474893777119, 20.32000000000000384, 0.08769066605583686336 ) ) ;
#814 = CARTESIAN_POINT ( 'NONE',  ( -8.155052533215238597, 22.63116189701331393, -6.127697004479099263 ) ) ;
#815 = ORIENTED_EDGE ( 'NONE', *, *, #1207, .F. ) ;
#816 = LINE ( 'NONE', #739, #991 ) ;
#817 = DIRECTION ( 'NONE',  ( -0.7660444431189825654, 0.000000000000000000, -0.6427876096865340338 ) ) ;
#818 = EDGE_CURVE ( 'NONE', #1358, #908, #821, .T. ) ;
#819 = LINE ( 'NONE', #1369, #482 ) ;
#820 = ORIENTED_EDGE ( 'NONE', *, *, #25, .T. ) ;
#821 = LINE ( 'NONE', #401, #394 ) ;
#822 = CIRCLE ( 'NONE', #841, 5.000000000000002665 ) ;
#823 = CIRCLE ( 'NONE', #1012, 5.000000000000001776 ) ;
#824 = DIRECTION ( 'NONE',  ( 0.000000000000000000, -0.8191520442889929088, 0.5735764363510444941 ) ) ;
#825 = CARTESIAN_POINT ( 'NONE',  ( -1.999999999999998224, 8.500000000000000000, -5.500000000000000000 ) ) ;
#826 = ORIENTED_EDGE ( 'NONE', *, *, #612, .F. ) ;
#827 = DIRECTION ( 'NONE',  ( -0.3144068007316515589, 0.9118925889802416140, -0.2638186305335538107 ) ) ;
#828 = CARTESIAN_POINT ( 'NONE',  ( -3.287036498213512292, 27.68457572608526363, -2.042946544944135301 ) ) ;
#829 = AXIS2_PLACEMENT_3D ( 'NONE', #1085, #557, #1461 ) ;
#830 = PLANE ( 'NONE',  #225 ) ;
#831 = CARTESIAN_POINT ( 'NONE',  ( -20.00000000000000355, 17.33594875622066667, 10.15999999999999481 ) ) ;
#832 = EDGE_CURVE ( 'NONE', #963, #3, #614, .T. ) ;
#833 = VERTEX_POINT ( 'NONE', #192 ) ;
#834 = CARTESIAN_POINT ( 'NONE',  ( -20.00000000000000000, 20.32000000000000028, 0.000000000000000000 ) ) ;
#835 = CARTESIAN_POINT ( 'NONE',  ( -20.00000000000000000, 20.32000000000000028, 0.000000000000000000 ) ) ;
#836 = DIRECTION ( 'NONE',  ( 1.000000000000000000, -0.000000000000000000, 0.000000000000000000 ) ) ;
#837 = CARTESIAN_POINT ( 'NONE',  ( -58.26928651468951870, 25.95182527812358586, 61.28355544951856615 ) ) ;
#838 = ORIENTED_EDGE ( 'NONE', *, *, #832, .F. ) ;
#839 = DIRECTION ( 'NONE',  ( 1.000000000000000000, -0.000000000000000000, 0.000000000000000000 ) ) ;
#840 = LINE ( 'NONE', #397, #316 ) ;
#841 = AXIS2_PLACEMENT_3D ( 'NONE', #629, #72, #1428 ) ;
#842 = DIRECTION ( 'NONE',  ( 1.000000000000000000, -0.000000000000000000, 0.000000000000000000 ) ) ;
#843 = CARTESIAN_POINT ( 'NONE',  ( -7.303881320189719695, 36.50387780154019168, 61.28355544951856615 ) ) ;
#844 = VECTOR ( 'NONE', #642, 1000.000000000000000 ) ;
#845 = ORIENTED_EDGE ( 'NONE', *, *, #1277, .F. ) ;
#846 = DIRECTION ( 'NONE',  ( -1.000000000000000000, 0.000000000000000000, 0.000000000000000000 ) ) ;
#847 = DIRECTION ( 'NONE',  ( 0.6427876096865342559, 0.000000000000000000, -0.7660444431189823433 ) ) ;
#848 = AXIS2_PLACEMENT_3D ( 'NONE', #1397, #839, #517 ) ;
#849 = CARTESIAN_POINT ( 'NONE',  ( -20.00000000000000000, 1.986612239881659248, 2.837176310556490666 ) ) ;
#850 = EDGE_CURVE ( 'NONE', #1066, #619, #350, .T. ) ;
#851 = ORIENTED_EDGE ( 'NONE', *, *, #756, .F. ) ;
#852 = FACE_OUTER_BOUND ( 'NONE', #460, .T. ) ;
#853 = PLANE ( 'NONE',  #296 ) ;
#854 = DIRECTION ( 'NONE',  ( -0.9453854158307292144, -0.3259546218947645957, 0.000000000000000000 ) ) ;
#855 = CARTESIAN_POINT ( 'NONE',  ( -32.26325746096331670, 25.54139634863284058, 28.87212386741655479 ) ) ;
#856 = EDGE_CURVE ( 'NONE', #1267, #919, #1067, .T. ) ;
#857 = ORIENTED_EDGE ( 'NONE', *, *, #324, .T. ) ;
#858 = DIRECTION ( 'NONE',  ( 0.9453854158307292144, 0.3259546218947647622, 0.000000000000000000 ) ) ;
#859 = DIRECTION ( 'NONE',  ( 2.698750644591254685E-16, -1.000000000000000000, 0.000000000000000000 ) ) ;
#860 = APPLICATION_PROTOCOL_DEFINITION ( 'draft international standard', 'automotive_design', 1998, #1400 ) ;
#861 = DIRECTION ( 'NONE',  ( -0.6427876096865345890, -0.000000000000000000, 0.7660444431189820103 ) ) ;
#862 = ORIENTED_EDGE ( 'NONE', *, *, #77, .F. ) ;
#863 = VERTEX_POINT ( 'NONE', #620 ) ;
#864 = ORIENTED_EDGE ( 'NONE', *, *, #1434, .F. ) ;
#865 = EDGE_CURVE ( 'NONE', #863, #1100, #627, .T. ) ;
#866 = CARTESIAN_POINT ( 'NONE',  ( -20.00000000000000000, 25.82230395576596393, 15.76668756589328169 ) ) ;
#867 = FACE_OUTER_BOUND ( 'NONE', #221, .T. ) ;
#868 = DIRECTION ( 'NONE',  ( -0.9453854158307304356, -0.3259546218947614316, 0.000000000000000000 ) ) ;
#869 = VERTEX_POINT ( 'NONE', #632 ) ;
#870 = VERTEX_POINT ( 'NONE', #510 ) ;
#871 = DIRECTION ( 'NONE',  ( 0.000000000000000000, 0.8191520442889924647, -0.5735764363510451602 ) ) ;
#872 = EDGE_CURVE ( 'NONE', #1014, #1066, #1025, .T. ) ;
#873 = ORIENTED_EDGE ( 'NONE', *, *, #941, .T. ) ;
#874 = DIRECTION ( 'NONE',  ( -0.9453854158307304356, -0.3259546218947614871, 6.389335247025928799E-33 ) ) ;
#875 = AXIS2_PLACEMENT_3D ( 'NONE', #1005, #1226, #551 ) ;
#876 = CARTESIAN_POINT ( 'NONE',  ( -21.46765515664091595, 2.831142330109875260, 35.37003610136827092 ) ) ;
#877 = EDGE_CURVE ( 'NONE', #125, #912, #40, .T. ) ;
#878 = DIRECTION ( 'NONE',  ( -0.6427876096865345890, 2.767432619235504846E-17, 0.7660444431189821213 ) ) ;
#879 = ORIENTED_EDGE ( 'NONE', *, *, #1443, .T. ) ;
#880 = ORIENTED_EDGE ( 'NONE', *, *, #877, .T. ) ;
#881 = ORIENTED_EDGE ( 'NONE', *, *, #495, .F. ) ;
#882 = FACE_OUTER_BOUND ( 'NONE', #10, .T. ) ;
#883 = ORIENTED_EDGE ( 'NONE', *, *, #948, .F. ) ;
#884 = PLANE ( 'NONE',  #68 ) ;
#885 = DIRECTION ( 'NONE',  ( 0.7660444431189821213, 0.000000000000000000, 0.6427876096865345890 ) ) ;
#886 = ORIENTED_EDGE ( 'NONE', *, *, #612, .T. ) ;
#887 = AXIS2_PLACEMENT_3D ( 'NONE', #1156, #1376, #817 ) ;
#888 = VECTOR ( 'NONE', #392, 1000.000000000000000 ) ;
#889 = ORIENTED_EDGE ( 'NONE', *, *, #1370, .T. ) ;
#890 = CARTESIAN_POINT ( 'NONE',  ( 14.91949109625977066, 15.32000000000000384, -38.42358252937668084 ) ) ;
#891 = ORIENTED_EDGE ( 'NONE', *, *, #1191, .F. ) ;
#892 = LINE ( 'NONE', #1365, #165 ) ;
#893 = DIRECTION ( 'NONE',  ( 0.7660444431189821213, 0.000000000000000000, 0.6427876096865345890 ) ) ;
#894 = EDGE_CURVE ( 'NONE', #659, #106, #1058, .T. ) ;
#895 = CIRCLE ( 'NONE', #604, 5.500000000000000000 ) ;
#896 = ORIENTED_EDGE ( 'NONE', *, *, #747, .T. ) ;
#897 = CARTESIAN_POINT ( 'NONE',  ( 5.144660134503244109, 3.229628651111487336, 5.032086989767134533 ) ) ;
#898 = DIRECTION ( 'NONE',  ( 0.000000000000000000, 0.000000000000000000, -1.000000000000000000 ) ) ;
#899 = DIRECTION ( 'NONE',  ( 1.000000000000000000, 0.000000000000000000, 0.000000000000000000 ) ) ;
#900 = EDGE_LOOP ( 'NONE', ( #556, #704, #643, #815, #862, #1116 ) ) ;
#901 = CARTESIAN_POINT ( 'NONE',  ( -29.02054101728936431, 24.02297950534246240, 31.18892719134852953 ) ) ;
#902 = EDGE_CURVE ( 'NONE', #712, #1294, #168, .T. ) ;
#903 = ADVANCED_FACE ( 'NONE', ( #1187 ), #609, .F. ) ;
#904 = EDGE_LOOP ( 'NONE', ( #592, #651, #450, #135, #28 ) ) ;
#905 = DIRECTION ( 'NONE',  ( 1.000000000000000000, 0.000000000000000000, 0.000000000000000000 ) ) ;
#906 = DIRECTION ( 'NONE',  ( 0.6427876096865344779, 0.000000000000000000, -0.7660444431189820103 ) ) ;
#907 = DIRECTION ( 'NONE',  ( -0.9453854158307292144, -0.3259546218947645957, 0.000000000000000000 ) ) ;
#908 = VERTEX_POINT ( 'NONE', #407 ) ;
#909 = CARTESIAN_POINT ( 'NONE',  ( -71.42300877492277777, 77.66064310022950679, 21.13320490494545112 ) ) ;
#910 = VECTOR ( 'NONE', #57, 1000.000000000000114 ) ;
#911 = DIRECTION ( 'NONE',  ( 0.3144068007316412339, -0.9118925889802476092, 0.2638186305335454285 ) ) ;
#912 = VERTEX_POINT ( 'NONE', #1171 ) ;
#913 = CARTESIAN_POINT ( 'NONE',  ( -20.00000000000000000, 3.335829658527388109, 1.892444103336907268 ) ) ;
#914 = ORIENTED_EDGE ( 'NONE', *, *, #458, .F. ) ;
#915 = CARTESIAN_POINT ( 'NONE',  ( -71.42300877492277777, 77.66064310022950679, 11.13320490494545112 ) ) ;
#916 = LINE ( 'NONE', #1142, #32 ) ;
#917 = AXIS2_PLACEMENT_3D ( 'NONE', #1259, #920, #1391 ) ;
#918 = LINE ( 'NONE', #144, #30 ) ;
#919 = VERTEX_POINT ( 'NONE', #499 ) ;
#920 = DIRECTION ( 'NONE',  ( -0.3144068007316407343, 0.9118925889802479423, -0.2638186305335450399 ) ) ;
#921 = ORIENTED_EDGE ( 'NONE', *, *, #894, .T. ) ;
#922 = CARTESIAN_POINT ( 'NONE',  ( -51.31714077654032735, 15.32000000000000028, 38.99216319146656673 ) ) ;
#923 = ADVANCED_FACE ( 'NONE', ( #934 ), #505, .F. ) ;
#924 = ADVANCED_FACE ( 'NONE', ( #396 ), #1101, .T. ) ;
#925 =( BOUNDED_CURVE ( )  B_SPLINE_CURVE ( 3, ( #183, #622, #1069, #403 ),
 .UNSPECIFIED., .F., .F. ) 
 B_SPLINE_CURVE_WITH_KNOTS ( ( 4, 4 ),
 ( 0.6108652381980139712, 1.311190664174704645 ),
 .UNSPECIFIED. ) 
 CURVE ( )  GEOMETRIC_REPRESENTATION_ITEM ( )  RATIONAL_B_SPLINE_CURVE ( ( 1.000000000000000000, 0.9595446043236586231, 0.9595446043236586231, 1.000000000000000000 ) ) 
 REPRESENTATION_ITEM ( '' )  );
#926 = LINE ( 'NONE', #813, #198 ) ;
#927 = CIRCLE ( 'NONE', #1122, 4.999999999999998224 ) ;
#928 = VERTEX_POINT ( 'NONE', #1090 ) ;
#929 = CARTESIAN_POINT ( 'NONE',  ( -41.52996512789005124, 22.44130508506066590, 47.20457866851651829 ) ) ;
#930 = DIRECTION ( 'NONE',  ( -0.7660444431189833425, -3.469446951953616161E-15, -0.6427876096865330346 ) ) ;
#931 = VECTOR ( 'NONE', #763, 1000.000000000000000 ) ;
#932 = CARTESIAN_POINT ( 'NONE',  ( -28.53390105009148670, 22.03435025163717143, 32.00142545630769320 ) ) ;
#933 = EDGE_LOOP ( 'NONE', ( #914, #851, #69, #516 ) ) ;
#934 = FACE_OUTER_BOUND ( 'NONE', #1336, .T. ) ;
#935 = AXIS2_PLACEMENT_3D ( 'NONE', #685, #45, #1386 ) ;
#936 = DIRECTION ( 'NONE',  ( -0.6427876096865344779, 2.767432619235504538E-17, 0.7660444431189820103 ) ) ;
#937 = COLOUR_RGB ( '',0.7921568627450980005, 0.8196078431372548767, 0.9333333333333333481 ) ;
#938 = VECTOR ( 'NONE', #861, 1000.000000000000000 ) ;
#939 = DIRECTION ( 'NONE',  ( -0.6985502505096996551, -0.4104289294907265129, -0.5861532575614778473 ) ) ;
#940 = EDGE_CURVE ( 'NONE', #660, #43, #412, .T. ) ;
#941 = EDGE_CURVE ( 'NONE', #1358, #1312, #662, .T. ) ;
#942 = VERTEX_POINT ( 'NONE', #781 ) ;
#943 = CARTESIAN_POINT ( 'NONE',  ( -42.70176147332760763, 24.79980281893184468, 46.94963328087337118 ) ) ;
#944 = LINE ( 'NONE', #828, #131 ) ;
#945 = DIRECTION ( 'NONE',  ( 1.000000000000000000, 0.000000000000000000, 0.000000000000000000 ) ) ;
#946 = LINE ( 'NONE', #843, #1300 ) ;
#947 = ORIENTED_EDGE ( 'NONE', *, *, #1118, .F. ) ;
#948 = EDGE_CURVE ( 'NONE', #755, #785, #1346, .T. ) ;
#949 = CARTESIAN_POINT ( 'NONE',  ( -41.38965324386489897, 22.03435025167266303, 47.32231431870914662 ) ) ;
#950 = CARTESIAN_POINT ( 'NONE',  ( -5.068280449010980071, 25.54139634863284058, -3.537587687095010924 ) ) ;
#951 = CARTESIAN_POINT ( 'NONE',  ( -20.00000000000000000, 0.000000000000000000, 10.16000000000000192 ) ) ;
#952 = DIRECTION ( 'NONE',  ( -0.6985502505097004322, -0.4104289294907227936, -0.5861532575614794016 ) ) ;
#953 = VECTOR ( 'NONE', #1319, 1000.000000000000000 ) ;
#954 = ORIENTED_EDGE ( 'NONE', *, *, #818, .T. ) ;
#955 = DIRECTION ( 'NONE',  ( 0.000000000000000000, -1.000000000000000000, 0.000000000000000000 ) ) ;
#956 = EDGE_CURVE ( 'NONE', #1135, #1417, #1214, .T. ) ;
#957 = AXIS2_PLACEMENT_3D ( 'NONE', #329, #803, #898 ) ;
#958 = B_SPLINE_CURVE_WITH_KNOTS ( 'NONE', 3,
 ( #472, #1150, #1164, #596, #1032, #901, #582, #1271, #33, #932 ),
 .UNSPECIFIED., .F., .F.,
 ( 4, 2, 2, 2, 4 ),
 ( 0.0003447027742930414205, 0.001669484602576366350, 0.002994266430859691009, 0.004319048259143011548, 0.005643830087426331653 ),
 .UNSPECIFIED. ) ;
#959 = AXIS2_PLACEMENT_3D ( 'NONE', #890, #1371, #152 ) ;
#960 = DIRECTION ( 'NONE',  ( 0.6985502505097006543, 0.4104289294907234042, 0.5861532575614787355 ) ) ;
#961 = LINE ( 'NONE', #521, #6 ) ;
#962 = AXIS2_PLACEMENT_3D ( 'NONE', #361, #799, #256 ) ;
#963 = VERTEX_POINT ( 'NONE', #1223 ) ;
#964 = CARTESIAN_POINT ( 'NONE',  ( -20.00000000000000000, 17.30915550503912570, 25.13973520207601098 ) ) ;
#965 = CARTESIAN_POINT ( 'NONE',  ( -30.56405749307669950, 18.07169895211207944, 23.77088548710528926 ) ) ;
#966 = AXIS2_PLACEMENT_3D ( 'NONE', #897, #37, #593 ) ;
#967 = CARTESIAN_POINT ( 'NONE',  ( -28.53390105009148670, 22.03435025163717143, 32.00142545630769320 ) ) ;
#968 = EDGE_CURVE ( 'NONE', #995, #226, #1283, .T. ) ;
#969 = ADVANCED_FACE ( 'NONE', ( #415 ), #234, .T. ) ;
#970 =( BOUNDED_CURVE ( )  B_SPLINE_CURVE ( 3, ( #122, #14, #774, #230 ),
 .UNSPECIFIED., .F., .T. ) 
 B_SPLINE_CURVE_WITH_KNOTS ( ( 4, 4 ),
 ( 3.141592653589783790, 4.624167174224731447 ),
 .UNSPECIFIED. ) 
 CURVE ( )  GEOMETRIC_REPRESENTATION_ITEM ( )  RATIONAL_B_SPLINE_CURVE ( ( 1.000000000000000000, 0.8250666420416985503, 0.8250666420416985503, 1.000000000000000000 ) ) 
 REPRESENTATION_ITEM ( '' )  );
#971 = ORIENTED_EDGE ( 'NONE', *, *, #377, .T. ) ;
#972 = LINE ( 'NONE', #1318, #721 ) ;
#973 = DIRECTION ( 'NONE',  ( -0.6427876096865345890, -1.734723475976807094E-16, 0.7660444431189820103 ) ) ;
#974 = DIRECTION ( 'NONE',  ( -0.3144068007316436764, 0.9118925889802461660, -0.2638186305335473159 ) ) ;
#975 = LINE ( 'NONE', #245, #1326 ) ;
#976 = LINE ( 'NONE', #204, #844 ) ;
#977 = ORIENTED_EDGE ( 'NONE', *, *, #1096, .F. ) ;
#978 = PLANE ( 'NONE',  #623 ) ;
#979 = DIRECTION ( 'NONE',  ( 1.000000000000000000, 0.000000000000000000, 0.000000000000000000 ) ) ;
#980 = CARTESIAN_POINT ( 'NONE',  ( -1.999999999999998224, 8.500000000000000000, 0.000000000000000000 ) ) ;
#981 = VERTEX_POINT ( 'NONE', #215 ) ;
#982 = VECTOR ( 'NONE', #992, 1000.000000000000114 ) ;
#983 = ADVANCED_FACE ( 'NONE', ( #852 ), #1361, .T. ) ;
#984 = VERTEX_POINT ( 'NONE', #90 ) ;
#985 = ORIENTED_EDGE ( 'NONE', *, *, #308, .F. ) ;
#986 = EDGE_CURVE ( 'NONE', #240, #1250, #972, .T. ) ;
#987 = DIRECTION ( 'NONE',  ( 0.000000000000000000, 0.000000000000000000, -1.000000000000000000 ) ) ;
#988 = ADVANCED_FACE ( 'NONE', ( #996 ), #978, .T. ) ;
#989 = CARTESIAN_POINT ( 'NONE',  ( -71.42300877492277777, 15.32000000000000028, 0.000000000000000000 ) ) ;
#990 = LINE ( 'NONE', #209, #145 ) ;
#991 = VECTOR ( 'NONE', #730, 1000.000000000000000 ) ;
#992 = DIRECTION ( 'NONE',  ( -0.3144068007316436208, 0.9118925889802461660, -0.2638186305335472603 ) ) ;
#993 = ORIENTED_EDGE ( 'NONE', *, *, #46, .T. ) ;
#994 = ORIENTED_EDGE ( 'NONE', *, *, #1370, .F. ) ;
#995 = VERTEX_POINT ( 'NONE', #1446 ) ;
#996 = FACE_OUTER_BOUND ( 'NONE', #299, .T. ) ;
#997 = FACE_OUTER_BOUND ( 'NONE', #1287, .T. ) ;
#998 = CARTESIAN_POINT ( 'NONE',  ( -5.068280449010980071, 25.54139634863284058, -3.537587687095010924 ) ) ;
#999 = ORIENTED_EDGE ( 'NONE', *, *, #567, .F. ) ;
#1000 = ORIENTED_EDGE ( 'NONE', *, *, #590, .F. ) ;
#1001 = LINE ( 'NONE', #461, #374 ) ;
#1002 = AXIS2_PLACEMENT_3D ( 'NONE', #78, #836, #170 ) ;
#1003 = ORIENTED_EDGE ( 'NONE', *, *, #1306, .F. ) ;
#1004 = LINE ( 'NONE', #1440, #707 ) ;
#1005 = CARTESIAN_POINT ( 'NONE',  ( -8.155052533215238597, 22.63116189701331393, -6.127697004479099263 ) ) ;
#1006 = EDGE_CURVE ( 'NONE', #1358, #712, #199, .T. ) ;
#1007 = CARTESIAN_POINT ( 'NONE',  ( -3.287036498213512292, 27.68457572608526363, -2.042946544944135301 ) ) ;
#1008 = VERTEX_POINT ( 'NONE', #762 ) ;
#1009 = CIRCLE ( 'NONE', #1200, 0.9999999999999994449 ) ;
#1010 = VECTOR ( 'NONE', #195, 1000.000000000000000 ) ;
#1011 = VERTEX_POINT ( 'NONE', #637 ) ;
#1012 = AXIS2_PLACEMENT_3D ( 'NONE', #1362, #457, #102 ) ;
#1013 =( LENGTH_UNIT ( ) NAMED_UNIT ( * ) SI_UNIT ( .MILLI., .METRE. ) );
#1014 = VERTEX_POINT ( 'NONE', #227 ) ;
#1015 = CARTESIAN_POINT ( 'NONE',  ( -27.54714651391410740, -1.467041826733496337E-15, 32.82941082367663199 ) ) ;
#1016 = CARTESIAN_POINT ( 'NONE',  ( -14.16485521762888133, 40.06174710190539656, 61.28355544951856615 ) ) ;
#1017 = FACE_OUTER_BOUND ( 'NONE', #161, .T. ) ;
#1018 = LINE ( 'NONE', #571, #54 ) ;
#1019 = EDGE_CURVE ( 'NONE', #1161, #348, #652, .T. ) ;
#1020 = VECTOR ( 'NONE', #265, 1000.000000000000000 ) ;
#1021 = ORIENTED_EDGE ( 'NONE', *, *, #327, .F. ) ;
#1022 = DIRECTION ( 'NONE',  ( -0.3144068007316416224, 0.9118925889802472762, -0.2638186305335456505 ) ) ;
#1023 =( BOUNDED_CURVE ( )  B_SPLINE_CURVE ( 3, ( #291, #391, #1168, #385 ),
 .UNSPECIFIED., .F., .T. ) 
 B_SPLINE_CURVE_WITH_KNOTS ( ( 4, 4 ),
 ( 3.141592653589793116, 4.289464595138506198 ),
 .UNSPECIFIED. ) 
 CURVE ( )  GEOMETRIC_REPRESENTATION_ITEM ( )  RATIONAL_B_SPLINE_CURVE ( ( 1.000000000000000000, 0.8931803222489995697, 0.8931803222489995697, 1.000000000000000000 ) ) 
 REPRESENTATION_ITEM ( '' )  );
#1024 = CARTESIAN_POINT ( 'NONE',  ( -20.00000000000000000, 0.000000000000000000, 0.000000000000000000 ) ) ;
#1025 = B_SPLINE_CURVE_WITH_KNOTS ( 'NONE', 3,
 ( #949, #929, #1078, #493, #723, #943, #1289, #286, #56, #70 ),
 .UNSPECIFIED., .F., .F.,
 ( 4, 2, 2, 2, 4 ),
 ( 4.867155709051071301E-14, 0.001321273035626735915, 0.002642546071204800260, 0.003963819106782864171, 0.005285092142360928516 ),
 .UNSPECIFIED. ) ;
#1026 = CYLINDRICAL_SURFACE ( 'NONE', #522, 5.000000000000001776 ) ;
#1027 = ORIENTED_EDGE ( 'NONE', *, *, #15, .F. ) ;
#1028 = LINE ( 'NONE', #1380, #1449 ) ;
#1029 = DIRECTION ( 'NONE',  ( -0.3144068007316437319, 0.9118925889802461660, -0.2638186305335470938 ) ) ;
#1030 = ORIENTED_EDGE ( 'NONE', *, *, #618, .F. ) ;
#1031 = FACE_OUTER_BOUND ( 'NONE', #1280, .T. ) ;
#1032 = CARTESIAN_POINT ( 'NONE',  ( -29.12876542848462691, 24.79980281891485205, 30.77396648217644071 ) ) ;
#1033 = VECTOR ( 'NONE', #1357, 1000.000000000000000 ) ;
#1034 = EDGE_CURVE ( 'NONE', #368, #1338, #525, .T. ) ;
#1035 = CARTESIAN_POINT ( 'NONE',  ( -4.753873648279340003, 24.62950375965259653, -3.273769056561470325 ) ) ;
#1036 = VECTOR ( 'NONE', #345, 1000.000000000000000 ) ;
#1037 = ADVANCED_FACE ( 'NONE', ( #109 ), #333, .T. ) ;
#1038 = VERTEX_POINT ( 'NONE', #443 ) ;
#1039 = ADVANCED_FACE ( 'NONE', ( #882 ), #1364, .F. ) ;
#1040 = PLANE ( 'NONE',  #966 ) ;
#1041 = ORIENTED_EDGE ( 'NONE', *, *, #77, .T. ) ;
#1042 = CARTESIAN_POINT ( 'NONE',  ( -71.42300877492277777, 77.66064310022950679, 11.13320490494545112 ) ) ;
#1043 = CARTESIAN_POINT ( 'NONE',  ( -28.73491261179901102, 24.62950375965259653, 25.30572028235519255 ) ) ;
#1044 = AXIS2_PLACEMENT_3D ( 'NONE', #340, #531, #858 ) ;
#1045 = LINE ( 'NONE', #711, #452 ) ;
#1046 = EDGE_LOOP ( 'NONE', ( #1238, #801, #562, #1021, #985 ) ) ;
#1047 = CARTESIAN_POINT ( 'NONE',  ( -55.35331853274688996, 20.32000000000000028, 42.13244437152909683 ) ) ;
#1048 = DIRECTION ( 'NONE',  ( -0.6427876096865345890, 0.000000000000000000, 0.7660444431189820103 ) ) ;
#1049 = CIRCLE ( 'NONE', #418, 5.500000000000000000 ) ;
#1050 = DIRECTION ( 'NONE',  ( -0.6427876096865345890, -0.000000000000000000, 0.7660444431189820103 ) ) ;
#1051 = CIRCLE ( 'NONE', #1437, 5.500000000000000000 ) ;
#1052 = VERTEX_POINT ( 'NONE', #484 ) ;
#1053 = CARTESIAN_POINT ( 'NONE',  ( -56.42428096551376626, 27.68457572608526363, 61.28355544951856615 ) ) ;
#1054 = CARTESIAN_POINT ( 'NONE',  ( -50.56770292594031702, 15.32000000000000384, 39.62101621549532382 ) ) ;
#1055 = FACE_OUTER_BOUND ( 'NONE', #322, .T. ) ;
#1056 = EDGE_CURVE ( 'NONE', #1066, #1265, #1001, .T. ) ;
#1057 = ORIENTED_EDGE ( 'NONE', *, *, #190, .F. ) ;
#1058 = LINE ( 'NONE', #720, #488 ) ;
#1059 = CARTESIAN_POINT ( 'NONE',  ( -20.00000000000000000, 0.000000000000000000, 10.16000000000000192 ) ) ;
#1060 = AXIS2_PLACEMENT_3D ( 'NONE', #1099, #331, #805 ) ;
#1061 = FACE_OUTER_BOUND ( 'NONE', #1450, .T. ) ;
#1062 = PLANE ( 'NONE',  #341 ) ;
#1063 = EDGE_CURVE ( 'NONE', #231, #553, #370, .T. ) ;
#1064 = EDGE_CURVE ( 'NONE', #317, #981, #574, .T. ) ;
#1065 = VECTOR ( 'NONE', #1109, 1000.000000000000000 ) ;
#1066 = VERTEX_POINT ( 'NONE', #807 ) ;
#1067 = LINE ( 'NONE', #64, #1209 ) ;
#1068 = DIRECTION ( 'NONE',  ( -0.5065771783174920495, 0.8621946197975767223, 0.000000000000000000 ) ) ;
#1069 = CARTESIAN_POINT ( 'NONE',  ( -18.70218896895899618, 11.04222095500805878, -5.050300133604066488 ) ) ;
#1070 = DIRECTION ( 'NONE',  ( -1.000000000000000000, 0.000000000000000000, 1.686719152869534424E-16 ) ) ;
#1071 = AXIS2_PLACEMENT_3D ( 'NONE', #251, #365, #1384 ) ;
#1072 = VERTEX_POINT ( 'NONE', #793 ) ;
#1073 = DIRECTION ( 'NONE',  ( 0.000000000000000000, -0.8191520442889929088, 0.5735764363510444941 ) ) ;
#1074 = CARTESIAN_POINT ( 'NONE',  ( -48.33294770312667765, 25.54139634863284414, 48.02323494539109561 ) ) ;
#1075 = CARTESIAN_POINT ( 'NONE',  ( -58.15427045810014306, 25.54139634863284414, 61.28355544951856615 ) ) ;
#1076 = ORIENTED_EDGE ( 'NONE', *, *, #586, .F. ) ;
#1077 = ORIENTED_EDGE ( 'NONE', *, *, #85, .F. ) ;
#1078 = CARTESIAN_POINT ( 'NONE',  ( -41.69676554197200602, 22.84158017353620806, 47.12308802693672760 ) ) ;
#1079 = EDGE_CURVE ( 'NONE', #88, #1108, #1381, .T. ) ;
#1080 = ADVANCED_FACE ( 'NONE', ( #356 ), #583, .T. ) ;
#1081 = MECHANICAL_DESIGN_GEOMETRIC_PRESENTATION_REPRESENTATION (  '', ( #366 ), #778 ) ;
#1082 = PLANE ( 'NONE',  #1002 ) ;
#1083 = CARTESIAN_POINT ( 'NONE',  ( -58.15427045810014306, 25.68343207073741397, 61.28355544951856615 ) ) ;
#1084 = ORIENTED_EDGE ( 'NONE', *, *, #709, .T. ) ;
#1085 = CARTESIAN_POINT ( 'NONE',  ( 0.000000000000000000, 15.32000000000000028, 61.28355544951856615 ) ) ;
#1086 = CARTESIAN_POINT ( 'NONE',  ( -20.00000000000000000, 20.88647335163440388, -5.622943102197516474 ) ) ;
#1087 = VECTOR ( 'NONE', #250, 1000.000000000000000 ) ;
#1088 = CARTESIAN_POINT ( 'NONE',  ( -40.40289870764474500, 15.32000000000000028, 48.15029968605627175 ) ) ;
#1089 = ORIENTED_EDGE ( 'NONE', *, *, #734, .T. ) ;
#1090 = CARTESIAN_POINT ( 'NONE',  ( 0.000000000000000000, 8.500000000000000000, 3.000000000000000444 ) ) ;
#1091 = CARTESIAN_POINT ( 'NONE',  ( -20.00000000000000000, 8.500000000000000000, 5.500000000000000000 ) ) ;
#1092 = CARTESIAN_POINT ( 'NONE',  ( -8.783866134678513404, 24.45494707497381981, -6.655334265546181349 ) ) ;
#1093 = MANIFOLD_SOLID_BREP ( 'Fillet5', #548 ) ;
#1094 = ADVANCED_FACE ( 'NONE', ( #697 ), #1152, .F. ) ;
#1095 = EDGE_LOOP ( 'NONE', ( #1438, #105, #1373, #602 ) ) ;
#1096 = EDGE_CURVE ( 'NONE', #360, #263, #1143, .T. ) ;
#1097 = EDGE_CURVE ( 'NONE', #775, #798, #918, .T. ) ;
#1098 = ORIENTED_EDGE ( 'NONE', *, *, #1288, .F. ) ;
#1099 = CARTESIAN_POINT ( 'NONE',  ( -45.11900965469400404, 25.54139634863284414, 44.19301272979617323 ) ) ;
#1100 = VERTEX_POINT ( 'NONE', #24 ) ;
#1101 = CYLINDRICAL_SURFACE ( 'NONE', #1044, 5.000000000000001776 ) ;
#1102 = EDGE_LOOP ( 'NONE', ( #1224, #794, #1344, #1322 ) ) ;
#1103 = LINE ( 'NONE', #228, #1151 ) ;
#1104 = AXIS2_PLACEMENT_3D ( 'NONE', #563, #467, #1251 ) ;
#1105 = CARTESIAN_POINT ( 'NONE',  ( -2.000000000000000000, 8.500000000000000000, 0.000000000000000000 ) ) ;
#1106 = ORIENTED_EDGE ( 'NONE', *, *, #1394, .F. ) ;
#1107 = ORIENTED_EDGE ( 'NONE', *, *, #968, .T. ) ;
#1108 = VERTEX_POINT ( 'NONE', #349 ) ;
#1109 = DIRECTION ( 'NONE',  ( 0.5065771783174948251, -0.8621946197975751680, 0.000000000000000000 ) ) ;
#1110 = ORIENTED_EDGE ( 'NONE', *, *, #271, .F. ) ;
#1111 = DIRECTION ( 'NONE',  ( -0.3144068007316407898, 0.9118925889802478313, -0.2638186305335450399 ) ) ;
#1112 = CARTESIAN_POINT ( 'NONE',  ( -39.00600207008583453, 15.32000000000000028, 23.20582260340277259 ) ) ;
#1113 = AXIS2_PLACEMENT_3D ( 'NONE', #1015, #486, #478 ) ;
#1114 = CARTESIAN_POINT ( 'NONE',  ( -19.99999999999999645, 25.95182527812357520, 15.67599575961959069 ) ) ;
#1115 = ORIENTED_EDGE ( 'NONE', *, *, #1309, .T. ) ;
#1116 = ORIENTED_EDGE ( 'NONE', *, *, #1394, .T. ) ;
#1117 = ORIENTED_EDGE ( 'NONE', *, *, #1064, .F. ) ;
#1118 = EDGE_CURVE ( 'NONE', #1239, #263, #1279, .T. ) ;
#1119 = CARTESIAN_POINT ( 'NONE',  ( 0.000000000000000000, 0.000000000000000000, 10.16000000000000192 ) ) ;
#1120 = VERTEX_POINT ( 'NONE', #379 ) ;
#1121 = CARTESIAN_POINT ( 'NONE',  ( -20.00000000000000000, 1.986612239881659248, 2.837176310556490666 ) ) ;
#1122 = AXIS2_PLACEMENT_3D ( 'NONE', #1399, #1282, #1132 ) ;
#1123 = CARTESIAN_POINT ( 'NONE',  ( -29.89935178935773763, 27.28608940508362579, 28.29500256665696512 ) ) ;
#1124 = EDGE_LOOP ( 'NONE', ( #722, #669, #103, #702 ) ) ;
#1125 = ORIENTED_EDGE ( 'NONE', *, *, #694, .F. ) ;
#1126 = FILL_AREA_STYLE_COLOUR ( '', #937 ) ;
#1127 =( BOUNDED_CURVE ( )  B_SPLINE_CURVE ( 3, ( #913, #1145, #352, #44 ),
 .UNSPECIFIED., .F., .F. ) 
 B_SPLINE_CURVE_WITH_KNOTS ( ( 4, 4 ),
 ( 4.971994643004882697, 6.894050545377599981 ),
 .UNSPECIFIED. ) 
 CURVE ( )  GEOMETRIC_REPRESENTATION_ITEM ( )  RATIONAL_B_SPLINE_CURVE ( ( 1.000000000000000000, 0.7151183961744688178, 0.7151183961744688178, 1.000000000000000000 ) ) 
 REPRESENTATION_ITEM ( '' )  );
#1128 = VECTOR ( 'NONE', #945, 1000.000000000000000 ) ;
#1129 = EDGE_LOOP ( 'NONE', ( #55, #266, #1310, #994, #236, #339, #191, #706, #119, #742, #648 ) ) ;
#1130 = CARTESIAN_POINT ( 'NONE',  ( -24.85801790947243006, 28.00396992557720566, 28.55882119719048973 ) ) ;
#1131 = EDGE_CURVE ( 'NONE', #240, #1312, #570, .T. ) ;
#1132 = DIRECTION ( 'NONE',  ( 0.6427876096865356992, 0.000000000000000000, -0.7660444431189811221 ) ) ;
#1133 = FACE_OUTER_BOUND ( 'NONE', #337, .T. ) ;
#1134 = VECTOR ( 'NONE', #1068, 1000.000000000000000 ) ;
#1135 = VERTEX_POINT ( 'NONE', #1119 ) ;
#1136 = CYLINDRICAL_SURFACE ( 'NONE', #962, 5.500000000000000000 ) ;
#1137 = ORIENTED_EDGE ( 'NONE', *, *, #1192, .T. ) ;
#1138 = DIRECTION ( 'NONE',  ( 1.000000000000000000, -0.000000000000000000, 0.000000000000000000 ) ) ;
#1139 = DIRECTION ( 'NONE',  ( -0.000000000000000000, 1.000000000000000000, -0.000000000000000000 ) ) ;
#1140 = EDGE_CURVE ( 'NONE', #348, #1008, #159, .T. ) ;
#1141 = ORIENTED_EDGE ( 'NONE', *, *, #1064, .T. ) ;
#1142 = CARTESIAN_POINT ( 'NONE',  ( -39.51710762063179061, 2.408770792130068283, 55.42060310713031868 ) ) ;
#1143 = LINE ( 'NONE', #1035, #405 ) ;
#1144 = ORIENTED_EDGE ( 'NONE', *, *, #35, .T. ) ;
#1145 = CARTESIAN_POINT ( 'NONE',  ( -15.83861293548083360, 1.889552479415330888, -2.054209697824004532 ) ) ;
#1146 = VECTOR ( 'NONE', #92, 1000.000000000000227 ) ;
#1147 = PLANE ( 'NONE',  #492 ) ;
#1148 = EDGE_CURVE ( 'NONE', #1239, #310, #1045, .T. ) ;
#1149 = ORIENTED_EDGE ( 'NONE', *, *, #1353, .F. ) ;
#1150 = CARTESIAN_POINT ( 'NONE',  ( -29.38351722461133875, 26.36285697416579765, 29.98310554829356889 ) ) ;
#1151 = VECTOR ( 'NONE', #550, 1000.000000000000000 ) ;
#1152 = PLANE ( 'NONE',  #959 ) ;
#1153 = VERTEX_POINT ( 'NONE', #1303 ) ;
#1154 = DIRECTION ( 'NONE',  ( 1.000000000000000000, -0.000000000000000000, 0.000000000000000000 ) ) ;
#1155 = ORIENTED_EDGE ( 'NONE', *, *, #1175, .T. ) ;
#1156 = CARTESIAN_POINT ( 'NONE',  ( -40.40289870764474500, 15.32000000000000028, 48.15029968605627175 ) ) ;
#1157 = DIRECTION ( 'NONE',  ( 0.000000000000000000, 0.000000000000000000, -1.000000000000000000 ) ) ;
#1158 = TOROIDAL_SURFACE ( 'NONE', #1403, 6.000000000000000000, 5.000000000000000000 ) ;
#1159 = VECTOR ( 'NONE', #184, 1000.000000000000000 ) ;
#1160 = CARTESIAN_POINT ( 'NONE',  ( -36.06969024215086961, 20.32000000000000028, 19.15111107795965850 ) ) ;
#1161 = VERTEX_POINT ( 'NONE', #1059 ) ;
#1162 = CARTESIAN_POINT ( 'NONE',  ( -9.918319852670075321, 20.32000000000000028, 8.459534093271741995 ) ) ;
#1163 = CARTESIAN_POINT ( 'NONE',  ( -2.000000000000000000, 8.500000000000000000, 0.000000000000000000 ) ) ;
#1164 = CARTESIAN_POINT ( 'NONE',  ( -29.29850799041895826, 25.96685675083893940, 30.15907782954730010 ) ) ;
#1165 = AXIS2_PLACEMENT_3D ( 'NONE', #834, #846, #1411 ) ;
#1166 = EDGE_CURVE ( 'NONE', #963, #1135, #1407, .T. ) ;
#1167 = ORIENTED_EDGE ( 'NONE', *, *, #534, .F. ) ;
#1168 = CARTESIAN_POINT ( 'NONE',  ( -58.44149516657570587, 24.79582995144077273, 61.28355544951856615 ) ) ;
#1169 = DIRECTION ( 'NONE',  ( -0.6427876096865344779, 2.767432619235504538E-17, 0.7660444431189820103 ) ) ;
#1170 = ORIENTED_EDGE ( 'NONE', *, *, #1260, .T. ) ;
#1171 = CARTESIAN_POINT ( 'NONE',  ( -2.000000000000000000, 8.500000000000000000, -3.000000000000000444 ) ) ;
#1172 = DIRECTION ( 'NONE',  ( 0.6427876096865344779, 0.000000000000000000, -0.7660444431189820103 ) ) ;
#1173 = DIRECTION ( 'NONE',  ( 0.000000000000000000, 0.000000000000000000, -1.000000000000000000 ) ) ;
#1174 = DIRECTION ( 'NONE',  ( -1.686719152869534424E-16, 0.000000000000000000, -1.000000000000000000 ) ) ;
#1175 = EDGE_CURVE ( 'NONE', #798, #1220, #500, .T. ) ;
#1176 = EDGE_CURVE ( 'NONE', #1265, #782, #944, .T. ) ;
#1177 =( BOUNDED_CURVE ( )  B_SPLINE_CURVE ( 3, ( #1235, #665, #1112, #456 ),
 .UNSPECIFIED., .F., .F. ) 
 B_SPLINE_CURVE_WITH_KNOTS ( ( 4, 4 ),
 ( 1.570796326794896780, 1.659018132954853453 ),
 .UNSPECIFIED. ) 
 CURVE ( )  GEOMETRIC_REPRESENTATION_ITEM ( )  RATIONAL_B_SPLINE_CURVE ( ( 1.000000000000000000, 0.9993515145704404690, 0.9993515145704404690, 1.000000000000000000 ) ) 
 REPRESENTATION_ITEM ( '' )  );
#1178 = AXIS2_PLACEMENT_3D ( 'NONE', #474, #1272, #1389 ) ;
#1179 = ORIENTED_EDGE ( 'NONE', *, *, #1240, .F. ) ;
#1180 = DIRECTION ( 'NONE',  ( 0.000000000000000000, 0.000000000000000000, -1.000000000000000000 ) ) ;
#1181 = LINE ( 'NONE', #182, #1134 ) ;
#1182 = LINE ( 'NONE', #306, #1316 ) ;
#1183 = CARTESIAN_POINT ( 'NONE',  ( -36.06969024215086961, 20.32000000000000028, 19.15111107795965850 ) ) ;
#1184 = EDGE_CURVE ( 'NONE', #1358, #553, #731, .T. ) ;
#1185 = VECTOR ( 'NONE', #549, 1000.000000000000000 ) ;
#1186 = ORIENTED_EDGE ( 'NONE', *, *, #940, .T. ) ;
#1187 = FACE_OUTER_BOUND ( 'NONE', #395, .T. ) ;
#1188 = FACE_OUTER_BOUND ( 'NONE', #504, .T. ) ;
#1189 = CARTESIAN_POINT ( 'NONE',  ( -2.000000000000000000, 8.500000000000000000, -3.000000000000000444 ) ) ;
#1190 = EDGE_CURVE ( 'NONE', #38, #908, #1290, .T. ) ;
#1191 = EDGE_CURVE ( 'NONE', #485, #530, #1296, .T. ) ;
#1192 = EDGE_CURVE ( 'NONE', #3, #1417, #840, .T. ) ;
#1193 = ORIENTED_EDGE ( 'NONE', *, *, #210, .F. ) ;
#1194 = DIRECTION ( 'NONE',  ( -0.9453854158307262168, -0.3259546218947735330, 0.000000000000000000 ) ) ;
#1195 = DIRECTION ( 'NONE',  ( 0.000000000000000000, 0.000000000000000000, -1.000000000000000000 ) ) ;
#1196 = CARTESIAN_POINT ( 'NONE',  ( -20.00000000000000000, 20.32000000000000384, 7.806255641895631925E-15 ) ) ;
#1197 = PRODUCT_DEFINITION_CONTEXT ( 'detailed design', #169, 'design' ) ;
#1198 = ORIENTED_EDGE ( 'NONE', *, *, #1140, .T. ) ;
#1199 = DIRECTION ( 'NONE',  ( 1.000000000000000000, -0.000000000000000000, 0.000000000000000000 ) ) ;
#1200 = AXIS2_PLACEMENT_3D ( 'NONE', #13, #1393, #1253 ) ;
#1201 = AXIS2_PLACEMENT_3D ( 'NONE', #1092, #353, #868 ) ;
#1202 = CARTESIAN_POINT ( 'NONE',  ( -20.00000000000000000, 34.82998374849993439, -10.16000000000000192 ) ) ;
#1203 = CARTESIAN_POINT ( 'NONE',  ( -55.35331853274691127, 20.32000000000000028, 42.13244437152913235 ) ) ;
#1204 = AXIS2_PLACEMENT_3D ( 'NONE', #580, #115, #133 ) ;
#1205 = ORIENTED_EDGE ( 'NONE', *, *, #1462, .F. ) ;
#1206 = CARTESIAN_POINT ( 'NONE',  ( -32.07164072630514795, -18.63658141861675333, 61.28355544951856615 ) ) ;
#1207 = EDGE_CURVE ( 'NONE', #682, #782, #1181, .T. ) ;
#1208 = CARTESIAN_POINT ( 'NONE',  ( -28.66517596275259550, 26.86371786710381571, 25.36423627884957099 ) ) ;
#1209 = VECTOR ( 'NONE', #181, 1000.000000000000000 ) ;
#1210 = CARTESIAN_POINT ( 'NONE',  ( 10.14769930369112316, 15.32000000000000028, -42.42759126257575986 ) ) ;
#1211 = ORIENTED_EDGE ( 'NONE', *, *, #1421, .F. ) ;
#1212 = DIRECTION ( 'NONE',  ( -0.6427876096865345890, 0.000000000000000000, 0.7660444431189820103 ) ) ;
#1213 = ORIENTED_EDGE ( 'NONE', *, *, #694, .T. ) ;
#1214 = LINE ( 'NONE', #319, #432 ) ;
#1215 = CARTESIAN_POINT ( 'NONE',  ( -53.55588839260101963, 77.66064310022950679, -10.15999999999999837 ) ) ;
#1216 = CARTESIAN_POINT ( 'NONE',  ( -4.369730198501281748, 25.95182527812357876, -2.951434429533535742 ) ) ;
#1217 = VECTOR ( 'NONE', #320, 1000.000000000000000 ) ;
#1218 = PRODUCT_RELATED_PRODUCT_CATEGORY ( 'part', '', ( #454 ) ) ;
#1219 = ADVANCED_FACE ( 'NONE', ( #65 ), #511, .F. ) ;
#1220 = VERTEX_POINT ( 'NONE', #1054 ) ;
#1221 = ORIENTED_EDGE ( 'NONE', *, *, #1321, .T. ) ;
#1222 = ORIENTED_EDGE ( 'NONE', *, *, #1063, .T. ) ;
#1223 = CARTESIAN_POINT ( 'NONE',  ( 0.000000000000000000, 20.32000000000000028, 10.16000000000000192 ) ) ;
#1224 = ORIENTED_EDGE ( 'NONE', *, *, #1262, .F. ) ;
#1225 = CARTESIAN_POINT ( 'NONE',  ( -71.42300877492277777, 15.32000000000000028, 0.000000000000000000 ) ) ;
#1226 = DIRECTION ( 'NONE',  ( 0.3144068007316412339, -0.9118925889802476092, 0.2638186305335454285 ) ) ;
#1227 = VECTOR ( 'NONE', #9, 1000.000000000000114 ) ;
#1228 = PLANE ( 'NONE',  #780 ) ;
#1229 = ORIENTED_EDGE ( 'NONE', *, *, #1097, .T. ) ;
#1230 = ADVANCED_FACE ( 'NONE', ( #52 ), #533, .T. ) ;
#1231 = VERTEX_POINT ( 'NONE', #967 ) ;
#1232 = CARTESIAN_POINT ( 'NONE',  ( -20.00000000000000000, 25.68343207073740686, 15.81306655826600682 ) ) ;
#1233 = ORIENTED_EDGE ( 'NONE', *, *, #141, .F. ) ;
#1234 = CARTESIAN_POINT ( 'NONE',  ( -20.00000000000000000, 77.66064310022952100, -40.15035054457311503 ) ) ;
#1235 = CARTESIAN_POINT ( 'NONE',  ( -38.46138858283765671, 15.32000000000000028, 23.67127432912033314 ) ) ;
#1236 = CIRCLE ( 'NONE', #1311, 3.000000000000000444 ) ;
#1237 = LINE ( 'NONE', #1007, #1036 ) ;
#1238 = ORIENTED_EDGE ( 'NONE', *, *, #201, .F. ) ;
#1239 = VERTEX_POINT ( 'NONE', #752 ) ;
#1240 = EDGE_CURVE ( 'NONE', #1363, #1100, #727, .T. ) ;
#1241 = DIRECTION ( 'NONE',  ( -0.000000000000000000, 1.000000000000000000, -0.000000000000000000 ) ) ;
#1242 = EDGE_LOOP ( 'NONE', ( #1076, #279, #1205, #212, #538, #241, #413, #1334, #663, #743, #1382, #487 ) ) ;
#1243 = CARTESIAN_POINT ( 'NONE',  ( -20.00000000000000000, 25.13614666997457547, 15.81306655826600682 ) ) ;
#1244 = VECTOR ( 'NONE', #578, 1000.000000000000114 ) ;
#1245 =( NAMED_UNIT ( * ) SI_UNIT ( $, .STERADIAN. ) SOLID_ANGLE_UNIT ( ) );
#1246 = CIRCLE ( 'NONE', #48, 3.000000000000000444 ) ;
#1247 = AXIS2_PLACEMENT_3D ( 'NONE', #965, #960, #847 ) ;
#1248 = DIRECTION ( 'NONE',  ( -0.6427876096865345890, 0.000000000000000000, 0.7660444431189820103 ) ) ;
#1249 = ORIENTED_EDGE ( 'NONE', *, *, #968, .F. ) ;
#1250 = VERTEX_POINT ( 'NONE', #67 ) ;
#1251 = DIRECTION ( 'NONE',  ( -0.6427876096865343669, 0.000000000000000000, 0.7660444431189821213 ) ) ;
#1252 = CARTESIAN_POINT ( 'NONE',  ( -52.09726951686700858, 20.32000000000000384, 61.28355544951856615 ) ) ;
#1253 = DIRECTION ( 'NONE',  ( -0.7660444431189833425, 3.469446951953616161E-15, -0.6427876096865330346 ) ) ;
#1254 = ORIENTED_EDGE ( 'NONE', *, *, #15, .T. ) ;
#1255 = VECTOR ( 'NONE', #1395, 1000.000000000000000 ) ;
#1256 = LINE ( 'NONE', #496, #1304 ) ;
#1257 = DIRECTION ( 'NONE',  ( 0.9453854158307302136, 0.3259546218947619312, 0.000000000000000000 ) ) ;
#1258 = ORIENTED_EDGE ( 'NONE', *, *, #47, .T. ) ;
#1259 = CARTESIAN_POINT ( 'NONE',  ( -44.45605300080011091, 28.91586251455743550, 51.27633586022641055 ) ) ;
#1260 = EDGE_CURVE ( 'NONE', #1120, #798, #946, .T. ) ;
#1261 = FACE_OUTER_BOUND ( 'NONE', #214, .T. ) ;
#1262 = EDGE_CURVE ( 'NONE', #561, #1011, #1423, .T. ) ;
#1263 = ADVANCED_FACE ( 'NONE', ( #314 ), #203, .T. ) ;
#1264 = AXIS2_PLACEMENT_3D ( 'NONE', #809, #603, #127 ) ;
#1265 = VERTEX_POINT ( 'NONE', #84 ) ;
#1266 = CARTESIAN_POINT ( 'NONE',  ( -24.92403876506100602, 20.32000000000000028, -4.131759111665272322 ) ) ;
#1267 = VERTEX_POINT ( 'NONE', #1441 ) ;
#1268 = CARTESIAN_POINT ( 'NONE',  ( -27.54714651394214897, 15.32000000000000028, 32.82941082371000618 ) ) ;
#1269 = VERTEX_POINT ( 'NONE', #189 ) ;
#1270 = PLANE ( 'NONE',  #887 ) ;
#1271 = CARTESIAN_POINT ( 'NONE',  ( -28.78343013771532810, 22.84158017350108949, 31.73357416656423524 ) ) ;
#1272 = DIRECTION ( 'NONE',  ( 0.6427876096865340338, 0.000000000000000000, -0.7660444431189825654 ) ) ;
#1273 = EDGE_LOOP ( 'NONE', ( #330, #216, #1030, #1098, #123 ) ) ;
#1274 = FACE_BOUND ( 'NONE', #677, .T. ) ;
#1275 = APPLICATION_PROTOCOL_DEFINITION ( 'draft international standard', 'automotive_design', 1998, #169 ) ;
#1276 = CARTESIAN_POINT ( 'NONE',  ( -20.00000000000000000, 26.86371786710381571, 15.03748169477804275 ) ) ;
#1277 = EDGE_CURVE ( 'NONE', #1267, #587, #289, .T. ) ;
#1278 = CARTESIAN_POINT ( 'NONE',  ( -20.00000000000000000, 20.32000000000000028, 0.000000000000000000 ) ) ;
#1279 = CIRCLE ( 'NONE', #1178, 0.9999999999999990008 ) ;
#1280 = EDGE_LOOP ( 'NONE', ( #453, #8 ) ) ;
#1281 = CARTESIAN_POINT ( 'NONE',  ( 0.000000000000000000, 20.32000000000000028, 0.000000000000000000 ) ) ;
#1282 = DIRECTION ( 'NONE',  ( 0.6985502505096997661, 0.4104289294907234042, 0.5861532575614799567 ) ) ;
#1283 =( BOUNDED_CURVE ( )  B_SPLINE_CURVE ( 3, ( #1431, #1232, #866, #82 ),
 .UNSPECIFIED., .F., .F. ) 
 B_SPLINE_CURVE_WITH_KNOTS ( ( 4, 4 ),
 ( 0.000000000000000000, 0.4229243852461938569 ),
 .UNSPECIFIED. ) 
 CURVE ( )  GEOMETRIC_REPRESENTATION_ITEM ( )  RATIONAL_B_SPLINE_CURVE ( ( 1.000000000000000000, 0.9851500405243867053, 0.9851500405243867053, 1.000000000000000000 ) ) 
 REPRESENTATION_ITEM ( '' )  );
#1284 = FACE_OUTER_BOUND ( 'NONE', #1396, .T. ) ;
#1285 = VECTOR ( 'NONE', #1330, 1000.000000000000000 ) ;
#1286 = CYLINDRICAL_SURFACE ( 'NONE', #957, 3.000000000000000444 ) ;
#1287 = EDGE_LOOP ( 'NONE', ( #509, #471, #788, #1057, #107 ) ) ;
#1288 = EDGE_CURVE ( 'NONE', #112, #1294, #961, .T. ) ;
#1289 = CARTESIAN_POINT ( 'NONE',  ( -42.92398820644225310, 25.18570054865102747, 46.94426428910585258 ) ) ;
#1290 = LINE ( 'NONE', #724, #196 ) ;
#1291 = FACE_BOUND ( 'NONE', #1368, .T. ) ;
#1292 = DIRECTION ( 'NONE',  ( 0.000000000000000000, 0.8191520442889929088, -0.5735764363510444941 ) ) ;
#1293 = PRODUCT_DEFINITION_FORMATION_WITH_SPECIFIED_SOURCE ( 'ANY', '', #454, .NOT_KNOWN. ) ;
#1294 = VERTEX_POINT ( 'NONE', #831 ) ;
#1295 = DIRECTION ( 'NONE',  ( 0.000000000000000000, 0.2779120081628893013, 0.9606065353300851095 ) ) ;
#1296 = LINE ( 'NONE', #506, #276 ) ;
#1297 = CARTESIAN_POINT ( 'NONE',  ( -4.302236005891997728, 25.54139634863284058, -2.894800077408476557 ) ) ;
#1298 = CARTESIAN_POINT ( 'NONE',  ( -20.00000000000000000, 20.32000000000000028, 0.000000000000000000 ) ) ;
#1299 = VECTOR ( 'NONE', #1169, 1000.000000000000114 ) ;
#1300 = VECTOR ( 'NONE', #294, 1000.000000000000114 ) ;
#1301 = ORIENTED_EDGE ( 'NONE', *, *, #590, .T. ) ;
#1302 = DIRECTION ( 'NONE',  ( 1.000000000000000000, 0.000000000000000000, 0.000000000000000000 ) ) ;
#1303 = CARTESIAN_POINT ( 'NONE',  ( -20.00000000000000355, 15.32000000000000384, 3.191846436152959043 ) ) ;
#1304 = VECTOR ( 'NONE', #22, 999.9999999999998863 ) ;
#1305 = FACE_OUTER_BOUND ( 'NONE', #304, .T. ) ;
#1306 = EDGE_CURVE ( 'NONE', #660, #1072, #409, .T. ) ;
#1307 = CARTESIAN_POINT ( 'NONE',  ( -16.74072807748726888, 4.460915439583698294, 35.37003610136827092 ) ) ;
#1308 = ADVANCED_FACE ( 'NONE', ( #617 ), #1062, .F. ) ;
#1309 = EDGE_CURVE ( 'NONE', #785, #310, #1436, .T. ) ;
#1310 = ORIENTED_EDGE ( 'NONE', *, *, #308, .T. ) ;
#1311 = AXIS2_PLACEMENT_3D ( 'NONE', #154, #1138, #138 ) ;
#1312 = VERTEX_POINT ( 'NONE', #1183 ) ;
#1313 = DIRECTION ( 'NONE',  ( 1.000000000000000000, -0.000000000000000000, 0.000000000000000000 ) ) ;
#1314 = DIRECTION ( 'NONE',  ( 0.000000000000000000, -0.000000000000000000, -1.000000000000000000 ) ) ;
#1315 = LINE ( 'NONE', #307, #658 ) ;
#1316 = VECTOR ( 'NONE', #1413, 1000.000000000000000 ) ;
#1317 = EDGE_LOOP ( 'NONE', ( #476, #599, #581, #679 ) ) ;
#1318 = CARTESIAN_POINT ( 'NONE',  ( -11.73648177666942516, 15.32000000000000028, -9.848077530122059997 ) ) ;
#1319 = DIRECTION ( 'NONE',  ( 0.000000000000000000, 0.000000000000000000, -1.000000000000000000 ) ) ;
#1320 = DIRECTION ( 'NONE',  ( -0.6427876096865345890, 0.000000000000000000, 0.7660444431189820103 ) ) ;
#1321 = EDGE_CURVE ( 'NONE', #1038, #263, #635, .T. ) ;
#1322 = ORIENTED_EDGE ( 'NONE', *, *, #588, .F. ) ;
#1323 = CARTESIAN_POINT ( 'NONE',  ( -20.00000000000000000, 0.000000000000000000, 10.16000000000000192 ) ) ;
#1324 = VECTOR ( 'NONE', #1172, 1000.000000000000227 ) ;
#1325 = CARTESIAN_POINT ( 'NONE',  ( -14.84070838166548434, 42.02196389775610896, 61.28355544951856615 ) ) ;
#1326 = VECTOR ( 'NONE', #905, 1000.000000000000000 ) ;
#1327 = VERTEX_POINT ( 'NONE', #399 ) ;
#1328 = ORIENTED_EDGE ( 'NONE', *, *, #309, .F. ) ;
#1329 = ORIENTED_EDGE ( 'NONE', *, *, #545, .F. ) ;
#1330 = DIRECTION ( 'NONE',  ( 0.000000000000000000, 1.759252520196798799E-48, 1.000000000000000000 ) ) ;
#1331 = EDGE_CURVE ( 'NONE', #912, #346, #513, .T. ) ;
#1332 = CARTESIAN_POINT ( 'NONE',  ( -0.3521695019617701594, 20.32000000000000384, 0.4196992691650608398 ) ) ;
#1333 = FACE_OUTER_BOUND ( 'NONE', #1046, .T. ) ;
#1334 = ORIENTED_EDGE ( 'NONE', *, *, #725, .T. ) ;
#1335 = CARTESIAN_POINT ( 'NONE',  ( -2.000000000000000000, 8.500000000000000000, 3.000000000000000444 ) ) ;
#1336 = EDGE_LOOP ( 'NONE', ( #1222, #75, #491, #597 ) ) ;
#1337 = DIRECTION ( 'NONE',  ( 0.6427876096865340338, 0.000000000000000000, -0.7660444431189825654 ) ) ;
#1338 = VERTEX_POINT ( 'NONE', #624 ) ;
#1339 = CARTESIAN_POINT ( 'NONE',  ( -42.11517935398933332, 20.28622855492451293, 46.71352562723655666 ) ) ;
#1340 = CARTESIAN_POINT ( 'NONE',  ( 31935.91199258898268, -92723.61974681066931, 26879.46433138133580 ) ) ;
#1341 = VECTOR ( 'NONE', #874, 1000.000000000000000 ) ;
#1342 = CARTESIAN_POINT ( 'NONE',  ( -39.27112922066469025, 15.32000000000000028, 22.96643748207468860 ) ) ;
#1343 = ORIENTED_EDGE ( 'NONE', *, *, #222, .F. ) ;
#1344 = ORIENTED_EDGE ( 'NONE', *, *, #62, .F. ) ;
#1345 = ORIENTED_EDGE ( 'NONE', *, *, #856, .T. ) ;
#1346 = LINE ( 'NONE', #1206, #1065 ) ;
#1347 = ORIENTED_EDGE ( 'NONE', *, *, #1309, .F. ) ;
#1348 = CARTESIAN_POINT ( 'NONE',  ( -4.369730198501279972, 25.95182527812357165, -2.951434429533534853 ) ) ;
#1349 = DIRECTION ( 'NONE',  ( 0.000000000000000000, 0.000000000000000000, -1.000000000000000000 ) ) ;
#1350 = VECTOR ( 'NONE', #1241, 1000.000000000000000 ) ;
#1351 = DIRECTION ( 'NONE',  ( -0.6427876096865345890, 2.767432619235504846E-17, 0.7660444431189821213 ) ) ;
#1352 = ORIENTED_EDGE ( 'NONE', *, *, #515, .T. ) ;
#1353 = EDGE_CURVE ( 'NONE', #536, #233, #822, .T. ) ;
#1354 = EDGE_CURVE ( 'NONE', #1312, #38, #1315, .T. ) ;
#1355 = ORIENTED_EDGE ( 'NONE', *, *, #832, .T. ) ;
#1356 = ORIENTED_EDGE ( 'NONE', *, *, #671, .F. ) ;
#1357 = DIRECTION ( 'NONE',  ( -0.6985502505097006543, -0.4104289294907234042, -0.5861532575614787355 ) ) ;
#1358 = VERTEX_POINT ( 'NONE', #1196 ) ;
#1359 = DIRECTION ( 'NONE',  ( 0.6427876096865344779, 0.000000000000000000, -0.7660444431189820103 ) ) ;
#1360 = LINE ( 'NONE', #876, #387 ) ;
#1361 = TOROIDAL_SURFACE ( 'NONE', #12, 6.000000000000000000, 5.000000000000000000 ) ;
#1362 = CARTESIAN_POINT ( 'NONE',  ( -24.85801790947243006, 28.00396992557720566, 28.55882119719048973 ) ) ;
#1363 = VERTEX_POINT ( 'NONE', #1203 ) ;
#1364 = PLANE ( 'NONE',  #185 ) ;
#1365 = CARTESIAN_POINT ( 'NONE',  ( -9.918319852670075321, 20.32000000000000028, 8.459534093271741995 ) ) ;
#1366 = DIRECTION ( 'NONE',  ( 0.6427876096865344779, 2.775557561562891351E-17, -0.7660444431189822323 ) ) ;
#1367 = LINE ( 'NONE', #666, #576 ) ;
#1368 = EDGE_LOOP ( 'NONE', ( #261, #1442 ) ) ;
#1369 = CARTESIAN_POINT ( 'NONE',  ( 31948.76774478271545, -92723.61974681066931, 26864.14344251895818 ) ) ;
#1370 = EDGE_CURVE ( 'NONE', #1220, #543, #1433, .T. ) ;
#1371 = DIRECTION ( 'NONE',  ( -0.3144068007316407343, 0.9118925889802478313, -0.2638186305335449844 ) ) ;
#1372 = EDGE_CURVE ( 'NONE', #869, #233, #1360, .T. ) ;
#1373 = ORIENTED_EDGE ( 'NONE', *, *, #986, .F. ) ;
#1374 = ADVANCED_FACE ( 'NONE', ( #759 ), #128, .T. ) ;
#1375 = CARTESIAN_POINT ( 'NONE',  ( -58.80506343099954591, 26.86371786710381571, 61.28355544951856615 ) ) ;
#1376 = DIRECTION ( 'NONE',  ( 0.6427876096865340338, 0.000000000000000000, -0.7660444431189825654 ) ) ;
#1377 = AXIS2_PLACEMENT_3D ( 'NONE', #640, #1174, #1070 ) ;
#1378 = ORIENTED_EDGE ( 'NONE', *, *, #941, .F. ) ;
#1379 = VECTOR ( 'NONE', #650, 1000.000000000000000 ) ;
#1380 = CARTESIAN_POINT ( 'NONE',  ( -19.99999999999999645, 15.70600375476963961, 22.85019722542334719 ) ) ;
#1381 = LINE ( 'NONE', #1266, #1227 ) ;
#1382 = ORIENTED_EDGE ( 'NONE', *, *, #253, .T. ) ;
#1383 = CARTESIAN_POINT ( 'NONE',  ( -1.999999999999998224, 8.500000000000000000, 0.000000000000000000 ) ) ;
#1384 = DIRECTION ( 'NONE',  ( 1.000000000000000000, 0.000000000000000000, 0.000000000000000000 ) ) ;
#1385 = EDGE_LOOP ( 'NONE', ( #1077, #993, #879, #883 ) ) ;
#1386 = DIRECTION ( 'NONE',  ( 0.6427876096865344779, 0.000000000000000000, -0.7660444431189820103 ) ) ;
#1387 = AXIS2_PLACEMENT_3D ( 'NONE', #1024, #1154, #795 ) ;
#1388 = LINE ( 'NONE', #909, #101 ) ;
#1389 = DIRECTION ( 'NONE',  ( -0.7660444431189802339, 0.000000000000000000, -0.6427876096865368094 ) ) ;
#1390 = ORIENTED_EDGE ( 'NONE', *, *, #1260, .F. ) ;
#1391 = DIRECTION ( 'NONE',  ( -0.9453854158307305466, -0.3259546218947610430, 0.000000000000000000 ) ) ;
#1392 = ORIENTED_EDGE ( 'NONE', *, *, #104, .F. ) ;
#1393 = DIRECTION ( 'NONE',  ( -0.6427876096865344779, -2.775557561562891351E-17, 0.7660444431189822323 ) ) ;
#1394 = EDGE_CURVE ( 'NONE', #530, #1014, #238, .T. ) ;
#1395 = DIRECTION ( 'NONE',  ( -0.6427876096865345890, 0.000000000000000000, 0.7660444431189820103 ) ) ;
#1396 = EDGE_LOOP ( 'NONE', ( #1329, #1405, #87, #921, #768 ) ) ;
#1397 = CARTESIAN_POINT ( 'NONE',  ( -2.000000000000000000, 8.500000000000000000, 0.000000000000000000 ) ) ;
#1398 = VECTOR ( 'NONE', #771, 1000.000000000000227 ) ;
#1399 = CARTESIAN_POINT ( 'NONE',  ( -27.16287860814080446, 20.07004081475136203, 26.62481343502291509 ) ) ;
#1400 = APPLICATION_CONTEXT ( 'automotive_design' ) ;
#1401 = CARTESIAN_POINT ( 'NONE',  ( -2.000000000000000000, 8.500000000000000000, 3.000000000000000444 ) ) ;
#1402 = ADVANCED_FACE ( 'NONE', ( #1333 ), #321, .T. ) ;
#1403 = AXIS2_PLACEMENT_3D ( 'NONE', #39, #1366, #605 ) ;
#1404 = VECTOR ( 'NONE', #684, 1000.000000000000227 ) ;
#1405 = ORIENTED_EDGE ( 'NONE', *, *, #940, .F. ) ;
#1406 = CARTESIAN_POINT ( 'NONE',  ( 0.000000000000000000, 8.500000000000000000, 0.000000000000000000 ) ) ;
#1407 = LINE ( 'NONE', #615, #888 ) ;
#1408 = DIRECTION ( 'NONE',  ( -0.6427876096865343669, 0.000000000000000000, 0.7660444431189821213 ) ) ;
#1409 = ADVANCED_FACE ( 'NONE', ( #246 ), #1454, .F. ) ;
#1410 = ORIENTED_EDGE ( 'NONE', *, *, #545, .T. ) ;
#1411 = DIRECTION ( 'NONE',  ( 0.000000000000000000, 0.000000000000000000, 1.000000000000000000 ) ) ;
#1412 = DIRECTION ( 'NONE',  ( 0.7660444431189821213, 2.736911063134408342E-48, 0.6427876096865344779 ) ) ;
#1413 = DIRECTION ( 'NONE',  ( 1.000000000000000000, 0.000000000000000000, 0.000000000000000000 ) ) ;
#1414 = DIRECTION ( 'NONE',  ( 0.6427876096865337008, 0.000000000000000000, -0.7660444431189826764 ) ) ;
#1415 = EDGE_CURVE ( 'NONE', #1072, #1153, #990, .T. ) ;
#1416 = AXIS2_PLACEMENT_3D ( 'NONE', #1234, #859, #237 ) ;
#1417 = VERTEX_POINT ( 'NONE', #646 ) ;
#1418 = CARTESIAN_POINT ( 'NONE',  ( -44.14164620006847883, 28.00396992557726250, 51.54015449075991029 ) ) ;
#1419 = DIRECTION ( 'NONE',  ( -0.6427876096865345890, 2.767432619235504846E-17, 0.7660444431189821213 ) ) ;
#1420 = ADVANCED_FACE ( 'NONE', ( #764 ), #326, .F. ) ;
#1421 = EDGE_CURVE ( 'NONE', #106, #984, #1049, .T. ) ;
#1422 = LINE ( 'NONE', #1297, #1299 ) ;
#1423 = LINE ( 'NONE', #735, #157 ) ;
#1424 = VECTOR ( 'NONE', #952, 1000.000000000000114 ) ;
#1425 = EDGE_LOOP ( 'NONE', ( #186, #954, #116, #1107, #1392, #673, #73, #1125, #155, #480 ) ) ;
#1426 = DIRECTION ( 'NONE',  ( 0.7660444431189821213, 0.000000000000000000, 0.6427876096865345890 ) ) ;
#1427 = FACE_OUTER_BOUND ( 'NONE', #728, .T. ) ;
#1428 = DIRECTION ( 'NONE',  ( -0.9453854158307305466, -0.3259546218947610430, 0.000000000000000000 ) ) ;
#1429 = AXIS2_PLACEMENT_3D ( 'NONE', #187, #173, #1426 ) ;
#1430 = ORIENTED_EDGE ( 'NONE', *, *, #1166, .F. ) ;
#1431 = CARTESIAN_POINT ( 'NONE',  ( -20.00000000000000000, 25.54139634863284058, 15.81306655826600682 ) ) ;
#1432 = CARTESIAN_POINT ( 'NONE',  ( -20.00000000000000000, 0.000000000000000000, 0.000000000000000000 ) ) ;
#1433 = LINE ( 'NONE', #1088, #1010 ) ;
#1434 = EDGE_CURVE ( 'NONE', #981, #240, #1177, .T. ) ;
#1435 =( GEOMETRIC_REPRESENTATION_CONTEXT ( 3 ) GLOBAL_UNCERTAINTY_ASSIGNED_CONTEXT ( ( #797 ) ) GLOBAL_UNIT_ASSIGNED_CONTEXT ( ( #655, #772, #1245 ) ) REPRESENTATION_CONTEXT ( 'NONE', 'WORKASPACE' ) );
#1436 =( BOUNDED_CURVE ( )  B_SPLINE_CURVE ( 3, ( #837, #79, #1083, #1075 ),
 .UNSPECIFIED., .F., .T. ) 
 B_SPLINE_CURVE_WITH_KNOTS ( ( 4, 4 ),
 ( 2.718668268343594985, 3.141592653589793116 ),
 .UNSPECIFIED. ) 
 CURVE ( )  GEOMETRIC_REPRESENTATION_ITEM ( )  RATIONAL_B_SPLINE_CURVE ( ( 1.000000000000000000, 0.9851500405243864833, 0.9851500405243864833, 1.000000000000000000 ) ) 
 REPRESENTATION_ITEM ( '' )  );
#1437 = AXIS2_PLACEMENT_3D ( 'NONE', #393, #842, #1173 ) ;
#1438 = ORIENTED_EDGE ( 'NONE', *, *, #210, .T. ) ;
#1439 = DIRECTION ( 'NONE',  ( 0.000000000000000000, -1.000000000000000000, 0.000000000000000000 ) ) ;
#1440 = CARTESIAN_POINT ( 'NONE',  ( -20.00000000000000000, 77.66064310022952100, -50.15035054457312214 ) ) ;
#1441 = CARTESIAN_POINT ( 'NONE',  ( -29.20194814322485399, 20.32000000002653906, 31.44086738689111371 ) ) ;
#1442 = ORIENTED_EDGE ( 'NONE', *, *, #747, .F. ) ;
#1443 = EDGE_CURVE ( 'NONE', #619, #785, #790, .T. ) ;
#1444 = EDGE_LOOP ( 'NONE', ( #886, #89, #1170, #1155 ) ) ;
#1445 = ORIENTED_EDGE ( 'NONE', *, *, #515, .F. ) ;
#1446 = CARTESIAN_POINT ( 'NONE',  ( -20.00000000000000000, 25.54139634863284058, 15.81306655826600682 ) ) ;
#1447 = CARTESIAN_POINT ( 'NONE',  ( -4.684136999232930698, 26.86371786710381571, -3.215253060067077673 ) ) ;
#1448 = DIRECTION ( 'NONE',  ( -0.6985502505097009873, -0.4104289294907235153, -0.5861532575614784024 ) ) ;
#1449 = VECTOR ( 'NONE', #716, 1000.000000000000114 ) ;
#1450 = EDGE_LOOP ( 'NONE', ( #137, #838, #787, #811 ) ) ;
#1451 = VERTEX_POINT ( 'NONE', #100 ) ;
#1452 = AXIS2_PLACEMENT_3D ( 'NONE', #672, #1439, #644 ) ;
#1453 = LINE ( 'NONE', #1447, #497 ) ;
#1454 = PLANE ( 'NONE',  #875 ) ;
#1455 = DIRECTION ( 'NONE',  ( 0.000000000000000000, 0.000000000000000000, -1.000000000000000000 ) ) ;
#1456 = ORIENTED_EDGE ( 'NONE', *, *, #1034, .T. ) ;
#1457 = EDGE_LOOP ( 'NONE', ( #400, #608, #1355, #1000, #442, #290 ) ) ;
#1458 = CARTESIAN_POINT ( 'NONE',  ( 0.000000000000000000, 20.32000000000000028, -10.16000000000000192 ) ) ;
#1459 = AXIS2_PLACEMENT_3D ( 'NONE', #566, #438, #5 ) ;
#1460 = ORIENTED_EDGE ( 'NONE', *, *, #1354, .F. ) ;
#1461 = DIRECTION ( 'NONE',  ( 1.000000000000000000, 0.000000000000000000, 0.000000000000000000 ) ) ;
#1462 = EDGE_CURVE ( 'NONE', #88, #231, #114, .T. ) ;
#1463 = FACE_OUTER_BOUND ( 'NONE', #770, .T. ) ;
#1464 = DIRECTION ( 'NONE',  ( -0.9453854158307304356, -0.3259546218947614316, 0.000000000000000000 ) ) ;
#1465 = EDGE_CURVE ( 'NONE', #1100, #360, #559, .T. ) ;
#1466 = FACE_OUTER_BOUND ( 'NONE', #630, .T. ) ;
#1467 = ORIENTED_EDGE ( 'NONE', *, *, #777, .F. ) ;
ENDSEC;
END-ISO-10303-21;
