ISO-10303-21;
HEADER;
FILE_DESCRIPTION (( 'STEP AP214' ),
    '1' );
FILE_NAME ('right flap.STEP',
    '2026-08-03T21:24:38',
    ( '' ),
    ( '' ),
    'SwSTEP 2.0',
    'SolidWorks 2023',
    '' );
FILE_SCHEMA (( 'AUTOMOTIVE_DESIGN' ));
ENDSEC;

DATA;
#1 = CARTESIAN_POINT ( 'NONE',  ( -14.99999999999998579, -10.63079359151815417, -7.193819002577345856 ) ) ;
#2 = CARTESIAN_POINT ( 'NONE',  ( -70.47012638213001878, 97.30443410297228013, 291.4016715756322355 ) ) ;
#3 = CARTESIAN_POINT ( 'NONE',  ( -2.831341758808670672, 7.417581467304873222, -11.17160987357174662 ) ) ;
#4 = CARTESIAN_POINT ( 'NONE',  ( 2.000000000000000000, -2.158504013145519984, -10.32656928919282180 ) ) ;
#5 = CARTESIAN_POINT ( 'NONE',  ( -14.99999999999998757, 3.562302626111383486, -7.500000000000007105 ) ) ;
#6 = CARTESIAN_POINT ( 'NONE',  ( -611.5804033687008996, 284.6563274132527113, -228.0990597402833373 ) ) ;
#7 = CARTESIAN_POINT ( 'NONE',  ( -70.47012638213007563, 2160.339013876513945, -12339.25896474600813 ) ) ;
#8 = VERTEX_POINT ( 'NONE', #1170 ) ;
#9 = DIRECTION ( 'NONE',  ( 0.000000000000000000, -0.9867401545824324716, 0.1623079398385591510 ) ) ;
#10 = CARTESIAN_POINT ( 'NONE',  ( -2.831341758808668896, -1156.267802791438044, 6700.070030098846473 ) ) ;
#11 = CARTESIAN_POINT ( 'NONE',  ( -1229.992148496211485, 75145.63475959589414, -434141.8663905404974 ) ) ;
#12 = CARTESIAN_POINT ( 'NONE',  ( 7.088850564204843607, 0.001815107347752952351, -4.738049243109453634 ) ) ;
#13 = EDGE_CURVE ( 'NONE', #1655, #101, #1447, .T. ) ;
#14 = DIRECTION ( 'NONE',  ( 0.000000000000000000, 0.8081879620703793510, 0.5889246284241532736 ) ) ;
#15 = DIRECTION ( 'NONE',  ( 0.000000000000000000, 0.8213076400583206871, -0.5704855479167129095 ) ) ;
#16 = CARTESIAN_POINT ( 'NONE',  ( -17.99999999999998579, 1.358094810837592759, 9.765912106391487768 ) ) ;
#17 = CARTESIAN_POINT ( 'NONE',  ( -70.47012638213001878, 28.30779630092840193, -43.10386370270018119 ) ) ;
#18 = CARTESIAN_POINT ( 'NONE',  ( -2.831341758808668896, 218.0225716260384559, 1226.750605332819532 ) ) ;
#19 = LINE ( 'NONE', #1759, #813 ) ;
#20 = CARTESIAN_POINT ( 'NONE',  ( -611.5804033687008996, -27032.42741176492564, 155570.2865094963054 ) ) ;
#21 = CARTESIAN_POINT ( 'NONE',  ( -70.47012638213007563, 114.7877779998486574, -406.3919876194063363 ) ) ;
#22 = ORIENTED_EDGE ( 'NONE', *, *, #2751, .F. ) ;
#23 = CARTESIAN_POINT ( 'NONE',  ( -4829.341758808669510, -3094.655984579260348, 1514.930874128996948 ) ) ;
#24 = CARTESIAN_POINT ( 'NONE',  ( -2.831341758808668896, -4.040874238703821675, -12.39135010883190979 ) ) ;
#25 = CARTESIAN_POINT ( 'NONE',  ( -1229.992148496211485, -248.2327267397943160, 666.6865514707869806 ) ) ;
#26 = CARTESIAN_POINT ( 'NONE',  ( -2466.815638751231745, -1222.687677716916824, 747.3922755773450035 ) ) ;
#27 = CARTESIAN_POINT ( 'NONE',  ( 7.088850564204843607, 0.6753793786372502828, -5.739188595215972910 ) ) ;
#28 = CARTESIAN_POINT ( 'NONE',  ( -17.99999999999895550, -8.955129386092066213, -10.01596974572695409 ) ) ;
#29 = CARTESIAN_POINT ( 'NONE',  ( -70.47012638213001878, -23.66286358345077190, -46.39378442837124794 ) ) ;
#30 = CARTESIAN_POINT ( 'NONE',  ( 2.000000000000000000, 262.0607279259053826, 1500.159636433885453 ) ) ;
#31 = CARTESIAN_POINT ( 'NONE',  ( -611.5804033687008996, -124.1484352732947514, -344.0425243712146539 ) ) ;
#32 = CARTESIAN_POINT ( 'NONE',  ( -31.81939231166069959, -6.325762905450630136, 16.87474686328775064 ) ) ;
#33 = ORIENTED_EDGE ( 'NONE', *, *, #1831, .F. ) ;
#34 = CARTESIAN_POINT ( 'NONE',  ( -4829.341758808669510, -1313.094347636322482, -2479.713477547297771 ) ) ;
#35 = CARTESIAN_POINT ( 'NONE',  ( -2.831341758808669784, -5.997051337114043257, -9.489514335839514203 ) ) ;
#36 = AXIS2_PLACEMENT_3D ( 'NONE', #856, #1723, #2412 ) ;
#37 = CARTESIAN_POINT ( 'NONE',  ( 7.088850564204843607, -0.3081103313296711943, -4.983670216867722047 ) ) ;
#38 = CARTESIAN_POINT ( 'NONE',  ( -17.73125563148090578, -8.955129386091043031, -10.01596974572914789 ) ) ;
#39 = AXIS2_PLACEMENT_3D ( 'NONE', #429, #888, #1630 ) ;
#40 = CARTESIAN_POINT ( 'NONE',  ( -611.5804033687013543, -4447.175553292941913, -23830.63110494057037 ) ) ;
#41 = DIRECTION ( 'NONE',  ( 0.000000000000000000, 0.000000000000000000, -1.000000000000000000 ) ) ;
#42 = CARTESIAN_POINT ( 'NONE',  ( -70.47012638213001878, 1216.238443460854569, 6818.781898380848361 ) ) ;
#43 = CARTESIAN_POINT ( 'NONE',  ( 6.831341758808669340, -75.42030422105652576, 427.8889920397672881 ) ) ;
#44 = ADVANCED_FACE ( 'NONE', ( #725 ), #1901, .T. ) ;
#45 = CARTESIAN_POINT ( 'NONE',  ( -611.5804033687008996, 306.0774409350930227, -196.0627985701135003 ) ) ;
#46 = CARTESIAN_POINT ( 'NONE',  ( -70.47012638213007563, -3576.489869482904851, -20600.47456429199883 ) ) ;
#47 = EDGE_LOOP ( 'NONE', ( #1120, #2143, #770, #2460, #224, #239 ) ) ;
#48 = CARTESIAN_POINT ( 'NONE',  ( -4829.341758808669510, 785.8763356127961970, -2694.939429623406795 ) ) ;
#49 = CARTESIAN_POINT ( 'NONE',  ( -2.831341758808668896, -6.364556516506669759, -7.971285103724160770 ) ) ;
#50 = CARTESIAN_POINT ( 'NONE',  ( -14.99999999999998579, 0.000000000000000000, -6.500000000000007105 ) ) ;
#51 = CARTESIAN_POINT ( 'NONE',  ( -14.99999999999998579, 1.358094810837592759, 9.765912106391487768 ) ) ;
#52 = CARTESIAN_POINT ( 'NONE',  ( 2.000000000000000000, 4.327252735461255106, -9.653332331773768260 ) ) ;
#53 = CARTESIAN_POINT ( 'NONE',  ( -31.81939231166067827, 11.90626785032486445, -27.37542437455104860 ) ) ;
#54 = CARTESIAN_POINT ( 'NONE',  ( 2.000000000000000000, 7.887107365162623118, 17.41999399064270904 ) ) ;
#55 = CARTESIAN_POINT ( 'NONE',  ( -611.5804033687008996, 3258.478087028716800, 16883.28082049324075 ) ) ;
#56 = CARTESIAN_POINT ( 'NONE',  ( -1229.992148496211485, -880.0418266199940263, -908.3059124300350504 ) ) ;
#57 = EDGE_CURVE ( 'NONE', #299, #1275, #1523, .T. ) ;
#58 = CARTESIAN_POINT ( 'NONE',  ( -70.47012638213007563, -272.1378730672500978, -1324.304832013554915 ) ) ;
#59 = ORIENTED_EDGE ( 'NONE', *, *, #652, .T. ) ;
#60 = CARTESIAN_POINT ( 'NONE',  ( -18.89795095645177625, -6.748373017035948607, -10.22398794345848572 ) ) ;
#61 = CARTESIAN_POINT ( 'NONE',  ( -2466.815638751231745, -1758.475812335286491, -1806.313000383844610 ) ) ;
#62 = FACE_OUTER_BOUND ( 'NONE', #1935, .T. ) ;
#63 = CARTESIAN_POINT ( 'NONE',  ( -16.66539870204328722, -8.725687773134401581, -10.52081565547024056 ) ) ;
#64 = CARTESIAN_POINT ( 'NONE',  ( -57.99999999999997868, -5.712568895714290385, 5.339423232082685544 ) ) ;
#65 = CARTESIAN_POINT ( 'NONE',  ( 2.000000000000000000, 69.82857792206678482, -391.7599068549598655 ) ) ;
#66 = CYLINDRICAL_SURFACE ( 'NONE', #630, 2.000000000000001776 ) ;
#67 = CARTESIAN_POINT ( 'NONE',  ( -31.81939231166067827, -645.8293738470373455, 3623.335445208350848 ) ) ;
#68 = CARTESIAN_POINT ( 'NONE',  ( 6.831341758808669340, -0.2296374123122108535, -8.300426358876594080 ) ) ;
#69 = CARTESIAN_POINT ( 'NONE',  ( -302.3745308049461755, -153.3090681381310389, -102.0078857355700421 ) ) ;
#70 = CARTESIAN_POINT ( 'NONE',  ( -70.47012638213007563, -1688.288728673959440, -9585.520431561459191 ) ) ;
#71 = ORIENTED_EDGE ( 'NONE', *, *, #266, .T. ) ;
#72 = CARTESIAN_POINT ( 'NONE',  ( -2466.815638751229926, -3508.381588614332031, 12001.51144231529543 ) ) ;
#73 = FILL_AREA_STYLE_COLOUR ( '', #1702 ) ;
#74 = ORIENTED_EDGE ( 'NONE', *, *, #2736, .T. ) ;
#75 = EDGE_CURVE ( 'NONE', #891, #2307, #2220, .T. ) ;
#76 = AXIS2_PLACEMENT_3D ( 'NONE', #2823, #615, #376 ) ;
#77 = CARTESIAN_POINT ( 'NONE',  ( 2.000000000000000000, 0.000000000000000000, -5.500000000000007105 ) ) ;
#78 = CARTESIAN_POINT ( 'NONE',  ( -4829.341758808673148, 43764.80948272952082, -238780.1322387446708 ) ) ;
#79 = CARTESIAN_POINT ( 'NONE',  ( 2.000000000000000000, 2.647010439472062604, -3.173384482778452309 ) ) ;
#80 = CARTESIAN_POINT ( 'NONE',  ( -17.99999999999998579, -5.712568895714291273, 1.339423232082685988 ) ) ;
#81 = AXIS2_PLACEMENT_3D ( 'NONE', #2788, #2370, #2139 ) ;
#82 = CARTESIAN_POINT ( 'NONE',  ( -31.81939231166067827, -3407.349421896547028, 19732.85677293256595 ) ) ;
#83 = CARTESIAN_POINT ( 'NONE',  ( 6.831341758808669340, -0.01780977156010265725, -8.409932580923889844 ) ) ;
#84 = CARTESIAN_POINT ( 'NONE',  ( -302.3745308049460618, 12.82499199975803705, -186.9307172947021343 ) ) ;
#85 = CARTESIAN_POINT ( 'NONE',  ( -611.5804033687013543, -25.64112574138676237, 352.4508110543997645 ) ) ;
#86 = CARTESIAN_POINT ( 'NONE',  ( -12.49402527642601335, 3.941777915095806772, 5.887373118490197399 ) ) ;
#87 = ORIENTED_EDGE ( 'NONE', *, *, #717, .F. ) ;
#88 = CARTESIAN_POINT ( 'NONE',  ( -2466.815638751229926, -1758.475812335523415, 1793.313000383348481 ) ) ;
#89 = DIRECTION ( 'NONE',  ( 1.000000000000000000, 0.000000000000000000, 0.000000000000000000 ) ) ;
#90 = ORIENTED_EDGE ( 'NONE', *, *, #899, .T. ) ;
#91 = CARTESIAN_POINT ( 'NONE',  ( -16.05439824005454241, -8.004058176145720793, -12.49663577087855337 ) ) ;
#92 = DIRECTION ( 'NONE',  ( 0.000000000000000000, 0.000000000000000000, 1.000000000000000000 ) ) ;
#93 = EDGE_CURVE ( 'NONE', #646, #1967, #2551, .T. ) ;
#94 = CARTESIAN_POINT ( 'NONE',  ( 2.000000000000000000, 0.4182178271285733606, -1.822572148370576350 ) ) ;
#95 = CARTESIAN_POINT ( 'NONE',  ( 2.000000000000000000, -3.615281809519890643, -5.500000000000007105 ) ) ;
#96 = CARTESIAN_POINT ( 'NONE',  ( -31.81939231166067827, -311.0996710531572944, 1670.666193362991407 ) ) ;
#97 = CARTESIAN_POINT ( 'NONE',  ( 7.088850564204843607, -71.61997903606204829, 406.5994714484473889 ) ) ;
#98 = CARTESIAN_POINT ( 'NONE',  ( -302.3745308049460618, -6436.761195075740943, 36480.61871635745774 ) ) ;
#99 = CARTESIAN_POINT ( 'NONE',  ( -611.5804033687013543, -168.0095890539423635, 311.3904254015552624 ) ) ;
#100 = CARTESIAN_POINT ( 'NONE',  ( -31.81939231166069959, -3407.349421891491602, -19745.85677293865228 ) ) ;
#101 = VERTEX_POINT ( 'NONE', #372 ) ;
#102 = CARTESIAN_POINT ( 'NONE',  ( -2466.815638751229926, -1386.620834876278877, -375.9291685271916776 ) ) ;
#103 = CARTESIAN_POINT ( 'NONE',  ( -17.99999999999998579, 40.00000000000000000, -10.01596974572903775 ) ) ;
#104 = ORIENTED_EDGE ( 'NONE', *, *, #544, .T. ) ;
#105 = CARTESIAN_POINT ( 'NONE',  ( -19.99799450416022140, -8.207320823497752826, -11.85991817174132912 ) ) ;
#106 = CYLINDRICAL_SURFACE ( 'NONE', #123, 2.000000000000001776 ) ;
#107 = CARTESIAN_POINT ( 'NONE',  ( 2.000000000000000000, -50.60536292163625660, -279.6199338969881296 ) ) ;
#108 = CARTESIAN_POINT ( 'NONE',  ( -302.3745308049462892, 842.7708231073480647, -3860.682408455418681 ) ) ;
#109 = DIRECTION ( 'NONE',  ( 1.000000000000000000, -0.000000000000000000, -0.000000000000000000 ) ) ;
#110 = CARTESIAN_POINT ( 'NONE',  ( -31.81939231166067827, 50.75434665764519337, 151.9234419278092503 ) ) ;
#111 = CARTESIAN_POINT ( 'NONE',  ( 6.831341758808669340, 405.9072630897790077, 2355.807782490185218 ) ) ;
#112 = CARTESIAN_POINT ( 'NONE',  ( -302.3745308049460618, -2840.624527382050474, 15502.30251841945210 ) ) ;
#113 = CARTESIAN_POINT ( 'NONE',  ( -611.5804033687013543, -224.8549085212416685, 273.7279251094533379 ) ) ;
#114 = CARTESIAN_POINT ( 'NONE',  ( -12.49402527642601335, 360.6248390333676070, -2038.612218625196647 ) ) ;
#115 = ORIENTED_EDGE ( 'NONE', *, *, #506, .F. ) ;
#116 = CARTESIAN_POINT ( 'NONE',  ( -4829.341758808669510, 16081.76382418407593, 77276.13803259040287 ) ) ;
#117 =( NAMED_UNIT ( * ) PLANE_ANGLE_UNIT ( ) SI_UNIT ( $, .RADIAN. ) );
#118 = VERTEX_POINT ( 'NONE', #802 ) ;
#119 = CARTESIAN_POINT ( 'NONE',  ( -18.27090717521034335, -8.948508230653800410, -10.02992234785054926 ) ) ;
#120 = DIRECTION ( 'NONE',  ( 0.000000000000000000, 0.5704855479167127985, 0.8213076400583205761 ) ) ;
#121 = CARTESIAN_POINT ( 'NONE',  ( 2.000000000000000000, -781.0875329372635179, -4540.938906295625202 ) ) ;
#122 = CARTESIAN_POINT ( 'NONE',  ( -302.3745308049462892, 169.0358394469833740, 56.67883904097529069 ) ) ;
#123 = AXIS2_PLACEMENT_3D ( 'NONE', #1407, #2343, #1175 ) ;
#124 = CARTESIAN_POINT ( 'NONE',  ( 2.000000000000000000, 0.8304416476948098813, -11.08778535339843963 ) ) ;
#125 = CARTESIAN_POINT ( 'NONE',  ( -12.49402527642600624, 7.805614689820592034, -16.52091174811006624 ) ) ;
#126 = CARTESIAN_POINT ( 'NONE',  ( 7.088850564204843607, -33.52418406774923199, 184.3649876789062318 ) ) ;
#127 = AXIS2_PLACEMENT_3D ( 'NONE', #1296, #2002, #605 ) ;
#128 = CARTESIAN_POINT ( 'NONE',  ( -302.3745308049460618, 94.20243798220612064, -160.5039447512921811 ) ) ;
#129 = CIRCLE ( 'NONE', #127, 3.700000000000007283 ) ;
#130 = CARTESIAN_POINT ( 'NONE',  ( -31.81939231166069959, -2654.207590606386475, -15352.35095628523959 ) ) ;
#131 = LINE ( 'NONE', #830, #1464 ) ;
#132 = EDGE_CURVE ( 'NONE', #2806, #1227, #1698, .T. ) ;
#133 = VERTEX_POINT ( 'NONE', #1245 ) ;
#134 = CARTESIAN_POINT ( 'NONE',  ( -2466.815638751229926, 1758.475812331649649, 1793.313000384448515 ) ) ;
#135 = ORIENTED_EDGE ( 'NONE', *, *, #1925, .F. ) ;
#136 = CARTESIAN_POINT ( 'NONE',  ( -19.74739747687609182, -8.519977246962742612, -11.01020243513315400 ) ) ;
#137 = CARTESIAN_POINT ( 'NONE',  ( -4829.341758808673148, 1471.193713224591875, 2375.029366055085575 ) ) ;
#138 = CARTESIAN_POINT ( 'NONE',  ( 6.831341758808671116, 8.655262025308189777, -51.41044851500838320 ) ) ;
#139 = CARTESIAN_POINT ( 'NONE',  ( -302.3745308049462892, -50.28833296749707671, 167.1704389424017450 ) ) ;
#140 = CARTESIAN_POINT ( 'NONE',  ( 2.000000000000000000, 1.619246583839708986, -10.73435932745840482 ) ) ;
#141 = CARTESIAN_POINT ( 'NONE',  ( -12.49402527642600624, -27.47930293511753419, 82.18432710383794415 ) ) ;
#142 = CARTESIAN_POINT ( 'NONE',  ( 6.831341758808669340, 45.37603523299969055, 252.6236474538847006 ) ) ;
#143 = CARTESIAN_POINT ( 'NONE',  ( -147.7715945230686998, -4185.169185559885591, 23874.09824826927070 ) ) ;
#144 = CARTESIAN_POINT ( 'NONE',  ( -611.5804033687013543, 188.2552038472151992, 299.6508251818669351 ) ) ;
#145 = CARTESIAN_POINT ( 'NONE',  ( -12.49402527642601335, 11.25636708259414931, -1.568894544640509370 ) ) ;
#146 = CARTESIAN_POINT ( 'NONE',  ( -19.22732222415872627, -8.187391771061767187, -23.08011254331638895 ) ) ;
#147 = CARTESIAN_POINT ( 'NONE',  ( -17.10310298682971819, -7.413232980270890948, -19.70307709727338263 ) ) ;
#148 = CARTESIAN_POINT ( 'NONE',  ( -1229.992148496210575, -8858.989827688163132, 47441.06034394447488 ) ) ;
#149 = EDGE_CURVE ( 'NONE', #1423, #2359, #1287, .T. ) ;
#150 = LINE ( 'NONE', #556, #1047 ) ;
#151 = ORIENTED_EDGE ( 'NONE', *, *, #772, .F. ) ;
#152 = CARTESIAN_POINT ( 'NONE',  ( -18.90206930344458058, -7.560999193042442279, -23.49556487584381514 ) ) ;
#153 = CARTESIAN_POINT ( 'NONE',  ( -2466.815638751231745, 1933.466389963120491, -2827.132844577705782 ) ) ;
#154 = CARTESIAN_POINT ( 'NONE',  ( 6.831341758808671116, 0.2761337875871675007, -4.738211530446182707 ) ) ;
#155 = CARTESIAN_POINT ( 'NONE',  ( -302.3745308049462892, -443.2000822527157311, -1529.758386461174723 ) ) ;
#156 = DIRECTION ( 'NONE',  ( 0.000000000000000000, -1.000000000000000000, 0.000000000000000000 ) ) ;
#157 = CARTESIAN_POINT ( 'NONE',  ( 7.088850564204843607, 0.6753793786368887941, -7.260811404784006662 ) ) ;
#158 = CARTESIAN_POINT ( 'NONE',  ( -147.7715945230686998, 122.6967348152821700, 175.3794848134602660 ) ) ;
#159 = CARTESIAN_POINT ( 'NONE',  ( -2.831341758808670672, 0.8186258826970566060, 0.9449231223349792153 ) ) ;
#160 = B_SPLINE_CURVE_WITH_KNOTS ( 'NONE', 3,
 ( #811, #1192, #533, #1427, #762, #1659, #2549, #367, #563, #1455, #1441, #2117, #2346, #1033, #2331, #124, #351, #1707, #140, #2378, #1910, #2797, #2596, #170, #883, #1500 ),
 .UNSPECIFIED., .F., .F.,
 ( 4, 2, 2, 2, 2, 2, 2, 2, 2, 2, 2, 2, 4 ),
 ( 0.000000000000000000, 0.001396350465581124630, 0.002792700931162248393, 0.003490876163952810057, 0.004189051396743373457, 0.004887226629533935988, 0.005585401862324497653, 0.006283577095115059317, 0.006981752327905621849, 0.007679927560696184381, 0.008378102793486746913, 0.009774453259067873712, 0.01117080372464899704 ),
 .UNSPECIFIED. ) ;
#161 = CARTESIAN_POINT ( 'NONE',  ( -16.20400726503505595, -7.969230073803873715, -22.38488195951725857 ) ) ;
#162 = CARTESIAN_POINT ( 'NONE',  ( -1229.992148496210575, -704.6803320911483297, -127.6777014496591534 ) ) ;
#163 = PLANE ( 'NONE',  #483 ) ;
#164 = ORIENTED_EDGE ( 'NONE', *, *, #2617, .F. ) ;
#165 = CARTESIAN_POINT ( 'NONE',  ( -19.59318359663556919, -6.543694933574711214, -10.80019953360744012 ) ) ;
#166 = CARTESIAN_POINT ( 'NONE',  ( -4829.341758808673148, -9929.975900233694119, -41402.25043120213377 ) ) ;
#167 = CARTESIAN_POINT ( 'NONE',  ( 6.831341758808671116, 135.5088421962166478, -791.4196812130651324 ) ) ;
#168 = CARTESIAN_POINT ( 'NONE',  ( -302.3745308049462892, -243.4147118254439874, -364.2963754643275820 ) ) ;
#169 = EDGE_CURVE ( 'NONE', #2756, #1803, #2356, .T. ) ;
#170 = CARTESIAN_POINT ( 'NONE',  ( 2.000000000000000000, 3.367393464374681233, -8.518718776078729960 ) ) ;
#171 = LINE ( 'NONE', #1501, #1371 ) ;
#172 = AXIS2_PLACEMENT_3D ( 'NONE', #1203, #1438, #1217 ) ;
#173 = CARTESIAN_POINT ( 'NONE',  ( -147.7715945230686998, -88.84279772611000681, -22.10983821544876449 ) ) ;
#174 = CARTESIAN_POINT ( 'NONE',  ( -12.49402527642601335, -173.2304749780527118, -945.4340296442733234 ) ) ;
#175 = CARTESIAN_POINT ( 'NONE',  ( -16.00129869522248072, -7.771304668696771500, -21.64407136316751235 ) ) ;
#176 = CARTESIAN_POINT ( 'NONE',  ( -1229.992148496210575, 376.3607355772276151, -616.9445860429760842 ) ) ;
#177 = VECTOR ( 'NONE', #109, 1000.000000000000000 ) ;
#178 = CARTESIAN_POINT ( 'NONE',  ( -70.47012638213007563, 21.10295335951205331, 34.87704414115439988 ) ) ;
#179 = VERTEX_POINT ( 'NONE', #1951 ) ;
#180 = CARTESIAN_POINT ( 'NONE',  ( -19.91494402357856330, -6.206183274690482143, -20.89760319217519680 ) ) ;
#181 = CARTESIAN_POINT ( 'NONE',  ( -4829.341758808673148, -2710.169239323459806, 714.9996009558608421 ) ) ;
#182 = CARTESIAN_POINT ( 'NONE',  ( 6.831341758808671116, -1.236924003617475565, -8.135054789974841327 ) ) ;
#183 = CARTESIAN_POINT ( 'NONE',  ( -302.3745308049462892, -62.10628954002385171, 163.2205108214180882 ) ) ;
#184 = LINE ( 'NONE', #2160, #2261 ) ;
#185 = EDGE_CURVE ( 'NONE', #2242, #2727, #2105, .T. ) ;
#186 = CARTESIAN_POINT ( 'NONE',  ( -611.5804033687013543, -616.9281620933630848, -1486.613521705325184 ) ) ;
#187 = CARTESIAN_POINT ( 'NONE',  ( -19.90511382186863543, -6.570203403242641294, -22.10428593324617097 ) ) ;
#188 = CARTESIAN_POINT ( 'NONE',  ( -147.7715945230686998, -6927.338089812248654, 39870.73341360201448 ) ) ;
#189 = CARTESIAN_POINT ( 'NONE',  ( -2.831341758808670672, 388.6126136562540410, -2234.899591654684627 ) ) ;
#190 = CARTESIAN_POINT ( 'NONE',  ( -2.831341758808668896, 900.3827397403503028, 5207.346550620782182 ) ) ;
#191 = CARTESIAN_POINT ( 'NONE',  ( -16.26436054250032370, -8.002489718465673363, -22.49761861195307233 ) ) ;
#192 = CARTESIAN_POINT ( 'NONE',  ( -1229.992148496210575, 967.7225738816937337, 1406.797719370335017 ) ) ;
#193 = B_SPLINE_CURVE_WITH_KNOTS ( 'NONE', 3,
 ( #363, #545, #2793, #2130, #2528, #1861, #2097, #515, #1627, #2545, #2807, #1029, #1406, #2144, #2745, #105, #2574, #2114, #2084, #136, #1012, #331, #1906, #2296, #743, #119, #1189, #1424 ),
 .UNSPECIFIED., .F., .F.,
 ( 4, 2, 2, 2, 2, 2, 2, 2, 2, 2, 2, 2, 2, 4 ),
 ( 0.000000000000000000, 0.0004019630091596136331, 0.0008039260183192272662, 0.001205889027478840953, 0.001607852036638454532, 0.002411778054957682341, 0.002813741064117295486, 0.003215704073276908197, 0.003617667082436521776, 0.004019630091596134921, 0.004823556109915361212, 0.005627482128234588370, 0.006029445137394203250, 0.006431408146553816395 ),
 .UNSPECIFIED. ) ;
#194 = CARTESIAN_POINT ( 'NONE',  ( -70.47012638213007563, 35.95519748361933665, 22.60682546483189981 ) ) ;
#195 = ORIENTED_EDGE ( 'NONE', *, *, #984, .F. ) ;
#196 = CARTESIAN_POINT ( 'NONE',  ( -19.54293950674893665, -6.041199415994208621, -20.21345311253801924 ) ) ;
#197 = CARTESIAN_POINT ( 'NONE',  ( -12.49402527642600624, -0.8098666169934745085, -19.56812939498583148 ) ) ;
#198 = CARTESIAN_POINT ( 'NONE',  ( -2466.815638751231745, 1408.494657079764011, 235.3266880030419941 ) ) ;
#199 = CARTESIAN_POINT ( 'NONE',  ( 7.088850564204843607, 0.04637976320165047850, -4.756457336513356005 ) ) ;
#200 = CARTESIAN_POINT ( 'NONE',  ( -302.3745308049462892, -2241.268416098161197, -12018.91648543279734 ) ) ;
#201 = DIRECTION ( 'NONE',  ( 0.000000000000000000, 0.000000000000000000, -1.000000000000000000 ) ) ;
#202 = LINE ( 'NONE', #2439, #2301 ) ;
#203 = CARTESIAN_POINT ( 'NONE',  ( -147.7715945230686998, 1443.000281292995851, 7877.463082940907952 ) ) ;
#204 = CARTESIAN_POINT ( 'NONE',  ( -2.831341758808670672, 5.997051337114509550, -3.510485664161036024 ) ) ;
#205 = CARTESIAN_POINT ( 'NONE',  ( -2.831341758808668896, 303.3175926403274048, 1724.325098493814721 ) ) ;
#206 = CARTESIAN_POINT ( 'NONE',  ( -14.99999999999998579, 1.358094810837593425, 14.76591210639149132 ) ) ;
#207 = CARTESIAN_POINT ( 'NONE',  ( -1229.992148496210575, 673.9301510129720327, -256.0715865149478532 ) ) ;
#208 = CARTESIAN_POINT ( 'NONE',  ( -70.47012638213007563, 44.85440241432159070, 1.569276555862280320 ) ) ;
#209 = VERTEX_POINT ( 'NONE', #832 ) ;
#210 = LINE ( 'NONE', #1936, #708 ) ;
#211 = CARTESIAN_POINT ( 'NONE',  ( -12.49402527642600624, 173.2304749769949410, 932.4340296445527656 ) ) ;
#212 = CARTESIAN_POINT ( 'NONE',  ( -4829.341758808673148, -3778.187976144495678, -5515.362829836746641 ) ) ;
#213 = CARTESIAN_POINT ( 'NONE',  ( 7.088850564204843607, -2.835904787702656638, -18.34276464234161352 ) ) ;
#214 = FACE_BOUND ( 'NONE', #1890, .T. ) ;
#215 = DIRECTION ( 'NONE',  ( 0.000000000000000000, 0.8081879620703794620, 0.5889246284241532736 ) ) ;
#216 = CARTESIAN_POINT ( 'NONE',  ( -70.47012638213001878, 50.68218371306053882, 19.42749545874819361 ) ) ;
#217 = CARTESIAN_POINT ( 'NONE',  ( -2.831341758808670672, -3.739407273389233399, -0.3491439731454692441 ) ) ;
#218 = CARTESIAN_POINT ( 'NONE',  ( -2.831341758808668896, 28.47808048317415697, 121.0295094194967760 ) ) ;
#219 = VECTOR ( 'NONE', #1930, 1000.000000000000114 ) ;
#220 = CARTESIAN_POINT ( 'NONE',  ( -17.99999999999998579, -9.767503125963541422, 1.025854853659557087 ) ) ;
#221 = CARTESIAN_POINT ( 'NONE',  ( -611.5804033687008996, -9201.965418236750338, 51555.03224273712840 ) ) ;
#222 = PRODUCT_RELATED_PRODUCT_CATEGORY ( 'part', '', ( #2334 ) ) ;
#223 = CARTESIAN_POINT ( 'NONE',  ( -70.47012638213007563, 12.60613005717115165, 38.34556001744824272 ) ) ;
#224 = ORIENTED_EDGE ( 'NONE', *, *, #1942, .T. ) ;
#225 = CARTESIAN_POINT ( 'NONE',  ( -18.52652596480377767, -5.800640970566489862, -13.94996761870873137 ) ) ;
#226 = CARTESIAN_POINT ( 'NONE',  ( -12.49402527642600624, 1484.991023355114976, 8584.681352510449869 ) ) ;
#227 = CARTESIAN_POINT ( 'NONE',  ( 7.088850564204843607, -0.04637976320162284088, -4.756457336513449263 ) ) ;
#228 = CARTESIAN_POINT ( 'NONE',  ( 5.135455745832697261, -0.4532601176501615536, -9.310256218888676827 ) ) ;
#229 = CARTESIAN_POINT ( 'NONE',  ( 7.088850564204843607, 3.894121314619229501, 11.51594474706172733 ) ) ;
#230 = CARTESIAN_POINT ( 'NONE',  ( -70.47012638213001878, -30.39405739652003646, -41.29828158377915770 ) ) ;
#231 = CARTESIAN_POINT ( 'NONE',  ( -2.831341758808668896, 132.7275506117495070, 729.1761121718242293 ) ) ;
#232 = DIRECTION ( 'NONE',  ( 1.000000000000000000, -0.000000000000000000, -0.000000000000000000 ) ) ;
#233 = CARTESIAN_POINT ( 'NONE',  ( -611.5804033687008996, -4447.175553295903228, 23817.63110493468776 ) ) ;
#234 = CARTESIAN_POINT ( 'NONE',  ( -70.47012638213007563, -35.95519748362091406, 22.60682546483182875 ) ) ;
#235 = ORIENTED_EDGE ( 'NONE', *, *, #1813, .F. ) ;
#236 = CARTESIAN_POINT ( 'NONE',  ( -4829.341758808669510, -16081.76382433185063, 77276.13803254863888 ) ) ;
#237 = CARTESIAN_POINT ( 'NONE',  ( -2.831341758808668896, -47.43252959775419697, 231.6016190106532804 ) ) ;
#238 = CARTESIAN_POINT ( 'NONE',  ( 6.831341758808671116, -135.5088421961579854, -791.4196812127232761 ) ) ;
#239 = ORIENTED_EDGE ( 'NONE', *, *, #595, .F. ) ;
#240 = CARTESIAN_POINT ( 'NONE',  ( -17.99999999999998579, -10.63079359151815417, -7.193819002577345856 ) ) ;
#241 = CARTESIAN_POINT ( 'NONE',  ( -13.99999999999998579, 2.038460479787476132, -10.01596974572903775 ) ) ;
#242 = CARTESIAN_POINT ( 'NONE',  ( -70.47012638213004720, -42.81226155546657708, -23.08065217248408629 ) ) ;
#243 = CARTESIAN_POINT ( 'NONE',  ( 6.831341758808669340, 0.8660071025331111949, -7.028714896275856994 ) ) ;
#244 = CARTESIAN_POINT ( 'NONE',  ( -611.5804033687008996, -396.7990016796262012, 189.4745801400181051 ) ) ;
#245 = CARTESIAN_POINT ( 'NONE',  ( -70.47012638213007563, -219.6878413781127506, -1018.333883882150985 ) ) ;
#246 = EDGE_LOOP ( 'NONE', ( #685, #2483, #1827, #739 ) ) ;
#247 = CARTESIAN_POINT ( 'NONE',  ( -4829.341758808669510, 1471.193713224576641, -2388.029366054978709 ) ) ;
#248 = CARTESIAN_POINT ( 'NONE',  ( -2.831341758808668896, -75.86420326938711867, 397.4597833975300318 ) ) ;
#249 = CARTESIAN_POINT ( 'NONE',  ( -2466.815638751231745, -671.6894828634161740, 1259.436304008643901 ) ) ;
#250 = CARTESIAN_POINT ( 'NONE',  ( 7.088850564204843607, 0.5975757579457602331, -5.503819843344436968 ) ) ;
#251 = DIRECTION ( 'NONE',  ( 1.000000000000000000, -0.000000000000000000, -0.000000000000000000 ) ) ;
#252 = DIRECTION ( 'NONE',  ( 1.000000000000000000, -0.000000000000000000, -0.000000000000000000 ) ) ;
#253 = ADVANCED_FACE ( 'NONE', ( #1507 ), #2398, .T. ) ;
#254 = CARTESIAN_POINT ( 'NONE',  ( -70.47012638213001878, 744.1881582629979448, 4065.043365197397634 ) ) ;
#255 = CARTESIAN_POINT ( 'NONE',  ( 2.000000000000000000, 781.0875329364979507, 4527.938906296977621 ) ) ;
#256 = CARTESIAN_POINT ( 'NONE',  ( -611.5804033687008996, -2069.780620825479218, 9948.930536033467433 ) ) ;
#257 = CARTESIAN_POINT ( 'NONE',  ( -31.81939231166069959, -41.45629935805953892, -110.6826293764843143 ) ) ;
#258 = ORIENTED_EDGE ( 'NONE', *, *, #932, .F. ) ;
#259 = CARTESIAN_POINT ( 'NONE',  ( -4829.341758808669510, -43764.80948275186529, 238767.1322386537213 ) ) ;
#260 = CARTESIAN_POINT ( 'NONE',  ( -2.831341758808668896, 3.739407273389256492, -12.65085602685454624 ) ) ;
#261 = AXIS2_PLACEMENT_3D ( 'NONE', #398, #1900, #2787 ) ;
#262 = DIRECTION ( 'NONE',  ( 0.000000000000000000, -1.000000000000000000, 0.000000000000000000 ) ) ;
#263 = CARTESIAN_POINT ( 'NONE',  ( 2.000000000000000000, 3.615281809519890199, -7.500000000000007105 ) ) ;
#264 = VECTOR ( 'NONE', #1081, 1000.000000000000000 ) ;
#265 = CARTESIAN_POINT ( 'NONE',  ( 2.000000000000000000, -1.427957507579942220, -2.155997991934967661 ) ) ;
#266 = EDGE_CURVE ( 'NONE', #468, #1626, #2629, .T. ) ;
#267 = CARTESIAN_POINT ( 'NONE',  ( -70.47012638213001878, 4992.640725043708699, 28848.69016384845963 ) ) ;
#268 = CARTESIAN_POINT ( 'NONE',  ( 2.000000000000000000, 31.38214792119766017, 154.4799609391777153 ) ) ;
#269 = CARTESIAN_POINT ( 'NONE',  ( -611.5804033687008996, 881.0831545844546326, 3014.580251584525740 ) ) ;
#270 = CARTESIAN_POINT ( 'NONE',  ( -31.81939231166069959, 3.221074216107956190, 17.54989474656831305 ) ) ;
#271 = VERTEX_POINT ( 'NONE', #206 ) ;
#272 = FACE_OUTER_BOUND ( 'NONE', #2730, .T. ) ;
#273 = CARTESIAN_POINT ( 'NONE',  ( -17.99999999999998579, 40.00000000000000000, -10.01596974572903775 ) ) ;
#274 = CARTESIAN_POINT ( 'NONE',  ( -16.98015964880544715, -8.827902054868150827, -10.29057400550928669 ) ) ;
#275 = CARTESIAN_POINT ( 'NONE',  ( 2.000000000000000000, 10.02302014299217170, -42.87999098596385750 ) ) ;
#276 = DIRECTION ( 'NONE',  ( 0.000000000000000000, 0.000000000000000000, 1.000000000000000000 ) ) ;
#277 = CARTESIAN_POINT ( 'NONE',  ( -31.81939231166067827, -60.05239395774730582, 206.1642544789709746 ) ) ;
#278 = CARTESIAN_POINT ( 'NONE',  ( 6.831341758808669340, -3.091508509056198672, 5.953903221217967889 ) ) ;
#279 = CARTESIAN_POINT ( 'NONE',  ( -302.3745308049460618, -94.20243798220609222, -160.5039447512923516 ) ) ;
#280 = CARTESIAN_POINT ( 'NONE',  ( -1229.992148496211485, -1230.764815677687011, -2954.273140189422520 ) ) ;
#281 = CARTESIAN_POINT ( 'NONE',  ( -31.81939231166069959, -11.90626785032489821, 14.37542437455162414 ) ) ;
#282 = CARTESIAN_POINT ( 'NONE',  ( -1229.992148496211485, 18328.51053224244242, -102695.1754934737837 ) ) ;
#283 = EDGE_CURVE ( 'NONE', #1874, #468, #1938, .T. ) ;
#284 = VERTEX_POINT ( 'NONE', #292 ) ;
#285 = CARTESIAN_POINT ( 'NONE',  ( -4829.341758808669510, 5828.783950808864574, 17464.65869696382651 ) ) ;
#286 = CARTESIAN_POINT ( 'NONE',  ( -1229.992148496211485, -568.8861901900023668, 435.0901846265963968 ) ) ;
#287 = CARTESIAN_POINT ( 'NONE',  ( -17.99999999999998579, -5.791487207780978252, -14.01596974572903775 ) ) ;
#288 = ORIENTED_EDGE ( 'NONE', *, *, #354, .F. ) ;
#289 = FACE_OUTER_BOUND ( 'NONE', #1262, .T. ) ;
#290 = CARTESIAN_POINT ( 'NONE',  ( -14.99999999999998579, -7.766201332492603804, 5.394453194279235753 ) ) ;
#291 = CARTESIAN_POINT ( 'NONE',  ( -2.831341758808670672, -644.4976767000629252, -3727.623071136686121 ) ) ;
#292 = CARTESIAN_POINT ( 'NONE',  ( -17.99999999999998579, 6.291795583749760112, 8.954372407198690098 ) ) ;
#293 = CARTESIAN_POINT ( 'NONE',  ( -31.81939231166067827, -41.45629935808731403, 97.68262937645094723 ) ) ;
#294 = CARTESIAN_POINT ( 'NONE',  ( 6.831341758808669340, 0.2296374123122351119, -8.300426358876595856 ) ) ;
#295 = CARTESIAN_POINT ( 'NONE',  ( -302.3745308049460618, -50.28833296749683512, -180.1704389424088220 ) ) ;
#296 = CARTESIAN_POINT ( 'NONE',  ( -611.5804033687013543, 25.64112574138433231, 352.4508110543997645 ) ) ;
#297 = CARTESIAN_POINT ( 'NONE',  ( -31.81939231166069959, -10.60962223848180663, 15.12608833684008047 ) ) ;
#298 = CARTESIAN_POINT ( 'NONE',  ( -1229.992148496211485, 2545.976024644271092, -10626.65024428860852 ) ) ;
#299 = VERTEX_POINT ( 'NONE', #5 ) ;
#300 = CARTESIAN_POINT ( 'NONE',  ( -2466.815638751229926, 1137.345915743424030, -888.0724343989901399 ) ) ;
#301 = EDGE_CURVE ( 'NONE', #1845, #1857, #2210, .T. ) ;
#302 = DIRECTION ( 'NONE',  ( 0.000000000000000000, 0.000000000000000000, -1.000000000000000000 ) ) ;
#303 = ORIENTED_EDGE ( 'NONE', *, *, #491, .T. ) ;
#304 = AXIS2_PLACEMENT_3D ( 'NONE', #1611, #9, #448 ) ;
#305 = CARTESIAN_POINT ( 'NONE',  ( -16.97169169603839123, -7.683364177576669896, -13.73656855051430270 ) ) ;
#306 = LINE ( 'NONE', #1218, #2715 ) ;
#307 = CARTESIAN_POINT ( 'NONE',  ( 2.000000000000000000, 0.8304416476948088821, -1.912214646601589685 ) ) ;
#308 = DIRECTION ( 'NONE',  ( 1.000000000000000000, -0.000000000000000000, -0.000000000000000000 ) ) ;
#309 = CARTESIAN_POINT ( 'NONE',  ( -31.81939231166067827, 22.47278612093820271, -13.05902958237296474 ) ) ;
#310 = CARTESIAN_POINT ( 'NONE',  ( 7.088850564204843607, 1.777688260822621880, -0.8304154623710838790 ) ) ;
#311 = CARTESIAN_POINT ( 'NONE',  ( -302.3745308049460618, -310.0098353013049746, 739.7837124630817698 ) ) ;
#312 = CARTESIAN_POINT ( 'NONE',  ( -611.5804033687013543, -100.5312701812644463, 338.9369441756748529 ) ) ;
#313 = CARTESIAN_POINT ( 'NONE',  ( -12.49402527642601335, 7.249177134466163075, 4.001285694832320772 ) ) ;
#314 = ORIENTED_EDGE ( 'NONE', *, *, #2868, .F. ) ;
#315 = CARTESIAN_POINT ( 'NONE',  ( -2466.815638751229926, -6658.211985916187587, 30376.26863779280029 ) ) ;
#316 = DIRECTION ( 'NONE',  ( 1.000000000000000000, -0.000000000000000000, -0.000000000000000000 ) ) ;
#317 = ORIENTED_EDGE ( 'NONE', *, *, #2542, .F. ) ;
#318 = PLANE ( 'NONE',  #172 ) ;
#319 = DIRECTION ( 'NONE',  ( 0.000000000000000000, 0.000000000000000000, 1.000000000000000000 ) ) ;
#320 = CARTESIAN_POINT ( 'NONE',  ( 2.000000000000000000, -18.56667125428418430, -92.71997896722349708 ) ) ;
#321 = DIRECTION ( 'NONE',  ( -1.000000000000000000, 0.000000000000000000, 0.000000000000000000 ) ) ;
#322 = CARTESIAN_POINT ( 'NONE',  ( -31.81939231166067827, -22.47278612093442973, -13.05902958237158273 ) ) ;
#323 = CARTESIAN_POINT ( 'NONE',  ( 6.831341758808669340, 25.34652257428972888, 135.7800843963124464 ) ) ;
#324 = CARTESIAN_POINT ( 'NONE',  ( -302.3745308049460618, 62.10628954002950053, -176.2205108214213567 ) ) ;
#325 = CARTESIAN_POINT ( 'NONE',  ( -1229.992148496211485, -53839.21317433163495, -309849.3573040975025 ) ) ;
#326 = CARTESIAN_POINT ( 'NONE',  ( -31.81939231166069959, -1901.065759321281348, -10958.84513963182690 ) ) ;
#327 = CARTESIAN_POINT ( 'NONE',  ( -1229.992148496211485, 611.6141865289790758, 371.1726242391904975 ) ) ;
#328 = ORIENTED_EDGE ( 'NONE', *, *, #1813, .T. ) ;
#329 = CARTESIAN_POINT ( 'NONE',  ( -2466.815638751229926, 671.6894828633804764, -1272.436304008612069 ) ) ;
#330 = ORIENTED_EDGE ( 'NONE', *, *, #1297, .T. ) ;
#331 = CARTESIAN_POINT ( 'NONE',  ( -19.24242148980281542, -8.765710519582368576, -10.42734573000993414 ) ) ;
#332 = PLANE ( 'NONE',  #995 ) ;
#333 = CARTESIAN_POINT ( 'NONE',  ( 6.831341758808671116, 45.37603523267642913, -265.6236474539196024 ) ) ;
#334 = CARTESIAN_POINT ( 'NONE',  ( 2.656707445415016799, -3.152283858135031647, -5.120849779610818331 ) ) ;
#335 = CARTESIAN_POINT ( 'NONE',  ( -31.81939231166067827, 25.95955385834043838, 7.281275124361838991 ) ) ;
#336 = EDGE_CURVE ( 'NONE', #179, #1526, #1384, .T. ) ;
#337 = CARTESIAN_POINT ( 'NONE',  ( 6.831341758808669340, 3.091508509056439813, 5.953903221232168086 ) ) ;
#338 = CARTESIAN_POINT ( 'NONE',  ( -611.5804033687008996, 9201.965418139368921, 51555.03224276504625 ) ) ;
#339 = CARTESIAN_POINT ( 'NONE',  ( -611.5804033687013543, 48428.98180397018587, -280401.5916297154035 ) ) ;
#340 = CARTESIAN_POINT ( 'NONE',  ( -12.49402527642601335, -11.64621430541628833, -2.820892155285263936 ) ) ;
#341 = CARTESIAN_POINT ( 'NONE',  ( -20.00112731030814572, -7.710359077218620349, -21.38547060741366224 ) ) ;
#342 = CARTESIAN_POINT ( 'NONE',  ( -57.99999999999997868, -9.014417667377397692, -6.015969745729036866 ) ) ;
#343 = CARTESIAN_POINT ( 'NONE',  ( -2466.815638751229926, -1408.494657079763556, -248.3266880030424488 ) ) ;
#344 = CARTESIAN_POINT ( 'NONE',  ( 1.999999999999999112, 0.4182178271285733606, -1.822572148370575906 ) ) ;
#345 = ORIENTED_EDGE ( 'NONE', *, *, #93, .F. ) ;
#346 = CARTESIAN_POINT ( 'NONE',  ( -16.18476152803459911, -7.898411980672731758, -12.86560434115092910 ) ) ;
#347 = CARTESIAN_POINT ( 'NONE',  ( -4829.341758808673148, 99130.90079953936220, -561762.1206510775955 ) ) ;
#348 = CARTESIAN_POINT ( 'NONE',  ( 6.831341758808671116, -0.8196424898975637197, -5.700813892942821148 ) ) ;
#349 = CARTESIAN_POINT ( 'NONE',  ( -302.3745308049462892, -1641.912304816346023, -8522.530452442255410 ) ) ;
#350 = VECTOR ( 'NONE', #2055, 1000.000000000000000 ) ;
#351 = CARTESIAN_POINT ( 'NONE',  ( 2.000000000000000000, 1.033552333849200311, -11.02071623334388661 ) ) ;
#352 = CARTESIAN_POINT ( 'NONE',  ( -12.49402527642600624, 5.362956677966230323, -18.25061043468279109 ) ) ;
#353 = CARTESIAN_POINT ( 'NONE',  ( 7.088850564204843607, -0.6753793786369195473, -7.260811404783715339 ) ) ;
#354 = EDGE_CURVE ( 'NONE', #2253, #2710, #1993, .T. ) ;
#355 = CARTESIAN_POINT ( 'NONE',  ( -147.7715945230686998, 87.43221701406118029, -30.33856000832003019 ) ) ;
#356 = VECTOR ( 'NONE', #1064, 1000.000000000000000 ) ;
#357 = CARTESIAN_POINT ( 'NONE',  ( -31.81939231166069959, -896.8766509411416337, -5100.837384093941182 ) ) ;
#358 = CARTESIAN_POINT ( 'NONE',  ( -19.93342465124232277, -7.868250286320725984, -22.02325234042625013 ) ) ;
#359 = DIRECTION ( 'NONE',  ( 1.000000000000000000, 0.000000000000000000, 0.000000000000000000 ) ) ;
#360 = CARTESIAN_POINT ( 'NONE',  ( -2466.815638751229926, -401.9888934638667024, -1382.535975575371594 ) ) ;
#361 = CARTESIAN_POINT ( 'NONE',  ( 1.999999999999999112, 1.033552333849201865, -1.979283766656166232 ) ) ;
#362 = ORIENTED_EDGE ( 'NONE', *, *, #1316, .F. ) ;
#363 = CARTESIAN_POINT ( 'NONE',  ( -17.99999999999998579, -7.624402662878261516, -14.01596974572903775 ) ) ;
#364 = CARTESIAN_POINT ( 'NONE',  ( -2466.815638751231745, 752.5717990372639861, 1212.532107765275668 ) ) ;
#365 = CARTESIAN_POINT ( 'NONE',  ( 6.831341758808671116, -8.655262025304796936, -51.41044851498856616 ) ) ;
#366 = CARTESIAN_POINT ( 'NONE',  ( -147.7715945230688135, 4185.169185556807861, -23887.09824827895864 ) ) ;
#367 = CARTESIAN_POINT ( 'NONE',  ( 2.000000000000000000, -1.619246583839732523, -10.73435932745840482 ) ) ;
#368 = CARTESIAN_POINT ( 'NONE',  ( 7.088850564204843607, 0.1758041209447538944, -8.151736382822175386 ) ) ;
#369 = CARTESIAN_POINT ( 'NONE',  ( -147.7715945230686998, -100.1274434226217807, 43.71993612748435964 ) ) ;
#370 = CARTESIAN_POINT ( 'NONE',  ( -12.49402527642601335, 27.47930293508713007, -95.18432710388887585 ) ) ;
#371 = LINE ( 'NONE', #1259, #219 ) ;
#372 = CARTESIAN_POINT ( 'NONE',  ( -17.99999999999998579, -9.014417667377397692, -6.015969745729036866 ) ) ;
#373 = CARTESIAN_POINT ( 'NONE',  ( -1229.992148496210575, -1230.764815678051718, 2941.273140188673096 ) ) ;
#374 = EDGE_CURVE ( 'NONE', #1637, #1874, #1784, .T. ) ;
#375 = VERTEX_POINT ( 'NONE', #2285 ) ;
#376 = DIRECTION ( 'NONE',  ( 0.000000000000000000, 0.000000000000000000, 1.000000000000000000 ) ) ;
#377 = CARTESIAN_POINT ( 'NONE',  ( -4829.341758808673148, -13005.86986227829402, -59345.69423188483051 ) ) ;
#378 = CARTESIAN_POINT ( 'NONE',  ( 6.831341758808671116, 0.008858258142489968540, -4.589376464995273963 ) ) ;
#379 = LINE ( 'NONE', #1941, #1889 ) ;
#380 = CARTESIAN_POINT ( 'NONE',  ( 7.088850564204843607, 2.835904787720926024, 5.342764642345320780 ) ) ;
#381 = CARTESIAN_POINT ( 'NONE',  ( -147.7715945230686998, 12.83086754975131250, -96.96978124350093253 ) ) ;
#382 = CARTESIAN_POINT ( 'NONE',  ( -2.831341758808670672, 19.00085592608509799, -78.74345462382653693 ) ) ;
#383 = CARTESIAN_POINT ( 'NONE',  ( -14.99999999999998579, 4.691951022655672432, -0.7717745150778129171 ) ) ;
#384 = CARTESIAN_POINT ( 'NONE',  ( -1229.992148496210575, 335.9028869904158228, -640.4057182705689684 ) ) ;
#385 = CARTESIAN_POINT ( 'NONE',  ( -147.7715945230688135, -1443.000281306317902, -7890.463082938576008 ) ) ;
#386 = CARTESIAN_POINT ( 'NONE',  ( 1.999999999999999112, -2.647010439472069265, -3.173384482778458526 ) ) ;
#387 = ORIENTED_EDGE ( 'NONE', *, *, #1670, .F. ) ;
#388 = EDGE_CURVE ( 'NONE', #2292, #2307, #19, .T. ) ;
#389 = CARTESIAN_POINT ( 'NONE',  ( -17.99999999999998579, 3.013858819636164643, -8.646311956659927134 ) ) ;
#390 = CARTESIAN_POINT ( 'NONE',  ( -4829.341758808673148, -2223.192813382728218, 1715.507278691240344 ) ) ;
#391 = CARTESIAN_POINT ( 'NONE',  ( 6.831341758808671116, -0.4264646365288134455, -4.892065145952478211 ) ) ;
#392 = DIRECTION ( 'NONE',  ( 0.000000000000000000, 0.000000000000000000, 1.000000000000000000 ) ) ;
#393 = CARTESIAN_POINT ( 'NONE',  ( -611.5804033687013543, -484.8506658451017870, -716.1301567661789704 ) ) ;
#394 = LINE ( 'NONE', #1282, #1139 ) ;
#395 = VECTOR ( 'NONE', #1671, 1000.000000000000114 ) ;
#396 = CARTESIAN_POINT ( 'NONE',  ( -147.7715945230686998, -190.4046089947159146, 570.3581308709492532 ) ) ;
#397 = CARTESIAN_POINT ( 'NONE',  ( -12.49402527642601335, -63.91709594582620468, -307.7467527389713950 ) ) ;
#398 = CARTESIAN_POINT ( 'NONE',  ( 2.000000000000000000, 0.000000000000000000, -6.500000000000007105 ) ) ;
#399 = CARTESIAN_POINT ( 'NONE',  ( -2.831341758808668896, 19.00085592603094753, 65.74345462383065808 ) ) ;
#400 = CARTESIAN_POINT ( 'NONE',  ( -17.99999999999998579, -4.712409282093623197, -19.49556487584381514 ) ) ;
#401 = CARTESIAN_POINT ( 'NONE',  ( -1229.992148496210575, 704.6803320911481023, -127.6777014496593381 ) ) ;
#402 = CARTESIAN_POINT ( 'NONE',  ( -147.7715945230688135, -2357.056582722958865, -13222.67480471754243 ) ) ;
#403 = ORIENTED_EDGE ( 'NONE', *, *, #2487, .F. ) ;
#404 = CARTESIAN_POINT ( 'NONE',  ( -19.23614394806642025, -5.854398371525018518, -13.59380156117598304 ) ) ;
#405 = CARTESIAN_POINT ( 'NONE',  ( -12.49402527642600624, -126.3818839644872156, 659.1394823989038514 ) ) ;
#406 = CARTESIAN_POINT ( 'NONE',  ( -4829.341758808673148, 785.8763356127844872, 2681.939429623387241 ) ) ;
#407 = CARTESIAN_POINT ( 'NONE',  ( 7.088850564204843607, 33.52418406750336288, -197.3649876791498343 ) ) ;
#408 = CARTESIAN_POINT ( 'NONE',  ( -302.3745308049462892, -84.06294008569672371, 153.3827789670405082 ) ) ;
#409 = CARTESIAN_POINT ( 'NONE',  ( -57.99999999999997868, -10.63079359151815595, -7.193819002577344968 ) ) ;
#410 = DIRECTION ( 'NONE',  ( -1.000000000000000000, 0.000000000000000000, 0.000000000000000000 ) ) ;
#411 = CARTESIAN_POINT ( 'NONE',  ( -147.7715945230686998, 528.9439798853479715, 2545.251361160366741 ) ) ;
#412 = CARTESIAN_POINT ( 'NONE',  ( -2.831341758808670672, 3.088821050480448527, 0.1116543341859290162 ) ) ;
#413 = CARTESIAN_POINT ( 'NONE',  ( 2.000000000000000000, 0.4182178271285772464, -11.17742785162941921 ) ) ;
#414 = DIRECTION ( 'NONE',  ( 1.000000000000000000, -0.000000000000000000, -0.000000000000000000 ) ) ;
#415 = CARTESIAN_POINT ( 'NONE',  ( -1229.992148496210575, 1756.849299253329036, 6010.223981830310549 ) ) ;
#416 = CARTESIAN_POINT ( 'NONE',  ( -70.47012638213007563, -23.66286358345080032, 33.39378442837256955 ) ) ;
#417 = ORIENTED_EDGE ( 'NONE', *, *, #440, .F. ) ;
#418 = CARTESIAN_POINT ( 'NONE',  ( -19.98110010362602296, -6.471877472465756398, -21.80923117845779657 ) ) ;
#419 = CARTESIAN_POINT ( 'NONE',  ( -12.49402527642600624, 63.91709594548495943, 294.7467527390614919 ) ) ;
#420 = CARTESIAN_POINT ( 'NONE',  ( -2466.815638751231745, 2458.438122846472652, -5889.592377158455747 ) ) ;
#421 = CARTESIAN_POINT ( 'NONE',  ( 7.088850564204843607, 43.04813280951018584, -252.9236086216058368 ) ) ;
#422 = CARTESIAN_POINT ( 'NONE',  ( 3.285244484955464728, -2.659286412390870602, -8.242036249363525968 ) ) ;
#423 = CARTESIAN_POINT ( 'NONE',  ( -611.5804033687013543, -1673.548132079454035, -7650.480441218493979 ) ) ;
#424 = LINE ( 'NONE', #2205, #2674 ) ;
#425 = ADVANCED_FACE ( 'NONE', ( #1101 ), #2644, .T. ) ;
#426 = CARTESIAN_POINT ( 'NONE',  ( -70.47012638213001878, 3.212891693546374494, -53.04064697492908920 ) ) ;
#427 = CARTESIAN_POINT ( 'NONE',  ( -2.831341758808670672, -15.84178107368820321, -60.31476969192550541 ) ) ;
#428 = CARTESIAN_POINT ( 'NONE',  ( 2.000000000000000000, 1.033552333849200533, -11.02071623334388839 ) ) ;
#429 = CARTESIAN_POINT ( 'NONE',  ( -57.99999999999997868, 1.358094810837592759, 9.765912106391487768 ) ) ;
#430 = CARTESIAN_POINT ( 'NONE',  ( -611.5804033687008996, -100.5312701812639631, -351.9369441756892343 ) ) ;
#431 = CARTESIAN_POINT ( 'NONE',  ( -70.47012638213007563, 30.39405739652079674, 28.29828158377685199 ) ) ;
#432 = ORIENTED_EDGE ( 'NONE', *, *, #2458, .T. ) ;
#433 = CARTESIAN_POINT ( 'NONE',  ( -19.72352573510041296, -6.099499517667846149, -20.46895300393684636 ) ) ;
#434 = CARTESIAN_POINT ( 'NONE',  ( -12.49402527642600624, -360.6248390340469427, 2025.612218624060006 ) ) ;
#435 = CARTESIAN_POINT ( 'NONE',  ( -2466.815638751231745, -107452.7846995034924, -618381.4988932234701 ) ) ;
#436 = CARTESIAN_POINT ( 'NONE',  ( 7.088850564204843607, 0.07134431837258135845, -4.769644661539224728 ) ) ;
#437 = CARTESIAN_POINT ( 'NONE',  ( -14.99999999999998579, -3.562302626111383486, -7.500000000000007105 ) ) ;
#438 = CARTESIAN_POINT ( 'NONE',  ( -18.26588045317072684, -8.328292036074980587, -23.48220120559740920 ) ) ;
#439 = CARTESIAN_POINT ( 'NONE',  ( -70.47012638213001878, -744.1881582702593505, 4065.043365195059323 ) ) ;
#440 = EDGE_CURVE ( 'NONE', #1655, #2253, #2454, .T. ) ;
#441 = CARTESIAN_POINT ( 'NONE',  ( 2.000000000000000000, 1.427957507579924901, -10.84400200806509851 ) ) ;
#442 = VECTOR ( 'NONE', #2068, 1000.000000000000000 ) ;
#443 = DIRECTION ( 'NONE',  ( 0.000000000000000000, 0.000000000000000000, -1.000000000000000000 ) ) ;
#444 = CARTESIAN_POINT ( 'NONE',  ( -611.5804033687008996, 347.2699405865530480, -99.45668171210830621 ) ) ;
#445 = CARTESIAN_POINT ( 'NONE',  ( -70.47012638213007563, 4992.640725090359410, -28861.69016384438510 ) ) ;
#446 = ORIENTED_EDGE ( 'NONE', *, *, #1474, .T. ) ;
#447 = VECTOR ( 'NONE', #2057, 1000.000000000000114 ) ;
#448 = DIRECTION ( 'NONE',  ( 0.000000000000000000, -0.1623079398385591232, -0.9867401545824323605 ) ) ;
#449 = CARTESIAN_POINT ( 'NONE',  ( -12.49402527642600624, -173.2304749783991724, 932.4340296439351050 ) ) ;
#450 = CARTESIAN_POINT ( 'NONE',  ( -1229.992148496211485, 32532.79158908079989, -185556.8482177404512 ) ) ;
#451 = CARTESIAN_POINT ( 'NONE',  ( 7.088850564204843607, 0.01247467545484140169, -4.741266070736588567 ) ) ;
#452 = CARTESIAN_POINT ( 'NONE',  ( 4.193945314074265518, 1.826797949510777341, -8.766674917668106914 ) ) ;
#453 = CARTESIAN_POINT ( 'NONE',  ( -70.47012638213001878, 23.66286358345075413, -46.39378442837120531 ) ) ;
#454 = CARTESIAN_POINT ( 'NONE',  ( 2.000000000000000000, -12.15893292085027788, 42.33998798124419238 ) ) ;
#455 = CARTESIAN_POINT ( 'NONE',  ( -1229.992148496210575, 25430.65106040239698, 144113.0118556295929 ) ) ;
#456 = CARTESIAN_POINT ( 'NONE',  ( -31.81939231166069959, -19.63674194077383461, 6.709837005351844574 ) ) ;
#457 = ORIENTED_EDGE ( 'NONE', *, *, #1596, .T. ) ;
#458 = CARTESIAN_POINT ( 'NONE',  ( -4829.341758808669510, 200.4612000605982018, -2800.576464995272090 ) ) ;
#459 = ADVANCED_FACE ( 'NONE', ( #733 ), #861, .T. ) ;
#460 = CARTESIAN_POINT ( 'NONE',  ( -2.831341758808668896, -15.84178107371763211, 47.31476969190140380 ) ) ;
#461 = CARTESIAN_POINT ( 'NONE',  ( -2466.815638751231745, -964.0496892734398671, 1052.429568124688785 ) ) ;
#462 = CARTESIAN_POINT ( 'NONE',  ( 7.088850564204843607, -0.6753793786372689345, -5.739188595216083932 ) ) ;
#463 = CARTESIAN_POINT ( 'NONE',  ( -57.99999999999997868, -10.63079359151815595, -7.193819002577344968 ) ) ;
#464 = CARTESIAN_POINT ( 'NONE',  ( -70.47012638213001878, -12.60613005717149093, -51.34556001744852693 ) ) ;
#465 = CARTESIAN_POINT ( 'NONE',  ( 2.000000000000000000, 12.15893292080535559, 42.33998798128543228 ) ) ;
#466 = CARTESIAN_POINT ( 'NONE',  ( -611.5804033687008996, -881.0831545902675543, 3014.580251582858637 ) ) ;
#467 = CARTESIAN_POINT ( 'NONE',  ( -31.81939231166069959, -22.86020475842734356, -2.201004273930900812 ) ) ;
#468 = VERTEX_POINT ( 'NONE', #2657 ) ;
#469 = CARTESIAN_POINT ( 'NONE',  ( -4829.341758808669510, -200.4612000606022093, -2800.576464995272090 ) ) ;
#470 = CARTESIAN_POINT ( 'NONE',  ( -2.831341758808668896, 2.002960860931427334, -13.64293519505940289 ) ) ;
#471 = FACE_OUTER_BOUND ( 'NONE', #47, .T. ) ;
#472 = ADVANCED_FACE ( 'NONE', ( #1317 ), #656, .T. ) ;
#473 = CARTESIAN_POINT ( 'NONE',  ( -57.99999999999997868, -24.77408292774981291, -17.50000000000002132 ) ) ;
#474 = CARTESIAN_POINT ( 'NONE',  ( -14.99999999999998757, -3.562302626111383486, -5.500000000000007105 ) ) ;
#475 = CARTESIAN_POINT ( 'NONE',  ( -2.831341758808670672, 1156.267802788143399, -6713.070030103391218 ) ) ;
#476 = CARTESIAN_POINT ( 'NONE',  ( -70.47012638213001878, 3576.489869450138031, 20587.47456429810700 ) ) ;
#477 = CARTESIAN_POINT ( 'NONE',  ( 6.831341758808669340, -0.8196424898972138884, -7.299186107056975459 ) ) ;
#478 = CARTESIAN_POINT ( 'NONE',  ( -611.5804033687008996, 616.9281620906476746, 1473.613521705779704 ) ) ;
#479 = CARTESIAN_POINT ( 'NONE',  ( -31.81939231166069959, 15.33509559205398176, 11.78003502666533464 ) ) ;
#480 = AXIS2_PLACEMENT_3D ( 'NONE', #2282, #1174, #1598 ) ;
#481 = ORIENTED_EDGE ( 'NONE', *, *, #637, .F. ) ;
#482 = CARTESIAN_POINT ( 'NONE',  ( -4829.341758808669510, 3778.187976133821394, 5502.362829838511971 ) ) ;
#483 = AXIS2_PLACEMENT_3D ( 'NONE', #2169, #975, #1934 ) ;
#484 = ORIENTED_EDGE ( 'NONE', *, *, #794, .T. ) ;
#485 = DIRECTION ( 'NONE',  ( 0.000000000000000000, 0.5704855479167127985, 0.8213076400583205761 ) ) ;
#486 = VECTOR ( 'NONE', #2665, 1000.000000000000000 ) ;
#487 = CARTESIAN_POINT ( 'NONE',  ( 2.000000000000000000, -3.562302626111383486, -5.500000000000007105 ) ) ;
#488 = CARTESIAN_POINT ( 'NONE',  ( 2.000000000000000000, -31.38214792122501251, -167.4799609391293416 ) ) ;
#489 = DIRECTION ( 'NONE',  ( -1.000000000000000000, 0.000000000000000000, 0.000000000000000000 ) ) ;
#490 = CARTESIAN_POINT ( 'NONE',  ( -31.81939231166067827, 227.4172453526916797, 1182.498880402371697 ) ) ;
#491 = EDGE_CURVE ( 'NONE', #284, #2697, #1117, .T. ) ;
#492 = CARTESIAN_POINT ( 'NONE',  ( 6.831341758808669340, 0.01780977156010189397, -8.409932580923888068 ) ) ;
#493 = CARTESIAN_POINT ( 'NONE',  ( -302.3745308049460618, 6436.761195007452443, 36480.61871637736476 ) ) ;
#494 = CARTESIAN_POINT ( 'NONE',  ( -31.81939231166069959, 18.19083106007412098, 8.857380159439712131 ) ) ;
#495 = ORIENTED_EDGE ( 'NONE', *, *, #772, .T. ) ;
#496 = CARTESIAN_POINT ( 'NONE',  ( -4829.341758808669510, -34537.12759661186283, 184936.8008366186987 ) ) ;
#497 = CARTESIAN_POINT ( 'NONE',  ( -1229.992148496211485, -611.6141865290346686, 371.1726242391897586 ) ) ;
#498 = ORIENTED_EDGE ( 'NONE', *, *, #2311, .T. ) ;
#499 = CARTESIAN_POINT ( 'NONE',  ( 2.331260294505250297, 3.388453976189670591, -7.691253220204457897 ) ) ;
#500 = DIRECTION ( 'NONE',  ( -1.000000000000000000, 0.000000000000000000, 0.000000000000000000 ) ) ;
#501 = CARTESIAN_POINT ( 'NONE',  ( 2.000000000000000000, 3.526285443777219974, -4.980833458528289626 ) ) ;
#502 = CARTESIAN_POINT ( 'NONE',  ( -302.3745308049462892, 2241.268416098435864, -12018.91648543450174 ) ) ;
#503 = CARTESIAN_POINT ( 'NONE',  ( -17.99999999999998579, 0.000000000000000000, -6.500000000000007105 ) ) ;
#504 = CARTESIAN_POINT ( 'NONE',  ( -31.81939231166067827, 32.15825205816662447, 43.44181682522369670 ) ) ;
#505 = CARTESIAN_POINT ( 'NONE',  ( 6.831341758808669340, -0.1162911174511551404, -8.375132532525681128 ) ) ;
#506 = EDGE_CURVE ( 'NONE', #1227, #299, #673, .T. ) ;
#507 = CARTESIAN_POINT ( 'NONE',  ( -611.5804033687008996, 37730.70460747049947, 217979.4390696697519 ) ) ;
#508 = CARTESIAN_POINT ( 'NONE',  ( -611.5804033687013543, 100.5312701812611778, 338.9369441756869037 ) ) ;
#509 = CARTESIAN_POINT ( 'NONE',  ( -31.81939231166069959, 10.60962223848159169, 15.12608833684011422 ) ) ;
#510 = ORIENTED_EDGE ( 'NONE', *, *, #1688, .T. ) ;
#511 = CARTESIAN_POINT ( 'NONE',  ( -2466.815638751229926, -5083.296787265259809, 21188.89004005404786 ) ) ;
#512 = B_SPLINE_SURFACE_WITH_KNOTS ( 'NONE', 1, 3, ( 
 ( #2069, #1892, #2746, #997, #347, #2085, #78, #1672, #2761, #744, #2529, #1425, #1907, #2313, #531, #776, #2098, #760, #1657, #791, #2546, #2560, #559, #1233, #2131, #137, #1687, #2283, #406, #2592, #1749, #1529, #1719, #588, #574, #1030, #1922, #1293, #2606, #390, #1937, #1264, #181, #1483, #1514, #2621, #212, #2375, #2157, #1078, #166, #377, #821, #1042, #1970, #2405, #1277, #2855, #602, #2824, #617, #1497 ),
 ( #2389, #2361, #2172, #807, #1061, #1956, #1704, #635, #1093, #2187, #2422, #2636, #1985, #2870, #420, #153, #2808, #2840, #198, #868, #2202, #837, #852, #1468, #1734, #364, #2575, #1251, #2217, #1765, #1339, #649, #2233, #1146, #2245, #249, #1544, #1791, #461, #921, #26, #1778, #1134, #2701, #2028, #61, #894, #2675, #1364, #1558, #1806, #1109, #2051, #699, #676, #1157, #2650, #1572, #2436, #435, #2450, #2000 ),
 ( #2689, #11, #881, #450, #1622, #282, #2109, #2321, #1856, #1169, #1870, #298, #2726, #2755, #1841, #989, #929, #941, #753, #525, #1650, #327, #1415, #1198, #2539, #1433, #1213, #2772, #769, #1665, #1829, #1584, #2712, #2027, #25, #1612, #1790, #2498, #1363, #286, #497, #1391, #2279, #944, #904, #56, #1825, #280, #2061, #1868, #2739, #723, #1181, #2077, #2336, #2753, #538, #2092, #1413, #325, #1635, #1663 ),
 ( #339, #1242, #1211, #2137, #2521, #2785, #1620, #783, #1883, #2107, #1679, #1020, #2567, #2319, #971, #767, #2352, #2536, #2507, #1431, #955, #523, #751, #1854, #567, #144, #1460, #2724, #508, #2289, #296, #85, #2305, #312, #1196, #99, #1648, #113, #986, #2769, #797, #2580, #2364, #1255, #1048, #1943, #393, #186, #2411, #621, #1298, #423, #2221, #871, #40, #664, #1311, #1547, #1562, #1367, #2017, #897 ),
 ( #1586, #1532, #1112, #2003, #2680, #2100, #2516, #502, #518, #2087, #108, #980, #964, #1878, #746, #2763, #2548, #548, #2330, #1220, #122, #1000, #1894, #1600, #2826, #1032, #2175, #778, #2159, #1940, #793, #1736, #562, #139, #183, #408, #1454, #809, #1044, #2146, #2594, #2562, #604, #2189, #1015, #576, #168, #2345, #1471, #155, #1266, #1690, #823, #349, #200, #1063, #590, #619, #1516, #1485, #1958, #2391 ),
 ( #1721, #1080, #1924, #366, #1499, #2608, #2842, #2377, #1253, #2796, #839, #1236, #1909, #2408, #1295, #2780, #1560, #2677, #785, #625, #1022, #1681, #2569, #1915, #2816, #2802, #801, #1712, #2600, #2382, #2164, #1053, #1948, #2832, #829, #1726, #2613, #1504, #1285, #1069, #1693, #825, #606, #2291, #988, #2401, #2865, #1074, #1525, #598, #2432, #1119, #1953, #1509, #1980, #385, #402, #1966, #2198, #2618, #864, #1273 ),
 ( #2445, #445, #631, #7, #1319, #613, #2837, #2183, #2603, #1716, #2851, #2010, #21, #877, #848, #834, #1335, #2659, #208, #2168, #2212, #2418, #194, #431, #1744, #2228, #178, #2385, #223, #2631, #1104, #658, #1289, #1058, #1774, #1089, #416, #1305, #1761, #234, #2646, #645, #1540, #1731, #1493, #1995, #1554, #1154, #1130, #940, #707, #245, #58, #1579, #905, #1388, #1840, #70, #2725, #46, #1802, #1786 ),
 ( #917, #724, #1591, #2479, #2038, #1182, #2459, #1141, #2685, #1826, #2495, #1400, #2264, #2290, #684, #2276, #2670, #1608, #928, #1376, #2062, #2079, #494, #479, #1814, #2709, #509, #695, #671, #270, #2023, #2469, #2696, #32, #1621, #297, #281, #2508, #890, #1568, #456, #1347, #2241, #467, #1168, #1358, #2252, #257, #2048, #1461, #1649, #972, #1212, #1869, #2353, #2786, #768, #357, #2108, #326, #130, #100 ),
 ( #2771, #2740, #1664, #1197, #2754, #114, #2093, #1021, #583, #1899, #1914, #2138, #2367, #370, #2801, #2522, #524, #539, #784, #1476, #145, #2554, #2568, #1855, #313, #738, #1696, #86, #1414, #956, #2538, #1636, #1432, #568, #553, #1445, #2306, #987, #2337, #1243, #2320, #752, #340, #800, #1225, #1258, #1884, #2123, #1680, #2584, #1005, #397, #2831, #2163, #174, #815, #1036, #2395, #2207, #1991, #2846, #609 ),
 ( #475, #1929, #1711, #189, #913, #2381, #2815, #2599, #594, #1489, #1270, #1962, #382, #1052, #843, #2860, #2179, #3, #2626, #1587, #204, #1947, #828, #2475, #1725, #412, #1740, #2612, #1503, #159, #1284, #1068, #641, #624, #1521, #2414, #1301, #217, #2194, #1084, #1975, #2150, #859, #1757, #1809, #2642, #1536, #2428, #427, #1314, #1099, #2692, #691, #2530, #732, #2056, #718, #2284, #2762, #291, #1162, #1191 ),
 ( #2099, #1849, #761, #2298, #924, #1149, #1658, #65, #2515, #1176, #1833, #2270, #2259, #275, #2044, #2747, #1614, #52, #1383, #501, #2314, #2070, #79, #2502, #2547, #1821, #1395, #935, #307, #94, #1877, #2733, #1369, #2719, #1863, #265, #2086, #517, #1629, #532, #2704, #963, #950, #1408, #745, #979, #1643, #702, #1426, #2489, #320, #1206, #488, #107, #1599, #2376, #2390, #2607, #2841, #838, #1498, #121 ),
 ( #1957, #603, #2145, #167, #2329, #777, #333, #2174, #547, #999, #1440, #138, #1219, #1014, #1043, #1031, #1923, #2116, #575, #1252, #822, #1908, #561, #154, #1720, #2810, #1735, #1689, #2795, #2158, #378, #1939, #2576, #1235, #1453, #2344, #1893, #2779, #792, #391, #1278, #1673, #348, #1470, #182, #808, #1706, #2362, #2561, #2132, #365, #2593, #1484, #2825, #1062, #589, #1265, #2423, #238, #1515, #2451, #1779 ),
 ( #2871, #2664, #2638, #1766, #2437, #2407, #421, #407, #1123, #662, #869, #2014, #618, #2001, #1559, #636, #1573, #1294, #2856, #27, #250, #2188, #650, #882, #1986, #436, #199, #451, #2029, #853, #1309, #12, #1079, #2203, #2651, #227, #1530, #1340, #1971, #37, #895, #1545, #462, #1351, #1323, #1792, #2234, #213, #1750, #1094, #2218, #2622, #1110, #910, #2676, #677, #2463, #2246, #1135, #2743, #2280, #2256 ) ),
 .UNSPECIFIED., .F., .F., .F.,
 ( 2, 1, 1, 1, 1, 1, 1, 1, 1, 1, 1, 1, 2 ),
 ( 4, 3, 3, 3, 3, 3, 3, 2, 2, 2, 2, 2, 2, 2, 2, 2, 2, 2, 3, 3, 3, 3, 3, 3, 4 ),
 ( -1000.000000000000000, -511.0000000000000000, -255.0000000000000000, -127.0000000000000000, -63.00000000000000000, -31.00000000000000000, -15.00000000000000000, -7.000000000000000000, -3.000000000000000000, -1.000000000000000000, 0.000000000000000000, 1.000000000000000000, 1.053299645988958089 ),
 ( -982.5261905350064353, -323.3199399735490829, -103.5845231197299654, -30.33938416845693098, -5.924337851365918617, 2.214010920997751874, 4.926793845118974779, 5.265891710634127421, 5.604989576149280950, 5.774538508906857714, 5.944087441664433591, 6.113636374422009467, 6.283185307179586232, 6.452734239937162997, 6.622283172694738873, 6.791832105452314750, 6.961381038209891514, 7.300478903725045043, 7.639576769240197684, 10.35235969336142148, 18.49070846572509197, 42.90575478281610344, 116.1508937340891379, 335.8863105879082696, 995.0925611493656788 ),
 .UNSPECIFIED. ) ;
#513 = CARTESIAN_POINT ( 'NONE',  ( -14.99999999999998579, 6.291795583749758336, 8.954372407198690098 ) ) ;
#514 = ORIENTED_EDGE ( 'NONE', *, *, #2751, .T. ) ;
#515 = CARTESIAN_POINT ( 'NONE',  ( -19.24589049283981623, -7.717170168570329558, -13.58620561970218432 ) ) ;
#516 = FACE_BOUND ( 'NONE', #2110, .T. ) ;
#517 = CARTESIAN_POINT ( 'NONE',  ( 2.000000000000000000, -1.984522342850722154, -2.524358807134347682 ) ) ;
#518 = CARTESIAN_POINT ( 'NONE',  ( -302.3745308049462892, 1641.912304816541109, -8522.530452443465038 ) ) ;
#519 = LINE ( 'NONE', #2299, #2034 ) ;
#520 = CARTESIAN_POINT ( 'NONE',  ( -31.81939231166067827, -896.8766509424473270, 5087.837384092370485 ) ) ;
#521 = CARTESIAN_POINT ( 'NONE',  ( 2.000000000000000000, 435.0696629294362197, 2509.419393054915872 ) ) ;
#522 = CARTESIAN_POINT ( 'NONE',  ( -302.3745308049460618, -142.5413960248969545, -118.1034972971658163 ) ) ;
#523 = CARTESIAN_POINT ( 'NONE',  ( -611.5804033687013543, 306.0774409350659653, 183.0627985701126192 ) ) ;
#524 = CARTESIAN_POINT ( 'NONE',  ( -12.49402527642601335, 15.33337193150398825, -24.33018522550785789 ) ) ;
#525 = CARTESIAN_POINT ( 'NONE',  ( -1229.992148496211485, 693.7202386830942942, 178.6141773171485454 ) ) ;
#526 = EDGE_LOOP ( 'NONE', ( #1320, #659 ) ) ;
#527 = CARTESIAN_POINT ( 'NONE',  ( -4829.341758808669510, 43764.80948229713977, 238767.1322387822729 ) ) ;
#528 = CYLINDRICAL_SURFACE ( 'NONE', #2452, 3.700000000000007283 ) ;
#529 = VERTEX_POINT ( 'NONE', #1601 ) ;
#530 = CARTESIAN_POINT ( 'NONE',  ( -17.45852460190361555, -7.635596194441800044, -13.95968928877668880 ) ) ;
#531 = CARTESIAN_POINT ( 'NONE',  ( -4829.341758808673148, 4803.485963492967130, -11496.51076339928113 ) ) ;
#532 = CARTESIAN_POINT ( 'NONE',  ( 2.000000000000000000, -2.647010439472069265, -3.173384482778458970 ) ) ;
#533 = CARTESIAN_POINT ( 'NONE',  ( 2.000000000000000444, -3.367393464374573320, -8.518718776079190036 ) ) ;
#534 = VECTOR ( 'NONE', #1472, 1000.000000000000000 ) ;
#535 = CARTESIAN_POINT ( 'NONE',  ( -31.81939231166067827, -3.221074216107983723, -30.54989474656811765 ) ) ;
#536 = CARTESIAN_POINT ( 'NONE',  ( 7.088850564204843607, 0.5975757579459863855, -7.496180156655585236 ) ) ;
#537 = CARTESIAN_POINT ( 'NONE',  ( -302.3745308049460618, 310.0098352998521705, 739.7837124635060491 ) ) ;
#538 = CARTESIAN_POINT ( 'NONE',  ( -1229.992148496211485, -18328.51053224021598, -102695.1754934595519 ) ) ;
#539 = CARTESIAN_POINT ( 'NONE',  ( -12.49402527642601335, 13.59823893099210856, -14.20816495716770334 ) ) ;
#540 = EDGE_LOOP ( 'NONE', ( #90, #1842, #2558, #878 ) ) ;
#541 = CARTESIAN_POINT ( 'NONE',  ( -2466.815638751229926, -2983.409855730689287, 8939.051909735711888 ) ) ;
#542 = CARTESIAN_POINT ( 'NONE',  ( 2.000000000000000000, 3.615281809519890199, -5.500000000000007105 ) ) ;
#543 = ORIENTED_EDGE ( 'NONE', *, *, #2349, .T. ) ;
#544 = EDGE_CURVE ( 'NONE', #2325, #179, #2679, .T. ) ;
#545 = CARTESIAN_POINT ( 'NONE',  ( -18.13592553721920808, -7.624402662878261516, -14.01596974572904131 ) ) ;
#546 = DIRECTION ( 'NONE',  ( 1.000000000000000000, -0.000000000000000000, -0.000000000000000000 ) ) ;
#547 = CARTESIAN_POINT ( 'NONE',  ( 6.831341758808671116, 25.34652257411193332, -148.7800843963316595 ) ) ;
#548 = CARTESIAN_POINT ( 'NONE',  ( -302.3745308049462892, 199.0179628416091759, -105.3048174650463409 ) ) ;
#549 = DIRECTION ( 'NONE',  ( -1.000000000000000000, 0.000000000000000000, 0.000000000000000000 ) ) ;
#550 = CARTESIAN_POINT ( 'NONE',  ( -31.81939231166067827, -227.4172453546872816, 1182.498880401651149 ) ) ;
#551 = CARTESIAN_POINT ( 'NONE',  ( 7.088850564204843607, -1.777688260821896682, -0.8304154623780123368 ) ) ;
#552 = CARTESIAN_POINT ( 'NONE',  ( -302.3745308049460618, 2241.268416077247821, 12005.91648543635165 ) ) ;
#553 = CARTESIAN_POINT ( 'NONE',  ( -12.49402527642601335, -3.941777915095572737, 5.887373118490324408 ) ) ;
#554 = ORIENTED_EDGE ( 'NONE', *, *, #754, .F. ) ;
#555 = CARTESIAN_POINT ( 'NONE',  ( -2466.815638751229926, -1137.345915743474279, -888.0724343989923000 ) ) ;
#556 = CARTESIAN_POINT ( 'NONE',  ( -14.99999999999998579, -9.767503125963541422, 1.025854853659557087 ) ) ;
#557 = VERTEX_POINT ( 'NONE', #1163 ) ;
#558 = FACE_OUTER_BOUND ( 'NONE', #1027, .T. ) ;
#559 = CARTESIAN_POINT ( 'NONE',  ( -4829.341758808673148, 2223.192813382624081, 1715.507278691244665 ) ) ;
#560 = ADVANCED_FACE ( 'NONE', ( #2503 ), #66, .F. ) ;
#561 = CARTESIAN_POINT ( 'NONE',  ( 6.831341758808671116, 0.4264646365289118668, -4.892065145952475547 ) ) ;
#562 = CARTESIAN_POINT ( 'NONE',  ( -302.3745308049462892, -25.64392532794320445, 172.5296299060848924 ) ) ;
#563 = CARTESIAN_POINT ( 'NONE',  ( 2.000000000000000000, -1.427957507579897589, -10.84400200806491199 ) ) ;
#564 = CARTESIAN_POINT ( 'NONE',  ( -12.49402527642600624, 3.941777915095881379, -18.88737311849043010 ) ) ;
#565 = CARTESIAN_POINT ( 'NONE',  ( 7.088850564204843607, -100.1918252622966463, 573.2753342756031998 ) ) ;
#566 = CARTESIAN_POINT ( 'NONE',  ( -147.7715945230686998, 156.5506719044543331, 372.8688078423691650 ) ) ;
#567 = CARTESIAN_POINT ( 'NONE',  ( -611.5804033687013543, 224.8549085212373484, 273.7279251094542474 ) ) ;
#568 = CARTESIAN_POINT ( 'NONE',  ( -12.49402527642601335, -3.185579329590169539, 6.139340286208176956 ) ) ;
#569 = CARTESIAN_POINT ( 'NONE',  ( -13.99999999999998401, -4.712409282093632079, -19.49556487584381159 ) ) ;
#570 = CARTESIAN_POINT ( 'NONE',  ( -2466.815638751229926, 6658.211985858049047, 30376.26863780926215 ) ) ;
#571 = CARTESIAN_POINT ( 'NONE',  ( 0.000000000000000000, 0.000000000000000000, 0.000000000000000000 ) ) ;
#572 = ORIENTED_EDGE ( 'NONE', *, *, #1885, .F. ) ;
#573 = CARTESIAN_POINT ( 'NONE',  ( -16.05534070955467030, -8.338968638694954194, -11.48327576262332350 ) ) ;
#574 = CARTESIAN_POINT ( 'NONE',  ( -4829.341758808673148, -970.4420794159868819, 2620.239677948807639 ) ) ;
#575 = CARTESIAN_POINT ( 'NONE',  ( 6.831341758808671116, 0.8660071025331107508, -5.971285103724161658 ) ) ;
#576 = CARTESIAN_POINT ( 'NONE',  ( -302.3745308049462892, -221.2163373335249048, -234.8005964646778523 ) ) ;
#577 = AXIS2_PLACEMENT_3D ( 'NONE', #2678, #2248, #1159 ) ;
#578 = CARTESIAN_POINT ( 'NONE',  ( -17.99999999999998934, -7.560999193042442279, -23.49556487584381159 ) ) ;
#579 =( GEOMETRIC_REPRESENTATION_CONTEXT ( 3 ) GLOBAL_UNCERTAINTY_ASSIGNED_CONTEXT ( ( #1381 ) ) GLOBAL_UNIT_ASSIGNED_CONTEXT ( ( #599, #117, #1873 ) ) REPRESENTATION_CONTEXT ( 'NONE', 'WORKASPACE' ) );
#580 = CARTESIAN_POINT ( 'NONE',  ( 6.831341758808669340, 1.978757805794775448, -0.5374058375218438988 ) ) ;
#581 = ADVANCED_FACE ( 'NONE', ( #2071 ), #1409, .T. ) ;
#582 = CARTESIAN_POINT ( 'NONE',  ( -147.7715945230686998, -87.43221701404607415, -30.33856000831540101 ) ) ;
#583 = CARTESIAN_POINT ( 'NONE',  ( -12.49402527642601335, 126.3818839642641478, -672.1394823992770853 ) ) ;
#584 = CARTESIAN_POINT ( 'NONE',  ( -16.39597197685026586, -7.498168824589692250, -20.29377930259445861 ) ) ;
#585 = CARTESIAN_POINT ( 'NONE',  ( -1229.992148496210575, -18328.51053225243595, 102682.1754934344499 ) ) ;
#586 = ORIENTED_EDGE ( 'NONE', *, *, #1727, .T. ) ;
#587 = CYLINDRICAL_SURFACE ( 'NONE', #2073, 2.000000000000000000 ) ;
#588 = CARTESIAN_POINT ( 'NONE',  ( -4829.341758808673148, -785.8763356128098394, 2681.939429623291289 ) ) ;
#589 = CARTESIAN_POINT ( 'NONE',  ( 6.831341758808671116, -45.37603523265703842, -265.6236474538064840 ) ) ;
#590 = CARTESIAN_POINT ( 'NONE',  ( -302.3745308049462892, -4638.692861225421439, -26004.46061739495417 ) ) ;
#591 = CARTESIAN_POINT ( 'NONE',  ( 4.954189247236091553, 0.8453451528934586845, -3.794398042871151233 ) ) ;
#592 = CARTESIAN_POINT ( 'NONE',  ( 7.088850564204843607, -2.835904787719474740, 5.342764642331462532 ) ) ;
#593 = CARTESIAN_POINT ( 'NONE',  ( -147.7715945230686998, 60.51198100545454395, -74.33477469800442350 ) ) ;
#594 = CARTESIAN_POINT ( 'NONE',  ( -2.831341758808670672, 75.86420326918802459, -410.4597833978045855 ) ) ;
#595 = EDGE_CURVE ( 'NONE', #1434, #1510, #519, .T. ) ;
#596 = CARTESIAN_POINT ( 'NONE',  ( -17.46564936685578218, -8.312863778435849227, -23.44052473629195532 ) ) ;
#597 = CARTESIAN_POINT ( 'NONE',  ( -1229.992148496210575, -53839.21317436846584, 309836.3573040218325 ) ) ;
#598 = CARTESIAN_POINT ( 'NONE',  ( -147.7715945230688135, -224.2585460841306428, -780.8474538999537344 ) ) ;
#599 =( LENGTH_UNIT ( ) NAMED_UNIT ( * ) SI_UNIT ( .MILLI., .METRE. ) );
#600 = ORIENTED_EDGE ( 'NONE', *, *, #1368, .F. ) ;
#601 = CARTESIAN_POINT ( 'NONE',  ( -18.63274838502569253, -5.916273814562162947, -19.59160474004776020 ) ) ;
#602 = CARTESIAN_POINT ( 'NONE',  ( -4829.341758808673148, -126813.9464579284249, -723253.1148571445374 ) ) ;
#603 = CARTESIAN_POINT ( 'NONE',  ( 6.831341758808671116, 315.7744561232970568, -1843.011748731356647 ) ) ;
#604 = CARTESIAN_POINT ( 'NONE',  ( -302.3745308049462892, -174.0447915381971882, 40.37793390957808271 ) ) ;
#605 = DIRECTION ( 'NONE',  ( 0.000000000000000000, 0.000000000000000000, -1.000000000000000000 ) ) ;
#606 = CARTESIAN_POINT ( 'NONE',  ( -147.7715945230688135, -87.43221701404736734, 17.33856000831763566 ) ) ;
#607 = DIRECTION ( 'NONE',  ( 0.000000000000000000, 0.000000000000000000, 1.000000000000000000 ) ) ;
#608 = CARTESIAN_POINT ( 'NONE',  ( -147.7715945230687566, -84.88678751929803923, -38.61338112864931560 ) ) ;
#609 = CARTESIAN_POINT ( 'NONE',  ( -12.49402527642601335, -1906.628342489073475, -11057.33227771406382 ) ) ;
#610 = CARTESIAN_POINT ( 'NONE',  ( 2.000000000000000000, -3.367393464374575540, -8.518718776079186483 ) ) ;
#611 = CARTESIAN_POINT ( 'NONE',  ( -16.40707193667945063, -8.067794764885466208, -22.71176231111744670 ) ) ;
#612 = CARTESIAN_POINT ( 'NONE',  ( -1229.992148496210575, 449.4801796301708805, -565.1554238600540430 ) ) ;
#613 = CARTESIAN_POINT ( 'NONE',  ( -70.47012638213007563, 1216.238443471899245, -6831.781898379884296 ) ) ;
#614 = ORIENTED_EDGE ( 'NONE', *, *, #132, .F. ) ;
#615 = DIRECTION ( 'NONE',  ( -1.000000000000000000, 0.000000000000000000, 0.000000000000000000 ) ) ;
#616 = CARTESIAN_POINT ( 'NONE',  ( -12.49402527642600624, -7.805614689820423280, -16.52091174811008756 ) ) ;
#617 = CARTESIAN_POINT ( 'NONE',  ( -4829.341758808673148, -292912.2204083367833, -1692199.080094010103 ) ) ;
#618 = CARTESIAN_POINT ( 'NONE',  ( 7.088850564204843607, 4.952337841482905567, -30.68912485178186955 ) ) ;
#619 = CARTESIAN_POINT ( 'NONE',  ( -302.3745308049462892, -6436.761195070866961, -36493.61871636656724 ) ) ;
#620 = CYLINDRICAL_SURFACE ( 'NONE', #1238, 17.50000000000000711 ) ;
#621 = CARTESIAN_POINT ( 'NONE',  ( -611.5804033687013543, -881.0831545898857939, -3027.580251583617610 ) ) ;
#622 = PLANE ( 'NONE',  #1045 ) ;
#623 = CARTESIAN_POINT ( 'NONE',  ( -147.7715945230686998, -1138.314847501705117, 6100.059175677329222 ) ) ;
#624 = CARTESIAN_POINT ( 'NONE',  ( -2.831341758808670672, -1.615487541659939241, 0.7716369976683916665 ) ) ;
#625 = CARTESIAN_POINT ( 'NONE',  ( -147.7715945230688135, 87.43221701404715418, 17.33856000831869082 ) ) ;
#626 = PRODUCT_DEFINITION_FORMATION_WITH_SPECIFIED_SOURCE ( 'ANY', '', #2334, .NOT_KNOWN. ) ;
#627 = CARTESIAN_POINT ( 'NONE',  ( 2.000000000000000000, -0.8304416476948205394, -11.08778535339843963 ) ) ;
#628 = CARTESIAN_POINT ( 'NONE',  ( -17.99999999999998579, 0.000000000000000000, -10.20000000000001528 ) ) ;
#629 = CARTESIAN_POINT ( 'NONE',  ( -1229.992148496210575, 880.0418266181786748, 895.3059124303375711 ) ) ;
#630 = AXIS2_PLACEMENT_3D ( 'NONE', #936, #1177, #2720 ) ;
#631 = CARTESIAN_POINT ( 'NONE',  ( -70.47012638213007563, 3576.489869483436905, -20600.47456429519661 ) ) ;
#632 = ORIENTED_EDGE ( 'NONE', *, *, #967, .F. ) ;
#633 = CARTESIAN_POINT ( 'NONE',  ( -20.00120339246527834, -6.156323638498596651, -12.12448269356092290 ) ) ;
#634 = CARTESIAN_POINT ( 'NONE',  ( -12.49402527642600624, 22.27390393348117570, 51.81826629887432034 ) ) ;
#635 = CARTESIAN_POINT ( 'NONE',  ( -2466.815638751231745, 17682.61837646368440, -94700.91882200018154 ) ) ;
#636 = CARTESIAN_POINT ( 'NONE',  ( 7.088850564204843607, 1.777688260813964805, -12.16958453762986281 ) ) ;
#637 = EDGE_CURVE ( 'NONE', #2555, #1787, #1714, .T. ) ;
#638 = DIRECTION ( 'NONE',  ( 1.000000000000000000, -0.000000000000000000, -0.000000000000000000 ) ) ;
#639 = FACE_OUTER_BOUND ( 'NONE', #1640, .T. ) ;
#640 = CARTESIAN_POINT ( 'NONE',  ( -147.7715945230686998, 12411.67589818476881, 71864.00374430741067 ) ) ;
#641 = CARTESIAN_POINT ( 'NONE',  ( -2.831341758808670672, -0.8186258826970745917, 0.9449231223349723319 ) ) ;
#642 = CARTESIAN_POINT ( 'NONE',  ( 2.000000000000000000, -1.033552333849220295, -11.02071623334407846 ) ) ;
#643 = CARTESIAN_POINT ( 'NONE',  ( -57.99999999999997868, 6.085182992883444442, -4.333547719951265087 ) ) ;
#644 = CARTESIAN_POINT ( 'NONE',  ( -2466.815638751229926, 17682.61837629244837, 94687.91882201508270 ) ) ;
#645 = CARTESIAN_POINT ( 'NONE',  ( -70.47012638213007563, -42.81226155546882950, 10.08065217248283929 ) ) ;
#646 = VERTEX_POINT ( 'NONE', #578 ) ;
#647 = FACE_OUTER_BOUND ( 'NONE', #2544, .T. ) ;
#648 = CARTESIAN_POINT ( 'NONE',  ( -12.49402527642600624, 27.47930293498165000, 82.18432710389772922 ) ) ;
#649 = CARTESIAN_POINT ( 'NONE',  ( -2466.815638751231745, -102.5379281911195903, 1423.571373612585148 ) ) ;
#650 = CARTESIAN_POINT ( 'NONE',  ( 7.088850564204843607, 0.3081103313297752777, -4.983670216867719382 ) ) ;
#651 = CARTESIAN_POINT ( 'NONE',  ( -17.99999999999998579, 0.000000000000000000, 0.000000000000000000 ) ) ;
#652 = EDGE_CURVE ( 'NONE', #2325, #2341, #2781, .T. ) ;
#653 = CARTESIAN_POINT ( 'NONE',  ( -18.52461677630354586, -8.309411771538432134, -23.43003988475345523 ) ) ;
#654 = CARTESIAN_POINT ( 'NONE',  ( -70.47012638213001878, -6.424338660655864786, -52.68985691221234191 ) ) ;
#655 = CARTESIAN_POINT ( 'NONE',  ( 2.000000000000000000, -18.56667125434806920, 79.71997896717734022 ) ) ;
#656 = CYLINDRICAL_SURFACE ( 'NONE', #2537, 5.000000000000004441 ) ;
#657 = CARTESIAN_POINT ( 'NONE',  ( -611.5804033687008996, -12768.05781694238431, 72358.08309608895797 ) ) ;
#658 = CARTESIAN_POINT ( 'NONE',  ( -70.47012638213007563, -3.212891693548024286, 40.04064697492911051 ) ) ;
#659 = ORIENTED_EDGE ( 'NONE', *, *, #1848, .T. ) ;
#660 = CARTESIAN_POINT ( 'NONE',  ( -17.99999999999998934, -6.827832463376207528, -10.01596974572903775 ) ) ;
#661 = CARTESIAN_POINT ( 'NONE',  ( -2.831341758808668896, -900.3827397467418905, 5207.346550616955938 ) ) ;
#662 = CARTESIAN_POINT ( 'NONE',  ( 7.088850564204843607, 14.47628658348972408, -86.24774579423785781 ) ) ;
#663 = FACE_OUTER_BOUND ( 'NONE', #957, .T. ) ;
#664 = CARTESIAN_POINT ( 'NONE',  ( -611.5804033687013543, -5635.873019527293764, -30764.98138939288765 ) ) ;
#665 = CARTESIAN_POINT ( 'NONE',  ( -70.47012638213001878, 219.6878413764906384, 1005.333883882452596 ) ) ;
#666 = CARTESIAN_POINT ( 'NONE',  ( 2.000000000000000000, -1.984522342850720822, -10.47564119286557194 ) ) ;
#667 = EDGE_CURVE ( 'NONE', #865, #557, #1221, .T. ) ;
#668 = CIRCLE ( 'NONE', #480, 4.000000000000000000 ) ;
#669 = CARTESIAN_POINT ( 'NONE',  ( -611.5804033687008996, -5635.873019531114551, 30751.98138938529519 ) ) ;
#670 = CIRCLE ( 'NONE', #998, 3.700000000000008171 ) ;
#671 = CARTESIAN_POINT ( 'NONE',  ( -31.81939231166069959, 6.325762905450435625, 16.87474686328833329 ) ) ;
#672 = ORIENTED_EDGE ( 'NONE', *, *, #2231, .T. ) ;
#673 = CIRCLE ( 'NONE', #1050, 3.700000000000007283 ) ;
#674 = CARTESIAN_POINT ( 'NONE',  ( -4829.341758808671329, -2389.933526118893496, -1479.030593953694506 ) ) ;
#675 = CARTESIAN_POINT ( 'NONE',  ( -2.831341758808668896, -7.417581467307885035, -1.828390126432431373 ) ) ;
#676 = CARTESIAN_POINT ( 'NONE',  ( -2466.815638751231745, -17682.61837646161075, -94700.91882198717212 ) ) ;
#677 = CARTESIAN_POINT ( 'NONE',  ( 7.088850564204843607, -43.04813280949109355, -252.9236086214945374 ) ) ;
#678 = DIRECTION ( 'NONE',  ( 0.5000000000000009992, 0.000000000000000000, -0.8660254037844380415 ) ) ;
#679 = CARTESIAN_POINT ( 'NONE',  ( -13.99999999999998579, -0.8101294311613326249, -14.01596974572903775 ) ) ;
#680 = CARTESIAN_POINT ( 'NONE',  ( -70.47012638213001878, 44.12592975197919287, -18.81887305768865204 ) ) ;
#681 = CARTESIAN_POINT ( 'NONE',  ( 2.000000000000000000, 3.615281809519889755, -7.500000000000011546 ) ) ;
#682 = CARTESIAN_POINT ( 'NONE',  ( -611.5804033687008996, 124.1484352732920229, -344.0425243712143129 ) ) ;
#683 = EDGE_CURVE ( 'NONE', #1434, #1389, #763, .T. ) ;
#684 = CARTESIAN_POINT ( 'NONE',  ( -31.81939231166069959, 41.45629935806271504, -110.6826293765029732 ) ) ;
#685 = ORIENTED_EDGE ( 'NONE', *, *, #169, .F. ) ;
#686 = CARTESIAN_POINT ( 'NONE',  ( 2.000000000000000000, -3.615281809519890643, -5.500000000000007105 ) ) ;
#687 = CARTESIAN_POINT ( 'NONE',  ( -2.831341758808668896, 1.615487541659911486, -13.77163699766845184 ) ) ;
#688 = CYLINDRICAL_SURFACE ( 'NONE', #2488, 2.000000000000000000 ) ;
#689 = LINE ( 'NONE', #1366, #442 ) ;
#690 = CARTESIAN_POINT ( 'NONE',  ( -17.99999999999998579, 40.00000000000000000, -14.01596974572903775 ) ) ;
#691 = CARTESIAN_POINT ( 'NONE',  ( -2.831341758808670672, -47.43252959762664034, -244.6016190107577870 ) ) ;
#692 = CARTESIAN_POINT ( 'NONE',  ( -70.47012638213001878, 21.10295335951144935, -47.87704414115355434 ) ) ;
#693 = CARTESIAN_POINT ( 'NONE',  ( 6.831341758808669340, -1.607840904707473983, -2.701175523777913590 ) ) ;
#694 = CARTESIAN_POINT ( 'NONE',  ( -611.5804033687008996, -1277.315643335338109, 5326.030346399727932 ) ) ;
#695 = CARTESIAN_POINT ( 'NONE',  ( -31.81939231166069959, 7.819412023424614056, 16.37624896535201557 ) ) ;
#696 = ORIENTED_EDGE ( 'NONE', *, *, #1457, .T. ) ;
#697 = CARTESIAN_POINT ( 'NONE',  ( -4829.341758808669510, -9929.975900238518079, 41389.25043119196926 ) ) ;
#698 = CARTESIAN_POINT ( 'NONE',  ( -2.831341758808668896, -9.523631368910320916, 10.45739982815102742 ) ) ;
#699 = CARTESIAN_POINT ( 'NONE',  ( -2466.815638751231745, -12957.87278051204339, -67138.78302876421367 ) ) ;
#700 = ORIENTED_EDGE ( 'NONE', *, *, #2274, .F. ) ;
#701 = CARTESIAN_POINT ( 'NONE',  ( -14.99999999999998579, -10.40958910399122495, -27.49556487584379738 ) ) ;
#702 = CARTESIAN_POINT ( 'NONE',  ( 2.000000000000000000, -7.887107365166831308, -30.41999399063528031 ) ) ;
#703 = DIRECTION ( 'NONE',  ( 1.000000000000000000, -0.000000000000000000, -0.000000000000000000 ) ) ;
#704 = CARTESIAN_POINT ( 'NONE',  ( -31.81939231166067827, -10.60962223848109254, -28.12608833683954046 ) ) ;
#705 = CARTESIAN_POINT ( 'NONE',  ( 2.000000000000000000, 69.82857792198228708, 378.7599068549623098 ) ) ;
#706 = CARTESIAN_POINT ( 'NONE',  ( -611.5804033687008996, 188.2552038472132949, -312.6508251818535200 ) ) ;
#707 = CARTESIAN_POINT ( 'NONE',  ( -70.47012638213007563, -167.2378096889754033, -712.3629357507469422 ) ) ;
#708 = VECTOR ( 'NONE', #836, 1000.000000000000000 ) ;
#709 = ORIENTED_EDGE ( 'NONE', *, *, #1188, .F. ) ;
#710 = CARTESIAN_POINT ( 'NONE',  ( 2.000000000000000000, 3.615281809519890199, -7.500000000000007105 ) ) ;
#711 = CARTESIAN_POINT ( 'NONE',  ( -22.61905505952017847, 0.000000000000000000, -6.500000000000007105 ) ) ;
#712 = VECTOR ( 'NONE', #1683, 1000.000000000000227 ) ;
#713 = ORIENTED_EDGE ( 'NONE', *, *, #2542, .T. ) ;
#714 = DIRECTION ( 'NONE',  ( 0.000000000000000000, 0.000000000000000000, 1.000000000000000000 ) ) ;
#715 = AXIS2_PLACEMENT_3D ( 'NONE', #51, #923, #2268 ) ;
#716 = CYLINDRICAL_SURFACE ( 'NONE', #855, 3.700000000000007283 ) ;
#717 = EDGE_CURVE ( 'NONE', #646, #2727, #2563, .T. ) ;
#718 = CARTESIAN_POINT ( 'NONE',  ( -2.831341758808670672, -218.0225716268941767, -1239.750605332451869 ) ) ;
#719 = CARTESIAN_POINT ( 'NONE',  ( -17.99999999999998579, 4.691951022655672432, -0.7717745150778129171 ) ) ;
#720 = CARTESIAN_POINT ( 'NONE',  ( -31.81939231166067827, -7.819412023424957781, -29.37624896535269059 ) ) ;
#721 = CARTESIAN_POINT ( 'NONE',  ( 6.831341758808669340, 0.1162911174511562229, -8.375132532525869422 ) ) ;
#722 = CARTESIAN_POINT ( 'NONE',  ( -302.3745308049460618, -112.5422729667768493, -147.5141757341711184 ) ) ;
#723 = CARTESIAN_POINT ( 'NONE',  ( -1229.992148496211485, -3335.102750023843782, -15230.07650674574688 ) ) ;
#724 = CARTESIAN_POINT ( 'NONE',  ( -31.81939231166069959, 2654.207590606828035, -15352.35095628787894 ) ) ;
#725 = FACE_OUTER_BOUND ( 'NONE', #2647, .T. ) ;
#726 = CARTESIAN_POINT ( 'NONE',  ( -2466.815638751229926, -671.6894828633674024, -1272.436304008612979 ) ) ;
#727 = CARTESIAN_POINT ( 'NONE',  ( -22.61905505952017847, 3.562302626111383486, -5.500000000000007105 ) ) ;
#728 = B_SPLINE_CURVE_WITH_KNOTS ( 'NONE', 3,
 ( #2438, #2639, #1531, #422, #1310, #1095, #1324, #2872, #2652, #1546, #2219, #228, #1780, #1561, #1613, #1393, #1585, #2464, #452, #896, #1793, #2474, #499, #263 ),
 .UNSPECIFIED., .F., .F.,
 ( 4, 2, 2, 2, 2, 2, 2, 2, 2, 2, 2, 4 ),
 ( 0.2529498651481539850, 0.2542735678866029359, 0.2555972706250518867, 0.2562591219942763621, 0.2569209733635008375, 0.2575828247327253129, 0.2582446761019497883, 0.2589065274711743192, 0.2595683788403987946, 0.2608920815788477454, 0.2622157843172966962, 0.2635394870557456470 ),
 .UNSPECIFIED. ) ;
#729 = ORIENTED_EDGE ( 'NONE', *, *, #2487, .T. ) ;
#730 = DIRECTION ( 'NONE',  ( -1.000000000000000000, 0.000000000000000000, 0.000000000000000000 ) ) ;
#731 = CARTESIAN_POINT ( 'NONE',  ( -14.99999999999998579, 0.000000000000000000, 0.000000000000000000 ) ) ;
#732 = CARTESIAN_POINT ( 'NONE',  ( -2.831341758808670672, -104.2958769407158144, -576.3179477846558711 ) ) ;
#733 = FACE_OUTER_BOUND ( 'NONE', #526, .T. ) ;
#734 = CARTESIAN_POINT ( 'NONE',  ( -31.81939231166067827, -2654.207590610316856, 15339.35095628050840 ) ) ;
#735 = CARTESIAN_POINT ( 'NONE',  ( 6.831341758808669340, -1.978757805794655322, -0.5374058375289432199 ) ) ;
#736 = B_SPLINE_CURVE_WITH_KNOTS ( 'NONE', 3,
 ( #542, #1654, #2372, #1449, #1480, #2821, #773, #2543, #2153, #361, #1668, #344, #1904, #2386, #2790, #2557, #804, #2112, #757, #1247, #1494, #386, #1919, #1436, #2324, #1274 ),
 .UNSPECIFIED., .F., .F.,
 ( 4, 2, 2, 2, 2, 2, 2, 2, 2, 2, 2, 2, 4 ),
 ( 0.000000000000000000, 0.001396350465581276418, 0.002792700931162556306, 0.003490876163953196467, 0.004189051396743833158, 0.004887226629534469416, 0.005585401862325109143, 0.006283577095115749737, 0.006981752327906385128, 0.007679927560697022253, 0.008378102793487661112, 0.009774453259068942301, 0.01117080372465021829 ),
 .UNSPECIFIED. ) ;
#737 = CARTESIAN_POINT ( 'NONE',  ( -302.3745308049460618, -24417.44453354420330, 141372.1997060474823 ) ) ;
#738 = CARTESIAN_POINT ( 'NONE',  ( -12.49402527642601335, 6.027969983761951589, 4.866244347641181633 ) ) ;
#739 = ORIENTED_EDGE ( 'NONE', *, *, #1831, .T. ) ;
#740 = CARTESIAN_POINT ( 'NONE',  ( -2466.815638751229926, -752.5717990372555732, -1225.532107765222690 ) ) ;
#741 = DIRECTION ( 'NONE',  ( 0.000000000000000000, 0.000000000000000000, -1.000000000000000000 ) ) ;
#742 = EDGE_LOOP ( 'NONE', ( #1214, #990, #1481, #2446, #417, #2524, #2419 ) ) ;
#743 = CARTESIAN_POINT ( 'NONE',  ( -18.53212407654247684, -8.923350671705915005, -10.08345352810907869 ) ) ;
#744 = CARTESIAN_POINT ( 'NONE',  ( -4829.341758808673148, 16081.76382432460014, -77289.13803257819382 ) ) ;
#745 = CARTESIAN_POINT ( 'NONE',  ( 2.000000000000000000, -4.327252735461045496, -9.653332331772546127 ) ) ;
#746 = CARTESIAN_POINT ( 'NONE',  ( -302.3745308049462892, 310.0098353012194821, -752.7837124633864505 ) ) ;
#747 = CARTESIAN_POINT ( 'NONE',  ( 5.202154447597459708, 0.2373524266684619299, -3.651235267692853004 ) ) ;
#748 = CARTESIAN_POINT ( 'NONE',  ( -31.81939231166067827, -1.610874975844462487, -30.72563525496692094 ) ) ;
#749 = CARTESIAN_POINT ( 'NONE',  ( 7.088850564204843607, -0.001815107347752027526, -8.261950756890561465 ) ) ;
#750 = CARTESIAN_POINT ( 'NONE',  ( -302.3745308049460618, 199.0179628413811201, 92.30481746506634977 ) ) ;
#751 = CARTESIAN_POINT ( 'NONE',  ( -611.5804033687013543, 284.6563274132523702, 215.0990597403225024 ) ) ;
#752 = CARTESIAN_POINT ( 'NONE',  ( -12.49402527642601335, -11.25636708259360752, -1.568894544640300204 ) ) ;
#753 = CARTESIAN_POINT ( 'NONE',  ( -1229.992148496211485, 704.6803320911486708, 114.6777014496589118 ) ) ;
#754 = EDGE_CURVE ( 'NONE', #891, #2555, #2147, .T. ) ;
#755 = ORIENTED_EDGE ( 'NONE', *, *, #2231, .F. ) ;
#756 = CARTESIAN_POINT ( 'NONE',  ( -2466.815638751229926, 2458.438122835420927, 5876.592377159420721 ) ) ;
#757 = CARTESIAN_POINT ( 'NONE',  ( 1.999999999999999112, -1.619246583839734743, -2.265640672541706646 ) ) ;
#758 = ORIENTED_EDGE ( 'NONE', *, *, #683, .F. ) ;
#759 = CARTESIAN_POINT ( 'NONE',  ( -16.00361830511142713, -8.249511151777152662, -11.73271942257985501 ) ) ;
#760 = CARTESIAN_POINT ( 'NONE',  ( -4829.341758808673148, 3094.655984579078904, -1527.930874129751146 ) ) ;
#761 = CARTESIAN_POINT ( 'NONE',  ( 2.000000000000000000, 435.0696629299868619, -2522.419393054899956 ) ) ;
#762 = CARTESIAN_POINT ( 'NONE',  ( 2.000000000000000000, -2.647010439472062160, -9.826615517221460649 ) ) ;
#763 = CIRCLE ( 'NONE', #2406, 5.000000000000004441 ) ;
#764 = CARTESIAN_POINT ( 'NONE',  ( -31.81939231166067827, 896.8766509339205868, 5087.837384095450034 ) ) ;
#765 = CARTESIAN_POINT ( 'NONE',  ( 7.088850564204843607, -14.47628658359283094, 73.24774579413569597 ) ) ;
#766 = CARTESIAN_POINT ( 'NONE',  ( -611.5804033687008996, 16334.15021547215292, 93161.13394949120993 ) ) ;
#767 = CARTESIAN_POINT ( 'NONE',  ( -611.5804033687013543, 484.8506658451201474, -716.1301567662856087 ) ) ;
#768 = CARTESIAN_POINT ( 'NONE',  ( -31.81939231166069959, -645.8293738461067051, -3636.335445209469526 ) ) ;
#769 = CARTESIAN_POINT ( 'NONE',  ( -1229.992148496211485, 201.0171446087926483, 682.4699546422455114 ) ) ;
#770 = ORIENTED_EDGE ( 'NONE', *, *, #1167, .T. ) ;
#771 = CARTESIAN_POINT ( 'NONE',  ( -4829.341758808669510, 25309.44571022176751, 131106.4694346543401 ) ) ;
#772 = EDGE_CURVE ( 'NONE', #2053, #1417, #2770, .T. ) ;
#773 = CARTESIAN_POINT ( 'NONE',  ( 1.999999999999999112, 1.984522342850732812, -2.524358807134337468 ) ) ;
#774 = ORIENTED_EDGE ( 'NONE', *, *, #1009, .T. ) ;
#775 = CARTESIAN_POINT ( 'NONE',  ( -17.99999999999998579, 6.085182992883445330, -4.333547719951265087 ) ) ;
#776 = CARTESIAN_POINT ( 'NONE',  ( -4829.341758808673148, 3778.187976144637105, -5515.362829837560639 ) ) ;
#777 = CARTESIAN_POINT ( 'NONE',  ( 6.831341758808671116, 75.42030422052317817, -440.8889920403014457 ) ) ;
#778 = CARTESIAN_POINT ( 'NONE',  ( -302.3745308049462892, 62.10628954002792312, 163.2205108214174629 ) ) ;
#779 = CARTESIAN_POINT ( 'NONE',  ( 4.193945314074223774, -1.826797949510644781, -4.233325082331933054 ) ) ;
#780 = CARTESIAN_POINT ( 'NONE',  ( -12.49402527642600624, -13.59823893099547654, 1.208164957162020992 ) ) ;
#781 = CARTESIAN_POINT ( 'NONE',  ( 6.831341758808669340, 5.317009915579768098, 18.93652133874019228 ) ) ;
#782 = CARTESIAN_POINT ( 'NONE',  ( -302.3745308049460618, -174.0447915381949429, -53.37793390957381945 ) ) ;
#783 = CARTESIAN_POINT ( 'NONE',  ( -611.5804033687013543, 4447.175553293471239, -23830.63110494389912 ) ) ;
#784 = CARTESIAN_POINT ( 'NONE',  ( -12.49402527642601335, 11.86310593048023065, -4.086144688827551441 ) ) ;
#785 = CARTESIAN_POINT ( 'NONE',  ( -147.7715945230688135, 88.84279772611007786, 9.109838215448723631 ) ) ;
#786 = CARTESIAN_POINT ( 'NONE',  ( -19.80840375781816931, -7.556072745944566904, -20.63136598174624936 ) ) ;
#787 = DIRECTION ( 'NONE',  ( 0.000000000000000000, 0.5800843126107878556, 0.8145564377395035915 ) ) ;
#788 = CARTESIAN_POINT ( 'NONE',  ( -2466.815638751229926, 1408.494657079763101, -248.3266880030428183 ) ) ;
#789 = CARTESIAN_POINT ( 'NONE',  ( -17.99999999999998579, -0.8101294311613281840, -14.01596974572903775 ) ) ;
#790 = ORIENTED_EDGE ( 'NONE', *, *, #1582, .T. ) ;
#791 = CARTESIAN_POINT ( 'NONE',  ( -4829.341758808673148, 2710.169239323451620, 714.9996009558905143 ) ) ;
#792 = CARTESIAN_POINT ( 'NONE',  ( 6.831341758808671116, -0.2761337875872206249, -4.738211530446185371 ) ) ;
#793 = CARTESIAN_POINT ( 'NONE',  ( -302.3745308049462892, 12.82499199976341231, 173.9307172947022480 ) ) ;
#794 = EDGE_CURVE ( 'NONE', #8, #1775, #160, .T. ) ;
#795 = CARTESIAN_POINT ( 'NONE',  ( -17.99999999999998934, 40.00000000000000000, -23.49556487584381159 ) ) ;
#796 = CARTESIAN_POINT ( 'NONE',  ( -12.49402527642600624, 11.86310593048022355, -8.913855311172474316 ) ) ;
#797 = CARTESIAN_POINT ( 'NONE',  ( -611.5804033687013543, -306.0774409350935912, 183.0627985701121361 ) ) ;
#798 = CARTESIAN_POINT ( 'NONE',  ( 7.088850564204843607, 0.003553085496283052078, -8.260885366601955937 ) ) ;
#799 = CARTESIAN_POINT ( 'NONE',  ( -147.7715945230686998, -42.08961560157091242, -87.37895574978112734 ) ) ;
#800 = CARTESIAN_POINT ( 'NONE',  ( -12.49402527642601335, -11.86310593048022710, -4.086144688827528348 ) ) ;
#801 = CARTESIAN_POINT ( 'NONE',  ( -147.7715945230688135, 42.08961560157297299, 74.37895574978296054 ) ) ;
#802 = CARTESIAN_POINT ( 'NONE',  ( -17.99999999999998579, -8.997799455947573577, 3.621365423749536738 ) ) ;
#803 = CARTESIAN_POINT ( 'NONE',  ( -1229.992148496210575, -6491.609651547094472, 33630.78155657198658 ) ) ;
#804 = CARTESIAN_POINT ( 'NONE',  ( 1.999999999999999112, -1.033552333849159011, -1.979283766656063426 ) ) ;
#805 = ORIENTED_EDGE ( 'NONE', *, *, #1617, .T. ) ;
#806 = CARTESIAN_POINT ( 'NONE',  ( -19.89521776060860248, -6.364906082624028016, -11.36429510785435149 ) ) ;
#807 = CARTESIAN_POINT ( 'NONE',  ( -2466.815638751231745, 64930.07433596535702, -370322.2767542674555 ) ) ;
#808 = CARTESIAN_POINT ( 'NONE',  ( 6.831341758808671116, -1.607840904701841822, -10.29882447622552810 ) ) ;
#809 = CARTESIAN_POINT ( 'NONE',  ( -302.3745308049462892, -112.5422729667769346, 134.5141757341650077 ) ) ;
#810 = CIRCLE ( 'NONE', #1229, 4.000000000000000000 ) ;
#811 = CARTESIAN_POINT ( 'NONE',  ( 2.000000000000000000, -3.615281809519890643, -7.500000000000007105 ) ) ;
#812 = CARTESIAN_POINT ( 'NONE',  ( 7.088850564204843607, 1.424949418523187017, -2.888142163943219654 ) ) ;
#813 = VECTOR ( 'NONE', #2734, 1000.000000000000000 ) ;
#814 = CARTESIAN_POINT ( 'NONE',  ( -147.7715945230686998, -833.6294136958870240, 4322.655268418136075 ) ) ;
#815 = CARTESIAN_POINT ( 'NONE',  ( -12.49402527642601335, -220.0790659918640699, -1218.728576889402802 ) ) ;
#816 = CARTESIAN_POINT ( 'NONE',  ( -19.98959463651541313, -7.680988097466692643, -21.25407386401494136 ) ) ;
#817 = DIRECTION ( 'NONE',  ( 1.000000000000000000, -0.000000000000000000, 0.000000000000000000 ) ) ;
#818 = CARTESIAN_POINT ( 'NONE',  ( -1229.992148496210575, -51.27339322460571935, -722.4909985737943998 ) ) ;
#819 = ORIENTED_EDGE ( 'NONE', *, *, #2141, .T. ) ;
#820 = CARTESIAN_POINT ( 'NONE',  ( -19.99859090413718476, -6.222899071340315835, -11.86689098881915250 ) ) ;
#821 = CARTESIAN_POINT ( 'NONE',  ( -4829.341758808673148, -16081.76382432289211, -77289.13803256752726 ) ) ;
#822 = CARTESIAN_POINT ( 'NONE',  ( 6.831341758808671116, 0.7377355916348692366, -5.452076783681562233 ) ) ;
#823 = CARTESIAN_POINT ( 'NONE',  ( -302.3745308049462892, -1042.556193534530848, -5026.144419451715294 ) ) ;
#824 = LINE ( 'NONE', #2204, #1753 ) ;
#825 = CARTESIAN_POINT ( 'NONE',  ( -147.7715945230688135, -84.88678751930245880, 25.61338112864702765 ) ) ;
#826 = CARTESIAN_POINT ( 'NONE',  ( -17.99999999999998579, -9.690688266389644312, 1.757234520414557855 ) ) ;
#827 = CARTESIAN_POINT ( 'NONE',  ( -147.7715945230686998, -9669.506994064611717, 55867.36857893476554 ) ) ;
#828 = CARTESIAN_POINT ( 'NONE',  ( -2.831341758808670672, 4.867556242415212786, -1.454703819604428405 ) ) ;
#829 = CARTESIAN_POINT ( 'NONE',  ( -147.7715945230688135, -31.08521667339543981, 79.30950404652327279 ) ) ;
#830 = CARTESIAN_POINT ( 'NONE',  ( 2.000000000000000000, 0.000000000000000000, -7.500000000000007105 ) ) ;
#831 = CARTESIAN_POINT ( 'NONE',  ( -2.831341758808668896, 6.232928397657456543, -8.739146975886196600 ) ) ;
#832 = CARTESIAN_POINT ( 'NONE',  ( -17.99999999999998579, 2.038460479787480129, -10.01596974572903775 ) ) ;
#833 = CARTESIAN_POINT ( 'NONE',  ( -1229.992148496210575, 201.0171446087957179, -695.4699546422507410 ) ) ;
#834 = CARTESIAN_POINT ( 'NONE',  ( -70.47012638213007563, 62.33774631070338756, -100.4210394879548573 ) ) ;
#835 = ORIENTED_EDGE ( 'NONE', *, *, #2103, .T. ) ;
#836 = DIRECTION ( 'NONE',  ( 0.000000000000000000, -1.000000000000000000, 0.000000000000000000 ) ) ;
#837 = CARTESIAN_POINT ( 'NONE',  ( -2466.815638751231745, 1222.687677716805183, 747.3922755773463678 ) ) ;
#838 = CARTESIAN_POINT ( 'NONE',  ( 2.000000000000000000, -435.0696629298611811, -2522.419393054165539 ) ) ;
#839 = CARTESIAN_POINT ( 'NONE',  ( -147.7715945230688135, 427.3821686212091322, -1965.783392073345567 ) ) ;
#840 = DIRECTION ( 'NONE',  ( -1.000000000000000000, 0.000000000000000000, 0.000000000000000000 ) ) ;
#841 = DIRECTION ( 'NONE',  ( 0.000000000000000000, -1.000000000000000000, 0.000000000000000000 ) ) ;
#842 = CARTESIAN_POINT ( 'NONE',  ( -147.7715945230686998, -1443.000281307523210, 7877.463082936523278 ) ) ;
#843 = CARTESIAN_POINT ( 'NONE',  ( -2.831341758808670672, 12.68270622129588432, -41.88608476005119741 ) ) ;
#844 = CARTESIAN_POINT ( 'NONE',  ( -19.74703127768632882, -8.002448604225484985, -22.50225696565884448 ) ) ;
#845 = CARTESIAN_POINT ( 'NONE',  ( 2.000000000000000000, -89.05179292282377901, 490.8998798124419523 ) ) ;
#846 = DIRECTION ( 'NONE',  ( 0.000000000000000000, 0.000000000000000000, -1.000000000000000000 ) ) ;
#847 = CARTESIAN_POINT ( 'NONE',  ( -1229.992148496210575, 1493.807057462783860, 4475.748561010318554 ) ) ;
#848 = CARTESIAN_POINT ( 'NONE',  ( -70.47012638213007563, 79.82109020708513469, -202.4113555317720170 ) ) ;
#849 = ORIENTED_EDGE ( 'NONE', *, *, #75, .T. ) ;
#850 = CARTESIAN_POINT ( 'NONE',  ( -19.79617721342740566, -6.437549062964677660, -11.12699414891011429 ) ) ;
#851 = CARTESIAN_POINT ( 'NONE',  ( -12.49402527642600624, -501.1706120757828558, 2845.495860359153539 ) ) ;
#852 = CARTESIAN_POINT ( 'NONE',  ( -2466.815638751231745, 1137.345915743422665, 875.0724343991473688 ) ) ;
#853 = CARTESIAN_POINT ( 'NONE',  ( 7.088850564204843607, -0.003531836052837119665, -4.737573937280854075 ) ) ;
#854 = CARTESIAN_POINT ( 'NONE',  ( -57.99999999999997868, -0.2631187128330636504, 0.3610808005705978263 ) ) ;
#855 = AXIS2_PLACEMENT_3D ( 'NONE', #2327, #546, #1013 ) ;
#856 = CARTESIAN_POINT ( 'NONE',  ( -17.99999999999998579, -23.28316702014088335, -16.41357315611220713 ) ) ;
#857 = VECTOR ( 'NONE', #2511, 1000.000000000000000 ) ;
#858 = CARTESIAN_POINT ( 'NONE',  ( -70.47012638213001878, -2160.339013878533478, 12326.25896474067667 ) ) ;
#859 = CARTESIAN_POINT ( 'NONE',  ( -2.831341758808670672, -6.232928397656925412, -4.260853024114042320 ) ) ;
#860 = CARTESIAN_POINT ( 'NONE',  ( 2.000000000000000000, -1.619246583839732745, -10.73435932745840660 ) ) ;
#861 = PLANE ( 'NONE',  #39 ) ;
#862 = CARTESIAN_POINT ( 'NONE',  ( -1229.992148496210575, -3335.102750025669138, 15217.07650674199976 ) ) ;
#863 = CIRCLE ( 'NONE', #1103, 17.50000000000001066 ) ;
#864 = CARTESIAN_POINT ( 'NONE',  ( -147.7715945230688135, -9669.506994056084295, -55880.36857894928835 ) ) ;
#865 = VERTEX_POINT ( 'NONE', #437 ) ;
#866 = CARTESIAN_POINT ( 'NONE',  ( 2.000000000000000000, 0.000000000000000000, -10.20000000000001528 ) ) ;
#867 = CARTESIAN_POINT ( 'NONE',  ( -12.49402527642600624, -63.91709594593794463, 294.7467527388621988 ) ) ;
#868 = CARTESIAN_POINT ( 'NONE',  ( -2466.815638751231745, 1386.620834876290928, 362.9291685272397672 ) ) ;
#869 = CARTESIAN_POINT ( 'NONE',  ( 7.088850564204843607, 11.30163700282078487, -67.72820548008586172 ) ) ;
#870 = LINE ( 'NONE', #1722, #356 ) ;
#871 = CARTESIAN_POINT ( 'NONE',  ( -611.5804033687013543, -3258.478087058590063, -16896.28082048824945 ) ) ;
#872 = CARTESIAN_POINT ( 'NONE',  ( -17.99999999999998934, -8.333182653751780578, -23.49556487584381159 ) ) ;
#873 = CARTESIAN_POINT ( 'NONE',  ( -70.47012638213001878, -50.68218371312103443, 19.42749545872873540 ) ) ;
#874 = CARTESIAN_POINT ( 'NONE',  ( -2.831341758808668896, 15.84178107364987653, 47.31476969194195448 ) ) ;
#875 = CARTESIAN_POINT ( 'NONE',  ( -57.99999999999997868, -23.28316702014088335, -16.41357315611220713 ) ) ;
#876 = CARTESIAN_POINT ( 'NONE',  ( -611.5804033687008996, 440.8248337614430739, 446.3023684532821562 ) ) ;
#877 = CARTESIAN_POINT ( 'NONE',  ( -70.47012638213007563, 97.30443410346690314, -304.4016715755891482 ) ) ;
#878 = ORIENTED_EDGE ( 'NONE', *, *, #637, .T. ) ;
#879 = CARTESIAN_POINT ( 'NONE',  ( -18.26902992725676356, -6.822461586857248683, -10.02973890626224573 ) ) ;
#880 = CARTESIAN_POINT ( 'NONE',  ( -12.49402527642600624, -6.027969983761940931, -17.86624434764097558 ) ) ;
#881 = CARTESIAN_POINT ( 'NONE',  ( -1229.992148496211485, 53839.21317433835065, -309849.3573041404597 ) ) ;
#882 = CARTESIAN_POINT ( 'NONE',  ( 7.088850564204843607, 0.1758041209447521458, -4.848263617177728690 ) ) ;
#883 = CARTESIAN_POINT ( 'NONE',  ( 2.000000000000000000, 3.526285443777332329, -8.019166541471733467 ) ) ;
#884 = EDGE_CURVE ( 'NONE', #1187, #1845, #2410, .T. ) ;
#885 = CARTESIAN_POINT ( 'NONE',  ( -17.99999999999998934, -5.899016427974871135, -19.49556487584380804 ) ) ;
#886 = CARTESIAN_POINT ( 'NONE',  ( -70.47012638213001878, -97.30443410351685429, 291.4016715754570441 ) ) ;
#887 = CARTESIAN_POINT ( 'NONE',  ( 2.000000000000000000, 0.2091103478552293893, -11.20000000000001528 ) ) ;
#888 = DIRECTION ( 'NONE',  ( -1.000000000000000000, 0.000000000000000000, 0.000000000000000000 ) ) ;
#889 = CARTESIAN_POINT ( 'NONE',  ( -611.5804033687008996, 241.2195226590566506, -272.5537333833565299 ) ) ;
#890 = CARTESIAN_POINT ( 'NONE',  ( -31.81939231166069959, -15.33509559205366202, 11.78003502666529556 ) ) ;
#891 = VERTEX_POINT ( 'NONE', #1517 ) ;
#892 = CARTESIAN_POINT ( 'NONE',  ( -18.52822285980967720, -6.802113225434354149, -10.08245722707724212 ) ) ;
#893 = CARTESIAN_POINT ( 'NONE',  ( -2.831341758808668896, -303.3175926424505064, 1724.325098492543702 ) ) ;
#894 = CARTESIAN_POINT ( 'NONE',  ( -2466.815638751231745, -1933.466389963048186, -2827.132844577287869 ) ) ;
#895 = CARTESIAN_POINT ( 'NONE',  ( 7.088850564204843607, -0.4134687757089613447, -5.125356685803057921 ) ) ;
#896 = CARTESIAN_POINT ( 'NONE',  ( 3.601236580803775400, 2.392648029183263247, -8.424474370963345393 ) ) ;
#897 = CARTESIAN_POINT ( 'NONE',  ( -611.5804033687013543, -48428.98180396398675, -280401.5916296763462 ) ) ;
#898 = LINE ( 'NONE', #2237, #2167 ) ;
#899 = EDGE_CURVE ( 'NONE', #1787, #2307, #379, .T. ) ;
#900 = CARTESIAN_POINT ( 'NONE',  ( -70.47012638213001878, 79.82109020675537181, 189.4113555318007229 ) ) ;
#901 = CARTESIAN_POINT ( 'NONE',  ( 6.831341758808670228, -0.7377355916351084897, -7.547923216318859652 ) ) ;
#902 = AXIS2_PLACEMENT_3D ( 'NONE', #1126, #15, #1820 ) ;
#903 = CARTESIAN_POINT ( 'NONE',  ( -1229.992148496210575, 96452.05634384958830, 558421.3754770274973 ) ) ;
#904 = CARTESIAN_POINT ( 'NONE',  ( -1229.992148496211485, -792.3610793555712917, -396.8141054901869893 ) ) ;
#905 = CARTESIAN_POINT ( 'NONE',  ( -70.47012638213007563, -586.8380632020742951, -3160.130520801978037 ) ) ;
#906 = ORIENTED_EDGE ( 'NONE', *, *, #1419, .F. ) ;
#907 = VECTOR ( 'NONE', #2354, 1000.000000000000000 ) ;
#908 = CARTESIAN_POINT ( 'NONE',  ( -4829.341758808669510, 2389.933526118764803, -1479.030593953752486 ) ) ;
#909 = CARTESIAN_POINT ( 'NONE',  ( -2.831341758808668896, -2.002960860931468190, -13.64293519505959296 ) ) ;
#910 = CARTESIAN_POINT ( 'NONE',  ( 7.088850564204843607, -24.00023532548604521, -141.8063667366326399 ) ) ;
#911 = DIRECTION ( 'NONE',  ( -0.8660254037844380415, 0.000000000000000000, -0.5000000000000009992 ) ) ;
#912 = LINE ( 'NONE', #690, #1886 ) ;
#913 = CARTESIAN_POINT ( 'NONE',  ( -2.831341758808670672, 303.3175926415996742, -1737.325098493717405 ) ) ;
#914 = CARTESIAN_POINT ( 'NONE',  ( -70.47012638213001878, 15.57468024008260521, -50.35400065907661116 ) ) ;
#915 = CARTESIAN_POINT ( 'NONE',  ( 6.831341758808669340, -5.317009915579285817, 18.93652133871178833 ) ) ;
#916 = CARTESIAN_POINT ( 'NONE',  ( -611.5804033687011270, -306.0774409351094505, -196.0627985701057412 ) ) ;
#917 = CARTESIAN_POINT ( 'NONE',  ( -31.81939231166069959, 3407.349421892059127, -19745.85677294204652 ) ) ;
#918 = EDGE_LOOP ( 'NONE', ( #1541, #33, #345, #2170, #973 ) ) ;
#919 = CARTESIAN_POINT ( 'NONE',  ( -4829.341758808669510, 3436.421980354647530, 3508.646851984292880 ) ) ;
#920 = CARTESIAN_POINT ( 'NONE',  ( -2.831341758808668896, 4.867556242415222556, -11.54529618039517125 ) ) ;
#921 = CARTESIAN_POINT ( 'NONE',  ( -2466.815638751231745, -1137.345915743476098, 875.0724343991452088 ) ) ;
#922 = SURFACE_STYLE_FILL_AREA ( #1201 ) ;
#923 = DIRECTION ( 'NONE',  ( -1.000000000000000000, 0.000000000000000000, 0.000000000000000000 ) ) ;
#924 = CARTESIAN_POINT ( 'NONE',  ( 2.000000000000000000, 204.3910829249847154, -1176.739717560200916 ) ) ;
#925 = CARTESIAN_POINT ( 'NONE',  ( -31.81939231166067827, 6.325762905450520890, -29.87474686328851092 ) ) ;
#926 = CARTESIAN_POINT ( 'NONE',  ( 2.000000000000000000, 18.56667125426945475, 79.71997896724953137 ) ) ;
#927 = CARTESIAN_POINT ( 'NONE',  ( -611.5804033687008996, -48428.98180399873672, 280388.5916296072537 ) ) ;
#928 = CARTESIAN_POINT ( 'NONE',  ( -31.81939231166069959, 22.86020475842735067, -2.201004273930940780 ) ) ;
#929 = CARTESIAN_POINT ( 'NONE',  ( -1229.992148496211485, 880.0418266200192647, -908.3059124301748852 ) ) ;
#930 = ORIENTED_EDGE ( 'NONE', *, *, #1533, .F. ) ;
#931 = CARTESIAN_POINT ( 'NONE',  ( -4829.341758808669510, -13005.86986228518435, 59332.69423187030770 ) ) ;
#932 = EDGE_CURVE ( 'NONE', #1417, #1874, #184, .T. ) ;
#933 = CARTESIAN_POINT ( 'NONE',  ( -17.99999999999998579, -5.712568895714291273, 1.339423232082685988 ) ) ;
#934 = FACE_OUTER_BOUND ( 'NONE', #2281, .T. ) ;
#935 = CARTESIAN_POINT ( 'NONE',  ( 2.000000000000000000, 1.033552333849201865, -1.979283766656166677 ) ) ;
#936 = CARTESIAN_POINT ( 'NONE',  ( -17.99999999999998934, 40.00000000000000000, -21.49556487584380804 ) ) ;
#937 = CARTESIAN_POINT ( 'NONE',  ( -31.81939231166067827, 14.26871685662032085, -25.70214503078839030 ) ) ;
#938 = CARTESIAN_POINT ( 'NONE',  ( 2.000000000000000000, 24.97440958773355746, 117.0999699532136162 ) ) ;
#939 = CARTESIAN_POINT ( 'NONE',  ( -302.3745308049460618, -84.06294008569068410, -166.3827789670365860 ) ) ;
#940 = CARTESIAN_POINT ( 'NONE',  ( -70.47012638213007563, -114.7877779998380277, -406.3919876193429559 ) ) ;
#941 = CARTESIAN_POINT ( 'NONE',  ( -1229.992148496211485, 792.3610793555837972, -396.8141054902579867 ) ) ;
#942 = ORIENTED_EDGE ( 'NONE', *, *, #283, .F. ) ;
#943 = CARTESIAN_POINT ( 'NONE',  ( -4829.341758808669510, 209863.0834309755010, 1207713.097475933610 ) ) ;
#944 = CARTESIAN_POINT ( 'NONE',  ( -1229.992148496211485, -704.6803320911484434, 114.6777014496599918 ) ) ;
#945 = DIRECTION ( 'NONE',  ( 0.5000000000000009992, 0.000000000000000000, 0.8660254037844380415 ) ) ;
#946 = AXIS2_PLACEMENT_3D ( 'NONE', #1964, #2849, #846 ) ;
#947 = ORIENTED_EDGE ( 'NONE', *, *, #1903, .F. ) ;
#948 = CARTESIAN_POINT ( 'NONE',  ( -14.99999999999998579, -5.712568895714291273, 1.339423232082685988 ) ) ;
#949 = PLANE ( 'NONE',  #2216 ) ;
#950 = CARTESIAN_POINT ( 'NONE',  ( 2.000000000000000000, -3.526285443777244399, -4.980833458528431734 ) ) ;
#951 = DIRECTION ( 'NONE',  ( 0.000000000000000000, 0.000000000000000000, 1.000000000000000000 ) ) ;
#952 = CARTESIAN_POINT ( 'NONE',  ( -31.81939231166067827, 19.63674194077389146, -19.70983700535215632 ) ) ;
#953 = CARTESIAN_POINT ( 'NONE',  ( 2.000000000000000000, 50.60536292158997185, 266.6199338970699841 ) ) ;
#954 = CARTESIAN_POINT ( 'NONE',  ( -302.3745308049460618, -243.4147118254958855, 351.2963754642300955 ) ) ;
#955 = CARTESIAN_POINT ( 'NONE',  ( -611.5804033687013543, 337.3339433023318747, 118.8097548656321436 ) ) ;
#956 = CARTESIAN_POINT ( 'NONE',  ( -12.49402527642601335, 1.619441993834023208, 6.479913663746090791 ) ) ;
#957 = EDGE_LOOP ( 'NONE', ( #151, #600, #1981, #1402, #498 ) ) ;
#958 = CARTESIAN_POINT ( 'NONE',  ( -4829.341758808669510, 13005.86986217151389, 59332.69423190243106 ) ) ;
#959 = CARTESIAN_POINT ( 'NONE',  ( -57.99999999999997868, -10.40958910399123027, -27.49556487584380804 ) ) ;
#960 = ORIENTED_EDGE ( 'NONE', *, *, #336, .T. ) ;
#961 = CARTESIAN_POINT ( 'NONE',  ( -16.08988612835882037, -7.966931067216699525, -12.62295792782565229 ) ) ;
#962 = CARTESIAN_POINT ( 'NONE',  ( -14.99999999999998579, -2.748443389454014341, 12.61833984597505243 ) ) ;
#963 = CARTESIAN_POINT ( 'NONE',  ( 2.000000000000000000, -3.367393464374799805, -4.481281223921085299 ) ) ;
#964 = CARTESIAN_POINT ( 'NONE',  ( -302.3745308049462892, 443.2000822527516561, -1529.758386461394593 ) ) ;
#965 = CARTESIAN_POINT ( 'NONE',  ( 3.285244484955174737, 2.659286412391173027, -4.757963750636649003 ) ) ;
#966 = CARTESIAN_POINT ( 'NONE',  ( -31.81939231166068538, -21.77499857355084600, -15.31428769440147342 ) ) ;
#967 = EDGE_CURVE ( 'NONE', #1626, #1275, #129, .T. ) ;
#968 = CARTESIAN_POINT ( 'NONE',  ( 6.831341758808669340, 315.7744561255842086, 1830.011748731109947 ) ) ;
#969 = CARTESIAN_POINT ( 'NONE',  ( -302.3745308049460618, 112.5422729667769062, -147.5141757341709479 ) ) ;
#970 = APPLICATION_CONTEXT ( 'automotive_design' ) ;
#971 = CARTESIAN_POINT ( 'NONE',  ( -611.5804033687013543, 616.9281620933985550, -1486.613521705539370 ) ) ;
#972 = CARTESIAN_POINT ( 'NONE',  ( -31.81939231166069959, -115.8406777565884340, -544.6091297866978493 ) ) ;
#973 = ORIENTED_EDGE ( 'NONE', *, *, #185, .F. ) ;
#974 = CARTESIAN_POINT ( 'NONE',  ( -2466.815638751229926, 1347.122566434308965, -504.5952498135773112 ) ) ;
#975 = DIRECTION ( 'NONE',  ( -1.000000000000000000, 0.000000000000000000, 0.000000000000000000 ) ) ;
#976 = ORIENTED_EDGE ( 'NONE', *, *, #2829, .F. ) ;
#977 = CARTESIAN_POINT ( 'NONE',  ( -16.46760820923240232, -7.783306117220997855, -13.30797115676496922 ) ) ;
#978 = CARTESIAN_POINT ( 'NONE',  ( -17.99999999999998579, -5.712568895714290385, 5.339423232082685544 ) ) ;
#979 = CARTESIAN_POINT ( 'NONE',  ( 2.000000000000000000, -5.039223661402203014, -13.80666466354509225 ) ) ;
#980 = CARTESIAN_POINT ( 'NONE',  ( -302.3745308049462892, 642.9854526800497752, -2695.220397458406751 ) ) ;
#981 = CARTESIAN_POINT ( 'NONE',  ( 3.596139984562041203, 2.397019849862066287, -4.578468150248783175 ) ) ;
#982 = CARTESIAN_POINT ( 'NONE',  ( -31.81939231166067827, 394.7820967479989349, 2158.833506325641338 ) ) ;
#983 = CARTESIAN_POINT ( 'NONE',  ( 7.088850564204843607, -0.3081103313296684743, -8.016329783132514208 ) ) ;
#984 = EDGE_CURVE ( 'NONE', #1275, #1775, #824, .T. ) ;
#985 = CARTESIAN_POINT ( 'NONE',  ( -302.3745308049460618, 642.9854526752652646, 2682.220397458824209 ) ) ;
#986 = CARTESIAN_POINT ( 'NONE',  ( -611.5804033687013543, -241.2195226590503410, 259.5537333833375442 ) ) ;
#987 = CARTESIAN_POINT ( 'NONE',  ( -12.49402527642601335, -7.249177134466255445, 4.001285694832287021 ) ) ;
#988 = CARTESIAN_POINT ( 'NONE',  ( -147.7715945230688135, -100.1274434226117052, -56.71993612750136293 ) ) ;
#989 = CARTESIAN_POINT ( 'NONE',  ( -1229.992148496211485, 967.7225738844535954, -1419.797719370092409 ) ) ;
#990 = ORIENTED_EDGE ( 'NONE', *, *, #169, .T. ) ;
#991 = CARTESIAN_POINT ( 'NONE',  ( -2466.815638751229926, -8233.127184567114455, 39563.64723553155636 ) ) ;
#992 = CIRCLE ( 'NONE', #577, 3.700000000000007283 ) ;
#993 = DIRECTION ( 'NONE',  ( 0.000000000000000000, 0.1044528220829679527, 0.9945298426688381488 ) ) ;
#994 = VERTEX_POINT ( 'NONE', #1987 ) ;
#995 = AXIS2_PLACEMENT_3D ( 'NONE', #1204, #2778, #1439 ) ;
#996 = LINE ( 'NONE', #1467, #2813 ) ;
#997 = CARTESIAN_POINT ( 'NONE',  ( -4829.341758808673148, 126813.9464579442865, -723253.1148572440725 ) ) ;
#998 = AXIS2_PLACEMENT_3D ( 'NONE', #50, #1639, #1625 ) ;
#999 = CARTESIAN_POINT ( 'NONE',  ( 6.831341758808671116, 15.33176624482968720, -90.35830286753770224 ) ) ;
#1000 = CARTESIAN_POINT ( 'NONE',  ( -302.3745308049462892, 153.3090681381093816, 89.00788573557366590 ) ) ;
#1001 = CARTESIAN_POINT ( 'NONE',  ( 2.652268708244085449, 3.155545612154289525, -5.123412485711310360 ) ) ;
#1002 = CARTESIAN_POINT ( 'NONE',  ( -12.49402527642600624, -11.86310593048022710, -8.913855311172467211 ) ) ;
#1003 = CARTESIAN_POINT ( 'NONE',  ( 7.088850564204843607, -8.126987422207365697, 36.20866516587884121 ) ) ;
#1004 = CARTESIAN_POINT ( 'NONE',  ( -302.3745308049460618, 153.3090681381228251, -102.0078857355741064 ) ) ;
#1005 = CARTESIAN_POINT ( 'NONE',  ( -12.49402527642601335, -48.30089894122240679, -216.6485703239282259 ) ) ;
#1006 = DIRECTION ( 'NONE',  ( 0.000000000000000000, 1.000000000000000000, 0.000000000000000000 ) ) ;
#1007 = DIRECTION ( 'NONE',  ( 1.000000000000000000, -0.000000000000000000, -0.000000000000000000 ) ) ;
#1008 = CARTESIAN_POINT ( 'NONE',  ( -2466.815638751229926, -149975.4950631505344, 866427.7210320197046 ) ) ;
#1009 = EDGE_CURVE ( 'NONE', #994, #2292, #1737, .T. ) ;
#1010 = DIRECTION ( 'NONE',  ( 0.000000000000000000, 0.000000000000000000, 1.000000000000000000 ) ) ;
#1011 = ORIENTED_EDGE ( 'NONE', *, *, #2120, .T. ) ;
#1012 = CARTESIAN_POINT ( 'NONE',  ( -19.60669767967516108, -8.607439292012900367, -10.79701117884919448 ) ) ;
#1013 = DIRECTION ( 'NONE',  ( 0.000000000000000000, 0.000000000000000000, -1.000000000000000000 ) ) ;
#1014 = CARTESIAN_POINT ( 'NONE',  ( 6.831341758808671116, 4.204259212293858461, -25.44521227998883006 ) ) ;
#1015 = CARTESIAN_POINT ( 'NONE',  ( -302.3745308049462892, -199.0179628416059359, -105.3048174650278668 ) ) ;
#1016 = CARTESIAN_POINT ( 'NONE',  ( -57.99999999999997868, 1.358094810837592759, 9.765912106391487768 ) ) ;
#1017 = CARTESIAN_POINT ( 'NONE',  ( -12.49402527642600624, -17.06850493202598429, 21.45220549383099851 ) ) ;
#1018 = CARTESIAN_POINT ( 'NONE',  ( 7.088850564204843607, -1.072210576223511236, -4.945868865517661916 ) ) ;
#1019 = CARTESIAN_POINT ( 'NONE',  ( -147.7715945230686998, -12411.67589831697478, 71864.00374426750932 ) ) ;
#1020 = CARTESIAN_POINT ( 'NONE',  ( -611.5804033687013543, 1277.315643334790366, -5339.030346401807037 ) ) ;
#1021 = CARTESIAN_POINT ( 'NONE',  ( -12.49402527642601335, 173.2304749780848283, -945.4340296444610203 ) ) ;
#1022 = CARTESIAN_POINT ( 'NONE',  ( -147.7715945230688135, 84.88678751930910948, 25.61338112864686067 ) ) ;
#1023 = CARTESIAN_POINT ( 'NONE',  ( -19.33560702448113844, -7.453442153258664327, -20.00093479585865452 ) ) ;
#1024 = CARTESIAN_POINT ( 'NONE',  ( -16.98514853813273007, -7.421386119301470075, -19.76706639474162230 ) ) ;
#1025 = CARTESIAN_POINT ( 'NONE',  ( -2466.815638751229926, 22407.36397219290666, 122250.0546152461466 ) ) ;
#1026 = SHAPE_DEFINITION_REPRESENTATION ( #1945, #2037 ) ;
#1027 = EDGE_LOOP ( 'NONE', ( #2852, #1336, #2265, #328 ) ) ;
#1028 = ADVANCED_FACE ( 'NONE', ( #1267 ), #1972, .T. ) ;
#1029 = CARTESIAN_POINT ( 'NONE',  ( -19.91004879426829177, -7.966906121268256591, -12.62305606601836239 ) ) ;
#1030 = CARTESIAN_POINT ( 'NONE',  ( -4829.341758808673148, -1313.094347636417751, 2466.713477547358252 ) ) ;
#1031 = CARTESIAN_POINT ( 'NONE',  ( 6.831341758808671116, 1.978757805786692803, -12.46259416247904994 ) ) ;
#1032 = CARTESIAN_POINT ( 'NONE',  ( -302.3745308049462892, 94.20243798220707276, 147.5039447512988033 ) ) ;
#1033 = CARTESIAN_POINT ( 'NONE',  ( 2.000000000000000000, 0.2091103478552293615, -11.20000000000001350 ) ) ;
#1034 = CARTESIAN_POINT ( 'NONE',  ( 7.088850564204843607, -0.003531836052825081985, -8.262426062719164577 ) ) ;
#1035 = CARTESIAN_POINT ( 'NONE',  ( -147.7715945230686998, -111.4120891191334977, 109.5497104704174802 ) ) ;
#1036 = CARTESIAN_POINT ( 'NONE',  ( -12.49402527642601335, -360.6248390332981444, -2038.612218624790785 ) ) ;
#1037 = CARTESIAN_POINT ( 'NONE',  ( -18.89811297457622530, -7.413301490060475452, -19.70362519564233139 ) ) ;
#1038 = CARTESIAN_POINT ( 'NONE',  ( -1229.992148496210575, -693.7202386830880414, -191.6141773171243301 ) ) ;
#1039 = DIRECTION ( 'NONE',  ( 0.000000000000000000, 0.000000000000000000, -1.000000000000000000 ) ) ;
#1040 = ORIENTED_EDGE ( 'NONE', *, *, #1167, .F. ) ;
#1041 = CARTESIAN_POINT ( 'NONE',  ( -19.76166053235864339, -5.959713131370493855, -12.99796096599388839 ) ) ;
#1042 = CARTESIAN_POINT ( 'NONE',  ( -4829.341758808673148, -25309.44571045668636, -131119.4694346156029 ) ) ;
#1043 = CARTESIAN_POINT ( 'NONE',  ( 6.831341758808671116, 3.091508509040275854, -18.95390322123394000 ) ) ;
#1044 = CARTESIAN_POINT ( 'NONE',  ( -302.3745308049462892, -120.7478282233187628, 127.4077609264456754 ) ) ;
#1045 = AXIS2_PLACEMENT_3D ( 'NONE', #1082, #2640, #1312 ) ;
#1046 = FACE_OUTER_BOUND ( 'NONE', #246, .T. ) ;
#1047 = VECTOR ( 'NONE', #993, 1000.000000000000000 ) ;
#1048 = CARTESIAN_POINT ( 'NONE',  ( -611.5804033687013543, -396.7990016795944257, -202.4745801400809171 ) ) ;
#1049 = CARTESIAN_POINT ( 'NONE',  ( -17.99999999999998579, -10.63079359151815595, -7.193819002577344968 ) ) ;
#1050 = AXIS2_PLACEMENT_3D ( 'NONE', #1609, #2008, #2705 ) ;
#1051 = CARTESIAN_POINT ( 'NONE',  ( -147.7715945230686998, 190.4046089936264536, 570.3581308712779219 ) ) ;
#1052 = CARTESIAN_POINT ( 'NONE',  ( -2.831341758808670672, 15.84178107369049116, -60.31476969193887072 ) ) ;
#1053 = CARTESIAN_POINT ( 'NONE',  ( -147.7715945230688135, -6.416925128953558044, 84.67067041485348966 ) ) ;
#1054 = CARTESIAN_POINT ( 'NONE',  ( -19.98513431404963470, -7.802750204551377244, -21.77093135436226490 ) ) ;
#1055 = CARTESIAN_POINT ( 'NONE',  ( 2.000000000000000000, 3.526285443777332773, -8.019166541471735243 ) ) ;
#1056 = CARTESIAN_POINT ( 'NONE',  ( -17.99999999999998934, -8.333182653751780578, -23.49556487584381159 ) ) ;
#1057 = CARTESIAN_POINT ( 'NONE',  ( -1229.992148496210575, -792.3610793556321141, 383.8141054900631275 ) ) ;
#1058 = CARTESIAN_POINT ( 'NONE',  ( -70.47012638213007563, -12.60613005717155133, 38.34556001744689269 ) ) ;
#1059 = ORIENTED_EDGE ( 'NONE', *, *, #667, .F. ) ;
#1060 = CARTESIAN_POINT ( 'NONE',  ( -17.99999999999998934, -7.560999193042442279, -23.49556487584381159 ) ) ;
#1061 = CARTESIAN_POINT ( 'NONE',  ( -2466.815638751231745, 50755.83754811485414, -287635.8693745872588 ) ) ;
#1062 = CARTESIAN_POINT ( 'NONE',  ( 6.831341758808671116, -35.36127890337915858, -207.2018659250379642 ) ) ;
#1063 = CARTESIAN_POINT ( 'NONE',  ( -302.3745308049462892, -2840.624527379976371, -15515.30251842333564 ) ) ;
#1064 = DIRECTION ( 'NONE',  ( 0.000000000000000000, -1.000000000000000000, 0.000000000000000000 ) ) ;
#1065 = CARTESIAN_POINT ( 'NONE',  ( 7.088850564204843607, 14.47628658360226517, 73.24774579422577858 ) ) ;
#1066 = EDGE_CURVE ( 'NONE', #299, #865, #870, .T. ) ;
#1067 = CARTESIAN_POINT ( 'NONE',  ( -147.7715945230686998, -47.17605504970254771, -84.43050453601161109 ) ) ;
#1068 = CARTESIAN_POINT ( 'NONE',  ( -2.831341758808670672, -0.4093624375681824690, 0.9893764649952733192 ) ) ;
#1069 = CARTESIAN_POINT ( 'NONE',  ( -147.7715945230688135, -71.48393033071300806, 50.10571607561612950 ) ) ;
#1070 = CARTESIAN_POINT ( 'NONE',  ( -19.94177303167429116, -7.627008339835879447, -20.99925628241884823 ) ) ;
#1071 = CARTESIAN_POINT ( 'NONE',  ( -2.831341758808668896, 104.2958769403198573, 563.3179477848258330 ) ) ;
#1072 = CARTESIAN_POINT ( 'NONE',  ( -16.19247348843126844, -7.555722980668885036, -20.62945876029920456 ) ) ;
#1073 = CARTESIAN_POINT ( 'NONE',  ( -1229.992148496210575, 693.7202386832088905, -191.6141773171593456 ) ) ;
#1074 = CARTESIAN_POINT ( 'NONE',  ( -147.7715945230688135, -156.5506719051202822, -385.8688078422524654 ) ) ;
#1075 = ORIENTED_EDGE ( 'NONE', *, *, #1457, .F. ) ;
#1076 = CARTESIAN_POINT ( 'NONE',  ( -17.99999999999998934, -5.899016427974871135, -19.49556487584380804 ) ) ;
#1077 = CARTESIAN_POINT ( 'NONE',  ( -12.49402527642600624, 17.06850493198069785, 21.45220549385092568 ) ) ;
#1078 = CARTESIAN_POINT ( 'NONE',  ( -4829.341758808673148, -6854.081938189095126, -23458.80663051944066 ) ) ;
#1079 = CARTESIAN_POINT ( 'NONE',  ( 7.088850564204843607, 0.003531836052824753255, -4.737573937281040592 ) ) ;
#1080 = CARTESIAN_POINT ( 'NONE',  ( -147.7715945230688135, 9669.506994057413976, -55880.36857895741559 ) ) ;
#1081 = DIRECTION ( 'NONE',  ( 1.000000000000000000, -0.000000000000000000, -0.000000000000000000 ) ) ;
#1082 = CARTESIAN_POINT ( 'NONE',  ( -22.61905505952017847, 0.000000000000000000, -5.500000000000007105 ) ) ;
#1083 = CARTESIAN_POINT ( 'NONE',  ( -302.3745308049460618, 24417.44453327976589, 141372.1997061245784 ) ) ;
#1084 = CARTESIAN_POINT ( 'NONE',  ( -2.831341758808670672, -4.867556242415325585, -1.454703819604439730 ) ) ;
#1085 = ADVANCED_FACE ( 'NONE', ( #1046 ), #1768, .T. ) ;
#1086 = CARTESIAN_POINT ( 'NONE',  ( 2.000000000000000000, -2.647010439472062604, -9.826615517221462426 ) ) ;
#1087 = CARTESIAN_POINT ( 'NONE',  ( -14.99999999999998579, 0.000000000000000000, -6.500000000000007105 ) ) ;
#1088 = CARTESIAN_POINT ( 'NONE',  ( -1229.992148496210575, -96452.05634490770171, 558421.3754767266801 ) ) ;
#1089 = CARTESIAN_POINT ( 'NONE',  ( -70.47012638213007563, -21.10295335951251161, 34.87704414115442120 ) ) ;
#1090 = VERTEX_POINT ( 'NONE', #1959 ) ;
#1091 = CARTESIAN_POINT ( 'NONE',  ( -18.26663179282255101, -5.793312334343792891, -14.00254590871870874 ) ) ;
#1092 = CARTESIAN_POINT ( 'NONE',  ( -12.49402527642600624, 220.0790659904992310, 1205.728576889763417 ) ) ;
#1093 = CARTESIAN_POINT ( 'NONE',  ( -2466.815638751231745, 12957.87278051351495, -67138.78302877343958 ) ) ;
#1094 = CARTESIAN_POINT ( 'NONE',  ( 7.088850564204843607, -4.952337841480995095, -30.68912485177071048 ) ) ;
#1095 = CARTESIAN_POINT ( 'NONE',  ( 4.039055770269069257, -1.974907898607168422, -8.677249397857513813 ) ) ;
#1096 = AXIS2_PLACEMENT_3D ( 'NONE', #1452, #1876, #1847 ) ;
#1097 = CARTESIAN_POINT ( 'NONE',  ( -17.99999999999998579, -4.712409282093623197, -19.49556487584381514 ) ) ;
#1098 = CARTESIAN_POINT ( 'NONE',  ( -70.47012638213001878, -6408.791580703355976, 37109.90576337752282 ) ) ;
#1099 = CARTESIAN_POINT ( 'NONE',  ( -2.831341758808670672, -28.47808048326358232, -134.0295094194584067 ) ) ;
#1100 = CARTESIAN_POINT ( 'NONE',  ( 2.000000000000000000, -5.039223661408287924, 0.8066646635406923282 ) ) ;
#1101 = FACE_OUTER_BOUND ( 'NONE', #2509, .T. ) ;
#1102 = CARTESIAN_POINT ( 'NONE',  ( -611.5804033687008996, -352.7731695968406598, -67.35320817296749851 ) ) ;
#1103 = AXIS2_PLACEMENT_3D ( 'NONE', #473, #2501, #714 ) ;
#1104 = CARTESIAN_POINT ( 'NONE',  ( -70.47012638213007563, 3.212891693547720529, 40.04064697492911051 ) ) ;
#1105 = EDGE_LOOP ( 'NONE', ( #1450, #104 ) ) ;
#1106 = CARTESIAN_POINT ( 'NONE',  ( -19.90615980243912020, -6.036520271402464388, -12.63523822914500094 ) ) ;
#1107 = ADVANCED_FACE ( 'NONE', ( #2843, #663, #214 ), #620, .F. ) ;
#1108 = CARTESIAN_POINT ( 'NONE',  ( -12.49402527642600624, 1906.628342476653415, 11044.33227771734528 ) ) ;
#1109 = CARTESIAN_POINT ( 'NONE',  ( -2466.815638751231745, -6658.211985912616910, -30389.26863780025087 ) ) ;
#1110 = CARTESIAN_POINT ( 'NONE',  ( 7.088850564204843607, -14.47628658348351927, -86.24774579420166276 ) ) ;
#1111 = FACE_OUTER_BOUND ( 'NONE', #2632, .T. ) ;
#1112 = CARTESIAN_POINT ( 'NONE',  ( -302.3745308049462892, 13629.03453045443712, -78450.25111226418812 ) ) ;
#1113 = CARTESIAN_POINT ( 'NONE',  ( -17.99999999999998579, -0.8101294311613281840, -14.01596974572903775 ) ) ;
#1114 = DIRECTION ( 'NONE',  ( 0.000000000000000000, 1.000000000000000000, 0.000000000000000000 ) ) ;
#1115 = CARTESIAN_POINT ( 'NONE',  ( -70.47012638213001878, 12.60613005717133461, -51.34556001744859088 ) ) ;
#1116 = CARTESIAN_POINT ( 'NONE',  ( -2.831341758808668896, 12.68270622126880731, 28.88608476005324732 ) ) ;
#1117 = LINE ( 'NONE', #719, #2637 ) ;
#1118 = CARTESIAN_POINT ( 'NONE',  ( -611.5804033687008996, -347.2699405864926234, -99.45668171209065633 ) ) ;
#1119 = CARTESIAN_POINT ( 'NONE',  ( -147.7715945230688135, -427.3821686211617248, -1965.783392073057257 ) ) ;
#1120 = ORIENTED_EDGE ( 'NONE', *, *, #1848, .F. ) ;
#1121 = CARTESIAN_POINT ( 'NONE',  ( -4829.341758808669510, -99130.90079959189461, 561749.1206508639734 ) ) ;
#1122 = CARTESIAN_POINT ( 'NONE',  ( -2.831341758808668896, -37.95530504054322307, 176.3155642150277345 ) ) ;
#1123 = CARTESIAN_POINT ( 'NONE',  ( 7.088850564204843607, 24.00023532549654348, -141.8063667366938319 ) ) ;
#1124 = ADVANCED_FACE ( 'NONE', ( #1111 ), #2857, .F. ) ;
#1125 = CARTESIAN_POINT ( 'NONE',  ( -57.99999999999997868, -23.28316702014088335, -16.41357315611220713 ) ) ;
#1126 = CARTESIAN_POINT ( 'NONE',  ( -17.99999999999998579, -7.766201332492603804, 5.394453194279235753 ) ) ;
#1127 = CARTESIAN_POINT ( 'NONE',  ( -70.47012638213001878, -21.10295335951103368, -47.87704414115340512 ) ) ;
#1128 = CARTESIAN_POINT ( 'NONE',  ( 6.831341758808669340, -135.5088421971798880, 778.4196812121004996 ) ) ;
#1129 = CARTESIAN_POINT ( 'NONE',  ( -1229.992148496210575, 32532.79158874711720, 185543.8482177693804 ) ) ;
#1130 = CARTESIAN_POINT ( 'NONE',  ( -70.47012638213007563, -97.30443410345890243, -304.4016715755416271 ) ) ;
#1131 = EDGE_LOOP ( 'NONE', ( #2791, #1717 ) ) ;
#1132 = CARTESIAN_POINT ( 'NONE',  ( -4829.341758808669510, 1884.528729571500890, -2075.107388928277032 ) ) ;
#1133 = CARTESIAN_POINT ( 'NONE',  ( -2.831341758808668896, -4.867556242415314038, -11.54529618039518191 ) ) ;
#1134 = CARTESIAN_POINT ( 'NONE',  ( -2466.815638751231745, -1386.620834876295021, 362.9291685272244763 ) ) ;
#1135 = CARTESIAN_POINT ( 'NONE',  ( 7.088850564204843607, -128.7636714875138182, -752.9511971033731470 ) ) ;
#1136 = DIRECTION ( 'NONE',  ( 0.000000000000000000, 0.000000000000000000, 1.000000000000000000 ) ) ;
#1137 = CARTESIAN_POINT ( 'NONE',  ( -70.47012638213001878, -62.33774631071997163, 87.42103948791081791 ) ) ;
#1138 = CARTESIAN_POINT ( 'NONE',  ( 6.831341758808669340, -225.6416491613648816, 1304.215714970600175 ) ) ;
#1139 = VECTOR ( 'NONE', #2177, 1000.000000000000000 ) ;
#1140 = CARTESIAN_POINT ( 'NONE',  ( -611.5804033687008996, 168.0095890539334960, -324.3904254015473612 ) ) ;
#1141 = CARTESIAN_POINT ( 'NONE',  ( -31.81939231166069959, 311.0996710527752498, -1683.666193363797447 ) ) ;
#1142 = EDGE_LOOP ( 'NONE', ( #22, #1732, #2063, #700, #1652, #2387 ) ) ;
#1143 = VECTOR ( 'NONE', #2531, 1000.000000000000000 ) ;
#1144 = CARTESIAN_POINT ( 'NONE',  ( -4829.341758808669510, -25309.44571047185673, 131106.4694345836469 ) ) ;
#1145 = CARTESIAN_POINT ( 'NONE',  ( -2.831341758808668896, 4.040874238703881183, -12.39135010883189913 ) ) ;
#1146 = CARTESIAN_POINT ( 'NONE',  ( -2466.815638751231745, -401.9888934638685782, 1369.535975575313842 ) ) ;
#1147 = PRESENTATION_STYLE_ASSIGNMENT (( #1421 ) ) ;
#1148 = FACE_OUTER_BOUND ( 'NONE', #540, .T. ) ;
#1149 = CARTESIAN_POINT ( 'NONE',  ( 2.000000000000000000, 146.7214379237341859, -840.3197986865261555 ) ) ;
#1150 = CARTESIAN_POINT ( 'NONE',  ( -70.47012638213001878, 6408.791580637278457, 37109.90576339881227 ) ) ;
#1151 = CARTESIAN_POINT ( 'NONE',  ( 6.831341758808669340, -35.36127890364096515, 194.2018659248784047 ) ) ;
#1152 = EDGE_CURVE ( 'NONE', #8, #1775, #728, .T. ) ;
#1153 = CARTESIAN_POINT ( 'NONE',  ( -611.5804033687008996, 1277.315643325165183, 5326.030346402644682 ) ) ;
#1154 = CARTESIAN_POINT ( 'NONE',  ( -70.47012638213007563, -79.82109020707977720, -202.4113555317403268 ) ) ;
#1155 = ORIENTED_EDGE ( 'NONE', *, *, #2155, .T. ) ;
#1156 = CARTESIAN_POINT ( 'NONE',  ( -4829.341758808669510, 4803.485963471342984, 11483.51076340117106 ) ) ;
#1157 = CARTESIAN_POINT ( 'NONE',  ( -2466.815638751231745, -22407.36397241118175, -122263.0546152101306 ) ) ;
#1158 =( LENGTH_UNIT ( ) NAMED_UNIT ( * ) SI_UNIT ( .MILLI., .METRE. ) );
#1159 = DIRECTION ( 'NONE',  ( 0.000000000000000000, 0.000000000000000000, 1.000000000000000000 ) ) ;
#1160 = CARTESIAN_POINT ( 'NONE',  ( -17.99999999999998579, -10.40958910399122495, -27.49556487584379738 ) ) ;
#1161 = B_SPLINE_CURVE_WITH_KNOTS ( 'NONE', 3,
 ( #872, #2654, #438, #653, #1548, #1327, #2817, #146, #2803, #1477, #844, #2368, #358, #1054, #1682, #341, #816, #1070, #1949, #786, #1505, #1226, #1446, #1023, #2570, #2396, #1037, #1916, #2338, #1697, #2124, #2833 ),
 .UNSPECIFIED., .F., .F.,
 ( 4, 2, 2, 2, 2, 2, 2, 2, 2, 2, 2, 2, 2, 2, 2, 4 ),
 ( 0.000000000000000000, 0.0003966118577587262445, 0.0007932237155174524891, 0.001189835573276178679, 0.001586447431034904978, 0.002379671146552362997, 0.002776283004311098836, 0.003172894862069834676, 0.003569506719828570082, 0.003966118577587305488, 0.004362730435346040894, 0.004759342293104776300, 0.005155954150863511706, 0.005552566008622247112, 0.005949177866380982518, 0.006345789724139718792 ),
 .UNSPECIFIED. ) ;
#1162 = CARTESIAN_POINT ( 'NONE',  ( -2.831341758808670672, -900.3827397439642937, -5220.346550619226946 ) ) ;
#1163 = CARTESIAN_POINT ( 'NONE',  ( 2.000000000000000000, -3.562302626111383486, -7.500000000000007105 ) ) ;
#1164 = CARTESIAN_POINT ( 'NONE',  ( -31.81939231166067827, 87.94653585660233830, 368.8866921329803290 ) ) ;
#1165 = CARTESIAN_POINT ( 'NONE',  ( 2.000000000000000000, 146.7214379235515196, 827.3197986865314988 ) ) ;
#1166 = CARTESIAN_POINT ( 'NONE',  ( -302.3745308049460618, -1042.556193535205011, 5013.144419450451096 ) ) ;
#1167 = EDGE_CURVE ( 'NONE', #271, #2806, #1989, .T. ) ;
#1168 = CARTESIAN_POINT ( 'NONE',  ( -31.81939231166069959, -25.95955385836603568, -20.28127512435647617 ) ) ;
#1169 = CARTESIAN_POINT ( 'NONE',  ( -1229.992148496211485, 4124.229475404088589, -19833.50276920712713 ) ) ;
#1170 = CARTESIAN_POINT ( 'NONE',  ( 2.000000000000000000, -3.615281809519890643, -7.500000000000007105 ) ) ;
#1171 = CARTESIAN_POINT ( 'NONE',  ( -4829.341758808669510, 6854.081938146385255, 23445.80663052648379 ) ) ;
#1172 = PLANE ( 'NONE',  #1605 ) ;
#1173 = EDGE_LOOP ( 'NONE', ( #805, #1815, #1745, #87, #1666 ) ) ;
#1174 = DIRECTION ( 'NONE',  ( -1.000000000000000000, 0.000000000000000000, 0.000000000000000000 ) ) ;
#1175 = DIRECTION ( 'NONE',  ( 0.000000000000000000, 0.000000000000000000, -1.000000000000000000 ) ) ;
#1176 = CARTESIAN_POINT ( 'NONE',  ( 2.000000000000000000, 31.38214792123310914, -167.4799609391767206 ) ) ;
#1177 = DIRECTION ( 'NONE',  ( 0.000000000000000000, -1.000000000000000000, 0.000000000000000000 ) ) ;
#1178 = CARTESIAN_POINT ( 'NONE',  ( -31.81939231166067827, 1.610874975844430734, -30.72563525496692094 ) ) ;
#1179 = CARTESIAN_POINT ( 'NONE',  ( 6.831341758808669340, 0.2761337875871702763, -8.261788469553730252 ) ) ;
#1180 = CARTESIAN_POINT ( 'NONE',  ( -302.3745308049460618, -25.64392532794315116, -185.5296299060776448 ) ) ;
#1181 = CARTESIAN_POINT ( 'NONE',  ( -1229.992148496211485, -4124.229475403652941, -19833.50276920436954 ) ) ;
#1182 = CARTESIAN_POINT ( 'NONE',  ( -31.81939231166069959, 645.8293738462114106, -3636.335445210094349 ) ) ;
#1183 = AXIS2_PLACEMENT_3D ( 'NONE', #77, #678, #911 ) ;
#1184 = ORIENTED_EDGE ( 'NONE', *, *, #1368, .T. ) ;
#1185 = CARTESIAN_POINT ( 'NONE',  ( -2466.815638751229926, 2983.409855713249726, 8939.051909740650444 ) ) ;
#1186 = AXIS2_PLACEMENT_3D ( 'NONE', #503, #2226, #1538 ) ;
#1187 = VERTEX_POINT ( 'NONE', #463 ) ;
#1188 = EDGE_CURVE ( 'NONE', #1187, #2710, #863, .T. ) ;
#1189 = CARTESIAN_POINT ( 'NONE',  ( -18.13450315701534166, -8.955129386091121191, -10.01596974572898091 ) ) ;
#1190 = CARTESIAN_POINT ( 'NONE',  ( -17.99999999999998579, -5.712568895714291273, 1.339423232082685988 ) ) ;
#1191 = CARTESIAN_POINT ( 'NONE',  ( -2.831341758808670672, -1156.267802787865776, -6713.070030101767770 ) ) ;
#1192 = CARTESIAN_POINT ( 'NONE',  ( 2.000000000000000000, -3.526285443776863815, -8.019166541471303589 ) ) ;
#1193 = CARTESIAN_POINT ( 'NONE',  ( -31.81939231166067827, 143.7348196550380521, 694.3315674407368761 ) ) ;
#1194 = CARTESIAN_POINT ( 'NONE',  ( 7.088850564204843607, -385.9102875246426265, 2240.033962547161536 ) ) ;
#1195 = CARTESIAN_POINT ( 'NONE',  ( -302.3745308049460618, 50.28833296749620985, -180.1704389424090209 ) ) ;
#1196 = CARTESIAN_POINT ( 'NONE',  ( -611.5804033687013543, -124.1484352732806826, 331.0425243712077190 ) ) ;
#1197 = CARTESIAN_POINT ( 'NONE',  ( -12.49402527642601335, 641.7163851162918036, -3678.379502096300257 ) ) ;
#1198 = CARTESIAN_POINT ( 'NONE',  ( -1229.992148496211485, 482.1629115305252640, 523.8456782971223902 ) ) ;
#1199 = ORIENTED_EDGE ( 'NONE', *, *, #1942, .F. ) ;
#1200 = CARTESIAN_POINT ( 'NONE',  ( -2466.815638751229926, -64930.07433600049990, 370309.2767541268258 ) ) ;
#1201 = FILL_AREA_STYLE ('',( #73 ) ) ;
#1202 = ORIENTED_EDGE ( 'NONE', *, *, #899, .F. ) ;
#1203 = CARTESIAN_POINT ( 'NONE',  ( -22.61905505952017847, 0.000000000000000000, -7.500000000000007105 ) ) ;
#1204 = CARTESIAN_POINT ( 'NONE',  ( 2.000000000000000000, 0.000000000000000000, 0.000000000000000000 ) ) ;
#1205 = EDGE_CURVE ( 'NONE', #118, #1423, #1819, .T. ) ;
#1206 = CARTESIAN_POINT ( 'NONE',  ( 2.000000000000000000, -24.97440958775459663, -130.0999699531764122 ) ) ;
#1207 = CARTESIAN_POINT ( 'NONE',  ( 2.331260294505260955, -3.388453976189614636, -5.308746779795553650 ) ) ;
#1208 = CARTESIAN_POINT ( 'NONE',  ( -31.81939231166067827, 18.19083106007414941, -21.85738015943746504 ) ) ;
#1209 = CARTESIAN_POINT ( 'NONE',  ( 7.088850564204844495, -0.5975757579460171387, -7.496180156655981364 ) ) ;
#1210 = CARTESIAN_POINT ( 'NONE',  ( -302.3745308049460618, -13629.03453046312461, 78437.25111223345448 ) ) ;
#1211 = CARTESIAN_POINT ( 'NONE',  ( -611.5804033687013543, 27032.42741174908224, -155583.2865095562884 ) ) ;
#1212 = CARTESIAN_POINT ( 'NONE',  ( -31.81939231166069959, -143.7348196560367626, -707.3315674405279196 ) ) ;
#1213 = CARTESIAN_POINT ( 'NONE',  ( -1229.992148496211485, 335.9028869904258272, 627.4057182705827245 ) ) ;
#1214 = ORIENTED_EDGE ( 'NONE', *, *, #1727, .F. ) ;
#1215 = CARTESIAN_POINT ( 'NONE',  ( -4829.341758808669510, 375961.3573796537821, 2176659.062713084742 ) ) ;
#1216 = ORIENTED_EDGE ( 'NONE', *, *, #2103, .F. ) ;
#1217 = DIRECTION ( 'NONE',  ( -1.000000000000000000, 0.000000000000000000, -0.000000000000000000 ) ) ;
#1218 = CARTESIAN_POINT ( 'NONE',  ( -17.99999999999998579, 6.291795583749758336, 8.954372407198690098 ) ) ;
#1219 = CARTESIAN_POINT ( 'NONE',  ( 6.831341758808671116, 5.317009915547441956, -31.93652133874371657 ) ) ;
#1220 = CARTESIAN_POINT ( 'NONE',  ( -302.3745308049462892, 174.0447915381967618, 40.37793390958009354 ) ) ;
#1221 = LINE ( 'NONE', #2811, #534 ) ;
#1222 = CARTESIAN_POINT ( 'NONE',  ( -31.81939231166067827, 2654.207590584646368, 15339.35095628978161 ) ) ;
#1223 = CARTESIAN_POINT ( 'NONE',  ( 7.088850564204843607, 0.04637976320167767896, -8.243542663486682187 ) ) ;
#1224 = CARTESIAN_POINT ( 'NONE',  ( -302.3745308049460618, -199.0179628416232731, 92.30481746499560813 ) ) ;
#1225 = CARTESIAN_POINT ( 'NONE',  ( -12.49402527642601335, -13.59823893099175507, -14.20816495716565875 ) ) ;
#1226 = CARTESIAN_POINT ( 'NONE',  ( -19.60420178247542111, -7.498212306344978373, -20.29403948488590714 ) ) ;
#1227 = VERTEX_POINT ( 'NONE', #1353 ) ;
#1228 = CARTESIAN_POINT ( 'NONE',  ( -2466.815638751229926, -107452.7846995755099, 618368.4988930732943 ) ) ;
#1229 = AXIS2_PLACEMENT_3D ( 'NONE', #948, #1382, #2453 ) ;
#1230 = DIRECTION ( 'NONE',  ( 0.000000000000000000, -1.000000000000000000, 0.000000000000000000 ) ) ;
#1231 = ORIENTED_EDGE ( 'NONE', *, *, #1419, .T. ) ;
#1232 = CARTESIAN_POINT ( 'NONE',  ( -17.99999999999998579, -7.624402662878261516, -14.01596974572903775 ) ) ;
#1233 = CARTESIAN_POINT ( 'NONE',  ( -4829.341758808673148, 1884.528729571497479, 2062.107388928132423 ) ) ;
#1234 = CLOSED_SHELL ( 'NONE', ( #1633, #2425, #425, #2699, #581, #1085, #1028, #1107, #253, #2369, #2019, #2633, #1279, #2523, #2409, #44, #2442, #2247, #2208, #472, #1767, #2328, #1511, #2792, #1800, #2579, #2847, #459, #1124, #1401, #560, #2809 ) ) ;
#1235 = CARTESIAN_POINT ( 'NONE',  ( 6.831341758808671116, -0.04539575372970917205, -4.596066290871394067 ) ) ;
#1236 = CARTESIAN_POINT ( 'NONE',  ( -147.7715945230688135, 325.8203573526794230, -1373.315422986707290 ) ) ;
#1237 = CARTESIAN_POINT ( 'NONE',  ( 4.458923415956665970, 1.525198102042266468, -4.080339903880844332 ) ) ;
#1238 = AXIS2_PLACEMENT_3D ( 'NONE', #2190, #638, #201 ) ;
#1239 = CARTESIAN_POINT ( 'NONE',  ( -12.49402527642600624, 6.027969983761918726, -17.86624434764096847 ) ) ;
#1240 = CARTESIAN_POINT ( 'NONE',  ( 6.831341758808669340, 1.607840904707553698, -2.701175523773181819 ) ) ;
#1241 = CARTESIAN_POINT ( 'NONE',  ( -147.7715945230686998, 4185.169185515939716, 23874.09824828253113 ) ) ;
#1242 = CARTESIAN_POINT ( 'NONE',  ( -611.5804033687013543, 37730.70460785963223, -217992.4390696358460 ) ) ;
#1243 = CARTESIAN_POINT ( 'NONE',  ( -12.49402527642601335, -9.308647848301838224, 1.982657506743598974 ) ) ;
#1244 = EDGE_CURVE ( 'NONE', #2307, #891, #689, .T. ) ;
#1245 = CARTESIAN_POINT ( 'NONE',  ( -17.99999999999895550, -8.955129386092066213, -10.01596974572695409 ) ) ;
#1246 = CARTESIAN_POINT ( 'NONE',  ( -1229.992148496210575, -376.3607355772273309, -616.9445860429767663 ) ) ;
#1247 = CARTESIAN_POINT ( 'NONE',  ( 1.999999999999999112, -1.984522342850722154, -2.524358807134347238 ) ) ;
#1248 =( BOUNDED_CURVE ( )  B_SPLINE_CURVE ( 3, ( #2342, #1686, #152, #1060 ),
 .UNSPECIFIED., .F., .T. ) 
 B_SPLINE_CURVE_WITH_KNOTS ( ( 4, 4 ),
 ( 5.021656016764954877, 6.283185307179586232 ),
 .UNSPECIFIED. ) 
 CURVE ( )  GEOMETRIC_REPRESENTATION_ITEM ( )  RATIONAL_B_SPLINE_CURVE ( ( 1.000000000000000000, 0.8717178569471986105, 0.8717178569471986105, 1.000000000000000000 ) ) 
 REPRESENTATION_ITEM ( '' )  );
#1249 = ORIENTED_EDGE ( 'NONE', *, *, #2192, .T. ) ;
#1250 = CARTESIAN_POINT ( 'NONE',  ( -17.99999999999998579, -5.712568895714291273, -2.660576767917314456 ) ) ;
#1251 = CARTESIAN_POINT ( 'NONE',  ( -2466.815638751231745, 496.4013096728543246, 1337.974605669940956 ) ) ;
#1252 = CARTESIAN_POINT ( 'NONE',  ( 6.831341758808671116, 0.8196424898975448459, -5.700813892942708350 ) ) ;
#1253 = CARTESIAN_POINT ( 'NONE',  ( -147.7715945230688135, 833.6294136953279121, -4335.655268419898675 ) ) ;
#1254 = CARTESIAN_POINT ( 'NONE',  ( 4.480339555730711076, -1.522814098796150706, -4.067975289817198359 ) ) ;
#1255 = CARTESIAN_POINT ( 'NONE',  ( -611.5804033687013543, -352.7731695968407735, 54.35320817296792484 ) ) ;
#1256 = CARTESIAN_POINT ( 'NONE',  ( 7.088850564204843607, 0.4134687757090661497, -7.874643314197184552 ) ) ;
#1257 = CARTESIAN_POINT ( 'NONE',  ( -147.7715945230686998, -56.38595518954452501, -77.90730104652385535 ) ) ;
#1258 = CARTESIAN_POINT ( 'NONE',  ( -12.49402527642601335, -15.33337193150328481, -24.33018522550379004 ) ) ;
#1259 = CARTESIAN_POINT ( 'NONE',  ( -57.99999999999997868, -0.2631187128330636504, 0.3610808005705978263 ) ) ;
#1260 = CARTESIAN_POINT ( 'NONE',  ( -17.99999999999998579, -2.748443389454014341, 12.61833984597505243 ) ) ;
#1261 = CARTESIAN_POINT ( 'NONE',  ( -1229.992148496210575, -967.7225738845995693, 1406.797719369507149 ) ) ;
#1262 = EDGE_LOOP ( 'NONE', ( #835, #1597, #1290, #709 ) ) ;
#1263 = CARTESIAN_POINT ( 'NONE',  ( -19.95181427142158270, -6.520436930322475177, -21.95812757245203528 ) ) ;
#1264 = CARTESIAN_POINT ( 'NONE',  ( -4829.341758808673148, -2633.025266203976116, 966.3142785363409075 ) ) ;
#1265 = CARTESIAN_POINT ( 'NONE',  ( 6.831341758808671116, -75.42030422049069216, -440.8889920401121003 ) ) ;
#1266 = CARTESIAN_POINT ( 'NONE',  ( -302.3745308049462892, -642.9854526799873611, -2695.220397458022035 ) ) ;
#1267 = FACE_OUTER_BOUND ( 'NONE', #2744, .T. ) ;
#1268 = CARTESIAN_POINT ( 'NONE',  ( 7.088850564204843607, 24.00023532568700091, 128.8063667366734251 ) ) ;
#1269 = CARTESIAN_POINT ( 'NONE',  ( -147.7715945230686998, 224.2585460827986026, 767.8474539001867925 ) ) ;
#1270 = CARTESIAN_POINT ( 'NONE',  ( -2.831341758808670672, 37.95530504045274967, -189.3155642151525626 ) ) ;
#1271 = CARTESIAN_POINT ( 'NONE',  ( -16.76555282600796559, -7.441549895560534367, -19.91639716358212198 ) ) ;
#1272 = CARTESIAN_POINT ( 'NONE',  ( -1229.992148496210575, -568.8861901900015710, -448.0901846265200561 ) ) ;
#1273 = CARTESIAN_POINT ( 'NONE',  ( -147.7715945230688135, -12411.67589830600627, -71877.00374428619398 ) ) ;
#1274 = CARTESIAN_POINT ( 'NONE',  ( 2.000000000000000000, -3.615281809519890643, -5.500000000000007105 ) ) ;
#1275 = VERTEX_POINT ( 'NONE', #2716 ) ;
#1276 = CARTESIAN_POINT ( 'NONE',  ( -17.99999999999998579, -9.690688266389642536, 1.757234520414556966 ) ) ;
#1277 = CARTESIAN_POINT ( 'NONE',  ( -4829.341758808673148, -71447.85514112566307, -400271.1264448559959 ) ) ;
#1278 = CARTESIAN_POINT ( 'NONE',  ( 6.831341758808671116, -0.5406953411525191600, -5.047027098965507719 ) ) ;
#1279 = ADVANCED_FACE ( 'NONE', ( #1148 ), #2236, .T. ) ;
#1280 = VECTOR ( 'NONE', #1763, 1000.000000000000114 ) ;
#1281 = DIRECTION ( 'NONE',  ( 0.000000000000000000, 0.000000000000000000, 1.000000000000000000 ) ) ;
#1282 = CARTESIAN_POINT ( 'NONE',  ( -17.99999999999998934, 40.00000000000000000, -19.49556487584380804 ) ) ;
#1283 = CARTESIAN_POINT ( 'NONE',  ( -147.7715945230686998, 42.08961560157174375, -87.37895574978124102 ) ) ;
#1284 = CARTESIAN_POINT ( 'NONE',  ( -2.831341758808670672, 0.4093624375681437777, 0.9893764649952733192 ) ) ;
#1285 = CARTESIAN_POINT ( 'NONE',  ( -147.7715945230688135, -60.51198100545299496, 61.33477469799974102 ) ) ;
#1286 = CARTESIAN_POINT ( 'NONE',  ( -2.831341758808668896, 9.523631368887738091, 10.45739982816454372 ) ) ;
#1287 = LINE ( 'NONE', #1260, #907 ) ;
#1288 = CARTESIAN_POINT ( 'NONE',  ( -1229.992148496210575, 792.3610793546633886, 383.8141054903389886 ) ) ;
#1289 = CARTESIAN_POINT ( 'NONE',  ( -70.47012638213007563, -6.424338660655878996, 39.68985691221398326 ) ) ;
#1290 = ORIENTED_EDGE ( 'NONE', *, *, #354, .T. ) ;
#1291 = CARTESIAN_POINT ( 'NONE',  ( -19.90511382186863543, -6.570203403242641294, -22.10428593324617097 ) ) ;
#1292 = CARTESIAN_POINT ( 'NONE',  ( -12.49402527642600624, 11.25636708259347429, -11.43110545535954614 ) ) ;
#1293 = CARTESIAN_POINT ( 'NONE',  ( -4829.341758808673148, -1756.869452881362122, 2172.690475181745114 ) ) ;
#1294 = CARTESIAN_POINT ( 'NONE',  ( 7.088850564204843607, 1.072210576220867351, -8.054131134484972421 ) ) ;
#1295 = CARTESIAN_POINT ( 'NONE',  ( -147.7715945230688135, 156.5506719051299740, -385.8688078423101615 ) ) ;
#1296 = CARTESIAN_POINT ( 'NONE',  ( 2.000000000000000000, 0.000000000000000000, -6.500000000000007105 ) ) ;
#1297 = EDGE_CURVE ( 'NONE', #2341, #1526, #1984, .T. ) ;
#1298 = CARTESIAN_POINT ( 'NONE',  ( -611.5804033687013543, -1277.315643334669858, -5339.030346401055795 ) ) ;
#1299 = CARTESIAN_POINT ( 'NONE',  ( -17.99999999999998579, 1.358094810837592759, 9.765912106391487768 ) ) ;
#1300 = CARTESIAN_POINT ( 'NONE',  ( -147.7715945230686998, 833.6294136878972267, 4322.655268420547145 ) ) ;
#1301 = CARTESIAN_POINT ( 'NONE',  ( -2.831341758808670672, -3.088821050480472508, 0.1116543341859116689 ) ) ;
#1302 = CARTESIAN_POINT ( 'NONE',  ( 2.000000000000000000, -146.7214379243038991, 827.3197986858402828 ) ) ;
#1303 = DIRECTION ( 'NONE',  ( 0.000000000000000000, 0.000000000000000000, -1.000000000000000000 ) ) ;
#1304 = CARTESIAN_POINT ( 'NONE',  ( -1229.992148496210575, 102.5222719970898027, -716.8887218815400502 ) ) ;
#1305 = CARTESIAN_POINT ( 'NONE',  ( -70.47012638213007563, -28.30779630092838772, 30.10386370269882761 ) ) ;
#1306 = ORIENTED_EDGE ( 'NONE', *, *, #2868, .T. ) ;
#1307 = CARTESIAN_POINT ( 'NONE',  ( -19.06664860672724160, -5.954825247592847148, -19.79612439049957118 ) ) ;
#1308 = CARTESIAN_POINT ( 'NONE',  ( -12.49402527642600624, -48.30089894130063044, 203.6485703238517999 ) ) ;
#1309 = CARTESIAN_POINT ( 'NONE',  ( 7.088850564204843607, -0.001815107347752781264, -4.738049243109453634 ) ) ;
#1310 = CARTESIAN_POINT ( 'NONE',  ( 3.596139984562405356, -2.397019849861811824, -8.421531849751437093 ) ) ;
#1311 = CARTESIAN_POINT ( 'NONE',  ( -611.5804033687013543, -9201.965418230349314, -51568.03224274983950 ) ) ;
#1312 = DIRECTION ( 'NONE',  ( -1.000000000000000000, 0.000000000000000000, -0.000000000000000000 ) ) ;
#1313 = CARTESIAN_POINT ( 'NONE',  ( -70.47012638213001878, -1688.288728675775246, 9572.520431558803466 ) ) ;
#1314 = CARTESIAN_POINT ( 'NONE',  ( -2.831341758808670672, -19.00085592608204976, -78.74345462380873073 ) ) ;
#1315 = CARTESIAN_POINT ( 'NONE',  ( -2.831341758808668896, 6.364556516506667982, -7.971285103724166099 ) ) ;
#1316 = EDGE_CURVE ( 'NONE', #2697, #1637, #992, .T. ) ;
#1317 = FACE_OUTER_BOUND ( 'NONE', #2822, .T. ) ;
#1318 = CARTESIAN_POINT ( 'NONE',  ( -611.5804033687008996, -188.2552038472131812, -312.6508251818538042 ) ) ;
#1319 = CARTESIAN_POINT ( 'NONE',  ( -70.47012638213007563, 1688.288728674206823, -9585.520431562945305 ) ) ;
#1320 = ORIENTED_EDGE ( 'NONE', *, *, #683, .T. ) ;
#1321 = CARTESIAN_POINT ( 'NONE',  ( -19.33920054718541692, -5.868526092772047953, -13.50723732979557568 ) ) ;
#1322 = CARTESIAN_POINT ( 'NONE',  ( -12.49402527642600624, 1063.353704233576309, 6125.030427303554461 ) ) ;
#1323 = CARTESIAN_POINT ( 'NONE',  ( 7.088850564204843607, -1.072210576220707479, -8.054131134484039833 ) ) ;
#1324 = CARTESIAN_POINT ( 'NONE',  ( 4.182715578311549720, -1.829439714647360438, -8.760191426702480300 ) ) ;
#1325 = CARTESIAN_POINT ( 'NONE',  ( -17.99999999999998579, -5.712568895714291273, 1.339423232082685988 ) ) ;
#1326 = CIRCLE ( 'NONE', #2303, 5.000000000000004441 ) ;
#1327 = CARTESIAN_POINT ( 'NONE',  ( -18.89568468550988811, -8.259097741512894331, -23.28862553440212579 ) ) ;
#1328 = AXIS2_PLACEMENT_3D ( 'NONE', #2042, #2526, #741 ) ;
#1329 = CARTESIAN_POINT ( 'NONE',  ( -70.47012638213001878, -429.4879681350872715, 2229.217676407144609 ) ) ;
#1330 = VECTOR ( 'NONE', #2271, 1000.000000000000000 ) ;
#1331 = CARTESIAN_POINT ( 'NONE',  ( 2.000000000000000000, 1.984522342850745913, -10.47564119286557194 ) ) ;
#1332 = DIRECTION ( 'NONE',  ( 1.000000000000000000, -0.000000000000000000, -0.000000000000000000 ) ) ;
#1333 = CARTESIAN_POINT ( 'NONE',  ( -611.5804033687008996, -51.27004088432619966, -362.6493272312314389 ) ) ;
#1334 = PRODUCT_DEFINITION ( 'UNKNOWN', '', #626, #2714 ) ;
#1335 = CARTESIAN_POINT ( 'NONE',  ( -70.47012638213007563, 56.50996501190947185, -66.42426747334914694 ) ) ;
#1336 = ORIENTED_EDGE ( 'NONE', *, *, #1066, .T. ) ;
#1337 = CARTESIAN_POINT ( 'NONE',  ( -4829.341758808669510, -3778.187976145183711, 5502.362829835295088 ) ) ;
#1338 = CARTESIAN_POINT ( 'NONE',  ( -2.831341758808668896, -104.2958769410200404, 563.3179477844067833 ) ) ;
#1339 = CARTESIAN_POINT ( 'NONE',  ( -2466.815638751231745, 102.5379281911098843, 1423.571373612585148 ) ) ;
#1340 = CARTESIAN_POINT ( 'NONE',  ( 7.088850564204843607, -0.1361026667631508036, -4.815511821724763664 ) ) ;
#1341 = CARTESIAN_POINT ( 'NONE',  ( -16.26267241652459461, -8.518789332319208540, -11.01706203125890227 ) ) ;
#1342 = LINE ( 'NONE', #1575, #2533 ) ;
#1343 = B_SPLINE_CURVE_WITH_KNOTS ( 'NONE', 3,
 ( #2605, #1733, #1091, #225, #2403, #2388, #2434, #404, #1321, #2591, #1041, #1106, #2185, #1968, #633, #820, #2156, #2853, #806, #850, #1718, #165, #1746, #1703, #2634, #2420, #60, #2471, #892, #879, #1788, #660 ),
 .UNSPECIFIED., .F., .F.,
 ( 4, 2, 2, 2, 2, 2, 2, 2, 2, 2, 2, 2, 2, 2, 2, 4 ),
 ( 3.469446951953614189E-18, 0.0003976780128339344866, 0.0007953560256678655037, 0.001193034038501796521, 0.001590712051335727538, 0.002386068077003589572, 0.002783746089837521673, 0.003181424102671454208, 0.003579102115505386743, 0.003976780128339318411, 0.004374458141173251380, 0.004772136154007184349, 0.005169814166841116450, 0.005567492179675048551, 0.005965170192508980652, 0.006362848205342913621 ),
 .UNSPECIFIED. ) ;
#1344 = CARTESIAN_POINT ( 'NONE',  ( -70.47012638213001878, -219.6878413783059329, 1005.333883881868360 ) ) ;
#1345 = CARTESIAN_POINT ( 'NONE',  ( 2.000000000000000000, -262.0607279272641108, 1500.159636432636944 ) ) ;
#1346 = CARTESIAN_POINT ( 'NONE',  ( -611.5804033687008996, 51.27004088432494910, -362.6493272312320073 ) ) ;
#1347 = CARTESIAN_POINT ( 'NONE',  ( -31.81939231166069959, -21.77499857355201485, 2.314287694400745998 ) ) ;
#1348 = EDGE_LOOP ( 'NONE', ( #543, #2527, #1920, #672 ) ) ;
#1349 = CARTESIAN_POINT ( 'NONE',  ( -4829.341758808669510, 1313.094347636348175, -2479.713477547295952 ) ) ;
#1350 = CARTESIAN_POINT ( 'NONE',  ( -2.831341758808668896, -3.739407273389230735, -12.65085602685454802 ) ) ;
#1351 = CARTESIAN_POINT ( 'NONE',  ( 7.088850564204843607, -0.7194717339243175136, -5.996404432912523674 ) ) ;
#1352 = UNCERTAINTY_MEASURE_WITH_UNIT (LENGTH_MEASURE( 1.000000000000000082E-05 ), #1158, 'distance_accuracy_value', 'NONE');
#1353 = CARTESIAN_POINT ( 'NONE',  ( -14.99999999999998579, 3.650938571955006928, -7.100539377402677488 ) ) ;
#1354 = CYLINDRICAL_SURFACE ( 'NONE', #2862, 4.000000000000000000 ) ;
#1355 = CARTESIAN_POINT ( 'NONE',  ( -70.47012638213001878, -272.1378730675012321, 1311.304832013187479 ) ) ;
#1356 = CARTESIAN_POINT ( 'NONE',  ( 2.000000000000000000, 204.3910829247284653, 1163.739717560208419 ) ) ;
#1357 = CARTESIAN_POINT ( 'NONE',  ( -611.5804033687008996, -284.6563274132651031, -228.0990597402839057 ) ) ;
#1358 = CARTESIAN_POINT ( 'NONE',  ( -31.81939231166069959, -29.05890295830472425, -38.36154597478206085 ) ) ;
#1359 = ORIENTED_EDGE ( 'NONE', *, *, #2349, .F. ) ;
#1360 = B_SPLINE_CURVE_WITH_KNOTS ( 'NONE', 3,
 ( #28, #38, #1808, #2691, #274, #2054, #63, #1832, #1846, #1341, #2360, #573, #759, #1641, #2513, #91, #961, #346, #1656, #2326, #977, #2760, #1921, #305, #1875, #530, #2559, #1232 ),
 .UNSPECIFIED., .F., .F.,
 ( 4, 2, 2, 2, 2, 2, 2, 2, 2, 2, 2, 2, 2, 4 ),
 ( 0.006431408146553816395, 0.007234551340072239121, 0.007636122936831446148, 0.008037694533590652307, 0.008439266130349860201, 0.008840837727109066360, 0.009643980920627471740, 0.01004555251738667443, 0.01044712411414587885, 0.01084869571090508328, 0.01125026730766428423, 0.01165183890442348866, 0.01205341050118268961, 0.01285655369470109326 ),
 .UNSPECIFIED. ) ;
#1361 = CARTESIAN_POINT ( 'NONE',  ( -4829.341758808669510, 2710.169239323900911, -727.9996009559330332 ) ) ;
#1362 = CARTESIAN_POINT ( 'NONE',  ( -2.831341758808668896, 2.739623897708693523, -13.31287148360432937 ) ) ;
#1363 = CARTESIAN_POINT ( 'NONE',  ( -1229.992148496211485, -482.1629115305134974, 523.8456782971212533 ) ) ;
#1364 = CARTESIAN_POINT ( 'NONE',  ( -2466.815638751231745, -2983.409855729619267, -8952.051909737945607 ) ) ;
#1365 = CARTESIAN_POINT ( 'NONE',  ( 2.000000000000000000, 3.615281809519890199, -5.500000000000007105 ) ) ;
#1366 = CARTESIAN_POINT ( 'NONE',  ( 2.000000000000000000, 0.000000000000000000, -5.500000000000007105 ) ) ;
#1367 = CARTESIAN_POINT ( 'NONE',  ( -611.5804033687013543, -27032.42741174563707, -155583.2865095345769 ) ) ;
#1368 = EDGE_CURVE ( 'NONE', #1845, #2053, #2043, .T. ) ;
#1369 = CARTESIAN_POINT ( 'NONE',  ( 2.000000000000000000, -0.4182178271285886262, -1.822572148370670497 ) ) ;
#1370 = CARTESIAN_POINT ( 'NONE',  ( -70.47012638213001878, 62.33774631053847060, 87.42103948796922452 ) ) ;
#1371 = VECTOR ( 'NONE', #841, 1000.000000000000000 ) ;
#1372 = APPLICATION_CONTEXT ( 'automotive_design' ) ;
#1373 = CARTESIAN_POINT ( 'NONE',  ( 6.831341758808670228, -0.5406953411526019826, -7.952972901034333297 ) ) ;
#1374 = CARTESIAN_POINT ( 'NONE',  ( -611.5804033687008996, 749.0056583375511536, 2244.096886645152608 ) ) ;
#1375 = VECTOR ( 'NONE', #1392, 1000.000000000000000 ) ;
#1376 = CARTESIAN_POINT ( 'NONE',  ( -31.81939231166069959, 22.47278612093494843, 0.05902958237264180341 ) ) ;
#1377 = ORIENTED_EDGE ( 'NONE', *, *, #388, .F. ) ;
#1378 = VECTOR ( 'NONE', #156, 1000.000000000000000 ) ;
#1379 = CARTESIAN_POINT ( 'NONE',  ( -4829.341758808669510, -4803.485963494072166, 11483.51076339474093 ) ) ;
#1380 = CARTESIAN_POINT ( 'NONE',  ( -17.99999999999998934, -8.333182653751780578, -23.49556487584381159 ) ) ;
#1381 = UNCERTAINTY_MEASURE_WITH_UNIT (LENGTH_MEASURE( 1.000000000000000082E-05 ), #599, 'distance_accuracy_value', 'NONE');
#1382 = DIRECTION ( 'NONE',  ( -1.000000000000000000, 0.000000000000000000, 0.000000000000000000 ) ) ;
#1383 = CARTESIAN_POINT ( 'NONE',  ( 2.000000000000000000, 3.615281809519890643, -5.500000000000008882 ) ) ;
#1384 = LINE ( 'NONE', #2430, #1705 ) ;
#1385 = CARTESIAN_POINT ( 'NONE',  ( -31.81939231166067827, 3.221074216107905119, -30.54989474656814963 ) ) ;
#1386 = CARTESIAN_POINT ( 'NONE',  ( 6.831341758808669340, 0.06414380676697353789, -8.398497271628375671 ) ) ;
#1387 = CARTESIAN_POINT ( 'NONE',  ( -302.3745308049460618, -842.7708231077776873, 3847.682408453895277 ) ) ;
#1388 = CARTESIAN_POINT ( 'NONE',  ( -70.47012638213007563, -744.1881582694865074, -4078.043365196189825 ) ) ;
#1389 = VERTEX_POINT ( 'NONE', #2257 ) ;
#1390 = CARTESIAN_POINT ( 'NONE',  ( -4829.341758808669510, -375961.3573837919976, 2176659.062711915467 ) ) ;
#1391 = CARTESIAN_POINT ( 'NONE',  ( -1229.992148496211485, -673.9301510129731696, 243.0715865149456931 ) ) ;
#1392 = DIRECTION ( 'NONE',  ( 0.000000000000000000, -1.000000000000000000, 0.000000000000000000 ) ) ;
#1393 = CARTESIAN_POINT ( 'NONE',  ( 4.964421808285460536, 0.8278150268077446583, -9.211509729005218361 ) ) ;
#1394 = FACE_OUTER_BOUND ( 'NONE', #1495, .T. ) ;
#1395 = CARTESIAN_POINT ( 'NONE',  ( 2.000000000000000000, 1.427957507579938223, -2.155997991934881952 ) ) ;
#1396 = DIRECTION ( 'NONE',  ( 0.000000000000000000, -0.1623079398385591232, -0.9867401545824323605 ) ) ;
#1397 = CARTESIAN_POINT ( 'NONE',  ( -31.81939231166067827, 115.8406777558201952, 531.6091297868586025 ) ) ;
#1398 = CARTESIAN_POINT ( 'NONE',  ( 6.831341758808669340, 0.1496721171989726373, -8.357064320730884788 ) ) ;
#1399 = CARTESIAN_POINT ( 'NONE',  ( -302.3745308049460618, -2241.268416099768729, 12005.91648542978510 ) ) ;
#1400 = CARTESIAN_POINT ( 'NONE',  ( -31.81939231166069959, 87.94653585715109045, -381.8866921329330353 ) ) ;
#1401 = ADVANCED_FACE ( 'NONE', ( #289 ), #2016, .T. ) ;
#1402 = ORIENTED_EDGE ( 'NONE', *, *, #1188, .T. ) ;
#1403 = CARTESIAN_POINT ( 'NONE',  ( -2466.815638751229926, -898.7307218480294750, -1122.010421361232829 ) ) ;
#1404 = FACE_OUTER_BOUND ( 'NONE', #2339, .T. ) ;
#1405 = ORIENTED_EDGE ( 'NONE', *, *, #1549, .T. ) ;
#1406 = CARTESIAN_POINT ( 'NONE',  ( -19.94570545277193219, -8.004118193178751284, -12.49641407859970244 ) ) ;
#1407 = CARTESIAN_POINT ( 'NONE',  ( -17.99999999999998934, 40.00000000000000000, -21.49556487584380804 ) ) ;
#1408 = CARTESIAN_POINT ( 'NONE',  ( 2.000000000000000000, -3.615281809519888867, -5.500000000000000000 ) ) ;
#1409 = CYLINDRICAL_SURFACE ( 'NONE', #1798, 4.000000000000000000 ) ;
#1410 = CARTESIAN_POINT ( 'NONE',  ( -31.81939231166067827, 7.819412023424789027, -29.37624896535248809 ) ) ;
#1411 = CARTESIAN_POINT ( 'NONE',  ( 6.831341758808669340, 1.236924003620332391, -4.864945210024519184 ) ) ;
#1412 = CARTESIAN_POINT ( 'NONE',  ( -611.5804033687008996, 12768.05781680576183, 72358.08309612813173 ) ) ;
#1413 = CARTESIAN_POINT ( 'NONE',  ( -1229.992148496211485, -32532.79158907677993, -185556.8482177147234 ) ) ;
#1414 = CARTESIAN_POINT ( 'NONE',  ( -12.49402527642601335, 3.185579329590077613, 6.139340286208377684 ) ) ;
#1415 = CARTESIAN_POINT ( 'NONE',  ( -1229.992148496211485, 568.8861901899757640, 435.0901846265974768 ) ) ;
#1416 = AXIS2_PLACEMENT_3D ( 'NONE', #1125, #2731, #1136 ) ;
#1417 = VERTEX_POINT ( 'NONE', #701 ) ;
#1418 = CARTESIAN_POINT ( 'NONE',  ( -2466.815638751229926, 752.5717990372562554, -1225.532107765221326 ) ) ;
#1419 = EDGE_CURVE ( 'NONE', #118, #2341, #668, .T. ) ;
#1420 =( GEOMETRIC_REPRESENTATION_CONTEXT ( 3 ) GLOBAL_UNCERTAINTY_ASSIGNED_CONTEXT ( ( #1352 ) ) GLOBAL_UNIT_ASSIGNED_CONTEXT ( ( #1158, #2473, #1595 ) ) REPRESENTATION_CONTEXT ( 'NONE', 'WORKASPACE' ) );
#1421 = SURFACE_STYLE_USAGE ( .BOTH. , #2729 ) ;
#1422 = AXIS2_PLACEMENT_3D ( 'NONE', #2490, #489, #276 ) ;
#1423 = VERTEX_POINT ( 'NONE', #2485 ) ;
#1424 = CARTESIAN_POINT ( 'NONE',  ( -17.99999999999895550, -8.955129386092066213, -10.01596974572695409 ) ) ;
#1425 = CARTESIAN_POINT ( 'NONE',  ( -4829.341758808673148, 9929.975900234619985, -41402.25043120787450 ) ) ;
#1426 = CARTESIAN_POINT ( 'NONE',  ( 2.000000000000000000, -10.02302014299030297, -42.87999098595292224 ) ) ;
#1427 = CARTESIAN_POINT ( 'NONE',  ( 2.000000000000000000, -2.927701166105391106, -9.422580914073952485 ) ) ;
#1428 = CARTESIAN_POINT ( 'NONE',  ( -31.81939231166067827, -87.94653585723730771, 368.8866921327509658 ) ) ;
#1429 = CARTESIAN_POINT ( 'NONE',  ( 7.088850564204843607, 0.3081103313297764990, -8.016329783132510656 ) ) ;
#1430 = CARTESIAN_POINT ( 'NONE',  ( -302.3745308049460618, 376.6049587749348007, 1128.271049462569636 ) ) ;
#1431 = CARTESIAN_POINT ( 'NONE',  ( -611.5804033687013543, 347.2699405864959772, 86.45668171210290609 ) ) ;
#1432 = CARTESIAN_POINT ( 'NONE',  ( -12.49402527642601335, -1.619441993834046745, 6.479913663746257768 ) ) ;
#1433 = CARTESIAN_POINT ( 'NONE',  ( -1229.992148496211485, 376.3607355772314804, 603.9445860430031416 ) ) ;
#1434 = VERTEX_POINT ( 'NONE', #2030 ) ;
#1435 = CARTESIAN_POINT ( 'NONE',  ( -2466.815638751230836, -1222.687677716980033, -760.3922755773199924 ) ) ;
#1436 = CARTESIAN_POINT ( 'NONE',  ( 1.999999999999999112, -3.367393464374799805, -4.481281223921084411 ) ) ;
#1437 = ORIENTED_EDGE ( 'NONE', *, *, #884, .T. ) ;
#1438 = DIRECTION ( 'NONE',  ( 0.000000000000000000, 0.000000000000000000, -1.000000000000000000 ) ) ;
#1439 = DIRECTION ( 'NONE',  ( 0.000000000000000000, 0.000000000000000000, -1.000000000000000000 ) ) ;
#1440 = CARTESIAN_POINT ( 'NONE',  ( 6.831341758808671116, 11.99351413506893849, -70.88437569127303561 ) ) ;
#1441 = CARTESIAN_POINT ( 'NONE',  ( 2.000000000000000000, -0.8304416476948204284, -11.08778535339843785 ) ) ;
#1442 = CARTESIAN_POINT ( 'NONE',  ( -12.49402527642600624, -1906.628342493141645, 11044.33227771008751 ) ) ;
#1443 = CARTESIAN_POINT ( 'NONE',  ( 7.088850564204843607, 0.001815107347752066341, -8.261950756890561465 ) ) ;
#1444 = CARTESIAN_POINT ( 'NONE',  ( -302.3745308049460618, 2840.624527352991663, 15502.30251842792495 ) ) ;
#1445 = CARTESIAN_POINT ( 'NONE',  ( -12.49402527642601335, -5.362956677966455032, 5.250610434682910110 ) ) ;
#1446 = CARTESIAN_POINT ( 'NONE',  ( -19.52212846454235873, -7.482011658845121538, -20.19138308741487009 ) ) ;
#1447 = LINE ( 'NONE', #342, #2173 ) ;
#1448 = CARTESIAN_POINT ( 'NONE',  ( -2466.815638751229926, -496.4013096728780852, -1350.974605669972789 ) ) ;
#1449 = CARTESIAN_POINT ( 'NONE',  ( 1.999999999999999112, 2.927701166105291186, -3.577419085925616749 ) ) ;
#1450 = ORIENTED_EDGE ( 'NONE', *, *, #1709, .T. ) ;
#1451 = LINE ( 'NONE', #1276, #2628 ) ;
#1452 = CARTESIAN_POINT ( 'NONE',  ( -17.99999999999998579, -9.767503125963541422, 1.025854853659557087 ) ) ;
#1453 = CARTESIAN_POINT ( 'NONE',  ( 6.831341758808671116, -0.06414380676702087503, -4.601502728371526629 ) ) ;
#1454 = CARTESIAN_POINT ( 'NONE',  ( -302.3745308049462892, -94.20243798220620590, 147.5039447512982349 ) ) ;
#1455 = CARTESIAN_POINT ( 'NONE',  ( 2.000000000000000000, -1.033552333849220073, -11.02071623334407668 ) ) ;
#1456 = CARTESIAN_POINT ( 'NONE',  ( -12.49402527642600624, -5.362956677966124630, -18.25061043468260991 ) ) ;
#1457 = EDGE_CURVE ( 'NONE', #2015, #529, #810, .T. ) ;
#1458 = CARTESIAN_POINT ( 'NONE',  ( 7.088850564204843607, -3.894121314617053020, 11.51594474704093862 ) ) ;
#1459 = CARTESIAN_POINT ( 'NONE',  ( -147.7715945230686998, -31.08521667339891437, -92.30950404652507757 ) ) ;
#1460 = CARTESIAN_POINT ( 'NONE',  ( -611.5804033687013543, 168.0095890539384698, 311.3904254015542392 ) ) ;
#1461 = CARTESIAN_POINT ( 'NONE',  ( -31.81939231166069959, -60.05239395769176980, -219.1642544790377087 ) ) ;
#1462 = CARTESIAN_POINT ( 'NONE',  ( -22.61905505952017847, 3.562302626111383486, -7.500000000000007105 ) ) ;
#1463 = CARTESIAN_POINT ( 'NONE',  ( -4829.341758808669510, 99130.90079852326016, 561749.1206511660712 ) ) ;
#1464 = VECTOR ( 'NONE', #1006, 1000.000000000000000 ) ;
#1465 = APPLICATION_PROTOCOL_DEFINITION ( 'draft international standard', 'automotive_design', 1998, #970 ) ;
#1466 = ORIENTED_EDGE ( 'NONE', *, *, #2653, .T. ) ;
#1467 = CARTESIAN_POINT ( 'NONE',  ( -17.99999999999998579, 1.358094810837593425, 14.76591210639149132 ) ) ;
#1468 = CARTESIAN_POINT ( 'NONE',  ( -2466.815638751231745, 964.0496892734634002, 1052.429568124690832 ) ) ;
#1469 = AXIS2_PLACEMENT_3D ( 'NONE', #2496, #1623, #787 ) ;
#1470 = CARTESIAN_POINT ( 'NONE',  ( 6.831341758808671116, -0.8660071025331094186, -5.971285103724156329 ) ) ;
#1471 = CARTESIAN_POINT ( 'NONE',  ( -302.3745308049462892, -376.6049587769584832, -1141.271049462225847 ) ) ;
#1472 = DIRECTION ( 'NONE',  ( 1.000000000000000000, 0.000000000000000000, 0.000000000000000000 ) ) ;
#1473 = CARTESIAN_POINT ( 'NONE',  ( 7.088850564204843607, -4.952337841514630412, 17.68912485175041382 ) ) ;
#1474 = EDGE_CURVE ( 'NONE', #133, #1090, #1360, .T. ) ;
#1475 = CARTESIAN_POINT ( 'NONE',  ( -147.7715945230686998, -60.51198100545285286, -74.33477469800459403 ) ) ;
#1476 = CARTESIAN_POINT ( 'NONE',  ( -12.49402527642601335, 11.64621430541624569, -2.820892155285033454 ) ) ;
#1477 = CARTESIAN_POINT ( 'NONE',  ( -19.60109312717383290, -8.070116964591857567, -22.72154806023070250 ) ) ;
#1478 = CARTESIAN_POINT ( 'NONE',  ( -16.10506157511895964, -7.902178326022448296, -22.14800885448846657 ) ) ;
#1479 = CARTESIAN_POINT ( 'NONE',  ( -1229.992148496210575, -2545.976024645312464, 10613.65024428450124 ) ) ;
#1480 = CARTESIAN_POINT ( 'NONE',  ( 1.999999999999999112, 2.647010439472062604, -3.173384482778451865 ) ) ;
#1481 = ORIENTED_EDGE ( 'NONE', *, *, #1617, .F. ) ;
#1482 = DIRECTION ( 'NONE',  ( 0.000000000000000000, -1.000000000000000000, 0.000000000000000000 ) ) ;
#1483 = CARTESIAN_POINT ( 'NONE',  ( -4829.341758808673148, -2752.889988796297985, 465.7851037241567838 ) ) ;
#1484 = CARTESIAN_POINT ( 'NONE',  ( 6.831341758808671116, -15.33176624482338823, -90.35830286750092455 ) ) ;
#1485 = CARTESIAN_POINT ( 'NONE',  ( -302.3745308049462892, -13629.03453045264541, -78450.25111225302680 ) ) ;
#1486 = CARTESIAN_POINT ( 'NONE',  ( 5.143134437533456449, -0.4315694462857628255, -3.685310486390877660 ) ) ;
#1487 = CARTESIAN_POINT ( 'NONE',  ( 7.088850564204843607, 4.952337841517532979, 17.68912485177813210 ) ) ;
#1488 = CARTESIAN_POINT ( 'NONE',  ( -147.7715945230686998, 71.48393033070985325, -63.10571607560663665 ) ) ;
#1489 = CARTESIAN_POINT ( 'NONE',  ( -2.831341758808670672, 47.43252959763656662, -244.6016190108155683 ) ) ;
#1490 = CARTESIAN_POINT ( 'NONE',  ( -17.73170621854179529, -8.333182653751782354, -23.49556487584381514 ) ) ;
#1491 = CARTESIAN_POINT ( 'NONE',  ( -2466.815638751229926, 8233.127184491535445, 39563.64723555294768 ) ) ;
#1492 = EDGE_CURVE ( 'NONE', #1090, #133, #193, .T. ) ;
#1493 = CARTESIAN_POINT ( 'NONE',  ( -70.47012638213007563, -50.68218371311459691, -32.42749545873810035 ) ) ;
#1494 = CARTESIAN_POINT ( 'NONE',  ( 1.999999999999999112, -2.158504013145525757, -2.673430710807249699 ) ) ;
#1495 = EDGE_LOOP ( 'NONE', ( #2067, #115, #614, #1040, #317, #1359, #1075, #314, #495, #2512, #2199, #2229 ) ) ;
#1496 = CARTESIAN_POINT ( 'NONE',  ( -17.99999999999998579, 40.00000000000000000, -12.01596974572903775 ) ) ;
#1497 = CARTESIAN_POINT ( 'NONE',  ( -4829.341758808673148, -375961.3573835410061, -2176672.062712442596 ) ) ;
#1498 = CARTESIAN_POINT ( 'NONE',  ( 2.000000000000000000, -608.0785979335623779, -3531.679149674895143 ) ) ;
#1499 = CARTESIAN_POINT ( 'NONE',  ( -147.7715945230688135, 3271.112884140040933, -18554.88652649921642 ) ) ;
#1500 = CARTESIAN_POINT ( 'NONE',  ( 2.000000000000000000, 3.615281809519890199, -7.500000000000007105 ) ) ;
#1501 = CARTESIAN_POINT ( 'NONE',  ( -17.99999999999998579, 40.00000000000000000, -19.49556487584380804 ) ) ;
#1502 = CARTESIAN_POINT ( 'NONE',  ( -147.7715945230686998, 6.416925128950262014, -97.67067041485344703 ) ) ;
#1503 = CARTESIAN_POINT ( 'NONE',  ( -2.831341758808670672, 1.615487541659898385, 0.7716369976683993270 ) ) ;
#1504 = CARTESIAN_POINT ( 'NONE',  ( -147.7715945230688135, -56.38595518954456765, 64.90730104652088528 ) ) ;
#1505 = CARTESIAN_POINT ( 'NONE',  ( -19.74709478319886813, -7.535109407572812223, -20.51332944452749985 ) ) ;
#1506 = CARTESIAN_POINT ( 'NONE',  ( 2.000000000000000000, -1.427957507579897589, -10.84400200806491377 ) ) ;
#1507 = FACE_OUTER_BOUND ( 'NONE', #742, .T. ) ;
#1508 = CARTESIAN_POINT ( 'NONE',  ( -1229.992148496210575, 568.8861901899764462, -448.0901846265189761 ) ) ;
#1509 = CARTESIAN_POINT ( 'NONE',  ( -147.7715945230688135, -833.6294136952241161, -4335.655268419264758 ) ) ;
#1510 = VERTEX_POINT ( 'NONE', #2312 ) ;
#1511 = ADVANCED_FACE ( 'NONE', ( #558 ), #318, .F. ) ;
#1512 = CARTESIAN_POINT ( 'NONE',  ( -17.99999999999998579, 6.085182992883445330, -4.333547719951265087 ) ) ;
#1513 = CARTESIAN_POINT ( 'NONE',  ( -12.49402527642600624, 9.308647848301530914, -14.98265750674260310 ) ) ;
#1514 = CARTESIAN_POINT ( 'NONE',  ( -4829.341758808673148, -3094.655984579030246, -1527.930874129476024 ) ) ;
#1515 = CARTESIAN_POINT ( 'NONE',  ( 6.831341758808671116, -225.6416491596590106, -1317.215714971640182 ) ) ;
#1516 = CARTESIAN_POINT ( 'NONE',  ( -302.3745308049462892, -8234.829528916310664, -46982.77681533818395 ) ) ;
#1517 = CARTESIAN_POINT ( 'NONE',  ( 2.000000000000000000, 3.562302626111383486, -5.500000000000007105 ) ) ;
#1518 = CARTESIAN_POINT ( 'NONE',  ( 7.088850564204843607, 214.4792101673816944, 1239.978785585626383 ) ) ;
#1519 = AXIS2_PLACEMENT_3D ( 'NONE', #2363, #549, #1895 ) ;
#1520 = CARTESIAN_POINT ( 'NONE',  ( -147.7715945230686998, 47.17605504970254060, -84.43050453601152583 ) ) ;
#1521 = CARTESIAN_POINT ( 'NONE',  ( -2.831341758808670672, -2.002960860931296772, 0.6429351950593990006 ) ) ;
#1522 = CARTESIAN_POINT ( 'NONE',  ( 2.000000000000000000, -0.4182178271285877380, -11.17742785162941743 ) ) ;
#1523 = LINE ( 'NONE', #1462, #1839 ) ;
#1524 = CARTESIAN_POINT ( 'NONE',  ( -1229.992148496210575, 4124.229475368236308, 19820.50276921024124 ) ) ;
#1525 = CARTESIAN_POINT ( 'NONE',  ( -147.7715945230688135, -190.4046089946254767, -583.3581308711030715 ) ) ;
#1526 = VERTEX_POINT ( 'NONE', #1250 ) ;
#1527 = CARTESIAN_POINT ( 'NONE',  ( -19.95494136956319409, -6.245878079888079526, -21.04639166934219219 ) ) ;
#1528 = CARTESIAN_POINT ( 'NONE',  ( -12.49402527642600624, -220.0790659923111150, 1205.728576888966245 ) ) ;
#1529 = CARTESIAN_POINT ( 'NONE',  ( -4829.341758808673148, -200.4612000607012590, 2787.576464995274819 ) ) ;
#1530 = CARTESIAN_POINT ( 'NONE',  ( 7.088850564204843607, -0.07134431837263366383, -4.769644661539225616 ) ) ;
#1531 = CARTESIAN_POINT ( 'NONE',  ( 2.652268708244171602, -3.155545612154001311, -7.876587514288746483 ) ) ;
#1532 = CARTESIAN_POINT ( 'NONE',  ( -302.3745308049462892, 19023.23953199149037, -109917.7254091835057 ) ) ;
#1533 = EDGE_CURVE ( 'NONE', #1389, #271, #996, .T. ) ;
#1534 = CARTESIAN_POINT ( 'NONE',  ( -14.99999999999998579, -9.690688266389642536, 1.757234520414556966 ) ) ;
#1535 = CARTESIAN_POINT ( 'NONE',  ( -70.47012638213001878, -586.8380632026733110, 3147.130520801102193 ) ) ;
#1536 = CARTESIAN_POINT ( 'NONE',  ( -2.831341758808670672, -9.523631368900511873, -23.45739982815906544 ) ) ;
#1537 = CARTESIAN_POINT ( 'NONE',  ( 2.000000000000000000, -4.327252735464089284, -3.346667668229657444 ) ) ;
#1538 = DIRECTION ( 'NONE',  ( 0.000000000000000000, 0.000000000000000000, -1.000000000000000000 ) ) ;
#1539 = CARTESIAN_POINT ( 'NONE',  ( -2466.815638751229926, 12957.87278039199191, 67125.78302878401882 ) ) ;
#1540 = CARTESIAN_POINT ( 'NONE',  ( -70.47012638213007563, -44.12592975197246403, 5.818873057687407702 ) ) ;
#1541 = ORIENTED_EDGE ( 'NONE', *, *, #1979, .F. ) ;
#1542 = LINE ( 'NONE', #1512, #1280 ) ;
#1543 = CARTESIAN_POINT ( 'NONE',  ( -12.49402527642600624, 13.59823893098038461, 1.208164957168659681 ) ) ;
#1544 = CARTESIAN_POINT ( 'NONE',  ( -2466.815638751231745, -752.5717990372564827, 1212.532107765271348 ) ) ;
#1545 = CARTESIAN_POINT ( 'NONE',  ( 7.088850564204843607, -0.5975757579460997393, -5.503819843344221141 ) ) ;
#1546 = CARTESIAN_POINT ( 'NONE',  ( 4.838554631517665072, -1.027309199763035918, -9.138840280616195244 ) ) ;
#1547 = CARTESIAN_POINT ( 'NONE',  ( -611.5804033687013543, -12768.05781693340577, -72371.08309610678407 ) ) ;
#1548 = CARTESIAN_POINT ( 'NONE',  ( -18.65301961844694034, -8.295168878071288887, -23.39052739764995081 ) ) ;
#1549 = EDGE_CURVE ( 'NONE', #209, #1637, #2777, .T. ) ;
#1550 = CARTESIAN_POINT ( 'NONE',  ( -70.47012638213001878, -3.212891693546438443, -53.04064697492908920 ) ) ;
#1551 = CARTESIAN_POINT ( 'NONE',  ( 2.000000000000000000, -5.751194587352487453, 4.959996995311041879 ) ) ;
#1552 = CARTESIAN_POINT ( 'NONE',  ( -17.99999999999998579, 1.358094810837592759, 9.765912106391487768 ) ) ;
#1553 = CARTESIAN_POINT ( 'NONE',  ( -611.5804033687008996, -224.8549085212415264, -286.7279251094656729 ) ) ;
#1554 = CARTESIAN_POINT ( 'NONE',  ( -70.47012638213007563, -62.33774631070065197, -100.4210394879390407 ) ) ;
#1555 = ORIENTED_EDGE ( 'NONE', *, *, #2032, .F. ) ;
#1556 = CARTESIAN_POINT ( 'NONE',  ( -4829.341758808669510, -2223.192813382724580, -1728.507278690941121 ) ) ;
#1557 = CARTESIAN_POINT ( 'NONE',  ( -2.831341758808668896, -644.4976767020456236, 3714.623071135064947 ) ) ;
#1558 = CARTESIAN_POINT ( 'NONE',  ( -2466.815638751231745, -3508.381588612904579, -12014.51144231827493 ) ) ;
#1559 = CARTESIAN_POINT ( 'NONE',  ( 7.088850564204843607, 2.835904787703611873, -18.34276464234719839 ) ) ;
#1560 = CARTESIAN_POINT ( 'NONE',  ( -147.7715945230688135, 111.4120891191167715, -122.5497104704708562 ) ) ;
#1561 = CARTESIAN_POINT ( 'NONE',  ( 5.206327150557119587, 0.2143007585251602842, -9.351173843484170689 ) ) ;
#1562 = CARTESIAN_POINT ( 'NONE',  ( -611.5804033687013543, -16334.15021563646224, -93174.13394946373592 ) ) ;
#1563 = CIRCLE ( 'NONE', #36, 17.65523618566458097 ) ;
#1564 = CARTESIAN_POINT ( 'NONE',  ( -70.47012638213001878, -79.82109020711841652, 189.4113555316839097 ) ) ;
#1565 = VECTOR ( 'NONE', #414, 1000.000000000000000 ) ;
#1566 = CARTESIAN_POINT ( 'NONE',  ( -2.831341758808668896, 7.417581467300358611, -1.828390126427929863 ) ) ;
#1567 = CARTESIAN_POINT ( 'NONE',  ( -611.5804033687008996, -241.2195226590497157, -272.5537333833572120 ) ) ;
#1568 = CARTESIAN_POINT ( 'NONE',  ( -31.81939231166069959, -18.19083106007486350, 8.857380159439676603 ) ) ;
#1569 = ORIENTED_EDGE ( 'NONE', *, *, #57, .T. ) ;
#1570 = CARTESIAN_POINT ( 'NONE',  ( -4829.341758808669510, -1756.869452881360985, -2185.690475181842430 ) ) ;
#1571 = CARTESIAN_POINT ( 'NONE',  ( -2.831341758808668896, -3.088821050480468955, -13.11165433418592841 ) ) ;
#1572 = CARTESIAN_POINT ( 'NONE',  ( -2466.815638751231745, -50755.83754810861137, -287635.8693745479104 ) ) ;
#1573 = CARTESIAN_POINT ( 'NONE',  ( 7.088850564204843607, 1.424949418517416078, -10.11185783605741761 ) ) ;
#1574 = DIRECTION ( 'NONE',  ( 0.000000000000000000, 0.000000000000000000, 1.000000000000000000 ) ) ;
#1575 = CARTESIAN_POINT ( 'NONE',  ( -17.99999999999998579, -8.997799455947573577, 3.621365423749536738 ) ) ;
#1576 = CARTESIAN_POINT ( 'NONE',  ( -70.47012638213001878, 167.2378096878398992, 699.3629357509580586 ) ) ;
#1577 = CARTESIAN_POINT ( 'NONE',  ( 2.000000000000000000, 4.327252735460345612, -3.346667668226224635 ) ) ;
#1578 = CARTESIAN_POINT ( 'NONE',  ( -611.5804033687008996, 396.7990016791418952, 189.4745801401572294 ) ) ;
#1579 = CARTESIAN_POINT ( 'NONE',  ( -70.47012638213007563, -429.4879681346621965, -2242.217676407766248 ) ) ;
#1580 = ORIENTED_EDGE ( 'NONE', *, *, #132, .T. ) ;
#1581 = CARTESIAN_POINT ( 'NONE',  ( -4829.341758808669510, -970.4420794160974992, -2633.239677948860390 ) ) ;
#1582 = EDGE_CURVE ( 'NONE', #1996, #646, #1248, .T. ) ;
#1583 = CARTESIAN_POINT ( 'NONE',  ( -2.831341758808668896, -0.4093624375679805749, -13.98937646499528853 ) ) ;
#1584 = CARTESIAN_POINT ( 'NONE',  ( -1229.992148496211485, -51.27339322463103599, 709.4909985737949683 ) ) ;
#1585 = CARTESIAN_POINT ( 'NONE',  ( 4.849628425714517910, 1.010469593145480127, -9.145233738676697754 ) ) ;
#1586 = CARTESIAN_POINT ( 'NONE',  ( -302.3745308049462892, 24417.44453352854180, -141385.1997061028378 ) ) ;
#1587 = CARTESIAN_POINT ( 'NONE',  ( -2.831341758808670672, 6.232928397656896102, -4.260853024113870902 ) ) ;
#1588 = CARTESIAN_POINT ( 'NONE',  ( -70.47012638213001878, 2160.339013856567817, 12326.25896474775072 ) ) ;
#1589 = CARTESIAN_POINT ( 'NONE',  ( 6.831341758808669340, -1.236924003620292867, -4.864945210026883515 ) ) ;
#1590 = CARTESIAN_POINT ( 'NONE',  ( -611.5804033687008996, 25.64112574137358891, -365.4508110543995940 ) ) ;
#1591 = CARTESIAN_POINT ( 'NONE',  ( -31.81939231166069959, 1901.065759321596715, -10958.84513963370955 ) ) ;
#1592 = ORIENTED_EDGE ( 'NONE', *, *, #595, .T. ) ;
#1593 = CARTESIAN_POINT ( 'NONE',  ( -4829.341758808669510, -3436.421980362220893, 3508.646851982146927 ) ) ;
#1594 = CARTESIAN_POINT ( 'NONE',  ( -2.831341758808668896, -2.739623897708640232, -13.31287148360414463 ) ) ;
#1595 =( NAMED_UNIT ( * ) SI_UNIT ( $, .STERADIAN. ) SOLID_ANGLE_UNIT ( ) );
#1596 = EDGE_CURVE ( 'NONE', #1857, #2015, #1451, .T. ) ;
#1597 = ORIENTED_EDGE ( 'NONE', *, *, #440, .T. ) ;
#1598 = DIRECTION ( 'NONE',  ( 0.000000000000000000, 0.000000000000000000, 1.000000000000000000 ) ) ;
#1599 = CARTESIAN_POINT ( 'NONE',  ( 2.000000000000000000, -69.82857792204750069, -391.7599068548469745 ) ) ;
#1600 = CARTESIAN_POINT ( 'NONE',  ( -302.3745308049462892, 120.7478282233216902, 127.4077609264459596 ) ) ;
#1601 = CARTESIAN_POINT ( 'NONE',  ( -14.99999999999998579, -8.997799455947573577, 3.621365423749536738 ) ) ;
#1602 = CARTESIAN_POINT ( 'NONE',  ( -31.81939231166067827, -6.325762905450599938, -29.87474686328847895 ) ) ;
#1603 = AXIS2_PLACEMENT_3D ( 'NONE', #16, #410, #607 ) ;
#1604 = CARTESIAN_POINT ( 'NONE',  ( 6.831341758808669340, -8.655262025363915868, 38.41044851495252743 ) ) ;
#1605 = AXIS2_PLACEMENT_3D ( 'NONE', #2066, #945, #1844 ) ;
#1606 = CARTESIAN_POINT ( 'NONE',  ( -611.5804033687008996, 2069.780620806585830, 9948.930536038882565 ) ) ;
#1607 = AXIS2_PLACEMENT_3D ( 'NONE', #2151, #817, #1303 ) ;
#1608 = CARTESIAN_POINT ( 'NONE',  ( -31.81939231166069959, 25.95955385836657925, -20.28127512435961322 ) ) ;
#1609 = CARTESIAN_POINT ( 'NONE',  ( -14.99999999999998579, 0.000000000000000000, -6.500000000000007105 ) ) ;
#1610 = AXIS2_PLACEMENT_3D ( 'NONE', #651, #840, #392 ) ;
#1611 = CARTESIAN_POINT ( 'NONE',  ( -17.99999999999998579, 4.691951022655672432, -0.7717745150778129171 ) ) ;
#1612 = CARTESIAN_POINT ( 'NONE',  ( -1229.992148496211485, -335.9028869904336148, 627.4057182705847708 ) ) ;
#1613 = CARTESIAN_POINT ( 'NONE',  ( 5.143134437533336545, 0.4315694462862428860, -9.314689513609071270 ) ) ;
#1614 = CARTESIAN_POINT ( 'NONE',  ( 2.000000000000000000, 5.039223661402620458, -13.80666466354752941 ) ) ;
#1615 = DIRECTION ( 'NONE',  ( 0.000000000000000000, 0.000000000000000000, 1.000000000000000000 ) ) ;
#1616 = CARTESIAN_POINT ( 'NONE',  ( -31.81939231166067827, -1147.923928037857195, 6552.339322976390577 ) ) ;
#1617 = EDGE_CURVE ( 'NONE', #1996, #1803, #1677, .T. ) ;
#1618 = CARTESIAN_POINT ( 'NONE',  ( 6.831341758808669340, -0.8660071025331115280, -7.028714896275854329 ) ) ;
#1619 = CARTESIAN_POINT ( 'NONE',  ( -302.3745308049460618, -62.10628954003086477, -176.2205108214215841 ) ) ;
#1620 = CARTESIAN_POINT ( 'NONE',  ( -611.5804033687013543, 5635.873019527976794, -30764.98138939718046 ) ) ;
#1621 = CARTESIAN_POINT ( 'NONE',  ( -31.81939231166069959, -7.819412023424124669, 16.37624896535217545 ) ) ;
#1622 = CARTESIAN_POINT ( 'NONE',  ( -1229.992148496211485, 25430.65106066162116, -144126.0118556071247 ) ) ;
#1623 = DIRECTION ( 'NONE',  ( 0.000000000000000000, 0.8145564377395035915, -0.5800843126107878556 ) ) ;
#1624 = CARTESIAN_POINT ( 'NONE',  ( -2466.815638751229926, 205.0267342226194955, -1425.367511182156250 ) ) ;
#1625 = DIRECTION ( 'NONE',  ( 0.000000000000000000, 0.000000000000000000, 1.000000000000000000 ) ) ;
#1626 = VERTEX_POINT ( 'NONE', #866 ) ;
#1627 = CARTESIAN_POINT ( 'NONE',  ( -19.34870284548987485, -7.737385328530627326, -13.49868656295500635 ) ) ;
#1628 = FACE_OUTER_BOUND ( 'NONE', #2373, .T. ) ;
#1629 = CARTESIAN_POINT ( 'NONE',  ( 2.000000000000000000, -2.158504013145525757, -2.673430710807250144 ) ) ;
#1630 = DIRECTION ( 'NONE',  ( 0.000000000000000000, 0.000000000000000000, 1.000000000000000000 ) ) ;
#1631 = CARTESIAN_POINT ( 'NONE',  ( -31.81939231166067827, -22.86020475842734001, -10.79899572606908187 ) ) ;
#1632 = CARTESIAN_POINT ( 'NONE',  ( 6.831341758808669340, 0.8196424898972085593, -7.299186107057273887 ) ) ;
#1633 = ADVANCED_FACE ( 'NONE', ( #647 ), #587, .F. ) ;
#1634 = CARTESIAN_POINT ( 'NONE',  ( -302.3745308049460618, 120.7478282233219176, -140.4077609264551256 ) ) ;
#1635 = CARTESIAN_POINT ( 'NONE',  ( -1229.992148496211485, -75145.63475958647905, -434141.8663904803107 ) ) ;
#1636 = CARTESIAN_POINT ( 'NONE',  ( -12.49402527642601335, -0.8098666169938741888, 6.568129394985820824 ) ) ;
#1637 = VERTEX_POINT ( 'NONE', #389 ) ;
#1638 = CARTESIAN_POINT ( 'NONE',  ( -2466.815638751229926, -102.5379281910689429, -1436.571373612584011 ) ) ;
#1639 = DIRECTION ( 'NONE',  ( -1.000000000000000000, 0.000000000000000000, 0.000000000000000000 ) ) ;
#1640 = EDGE_LOOP ( 'NONE', ( #2049, #74, #2470, #1377 ) ) ;
#1641 = CARTESIAN_POINT ( 'NONE',  ( -15.99846051217484977, -8.121889055633351617, -12.11737158490973343 ) ) ;
#1642 = FACE_OUTER_BOUND ( 'NONE', #1173, .T. ) ;
#1643 = CARTESIAN_POINT ( 'NONE',  ( 2.000000000000000000, -5.751194587343359643, -17.95999699531763838 ) ) ;
#1644 = DIRECTION ( 'NONE',  ( 0.000000000000000000, 0.000000000000000000, 1.000000000000000000 ) ) ;
#1645 = CARTESIAN_POINT ( 'NONE',  ( -31.81939231166067827, 15.33509559205401374, -24.78003502666640046 ) ) ;
#1646 = CARTESIAN_POINT ( 'NONE',  ( 6.831341758808669340, 15.33176624493474804, 77.35830286752631935 ) ) ;
#1647 = CARTESIAN_POINT ( 'NONE',  ( -302.3745308049460618, -8234.829528922586178, 46969.77681532645511 ) ) ;
#1648 = CARTESIAN_POINT ( 'NONE',  ( -611.5804033687013543, -188.2552038472133802, 299.6508251818657982 ) ) ;
#1649 = CARTESIAN_POINT ( 'NONE',  ( -31.81939231166069959, -87.94653585714010546, -381.8866921328677222 ) ) ;
#1650 = CARTESIAN_POINT ( 'NONE',  ( -1229.992148496211485, 673.9301510130288762, 243.0715865149458352 ) ) ;
#1651 = AXIS2_PLACEMENT_3D ( 'NONE', #933, #730, #1574 ) ;
#1652 = ORIENTED_EDGE ( 'NONE', *, *, #1670, .T. ) ;
#1653 = CARTESIAN_POINT ( 'NONE',  ( -2466.815638751229926, -2458.438122847046998, 5876.592377156127441 ) ) ;
#1654 = CARTESIAN_POINT ( 'NONE',  ( 1.999999999999999112, 3.526285443777222195, -4.980833458528294955 ) ) ;
#1655 = VERTEX_POINT ( 'NONE', #2839 ) ;
#1656 = CARTESIAN_POINT ( 'NONE',  ( -16.24363200453313283, -7.867088046983519156, -12.98153438803709037 ) ) ;
#1657 = CARTESIAN_POINT ( 'NONE',  ( -4829.341758808673148, 2752.889988796298894, 465.7851037241525773 ) ) ;
#1658 = CARTESIAN_POINT ( 'NONE',  ( 2.000000000000000000, 89.05179292248364220, -503.8998798128514522 ) ) ;
#1659 = CARTESIAN_POINT ( 'NONE',  ( 2.000000000000000000, -2.158504013145519540, -10.32656928919282002 ) ) ;
#1660 = CARTESIAN_POINT ( 'NONE',  ( -31.81939231166067827, 1147.923928026881413, 6552.339322980354154 ) ) ;
#1661 = CARTESIAN_POINT ( 'NONE',  ( 7.088850564204843607, -0.1758041209448055475, -8.151736382822178939 ) ) ;
#1662 = CARTESIAN_POINT ( 'NONE',  ( -302.3745308049460618, 1641.912304801504433, 8509.530452444778348 ) ) ;
#1663 = CARTESIAN_POINT ( 'NONE',  ( -1229.992148496211485, -96452.05634484134498, -558434.3754768631188 ) ) ;
#1664 = CARTESIAN_POINT ( 'NONE',  ( -12.49402527642601335, 1063.353704240678098, -6138.030427302956014 ) ) ;
#1665 = CARTESIAN_POINT ( 'NONE',  ( -1229.992148496211485, 102.5222719970917638, 703.8887218815461893 ) ) ;
#1666 = ORIENTED_EDGE ( 'NONE', *, *, #1582, .F. ) ;
#1667 = CARTESIAN_POINT ( 'NONE',  ( -2466.815638751229926, -1583.485234707643940, 772.4931561901531722 ) ) ;
#1668 = CARTESIAN_POINT ( 'NONE',  ( 1.999999999999999112, 0.8304416476948088821, -1.912214646601589241 ) ) ;
#1669 = ORIENTED_EDGE ( 'NONE', *, *, #506, .T. ) ;
#1670 = EDGE_CURVE ( 'NONE', #2756, #1090, #210, .T. ) ;
#1671 = DIRECTION ( 'NONE',  ( 0.000000000000000000, 0.5800843126107878556, 0.8145564377395034805 ) ) ;
#1672 = CARTESIAN_POINT ( 'NONE',  ( -4829.341758808673148, 34537.12759659454605, -184949.8008366891881 ) ) ;
#1673 = CARTESIAN_POINT ( 'NONE',  ( 6.831341758808671116, -0.7377355916351970855, -5.452076783681346406 ) ) ;
#1674 = CARTESIAN_POINT ( 'NONE',  ( 4.838554631517447469, 1.027309199763371872, -3.861159719383945976 ) ) ;
#1675 = CARTESIAN_POINT ( 'NONE',  ( -12.49402527642600624, -7.249177134466250116, -17.00128569483250374 ) ) ;
#1676 = CARTESIAN_POINT ( 'NONE',  ( 7.088850564204843607, -128.7636714885312301, 739.9511971027590107 ) ) ;
#1677 = B_SPLINE_CURVE_WITH_KNOTS ( 'NONE', 3,
 ( #1291, #1263, #418, #2620, #2171, #1527, #180, #1982, #433, #196, #2214, #1955, #1307, #2648, #601, #2374, #2867, #1076 ),
 .UNSPECIFIED., .F., .F.,
 ( 4, 2, 2, 2, 2, 2, 2, 2, 4 ),
 ( 0.000000000000000000, 0.0004772059994287486590, 0.0009544119988574973181, 0.001431617998286246031, 0.001908823997714994636, 0.002386029997143743458, 0.002863235996572492063, 0.003340441996001240667, 0.003817647995429989272 ),
 .UNSPECIFIED. ) ;
#1678 = CARTESIAN_POINT ( 'NONE',  ( -147.7715945230686998, 325.8203573503150778, 1360.315422986913518 ) ) ;
#1679 = CARTESIAN_POINT ( 'NONE',  ( -611.5804033687013543, 1673.548132079625248, -7650.480441219567183 ) ) ;
#1680 = CARTESIAN_POINT ( 'NONE',  ( -12.49402527642601335, -27.47930293508401434, -95.18432710387067175 ) ) ;
#1681 = CARTESIAN_POINT ( 'NONE',  ( -147.7715945230688135, 76.92488173963110398, 41.98042931830418922 ) ) ;
#1682 = CARTESIAN_POINT ( 'NONE',  ( -19.99869479371254855, -7.771144191967935377, -21.64338362157195306 ) ) ;
#1683 = DIRECTION ( 'NONE',  ( 0.000000000000000000, -0.1623079398385591232, -0.9867401545824323605 ) ) ;
#1684 = CARTESIAN_POINT ( 'NONE',  ( -2466.815638751229926, 3508.381588591078071, 12001.51144232188017 ) ) ;
#1685 = ORIENTED_EDGE ( 'NONE', *, *, #2141, .F. ) ;
#1686 = CARTESIAN_POINT ( 'NONE',  ( -19.63055953174713864, -7.182132039370491938, -22.96355828238402452 ) ) ;
#1687 = CARTESIAN_POINT ( 'NONE',  ( -4829.341758808673148, 1313.094347636387283, 2466.713477547349612 ) ) ;
#1688 = EDGE_CURVE ( 'NONE', #1967, #2866, #1542, .T. ) ;
#1689 = CARTESIAN_POINT ( 'NONE',  ( 6.831341758808671116, 0.06414380676700004447, -4.601502728371620776 ) ) ;
#1690 = CARTESIAN_POINT ( 'NONE',  ( -302.3745308049462892, -842.7708231072591616, -3860.682408454868892 ) ) ;
#1691 = CARTESIAN_POINT ( 'NONE',  ( 4.182715578311459126, 1.829439714647618898, -4.239808573297589867 ) ) ;
#1692 = CARTESIAN_POINT ( 'NONE',  ( -12.49402527642600624, -79.53329295057525883, 385.8449351538725978 ) ) ;
#1693 = CARTESIAN_POINT ( 'NONE',  ( -147.7715945230688135, -76.92488173963778308, 41.98042931830389790 ) ) ;
#1694 = CARTESIAN_POINT ( 'NONE',  ( 7.088850564204843607, 0.1361026667631743958, -8.184488178275053372 ) ) ;
#1695 = CARTESIAN_POINT ( 'NONE',  ( -147.7715945230686998, -2357.056582724977034, 13209.67480471410454 ) ) ;
#1696 = CARTESIAN_POINT ( 'NONE',  ( -12.49402527642601335, 5.362956677966360886, 5.250610434682974059 ) ) ;
#1697 = CARTESIAN_POINT ( 'NONE',  ( -18.26680024711193440, -7.389762266524645185, -19.50900418843937700 ) ) ;
#1698 = LINE ( 'NONE', #383, #712 ) ;
#1699 = CARTESIAN_POINT ( 'NONE',  ( -2466.815638751229926, 192498.2054246094194, 1114486.943171564490 ) ) ;
#1700 = CIRCLE ( 'NONE', #1603, 5.000000000000004441 ) ;
#1701 = ORIENTED_EDGE ( 'NONE', *, *, #2032, .T. ) ;
#1702 = COLOUR_RGB ( '',0.7921568627450980005, 0.8196078431372548767, 0.9333333333333333481 ) ;
#1703 = CARTESIAN_POINT ( 'NONE',  ( -19.32866603348898593, -6.641989007042541360, -10.51542349703082557 ) ) ;
#1704 = CARTESIAN_POINT ( 'NONE',  ( -2466.815638751231745, 22407.36397241385203, -122263.0546152269089 ) ) ;
#1705 = VECTOR ( 'NONE', #1332, 1000.000000000000000 ) ;
#1706 = CARTESIAN_POINT ( 'NONE',  ( 6.831341758808671116, -1.978757805786208079, -12.46259416247621310 ) ) ;
#1707 = CARTESIAN_POINT ( 'NONE',  ( 2.000000000000000000, 1.427957507579924679, -10.84400200806509673 ) ) ;
#1708 = CARTESIAN_POINT ( 'NONE',  ( 6.831341758808669340, 75.42030422106462595, 427.8889920402431244 ) ) ;
#1709 = EDGE_CURVE ( 'NONE', #179, #2325, #2484, .T. ) ;
#1710 = CARTESIAN_POINT ( 'NONE',  ( -302.3745308049460618, 8234.829528834683515, 46969.77681535208103 ) ) ;
#1711 = CARTESIAN_POINT ( 'NONE',  ( -2.831341758808670672, 644.4976767002171982, -3727.623071137586976 ) ) ;
#1712 = CARTESIAN_POINT ( 'NONE',  ( -147.7715945230688135, 31.08521667339745775, 79.30950404652293173 ) ) ;
#1713 = CARTESIAN_POINT ( 'NONE',  ( -16.04571193175908306, -7.624965386258175215, -20.99563916140080266 ) ) ;
#1714 = B_SPLINE_CURVE_WITH_KNOTS ( 'NONE', 3,
 ( #1977, #2863, #1001, #965, #981, #1864, #1691, #1237, #1926, #1674, #591, #2133, #747, #2748, #1486, #2764, #2315, #1254, #779, #2101, #2088, #334, #1207, #95 ),
 .UNSPECIFIED., .F., .F.,
 ( 4, 2, 2, 2, 2, 2, 2, 2, 2, 2, 2, 4 ),
 ( 0.2529498652158757022, 0.2542735679543291494, 0.2555972706927826521, 0.2562591220620093480, 0.2569209734312360993, 0.2575828248004628507, 0.2582446761696896020, 0.2589065275389162979, 0.2595683789081430493, 0.2608920816465964965, 0.2622157843850499992, 0.2635394871235034464 ),
 .UNSPECIFIED. ) ;
#1715 = CARTESIAN_POINT ( 'NONE',  ( -1229.992148496210575, 51.27339322460468907, -722.4909985737943998 ) ) ;
#1716 = CARTESIAN_POINT ( 'NONE',  ( -70.47012638213007563, 272.1378730672844881, -1324.304832013760688 ) ) ;
#1717 = ORIENTED_EDGE ( 'NONE', *, *, #185, .T. ) ;
#1718 = CARTESIAN_POINT ( 'NONE',  ( -19.73496299840729762, -6.473879188042686472, -11.01285730166885202 ) ) ;
#1719 = CARTESIAN_POINT ( 'NONE',  ( -4829.341758808673148, -400.8262733956146349, 2765.672698557272724 ) ) ;
#1720 = CARTESIAN_POINT ( 'NONE',  ( 6.831341758808671116, 0.2296374123122562616, -4.699573641123223844 ) ) ;
#1721 = CARTESIAN_POINT ( 'NONE',  ( -147.7715945230688135, 12411.67589830771612, -71877.00374429664225 ) ) ;
#1722 = CARTESIAN_POINT ( 'NONE',  ( -14.99999999999998579, 0.000000000000000000, -7.500000000000007105 ) ) ;
#1723 = DIRECTION ( 'NONE',  ( -1.000000000000000000, 0.000000000000000000, 0.000000000000000000 ) ) ;
#1724 = CARTESIAN_POINT ( 'NONE',  ( -147.7715945230687566, -76.92488173964181897, -54.98042931830218549 ) ) ;
#1725 = CARTESIAN_POINT ( 'NONE',  ( -2.831341758808670672, 3.739407273389209418, -0.3491439731454519246 ) ) ;
#1726 = CARTESIAN_POINT ( 'NONE',  ( -147.7715945230688135, -42.08961560157391801, 74.37895574978311686 ) ) ;
#1727 = EDGE_CURVE ( 'NONE', #2756, #375, #1343, .T. ) ;
#1728 = CARTESIAN_POINT ( 'NONE',  ( 2.000000000000000000, -3.615281809519890643, -7.500000000000007105 ) ) ;
#1729 = CARTESIAN_POINT ( 'NONE',  ( -16.25279033048389010, -7.535137688009847068, -20.51349928034150949 ) ) ;
#1730 = CARTESIAN_POINT ( 'NONE',  ( -2466.815638751229926, 149975.4950615052949, 866427.7210324849002 ) ) ;
#1731 = CARTESIAN_POINT ( 'NONE',  ( -70.47012638213007563, -44.85440241432157649, 1.569276555862354927 ) ) ;
#1732 = ORIENTED_EDGE ( 'NONE', *, *, #2653, .F. ) ;
#1733 = CARTESIAN_POINT ( 'NONE',  ( -18.13447013951649822, -5.791487207780980029, -14.01596974572903775 ) ) ;
#1734 = CARTESIAN_POINT ( 'NONE',  ( -2466.815638751231745, 898.7307218480127631, 1109.010421361186445 ) ) ;
#1735 = CARTESIAN_POINT ( 'NONE',  ( 6.831341758808671116, 0.1162911174511305212, -4.624867467474166993 ) ) ;
#1736 = CARTESIAN_POINT ( 'NONE',  ( -302.3745308049462892, -12.82499199976462556, 173.9307172947022480 ) ) ;
#1737 = LINE ( 'NONE', #2392, #486 ) ;
#1738 = DIRECTION ( 'NONE',  ( 1.000000000000000000, -0.000000000000000000, -0.000000000000000000 ) ) ;
#1739 = CARTESIAN_POINT ( 'NONE',  ( -147.7715945230686998, 56.38595518954456765, -77.90730104652377008 ) ) ;
#1740 = CARTESIAN_POINT ( 'NONE',  ( -2.831341758808670672, 2.739623897708745925, 0.3128714836044031999 ) ) ;
#1741 = CARTESIAN_POINT ( 'NONE',  ( 2.000000000000000000, -10.02302014301768196, 29.87999098593314429 ) ) ;
#1742 = CARTESIAN_POINT ( 'NONE',  ( -16.06659033655450131, -7.868238229536682837, -22.02319355580380034 ) ) ;
#1743 = CARTESIAN_POINT ( 'NONE',  ( -1229.992148496210575, 3335.102749996600323, 15217.07650675026343 ) ) ;
#1744 = CARTESIAN_POINT ( 'NONE',  ( -70.47012638213007563, 28.30779630092788679, 30.10386370269895551 ) ) ;
#1745 = ORIENTED_EDGE ( 'NONE', *, *, #2065, .F. ) ;
#1746 = CARTESIAN_POINT ( 'NONE',  ( -19.51220166832771596, -6.577517238531585875, -10.70058440776281472 ) ) ;
#1747 = CARTESIAN_POINT ( 'NONE',  ( -12.49402527642600624, 7.249177134466278538, -17.00128569483249663 ) ) ;
#1748 = VECTOR ( 'NONE', #251, 1000.000000000000000 ) ;
#1749 = CARTESIAN_POINT ( 'NONE',  ( -4829.341758808673148, 200.4612000606822448, 2787.576464995274819 ) ) ;
#1750 = CARTESIAN_POINT ( 'NONE',  ( 7.088850564204843607, -3.894121314591826089, -24.51594474705616022 ) ) ;
#1751 = PRESENTATION_LAYER_ASSIGNMENT (  '', '', ( #1796 ) ) ;
#1752 = DIRECTION ( 'NONE',  ( 0.000000000000000000, 0.5889246284241532736, -0.8081879620703793510 ) ) ;
#1753 = VECTOR ( 'NONE', #2176, 1000.000000000000000 ) ;
#1754 = DIRECTION ( 'NONE',  ( 0.000000000000000000, 0.000000000000000000, 1.000000000000000000 ) ) ;
#1755 =( BOUNDED_CURVE ( )  B_SPLINE_CURVE ( 3, ( #1113, #679, #241, #2486 ),
 .UNSPECIFIED., .F., .F. ) 
 B_SPLINE_CURVE_WITH_KNOTS ( ( 4, 4 ),
 ( 0.000000000000000000, 3.141592653589793116 ),
 .UNSPECIFIED. ) 
 CURVE ( )  GEOMETRIC_REPRESENTATION_ITEM ( )  RATIONAL_B_SPLINE_CURVE ( ( 1.000000000000000000, 0.3333333333333333703, 0.3333333333333333703, 1.000000000000000000 ) ) 
 REPRESENTATION_ITEM ( '' )  );
#1756 = CARTESIAN_POINT ( 'NONE',  ( -70.47012638213001878, -1216.238443473017242, 6818.781898376931167 ) ) ;
#1757 = CARTESIAN_POINT ( 'NONE',  ( -2.831341758808670672, -6.364556516506667982, -5.028714896275842783 ) ) ;
#1758 = CARTESIAN_POINT ( 'NONE',  ( 2.000000000000000000, -781.0875329405848788, 4527.938906293221407 ) ) ;
#1759 = CARTESIAN_POINT ( 'NONE',  ( -22.61905505952017847, -3.562302626111383486, -5.500000000000007105 ) ) ;
#1760 = CARTESIAN_POINT ( 'NONE',  ( -2466.815638751229926, 36581.60075989428879, 204936.4619949393382 ) ) ;
#1761 = CARTESIAN_POINT ( 'NONE',  ( -70.47012638213007563, -30.39405739652010396, 28.29828158377677738 ) ) ;
#1762 = ORIENTED_EDGE ( 'NONE', *, *, #374, .T. ) ;
#1763 = DIRECTION ( 'NONE',  ( 0.000000000000000000, 0.5800843126107878556, 0.8145564377395034805 ) ) ;
#1764 = CARTESIAN_POINT ( 'NONE',  ( -12.49402527642600624, -22.27390393357175924, 51.81826629883446600 ) ) ;
#1765 = CARTESIAN_POINT ( 'NONE',  ( -2466.815638751231745, 205.0267342226234462, 1412.367511182168300 ) ) ;
#1766 = CARTESIAN_POINT ( 'NONE',  ( 7.088850564204843607, 128.7636714875715711, -752.9511971037098874 ) ) ;
#1767 = ADVANCED_FACE ( 'NONE', ( #2050 ), #1776, .F. ) ;
#1768 = PLANE ( 'NONE',  #2128 ) ;
#1769 = CARTESIAN_POINT ( 'NONE',  ( 7.088850564204843607, 385.9102875249069484, 2240.033962549684020 ) ) ;
#1770 = CARTESIAN_POINT ( 'NONE',  ( -147.7715945230686998, 9669.506993961824264, 55867.36857896578294 ) ) ;
#1771 = CARTESIAN_POINT ( 'NONE',  ( -2.831341758808668896, 75.86420326889022192, 397.4597833978273798 ) ) ;
#1772 = CARTESIAN_POINT ( 'NONE',  ( -17.99999999999998579, 3.013858819636164643, -8.646311956659927134 ) ) ;
#1773 = CARTESIAN_POINT ( 'NONE',  ( -1229.992148496210575, 8858.989827598052216, 47441.06034397010080 ) ) ;
#1774 = CARTESIAN_POINT ( 'NONE',  ( -70.47012638213007563, -15.57468024008123031, 37.35400065907587219 ) ) ;
#1775 = VERTEX_POINT ( 'NONE', #710 ) ;
#1776 = PLANE ( 'NONE',  #304 ) ;
#1777 = CARTESIAN_POINT ( 'NONE',  ( -12.49402527642600624, 0.8098666169934585213, -19.56812939498583148 ) ) ;
#1778 = CARTESIAN_POINT ( 'NONE',  ( -2466.815638751231745, -1347.122566434311238, 491.5952498135727637 ) ) ;
#1779 = CARTESIAN_POINT ( 'NONE',  ( 6.831341758808671116, -405.9072630866610325, -2368.807782489473993 ) ) ;
#1780 = CARTESIAN_POINT ( 'NONE',  ( 5.202154447597567177, -0.2373524266681847350, -9.348764732307225600 ) ) ;
#1781 = CARTESIAN_POINT ( 'NONE',  ( -14.99999999999998579, 3.013858819636169972, -8.646311956659927134 ) ) ;
#1782 = CARTESIAN_POINT ( 'NONE',  ( -70.47012638213001878, 30.39405739652085714, -41.29828158377907243 ) ) ;
#1783 = CARTESIAN_POINT ( 'NONE',  ( 2.000000000000000000, 3.367393464374681677, -8.518718776078731736 ) ) ;
#1784 = LINE ( 'NONE', #1772, #2078 ) ;
#1785 = CARTESIAN_POINT ( 'NONE',  ( -611.5804033687008996, 352.7731695968406029, -67.35320817296761220 ) ) ;
#1786 = CARTESIAN_POINT ( 'NONE',  ( -70.47012638213007563, -6408.791580696322853, -37122.90576338780374 ) ) ;
#1787 = VERTEX_POINT ( 'NONE', #686 ) ;
#1788 = CARTESIAN_POINT ( 'NONE',  ( -18.13457150740696022, -6.827832463376191541, -10.01596974572903775 ) ) ;
#1789 = CARTESIAN_POINT ( 'NONE',  ( -2.831341758808668896, -28.47808048333225628, 121.0295094194021601 ) ) ;
#1790 = CARTESIAN_POINT ( 'NONE',  ( -1229.992148496211485, -376.3607355772277856, 603.9445860430009816 ) ) ;
#1791 = CARTESIAN_POINT ( 'NONE',  ( -2466.815638751231745, -898.7307218480301572, 1109.010421361183035 ) ) ;
#1792 = CARTESIAN_POINT ( 'NONE',  ( 7.088850564204843607, -1.424949418517097444, -10.11185783605555422 ) ) ;
#1793 = CARTESIAN_POINT ( 'NONE',  ( 3.291539100506767568, 2.654129393168655149, -8.245670447346521215 ) ) ;
#1794 = DIRECTION ( 'NONE',  ( 1.000000000000000000, -0.000000000000000000, -0.000000000000000000 ) ) ;
#1795 = CIRCLE ( 'NONE', #2449, 5.000000000000004441 ) ;
#1796 = STYLED_ITEM ( 'NONE', ( #1147 ), #2663 ) ;
#1797 = CARTESIAN_POINT ( 'NONE',  ( -70.47012638213001878, 272.1378730651413775, 1311.304832013947134 ) ) ;
#1798 = AXIS2_PLACEMENT_3D ( 'NONE', #80, #1850, #2517 ) ;
#1799 = CARTESIAN_POINT ( 'NONE',  ( 6.831341758808669340, 0.04539575372970844347, -8.403933709128432739 ) ) ;
#1800 = ADVANCED_FACE ( 'NONE', ( #272 ), #2595, .F. ) ;
#1801 = CARTESIAN_POINT ( 'NONE',  ( -611.5804033687008996, -168.0095890539301990, -324.3904254015474748 ) ) ;
#1802 = CARTESIAN_POINT ( 'NONE',  ( -70.47012638213007563, -4992.640725089613625, -28861.69016383990311 ) ) ;
#1803 = VERTEX_POINT ( 'NONE', #885 ) ;
#1804 = CARTESIAN_POINT ( 'NONE',  ( -4829.341758808669510, -292912.2204085320118, 1692186.080093599856 ) ) ;
#1805 = CARTESIAN_POINT ( 'NONE',  ( -2.831341758808668896, 0.4093624375679724703, -13.98937646499528853 ) ) ;
#1806 = CARTESIAN_POINT ( 'NONE',  ( -2466.815638751231745, -5083.296787262760517, -21201.89004005926108 ) ) ;
#1807 = FACE_OUTER_BOUND ( 'NONE', #2083, .T. ) ;
#1808 = CARTESIAN_POINT ( 'NONE',  ( -17.46186761117171926, -8.928473020803993521, -10.07170611730470000 ) ) ;
#1809 = CARTESIAN_POINT ( 'NONE',  ( -2.831341758808670672, -7.417581467304615650, -11.17160987357024915 ) ) ;
#1810 = CARTESIAN_POINT ( 'NONE',  ( -70.47012638213001878, 114.7877779991891884, 393.3919876194636913 ) ) ;
#1811 = CARTESIAN_POINT ( 'NONE',  ( 2.000000000000000000, 608.0785979329669999, 3518.679149675946974 ) ) ;
#1812 = CARTESIAN_POINT ( 'NONE',  ( -611.5804033687008996, -16334.15021564802009, 93161.13394944080210 ) ) ;
#1813 = EDGE_CURVE ( 'NONE', #557, #1275, #2844, .T. ) ;
#1814 = CARTESIAN_POINT ( 'NONE',  ( -31.81939231166069959, 14.26871685662007039, 12.70214503078786450 ) ) ;
#1815 = ORIENTED_EDGE ( 'NONE', *, *, #1979, .T. ) ;
#1816 = CARTESIAN_POINT ( 'NONE',  ( -4829.341758808669510, 400.8262733956039483, -2778.672698557161311 ) ) ;
#1817 = CARTESIAN_POINT ( 'NONE',  ( -2.831341758808668896, 5.314706991057941643, -10.89218892711409126 ) ) ;
#1818 = CARTESIAN_POINT ( 'NONE',  ( -14.99999999999998579, 1.358094810837592759, 9.765912106391487768 ) ) ;
#1819 = LINE ( 'NONE', #2702, #2492 ) ;
#1820 = DIRECTION ( 'NONE',  ( 0.000000000000000000, 0.5704855479167127985, 0.8213076400583205761 ) ) ;
#1821 = CARTESIAN_POINT ( 'NONE',  ( 2.000000000000000000, 1.619246583839696996, -2.265640672541697320 ) ) ;
#1822 = CARTESIAN_POINT ( 'NONE',  ( -12.49402527642600624, -1484.991023367934076, 8584.681352504807364 ) ) ;
#1823 = CARTESIAN_POINT ( 'NONE',  ( 6.831341758808669340, -25.34652257428707145, 135.7800843961561839 ) ) ;
#1824 = CARTESIAN_POINT ( 'NONE',  ( -611.5804033687008996, 4447.175553250847770, 23817.63110494760258 ) ) ;
#1825 = CARTESIAN_POINT ( 'NONE',  ( -1229.992148496211485, -967.7225738844173293, -1419.797719369881861 ) ) ;
#1826 = CARTESIAN_POINT ( 'NONE',  ( -31.81939231166069959, 143.7348196560571409, -707.3315674406492235 ) ) ;
#1827 = ORIENTED_EDGE ( 'NONE', *, *, #1688, .F. ) ;
#1828 = CARTESIAN_POINT ( 'NONE',  ( -4829.341758808669510, -2752.889988796298439, -478.7851037241534868 ) ) ;
#1829 = CARTESIAN_POINT ( 'NONE',  ( -1229.992148496211485, 51.27339322462617588, 709.4909985737949683 ) ) ;
#1830 = CYLINDRICAL_SURFACE ( 'NONE', #2075, 5.000000000000004441 ) ;
#1831 = EDGE_CURVE ( 'NONE', #1967, #1803, #171, .T. ) ;
#1832 = CARTESIAN_POINT ( 'NONE',  ( -16.48435423236669450, -8.646971815722650945, -10.70468629613447042 ) ) ;
#1833 = CARTESIAN_POINT ( 'NONE',  ( 2.000000000000000000, 24.97440958776082809, -130.0999699532128488 ) ) ;
#1834 = DIRECTION ( 'NONE',  ( -1.000000000000000000, 0.000000000000000000, 0.000000000000000000 ) ) ;
#1835 = CARTESIAN_POINT ( 'NONE',  ( -31.81939231166067827, -143.7348196562172973, 694.3315674403111188 ) ) ;
#1836 = CIRCLE ( 'NONE', #2582, 4.000000000000000000 ) ;
#1837 = CARTESIAN_POINT ( 'NONE',  ( 6.831341758808669340, -45.37603523299485175, 252.6236474536005971 ) ) ;
#1838 = CARTESIAN_POINT ( 'NONE',  ( -302.3745308049460618, -176.8195883496868817, -37.19096153462167820 ) ) ;
#1839 = VECTOR ( 'NONE', #359, 1000.000000000000000 ) ;
#1840 = CARTESIAN_POINT ( 'NONE',  ( -70.47012638213007563, -1216.238443471723031, -6831.781898378824735 ) ) ;
#1841 = CARTESIAN_POINT ( 'NONE',  ( -1229.992148496211485, 1230.764815677756587, -2954.273140189845435 ) ) ;
#1842 = ORIENTED_EDGE ( 'NONE', *, *, #1244, .T. ) ;
#1843 = CARTESIAN_POINT ( 'NONE',  ( -2466.815638751229926, -36581.60076028381445, 204936.4619948291511 ) ) ;
#1844 = DIRECTION ( 'NONE',  ( 0.8660254037844380415, 0.000000000000000000, -0.5000000000000009992 ) ) ;
#1845 = VERTEX_POINT ( 'NONE', #1049 ) ;
#1846 = CARTESIAN_POINT ( 'NONE',  ( -16.40295372116019479, -8.604825068317568437, -10.80536372493765285 ) ) ;
#1847 = DIRECTION ( 'NONE',  ( 0.000000000000000000, 0.1044528220829679666, 0.9945298426688381488 ) ) ;
#1848 = EDGE_CURVE ( 'NONE', #1389, #1434, #1795, .T. ) ;
#1849 = CARTESIAN_POINT ( 'NONE',  ( 2.000000000000000000, 608.0785979337383651, -3531.679149675924691 ) ) ;
#1850 = DIRECTION ( 'NONE',  ( 1.000000000000000000, -0.000000000000000000, -0.000000000000000000 ) ) ;
#1851 = CARTESIAN_POINT ( 'NONE',  ( -31.81939231166067827, 311.0996710503453073, 1670.666193364006631 ) ) ;
#1852 = CARTESIAN_POINT ( 'NONE',  ( 6.831341758808669340, 0.4264646365289143093, -8.107934854047739393 ) ) ;
#1853 = CARTESIAN_POINT ( 'NONE',  ( -302.3745308049460618, 25.64392532794252588, -185.5296299060779575 ) ) ;
#1854 = CARTESIAN_POINT ( 'NONE',  ( -611.5804033687013543, 241.2195226590562243, 259.5537333833381126 ) ) ;
#1855 = CARTESIAN_POINT ( 'NONE',  ( -12.49402527642601335, 7.805614689820574270, 3.520911748109575967 ) ) ;
#1856 = CARTESIAN_POINT ( 'NONE',  ( -1229.992148496211485, 6491.609651543813925, -33643.78155658490141 ) ) ;
#1857 = VERTEX_POINT ( 'NONE', #826 ) ;
#1858 = CARTESIAN_POINT ( 'NONE',  ( -2466.815638751229926, -22407.36397242546445, 122250.0546151803428 ) ) ;
#1859 = DIRECTION ( 'NONE',  ( 0.000000000000000000, 0.000000000000000000, 1.000000000000000000 ) ) ;
#1860 = ORIENTED_EDGE ( 'NONE', *, *, #1205, .T. ) ;
#1861 = CARTESIAN_POINT ( 'NONE',  ( -18.90904535027890532, -7.669075801316576957, -13.80248274821978960 ) ) ;
#1862 = PLANE ( 'NONE',  #1096 ) ;
#1863 = CARTESIAN_POINT ( 'NONE',  ( 2.000000000000000000, -1.033552333849159011, -1.979283766656063870 ) ) ;
#1864 = CARTESIAN_POINT ( 'NONE',  ( 4.039055770268922707, 1.974907898607442869, -4.322750602142582110 ) ) ;
#1865 = CARTESIAN_POINT ( 'NONE',  ( -31.81939231166067827, -394.7820967516273072, 2158.833506324331211 ) ) ;
#1866 = CARTESIAN_POINT ( 'NONE',  ( 7.088850564204843607, -0.1361026667631501930, -8.184488178275051595 ) ) ;
#1867 = CARTESIAN_POINT ( 'NONE',  ( -302.3745308049460618, 169.0358394469693053, -69.67883904097581649 ) ) ;
#1868 = CARTESIAN_POINT ( 'NONE',  ( -1229.992148496211485, -1756.849299264226147, -6023.223981828503383 ) ) ;
#1869 = CARTESIAN_POINT ( 'NONE',  ( -31.81939231166069959, -227.4172453543817767, -1195.498880402018131 ) ) ;
#1870 = CARTESIAN_POINT ( 'NONE',  ( -1229.992148496211485, 3335.102750024179841, -15230.07650674786782 ) ) ;
#1871 = EDGE_LOOP ( 'NONE', ( #2096, #481 ) ) ;
#1872 = CARTESIAN_POINT ( 'NONE',  ( -2466.815638751229926, -50755.83754814216081, 287622.8693744780030 ) ) ;
#1873 =( NAMED_UNIT ( * ) SI_UNIT ( $, .STERADIAN. ) SOLID_ANGLE_UNIT ( ) );
#1874 = VERTEX_POINT ( 'NONE', #1781 ) ;
#1875 = CARTESIAN_POINT ( 'NONE',  ( -17.09044645029469223, -7.669143332321317175, -13.80217316567054731 ) ) ;
#1876 = DIRECTION ( 'NONE',  ( 0.000000000000000000, 0.9945298426688381488, -0.1044528220829679666 ) ) ;
#1877 = CARTESIAN_POINT ( 'NONE',  ( 2.000000000000000000, 0.2091103478553168749, -1.800000000000000488 ) ) ;
#1878 = CARTESIAN_POINT ( 'NONE',  ( -302.3745308049462892, 376.6049587769855975, -1141.271049462390465 ) ) ;
#1879 = CARTESIAN_POINT ( 'NONE',  ( 2.000000000000000000, 0.000000000000000000, -5.500000000000007105 ) ) ;
#1880 = CARTESIAN_POINT ( 'NONE',  ( -31.81939231166067827, -18.19083106007482442, -21.85738015943749701 ) ) ;
#1881 = CARTESIAN_POINT ( 'NONE',  ( 7.088850564204843607, -1.424949418522703848, -2.888142163947837293 ) ) ;
#1882 = CARTESIAN_POINT ( 'NONE',  ( -302.3745308049460618, 842.7708231005132120, 3847.682408456014855 ) ) ;
#1883 = CARTESIAN_POINT ( 'NONE',  ( -611.5804033687013543, 3258.478087058966139, -16896.28082049061413 ) ) ;
#1884 = CARTESIAN_POINT ( 'NONE',  ( -12.49402527642601335, -17.06850493201481811, -34.45220549384191600 ) ) ;
#1885 = EDGE_CURVE ( 'NONE', #2292, #994, #2350, .T. ) ;
#1886 = VECTOR ( 'NONE', #2222, 1000.000000000000000 ) ;
#1887 = ORIENTED_EDGE ( 'NONE', *, *, #301, .T. ) ;
#1888 = CARTESIAN_POINT ( 'NONE',  ( -4829.341758808669510, 71447.85514041020360, 400258.1264449741575 ) ) ;
#1889 = VECTOR ( 'NONE', #2424, 1000.000000000000000 ) ;
#1890 = EDGE_LOOP ( 'NONE', ( #2604, #446 ) ) ;
#1891 = DIRECTION ( 'NONE',  ( 1.000000000000000000, -0.000000000000000000, -0.000000000000000000 ) ) ;
#1892 = CARTESIAN_POINT ( 'NONE',  ( -4829.341758808673148, 292912.2204083738616, -1692199.080094243400 ) ) ;
#1893 = CARTESIAN_POINT ( 'NONE',  ( 6.831341758808671116, -0.1496721171989968957, -4.642935679269325711 ) ) ;
#1894 = CARTESIAN_POINT ( 'NONE',  ( -302.3745308049462892, 142.5413960248906449, 105.1034972971850152 ) ) ;
#1895 = DIRECTION ( 'NONE',  ( 0.000000000000000000, 0.000000000000000000, 1.000000000000000000 ) ) ;
#1896 = CARTESIAN_POINT ( 'NONE',  ( -12.49402527642600624, -3.185579329590154884, -19.13934028620845851 ) ) ;
#1897 = CARTESIAN_POINT ( 'NONE',  ( 7.088850564204843607, 0.003531836052824834354, -8.262426062719168129 ) ) ;
#1898 = CARTESIAN_POINT ( 'NONE',  ( -302.3745308049460618, 243.4147118247695403, 351.2963754644423489 ) ) ;
#1899 = CARTESIAN_POINT ( 'NONE',  ( -12.49402527642601335, 79.53329295044345315, -398.8449351540932639 ) ) ;
#1900 = DIRECTION ( 'NONE',  ( 1.000000000000000000, -0.000000000000000000, 0.000000000000000000 ) ) ;
#1901 = PLANE ( 'NONE',  #1469 ) ;
#1902 = CARTESIAN_POINT ( 'NONE',  ( -2466.815638751229926, 1933.466389957592583, 2814.132844578191907 ) ) ;
#1903 = EDGE_CURVE ( 'NONE', #101, #375, #1563, .T. ) ;
#1904 = CARTESIAN_POINT ( 'NONE',  ( 1.999999999999999112, 0.2091103478553168749, -1.800000000000000044 ) ) ;
#1905 = ORIENTED_EDGE ( 'NONE', *, *, #13, .F. ) ;
#1906 = CARTESIAN_POINT ( 'NONE',  ( -19.02683208073264609, -8.832881144157228803, -10.27911092911778113 ) ) ;
#1907 = CARTESIAN_POINT ( 'NONE',  ( -4829.341758808673148, 6854.081938189628090, -23458.80663052271848 ) ) ;
#1908 = CARTESIAN_POINT ( 'NONE',  ( 6.831341758808671116, 0.5406953411528452325, -5.047027098965288339 ) ) ;
#1909 = CARTESIAN_POINT ( 'NONE',  ( -147.7715945230688135, 224.2585460841497706, -780.8474539000690129 ) ) ;
#1910 = CARTESIAN_POINT ( 'NONE',  ( 2.000000000000000000, 2.158504013145525313, -10.32656928919281292 ) ) ;
#1911 = CARTESIAN_POINT ( 'NONE',  ( -12.49402527642600624, -15.33337193151072775, 11.33018522549651053 ) ) ;
#1912 = CARTESIAN_POINT ( 'NONE',  ( 7.088850564204844495, -0.4134687757090363402, -7.874643314196783983 ) ) ;
#1913 = CARTESIAN_POINT ( 'NONE',  ( -147.7715945230686998, -325.8203573528571724, 1360.315422986146586 ) ) ;
#1914 = CARTESIAN_POINT ( 'NONE',  ( -12.49402527642601335, 63.91709594583655729, -307.7467527390319333 ) ) ;
#1915 = CARTESIAN_POINT ( 'NONE',  ( -147.7715945230688135, 60.51198100545443026, 61.33477469799989024 ) ) ;
#1916 = CARTESIAN_POINT ( 'NONE',  ( -18.65316908793285577, -7.400530522036460113, -19.60056490878531577 ) ) ;
#1917 = CARTESIAN_POINT ( 'NONE',  ( -16.47991021114194510, -7.481670963903416016, -20.18915354027392439 ) ) ;
#1918 = CARTESIAN_POINT ( 'NONE',  ( -1229.992148496210575, -1756.849299264956016, 6010.223981827004536 ) ) ;
#1919 = CARTESIAN_POINT ( 'NONE',  ( 1.999999999999999112, -2.927701166105182828, -3.577419085925838349 ) ) ;
#1920 = ORIENTED_EDGE ( 'NONE', *, *, #1205, .F. ) ;
#1921 = CARTESIAN_POINT ( 'NONE',  ( -16.75180633693388899, -7.717589913983432304, -13.58437364603867792 ) ) ;
#1922 = CARTESIAN_POINT ( 'NONE',  ( -4829.341758808673148, -1471.193713224576868, 2375.029366055076480 ) ) ;
#1923 = CARTESIAN_POINT ( 'NONE',  ( 6.831341758808671116, 1.607840904702165341, -10.29882447622741992 ) ) ;
#1924 = CARTESIAN_POINT ( 'NONE',  ( -147.7715945230688135, 6927.338089807111828, -39883.73341361818893 ) ) ;
#1925 = EDGE_CURVE ( 'NONE', #1510, #1423, #1700, .T. ) ;
#1926 = CARTESIAN_POINT ( 'NONE',  ( 4.591698631100421757, 1.366696705387826949, -4.003682097675789642 ) ) ;
#1927 = CARTESIAN_POINT ( 'NONE',  ( 7.088850564204843607, 0.7194717339243181797, -7.003595567087489648 ) ) ;
#1928 = CARTESIAN_POINT ( 'NONE',  ( -147.7715945230686998, -25.16686436061327115, -94.28718632576863001 ) ) ;
#1929 = CARTESIAN_POINT ( 'NONE',  ( -2.831341758808670672, 900.3827397441804123, -5220.346550620489325 ) ) ;
#1930 = DIRECTION ( 'NONE',  ( 0.000000000000000000, 0.8081879620703794620, 0.5889246284241532736 ) ) ;
#1931 = CARTESIAN_POINT ( 'NONE',  ( -17.46828207812073330, -7.394208512503953834, -19.54953743364657370 ) ) ;
#1932 = CARTESIAN_POINT ( 'NONE',  ( -1229.992148496210575, -248.2327267398225104, -679.6865514708007368 ) ) ;
#1933 = AXIS2_PLACEMENT_3D ( 'NONE', #1299, #2666, #2393 ) ;
#1934 = DIRECTION ( 'NONE',  ( 0.000000000000000000, 0.000000000000000000, 1.000000000000000000 ) ) ;
#1935 = EDGE_LOOP ( 'NONE', ( #572, #2741, #2773, #2295 ) ) ;
#1936 = CARTESIAN_POINT ( 'NONE',  ( -17.99999999999998579, 40.00000000000000000, -14.01596974572903775 ) ) ;
#1937 = CARTESIAN_POINT ( 'NONE',  ( -4829.341758808673148, -2389.933526118769805, 1466.030593953742937 ) ) ;
#1938 = CIRCLE ( 'NONE', #2588, 3.700000000000008171 ) ;
#1939 = CARTESIAN_POINT ( 'NONE',  ( 6.831341758808671116, -0.008858258142490806411, -4.589376464995273963 ) ) ;
#1940 = CARTESIAN_POINT ( 'NONE',  ( -302.3745308049462892, 25.64392532794301616, 172.5296299060794638 ) ) ;
#1941 = CARTESIAN_POINT ( 'NONE',  ( 2.000000000000000000, 0.000000000000000000, -5.500000000000007105 ) ) ;
#1942 = EDGE_CURVE ( 'NONE', #284, #1510, #2400, .T. ) ;
#1943 = CARTESIAN_POINT ( 'NONE',  ( -611.5804033687013543, -440.8248337623479642, -459.3023684531302138 ) ) ;
#1944 = CARTESIAN_POINT ( 'NONE',  ( 7.088850564204843607, 8.126987422212444301, 36.20866516592734285 ) ) ;
#1945 = PRODUCT_DEFINITION_SHAPE ( 'NONE', 'NONE',  #1334 ) ;
#1946 = CARTESIAN_POINT ( 'NONE',  ( -147.7715945230686998, 427.3821686178314962, 1952.783392073640243 ) ) ;
#1947 = CARTESIAN_POINT ( 'NONE',  ( -2.831341758808670672, 5.314706991057736474, -2.107811072885945602 ) ) ;
#1948 = CARTESIAN_POINT ( 'NONE',  ( -147.7715945230688135, -12.83086754975165533, 83.96978124350428629 ) ) ;
#1949 = CARTESIAN_POINT ( 'NONE',  ( -19.90568626292619570, -7.602099867772920128, -20.87465928950663141 ) ) ;
#1950 = CARTESIAN_POINT ( 'NONE',  ( -2.831341758808668896, 644.4976766974833708, 3714.623071137796160 ) ) ;
#1951 = CARTESIAN_POINT ( 'NONE',  ( -57.99999999999997868, -5.712568895714291273, -2.660576767917314456 ) ) ;
#1952 = CARTESIAN_POINT ( 'NONE',  ( -1229.992148496210575, -75145.63475963808014, 434128.8663903742563 ) ) ;
#1953 = CARTESIAN_POINT ( 'NONE',  ( -147.7715945230688135, -528.9439798896773937, -2558.251361159609132 ) ) ;
#1954 = ORIENTED_EDGE ( 'NONE', *, *, #967, .T. ) ;
#1955 = CARTESIAN_POINT ( 'NONE',  ( -19.19741082651543351, -5.972422774720282490, -19.88585872652618747 ) ) ;
#1956 = CARTESIAN_POINT ( 'NONE',  ( -2466.815638751231745, 36581.60076026435127, -204949.4619949070911 ) ) ;
#1957 = CARTESIAN_POINT ( 'NONE',  ( 6.831341758808671116, 405.9072630868373039, -2368.807782490502632 ) ) ;
#1958 = CARTESIAN_POINT ( 'NONE',  ( -302.3745308049462892, -19023.23953198898016, -109917.7254091678769 ) ) ;
#1959 = CARTESIAN_POINT ( 'NONE',  ( -17.99999999999998579, -7.624402662878261516, -14.01596974572903775 ) ) ;
#1960 = CARTESIAN_POINT ( 'NONE',  ( 7.088850564204843607, 33.52418406777172777, 184.3649876791210716 ) ) ;
#1961 = CARTESIAN_POINT ( 'NONE',  ( -147.7715945230686998, -6.416925128950390800, -97.67067041485344703 ) ) ;
#1962 = CARTESIAN_POINT ( 'NONE',  ( -2.831341758808670672, 28.47808048326892205, -134.0295094194895569 ) ) ;
#1963 = CARTESIAN_POINT ( 'NONE',  ( -2.831341758808668896, 388.6126136546164389, 2221.899591654810138 ) ) ;
#1964 = CARTESIAN_POINT ( 'NONE',  ( -57.99999999999997868, -23.28316702014088335, -16.41357315611220713 ) ) ;
#1965 = CARTESIAN_POINT ( 'NONE',  ( -1229.992148496211030, -611.6141865290662736, -384.1726242391771962 ) ) ;
#1966 = CARTESIAN_POINT ( 'NONE',  ( -147.7715945230688135, -3271.112884139599373, -18554.88652649650976 ) ) ;
#1967 = VERTEX_POINT ( 'NONE', #1097 ) ;
#1968 = CARTESIAN_POINT ( 'NONE',  ( -19.99017742696897315, -6.124712352196846510, -12.25280030687545008 ) ) ;
#1969 = CARTESIAN_POINT ( 'NONE',  ( -12.49402527642600624, 32.68470193648212785, 112.5503879089211239 ) ) ;
#1970 = CARTESIAN_POINT ( 'NONE',  ( -4829.341758808673148, -34537.12759659047879, -184949.8008366636932 ) ) ;
#1971 = CARTESIAN_POINT ( 'NONE',  ( 7.088850564204843607, -0.1758041209448077680, -4.848263617177731355 ) ) ;
#1972 = PLANE ( 'NONE',  #1610 ) ;
#1973 = CARTESIAN_POINT ( 'NONE',  ( 7.088850564204843607, 71.61997903611064942, 406.5994714489116859 ) ) ;
#1974 = CARTESIAN_POINT ( 'NONE',  ( -147.7715945230686998, 2357.056582700643958, 13209.67480472144780 ) ) ;
#1975 = CARTESIAN_POINT ( 'NONE',  ( -2.831341758808670672, -5.314706991057846608, -2.107811072886169423 ) ) ;
#1976 = CARTESIAN_POINT ( 'NONE',  ( 2.000000000000000000, -0.2091103478552335526, -11.20000000000001528 ) ) ;
#1977 = CARTESIAN_POINT ( 'NONE',  ( 2.000000000000000000, 3.615281809519890199, -5.500000000000007105 ) ) ;
#1978 = CARTESIAN_POINT ( 'NONE',  ( -1229.992148496210575, -482.1629115305121900, -536.8456782971607026 ) ) ;
#1979 = EDGE_CURVE ( 'NONE', #1803, #2242, #394, .T. ) ;
#1980 = CARTESIAN_POINT ( 'NONE',  ( -147.7715945230688135, -1138.314847500770838, -6113.059175678919928 ) ) ;
#1981 = ORIENTED_EDGE ( 'NONE', *, *, #884, .F. ) ;
#1982 = CARTESIAN_POINT ( 'NONE',  ( -19.79840876835006824, -6.132406233684700503, -20.60657967321294493 ) ) ;
#1983 = CARTESIAN_POINT ( 'NONE',  ( -12.49402527642600624, 360.6248390310120726, 2025.612218625395371 ) ) ;
#1984 = CIRCLE ( 'NONE', #1651, 4.000000000000000000 ) ;
#1985 = CARTESIAN_POINT ( 'NONE',  ( -2466.815638751231745, 3508.381588613176973, -12014.51144231995750 ) ) ;
#1986 = CARTESIAN_POINT ( 'NONE',  ( 7.088850564204843607, 0.1361026667631981546, -4.815511821724761887 ) ) ;
#1987 = CARTESIAN_POINT ( 'NONE',  ( -14.99999999999998579, 3.562302626111383486, -5.500000000000007105 ) ) ;
#1988 = CARTESIAN_POINT ( 'NONE',  ( 7.088850564204843607, 43.04813280985646173, 239.9236086215687180 ) ) ;
#1989 = CIRCLE ( 'NONE', #715, 5.000000000000004441 ) ;
#1990 = CARTESIAN_POINT ( 'NONE',  ( -70.47012638213001878, 44.85440241432154806, -14.56927655586232717 ) ) ;
#1991 = CARTESIAN_POINT ( 'NONE',  ( -12.49402527642601335, -1063.353704240468915, -6138.030427301732743 ) ) ;
#1992 = CARTESIAN_POINT ( 'NONE',  ( 2.000000000000000000, -69.82857792233041039, 378.7599068546425087 ) ) ;
#1993 = LINE ( 'NONE', #643, #447 ) ;
#1994 = CARTESIAN_POINT ( 'NONE',  ( -611.5804033687011270, -337.3339433022868548, -131.8097548656406843 ) ) ;
#1995 = CARTESIAN_POINT ( 'NONE',  ( -70.47012638213007563, -56.50996501190761023, -66.42426747333860249 ) ) ;
#1996 = VERTEX_POINT ( 'NONE', #187 ) ;
#1997 = EDGE_CURVE ( 'NONE', #2697, #1227, #202, .T. ) ;
#1998 = DIRECTION ( 'NONE',  ( 1.000000000000000000, -0.000000000000000000, -0.000000000000000000 ) ) ;
#1999 = CARTESIAN_POINT ( 'NONE',  ( -12.49402527642600980, -10.08871864096375859, -13.83140495319281449 ) ) ;
#2000 = CARTESIAN_POINT ( 'NONE',  ( -2466.815638751231745, -192498.2054265958432, -1114499.943171236664 ) ) ;
#2001 = CARTESIAN_POINT ( 'NONE',  ( 7.088850564204843607, 3.894121314593258720, -24.51594474706453752 ) ) ;
#2002 = DIRECTION ( 'NONE',  ( 1.000000000000000000, -0.000000000000000000, 0.000000000000000000 ) ) ;
#2003 = CARTESIAN_POINT ( 'NONE',  ( -302.3745308049462892, 8234.829528917382049, -46982.77681534486328 ) ) ;
#2004 = PLANE ( 'NONE',  #902 ) ;
#2005 = DIRECTION ( 'NONE',  ( 0.000000000000000000, 0.000000000000000000, -1.000000000000000000 ) ) ;
#2006 = CARTESIAN_POINT ( 'NONE',  ( -70.47012638213001878, -35.95519748362083590, -35.60682546482725286 ) ) ;
#2007 = CARTESIAN_POINT ( 'NONE',  ( 2.000000000000000000, 2.647010439472068377, -9.826615517221455320 ) ) ;
#2008 = DIRECTION ( 'NONE',  ( -1.000000000000000000, 0.000000000000000000, 0.000000000000000000 ) ) ;
#2009 = CARTESIAN_POINT ( 'NONE',  ( -1229.992148496210575, 75145.63475881543127, 434128.8663906080765 ) ) ;
#2010 = CARTESIAN_POINT ( 'NONE',  ( -70.47012638213007563, 167.2378096889939343, -712.3629357508577868 ) ) ;
#2011 = EDGE_LOOP ( 'NONE', ( #2619, #59, #330, #2838 ) ) ;
#2012 = CARTESIAN_POINT ( 'NONE',  ( -4829.341758808669510, -1884.528729571446092, -2075.107388928282489 ) ) ;
#2013 = CARTESIAN_POINT ( 'NONE',  ( -2.831341758808668896, -19.00085592612128949, 65.74345462377658578 ) ) ;
#2014 = CARTESIAN_POINT ( 'NONE',  ( 7.088850564204843607, 8.126987422151845664, -49.20866516593386564 ) ) ;
#2015 = VERTEX_POINT ( 'NONE', #1534 ) ;
#2016 = PLANE ( 'NONE',  #1416 ) ;
#2017 = CARTESIAN_POINT ( 'NONE',  ( -611.5804033687013543, -37730.70460785480827, -217992.4390696054325 ) ) ;
#2018 = CARTESIAN_POINT ( 'NONE',  ( -17.99999999999998934, -7.388234635926401950, -19.49556487584380449 ) ) ;
#2019 = ADVANCED_FACE ( 'NONE', ( #639 ), #622, .T. ) ;
#2020 = CARTESIAN_POINT ( 'NONE',  ( -70.47012638213001878, 56.50996501179950116, 53.42426747335872506 ) ) ;
#2021 = CARTESIAN_POINT ( 'NONE',  ( 6.831341758808669340, 0.5406953411526248532, -7.952972901034735642 ) ) ;
#2022 = CARTESIAN_POINT ( 'NONE',  ( -611.5804033687008996, -1673.548132080408550, 7637.480441216597683 ) ) ;
#2023 = CARTESIAN_POINT ( 'NONE',  ( -31.81939231166069959, 1.610874975845105306, 17.72563525496691739 ) ) ;
#2024 = ORIENTED_EDGE ( 'NONE', *, *, #1997, .T. ) ;
#2025 = CARTESIAN_POINT ( 'NONE',  ( -4829.341758808671329, -2633.025266203841056, -979.3142785364059364 ) ) ;
#2026 = CARTESIAN_POINT ( 'NONE',  ( -2.831341758808668896, -12.68270622131397651, 28.88608476002621472 ) ) ;
#2027 = CARTESIAN_POINT ( 'NONE',  ( -1229.992148496211485, -201.0171446087991569, 682.4699546422211824 ) ) ;
#2028 = CARTESIAN_POINT ( 'NONE',  ( -2466.815638751231745, -1583.485234707525024, -785.4931561903990769 ) ) ;
#2029 = CARTESIAN_POINT ( 'NONE',  ( 7.088850564204843607, 0.003553085496295127488, -4.739114633398052057 ) ) ;
#2030 = CARTESIAN_POINT ( 'NONE',  ( -57.99999999999997868, 1.358094810837592759, 4.765912106391483327 ) ) ;
#2031 = AXIS2_PLACEMENT_3D ( 'NONE', #2624, #2426, #2005 ) ;
#2032 = EDGE_CURVE ( 'NONE', #1845, #101, #424, .T. ) ;
#2033 = CARTESIAN_POINT ( 'NONE',  ( -70.47012638213001878, -44.12592975197164691, -18.81887305768619001 ) ) ;
#2034 = VECTOR ( 'NONE', #308, 1000.000000000000000 ) ;
#2035 = CARTESIAN_POINT ( 'NONE',  ( 6.831341758808669340, -105.4645732091181998, 603.1543366259338654 ) ) ;
#2036 = CARTESIAN_POINT ( 'NONE',  ( -1229.992148496210575, 18328.51053205767676, 102682.1754934898054 ) ) ;
#2037 = ADVANCED_BREP_SHAPE_REPRESENTATION ( 'right flap', ( #2663, #2585 ), #579 ) ;
#2038 = CARTESIAN_POINT ( 'NONE',  ( -31.81939231166069959, 896.8766509412885171, -5100.837384094817025 ) ) ;
#2039 = ORIENTED_EDGE ( 'NONE', *, *, #266, .F. ) ;
#2040 = CARTESIAN_POINT ( 'NONE',  ( -4829.341758808669510, -5828.783950842961531, 17464.65869695418587 ) ) ;
#2041 = CARTESIAN_POINT ( 'NONE',  ( -2.831341758808669784, -5.314706991058180563, -10.89218892711357434 ) ) ;
#2042 = CARTESIAN_POINT ( 'NONE',  ( 2.000000000000000000, 0.000000000000000000, 0.000000000000000000 ) ) ;
#2043 = LINE ( 'NONE', #240, #1748 ) ;
#2044 = CARTESIAN_POINT ( 'NONE',  ( 2.000000000000000000, 7.887107365168079198, -30.41999399064257403 ) ) ;
#2045 = CARTESIAN_POINT ( 'NONE',  ( -70.47012638213004720, -38.73278854039721608, -31.46670110966826073 ) ) ;
#2046 = CARTESIAN_POINT ( 'NONE',  ( 6.831341758808669340, -0.4264646365288113916, -8.107934854047742945 ) ) ;
#2047 = CARTESIAN_POINT ( 'NONE',  ( -611.5804033687008996, 1673.548132065875507, 7637.480441220764078 ) ) ;
#2048 = CARTESIAN_POINT ( 'NONE',  ( -31.81939231166069959, -50.75434665787565791, -164.9234419277610186 ) ) ;
#2049 = ORIENTED_EDGE ( 'NONE', *, *, #1009, .F. ) ;
#2050 = FACE_OUTER_BOUND ( 'NONE', #2129, .T. ) ;
#2051 = CARTESIAN_POINT ( 'NONE',  ( -2466.815638751231745, -8233.127184562474213, -39576.64723554124066 ) ) ;
#2052 = PLANE ( 'NONE',  #1328 ) ;
#2053 = VERTEX_POINT ( 'NONE', #1 ) ;
#2054 = CARTESIAN_POINT ( 'NONE',  ( -16.76438941129777760, -8.762114601613015807, -10.43789139679319611 ) ) ;
#2055 = DIRECTION ( 'NONE',  ( 1.000000000000000000, -0.000000000000000000, -0.000000000000000000 ) ) ;
#2056 = CARTESIAN_POINT ( 'NONE',  ( -2.831341758808670672, -132.7275506122604156, -742.1761121716048137 ) ) ;
#2057 = DIRECTION ( 'NONE',  ( 0.000000000000000000, -0.5800843126107878556, -0.8145564377395034805 ) ) ;
#2058 = CARTESIAN_POINT ( 'NONE',  ( -31.81939231166067827, 1901.065759305763777, 10945.84513963506834 ) ) ;
#2059 = CARTESIAN_POINT ( 'NONE',  ( 6.831341758808669340, -4.204259212317742467, 12.44521227996487767 ) ) ;
#2060 = CARTESIAN_POINT ( 'NONE',  ( -302.3745308049460618, -221.2163373335595224, 221.8005964646128518 ) ) ;
#2061 = CARTESIAN_POINT ( 'NONE',  ( -1229.992148496211485, -1493.807057470956579, -4488.748561008963406 ) ) ;
#2062 = CARTESIAN_POINT ( 'NONE',  ( -31.81939231166069959, 21.77499857355343238, 2.314287694400543938 ) ) ;
#2063 = ORIENTED_EDGE ( 'NONE', *, *, #2155, .F. ) ;
#2064 = CARTESIAN_POINT ( 'NONE',  ( -2466.815638751229926, -1933.466389963404254, 2814.132844576543448 ) ) ;
#2065 = EDGE_CURVE ( 'NONE', #2727, #2242, #1161, .T. ) ;
#2066 = CARTESIAN_POINT ( 'NONE',  ( 2.000000000000000000, 0.000000000000000000, -7.500000000000007105 ) ) ;
#2067 = ORIENTED_EDGE ( 'NONE', *, *, #1066, .F. ) ;
#2068 = DIRECTION ( 'NONE',  ( 0.000000000000000000, 1.000000000000000000, 0.000000000000000000 ) ) ;
#2069 = CARTESIAN_POINT ( 'NONE',  ( -4829.341758808673148, 375961.3573835886200, -2176672.062712742947 ) ) ;
#2070 = CARTESIAN_POINT ( 'NONE',  ( 2.000000000000000000, 2.927701166105291186, -3.577419085925616749 ) ) ;
#2071 = FACE_OUTER_BOUND ( 'NONE', #2011, .T. ) ;
#2072 = CARTESIAN_POINT ( 'NONE',  ( -31.81939231166067827, -14.26871685662028888, -25.70214503078840806 ) ) ;
#2073 = AXIS2_PLACEMENT_3D ( 'NONE', #1496, #1482, #2200 ) ;
#2074 = CARTESIAN_POINT ( 'NONE',  ( 6.831341758808669340, -405.9072630897348972, 2355.807782487599525 ) ) ;
#2075 = AXIS2_PLACEMENT_3D ( 'NONE', #2309, #316, #2499 ) ;
#2076 = CARTESIAN_POINT ( 'NONE',  ( -302.3745308049460618, -19023.23953200366304, 109904.7254091404611 ) ) ;
#2077 = CARTESIAN_POINT ( 'NONE',  ( -1229.992148496211485, -6491.609651543079963, -33643.78155658023752 ) ) ;
#2078 = VECTOR ( 'NONE', #703, 1000.000000000000000 ) ;
#2079 = CARTESIAN_POINT ( 'NONE',  ( -31.81939231166069959, 19.63674194077240642, 6.709837005352081718 ) ) ;
#2080 = EDGE_LOOP ( 'NONE', ( #2590, #2480, #960, #729, #457, #696, #755, #1231 ) ) ;
#2081 = CARTESIAN_POINT ( 'NONE',  ( -2466.815638751229926, 5083.296787224563559, 21188.89004006556934 ) ) ;
#2082 = LINE ( 'NONE', #103, #1375 ) ;
#2083 = EDGE_LOOP ( 'NONE', ( #2402, #2540, #195, #235 ) ) ;
#2084 = CARTESIAN_POINT ( 'NONE',  ( -19.89470010270484224, -8.384963300171273559, -11.36301264367388164 ) ) ;
#2085 = CARTESIAN_POINT ( 'NONE',  ( -4829.341758808673148, 71447.85514113443787, -400271.1264449111186 ) ) ;
#2086 = CARTESIAN_POINT ( 'NONE',  ( 2.000000000000000000, -1.619246583839734743, -2.265640672541707090 ) ) ;
#2087 = CARTESIAN_POINT ( 'NONE',  ( -302.3745308049462892, 1042.556193534646354, -5026.144419452430157 ) ) ;
#2088 = CARTESIAN_POINT ( 'NONE',  ( 3.291539100506871929, -2.654129393168662698, -4.754329552653433488 ) ) ;
#2089 = CARTESIAN_POINT ( 'NONE',  ( -31.81939231166068538, -19.63674194077491109, -19.70983700535129657 ) ) ;
#2090 = CARTESIAN_POINT ( 'NONE',  ( 6.831341758808669340, 35.36127890364470971, 194.2018659250985877 ) ) ;
#2091 = CARTESIAN_POINT ( 'NONE',  ( -302.3745308049460618, 142.5413960248907870, -118.1034972971655321 ) ) ;
#2092 = CARTESIAN_POINT ( 'NONE',  ( -1229.992148496211485, -25430.65106065849614, -144126.0118555871304 ) ) ;
#2093 = CARTESIAN_POINT ( 'NONE',  ( -12.49402527642601335, 220.0790659919055088, -1218.728576889644955 ) ) ;
#2094 = ORIENTED_EDGE ( 'NONE', *, *, #1492, .F. ) ;
#2095 = CARTESIAN_POINT ( 'NONE',  ( -2466.815638751229926, 496.4013096728672281, -1350.974605669971879 ) ) ;
#2096 = ORIENTED_EDGE ( 'NONE', *, *, #2829, .T. ) ;
#2097 = CARTESIAN_POINT ( 'NONE',  ( -19.02574583644219430, -7.683027943427057416, -13.73809903793748433 ) ) ;
#2098 = CARTESIAN_POINT ( 'NONE',  ( -4829.341758808673148, 3436.421980361860278, -3521.646851983654869 ) ) ;
#2099 = CARTESIAN_POINT ( 'NONE',  ( 2.000000000000000000, 781.0875329374899820, -4540.938906296949426 ) ) ;
#2100 = CARTESIAN_POINT ( 'NONE',  ( -302.3745308049462892, 4638.692861226013520, -26004.46061739865036 ) ) ;
#2101 = CARTESIAN_POINT ( 'NONE',  ( 3.601236580803825582, -2.392648029183276126, -4.575525629036641284 ) ) ;
#2102 = CARTESIAN_POINT ( 'NONE',  ( -31.81939231166067827, -15.33509559205362827, -24.78003502666644309 ) ) ;
#2103 = EDGE_CURVE ( 'NONE', #1187, #1655, #371, .T. ) ;
#2104 = CARTESIAN_POINT ( 'NONE',  ( 6.831341758808669340, 135.5088421971945252, 778.4196812129597447 ) ) ;
#2105 = B_SPLINE_CURVE_WITH_KNOTS ( 'NONE', 3,
 ( #2181, #2835, #1931, #147, #1024, #1271, #2383, #1917, #584, #1729, #1072, #1713, #2165, #175, #2615, #1742, #1478, #161, #191, #611, #2196, #2804, #2818, #2416, #2601, #596, #1490, #1056 ),
 .UNSPECIFIED., .F., .F.,
 ( 4, 2, 2, 2, 2, 2, 2, 2, 2, 2, 2, 2, 2, 4 ),
 ( 0.006345789724139718792, 0.007138860712590286602, 0.007535396206815567904, 0.007931931701040850075, 0.008328467195266132245, 0.008725002689491414415, 0.009518073677941977020, 0.009914609172167253986, 0.01031114466639252922, 0.01070768016061780792, 0.01110421565484308315, 0.01150075114906836185, 0.01189728664329363708, 0.01269035763174418407 ),
 .UNSPECIFIED. ) ;
#2106 = CARTESIAN_POINT ( 'NONE',  ( -611.5804033687008996, 27032.42741147132983, 155570.2865095804736 ) ) ;
#2107 = CARTESIAN_POINT ( 'NONE',  ( -611.5804033687013543, 2069.780620824460584, -9961.930536037329148 ) ) ;
#2108 = CARTESIAN_POINT ( 'NONE',  ( -31.81939231166069959, -1147.923928036176676, -6565.339322978411474 ) ) ;
#2109 = CARTESIAN_POINT ( 'NONE',  ( -1229.992148496211485, 11226.37000382326551, -61264.33913134044997 ) ) ;
#2110 = EDGE_LOOP ( 'NONE', ( #2277, #774 ) ) ;
#2111 = CARTESIAN_POINT ( 'NONE',  ( -2466.815638751229926, -192498.2054267255589, 1114486.943170966348 ) ) ;
#2112 = CARTESIAN_POINT ( 'NONE',  ( 1.999999999999999112, -1.427957507579942220, -2.155997991934967217 ) ) ;
#2113 = ORIENTED_EDGE ( 'NONE', *, *, #491, .F. ) ;
#2114 = CARTESIAN_POINT ( 'NONE',  ( -19.93203883979413149, -8.340209432731846562, -11.48376230095320061 ) ) ;
#2115 = DIRECTION ( 'NONE',  ( 1.000000000000000000, -0.000000000000000000, -0.000000000000000000 ) ) ;
#2116 = CARTESIAN_POINT ( 'NONE',  ( 6.831341758808671116, 1.236924003617638101, -8.135054789975789902 ) ) ;
#2117 = CARTESIAN_POINT ( 'NONE',  ( 2.000000000000000000, -0.4182178271285876825, -11.17742785162941566 ) ) ;
#2118 = CARTESIAN_POINT ( 'NONE',  ( -12.49402527642600624, -3.941777915095964868, -18.88737311849062550 ) ) ;
#2119 = CARTESIAN_POINT ( 'NONE',  ( 7.088850564204843607, 0.07134431837260883646, -8.230355338460990211 ) ) ;
#2120 = EDGE_CURVE ( 'NONE', #8, #557, #131, .T. ) ;
#2121 = VECTOR ( 'NONE', #1114, 1000.000000000000000 ) ;
#2122 = CARTESIAN_POINT ( 'NONE',  ( -302.3745308049460618, -120.7478282233184785, -140.4077609264554667 ) ) ;
#2123 = CARTESIAN_POINT ( 'NONE',  ( -12.49402527642601335, -22.27390393354941622, -64.81826629885630098 ) ) ;
#2124 = CARTESIAN_POINT ( 'NONE',  ( -18.13236143982566517, -7.388234635926397509, -19.49556487584379738 ) ) ;
#2125 = VECTOR ( 'NONE', #262, 1000.000000000000000 ) ;
#2126 = ORIENTED_EDGE ( 'NONE', *, *, #1925, .T. ) ;
#2127 = CARTESIAN_POINT ( 'NONE',  ( -2466.815638751229926, 1222.687677716914322, -760.3922755773498920 ) ) ;
#2128 = AXIS2_PLACEMENT_3D ( 'NONE', #2623, #2609, #1281 ) ;
#2129 = EDGE_LOOP ( 'NONE', ( #1580, #2573, #2113, #432 ) ) ;
#2130 = CARTESIAN_POINT ( 'NONE',  ( -18.53195967964274971, -7.638210155439987048, -13.94857560881490777 ) ) ;
#2131 = CARTESIAN_POINT ( 'NONE',  ( -4829.341758808673148, 1756.869452881328243, 2172.690475181751481 ) ) ;
#2132 = CARTESIAN_POINT ( 'NONE',  ( 6.831341758808671116, -5.317009915545502174, -31.93652133873238341 ) ) ;
#2133 = CARTESIAN_POINT ( 'NONE',  ( 5.135455745832668839, 0.4532601176506055318, -3.689743781111356036 ) ) ;
#2134 = CARTESIAN_POINT ( 'NONE',  ( -12.49402527642600624, -641.7163851175187119, 3665.379502094246618 ) ) ;
#2135 = CARTESIAN_POINT ( 'NONE',  ( 6.831341758808669340, 8.655262025364761413, 38.41044851500223700 ) ) ;
#2136 = CARTESIAN_POINT ( 'NONE',  ( -147.7715945230686998, 6927.338089738882445, 39870.73341362415522 ) ) ;
#2137 = CARTESIAN_POINT ( 'NONE',  ( -611.5804033687013543, 16334.15021563852679, -93174.13394947674533 ) ) ;
#2138 = CARTESIAN_POINT ( 'NONE',  ( -12.49402527642601335, 48.30089894122966143, -216.6485703239706311 ) ) ;
#2139 = DIRECTION ( 'NONE',  ( 0.000000000000000000, 0.000000000000000000, 1.000000000000000000 ) ) ;
#2140 = CARTESIAN_POINT ( 'NONE',  ( -1229.992148496210575, -102.5222719970922896, -716.8887218815389133 ) ) ;
#2141 = EDGE_CURVE ( 'NONE', #557, #1626, #2766, .T. ) ;
#2142 = APPLICATION_PROTOCOL_DEFINITION ( 'draft international standard', 'automotive_design', 1998, #1372 ) ;
#2143 = ORIENTED_EDGE ( 'NONE', *, *, #1533, .T. ) ;
#2144 = CARTESIAN_POINT ( 'NONE',  ( -19.99126483705542157, -8.081879881234796059, -12.24281950799603180 ) ) ;
#2145 = CARTESIAN_POINT ( 'NONE',  ( 6.831341758808671116, 225.6416491597568665, -1317.215714972210890 ) ) ;
#2146 = CARTESIAN_POINT ( 'NONE',  ( -302.3745308049462892, -142.5413960248972103, 105.1034972971847452 ) ) ;
#2147 = LINE ( 'NONE', #1879, #1143 ) ;
#2148 = CARTESIAN_POINT ( 'NONE',  ( 7.088850564204843607, -0.003553085496283282362, -8.260885366601957713 ) ) ;
#2149 = CARTESIAN_POINT ( 'NONE',  ( -147.7715945230686998, 84.88678751930220301, -38.61338112864713423 ) ) ;
#2150 = CARTESIAN_POINT ( 'NONE',  ( -2.831341758808670672, -5.997051337114402081, -3.510485664160823305 ) ) ;
#2151 = CARTESIAN_POINT ( 'NONE',  ( 2.000000000000000000, 0.000000000000000000, -6.500000000000007105 ) ) ;
#2152 = CARTESIAN_POINT ( 'NONE',  ( -1229.992148496210575, -880.0418266201155575, 895.3059124297851668 ) ) ;
#2153 = CARTESIAN_POINT ( 'NONE',  ( 1.999999999999999112, 1.427957507579938223, -2.155997991934881508 ) ) ;
#2154 = ORIENTED_EDGE ( 'NONE', *, *, #301, .F. ) ;
#2155 = EDGE_CURVE ( 'NONE', #2866, #209, #1755, .T. ) ;
#2156 = CARTESIAN_POINT ( 'NONE',  ( -19.98457187696601878, -6.258082084313057791, -11.73694925755633456 ) ) ;
#2157 = CARTESIAN_POINT ( 'NONE',  ( -4829.341758808673148, -5828.783950840895159, -17477.65869695854053 ) ) ;
#2158 = CARTESIAN_POINT ( 'NONE',  ( 6.831341758808671116, 0.01780977156009009438, -4.590067419076132360 ) ) ;
#2159 = CARTESIAN_POINT ( 'NONE',  ( -302.3745308049462892, 50.28833296749544957, 167.1704389424076851 ) ) ;
#2160 = CARTESIAN_POINT ( 'NONE',  ( -14.99999999999998579, 6.085182992883445330, -4.333547719951265087 ) ) ;
#2161 = CARTESIAN_POINT ( 'NONE',  ( 7.088850564204843607, 128.7636714886190532, 739.9511971035975648 ) ) ;
#2162 = CARTESIAN_POINT ( 'NONE',  ( -302.3745308049460618, 19023.23953179807359, 109904.7254092004150 ) ) ;
#2163 = CARTESIAN_POINT ( 'NONE',  ( -12.49402527642601335, -126.3818839642413536, -672.1394823991439580 ) ) ;
#2164 = CARTESIAN_POINT ( 'NONE',  ( -147.7715945230688135, 6.416925128952951418, 84.67067041485348966 ) ) ;
#2165 = CARTESIAN_POINT ( 'NONE',  ( -15.99766381538310078, -7.679503928802908774, -21.25453762891911680 ) ) ;
#2166 = CARTESIAN_POINT ( 'NONE',  ( -1229.992148496210575, -4124.229475406025813, 19820.50276919949465 ) ) ;
#2167 = VECTOR ( 'NONE', #1794, 1000.000000000000000 ) ;
#2168 = CARTESIAN_POINT ( 'NONE',  ( -70.47012638213007563, 44.12592975197235035, 5.818873057687992123 ) ) ;
#2169 = CARTESIAN_POINT ( 'NONE',  ( -57.99999999999997868, -5.712568895714291273, 1.339423232082685988 ) ) ;
#2170 = ORIENTED_EDGE ( 'NONE', *, *, #717, .T. ) ;
#2171 = CARTESIAN_POINT ( 'NONE',  ( -20.00058447770151915, -6.331330617558763585, -21.34991435079057709 ) ) ;
#2172 = CARTESIAN_POINT ( 'NONE',  ( -2466.815638751231745, 107452.7846995168802, -618381.4988933081040 ) ) ;
#2173 = VECTOR ( 'NONE', #1007, 1000.000000000000000 ) ;
#2174 = CARTESIAN_POINT ( 'NONE',  ( 6.831341758808671116, 35.36127890339417945, -207.2018659251256167 ) ) ;
#2175 = CARTESIAN_POINT ( 'NONE',  ( -302.3745308049462892, 84.06294008569481946, 153.3827789670400534 ) ) ;
#2176 = DIRECTION ( 'NONE',  ( 0.000000000000000000, 1.000000000000000000, 0.000000000000000000 ) ) ;
#2177 = DIRECTION ( 'NONE',  ( 0.000000000000000000, -1.000000000000000000, 0.000000000000000000 ) ) ;
#2178 = CARTESIAN_POINT ( 'NONE',  ( -147.7715945230686998, 88.84279772610997838, -22.10983821544879646 ) ) ;
#2179 = CARTESIAN_POINT ( 'NONE',  ( -2.831341758808670672, 8.470606418103077573, -17.31450485086763891 ) ) ;
#2180 = CARTESIAN_POINT ( 'NONE',  ( -2.831341758808668896, 5.997051337114278624, -9.489514335839002612 ) ) ;
#2181 = CARTESIAN_POINT ( 'NONE',  ( -17.99999999999998934, -7.388234635926401950, -19.49556487584380449 ) ) ;
#2182 = CARTESIAN_POINT ( 'NONE',  ( -1229.992148496210575, -335.9028869904092858, -640.4057182705693094 ) ) ;
#2183 = CARTESIAN_POINT ( 'NONE',  ( -70.47012638213007563, 586.8380632021561496, -3160.130520802469164 ) ) ;
#2184 = ORIENTED_EDGE ( 'NONE', *, *, #1316, .T. ) ;
#2185 = CARTESIAN_POINT ( 'NONE',  ( -19.94278234892655632, -6.064739322189004689, -12.50840415781777715 ) ) ;
#2186 = CARTESIAN_POINT ( 'NONE',  ( -12.49402527642600624, 15.33337193148054034, 11.33018522550979412 ) ) ;
#2187 = CARTESIAN_POINT ( 'NONE',  ( -2466.815638751231745, 8233.127184563345509, -39576.64723554670491 ) ) ;
#2188 = CARTESIAN_POINT ( 'NONE',  ( 7.088850564204843607, 0.4134687757092990190, -5.125356685802838541 ) ) ;
#2189 = CARTESIAN_POINT ( 'NONE',  ( -302.3745308049462892, -176.8195883496869669, 24.19096153462188425 ) ) ;
#2190 = CARTESIAN_POINT ( 'NONE',  ( -17.99999999999998579, -24.77408292774981291, -17.50000000000002132 ) ) ;
#2191 = CARTESIAN_POINT ( 'NONE',  ( 7.088850564204843607, 300.1947488461443072, 1740.006374067655315 ) ) ;
#2192 = EDGE_CURVE ( 'NONE', #2253, #1996, #898, .T. ) ;
#2193 = CARTESIAN_POINT ( 'NONE',  ( -147.7715945230686998, -71.48393033071288016, -63.10571607560677876 ) ) ;
#2194 = CARTESIAN_POINT ( 'NONE',  ( -2.831341758808670672, -4.040874238703830557, -0.6086498911683146940 ) ) ;
#2195 = CARTESIAN_POINT ( 'NONE',  ( 2.000000000000000000, -435.0696629317043289, 2509.419393052831310 ) ) ;
#2196 = CARTESIAN_POINT ( 'NONE',  ( -16.48994116628548312, -8.099896015923810921, -22.81325989782370200 ) ) ;
#2197 = CARTESIAN_POINT ( 'NONE',  ( -2466.815638751229926, 107452.7846984011558, 618368.4988934053108 ) ) ;
#2198 = CARTESIAN_POINT ( 'NONE',  ( -147.7715945230688135, -4185.169185556239427, -23887.09824827547709 ) ) ;
#2199 = ORIENTED_EDGE ( 'NONE', *, *, #283, .T. ) ;
#2200 = DIRECTION ( 'NONE',  ( 0.000000000000000000, 0.000000000000000000, -1.000000000000000000 ) ) ;
#2201 = CARTESIAN_POINT ( 'NONE',  ( -12.49402527642600624, 126.3818839634906794, 659.1394823993421141 ) ) ;
#2202 = CARTESIAN_POINT ( 'NONE',  ( -2466.815638751231745, 1347.122566434423106, 491.5952498135732753 ) ) ;
#2203 = CARTESIAN_POINT ( 'NONE',  ( 7.088850564204843607, -0.003553085496283411165, -4.739114633397862875 ) ) ;
#2204 = CARTESIAN_POINT ( 'NONE',  ( 2.000000000000000000, 0.000000000000000000, -7.500000000000007105 ) ) ;
#2205 = CARTESIAN_POINT ( 'NONE',  ( -17.99999999999998579, -0.2631187128330636504, 0.3610808005705978263 ) ) ;
#2206 = CARTESIAN_POINT ( 'NONE',  ( -70.47012638213001878, 6.424338660655707578, -52.68985691221241296 ) ) ;
#2207 = CARTESIAN_POINT ( 'NONE',  ( -12.49402527642601335, -641.7163851161664070, -3678.379502095567204 ) ) ;
#2208 = ADVANCED_FACE ( 'NONE', ( #2717 ), #2004, .F. ) ;
#2209 = CARTESIAN_POINT ( 'NONE',  ( -2.831341758808668896, 8.470606418094048351, 4.314504850868306818 ) ) ;
#2210 = LINE ( 'NONE', #220, #1330 ) ;
#2211 = CARTESIAN_POINT ( 'NONE',  ( -611.5804033687008996, 5635.873019472977830, 30751.98138940196077 ) ) ;
#2212 = CARTESIAN_POINT ( 'NONE',  ( -70.47012638213007563, 42.81226155547199141, 10.08065217248265100 ) ) ;
#2213 = ORIENTED_EDGE ( 'NONE', *, *, #374, .F. ) ;
#2214 = CARTESIAN_POINT ( 'NONE',  ( -19.43523673285488940, -6.015427755442908975, -20.09376528415056029 ) ) ;
#2215 = CARTESIAN_POINT ( 'NONE',  ( -12.49402527642600980, -11.25636708259297691, -11.43110545536016609 ) ) ;
#2216 = AXIS2_PLACEMENT_3D ( 'NONE', #731, #2514, #319 ) ;
#2217 = CARTESIAN_POINT ( 'NONE',  ( -2466.815638751231745, 401.9888934638555611, 1369.535975575362727 ) ) ;
#2218 = CARTESIAN_POINT ( 'NONE',  ( 7.088850564204843607, -8.126987422148502560, -49.20866516591436124 ) ) ;
#2219 = CARTESIAN_POINT ( 'NONE',  ( 4.954189247236375770, -0.8453451528932102166, -9.205601957129031732 ) ) ;
#2220 = CIRCLE ( 'NONE', #1607, 3.700000000000007283 ) ;
#2221 = CARTESIAN_POINT ( 'NONE',  ( -611.5804033687013543, -2069.780620824237758, -9961.930536035932164 ) ) ;
#2222 = DIRECTION ( 'NONE',  ( -0.000000000000000000, 1.000000000000000000, -0.000000000000000000 ) ) ;
#2223 = CARTESIAN_POINT ( 'NONE',  ( 2.000000000000000000, 0.000000000000000000, -7.500000000000007105 ) ) ;
#2224 = CARTESIAN_POINT ( 'NONE',  ( -70.47012638213001878, -56.50996501192048527, 53.42426747331978021 ) ) ;
#2225 = CARTESIAN_POINT ( 'NONE',  ( 2.000000000000000000, 2.158504013145525757, -10.32656928919281469 ) ) ;
#2226 = DIRECTION ( 'NONE',  ( 1.000000000000000000, -0.000000000000000000, -0.000000000000000000 ) ) ;
#2227 = CARTESIAN_POINT ( 'NONE',  ( -611.5804033687008996, -37730.70460788183118, 217979.4390695517941 ) ) ;
#2228 = CARTESIAN_POINT ( 'NONE',  ( -70.47012638213007563, 23.66286358345097085, 33.39378442837270455 ) ) ;
#2229 = ORIENTED_EDGE ( 'NONE', *, *, #2617, .T. ) ;
#2230 = CARTESIAN_POINT ( 'NONE',  ( -4829.341758808669510, -6854.081938191849986, 23445.80663051363081 ) ) ;
#2231 = EDGE_CURVE ( 'NONE', #118, #529, #1342, .T. ) ;
#2232 = CARTESIAN_POINT ( 'NONE',  ( -2.831341758808668896, -132.7275506126529478, 729.1761121712835347 ) ) ;
#2233 = CARTESIAN_POINT ( 'NONE',  ( -2466.815638751231745, -205.0267342226249241, 1412.367511182213093 ) ) ;
#2234 = CARTESIAN_POINT ( 'NONE',  ( 7.088850564204843607, -1.777688260813487409, -12.16958453762707038 ) ) ;
#2235 = ORIENTED_EDGE ( 'NONE', *, *, #1152, .F. ) ;
#2236 = PLANE ( 'NONE',  #1183 ) ;
#2237 = CARTESIAN_POINT ( 'NONE',  ( -57.99999999999997868, -6.570203403242641294, -22.10428593324617097 ) ) ;
#2238 = CARTESIAN_POINT ( 'NONE',  ( -70.47012638213001878, -167.2378096891106054, 699.3629357505493545 ) ) ;
#2239 = CARTESIAN_POINT ( 'NONE',  ( 2.000000000000000000, 1.619246583839709208, -10.73435932745840660 ) ) ;
#2240 = CARTESIAN_POINT ( 'NONE',  ( -611.5804033687008996, 484.8506658437442525, 703.1301567664065715 ) ) ;
#2241 = CARTESIAN_POINT ( 'NONE',  ( -31.81939231166069959, -22.47278612093501238, 0.05902958237229312399 ) ) ;
#2242 = VERTEX_POINT ( 'NONE', #2018 ) ;
#2243 = CARTESIAN_POINT ( 'NONE',  ( -4829.341758808669510, -785.8763356128059741, -2694.939429623404976 ) ) ;
#2244 = CARTESIAN_POINT ( 'NONE',  ( -2.831341758808668896, 0.8186258826970526092, -13.94492312233495213 ) ) ;
#2245 = CARTESIAN_POINT ( 'NONE',  ( -2466.815638751231745, -496.4013096728215828, 1337.974605669945731 ) ) ;
#2246 = CARTESIAN_POINT ( 'NONE',  ( 7.088850564204843607, -100.1918252615062386, -586.2753342760802298 ) ) ;
#2247 = ADVANCED_FACE ( 'NONE', ( #2465 ), #1354, .T. ) ;
#2248 = DIRECTION ( 'NONE',  ( -1.000000000000000000, 0.000000000000000000, 0.000000000000000000 ) ) ;
#2249 = CARTESIAN_POINT ( 'NONE',  ( -70.47012638213001878, 429.4879681310935666, 2229.217676408430634 ) ) ;
#2250 = CARTESIAN_POINT ( 'NONE',  ( 2.000000000000000000, 5.751194587341256437, 4.959996995321350077 ) ) ;
#2251 = CARTESIAN_POINT ( 'NONE',  ( -611.5804033687008996, -25.64112574137410050, -365.4508110543995940 ) ) ;
#2252 = CARTESIAN_POINT ( 'NONE',  ( -31.81939231166069959, -32.15825205824342703, -56.44181682520762422 ) ) ;
#2253 = VERTEX_POINT ( 'NONE', #2703 ) ;
#2254 = CARTESIAN_POINT ( 'NONE',  ( -4829.341758808669510, 2752.889988796297530, -478.7851037241541690 ) ) ;
#2255 = CARTESIAN_POINT ( 'NONE',  ( -2.831341758808668896, 3.088821050480445418, -13.11165433418592841 ) ) ;
#2256 = CARTESIAN_POINT ( 'NONE',  ( 7.088850564204843607, -385.9102875215821769, -2253.033962549008720 ) ) ;
#2257 = CARTESIAN_POINT ( 'NONE',  ( -57.99999999999997868, 1.358094810837593425, 14.76591210639149132 ) ) ;
#2258 = VECTOR ( 'NONE', #120, 1000.000000000000114 ) ;
#2259 = CARTESIAN_POINT ( 'NONE',  ( 2.000000000000000000, 12.15893292081626598, -55.33998798128514096 ) ) ;
#2260 = CARTESIAN_POINT ( 'NONE',  ( -70.47012638213001878, 35.95519748361937928, -35.60682546482718891 ) ) ;
#2261 = VECTOR ( 'NONE', #2827, 1000.000000000000114 ) ;
#2262 = CARTESIAN_POINT ( 'NONE',  ( 6.831341758808669340, -315.7744561255498752, 1830.011748729099963 ) ) ;
#2263 = CARTESIAN_POINT ( 'NONE',  ( -611.5804033687008996, -616.9281620935539650, 1473.613521704945470 ) ) ;
#2264 = CARTESIAN_POINT ( 'NONE',  ( -31.81939231166069959, 60.05239395769806521, -219.1642544790749980 ) ) ;
#2265 = ORIENTED_EDGE ( 'NONE', *, *, #667, .T. ) ;
#2266 = CARTESIAN_POINT ( 'NONE',  ( -4829.341758808669510, 1756.869452881361212, -2185.690475181839702 ) ) ;
#2267 = LINE ( 'NONE', #273, #2125 ) ;
#2268 = DIRECTION ( 'NONE',  ( 0.000000000000000000, 0.000000000000000000, 1.000000000000000000 ) ) ;
#2269 = LINE ( 'NONE', #1160, #350 ) ;
#2270 = CARTESIAN_POINT ( 'NONE',  ( 2.000000000000000000, 18.56667125428854703, -92.71997896724899135 ) ) ;
#2271 = DIRECTION ( 'NONE',  ( 0.000000000000000000, 0.1044528220829679527, 0.9945298426688381488 ) ) ;
#2272 = CARTESIAN_POINT ( 'NONE',  ( -31.81939231166067827, 29.05890295825352609, 25.36154597479276873 ) ) ;
#2273 = CARTESIAN_POINT ( 'NONE',  ( 6.831341758808669340, -0.04539575372970919287, -8.403933709128434515 ) ) ;
#2274 = EDGE_CURVE ( 'NONE', #2756, #2866, #912, .T. ) ;
#2275 = CARTESIAN_POINT ( 'NONE',  ( -302.3745308049461755, -169.0358394469609493, -69.67883904097976711 ) ) ;
#2276 = CARTESIAN_POINT ( 'NONE',  ( -31.81939231166069959, 32.15825205824503996, -56.44181682521695365 ) ) ;
#2277 = ORIENTED_EDGE ( 'NONE', *, *, #1885, .T. ) ;
#2278 = CARTESIAN_POINT ( 'NONE',  ( -4829.341758808669510, 970.4420794160762398, -2633.239677948858571 ) ) ;
#2279 = CARTESIAN_POINT ( 'NONE',  ( -1229.992148496211485, -693.7202386830962269, 178.6141773171407863 ) ) ;
#2280 = CARTESIAN_POINT ( 'NONE',  ( 7.088850564204843607, -300.1947488435594096, -1753.006374067130309 ) ) ;
#2281 = EDGE_LOOP ( 'NONE', ( #2039, #942, #2213, #362, #2024, #1669, #1569, #632 ) ) ;
#2282 = CARTESIAN_POINT ( 'NONE',  ( -17.99999999999998579, -5.712568895714291273, 1.339423232082685988 ) ) ;
#2283 = CARTESIAN_POINT ( 'NONE',  ( -4829.341758808673148, 970.4420794160511150, 2620.239677948797635 ) ) ;
#2284 = CARTESIAN_POINT ( 'NONE',  ( -2.831341758808670672, -303.3175926415279378, -1737.325098493298810 ) ) ;
#2285 = CARTESIAN_POINT ( 'NONE',  ( -17.99999999999998934, -6.827832463376207528, -10.01596974572903775 ) ) ;
#2286 = CARTESIAN_POINT ( 'NONE',  ( -31.81939231166067827, -1901.065759324087139, 10945.84513962844903 ) ) ;
#2287 = CARTESIAN_POINT ( 'NONE',  ( 6.831341758808669340, -0.008858258142486516440, -8.410623535004742024 ) ) ;
#2288 = CARTESIAN_POINT ( 'NONE',  ( -302.3745308049460618, -1641.912304817486756, 8509.530452440118097 ) ) ;
#2289 = CARTESIAN_POINT ( 'NONE',  ( -611.5804033687013543, 51.27004088432593676, 349.6493272312350200 ) ) ;
#2290 = CARTESIAN_POINT ( 'NONE',  ( -31.81939231166069959, 50.75434665788039013, -164.9234419277889856 ) ) ;
#2291 = CARTESIAN_POINT ( 'NONE',  ( -147.7715945230688135, -88.84279772611004944, 9.109838215448865739 ) ) ;
#2292 = VERTEX_POINT ( 'NONE', #474 ) ;
#2293 = CARTESIAN_POINT ( 'NONE',  ( -2466.815638751229926, -205.0267342226244978, -1425.367511182153976 ) ) ;
#2294 = DIRECTION ( 'NONE',  ( -1.000000000000000000, 0.000000000000000000, 0.000000000000000000 ) ) ;
#2295 = ORIENTED_EDGE ( 'NONE', *, *, #2736, .F. ) ;
#2296 = CARTESIAN_POINT ( 'NONE',  ( -18.65875426271525939, -8.904889122051107719, -10.12287479589952710 ) ) ;
#2297 = FACE_OUTER_BOUND ( 'NONE', #2500, .T. ) ;
#2298 = CARTESIAN_POINT ( 'NONE',  ( 2.000000000000000000, 262.0607279262352449, -1513.159636433875676 ) ) ;
#2299 = CARTESIAN_POINT ( 'NONE',  ( -17.99999999999998579, 1.358094810837592759, 4.765912106391483327 ) ) ;
#2300 = CARTESIAN_POINT ( 'NONE',  ( -31.81939231166067827, 21.77499857355186208, -15.31428769440062965 ) ) ;
#2301 = VECTOR ( 'NONE', #1738, 1000.000000000000000 ) ;
#2302 = CARTESIAN_POINT ( 'NONE',  ( 7.088850564204843607, 0.01247467545481311703, -8.258733929263405216 ) ) ;
#2303 = AXIS2_PLACEMENT_3D ( 'NONE', #1818, #2294, #1859 ) ;
#2304 = CARTESIAN_POINT ( 'NONE',  ( -302.3745308049460618, -12.82499199975829463, -186.9307172947021343 ) ) ;
#2305 = CARTESIAN_POINT ( 'NONE',  ( -611.5804033687013543, -51.27004088432630624, 349.6493272312461045 ) ) ;
#2306 = CARTESIAN_POINT ( 'NONE',  ( -12.49402527642601335, -6.027969983761948036, 4.866244347641148771 ) ) ;
#2307 = VERTEX_POINT ( 'NONE', #487 ) ;
#2308 = CARTESIAN_POINT ( 'NONE',  ( -4829.341758808669510, 9929.975900158948207, 41389.25043121445924 ) ) ;
#2309 = CARTESIAN_POINT ( 'NONE',  ( -17.99999999999998579, 1.358094810837592759, 9.765912106391487768 ) ) ;
#2310 = ORIENTED_EDGE ( 'NONE', *, *, #984, .T. ) ;
#2311 = EDGE_CURVE ( 'NONE', #2710, #1417, #2269, .T. ) ;
#2312 = CARTESIAN_POINT ( 'NONE',  ( -17.99999999999998579, 1.358094810837592759, 4.765912106391483327 ) ) ;
#2313 = CARTESIAN_POINT ( 'NONE',  ( -4829.341758808673148, 5828.783950841298065, -17477.65869696099981 ) ) ;
#2314 = CARTESIAN_POINT ( 'NONE',  ( 2.000000000000000000, 3.367393464374689671, -4.481281223921299350 ) ) ;
#2315 = CARTESIAN_POINT ( 'NONE',  ( 4.849628425714785251, -1.010469593145166378, -3.854766261323160581 ) ) ;
#2316 = CARTESIAN_POINT ( 'NONE',  ( -31.81939231166067827, -29.05890295831398262, 25.36154597477093375 ) ) ;
#2317 = CARTESIAN_POINT ( 'NONE',  ( 7.088850564204843607, -11.30163700290009920, 54.72820548000726859 ) ) ;
#2318 = CARTESIAN_POINT ( 'NONE',  ( -302.3745308049460618, 443.2000822500173740, 1516.758386461633108 ) ) ;
#2319 = CARTESIAN_POINT ( 'NONE',  ( -611.5804033687013543, 749.0056583416768490, -2257.096886644792903 ) ) ;
#2320 = CARTESIAN_POINT ( 'NONE',  ( -12.49402527642601335, -10.08871864096317417, 0.8314049531931685388 ) ) ;
#2321 = CARTESIAN_POINT ( 'NONE',  ( -1229.992148496211485, 8858.989827683541080, -47454.06034396267205 ) ) ;
#2322 = ORIENTED_EDGE ( 'NONE', *, *, #1596, .F. ) ;
#2323 = CARTESIAN_POINT ( 'NONE',  ( -2466.815638751229926, 102.5379281910668823, -1436.571373612584011 ) ) ;
#2324 = CARTESIAN_POINT ( 'NONE',  ( 1.999999999999999112, -3.526285443777244399, -4.980833458528430846 ) ) ;
#2325 = VERTEX_POINT ( 'NONE', #64 ) ;
#2326 = CARTESIAN_POINT ( 'NONE',  ( -16.38450834770436870, -7.809631740474829442, -13.20227929021516644 ) ) ;
#2327 = CARTESIAN_POINT ( 'NONE',  ( -17.99999999999998579, 0.000000000000000000, -6.500000000000007105 ) ) ;
#2328 = ADVANCED_FACE ( 'NONE', ( #934 ), #716, .T. ) ;
#2329 = CARTESIAN_POINT ( 'NONE',  ( 6.831341758808671116, 105.4645732083699130, -616.1543366266832891 ) ) ;
#2330 = CARTESIAN_POINT ( 'NONE',  ( -302.3745308049462892, 176.8195883496870238, 24.19096153462160714 ) ) ;
#2331 = CARTESIAN_POINT ( 'NONE',  ( 2.000000000000000000, 0.4182178271285771909, -11.17742785162941743 ) ) ;
#2332 = CARTESIAN_POINT ( 'NONE',  ( -31.81939231166067827, 60.05239395738448138, 206.1642544791019986 ) ) ;
#2333 = CARTESIAN_POINT ( 'NONE',  ( 7.088850564204843607, -43.04813280982743606, 239.9236086212915211 ) ) ;
#2334 = PRODUCT ( 'right flap', 'right flap', '', ( #2357 ) ) ;
#2335 = CARTESIAN_POINT ( 'NONE',  ( -302.3745308049460618, -376.6049587771140637, 1128.271049461933444 ) ) ;
#2336 = CARTESIAN_POINT ( 'NONE',  ( -1229.992148496211485, -8858.989827682506075, -47454.06034395610186 ) ) ;
#2337 = CARTESIAN_POINT ( 'NONE',  ( -12.49402527642601335, -7.805614689820441043, 3.520911748109555983 ) ) ;
#2338 = CARTESIAN_POINT ( 'NONE',  ( -18.52689684574025364, -7.395928309533349676, -19.56166067693717636 ) ) ;
#2339 = EDGE_LOOP ( 'NONE', ( #819, #1954, #2310, #2686, #1011 ) ) ;
#2340 = CARTESIAN_POINT ( 'NONE',  ( -2466.815638751229926, 898.7307218480295887, -1122.010421361231465 ) ) ;
#2341 = VERTEX_POINT ( 'NONE', #978 ) ;
#2342 = CARTESIAN_POINT ( 'NONE',  ( -19.90511382186863543, -6.570203403242641294, -22.10428593324617097 ) ) ;
#2343 = DIRECTION ( 'NONE',  ( 0.000000000000000000, -1.000000000000000000, 0.000000000000000000 ) ) ;
#2344 = CARTESIAN_POINT ( 'NONE',  ( 6.831341758808671116, -0.1162911174511044865, -4.624867467474260252 ) ) ;
#2345 = CARTESIAN_POINT ( 'NONE',  ( -302.3745308049462892, -310.0098353012012353, -752.7837124632767427 ) ) ;
#2346 = CARTESIAN_POINT ( 'NONE',  ( 2.000000000000000000, -0.2091103478552335249, -11.20000000000001350 ) ) ;
#2347 = CARTESIAN_POINT ( 'NONE',  ( -12.49402527642600624, 1.619441993834003446, -19.47991366374601796 ) ) ;
#2348 = CARTESIAN_POINT ( 'NONE',  ( 7.088850564204843607, -0.7194717339243186238, -7.003595567087486984 ) ) ;
#2349 = EDGE_CURVE ( 'NONE', #529, #2359, #2732, .T. ) ;
#2350 = CIRCLE ( 'NONE', #2031, 3.700000000000007283 ) ;
#2351 = CARTESIAN_POINT ( 'NONE',  ( -147.7715945230686998, 76.92488173963771203, -54.98042931830442370 ) ) ;
#2352 = CARTESIAN_POINT ( 'NONE',  ( -611.5804033687013543, 440.8248337623606972, -459.3023684532011544 ) ) ;
#2353 = CARTESIAN_POINT ( 'NONE',  ( -31.81939231166069959, -311.0996710527267624, -1683.666193363508455 ) ) ;
#2354 = DIRECTION ( 'NONE',  ( 1.000000000000000000, -0.000000000000000000, -0.000000000000000000 ) ) ;
#2355 = CARTESIAN_POINT ( 'NONE',  ( -2466.815638751229926, -964.0496892734371386, -1065.429568124767684 ) ) ;
#2356 = CIRCLE ( 'NONE', #81, 17.65523618566458097 ) ;
#2357 = PRODUCT_CONTEXT ( 'NONE', #970, 'mechanical' ) ;
#2358 = AXIS2_PLACEMENT_3D ( 'NONE', #854, #1752, #14 ) ;
#2359 = VERTEX_POINT ( 'NONE', #962 ) ;
#2360 = CARTESIAN_POINT ( 'NONE',  ( -16.20288448580346241, -8.474507498478850209, -11.12898525458940568 ) ) ;
#2361 = CARTESIAN_POINT ( 'NONE',  ( -2466.815638751231745, 149975.4950630684034, -866440.7210323485779 ) ) ;
#2362 = CARTESIAN_POINT ( 'NONE',  ( 6.831341758808671116, -3.091508509039305963, -18.95390322122826987 ) ) ;
#2363 = CARTESIAN_POINT ( 'NONE',  ( -14.99999999999998579, -24.77408292774981291, -17.50000000000002132 ) ) ;
#2364 = CARTESIAN_POINT ( 'NONE',  ( -611.5804033687013543, -347.2699405864968298, 86.45668171209898389 ) ) ;
#2365 = CARTESIAN_POINT ( 'NONE',  ( 7.088850564204843607, -0.01247467545481092781, -8.258733929263591733 ) ) ;
#2366 = CARTESIAN_POINT ( 'NONE',  ( -147.7715945230686998, -12.83086754975162691, -96.96978124350077621 ) ) ;
#2367 = CARTESIAN_POINT ( 'NONE',  ( -12.49402527642601335, 32.68470193662275847, -125.5503879089093289 ) ) ;
#2368 = CARTESIAN_POINT ( 'NONE',  ( -19.89496615507377086, -7.902139875650134648, -22.14786088484060045 ) ) ;
#2369 = ADVANCED_FACE ( 'NONE', ( #516, #1394 ), #949, .F. ) ;
#2370 = DIRECTION ( 'NONE',  ( -1.000000000000000000, 0.000000000000000000, 0.000000000000000000 ) ) ;
#2371 = CARTESIAN_POINT ( 'NONE',  ( -2466.815638751229926, 50755.83754759566364, 287622.8693746325443 ) ) ;
#2372 = CARTESIAN_POINT ( 'NONE',  ( 1.999999999999999112, 3.367393464374692336, -4.481281223921303791 ) ) ;
#2373 = EDGE_LOOP ( 'NONE', ( #849, #1202, #976, #554 ) ) ;
#2374 = CARTESIAN_POINT ( 'NONE',  ( -18.32302232681610832, -5.902499752193836713, -19.51539031438933236 ) ) ;
#2375 = CARTESIAN_POINT ( 'NONE',  ( -4829.341758808673148, -4803.485963492695191, -11496.51076339764404 ) ) ;
#2376 = CARTESIAN_POINT ( 'NONE',  ( 2.000000000000000000, -89.05179292245874478, -503.8998798127057626 ) ) ;
#2377 = CARTESIAN_POINT ( 'NONE',  ( -147.7715945230688135, 1138.314847500917040, -6113.059175679813961 ) ) ;
#2378 = CARTESIAN_POINT ( 'NONE',  ( 2.000000000000000000, 1.984522342850745469, -10.47564119286557016 ) ) ;
#2379 = CARTESIAN_POINT ( 'NONE',  ( 7.088850564204843607, 11.30163700290735385, 54.72820548007655361 ) ) ;
#2380 = CARTESIAN_POINT ( 'NONE',  ( -147.7715945230686998, -122.6967348156452715, 175.3794848133505866 ) ) ;
#2381 = CARTESIAN_POINT ( 'NONE',  ( -2.831341758808670672, 218.0225716269453358, -1239.750605332749956 ) ) ;
#2382 = CARTESIAN_POINT ( 'NONE',  ( -147.7715945230688135, 12.83086754975155230, 83.96978124350165729 ) ) ;
#2383 = CARTESIAN_POINT ( 'NONE',  ( -16.66456597383512062, -7.453444428640552566, -20.00090788989115964 ) ) ;
#2384 = CARTESIAN_POINT ( 'NONE',  ( -1229.992148496210575, 248.2327267398170818, -679.6865514708001683 ) ) ;
#2385 = CARTESIAN_POINT ( 'NONE',  ( -70.47012638213007563, 15.57468024008222862, 37.35400065907565192 ) ) ;
#2386 = CARTESIAN_POINT ( 'NONE',  ( 1.999999999999999112, -0.2091103478553366091, -1.800000000000000044 ) ) ;
#2387 = ORIENTED_EDGE ( 'NONE', *, *, #1474, .F. ) ;
#2388 = CARTESIAN_POINT ( 'NONE',  ( -18.90078932944588175, -5.821389253725834934, -13.80657879207020677 ) ) ;
#2389 = CARTESIAN_POINT ( 'NONE',  ( -2466.815638751231745, 192498.2054266199120, -1114499.943171389401 ) ) ;
#2390 = CARTESIAN_POINT ( 'NONE',  ( 2.000000000000000000, -146.7214379236924628, -840.3197986862822972 ) ) ;
#2391 = CARTESIAN_POINT ( 'NONE',  ( -302.3745308049462892, -24417.44453352531491, -141385.1997060827271 ) ) ;
#2392 = CARTESIAN_POINT ( 'NONE',  ( -14.99999999999998579, 0.000000000000000000, -5.500000000000007105 ) ) ;
#2393 = DIRECTION ( 'NONE',  ( 0.000000000000000000, 0.000000000000000000, 1.000000000000000000 ) ) ;
#2394 = CARTESIAN_POINT ( 'NONE',  ( -147.7715945230686998, -3271.112884142431085, 18541.88652649168580 ) ) ;
#2395 = CARTESIAN_POINT ( 'NONE',  ( -12.49402527642601335, -501.1706120747322188, -2858.495860360178995 ) ) ;
#2396 = CARTESIAN_POINT ( 'NONE',  ( -19.01621656342811306, -7.421502491763835252, -19.76794055745388334 ) ) ;
#2397 = CARTESIAN_POINT ( 'NONE',  ( -2.831341758808668896, 47.43252959746057940, 231.6016190108290118 ) ) ;
#2398 = CYLINDRICAL_SURFACE ( 'NONE', #946, 17.65523618566458453 ) ;
#2399 = CARTESIAN_POINT ( 'NONE',  ( -1229.992148496210575, 611.6141865290334181, -384.1726242391923165 ) ) ;
#2400 = CIRCLE ( 'NONE', #1933, 5.000000000000004441 ) ;
#2401 = CARTESIAN_POINT ( 'NONE',  ( -147.7715945230688135, -111.4120891191133751, -122.5497104704516858 ) ) ;
#2402 = ORIENTED_EDGE ( 'NONE', *, *, #2120, .F. ) ;
#2403 = CARTESIAN_POINT ( 'NONE',  ( -18.65566152750110973, -5.806244201370620139, -13.91012130625351340 ) ) ;
#2404 = CARTESIAN_POINT ( 'NONE',  ( -12.49402527642600624, -11.64621430541582114, -10.17910784471427910 ) ) ;
#2405 = CARTESIAN_POINT ( 'NONE',  ( -4829.341758808673148, -43764.80948272427486, -238780.1322387117543 ) ) ;
#2406 = AXIS2_PLACEMENT_3D ( 'NONE', #1016, #321, #1644 ) ;
#2407 = CARTESIAN_POINT ( 'NONE',  ( 7.088850564204843607, 71.61997903553064759, -419.5994714489738726 ) ) ;
#2408 = CARTESIAN_POINT ( 'NONE',  ( -147.7715945230688135, 190.4046089946398865, -583.3581308711895872 ) ) ;
#2409 = ADVANCED_FACE ( 'NONE', ( #1628 ), #332, .F. ) ;
#2410 = LINE ( 'NONE', #409, #264 ) ;
#2411 = CARTESIAN_POINT ( 'NONE',  ( -611.5804033687013543, -749.0056583416244393, -2257.096886644471397 ) ) ;
#2412 = DIRECTION ( 'NONE',  ( 0.000000000000000000, 0.000000000000000000, 1.000000000000000000 ) ) ;
#2413 = CARTESIAN_POINT ( 'NONE',  ( -302.3745308049460618, 13629.03453031637764, 78437.25111227623711 ) ) ;
#2414 = CARTESIAN_POINT ( 'NONE',  ( -2.831341758808670672, -2.739623897708779676, 0.3128714836043251513 ) ) ;
#2415 = CARTESIAN_POINT ( 'NONE',  ( 2.000000000000000000, -24.97440958784586229, 117.0999699531104739 ) ) ;
#2416 = CARTESIAN_POINT ( 'NONE',  ( -16.98772632412178041, -8.236990627470262893, -23.22543345073159671 ) ) ;
#2417 = CARTESIAN_POINT ( 'NONE',  ( -1229.992148496210575, 6491.609651483143352, 33630.78155659016920 ) ) ;
#2418 = CARTESIAN_POINT ( 'NONE',  ( -70.47012638213007563, 38.73278854039197228, 18.46670110966945089 ) ) ;
#2419 = ORIENTED_EDGE ( 'NONE', *, *, #1903, .T. ) ;
#2420 = CARTESIAN_POINT ( 'NONE',  ( -19.01410332683604665, -6.724732283912813635, -10.28726978396834468 ) ) ;
#2421 = CARTESIAN_POINT ( 'NONE',  ( -12.49402527642600624, 48.30089894098354364, 203.6485703239912937 ) ) ;
#2422 = CARTESIAN_POINT ( 'NONE',  ( -2466.815638751231745, 6658.211985913289027, -30389.26863780445638 ) ) ;
#2423 = CARTESIAN_POINT ( 'NONE',  ( 6.831341758808671116, -105.4645732083243388, -616.1543366264177166 ) ) ;
#2424 = DIRECTION ( 'NONE',  ( 0.000000000000000000, 1.000000000000000000, 0.000000000000000000 ) ) ;
#2425 = ADVANCED_FACE ( 'NONE', ( #1642 ), #106, .F. ) ;
#2426 = DIRECTION ( 'NONE',  ( -1.000000000000000000, -0.000000000000000000, -0.000000000000000000 ) ) ;
#2427 = CARTESIAN_POINT ( 'NONE',  ( -70.47012638213001878, -114.7877779999152921, 393.3919876192301217 ) ) ;
#2428 = CARTESIAN_POINT ( 'NONE',  ( -2.831341758808670672, -12.68270622129435843, -41.88608476004228010 ) ) ;
#2429 = CARTESIAN_POINT ( 'NONE',  ( 2.000000000000000000, 0.8304416476948099923, -11.08778535339844140 ) ) ;
#2430 = CARTESIAN_POINT ( 'NONE',  ( -17.99999999999998579, -5.712568895714291273, -2.660576767917314456 ) ) ;
#2431 = CARTESIAN_POINT ( 'NONE',  ( -1229.992148496210575, -11226.37000382923179, 61251.33913131697045 ) ) ;
#2432 = CARTESIAN_POINT ( 'NONE',  ( -147.7715945230688135, -325.8203573526461696, -1373.315422986505382 ) ) ;
#2433 = ORIENTED_EDGE ( 'NONE', *, *, #93, .T. ) ;
#2434 = CARTESIAN_POINT ( 'NONE',  ( -19.01687443601530347, -5.830872680434152855, -13.74327153741352170 ) ) ;
#2435 = CARTESIAN_POINT ( 'NONE',  ( -12.49402527642600624, 641.7163851120377558, 3665.379502096659053 ) ) ;
#2436 = CARTESIAN_POINT ( 'NONE',  ( -2466.815638751231745, -64930.07433595733164, -370322.2767542167567 ) ) ;
#2437 = CARTESIAN_POINT ( 'NONE',  ( 7.088850564204843607, 100.1918252615511165, -586.2753342763418232 ) ) ;
#2438 = CARTESIAN_POINT ( 'NONE',  ( 2.000000000000000000, -3.615281809519890643, -7.500000000000007105 ) ) ;
#2439 = CARTESIAN_POINT ( 'NONE',  ( -17.99999999999998579, 3.650938571955006928, -7.100539377402677488 ) ) ;
#2440 = CARTESIAN_POINT ( 'NONE',  ( -70.47012638213001878, 42.81226155546863765, -23.08065217248280021 ) ) ;
#2441 = CARTESIAN_POINT ( 'NONE',  ( -2.831341758808668896, 37.95530504031736996, 176.3155642151629081 ) ) ;
#2442 = ADVANCED_FACE ( 'NONE', ( #2297 ), #1862, .F. ) ;
#2443 = DIRECTION ( 'NONE',  ( -1.000000000000000000, 0.000000000000000000, 0.000000000000000000 ) ) ;
#2444 = CARTESIAN_POINT ( 'NONE',  ( -611.5804033687008996, 224.8549085212415832, -286.7279251094653318 ) ) ;
#2445 = CARTESIAN_POINT ( 'NONE',  ( -70.47012638213007563, 6408.791580697281461, -37122.90576339357358 ) ) ;
#2446 = ORIENTED_EDGE ( 'NONE', *, *, #2192, .F. ) ;
#2447 = CARTESIAN_POINT ( 'NONE',  ( -4829.341758808669510, 2223.192813382626809, -1728.507278690937255 ) ) ;
#2448 = CARTESIAN_POINT ( 'NONE',  ( -2.831341758808668896, -388.6126136573493000, 2221.899591653173957 ) ) ;
#2449 = AXIS2_PLACEMENT_3D ( 'NONE', #2610, #2828, #1754 ) ;
#2450 = CARTESIAN_POINT ( 'NONE',  ( -2466.815638751231745, -149975.4950630496605, -866440.7210322301835 ) ) ;
#2451 = CARTESIAN_POINT ( 'NONE',  ( 6.831341758808671116, -315.7744561231600073, -1843.011748730556974 ) ) ;
#2452 = AXIS2_PLACEMENT_3D ( 'NONE', #711, #89, #302 ) ;
#2453 = DIRECTION ( 'NONE',  ( 0.000000000000000000, 0.000000000000000000, 1.000000000000000000 ) ) ;
#2454 = CIRCLE ( 'NONE', #2820, 17.65523618566458097 ) ;
#2455 = CARTESIAN_POINT ( 'NONE',  ( -70.47012638213001878, -44.85440241432156228, -14.56927655586230941 ) ) ;
#2456 = CARTESIAN_POINT ( 'NONE',  ( 2.000000000000000000, -31.38214792134365183, 154.4799609390436217 ) ) ;
#2457 = CARTESIAN_POINT ( 'NONE',  ( -611.5804033687008996, -440.8248337624115720, 446.3023684530036235 ) ) ;
#2458 = EDGE_CURVE ( 'NONE', #284, #2806, #306, .T. ) ;
#2459 = CARTESIAN_POINT ( 'NONE',  ( -31.81939231166069959, 394.7820967511343042, -2171.833506325371673 ) ) ;
#2460 = ORIENTED_EDGE ( 'NONE', *, *, #2458, .F. ) ;
#2461 = CARTESIAN_POINT ( 'NONE',  ( -4829.341758808669510, -400.8262733956137254, -2778.672698557156764 ) ) ;
#2462 = CARTESIAN_POINT ( 'NONE',  ( -2.831341758808668896, -218.0225716275517414, 1226.750605331913675 ) ) ;
#2463 = CARTESIAN_POINT ( 'NONE',  ( 7.088850564204843607, -71.61997903549867317, -419.5994714487874262 ) ) ;
#2464 = CARTESIAN_POINT ( 'NONE',  ( 4.480339555730640910, 1.522814098796339888, -8.932024710182771443 ) ) ;
#2465 = FACE_OUTER_BOUND ( 'NONE', #2080, .T. ) ;
#2466 = CARTESIAN_POINT ( 'NONE',  ( -70.47012638213001878, -28.30779630092836996, -43.10386370270022383 ) ) ;
#2467 = CARTESIAN_POINT ( 'NONE',  ( 2.000000000000000000, 5.039223661400801468, 0.8066646635475627214 ) ) ;
#2468 = CARTESIAN_POINT ( 'NONE',  ( -611.5804033687008996, -749.0056583419107028, 2244.096886643902053 ) ) ;
#2469 = CARTESIAN_POINT ( 'NONE',  ( -31.81939231166069959, -1.610874975845257628, 17.72563525496691739 ) ) ;
#2470 = ORIENTED_EDGE ( 'NONE', *, *, #1244, .F. ) ;
#2471 = CARTESIAN_POINT ( 'NONE',  ( -18.65399901974134877, -6.787179986031355305, -10.12129299703578589 ) ) ;
#2472 = CARTESIAN_POINT ( 'NONE',  ( -2.831341758808668896, -8.470606418109101199, 4.314504850859298024 ) ) ;
#2473 =( NAMED_UNIT ( * ) PLANE_ANGLE_UNIT ( ) SI_UNIT ( $, .RADIAN. ) );
#2474 = CARTESIAN_POINT ( 'NONE',  ( 2.656707445414976831, 3.152283858135054739, -7.879150220389175452 ) ) ;
#2475 = CARTESIAN_POINT ( 'NONE',  ( -2.831341758808670672, 4.040874238703870525, -0.6086498911683033697 ) ) ;
#2476 = CARTESIAN_POINT ( 'NONE',  ( -70.47012638213001878, -3576.489869486807947, 20587.47456428629084 ) ) ;
#2477 = CARTESIAN_POINT ( 'NONE',  ( 6.831341758808669340, -15.33176624493317775, 77.35830286743399142 ) ) ;
#2478 = CARTESIAN_POINT ( 'NONE',  ( -611.5804033687008996, -484.8506658451971703, 703.1301567659891134 ) ) ;
#2479 = CARTESIAN_POINT ( 'NONE',  ( -31.81939231166069959, 1147.923928036365623, -6565.339322979540157 ) ) ;
#2480 = ORIENTED_EDGE ( 'NONE', *, *, #1709, .F. ) ;
#2481 = CARTESIAN_POINT ( 'NONE',  ( -4829.341758808669510, -1471.193713224575049, -2388.029366054981438 ) ) ;
#2482 = CARTESIAN_POINT ( 'NONE',  ( -17.99999999999998579, 3.650938571955006928, -7.100539377402677488 ) ) ;
#2483 = ORIENTED_EDGE ( 'NONE', *, *, #2274, .T. ) ;
#2484 = CIRCLE ( 'NONE', #76, 4.000000000000000000 ) ;
#2485 = CARTESIAN_POINT ( 'NONE',  ( -17.99999999999998579, -2.748443389454014341, 12.61833984597505243 ) ) ;
#2486 = CARTESIAN_POINT ( 'NONE',  ( -17.99999999999998579, 2.038460479787480129, -10.01596974572903775 ) ) ;
#2487 = EDGE_CURVE ( 'NONE', #1526, #1857, #1836, .T. ) ;
#2488 = AXIS2_PLACEMENT_3D ( 'NONE', #2758, #1230, #1039 ) ;
#2489 = CARTESIAN_POINT ( 'NONE',  ( 2.000000000000000000, -12.15893292081377375, -55.33998798127056773 ) ) ;
#2490 = CARTESIAN_POINT ( 'NONE',  ( -57.99999999999997868, -5.712568895714291273, 1.339423232082685988 ) ) ;
#2491 = CARTESIAN_POINT ( 'NONE',  ( -31.81939231166067827, 41.45629935790590537, 97.68262937651645927 ) ) ;
#2492 = VECTOR ( 'NONE', #485, 1000.000000000000114 ) ;
#2493 = CARTESIAN_POINT ( 'NONE',  ( 6.831341758808669340, 0.008858258142486341233, -8.410623535004742024 ) ) ;
#2494 = CARTESIAN_POINT ( 'NONE',  ( -302.3745308049460618, 174.0447915382251267, -53.37793390958278650 ) ) ;
#2495 = CARTESIAN_POINT ( 'NONE',  ( -31.81939231166069959, 115.8406777566041228, -544.6091297867910725 ) ) ;
#2496 = CARTESIAN_POINT ( 'NONE',  ( -17.99999999999998579, 6.085182992883445330, -4.333547719951265087 ) ) ;
#2497 = CARTESIAN_POINT ( 'NONE',  ( -4829.341758808669510, 3094.655984575472303, 1514.930874130068787 ) ) ;
#2498 = CARTESIAN_POINT ( 'NONE',  ( -1229.992148496211485, -449.4801796301711647, 552.1554238600299414 ) ) ;
#2499 = DIRECTION ( 'NONE',  ( 0.000000000000000000, 0.000000000000000000, -1.000000000000000000 ) ) ;
#2500 = EDGE_LOOP ( 'NONE', ( #1306, #2322, #2154, #1184 ) ) ;
#2501 = DIRECTION ( 'NONE',  ( -1.000000000000000000, 0.000000000000000000, 0.000000000000000000 ) ) ;
#2502 = CARTESIAN_POINT ( 'NONE',  ( 2.000000000000000000, 2.158504013145518652, -2.673430710807243038 ) ) ;
#2503 = FACE_OUTER_BOUND ( 'NONE', #918, .T. ) ;
#2504 = CARTESIAN_POINT ( 'NONE',  ( -31.81939231166067827, -115.8406777567272883, 531.6091297865310707 ) ) ;
#2505 = CARTESIAN_POINT ( 'NONE',  ( 6.831341758808669340, -0.2761337875872190151, -8.261788469553733805 ) ) ;
#2506 = CARTESIAN_POINT ( 'NONE',  ( -302.3745308049460618, -4638.692861228895708, 25991.46061738845674 ) ) ;
#2507 = CARTESIAN_POINT ( 'NONE',  ( -611.5804033687013543, 352.7731695968408872, 54.35320817296737772 ) ) ;
#2508 = CARTESIAN_POINT ( 'NONE',  ( -31.81939231166069959, -14.26871685662029954, 12.70214503078780055 ) ) ;
#2509 = EDGE_LOOP ( 'NONE', ( #164, #71, #1685, #1059 ) ) ;
#2510 = CARTESIAN_POINT ( 'NONE',  ( -2466.815638751229926, 964.0496892734651055, -1065.429568124764955 ) ) ;
#2511 = DIRECTION ( 'NONE',  ( 1.000000000000000000, 0.000000000000000000, 0.000000000000000000 ) ) ;
#2512 = ORIENTED_EDGE ( 'NONE', *, *, #932, .T. ) ;
#2513 = CARTESIAN_POINT ( 'NONE',  ( -16.00897772677757303, -8.081349789834032293, -12.24452246080391937 ) ) ;
#2514 = DIRECTION ( 'NONE',  ( -1.000000000000000000, 0.000000000000000000, 0.000000000000000000 ) ) ;
#2515 = CARTESIAN_POINT ( 'NONE',  ( 2.000000000000000000, 50.60536292164994876, -279.6199338970682788 ) ) ;
#2516 = CARTESIAN_POINT ( 'NONE',  ( -302.3745308049462892, 2840.624527380330619, -15515.30251842553844 ) ) ;
#2517 = DIRECTION ( 'NONE',  ( 0.000000000000000000, 0.000000000000000000, -1.000000000000000000 ) ) ;
#2518 = CARTESIAN_POINT ( 'NONE',  ( -31.81939231166067827, 10.60962223848130392, -28.12608833683971454 ) ) ;
#2519 = CARTESIAN_POINT ( 'NONE',  ( 2.000000000000000000, 89.05179292237460231, 490.8998798128545786 ) ) ;
#2520 = CARTESIAN_POINT ( 'NONE',  ( -302.3745308049460618, 84.06294008569231835, -166.3827789670366144 ) ) ;
#2521 = CARTESIAN_POINT ( 'NONE',  ( -611.5804033687013543, 12768.05781693500830, -72371.08309611689765 ) ) ;
#2522 = CARTESIAN_POINT ( 'NONE',  ( -12.49402527642601335, 17.06850493201586616, -34.45220549384800535 ) ) ;
#2523 = ADVANCED_FACE ( 'NONE', ( #2794 ), #512, .F. ) ;
#2524 = ORIENTED_EDGE ( 'NONE', *, *, #13, .T. ) ;
#2525 = CARTESIAN_POINT ( 'NONE',  ( -2466.815638751229926, 401.9888934638617002, -1382.535975575372731 ) ) ;
#2526 = DIRECTION ( 'NONE',  ( 1.000000000000000000, -0.000000000000000000, 0.000000000000000000 ) ) ;
#2527 = ORIENTED_EDGE ( 'NONE', *, *, #149, .F. ) ;
#2528 = CARTESIAN_POINT ( 'NONE',  ( -18.66234353481876340, -7.646633693620191963, -13.90787175133503695 ) ) ;
#2529 = CARTESIAN_POINT ( 'NONE',  ( -4829.341758808673148, 13005.86986227961097, -59345.69423189303780 ) ) ;
#2530 = CARTESIAN_POINT ( 'NONE',  ( -2.831341758808670672, -75.86420326917122736, -410.4597833977068149 ) ) ;
#2531 = DIRECTION ( 'NONE',  ( 0.000000000000000000, 1.000000000000000000, 0.000000000000000000 ) ) ;
#2532 = CARTESIAN_POINT ( 'NONE',  ( -31.81939231166067827, 22.86020475842733291, -10.79899572606909253 ) ) ;
#2533 = VECTOR ( 'NONE', #2681, 1000.000000000000000 ) ;
#2534 = CARTESIAN_POINT ( 'NONE',  ( 6.831341758808669340, 105.4645732091295827, 603.1543366266014345 ) ) ;
#2535 = CARTESIAN_POINT ( 'NONE',  ( -302.3745308049460618, 221.2163373330753302, 221.8005964647544772 ) ) ;
#2536 = CARTESIAN_POINT ( 'NONE',  ( -611.5804033687013543, 396.7990016796006785, -202.4745801401168706 ) ) ;
#2537 = AXIS2_PLACEMENT_3D ( 'NONE', #1552, #232, #443 ) ;
#2538 = CARTESIAN_POINT ( 'NONE',  ( -12.49402527642601335, 0.8098666169937976944, 6.568129394985820824 ) ) ;
#2539 = CARTESIAN_POINT ( 'NONE',  ( -1229.992148496211485, 449.4801796301624677, 552.1554238600316467 ) ) ;
#2540 = ORIENTED_EDGE ( 'NONE', *, *, #1152, .T. ) ;
#2541 = CARTESIAN_POINT ( 'NONE',  ( -2466.815638751230836, -1347.122566434241890, -504.5952498136061308 ) ) ;
#2542 = EDGE_CURVE ( 'NONE', #2359, #271, #1326, .T. ) ;
#2543 = CARTESIAN_POINT ( 'NONE',  ( 1.999999999999999112, 1.619246583839696996, -2.265640672541696876 ) ) ;
#2544 = EDGE_LOOP ( 'NONE', ( #586, #514, #2094, #387 ) ) ;
#2545 = CARTESIAN_POINT ( 'NONE',  ( -19.62363835670438661, -7.806099112647793881, -13.21329701456872030 ) ) ;
#2546 = CARTESIAN_POINT ( 'NONE',  ( -4829.341758808673148, 2633.025266204195304, 966.3142785363421581 ) ) ;
#2547 = CARTESIAN_POINT ( 'NONE',  ( 2.000000000000000000, 1.984522342850732812, -2.524358807134337912 ) ) ;
#2548 = CARTESIAN_POINT ( 'NONE',  ( -302.3745308049462892, 221.2163373335314134, -234.8005964647142889 ) ) ;
#2549 = CARTESIAN_POINT ( 'NONE',  ( 2.000000000000000000, -1.984522342850720378, -10.47564119286557016 ) ) ;
#2550 = CARTESIAN_POINT ( 'NONE',  ( -31.81939231166067827, 3407.349421863528733, 19732.85677294449488 ) ) ;
#2551 =( BOUNDED_CURVE ( )  B_SPLINE_CURVE ( 3, ( #2571, #2586, #569, #400 ),
 .UNSPECIFIED., .F., .T. ) 
 B_SPLINE_CURVE_WITH_KNOTS ( ( 4, 4 ),
 ( 0.000000000000000000, 3.141592653589791340 ),
 .UNSPECIFIED. ) 
 CURVE ( )  GEOMETRIC_REPRESENTATION_ITEM ( )  RATIONAL_B_SPLINE_CURVE ( ( 1.000000000000000000, 0.3333333333333339810, 0.3333333333333339810, 1.000000000000000000 ) ) 
 REPRESENTATION_ITEM ( '' )  );
#2552 = CARTESIAN_POINT ( 'NONE',  ( 7.088850564204843607, -0.04637976320167798427, -8.243542663486493893 ) ) ;
#2553 = CARTESIAN_POINT ( 'NONE',  ( -302.3745308049460618, -443.2000822529231527, 1516.758386460785232 ) ) ;
#2554 = CARTESIAN_POINT ( 'NONE',  ( -12.49402527642601335, 10.08871864096262705, 0.8314049531933965786 ) ) ;
#2555 = VERTEX_POINT ( 'NONE', #1365 ) ;
#2556 = CARTESIAN_POINT ( 'NONE',  ( -2466.815638751229926, -12957.87278051989961, 67125.78302874781366 ) ) ;
#2557 = CARTESIAN_POINT ( 'NONE',  ( 1.999999999999999112, -0.8304416476948242032, -1.912214646601500645 ) ) ;
#2558 = ORIENTED_EDGE ( 'NONE', *, *, #754, .T. ) ;
#2559 = CARTESIAN_POINT ( 'NONE',  ( -17.72841364116764495, -7.624402662878259740, -14.01596974572903420 ) ) ;
#2560 = CARTESIAN_POINT ( 'NONE',  ( -4829.341758808673148, 2389.933526118551526, 1466.030593953745665 ) ) ;
#2561 = CARTESIAN_POINT ( 'NONE',  ( 6.831341758808671116, -4.204259212292404513, -25.44521227998032487 ) ) ;
#2562 = CARTESIAN_POINT ( 'NONE',  ( -302.3745308049462892, -169.0358394469697032, 56.67883904097540437 ) ) ;
#2563 = LINE ( 'NONE', #795, #1378 ) ;
#2564 = CARTESIAN_POINT ( 'NONE',  ( -12.49402527642600624, -1.619441993834043192, -19.47991366374600375 ) ) ;
#2565 = CARTESIAN_POINT ( 'NONE',  ( 6.831341758808669340, 225.6416491613893811, 1304.215714972034903 ) ) ;
#2566 = CARTESIAN_POINT ( 'NONE',  ( -147.7715945230686998, -427.3821686214631654, 1952.783392072544302 ) ) ;
#2567 = CARTESIAN_POINT ( 'NONE',  ( -611.5804033687013543, 881.0831545899552566, -3027.580251584046437 ) ) ;
#2568 = CARTESIAN_POINT ( 'NONE',  ( -12.49402527642601335, 9.308647848301514927, 1.982657506743618958 ) ) ;
#2569 = CARTESIAN_POINT ( 'NONE',  ( -147.7715945230688135, 71.48393033070976799, 50.10571607561627161 ) ) ;
#2570 = CARTESIAN_POINT ( 'NONE',  ( -19.23420807488576045, -7.441536961664664496, -19.91628899203987402 ) ) ;
#2571 = CARTESIAN_POINT ( 'NONE',  ( -17.99999999999998934, -7.560999193042442279, -23.49556487584381159 ) ) ;
#2572 = CARTESIAN_POINT ( 'NONE',  ( -4829.341758808669510, 34537.12759625945182, 184936.8008367182920 ) ) ;
#2573 = ORIENTED_EDGE ( 'NONE', *, *, #1997, .F. ) ;
#2574 = CARTESIAN_POINT ( 'NONE',  ( -19.98371650950426215, -8.251600080518949554, -11.73156219894433505 ) ) ;
#2575 = CARTESIAN_POINT ( 'NONE',  ( -2466.815638751231745, 671.6894828634004853, 1259.436304008639581 ) ) ;
#2576 = CARTESIAN_POINT ( 'NONE',  ( 6.831341758808671116, -0.01780977156010261214, -4.590067419076313548 ) ) ;
#2577 = CARTESIAN_POINT ( 'NONE',  ( -17.99999999999998579, -5.712568895714290385, 5.339423232082685544 ) ) ;
#2578 = CARTESIAN_POINT ( 'NONE',  ( -12.49402527642600624, -1063.353704242726280, 6125.030427299527219 ) ) ;
#2579 = ADVANCED_FACE ( 'NONE', ( #1404 ), #2052, .F. ) ;
#2580 = CARTESIAN_POINT ( 'NONE',  ( -611.5804033687013543, -337.3339433023041920, 118.8097548656321720 ) ) ;
#2581 = CARTESIAN_POINT ( 'NONE',  ( 7.088850564204843607, -24.00023532567103501, 128.8063667365209710 ) ) ;
#2582 = AXIS2_PLACEMENT_3D ( 'NONE', #1190, #500, #92 ) ;
#2583 = CARTESIAN_POINT ( 'NONE',  ( -147.7715945230686998, -528.9439798900691585, 2545.251361158942018 ) ) ;
#2584 = CARTESIAN_POINT ( 'NONE',  ( -12.49402527642601335, -32.68470193661861600, -125.5503879088850567 ) ) ;
#2585 = AXIS2_PLACEMENT_3D ( 'NONE', #571, #1010, #2589 ) ;
#2586 = CARTESIAN_POINT ( 'NONE',  ( -13.99999999999998757, -7.560999193042443167, -23.49556487584381159 ) ) ;
#2587 = CARTESIAN_POINT ( 'NONE',  ( -1229.992148496210575, -1493.807057471503867, 4475.748561007838362 ) ) ;
#2588 = AXIS2_PLACEMENT_3D ( 'NONE', #1087, #1834, #951 ) ;
#2589 = DIRECTION ( 'NONE',  ( 1.000000000000000000, 0.000000000000000000, 0.000000000000000000 ) ) ;
#2590 = ORIENTED_EDGE ( 'NONE', *, *, #652, .F. ) ;
#2591 = CARTESIAN_POINT ( 'NONE',  ( -19.61512506749458495, -5.917275055581529664, -13.22457202432531886 ) ) ;
#2592 = CARTESIAN_POINT ( 'NONE',  ( -4829.341758808673148, 400.8262733956116790, 2765.672698557184958 ) ) ;
#2593 = CARTESIAN_POINT ( 'NONE',  ( 6.831341758808671116, -11.99351413506409259, -70.88437569124474180 ) ) ;
#2594 = CARTESIAN_POINT ( 'NONE',  ( -302.3745308049462892, -153.3090681381230524, 89.00788573557331063 ) ) ;
#2595 = B_SPLINE_SURFACE_WITH_KNOTS ( 'NONE', 1, 3, ( 
 ( #1390, #1804, #2672, #2698, #1121, #2661, #259, #496, #1144, #236, #931, #697, #2230, #2040, #1379, #1337, #1593, #23, #1828, #2711, #2025, #674, #1556, #2012, #1570, #2481, #34, #1581, #2243, #2461, #469, #458, #1816, #48, #2278, #1349, #247, #2266, #1132, #2447, #908, #2687, #1361, #2254, #2497, #919, #482, #1156, #285, #1171, #2308, #958, #116, #771, #2572, #527, #1888, #1463, #2742, #943, #2774, #1215 ),
 ( #2111, #1008, #1228, #1200, #1872, #1843, #1858, #2728, #2556, #991, #315, #511, #72, #541, #1653, #2064, #88, #1667, #343, #102, #2541, #1435, #555, #2355, #1403, #740, #726, #1448, #360, #2293, #1638, #2323, #1624, #2525, #2095, #329, #1418, #2340, #2510, #300, #2127, #974, #2789, #788, #2757, #134, #1902, #756, #1185, #1684, #2081, #570, #1491, #1539, #644, #1025, #1760, #2371, #2602, #2197, #1730, #1699 ),
 ( #1088, #1952, #597, #2805, #2864, #585, #2431, #148, #803, #2166, #862, #1479, #1918, #2587, #373, #1261, #2152, #1057, #162, #1038, #2836, #1965, #1272, #1978, #2616, #1246, #2182, #1932, #2819, #2140, #818, #1715, #1304, #833, #2384, #384, #176, #612, #2630, #1508, #2399, #207, #1073, #401, #1288, #629, #192, #2850, #847, #415, #2645, #1743, #1524, #2417, #1773, #2658, #2036, #455, #1129, #2669, #2009, #903 ),
 ( #927, #2227, #20, #1812, #657, #221, #669, #233, #2695, #256, #2022, #694, #466, #2468, #2263, #2478, #2457, #244, #1102, #1118, #1994, #916, #1357, #1567, #1553, #1318, #1801, #31, #430, #1333, #2251, #1590, #1346, #2684, #682, #1140, #706, #2444, #889, #6, #45, #2708, #444, #1785, #1578, #876, #2240, #478, #1374, #269, #1153, #2047, #1606, #55, #1824, #2211, #338, #1412, #766, #2106, #507, #2723 ),
 ( #737, #2076, #1210, #1647, #98, #2506, #112, #1399, #2288, #1166, #1387, #2738, #2553, #2335, #311, #954, #2060, #1224, #1838, #782, #2275, #69, #522, #2122, #722, #279, #939, #1619, #295, #1180, #2304, #84, #1853, #1195, #324, #2520, #128, #969, #1634, #2091, #1004, #1867, #2494, #2752, #750, #2535, #1898, #537, #1430, #2318, #985, #1882, #2768, #1662, #552, #1444, #2784, #493, #1710, #2413, #2162, #1083 ),
 ( #1019, #827, #188, #143, #2394, #1695, #842, #623, #814, #2583, #2566, #1913, #2800, #396, #2598, #2380, #1035, #369, #173, #582, #608, #1724, #2193, #1475, #1257, #1067, #799, #1459, #1928, #2366, #1961, #1502, #381, #2845, #2611, #1283, #1520, #1739, #593, #1488, #2351, #2149, #355, #2178, #2625, #2814, #158, #566, #1051, #1269, #1678, #1946, #411, #1300, #2830, #203, #1974, #2859, #1241, #2136, #1770, #640 ),
 ( #1098, #2641, #2476, #858, #1313, #1756, #439, #1535, #1329, #1355, #1344, #2238, #2427, #886, #1564, #1137, #2224, #873, #2455, #2033, #242, #2045, #2006, #230, #2466, #29, #1127, #2655, #464, #654, #1550, #426, #2206, #1115, #914, #692, #453, #17, #1782, #2260, #2667, #2440, #680, #1990, #216, #2020, #1370, #900, #2, #1810, #1576, #665, #1797, #2249, #2682, #254, #42, #2693, #1588, #476, #267, #1150 ),
 ( #82, #734, #2286, #1616, #520, #67, #1865, #96, #550, #1835, #2504, #1428, #277, #2706, #293, #2721, #2316, #2749, #1631, #322, #966, #2089, #1880, #2102, #2072, #2735, #704, #720, #1602, #535, #748, #1178, #1385, #925, #1410, #2518, #53, #937, #1645, #1208, #952, #2300, #309, #2532, #335, #2272, #504, #2491, #110, #2332, #1164, #1397, #1193, #490, #1851, #982, #2765, #764, #1660, #2058, #1222, #2550 ),
 ( #1442, #1822, #2578, #2134, #851, #434, #1528, #449, #405, #1692, #867, #1308, #2635, #141, #1764, #1017, #1911, #780, #1002, #2404, #2215, #1999, #2854, #616, #1675, #880, #1456, #2118, #1896, #2564, #197, #1777, #2347, #2782, #564, #352, #1239, #1747, #125, #1513, #2798, #1292, #2649, #796, #1543, #2186, #1077, #634, #648, #1969, #2421, #419, #2662, #2201, #211, #1092, #1983, #2869, #2435, #1322, #226, #1108 ),
 ( #10, #661, #1557, #2448, #893, #2462, #2232, #1338, #248, #237, #1122, #1789, #2013, #460, #2026, #698, #2472, #675, #49, #2688, #35, #2041, #1133, #24, #1350, #1571, #1594, #909, #2700, #2673, #1583, #1805, #2244, #687, #470, #1362, #2255, #260, #1145, #920, #1817, #2180, #831, #1315, #1566, #2209, #1286, #1116, #874, #399, #218, #2441, #2397, #1771, #1071, #231, #18, #205, #1963, #1950, #190, #2848 ),
 ( #1758, #2643, #2195, #1345, #2614, #1302, #845, #1992, #2656, #2456, #2415, #655, #454, #1741, #2834, #1551, #1100, #1537, #1728, #2861, #610, #2627, #1086, #4, #666, #860, #1506, #642, #627, #1522, #1976, #887, #413, #2429, #428, #441, #2239, #1331, #2225, #2007, #2668, #1783, #1055, #681, #1577, #2467, #2250, #54, #2683, #465, #926, #938, #268, #953, #705, #2519, #1165, #1356, #30, #521, #1811, #255 ),
 ( #2074, #2262, #1138, #1128, #2035, #43, #1837, #1151, #1823, #2477, #2694, #1604, #915, #2059, #278, #735, #693, #1589, #1618, #477, #901, #1373, #2046, #2505, #68, #2707, #505, #2722, #2273, #83, #2287, #2493, #492, #1799, #1386, #721, #1398, #294, #1179, #1852, #2021, #2737, #1632, #243, #1411, #1240, #580, #337, #2783, #781, #2135, #2597, #1646, #323, #2090, #142, #1708, #2534, #2104, #2565, #968, #111 ),
 ( #1194, #2767, #2799, #1676, #565, #97, #2333, #126, #2581, #765, #2317, #1003, #1473, #1458, #592, #551, #1881, #1018, #2348, #353, #1209, #1912, #983, #1661, #1866, #2750, #2552, #2365, #2148, #1897, #1443, #749, #1034, #798, #2302, #1223, #2119, #1694, #368, #1429, #1256, #536, #157, #1927, #2812, #812, #310, #380, #229, #1487, #1944, #2379, #1065, #1268, #1960, #1988, #1973, #2858, #2161, #1518, #2191, #1769 ) ),
 .UNSPECIFIED., .F., .F., .F.,
 ( 2, 1, 1, 1, 1, 1, 1, 1, 1, 1, 1, 1, 2 ),
 ( 4, 3, 3, 3, 3, 3, 3, 2, 2, 2, 2, 2, 2, 2, 2, 2, 2, 2, 3, 3, 3, 3, 3, 3, 4 ),
 ( -1000.000000000000000, -511.0000000000000000, -255.0000000000000000, -127.0000000000000000, -63.00000000000000000, -31.00000000000000000, -15.00000000000000000, -7.000000000000000000, -3.000000000000000000, -1.000000000000000000, 0.000000000000000000, 1.000000000000000000, 1.053299645988958533 ),
 ( -985.6677831885959904, -326.4615326271388085, -106.7261157733197336, -33.48097682204671344, -9.065930504955709068, -0.9275817325920410195, 1.785201191529181886, 2.124299057044334749, 2.463396922559487390, 2.632945855317063710, 2.802494788074640475, 2.972043720832216795, 3.141592653589793116, 3.311141586347369437, 3.480690519104945757, 3.650239451862522522, 3.819788384620098842, 4.158886250135251927, 4.497984115650404568, 7.210767039771627473, 15.34911581213529530, 39.76416212922629967, 113.0093010804993128, 332.7447179343183734, 991.9509684957755553 ),
 .UNSPECIFIED. ) ;
#2596 = CARTESIAN_POINT ( 'NONE',  ( 2.000000000000000000, 2.927701166105282748, -9.422580914074410785 ) ) ;
#2597 = CARTESIAN_POINT ( 'NONE',  ( 6.831341758808669340, 11.99351413514975384, 57.88437569126427462 ) ) ;
#2598 = CARTESIAN_POINT ( 'NONE',  ( -147.7715945230686998, -156.5506719051805931, 372.8688078421499199 ) ) ;
#2599 = CARTESIAN_POINT ( 'NONE',  ( -2.831341758808670672, 104.2958769407394755, -576.3179477847936596 ) ) ;
#2600 = CARTESIAN_POINT ( 'NONE',  ( -147.7715945230688135, 25.16686436061258547, 81.28718632576806158 ) ) ;
#2601 = CARTESIAN_POINT ( 'NONE',  ( -17.10403565264142500, -8.259028357248817898, -23.28842509145917461 ) ) ;
#2602 = CARTESIAN_POINT ( 'NONE',  ( -2466.815638751229926, 64930.07433529703849, 370309.2767543257796 ) ) ;
#2603 = CARTESIAN_POINT ( 'NONE',  ( -70.47012638213007563, 429.4879681347203473, -2242.217676408115040 ) ) ;
#2604 = ORIENTED_EDGE ( 'NONE', *, *, #1492, .T. ) ;
#2605 = CARTESIAN_POINT ( 'NONE',  ( -17.99999999999998579, -5.791487207780978252, -14.01596974572903775 ) ) ;
#2606 = CARTESIAN_POINT ( 'NONE',  ( -4829.341758808673148, -1884.528729571451549, 2062.107388928127875 ) ) ;
#2607 = CARTESIAN_POINT ( 'NONE',  ( 2.000000000000000000, -204.3910829249261951, -1176.739717559858718 ) ) ;
#2608 = CARTESIAN_POINT ( 'NONE',  ( -147.7715945230688135, 2357.056582723273095, -13222.67480471947238 ) ) ;
#2609 = DIRECTION ( 'NONE',  ( -1.000000000000000000, 0.000000000000000000, 0.000000000000000000 ) ) ;
#2610 = CARTESIAN_POINT ( 'NONE',  ( -57.99999999999997868, 1.358094810837592759, 9.765912106391487768 ) ) ;
#2611 = CARTESIAN_POINT ( 'NONE',  ( -147.7715945230686998, 31.08521667339823935, -92.30950404652485020 ) ) ;
#2612 = CARTESIAN_POINT ( 'NONE',  ( -2.831341758808670672, 2.002960860931403797, 0.6429351950592879783 ) ) ;
#2613 = CARTESIAN_POINT ( 'NONE',  ( -147.7715945230688135, -47.17605504970260455, 71.43050453601446748 ) ) ;
#2614 = CARTESIAN_POINT ( 'NONE',  ( 2.000000000000000000, -204.3910829257840192, 1163.739717559238443 ) ) ;
#2615 = CARTESIAN_POINT ( 'NONE',  ( -16.01501626630853892, -7.802971885219406545, -21.77179761756904242 ) ) ;
#2616 = CARTESIAN_POINT ( 'NONE',  ( -1229.992148496210575, -449.4801796301708237, -565.1554238600547251 ) ) ;
#2617 = EDGE_CURVE ( 'NONE', #468, #865, #670, .T. ) ;
#2618 = CARTESIAN_POINT ( 'NONE',  ( -147.7715945230688135, -6927.338089806161406, -39883.73341361238272 ) ) ;
#2619 = ORIENTED_EDGE ( 'NONE', *, *, #544, .F. ) ;
#2620 = CARTESIAN_POINT ( 'NONE',  ( -20.00575072258849119, -6.377543564575952395, -21.50596722261237304 ) ) ;
#2621 = CARTESIAN_POINT ( 'NONE',  ( -4829.341758808673148, -3436.421980361762508, -3521.646851983113720 ) ) ;
#2622 = CARTESIAN_POINT ( 'NONE',  ( 7.088850564204843607, -11.30163700281601180, -67.72820548005800845 ) ) ;
#2623 = CARTESIAN_POINT ( 'NONE',  ( -17.99999999999998579, 0.000000000000000000, 0.000000000000000000 ) ) ;
#2624 = CARTESIAN_POINT ( 'NONE',  ( -14.99999999999998579, 0.000000000000000000, -6.500000000000007105 ) ) ;
#2625 = CARTESIAN_POINT ( 'NONE',  ( -147.7715945230686998, 100.1274434225007326, 43.71993612752090996 ) ) ;
#2626 = CARTESIAN_POINT ( 'NONE',  ( -2.831341758808670672, 6.364556516506670647, -5.028714896275856994 ) ) ;
#2627 = CARTESIAN_POINT ( 'NONE',  ( 2.000000000000000000, -2.927701166105391550, -9.422580914073954261 ) ) ;
#2628 = VECTOR ( 'NONE', #1998, 1000.000000000000000 ) ;
#2629 = LINE ( 'NONE', #628, #1565 ) ;
#2630 = CARTESIAN_POINT ( 'NONE',  ( -1229.992148496210575, 482.1629115305261735, -536.8456782971593384 ) ) ;
#2631 = CARTESIAN_POINT ( 'NONE',  ( -70.47012638213007563, 6.424338660655821265, 39.68985691221276113 ) ) ;
#2632 = EDGE_LOOP ( 'NONE', ( #1701, #1905, #1216, #1437 ) ) ;
#2633 = ADVANCED_FACE ( 'NONE', ( #62 ), #528, .T. ) ;
#2634 = CARTESIAN_POINT ( 'NONE',  ( -19.22880390724858657, -6.671661788099316759, -10.43266621424116636 ) ) ;
#2635 = CARTESIAN_POINT ( 'NONE',  ( -12.49402527642600624, -32.68470193666330914, 112.5503879088414010 ) ) ;
#2636 = CARTESIAN_POINT ( 'NONE',  ( -2466.815638751231745, 5083.296787263233455, -21201.89004006220785 ) ) ;
#2637 = VECTOR ( 'NONE', #1396, 1000.000000000000227 ) ;
#2638 = CARTESIAN_POINT ( 'NONE',  ( 7.088850564204843607, 214.4792101656329351, -1252.978785585813966 ) ) ;
#2639 = CARTESIAN_POINT ( 'NONE',  ( 2.328675344134516045, -3.390224000250838365, -7.689760798412065945 ) ) ;
#2640 = DIRECTION ( 'NONE',  ( 0.000000000000000000, 0.000000000000000000, -1.000000000000000000 ) ) ;
#2641 = CARTESIAN_POINT ( 'NONE',  ( -70.47012638213001878, -4992.640725095082416, 28848.69016383191047 ) ) ;
#2642 = CARTESIAN_POINT ( 'NONE',  ( -2.831341758808670672, -8.470606418102562429, -17.31450485086465818 ) ) ;
#2643 = CARTESIAN_POINT ( 'NONE',  ( 2.000000000000000000, -608.0785979361446607, 3518.679149673026586 ) ) ;
#2644 = CYLINDRICAL_SURFACE ( 'NONE', #1186, 3.700000000000007283 ) ;
#2645 = CARTESIAN_POINT ( 'NONE',  ( -1229.992148496210575, 2545.976024624964793, 10613.65024429028745 ) ) ;
#2646 = CARTESIAN_POINT ( 'NONE',  ( -70.47012638213007563, -38.73278854039514840, 18.46670110966919509 ) ) ;
#2647 = EDGE_LOOP ( 'NONE', ( #510, #1155, #1405, #1762, #258, #2660, #288, #1249, #790, #2433 ) ) ;
#2648 = CARTESIAN_POINT ( 'NONE',  ( -18.78154322052822778, -5.926489775944776994, -19.64758559892899470 ) ) ;
#2649 = CARTESIAN_POINT ( 'NONE',  ( -12.49402527642600624, 11.64621430541770586, -10.17910784471511931 ) ) ;
#2650 = CARTESIAN_POINT ( 'NONE',  ( -2466.815638751231745, -36581.60076025989838, -204949.4619948790059 ) ) ;
#2651 = CARTESIAN_POINT ( 'NONE',  ( 7.088850564204843607, -0.01247467545486562711, -4.741266070736493532 ) ) ;
#2652 = CARTESIAN_POINT ( 'NONE',  ( 4.591698631100599393, -1.366696705387626665, -8.996317902324330262 ) ) ;
#2653 = EDGE_CURVE ( 'NONE', #209, #375, #2267, .T. ) ;
#2654 = CARTESIAN_POINT ( 'NONE',  ( -18.13417272430698191, -8.333182653751784130, -23.49556487584381870 ) ) ;
#2655 = CARTESIAN_POINT ( 'NONE',  ( -70.47012638213001878, -15.57468024008294272, -50.35400065907681721 ) ) ;
#2656 = CARTESIAN_POINT ( 'NONE',  ( 2.000000000000000000, -50.60536292183703466, 266.6199338968430652 ) ) ;
#2657 = CARTESIAN_POINT ( 'NONE',  ( -14.99999999999998579, 0.000000000000000000, -10.20000000000001528 ) ) ;
#2658 = CARTESIAN_POINT ( 'NONE',  ( -1229.992148496210575, 11226.37000371295835, 61251.33913135003240 ) ) ;
#2659 = CARTESIAN_POINT ( 'NONE',  ( -70.47012638213007563, 50.68218371311551351, -32.42749545874342942 ) ) ;
#2660 = ORIENTED_EDGE ( 'NONE', *, *, #2311, .F. ) ;
#2661 = CARTESIAN_POINT ( 'NONE',  ( -4829.341758808669510, -71447.85514117187995, 400258.1264447587891 ) ) ;
#2662 = CARTESIAN_POINT ( 'NONE',  ( -12.49402527642600624, 79.53329294998638943, 385.8449351541316332 ) ) ;
#2663 = MANIFOLD_SOLID_BREP ( 'Cut-Extrude1', #1234 ) ;
#2664 = CARTESIAN_POINT ( 'NONE',  ( 7.088850564204843607, 300.1947488436942990, -1753.006374067917932 ) ) ;
#2665 = DIRECTION ( 'NONE',  ( 0.000000000000000000, -1.000000000000000000, 0.000000000000000000 ) ) ;
#2666 = DIRECTION ( 'NONE',  ( -1.000000000000000000, 0.000000000000000000, 0.000000000000000000 ) ) ;
#2667 = CARTESIAN_POINT ( 'NONE',  ( -70.47012638213001878, 38.73278854039516261, -31.46670110966957878 ) ) ;
#2668 = CARTESIAN_POINT ( 'NONE',  ( 2.000000000000000000, 2.927701166105283193, -9.422580914074412561 ) ) ;
#2669 = CARTESIAN_POINT ( 'NONE',  ( -1229.992148496210575, 53839.21317378127424, 309836.3573041887139 ) ) ;
#2670 = CARTESIAN_POINT ( 'NONE',  ( -31.81939231166069959, 29.05890295830581493, -38.36154597478828521 ) ) ;
#2671 = ORIENTED_EDGE ( 'NONE', *, *, #1297, .F. ) ;
#2672 = CARTESIAN_POINT ( 'NONE',  ( -4829.341758808669510, -209863.0834332719387, 1207713.097475284478 ) ) ;
#2673 = CARTESIAN_POINT ( 'NONE',  ( -2.831341758808668896, -0.8186258826970729263, -13.94492312233494680 ) ) ;
#2674 = VECTOR ( 'NONE', #215, 1000.000000000000114 ) ;
#2675 = CARTESIAN_POINT ( 'NONE',  ( -2466.815638751231745, -2458.438122846333499, -5889.592377157617193 ) ) ;
#2676 = CARTESIAN_POINT ( 'NONE',  ( 7.088850564204843607, -33.52418406748856938, -197.3649876790636029 ) ) ;
#2677 = CARTESIAN_POINT ( 'NONE',  ( -147.7715945230688135, 100.1274434226133963, -56.71993612751106895 ) ) ;
#2678 = CARTESIAN_POINT ( 'NONE',  ( -17.99999999999998579, 0.000000000000000000, -6.500000000000007105 ) ) ;
#2679 = CIRCLE ( 'NONE', #1422, 4.000000000000000000 ) ;
#2680 = CARTESIAN_POINT ( 'NONE',  ( -302.3745308049462892, 6436.761195071698239, -36493.61871637175500 ) ) ;
#2681 = DIRECTION ( 'NONE',  ( 1.000000000000000000, -0.000000000000000000, -0.000000000000000000 ) ) ;
#2682 = CARTESIAN_POINT ( 'NONE',  ( -70.47012638213001878, 586.8380631970458126, 3147.130520802914361 ) ) ;
#2683 = CARTESIAN_POINT ( 'NONE',  ( 2.000000000000000000, 10.02302014298398980, 29.87999098596407066 ) ) ;
#2684 = CARTESIAN_POINT ( 'NONE',  ( -611.5804033687008996, 100.5312701812627125, -351.9369441756895753 ) ) ;
#2685 = CARTESIAN_POINT ( 'NONE',  ( -31.81939231166069959, 227.4172453544161954, -1195.498880402223222 ) ) ;
#2686 = ORIENTED_EDGE ( 'NONE', *, *, #794, .F. ) ;
#2687 = CARTESIAN_POINT ( 'NONE',  ( -4829.341758808669510, 2633.025266203971569, -979.3142785363497751 ) ) ;
#2688 = CARTESIAN_POINT ( 'NONE',  ( -2.831341758808668896, -6.232928397656517738, -8.739146975885626389 ) ) ;
#2689 = CARTESIAN_POINT ( 'NONE',  ( -1229.992148496211485, 96452.05634485345217, -558434.3754769405350 ) ) ;
#2690 = FACE_OUTER_BOUND ( 'NONE', #1142, .T. ) ;
#2691 = CARTESIAN_POINT ( 'NONE',  ( -17.09719492139701202, -8.857151675325702911, -10.22645029313047971 ) ) ;
#2692 = CARTESIAN_POINT ( 'NONE',  ( -2.831341758808670672, -37.95530504044511133, -189.3155642151080826 ) ) ;
#2693 = CARTESIAN_POINT ( 'NONE',  ( -70.47012638213001878, 1688.288728658711079, 9572.520431564300452 ) ) ;
#2694 = CARTESIAN_POINT ( 'NONE',  ( 6.831341758808669340, -11.99351413514854769, 57.88437569119325588 ) ) ;
#2695 = CARTESIAN_POINT ( 'NONE',  ( -611.5804033687008996, -3258.478087060691450, 16883.28082048407668 ) ) ;
#2696 = CARTESIAN_POINT ( 'NONE',  ( -31.81939231166069959, -3.221074216107990829, 17.54989474656883175 ) ) ;
#2697 = VERTEX_POINT ( 'NONE', #2482 ) ;
#2698 = CARTESIAN_POINT ( 'NONE',  ( -4829.341758808669510, -126813.9464580119093, 723240.1148569690995 ) ) ;
#2699 = ADVANCED_FACE ( 'NONE', ( #471 ), #1830, .T. ) ;
#2700 = CARTESIAN_POINT ( 'NONE',  ( -2.831341758808668896, -1.615487541659931914, -13.77163699766844651 ) ) ;
#2701 = CARTESIAN_POINT ( 'NONE',  ( -2466.815638751231745, -1408.494657079763556, 235.3266880030441257 ) ) ;
#2702 = CARTESIAN_POINT ( 'NONE',  ( -17.99999999999998579, -7.766201332492603804, 5.394453194279235753 ) ) ;
#2703 = CARTESIAN_POINT ( 'NONE',  ( -57.99999999999997868, -6.570203403242641294, -22.10428593324617097 ) ) ;
#2704 = CARTESIAN_POINT ( 'NONE',  ( 2.000000000000000000, -2.927701166105182828, -3.577419085925838793 ) ) ;
#2705 = DIRECTION ( 'NONE',  ( 0.000000000000000000, 0.000000000000000000, 1.000000000000000000 ) ) ;
#2706 = CARTESIAN_POINT ( 'NONE',  ( -31.81939231166067827, -50.75434665791730993, 151.9234419277109680 ) ) ;
#2707 = CARTESIAN_POINT ( 'NONE',  ( 6.831341758808669340, -0.1496721171989968957, -8.357064320730883011 ) ) ;
#2708 = CARTESIAN_POINT ( 'NONE',  ( -611.5804033687008996, 337.3339433023035667, -131.8097548656331810 ) ) ;
#2709 = CARTESIAN_POINT ( 'NONE',  ( -31.81939231166069959, 11.90626785032495860, 14.37542437455168809 ) ) ;
#2710 = VERTEX_POINT ( 'NONE', #959 ) ;
#2711 = CARTESIAN_POINT ( 'NONE',  ( -4829.341758808669510, -2710.169239323428883, -727.9996009557968364 ) ) ;
#2712 = CARTESIAN_POINT ( 'NONE',  ( -1229.992148496211485, -102.5222719970925169, 703.8887218815684719 ) ) ;
#2713 = LINE ( 'NONE', #727, #857 ) ;
#2714 = PRODUCT_DEFINITION_CONTEXT ( 'detailed design', #1372, 'design' ) ;
#2715 = VECTOR ( 'NONE', #2115, 1000.000000000000000 ) ;
#2716 = CARTESIAN_POINT ( 'NONE',  ( 2.000000000000000000, 3.562302626111383486, -7.500000000000007105 ) ) ;
#2717 = FACE_OUTER_BOUND ( 'NONE', #1348, .T. ) ;
#2718 = MECHANICAL_DESIGN_GEOMETRIC_PRESENTATION_REPRESENTATION (  '', ( #1796 ), #1420 ) ;
#2719 = CARTESIAN_POINT ( 'NONE',  ( 2.000000000000000000, -0.8304416476948242032, -1.912214646601501089 ) ) ;
#2720 = DIRECTION ( 'NONE',  ( 0.000000000000000000, 0.000000000000000000, -1.000000000000000000 ) ) ;
#2721 = CARTESIAN_POINT ( 'NONE',  ( -31.81939231166067827, -32.15825205825731103, 43.44181682519094068 ) ) ;
#2722 = CARTESIAN_POINT ( 'NONE',  ( 6.831341758808669340, -0.06414380676697245542, -8.398497271628562189 ) ) ;
#2723 = CARTESIAN_POINT ( 'NONE',  ( -611.5804033687008996, 48428.98180346967274, 280388.5916297590593 ) ) ;
#2724 = CARTESIAN_POINT ( 'NONE',  ( -611.5804033687013543, 124.1484352732888397, 331.0425243712065821 ) ) ;
#2725 = CARTESIAN_POINT ( 'NONE',  ( -70.47012638213007563, -2160.339013876195622, -12339.25896474409274 ) ) ;
#2726 = CARTESIAN_POINT ( 'NONE',  ( -1229.992148496211485, 1756.849299264362571, -6023.223981829351033 ) ) ;
#2727 = VERTEX_POINT ( 'NONE', #1380 ) ;
#2728 = CARTESIAN_POINT ( 'NONE',  ( -2466.815638751229926, -17682.61837647268112, 94687.91882196407823 ) ) ;
#2729 = SURFACE_SIDE_STYLE ('',( #922 ) ) ;
#2730 = EDGE_LOOP ( 'NONE', ( #484, #2235 ) ) ;
#2731 = DIRECTION ( 'NONE',  ( -1.000000000000000000, 0.000000000000000000, 0.000000000000000000 ) ) ;
#2732 = LINE ( 'NONE', #290, #2258 ) ;
#2733 = CARTESIAN_POINT ( 'NONE',  ( 2.000000000000000000, -0.2091103478553366091, -1.800000000000000488 ) ) ;
#2734 = DIRECTION ( 'NONE',  ( 1.000000000000000000, 0.000000000000000000, 0.000000000000000000 ) ) ;
#2735 = CARTESIAN_POINT ( 'NONE',  ( -31.81939231166067827, -11.90626785032488577, -27.37542437455106636 ) ) ;
#2736 = EDGE_CURVE ( 'NONE', #994, #891, #2713, .T. ) ;
#2737 = CARTESIAN_POINT ( 'NONE',  ( 6.831341758808669340, 0.7377355916350846199, -7.547923216318459971 ) ) ;
#2738 = CARTESIAN_POINT ( 'NONE',  ( -302.3745308049460618, -642.9854526803504768, 2682.220397457340368 ) ) ;
#2739 = CARTESIAN_POINT ( 'NONE',  ( -1229.992148496211485, -2545.976024644034624, -10626.65024428712604 ) ) ;
#2740 = CARTESIAN_POINT ( 'NONE',  ( -12.49402527642601335, 1484.991023365064393, -8597.681352509613134 ) ) ;
#2741 = ORIENTED_EDGE ( 'NONE', *, *, #388, .T. ) ;
#2742 = CARTESIAN_POINT ( 'NONE',  ( -4829.341758808669510, 126813.9464566363167, 723240.1148573579267 ) ) ;
#2743 = CARTESIAN_POINT ( 'NONE',  ( 7.088850564204843607, -214.4792101655366139, -1252.978785585251671 ) ) ;
#2744 = EDGE_LOOP ( 'NONE', ( #2776, #1466, #947, #1555, #1887, #403, #2671, #906, #1860, #135, #1199, #303, #2184 ) ) ;
#2745 = CARTESIAN_POINT ( 'NONE',  ( -20.00160618255931411, -8.122496841223716402, -12.11550276707786367 ) ) ;
#2746 = CARTESIAN_POINT ( 'NONE',  ( -4829.341758808673148, 209863.0834331590740, -1207726.097475743620 ) ) ;
#2747 = CARTESIAN_POINT ( 'NONE',  ( 2.000000000000000000, 5.751194587343984921, -17.95999699532129057 ) ) ;
#2748 = CARTESIAN_POINT ( 'NONE',  ( 5.206327150557209293, -0.2143007585242569513, -3.648826156515789787 ) ) ;
#2749 = CARTESIAN_POINT ( 'NONE',  ( -31.81939231166067827, -25.95955385837066132, 7.281275124350925942 ) ) ;
#2750 = CARTESIAN_POINT ( 'NONE',  ( 7.088850564204843607, -0.07134431837263312259, -8.230355338460988435 ) ) ;
#2751 = EDGE_CURVE ( 'NONE', #375, #133, #2082, .T. ) ;
#2752 = CARTESIAN_POINT ( 'NONE',  ( -302.3745308049460618, 176.8195883496868248, -37.19096153462173504 ) ) ;
#2753 = CARTESIAN_POINT ( 'NONE',  ( -1229.992148496211485, -11226.37000382193401, -61264.33913133196620 ) ) ;
#2754 = CARTESIAN_POINT ( 'NONE',  ( -12.49402527642601335, 501.1706120748297053, -2858.495860360748338 ) ) ;
#2755 = CARTESIAN_POINT ( 'NONE',  ( -1229.992148496211485, 1493.807057471059579, -4488.748561009598234 ) ) ;
#2756 = VERTEX_POINT ( 'NONE', #287 ) ;
#2757 = CARTESIAN_POINT ( 'NONE',  ( -2466.815638751229926, 1583.485234705706489, 772.4931561907026207 ) ) ;
#2758 = CARTESIAN_POINT ( 'NONE',  ( -17.99999999999998579, 40.00000000000000000, -12.01596974572903775 ) ) ;
#2759 = ORIENTED_EDGE ( 'NONE', *, *, #149, .T. ) ;
#2760 = CARTESIAN_POINT ( 'NONE',  ( -16.65108619080059427, -7.737426116466673776, -13.49850938495690755 ) ) ;
#2761 = CARTESIAN_POINT ( 'NONE',  ( -4829.341758808673148, 25309.44571045957127, -131119.4694346336764 ) ) ;
#2762 = CARTESIAN_POINT ( 'NONE',  ( -2.831341758808670672, -388.6126136561616704, -2234.899591654145752 ) ) ;
#2763 = CARTESIAN_POINT ( 'NONE',  ( -302.3745308049462892, 243.4147118254534234, -364.2963754643823222 ) ) ;
#2764 = CARTESIAN_POINT ( 'NONE',  ( 4.964421808285597315, -0.8278150268073202200, -3.788490270994714137 ) ) ;
#2765 = CARTESIAN_POINT ( 'NONE',  ( -31.81939231166067827, 645.8293738409597609, 3623.335445210545913 ) ) ;
#2766 = CIRCLE ( 'NONE', #261, 3.700000000000007283 ) ;
#2767 = CARTESIAN_POINT ( 'NONE',  ( 7.088850564204843607, -300.1947488459388182, 1740.006374065694217 ) ) ;
#2768 = CARTESIAN_POINT ( 'NONE',  ( -302.3745308049460618, 1042.556193525761046, 5013.144419453205956 ) ) ;
#2769 = CARTESIAN_POINT ( 'NONE',  ( -611.5804033687013543, -284.6563274132656147, 215.0990597403219624 ) ) ;
#2770 = CIRCLE ( 'NONE', #1519, 17.50000000000001066 ) ;
#2771 = CARTESIAN_POINT ( 'NONE',  ( -12.49402527642601335, 1906.628342489450688, -11057.33227771626844 ) ) ;
#2772 = CARTESIAN_POINT ( 'NONE',  ( -1229.992148496211485, 248.2327267398106585, 666.6865514707847069 ) ) ;
#2773 = ORIENTED_EDGE ( 'NONE', *, *, #75, .F. ) ;
#2774 = CARTESIAN_POINT ( 'NONE',  ( -4829.341758808669510, 292912.2204053146415, 1692186.080094509292 ) ) ;
#2775 = FACE_OUTER_BOUND ( 'NONE', #1105, .T. ) ;
#2776 = ORIENTED_EDGE ( 'NONE', *, *, #1549, .F. ) ;
#2777 = LINE ( 'NONE', #775, #395 ) ;
#2778 = DIRECTION ( 'NONE',  ( 1.000000000000000000, -0.000000000000000000, 0.000000000000000000 ) ) ;
#2779 = CARTESIAN_POINT ( 'NONE',  ( 6.831341758808671116, -0.2296374123122107425, -4.699573641123225620 ) ) ;
#2780 = CARTESIAN_POINT ( 'NONE',  ( -147.7715945230688135, 122.6967348156200757, -188.3794848134306790 ) ) ;
#2781 = LINE ( 'NONE', #2577, #177 ) ;
#2782 = CARTESIAN_POINT ( 'NONE',  ( -12.49402527642600624, 3.185579329590114472, -19.13934028620847272 ) ) ;
#2783 = CARTESIAN_POINT ( 'NONE',  ( 6.831341758808669340, 4.204259212318103955, 12.44521227998618151 ) ) ;
#2784 = CARTESIAN_POINT ( 'NONE',  ( -302.3745308049460618, 4638.692861180222280, 25991.46061740264486 ) ) ;
#2785 = CARTESIAN_POINT ( 'NONE',  ( -611.5804033687013543, 9201.965418231493459, -51568.03224275703542 ) ) ;
#2786 = CARTESIAN_POINT ( 'NONE',  ( -31.81939231166069959, -394.7820967510717196, -2171.833506324998780 ) ) ;
#2787 = DIRECTION ( 'NONE',  ( 0.000000000000000000, 0.000000000000000000, -1.000000000000000000 ) ) ;
#2788 = CARTESIAN_POINT ( 'NONE',  ( -17.99999999999998579, -23.28316702014088335, -16.41357315611220713 ) ) ;
#2789 = CARTESIAN_POINT ( 'NONE',  ( -2466.815638751229926, 1386.620834876520576, -375.9291685272614245 ) ) ;
#2790 = CARTESIAN_POINT ( 'NONE',  ( 1.999999999999999112, -0.4182178271285886262, -1.822572148370670053 ) ) ;
#2791 = ORIENTED_EDGE ( 'NONE', *, *, #2065, .T. ) ;
#2792 = ADVANCED_FACE ( 'NONE', ( #1807 ), #1172, .T. ) ;
#2793 = CARTESIAN_POINT ( 'NONE',  ( -18.26946315684640254, -7.627172327020813825, -14.00225676675643349 ) ) ;
#2794 = FACE_OUTER_BOUND ( 'NONE', #1871, .T. ) ;
#2795 = CARTESIAN_POINT ( 'NONE',  ( 6.831341758808671116, 0.04539575372971952488, -4.596066290871578808 ) ) ;
#2796 = CARTESIAN_POINT ( 'NONE',  ( -147.7715945230688135, 528.9439798897388982, -2558.251361159983844 ) ) ;
#2797 = CARTESIAN_POINT ( 'NONE',  ( 2.000000000000000000, 2.647010439472067933, -9.826615517221453544 ) ) ;
#2798 = CARTESIAN_POINT ( 'NONE',  ( -12.49402527642600624, 10.08871864096325766, -13.83140495319344687 ) ) ;
#2799 = CARTESIAN_POINT ( 'NONE',  ( 7.088850564204843607, -214.4792101672350384, 1239.978785584226671 ) ) ;
#2800 = CARTESIAN_POINT ( 'NONE',  ( -147.7715945230686998, -224.2585460842512362, 767.8474538997485297 ) ) ;
#2801 = CARTESIAN_POINT ( 'NONE',  ( -12.49402527642601335, 22.27390393355149811, -64.81826629886843705 ) ) ;
#2802 = CARTESIAN_POINT ( 'NONE',  ( -147.7715945230688135, 47.17605504970300245, 71.43050453601473748 ) ) ;
#2803 = CARTESIAN_POINT ( 'NONE',  ( -19.32850532970578783, -8.159277058676586591, -22.99613379512543787 ) ) ;
#2804 = CARTESIAN_POINT ( 'NONE',  ( -16.67148188073961634, -8.159270011977055148, -22.99611059624911746 ) ) ;
#2805 = CARTESIAN_POINT ( 'NONE',  ( -1229.992148496210575, -32532.79158909884791, 185543.8482176693797 ) ) ;
#2806 = VERTEX_POINT ( 'NONE', #513 ) ;
#2807 = CARTESIAN_POINT ( 'NONE',  ( -19.76834896862772339, -7.864504336796507289, -12.98566181655595386 ) ) ;
#2808 = CARTESIAN_POINT ( 'NONE',  ( -2466.815638751231745, 1758.475812335336514, -1806.313000384122461 ) ) ;
#2809 = ADVANCED_FACE ( 'NONE', ( #2690 ), #688, .F. ) ;
#2810 = CARTESIAN_POINT ( 'NONE',  ( 6.831341758808671116, 0.1496721171989453258, -4.642935679269323934 ) ) ;
#2811 = CARTESIAN_POINT ( 'NONE',  ( -22.61905505952017847, -3.562302626111383486, -7.500000000000007105 ) ) ;
#2812 = CARTESIAN_POINT ( 'NONE',  ( 7.088850564204843607, 1.072210576223752598, -4.945868865515354429 ) ) ;
#2813 = VECTOR ( 'NONE', #1891, 1000.000000000000000 ) ;
#2814 = CARTESIAN_POINT ( 'NONE',  ( -147.7715945230686998, 111.4120891188914442, 109.5497104704906377 ) ) ;
#2815 = CARTESIAN_POINT ( 'NONE',  ( -2.831341758808670672, 132.7275506122909405, -742.1761121717827336 ) ) ;
#2816 = CARTESIAN_POINT ( 'NONE',  ( -147.7715945230688135, 56.38595518954352315, 64.90730104652115529 ) ) ;
#2817 = CARTESIAN_POINT ( 'NONE',  ( -19.01047534798920680, -8.237352273413469206, -23.22647525004369840 ) ) ;
#2818 = CARTESIAN_POINT ( 'NONE',  ( -16.77083695495568705, -8.186914083068563386, -23.07869515789823467 ) ) ;
#2819 = CARTESIAN_POINT ( 'NONE',  ( -1229.992148496210575, -201.0171446087982190, -695.4699546422500589 ) ) ;
#2820 = AXIS2_PLACEMENT_3D ( 'NONE', #875, #2443, #1615 ) ;
#2821 = CARTESIAN_POINT ( 'NONE',  ( 1.999999999999999112, 2.158504013145518652, -2.673430710807242594 ) ) ;
#2822 = EDGE_LOOP ( 'NONE', ( #930, #758, #1592, #2126, #2759, #713 ) ) ;
#2823 = CARTESIAN_POINT ( 'NONE',  ( -57.99999999999997868, -5.712568895714291273, 1.339423232082685988 ) ) ;
#2824 = CARTESIAN_POINT ( 'NONE',  ( -4829.341758808673148, -209863.0834331325896, -1207726.097475577146 ) ) ;
#2825 = CARTESIAN_POINT ( 'NONE',  ( 6.831341758808671116, -25.34652257410127163, -148.7800843962694444 ) ) ;
#2826 = CARTESIAN_POINT ( 'NONE',  ( -302.3745308049462892, 112.5422729667748030, 134.5141757341655193 ) ) ;
#2827 = DIRECTION ( 'NONE',  ( 0.000000000000000000, 0.5800843126107878556, 0.8145564377395034805 ) ) ;
#2828 = DIRECTION ( 'NONE',  ( -1.000000000000000000, 0.000000000000000000, 0.000000000000000000 ) ) ;
#2829 = EDGE_CURVE ( 'NONE', #2555, #1787, #736, .T. ) ;
#2830 = CARTESIAN_POINT ( 'NONE',  ( -147.7715945230686998, 1138.314847490446482, 6100.059175680728003 ) ) ;
#2831 = CARTESIAN_POINT ( 'NONE',  ( -12.49402527642601335, -79.53329295042999547, -398.8449351540145358 ) ) ;
#2832 = CARTESIAN_POINT ( 'NONE',  ( -147.7715945230688135, -25.16686436061339194, 81.28718632576517678 ) ) ;
#2833 = CARTESIAN_POINT ( 'NONE',  ( -17.99999999999998934, -7.388234635926401950, -19.49556487584380449 ) ) ;
#2834 = CARTESIAN_POINT ( 'NONE',  ( 2.000000000000000000, -7.887107365185084262, 17.41999399062209264 ) ) ;
#2835 = CARTESIAN_POINT ( 'NONE',  ( -17.73532809001602573, -7.388234635926399285, -19.49556487584380804 ) ) ;
#2836 = CARTESIAN_POINT ( 'NONE',  ( -1229.992148496211030, -673.9301510129384951, -256.0715865149624619 ) ) ;
#2837 = CARTESIAN_POINT ( 'NONE',  ( -70.47012638213007563, 744.1881582695918951, -4078.043365196823288 ) ) ;
#2838 = ORIENTED_EDGE ( 'NONE', *, *, #336, .F. ) ;
#2839 = CARTESIAN_POINT ( 'NONE',  ( -57.99999999999997868, -9.014417667377397692, -6.015969745729036866 ) ) ;
#2840 = CARTESIAN_POINT ( 'NONE',  ( -2466.815638751231745, 1583.485234707549807, -785.4931561905401622 ) ) ;
#2841 = CARTESIAN_POINT ( 'NONE',  ( 2.000000000000000000, -262.0607279261599274, -1513.159636433435253 ) ) ;
#2842 = CARTESIAN_POINT ( 'NONE',  ( -147.7715945230688135, 1443.000281306506167, -7890.463082939728338 ) ) ;
#2843 = FACE_BOUND ( 'NONE', #1131, .T. ) ;
#2844 = LINE ( 'NONE', #2223, #2121 ) ;
#2845 = CARTESIAN_POINT ( 'NONE',  ( -147.7715945230686998, 25.16686436061295851, -94.28718632576874370 ) ) ;
#2846 = CARTESIAN_POINT ( 'NONE',  ( -12.49402527642601335, -1484.991023364771081, -8597.681352507897827 ) ) ;
#2847 = ADVANCED_FACE ( 'NONE', ( #2775 ), #163, .T. ) ;
#2848 = CARTESIAN_POINT ( 'NONE',  ( -2.831341758808668896, 1156.267802783217348, 6700.070030103768659 ) ) ;
#2849 = DIRECTION ( 'NONE',  ( 1.000000000000000000, -0.000000000000000000, -0.000000000000000000 ) ) ;
#2850 = CARTESIAN_POINT ( 'NONE',  ( -1229.992148496210575, 1230.764815672238910, 2941.273140190326558 ) ) ;
#2851 = CARTESIAN_POINT ( 'NONE',  ( -70.47012638213007563, 219.6878413781392112, -1018.333883882309237 ) ) ;
#2852 = ORIENTED_EDGE ( 'NONE', *, *, #57, .F. ) ;
#2853 = CARTESIAN_POINT ( 'NONE',  ( -19.93282408377757520, -6.328930653975962883, -11.48628207470587625 ) ) ;
#2854 = CARTESIAN_POINT ( 'NONE',  ( -12.49402527642600624, -9.308647848301816907, -14.98265750674262087 ) ) ;
#2855 = CARTESIAN_POINT ( 'NONE',  ( -4829.341758808673148, -99130.90079952703672, -561762.1206510002958 ) ) ;
#2856 = CARTESIAN_POINT ( 'NONE',  ( 7.088850564204843607, 0.7194717339243188459, -5.996404432912528115 ) ) ;
#2857 = PLANE ( 'NONE',  #2358 ) ;
#2858 = CARTESIAN_POINT ( 'NONE',  ( 7.088850564204843607, 100.1918252623648442, 573.2753342762546254 ) ) ;
#2859 = CARTESIAN_POINT ( 'NONE',  ( -147.7715945230686998, 3271.112884108291837, 18541.88652650198856 ) ) ;
#2860 = CARTESIAN_POINT ( 'NONE',  ( -2.831341758808670672, 9.523631368901279259, -23.45739982816352764 ) ) ;
#2861 = CARTESIAN_POINT ( 'NONE',  ( 2.000000000000000000, -3.526285443776865591, -8.019166541471301812 ) ) ;
#2862 = AXIS2_PLACEMENT_3D ( 'NONE', #1325, #252, #41 ) ;
#2863 = CARTESIAN_POINT ( 'NONE',  ( 2.328675344134521374, 3.390224000251019554, -5.310239201587953595 ) ) ;
#2864 = CARTESIAN_POINT ( 'NONE',  ( -1229.992148496210575, -25430.65106067564193, 144113.0118555519148 ) ) ;
#2865 = CARTESIAN_POINT ( 'NONE',  ( -147.7715945230688135, -122.6967348156151019, -188.3794848134018878 ) ) ;
#2866 = VERTEX_POINT ( 'NONE', #789 ) ;
#2867 = CARTESIAN_POINT ( 'NONE',  ( -18.16149491333035826, -5.899016427974867582, -19.49556487584380449 ) ) ;
#2868 = EDGE_CURVE ( 'NONE', #2053, #2015, #150, .T. ) ;
#2869 = CARTESIAN_POINT ( 'NONE',  ( -12.49402527642600624, 501.1706120715248858, 2845.495860361027553 ) ) ;
#2870 = CARTESIAN_POINT ( 'NONE',  ( -2466.815638751231745, 2983.409855729824812, -8952.051909739207986 ) ) ;
#2871 = CARTESIAN_POINT ( 'NONE',  ( 7.088850564204843607, 385.9102875217556630, -2253.033962550022352 ) ) ;
#2872 = CARTESIAN_POINT ( 'NONE',  ( 4.458923415956761005, -1.525198102042039983, -8.919660096119230275 ) ) ;
ENDSEC;
END-ISO-10303-21;
