ISO-10303-21;
HEADER;
FILE_DESCRIPTION (( 'STEP AP214' ),
    '1' );
FILE_NAME ('screw - ¸±±¾ (2).STEP',
    '2026-08-03T04:32:09',
    ( '' ),
    ( '' ),
    'SwSTEP 2.0',
    'SolidWorks 2023',
    '' );
FILE_SCHEMA (( 'AUTOMOTIVE_DESIGN' ));
ENDSEC;

DATA;
#1 = CARTESIAN_POINT ( 'NONE',  ( -5.802370223194311727, -0.8249999966100253213, 4.150000030897321501 ) ) ;
#2 = ORIENTED_EDGE ( 'NONE', *, *, #794, .F. ) ;
#3 = CARTESIAN_POINT ( 'NONE',  ( -3.350000030897316350, 5.825000003389972925, 1.697629812482836176 ) ) ;
#4 = CARTESIAN_POINT ( 'NONE',  ( 6.700000000000009059, -2.491666663276692173, 7.499999964322844548 ) ) ;
#5 = CARTESIAN_POINT ( 'NONE',  ( -5.802370223194311727, 2.158333336723305518, 4.150000030897321501 ) ) ;
#6 = CARTESIAN_POINT ( 'NONE',  ( -4.904740384593981872, -7.991666663276691729, 12.40474043682896976 ) ) ;
#7 = CARTESIAN_POINT ( 'NONE',  ( -4.799999993151278233, -2.133333329943360557, 8.786156149229150003 ) ) ;
#8 = CARTESIAN_POINT ( 'NONE',  ( 4.904740384593996083, -7.008333329943360113, 2.595259563171031569 ) ) ;
#9 = CARTESIAN_POINT ( 'NONE',  ( -6.699999999999994849, 10.49166667005663811, 7.500000035677153676 ) ) ;
#10 = CARTESIAN_POINT ( 'NONE',  ( 6.938893903907228378E-15, -10.29999999661002796, 7.500000000000000000 ) ) ;
#11 = LINE ( 'NONE', #494, #289 ) ;
#12 = EDGE_LOOP ( 'NONE', ( #1076, #1458, #1775, #427 ) ) ;
#13 = CARTESIAN_POINT ( 'NONE',  ( 1.795259553611374903, 5.325000003389972036, 0.7999999904403329865 ) ) ;
#14 = CARTESIAN_POINT ( 'NONE',  ( -3.567714741084677945E-08, -5.491666663276689953, 0.7999999999999977129 ) ) ;
#15 = CARTESIAN_POINT ( 'NONE',  ( -3.567714741084677945E-08, 1.491666670056639443, 0.7999999999999977129 ) ) ;
#16 =( NAMED_UNIT ( * ) PLANE_ANGLE_UNIT ( ) SI_UNIT ( $, .RADIAN. ) );
#17 = DIRECTION ( 'NONE',  ( 0.000000000000000000, 0.000000000000000000, 1.000000000000000000 ) ) ;
#18 = CARTESIAN_POINT ( 'NONE',  ( -2.329922914888643337, -4.999999999999998224, 1.836801166478864822 ) ) ;
#19 = CARTESIAN_POINT ( 'NONE',  ( -4.156921950945177358, 9.366666670056639887, 5.100000022135394495 ) ) ;
#20 = CARTESIAN_POINT ( 'NONE',  ( -3.513843895041643517, 3.800000003389974790, 3.986156142380426370 ) ) ;
#21 = CARTESIAN_POINT ( 'NONE',  ( 6.753259929040523097E-15, 5.133333333411146171, 12.69999999999999574 ) ) ;
#22 = AXIS2_PLACEMENT_3D ( 'NONE', #1345, #1971, #1024 ) ;
#23 = ORIENTED_EDGE ( 'NONE', *, *, #1967, .T. ) ;
#24 = CARTESIAN_POINT ( 'NONE',  ( -6.699999990440328901, 6.658333336723305074, 9.295259624965680700 ) ) ;
#25 = CARTESIAN_POINT ( 'NONE',  ( -3.349999969102668285, -8.841666663276695814, 13.30237022319431972 ) ) ;
#26 = CARTESIAN_POINT ( 'NONE',  ( 3.349999969102685160, -1.824999996610024322, 1.697629776805681390 ) ) ;
#27 = CARTESIAN_POINT ( 'NONE',  ( -4.904740384593981872, 2.991666670056638555, 12.40474043682896976 ) ) ;
#28 = FACE_OUTER_BOUND ( 'NONE', #1970, .T. ) ;
#29 = CARTESIAN_POINT ( 'NONE',  ( 5.802370187517169597, 8.825000003389972036, 4.149999969102674768 ) ) ;
#30 = DIRECTION ( 'NONE',  ( 0.000000000000000000, 0.000000000000000000, 1.000000000000000000 ) ) ;
#31 = ADVANCED_FACE ( 'NONE', ( #1522 ), #116, .T. ) ;
#32 = EDGE_CURVE ( 'NONE', #995, #1402, #1628, .T. ) ;
#33 = CARTESIAN_POINT ( 'NONE',  ( 7.761344249178727204E-15, 7.133333333411145283, 2.299999999999999822 ) ) ;
#34 = ORIENTED_EDGE ( 'NONE', *, *, #1579, .T. ) ;
#35 = CARTESIAN_POINT ( 'NONE',  ( -5.802370223194311727, -1.841666663276694482, 4.150000030897321501 ) ) ;
#36 = CARTESIAN_POINT ( 'NONE',  ( 3.350000030897332337, -4.174999996610027964, 13.30237018751716249 ) ) ;
#37 = CARTESIAN_POINT ( 'NONE',  ( 1.795259553611374903, -5.658333329943358692, 0.7999999904403329865 ) ) ;
#38 = CARTESIAN_POINT ( 'NONE',  ( 6.938893903907228378E-15, -10.29999999661002796, 7.500000000000000000 ) ) ;
#39 = DIRECTION ( 'NONE',  ( 1.000000000000000000, 0.000000000000000000, 0.000000000000000000 ) ) ;
#40 = CARTESIAN_POINT ( 'NONE',  ( -1.795259553611358028, -8.674999996610026187, 14.20000000955966790 ) ) ;
#41 = CARTESIAN_POINT ( 'NONE',  ( -1.579939140414601040, -4.999999999999999112, 1.776783135614200759 ) ) ;
#42 = CARTESIAN_POINT ( 'NONE',  ( 6.753259929040523097E-15, 9.133333333411142618, 12.69999999999999574 ) ) ;
#43 = CARTESIAN_POINT ( 'NONE',  ( -4.800000006848710754, 0.1333333367233083266, 6.213843901890364840 ) ) ;
#44 = FACE_OUTER_BOUND ( 'NONE', #378, .T. ) ;
#45 = CARTESIAN_POINT ( 'NONE',  ( -3.350000030897316350, 9.825000003389972036, 1.697629812482836176 ) ) ;
#46 = ORIENTED_EDGE ( 'NONE', *, *, #337, .F. ) ;
#47 = CARTESIAN_POINT ( 'NONE',  ( -6.699999999999994849, -0.4916666632766922285, 7.500000035677153676 ) ) ;
#48 = CARTESIAN_POINT ( 'NONE',  ( 6.938893903907228378E-15, -10.29999999661002796, 7.500000000000000000 ) ) ;
#49 = DIRECTION ( 'NONE',  ( 0.000000000000000000, 0.000000000000000000, 1.000000000000000000 ) ) ;
#50 = CARTESIAN_POINT ( 'NONE',  ( 4.799999993151293332, -4.133333329943361001, 6.213843850770855326 ) ) ;
#51 = CARTESIAN_POINT ( 'NONE',  ( 6.753259836952056465E-15, -1.133333333255524433, 12.69999999999999574 ) ) ;
#52 = CARTESIAN_POINT ( 'NONE',  ( -6.699999999999994849, 6.491666670056638999, 7.500000035677153676 ) ) ;
#53 = CARTESIAN_POINT ( 'NONE',  ( 3.513843857619580291, -1.199999996610025654, 3.986156104958348934 ) ) ;
#54 = CARTESIAN_POINT ( 'NONE',  ( -5.199999999999993072, -10.29999999661002796, 7.500000027689733173 ) ) ;
#55 = CARTESIAN_POINT ( 'NONE',  ( 4.799999993151293332, -8.133333329943358336, 6.213843850770855326 ) ) ;
#56 = EDGE_LOOP ( 'NONE', ( #626, #34, #1813, #1255, #314, #291, #795, #328, #270, #922, #1923 ) ) ;
#57 = CARTESIAN_POINT ( 'NONE',  ( -3.567714741084677945E-08, -6.508333329943359225, 0.7999999999999977129 ) ) ;
#58 = ADVANCED_FACE ( 'NONE', ( #763 ), #1850, .T. ) ;
#59 = DIRECTION ( 'NONE',  ( -0.9230769230769231282, 0.3846153846153844702, 4.915336019448057697E-09 ) ) ;
#60 = AXIS2_PLACEMENT_3D ( 'NONE', #630, #1758, #320 ) ;
#61 = CARTESIAN_POINT ( 'NONE',  ( -3.513843895041643517, 1.200000003389973813, 3.986156142380426370 ) ) ;
#62 = CARTESIAN_POINT ( 'NONE',  ( 5.802370187517169597, 0.8250000033899717033, 4.149999969102674768 ) ) ;
#63 = CARTESIAN_POINT ( 'NONE',  ( 3.513843895041659948, -2.199999996610025210, 11.01384385761957141 ) ) ;
#64 = CARTESIAN_POINT ( 'NONE',  ( 2.599999976019994108, 10.80000000338997523, 2.996667886476052090 ) ) ;
#65 = CARTESIAN_POINT ( 'NONE',  ( 1.795259553611374903, 9.325000003389968484, 0.7999999904403329865 ) ) ;
#66 = ORIENTED_EDGE ( 'NONE', *, *, #1061, .F. ) ;
#67 = CARTESIAN_POINT ( 'NONE',  ( -6.700000009559659908, 11.34166667005664131, 5.704740446388631092 ) ) ;
#68 = CARTESIAN_POINT ( 'NONE',  ( 2.399999977864610834, 10.96666667005663953, 3.343078049054815093 ) ) ;
#69 = CARTESIAN_POINT ( 'NONE',  ( 4.503332085834220067, 8.200000003389972036, 4.899999976019985937 ) ) ;
#70 = CARTESIAN_POINT ( 'NONE',  ( -3.513843857619565636, -1.799999996610027297, 11.01384389504164751 ) ) ;
#71 = CARTESIAN_POINT ( 'NONE',  ( 3.806664219628462131, -2.366666663276690397, 11.30666417908786592 ) ) ;
#72 = CARTESIAN_POINT ( 'NONE',  ( 5.802370223194325050, 4.158333336723305962, 10.84999996910267761 ) ) ;
#73 = CARTESIAN_POINT ( 'NONE',  ( 1.795259624965688472, -3.324999996610023434, 14.19999999044033423 ) ) ;
#74 = CARTESIAN_POINT ( 'NONE',  ( -4.156921925385422156, -7.366666663276691729, 9.900000022135397870 ) ) ;
#75 = CARTESIAN_POINT ( 'NONE',  ( -1.795259624965670708, 9.658333336723304186, 0.8000000095596632166 ) ) ;
#76 = ORIENTED_EDGE ( 'NONE', *, *, #678, .T. ) ;
#77 = CARTESIAN_POINT ( 'NONE',  ( -5.519999991864061428, -10.00000000000000000, 7.500000029393715906 ) ) ;
#78 = CARTESIAN_POINT ( 'NONE',  ( -2.400000022135390765, 11.63333333672330738, 3.343078074614569850 ) ) ;
#79 = CARTESIAN_POINT ( 'NONE',  ( 7.761344249178727204E-15, 0.8666666667444756778, 2.299999999999999822 ) ) ;
#80 = CARTESIAN_POINT ( 'NONE',  ( -4.799999999999995381, 1.700000003389972481, 7.500000025559753425 ) ) ;
#81 = CARTESIAN_POINT ( 'NONE',  ( -6.699999999999994849, 10.49166667005663811, 7.500000035677153676 ) ) ;
#82 = CARTESIAN_POINT ( 'NONE',  ( 4.904740384593996083, 0.9916666700566389991, 2.595259563171031569 ) ) ;
#83 = CARTESIAN_POINT ( 'NONE',  ( 3.350000030897332337, 4.841666670056642197, 13.30237018751716249 ) ) ;
#84 = CARTESIAN_POINT ( 'NONE',  ( 6.938893903907228378E-15, -10.00000000000000000, 7.500000000000000000 ) ) ;
#85 = CARTESIAN_POINT ( 'NONE',  ( 6.699999990440342224, 8.658333336723304186, 5.704740375034321076 ) ) ;
#86 = LINE ( 'NONE', #1987, #385 ) ;
#87 = DIRECTION ( 'NONE',  ( 0.000000000000000000, 0.000000000000000000, 1.000000000000000000 ) ) ;
#88 = AXIS2_PLACEMENT_3D ( 'NONE', #1197, #1708, #1699 ) ;
#89 = CARTESIAN_POINT ( 'NONE',  ( -2.399999977864594847, -1.633333329943359891, 11.65692195094518624 ) ) ;
#90 = CARTESIAN_POINT ( 'NONE',  ( -1.795259624965670708, 5.658333336723305074, 0.8000000095596632166 ) ) ;
#91 = CARTESIAN_POINT ( 'NONE',  ( -4.503332085834205856, 6.200000003389971148, 10.10000002398001406 ) ) ;
#92 = CARTESIAN_POINT ( 'NONE',  ( -5.802370187517154498, -1.174999996610026631, 10.85000003089732523 ) ) ;
#93 = CARTESIAN_POINT ( 'NONE',  ( -1.795259553611358028, 0.3416666700566413084, 14.20000000955966790 ) ) ;
#94 = FACE_OUTER_BOUND ( 'NONE', #56, .T. ) ;
#95 = ADVANCED_FACE ( 'NONE', ( #1366 ), #1344, .T. ) ;
#96 = CARTESIAN_POINT ( 'NONE',  ( 5.802370187517169597, 4.825000003389972925, 4.149999969102674768 ) ) ;
#97 = ORIENTED_EDGE ( 'NONE', *, *, #1456, .T. ) ;
#98 = CARTESIAN_POINT ( 'NONE',  ( -1.795259553611358250, 8.341666670056641308, 14.20000000955966790 ) ) ;
#99 = FACE_OUTER_BOUND ( 'NONE', #1378, .T. ) ;
#100 = CARTESIAN_POINT ( 'NONE',  ( -5.802370223194311727, 10.15833333672330596, 4.150000030897321501 ) ) ;
#101 = CARTESIAN_POINT ( 'NONE',  ( -6.699999999999994849, -5.508333329943361889, 7.500000035677153676 ) ) ;
#102 = CARTESIAN_POINT ( 'NONE',  ( -6.699999999999994849, -4.491666663276692617, 7.500000035677153676 ) ) ;
#103 = CARTESIAN_POINT ( 'NONE',  ( 4.800000006848724077, 3.533333336723305962, 8.786156098109632495 ) ) ;
#104 = CARTESIAN_POINT ( 'NONE',  ( -4.800000006848710754, 9.533333336723304186, 6.213843901890364840 ) ) ;
#105 = CARTESIAN_POINT ( 'NONE',  ( 6.753259836952056465E-15, 1.133333333411145949, 12.69999999999999574 ) ) ;
#106 = ORIENTED_EDGE ( 'NONE', *, *, #771, .T. ) ;
#107 = CARTESIAN_POINT ( 'NONE',  ( 7.761344342882780970E-15, -3.133333333255523545, 2.299999999999999822 ) ) ;
#108 = ORIENTED_EDGE ( 'NONE', *, *, #1579, .F. ) ;
#109 = CARTESIAN_POINT ( 'NONE',  ( 4.156921950945192457, -8.633333329943360113, 9.899999977864602840 ) ) ;
#110 = CARTESIAN_POINT ( 'NONE',  ( -5.802370187517154498, 6.825000003389972036, 10.85000003089732523 ) ) ;
#111 = CARTESIAN_POINT ( 'NONE',  ( 5.802370223194325050, 9.175000003389975234, 10.84999996910267761 ) ) ;
#112 = CARTESIAN_POINT ( 'NONE',  ( -6.700000009559659908, -5.674999996610027964, 5.704740446388631092 ) ) ;
#113 = CARTESIAN_POINT ( 'NONE',  ( -4.904740436828961769, -0.9916666632766909517, 2.595259615406009690 ) ) ;
#114 = CARTESIAN_POINT ( 'NONE',  ( -1.286156098109626278, 2.533333336723306406, 12.30000000684871786 ) ) ;
#115 = CARTESIAN_POINT ( 'NONE',  ( 1.286156098109642265, 8.533333336723304186, 2.699999993151282585 ) ) ;
#116 = CYLINDRICAL_SURFACE ( 'NONE', #1277, 6.999999999999999112 ) ;
#117 = CARTESIAN_POINT ( 'NONE',  ( 4.904740436828977757, 1.008333336723309159, 12.40474038459398365 ) ) ;
#118 = CARTESIAN_POINT ( 'NONE',  ( -2.824077358098866952, -4.999999999999999112, 13.06897721304967774 ) ) ;
#119 = CARTESIAN_POINT ( 'NONE',  ( 4.800000000000008704, -4.299999996610027964, 7.499999974440244799 ) ) ;
#120 = ADVANCED_FACE ( 'NONE', ( #1040 ), #2026, .T. ) ;
#121 = CARTESIAN_POINT ( 'NONE',  ( 3.567716210914794541E-08, 7.491666670056638999, 14.20000000000000107 ) ) ;
#122 = FACE_OUTER_BOUND ( 'NONE', #1903, .T. ) ;
#123 = CARTESIAN_POINT ( 'NONE',  ( 3.350000030897332337, -4.174999996610027964, 13.30237018751716249 ) ) ;
#124 = CARTESIAN_POINT ( 'NONE',  ( 6.938893903907228378E-15, -10.00000000000000000, 7.500000000000000000 ) ) ;
#125 = CARTESIAN_POINT ( 'NONE',  ( 4.799999993151293332, 7.866666670056639887, 6.213843850770855326 ) ) ;
#126 = CARTESIAN_POINT ( 'NONE',  ( -4.800000006848710754, 1.533333336723306850, 6.213843901890364840 ) ) ;
#127 = CIRCLE ( 'NONE', #1111, 5.200000000000000178 ) ;
#128 = CARTESIAN_POINT ( 'NONE',  ( -1.286156098109626278, 5.133333336723308271, 12.30000000684871786 ) ) ;
#129 = EDGE_LOOP ( 'NONE', ( #1783, #1414, #161, #1369 ) ) ;
#130 = CARTESIAN_POINT ( 'NONE',  ( 6.700000009559674119, -2.658333329943357359, 9.295259553611364467 ) ) ;
#131 = DIRECTION ( 'NONE',  ( 0.000000000000000000, 1.000000000000000000, 0.000000000000000000 ) ) ;
#132 = CARTESIAN_POINT ( 'NONE',  ( -2.555974732114141868E-08, -7.299999996610025299, 2.699999999999997513 ) ) ;
#133 = CARTESIAN_POINT ( 'NONE',  ( 1.795259553611374903, 2.341666670056640864, 0.7999999904403329865 ) ) ;
#134 = CARTESIAN_POINT ( 'NONE',  ( 6.700000009559674119, -7.674999996610029740, 9.295259553611364467 ) ) ;
#135 = CARTESIAN_POINT ( 'NONE',  ( -6.699999999999994849, 10.49166667005663811, 7.500000035677153676 ) ) ;
#136 = CARTESIAN_POINT ( 'NONE',  ( -2.400000022135390765, 5.033333336723306850, 3.343078074614569850 ) ) ;
#137 = PRODUCT_DEFINITION ( 'General', '', #722, #1599 ) ;
#138 = CARTESIAN_POINT ( 'NONE',  ( 4.503332085834220067, -3.799999996610027075, 4.899999976019985937 ) ) ;
#139 = CARTESIAN_POINT ( 'NONE',  ( -3.350000030897316350, 2.841666670056641752, 1.697629812482836176 ) ) ;
#140 = ORIENTED_EDGE ( 'NONE', *, *, #729, .T. ) ;
#141 = CARTESIAN_POINT ( 'NONE',  ( -3.513843857619565636, -5.799999996610025299, 11.01384389504164751 ) ) ;
#142 = CARTESIAN_POINT ( 'NONE',  ( -3.350000030897316350, 2.841666670056641752, 1.697629812482836176 ) ) ;
#143 = CARTESIAN_POINT ( 'NONE',  ( 3.567716210914794541E-08, -4.508333329943361001, 14.20000000000000107 ) ) ;
#144 = CARTESIAN_POINT ( 'NONE',  ( -6.477905189421507615, -4.999999999999999112, 9.268122527313943593 ) ) ;
#145 = CARTESIAN_POINT ( 'NONE',  ( -3.513843895041643517, 5.200000003389973813, 3.986156142380426370 ) ) ;
#146 = CARTESIAN_POINT ( 'NONE',  ( -3.513843857619565636, 2.200000003389972925, 11.01384389504164751 ) ) ;
#147 = CARTESIAN_POINT ( 'NONE',  ( -6.700000009559659908, 7.341666670056641308, 5.704740446388631092 ) ) ;
#148 = CARTESIAN_POINT ( 'NONE',  ( 4.156921950945192457, 9.966666670056641308, 9.899999977864602840 ) ) ;
#149 = EDGE_CURVE ( 'NONE', #963, #180, #86, .T. ) ;
#150 = CARTESIAN_POINT ( 'NONE',  ( -4.675909462422872309, -5.000000000000002665, 2.701472027879360915 ) ) ;
#151 = ORIENTED_EDGE ( 'NONE', *, *, #1104, .T. ) ;
#152 = CARTESIAN_POINT ( 'NONE',  ( -3.349999969102668285, 3.158333336723305518, 13.30237022319431972 ) ) ;
#153 = CARTESIAN_POINT ( 'NONE',  ( -5.802370187517154498, 3.841666670056641752, 10.85000003089732523 ) ) ;
#154 = CARTESIAN_POINT ( 'NONE',  ( 4.904740384593996083, -3.008333329943360113, 2.595259563171031569 ) ) ;
#155 =( BOUNDED_CURVE ( )  B_SPLINE_CURVE ( 2, ( #1984, #226, #1192, #71, #1527, #537, #1481, #1682, #255, #1047, #1160, #420, #1514 ),
 .UNSPECIFIED., .F., .F. ) 
 B_SPLINE_CURVE_WITH_KNOTS ( ( 3, 2, 2, 2, 2, 2, 3 ),
 ( 0.2499999998285498126, 0.2666666666666667185, 0.2833333333333333259, 0.3000000000000000444, 0.3166666666666666519, 0.3333333333333333703, 0.3499999998285497904 ),
 .UNSPECIFIED. ) 
 CURVE ( )  GEOMETRIC_REPRESENTATION_ITEM ( )  RATIONAL_B_SPLINE_CURVE ( ( 1.000000000000000000, 0.9659258262890683122, 1.000000000000000000, 0.9659258262890683122, 1.000000000000000000, 0.9659258262890683122, 1.000000000000000000, 0.9659258262890683122, 1.000000000000000000, 0.9659258262890683122, 1.000000000000000000, 0.9659258262890683122, 1.000000000000000000 ) ) 
 REPRESENTATION_ITEM ( '' )  );
#156 = CARTESIAN_POINT ( 'NONE',  ( 6.938893939397949553E-15, -10.00000000000000000, 7.500000000000007105 ) ) ;
#157 = CARTESIAN_POINT ( 'NONE',  ( -4.799999999999995381, 5.700000003389972925, 7.500000025559753425 ) ) ;
#158 = CARTESIAN_POINT ( 'NONE',  ( -3.567714741084677945E-08, -2.508333329943360557, 0.7999999999999977129 ) ) ;
#159 = VECTOR ( 'NONE', #1201, 1000.000000000000000 ) ;
#160 = CARTESIAN_POINT ( 'NONE',  ( -4.904740436828961769, -0.9916666632766909517, 2.595259615406009690 ) ) ;
#161 = ORIENTED_EDGE ( 'NONE', *, *, #1858, .F. ) ;
#162 = CARTESIAN_POINT ( 'NONE',  ( 4.904740384593996083, 4.991666670056637223, 2.595259563171031569 ) ) ;
#163 = CARTESIAN_POINT ( 'NONE',  ( 1.795259624965688472, 3.658333336723305518, 14.19999999044033601 ) ) ;
#164 = CARTESIAN_POINT ( 'NONE',  ( -6.699999999999994849, -8.491666663276692617, 7.500000035677153676 ) ) ;
#165 = CARTESIAN_POINT ( 'NONE',  ( -5.802370187517154498, -1.174999996610026631, 10.85000003089732523 ) ) ;
#166 = DIRECTION ( 'NONE',  ( 0.9230769230769231282, 0.3846153846153844702, -4.915336019448057697E-09 ) ) ;
#167 = CARTESIAN_POINT ( 'NONE',  ( 2.555976178675968927E-08, 6.700000003389972925, 12.30000000000000249 ) ) ;
#168 = CARTESIAN_POINT ( 'NONE',  ( 5.802370223194325050, -3.841666663276694482, 10.84999996910267761 ) ) ;
#169 = CARTESIAN_POINT ( 'NONE',  ( 3.806664219628461687, -0.6333333299433605568, 11.30666417908786592 ) ) ;
#170 = CARTESIAN_POINT ( 'NONE',  ( 2.555976178675968927E-08, 5.300000003389974346, 12.30000000000000249 ) ) ;
#171 = CARTESIAN_POINT ( 'NONE',  ( -1.795259624965670708, 1.658333336723305074, 0.8000000095596632166 ) ) ;
#172 = CARTESIAN_POINT ( 'NONE',  ( -3.806664179087862365, 4.633333336723309159, 11.30666421962845192 ) ) ;
#173 = ORIENTED_EDGE ( 'NONE', *, *, #851, .T. ) ;
#174 = CARTESIAN_POINT ( 'NONE',  ( 4.904740384593996083, 0.9916666700566389991, 2.595259563171031569 ) ) ;
#175 = CARTESIAN_POINT ( 'NONE',  ( -1.795259553611358028, -3.658333329943358248, 14.20000000955966790 ) ) ;
#176 = CARTESIAN_POINT ( 'NONE',  ( 6.699999990440342224, -3.341666663276694038, 5.704740375034321076 ) ) ;
#177 = DIRECTION ( 'NONE',  ( 0.000000000000000000, 0.000000000000000000, 1.000000000000000000 ) ) ;
#178 = CARTESIAN_POINT ( 'NONE',  ( -3.567714741084677945E-08, 9.491666670056638111, 0.7999999999999977129 ) ) ;
#179 = CARTESIAN_POINT ( 'NONE',  ( -2.400000022135390765, 3.633333336723307827, 3.343078074614569850 ) ) ;
#180 = VERTEX_POINT ( 'NONE', #1083 ) ;
#181 = CARTESIAN_POINT ( 'NONE',  ( -3.349999969102668285, -0.8416666632766935940, 13.30237022319431972 ) ) ;
#182 = CARTESIAN_POINT ( 'NONE',  ( 3.350000030897332337, -8.174999996610026187, 13.30237018751716249 ) ) ;
#183 = CARTESIAN_POINT ( 'NONE',  ( 3.350000030897332337, 0.8416666700566417525, 13.30237018751716249 ) ) ;
#184 = CARTESIAN_POINT ( 'NONE',  ( 1.795259624965688472, -0.3416666632766948153, 14.19999999044033601 ) ) ;
#185 = EDGE_CURVE ( 'NONE', #1062, #637, #310, .T. ) ;
#186 = CARTESIAN_POINT ( 'NONE',  ( 6.700000009559674119, -7.674999996610029740, 9.295259553611364467 ) ) ;
#187 = CARTESIAN_POINT ( 'NONE',  ( -4.503332113523940805, 7.800000003389975234, 4.900000023980012109 ) ) ;
#188 = EDGE_CURVE ( 'NONE', #524, #858, #949, .T. ) ;
#189 = CARTESIAN_POINT ( 'NONE',  ( 1.286156098109642265, -4.866666663276692617, 2.699999993151282585 ) ) ;
#190 = LINE ( 'NONE', #201, #1983 ) ;
#191 = VECTOR ( 'NONE', #1187, 1000.000000000000000 ) ;
#192 = AXIS2_PLACEMENT_3D ( 'NONE', #1898, #1089, #1748 ) ;
#193 = ORIENTED_EDGE ( 'NONE', *, *, #1307, .T. ) ;
#194 = CARTESIAN_POINT ( 'NONE',  ( -3.349999969102668285, 7.158333336723305962, 13.30237022319431972 ) ) ;
#195 = CARTESIAN_POINT ( 'NONE',  ( 4.904740436828977757, -8.008333329943360113, 12.40474038459398365 ) ) ;
#196 = CARTESIAN_POINT ( 'NONE',  ( 4.904740436828977757, 1.008333336723309159, 12.40474038459398365 ) ) ;
#197 = CARTESIAN_POINT ( 'NONE',  ( -4.904740384593981872, -1.008333329943361001, 12.40474043682896976 ) ) ;
#198 = CARTESIAN_POINT ( 'NONE',  ( 4.904740436828977757, -8.008333329943360113, 12.40474038459398365 ) ) ;
#199 = CARTESIAN_POINT ( 'NONE',  ( -4.156921925385422156, 0.6333333367233087152, 9.900000022135397870 ) ) ;
#200 = B_SPLINE_CURVE_WITH_KNOTS ( 'NONE', 3,
 ( #799, #469, #761, #1260, #1057, #1563, #1875, #1736, #1384, #1250, #1099, #936, #1576, #144, #1714, #780, #1068, #1080, #1406, #2041 ),
 .UNSPECIFIED., .F., .F.,
 ( 4, 2, 2, 2, 2, 2, 2, 2, 2, 4 ),
 ( 0.000000000000000000, 0.001332777295113485349, 0.002665554590226969396, 0.003998331885340453661, 0.005331109180453937925, 0.005997497828010680057, 0.006663886475567423924, 0.007996663770680907321, 0.009329441065794391585, 0.01066221836090787585 ),
 .UNSPECIFIED. ) ;
#201 = CARTESIAN_POINT ( 'NONE',  ( 6.938893903907228378E-15, -10.29999999661002796, 12.69999999999999929 ) ) ;
#202 = ORIENTED_EDGE ( 'NONE', *, *, #916, .F. ) ;
#203 = CARTESIAN_POINT ( 'NONE',  ( 1.795259624965688472, -7.324999996610025654, 14.19999999044033423 ) ) ;
#204 = CARTESIAN_POINT ( 'NONE',  ( -3.806664219628446144, 1.366666670056638999, 3.693335820912129197 ) ) ;
#205 = CARTESIAN_POINT ( 'NONE',  ( 2.555976178675968927E-08, -5.299999996610027075, 12.30000000000000249 ) ) ;
#206 = CARTESIAN_POINT ( 'NONE',  ( 7.796146663310375992E-15, -5.000000000000000000, 0.4999999999999995559 ) ) ;
#207 = CARTESIAN_POINT ( 'NONE',  ( -6.699999990440328901, -1.341666663276693816, 9.295259624965680700 ) ) ;
#208 = CARTESIAN_POINT ( 'NONE',  ( 4.799999993151293332, 2.466666670056641308, 6.213843850770855326 ) ) ;
#209 = ADVANCED_FACE ( 'NONE', ( #429, #262 ), #605, .T. ) ;
#210 = CARTESIAN_POINT ( 'NONE',  ( -4.503332113523940805, 3.800000003389975234, 4.900000023980012109 ) ) ;
#211 = EDGE_LOOP ( 'NONE', ( #1666, #1678, #46, #1072 ) ) ;
#212 = CARTESIAN_POINT ( 'NONE',  ( 4.156921925385436367, 10.63333333672330738, 5.099999977864601242 ) ) ;
#213 = CARTESIAN_POINT ( 'NONE',  ( 1.393335828331581761, 7.033333336723304186, 12.69999999258055468 ) ) ;
#214 = FACE_OUTER_BOUND ( 'NONE', #2005, .T. ) ;
#215 = CARTESIAN_POINT ( 'NONE',  ( 3.513843857619580291, -3.799999996610027075, 3.986156104958348934 ) ) ;
#216 = CARTESIAN_POINT ( 'NONE',  ( 3.513843895041659948, 1.800000003389975456, 11.01384385761957141 ) ) ;
#217 = CARTESIAN_POINT ( 'NONE',  ( 5.200000007419448345, 9.966666670056639532, 8.893335772952100982 ) ) ;
#218 = CARTESIAN_POINT ( 'NONE',  ( 0.6301884031505597950, -5.000000000000000888, 2.189405628280312488 ) ) ;
#219 = CARTESIAN_POINT ( 'NONE',  ( 3.513843895041659948, -8.799999996610027964, 11.01384385761957141 ) ) ;
#220 = ORIENTED_EDGE ( 'NONE', *, *, #1387, .F. ) ;
#221 = CIRCLE ( 'NONE', #1633, 5.200000000000000178 ) ;
#222 = CARTESIAN_POINT ( 'NONE',  ( 6.699999990440342224, -3.341666663276694482, 5.704740375034321076 ) ) ;
#223 = CARTESIAN_POINT ( 'NONE',  ( 1.393335772952111640, 4.700000003389972036, 2.299999992580558317 ) ) ;
#224 = VECTOR ( 'NONE', #166, 1000.000000000000000 ) ;
#225 = CARTESIAN_POINT ( 'NONE',  ( 4.800000006848724077, -0.4666666632766932055, 8.786156098109632495 ) ) ;
#226 = CARTESIAN_POINT ( 'NONE',  ( 1.393335828331581761, -2.699999996610022990, 12.69999999258055468 ) ) ;
#227 = CARTESIAN_POINT ( 'NONE',  ( -1.795259624965670708, 5.658333336723305074, 0.8000000095596632166 ) ) ;
#228 = CARTESIAN_POINT ( 'NONE',  ( -6.700000009559659908, -4.658333329943356915, 5.704740446388631092 ) ) ;
#229 = CARTESIAN_POINT ( 'NONE',  ( -4.503332113523940805, -4.199999996610022990, 4.900000023980012109 ) ) ;
#230 = ORIENTED_EDGE ( 'NONE', *, *, #1774, .F. ) ;
#231 = CARTESIAN_POINT ( 'NONE',  ( 6.700000000000009059, -3.508333329943361445, 7.499999964322844548 ) ) ;
#232 = CARTESIAN_POINT ( 'NONE',  ( 4.904740384593996083, 6.008333336723308271, 2.595259563171031569 ) ) ;
#233 = CARTESIAN_POINT ( 'NONE',  ( 6.938893903907228378E-15, -10.29999999661002796, 12.69999999999999929 ) ) ;
#234 = CARTESIAN_POINT ( 'NONE',  ( 6.753259836952056465E-15, 1.133333333411145949, 12.69999999999999574 ) ) ;
#235 = CARTESIAN_POINT ( 'NONE',  ( -4.904740384593981872, 0.008333336723308215621, 12.40474043682896976 ) ) ;
#236 = CARTESIAN_POINT ( 'NONE',  ( -4.503332085834205856, -3.533333329943356915, 10.10000002398001406 ) ) ;
#237 = CARTESIAN_POINT ( 'NONE',  ( 6.938893903907228378E-15, -10.29999999661002796, 7.500000000000000000 ) ) ;
#238 = EDGE_LOOP ( 'NONE', ( #1476, #430 ) ) ;
#239 = CARTESIAN_POINT ( 'NONE',  ( 7.761344249178727204E-15, 4.866666666744473346, 2.299999999999999822 ) ) ;
#240 = CARTESIAN_POINT ( 'NONE',  ( -1.393335772952095430, 2.700000003389971592, 12.70000000741944213 ) ) ;
#241 = LINE ( 'NONE', #723, #1075 ) ;
#242 = CARTESIAN_POINT ( 'NONE',  ( -4.904740436828961769, 5.991666670056638999, 2.595259615406009690 ) ) ;
#243 = CARTESIAN_POINT ( 'NONE',  ( -2.599999976019977677, 6.533333336723304186, 12.00333211352394969 ) ) ;
#244 = CARTESIAN_POINT ( 'NONE',  ( 6.700000009559674119, 4.325000003389972036, 9.295259553611364467 ) ) ;
#245 = EDGE_CURVE ( 'NONE', #386, #1572, #996, .T. ) ;
#246 = CARTESIAN_POINT ( 'NONE',  ( 3.567716210914794541E-08, 4.508333336723308271, 14.20000000000000107 ) ) ;
#247 = CARTESIAN_POINT ( 'NONE',  ( 6.938893903907228378E-15, -10.29999999661002796, 7.500000000000000000 ) ) ;
#248 = ADVANCED_FACE ( 'NONE', ( #99 ), #888, .F. ) ;
#249 = CARTESIAN_POINT ( 'NONE',  ( -6.699999999999994849, 6.491666670056638999, 7.500000035677153676 ) ) ;
#250 = ORIENTED_EDGE ( 'NONE', *, *, #1003, .F. ) ;
#251 = CARTESIAN_POINT ( 'NONE',  ( -4.904740436828961769, 11.00833333672330561, 2.595259615406009690 ) ) ;
#252 = DIRECTION ( 'NONE',  ( 0.000000000000000000, 0.000000000000000000, 1.000000000000000000 ) ) ;
#253 = CARTESIAN_POINT ( 'NONE',  ( 4.904740384593996083, 4.991666670056638111, 2.595259563171031569 ) ) ;
#254 = AXIS2_PLACEMENT_3D ( 'NONE', #247, #1531, #1995 ) ;
#255 = CARTESIAN_POINT ( 'NONE',  ( 4.503332085834220067, -1.533333329943356915, 4.899999976019985937 ) ) ;
#256 = CARTESIAN_POINT ( 'NONE',  ( 3.349999969102685160, -6.841666663276694038, 1.697629776805681390 ) ) ;
#257 = CARTESIAN_POINT ( 'NONE',  ( -3.350000030897316350, 2.841666670056641752, 1.697629812482836176 ) ) ;
#258 = FACE_OUTER_BOUND ( 'NONE', #304, .T. ) ;
#259 = ORIENTED_EDGE ( 'NONE', *, *, #398, .T. ) ;
#260 = CARTESIAN_POINT ( 'NONE',  ( -1.795259624965670708, 6.675000003389973458, 0.8000000095596632166 ) ) ;
#261 = CARTESIAN_POINT ( 'NONE',  ( 1.286156098109642265, -7.466666663276692262, 2.699999993151282585 ) ) ;
#262 = FACE_OUTER_BOUND ( 'NONE', #238, .T. ) ;
#263 = CARTESIAN_POINT ( 'NONE',  ( 2.555976178675968927E-08, -9.299999996610026187, 12.30000000000000249 ) ) ;
#264 = CARTESIAN_POINT ( 'NONE',  ( -6.699999990440328901, 3.675000003389975234, 9.295259624965680700 ) ) ;
#265 = CARTESIAN_POINT ( 'NONE',  ( 1.795259553611374903, -2.674999996610027519, 0.7999999904403329865 ) ) ;
#266 = CARTESIAN_POINT ( 'NONE',  ( -5.802370223194311727, -0.8249999966100253213, 4.150000030897321501 ) ) ;
#267 = CARTESIAN_POINT ( 'NONE',  ( 2.400000022135406752, 3.033333336723306406, 11.65692192538542926 ) ) ;
#268 = CARTESIAN_POINT ( 'NONE',  ( -1.286156149229137347, 8.866666670056639887, 2.700000006848713774 ) ) ;
#269 = EDGE_CURVE ( 'NONE', #1325, #637, #1552, .T. ) ;
#270 = ORIENTED_EDGE ( 'NONE', *, *, #941, .F. ) ;
#271 = CARTESIAN_POINT ( 'NONE',  ( 5.802370223194325050, 5.175000003389975234, 10.84999996910267761 ) ) ;
#272 = CARTESIAN_POINT ( 'NONE',  ( -1.286156098109626278, -5.466666663276693150, 12.30000000684871786 ) ) ;
#273 = CARTESIAN_POINT ( 'NONE',  ( 4.904740384593996083, 8.991666670056638111, 2.595259563171031569 ) ) ;
#274 = CARTESIAN_POINT ( 'NONE',  ( -6.699999999999994849, 7.508333336723308271, 7.500000035677153676 ) ) ;
#275 = CARTESIAN_POINT ( 'NONE',  ( -6.699999990440328901, -9.341666663276692262, 9.295259624965680700 ) ) ;
#276 = FACE_OUTER_BOUND ( 'NONE', #1354, .T. ) ;
#277 = CARTESIAN_POINT ( 'NONE',  ( 4.156921925385436367, 8.033333336723305962, 5.099999977864601242 ) ) ;
#278 = CARTESIAN_POINT ( 'NONE',  ( -2.399999977864594847, 6.366666670056639887, 11.65692195094518624 ) ) ;
#279 = CARTESIAN_POINT ( 'NONE',  ( -4.904740384593981872, 6.991666670056638111, 12.40474043682896976 ) ) ;
#280 = VERTEX_POINT ( 'NONE', #1380 ) ;
#281 = CARTESIAN_POINT ( 'NONE',  ( 4.904740436828977757, 5.008333336723307383, 12.40474038459398365 ) ) ;
#282 = CARTESIAN_POINT ( 'NONE',  ( 3.513843857619580291, -7.799999996610025299, 3.986156104958348934 ) ) ;
#283 = CARTESIAN_POINT ( 'NONE',  ( 1.888064614294418631, -4.898333818100855552, 12.41436819131651248 ) ) ;
#284 = CARTESIAN_POINT ( 'NONE',  ( -4.904740436828961769, 9.991666670056638111, 2.595259615406009690 ) ) ;
#285 = CARTESIAN_POINT ( 'NONE',  ( -5.802370223194311727, 3.175000003389974790, 4.150000030897321501 ) ) ;
#286 = CARTESIAN_POINT ( 'NONE',  ( 6.700000009559674119, 9.341666670056637756, 9.295259553611364467 ) ) ;
#287 = CARTESIAN_POINT ( 'NONE',  ( -5.085747277682097334, -10.00000000000000178, 8.584054716123214135 ) ) ;
#288 = CARTESIAN_POINT ( 'NONE',  ( 2.400000022135406752, -0.9666666632766937051, 11.65692192538542926 ) ) ;
#289 = VECTOR ( 'NONE', #1616, 1000.000000000000000 ) ;
#290 = VECTOR ( 'NONE', #446, 1000.000000000000000 ) ;
#291 = ORIENTED_EDGE ( 'NONE', *, *, #516, .F. ) ;
#292 = CARTESIAN_POINT ( 'NONE',  ( 3.350000030897332337, 4.841666670056642197, 13.30237018751716249 ) ) ;
#293 = CARTESIAN_POINT ( 'NONE',  ( -4.799999999999995381, -6.299999996610027964, 7.500000025559753425 ) ) ;
#294 = EDGE_LOOP ( 'NONE', ( #495, #1546 ) ) ;
#295 = CARTESIAN_POINT ( 'NONE',  ( 6.700000009559674119, 8.325000003389972036, 9.295259553611364467 ) ) ;
#296 = CARTESIAN_POINT ( 'NONE',  ( 7.761344249178727204E-15, 3.133333333411145283, 2.299999999999999822 ) ) ;
#297 = CARTESIAN_POINT ( 'NONE',  ( -3.350000030897316350, -6.174999996610027964, 1.697629812482836176 ) ) ;
#298 =( BOUNDED_SURFACE ( )  B_SPLINE_SURFACE ( 1, 2, ( 
 ( #741, #104, #1362, #2003, #424, #268, #1050, #115, #1707, #751, #1163, #1968, #384, #589, #1100, #782, #1058, #1587, #167, #1877, #278, #2034, #1716, #1578, #157, #622, #610, #456, #1376, #1240, #1386, #1397, #769, #905, #470, #1081, #631, #1554, #1069, #1738, #447, #948, #300, #1601, #1091, #146, #1867, #480, #937, #126, #2014, #1408, #762, #791, #2023, #1726, #599, #927, #1230, #2043, #1420, #1252, #1899, #1750, #288, #2053, #917, #1261, #1909, #1564, #1270, #7, #1919, #800, #643, #1429, #1214, #1225, #1537, #1744, #1885, #889, #1236, #745, #119, #1381, #1583, #1702, #1077, #1065, #1863, #272, #617, #141, #1392, #756, #574, #431, #2019, #418, #1046, #2038, #132, #593, #1054, #2029, #1721, #1711, #305, #1872, #109, #1370, #776, #765, #263, #900, #1403, #1247, #1895, #2009, #584 ),
 ( #441, #1548, #1731, #284, #464, #911, #2000, #1560, #1086, #734, #606, #933, #452, #295, #1357, #923, #1573, #1200, #1854, #315, #194, #1755, #1792, #24, #627, #955, #973, #1629, #3, #944, #1108, #13, #813, #162, #796, #1119, #986, #1096, #1776, #824, #1595, #1914, #506, #1265, #152, #638, #1425, #806, #476, #339, #348, #1447, #1438, #648, #787, #1278, #486, #174, #1610, #1904, #1287, #1924, #1459, #1767, #329, #496, #964, #1618, #181, #1136, #1933, #660, #1128, #1784, #35, #669, #1415, #1295, #1941, #515, #360, #2049, #1256, #222, #231, #670, #497, #1785, #36, #340, #965, #1962, #1306, #1296, #349, #1952, #1639, #974, #1657, #1137, #814, #1288, #57, #525, #1619, #1630, #535, #689, #1814, #661, #1129, #195, #182, #379, #1468, #361, #25, #1648, #1460, #1157, #1448 ) ),
 .UNSPECIFIED., .F., .F., .T. ) 
 B_SPLINE_SURFACE_WITH_KNOTS ( ( 2, 2 ),
 ( 3, 2, 2, 2, 2, 2, 2, 2, 2, 2, 2, 2, 2, 2, 2, 2, 2, 2, 2, 2, 2, 2, 2, 2, 2, 2, 2, 2, 2, 2, 2, 2, 2, 2, 2, 2, 2, 2, 2, 2, 2, 2, 2, 2, 2, 2, 2, 2, 2, 2, 2, 2, 2, 2, 2, 2, 2, 2, 2, 2, 3 ),
 ( 0.000000000000000000, 1.000000000000000000 ),
 ( 0.000000000000000000, 0.01666666666666666644, 0.03333333333333333287, 0.05000000000000000278, 0.06666666666666666574, 0.08333333333333332871, 0.1000000000000000056, 0.1166666666666666685, 0.1333333333333333315, 0.1499999999999999944, 0.1666666666666666574, 0.1833333333333333204, 0.2000000000000000111, 0.2166666666666666741, 0.2333333333333333370, 0.2500000000000000000, 0.2666666666666666630, 0.2833333333333333259, 0.2999999999999999889, 0.3166666666666666519, 0.3333333333333333148, 0.3499999999999999778, 0.3666666666666666408, 0.3833333333333333592, 0.4000000000000000222, 0.4166666666666666852, 0.4333333333333333481, 0.4500000000000000111, 0.4666666666666666741, 0.4833333333333333370, 0.5000000000000000000, 0.5166666666666667185, 0.5333333333333333259, 0.5500000000000000444, 0.5666666666666666519, 0.5833333333333333703, 0.5999999999999999778, 0.6166666666666666963, 0.6333333333333333037, 0.6500000000000000222, 0.6666666666666666297, 0.6833333333333333481, 0.6999999999999999556, 0.7166666666666666741, 0.7333333333333332815, 0.7500000000000000000, 0.7666666666666667185, 0.7833333333333333259, 0.8000000000000000444, 0.8166666666666666519, 0.8333333333333333703, 0.8499999999999999778, 0.8666666666666666963, 0.8833333333333333037, 0.9000000000000000222, 0.9166666666666666297, 0.9333333333333333481, 0.9499999999999999556, 0.9666666666666666741, 0.9833333333333332815, 1.000000000000000000 ),
 .UNSPECIFIED. ) 
 GEOMETRIC_REPRESENTATION_ITEM ( )  RATIONAL_B_SPLINE_SURFACE ( (
 ( 1.000000000000000000, 0.9659258262890683122, 1.000000000000000000, 0.9659258262890683122, 1.000000000000000000, 0.9659258262890683122, 1.000000000000000000, 0.9659258262890683122, 1.000000000000000000, 0.9659258262890683122, 1.000000000000000000, 0.9659258262890683122, 1.000000000000000000, 0.9659258262890683122, 1.000000000000000000, 0.9659258262890683122, 1.000000000000000000, 0.9659258262890683122, 1.000000000000000000, 0.9659258262890683122, 1.000000000000000000, 0.9659258262890683122, 1.000000000000000000, 0.9659258262890683122, 1.000000000000000000, 0.9659258262890683122, 1.000000000000000000, 0.9659258262890683122, 1.000000000000000000, 0.9659258262890683122, 1.000000000000000000, 0.9659258262890683122, 1.000000000000000000, 0.9659258262890683122, 1.000000000000000000, 0.9659258262890683122, 1.000000000000000000, 0.9659258262890683122, 1.000000000000000000, 0.9659258262890683122, 1.000000000000000000, 0.9659258262890683122, 1.000000000000000000, 0.9659258262890683122, 1.000000000000000000, 0.9659258262890683122, 1.000000000000000000, 0.9659258262890683122, 1.000000000000000000, 0.9659258262890683122, 1.000000000000000000, 0.9659258262890683122, 1.000000000000000000, 0.9659258262890683122, 1.000000000000000000, 0.9659258262890683122, 1.000000000000000000, 0.9659258262890683122, 1.000000000000000000, 0.9659258262890683122, 1.000000000000000000, 0.9659258262890683122, 1.000000000000000000, 0.9659258262890683122, 1.000000000000000000, 0.9659258262890683122, 1.000000000000000000, 0.9659258262890683122, 1.000000000000000000, 0.9659258262890683122, 1.000000000000000000, 0.9659258262890683122, 1.000000000000000000, 0.9659258262890683122, 1.000000000000000000, 0.9659258262890683122, 1.000000000000000000, 0.9659258262890683122, 1.000000000000000000, 0.9659258262890683122, 1.000000000000000000, 0.9659258262890683122, 1.000000000000000000, 0.9659258262890683122, 1.000000000000000000, 0.9659258262890683122, 1.000000000000000000, 0.9659258262890683122, 1.000000000000000000, 0.9659258262890683122, 1.000000000000000000, 0.9659258262890683122, 1.000000000000000000, 0.9659258262890683122, 1.000000000000000000, 0.9659258262890683122, 1.000000000000000000, 0.9659258262890683122, 1.000000000000000000, 0.9659258262890683122, 1.000000000000000000, 0.9659258262890683122, 1.000000000000000000, 0.9659258262890683122, 1.000000000000000000, 0.9659258262890683122, 1.000000000000000000, 0.9659258262890683122, 1.000000000000000000, 0.9659258262890683122, 1.000000000000000000, 0.9659258262890683122, 1.000000000000000000, 0.9659258262890683122, 1.000000000000000000, 0.9659258262890683122, 1.000000000000000000, 0.9659258262890683122, 1.000000000000000000, 0.9659258262890683122, 1.000000000000000000),
 ( 1.000000000000000000, 0.9659258262890683122, 1.000000000000000000, 0.9659258262890683122, 1.000000000000000000, 0.9659258262890683122, 1.000000000000000000, 0.9659258262890683122, 1.000000000000000000, 0.9659258262890683122, 1.000000000000000000, 0.9659258262890683122, 1.000000000000000000, 0.9659258262890683122, 1.000000000000000000, 0.9659258262890683122, 1.000000000000000000, 0.9659258262890683122, 1.000000000000000000, 0.9659258262890683122, 1.000000000000000000, 0.9659258262890683122, 1.000000000000000000, 0.9659258262890683122, 1.000000000000000000, 0.9659258262890683122, 1.000000000000000000, 0.9659258262890683122, 1.000000000000000000, 0.9659258262890683122, 1.000000000000000000, 0.9659258262890683122, 1.000000000000000000, 0.9659258262890683122, 1.000000000000000000, 0.9659258262890683122, 1.000000000000000000, 0.9659258262890683122, 1.000000000000000000, 0.9659258262890683122, 1.000000000000000000, 0.9659258262890683122, 1.000000000000000000, 0.9659258262890683122, 1.000000000000000000, 0.9659258262890683122, 1.000000000000000000, 0.9659258262890683122, 1.000000000000000000, 0.9659258262890683122, 1.000000000000000000, 0.9659258262890683122, 1.000000000000000000, 0.9659258262890683122, 1.000000000000000000, 0.9659258262890683122, 1.000000000000000000, 0.9659258262890683122, 1.000000000000000000, 0.9659258262890683122, 1.000000000000000000, 0.9659258262890683122, 1.000000000000000000, 0.9659258262890683122, 1.000000000000000000, 0.9659258262890683122, 1.000000000000000000, 0.9659258262890683122, 1.000000000000000000, 0.9659258262890683122, 1.000000000000000000, 0.9659258262890683122, 1.000000000000000000, 0.9659258262890683122, 1.000000000000000000, 0.9659258262890683122, 1.000000000000000000, 0.9659258262890683122, 1.000000000000000000, 0.9659258262890683122, 1.000000000000000000, 0.9659258262890683122, 1.000000000000000000, 0.9659258262890683122, 1.000000000000000000, 0.9659258262890683122, 1.000000000000000000, 0.9659258262890683122, 1.000000000000000000, 0.9659258262890683122, 1.000000000000000000, 0.9659258262890683122, 1.000000000000000000, 0.9659258262890683122, 1.000000000000000000, 0.9659258262890683122, 1.000000000000000000, 0.9659258262890683122, 1.000000000000000000, 0.9659258262890683122, 1.000000000000000000, 0.9659258262890683122, 1.000000000000000000, 0.9659258262890683122, 1.000000000000000000, 0.9659258262890683122, 1.000000000000000000, 0.9659258262890683122, 1.000000000000000000, 0.9659258262890683122, 1.000000000000000000, 0.9659258262890683122, 1.000000000000000000, 0.9659258262890683122, 1.000000000000000000, 0.9659258262890683122, 1.000000000000000000, 0.9659258262890683122, 1.000000000000000000, 0.9659258262890683122, 1.000000000000000000) ) ) 
 REPRESENTATION_ITEM ( '' )  SURFACE ( )  );
#299 = CARTESIAN_POINT ( 'NONE',  ( 1.795259553611374903, -5.658333329943358692, 0.7999999904403329865 ) ) ;
#300 = CARTESIAN_POINT ( 'NONE',  ( 2.555976178675968927E-08, 2.700000003389972481, 12.30000000000000249 ) ) ;
#301 = CARTESIAN_POINT ( 'NONE',  ( -5.802370187517154498, -1.174999996610026631, 10.85000003089732523 ) ) ;
#302 = CARTESIAN_POINT ( 'NONE',  ( -4.799999993151278233, 8.466666670056639532, 8.786156149229150003 ) ) ;
#303 = CARTESIAN_POINT ( 'NONE',  ( 3.567716210914794541E-08, -3.491666663276691285, 14.20000000000000107 ) ) ;
#304 = EDGE_LOOP ( 'NONE', ( #1085, #1842, #66, #985 ) ) ;
#305 = CARTESIAN_POINT ( 'NONE',  ( 4.800000000000008704, -8.299999996610026187, 7.499999974440244799 ) ) ;
#306 = CARTESIAN_POINT ( 'NONE',  ( -3.349999969102668285, 3.158333336723305518, 13.30237022319431972 ) ) ;
#307 = CARTESIAN_POINT ( 'NONE',  ( -4.904740436828961769, 1.991666670056639887, 2.595259615406009690 ) ) ;
#308 = CARTESIAN_POINT ( 'NONE',  ( -5.802370187517154498, -8.158333329943356915, 10.85000003089732523 ) ) ;
#309 = EDGE_CURVE ( 'NONE', #2048, #396, #1519, .T. ) ;
#310 =( BOUNDED_CURVE ( )  B_SPLINE_CURVE ( 2, ( #614, #774, #920, #1244, #138, #1400, #1569, #2036, #461, #1891, #1471, #283, #1391 ),
 .UNSPECIFIED., .F., .F. ) 
 B_SPLINE_CURVE_WITH_KNOTS ( ( 3, 2, 2, 2, 2, 2, 3 ),
 ( 0.6500000001714502096, 0.6666666666666666297, 0.6833333333333333481, 0.6999999999999999556, 0.7166666666666666741, 0.7333333333333332815, 0.7433060372620000633 ),
 .UNSPECIFIED. ) 
 CURVE ( )  GEOMETRIC_REPRESENTATION_ITEM ( )  RATIONAL_B_SPLINE_CURVE ( ( 1.000000000000000000, 0.9659258262890683122, 1.000000000000000000, 0.9659258262890683122, 1.000000000000000000, 0.9659258262890683122, 1.000000000000000000, 0.9659258262890683122, 1.000000000000000000, 0.9659258262890683122, 1.000000000000000000, 0.9796113012380150975, 0.9836222572253161545 ) ) 
 REPRESENTATION_ITEM ( '' )  );
#311 = CARTESIAN_POINT ( 'NONE',  ( 3.350000030897332337, 7.825000003389972925, 13.30237018751716249 ) ) ;
#312 = CARTESIAN_POINT ( 'NONE',  ( 4.156921925385436367, 6.633333336723308271, 5.099999977864601242 ) ) ;
#313 = CARTESIAN_POINT ( 'NONE',  ( -4.904740384593981872, -3.991666663276691729, 12.40474043682896976 ) ) ;
#314 = ORIENTED_EDGE ( 'NONE', *, *, #185, .F. ) ;
#315 = CARTESIAN_POINT ( 'NONE',  ( -1.795259553611358028, 7.325000003389972925, 14.20000000955966790 ) ) ;
#316 = CARTESIAN_POINT ( 'NONE',  ( 6.699999990440342224, 4.658333336723305962, 5.704740375034321076 ) ) ;
#317 = CARTESIAN_POINT ( 'NONE',  ( -4.904740384593981872, -7.991666663276691729, 12.40474043682896976 ) ) ;
#318 = CARTESIAN_POINT ( 'NONE',  ( 3.349999969102685160, 1.158333336723306406, 1.697629776805681390 ) ) ;
#319 = UNCERTAINTY_MEASURE_WITH_UNIT (LENGTH_MEASURE( 1.000000000000000082E-05 ), #1034, 'distance_accuracy_value', 'NONE');
#320 = DIRECTION ( 'NONE',  ( 0.000000000000000000, 0.000000000000000000, 1.000000000000000000 ) ) ;
#321 = AXIS2_PLACEMENT_3D ( 'NONE', #1869, #1389, #1508 ) ;
#322 = CARTESIAN_POINT ( 'NONE',  ( 1.393335828331581761, -0.9666666632766953704, 12.69999999258055468 ) ) ;
#323 = CARTESIAN_POINT ( 'NONE',  ( -6.699999999999994849, 7.508333336723308271, 7.500000035677153676 ) ) ;
#324 = CARTESIAN_POINT ( 'NONE',  ( -1.286156149229137347, 8.866666670056639887, 2.700000006848713774 ) ) ;
#325 = AXIS2_PLACEMENT_3D ( 'NONE', #871, #1053, #1512 ) ;
#326 = CARTESIAN_POINT ( 'NONE',  ( 3.513843895041659948, 5.800000003389973458, 11.01384385761957141 ) ) ;
#327 = CARTESIAN_POINT ( 'NONE',  ( -1.795259624965670708, 2.675000003389974346, 0.8000000095596632166 ) ) ;
#328 = ORIENTED_EDGE ( 'NONE', *, *, #1696, .F. ) ;
#329 = CARTESIAN_POINT ( 'NONE',  ( 3.350000030897332337, -0.1749999966100274640, 13.30237018751716249 ) ) ;
#330 = CARTESIAN_POINT ( 'NONE',  ( -6.699999999999994849, -4.491666663276692617, 7.500000035677153676 ) ) ;
#331 = CARTESIAN_POINT ( 'NONE',  ( -3.350000030897316350, -2.174999996610027519, 1.697629812482836176 ) ) ;
#332 = CARTESIAN_POINT ( 'NONE',  ( -4.904740436828961769, -6.008333329943361889, 2.595259615406009690 ) ) ;
#333 = CARTESIAN_POINT ( 'NONE',  ( -3.350000030897316350, 9.825000003389972036, 1.697629812482836176 ) ) ;
#334 = CARTESIAN_POINT ( 'NONE',  ( -4.799999999999995381, 9.700000003389972036, 7.500000025559753425 ) ) ;
#335 = CARTESIAN_POINT ( 'NONE',  ( 4.799999993151293332, -1.533333329943358692, 6.213843850770855326 ) ) ;
#336 = CARTESIAN_POINT ( 'NONE',  ( -5.200000007419435022, 9.700000003389970260, 6.106664227047894578 ) ) ;
#337 = EDGE_CURVE ( 'NONE', #932, #524, #1765, .T. ) ;
#338 = VERTEX_POINT ( 'NONE', #909 ) ;
#339 = CARTESIAN_POINT ( 'NONE',  ( -6.700000009559659908, 2.325000003389972925, 5.704740446388631092 ) ) ;
#340 = CARTESIAN_POINT ( 'NONE',  ( 1.795259624965688472, -4.341666663276693150, 14.19999999044033423 ) ) ;
#341 = CARTESIAN_POINT ( 'NONE',  ( 5.802370187517169597, -2.158333329943357359, 4.149999969102674768 ) ) ;
#342 = CARTESIAN_POINT ( 'NONE',  ( -1.795259553611358250, -0.6749999966100278526, 14.20000000955966790 ) ) ;
#343 =( LENGTH_UNIT ( ) NAMED_UNIT ( * ) SI_UNIT ( .MILLI., .METRE. ) );
#344 = CARTESIAN_POINT ( 'NONE',  ( -3.806664219628446144, -2.633333329943360557, 3.693335820912129197 ) ) ;
#345 = CARTESIAN_POINT ( 'NONE',  ( 2.400000022135406752, 1.633333336723307827, 11.65692192538542926 ) ) ;
#346 = CARTESIAN_POINT ( 'NONE',  ( 7.761344249178727204E-15, 8.866666666744475123, 2.299999999999999822 ) ) ;
#347 = EDGE_LOOP ( 'NONE', ( #1213, #1012, #849, #896 ) ) ;
#348 = CARTESIAN_POINT ( 'NONE',  ( -5.802370223194311727, 2.158333336723305518, 4.150000030897321501 ) ) ;
#349 = CARTESIAN_POINT ( 'NONE',  ( -5.802370187517154498, -5.174999996610027075, 10.85000003089732523 ) ) ;
#350 = CARTESIAN_POINT ( 'NONE',  ( -3.350000030897316350, -1.158333329943358248, 1.697629812482836176 ) ) ;
#351 = CARTESIAN_POINT ( 'NONE',  ( -5.199999999999993072, 0.1333333367233082989, 7.500000027689733173 ) ) ;
#352 = APPLICATION_PROTOCOL_DEFINITION ( 'draft international standard', 'automotive_design', 1998, #1266 ) ;
#353 = CARTESIAN_POINT ( 'NONE',  ( 3.349999969102685160, -6.841666663276694038, 1.697629776805681390 ) ) ;
#354 = CARTESIAN_POINT ( 'NONE',  ( 4.904740436828977757, 5.008333336723307383, 12.40474038459398365 ) ) ;
#355 = CARTESIAN_POINT ( 'NONE',  ( -4.156921925385422156, -3.366666663276691285, 9.900000022135397870 ) ) ;
#356 = LINE ( 'NONE', #1285, #820 ) ;
#357 = CIRCLE ( 'NONE', #22, 6.999999999999999112 ) ;
#358 = VECTOR ( 'NONE', #1499, 1000.000000000000000 ) ;
#359 = VERTEX_POINT ( 'NONE', #733 ) ;
#360 = CARTESIAN_POINT ( 'NONE',  ( 3.349999969102685160, -2.841666663276693594, 1.697629776805681390 ) ) ;
#361 = CARTESIAN_POINT ( 'NONE',  ( -1.795259553611358028, -8.674999996610026187, 14.20000000955966790 ) ) ;
#362 = CARTESIAN_POINT ( 'NONE',  ( 1.795259624965688472, 0.6750000033899743457, 14.19999999044033423 ) ) ;
#363 = CARTESIAN_POINT ( 'NONE',  ( 6.753259929040523097E-15, 2.866666666744474679, 12.69999999999999574 ) ) ;
#364 = CARTESIAN_POINT ( 'NONE',  ( 1.286156149229154222, -5.133333329943359225, 12.29999999315128179 ) ) ;
#365 = CARTESIAN_POINT ( 'NONE',  ( 5.802370223194325050, -7.841666663276694926, 10.84999996910267761 ) ) ;
#366 = CARTESIAN_POINT ( 'NONE',  ( -5.802370187517154498, 2.825000003389972481, 10.85000003089732523 ) ) ;
#367 = EDGE_CURVE ( 'NONE', #338, #1487, #127, .T. ) ;
#368 = CARTESIAN_POINT ( 'NONE',  ( 1.286156098109642265, 3.133333336723307827, 2.699999993151282585 ) ) ;
#369 =( BOUNDED_CURVE ( )  B_SPLINE_CURVE ( 2, ( #680, #1490, #1649, #843, #69, #1327, #1794, #1641, #833, #373, #1972, #213, #544 ),
 .UNSPECIFIED., .F., .F. ) 
 B_SPLINE_CURVE_WITH_KNOTS ( ( 3, 2, 2, 2, 2, 2, 3 ),
 ( 0.05000000017145019016, 0.06666666666666666574, 0.08333333333333332871, 0.1000000000000000056, 0.1166666666666666685, 0.1333333333333333315, 0.1500000001714501818 ),
 .UNSPECIFIED. ) 
 CURVE ( )  GEOMETRIC_REPRESENTATION_ITEM ( )  RATIONAL_B_SPLINE_CURVE ( ( 1.000000000000000000, 0.9659258262890683122, 1.000000000000000000, 0.9659258262890683122, 1.000000000000000000, 0.9659258262890683122, 1.000000000000000000, 0.9659258262890683122, 1.000000000000000000, 0.9659258262890683122, 1.000000000000000000, 0.9659258262890683122, 1.000000000000000000 ) ) 
 REPRESENTATION_ITEM ( '' )  );
#370 = CARTESIAN_POINT ( 'NONE',  ( -1.393335828331564885, 3.300000003389974346, 2.300000007419442660 ) ) ;
#371 = VERTEX_POINT ( 'NONE', #416 ) ;
#372 = CARTESIAN_POINT ( 'NONE',  ( 2.599999976019993664, 4.533333336723305074, 2.996667886476052090 ) ) ;
#373 = CARTESIAN_POINT ( 'NONE',  ( 3.806664219628461687, 7.366666670056638111, 11.30666417908786592 ) ) ;
#374 = CARTESIAN_POINT ( 'NONE',  ( 4.156921950945192457, -4.633333329943361001, 9.899999977864602840 ) ) ;
#375 = CARTESIAN_POINT ( 'NONE',  ( 6.938893903907228378E-15, -10.29999999661002796, 7.500000000000000000 ) ) ;
#376 = CARTESIAN_POINT ( 'NONE',  ( -6.699999999999994849, 2.491666670056638555, 7.500000035677153676 ) ) ;
#377 = CARTESIAN_POINT ( 'NONE',  ( -2.555974732114141868E-08, -4.699999996610023878, 2.699999999999997513 ) ) ;
#378 = EDGE_LOOP ( 'NONE', ( #76, #259, #534, #1688 ) ) ;
#379 = CARTESIAN_POINT ( 'NONE',  ( 1.795259624965688472, -8.341666663276694038, 14.19999999044033423 ) ) ;
#380 = DIRECTION ( 'NONE',  ( 0.000000000000000000, 0.000000000000000000, 1.000000000000000000 ) ) ;
#381 = CARTESIAN_POINT ( 'NONE',  ( 3.513843857619580291, 0.2000000033899728136, 3.986156104958348934 ) ) ;
#382 = CARTESIAN_POINT ( 'NONE',  ( 4.503332113523955904, 1.800000003389975234, 10.09999997601998523 ) ) ;
#383 = CARTESIAN_POINT ( 'NONE',  ( -6.699999990440328901, 6.658333336723305074, 9.295259624965680700 ) ) ;
#384 = CARTESIAN_POINT ( 'NONE',  ( 4.800000000000008704, 7.700000003389972925, 7.499999974440244799 ) ) ;
#385 = VECTOR ( 'NONE', #560, 1000.000000000000000 ) ;
#386 = VERTEX_POINT ( 'NONE', #451 ) ;
#387 = AXIS2_PLACEMENT_3D ( 'NONE', #835, #979, #1026 ) ;
#388 = CARTESIAN_POINT ( 'NONE',  ( -5.802370223194311727, 7.175000003389975234, 4.150000030897321501 ) ) ;
#389 =( BOUNDED_CURVE ( )  B_SPLINE_CURVE ( 2, ( #51, #1122, #960, #665, #1798, #501, #1000, #1780, #1946, #344, #681, #1472, #1151 ),
 .UNSPECIFIED., .F., .F. ) 
 B_SPLINE_CURVE_WITH_KNOTS ( ( 3, 2, 2, 2, 2, 2, 3 ),
 ( 0.5500000001714502318, 0.5666666666666666519, 0.5833333333333333703, 0.5999999999999999778, 0.6166666666666666963, 0.6333333333333333037, 0.6500000001714502096 ),
 .UNSPECIFIED. ) 
 CURVE ( )  GEOMETRIC_REPRESENTATION_ITEM ( )  RATIONAL_B_SPLINE_CURVE ( ( 1.000000000000000000, 0.9659258262890683122, 1.000000000000000000, 0.9659258262890683122, 1.000000000000000000, 0.9659258262890683122, 1.000000000000000000, 0.9659258262890683122, 1.000000000000000000, 0.9659258262890683122, 1.000000000000000000, 0.9659258262890683122, 1.000000000000000000 ) ) 
 REPRESENTATION_ITEM ( '' )  );
#390 = CARTESIAN_POINT ( 'NONE',  ( 2.399999977864610834, -3.633333329943359669, 3.343078049054815093 ) ) ;
#391 = CARTESIAN_POINT ( 'NONE',  ( -4.503332113523940805, 5.533333336723305074, 4.900000023980011221 ) ) ;
#392 = CARTESIAN_POINT ( 'NONE',  ( -5.802370223194311727, 2.158333336723305518, 4.150000030897321501 ) ) ;
#393 = CARTESIAN_POINT ( 'NONE',  ( -6.699999999999994849, -0.4916666632766922285, 7.500000035677153676 ) ) ;
#394 = CARTESIAN_POINT ( 'NONE',  ( 1.286156149229154222, -6.533333329943359580, 12.29999999315128179 ) ) ;
#395 = CARTESIAN_POINT ( 'NONE',  ( 4.503332113523955904, 9.800000003389975234, 10.09999997601998523 ) ) ;
#396 = VERTEX_POINT ( 'NONE', #1074 ) ;
#397 = DIRECTION ( 'NONE',  ( 0.000000000000000000, 1.000000000000000000, 0.000000000000000000 ) ) ;
#398 = EDGE_CURVE ( 'NONE', #1107, #1190, #241, .T. ) ;
#399 = CARTESIAN_POINT ( 'NONE',  ( 7.761344158705847706E-15, -4.866666666588852053, 2.299999999999999822 ) ) ;
#400 = CARTESIAN_POINT ( 'NONE',  ( 1.286156098109642265, 0.5333333367233058508, 2.699999993151282585 ) ) ;
#401 = CARTESIAN_POINT ( 'NONE',  ( -6.699999999999994849, 6.491666670056638999, 7.500000035677153676 ) ) ;
#402 = CARTESIAN_POINT ( 'NONE',  ( 3.350000030897332337, -0.1749999966100274640, 13.30237018751716249 ) ) ;
#403 = CARTESIAN_POINT ( 'NONE',  ( 1.795259553611374903, -1.658333329943358470, 0.7999999904403329865 ) ) ;
#404 = CARTESIAN_POINT ( 'NONE',  ( 2.400000022135406752, -6.366666663276690841, 11.65692192538542926 ) ) ;
#405 = CARTESIAN_POINT ( 'NONE',  ( 5.200000000000006395, 10.13333333672330738, 7.499999972310265939 ) ) ;
#406 = CARTESIAN_POINT ( 'NONE',  ( 3.350000030897332337, 7.825000003389972925, 13.30237018751716249 ) ) ;
#407 = EDGE_LOOP ( 'NONE', ( #140, #647, #1316, #954 ) ) ;
#408 = CARTESIAN_POINT ( 'NONE',  ( 3.349999969102685160, 10.17500000338997346, 1.697629776805681390 ) ) ;
#409 = CARTESIAN_POINT ( 'NONE',  ( -1.327328055516725058, -5.000000000000015987, 13.22143744094290163 ) ) ;
#410 = PRESENTATION_STYLE_ASSIGNMENT (( #1202 ) ) ;
#411 = CARTESIAN_POINT ( 'NONE',  ( 1.795259624965688472, -8.341666663276694038, 14.19999999044033423 ) ) ;
#412 = CARTESIAN_POINT ( 'NONE',  ( 5.802370187517169597, -2.158333329943357359, 4.149999969102674768 ) ) ;
#413 = CARTESIAN_POINT ( 'NONE',  ( -4.799999993151278233, -7.533333329943355139, 8.786156149229150003 ) ) ;
#414 = DIRECTION ( 'NONE',  ( 0.000000000000000000, 1.000000000000000000, 0.000000000000000000 ) ) ;
#415 = CARTESIAN_POINT ( 'NONE',  ( 1.795259553611374903, 10.34166667005664131, 0.7999999904403330975 ) ) ;
#416 = CARTESIAN_POINT ( 'NONE',  ( 6.753259929040523097E-15, 6.866666666744475123, 12.69999999999999574 ) ) ;
#417 = ORIENTED_EDGE ( 'NONE', *, *, #1967, .F. ) ;
#418 = CARTESIAN_POINT ( 'NONE',  ( -3.513843895041643517, -6.799999996610027964, 3.986156142380426370 ) ) ;
#419 = AXIS2_PLACEMENT_3D ( 'NONE', #237, #695, #1838 ) ;
#420 = CARTESIAN_POINT ( 'NONE',  ( 1.393335772952111640, -1.033333329943358248, 2.299999992580558317 ) ) ;
#421 = CARTESIAN_POINT ( 'NONE',  ( -6.700000009559659908, 11.34166667005663953, 5.704740446388631092 ) ) ;
#422 = CARTESIAN_POINT ( 'NONE',  ( -3.567714741084677945E-08, -5.491666663276689953, 0.7999999999999977129 ) ) ;
#423 = CARTESIAN_POINT ( 'NONE',  ( 4.800000006848724077, 7.533333336723305074, 8.786156098109632495 ) ) ;
#424 = CARTESIAN_POINT ( 'NONE',  ( -2.400000022135390765, 9.033333336723305962, 3.343078074614569850 ) ) ;
#425 = EDGE_CURVE ( 'NONE', #1791, #475, #1664, .T. ) ;
#426 = CARTESIAN_POINT ( 'NONE',  ( -4.904740384593981872, 2.991666670056638111, 12.40474043682896976 ) ) ;
#427 = ORIENTED_EDGE ( 'NONE', *, *, #516, .T. ) ;
#428 = CARTESIAN_POINT ( 'NONE',  ( 4.904740384593996083, 10.00833333672331094, 2.595259563171031569 ) ) ;
#429 = FACE_BOUND ( 'NONE', #129, .T. ) ;
#430 = ORIENTED_EDGE ( 'NONE', *, *, #1774, .T. ) ;
#431 = CARTESIAN_POINT ( 'NONE',  ( -4.800000006848710754, -6.466666663276693150, 6.213843901890364840 ) ) ;
#432 = CARTESIAN_POINT ( 'NONE',  ( -4.904740436828961769, 9.991666670056638111, 2.595259615406009690 ) ) ;
#433 = CARTESIAN_POINT ( 'NONE',  ( -1.795259553611358028, 8.341666670056641308, 14.20000000955966790 ) ) ;
#434 = CARTESIAN_POINT ( 'NONE',  ( -5.802370223194311727, 11.17500000338997523, 4.150000030897321501 ) ) ;
#435 = CARTESIAN_POINT ( 'NONE',  ( -3.349999969102668285, 4.175000003389975234, 13.30237022319431972 ) ) ;
#436 = CARTESIAN_POINT ( 'NONE',  ( -1.393335828331564885, 7.300000003389975234, 2.300000007419442660 ) ) ;
#437 = ORIENTED_EDGE ( 'NONE', *, *, #1090, .F. ) ;
#438 = CARTESIAN_POINT ( 'NONE',  ( -3.567714741084677945E-08, 2.508333336723308715, 0.7999999999999977129 ) ) ;
#439 = CARTESIAN_POINT ( 'NONE',  ( -2.555974732114141868E-08, -7.299999996610025299, 2.699999999999997513 ) ) ;
#440 = CARTESIAN_POINT ( 'NONE',  ( 6.938893903907228378E-15, -10.00000000000000000, 7.500000000000000000 ) ) ;
#441 = CARTESIAN_POINT ( 'NONE',  ( -6.699999999999994849, 10.49166667005663811, 7.500000035677153676 ) ) ;
#442 = CARTESIAN_POINT ( 'NONE',  ( 3.350000030897332337, 3.825000003389972481, 13.30237018751716249 ) ) ;
#443 = CARTESIAN_POINT ( 'NONE',  ( 4.904740436828977757, 9.008333336723307383, 12.40474038459398365 ) ) ;
#444 = CARTESIAN_POINT ( 'NONE',  ( 4.904740436828977757, -4.008333329943360113, 12.40474038459398365 ) ) ;
#445 =( BOUNDED_SURFACE ( )  B_SPLINE_SURFACE ( 1, 2, ( 
 ( #334, #502, #19, #1123, #634, #324, #1694, #715, #1396, #894, #277, #125, #1749, #423, #1737, #1229, #2013, #1715, #781, #904, #1577, #1385, #579, #588, #598, #1205, #1706, #145, #136, #1876, #2033, #1407, #2042, #621, #883, #1251, #1530, #103, #740, #1361, #267, #1375, #1542, #114, #750, #664, #977, #1659, #80, #1479, #1990, #61, #1500, #1319, #1025, #400, #1681, #381, #710, #844, #1336, #225, #1981, #853, #1347, #1964, #1491, #872, #89, #70, #834, #1973, #999, #1310, #1180, #545, #724, #1169, #1821, #563, #390, #215, #1016, #50, #527, #1833, #374, #1670, #1796, #364, #205, #1955, #1149, #1808, #1651, #898, #293, #754, #1223, #1871, #1043, #1571, #439, #261, #1719, #282, #839, #55, #994, #1145, #1969, #219, #1333, #857, #1687, #1677, #1828, #1665, #1022, #1655, #559 ),
 ( #1646, #687, #541, #1486, #45, #75, #677, #65, #1950, #1802, #696, #85, #717, #1839, #1315, #1960, #406, #533, #1324, #1164, #728, #279, #1545, #1399, #249, #1365, #2025, #2004, #1879, #1849, #885, #919, #1568, #2035, #96, #612, #1243, #1521, #1890, #1208, #460, #1353, #569, #1039, #1698, #426, #1590, #1105, #1741, #1763, #1606, #683, #1435, #171, #1274, #1878, #1565, #1231, #448, #471, #1070, #928, #770, #1398, #1889, #2044, #1241, #1253, #457, #1739, #301, #783, #1900, #1092, #1060, #1751, #938, #1588, #158, #1421, #2054, #632, #1262, #481, #1101, #1759, #168, #1377, #1218, #1868, #519, #1634, #1300, #1623, #528, #653, #1463, #801, #1140, #332, #809, #510, #1454, #1430, #353, #8, #968, #644, #1271, #186, #365, #198, #1956, #1613, #489, #40, #827, #1311, #673, #1920, #1291 ) ),
 .UNSPECIFIED., .F., .F., .F. ) 
 B_SPLINE_SURFACE_WITH_KNOTS ( ( 2, 2 ),
 ( 3, 2, 2, 2, 2, 2, 2, 2, 2, 2, 2, 2, 2, 2, 2, 2, 2, 2, 2, 2, 2, 2, 2, 2, 2, 2, 2, 2, 2, 2, 2, 2, 2, 2, 2, 2, 2, 2, 2, 2, 2, 2, 2, 2, 2, 2, 2, 2, 2, 2, 2, 2, 2, 2, 2, 2, 2, 2, 2, 2, 3 ),
 ( 0.000000000000000000, 1.000000000000000000 ),
 ( 0.000000000000000000, 0.01666666666666666644, 0.03333333333333333287, 0.05000000000000000278, 0.06666666666666666574, 0.08333333333333332871, 0.1000000000000000056, 0.1166666666666666685, 0.1333333333333333315, 0.1499999999999999944, 0.1666666666666666574, 0.1833333333333333204, 0.2000000000000000111, 0.2166666666666666741, 0.2333333333333333370, 0.2500000000000000000, 0.2666666666666666630, 0.2833333333333333259, 0.2999999999999999889, 0.3166666666666666519, 0.3333333333333333148, 0.3499999999999999778, 0.3666666666666666408, 0.3833333333333333592, 0.4000000000000000222, 0.4166666666666666852, 0.4333333333333333481, 0.4500000000000000111, 0.4666666666666666741, 0.4833333333333333370, 0.5000000000000000000, 0.5166666666666667185, 0.5333333333333333259, 0.5500000000000000444, 0.5666666666666666519, 0.5833333333333333703, 0.5999999999999999778, 0.6166666666666666963, 0.6333333333333333037, 0.6500000000000000222, 0.6666666666666666297, 0.6833333333333333481, 0.6999999999999999556, 0.7166666666666666741, 0.7333333333333332815, 0.7500000000000000000, 0.7666666666666667185, 0.7833333333333333259, 0.8000000000000000444, 0.8166666666666666519, 0.8333333333333333703, 0.8499999999999999778, 0.8666666666666666963, 0.8833333333333333037, 0.9000000000000000222, 0.9166666666666666297, 0.9333333333333333481, 0.9499999999999999556, 0.9666666666666666741, 0.9833333333333332815, 1.000000000000000000 ),
 .UNSPECIFIED. ) 
 GEOMETRIC_REPRESENTATION_ITEM ( )  RATIONAL_B_SPLINE_SURFACE ( (
 ( 1.000000000000000000, 0.9659258262890683122, 1.000000000000000000, 0.9659258262890683122, 1.000000000000000000, 0.9659258262890683122, 1.000000000000000000, 0.9659258262890683122, 1.000000000000000000, 0.9659258262890683122, 1.000000000000000000, 0.9659258262890683122, 1.000000000000000000, 0.9659258262890683122, 1.000000000000000000, 0.9659258262890683122, 1.000000000000000000, 0.9659258262890683122, 1.000000000000000000, 0.9659258262890683122, 1.000000000000000000, 0.9659258262890683122, 1.000000000000000000, 0.9659258262890683122, 1.000000000000000000, 0.9659258262890683122, 1.000000000000000000, 0.9659258262890683122, 1.000000000000000000, 0.9659258262890683122, 1.000000000000000000, 0.9659258262890683122, 1.000000000000000000, 0.9659258262890683122, 1.000000000000000000, 0.9659258262890683122, 1.000000000000000000, 0.9659258262890683122, 1.000000000000000000, 0.9659258262890683122, 1.000000000000000000, 0.9659258262890683122, 1.000000000000000000, 0.9659258262890683122, 1.000000000000000000, 0.9659258262890683122, 1.000000000000000000, 0.9659258262890683122, 1.000000000000000000, 0.9659258262890683122, 1.000000000000000000, 0.9659258262890683122, 1.000000000000000000, 0.9659258262890683122, 1.000000000000000000, 0.9659258262890683122, 1.000000000000000000, 0.9659258262890683122, 1.000000000000000000, 0.9659258262890683122, 1.000000000000000000, 0.9659258262890683122, 1.000000000000000000, 0.9659258262890683122, 1.000000000000000000, 0.9659258262890683122, 1.000000000000000000, 0.9659258262890683122, 1.000000000000000000, 0.9659258262890683122, 1.000000000000000000, 0.9659258262890683122, 1.000000000000000000, 0.9659258262890683122, 1.000000000000000000, 0.9659258262890683122, 1.000000000000000000, 0.9659258262890683122, 1.000000000000000000, 0.9659258262890683122, 1.000000000000000000, 0.9659258262890683122, 1.000000000000000000, 0.9659258262890683122, 1.000000000000000000, 0.9659258262890683122, 1.000000000000000000, 0.9659258262890683122, 1.000000000000000000, 0.9659258262890683122, 1.000000000000000000, 0.9659258262890683122, 1.000000000000000000, 0.9659258262890683122, 1.000000000000000000, 0.9659258262890683122, 1.000000000000000000, 0.9659258262890683122, 1.000000000000000000, 0.9659258262890683122, 1.000000000000000000, 0.9659258262890683122, 1.000000000000000000, 0.9659258262890683122, 1.000000000000000000, 0.9659258262890683122, 1.000000000000000000, 0.9659258262890683122, 1.000000000000000000, 0.9659258262890683122, 1.000000000000000000, 0.9659258262890683122, 1.000000000000000000, 0.9659258262890683122, 1.000000000000000000, 0.9659258262890683122, 1.000000000000000000, 0.9659258262890683122, 1.000000000000000000, 0.9659258262890683122, 1.000000000000000000),
 ( 1.000000000000000000, 0.9659258262890683122, 1.000000000000000000, 0.9659258262890683122, 1.000000000000000000, 0.9659258262890683122, 1.000000000000000000, 0.9659258262890683122, 1.000000000000000000, 0.9659258262890683122, 1.000000000000000000, 0.9659258262890683122, 1.000000000000000000, 0.9659258262890683122, 1.000000000000000000, 0.9659258262890683122, 1.000000000000000000, 0.9659258262890683122, 1.000000000000000000, 0.9659258262890683122, 1.000000000000000000, 0.9659258262890683122, 1.000000000000000000, 0.9659258262890683122, 1.000000000000000000, 0.9659258262890683122, 1.000000000000000000, 0.9659258262890683122, 1.000000000000000000, 0.9659258262890683122, 1.000000000000000000, 0.9659258262890683122, 1.000000000000000000, 0.9659258262890683122, 1.000000000000000000, 0.9659258262890683122, 1.000000000000000000, 0.9659258262890683122, 1.000000000000000000, 0.9659258262890683122, 1.000000000000000000, 0.9659258262890683122, 1.000000000000000000, 0.9659258262890683122, 1.000000000000000000, 0.9659258262890683122, 1.000000000000000000, 0.9659258262890683122, 1.000000000000000000, 0.9659258262890683122, 1.000000000000000000, 0.9659258262890683122, 1.000000000000000000, 0.9659258262890683122, 1.000000000000000000, 0.9659258262890683122, 1.000000000000000000, 0.9659258262890683122, 1.000000000000000000, 0.9659258262890683122, 1.000000000000000000, 0.9659258262890683122, 1.000000000000000000, 0.9659258262890683122, 1.000000000000000000, 0.9659258262890683122, 1.000000000000000000, 0.9659258262890683122, 1.000000000000000000, 0.9659258262890683122, 1.000000000000000000, 0.9659258262890683122, 1.000000000000000000, 0.9659258262890683122, 1.000000000000000000, 0.9659258262890683122, 1.000000000000000000, 0.9659258262890683122, 1.000000000000000000, 0.9659258262890683122, 1.000000000000000000, 0.9659258262890683122, 1.000000000000000000, 0.9659258262890683122, 1.000000000000000000, 0.9659258262890683122, 1.000000000000000000, 0.9659258262890683122, 1.000000000000000000, 0.9659258262890683122, 1.000000000000000000, 0.9659258262890683122, 1.000000000000000000, 0.9659258262890683122, 1.000000000000000000, 0.9659258262890683122, 1.000000000000000000, 0.9659258262890683122, 1.000000000000000000, 0.9659258262890683122, 1.000000000000000000, 0.9659258262890683122, 1.000000000000000000, 0.9659258262890683122, 1.000000000000000000, 0.9659258262890683122, 1.000000000000000000, 0.9659258262890683122, 1.000000000000000000, 0.9659258262890683122, 1.000000000000000000, 0.9659258262890683122, 1.000000000000000000, 0.9659258262890683122, 1.000000000000000000, 0.9659258262890683122, 1.000000000000000000, 0.9659258262890683122, 1.000000000000000000, 0.9659258262890683122, 1.000000000000000000) ) ) 
 REPRESENTATION_ITEM ( '' )  SURFACE ( )  );
#446 = DIRECTION ( 'NONE',  ( 1.000000000000000000, 0.000000000000000000, -5.324947354402061953E-09 ) ) ;
#447 = CARTESIAN_POINT ( 'NONE',  ( 2.400000022135406752, 3.033333336723306406, 11.65692192538542926 ) ) ;
#448 = CARTESIAN_POINT ( 'NONE',  ( 5.802370187517169597, 0.8250000033899717033, 4.149999969102674768 ) ) ;
#449 = CARTESIAN_POINT ( 'NONE',  ( 2.400000022135406752, 9.633333336723307383, 11.65692192538542926 ) ) ;
#450 = CARTESIAN_POINT ( 'NONE',  ( 1.795259624965688472, 0.6750000033899743457, 14.19999999044033601 ) ) ;
#451 = CARTESIAN_POINT ( 'NONE',  ( 1.084054715597935648, -5.000000000000002665, 2.414252722212316904 ) ) ;
#452 = CARTESIAN_POINT ( 'NONE',  ( 6.700000000000009059, 8.491666670056638111, 7.499999964322844548 ) ) ;
#453 = CARTESIAN_POINT ( 'NONE',  ( -4.904740436828961769, 11.00833333672330561, 2.595259615406009690 ) ) ;
#454 = CARTESIAN_POINT ( 'NONE',  ( 6.699999990440342224, -3.341666663276694482, 5.704740375034321076 ) ) ;
#455 = CARTESIAN_POINT ( 'NONE',  ( 4.904740384593996083, -5.991666663276689064, 2.595259563171031569 ) ) ;
#456 = CARTESIAN_POINT ( 'NONE',  ( -3.513843895041643517, 5.200000003389973813, 3.986156142380426370 ) ) ;
#457 = CARTESIAN_POINT ( 'NONE',  ( -3.349999969102668285, -0.8416666632766935940, 13.30237022319431972 ) ) ;
#458 =( BOUNDED_CURVE ( )  B_SPLINE_CURVE ( 2, ( #79, #1335, #1015, #554, #1680, #870, #604, #1511, #1760, #169, #482, #322, #803 ),
 .UNSPECIFIED., .F., .F. ) 
 B_SPLINE_CURVE_WITH_KNOTS ( ( 3, 2, 2, 2, 2, 2, 3 ),
 ( 0.4500000001714501985, 0.4666666666666666741, 0.4833333333333333370, 0.5000000000000000000, 0.5166666666666667185, 0.5333333333333333259, 0.5500000001714502318 ),
 .UNSPECIFIED. ) 
 CURVE ( )  GEOMETRIC_REPRESENTATION_ITEM ( )  RATIONAL_B_SPLINE_CURVE ( ( 1.000000000000000000, 0.9659258262890683122, 1.000000000000000000, 0.9659258262890683122, 1.000000000000000000, 0.9659258262890683122, 1.000000000000000000, 0.9659258262890683122, 1.000000000000000000, 0.9659258262890683122, 1.000000000000000000, 0.9659258262890683122, 1.000000000000000000 ) ) 
 REPRESENTATION_ITEM ( '' )  );
#459 = VECTOR ( 'NONE', #998, 1000.000000000000000 ) ;
#460 = CARTESIAN_POINT ( 'NONE',  ( 3.350000030897332337, 3.825000003389972481, 13.30237018751716249 ) ) ;
#461 = CARTESIAN_POINT ( 'NONE',  ( 4.503332113523955904, -4.466666663276694926, 10.09999997601998523 ) ) ;
#462 = CARTESIAN_POINT ( 'NONE',  ( 1.795259553611374903, -1.658333329943358470, 0.7999999904403330975 ) ) ;
#463 = ORIENTED_EDGE ( 'NONE', *, *, #1668, .T. ) ;
#464 = CARTESIAN_POINT ( 'NONE',  ( -3.350000030897316350, 9.825000003389972036, 1.697629812482836176 ) ) ;
#465 = EDGE_CURVE ( 'NONE', #1487, #338, #221, .T. ) ;
#466 = CARTESIAN_POINT ( 'NONE',  ( -1.795259553611358250, 3.325000003389972036, 14.20000000955966790 ) ) ;
#467 = CARTESIAN_POINT ( 'NONE',  ( 3.350000030897332337, 8.841666670056641308, 13.30237018751716249 ) ) ;
#468 = CARTESIAN_POINT ( 'NONE',  ( -6.699999999999994849, 2.491666670056638555, 7.500000035677153676 ) ) ;
#469 = CARTESIAN_POINT ( 'NONE',  ( -4.997906266348924653, -5.000000000000003553, 3.015240731760098658 ) ) ;
#470 = CARTESIAN_POINT ( 'NONE',  ( 4.156921925385436367, 4.033333336723306850, 5.099999977864601242 ) ) ;
#471 = CARTESIAN_POINT ( 'NONE',  ( 6.699999990440342224, 0.6583333367233060729, 5.704740375034321076 ) ) ;
#472 = CARTESIAN_POINT ( 'NONE',  ( 6.700000009559674119, 5.341666670056640420, 9.295259553611364467 ) ) ;
#473 = CARTESIAN_POINT ( 'NONE',  ( -2.555974732114141868E-08, 7.300000003389974346, 2.699999999999997513 ) ) ;
#474 = CARTESIAN_POINT ( 'NONE',  ( -3.349999969102668285, 0.1750000033899756224, 13.30237022319431972 ) ) ;
#475 = VERTEX_POINT ( 'NONE', #1761 ) ;
#476 = CARTESIAN_POINT ( 'NONE',  ( -6.699999999999994849, 2.491666670056638555, 7.500000035677153676 ) ) ;
#477 = CARTESIAN_POINT ( 'NONE',  ( -5.085747277682097334, -10.00000000000000178, 8.584054716123214135 ) ) ;
#478 = CARTESIAN_POINT ( 'NONE',  ( -2.599999976019977677, 0.8000000033899761220, 12.00333211352394969 ) ) ;
#479 = CARTESIAN_POINT ( 'NONE',  ( 5.802370223194325050, -6.824999996610025654, 10.84999996910267761 ) ) ;
#480 = CARTESIAN_POINT ( 'NONE',  ( -4.799999993151278233, 1.866666670056639887, 8.786156149229150003 ) ) ;
#481 = CARTESIAN_POINT ( 'NONE',  ( 6.699999990440342224, -3.341666663276694482, 5.704740375034321076 ) ) ;
#482 = CARTESIAN_POINT ( 'NONE',  ( 2.600000023980021613, -0.7999999966100280746, 12.00333208583421118 ) ) ;
#483 = CARTESIAN_POINT ( 'NONE',  ( 4.156921950945192457, 5.966666670056641308, 9.899999977864602840 ) ) ;
#484 = CARTESIAN_POINT ( 'NONE',  ( -5.802370187517154498, 3.841666670056641752, 10.85000003089732523 ) ) ;
#485 = ORIENTED_EDGE ( 'NONE', *, *, #1831, .T. ) ;
#486 = CARTESIAN_POINT ( 'NONE',  ( 3.349999969102685160, 1.158333336723306406, 1.697629776805681390 ) ) ;
#487 = CARTESIAN_POINT ( 'NONE',  ( -4.904740384593981872, -3.991666663276691729, 12.40474043682896976 ) ) ;
#488 = CARTESIAN_POINT ( 'NONE',  ( 3.567716210914794541E-08, -0.5083333299433605568, 14.20000000000000107 ) ) ;
#489 = CARTESIAN_POINT ( 'NONE',  ( 3.567716210914794541E-08, -8.508333329943360113, 14.20000000000000107 ) ) ;
#490 = CIRCLE ( 'NONE', #1660, 5.200000000000000178 ) ;
#491 = CARTESIAN_POINT ( 'NONE',  ( 2.555976178675968927E-08, 1.300000003389974790, 12.30000000000000249 ) ) ;
#492 = ADVANCED_FACE ( 'NONE', ( #1142 ), #445, .T. ) ;
#493 =( GEOMETRIC_REPRESENTATION_CONTEXT ( 3 ) GLOBAL_UNCERTAINTY_ASSIGNED_CONTEXT ( ( #1724 ) ) GLOBAL_UNIT_ASSIGNED_CONTEXT ( ( #343, #16, #1318 ) ) REPRESENTATION_CONTEXT ( 'NONE', 'WORKASPACE' ) );
#494 = CARTESIAN_POINT ( 'NONE',  ( 7.575710239463852410E-15, -10.29999999661002796, 2.299999999999999822 ) ) ;
#495 = ORIENTED_EDGE ( 'NONE', *, *, #367, .T. ) ;
#496 = CARTESIAN_POINT ( 'NONE',  ( 1.795259624965688472, -0.3416666632766948153, 14.19999999044033423 ) ) ;
#497 = CARTESIAN_POINT ( 'NONE',  ( 5.802370223194325050, -3.841666663276694482, 10.84999996910267761 ) ) ;
#498 = CARTESIAN_POINT ( 'NONE',  ( 6.700000009559674119, 1.341666670056641975, 9.295259553611364467 ) ) ;
#499 = CARTESIAN_POINT ( 'NONE',  ( -3.349999969102668285, -4.841666663276694038, 13.30237022319431972 ) ) ;
#500 = PRODUCT_CONTEXT ( 'NONE', #701, 'mechanical' ) ;
#501 = CARTESIAN_POINT ( 'NONE',  ( -5.199999992580549346, -1.966666663276694482, 8.893335828331576209 ) ) ;
#502 = CARTESIAN_POINT ( 'NONE',  ( -4.800000006848710754, 9.533333336723304186, 6.213843901890364840 ) ) ;
#503 = CARTESIAN_POINT ( 'NONE',  ( -3.513843857619565636, 0.8000000033899742347, 11.01384389504164751 ) ) ;
#504 = CARTESIAN_POINT ( 'NONE',  ( -5.199999999999993072, 9.866666670056638111, 7.500000027689733173 ) ) ;
#505 = ORIENTED_EDGE ( 'NONE', *, *, #1014, .F. ) ;
#506 = CARTESIAN_POINT ( 'NONE',  ( 3.567716210914794541E-08, 3.491666670056638555, 14.20000000000000107 ) ) ;
#507 = CARTESIAN_POINT ( 'NONE',  ( 3.567716210914794541E-08, -3.491666663276691285, 14.20000000000000107 ) ) ;
#508 = CARTESIAN_POINT ( 'NONE',  ( -6.699999999999994849, -1.508333329943361445, 7.500000035677153676 ) ) ;
#509 = FACE_BOUND ( 'NONE', #1276, .T. ) ;
#510 = CARTESIAN_POINT ( 'NONE',  ( -1.795259624965670708, -6.341666663276692262, 0.8000000095596632166 ) ) ;
#511 = CARTESIAN_POINT ( 'NONE',  ( -1.795259624965670708, 9.658333336723304186, 0.8000000095596632166 ) ) ;
#512 = CARTESIAN_POINT ( 'NONE',  ( 4.156921950945192457, 1.966666670056640864, 9.899999977864602840 ) ) ;
#513 = DIRECTION ( 'NONE',  ( 0.000000000000000000, 1.000000000000000000, 0.000000000000000000 ) ) ;
#514 = ORIENTED_EDGE ( 'NONE', *, *, #32, .T. ) ;
#515 = CARTESIAN_POINT ( 'NONE',  ( 1.795259553611374903, -2.674999996610027519, 0.7999999904403329865 ) ) ;
#516 = EDGE_CURVE ( 'NONE', #280, #1062, #389, .T. ) ;
#517 = CARTESIAN_POINT ( 'NONE',  ( 4.904740436828977757, -6.991666663276691729, 12.40474038459398365 ) ) ;
#518 = DIRECTION ( 'NONE',  ( 0.000000000000000000, 1.000000000000000000, 0.000000000000000000 ) ) ;
#519 = CARTESIAN_POINT ( 'NONE',  ( 3.567716210914794541E-08, -4.508333329943361001, 14.20000000000000107 ) ) ;
#520 = CARTESIAN_POINT ( 'NONE',  ( 6.700000009559674119, 8.325000003389972036, 9.295259553611364467 ) ) ;
#521 = CARTESIAN_POINT ( 'NONE',  ( 4.800000000000008704, 2.300000003389973902, 7.499999974440244799 ) ) ;
#522 = CARTESIAN_POINT ( 'NONE',  ( 1.393335828331581761, 5.300000003389975234, 12.69999999258055468 ) ) ;
#523 =( BOUNDED_CURVE ( )  B_SPLINE_CURVE ( 2, ( #1017, #712, #243, #702, #91, #1338, #1328, #1834, #391, #1974, #1672, #1320, #874 ),
 .UNSPECIFIED., .F., .T. ) 
 B_SPLINE_CURVE_WITH_KNOTS ( ( 3, 2, 2, 2, 2, 2, 3 ),
 ( 0.1500000001714501818, 0.1666666666666666574, 0.1833333333333333204, 0.2000000000000000111, 0.2166666666666666741, 0.2333333333333333370, 0.2500000001714501874 ),
 .UNSPECIFIED. ) 
 CURVE ( )  GEOMETRIC_REPRESENTATION_ITEM ( )  RATIONAL_B_SPLINE_CURVE ( ( 1.000000000000000000, 0.9659258262890683122, 1.000000000000000000, 0.9659258262890683122, 1.000000000000000000, 0.9659258262890683122, 1.000000000000000000, 0.9659258262890683122, 1.000000000000000000, 0.9659258262890683122, 1.000000000000000000, 0.9659258262890683122, 1.000000000000000000 ) ) 
 REPRESENTATION_ITEM ( '' )  );
#524 = VERTEX_POINT ( 'NONE', #1809 ) ;
#525 = CARTESIAN_POINT ( 'NONE',  ( 1.795259553611374903, -6.674999996610027075, 0.7999999904403329865 ) ) ;
#526 = CARTESIAN_POINT ( 'NONE',  ( 7.761344249178727204E-15, 7.133333333411145283, 2.299999999999999822 ) ) ;
#527 = CARTESIAN_POINT ( 'NONE',  ( 4.800000000000008704, -4.299999996610027964, 7.499999974440244799 ) ) ;
#528 = CARTESIAN_POINT ( 'NONE',  ( -5.802370187517154498, -5.174999996610027075, 10.85000003089732523 ) ) ;
#529 = CARTESIAN_POINT ( 'NONE',  ( 1.795259553611374903, 1.325000003389972036, 0.7999999904403329865 ) ) ;
#530 = EDGE_CURVE ( 'NONE', #730, #932, #552, .T. ) ;
#531 = CARTESIAN_POINT ( 'NONE',  ( 2.555976178675968927E-08, -2.699999996610025210, 12.30000000000000249 ) ) ;
#532 = CARTESIAN_POINT ( 'NONE',  ( 5.200000007419448345, 5.966666670056641308, 8.893335772952100982 ) ) ;
#533 = CARTESIAN_POINT ( 'NONE',  ( 1.795259624965688472, 7.658333336723305962, 14.19999999044033423 ) ) ;
#534 = ORIENTED_EDGE ( 'NONE', *, *, #1797, .T. ) ;
#535 = CARTESIAN_POINT ( 'NONE',  ( 5.802370187517169597, -7.174999996610028852, 4.149999969102674768 ) ) ;
#536 = CARTESIAN_POINT ( 'NONE',  ( 7.761344249178727204E-15, 0.8666666667444756778, 2.299999999999999822 ) ) ;
#537 = CARTESIAN_POINT ( 'NONE',  ( 5.200000007419448345, -2.033333329943356915, 8.893335772952100982 ) ) ;
#538 = CARTESIAN_POINT ( 'NONE',  ( -4.904740436828961769, -2.008333329943360113, 2.595259615406009690 ) ) ;
#539 = CYLINDRICAL_SURFACE ( 'NONE', #254, 5.200000000000000178 ) ;
#540 = CYLINDRICAL_SURFACE ( 'NONE', #419, 5.200000000000000178 ) ;
#541 = CARTESIAN_POINT ( 'NONE',  ( -5.802370223194311727, 10.15833333672330596, 4.150000030897321501 ) ) ;
#542 = VERTEX_POINT ( 'NONE', #1642 ) ;
#543 = CARTESIAN_POINT ( 'NONE',  ( 1.795259624965688472, 8.675000003389975234, 14.19999999044033601 ) ) ;
#544 = CARTESIAN_POINT ( 'NONE',  ( 6.753259929040523097E-15, 6.866666666744475123, 12.69999999999999574 ) ) ;
#545 = CARTESIAN_POINT ( 'NONE',  ( -3.513843895041643517, -2.799999996610026631, 3.986156142380426370 ) ) ;
#546 = CARTESIAN_POINT ( 'NONE',  ( 3.806664219628462131, 1.633333336723309603, 11.30666417908786592 ) ) ;
#547 = CARTESIAN_POINT ( 'NONE',  ( 1.795259624965688472, 3.658333336723305962, 14.19999999044033423 ) ) ;
#548 = CARTESIAN_POINT ( 'NONE',  ( 1.795259624965688472, 4.675000003389975234, 14.19999999044033423 ) ) ;
#549 = CARTESIAN_POINT ( 'NONE',  ( 7.575710239463852410E-15, -10.29999999661002796, 2.299999999999999822 ) ) ;
#550 = EDGE_CURVE ( 'NONE', #730, #180, #1019, .T. ) ;
#551 = ORIENTED_EDGE ( 'NONE', *, *, #149, .T. ) ;
#552 = CIRCLE ( 'NONE', #1518, 5.200000000000000178 ) ;
#553 = DIRECTION ( 'NONE',  ( 0.000000000000000000, 1.000000000000000000, 0.000000000000000000 ) ) ;
#554 = CARTESIAN_POINT ( 'NONE',  ( 3.806664179087877020, 0.3666666700566384440, 3.693335780371546306 ) ) ;
#555 = CARTESIAN_POINT ( 'NONE',  ( -1.795259553611358250, 7.325000003389972036, 14.20000000955966790 ) ) ;
#556 = CARTESIAN_POINT ( 'NONE',  ( -1.795259553611358028, 7.325000003389972925, 14.20000000955966790 ) ) ;
#557 = CARTESIAN_POINT ( 'NONE',  ( 1.795259624965688472, 0.6750000033899743457, 14.19999999044033423 ) ) ;
#558 = CYLINDRICAL_SURFACE ( 'NONE', #1859, 6.999999999999999112 ) ;
#559 = CARTESIAN_POINT ( 'NONE',  ( -4.799999999999995381, -10.29999999661002796, 7.500000025559753425 ) ) ;
#560 = DIRECTION ( 'NONE',  ( 0.9230769230769231282, -0.3846153846153844702, -4.915336019448057697E-09 ) ) ;
#561 = LINE ( 'NONE', #1334, #191 ) ;
#562 = CARTESIAN_POINT ( 'NONE',  ( 0.6399074199320147205, -4.999999999999994671, 12.82754450555801284 ) ) ;
#563 = CARTESIAN_POINT ( 'NONE',  ( 1.286156098109642265, -3.466666663276693594, 2.699999993151282585 ) ) ;
#564 = CARTESIAN_POINT ( 'NONE',  ( -3.349999969102668285, 7.158333336723305962, 13.30237022319431972 ) ) ;
#565 = CARTESIAN_POINT ( 'NONE',  ( -3.349999969102668285, 7.158333336723305962, 13.30237022319431972 ) ) ;
#566 = CARTESIAN_POINT ( 'NONE',  ( 3.350000030897332337, 0.8416666700566417525, 13.30237018751716249 ) ) ;
#567 = B_SPLINE_CURVE_WITH_KNOTS ( 'NONE', 3,
 ( #641, #790, #1725, #287 ),
 .UNSPECIFIED., .F., .F.,
 ( 4, 4 ),
 ( 0.000000000000000000, 0.001166226623878242928 ),
 .UNSPECIFIED. ) ;
#568 = CARTESIAN_POINT ( 'NONE',  ( -3.806664179087862365, -3.366666663276691729, 11.30666421962845192 ) ) ;
#569 = CARTESIAN_POINT ( 'NONE',  ( 3.567716210914794541E-08, 3.491666670056638555, 14.20000000000000107 ) ) ;
#570 = DIRECTION ( 'NONE',  ( 0.000000000000000000, 1.000000000000000000, 0.000000000000000000 ) ) ;
#571 = CARTESIAN_POINT ( 'NONE',  ( -3.350000030897316350, 6.841666670056642197, 1.697629812482836176 ) ) ;
#572 = CARTESIAN_POINT ( 'NONE',  ( -2.326016797978209816, -4.999999999999998224, 13.16378545641467213 ) ) ;
#573 = VERTEX_POINT ( 'NONE', #206 ) ;
#574 = CARTESIAN_POINT ( 'NONE',  ( -4.799999999999995381, -6.299999996610027964, 7.500000025559753425 ) ) ;
#575 = EDGE_CURVE ( 'NONE', #1656, #805, #1555, .T. ) ;
#576 = FILL_AREA_STYLE_COLOUR ( '', #720 ) ;
#577 = CARTESIAN_POINT ( 'NONE',  ( 6.700000000000009059, -7.508333329943360113, 7.499999964322844548 ) ) ;
#578 = CARTESIAN_POINT ( 'NONE',  ( 6.700000009559674119, -2.658333329943357359, 9.295259553611364467 ) ) ;
#579 = CARTESIAN_POINT ( 'NONE',  ( -4.156921925385422156, 6.033333336723305962, 9.900000022135397870 ) ) ;
#580 = DIRECTION ( 'NONE',  ( 0.000000000000000000, 0.000000000000000000, 1.000000000000000000 ) ) ;
#581 = VERTEX_POINT ( 'NONE', #1132 ) ;
#582 = CARTESIAN_POINT ( 'NONE',  ( 6.700000009559674119, 5.341666670056640420, 9.295259553611364467 ) ) ;
#583 = AXIS2_PLACEMENT_3D ( 'NONE', #1862, #1346, #1368 ) ;
#584 = CARTESIAN_POINT ( 'NONE',  ( -4.799999999999995381, -10.29999999661002796, 7.500000025559753425 ) ) ;
#585 = CARTESIAN_POINT ( 'NONE',  ( -4.904740436828961769, 7.008333336723307383, 2.595259615406009690 ) ) ;
#586 = CARTESIAN_POINT ( 'NONE',  ( 3.349999969102685160, -2.841666663276693594, 1.697629776805681390 ) ) ;
#587 = CARTESIAN_POINT ( 'NONE',  ( 3.567716210914794541E-08, 0.5083333367233087152, 14.20000000000000107 ) ) ;
#588 = CARTESIAN_POINT ( 'NONE',  ( -4.799999993151278233, 5.866666670056638999, 8.786156149229150003 ) ) ;
#589 = CARTESIAN_POINT ( 'NONE',  ( 4.800000006848724077, 7.533333336723305074, 8.786156098109632495 ) ) ;
#590 = VERTEX_POINT ( 'NONE', #1928 ) ;
#591 = CARTESIAN_POINT ( 'NONE',  ( 3.350000030897332337, -3.158333329943358248, 13.30237018751716249 ) ) ;
#592 = CARTESIAN_POINT ( 'NONE',  ( -4.503332113523940805, 11.80000000338997523, 4.900000023980012109 ) ) ;
#593 = CARTESIAN_POINT ( 'NONE',  ( 1.286156098109642265, -7.466666663276692262, 2.699999993151282585 ) ) ;
#594 = CARTESIAN_POINT ( 'NONE',  ( -3.350000030897316350, 9.825000003389972036, 1.697629812482836176 ) ) ;
#595 = CARTESIAN_POINT ( 'NONE',  ( -3.349999969102668285, 8.175000003389973458, 13.30237022319431972 ) ) ;
#596 = CARTESIAN_POINT ( 'NONE',  ( 6.700000000000009059, -3.508333329943361445, 7.499999964322844548 ) ) ;
#597 = CARTESIAN_POINT ( 'NONE',  ( 3.350000030897332337, -7.158333329943356915, 13.30237018751716249 ) ) ;
#598 = CARTESIAN_POINT ( 'NONE',  ( -4.799999999999995381, 5.700000003389972925, 7.500000025559753425 ) ) ;
#599 = CARTESIAN_POINT ( 'NONE',  ( 2.399999977864610834, 0.3666666700566402204, 3.343078049054815093 ) ) ;
#600 = CARTESIAN_POINT ( 'NONE',  ( 1.795259553611374903, 6.341666670056641308, 0.7999999904403329865 ) ) ;
#601 = CARTESIAN_POINT ( 'NONE',  ( -3.806664219628446144, 7.633333336723308271, 3.693335820912129197 ) ) ;
#602 = ORIENTED_EDGE ( 'NONE', *, *, #1908, .T. ) ;
#603 = CARTESIAN_POINT ( 'NONE',  ( 4.904740384593996083, 2.008333336723308271, 2.595259563171031569 ) ) ;
#604 = CARTESIAN_POINT ( 'NONE',  ( 5.200000000000006395, -0.1333333299433619445, 7.499999972310265939 ) ) ;
#605 = PLANE ( 'NONE',  #583 ) ;
#606 = CARTESIAN_POINT ( 'NONE',  ( 5.802370187517169597, 8.825000003389972036, 4.149999969102674768 ) ) ;
#607 = CARTESIAN_POINT ( 'NONE',  ( -1.795259624965670708, 10.67500000338997523, 0.8000000095596632166 ) ) ;
#608 = CARTESIAN_POINT ( 'NONE',  ( -5.802370187517154498, -5.174999996610027075, 10.85000003089732523 ) ) ;
#609 = CARTESIAN_POINT ( 'NONE',  ( -1.795259553611358028, -7.658333329943356027, 14.20000000955966790 ) ) ;
#610 = CARTESIAN_POINT ( 'NONE',  ( -4.156921950945177358, 5.366666670056639887, 5.100000022135394495 ) ) ;
#611 = CARTESIAN_POINT ( 'NONE',  ( -5.802370187517154498, 7.841666670056641308, 10.85000003089732523 ) ) ;
#612 = CARTESIAN_POINT ( 'NONE',  ( 6.699999990440342224, 4.658333336723305962, 5.704740375034321076 ) ) ;
#613 = ADVANCED_FACE ( 'NONE', ( #28 ), #1936, .F. ) ;
#614 = CARTESIAN_POINT ( 'NONE',  ( 7.761344342882780970E-15, -3.133333333255523545, 2.299999999999999822 ) ) ;
#615 = CARTESIAN_POINT ( 'NONE',  ( -3.349999969102668285, 4.175000003389975234, 13.30237022319431972 ) ) ;
#616 = ORIENTED_EDGE ( 'NONE', *, *, #1153, .F. ) ;
#617 = CARTESIAN_POINT ( 'NONE',  ( -2.399999977864594847, -5.633333329943360113, 11.65692195094518624 ) ) ;
#618 = CARTESIAN_POINT ( 'NONE',  ( 3.349999969102685160, 2.175000003389975678, 1.697629776805681390 ) ) ;
#619 = CARTESIAN_POINT ( 'NONE',  ( -5.199999992580549346, 0.3000000033899756224, 8.893335828331576209 ) ) ;
#620 = PLANE ( 'NONE',  #192 ) ;
#621 = CARTESIAN_POINT ( 'NONE',  ( 3.513843857619580291, 4.200000003389972036, 3.986156104958348934 ) ) ;
#622 = CARTESIAN_POINT ( 'NONE',  ( -4.800000006848710754, 5.533333336723305962, 6.213843901890364840 ) ) ;
#623 = STYLED_ITEM ( 'NONE', ( #410 ), #705 ) ;
#624 = CARTESIAN_POINT ( 'NONE',  ( 6.699999990440342224, 5.675000003389975234, 5.704740375034321076 ) ) ;
#625 = CARTESIAN_POINT ( 'NONE',  ( -6.699999990440328901, 3.675000003389975234, 9.295259624965680700 ) ) ;
#626 = ORIENTED_EDGE ( 'NONE', *, *, #1307, .F. ) ;
#627 = CARTESIAN_POINT ( 'NONE',  ( -6.699999999999994849, 6.491666670056638999, 7.500000035677153676 ) ) ;
#628 = CARTESIAN_POINT ( 'NONE',  ( 6.700000000000009059, 5.508333336723308271, 7.499999964322844548 ) ) ;
#629 = CARTESIAN_POINT ( 'NONE',  ( -4.503332085834205856, 0.4666666700566430848, 10.10000002398001406 ) ) ;
#630 = CARTESIAN_POINT ( 'NONE',  ( 6.938893903907228378E-15, -10.29999999661002796, 7.500000000000000000 ) ) ;
#631 = CARTESIAN_POINT ( 'NONE',  ( 4.800000000000008704, 3.700000003389972481, 7.499999974440244799 ) ) ;
#632 = CARTESIAN_POINT ( 'NONE',  ( 4.904740384593996083, -3.008333329943360557, 2.595259563171031569 ) ) ;
#633 = CARTESIAN_POINT ( 'NONE',  ( -4.904740436828961769, 7.008333336723307383, 2.595259615406009690 ) ) ;
#634 = CARTESIAN_POINT ( 'NONE',  ( -2.400000022135390765, 9.033333336723305962, 3.343078074614569850 ) ) ;
#635 = CARTESIAN_POINT ( 'NONE',  ( 4.800000006848724077, 6.133333336723306495, 8.786156098109632495 ) ) ;
#636 = CARTESIAN_POINT ( 'NONE',  ( -3.350000030897316350, -1.158333329943358248, 1.697629812482836176 ) ) ;
#637 = VERTEX_POINT ( 'NONE', #863 ) ;
#638 = CARTESIAN_POINT ( 'NONE',  ( -4.904740384593981872, 2.991666670056638111, 12.40474043682896976 ) ) ;
#639 = CARTESIAN_POINT ( 'NONE',  ( 3.567716210914794541E-08, 0.5083333367233087152, 14.20000000000000107 ) ) ;
#640 = CARTESIAN_POINT ( 'NONE',  ( -6.699999990440328901, 2.658333336723305962, 9.295259624965680700 ) ) ;
#641 = CARTESIAN_POINT ( 'NONE',  ( -5.519999991864061428, -10.00000000000000000, 7.500000029393715906 ) ) ;
#642 = EDGE_CURVE ( 'NONE', #371, #943, #523, .T. ) ;
#643 = CARTESIAN_POINT ( 'NONE',  ( -4.156921950945177358, -2.633333329943360557, 5.100000022135394495 ) ) ;
#644 = CARTESIAN_POINT ( 'NONE',  ( 6.699999990440342224, -7.341666663276694926, 5.704740375034321076 ) ) ;
#645 = CARTESIAN_POINT ( 'NONE',  ( -5.199999999999993072, 8.133333336723309159, 7.500000027689733173 ) ) ;
#646 = CARTESIAN_POINT ( 'NONE',  ( 1.393335772952111640, 6.966666670056641308, 2.299999992580558317 ) ) ;
#647 = ORIENTED_EDGE ( 'NONE', *, *, #916, .T. ) ;
#648 = CARTESIAN_POINT ( 'NONE',  ( -1.795259624965670708, 1.658333336723305074, 0.8000000095596632166 ) ) ;
#649 = CARTESIAN_POINT ( 'NONE',  ( 5.200000007419448345, 3.700000003389972036, 8.893335772952100982 ) ) ;
#650 = CARTESIAN_POINT ( 'NONE',  ( 4.904740384593996083, -5.991666663276689064, 2.595259563171031569 ) ) ;
#651 = CARTESIAN_POINT ( 'NONE',  ( -1.795259553611358250, -4.674999996610027075, 14.20000000955966790 ) ) ;
#652 = CLOSED_SHELL ( 'NONE', ( #58, #1533, #1817, #1371, #1036, #1411, #95, #1943, #120, #829, #2047, #31, #209, #746, #1843, #248, #912, #613, #492, #1880, #1608, #877, #1188 ) ) ;
#653 = CARTESIAN_POINT ( 'NONE',  ( -6.699999990440328901, -5.341666663276693150, 9.295259624965680700 ) ) ;
#654 = CARTESIAN_POINT ( 'NONE',  ( 3.349999969102685160, 9.158333336723304186, 1.697629776805681390 ) ) ;
#655 = VECTOR ( 'NONE', #1173, 1000.000000000000000 ) ;
#656 = CARTESIAN_POINT ( 'NONE',  ( -2.399999977864594847, 0.9666666700566418635, 11.65692195094518624 ) ) ;
#657 = AXIS2_PLACEMENT_3D ( 'NONE', #38, #1309, #380 ) ;
#658 = CARTESIAN_POINT ( 'NONE',  ( 5.200000000000006395, 6.133333336723308271, 7.499999972310265939 ) ) ;
#659 = ORIENTED_EDGE ( 'NONE', *, *, #1858, .T. ) ;
#660 = CARTESIAN_POINT ( 'NONE',  ( -6.699999990440328901, -1.341666663276693816, 9.295259624965680700 ) ) ;
#661 = CARTESIAN_POINT ( 'NONE',  ( 6.700000009559674119, -7.674999996610029740, 9.295259553611364467 ) ) ;
#662 = CARTESIAN_POINT ( 'NONE',  ( 6.699999990440342224, -2.324999996610024766, 5.704740375034321076 ) ) ;
#663 = CARTESIAN_POINT ( 'NONE',  ( 6.700000000000009059, -3.508333329943361445, 7.499999964322844548 ) ) ;
#664 = CARTESIAN_POINT ( 'NONE',  ( -3.513843857619565636, 2.200000003389972925, 11.01384389504164751 ) ) ;
#665 = CARTESIAN_POINT ( 'NONE',  ( -3.806664179087861921, -1.633333329943361223, 11.30666421962845014 ) ) ;
#666 = CARTESIAN_POINT ( 'NONE',  ( -3.513843895041643517, -0.1999999966100247384, 3.986156142380426370 ) ) ;
#667 = CARTESIAN_POINT ( 'NONE',  ( 6.753259929040523097E-15, 5.133333333411146171, 12.69999999999999574 ) ) ;
#668 = ORIENTED_EDGE ( 'NONE', *, *, #149, .F. ) ;
#669 = CARTESIAN_POINT ( 'NONE',  ( -4.904740436828961769, -2.008333329943360113, 2.595259615406009690 ) ) ;
#670 = CARTESIAN_POINT ( 'NONE',  ( 6.700000009559674119, -3.674999996610026631, 9.295259553611364467 ) ) ;
#671 = CARTESIAN_POINT ( 'NONE',  ( 3.349999969102685160, -5.824999996610024766, 1.697629776805681390 ) ) ;
#672 = CARTESIAN_POINT ( 'NONE',  ( -5.749999999999994671, 10.09583333672330596, 7.500000030618453550 ) ) ;
#673 = CARTESIAN_POINT ( 'NONE',  ( -5.802370187517154498, -9.174999996610026187, 10.85000003089732523 ) ) ;
#674 = CARTESIAN_POINT ( 'NONE',  ( -2.827162949131591052, -5.000000000000000888, 1.931769291522771992 ) ) ;
#675 = CARTESIAN_POINT ( 'NONE',  ( -4.799999999999995381, -3.699999996610026098, 7.500000025559753425 ) ) ;
#676 = CARTESIAN_POINT ( 'NONE',  ( 3.806664219628462131, 5.633333336723308271, 11.30666417908786592 ) ) ;
#677 = CARTESIAN_POINT ( 'NONE',  ( -3.567714741084677945E-08, 9.491666670056638111, 0.7999999999999977129 ) ) ;
#678 = EDGE_CURVE ( 'NONE', #1997, #1107, #155, .T. ) ;
#679 = CARTESIAN_POINT ( 'NONE',  ( -5.802370187517154498, -4.158333329943357803, 10.85000003089732523 ) ) ;
#680 = CARTESIAN_POINT ( 'NONE',  ( 7.761344249178727204E-15, 8.866666666744475123, 2.299999999999999822 ) ) ;
#681 = CARTESIAN_POINT ( 'NONE',  ( -2.600000023980005182, -2.799999996610027519, 2.996667914165785263 ) ) ;
#682 = CARTESIAN_POINT ( 'NONE',  ( -5.802370187517154498, 6.825000003389972036, 10.85000003089732523 ) ) ;
#683 = CARTESIAN_POINT ( 'NONE',  ( -4.904740436828961769, 1.991666670056639887, 2.595259615406009690 ) ) ;
#684 = CARTESIAN_POINT ( 'NONE',  ( 4.800000006848724077, -1.866666663276691285, 8.786156098109632495 ) ) ;
#685 = CARTESIAN_POINT ( 'NONE',  ( -5.199999992580549346, 4.300000003389975234, 8.893335828331576209 ) ) ;
#686 = VECTOR ( 'NONE', #1837, 1000.000000000000000 ) ;
#687 = CARTESIAN_POINT ( 'NONE',  ( -6.700000009559659908, 10.32500000338996848, 5.704740446388631092 ) ) ;
#688 = ORIENTED_EDGE ( 'NONE', *, *, #398, .F. ) ;
#689 = CARTESIAN_POINT ( 'NONE',  ( 6.699999990440342224, -7.341666663276694926, 5.704740375034321076 ) ) ;
#690 = FACE_OUTER_BOUND ( 'NONE', #347, .T. ) ;
#691 = PLANE ( 'NONE',  #1483 ) ;
#692 = CARTESIAN_POINT ( 'NONE',  ( 1.393335828331581761, 1.300000003389974568, 12.69999999258055468 ) ) ;
#693 = CARTESIAN_POINT ( 'NONE',  ( -4.904740384593981872, -1.008333329943361001, 12.40474043682896976 ) ) ;
#694 = CARTESIAN_POINT ( 'NONE',  ( 3.513843857619580291, 2.800000003389973902, 3.986156104958348934 ) ) ;
#695 = DIRECTION ( 'NONE',  ( 0.000000000000000000, 1.000000000000000000, 0.000000000000000000 ) ) ;
#696 = CARTESIAN_POINT ( 'NONE',  ( 5.802370187517169597, 8.825000003389972036, 4.149999969102674768 ) ) ;
#697 = VERTEX_POINT ( 'NONE', #726 ) ;
#698 = CARTESIAN_POINT ( 'NONE',  ( -5.802370187517154498, 7.841666670056641308, 10.85000003089732523 ) ) ;
#699 = CARTESIAN_POINT ( 'NONE',  ( 4.800000006848724077, 10.13333333672330561, 8.786156098109632495 ) ) ;
#700 = CARTESIAN_POINT ( 'NONE',  ( 6.938893903907228378E-15, -10.00000000000000000, 14.49999999999999822 ) ) ;
#701 = APPLICATION_CONTEXT ( 'automotive_design' ) ;
#702 = CARTESIAN_POINT ( 'NONE',  ( -3.806664179087861921, 6.366666670056638999, 11.30666421962845014 ) ) ;
#703 = CARTESIAN_POINT ( 'NONE',  ( -3.349999969102668285, 3.158333336723305518, 13.30237022319431972 ) ) ;
#704 = CARTESIAN_POINT ( 'NONE',  ( 3.349999969102685160, -1.824999996610024322, 1.697629776805681390 ) ) ;
#705 = MANIFOLD_SOLID_BREP ( 'Boss-Extrude3', #652 ) ;
#706 = CARTESIAN_POINT ( 'NONE',  ( -1.286156098109626278, -6.866666663276690841, 12.30000000684871786 ) ) ;
#707 = ORIENTED_EDGE ( 'NONE', *, *, #1219, .F. ) ;
#708 = CARTESIAN_POINT ( 'NONE',  ( -5.199999999999993072, -10.29999999661002796, 7.500000027689733173 ) ) ;
#709 = CARTESIAN_POINT ( 'NONE',  ( 6.753259836952056465E-15, 1.133333333411145949, 12.69999999999999574 ) ) ;
#710 = CARTESIAN_POINT ( 'NONE',  ( 4.156921925385436367, 0.03333333672330546227, 5.099999977864601242 ) ) ;
#711 = CARTESIAN_POINT ( 'NONE',  ( -1.795259624965670708, 9.658333336723305962, 0.8000000095596632166 ) ) ;
#712 = CARTESIAN_POINT ( 'NONE',  ( -1.393335772952095430, 6.700000003389971148, 12.70000000741944213 ) ) ;
#713 = CARTESIAN_POINT ( 'NONE',  ( 6.699999990440342224, 0.6583333367233060729, 5.704740375034321076 ) ) ;
#714 = CARTESIAN_POINT ( 'NONE',  ( -6.699999999999994849, 3.508333336723307827, 7.500000035677153676 ) ) ;
#715 = CARTESIAN_POINT ( 'NONE',  ( 1.286156098109642265, 8.533333336723304186, 2.699999993151282585 ) ) ;
#716 = LINE ( 'NONE', #549, #655 ) ;
#717 = CARTESIAN_POINT ( 'NONE',  ( 6.700000000000009059, 8.491666670056638111, 7.499999964322844548 ) ) ;
#718 = CARTESIAN_POINT ( 'NONE',  ( -2.600000023980005626, 7.466666670056642197, 2.996667914165785707 ) ) ;
#719 = ORIENTED_EDGE ( 'NONE', *, *, #1003, .T. ) ;
#720 = COLOUR_RGB ( '',0.7921568627450980005, 0.8196078431372548767, 0.9333333333333333481 ) ;
#721 = LINE ( 'NONE', #708, #1413 ) ;
#722 = PRODUCT_DEFINITION_FORMATION_WITH_SPECIFIED_SOURCE ( 'Symmetric', '', #1082, .NOT_KNOWN. ) ;
#723 = CARTESIAN_POINT ( 'NONE',  ( 7.575710239463852410E-15, -10.29999999661002796, 2.299999999999999822 ) ) ;
#724 = CARTESIAN_POINT ( 'NONE',  ( -2.400000022135390765, -2.966666663276693594, 3.343078074614569850 ) ) ;
#725 = CARTESIAN_POINT ( 'NONE',  ( -3.567714741084677945E-08, 5.491666670056638999, 0.7999999999999977129 ) ) ;
#726 = CARTESIAN_POINT ( 'NONE',  ( 6.753259929040523097E-15, 2.866666666744474679, 12.69999999999999574 ) ) ;
#727 = CARTESIAN_POINT ( 'NONE',  ( 6.699999990440342224, -2.324999996610024766, 5.704740375034321076 ) ) ;
#728 = CARTESIAN_POINT ( 'NONE',  ( -3.349999969102668285, 7.158333336723305962, 13.30237022319431972 ) ) ;
#729 = EDGE_CURVE ( 'NONE', #1437, #542, #738, .T. ) ;
#730 = VERTEX_POINT ( 'NONE', #477 ) ;
#731 = CARTESIAN_POINT ( 'NONE',  ( -4.904740384593981872, 8.008333336723309159, 12.40474043682896976 ) ) ;
#732 = CARTESIAN_POINT ( 'NONE',  ( -1.286156149229137347, 11.46666667005664131, 2.700000006848713774 ) ) ;
#733 = CARTESIAN_POINT ( 'NONE',  ( 7.761344249178727204E-15, 8.866666666744475123, 2.299999999999999822 ) ) ;
#734 = CARTESIAN_POINT ( 'NONE',  ( 4.904740384593996083, 8.991666670056638111, 2.595259563171031569 ) ) ;
#735 = CARTESIAN_POINT ( 'NONE',  ( 5.802370187517169597, 8.825000003389972036, 4.149999969102674768 ) ) ;
#736 =( NAMED_UNIT ( * ) SI_UNIT ( $, .STERADIAN. ) SOLID_ANGLE_UNIT ( ) );
#737 = CARTESIAN_POINT ( 'NONE',  ( 3.350000030897332337, -8.174999996610026187, 13.30237018751716249 ) ) ;
#738 =( BOUNDED_CURVE ( )  B_SPLINE_CURVE ( 2, ( #234, #692, #1965, #546, #382, #1008, #1170, #854, #1492, #759, #1873, #747, #296 ),
 .UNSPECIFIED., .F., .F. ) 
 B_SPLINE_CURVE_WITH_KNOTS ( ( 3, 2, 2, 2, 2, 2, 3 ),
 ( 0.4499999998285497682, 0.4666666666666666741, 0.4833333333333332815, 0.5000000000000000000, 0.5166666666666666075, 0.5333333333333333259, 0.5499999998285498570 ),
 .UNSPECIFIED. ) 
 CURVE ( )  GEOMETRIC_REPRESENTATION_ITEM ( )  RATIONAL_B_SPLINE_CURVE ( ( 1.000000000000000000, 0.9659258262890683122, 1.000000000000000000, 0.9659258262890683122, 1.000000000000000000, 0.9659258262890683122, 1.000000000000000000, 0.9659258262890683122, 1.000000000000000000, 0.9659258262890683122, 1.000000000000000000, 0.9659258262890683122, 1.000000000000000000 ) ) 
 REPRESENTATION_ITEM ( '' )  );
#739 = CARTESIAN_POINT ( 'NONE',  ( -5.802370223194311727, -4.824999996610023878, 4.150000030897321501 ) ) ;
#740 = CARTESIAN_POINT ( 'NONE',  ( 4.156921950945192457, 3.366666670056639443, 9.899999977864602840 ) ) ;
#741 = CARTESIAN_POINT ( 'NONE',  ( -4.799999999999995381, 9.700000003389972036, 7.500000025559753425 ) ) ;
#742 = DIRECTION ( 'NONE',  ( 0.000000000000000000, 0.000000000000000000, 1.000000000000000000 ) ) ;
#743 = CARTESIAN_POINT ( 'NONE',  ( 6.753259929040523097E-15, 2.866666666744474679, 12.69999999999999574 ) ) ;
#744 = CARTESIAN_POINT ( 'NONE',  ( -1.577315750483775147, -4.999999999999994671, 13.22324023942005056 ) ) ;
#745 = CARTESIAN_POINT ( 'NONE',  ( 4.799999993151293332, -4.133333329943361001, 6.213843850770855326 ) ) ;
#746 = ADVANCED_FACE ( 'NONE', ( #122 ), #804, .T. ) ;
#747 = CARTESIAN_POINT ( 'NONE',  ( 1.393335772952111640, 2.966666670056641752, 2.299999992580558317 ) ) ;
#748 = CARTESIAN_POINT ( 'NONE',  ( 1.795259553611374903, -6.674999996610027075, 0.7999999904403329865 ) ) ;
#749 = CARTESIAN_POINT ( 'NONE',  ( -3.350000030897316350, -1.158333329943358248, 1.697629812482836176 ) ) ;
#750 = CARTESIAN_POINT ( 'NONE',  ( -2.399999977864594847, 2.366666670056639443, 11.65692195094518624 ) ) ;
#751 = CARTESIAN_POINT ( 'NONE',  ( 3.513843857619580291, 8.200000003389973813, 3.986156104958348934 ) ) ;
#752 = DIRECTION ( 'NONE',  ( 0.000000000000000000, 0.000000000000000000, 1.000000000000000000 ) ) ;
#753 = CARTESIAN_POINT ( 'NONE',  ( -6.699999990440328901, -4.324999996610022102, 9.295259624965680700 ) ) ;
#754 = CARTESIAN_POINT ( 'NONE',  ( -4.800000006848710754, -6.466666663276693150, 6.213843901890364840 ) ) ;
#755 = CARTESIAN_POINT ( 'NONE',  ( 0.1684762824849487528, -5.000000000000000888, 12.99497932661074984 ) ) ;
#756 = CARTESIAN_POINT ( 'NONE',  ( -4.799999993151278233, -6.133333329943358336, 8.786156149229150003 ) ) ;
#757 = CARTESIAN_POINT ( 'NONE',  ( -5.802370223194311727, 6.158333336723305962, 4.150000030897321501 ) ) ;
#758 = AXIS2_PLACEMENT_3D ( 'NONE', #1168, #1820, #1470 ) ;
#759 = CARTESIAN_POINT ( 'NONE',  ( 3.806664179087877020, 2.633333336723308271, 3.693335780371546306 ) ) ;
#760 = CARTESIAN_POINT ( 'NONE',  ( 5.802370187517169597, 9.841666670056641308, 4.149999969102674768 ) ) ;
#761 = CARTESIAN_POINT ( 'NONE',  ( -5.283652597367521686, -5.000000000000009770, 3.356235010571451571 ) ) ;
#762 = CARTESIAN_POINT ( 'NONE',  ( -2.400000022135390765, 1.033333336723306406, 3.343078074614569850 ) ) ;
#763 = FACE_OUTER_BOUND ( 'NONE', #1127, .T. ) ;
#764 = CARTESIAN_POINT ( 'NONE',  ( -3.349999969102668285, -3.824999996610024322, 13.30237022319431972 ) ) ;
#765 = CARTESIAN_POINT ( 'NONE',  ( 1.286156149229154222, -9.133333329943361889, 12.29999999315128179 ) ) ;
#766 = CARTESIAN_POINT ( 'NONE',  ( -5.802370223194311727, 11.17500000338997523, 4.150000030897321501 ) ) ;
#767 = CARTESIAN_POINT ( 'NONE',  ( -6.699999999999994849, 11.50833333672330738, 7.500000035677153676 ) ) ;
#768 = CARTESIAN_POINT ( 'NONE',  ( 6.938893903907228378E-15, -5.000000000000000000, 7.500000000000000000 ) ) ;
#769 = CARTESIAN_POINT ( 'NONE',  ( 2.399999977864610834, 4.366666670056639887, 3.343078049054815093 ) ) ;
#770 = CARTESIAN_POINT ( 'NONE',  ( 5.802370223194325050, 0.1583333367233055733, 10.84999996910267761 ) ) ;
#771 = EDGE_CURVE ( 'NONE', #805, #1656, #490, .T. ) ;
#772 = CARTESIAN_POINT ( 'NONE',  ( 2.555976178675968927E-08, 9.300000003389975234, 12.30000000000000249 ) ) ;
#773 = EDGE_CURVE ( 'NONE', #1572, #1997, #1007, .T. ) ;
#774 = CARTESIAN_POINT ( 'NONE',  ( 1.393335772952111640, -3.299999996610028408, 2.299999992580558317 ) ) ;
#775 = CARTESIAN_POINT ( 'NONE',  ( -6.700000009559659908, -0.6583333299433579144, 5.704740446388631092 ) ) ;
#776 = CARTESIAN_POINT ( 'NONE',  ( 2.400000022135406752, -8.966666663276692262, 11.65692192538542926 ) ) ;
#777 = CARTESIAN_POINT ( 'NONE',  ( 3.567716210914794541E-08, 3.491666670056638555, 14.20000000000000107 ) ) ;
#778 = CARTESIAN_POINT ( 'NONE',  ( -3.567714741084677945E-08, 2.508333336723308715, 0.7999999999999977129 ) ) ;
#779 = CARTESIAN_POINT ( 'NONE',  ( 4.904740384593996083, 10.00833333672330916, 2.595259563171031569 ) ) ;
#780 = CARTESIAN_POINT ( 'NONE',  ( -6.001864751503746653, -5.000000000000004441, 10.51083778590185425 ) ) ;
#781 = CARTESIAN_POINT ( 'NONE',  ( 2.555976178675968927E-08, 6.700000003389972925, 12.30000000000000249 ) ) ;
#782 = CARTESIAN_POINT ( 'NONE',  ( 3.513843895041659948, 7.200000003389972036, 11.01384385761957141 ) ) ;
#783 = CARTESIAN_POINT ( 'NONE',  ( -6.699999990440328901, -1.341666663276693816, 9.295259624965680700 ) ) ;
#784 = CARTESIAN_POINT ( 'NONE',  ( -3.513843857619565636, 8.800000003389975234, 11.01384389504164751 ) ) ;
#785 = LINE ( 'NONE', #1412, #1174 ) ;
#786 = ORIENTED_EDGE ( 'NONE', *, *, #530, .T. ) ;
#787 = CARTESIAN_POINT ( 'NONE',  ( -3.567714741084677945E-08, 1.491666670056639443, 0.7999999999999977129 ) ) ;
#788 = CARTESIAN_POINT ( 'NONE',  ( 3.350000030897332337, 4.841666670056642197, 13.30237018751716249 ) ) ;
#789 = CARTESIAN_POINT ( 'NONE',  ( 5.802370223194325050, -3.841666663276694482, 10.84999996910267761 ) ) ;
#790 = CARTESIAN_POINT ( 'NONE',  ( -5.417052422467968142, -10.00000000000000000, 7.880669130326593219 ) ) ;
#791 = CARTESIAN_POINT ( 'NONE',  ( -1.286156149229137347, 0.8666666700566389991, 2.700000006848713774 ) ) ;
#792 = CARTESIAN_POINT ( 'NONE',  ( -2.400000022135390765, 7.633333336723308271, 3.343078074614569850 ) ) ;
#793 = CARTESIAN_POINT ( 'NONE',  ( 3.350000030897332337, 0.8416666700566417525, 13.30237018751716249 ) ) ;
#794 = EDGE_CURVE ( 'NONE', #995, #573, #1505, .T. ) ;
#795 = ORIENTED_EDGE ( 'NONE', *, *, #1797, .F. ) ;
#796 = CARTESIAN_POINT ( 'NONE',  ( 5.802370187517169597, 4.825000003389972925, 4.149999969102674768 ) ) ;
#797 = CARTESIAN_POINT ( 'NONE',  ( 5.802370223194325050, 1.175000003389974790, 10.84999996910267761 ) ) ;
#798 = CARTESIAN_POINT ( 'NONE',  ( 3.349999969102685160, -2.841666663276693594, 1.697629776805681390 ) ) ;
#799 = CARTESIAN_POINT ( 'NONE',  ( -4.675909462422872309, -5.000000000000002665, 2.701472027879360915 ) ) ;
#800 = CARTESIAN_POINT ( 'NONE',  ( -4.800000006848710754, -2.466666663276692706, 6.213843901890364840 ) ) ;
#801 = CARTESIAN_POINT ( 'NONE',  ( -6.700000009559659908, -5.674999996610027964, 5.704740446388631092 ) ) ;
#802 = CARTESIAN_POINT ( 'NONE',  ( -3.783807002279756748, -4.999999999999986677, 2.228296524168135395 ) ) ;
#803 = CARTESIAN_POINT ( 'NONE',  ( 6.753259836952056465E-15, -1.133333333255524433, 12.69999999999999574 ) ) ;
#804 =( BOUNDED_SURFACE ( )  B_SPLINE_SURFACE ( 1, 2, ( 
 ( #2010, #1905, #766, #453, #1584, #607, #1393, #1539, #1248, #1864, #1746, #1215, #1258, #1574, #111, #443, #467, #1087, #1550, #433, #595, #1561, #924, #1712, #274, #1237, #1703, #585, #1886, #934, #1055, #1382, #2039, #2020, #2050, #2030, #628, #1404, #1078, #891, #788, #1896, #1372, #1417, #1734, #901, #153, #264, #1226, #1066, #285, #1722, #142, #913, #778, #133, #618, #1953, #966, #1109, #1121, #498, #797, #196, #183, #362, #639, #807, #1620, #1611, #815, #1916, #47, #1426, #1289, #1297, #350, #1777, #1449, #1097, #26, #1768, #341, #662, #4, #825, #1934, #988, #1267, #1440, #507, #175, #1130, #487, #679, #1461, #330, #1631, #957, #1786, #975, #1756, #14, #37, #671, #650, #1280, #1640, #1944, #1138, #1926, #517, #1793, #203, #832, #1469, #1308, #317, #945, #1597, #164 ),
 ( #1167, #1510, #1489, #1524, #78, #732, #1178, #1147, #68, #1805, #212, #842, #1158, #699, #148, #918, #449, #1911, #772, #1434, #1901, #784, #1273, #302, #1567, #1242, #930, #1580, #792, #1410, #473, #2045, #1093, #1752, #312, #940, #1589, #635, #483, #326, #952, #1605, #170, #128, #907, #1124, #1644, #1292, #1303, #1930, #1781, #20, #179, #1636, #1937, #368, #1948, #694, #1313, #208, #521, #992, #512, #216, #345, #1143, #491, #837, #656, #503, #199, #1133, #1117, #43, #1772, #666, #1474, #1625, #846, #828, #1484, #53, #1800, #335, #1654, #684, #961, #63, #1958, #810, #531, #1322, #970, #1444, #355, #1283, #675, #1154, #1811, #983, #1464, #1615, #377, #189, #1002, #821, #1455, #1038, #1029, #1206, #1495, #1675, #404, #394, #1685, #706, #895, #1695, #74, #413, #1977 ) ),
 .UNSPECIFIED., .F., .F., .T. ) 
 B_SPLINE_SURFACE_WITH_KNOTS ( ( 2, 2 ),
 ( 3, 2, 2, 2, 2, 2, 2, 2, 2, 2, 2, 2, 2, 2, 2, 2, 2, 2, 2, 2, 2, 2, 2, 2, 2, 2, 2, 2, 2, 2, 2, 2, 2, 2, 2, 2, 2, 2, 2, 2, 2, 2, 2, 2, 2, 2, 2, 2, 2, 2, 2, 2, 2, 2, 2, 2, 2, 2, 2, 2, 3 ),
 ( 0.000000000000000000, 1.000000000000000000 ),
 ( 0.000000000000000000, 0.01666666666666666644, 0.03333333333333333287, 0.05000000000000000278, 0.06666666666666666574, 0.08333333333333332871, 0.1000000000000000056, 0.1166666666666666685, 0.1333333333333333315, 0.1499999999999999944, 0.1666666666666666574, 0.1833333333333333204, 0.2000000000000000111, 0.2166666666666666741, 0.2333333333333333370, 0.2500000000000000000, 0.2666666666666666630, 0.2833333333333333259, 0.2999999999999999889, 0.3166666666666666519, 0.3333333333333333148, 0.3499999999999999778, 0.3666666666666666408, 0.3833333333333333592, 0.4000000000000000222, 0.4166666666666666852, 0.4333333333333333481, 0.4500000000000000111, 0.4666666666666666741, 0.4833333333333333370, 0.5000000000000000000, 0.5166666666666667185, 0.5333333333333333259, 0.5500000000000000444, 0.5666666666666666519, 0.5833333333333333703, 0.5999999999999999778, 0.6166666666666666963, 0.6333333333333333037, 0.6500000000000000222, 0.6666666666666666297, 0.6833333333333333481, 0.6999999999999999556, 0.7166666666666666741, 0.7333333333333332815, 0.7500000000000000000, 0.7666666666666667185, 0.7833333333333333259, 0.8000000000000000444, 0.8166666666666666519, 0.8333333333333333703, 0.8499999999999999778, 0.8666666666666666963, 0.8833333333333333037, 0.9000000000000000222, 0.9166666666666666297, 0.9333333333333333481, 0.9499999999999999556, 0.9666666666666666741, 0.9833333333333332815, 1.000000000000000000 ),
 .UNSPECIFIED. ) 
 GEOMETRIC_REPRESENTATION_ITEM ( )  RATIONAL_B_SPLINE_SURFACE ( (
 ( 1.000000000000000000, 0.9659258262890683122, 1.000000000000000000, 0.9659258262890683122, 1.000000000000000000, 0.9659258262890683122, 1.000000000000000000, 0.9659258262890683122, 1.000000000000000000, 0.9659258262890683122, 1.000000000000000000, 0.9659258262890683122, 1.000000000000000000, 0.9659258262890683122, 1.000000000000000000, 0.9659258262890683122, 1.000000000000000000, 0.9659258262890683122, 1.000000000000000000, 0.9659258262890683122, 1.000000000000000000, 0.9659258262890683122, 1.000000000000000000, 0.9659258262890683122, 1.000000000000000000, 0.9659258262890683122, 1.000000000000000000, 0.9659258262890683122, 1.000000000000000000, 0.9659258262890683122, 1.000000000000000000, 0.9659258262890683122, 1.000000000000000000, 0.9659258262890683122, 1.000000000000000000, 0.9659258262890683122, 1.000000000000000000, 0.9659258262890683122, 1.000000000000000000, 0.9659258262890683122, 1.000000000000000000, 0.9659258262890683122, 1.000000000000000000, 0.9659258262890683122, 1.000000000000000000, 0.9659258262890683122, 1.000000000000000000, 0.9659258262890683122, 1.000000000000000000, 0.9659258262890683122, 1.000000000000000000, 0.9659258262890683122, 1.000000000000000000, 0.9659258262890683122, 1.000000000000000000, 0.9659258262890683122, 1.000000000000000000, 0.9659258262890683122, 1.000000000000000000, 0.9659258262890683122, 1.000000000000000000, 0.9659258262890683122, 1.000000000000000000, 0.9659258262890683122, 1.000000000000000000, 0.9659258262890683122, 1.000000000000000000, 0.9659258262890683122, 1.000000000000000000, 0.9659258262890683122, 1.000000000000000000, 0.9659258262890683122, 1.000000000000000000, 0.9659258262890683122, 1.000000000000000000, 0.9659258262890683122, 1.000000000000000000, 0.9659258262890683122, 1.000000000000000000, 0.9659258262890683122, 1.000000000000000000, 0.9659258262890683122, 1.000000000000000000, 0.9659258262890683122, 1.000000000000000000, 0.9659258262890683122, 1.000000000000000000, 0.9659258262890683122, 1.000000000000000000, 0.9659258262890683122, 1.000000000000000000, 0.9659258262890683122, 1.000000000000000000, 0.9659258262890683122, 1.000000000000000000, 0.9659258262890683122, 1.000000000000000000, 0.9659258262890683122, 1.000000000000000000, 0.9659258262890683122, 1.000000000000000000, 0.9659258262890683122, 1.000000000000000000, 0.9659258262890683122, 1.000000000000000000, 0.9659258262890683122, 1.000000000000000000, 0.9659258262890683122, 1.000000000000000000, 0.9659258262890683122, 1.000000000000000000, 0.9659258262890683122, 1.000000000000000000, 0.9659258262890683122, 1.000000000000000000, 0.9659258262890683122, 1.000000000000000000, 0.9659258262890683122, 1.000000000000000000, 0.9659258262890683122, 1.000000000000000000),
 ( 1.000000000000000000, 0.9659258262890683122, 1.000000000000000000, 0.9659258262890683122, 1.000000000000000000, 0.9659258262890683122, 1.000000000000000000, 0.9659258262890683122, 1.000000000000000000, 0.9659258262890683122, 1.000000000000000000, 0.9659258262890683122, 1.000000000000000000, 0.9659258262890683122, 1.000000000000000000, 0.9659258262890683122, 1.000000000000000000, 0.9659258262890683122, 1.000000000000000000, 0.9659258262890683122, 1.000000000000000000, 0.9659258262890683122, 1.000000000000000000, 0.9659258262890683122, 1.000000000000000000, 0.9659258262890683122, 1.000000000000000000, 0.9659258262890683122, 1.000000000000000000, 0.9659258262890683122, 1.000000000000000000, 0.9659258262890683122, 1.000000000000000000, 0.9659258262890683122, 1.000000000000000000, 0.9659258262890683122, 1.000000000000000000, 0.9659258262890683122, 1.000000000000000000, 0.9659258262890683122, 1.000000000000000000, 0.9659258262890683122, 1.000000000000000000, 0.9659258262890683122, 1.000000000000000000, 0.9659258262890683122, 1.000000000000000000, 0.9659258262890683122, 1.000000000000000000, 0.9659258262890683122, 1.000000000000000000, 0.9659258262890683122, 1.000000000000000000, 0.9659258262890683122, 1.000000000000000000, 0.9659258262890683122, 1.000000000000000000, 0.9659258262890683122, 1.000000000000000000, 0.9659258262890683122, 1.000000000000000000, 0.9659258262890683122, 1.000000000000000000, 0.9659258262890683122, 1.000000000000000000, 0.9659258262890683122, 1.000000000000000000, 0.9659258262890683122, 1.000000000000000000, 0.9659258262890683122, 1.000000000000000000, 0.9659258262890683122, 1.000000000000000000, 0.9659258262890683122, 1.000000000000000000, 0.9659258262890683122, 1.000000000000000000, 0.9659258262890683122, 1.000000000000000000, 0.9659258262890683122, 1.000000000000000000, 0.9659258262890683122, 1.000000000000000000, 0.9659258262890683122, 1.000000000000000000, 0.9659258262890683122, 1.000000000000000000, 0.9659258262890683122, 1.000000000000000000, 0.9659258262890683122, 1.000000000000000000, 0.9659258262890683122, 1.000000000000000000, 0.9659258262890683122, 1.000000000000000000, 0.9659258262890683122, 1.000000000000000000, 0.9659258262890683122, 1.000000000000000000, 0.9659258262890683122, 1.000000000000000000, 0.9659258262890683122, 1.000000000000000000, 0.9659258262890683122, 1.000000000000000000, 0.9659258262890683122, 1.000000000000000000, 0.9659258262890683122, 1.000000000000000000, 0.9659258262890683122, 1.000000000000000000, 0.9659258262890683122, 1.000000000000000000, 0.9659258262890683122, 1.000000000000000000, 0.9659258262890683122, 1.000000000000000000, 0.9659258262890683122, 1.000000000000000000, 0.9659258262890683122, 1.000000000000000000) ) ) 
 REPRESENTATION_ITEM ( '' )  SURFACE ( )  );
#805 = VERTEX_POINT ( 'NONE', #856 ) ;
#806 = CARTESIAN_POINT ( 'NONE',  ( -6.699999990440328901, 2.658333336723305962, 9.295259624965680700 ) ) ;
#807 = CARTESIAN_POINT ( 'NONE',  ( -1.795259553611358028, 0.3416666700566413084, 14.20000000955966790 ) ) ;
#808 = CARTESIAN_POINT ( 'NONE',  ( 3.350000030897332337, -4.174999996610027964, 13.30237018751716249 ) ) ;
#809 = CARTESIAN_POINT ( 'NONE',  ( -3.350000030897316350, -6.174999996610027964, 1.697629812482836176 ) ) ;
#810 = CARTESIAN_POINT ( 'NONE',  ( 1.286156149229154222, -2.533333329943357803, 12.29999999315128179 ) ) ;
#811 = CARTESIAN_POINT ( 'NONE',  ( -1.393335772952095430, 4.966666670056641308, 12.70000000741944213 ) ) ;
#812 = EDGE_LOOP ( 'NONE', ( #1156, #1829, #551 ) ) ;
#813 = CARTESIAN_POINT ( 'NONE',  ( 3.349999969102685160, 5.158333336723305962, 1.697629776805681390 ) ) ;
#814 = CARTESIAN_POINT ( 'NONE',  ( -3.350000030897316350, -6.174999996610027964, 1.697629812482836176 ) ) ;
#815 = CARTESIAN_POINT ( 'NONE',  ( -5.802370187517154498, -0.1583333299433574426, 10.85000003089732523 ) ) ;
#816 = CARTESIAN_POINT ( 'NONE',  ( 1.795259553611374903, -2.674999996610027964, 0.7999999904403330975 ) ) ;
#817 = DIRECTION ( 'NONE',  ( 0.000000000000000000, 0.000000000000000000, 1.000000000000000000 ) ) ;
#818 = CARTESIAN_POINT ( 'NONE',  ( 6.699999990440342224, 8.658333336723304186, 5.704740375034321076 ) ) ;
#819 = CARTESIAN_POINT ( 'NONE',  ( -5.199999992580549346, 8.300000003389973458, 8.893335828331576209 ) ) ;
#820 = VECTOR ( 'NONE', #1931, 1000.000000000000000 ) ;
#821 = CARTESIAN_POINT ( 'NONE',  ( 3.513843857619580291, -5.199999996610023878, 3.986156104958348934 ) ) ;
#822 = CARTESIAN_POINT ( 'NONE',  ( 2.600000023980021613, 5.466666670056642197, 12.00333208583421296 ) ) ;
#823 = EDGE_LOOP ( 'NONE', ( #505, #106, #97, #1176, #1051, #250, #1286 ) ) ;
#824 = CARTESIAN_POINT ( 'NONE',  ( 4.904740436828977757, 3.991666670056638555, 12.40474038459398365 ) ) ;
#825 = CARTESIAN_POINT ( 'NONE',  ( 6.700000009559674119, -2.658333329943357359, 9.295259553611364467 ) ) ;
#826 = CARTESIAN_POINT ( 'NONE',  ( 4.904740436828977757, -4.008333329943360113, 12.40474038459398365 ) ) ;
#827 = CARTESIAN_POINT ( 'NONE',  ( -3.349999969102668285, -8.841666663276695814, 13.30237022319431972 ) ) ;
#828 = CARTESIAN_POINT ( 'NONE',  ( 1.286156098109642265, -0.8666666632766925060, 2.699999993151282585 ) ) ;
#829 = ADVANCED_FACE ( 'NONE', ( #258 ), #558, .T. ) ;
#830 = CYLINDRICAL_SURFACE ( 'NONE', #1041, 5.200000000000000178 ) ;
#831 = ORIENTED_EDGE ( 'NONE', *, *, #1503, .T. ) ;
#832 = CARTESIAN_POINT ( 'NONE',  ( 3.567716210914794541E-08, -7.491666663276691729, 14.20000000000000107 ) ) ;
#833 = CARTESIAN_POINT ( 'NONE',  ( 4.503332113523955904, 7.533333336723305074, 10.09999997601998523 ) ) ;
#834 = CARTESIAN_POINT ( 'NONE',  ( -4.156921925385422156, -1.966666663276692928, 9.900000022135397870 ) ) ;
#835 = CARTESIAN_POINT ( 'NONE',  ( -6.699999999999994849, -8.999999996610027253, 7.500000035677153676 ) ) ;
#836 = CARTESIAN_POINT ( 'NONE',  ( -5.802370223194311727, -1.841666663276694482, 4.150000030897321501 ) ) ;
#837 = CARTESIAN_POINT ( 'NONE',  ( -1.286156098109626278, 1.133333336723307605, 12.30000000684871786 ) ) ;
#838 = CARTESIAN_POINT ( 'NONE',  ( 4.503332085834220067, 6.466666670056642197, 4.899999976019985937 ) ) ;
#839 = CARTESIAN_POINT ( 'NONE',  ( 4.156921925385436367, -7.966666663276694926, 5.099999977864601242 ) ) ;
#840 = ORIENTED_EDGE ( 'NONE', *, *, #1883, .T. ) ;
#841 = CARTESIAN_POINT ( 'NONE',  ( 4.503332085834220067, 4.200000003389972036, 4.899999976019985937 ) ) ;
#842 = CARTESIAN_POINT ( 'NONE',  ( 4.799999993151293332, 10.46666667005664308, 6.213843850770855326 ) ) ;
#843 = CARTESIAN_POINT ( 'NONE',  ( 3.806664179087877020, 8.366666670056638111, 3.693335780371546306 ) ) ;
#844 = CARTESIAN_POINT ( 'NONE',  ( 4.799999993151293332, -0.1333333299433601959, 6.213843850770855326 ) ) ;
#845 = CARTESIAN_POINT ( 'NONE',  ( -4.904740384593981872, 6.991666670056638111, 12.40474043682896976 ) ) ;
#846 = CARTESIAN_POINT ( 'NONE',  ( -2.555974732114141868E-08, -0.6999999966100252102, 2.699999999999997513 ) ) ;
#847 = AXIS2_PLACEMENT_3D ( 'NONE', #440, #1690, #252 ) ;
#848 = VECTOR ( 'NONE', #59, 1000.000000000000000 ) ;
#849 = ORIENTED_EDGE ( 'NONE', *, *, #367, .F. ) ;
#850 = CARTESIAN_POINT ( 'NONE',  ( 5.199999992580564445, 4.033333336723305962, 6.106664171668427343 ) ) ;
#851 = EDGE_CURVE ( 'NONE', #1572, #1062, #716, .T. ) ;
#852 = CARTESIAN_POINT ( 'NONE',  ( -3.806664179087861921, 2.366666670056638111, 11.30666421962845014 ) ) ;
#853 = CARTESIAN_POINT ( 'NONE',  ( 3.513843895041659948, -0.7999999966100261872, 11.01384385761957141 ) ) ;
#854 = CARTESIAN_POINT ( 'NONE',  ( 5.199999992580564445, 2.300000003389975678, 6.106664171668427343 ) ) ;
#855 = CARTESIAN_POINT ( 'NONE',  ( 4.904740384593996083, 4.991666670056637223, 2.595259563171031569 ) ) ;
#856 = CARTESIAN_POINT ( 'NONE',  ( 7.575710239463852410E-15, -10.29999999661002796, 2.299999999999999822 ) ) ;
#857 = CARTESIAN_POINT ( 'NONE',  ( 1.286156149229154222, -9.133333329943361889, 12.29999999315128179 ) ) ;
#858 = VERTEX_POINT ( 'NONE', #1184 ) ;
#859 = CARTESIAN_POINT ( 'NONE',  ( -1.795259624965670708, 10.67500000338997523, 0.8000000095596632166 ) ) ;
#860 = FACE_OUTER_BOUND ( 'NONE', #823, .T. ) ;
#861 =( BOUNDED_CURVE ( )  B_SPLINE_CURVE ( 2, ( #21, #522, #822, #676, #971, #532, #658, #1626, #838, #1959, #1293, #646, #33 ),
 .UNSPECIFIED., .F., .F. ) 
 B_SPLINE_CURVE_WITH_KNOTS ( ( 3, 2, 2, 2, 2, 2, 3 ),
 ( 0.6499999998285498348, 0.6666666666666667407, 0.6833333333333333481, 0.6999999999999999556, 0.7166666666666666741, 0.7333333333333333925, 0.7499999998285498126 ),
 .UNSPECIFIED. ) 
 CURVE ( )  GEOMETRIC_REPRESENTATION_ITEM ( )  RATIONAL_B_SPLINE_CURVE ( ( 1.000000000000000000, 0.9659258262890683122, 1.000000000000000000, 0.9659258262890683122, 1.000000000000000000, 0.9659258262890683122, 1.000000000000000000, 0.9659258262890683122, 1.000000000000000000, 0.9659258262890683122, 1.000000000000000000, 0.9659258262890683122, 1.000000000000000000 ) ) 
 REPRESENTATION_ITEM ( '' )  );
#862 = CARTESIAN_POINT ( 'NONE',  ( 6.700000000000009059, 8.491666670056638111, 7.499999964322844548 ) ) ;
#863 = CARTESIAN_POINT ( 'NONE',  ( 1.084054716138982855, -4.999999999998006039, 12.58574727767875068 ) ) ;
#864 = CARTESIAN_POINT ( 'NONE',  ( -4.904740436828961769, 1.991666670056639887, 2.595259615406009690 ) ) ;
#865 = CARTESIAN_POINT ( 'NONE',  ( 3.350000030897332337, -3.158333329943358248, 13.30237018751716249 ) ) ;
#866 = CARTESIAN_POINT ( 'NONE',  ( -1.393335772952095430, -3.033333329943358248, 12.70000000741944213 ) ) ;
#867 = CARTESIAN_POINT ( 'NONE',  ( 2.600000023980021613, 9.466666670056643085, 12.00333208583421296 ) ) ;
#868 = EDGE_LOOP ( 'NONE', ( #1627, #1840, #878, #1647, #1617, #1594, #707, #193 ) ) ;
#869 = CARTESIAN_POINT ( 'NONE',  ( 7.575710239463852410E-15, -10.29999999661002796, 2.299999999999999822 ) ) ;
#870 = CARTESIAN_POINT ( 'NONE',  ( 5.199999992580564445, 0.03333333672330547615, 6.106664171668427343 ) ) ;
#871 = CARTESIAN_POINT ( 'NONE',  ( -6.699999999999994849, 11.00000000338997275, 7.500000035677153676 ) ) ;
#872 = CARTESIAN_POINT ( 'NONE',  ( -1.286156098109626278, -1.466666663276694260, 12.30000000684871786 ) ) ;
#873 = CARTESIAN_POINT ( 'NONE',  ( -3.350000030897316350, 5.825000003389972925, 1.697629812482836176 ) ) ;
#874 = CARTESIAN_POINT ( 'NONE',  ( 7.761344249178727204E-15, 4.866666666744473346, 2.299999999999999822 ) ) ;
#875 = CARTESIAN_POINT ( 'NONE',  ( -1.795259553611358028, 4.341666670056641308, 14.20000000955966790 ) ) ;
#876 = CARTESIAN_POINT ( 'NONE',  ( -2.599999976019977677, -3.199999996610023878, 12.00333211352394969 ) ) ;
#877 = ADVANCED_FACE ( 'NONE', ( #1848 ), #539, .T. ) ;
#878 = ORIENTED_EDGE ( 'NONE', *, *, #1506, .T. ) ;
#879 = CARTESIAN_POINT ( 'NONE',  ( 5.802370187517169597, 9.841666670056641308, 4.149999969102674768 ) ) ;
#880 = CARTESIAN_POINT ( 'NONE',  ( 1.795259553611374903, 9.325000003389970260, 0.7999999904403330975 ) ) ;
#881 = CARTESIAN_POINT ( 'NONE',  ( 4.904740384593996083, -3.008333329943360557, 2.595259563171031569 ) ) ;
#882 = CARTESIAN_POINT ( 'NONE',  ( 4.904740436828977757, 1.008333336723309159, 12.40474038459398365 ) ) ;
#883 = CARTESIAN_POINT ( 'NONE',  ( 4.156921925385436367, 4.033333336723306850, 5.099999977864601242 ) ) ;
#884 = CARTESIAN_POINT ( 'NONE',  ( 6.938893903907228378E-15, -10.29999999661002796, 7.500000000000000000 ) ) ;
#885 = CARTESIAN_POINT ( 'NONE',  ( -3.567714741084677945E-08, 5.491666670056638999, 0.7999999999999977129 ) ) ;
#886 = ORIENTED_EDGE ( 'NONE', *, *, #1153, .T. ) ;
#887 = CARTESIAN_POINT ( 'NONE',  ( -4.675909462422872309, -5.000000000000002665, 2.701472027879360915 ) ) ;
#888 = PLANE ( 'NONE',  #325 ) ;
#889 = CARTESIAN_POINT ( 'NONE',  ( 3.513843857619580291, -3.799999996610027075, 3.986156104958348934 ) ) ;
#890 = CARTESIAN_POINT ( 'NONE',  ( 6.938893903907228378E-15, -10.29999999661002796, 12.69999999999999929 ) ) ;
#891 = CARTESIAN_POINT ( 'NONE',  ( 4.904740436828977757, 5.008333336723307383, 12.40474038459398365 ) ) ;
#892 = CARTESIAN_POINT ( 'NONE',  ( 5.802370223194325050, -3.841666663276694482, 10.84999996910267761 ) ) ;
#893 = CARTESIAN_POINT ( 'NONE',  ( 6.699999990440342224, 1.675000003389975012, 5.704740375034321076 ) ) ;
#894 = CARTESIAN_POINT ( 'NONE',  ( 3.513843857619580291, 8.200000003389973813, 3.986156104958348934 ) ) ;
#895 = CARTESIAN_POINT ( 'NONE',  ( -2.399999977864594847, -7.033333329943360468, 11.65692195094518624 ) ) ;
#896 = ORIENTED_EDGE ( 'NONE', *, *, #1506, .F. ) ;
#897 = CYLINDRICAL_SURFACE ( 'NONE', #1823, 5.200000000000000178 ) ;
#898 = CARTESIAN_POINT ( 'NONE',  ( -4.799999993151278233, -6.133333329943358336, 8.786156149229150003 ) ) ;
#899 = CARTESIAN_POINT ( 'NONE',  ( -3.069589775150428412, -4.999999999999999112, 13.00472140040688274 ) ) ;
#900 = CARTESIAN_POINT ( 'NONE',  ( -1.286156098109626278, -9.466666663276694038, 12.30000000684871786 ) ) ;
#901 = CARTESIAN_POINT ( 'NONE',  ( -4.904740384593981872, 4.008333336723308271, 12.40474043682896976 ) ) ;
#902 = CARTESIAN_POINT ( 'NONE',  ( -3.350000030897316350, 10.84166667005664131, 1.697629812482836176 ) ) ;
#903 = FACE_OUTER_BOUND ( 'NONE', #1135, .T. ) ;
#904 = CARTESIAN_POINT ( 'NONE',  ( -1.286156098109626278, 6.533333336723306850, 12.30000000684871786 ) ) ;
#905 = CARTESIAN_POINT ( 'NONE',  ( 3.513843857619580291, 4.200000003389972036, 3.986156104958348934 ) ) ;
#906 = LINE ( 'NONE', #890, #159 ) ;
#907 = CARTESIAN_POINT ( 'NONE',  ( -2.399999977864594847, 4.966666670056641308, 11.65692195094518624 ) ) ;
#908 = CARTESIAN_POINT ( 'NONE',  ( -4.904740384593981872, 4.008333336723308271, 12.40474043682896976 ) ) ;
#909 = CARTESIAN_POINT ( 'NONE',  ( 6.938893903907228378E-15, 15.00000000000001066, 12.69999999999999929 ) ) ;
#910 = PRESENTATION_LAYER_ASSIGNMENT (  '', '', ( #623 ) ) ;
#911 = CARTESIAN_POINT ( 'NONE',  ( -1.795259624965670708, 9.658333336723304186, 0.8000000095596632166 ) ) ;
#912 = ADVANCED_FACE ( 'NONE', ( #94 ), #298, .T. ) ;
#913 = CARTESIAN_POINT ( 'NONE',  ( -1.795259624965670708, 2.675000003389974790, 0.8000000095596632166 ) ) ;
#914 = CARTESIAN_POINT ( 'NONE',  ( 5.802370223194325050, 9.175000003389975234, 10.84999996910267761 ) ) ;
#915 = CARTESIAN_POINT ( 'NONE',  ( 4.904740436828977757, -6.991666663276691729, 12.40474038459398365 ) ) ;
#916 = EDGE_CURVE ( 'NONE', #542, #943, #1942, .T. ) ;
#917 = CARTESIAN_POINT ( 'NONE',  ( 2.555976178675968927E-08, -1.299999996610026631, 12.30000000000000249 ) ) ;
#918 = CARTESIAN_POINT ( 'NONE',  ( 3.513843895041659948, 9.800000003389975234, 11.01384385761957141 ) ) ;
#919 = CARTESIAN_POINT ( 'NONE',  ( 1.795259553611374903, 5.325000003389972036, 0.7999999904403329865 ) ) ;
#920 = CARTESIAN_POINT ( 'NONE',  ( 2.599999976019993664, -3.466666663276694038, 2.996667886476052090 ) ) ;
#921 = CARTESIAN_POINT ( 'NONE',  ( -4.904740436828961769, 3.008333336723309159, 2.595259615406009690 ) ) ;
#922 = ORIENTED_EDGE ( 'NONE', *, *, #642, .F. ) ;
#923 = CARTESIAN_POINT ( 'NONE',  ( 4.904740436828977757, 7.991666670056638999, 12.40474038459398365 ) ) ;
#924 = CARTESIAN_POINT ( 'NONE',  ( -5.802370187517154498, 7.841666670056641308, 10.85000003089732523 ) ) ;
#925 = CARTESIAN_POINT ( 'NONE',  ( 4.904740384593996083, -7.008333329943360113, 2.595259563171031569 ) ) ;
#926 = CARTESIAN_POINT ( 'NONE',  ( 3.567716210914794541E-08, -7.491666663276691729, 14.20000000000000107 ) ) ;
#927 = CARTESIAN_POINT ( 'NONE',  ( 3.513843857619580291, 0.2000000033899728136, 3.986156104958348934 ) ) ;
#928 = CARTESIAN_POINT ( 'NONE',  ( 6.700000009559674119, 0.3250000033899729246, 9.295259553611364467 ) ) ;
#929 =( BOUNDED_CURVE ( )  B_SPLINE_CURVE ( 2, ( #1005, #223, #372, #997, #841, #850, #1488, #649, #1279, #1925, #1120, #1979, #743 ),
 .UNSPECIFIED., .F., .F. ) 
 B_SPLINE_CURVE_WITH_KNOTS ( ( 3, 2, 2, 2, 2, 2, 3 ),
 ( 0.2500000001714501874, 0.2666666666666666630, 0.2833333333333333259, 0.2999999999999999889, 0.3166666666666666519, 0.3333333333333333148, 0.3500000001714501652 ),
 .UNSPECIFIED. ) 
 CURVE ( )  GEOMETRIC_REPRESENTATION_ITEM ( )  RATIONAL_B_SPLINE_CURVE ( ( 1.000000000000000000, 0.9659258262890683122, 1.000000000000000000, 0.9659258262890683122, 1.000000000000000000, 0.9659258262890683122, 1.000000000000000000, 0.9659258262890683122, 1.000000000000000000, 0.9659258262890683122, 1.000000000000000000, 0.9659258262890683122, 1.000000000000000000 ) ) 
 REPRESENTATION_ITEM ( '' )  );
#930 = CARTESIAN_POINT ( 'NONE',  ( -4.156921950945177358, 7.966666670056641308, 5.100000022135394495 ) ) ;
#931 = CARTESIAN_POINT ( 'NONE',  ( -1.795259553611358250, -3.658333329943358692, 14.20000000955966790 ) ) ;
#932 = VERTEX_POINT ( 'NONE', #1804 ) ;
#933 = CARTESIAN_POINT ( 'NONE',  ( 6.699999990440342224, 8.658333336723304186, 5.704740375034321076 ) ) ;
#934 = CARTESIAN_POINT ( 'NONE',  ( -1.795259624965670708, 6.675000003389973458, 0.8000000095596632166 ) ) ;
#935 = CARTESIAN_POINT ( 'NONE',  ( -3.350000030897316350, 1.825000003389972481, 1.697629812482836176 ) ) ;
#936 = CARTESIAN_POINT ( 'NONE',  ( -6.644598607823326120, -5.000000000000000888, 8.388282619884400049 ) ) ;
#937 = CARTESIAN_POINT ( 'NONE',  ( -4.799999999999995381, 1.700000003389972481, 7.500000025559753425 ) ) ;
#938 = CARTESIAN_POINT ( 'NONE',  ( -3.350000030897316350, -2.174999996610027519, 1.697629812482836176 ) ) ;
#939 = CARTESIAN_POINT ( 'NONE',  ( 1.795259624965688472, 7.658333336723305962, 14.19999999044033423 ) ) ;
#940 = CARTESIAN_POINT ( 'NONE',  ( 4.799999993151293332, 6.466666670056642197, 6.213843850770855326 ) ) ;
#941 = EDGE_CURVE ( 'NONE', #943, #697, #929, .T. ) ;
#942 = CARTESIAN_POINT ( 'NONE',  ( 6.700000000000009059, 1.508333336723307827, 7.499999964322844548 ) ) ;
#943 = VERTEX_POINT ( 'NONE', #239 ) ;
#944 = CARTESIAN_POINT ( 'NONE',  ( -1.795259624965670708, 5.658333336723305074, 0.8000000095596632166 ) ) ;
#945 = CARTESIAN_POINT ( 'NONE',  ( -5.802370187517154498, -8.158333329943356915, 10.85000003089732523 ) ) ;
#946 = CARTESIAN_POINT ( 'NONE',  ( 6.699999990440342224, 0.6583333367233059619, 5.704740375034321076 ) ) ;
#947 = LINE ( 'NONE', #1600, #224 ) ;
#948 = CARTESIAN_POINT ( 'NONE',  ( 1.286156149229154222, 2.866666670056639887, 12.29999999315128179 ) ) ;
#949 = CIRCLE ( 'NONE', #2015, 5.200000000000000178 ) ;
#950 = DIRECTION ( 'NONE',  ( 0.000000000000000000, 0.000000000000000000, 1.000000000000000000 ) ) ;
#951 = CARTESIAN_POINT ( 'NONE',  ( -1.795259624965670708, 6.675000003389973458, 0.8000000095596632166 ) ) ;
#952 = CARTESIAN_POINT ( 'NONE',  ( 2.400000022135406752, 5.633333336723308271, 11.65692192538542926 ) ) ;
#953 = CARTESIAN_POINT ( 'NONE',  ( -5.200000007419435022, 3.966666670056642641, 6.106664227047894578 ) ) ;
#954 = ORIENTED_EDGE ( 'NONE', *, *, #1732, .F. ) ;
#955 = CARTESIAN_POINT ( 'NONE',  ( -6.700000009559659908, 6.325000003389971148, 5.704740446388631092 ) ) ;
#956 = CARTESIAN_POINT ( 'NONE',  ( 6.700000000000009059, 4.491666670056638999, 7.499999964322844548 ) ) ;
#957 = CARTESIAN_POINT ( 'NONE',  ( -5.802370223194311727, -4.824999996610023878, 4.150000030897321501 ) ) ;
#958 = CARTESIAN_POINT ( 'NONE',  ( -5.802370223194311727, -1.841666663276694482, 4.150000030897321501 ) ) ;
#959 = DIRECTION ( 'NONE',  ( 0.000000000000000000, 0.000000000000000000, 1.000000000000000000 ) ) ;
#960 = CARTESIAN_POINT ( 'NONE',  ( -2.599999976019977677, -1.466666663276694038, 12.00333211352394969 ) ) ;
#961 = CARTESIAN_POINT ( 'NONE',  ( 4.156921950945192457, -2.033333329943359136, 9.899999977864602840 ) ) ;
#962 = PLANE ( 'NONE',  #1451 ) ;
#963 = VERTEX_POINT ( 'NONE', #77 ) ;
#964 = CARTESIAN_POINT ( 'NONE',  ( 3.567716210914794541E-08, -0.5083333299433605568, 14.20000000000000107 ) ) ;
#965 = CARTESIAN_POINT ( 'NONE',  ( 3.567716210914794541E-08, -4.508333329943361001, 14.20000000000000107 ) ) ;
#966 = CARTESIAN_POINT ( 'NONE',  ( 5.802370187517169597, 1.841666670056640864, 4.149999969102674768 ) ) ;
#967 = CARTESIAN_POINT ( 'NONE',  ( -4.503332113523940805, -0.1999999966100247384, 4.900000023980012109 ) ) ;
#968 = CARTESIAN_POINT ( 'NONE',  ( 5.802370187517169597, -7.174999996610028852, 4.149999969102674768 ) ) ;
#969 = CARTESIAN_POINT ( 'NONE',  ( -2.079948047777545828, -5.000000000000000000, 1.805906563891282124 ) ) ;
#970 = CARTESIAN_POINT ( 'NONE',  ( -2.399999977864594847, -3.033333329943358248, 11.65692195094518624 ) ) ;
#971 = CARTESIAN_POINT ( 'NONE',  ( 4.503332113523955904, 5.800000003389975234, 10.09999997601998523 ) ) ;
#972 = ORIENTED_EDGE ( 'NONE', *, *, #309, .F. ) ;
#973 = CARTESIAN_POINT ( 'NONE',  ( -5.802370223194311727, 6.158333336723305962, 4.150000030897321501 ) ) ;
#974 = CARTESIAN_POINT ( 'NONE',  ( -6.700000009559659908, -5.674999996610027964, 5.704740446388631092 ) ) ;
#975 = CARTESIAN_POINT ( 'NONE',  ( -3.350000030897316350, -5.158333329943358692, 1.697629812482836176 ) ) ;
#976 = CARTESIAN_POINT ( 'NONE',  ( -6.700000009559659908, -1.674999996610027075, 5.704740446388631092 ) ) ;
#977 = CARTESIAN_POINT ( 'NONE',  ( -4.156921925385422156, 2.033333336723306406, 9.900000022135397870 ) ) ;
#978 = EDGE_CURVE ( 'NONE', #1997, #280, #561, .T. ) ;
#979 = DIRECTION ( 'NONE',  ( 5.324947354402061953E-09, -0.000000000000000000, 1.000000000000000000 ) ) ;
#980 = CARTESIAN_POINT ( 'NONE',  ( -5.802370223194311727, 10.15833333672330596, 4.150000030897321501 ) ) ;
#981 = CARTESIAN_POINT ( 'NONE',  ( -4.503332085834205856, 8.466666670056641308, 10.10000002398001406 ) ) ;
#982 =( GEOMETRIC_REPRESENTATION_CONTEXT ( 3 ) GLOBAL_UNCERTAINTY_ASSIGNED_CONTEXT ( ( #319 ) ) GLOBAL_UNIT_ASSIGNED_CONTEXT ( ( #1034, #1501, #736 ) ) REPRESENTATION_CONTEXT ( 'NONE', 'WORKASPACE' ) );
#983 = CARTESIAN_POINT ( 'NONE',  ( -3.513843895041643517, -4.199999996610025654, 3.986156142380426370 ) ) ;
#984 = DIRECTION ( 'NONE',  ( 0.000000000000000000, 1.000000000000000000, 0.000000000000000000 ) ) ;
#985 = ORIENTED_EDGE ( 'NONE', *, *, #1668, .F. ) ;
#986 = CARTESIAN_POINT ( 'NONE',  ( 6.700000000000009059, 4.491666670056638999, 7.499999964322844548 ) ) ;
#987 = DIRECTION ( 'NONE',  ( 0.000000000000000000, 1.000000000000000000, 0.000000000000000000 ) ) ;
#988 = CARTESIAN_POINT ( 'NONE',  ( 4.904740436828977757, -2.991666663276690841, 12.40474038459398365 ) ) ;
#989 = CARTESIAN_POINT ( 'NONE',  ( -1.393335828331564885, 1.033333336723304630, 2.300000007419442660 ) ) ;
#990 = CARTESIAN_POINT ( 'NONE',  ( 6.938893903907228378E-15, -10.00000000000000000, 7.500000000000000000 ) ) ;
#991 = CARTESIAN_POINT ( 'NONE',  ( 6.700000009559674119, 0.3250000033899729246, 9.295259553611364467 ) ) ;
#992 = CARTESIAN_POINT ( 'NONE',  ( 4.800000006848724077, 2.133333336723307827, 8.786156098109632495 ) ) ;
#993 = CARTESIAN_POINT ( 'NONE',  ( -3.806664219628446144, 3.633333336723309603, 3.693335820912129197 ) ) ;
#994 = CARTESIAN_POINT ( 'NONE',  ( 4.800000000000008704, -8.299999996610026187, 7.499999974440244799 ) ) ;
#995 = VERTEX_POINT ( 'NONE', #1177 ) ;
#996 =( BOUNDED_CURVE ( )  B_SPLINE_CURVE ( 2, ( #2008, #1559, #1841 ),
 .UNSPECIFIED., .F., .F. ) 
 B_SPLINE_CURVE_WITH_KNOTS ( ( 3, 3 ),
 ( 0.1433060369280786395, 0.1499999998285498348 ),
 .UNSPECIFIED. ) 
 CURVE ( )  GEOMETRIC_REPRESENTATION_ITEM ( )  RATIONAL_B_SPLINE_CURVE ( ( 0.9836222569567141250, 0.9863145243683673069, 1.000000000000000000 ) ) 
 REPRESENTATION_ITEM ( '' )  );
#997 = CARTESIAN_POINT ( 'NONE',  ( 3.806664179087877020, 4.366666670056638111, 3.693335780371546306 ) ) ;
#998 = DIRECTION ( 'NONE',  ( 0.000000000000000000, 1.000000000000000000, 0.000000000000000000 ) ) ;
#999 = CARTESIAN_POINT ( 'NONE',  ( -4.799999999999995381, -2.299999996610027519, 7.500000025559753425 ) ) ;
#1000 = CARTESIAN_POINT ( 'NONE',  ( -5.199999999999993072, -2.133333329943361889, 7.500000027689733173 ) ) ;
#1001 = CARTESIAN_POINT ( 'NONE',  ( 4.904740436828977757, -0.008333329943360084924, 12.40474038459398365 ) ) ;
#1002 = CARTESIAN_POINT ( 'NONE',  ( 2.399999977864610834, -5.033333329943358692, 3.343078049054815093 ) ) ;
#1003 = EDGE_CURVE ( 'NONE', #858, #180, #721, .T. ) ;
#1004 = ORIENTED_EDGE ( 'NONE', *, *, #1219, .T. ) ;
#1005 = CARTESIAN_POINT ( 'NONE',  ( 7.761344249178727204E-15, 4.866666666744473346, 2.299999999999999822 ) ) ;
#1006 = CARTESIAN_POINT ( 'NONE',  ( 6.938893903907228378E-15, -10.29999999661002796, 12.69999999999999929 ) ) ;
#1007 =( BOUNDED_CURVE ( )  B_SPLINE_CURVE ( 2, ( #1816, #1021, #1341, #1663, #229, #1857, #1352, #1986, #236, #568, #876, #866, #1543 ),
 .UNSPECIFIED., .F., .F. ) 
 B_SPLINE_CURVE_WITH_KNOTS ( ( 3, 2, 2, 2, 2, 2, 3 ),
 ( 0.1499999998285498348, 0.1666666666666666297, 0.1833333333333333481, 0.1999999999999999556, 0.2166666666666666741, 0.2333333333333332815, 0.2499999998285498126 ),
 .UNSPECIFIED. ) 
 CURVE ( )  GEOMETRIC_REPRESENTATION_ITEM ( )  RATIONAL_B_SPLINE_CURVE ( ( 1.000000000000000000, 0.9659258262890683122, 1.000000000000000000, 0.9659258262890683122, 1.000000000000000000, 0.9659258262890683122, 1.000000000000000000, 0.9659258262890683122, 1.000000000000000000, 0.9659258262890683122, 1.000000000000000000, 0.9659258262890683122, 1.000000000000000000 ) ) 
 REPRESENTATION_ITEM ( '' )  );
#1008 = CARTESIAN_POINT ( 'NONE',  ( 5.200000007419448345, 1.966666670056642641, 8.893335772952100982 ) ) ;
#1009 = CARTESIAN_POINT ( 'NONE',  ( -3.350000030897316350, 5.825000003389972925, 1.697629812482836176 ) ) ;
#1010 = MECHANICAL_DESIGN_GEOMETRIC_PRESENTATION_REPRESENTATION (  '', ( #623 ), #982 ) ;
#1011 = CIRCLE ( 'NONE', #1211, 5.200000000000000178 ) ;
#1012 = ORIENTED_EDGE ( 'NONE', *, *, #1126, .T. ) ;
#1013 = CARTESIAN_POINT ( 'NONE',  ( -5.802370223194311727, 11.17500000338997523, 4.150000030897321501 ) ) ;
#1014 = EDGE_CURVE ( 'NONE', #805, #524, #1032, .T. ) ;
#1015 = CARTESIAN_POINT ( 'NONE',  ( 2.599999976019993664, 0.5333333367233059619, 2.996667886476052090 ) ) ;
#1016 = CARTESIAN_POINT ( 'NONE',  ( 4.156921925385436367, -3.966666663276692706, 5.099999977864601242 ) ) ;
#1017 = CARTESIAN_POINT ( 'NONE',  ( 6.753259929040523097E-15, 6.866666666744475123, 12.69999999999999574 ) ) ;
#1018 = CARTESIAN_POINT ( 'NONE',  ( -4.904740436828961769, 5.991666670056638999, 2.595259615406009690 ) ) ;
#1019 =( BOUNDED_CURVE ( )  B_SPLINE_CURVE ( 2, ( #1652, #1770, #1789 ),
 .UNSPECIFIED., .F., .F. ) 
 B_SPLINE_CURVE_WITH_KNOTS ( ( 3, 3 ),
 ( 0.9933060372620982070, 1.000000000000000000 ),
 .UNSPECIFIED. ) 
 CURVE ( )  GEOMETRIC_REPRESENTATION_ITEM ( )  RATIONAL_B_SPLINE_CURVE ( ( 0.9836222572253952023, 0.9863145250512539430, 1.000000000000000000 ) ) 
 REPRESENTATION_ITEM ( '' )  );
#1020 = CARTESIAN_POINT ( 'NONE',  ( 6.700000000000009059, -2.491666663276692173, 7.499999964322844548 ) ) ;
#1021 = CARTESIAN_POINT ( 'NONE',  ( -1.393335828331564885, -4.699999996610023878, 2.300000007419442660 ) ) ;
#1022 = CARTESIAN_POINT ( 'NONE',  ( -4.156921925385422156, -9.966666663276692262, 9.900000022135397870 ) ) ;
#1023 = VERTEX_POINT ( 'NONE', #887 ) ;
#1024 = DIRECTION ( 'NONE',  ( 0.000000000000000000, 0.000000000000000000, 1.000000000000000000 ) ) ;
#1025 = CARTESIAN_POINT ( 'NONE',  ( -2.555974732114141868E-08, 0.7000000033899732577, 2.699999999999997513 ) ) ;
#1026 = DIRECTION ( 'NONE',  ( 1.000000000000000000, 0.000000000000000000, -5.324947354402061953E-09 ) ) ;
#1027 = CARTESIAN_POINT ( 'NONE',  ( 3.567716210914794541E-08, -0.5083333299433605568, 14.20000000000000107 ) ) ;
#1028 = CARTESIAN_POINT ( 'NONE',  ( 3.349999969102685160, 2.175000003389975678, 1.697629776805681390 ) ) ;
#1029 = CARTESIAN_POINT ( 'NONE',  ( 4.800000000000008704, -5.699999996610024766, 7.499999974440244799 ) ) ;
#1030 = CARTESIAN_POINT ( 'NONE',  ( 4.503332085834220067, 10.46666667005664131, 4.899999976019985937 ) ) ;
#1031 = ORIENTED_EDGE ( 'NONE', *, *, #642, .T. ) ;
#1032 = LINE ( 'NONE', #869, #1697 ) ;
#1033 = CARTESIAN_POINT ( 'NONE',  ( -2.600000023980005626, 11.46666667005664308, 2.996667914165785707 ) ) ;
#1034 =( LENGTH_UNIT ( ) NAMED_UNIT ( * ) SI_UNIT ( .MILLI., .METRE. ) );
#1035 = CARTESIAN_POINT ( 'NONE',  ( -3.567714741084677945E-08, -2.508333329943360557, 0.7999999999999977129 ) ) ;
#1036 = ADVANCED_FACE ( 'NONE', ( #1509 ), #897, .T. ) ;
#1037 = CARTESIAN_POINT ( 'NONE',  ( 6.700000000000009059, 1.508333336723307827, 7.499999964322844548 ) ) ;
#1038 = CARTESIAN_POINT ( 'NONE',  ( 4.799999993151293332, -5.533333329943357803, 6.213843850770855326 ) ) ;
#1039 = CARTESIAN_POINT ( 'NONE',  ( -1.795259553611358028, 3.325000003389972036, 14.20000000955966790 ) ) ;
#1040 = FACE_OUTER_BOUND ( 'NONE', #211, .T. ) ;
#1041 = AXIS2_PLACEMENT_3D ( 'NONE', #1275, #1790, #1645 ) ;
#1042 = CARTESIAN_POINT ( 'NONE',  ( 5.802370187517169597, 5.841666670056642197, 4.149999969102674768 ) ) ;
#1043 = CARTESIAN_POINT ( 'NONE',  ( -2.400000022135390765, -6.966666663276694038, 3.343078074614569850 ) ) ;
#1044 = AXIS2_PLACEMENT_3D ( 'NONE', #10, #1603, #950 ) ;
#1045 = DIRECTION ( 'NONE',  ( 0.000000000000000000, 1.000000000000000000, 0.000000000000000000 ) ) ;
#1046 = CARTESIAN_POINT ( 'NONE',  ( -2.400000022135390765, -6.966666663276694038, 3.343078074614569850 ) ) ;
#1047 = CARTESIAN_POINT ( 'NONE',  ( 3.806664179087877020, -1.366666663276691285, 3.693335780371546306 ) ) ;
#1048 = CARTESIAN_POINT ( 'NONE',  ( -3.567714741084677945E-08, -6.508333329943359225, 0.7999999999999977129 ) ) ;
#1049 = CARTESIAN_POINT ( 'NONE',  ( -4.904740436828961769, 3.008333336723309159, 2.595259615406009690 ) ) ;
#1050 = CARTESIAN_POINT ( 'NONE',  ( -2.555974732114141868E-08, 8.700000003389972036, 2.699999999999997513 ) ) ;
#1051 = ORIENTED_EDGE ( 'NONE', *, *, #550, .T. ) ;
#1052 = CARTESIAN_POINT ( 'NONE',  ( 6.699999990440342224, 9.675000003389975234, 5.704740375034321076 ) ) ;
#1053 = DIRECTION ( 'NONE',  ( -5.324947354402061953E-09, 0.000000000000000000, -1.000000000000000000 ) ) ;
#1054 = CARTESIAN_POINT ( 'NONE',  ( 2.399999977864610834, -7.633333329943360113, 3.343078049054815093 ) ) ;
#1055 = CARTESIAN_POINT ( 'NONE',  ( -3.567714741084677945E-08, 6.508333336723308271, 0.7999999999999977129 ) ) ;
#1056 = CARTESIAN_POINT ( 'NONE',  ( -1.795259553611358028, -4.674999996610026187, 14.20000000955966790 ) ) ;
#1057 = CARTESIAN_POINT ( 'NONE',  ( -6.001662543121836002, -5.000000000000000000, 4.488655544167338363 ) ) ;
#1058 = CARTESIAN_POINT ( 'NONE',  ( 2.400000022135406752, 7.033333336723306850, 11.65692192538542926 ) ) ;
#1059 = CARTESIAN_POINT ( 'NONE',  ( 7.761344249178727204E-15, 11.13333333341114262, 2.299999999999999822 ) ) ;
#1060 = CARTESIAN_POINT ( 'NONE',  ( -5.802370223194311727, -1.841666663276694482, 4.150000030897321501 ) ) ;
#1061 = EDGE_CURVE ( 'NONE', #1165, #573, #357, .T. ) ;
#1062 = VERTEX_POINT ( 'NONE', #107 ) ;
#1063 = CARTESIAN_POINT ( 'NONE',  ( 3.567716210914794541E-08, 0.5083333367233087152, 14.20000000000000107 ) ) ;
#1064 = DIRECTION ( 'NONE',  ( 0.000000000000000000, 0.000000000000000000, 1.000000000000000000 ) ) ;
#1065 = CARTESIAN_POINT ( 'NONE',  ( 1.286156149229154222, -5.133333329943359225, 12.29999999315128179 ) ) ;
#1066 = CARTESIAN_POINT ( 'NONE',  ( -6.700000009559659908, 3.341666670056641752, 5.704740446388631092 ) ) ;
#1067 = CARTESIAN_POINT ( 'NONE',  ( -6.699999999999994849, -9.508333329943361889, 7.500000035677153676 ) ) ;
#1068 = CARTESIAN_POINT ( 'NONE',  ( -5.785161755800761973, -4.999999999999990230, 10.90878278373783772 ) ) ;
#1069 = CARTESIAN_POINT ( 'NONE',  ( 4.156921950945192457, 3.366666670056639443, 9.899999977864602840 ) ) ;
#1070 = CARTESIAN_POINT ( 'NONE',  ( 6.700000000000009059, 0.4916666700566386106, 7.499999964322844548 ) ) ;
#1071 =( BOUNDED_CURVE ( )  B_SPLINE_CURVE ( 2, ( #1466, #370, #1949, #993, #210, #953, #1475, #685, #1607, #172, #1436, #811, #1445 ),
 .UNSPECIFIED., .F., .F. ) 
 B_SPLINE_CURVE_WITH_KNOTS ( ( 3, 2, 2, 2, 2, 2, 3 ),
 ( 0.5499999998285498570, 0.5666666666666666519, 0.5833333333333332593, 0.5999999999999999778, 0.6166666666666666963, 0.6333333333333333037, 0.6499999998285498348 ),
 .UNSPECIFIED. ) 
 CURVE ( )  GEOMETRIC_REPRESENTATION_ITEM ( )  RATIONAL_B_SPLINE_CURVE ( ( 1.000000000000000000, 0.9659258262890683122, 1.000000000000000000, 0.9659258262890683122, 1.000000000000000000, 0.9659258262890683122, 1.000000000000000000, 0.9659258262890683122, 1.000000000000000000, 0.9659258262890683122, 1.000000000000000000, 0.9659258262890683122, 1.000000000000000000 ) ) 
 REPRESENTATION_ITEM ( '' )  );
#1072 = ORIENTED_EDGE ( 'NONE', *, *, #1456, .F. ) ;
#1073 = CARTESIAN_POINT ( 'NONE',  ( 5.802370187517169597, 1.841666670056640864, 4.149999969102674768 ) ) ;
#1074 = CARTESIAN_POINT ( 'NONE',  ( -5.199999999999993072, 12.13333333672330916, 7.500000027689733173 ) ) ;
#1075 = VECTOR ( 'NONE', #1045, 1000.000000000000000 ) ;
#1076 = ORIENTED_EDGE ( 'NONE', *, *, #851, .F. ) ;
#1077 = CARTESIAN_POINT ( 'NONE',  ( 2.400000022135406752, -4.966666663276694038, 11.65692192538542926 ) ) ;
#1078 = CARTESIAN_POINT ( 'NONE',  ( 5.802370223194325050, 5.175000003389975234, 10.84999996910267761 ) ) ;
#1079 = CARTESIAN_POINT ( 'NONE',  ( 4.904740436828977757, -8.008333329943360113, 12.40474038459398365 ) ) ;
#1080 = CARTESIAN_POINT ( 'NONE',  ( -5.283703257576275902, -4.999999999999991118, 11.64371530071325722 ) ) ;
#1081 = CARTESIAN_POINT ( 'NONE',  ( 4.799999993151293332, 3.866666670056639443, 6.213843850770855326 ) ) ;
#1082 = PRODUCT ( 'screw - \X2\526f672c\X0\ (2)_\X2\9ed88ba4\X0\', 'screw - \X2\526f672c\X0\ (2)_\X2\9ed88ba4\X0\', '', ( #500 ) ) ;
#1083 = CARTESIAN_POINT ( 'NONE',  ( -5.199999999999993072, -10.13333332994336189, 7.500000027689733173 ) ) ;
#1084 = CARTESIAN_POINT ( 'NONE',  ( 4.904740384593996083, -1.991666663276691729, 2.595259563171031569 ) ) ;
#1085 = ORIENTED_EDGE ( 'NONE', *, *, #2024, .T. ) ;
#1086 = CARTESIAN_POINT ( 'NONE',  ( 3.349999969102685160, 9.158333336723304186, 1.697629776805681390 ) ) ;
#1087 = CARTESIAN_POINT ( 'NONE',  ( 1.795259624965688472, 8.675000003389973458, 14.19999999044033423 ) ) ;
#1088 = CARTESIAN_POINT ( 'NONE',  ( -4.075732602053816045, -4.919464498606630265, 12.88336829735293065 ) ) ;
#1089 = DIRECTION ( 'NONE',  ( 0.000000000000000000, 1.000000000000000000, 0.000000000000000000 ) ) ;
#1090 = EDGE_CURVE ( 'NONE', #581, #1023, #1299, .T. ) ;
#1091 = CARTESIAN_POINT ( 'NONE',  ( -2.399999977864594847, 2.366666670056639443, 11.65692195094518624 ) ) ;
#1092 = CARTESIAN_POINT ( 'NONE',  ( -6.700000009559659908, -1.674999996610027075, 5.704740446388631092 ) ) ;
#1093 = CARTESIAN_POINT ( 'NONE',  ( 2.399999977864610834, 6.966666670056641308, 3.343078049054815093 ) ) ;
#1094 = CARTESIAN_POINT ( 'NONE',  ( -3.567714741084677945E-08, -1.491666663276691285, 0.7999999999999977129 ) ) ;
#1095 = ORIENTED_EDGE ( 'NONE', *, *, #188, .T. ) ;
#1096 = CARTESIAN_POINT ( 'NONE',  ( 6.700000009559674119, 4.325000003389972036, 9.295259553611364467 ) ) ;
#1097 = CARTESIAN_POINT ( 'NONE',  ( 1.795259553611374903, -1.658333329943358470, 0.7999999904403329865 ) ) ;
#1098 = CARTESIAN_POINT ( 'NONE',  ( -1.393335772952095430, 0.9666666700566419745, 12.70000000741944213 ) ) ;
#1099 = CARTESIAN_POINT ( 'NONE',  ( -6.688960470453138463, -5.000000000000000000, 7.944459780623292389 ) ) ;
#1100 = CARTESIAN_POINT ( 'NONE',  ( 4.156921950945192457, 7.366666670056639887, 9.899999977864602840 ) ) ;
#1101 = CARTESIAN_POINT ( 'NONE',  ( 6.700000000000009059, -3.508333329943361445, 7.499999964322844548 ) ) ;
#1102 = FACE_OUTER_BOUND ( 'NONE', #1961, .T. ) ;
#1103 = CARTESIAN_POINT ( 'NONE',  ( -2.599999976019977677, 8.800000003389975234, 12.00333211352394969 ) ) ;
#1104 = EDGE_CURVE ( 'NONE', #1913, #581, #785, .T. ) ;
#1105 = CARTESIAN_POINT ( 'NONE',  ( -6.699999990440328901, 2.658333336723305962, 9.295259624965680700 ) ) ;
#1106 = CARTESIAN_POINT ( 'NONE',  ( 1.795259624965688472, -3.324999996610023434, 14.19999999044033601 ) ) ;
#1107 = VERTEX_POINT ( 'NONE', #1773 ) ;
#1108 = CARTESIAN_POINT ( 'NONE',  ( -3.567714741084677945E-08, 5.491666670056638999, 0.7999999999999977129 ) ) ;
#1109 = CARTESIAN_POINT ( 'NONE',  ( 6.699999990440342224, 1.675000003389975012, 5.704740375034321076 ) ) ;
#1110 = CARTESIAN_POINT ( 'NONE',  ( -3.349999969102668285, -0.8416666632766935940, 13.30237022319431972 ) ) ;
#1111 = AXIS2_PLACEMENT_3D ( 'NONE', #1852, #131, #1536 ) ;
#1112 = CARTESIAN_POINT ( 'NONE',  ( 6.938893903907228378E-15, -10.00000000000000000, 7.500000000000000000 ) ) ;
#1113 = CIRCLE ( 'NONE', #758, 6.999999999999999112 ) ;
#1114 = DIRECTION ( 'NONE',  ( 0.000000000000000000, 1.000000000000000000, 0.000000000000000000 ) ) ;
#1115 = CARTESIAN_POINT ( 'NONE',  ( -4.904740436828961769, 9.991666670056638111, 2.595259615406009690 ) ) ;
#1116 = CARTESIAN_POINT ( 'NONE',  ( -5.802370223194311727, 7.175000003389975234, 4.150000030897321501 ) ) ;
#1117 = CARTESIAN_POINT ( 'NONE',  ( -4.799999999999995381, 0.3000000033899740126, 7.500000025559753425 ) ) ;
#1118 = VERTEX_POINT ( 'NONE', #667 ) ;
#1119 = CARTESIAN_POINT ( 'NONE',  ( 6.699999990440342224, 4.658333336723305962, 5.704740375034321076 ) ) ;
#1120 = CARTESIAN_POINT ( 'NONE',  ( 2.600000023980021613, 3.200000003389972036, 12.00333208583421118 ) ) ;
#1121 = CARTESIAN_POINT ( 'NONE',  ( 6.700000000000009059, 1.508333336723307827, 7.499999964322844548 ) ) ;
#1122 = CARTESIAN_POINT ( 'NONE',  ( -1.393335772952095430, -1.299999996610028186, 12.70000000741944213 ) ) ;
#1123 = CARTESIAN_POINT ( 'NONE',  ( -3.513843895041643517, 9.200000003389973813, 3.986156142380426370 ) ) ;
#1124 = CARTESIAN_POINT ( 'NONE',  ( -3.513843857619565636, 4.800000003389975234, 11.01384389504164751 ) ) ;
#1125 = CARTESIAN_POINT ( 'NONE',  ( -2.600000023980005182, 9.200000003389972036, 2.996667914165785263 ) ) ;
#1126 = EDGE_CURVE ( 'NONE', #2048, #1487, #11, .T. ) ;
#1127 = EDGE_LOOP ( 'NONE', ( #886, #1853, #1894, #1730 ) ) ;
#1128 = CARTESIAN_POINT ( 'NONE',  ( -6.699999999999994849, -1.508333329943361445, 7.500000035677153676 ) ) ;
#1129 = CARTESIAN_POINT ( 'NONE',  ( 5.802370223194325050, -7.841666663276694926, 10.84999996910267761 ) ) ;
#1130 = CARTESIAN_POINT ( 'NONE',  ( -3.349999969102668285, -3.824999996610024322, 13.30237022319431972 ) ) ;
#1131 = CARTESIAN_POINT ( 'NONE',  ( 3.567716210914794541E-08, -4.508333329943361001, 14.20000000000000107 ) ) ;
#1132 = CARTESIAN_POINT ( 'NONE',  ( -6.699999999999994849, 11.50833333672330738, 7.500000035677153676 ) ) ;
#1133 = CARTESIAN_POINT ( 'NONE',  ( -4.799999993151278233, 0.4666666700566413639, 8.786156149229150003 ) ) ;
#1134 = CARTESIAN_POINT ( 'NONE',  ( -4.503332113523940805, 9.533333336723305962, 4.900000023980011221 ) ) ;
#1135 = EDGE_LOOP ( 'NONE', ( #202, #1209, #1609, #1031 ) ) ;
#1136 = CARTESIAN_POINT ( 'NONE',  ( -4.904740384593981872, -1.008333329943361001, 12.40474043682896976 ) ) ;
#1137 = CARTESIAN_POINT ( 'NONE',  ( -4.904740436828961769, -6.008333329943361889, 2.595259615406009690 ) ) ;
#1138 = CARTESIAN_POINT ( 'NONE',  ( 6.700000009559674119, -6.658333329943358692, 9.295259553611364467 ) ) ;
#1139 = LINE ( 'NONE', #233, #358 ) ;
#1140 = CARTESIAN_POINT ( 'NONE',  ( -5.802370223194311727, -5.841666663276693150, 4.150000030897321501 ) ) ;
#1141 = CARTESIAN_POINT ( 'NONE',  ( 5.802370223194325050, 8.158333336723305962, 10.84999996910267761 ) ) ;
#1142 = FACE_OUTER_BOUND ( 'NONE', #812, .T. ) ;
#1143 = CARTESIAN_POINT ( 'NONE',  ( 1.286156149229154222, 1.466666670056640198, 12.29999999315128179 ) ) ;
#1144 = CARTESIAN_POINT ( 'NONE',  ( -4.675909461845439985, -5.000000000000000000, 12.29852797268331521 ) ) ;
#1145 = CARTESIAN_POINT ( 'NONE',  ( 4.800000006848724077, -8.466666663276695814, 8.786156098109632495 ) ) ;
#1146 = ORIENTED_EDGE ( 'NONE', *, *, #1696, .T. ) ;
#1147 = CARTESIAN_POINT ( 'NONE',  ( 1.286156098109642265, 11.13333333672330561, 2.699999993151282585 ) ) ;
#1148 = DIRECTION ( 'NONE',  ( 0.000000000000000000, 0.000000000000000000, 1.000000000000000000 ) ) ;
#1149 = CARTESIAN_POINT ( 'NONE',  ( -2.399999977864594847, -5.633333329943360113, 11.65692195094518624 ) ) ;
#1150 =( BOUNDED_CURVE ( )  B_SPLINE_CURVE ( 2, ( #504, #336, #1134, #1304, #1125, #1155, #346 ),
 .UNSPECIFIED., .F., .T. ) 
 B_SPLINE_CURVE_WITH_KNOTS ( ( 3, 2, 2, 3 ),
 ( 0.000000000000000000, 0.01666666666666666644, 0.03333333333333333287, 0.05000000017145019016 ),
 .UNSPECIFIED. ) 
 CURVE ( )  GEOMETRIC_REPRESENTATION_ITEM ( )  RATIONAL_B_SPLINE_CURVE ( ( 1.000000000000000000, 0.9659258262890683122, 1.000000000000000000, 0.9659258262890683122, 1.000000000000000000, 0.9659258262890683122, 1.000000000000000000 ) ) 
 REPRESENTATION_ITEM ( '' )  );
#1151 = CARTESIAN_POINT ( 'NONE',  ( 7.761344342882780970E-15, -3.133333333255523545, 2.299999999999999822 ) ) ;
#1152 = CARTESIAN_POINT ( 'NONE',  ( 6.700000000000009059, 0.4916666700566386106, 7.499999964322844548 ) ) ;
#1153 = EDGE_CURVE ( 'NONE', #1118, #1791, #861, .T. ) ;
#1154 = CARTESIAN_POINT ( 'NONE',  ( -4.800000006848710754, -3.866666663276691729, 6.213843901890364840 ) ) ;
#1155 = CARTESIAN_POINT ( 'NONE',  ( -1.393335828331564885, 9.033333336723302409, 2.300000007419442660 ) ) ;
#1156 = ORIENTED_EDGE ( 'NONE', *, *, #550, .F. ) ;
#1157 = CARTESIAN_POINT ( 'NONE',  ( -6.699999990440328901, -9.341666663276692262, 9.295259624965680700 ) ) ;
#1158 = CARTESIAN_POINT ( 'NONE',  ( 4.800000000000008704, 10.30000000338997346, 7.499999974440244799 ) ) ;
#1159 = CARTESIAN_POINT ( 'NONE',  ( -2.599999976019977677, 2.533333336723305074, 12.00333211352394969 ) ) ;
#1160 = CARTESIAN_POINT ( 'NONE',  ( 2.599999976019994108, -1.199999996610023878, 2.996667886476052090 ) ) ;
#1161 = CARTESIAN_POINT ( 'NONE',  ( 5.802370187517169597, 4.825000003389972925, 4.149999969102674768 ) ) ;
#1162 = CARTESIAN_POINT ( 'NONE',  ( 5.802370223194325050, 5.175000003389975234, 10.84999996910267761 ) ) ;
#1163 = CARTESIAN_POINT ( 'NONE',  ( 4.156921925385436367, 8.033333336723305962, 5.099999977864601242 ) ) ;
#1164 = CARTESIAN_POINT ( 'NONE',  ( -1.795259553611358028, 7.325000003389972925, 14.20000000955966790 ) ) ;
#1165 = VERTEX_POINT ( 'NONE', #1637 ) ;
#1166 = CARTESIAN_POINT ( 'NONE',  ( -6.699999999999994849, 7.508333336723308271, 7.500000035677153676 ) ) ;
#1167 = CARTESIAN_POINT ( 'NONE',  ( -4.799999999999995381, 12.30000000338997346, 7.500000025559753425 ) ) ;
#1168 = CARTESIAN_POINT ( 'NONE',  ( 6.938893903907228378E-15, -5.000000000000000000, 7.500000000000000000 ) ) ;
#1169 = CARTESIAN_POINT ( 'NONE',  ( -1.286156149229137347, -3.133333329943361001, 2.700000006848713774 ) ) ;
#1170 = CARTESIAN_POINT ( 'NONE',  ( 5.200000000000006395, 2.133333336723308271, 7.499999972310265939 ) ) ;
#1171 = CARTESIAN_POINT ( 'NONE',  ( -6.699999990440328901, 2.658333336723305962, 9.295259624965680700 ) ) ;
#1172 = CARTESIAN_POINT ( 'NONE',  ( -4.904740384593981872, 4.008333336723308271, 12.40474043682896976 ) ) ;
#1173 = DIRECTION ( 'NONE',  ( 0.000000000000000000, 1.000000000000000000, 0.000000000000000000 ) ) ;
#1174 = VECTOR ( 'NONE', #1314, 1000.000000000000000 ) ;
#1175 = CARTESIAN_POINT ( 'NONE',  ( 6.938893903907228378E-15, -10.00000000000000000, 14.49999999999999822 ) ) ;
#1176 = ORIENTED_EDGE ( 'NONE', *, *, #530, .F. ) ;
#1177 = CARTESIAN_POINT ( 'NONE',  ( 7.796146663310375992E-15, -10.00000000000000000, 0.4999999999999995559 ) ) ;
#1178 = CARTESIAN_POINT ( 'NONE',  ( -2.555974732114141868E-08, 11.30000000338997346, 2.699999999999997513 ) ) ;
#1179 = CYLINDRICAL_SURFACE ( 'NONE', #1557, 5.200000000000000178 ) ;
#1180 = CARTESIAN_POINT ( 'NONE',  ( -4.156921950945177358, -2.633333329943360557, 5.100000022135394495 ) ) ;
#1181 = CARTESIAN_POINT ( 'NONE',  ( -4.904740384593981872, 6.991666670056638111, 12.40474043682896976 ) ) ;
#1182 = CARTESIAN_POINT ( 'NONE',  ( -5.802370223194311727, 6.158333336723305962, 4.150000030897321501 ) ) ;
#1183 = CARTESIAN_POINT ( 'NONE',  ( -6.700000009559659908, 3.341666670056641752, 5.704740446388631092 ) ) ;
#1184 = CARTESIAN_POINT ( 'NONE',  ( -5.199999999999993072, -10.00000000000000000, 7.500000027689733173 ) ) ;
#1185 = CARTESIAN_POINT ( 'NONE',  ( 0.8629813060397210078, -5.000000000000003553, 2.293898645868394759 ) ) ;
#1186 = ORIENTED_EDGE ( 'NONE', *, *, #1090, .T. ) ;
#1187 = DIRECTION ( 'NONE',  ( 0.000000000000000000, 1.000000000000000000, 0.000000000000000000 ) ) ;
#1188 = ADVANCED_FACE ( 'NONE', ( #1801 ), #962, .T. ) ;
#1189 = CARTESIAN_POINT ( 'NONE',  ( 6.938893903907228378E-15, -10.00000000000000000, 7.500000000000000000 ) ) ;
#1190 = VERTEX_POINT ( 'NONE', #1782 ) ;
#1191 = CARTESIAN_POINT ( 'NONE',  ( 1.795259624965688472, 7.658333336723305074, 14.19999999044033601 ) ) ;
#1192 = CARTESIAN_POINT ( 'NONE',  ( 2.600000023980021613, -2.533333329943357803, 12.00333208583421296 ) ) ;
#1193 = CARTESIAN_POINT ( 'NONE',  ( 3.350000030897332337, 8.841666670056641308, 13.30237018751716249 ) ) ;
#1194 = CARTESIAN_POINT ( 'NONE',  ( 3.567716210914794541E-08, -3.491666663276691285, 14.20000000000000107 ) ) ;
#1195 = DIRECTION ( 'NONE',  ( 0.000000000000000000, 1.000000000000000000, 0.000000000000000000 ) ) ;
#1196 = CARTESIAN_POINT ( 'NONE',  ( -0.8276260121186934660, -4.999999999999997335, 1.814983912467104554 ) ) ;
#1197 = CARTESIAN_POINT ( 'NONE',  ( 6.938893903907228378E-15, -10.00000000000000000, 7.500000000000000000 ) ) ;
#1198 = CARTESIAN_POINT ( 'NONE',  ( -3.567714741084677945E-08, 6.508333336723308271, 0.7999999999999977129 ) ) ;
#1199 = CARTESIAN_POINT ( 'NONE',  ( 1.084054716138982855, -4.999999999998006039, 12.58574727767875068 ) ) ;
#1200 = CARTESIAN_POINT ( 'NONE',  ( 1.795259624965688472, 7.658333336723305962, 14.19999999044033423 ) ) ;
#1201 = DIRECTION ( 'NONE',  ( 0.000000000000000000, 1.000000000000000000, 0.000000000000000000 ) ) ;
#1202 = SURFACE_STYLE_USAGE ( .BOTH. , #1845 ) ;
#1203 = CARTESIAN_POINT ( 'NONE',  ( -1.795259624965670708, -6.341666663276692262, 0.8000000095596632166 ) ) ;
#1204 = CARTESIAN_POINT ( 'NONE',  ( -3.350000030897316350, -5.158333329943358692, 1.697629812482836176 ) ) ;
#1205 = CARTESIAN_POINT ( 'NONE',  ( -4.800000006848710754, 5.533333336723305962, 6.213843901890364840 ) ) ;
#1206 = CARTESIAN_POINT ( 'NONE',  ( 4.800000006848724077, -5.866666663276692617, 8.786156098109632495 ) ) ;
#1207 = CARTESIAN_POINT ( 'NONE',  ( 1.393335828331581761, 9.300000003389973458, 12.69999999258055468 ) ) ;
#1208 = CARTESIAN_POINT ( 'NONE',  ( 4.904740436828977757, 3.991666670056638555, 12.40474038459398365 ) ) ;
#1209 = ORIENTED_EDGE ( 'NONE', *, *, #1387, .T. ) ;
#1210 = CARTESIAN_POINT ( 'NONE',  ( 4.904740436828977757, 9.008333336723307383, 12.40474038459398365 ) ) ;
#1211 = AXIS2_PLACEMENT_3D ( 'NONE', #768, #1395, #1419 ) ;
#1212 = DIRECTION ( 'NONE',  ( 0.000000000000000000, 1.000000000000000000, -0.000000000000000000 ) ) ;
#1213 = ORIENTED_EDGE ( 'NONE', *, *, #1442, .T. ) ;
#1214 = CARTESIAN_POINT ( 'NONE',  ( -2.400000022135390765, -2.966666663276693594, 3.343078074614569850 ) ) ;
#1215 = CARTESIAN_POINT ( 'NONE',  ( 6.699999990440342224, 9.675000003389975234, 5.704740375034321076 ) ) ;
#1216 = CARTESIAN_POINT ( 'NONE',  ( -1.795259624965670708, -2.341666663276694926, 0.8000000095596632166 ) ) ;
#1217 = CARTESIAN_POINT ( 'NONE',  ( -1.795259553611358028, -3.658333329943358248, 14.20000000955966790 ) ) ;
#1218 = CARTESIAN_POINT ( 'NONE',  ( 3.350000030897332337, -4.174999996610027964, 13.30237018751716249 ) ) ;
#1219 = EDGE_CURVE ( 'NONE', #590, #396, #1457, .T. ) ;
#1220 =( BOUNDED_CURVE ( )  B_SPLINE_CURVE ( 2, ( #81, #1671, #100, #432, #594, #711, #1822, #880, #1538, #273, #735, #1526, #862, #1549, #1982, #1691, #1337, #1191, #121, #555, #564, #1181, #110, #1513, #401, #1844, #757, #242, #873, #90, #725, #1348, #1991, #253, #1257, #316, #956, #1733, #1745, #1915, #442, #163, #777, #466, #306, #27, #1281, #640, #468, #1757, #5, #307, #935, #1935, #15, #1268, #318, #1927, #1612, #946, #1632, #1290, #1917, #1778, #1598, #184, #488, #342, #1110, #197, #165, #1769, #508, #976, #958, #1747, #331, #1906, #1585, #816, #798, #154, #1897, #176, #663, #1462, #789, #826, #808, #1441, #1131, #651, #499, #1088, #1450 ),
 .UNSPECIFIED., .F., .T. ) 
 B_SPLINE_CURVE_WITH_KNOTS ( ( 3, 2, 2, 2, 2, 2, 2, 2, 2, 2, 2, 2, 2, 2, 2, 2, 2, 2, 2, 2, 2, 2, 2, 2, 2, 2, 2, 2, 2, 2, 2, 2, 2, 2, 2, 2, 2, 2, 2, 2, 2, 2, 2, 2, 2, 2, 2, 3 ),
 ( 0.000000000000000000, 0.01666666666666666644, 0.03333333333333333287, 0.05000000000000000278, 0.06666666666666666574, 0.08333333333333332871, 0.1000000000000000056, 0.1166666666666666685, 0.1333333333333333315, 0.1499999999999999944, 0.1666666666666666574, 0.1833333333333333204, 0.2000000000000000111, 0.2166666666666666741, 0.2333333333333333370, 0.2500000000000000000, 0.2666666666666666630, 0.2833333333333333259, 0.2999999999999999889, 0.3166666666666666519, 0.3333333333333333148, 0.3499999999999999778, 0.3666666666666666408, 0.3833333333333333592, 0.4000000000000000222, 0.4166666666666666852, 0.4333333333333333481, 0.4500000000000000111, 0.4666666666666666741, 0.4833333333333333370, 0.5000000000000000000, 0.5166666666666667185, 0.5333333333333333259, 0.5500000000000000444, 0.5666666666666666519, 0.5833333333333333703, 0.5999999999999999778, 0.6166666666666666963, 0.6333333333333333037, 0.6500000000000000222, 0.6666666666666666297, 0.6833333333333333481, 0.6999999999999999556, 0.7166666666666666741, 0.7333333333333332815, 0.7500000000000000000, 0.7666666666666667185, 0.7745904151373154134 ),
 .UNSPECIFIED. ) 
 CURVE ( )  GEOMETRIC_REPRESENTATION_ITEM ( )  RATIONAL_B_SPLINE_CURVE ( ( 1.000000000000000000, 0.9659258262890683122, 1.000000000000000000, 0.9659258262890683122, 1.000000000000000000, 0.9659258262890683122, 1.000000000000000000, 0.9659258262890683122, 1.000000000000000000, 0.9659258262890683122, 1.000000000000000000, 0.9659258262890683122, 1.000000000000000000, 0.9659258262890683122, 1.000000000000000000, 0.9659258262890683122, 1.000000000000000000, 0.9659258262890683122, 1.000000000000000000, 0.9659258262890683122, 1.000000000000000000, 0.9659258262890683122, 1.000000000000000000, 0.9659258262890683122, 1.000000000000000000, 0.9659258262890683122, 1.000000000000000000, 0.9659258262890683122, 1.000000000000000000, 0.9659258262890683122, 1.000000000000000000, 0.9659258262890683122, 1.000000000000000000, 0.9659258262890683122, 1.000000000000000000, 0.9659258262890683122, 1.000000000000000000, 0.9659258262890683122, 1.000000000000000000, 0.9659258262890683122, 1.000000000000000000, 0.9659258262890683122, 1.000000000000000000, 0.9659258262890683122, 1.000000000000000000, 0.9659258262890683122, 1.000000000000000000, 0.9659258262890683122, 1.000000000000000000, 0.9659258262890683122, 1.000000000000000000, 0.9659258262890683122, 1.000000000000000000, 0.9659258262890683122, 1.000000000000000000, 0.9659258262890683122, 1.000000000000000000, 0.9659258262890683122, 1.000000000000000000, 0.9659258262890683122, 1.000000000000000000, 0.9659258262890683122, 1.000000000000000000, 0.9659258262890683122, 1.000000000000000000, 0.9659258262890683122, 1.000000000000000000, 0.9659258262890683122, 1.000000000000000000, 0.9659258262890683122, 1.000000000000000000, 0.9659258262890683122, 1.000000000000000000, 0.9659258262890683122, 1.000000000000000000, 0.9659258262890683122, 1.000000000000000000, 0.9659258262890683122, 1.000000000000000000, 0.9659258262890683122, 1.000000000000000000, 0.9659258262890683122, 1.000000000000000000, 0.9659258262890683122, 1.000000000000000000, 0.9659258262890683122, 1.000000000000000000, 0.9659258262890683122, 1.000000000000000000, 0.9659258262890683122, 1.000000000000000000, 0.9659258262890683122, 1.000000000000000000, 0.9838002890901631492, 0.9830040703259388390 ) ) 
 REPRESENTATION_ITEM ( '' )  );
#1221 = CARTESIAN_POINT ( 'NONE',  ( 6.938893903907228378E-15, -10.29999999661002796, 7.500000000000000000 ) ) ;
#1222 = CARTESIAN_POINT ( 'NONE',  ( -5.339262832387084323, -4.910987077594793249, 3.347874490794459312 ) ) ;
#1223 = CARTESIAN_POINT ( 'NONE',  ( -4.156921950945177358, -6.633333329943359225, 5.100000022135394495 ) ) ;
#1224 = CARTESIAN_POINT ( 'NONE',  ( -5.200000007419435022, 11.96666667005663953, 6.106664227047894578 ) ) ;
#1225 = CARTESIAN_POINT ( 'NONE',  ( -1.286156149229137347, -3.133333329943361001, 2.700000006848713774 ) ) ;
#1226 = CARTESIAN_POINT ( 'NONE',  ( -6.699999999999994849, 3.508333336723307827, 7.500000035677153676 ) ) ;
#1227 = CARTESIAN_POINT ( 'NONE',  ( -6.699999990440328901, -5.341666663276693150, 9.295259624965680700 ) ) ;
#1228 = CARTESIAN_POINT ( 'NONE',  ( -6.699999999999994849, -8.491666663276692617, 7.500000035677153676 ) ) ;
#1229 = CARTESIAN_POINT ( 'NONE',  ( 3.513843895041659948, 7.200000003389972036, 11.01384385761957141 ) ) ;
#1230 = CARTESIAN_POINT ( 'NONE',  ( 4.156921925385436367, 0.03333333672330546227, 5.099999977864601242 ) ) ;
#1231 = CARTESIAN_POINT ( 'NONE',  ( 4.904740384593996083, 0.9916666700566389991, 2.595259563171031569 ) ) ;
#1232 = CARTESIAN_POINT ( 'NONE',  ( 4.904740384593996083, 6.008333336723308271, 2.595259563171031569 ) ) ;
#1233 = CARTESIAN_POINT ( 'NONE',  ( 6.938893903907228378E-15, -10.29999999661002796, 7.500000000000000000 ) ) ;
#1234 = CARTESIAN_POINT ( 'NONE',  ( 1.795259624965688472, 4.675000003389975234, 14.19999999044033601 ) ) ;
#1235 = CARTESIAN_POINT ( 'NONE',  ( -2.076660094515629940, -4.999999999999995559, 13.19441284924567981 ) ) ;
#1236 = CARTESIAN_POINT ( 'NONE',  ( 4.156921925385436367, -3.966666663276692706, 5.099999977864601242 ) ) ;
#1237 = CARTESIAN_POINT ( 'NONE',  ( -6.700000009559659908, 7.341666670056641308, 5.704740446388631092 ) ) ;
#1238 = CARTESIAN_POINT ( 'NONE',  ( -4.904740436828961769, -6.008333329943361889, 2.595259615406009690 ) ) ;
#1239 = CARTESIAN_POINT ( 'NONE',  ( -3.349999969102668285, -7.824999996610026542, 13.30237022319431972 ) ) ;
#1240 = CARTESIAN_POINT ( 'NONE',  ( -1.286156149229137347, 4.866666670056639887, 2.700000006848713774 ) ) ;
#1241 = CARTESIAN_POINT ( 'NONE',  ( 3.567716210914794541E-08, -0.5083333299433605568, 14.20000000000000107 ) ) ;
#1242 = CARTESIAN_POINT ( 'NONE',  ( -4.800000006848710754, 8.133333336723309159, 6.213843901890364840 ) ) ;
#1243 = CARTESIAN_POINT ( 'NONE',  ( 6.700000000000009059, 4.491666670056638999, 7.499999964322844548 ) ) ;
#1244 = CARTESIAN_POINT ( 'NONE',  ( 3.806664179087877020, -3.633333329943361001, 3.693335780371546306 ) ) ;
#1245 = CARTESIAN_POINT ( 'NONE',  ( -1.795259624965670708, -1.324999996610025654, 0.8000000095596632166 ) ) ;
#1246 = ORIENTED_EDGE ( 'NONE', *, *, #1939, .T. ) ;
#1247 = CARTESIAN_POINT ( 'NONE',  ( -3.513843857619565636, -9.799999996610024411, 11.01384389504164751 ) ) ;
#1248 = CARTESIAN_POINT ( 'NONE',  ( 3.349999969102685160, 10.17500000338997346, 1.697629776805681390 ) ) ;
#1249 = CARTESIAN_POINT ( 'NONE',  ( 7.761344342882780970E-15, -0.8666666665888540511, 2.299999999999999822 ) ) ;
#1250 = CARTESIAN_POINT ( 'NONE',  ( -6.699964555535714794, -5.000000000000003553, 7.722693265184739531 ) ) ;
#1251 = CARTESIAN_POINT ( 'NONE',  ( 4.799999993151293332, 3.866666670056639443, 6.213843850770855326 ) ) ;
#1252 = CARTESIAN_POINT ( 'NONE',  ( 4.800000006848724077, -0.4666666632766932055, 8.786156098109632495 ) ) ;
#1253 = CARTESIAN_POINT ( 'NONE',  ( -1.795259553611358028, -0.6749999966100278526, 14.20000000955966790 ) ) ;
#1254 = CARTESIAN_POINT ( 'NONE',  ( -6.699999999999994849, -0.4916666632766922285, 7.500000035677153676 ) ) ;
#1255 = ORIENTED_EDGE ( 'NONE', *, *, #269, .T. ) ;
#1256 = CARTESIAN_POINT ( 'NONE',  ( 5.802370187517169597, -3.174999996610026631, 4.149999969102674768 ) ) ;
#1257 = CARTESIAN_POINT ( 'NONE',  ( 5.802370187517169597, 4.825000003389972925, 4.149999969102674768 ) ) ;
#1258 = CARTESIAN_POINT ( 'NONE',  ( 6.700000000000009059, 9.508333336723307383, 7.499999964322844548 ) ) ;
#1259 = CARTESIAN_POINT ( 'NONE',  ( -3.806664179087862365, 0.6333333367233087152, 11.30666421962845192 ) ) ;
#1260 = CARTESIAN_POINT ( 'NONE',  ( -5.784977398272878268, -5.000000000000010658, 4.090922476863530832 ) ) ;
#1261 = CARTESIAN_POINT ( 'NONE',  ( -1.286156098109626278, -1.466666663276694260, 12.30000000684871786 ) ) ;
#1262 = CARTESIAN_POINT ( 'NONE',  ( 5.802370187517169597, -3.174999996610026631, 4.149999969102674768 ) ) ;
#1263 = CARTESIAN_POINT ( 'NONE',  ( -3.567714741084677945E-08, 6.508333336723308271, 0.7999999999999977129 ) ) ;
#1264 = CARTESIAN_POINT ( 'NONE',  ( 5.802370187517169597, -2.158333329943357359, 4.149999969102674768 ) ) ;
#1265 = CARTESIAN_POINT ( 'NONE',  ( -1.795259553611358028, 3.325000003389972036, 14.20000000955966790 ) ) ;
#1266 = APPLICATION_CONTEXT ( 'automotive_design' ) ;
#1267 = CARTESIAN_POINT ( 'NONE',  ( 3.350000030897332337, -3.158333329943358248, 13.30237018751716249 ) ) ;
#1268 = CARTESIAN_POINT ( 'NONE',  ( 1.795259553611374903, 1.325000003389972036, 0.7999999904403330975 ) ) ;
#1269 = CARTESIAN_POINT ( 'NONE',  ( 6.753260017897815461E-15, -2.866666666588854273, 12.69999999999999574 ) ) ;
#1270 = CARTESIAN_POINT ( 'NONE',  ( -4.156921925385422156, -1.966666663276692928, 9.900000022135397870 ) ) ;
#1271 = CARTESIAN_POINT ( 'NONE',  ( 6.700000000000009059, -7.508333329943360113, 7.499999964322844548 ) ) ;
#1272 = DIRECTION ( 'NONE',  ( 0.000000000000000000, 1.000000000000000000, 0.000000000000000000 ) ) ;
#1273 = CARTESIAN_POINT ( 'NONE',  ( -4.156921925385422156, 8.633333336723307383, 9.900000022135397870 ) ) ;
#1274 = CARTESIAN_POINT ( 'NONE',  ( -3.567714741084677945E-08, 1.491666670056639443, 0.7999999999999977129 ) ) ;
#1275 = CARTESIAN_POINT ( 'NONE',  ( 6.938893903907228378E-15, -10.29999999661002796, 7.500000000000000000 ) ) ;
#1276 = EDGE_LOOP ( 'NONE', ( #602, #786, #1803, #1095, #1754 ) ) ;
#1277 = AXIS2_PLACEMENT_3D ( 'NONE', #1534, #570, #752 ) ;
#1278 = CARTESIAN_POINT ( 'NONE',  ( 1.795259553611374903, 1.325000003389972036, 0.7999999904403329865 ) ) ;
#1279 = CARTESIAN_POINT ( 'NONE',  ( 4.503332113523955904, 3.533333336723305074, 10.09999997601998523 ) ) ;
#1280 = CARTESIAN_POINT ( 'NONE',  ( 5.802370187517169597, -6.158333329943359580, 4.149999969102674768 ) ) ;
#1281 = CARTESIAN_POINT ( 'NONE',  ( -5.802370187517154498, 2.825000003389972481, 10.85000003089732523 ) ) ;
#1282 = AXIS2_PLACEMENT_3D ( 'NONE', #375, #1114, #177 ) ;
#1283 = CARTESIAN_POINT ( 'NONE',  ( -4.799999993151278233, -3.533333329943356471, 8.786156149229150003 ) ) ;
#1284 = EDGE_CURVE ( 'NONE', #1791, #359, #356, .T. ) ;
#1285 = CARTESIAN_POINT ( 'NONE',  ( 7.575710239463852410E-15, -10.29999999661002796, 2.299999999999999822 ) ) ;
#1286 = ORIENTED_EDGE ( 'NONE', *, *, #188, .F. ) ;
#1287 = CARTESIAN_POINT ( 'NONE',  ( 6.700000000000009059, 0.4916666700566386106, 7.499999964322844548 ) ) ;
#1288 = CARTESIAN_POINT ( 'NONE',  ( -1.795259624965670708, -6.341666663276692262, 0.8000000095596632166 ) ) ;
#1289 = CARTESIAN_POINT ( 'NONE',  ( -5.802370223194311727, -0.8249999966100253213, 4.150000030897321501 ) ) ;
#1290 = CARTESIAN_POINT ( 'NONE',  ( 6.700000009559674119, 0.3250000033899729246, 9.295259553611364467 ) ) ;
#1291 = CARTESIAN_POINT ( 'NONE',  ( -6.699999999999994849, -9.508333329943361889, 7.500000035677153676 ) ) ;
#1292 = CARTESIAN_POINT ( 'NONE',  ( -4.799999993151278233, 4.466666670056641308, 8.786156149229150003 ) ) ;
#1293 = CARTESIAN_POINT ( 'NONE',  ( 2.599999976019994108, 6.800000003389975234, 2.996667886476052090 ) ) ;
#1294 = ORIENTED_EDGE ( 'NONE', *, *, #771, .F. ) ;
#1295 = CARTESIAN_POINT ( 'NONE',  ( -1.795259624965670708, -2.341666663276694926, 0.8000000095596632166 ) ) ;
#1296 = CARTESIAN_POINT ( 'NONE',  ( -4.904740384593981872, -5.008333329943359225, 12.40474043682896976 ) ) ;
#1297 = CARTESIAN_POINT ( 'NONE',  ( -4.904740436828961769, -0.9916666632766909517, 2.595259615406009690 ) ) ;
#1298 = CARTESIAN_POINT ( 'NONE',  ( 6.938893903907228378E-15, -10.29999999661002796, 12.69999999999999929 ) ) ;
#1299 =( BOUNDED_CURVE ( )  B_SPLINE_CURVE ( 2, ( #1689, #67, #1013, #251, #1535, #859, #1679, #415, #408, #428, #879, #1052, #1851, #1523, #1326, #1210, #1700, #543, #1861, #98, #1819, #731, #698, #1355, #1166, #1998, #388, #1667, #571, #260, #1198, #1709, #1498, #232, #1042, #1367, #2006, #582, #271, #281, #292, #1234, #2037, #2027, #615, #908, #484, #625, #1718, #2046, #1558, #921, #139, #327, #438, #1902, #1893, #603, #1073, #1423, #942, #1882, #1764, #117, #793, #450, #1063, #1401, #474, #1729, #1547, #1570, #1254, #775, #1, #160, #636, #1245, #1094, #462, #1753, #1084, #1264, #1592, #1912, #130, #1390, #1742, #591, #1106, #303, #931, #764, #313, #1581, #753, #1870, #1379, #2017, #1222, #150 ),
 .UNSPECIFIED., .F., .F. ) 
 B_SPLINE_CURVE_WITH_KNOTS ( ( 3, 2, 2, 2, 2, 2, 2, 2, 2, 2, 2, 2, 2, 2, 2, 2, 2, 2, 2, 2, 2, 2, 2, 2, 2, 2, 2, 2, 2, 2, 2, 2, 2, 2, 2, 2, 2, 2, 2, 2, 2, 2, 2, 2, 2, 2, 2, 2, 2, 2, 3 ),
 ( 0.000000000000000000, 0.01666666666666666644, 0.03333333333333333287, 0.05000000000000000278, 0.06666666666666666574, 0.08333333333333332871, 0.1000000000000000056, 0.1166666666666666685, 0.1333333333333333315, 0.1499999999999999944, 0.1666666666666666574, 0.1833333333333333204, 0.2000000000000000111, 0.2166666666666666463, 0.2333333333333333370, 0.2500000000000000000, 0.2666666666666666630, 0.2833333333333333259, 0.2999999999999999889, 0.3166666666666667074, 0.3333333333333333148, 0.3499999999999999778, 0.3666666666666666408, 0.3833333333333333592, 0.4000000000000000222, 0.4166666666666666852, 0.4333333333333332926, 0.4500000000000000111, 0.4666666666666666741, 0.4833333333333333370, 0.5000000000000000000, 0.5166666666666667185, 0.5333333333333333259, 0.5500000000000000444, 0.5666666666666666519, 0.5833333333333333703, 0.5999999999999999778, 0.6166666666666666963, 0.6333333333333334147, 0.6500000000000000222, 0.6666666666666666297, 0.6833333333333333481, 0.6999999999999999556, 0.7166666666666666741, 0.7333333333333332815, 0.7500000000000001110, 0.7666666666666667185, 0.7833333333333333259, 0.8000000000000000444, 0.8166666666666666519, 0.8254095851959484254 ),
 .UNSPECIFIED. ) 
 CURVE ( )  GEOMETRIC_REPRESENTATION_ITEM ( )  RATIONAL_B_SPLINE_CURVE ( ( 1.000000000000000000, 0.9659258262890683122, 1.000000000000000000, 0.9659258262890683122, 1.000000000000000000, 0.9659258262890683122, 1.000000000000000000, 0.9659258262890683122, 1.000000000000000000, 0.9659258262890683122, 1.000000000000000000, 0.9659258262890683122, 1.000000000000000000, 0.9659258262890683122, 1.000000000000000000, 0.9659258262890683122, 1.000000000000000000, 0.9659258262890683122, 1.000000000000000000, 0.9659258262890683122, 1.000000000000000000, 0.9659258262890683122, 1.000000000000000000, 0.9659258262890683122, 1.000000000000000000, 0.9659258262890683122, 1.000000000000000000, 0.9659258262890683122, 1.000000000000000000, 0.9659258262890683122, 1.000000000000000000, 0.9659258262890683122, 1.000000000000000000, 0.9659258262890683122, 1.000000000000000000, 0.9659258262890683122, 1.000000000000000000, 0.9659258262890683122, 1.000000000000000000, 0.9659258262890683122, 1.000000000000000000, 0.9659258262890683122, 1.000000000000000000, 0.9659258262890683122, 1.000000000000000000, 0.9659258262890683122, 1.000000000000000000, 0.9659258262890683122, 1.000000000000000000, 0.9659258262890683122, 1.000000000000000000, 0.9659258262890683122, 1.000000000000000000, 0.9659258262890683122, 1.000000000000000000, 0.9659258262890683122, 1.000000000000000000, 0.9659258262890683122, 1.000000000000000000, 0.9659258262890683122, 1.000000000000000000, 0.9659258262890683122, 1.000000000000000000, 0.9659258262890683122, 1.000000000000000000, 0.9659258262890683122, 1.000000000000000000, 0.9659258262890683122, 1.000000000000000000, 0.9659258262890683122, 1.000000000000000000, 0.9659258262890683122, 1.000000000000000000, 0.9659258262890683122, 1.000000000000000000, 0.9659258262890683122, 1.000000000000000000, 0.9659258262890683122, 1.000000000000000000, 0.9659258262890683122, 1.000000000000000000, 0.9659258262890683122, 1.000000000000000000, 0.9659258262890683122, 1.000000000000000000, 0.9659258262890683122, 1.000000000000000000, 0.9659258262890683122, 1.000000000000000000, 0.9659258262890683122, 1.000000000000000000, 0.9659258262890683122, 1.000000000000000000, 0.9659258262890683122, 1.000000000000000000, 0.9659258262890683122, 1.000000000000000000, 0.9659258262890683122, 1.000000000000000000, 0.9821255365175638463, 0.9830040703929150414 ) ) 
 REPRESENTATION_ITEM ( '' )  );
#1300 = CARTESIAN_POINT ( 'NONE',  ( -3.349999969102668285, -4.841666663276694038, 13.30237022319431972 ) ) ;
#1301 = CARTESIAN_POINT ( 'NONE',  ( 1.795259553611374903, 9.325000003389968484, 0.7999999904403329865 ) ) ;
#1302 = CARTESIAN_POINT ( 'NONE',  ( -3.806664179087862365, 8.633333336723309159, 11.30666421962845192 ) ) ;
#1303 = CARTESIAN_POINT ( 'NONE',  ( -4.799999999999995381, 4.300000003389974346, 7.500000025559753425 ) ) ;
#1304 = CARTESIAN_POINT ( 'NONE',  ( -3.806664219628446144, 9.366666670056638111, 3.693335820912129197 ) ) ;
#1305 = EDGE_LOOP ( 'NONE', ( #688, #831, #1497, #1146 ) ) ;
#1306 = CARTESIAN_POINT ( 'NONE',  ( -3.349999969102668285, -4.841666663276694038, 13.30237022319431972 ) ) ;
#1307 = EDGE_CURVE ( 'NONE', #590, #359, #1150, .T. ) ;
#1308 = CARTESIAN_POINT ( 'NONE',  ( -3.349999969102668285, -7.824999996610026542, 13.30237022319431972 ) ) ;
#1309 = DIRECTION ( 'NONE',  ( 0.000000000000000000, 1.000000000000000000, 0.000000000000000000 ) ) ;
#1310 = CARTESIAN_POINT ( 'NONE',  ( -4.800000006848710754, -2.466666663276692706, 6.213843901890364840 ) ) ;
#1311 = CARTESIAN_POINT ( 'NONE',  ( -4.904740384593981872, -9.008333329943358336, 12.40474043682896976 ) ) ;
#1312 = CARTESIAN_POINT ( 'NONE',  ( 4.904740436828977757, 3.991666670056638555, 12.40474038459398365 ) ) ;
#1313 = CARTESIAN_POINT ( 'NONE',  ( 4.156921925385436367, 2.633333336723306939, 5.099999977864601242 ) ) ;
#1314 = DIRECTION ( 'NONE',  ( 0.000000000000000000, 1.000000000000000000, 0.000000000000000000 ) ) ;
#1315 = CARTESIAN_POINT ( 'NONE',  ( 5.802370223194325050, 8.158333336723305962, 10.84999996910267761 ) ) ;
#1316 = ORIENTED_EDGE ( 'NONE', *, *, #941, .T. ) ;
#1317 = LINE ( 'NONE', #672, #848 ) ;
#1318 =( NAMED_UNIT ( * ) SI_UNIT ( $, .STERADIAN. ) SOLID_ANGLE_UNIT ( ) );
#1319 = CARTESIAN_POINT ( 'NONE',  ( -1.286156149229137347, 0.8666666700566389991, 2.700000006848713774 ) ) ;
#1320 = CARTESIAN_POINT ( 'NONE',  ( -1.393335828331564885, 5.033333336723305074, 2.300000007419442660 ) ) ;
#1321 = CARTESIAN_POINT ( 'NONE',  ( -6.699999999999994849, -1.508333329943361445, 7.500000035677153676 ) ) ;
#1322 = CARTESIAN_POINT ( 'NONE',  ( -1.286156098109626278, -2.866666663276692173, 12.30000000684871786 ) ) ;
#1323 = CARTESIAN_POINT ( 'NONE',  ( -0.5755229907452921179, -4.999999999999980460, 1.850184036754616956 ) ) ;
#1324 = CARTESIAN_POINT ( 'NONE',  ( 3.567716210914794541E-08, 7.491666670056638999, 14.20000000000000107 ) ) ;
#1325 = VERTEX_POINT ( 'NONE', #1144 ) ;
#1326 = CARTESIAN_POINT ( 'NONE',  ( 5.802370223194325050, 9.175000003389975234, 10.84999996910267761 ) ) ;
#1327 = CARTESIAN_POINT ( 'NONE',  ( 5.199999992580564445, 8.033333336723305962, 6.106664171668427343 ) ) ;
#1328 = CARTESIAN_POINT ( 'NONE',  ( -5.199999999999993072, 5.866666670056638111, 7.500000027689733173 ) ) ;
#1329 = CARTESIAN_POINT ( 'NONE',  ( -4.904740384593981872, 2.991666670056638111, 12.40474043682896976 ) ) ;
#1330 = CARTESIAN_POINT ( 'NONE',  ( 4.904740384593996083, 2.008333336723308271, 2.595259563171031569 ) ) ;
#1331 = ADVANCED_BREP_SHAPE_REPRESENTATION ( 'screw - \X2\526f672c\X0\ (2)_\X2\9ed88ba4\X0\', ( #705, #1416 ), #493 ) ;
#1332 = CARTESIAN_POINT ( 'NONE',  ( 7.796146663310375992E-15, -10.00000000000000000, 0.4999999999999995559 ) ) ;
#1333 = CARTESIAN_POINT ( 'NONE',  ( 2.400000022135406752, -8.966666663276692262, 11.65692192538542926 ) ) ;
#1334 = CARTESIAN_POINT ( 'NONE',  ( 6.938893903907228378E-15, -10.29999999661002796, 12.69999999999999929 ) ) ;
#1335 = CARTESIAN_POINT ( 'NONE',  ( 1.393335772952111640, 0.7000000033899714813, 2.299999992580558317 ) ) ;
#1336 = CARTESIAN_POINT ( 'NONE',  ( 4.800000000000008704, -0.2999999966100275750, 7.499999974440244799 ) ) ;
#1337 = CARTESIAN_POINT ( 'NONE',  ( 3.350000030897332337, 7.825000003389972925, 13.30237018751716249 ) ) ;
#1338 = CARTESIAN_POINT ( 'NONE',  ( -5.199999992580549346, 6.033333336723305074, 8.893335828331576209 ) ) ;
#1339 = CARTESIAN_POINT ( 'NONE',  ( 5.802370223194325050, 0.1583333367233055733, 10.84999996910267761 ) ) ;
#1340 = CARTESIAN_POINT ( 'NONE',  ( 1.795259553611374903, 2.341666670056640864, 0.7999999904403329865 ) ) ;
#1341 = CARTESIAN_POINT ( 'NONE',  ( -2.600000023980005626, -4.533333329943357803, 2.996667914165785707 ) ) ;
#1342 = EDGE_CURVE ( 'NONE', #1118, #371, #190, .T. ) ;
#1343 = CARTESIAN_POINT ( 'NONE',  ( 5.199999992580564445, 10.30000000338997346, 6.106664171668427343 ) ) ;
#1344 = CYLINDRICAL_SURFACE ( 'NONE', #321, 5.200000000000000178 ) ;
#1345 = CARTESIAN_POINT ( 'NONE',  ( 6.938893903907228378E-15, -5.000000000000000000, 7.500000000000000000 ) ) ;
#1346 = DIRECTION ( 'NONE',  ( 0.000000000000000000, 1.000000000000000000, -0.000000000000000000 ) ) ;
#1347 = CARTESIAN_POINT ( 'NONE',  ( 2.400000022135406752, -0.9666666632766937051, 11.65692192538542926 ) ) ;
#1348 = CARTESIAN_POINT ( 'NONE',  ( 1.795259553611374903, 5.325000003389972925, 0.7999999904403330975 ) ) ;
#1349 = SURFACE_STYLE_FILL_AREA ( #1992 ) ;
#1350 = CARTESIAN_POINT ( 'NONE',  ( 6.700000000000009059, 4.491666670056638999, 7.499999964322844548 ) ) ;
#1351 = CARTESIAN_POINT ( 'NONE',  ( 5.802370223194325050, -2.824999996610025210, 10.84999996910267761 ) ) ;
#1352 = CARTESIAN_POINT ( 'NONE',  ( -5.199999999999993072, -3.866666663276691729, 7.500000027689733173 ) ) ;
#1353 = CARTESIAN_POINT ( 'NONE',  ( 1.795259624965688472, 3.658333336723305962, 14.19999999044033423 ) ) ;
#1354 = EDGE_LOOP ( 'NONE', ( #1743, #1294 ) ) ;
#1355 = CARTESIAN_POINT ( 'NONE',  ( -6.699999990440328901, 7.675000003389975234, 9.295259624965680700 ) ) ;
#1356 = PRODUCT_RELATED_PRODUCT_CATEGORY ( 'part', '', ( #1082 ) ) ;
#1357 = CARTESIAN_POINT ( 'NONE',  ( 5.802370223194325050, 8.158333336723305962, 10.84999996910267761 ) ) ;
#1358 = B_SPLINE_CURVE_WITH_KNOTS ( 'NONE', 3,
 ( #1364, #1185, #218, #1686, #1676, #1323, #1196, #1520, #41, #969, #18, #674, #1614, #802, #1921, #1602 ),
 .UNSPECIFIED., .F., .F.,
 ( 4, 2, 2, 2, 2, 2, 2, 4 ),
 ( 0.001356717136504678777, 0.002107421982512872223, 0.002858126828521065886, 0.003608831674529259549, 0.004359536520537453212, 0.005110241366545647743, 0.005860946212553841406, 0.007362355904570228732 ),
 .UNSPECIFIED. ) ;
#1359 = CARTESIAN_POINT ( 'NONE',  ( -3.349999969102668285, -4.841666663276694038, 13.30237022319431972 ) ) ;
#1360 = CARTESIAN_POINT ( 'NONE',  ( -4.904740436828961769, -4.991666663276692617, 2.595259615406009690 ) ) ;
#1361 = CARTESIAN_POINT ( 'NONE',  ( 3.513843895041659948, 3.200000003389972481, 11.01384385761957141 ) ) ;
#1362 = CARTESIAN_POINT ( 'NONE',  ( -4.156921950945177358, 9.366666670056639887, 5.100000022135394495 ) ) ;
#1363 =( BOUNDED_CURVE ( )  B_SPLINE_CURVE ( 2, ( #363, #240, #1159, #852, #1980, #1658, #1815, #1945, #1669, #204, #1963, #989, #536 ),
 .UNSPECIFIED., .F., .F. ) 
 B_SPLINE_CURVE_WITH_KNOTS ( ( 3, 2, 2, 2, 2, 2, 3 ),
 ( 0.3500000001714501652, 0.3666666666666666408, 0.3833333333333333592, 0.4000000000000000222, 0.4166666666666666852, 0.4333333333333333481, 0.4500000001714501985 ),
 .UNSPECIFIED. ) 
 CURVE ( )  GEOMETRIC_REPRESENTATION_ITEM ( )  RATIONAL_B_SPLINE_CURVE ( ( 1.000000000000000000, 0.9659258262890683122, 1.000000000000000000, 0.9659258262890683122, 1.000000000000000000, 0.9659258262890683122, 1.000000000000000000, 0.9659258262890683122, 1.000000000000000000, 0.9659258262890683122, 1.000000000000000000, 0.9659258262890683122, 1.000000000000000000 ) ) 
 REPRESENTATION_ITEM ( '' )  );
#1364 = CARTESIAN_POINT ( 'NONE',  ( 1.084054715597935648, -5.000000000000002665, 2.414252722212316904 ) ) ;
#1365 = CARTESIAN_POINT ( 'NONE',  ( -6.700000009559659908, 6.325000003389971148, 5.704740446388631092 ) ) ;
#1366 = FACE_OUTER_BOUND ( 'NONE', #1305, .T. ) ;
#1367 = CARTESIAN_POINT ( 'NONE',  ( 6.699999990440342224, 5.675000003389975234, 5.704740375034321076 ) ) ;
#1368 = DIRECTION ( 'NONE',  ( 0.000000000000000000, 0.000000000000000000, 1.000000000000000000 ) ) ;
#1369 = ORIENTED_EDGE ( 'NONE', *, *, #1831, .F. ) ;
#1370 = CARTESIAN_POINT ( 'NONE',  ( 3.513843895041659948, -8.799999996610027964, 11.01384385761957141 ) ) ;
#1371 = ADVANCED_FACE ( 'NONE', ( #44 ), #830, .T. ) ;
#1372 = CARTESIAN_POINT ( 'NONE',  ( 3.567716210914794541E-08, 4.508333336723308271, 14.20000000000000107 ) ) ;
#1373 = CARTESIAN_POINT ( 'NONE',  ( -4.904740436828961769, 11.00833333672330561, 2.595259615406009690 ) ) ;
#1374 = CARTESIAN_POINT ( 'NONE',  ( 4.904740384593996083, -1.991666663276691729, 2.595259563171031569 ) ) ;
#1375 = CARTESIAN_POINT ( 'NONE',  ( 1.286156149229154222, 2.866666670056639887, 12.29999999315128179 ) ) ;
#1376 = CARTESIAN_POINT ( 'NONE',  ( -2.400000022135390765, 5.033333336723306850, 3.343078074614569850 ) ) ;
#1377 = CARTESIAN_POINT ( 'NONE',  ( 4.904740436828977757, -4.008333329943360113, 12.40474038459398365 ) ) ;
#1378 = EDGE_LOOP ( 'NONE', ( #108, #1004, #417, #1940 ) ) ;
#1379 = CARTESIAN_POINT ( 'NONE',  ( -6.700000009559659908, -4.658333329943356915, 5.704740446388631092 ) ) ;
#1380 = CARTESIAN_POINT ( 'NONE',  ( 6.753259836952056465E-15, -1.133333333255524433, 12.69999999999999574 ) ) ;
#1381 = CARTESIAN_POINT ( 'NONE',  ( 4.800000006848724077, -4.466666663276693150, 8.786156098109632495 ) ) ;
#1382 = CARTESIAN_POINT ( 'NONE',  ( 1.795259553611374903, 6.341666670056641308, 0.7999999904403329865 ) ) ;
#1383 = CARTESIAN_POINT ( 'NONE',  ( 6.699999990440342224, 9.675000003389975234, 5.704740375034321076 ) ) ;
#1384 = CARTESIAN_POINT ( 'NONE',  ( -6.700070633107729101, -5.000000000000001776, 7.057820336806646111 ) ) ;
#1385 = CARTESIAN_POINT ( 'NONE',  ( -3.513843857619565636, 6.200000003389972036, 11.01384389504164751 ) ) ;
#1386 = CARTESIAN_POINT ( 'NONE',  ( -2.555974732114141868E-08, 4.700000003389972925, 2.699999999999997513 ) ) ;
#1387 = EDGE_CURVE ( 'NONE', #542, #1118, #1071, .T. ) ;
#1388 = CARTESIAN_POINT ( 'NONE',  ( 3.349999969102685160, 6.175000003389975234, 1.697629776805681390 ) ) ;
#1389 = DIRECTION ( 'NONE',  ( 0.000000000000000000, 1.000000000000000000, 0.000000000000000000 ) ) ;
#1390 = CARTESIAN_POINT ( 'NONE',  ( 5.802370223194325050, -2.824999996610025210, 10.84999996910267761 ) ) ;
#1391 = CARTESIAN_POINT ( 'NONE',  ( 1.084054716138982855, -4.999999999998006039, 12.58574727767875068 ) ) ;
#1392 = CARTESIAN_POINT ( 'NONE',  ( -4.156921925385422156, -5.966666663276693150, 9.900000022135397870 ) ) ;
#1393 = CARTESIAN_POINT ( 'NONE',  ( -3.567714741084677945E-08, 10.50833333672330738, 0.7999999999999977129 ) ) ;
#1394 = CARTESIAN_POINT ( 'NONE',  ( 1.795259624965688472, 8.675000003389973458, 14.19999999044033423 ) ) ;
#1395 = DIRECTION ( 'NONE',  ( 0.000000000000000000, 1.000000000000000000, -0.000000000000000000 ) ) ;
#1396 = CARTESIAN_POINT ( 'NONE',  ( 2.399999977864610834, 8.366666670056638111, 3.343078049054815093 ) ) ;
#1397 = CARTESIAN_POINT ( 'NONE',  ( 1.286156098109642265, 4.533333336723305074, 2.699999993151282585 ) ) ;
#1398 = CARTESIAN_POINT ( 'NONE',  ( 4.904740436828977757, -0.008333329943360084924, 12.40474038459398365 ) ) ;
#1399 = CARTESIAN_POINT ( 'NONE',  ( -6.699999990440328901, 6.658333336723305074, 9.295259624965680700 ) ) ;
#1400 = CARTESIAN_POINT ( 'NONE',  ( 5.199999992580564445, -3.966666663276694482, 6.106664171668427343 ) ) ;
#1401 = CARTESIAN_POINT ( 'NONE',  ( -1.795259553611358250, 0.3416666700566412529, 14.20000000955966790 ) ) ;
#1402 = VERTEX_POINT ( 'NONE', #1175 ) ;
#1403 = CARTESIAN_POINT ( 'NONE',  ( -2.399999977864594847, -9.633333329943361889, 11.65692195094518624 ) ) ;
#1404 = CARTESIAN_POINT ( 'NONE',  ( 6.700000009559674119, 5.341666670056640420, 9.295259553611364467 ) ) ;
#1405 = CARTESIAN_POINT ( 'NONE',  ( -5.802370187517154498, -9.174999996610026187, 10.85000003089732523 ) ) ;
#1406 = CARTESIAN_POINT ( 'NONE',  ( -4.997906265809254123, -5.000000000000000888, 11.98475926884132825 ) ) ;
#1407 = CARTESIAN_POINT ( 'NONE',  ( 1.286156098109642265, 4.533333336723305074, 2.699999993151282585 ) ) ;
#1408 = CARTESIAN_POINT ( 'NONE',  ( -3.513843895041643517, 1.200000003389973813, 3.986156142380426370 ) ) ;
#1409 = CARTESIAN_POINT ( 'NONE',  ( 5.802370187517169597, 5.841666670056642197, 4.149999969102674768 ) ) ;
#1410 = CARTESIAN_POINT ( 'NONE',  ( -1.286156149229137347, 7.466666670056639532, 2.700000006848713774 ) ) ;
#1411 = ADVANCED_FACE ( 'NONE', ( #1532 ), #540, .T. ) ;
#1412 = CARTESIAN_POINT ( 'NONE',  ( -6.699999999999994849, 11.00000000338997275, 7.500000035677153676 ) ) ;
#1413 = VECTOR ( 'NONE', #1830, 1000.000000000000000 ) ;
#1414 = ORIENTED_EDGE ( 'NONE', *, *, #269, .F. ) ;
#1415 = CARTESIAN_POINT ( 'NONE',  ( -3.350000030897316350, -2.174999996610027519, 1.697629812482836176 ) ) ;
#1416 = AXIS2_PLACEMENT_3D ( 'NONE', #1788, #959, #39 ) ;
#1417 = CARTESIAN_POINT ( 'NONE',  ( -1.795259553611358028, 4.341666670056641308, 14.20000000955966790 ) ) ;
#1418 = CARTESIAN_POINT ( 'NONE',  ( 7.575710239463852410E-15, 15.00000000000001066, 2.299999999999999822 ) ) ;
#1419 = DIRECTION ( 'NONE',  ( 0.000000000000000000, 0.000000000000000000, 1.000000000000000000 ) ) ;
#1420 = CARTESIAN_POINT ( 'NONE',  ( 4.800000000000008704, -0.2999999966100275750, 7.499999974440244799 ) ) ;
#1421 = CARTESIAN_POINT ( 'NONE',  ( 1.795259553611374903, -2.674999996610027519, 0.7999999904403329865 ) ) ;
#1422 = CARTESIAN_POINT ( 'NONE',  ( 6.700000000000009059, 8.491666670056638111, 7.499999964322844548 ) ) ;
#1423 = CARTESIAN_POINT ( 'NONE',  ( 6.699999990440342224, 1.675000003389975012, 5.704740375034321076 ) ) ;
#1424 = ORIENTED_EDGE ( 'NONE', *, *, #1465, .F. ) ;
#1425 = CARTESIAN_POINT ( 'NONE',  ( -5.802370187517154498, 2.825000003389972481, 10.85000003089732523 ) ) ;
#1426 = CARTESIAN_POINT ( 'NONE',  ( -6.700000009559659908, -0.6583333299433579144, 5.704740446388631092 ) ) ;
#1427 = CARTESIAN_POINT ( 'NONE',  ( -2.600000023980005626, -0.5333333299433578034, 2.996667914165785707 ) ) ;
#1428 = CARTESIAN_POINT ( 'NONE',  ( 5.802370187517169597, -6.158333329943359580, 4.149999969102674768 ) ) ;
#1429 = CARTESIAN_POINT ( 'NONE',  ( -3.513843895041643517, -2.799999996610026631, 3.986156142380426370 ) ) ;
#1430 = CARTESIAN_POINT ( 'NONE',  ( 1.795259553611374903, -6.674999996610027075, 0.7999999904403329865 ) ) ;
#1431 = FACE_OUTER_BOUND ( 'NONE', #1978, .T. ) ;
#1432 = CYLINDRICAL_SURFACE ( 'NONE', #1044, 5.200000000000000178 ) ;
#1433 = CARTESIAN_POINT ( 'NONE',  ( -5.200000007419435022, 7.966666670056643085, 6.106664227047894578 ) ) ;
#1434 = CARTESIAN_POINT ( 'NONE',  ( -1.286156098109626278, 9.133333336723309159, 12.30000000684871786 ) ) ;
#1435 = CARTESIAN_POINT ( 'NONE',  ( -3.350000030897316350, 1.825000003389972481, 1.697629812482836176 ) ) ;
#1436 = CARTESIAN_POINT ( 'NONE',  ( -2.599999976019977677, 4.800000003389975234, 12.00333211352394969 ) ) ;
#1437 = VERTEX_POINT ( 'NONE', #105 ) ;
#1438 = CARTESIAN_POINT ( 'NONE',  ( -3.350000030897316350, 1.825000003389972481, 1.697629812482836176 ) ) ;
#1439 =( BOUNDED_CURVE ( )  B_SPLINE_CURVE ( 2, ( #1249, #1787, #1427, #2051, #967, #1621, #351, #619, #629, #1259, #478, #1098, #709 ),
 .UNSPECIFIED., .F., .T. ) 
 B_SPLINE_CURVE_WITH_KNOTS ( ( 3, 2, 2, 2, 2, 2, 3 ),
 ( 0.3499999998285497904, 0.3666666666666666963, 0.3833333333333333037, 0.4000000000000000222, 0.4166666666666666297, 0.4333333333333333481, 0.4499999998285497682 ),
 .UNSPECIFIED. ) 
 CURVE ( )  GEOMETRIC_REPRESENTATION_ITEM ( )  RATIONAL_B_SPLINE_CURVE ( ( 1.000000000000000000, 0.9659258262890683122, 1.000000000000000000, 0.9659258262890683122, 1.000000000000000000, 0.9659258262890683122, 1.000000000000000000, 0.9659258262890683122, 1.000000000000000000, 0.9659258262890683122, 1.000000000000000000, 0.9659258262890683122, 1.000000000000000000 ) ) 
 REPRESENTATION_ITEM ( '' )  );
#1440 = CARTESIAN_POINT ( 'NONE',  ( 1.795259624965688472, -3.324999996610023434, 14.19999999044033423 ) ) ;
#1441 = CARTESIAN_POINT ( 'NONE',  ( 1.795259624965688472, -4.341666663276693150, 14.19999999044033601 ) ) ;
#1442 = EDGE_CURVE ( 'NONE', #475, #2048, #1453, .T. ) ;
#1443 = DIRECTION ( 'NONE',  ( 0.000000000000000000, 1.000000000000000000, -0.000000000000000000 ) ) ;
#1444 = CARTESIAN_POINT ( 'NONE',  ( -3.513843857619565636, -3.199999996610026098, 11.01384389504164751 ) ) ;
#1445 = CARTESIAN_POINT ( 'NONE',  ( 6.753259929040523097E-15, 5.133333333411146171, 12.69999999999999574 ) ) ;
#1446 = ORIENTED_EDGE ( 'NONE', *, *, #245, .T. ) ;
#1447 = CARTESIAN_POINT ( 'NONE',  ( -4.904740436828961769, 1.991666670056639887, 2.595259615406009690 ) ) ;
#1448 = CARTESIAN_POINT ( 'NONE',  ( -6.699999999999994849, -9.508333329943361889, 7.500000035677153676 ) ) ;
#1449 = CARTESIAN_POINT ( 'NONE',  ( -3.567714741084677945E-08, -1.491666663276691285, 0.7999999999999977129 ) ) ;
#1450 = CARTESIAN_POINT ( 'NONE',  ( -4.675909461845439985, -5.000000000000000000, 12.29852797268331521 ) ) ;
#1451 = AXIS2_PLACEMENT_3D ( 'NONE', #1938, #1812, #1922 ) ;
#1452 = APPLICATION_PROTOCOL_DEFINITION ( 'draft international standard', 'automotive_design', 1998, #701 ) ;
#1453 =( BOUNDED_CURVE ( )  B_SPLINE_CURVE ( 2, ( #1496, #1207, #867, #1827, #395, #217, #405, #1343, #1030, #1485, #64, #1996, #1059 ),
 .UNSPECIFIED., .F., .T. ) 
 B_SPLINE_CURVE_WITH_KNOTS ( ( 3, 2, 2, 2, 2, 2, 3 ),
 ( 0.8499999998285497904, 0.8666666666666666963, 0.8833333333333333037, 0.9000000000000000222, 0.9166666666666666297, 0.9333333333333333481, 0.9499999998285497682 ),
 .UNSPECIFIED. ) 
 CURVE ( )  GEOMETRIC_REPRESENTATION_ITEM ( )  RATIONAL_B_SPLINE_CURVE ( ( 1.000000000000000000, 0.9659258262890683122, 1.000000000000000000, 0.9659258262890683122, 1.000000000000000000, 0.9659258262890683122, 1.000000000000000000, 0.9659258262890683122, 1.000000000000000000, 0.9659258262890683122, 1.000000000000000000, 0.9659258262890683122, 1.000000000000000000 ) ) 
 REPRESENTATION_ITEM ( '' )  );
#1454 = CARTESIAN_POINT ( 'NONE',  ( -3.567714741084677945E-08, -6.508333329943359225, 0.7999999999999977129 ) ) ;
#1455 = CARTESIAN_POINT ( 'NONE',  ( 4.156921925385436367, -5.366666663276693505, 5.099999977864601242 ) ) ;
#1456 = EDGE_CURVE ( 'NONE', #1656, #932, #906, .T. ) ;
#1457 = LINE ( 'NONE', #54, #1727 ) ;
#1458 = ORIENTED_EDGE ( 'NONE', *, *, #773, .T. ) ;
#1459 = CARTESIAN_POINT ( 'NONE',  ( 5.802370223194325050, 0.1583333367233055733, 10.84999996910267761 ) ) ;
#1460 = CARTESIAN_POINT ( 'NONE',  ( -5.802370187517154498, -9.174999996610026187, 10.85000003089732523 ) ) ;
#1461 = CARTESIAN_POINT ( 'NONE',  ( -6.699999990440328901, -4.324999996610022102, 9.295259624965680700 ) ) ;
#1462 = CARTESIAN_POINT ( 'NONE',  ( 6.700000009559674119, -3.674999996610026631, 9.295259553611364467 ) ) ;
#1463 = CARTESIAN_POINT ( 'NONE',  ( -6.699999999999994849, -5.508333329943361889, 7.500000035677153676 ) ) ;
#1464 = CARTESIAN_POINT ( 'NONE',  ( -2.400000022135390765, -4.366666663276692617, 3.343078074614569850 ) ) ;
#1465 = EDGE_CURVE ( 'NONE', #1913, #1325, #1220, .T. ) ;
#1466 = CARTESIAN_POINT ( 'NONE',  ( 7.761344249178727204E-15, 3.133333333411145283, 2.299999999999999822 ) ) ;
#1467 = ORIENTED_EDGE ( 'NONE', *, *, #729, .F. ) ;
#1468 = CARTESIAN_POINT ( 'NONE',  ( 3.567716210914794541E-08, -8.508333329943360113, 14.20000000000000107 ) ) ;
#1469 = CARTESIAN_POINT ( 'NONE',  ( -1.795259553611358028, -7.658333329943356027, 14.20000000955966790 ) ) ;
#1470 = DIRECTION ( 'NONE',  ( 0.000000000000000000, 0.000000000000000000, 1.000000000000000000 ) ) ;
#1471 = CARTESIAN_POINT ( 'NONE',  ( 2.600000023980021613, -4.799999996610027964, 12.00333208583421118 ) ) ;
#1472 = CARTESIAN_POINT ( 'NONE',  ( -1.393335828331564885, -2.966666663276694926, 2.300000007419442660 ) ) ;
#1473 = CARTESIAN_POINT ( 'NONE',  ( 3.567716210914794541E-08, 7.491666670056638999, 14.20000000000000107 ) ) ;
#1474 = CARTESIAN_POINT ( 'NONE',  ( -2.400000022135390765, -0.3666666632766921174, 3.343078074614569850 ) ) ;
#1475 = CARTESIAN_POINT ( 'NONE',  ( -5.199999999999993072, 4.133333336723308271, 7.500000027689733173 ) ) ;
#1476 = ORIENTED_EDGE ( 'NONE', *, *, #1061, .T. ) ;
#1477 = CARTESIAN_POINT ( 'NONE',  ( 7.575710239463852410E-15, -10.29999999661002796, 2.299999999999999822 ) ) ;
#1478 = LINE ( 'NONE', #1298, #1593 ) ;
#1479 = CARTESIAN_POINT ( 'NONE',  ( -4.800000006848710754, 1.533333336723306850, 6.213843901890364840 ) ) ;
#1480 = AXIS2_PLACEMENT_3D ( 'NONE', #1233, #1881, #1728 ) ;
#1481 = CARTESIAN_POINT ( 'NONE',  ( 5.200000000000006395, -1.866666663276691729, 7.499999972310265939 ) ) ;
#1482 = CARTESIAN_POINT ( 'NONE',  ( 3.349999969102685160, 1.158333336723306406, 1.697629776805681390 ) ) ;
#1483 = AXIS2_PLACEMENT_3D ( 'NONE', #1112, #1807, #817 ) ;
#1484 = CARTESIAN_POINT ( 'NONE',  ( 2.399999977864610834, -1.033333329943358248, 3.343078049054815093 ) ) ;
#1485 = CARTESIAN_POINT ( 'NONE',  ( 3.806664179087877020, 10.63333333672331094, 3.693335780371546306 ) ) ;
#1486 = CARTESIAN_POINT ( 'NONE',  ( -4.904740436828961769, 9.991666670056638111, 2.595259615406009690 ) ) ;
#1487 = VERTEX_POINT ( 'NONE', #1418 ) ;
#1488 = CARTESIAN_POINT ( 'NONE',  ( 5.200000000000006395, 3.866666670056638111, 7.499999972310265939 ) ) ;
#1489 = CARTESIAN_POINT ( 'NONE',  ( -4.156921950945177358, 11.96666667005664131, 5.100000022135394495 ) ) ;
#1490 = CARTESIAN_POINT ( 'NONE',  ( 1.393335772952111640, 8.700000003389972036, 2.299999992580558317 ) ) ;
#1491 = CARTESIAN_POINT ( 'NONE',  ( 2.555976178675968927E-08, -1.299999996610026631, 12.30000000000000249 ) ) ;
#1492 = CARTESIAN_POINT ( 'NONE',  ( 4.503332085834220067, 2.466666670056641308, 4.899999976019985937 ) ) ;
#1493 = CARTESIAN_POINT ( 'NONE',  ( 6.699999990440342224, 4.658333336723305962, 5.704740375034321076 ) ) ;
#1494 = CARTESIAN_POINT ( 'NONE',  ( -3.567714741084677945E-08, 2.508333336723308715, 0.7999999999999977129 ) ) ;
#1495 = CARTESIAN_POINT ( 'NONE',  ( 4.156921950945192457, -6.033333329943359580, 9.899999977864602840 ) ) ;
#1496 = CARTESIAN_POINT ( 'NONE',  ( 6.753259929040523097E-15, 9.133333333411142618, 12.69999999999999574 ) ) ;
#1497 = ORIENTED_EDGE ( 'NONE', *, *, #1732, .T. ) ;
#1498 = CARTESIAN_POINT ( 'NONE',  ( 3.349999969102685160, 6.175000003389975234, 1.697629776805681390 ) ) ;
#1499 = DIRECTION ( 'NONE',  ( 0.000000000000000000, 1.000000000000000000, 0.000000000000000000 ) ) ;
#1500 = CARTESIAN_POINT ( 'NONE',  ( -2.400000022135390765, 1.033333336723306406, 3.343078074614569850 ) ) ;
#1501 =( NAMED_UNIT ( * ) PLANE_ANGLE_UNIT ( ) SI_UNIT ( $, .RADIAN. ) );
#1502 = CARTESIAN_POINT ( 'NONE',  ( -3.567714741084677945E-08, 1.491666670056639443, 0.7999999999999977129 ) ) ;
#1503 = EDGE_CURVE ( 'NONE', #1107, #1437, #1439, .T. ) ;
#1504 = CARTESIAN_POINT ( 'NONE',  ( -3.567714741084677945E-08, -1.491666663276691285, 0.7999999999999977129 ) ) ;
#1505 = LINE ( 'NONE', #1332, #686 ) ;
#1506 = EDGE_CURVE ( 'NONE', #475, #338, #1478, .T. ) ;
#1507 = CARTESIAN_POINT ( 'NONE',  ( 7.761344249178727204E-15, 7.133333333411145283, 2.299999999999999822 ) ) ;
#1508 = DIRECTION ( 'NONE',  ( 0.000000000000000000, 0.000000000000000000, 1.000000000000000000 ) ) ;
#1509 = FACE_OUTER_BOUND ( 'NONE', #407, .T. ) ;
#1510 = CARTESIAN_POINT ( 'NONE',  ( -4.800000006848710754, 12.13333333672330738, 6.213843901890364840 ) ) ;
#1511 = CARTESIAN_POINT ( 'NONE',  ( 5.200000007419448345, -0.2999999966100274640, 8.893335772952100982 ) ) ;
#1512 = DIRECTION ( 'NONE',  ( -1.000000000000000000, 0.000000000000000000, 5.324947354402061953E-09 ) ) ;
#1513 = CARTESIAN_POINT ( 'NONE',  ( -6.699999990440328901, 6.658333336723305074, 9.295259624965680700 ) ) ;
#1514 = CARTESIAN_POINT ( 'NONE',  ( 7.761344342882780970E-15, -0.8666666665888540511, 2.299999999999999822 ) ) ;
#1515 = CARTESIAN_POINT ( 'NONE',  ( -1.795259624965670708, 1.658333336723305074, 0.8000000095596632166 ) ) ;
#1516 = CARTESIAN_POINT ( 'NONE',  ( 6.700000009559674119, 1.341666670056641975, 9.295259553611364467 ) ) ;
#1517 = DIRECTION ( 'NONE',  ( 0.000000000000000000, 0.000000000000000000, 1.000000000000000000 ) ) ;
#1518 = AXIS2_PLACEMENT_3D ( 'NONE', #990, #1443, #17 ) ;
#1519 =( BOUNDED_CURVE ( )  B_SPLINE_CURVE ( 2, ( #2018, #2028, #1033, #1989, #592, #1224, #1884 ),
 .UNSPECIFIED., .F., .F. ) 
 B_SPLINE_CURVE_WITH_KNOTS ( ( 3, 2, 2, 3 ),
 ( 0.9499999998285497682, 0.9666666666666666741, 0.9833333333333332815, 1.000000000000000000 ),
 .UNSPECIFIED. ) 
 CURVE ( )  GEOMETRIC_REPRESENTATION_ITEM ( )  RATIONAL_B_SPLINE_CURVE ( ( 1.000000000000000000, 0.9659258262890683122, 1.000000000000000000, 0.9659258262890683122, 1.000000000000000000, 0.9659258262890683122, 1.000000000000000000 ) ) 
 REPRESENTATION_ITEM ( '' )  );
#1520 = CARTESIAN_POINT ( 'NONE',  ( -1.329478251326621230, -5.000000000000000000, 1.778473341240716543 ) ) ;
#1521 = CARTESIAN_POINT ( 'NONE',  ( 6.700000009559674119, 4.325000003389972036, 9.295259553611364467 ) ) ;
#1522 = FACE_OUTER_BOUND ( 'NONE', #1556, .T. ) ;
#1523 = CARTESIAN_POINT ( 'NONE',  ( 6.700000009559674119, 9.341666670056639532, 9.295259553611364467 ) ) ;
#1524 = CARTESIAN_POINT ( 'NONE',  ( -3.513843895041643517, 11.80000000338997168, 3.986156142380426370 ) ) ;
#1525 = CARTESIAN_POINT ( 'NONE',  ( -0.8267115619722421593, -5.000000000000015099, 13.18488193490159155 ) ) ;
#1526 = CARTESIAN_POINT ( 'NONE',  ( 6.699999990440342224, 8.658333336723304186, 5.704740375034321076 ) ) ;
#1527 = CARTESIAN_POINT ( 'NONE',  ( 4.503332113523955904, -2.199999996610024766, 10.09999997601998523 ) ) ;
#1528 = CARTESIAN_POINT ( 'NONE',  ( 5.802370187517169597, -3.174999996610026631, 4.149999969102674768 ) ) ;
#1529 = CARTESIAN_POINT ( 'NONE',  ( -6.699999990440328901, -4.324999996610022102, 9.295259624965680700 ) ) ;
#1530 = CARTESIAN_POINT ( 'NONE',  ( 4.800000000000008704, 3.700000003389972481, 7.499999974440244799 ) ) ;
#1531 = DIRECTION ( 'NONE',  ( 0.000000000000000000, 1.000000000000000000, 0.000000000000000000 ) ) ;
#1532 = FACE_OUTER_BOUND ( 'NONE', #12, .T. ) ;
#1533 = ADVANCED_FACE ( 'NONE', ( #690 ), #1179, .T. ) ;
#1534 = CARTESIAN_POINT ( 'NONE',  ( 6.938893903907228378E-15, -10.00000000000000000, 7.500000000000000000 ) ) ;
#1535 = CARTESIAN_POINT ( 'NONE',  ( -3.350000030897316350, 10.84166667005664131, 1.697629812482836176 ) ) ;
#1536 = DIRECTION ( 'NONE',  ( 0.000000000000000000, 0.000000000000000000, 1.000000000000000000 ) ) ;
#1537 = CARTESIAN_POINT ( 'NONE',  ( -2.555974732114141868E-08, -3.299999996610026631, 2.699999999999997513 ) ) ;
#1538 = CARTESIAN_POINT ( 'NONE',  ( 3.349999969102685160, 9.158333336723304186, 1.697629776805681390 ) ) ;
#1539 = CARTESIAN_POINT ( 'NONE',  ( 1.795259553611374903, 10.34166667005664131, 0.7999999904403329865 ) ) ;
#1540 = CARTESIAN_POINT ( 'NONE',  ( 1.795259624965688472, -4.341666663276693150, 14.19999999044033423 ) ) ;
#1541 = CARTESIAN_POINT ( 'NONE',  ( -5.802370223194311727, 3.175000003389974790, 4.150000030897321501 ) ) ;
#1542 = CARTESIAN_POINT ( 'NONE',  ( 2.555976178675968927E-08, 2.700000003389972481, 12.30000000000000249 ) ) ;
#1543 = CARTESIAN_POINT ( 'NONE',  ( 6.753260017897815461E-15, -2.866666666588854273, 12.69999999999999574 ) ) ;
#1544 = PRODUCT_DEFINITION_SHAPE ( 'NONE', 'NONE',  #137 ) ;
#1545 = CARTESIAN_POINT ( 'NONE',  ( -5.802370187517154498, 6.825000003389972036, 10.85000003089732523 ) ) ;
#1546 = ORIENTED_EDGE ( 'NONE', *, *, #465, .T. ) ;
#1547 = CARTESIAN_POINT ( 'NONE',  ( -5.802370187517154498, -0.1583333299433574426, 10.85000003089732523 ) ) ;
#1548 = CARTESIAN_POINT ( 'NONE',  ( -6.700000009559659908, 10.32500000338996848, 5.704740446388631092 ) ) ;
#1549 = CARTESIAN_POINT ( 'NONE',  ( 6.700000009559674119, 8.325000003389972036, 9.295259553611364467 ) ) ;
#1550 = CARTESIAN_POINT ( 'NONE',  ( 3.567716210914794541E-08, 8.508333336723309159, 14.20000000000000107 ) ) ;
#1551 = CARTESIAN_POINT ( 'NONE',  ( 3.567716210914794541E-08, -8.508333329943360113, 14.20000000000000107 ) ) ;
#1552 = B_SPLINE_CURVE_WITH_KNOTS ( 'NONE', 3,
 ( #1710, #1701, #1999, #899, #118, #572, #1235, #744, #409, #1525, #1720, #755, #562, #1199 ),
 .UNSPECIFIED., .F., .F.,
 ( 4, 2, 2, 2, 2, 2, 4 ),
 ( 0.000000000000000000, 0.001503138534272332755, 0.002254707801408499350, 0.003006277068544666378, 0.003757846335680831672, 0.004509415602816997833, 0.006012554137089328420 ),
 .UNSPECIFIED. ) ;
#1553 = CARTESIAN_POINT ( 'NONE',  ( 6.699999990440342224, -6.324999996610023878, 5.704740375034321076 ) ) ;
#1554 = CARTESIAN_POINT ( 'NONE',  ( 4.800000006848724077, 3.533333336723305962, 8.786156098109632495 ) ) ;
#1555 = CIRCLE ( 'NONE', #1282, 5.200000000000000178 ) ;
#1556 = EDGE_LOOP ( 'NONE', ( #2, #514, #463, #230 ) ) ;
#1557 = AXIS2_PLACEMENT_3D ( 'NONE', #48, #1954, #1148 ) ;
#1558 = CARTESIAN_POINT ( 'NONE',  ( -5.802370223194311727, 3.175000003389974790, 4.150000030897321501 ) ) ;
#1559 = CARTESIAN_POINT ( 'NONE',  ( 0.5480481124071123755, -4.932222544809864218, 2.299999997081671577 ) ) ;
#1560 = CARTESIAN_POINT ( 'NONE',  ( 1.795259553611374903, 9.325000003389968484, 0.7999999904403329865 ) ) ;
#1561 = CARTESIAN_POINT ( 'NONE',  ( -4.904740384593981872, 8.008333336723309159, 12.40474043682896976 ) ) ;
#1562 = CARTESIAN_POINT ( 'NONE',  ( 4.904740436828977757, 9.008333336723307383, 12.40474038459398365 ) ) ;
#1563 = CARTESIAN_POINT ( 'NONE',  ( -6.347292430663332041, -4.999999999999998224, 5.309103491072729497 ) ) ;
#1564 = CARTESIAN_POINT ( 'NONE',  ( -3.513843857619565636, -1.799999996610027297, 11.01384389504164751 ) ) ;
#1565 = CARTESIAN_POINT ( 'NONE',  ( 3.349999969102685160, 1.158333336723306406, 1.697629776805681390 ) ) ;
#1566 = CARTESIAN_POINT ( 'NONE',  ( -1.795259553611358028, 8.341666670056641308, 14.20000000955966790 ) ) ;
#1567 = CARTESIAN_POINT ( 'NONE',  ( -4.799999999999995381, 8.300000003389973458, 7.500000025559753425 ) ) ;
#1568 = CARTESIAN_POINT ( 'NONE',  ( 3.349999969102685160, 5.158333336723305962, 1.697629776805681390 ) ) ;
#1569 = CARTESIAN_POINT ( 'NONE',  ( 5.200000000000006395, -4.133333329943361889, 7.499999972310265939 ) ) ;
#1570 = CARTESIAN_POINT ( 'NONE',  ( -6.699999990440328901, -0.3249999966100248217, 9.295259624965680700 ) ) ;
#1571 = CARTESIAN_POINT ( 'NONE',  ( -1.286156149229137347, -7.133333329943358336, 2.700000006848713774 ) ) ;
#1572 = VERTEX_POINT ( 'NONE', #399 ) ;
#1573 = CARTESIAN_POINT ( 'NONE',  ( 3.350000030897332337, 7.825000003389972925, 13.30237018751716249 ) ) ;
#1574 = CARTESIAN_POINT ( 'NONE',  ( 6.700000009559674119, 9.341666670056637756, 9.295259553611364467 ) ) ;
#1575 = CARTESIAN_POINT ( 'NONE',  ( -1.795259624965670708, 10.67500000338997523, 0.8000000095596632166 ) ) ;
#1576 = CARTESIAN_POINT ( 'NONE',  ( -6.610940542770832096, -5.000000000000000000, 8.611460016658799788 ) ) ;
#1577 = CARTESIAN_POINT ( 'NONE',  ( -2.399999977864594847, 6.366666670056639887, 11.65692195094518624 ) ) ;
#1578 = CARTESIAN_POINT ( 'NONE',  ( -4.799999993151278233, 5.866666670056638999, 8.786156149229150003 ) ) ;
#1579 = EDGE_CURVE ( 'NONE', #590, #1913, #1317, .T. ) ;
#1580 = CARTESIAN_POINT ( 'NONE',  ( -3.513843895041643517, 7.800000003389973458, 3.986156142380426370 ) ) ;
#1581 = CARTESIAN_POINT ( 'NONE',  ( -5.802370187517154498, -4.158333329943357803, 10.85000003089732523 ) ) ;
#1582 = ORIENTED_EDGE ( 'NONE', *, *, #32, .F. ) ;
#1583 = CARTESIAN_POINT ( 'NONE',  ( 4.156921950945192457, -4.633333329943361001, 9.899999977864602840 ) ) ;
#1584 = CARTESIAN_POINT ( 'NONE',  ( -3.350000030897316350, 10.84166667005664131, 1.697629812482836176 ) ) ;
#1585 = CARTESIAN_POINT ( 'NONE',  ( -3.567714741084677945E-08, -2.508333329943360557, 0.7999999999999977129 ) ) ;
#1586 = LINE ( 'NONE', #156, #290 ) ;
#1587 = CARTESIAN_POINT ( 'NONE',  ( 1.286156149229154222, 6.866666670056639887, 12.29999999315128179 ) ) ;
#1588 = CARTESIAN_POINT ( 'NONE',  ( -1.795259624965670708, -2.341666663276694926, 0.8000000095596632166 ) ) ;
#1589 = CARTESIAN_POINT ( 'NONE',  ( 4.800000000000008704, 6.300000003389974346, 7.499999974440244799 ) ) ;
#1590 = CARTESIAN_POINT ( 'NONE',  ( -5.802370187517154498, 2.825000003389972481, 10.85000003089732523 ) ) ;
#1591 = AXIS2_PLACEMENT_3D ( 'NONE', #1221, #414, #742 ) ;
#1592 = CARTESIAN_POINT ( 'NONE',  ( 6.699999990440342224, -2.324999996610024766, 5.704740375034321076 ) ) ;
#1593 = VECTOR ( 'NONE', #518, 1000.000000000000000 ) ;
#1594 = ORIENTED_EDGE ( 'NONE', *, *, #309, .T. ) ;
#1595 = CARTESIAN_POINT ( 'NONE',  ( 3.350000030897332337, 3.825000003389972481, 13.30237018751716249 ) ) ;
#1596 = AXIS2_PLACEMENT_3D ( 'NONE', #124, #1650, #49 ) ;
#1597 = CARTESIAN_POINT ( 'NONE',  ( -6.699999990440328901, -8.324999996610021213, 9.295259624965680700 ) ) ;
#1598 = CARTESIAN_POINT ( 'NONE',  ( 3.350000030897332337, -0.1749999966100274640, 13.30237018751716249 ) ) ;
#1599 = PRODUCT_DEFINITION_CONTEXT ( 'detailed design', #1266, 'design' ) ;
#1600 = CARTESIAN_POINT ( 'NONE',  ( -5.749999999999994671, 11.90416667005664131, 7.500000030618453550 ) ) ;
#1601 = CARTESIAN_POINT ( 'NONE',  ( -1.286156098109626278, 2.533333336723306406, 12.30000000684871786 ) ) ;
#1602 = CARTESIAN_POINT ( 'NONE',  ( -4.675909462422872309, -5.000000000000002665, 2.701472027879360915 ) ) ;
#1603 = DIRECTION ( 'NONE',  ( 0.000000000000000000, 1.000000000000000000, 0.000000000000000000 ) ) ;
#1604 = CARTESIAN_POINT ( 'NONE',  ( -4.904740384593981872, 8.008333336723309159, 12.40474043682896976 ) ) ;
#1605 = CARTESIAN_POINT ( 'NONE',  ( 1.286156149229154222, 5.466666670056641308, 12.29999999315128179 ) ) ;
#1606 = CARTESIAN_POINT ( 'NONE',  ( -5.802370223194311727, 2.158333336723305518, 4.150000030897321501 ) ) ;
#1607 = CARTESIAN_POINT ( 'NONE',  ( -4.503332085834205856, 4.466666670056642197, 10.10000002398001406 ) ) ;
#1608 = ADVANCED_FACE ( 'NONE', ( #860 ), #1832, .T. ) ;
#1609 = ORIENTED_EDGE ( 'NONE', *, *, #1342, .T. ) ;
#1610 = CARTESIAN_POINT ( 'NONE',  ( 5.802370187517169597, 0.8250000033899717033, 4.149999969102674768 ) ) ;
#1611 = CARTESIAN_POINT ( 'NONE',  ( -4.904740384593981872, 0.008333336723308215621, 12.40474043682896976 ) ) ;
#1612 = CARTESIAN_POINT ( 'NONE',  ( 5.802370187517169597, 0.8250000033899717033, 4.149999969102674768 ) ) ;
#1613 = CARTESIAN_POINT ( 'NONE',  ( 1.795259624965688472, -8.341666663276694038, 14.19999999044033423 ) ) ;
#1614 = CARTESIAN_POINT ( 'NONE',  ( -3.070038283558883752, -4.999999999999985789, 1.995437176981848859 ) ) ;
#1615 = CARTESIAN_POINT ( 'NONE',  ( -1.286156149229137347, -4.533333329943357803, 2.700000006848713774 ) ) ;
#1616 = DIRECTION ( 'NONE',  ( 0.000000000000000000, 1.000000000000000000, 0.000000000000000000 ) ) ;
#1617 = ORIENTED_EDGE ( 'NONE', *, *, #1126, .F. ) ;
#1618 = CARTESIAN_POINT ( 'NONE',  ( -1.795259553611358028, -0.6749999966100278526, 14.20000000955966790 ) ) ;
#1619 = CARTESIAN_POINT ( 'NONE',  ( 3.349999969102685160, -6.841666663276694038, 1.697629776805681390 ) ) ;
#1620 = CARTESIAN_POINT ( 'NONE',  ( -3.349999969102668285, 0.1750000033899756224, 13.30237022319431972 ) ) ;
#1621 = CARTESIAN_POINT ( 'NONE',  ( -5.200000007419435022, -0.03333332994335735933, 6.106664227047894578 ) ) ;
#1622 = CARTESIAN_POINT ( 'NONE',  ( 7.761344249178727204E-15, 11.13333333341114262, 2.299999999999999822 ) ) ;
#1623 = CARTESIAN_POINT ( 'NONE',  ( -4.904740384593981872, -5.008333329943359225, 12.40474043682896976 ) ) ;
#1624 = CARTESIAN_POINT ( 'NONE',  ( -6.700000009559659908, 10.32500000338996848, 5.704740446388631092 ) ) ;
#1625 = CARTESIAN_POINT ( 'NONE',  ( -1.286156149229137347, -0.5333333299433592467, 2.700000006848713774 ) ) ;
#1626 = CARTESIAN_POINT ( 'NONE',  ( 5.199999992580564445, 6.300000003389976122, 6.106664171668427343 ) ) ;
#1627 = ORIENTED_EDGE ( 'NONE', *, *, #1284, .F. ) ;
#1628 = CIRCLE ( 'NONE', #88, 6.999999999999999112 ) ;
#1629 = CARTESIAN_POINT ( 'NONE',  ( -4.904740436828961769, 5.991666670056638999, 2.595259615406009690 ) ) ;
#1630 = CARTESIAN_POINT ( 'NONE',  ( 4.904740384593996083, -7.008333329943360113, 2.595259563171031569 ) ) ;
#1631 = CARTESIAN_POINT ( 'NONE',  ( -6.700000009559659908, -4.658333329943356915, 5.704740446388631092 ) ) ;
#1632 = CARTESIAN_POINT ( 'NONE',  ( 6.700000000000009059, 0.4916666700566386106, 7.499999964322844548 ) ) ;
#1633 = AXIS2_PLACEMENT_3D ( 'NONE', #1635, #1272, #30 ) ;
#1634 = CARTESIAN_POINT ( 'NONE',  ( -1.795259553611358028, -4.674999996610026187, 14.20000000955966790 ) ) ;
#1635 = CARTESIAN_POINT ( 'NONE',  ( 6.938893903907228378E-15, 15.00000000000001066, 7.500000000000000000 ) ) ;
#1636 = CARTESIAN_POINT ( 'NONE',  ( -1.286156149229137347, 3.466666670056640420, 2.700000006848713774 ) ) ;
#1637 = CARTESIAN_POINT ( 'NONE',  ( 6.938893903907228378E-15, -5.000000000000000000, 14.49999999999999822 ) ) ;
#1638 = ORIENTED_EDGE ( 'NONE', *, *, #425, .F. ) ;
#1639 = CARTESIAN_POINT ( 'NONE',  ( -6.699999999999994849, -5.508333329943361889, 7.500000035677153676 ) ) ;
#1640 = CARTESIAN_POINT ( 'NONE',  ( 6.699999990440342224, -6.324999996610023878, 5.704740375034321076 ) ) ;
#1641 = CARTESIAN_POINT ( 'NONE',  ( 5.200000007419448345, 7.700000003389971148, 8.893335772952100982 ) ) ;
#1642 = CARTESIAN_POINT ( 'NONE',  ( 7.761344249178727204E-15, 3.133333333411145283, 2.299999999999999822 ) ) ;
#1643 = CARTESIAN_POINT ( 'NONE',  ( -3.349999969102668285, -0.8416666632766935940, 13.30237022319431972 ) ) ;
#1644 = CARTESIAN_POINT ( 'NONE',  ( -4.156921925385422156, 4.633333336723308271, 9.900000022135397870 ) ) ;
#1645 = DIRECTION ( 'NONE',  ( 0.000000000000000000, 0.000000000000000000, 1.000000000000000000 ) ) ;
#1646 = CARTESIAN_POINT ( 'NONE',  ( -6.699999999999994849, 10.49166667005663811, 7.500000035677153676 ) ) ;
#1647 = ORIENTED_EDGE ( 'NONE', *, *, #465, .F. ) ;
#1648 = CARTESIAN_POINT ( 'NONE',  ( -4.904740384593981872, -9.008333329943358336, 12.40474043682896976 ) ) ;
#1649 = CARTESIAN_POINT ( 'NONE',  ( 2.599999976019993664, 8.533333336723304186, 2.996667886476052090 ) ) ;
#1650 = DIRECTION ( 'NONE',  ( 0.000000000000000000, 1.000000000000000000, -0.000000000000000000 ) ) ;
#1651 = CARTESIAN_POINT ( 'NONE',  ( -4.156921925385422156, -5.966666663276693150, 9.900000022135397870 ) ) ;
#1652 = CARTESIAN_POINT ( 'NONE',  ( -5.085747277682097334, -10.00000000000000178, 8.584054716123214135 ) ) ;
#1653 = CARTESIAN_POINT ( 'NONE',  ( 1.795259624965688472, -0.3416666632766948153, 14.19999999044033423 ) ) ;
#1654 = CARTESIAN_POINT ( 'NONE',  ( 4.800000000000008704, -1.699999996610026098, 7.499999974440244799 ) ) ;
#1655 = CARTESIAN_POINT ( 'NONE',  ( -4.799999993151278233, -10.13333332994335834, 8.786156149229150003 ) ) ;
#1656 = VERTEX_POINT ( 'NONE', #1006 ) ;
#1657 = CARTESIAN_POINT ( 'NONE',  ( -5.802370223194311727, -5.841666663276693150, 4.150000030897321501 ) ) ;
#1658 = CARTESIAN_POINT ( 'NONE',  ( -5.199999992580549346, 2.033333336723305518, 8.893335828331576209 ) ) ;
#1659 = CARTESIAN_POINT ( 'NONE',  ( -4.799999993151278233, 1.866666670056639887, 8.786156149229150003 ) ) ;
#1660 = AXIS2_PLACEMENT_3D ( 'NONE', #884, #1826, #580 ) ;
#1661 = CARTESIAN_POINT ( 'NONE',  ( 1.795259553611374903, 5.325000003389972036, 0.7999999904403329865 ) ) ;
#1662 = CARTESIAN_POINT ( 'NONE',  ( -3.349999969102668285, -3.824999996610024322, 13.30237022319431972 ) ) ;
#1663 = CARTESIAN_POINT ( 'NONE',  ( -3.806664219628446144, -4.366666663276692617, 3.693335820912129197 ) ) ;
#1664 =( BOUNDED_CURVE ( )  B_SPLINE_CURVE ( 2, ( #1507, #436, #718, #601, #187, #1433, #645, #819, #981, #1302, #1103, #1929, #42 ),
 .UNSPECIFIED., .F., .F. ) 
 B_SPLINE_CURVE_WITH_KNOTS ( ( 3, 2, 2, 2, 2, 2, 3 ),
 ( 0.7499999998285498126, 0.7666666666666666075, 0.7833333333333333259, 0.8000000000000000444, 0.8166666666666666519, 0.8333333333333333703, 0.8499999998285497904 ),
 .UNSPECIFIED. ) 
 CURVE ( )  GEOMETRIC_REPRESENTATION_ITEM ( )  RATIONAL_B_SPLINE_CURVE ( ( 1.000000000000000000, 0.9659258262890683122, 1.000000000000000000, 0.9659258262890683122, 1.000000000000000000, 0.9659258262890683122, 1.000000000000000000, 0.9659258262890683122, 1.000000000000000000, 0.9659258262890683122, 1.000000000000000000, 0.9659258262890683122, 1.000000000000000000 ) ) 
 REPRESENTATION_ITEM ( '' )  );
#1665 = CARTESIAN_POINT ( 'NONE',  ( -3.513843857619565636, -9.799999996610024411, 11.01384389504164751 ) ) ;
#1666 = ORIENTED_EDGE ( 'NONE', *, *, #575, .T. ) ;
#1667 = CARTESIAN_POINT ( 'NONE',  ( -4.904740436828961769, 7.008333336723307383, 2.595259615406009690 ) ) ;
#1668 = EDGE_CURVE ( 'NONE', #1402, #1165, #1806, .T. ) ;
#1669 = CARTESIAN_POINT ( 'NONE',  ( -4.503332113523940805, 1.533333336723305074, 4.900000023980011221 ) ) ;
#1670 = CARTESIAN_POINT ( 'NONE',  ( 3.513843895041659948, -4.799999996610026187, 11.01384385761957141 ) ) ;
#1671 = CARTESIAN_POINT ( 'NONE',  ( -6.700000009559659908, 10.32500000338997026, 5.704740446388631092 ) ) ;
#1672 = CARTESIAN_POINT ( 'NONE',  ( -2.600000023980005182, 5.200000003389972036, 2.996667914165785263 ) ) ;
#1673 = CARTESIAN_POINT ( 'NONE',  ( -1.795259553611358028, 3.325000003389972036, 14.20000000955966790 ) ) ;
#1674 = CARTESIAN_POINT ( 'NONE',  ( -1.795259624965670708, -1.324999996610025876, 0.8000000095596632166 ) ) ;
#1675 = CARTESIAN_POINT ( 'NONE',  ( 3.513843895041659948, -6.199999996610024766, 11.01384385761957141 ) ) ;
#1676 = CARTESIAN_POINT ( 'NONE',  ( -0.08367175961227951708, -4.999999999999979572, 1.952358908964552331 ) ) ;
#1677 = CARTESIAN_POINT ( 'NONE',  ( -1.286156098109626278, -9.466666663276694038, 12.30000000684871786 ) ) ;
#1678 = ORIENTED_EDGE ( 'NONE', *, *, #1014, .T. ) ;
#1679 = CARTESIAN_POINT ( 'NONE',  ( -3.567714741084677945E-08, 10.50833333672330738, 0.7999999999999977129 ) ) ;
#1680 = CARTESIAN_POINT ( 'NONE',  ( 4.503332085834220067, 0.2000000033899711205, 4.899999976019985937 ) ) ;
#1681 = CARTESIAN_POINT ( 'NONE',  ( 2.399999977864610834, 0.3666666700566402204, 3.343078049054815093 ) ) ;
#1682 = CARTESIAN_POINT ( 'NONE',  ( 5.199999992580564445, -1.699999996610024322, 6.106664171668427343 ) ) ;
#1683 = CARTESIAN_POINT ( 'NONE',  ( -1.795259553611358028, -0.6749999966100278526, 14.20000000955966790 ) ) ;
#1684 = CARTESIAN_POINT ( 'NONE',  ( -1.795259624965670708, 2.675000003389974790, 0.8000000095596632166 ) ) ;
#1685 = CARTESIAN_POINT ( 'NONE',  ( 2.555976178675968927E-08, -6.699999996610025654, 12.30000000000000249 ) ) ;
#1686 = CARTESIAN_POINT ( 'NONE',  ( 0.1578449788178021840, -5.000000000000000888, 2.018891428301222479 ) ) ;
#1687 = CARTESIAN_POINT ( 'NONE',  ( 2.555976178675968927E-08, -9.299999996610026187, 12.30000000000000249 ) ) ;
#1688 = ORIENTED_EDGE ( 'NONE', *, *, #978, .F. ) ;
#1689 = CARTESIAN_POINT ( 'NONE',  ( -6.699999999999994849, 11.50833333672330738, 7.500000035677153676 ) ) ;
#1690 = DIRECTION ( 'NONE',  ( 0.000000000000000000, 1.000000000000000000, -0.000000000000000000 ) ) ;
#1691 = CARTESIAN_POINT ( 'NONE',  ( 4.904740436828977757, 7.991666670056638111, 12.40474038459398365 ) ) ;
#1692 = CARTESIAN_POINT ( 'NONE',  ( -3.567714741084677945E-08, 10.50833333672330738, 0.7999999999999977129 ) ) ;
#1693 = CARTESIAN_POINT ( 'NONE',  ( -6.699999990440328901, -0.3249999966100248217, 9.295259624965680700 ) ) ;
#1694 = CARTESIAN_POINT ( 'NONE',  ( -2.555974732114141868E-08, 8.700000003389972036, 2.699999999999997513 ) ) ;
#1695 = CARTESIAN_POINT ( 'NONE',  ( -3.513843857619565636, -7.199999996610024766, 11.01384389504164751 ) ) ;
#1696 = EDGE_CURVE ( 'NONE', #697, #1190, #1363, .T. ) ;
#1697 = VECTOR ( 'NONE', #397, 1000.000000000000000 ) ;
#1698 = CARTESIAN_POINT ( 'NONE',  ( -3.349999969102668285, 3.158333336723305518, 13.30237022319431972 ) ) ;
#1699 = DIRECTION ( 'NONE',  ( 0.000000000000000000, 0.000000000000000000, 1.000000000000000000 ) ) ;
#1700 = CARTESIAN_POINT ( 'NONE',  ( 3.350000030897332337, 8.841666670056641308, 13.30237018751716249 ) ) ;
#1701 = CARTESIAN_POINT ( 'NONE',  ( -4.241684504755955487, -5.000000000000000888, 12.56223384740999549 ) ) ;
#1702 = CARTESIAN_POINT ( 'NONE',  ( 3.513843895041659948, -4.799999996610026187, 11.01384385761957141 ) ) ;
#1703 = CARTESIAN_POINT ( 'NONE',  ( -5.802370223194311727, 7.175000003389975234, 4.150000030897321501 ) ) ;
#1704 = CARTESIAN_POINT ( 'NONE',  ( 5.802370223194325050, -7.841666663276694926, 10.84999996910267761 ) ) ;
#1705 = CARTESIAN_POINT ( 'NONE',  ( -5.802370187517154498, -0.1583333299433574426, 10.85000003089732523 ) ) ;
#1706 = CARTESIAN_POINT ( 'NONE',  ( -4.156921950945177358, 5.366666670056639887, 5.100000022135394495 ) ) ;
#1707 = CARTESIAN_POINT ( 'NONE',  ( 2.399999977864610834, 8.366666670056638111, 3.343078049054815093 ) ) ;
#1708 = DIRECTION ( 'NONE',  ( 0.000000000000000000, 1.000000000000000000, -0.000000000000000000 ) ) ;
#1709 = CARTESIAN_POINT ( 'NONE',  ( 1.795259553611374903, 6.341666670056641308, 0.7999999904403330975 ) ) ;
#1710 = CARTESIAN_POINT ( 'NONE',  ( -4.675909461845439985, -5.000000000000000000, 12.29852797268331521 ) ) ;
#1711 = CARTESIAN_POINT ( 'NONE',  ( 4.799999993151293332, -8.133333329943358336, 6.213843850770855326 ) ) ;
#1712 = CARTESIAN_POINT ( 'NONE',  ( -6.699999990440328901, 7.675000003389975234, 9.295259624965680700 ) ) ;
#1713 = CARTESIAN_POINT ( 'NONE',  ( 6.699999990440342224, -7.341666663276694926, 5.704740375034321076 ) ) ;
#1714 = CARTESIAN_POINT ( 'NONE',  ( -6.346969032714102177, -5.000000000000005329, 9.691690846384528157 ) ) ;
#1715 = CARTESIAN_POINT ( 'NONE',  ( 1.286156149229154222, 6.866666670056639887, 12.29999999315128179 ) ) ;
#1716 = CARTESIAN_POINT ( 'NONE',  ( -4.156921925385422156, 6.033333336723305962, 9.900000022135397870 ) ) ;
#1717 = ORIENTED_EDGE ( 'NONE', *, *, #773, .F. ) ;
#1718 = CARTESIAN_POINT ( 'NONE',  ( -6.699999999999994849, 3.508333336723307827, 7.500000035677153676 ) ) ;
#1719 = CARTESIAN_POINT ( 'NONE',  ( 2.399999977864610834, -7.633333329943360113, 3.343078049054815093 ) ) ;
#1720 = CARTESIAN_POINT ( 'NONE',  ( -0.5740686162576145168, -4.999999999999999112, 13.14965339832394520 ) ) ;
#1721 = CARTESIAN_POINT ( 'NONE',  ( 4.156921925385436367, -7.966666663276694926, 5.099999977864601242 ) ) ;
#1722 = CARTESIAN_POINT ( 'NONE',  ( -4.904740436828961769, 3.008333336723309159, 2.595259615406009690 ) ) ;
#1723 = CARTESIAN_POINT ( 'NONE',  ( 6.700000000000009059, 9.508333336723307383, 7.499999964322844548 ) ) ;
#1724 = UNCERTAINTY_MEASURE_WITH_UNIT (LENGTH_MEASURE( 1.000000000000000082E-05 ), #343, 'distance_accuracy_value', 'NONE');
#1725 = CARTESIAN_POINT ( 'NONE',  ( -5.272023253130168285, -10.00000000000000000, 8.241892105045886652 ) ) ;
#1726 = CARTESIAN_POINT ( 'NONE',  ( 1.286156098109642265, 0.5333333367233058508, 2.699999993151282585 ) ) ;
#1727 = VECTOR ( 'NONE', #513, 1000.000000000000000 ) ;
#1728 = DIRECTION ( 'NONE',  ( 0.000000000000000000, 0.000000000000000000, 1.000000000000000000 ) ) ;
#1729 = CARTESIAN_POINT ( 'NONE',  ( -4.904740384593981872, 0.008333336723308215621, 12.40474043682896976 ) ) ;
#1730 = ORIENTED_EDGE ( 'NONE', *, *, #1342, .F. ) ;
#1731 = CARTESIAN_POINT ( 'NONE',  ( -5.802370223194311727, 10.15833333672330596, 4.150000030897321501 ) ) ;
#1732 = EDGE_CURVE ( 'NONE', #1437, #697, #1139, .T. ) ;
#1733 = CARTESIAN_POINT ( 'NONE',  ( 6.700000009559674119, 4.325000003389972036, 9.295259553611364467 ) ) ;
#1734 = CARTESIAN_POINT ( 'NONE',  ( -3.349999969102668285, 4.175000003389975234, 13.30237022319431972 ) ) ;
#1735 = CARTESIAN_POINT ( 'NONE',  ( -1.795259553611358028, -8.674999996610026187, 14.20000000955966790 ) ) ;
#1736 = CARTESIAN_POINT ( 'NONE',  ( -6.656140244918052673, -4.999999999999999112, 6.612933599116125549 ) ) ;
#1737 = CARTESIAN_POINT ( 'NONE',  ( 4.156921950945192457, 7.366666670056639887, 9.899999977864602840 ) ) ;
#1738 = CARTESIAN_POINT ( 'NONE',  ( 3.513843895041659948, 3.200000003389972481, 11.01384385761957141 ) ) ;
#1739 = CARTESIAN_POINT ( 'NONE',  ( -4.904740384593981872, -1.008333329943361001, 12.40474043682896976 ) ) ;
#1740 = CARTESIAN_POINT ( 'NONE',  ( -6.699999990440328901, 7.675000003389975234, 9.295259624965680700 ) ) ;
#1741 = CARTESIAN_POINT ( 'NONE',  ( -6.699999999999994849, 2.491666670056638555, 7.500000035677153676 ) ) ;
#1742 = CARTESIAN_POINT ( 'NONE',  ( 4.904740436828977757, -2.991666663276690841, 12.40474038459398365 ) ) ;
#1743 = ORIENTED_EDGE ( 'NONE', *, *, #575, .F. ) ;
#1744 = CARTESIAN_POINT ( 'NONE',  ( 1.286156098109642265, -3.466666663276693594, 2.699999993151282585 ) ) ;
#1745 = CARTESIAN_POINT ( 'NONE',  ( 5.802370223194325050, 4.158333336723305962, 10.84999996910267761 ) ) ;
#1746 = CARTESIAN_POINT ( 'NONE',  ( 5.802370187517169597, 9.841666670056641308, 4.149999969102674768 ) ) ;
#1747 = CARTESIAN_POINT ( 'NONE',  ( -4.904740436828961769, -2.008333329943360113, 2.595259615406009690 ) ) ;
#1748 = DIRECTION ( 'NONE',  ( 0.000000000000000000, -0.000000000000000000, 1.000000000000000000 ) ) ;
#1749 = CARTESIAN_POINT ( 'NONE',  ( 4.800000000000008704, 7.700000003389972925, 7.499999974440244799 ) ) ;
#1750 = CARTESIAN_POINT ( 'NONE',  ( 3.513843895041659948, -0.7999999966100261872, 11.01384385761957141 ) ) ;
#1751 = CARTESIAN_POINT ( 'NONE',  ( -4.904740436828961769, -2.008333329943360113, 2.595259615406009690 ) ) ;
#1752 = CARTESIAN_POINT ( 'NONE',  ( 3.513843857619580291, 6.800000003389975234, 3.986156104958348934 ) ) ;
#1753 = CARTESIAN_POINT ( 'NONE',  ( 3.349999969102685160, -1.824999996610024322, 1.697629776805681390 ) ) ;
#1754 = ORIENTED_EDGE ( 'NONE', *, *, #1883, .F. ) ;
#1755 = CARTESIAN_POINT ( 'NONE',  ( -4.904740384593981872, 6.991666670056638111, 12.40474043682896976 ) ) ;
#1756 = CARTESIAN_POINT ( 'NONE',  ( -1.795259624965670708, -5.324999996610024766, 0.8000000095596632166 ) ) ;
#1757 = CARTESIAN_POINT ( 'NONE',  ( -6.700000009559659908, 2.325000003389972925, 5.704740446388631092 ) ) ;
#1758 = DIRECTION ( 'NONE',  ( 0.000000000000000000, 1.000000000000000000, 0.000000000000000000 ) ) ;
#1759 = CARTESIAN_POINT ( 'NONE',  ( 6.700000009559674119, -3.674999996610026631, 9.295259553611364467 ) ) ;
#1760 = CARTESIAN_POINT ( 'NONE',  ( 4.503332113523955904, -0.4666666632766949818, 10.09999997601998523 ) ) ;
#1761 = CARTESIAN_POINT ( 'NONE',  ( 6.753259929040523097E-15, 9.133333333411142618, 12.69999999999999574 ) ) ;
#1762 = EDGE_CURVE ( 'NONE', #359, #371, #369, .T. ) ;
#1763 = CARTESIAN_POINT ( 'NONE',  ( -6.700000009559659908, 2.325000003389972925, 5.704740446388631092 ) ) ;
#1764 = CARTESIAN_POINT ( 'NONE',  ( 5.802370223194325050, 1.175000003389974790, 10.84999996910267761 ) ) ;
#1765 = CIRCLE ( 'NONE', #847, 5.200000000000000178 ) ;
#1766 = ORIENTED_EDGE ( 'NONE', *, *, #185, .T. ) ;
#1767 = CARTESIAN_POINT ( 'NONE',  ( 4.904740436828977757, -0.008333329943360084924, 12.40474038459398365 ) ) ;
#1768 = CARTESIAN_POINT ( 'NONE',  ( 4.904740384593996083, -1.991666663276691729, 2.595259563171031569 ) ) ;
#1769 = CARTESIAN_POINT ( 'NONE',  ( -6.699999990440328901, -1.341666663276693816, 9.295259624965680700 ) ) ;
#1770 = CARTESIAN_POINT ( 'NONE',  ( -5.199999997081663494, -10.06777745172672134, 8.048048140060272360 ) ) ;
#1771 = CARTESIAN_POINT ( 'NONE',  ( -3.350000030897316350, 6.841666670056642197, 1.697629812482836176 ) ) ;
#1772 = CARTESIAN_POINT ( 'NONE',  ( -4.156921950945177358, -0.03333332994335906629, 5.100000022135394495 ) ) ;
#1773 = CARTESIAN_POINT ( 'NONE',  ( 7.761344342882780970E-15, -0.8666666665888540511, 2.299999999999999822 ) ) ;
#1774 = EDGE_CURVE ( 'NONE', #573, #1165, #1113, .T. ) ;
#1775 = ORIENTED_EDGE ( 'NONE', *, *, #978, .T. ) ;
#1776 = CARTESIAN_POINT ( 'NONE',  ( 5.802370223194325050, 4.158333336723305962, 10.84999996910267761 ) ) ;
#1777 = CARTESIAN_POINT ( 'NONE',  ( -1.795259624965670708, -1.324999996610025876, 0.8000000095596632166 ) ) ;
#1778 = CARTESIAN_POINT ( 'NONE',  ( 4.904740436828977757, -0.008333329943360084924, 12.40474038459398365 ) ) ;
#1779 = SHAPE_DEFINITION_REPRESENTATION ( #1544, #1331 ) ;
#1780 = CARTESIAN_POINT ( 'NONE',  ( -5.200000007419435022, -2.299999996610027519, 6.106664227047894578 ) ) ;
#1781 = CARTESIAN_POINT ( 'NONE',  ( -4.156921950945177358, 3.966666670056640864, 5.100000022135394495 ) ) ;
#1782 = CARTESIAN_POINT ( 'NONE',  ( 7.761344249178727204E-15, 0.8666666667444756778, 2.299999999999999822 ) ) ;
#1783 = ORIENTED_EDGE ( 'NONE', *, *, #1939, .F. ) ;
#1784 = CARTESIAN_POINT ( 'NONE',  ( -6.700000009559659908, -1.674999996610027075, 5.704740446388631092 ) ) ;
#1785 = CARTESIAN_POINT ( 'NONE',  ( 4.904740436828977757, -4.008333329943360113, 12.40474038459398365 ) ) ;
#1786 = CARTESIAN_POINT ( 'NONE',  ( -4.904740436828961769, -4.991666663276692617, 2.595259615406009690 ) ) ;
#1787 = CARTESIAN_POINT ( 'NONE',  ( -1.393335828331564885, -0.6999999966100252102, 2.300000007419442660 ) ) ;
#1788 = CARTESIAN_POINT ( 'NONE',  ( 0.000000000000000000, 0.000000000000000000, 0.000000000000000000 ) ) ;
#1789 = CARTESIAN_POINT ( 'NONE',  ( -5.199999999999993072, -10.13333332994336189, 7.500000027689733173 ) ) ;
#1790 = DIRECTION ( 'NONE',  ( 0.000000000000000000, 1.000000000000000000, 0.000000000000000000 ) ) ;
#1791 = VERTEX_POINT ( 'NONE', #526 ) ;
#1792 = CARTESIAN_POINT ( 'NONE',  ( -5.802370187517154498, 6.825000003389972036, 10.85000003089732523 ) ) ;
#1793 = CARTESIAN_POINT ( 'NONE',  ( 3.350000030897332337, -7.158333329943356915, 13.30237018751716249 ) ) ;
#1794 = CARTESIAN_POINT ( 'NONE',  ( 5.200000000000006395, 7.866666670056638111, 7.499999972310265939 ) ) ;
#1795 = VECTOR ( 'NONE', #987, 1000.000000000000000 ) ;
#1796 = CARTESIAN_POINT ( 'NONE',  ( 2.400000022135406752, -4.966666663276694038, 11.65692192538542926 ) ) ;
#1797 = EDGE_CURVE ( 'NONE', #1190, #280, #458, .T. ) ;
#1798 = CARTESIAN_POINT ( 'NONE',  ( -4.503332085834205856, -1.799999996610027075, 10.10000002398001406 ) ) ;
#1799 = CARTESIAN_POINT ( 'NONE',  ( -3.567714741084677945E-08, 5.491666670056638999, 0.7999999999999977129 ) ) ;
#1800 = CARTESIAN_POINT ( 'NONE',  ( 4.156921925385436367, -1.366666663276691285, 5.099999977864601242 ) ) ;
#1801 = FACE_OUTER_BOUND ( 'NONE', #294, .T. ) ;
#1802 = CARTESIAN_POINT ( 'NONE',  ( 4.904740384593996083, 8.991666670056638111, 2.595259563171031569 ) ) ;
#1803 = ORIENTED_EDGE ( 'NONE', *, *, #337, .T. ) ;
#1804 = CARTESIAN_POINT ( 'NONE',  ( 6.938893903907228378E-15, -10.00000000000000000, 12.69999999999999929 ) ) ;
#1805 = CARTESIAN_POINT ( 'NONE',  ( 3.513843857619580291, 10.80000000338997701, 3.986156104958348934 ) ) ;
#1806 = LINE ( 'NONE', #700, #459 ) ;
#1807 = DIRECTION ( 'NONE',  ( 0.000000000000000000, 1.000000000000000000, -0.000000000000000000 ) ) ;
#1808 = CARTESIAN_POINT ( 'NONE',  ( -3.513843857619565636, -5.799999996610025299, 11.01384389504164751 ) ) ;
#1809 = CARTESIAN_POINT ( 'NONE',  ( 7.575710239463852410E-15, -10.00000000000000000, 2.299999999999999822 ) ) ;
#1810 = CARTESIAN_POINT ( 'NONE',  ( 3.349999969102685160, 5.158333336723305962, 1.697629776805681390 ) ) ;
#1811 = CARTESIAN_POINT ( 'NONE',  ( -4.156921950945177358, -4.033333329943357803, 5.100000022135394495 ) ) ;
#1812 = DIRECTION ( 'NONE',  ( 0.000000000000000000, 1.000000000000000000, 0.000000000000000000 ) ) ;
#1813 = ORIENTED_EDGE ( 'NONE', *, *, #1465, .T. ) ;
#1814 = CARTESIAN_POINT ( 'NONE',  ( 6.700000000000009059, -7.508333329943360113, 7.499999964322844548 ) ) ;
#1815 = CARTESIAN_POINT ( 'NONE',  ( -5.199999999999993072, 1.866666670056638111, 7.500000027689733173 ) ) ;
#1816 = CARTESIAN_POINT ( 'NONE',  ( 7.761344158705847706E-15, -4.866666666588852053, 2.299999999999999822 ) ) ;
#1817 = ADVANCED_FACE ( 'NONE', ( #1102 ), #1432, .T. ) ;
#1818 = ORIENTED_EDGE ( 'NONE', *, *, #678, .F. ) ;
#1819 = CARTESIAN_POINT ( 'NONE',  ( -3.349999969102668285, 8.175000003389973458, 13.30237022319431972 ) ) ;
#1820 = DIRECTION ( 'NONE',  ( 0.000000000000000000, 1.000000000000000000, -0.000000000000000000 ) ) ;
#1821 = CARTESIAN_POINT ( 'NONE',  ( -2.555974732114141868E-08, -3.299999996610026631, 2.699999999999997513 ) ) ;
#1822 = CARTESIAN_POINT ( 'NONE',  ( -3.567714741084677945E-08, 9.491666670056638111, 0.7999999999999977129 ) ) ;
#1823 = AXIS2_PLACEMENT_3D ( 'NONE', #1988, #553, #87 ) ;
#1824 = CARTESIAN_POINT ( 'NONE',  ( -6.700000009559659908, 2.325000003389972925, 5.704740446388631092 ) ) ;
#1825 = CARTESIAN_POINT ( 'NONE',  ( -3.349999969102668285, 0.1750000033899756224, 13.30237022319431972 ) ) ;
#1826 = DIRECTION ( 'NONE',  ( 0.000000000000000000, 1.000000000000000000, 0.000000000000000000 ) ) ;
#1827 = CARTESIAN_POINT ( 'NONE',  ( 3.806664219628462131, 9.633333336723307383, 11.30666417908786592 ) ) ;
#1828 = CARTESIAN_POINT ( 'NONE',  ( -2.399999977864594847, -9.633333329943361889, 11.65692195094518624 ) ) ;
#1829 = ORIENTED_EDGE ( 'NONE', *, *, #1908, .F. ) ;
#1830 = DIRECTION ( 'NONE',  ( -0.000000000000000000, -1.000000000000000000, -0.000000000000000000 ) ) ;
#1831 = EDGE_CURVE ( 'NONE', #386, #1023, #1358, .T. ) ;
#1832 = CYLINDRICAL_SURFACE ( 'NONE', #657, 5.200000000000000178 ) ;
#1833 = CARTESIAN_POINT ( 'NONE',  ( 4.800000006848724077, -4.466666663276693150, 8.786156098109632495 ) ) ;
#1834 = CARTESIAN_POINT ( 'NONE',  ( -5.200000007419435022, 5.700000003389971148, 6.106664227047894578 ) ) ;
#1835 = CARTESIAN_POINT ( 'NONE',  ( 3.567716210914794541E-08, 3.491666670056638555, 14.20000000000000107 ) ) ;
#1836 = CARTESIAN_POINT ( 'NONE',  ( -6.700000009559659908, -0.6583333299433579144, 5.704740446388631092 ) ) ;
#1837 = DIRECTION ( 'NONE',  ( 0.000000000000000000, 1.000000000000000000, 0.000000000000000000 ) ) ;
#1838 = DIRECTION ( 'NONE',  ( 0.000000000000000000, 0.000000000000000000, 1.000000000000000000 ) ) ;
#1839 = CARTESIAN_POINT ( 'NONE',  ( 6.700000009559674119, 8.325000003389972036, 9.295259553611364467 ) ) ;
#1840 = ORIENTED_EDGE ( 'NONE', *, *, #425, .T. ) ;
#1841 = CARTESIAN_POINT ( 'NONE',  ( 7.761344158705847706E-15, -4.866666666588852053, 2.299999999999999822 ) ) ;
#1842 = ORIENTED_EDGE ( 'NONE', *, *, #794, .T. ) ;
#1843 = ADVANCED_FACE ( 'NONE', ( #1431 ), #2007, .T. ) ;
#1844 = CARTESIAN_POINT ( 'NONE',  ( -6.700000009559659908, 6.325000003389971148, 5.704740446388631092 ) ) ;
#1845 = SURFACE_SIDE_STYLE ('',( #1349 ) ) ;
#1846 = CARTESIAN_POINT ( 'NONE',  ( 3.567716210914794541E-08, 8.508333336723309159, 14.20000000000000107 ) ) ;
#1847 = CARTESIAN_POINT ( 'NONE',  ( -4.904740384593981872, -3.991666663276691729, 12.40474043682896976 ) ) ;
#1848 = FACE_OUTER_BOUND ( 'NONE', #868, .T. ) ;
#1849 = CARTESIAN_POINT ( 'NONE',  ( -1.795259624965670708, 5.658333336723305074, 0.8000000095596632166 ) ) ;
#1850 = CYLINDRICAL_SURFACE ( 'NONE', #1591, 5.200000000000000178 ) ;
#1851 = CARTESIAN_POINT ( 'NONE',  ( 6.700000000000009059, 9.508333336723307383, 7.499999964322844548 ) ) ;
#1852 = CARTESIAN_POINT ( 'NONE',  ( 6.938893903907228378E-15, 15.00000000000001066, 7.500000000000000000 ) ) ;
#1853 = ORIENTED_EDGE ( 'NONE', *, *, #1284, .T. ) ;
#1854 = CARTESIAN_POINT ( 'NONE',  ( 3.567716210914794541E-08, 7.491666670056638999, 14.20000000000000107 ) ) ;
#1855 = CARTESIAN_POINT ( 'NONE',  ( -4.904740384593981872, -5.008333329943359225, 12.40474043682896976 ) ) ;
#1856 = CARTESIAN_POINT ( 'NONE',  ( -1.795259624965670708, -5.324999996610024766, 0.8000000095596632166 ) ) ;
#1857 = CARTESIAN_POINT ( 'NONE',  ( -5.200000007419435022, -4.033333329943356915, 6.106664227047894578 ) ) ;
#1858 = EDGE_CURVE ( 'NONE', #1023, #1325, #200, .T. ) ;
#1859 = AXIS2_PLACEMENT_3D ( 'NONE', #84, #1195, #1517 ) ;
#1860 = ORIENTED_EDGE ( 'NONE', *, *, #245, .F. ) ;
#1861 = CARTESIAN_POINT ( 'NONE',  ( 3.567716210914794541E-08, 8.508333336723309159, 14.20000000000000107 ) ) ;
#1862 = CARTESIAN_POINT ( 'NONE',  ( 6.938893903907228378E-15, -5.000000000000000000, 7.500000000000000000 ) ) ;
#1863 = CARTESIAN_POINT ( 'NONE',  ( 2.555976178675968927E-08, -5.299999996610027075, 12.30000000000000249 ) ) ;
#1864 = CARTESIAN_POINT ( 'NONE',  ( 4.904740384593996083, 10.00833333672330916, 2.595259563171031569 ) ) ;
#1865 = CARTESIAN_POINT ( 'NONE',  ( 6.700000009559674119, -3.674999996610026631, 9.295259553611364467 ) ) ;
#1866 = CARTESIAN_POINT ( 'NONE',  ( -5.802370187517154498, -4.158333329943357803, 10.85000003089732523 ) ) ;
#1867 = CARTESIAN_POINT ( 'NONE',  ( -4.156921925385422156, 2.033333336723306406, 9.900000022135397870 ) ) ;
#1868 = CARTESIAN_POINT ( 'NONE',  ( 1.795259624965688472, -4.341666663276693150, 14.19999999044033423 ) ) ;
#1869 = CARTESIAN_POINT ( 'NONE',  ( 6.938893903907228378E-15, -10.29999999661002796, 7.500000000000000000 ) ) ;
#1870 = CARTESIAN_POINT ( 'NONE',  ( -6.699999999999994849, -4.491666663276692617, 7.500000035677153676 ) ) ;
#1871 = CARTESIAN_POINT ( 'NONE',  ( -3.513843895041643517, -6.799999996610027964, 3.986156142380426370 ) ) ;
#1872 = CARTESIAN_POINT ( 'NONE',  ( 4.800000006848724077, -8.466666663276695814, 8.786156098109632495 ) ) ;
#1873 = CARTESIAN_POINT ( 'NONE',  ( 2.599999976019994108, 2.800000003389976122, 2.996667886476052090 ) ) ;
#1874 = CARTESIAN_POINT ( 'NONE',  ( -3.350000030897316350, -2.174999996610027519, 1.697629812482836176 ) ) ;
#1875 = CARTESIAN_POINT ( 'NONE',  ( -6.478559363058061571, -4.999999999999998224, 5.733829470598178268 ) ) ;
#1876 = CARTESIAN_POINT ( 'NONE',  ( -1.286156149229137347, 4.866666670056639887, 2.700000006848713774 ) ) ;
#1877 = CARTESIAN_POINT ( 'NONE',  ( -1.286156098109626278, 6.533333336723306850, 12.30000000684871786 ) ) ;
#1878 = CARTESIAN_POINT ( 'NONE',  ( 1.795259553611374903, 1.325000003389972036, 0.7999999904403329865 ) ) ;
#1879 = CARTESIAN_POINT ( 'NONE',  ( -3.350000030897316350, 5.825000003389972925, 1.697629812482836176 ) ) ;
#1880 = ADVANCED_FACE ( 'NONE', ( #276 ), #620, .F. ) ;
#1881 = DIRECTION ( 'NONE',  ( 0.000000000000000000, 1.000000000000000000, 0.000000000000000000 ) ) ;
#1882 = CARTESIAN_POINT ( 'NONE',  ( 6.700000009559674119, 1.341666670056641975, 9.295259553611364467 ) ) ;
#1883 = EDGE_CURVE ( 'NONE', #963, #858, #1586, .T. ) ;
#1884 = CARTESIAN_POINT ( 'NONE',  ( -5.199999999999993072, 12.13333333672330916, 7.500000027689733173 ) ) ;
#1885 = CARTESIAN_POINT ( 'NONE',  ( 2.399999977864610834, -3.633333329943359669, 3.343078049054815093 ) ) ;
#1886 = CARTESIAN_POINT ( 'NONE',  ( -3.350000030897316350, 6.841666670056642197, 1.697629812482836176 ) ) ;
#1887 = CARTESIAN_POINT ( 'NONE',  ( -5.802370223194311727, -5.841666663276693150, 4.150000030897321501 ) ) ;
#1888 = CARTESIAN_POINT ( 'NONE',  ( 6.700000000000009059, -6.491666663276690841, 7.499999964322844548 ) ) ;
#1889 = CARTESIAN_POINT ( 'NONE',  ( 3.350000030897332337, -0.1749999966100274640, 13.30237018751716249 ) ) ;
#1890 = CARTESIAN_POINT ( 'NONE',  ( 5.802370223194325050, 4.158333336723305962, 10.84999996910267761 ) ) ;
#1891 = CARTESIAN_POINT ( 'NONE',  ( 3.806664219628461687, -4.633333329943360113, 11.30666417908786592 ) ) ;
#1892 = CIRCLE ( 'NONE', #1596, 6.999999999999999112 ) ;
#1893 = CARTESIAN_POINT ( 'NONE',  ( 3.349999969102685160, 2.175000003389975678, 1.697629776805681390 ) ) ;
#1894 = ORIENTED_EDGE ( 'NONE', *, *, #1762, .T. ) ;
#1895 = CARTESIAN_POINT ( 'NONE',  ( -4.156921925385422156, -9.966666663276692262, 9.900000022135397870 ) ) ;
#1896 = CARTESIAN_POINT ( 'NONE',  ( 1.795259624965688472, 4.675000003389975234, 14.19999999044033423 ) ) ;
#1897 = CARTESIAN_POINT ( 'NONE',  ( 5.802370187517169597, -3.174999996610026631, 4.149999969102674768 ) ) ;
#1898 = CARTESIAN_POINT ( 'NONE',  ( 6.938893903907228378E-15, -10.29999999661002796, 7.500000000000000000 ) ) ;
#1899 = CARTESIAN_POINT ( 'NONE',  ( 4.156921950945192457, -0.6333333299433606678, 9.899999977864602840 ) ) ;
#1900 = CARTESIAN_POINT ( 'NONE',  ( -6.699999999999994849, -1.508333329943361445, 7.500000035677153676 ) ) ;
#1901 = CARTESIAN_POINT ( 'NONE',  ( -2.399999977864594847, 8.966666670056639532, 11.65692195094518624 ) ) ;
#1902 = CARTESIAN_POINT ( 'NONE',  ( 1.795259553611374903, 2.341666670056640864, 0.7999999904403330975 ) ) ;
#1903 = EDGE_LOOP ( 'NONE', ( #1860, #485, #437, #23, #972, #1932, #1638, #616, #220, #1467, #1951, #1818, #1717 ) ) ;
#1904 = CARTESIAN_POINT ( 'NONE',  ( 6.699999990440342224, 0.6583333367233060729, 5.704740375034321076 ) ) ;
#1905 = CARTESIAN_POINT ( 'NONE',  ( -6.700000009559659908, 11.34166667005663953, 5.704740446388631092 ) ) ;
#1906 = CARTESIAN_POINT ( 'NONE',  ( -1.795259624965670708, -2.341666663276694926, 0.8000000095596632166 ) ) ;
#1907 = CARTESIAN_POINT ( 'NONE',  ( 6.700000009559674119, -6.658333329943358692, 9.295259553611364467 ) ) ;
#1908 = EDGE_CURVE ( 'NONE', #963, #730, #567, .T. ) ;
#1909 = CARTESIAN_POINT ( 'NONE',  ( -2.399999977864594847, -1.633333329943359891, 11.65692195094518624 ) ) ;
#1910 = CARTESIAN_POINT ( 'NONE',  ( 6.700000000000009059, 5.508333336723308271, 7.499999964322844548 ) ) ;
#1911 = CARTESIAN_POINT ( 'NONE',  ( 1.286156149229154222, 9.466666670056639532, 12.29999999315128179 ) ) ;
#1912 = CARTESIAN_POINT ( 'NONE',  ( 6.700000000000009059, -2.491666663276692173, 7.499999964322844548 ) ) ;
#1913 = VERTEX_POINT ( 'NONE', #135 ) ;
#1914 = CARTESIAN_POINT ( 'NONE',  ( 1.795259624965688472, 3.658333336723305962, 14.19999999044033423 ) ) ;
#1915 = CARTESIAN_POINT ( 'NONE',  ( 4.904740436828977757, 3.991666670056638111, 12.40474038459398365 ) ) ;
#1916 = CARTESIAN_POINT ( 'NONE',  ( -6.699999990440328901, -0.3249999966100248217, 9.295259624965680700 ) ) ;
#1917 = CARTESIAN_POINT ( 'NONE',  ( 5.802370223194325050, 0.1583333367233055733, 10.84999996910267761 ) ) ;
#1918 = CARTESIAN_POINT ( 'NONE',  ( -6.699999990440328901, -8.324999996610021213, 9.295259624965680700 ) ) ;
#1919 = CARTESIAN_POINT ( 'NONE',  ( -4.799999999999995381, -2.299999996610027519, 7.500000025559753425 ) ) ;
#1920 = CARTESIAN_POINT ( 'NONE',  ( -6.699999990440328901, -9.341666663276692262, 9.295259624965680700 ) ) ;
#1921 = CARTESIAN_POINT ( 'NONE',  ( -4.243381142545638696, -4.999999999999984013, 2.438796524977807412 ) ) ;
#1922 = DIRECTION ( 'NONE',  ( 0.000000000000000000, -0.000000000000000000, 1.000000000000000000 ) ) ;
#1923 = ORIENTED_EDGE ( 'NONE', *, *, #1762, .F. ) ;
#1924 = CARTESIAN_POINT ( 'NONE',  ( 6.700000009559674119, 0.3250000033899729246, 9.295259553611364467 ) ) ;
#1925 = CARTESIAN_POINT ( 'NONE',  ( 3.806664219628461687, 3.366666670056638111, 11.30666417908786592 ) ) ;
#1926 = CARTESIAN_POINT ( 'NONE',  ( 5.802370223194325050, -6.824999996610025654, 10.84999996910267761 ) ) ;
#1927 = CARTESIAN_POINT ( 'NONE',  ( 4.904740384593996083, 0.9916666700566391102, 2.595259563171031569 ) ) ;
#1928 = CARTESIAN_POINT ( 'NONE',  ( -5.199999999999993072, 9.866666670056638111, 7.500000027689733173 ) ) ;
#1929 = CARTESIAN_POINT ( 'NONE',  ( -1.393335772952095430, 8.966666670056641308, 12.70000000741944213 ) ) ;
#1930 = CARTESIAN_POINT ( 'NONE',  ( -4.800000006848710754, 4.133333336723307383, 6.213843901890364840 ) ) ;
#1931 = DIRECTION ( 'NONE',  ( 0.000000000000000000, 1.000000000000000000, 0.000000000000000000 ) ) ;
#1932 = ORIENTED_EDGE ( 'NONE', *, *, #1442, .F. ) ;
#1933 = CARTESIAN_POINT ( 'NONE',  ( -5.802370187517154498, -1.174999996610026631, 10.85000003089732523 ) ) ;
#1934 = CARTESIAN_POINT ( 'NONE',  ( 5.802370223194325050, -2.824999996610025210, 10.84999996910267761 ) ) ;
#1935 = CARTESIAN_POINT ( 'NONE',  ( -1.795259624965670708, 1.658333336723305074, 0.8000000095596632166 ) ) ;
#1936 = PLANE ( 'NONE',  #387 ) ;
#1937 = CARTESIAN_POINT ( 'NONE',  ( -2.555974732114141868E-08, 3.300000003389974790, 2.699999999999997513 ) ) ;
#1938 = CARTESIAN_POINT ( 'NONE',  ( 6.938893903907228378E-15, 15.00000000000001066, 7.500000000000000000 ) ) ;
#1939 = EDGE_CURVE ( 'NONE', #637, #386, #1011, .T. ) ;
#1940 = ORIENTED_EDGE ( 'NONE', *, *, #1104, .F. ) ;
#1941 = CARTESIAN_POINT ( 'NONE',  ( -3.567714741084677945E-08, -2.508333329943360557, 0.7999999999999977129 ) ) ;
#1942 = LINE ( 'NONE', #1477, #1795 ) ;
#1943 = ADVANCED_FACE ( 'NONE', ( #903 ), #2052, .T. ) ;
#1944 = CARTESIAN_POINT ( 'NONE',  ( 6.700000000000009059, -6.491666663276690841, 7.499999964322844548 ) ) ;
#1945 = CARTESIAN_POINT ( 'NONE',  ( -5.200000007419435022, 1.700000003389972481, 6.106664227047894578 ) ) ;
#1946 = CARTESIAN_POINT ( 'NONE',  ( -4.503332113523940805, -2.466666663276694926, 4.900000023980011221 ) ) ;
#1947 = CARTESIAN_POINT ( 'NONE',  ( 4.904740384593996083, 8.991666670056638111, 2.595259563171031569 ) ) ;
#1948 = CARTESIAN_POINT ( 'NONE',  ( 2.399999977864610834, 2.966666670056641752, 3.343078049054815093 ) ) ;
#1949 = CARTESIAN_POINT ( 'NONE',  ( -2.600000023980005626, 3.466666670056642197, 2.996667914165785707 ) ) ;
#1950 = CARTESIAN_POINT ( 'NONE',  ( 3.349999969102685160, 9.158333336723304186, 1.697629776805681390 ) ) ;
#1951 = ORIENTED_EDGE ( 'NONE', *, *, #1503, .F. ) ;
#1952 = CARTESIAN_POINT ( 'NONE',  ( -6.699999990440328901, -5.341666663276693150, 9.295259624965680700 ) ) ;
#1953 = CARTESIAN_POINT ( 'NONE',  ( 4.904740384593996083, 2.008333336723308271, 2.595259563171031569 ) ) ;
#1954 = DIRECTION ( 'NONE',  ( 0.000000000000000000, 1.000000000000000000, 0.000000000000000000 ) ) ;
#1955 = CARTESIAN_POINT ( 'NONE',  ( -1.286156098109626278, -5.466666663276693150, 12.30000000684871786 ) ) ;
#1956 = CARTESIAN_POINT ( 'NONE',  ( 3.350000030897332337, -8.174999996610026187, 13.30237018751716249 ) ) ;
#1957 = CARTESIAN_POINT ( 'NONE',  ( 3.350000030897332337, 3.825000003389972481, 13.30237018751716249 ) ) ;
#1958 = CARTESIAN_POINT ( 'NONE',  ( 2.400000022135406752, -2.366666663276692173, 11.65692192538542926 ) ) ;
#1959 = CARTESIAN_POINT ( 'NONE',  ( 3.806664179087877020, 6.633333336723308271, 3.693335780371546306 ) ) ;
#1960 = CARTESIAN_POINT ( 'NONE',  ( 4.904740436828977757, 7.991666670056638999, 12.40474038459398365 ) ) ;
#1961 = EDGE_LOOP ( 'NONE', ( #1446, #173, #1766, #1246 ) ) ;
#1962 = CARTESIAN_POINT ( 'NONE',  ( -1.795259553611358028, -4.674999996610026187, 14.20000000955966790 ) ) ;
#1963 = CARTESIAN_POINT ( 'NONE',  ( -2.600000023980005182, 1.200000003389972036, 2.996667914165785263 ) ) ;
#1964 = CARTESIAN_POINT ( 'NONE',  ( 1.286156149229154222, -1.133333329943361223, 12.29999999315128179 ) ) ;
#1965 = CARTESIAN_POINT ( 'NONE',  ( 2.600000023980021613, 1.466666670056642197, 12.00333208583421296 ) ) ;
#1966 = CARTESIAN_POINT ( 'NONE',  ( -6.700000009559659908, -1.674999996610027075, 5.704740446388631092 ) ) ;
#1967 = EDGE_CURVE ( 'NONE', #581, #396, #947, .T. ) ;
#1968 = CARTESIAN_POINT ( 'NONE',  ( 4.799999993151293332, 7.866666670056639887, 6.213843850770855326 ) ) ;
#1969 = CARTESIAN_POINT ( 'NONE',  ( 4.156921950945192457, -8.633333329943360113, 9.899999977864602840 ) ) ;
#1970 = EDGE_LOOP ( 'NONE', ( #840, #719, #668 ) ) ;
#1971 = DIRECTION ( 'NONE',  ( 0.000000000000000000, 1.000000000000000000, -0.000000000000000000 ) ) ;
#1972 = CARTESIAN_POINT ( 'NONE',  ( 2.600000023980021613, 7.200000003389972036, 12.00333208583421118 ) ) ;
#1973 = CARTESIAN_POINT ( 'NONE',  ( -4.799999993151278233, -2.133333329943360557, 8.786156149229150003 ) ) ;
#1974 = CARTESIAN_POINT ( 'NONE',  ( -3.806664219628446144, 5.366666670056638111, 3.693335820912129197 ) ) ;
#1975 = CARTESIAN_POINT ( 'NONE',  ( -6.700000009559659908, 6.325000003389971148, 5.704740446388631092 ) ) ;
#1976 = CARTESIAN_POINT ( 'NONE',  ( 5.802370187517169597, 1.841666670056640864, 4.149999969102674768 ) ) ;
#1977 = CARTESIAN_POINT ( 'NONE',  ( -4.799999999999995381, -7.699999996610026542, 7.500000025559753425 ) ) ;
#1978 = EDGE_LOOP ( 'NONE', ( #1186, #659, #1424, #151 ) ) ;
#1979 = CARTESIAN_POINT ( 'NONE',  ( 1.393335828331581761, 3.033333336723305074, 12.69999999258055468 ) ) ;
#1980 = CARTESIAN_POINT ( 'NONE',  ( -4.503332085834205856, 2.200000003389972036, 10.10000002398001406 ) ) ;
#1981 = CARTESIAN_POINT ( 'NONE',  ( 4.156921950945192457, -0.6333333299433606678, 9.899999977864602840 ) ) ;
#1982 = CARTESIAN_POINT ( 'NONE',  ( 5.802370223194325050, 8.158333336723305962, 10.84999996910267761 ) ) ;
#1983 = VECTOR ( 'NONE', #984, 1000.000000000000000 ) ;
#1984 = CARTESIAN_POINT ( 'NONE',  ( 6.753260017897815461E-15, -2.866666666588854273, 12.69999999999999574 ) ) ;
#1985 = CARTESIAN_POINT ( 'NONE',  ( 5.802370223194325050, 1.175000003389974790, 10.84999996910267761 ) ) ;
#1986 = CARTESIAN_POINT ( 'NONE',  ( -5.199999992580549346, -3.699999996610022102, 8.893335828331576209 ) ) ;
#1987 = CARTESIAN_POINT ( 'NONE',  ( -5.749999999999994671, -9.904166663276694038, 7.500000030618453550 ) ) ;
#1988 = CARTESIAN_POINT ( 'NONE',  ( 6.938893903907228378E-15, -10.29999999661002796, 7.500000000000000000 ) ) ;
#1989 = CARTESIAN_POINT ( 'NONE',  ( -3.806664219628446144, 11.63333333672330561, 3.693335820912129197 ) ) ;
#1990 = CARTESIAN_POINT ( 'NONE',  ( -4.156921950945177358, 1.366666670056639443, 5.100000022135394495 ) ) ;
#1991 = CARTESIAN_POINT ( 'NONE',  ( 3.349999969102685160, 5.158333336723305962, 1.697629776805681390 ) ) ;
#1992 = FILL_AREA_STYLE ('',( #576 ) ) ;
#1993 = CARTESIAN_POINT ( 'NONE',  ( -3.350000030897316350, 1.825000003389972481, 1.697629812482836176 ) ) ;
#1994 = CARTESIAN_POINT ( 'NONE',  ( -6.699999990440328901, 3.675000003389975234, 9.295259624965680700 ) ) ;
#1995 = DIRECTION ( 'NONE',  ( 0.000000000000000000, 0.000000000000000000, 1.000000000000000000 ) ) ;
#1996 = CARTESIAN_POINT ( 'NONE',  ( 1.393335772952111640, 10.96666667005664131, 2.299999992580558317 ) ) ;
#1997 = VERTEX_POINT ( 'NONE', #1269 ) ;
#1998 = CARTESIAN_POINT ( 'NONE',  ( -6.700000009559659908, 7.341666670056642197, 5.704740446388631092 ) ) ;
#1999 = CARTESIAN_POINT ( 'NONE',  ( -3.785570290903653490, -5.000000000000000000, 12.77110368611276670 ) ) ;
#2000 = CARTESIAN_POINT ( 'NONE',  ( -3.567714741084677945E-08, 9.491666670056638111, 0.7999999999999977129 ) ) ;
#2001 = CARTESIAN_POINT ( 'NONE',  ( -4.904740384593981872, -9.008333329943358336, 12.40474043682896976 ) ) ;
#2002 = CARTESIAN_POINT ( 'NONE',  ( -5.802370187517154498, 3.841666670056641752, 10.85000003089732523 ) ) ;
#2003 = CARTESIAN_POINT ( 'NONE',  ( -3.513843895041643517, 9.200000003389973813, 3.986156142380426370 ) ) ;
#2004 = CARTESIAN_POINT ( 'NONE',  ( -4.904740436828961769, 5.991666670056638999, 2.595259615406009690 ) ) ;
#2005 = EDGE_LOOP ( 'NONE', ( #2016, #1582 ) ) ;
#2006 = CARTESIAN_POINT ( 'NONE',  ( 6.700000000000009059, 5.508333336723308271, 7.499999964322844548 ) ) ;
#2007 =( BOUNDED_SURFACE ( )  B_SPLINE_SURFACE ( 1, 2, ( 
 ( #9, #1624, #980, #1115, #333, #511, #178, #1301, #654, #1947, #29, #818, #1422, #520, #1141, #2055, #311, #939, #1473, #556, #565, #845, #682, #383, #52, #1975, #1182, #1018, #1009, #227, #1799, #1661, #1810, #855, #1161, #1493, #1350, #244, #72, #1312, #1957, #547, #1835, #1673, #703, #1329, #366, #1171, #376, #1824, #392, #864, #1993, #1515, #1502, #529, #1482, #82, #62, #713, #1152, #991, #1339, #1001, #402, #1653, #1027, #1683, #1643, #693, #92, #207, #1321, #1966, #836, #538, #1874, #1216, #1035, #265, #586, #881, #1528, #454, #596, #1865, #892, #444, #123, #1540, #143, #1056, #1359, #1855, #608, #1227, #101, #112, #1887, #1238, #297, #1203, #1048, #748, #256, #925, #2021, #1713, #577, #134, #1704, #1079, #737, #411, #1551, #1735, #2040, #2001, #1405, #275, #1067 ),
 ( #767, #421, #434, #1373, #902, #1575, #1692, #2011, #2031, #779, #760, #1383, #1723, #286, #914, #1562, #1193, #1394, #1846, #1566, #2056, #1604, #611, #1740, #323, #147, #1116, #633, #1771, #951, #1263, #600, #1388, #1232, #1409, #624, #1910, #472, #1162, #354, #83, #548, #246, #875, #435, #1172, #2002, #1994, #714, #1183, #1541, #1049, #257, #1684, #1494, #1340, #1028, #1330, #1976, #893, #1037, #1516, #1985, #882, #566, #557, #587, #93, #1825, #235, #1705, #1693, #393, #1836, #266, #113, #749, #1674, #1504, #403, #704, #1374, #412, #727, #1020, #578, #1351, #2012, #865, #73, #1194, #1217, #1662, #1847, #1866, #1529, #102, #228, #739, #1360, #1204, #1856, #422, #299, #2022, #455, #1428, #1553, #1888, #1907, #479, #915, #597, #2032, #926, #609, #1239, #6, #308, #1918, #1228 ) ),
 .UNSPECIFIED., .F., .F., .T. ) 
 B_SPLINE_SURFACE_WITH_KNOTS ( ( 2, 2 ),
 ( 3, 2, 2, 2, 2, 2, 2, 2, 2, 2, 2, 2, 2, 2, 2, 2, 2, 2, 2, 2, 2, 2, 2, 2, 2, 2, 2, 2, 2, 2, 2, 2, 2, 2, 2, 2, 2, 2, 2, 2, 2, 2, 2, 2, 2, 2, 2, 2, 2, 2, 2, 2, 2, 2, 2, 2, 2, 2, 2, 2, 3 ),
 ( 0.000000000000000000, 1.000000000000000000 ),
 ( 0.000000000000000000, 0.01666666666666666644, 0.03333333333333333287, 0.05000000000000000278, 0.06666666666666666574, 0.08333333333333332871, 0.1000000000000000056, 0.1166666666666666685, 0.1333333333333333315, 0.1499999999999999944, 0.1666666666666666574, 0.1833333333333333204, 0.2000000000000000111, 0.2166666666666666741, 0.2333333333333333370, 0.2500000000000000000, 0.2666666666666666630, 0.2833333333333333259, 0.2999999999999999889, 0.3166666666666666519, 0.3333333333333333148, 0.3499999999999999778, 0.3666666666666666408, 0.3833333333333333592, 0.4000000000000000222, 0.4166666666666666852, 0.4333333333333333481, 0.4500000000000000111, 0.4666666666666666741, 0.4833333333333333370, 0.5000000000000000000, 0.5166666666666667185, 0.5333333333333333259, 0.5500000000000000444, 0.5666666666666666519, 0.5833333333333333703, 0.5999999999999999778, 0.6166666666666666963, 0.6333333333333333037, 0.6500000000000000222, 0.6666666666666666297, 0.6833333333333333481, 0.6999999999999999556, 0.7166666666666666741, 0.7333333333333332815, 0.7500000000000000000, 0.7666666666666667185, 0.7833333333333333259, 0.8000000000000000444, 0.8166666666666666519, 0.8333333333333333703, 0.8499999999999999778, 0.8666666666666666963, 0.8833333333333333037, 0.9000000000000000222, 0.9166666666666666297, 0.9333333333333333481, 0.9499999999999999556, 0.9666666666666666741, 0.9833333333333332815, 1.000000000000000000 ),
 .UNSPECIFIED. ) 
 GEOMETRIC_REPRESENTATION_ITEM ( )  RATIONAL_B_SPLINE_SURFACE ( (
 ( 1.000000000000000000, 0.9659258262890683122, 1.000000000000000000, 0.9659258262890683122, 1.000000000000000000, 0.9659258262890683122, 1.000000000000000000, 0.9659258262890683122, 1.000000000000000000, 0.9659258262890683122, 1.000000000000000000, 0.9659258262890683122, 1.000000000000000000, 0.9659258262890683122, 1.000000000000000000, 0.9659258262890683122, 1.000000000000000000, 0.9659258262890683122, 1.000000000000000000, 0.9659258262890683122, 1.000000000000000000, 0.9659258262890683122, 1.000000000000000000, 0.9659258262890683122, 1.000000000000000000, 0.9659258262890683122, 1.000000000000000000, 0.9659258262890683122, 1.000000000000000000, 0.9659258262890683122, 1.000000000000000000, 0.9659258262890683122, 1.000000000000000000, 0.9659258262890683122, 1.000000000000000000, 0.9659258262890683122, 1.000000000000000000, 0.9659258262890683122, 1.000000000000000000, 0.9659258262890683122, 1.000000000000000000, 0.9659258262890683122, 1.000000000000000000, 0.9659258262890683122, 1.000000000000000000, 0.9659258262890683122, 1.000000000000000000, 0.9659258262890683122, 1.000000000000000000, 0.9659258262890683122, 1.000000000000000000, 0.9659258262890683122, 1.000000000000000000, 0.9659258262890683122, 1.000000000000000000, 0.9659258262890683122, 1.000000000000000000, 0.9659258262890683122, 1.000000000000000000, 0.9659258262890683122, 1.000000000000000000, 0.9659258262890683122, 1.000000000000000000, 0.9659258262890683122, 1.000000000000000000, 0.9659258262890683122, 1.000000000000000000, 0.9659258262890683122, 1.000000000000000000, 0.9659258262890683122, 1.000000000000000000, 0.9659258262890683122, 1.000000000000000000, 0.9659258262890683122, 1.000000000000000000, 0.9659258262890683122, 1.000000000000000000, 0.9659258262890683122, 1.000000000000000000, 0.9659258262890683122, 1.000000000000000000, 0.9659258262890683122, 1.000000000000000000, 0.9659258262890683122, 1.000000000000000000, 0.9659258262890683122, 1.000000000000000000, 0.9659258262890683122, 1.000000000000000000, 0.9659258262890683122, 1.000000000000000000, 0.9659258262890683122, 1.000000000000000000, 0.9659258262890683122, 1.000000000000000000, 0.9659258262890683122, 1.000000000000000000, 0.9659258262890683122, 1.000000000000000000, 0.9659258262890683122, 1.000000000000000000, 0.9659258262890683122, 1.000000000000000000, 0.9659258262890683122, 1.000000000000000000, 0.9659258262890683122, 1.000000000000000000, 0.9659258262890683122, 1.000000000000000000, 0.9659258262890683122, 1.000000000000000000, 0.9659258262890683122, 1.000000000000000000, 0.9659258262890683122, 1.000000000000000000, 0.9659258262890683122, 1.000000000000000000, 0.9659258262890683122, 1.000000000000000000, 0.9659258262890683122, 1.000000000000000000),
 ( 1.000000000000000000, 0.9659258262890683122, 1.000000000000000000, 0.9659258262890683122, 1.000000000000000000, 0.9659258262890683122, 1.000000000000000000, 0.9659258262890683122, 1.000000000000000000, 0.9659258262890683122, 1.000000000000000000, 0.9659258262890683122, 1.000000000000000000, 0.9659258262890683122, 1.000000000000000000, 0.9659258262890683122, 1.000000000000000000, 0.9659258262890683122, 1.000000000000000000, 0.9659258262890683122, 1.000000000000000000, 0.9659258262890683122, 1.000000000000000000, 0.9659258262890683122, 1.000000000000000000, 0.9659258262890683122, 1.000000000000000000, 0.9659258262890683122, 1.000000000000000000, 0.9659258262890683122, 1.000000000000000000, 0.9659258262890683122, 1.000000000000000000, 0.9659258262890683122, 1.000000000000000000, 0.9659258262890683122, 1.000000000000000000, 0.9659258262890683122, 1.000000000000000000, 0.9659258262890683122, 1.000000000000000000, 0.9659258262890683122, 1.000000000000000000, 0.9659258262890683122, 1.000000000000000000, 0.9659258262890683122, 1.000000000000000000, 0.9659258262890683122, 1.000000000000000000, 0.9659258262890683122, 1.000000000000000000, 0.9659258262890683122, 1.000000000000000000, 0.9659258262890683122, 1.000000000000000000, 0.9659258262890683122, 1.000000000000000000, 0.9659258262890683122, 1.000000000000000000, 0.9659258262890683122, 1.000000000000000000, 0.9659258262890683122, 1.000000000000000000, 0.9659258262890683122, 1.000000000000000000, 0.9659258262890683122, 1.000000000000000000, 0.9659258262890683122, 1.000000000000000000, 0.9659258262890683122, 1.000000000000000000, 0.9659258262890683122, 1.000000000000000000, 0.9659258262890683122, 1.000000000000000000, 0.9659258262890683122, 1.000000000000000000, 0.9659258262890683122, 1.000000000000000000, 0.9659258262890683122, 1.000000000000000000, 0.9659258262890683122, 1.000000000000000000, 0.9659258262890683122, 1.000000000000000000, 0.9659258262890683122, 1.000000000000000000, 0.9659258262890683122, 1.000000000000000000, 0.9659258262890683122, 1.000000000000000000, 0.9659258262890683122, 1.000000000000000000, 0.9659258262890683122, 1.000000000000000000, 0.9659258262890683122, 1.000000000000000000, 0.9659258262890683122, 1.000000000000000000, 0.9659258262890683122, 1.000000000000000000, 0.9659258262890683122, 1.000000000000000000, 0.9659258262890683122, 1.000000000000000000, 0.9659258262890683122, 1.000000000000000000, 0.9659258262890683122, 1.000000000000000000, 0.9659258262890683122, 1.000000000000000000, 0.9659258262890683122, 1.000000000000000000, 0.9659258262890683122, 1.000000000000000000, 0.9659258262890683122, 1.000000000000000000, 0.9659258262890683122, 1.000000000000000000, 0.9659258262890683122, 1.000000000000000000) ) ) 
 REPRESENTATION_ITEM ( '' )  SURFACE ( )  );
#2008 = CARTESIAN_POINT ( 'NONE',  ( 1.084054715597935648, -5.000000000000002665, 2.414252722212316904 ) ) ;
#2009 = CARTESIAN_POINT ( 'NONE',  ( -4.799999993151278233, -10.13333332994335834, 8.786156149229150003 ) ) ;
#2010 = CARTESIAN_POINT ( 'NONE',  ( -6.699999999999994849, 11.50833333672330738, 7.500000035677153676 ) ) ;
#2011 = CARTESIAN_POINT ( 'NONE',  ( 1.795259553611374903, 10.34166667005664131, 0.7999999904403329865 ) ) ;
#2012 = CARTESIAN_POINT ( 'NONE',  ( 4.904740436828977757, -2.991666663276690841, 12.40474038459398365 ) ) ;
#2013 = CARTESIAN_POINT ( 'NONE',  ( 2.400000022135406752, 7.033333336723306850, 11.65692192538542926 ) ) ;
#2014 = CARTESIAN_POINT ( 'NONE',  ( -4.156921950945177358, 1.366666670056639443, 5.100000022135394495 ) ) ;
#2015 = AXIS2_PLACEMENT_3D ( 'NONE', #1189, #1212, #1064 ) ;
#2016 = ORIENTED_EDGE ( 'NONE', *, *, #2024, .F. ) ;
#2017 = CARTESIAN_POINT ( 'NONE',  ( -5.802370223194311727, -4.824999996610023878, 4.150000030897321501 ) ) ;
#2018 = CARTESIAN_POINT ( 'NONE',  ( 7.761344249178727204E-15, 11.13333333341114262, 2.299999999999999822 ) ) ;
#2019 = CARTESIAN_POINT ( 'NONE',  ( -4.156921950945177358, -6.633333329943359225, 5.100000022135394495 ) ) ;
#2020 = CARTESIAN_POINT ( 'NONE',  ( 4.904740384593996083, 6.008333336723308271, 2.595259563171031569 ) ) ;
#2021 = CARTESIAN_POINT ( 'NONE',  ( 5.802370187517169597, -7.174999996610028852, 4.149999969102674768 ) ) ;
#2022 = CARTESIAN_POINT ( 'NONE',  ( 3.349999969102685160, -5.824999996610024766, 1.697629776805681390 ) ) ;
#2023 = CARTESIAN_POINT ( 'NONE',  ( -2.555974732114141868E-08, 0.7000000033899732577, 2.699999999999997513 ) ) ;
#2024 = EDGE_CURVE ( 'NONE', #1402, #995, #1892, .T. ) ;
#2025 = CARTESIAN_POINT ( 'NONE',  ( -5.802370223194311727, 6.158333336723305962, 4.150000030897321501 ) ) ;
#2026 = CYLINDRICAL_SURFACE ( 'NONE', #1480, 5.200000000000000178 ) ;
#2027 = CARTESIAN_POINT ( 'NONE',  ( -1.795259553611358250, 4.341666670056641308, 14.20000000955966790 ) ) ;
#2028 = CARTESIAN_POINT ( 'NONE',  ( -1.393335828331564885, 11.30000000338997523, 2.300000007419442660 ) ) ;
#2029 = CARTESIAN_POINT ( 'NONE',  ( 3.513843857619580291, -7.799999996610025299, 3.986156104958348934 ) ) ;
#2030 = CARTESIAN_POINT ( 'NONE',  ( 6.699999990440342224, 5.675000003389975234, 5.704740375034321076 ) ) ;
#2031 = CARTESIAN_POINT ( 'NONE',  ( 3.349999969102685160, 10.17500000338997346, 1.697629776805681390 ) ) ;
#2032 = CARTESIAN_POINT ( 'NONE',  ( 1.795259624965688472, -7.324999996610025654, 14.19999999044033423 ) ) ;
#2033 = CARTESIAN_POINT ( 'NONE',  ( -2.555974732114141868E-08, 4.700000003389972925, 2.699999999999997513 ) ) ;
#2034 = CARTESIAN_POINT ( 'NONE',  ( -3.513843857619565636, 6.200000003389972036, 11.01384389504164751 ) ) ;
#2035 = CARTESIAN_POINT ( 'NONE',  ( 4.904740384593996083, 4.991666670056637223, 2.595259563171031569 ) ) ;
#2036 = CARTESIAN_POINT ( 'NONE',  ( 5.200000007419448345, -4.299999996610027964, 8.893335772952100982 ) ) ;
#2037 = CARTESIAN_POINT ( 'NONE',  ( 3.567716210914794541E-08, 4.508333336723308271, 14.20000000000000107 ) ) ;
#2038 = CARTESIAN_POINT ( 'NONE',  ( -1.286156149229137347, -7.133333329943358336, 2.700000006848713774 ) ) ;
#2039 = CARTESIAN_POINT ( 'NONE',  ( 3.349999969102685160, 6.175000003389975234, 1.697629776805681390 ) ) ;
#2040 = CARTESIAN_POINT ( 'NONE',  ( -3.349999969102668285, -8.841666663276695814, 13.30237022319431972 ) ) ;
#2041 = CARTESIAN_POINT ( 'NONE',  ( -4.675909461845439985, -5.000000000000000000, 12.29852797268331521 ) ) ;
#2042 = CARTESIAN_POINT ( 'NONE',  ( 2.399999977864610834, 4.366666670056639887, 3.343078049054815093 ) ) ;
#2043 = CARTESIAN_POINT ( 'NONE',  ( 4.799999993151293332, -0.1333333299433601959, 6.213843850770855326 ) ) ;
#2044 = CARTESIAN_POINT ( 'NONE',  ( 1.795259624965688472, -0.3416666632766948153, 14.19999999044033423 ) ) ;
#2045 = CARTESIAN_POINT ( 'NONE',  ( 1.286156098109642265, 7.133333336723306495, 2.699999993151282585 ) ) ;
#2046 = CARTESIAN_POINT ( 'NONE',  ( -6.700000009559659908, 3.341666670056641752, 5.704740446388631092 ) ) ;
#2047 = ADVANCED_FACE ( 'NONE', ( #214, #509 ), #691, .F. ) ;
#2048 = VERTEX_POINT ( 'NONE', #1622 ) ;
#2049 = CARTESIAN_POINT ( 'NONE',  ( 4.904740384593996083, -3.008333329943360557, 2.595259563171031569 ) ) ;
#2050 = CARTESIAN_POINT ( 'NONE',  ( 5.802370187517169597, 5.841666670056642197, 4.149999969102674768 ) ) ;
#2051 = CARTESIAN_POINT ( 'NONE',  ( -3.806664219628446144, -0.3666666632766904521, 3.693335820912129197 ) ) ;
#2052 = CYLINDRICAL_SURFACE ( 'NONE', #60, 5.200000000000000178 ) ;
#2053 = CARTESIAN_POINT ( 'NONE',  ( 1.286156149229154222, -1.133333329943361223, 12.29999999315128179 ) ) ;
#2054 = CARTESIAN_POINT ( 'NONE',  ( 3.349999969102685160, -2.841666663276693594, 1.697629776805681390 ) ) ;
#2055 = CARTESIAN_POINT ( 'NONE',  ( 4.904740436828977757, 7.991666670056638999, 12.40474038459398365 ) ) ;
#2056 = CARTESIAN_POINT ( 'NONE',  ( -3.349999969102668285, 8.175000003389973458, 13.30237022319431972 ) ) ;
ENDSEC;
END-ISO-10303-21;
