ISO-10303-21;
HEADER;
FILE_DESCRIPTION (( 'STEP AP214' ),
    '1' );
FILE_NAME ('sanding sheet.STEP',
    '2026-08-18T03:45:41',
    ( '' ),
    ( '' ),
    'SwSTEP 2.0',
    'SolidWorks 2023',
    '' );
FILE_SCHEMA (( 'AUTOMOTIVE_DESIGN' ));
ENDSEC;

DATA;
#1 = LINE ( 'NONE', #1030, #165 ) ;
#2 = CARTESIAN_POINT ( 'NONE',  ( 6.349999999999999645, -38.09999999999999432, 2.000000000000000000 ) ) ;
#3 = AXIS2_PLACEMENT_3D ( 'NONE', #1045, #948, #1024 ) ;
#4 = EDGE_LOOP ( 'NONE', ( #993, #415, #501, #1092 ) ) ;
#5 = CARTESIAN_POINT ( 'NONE',  ( -2.427282098615897610, 2.085746677751711964, -10.61425332224831308 ) ) ;
#6 = EDGE_CURVE ( 'NONE', #504, #489, #163, .T. ) ;
#7 = CARTESIAN_POINT ( 'NONE',  ( -0.7957385875378515383, 6.035333501609605023, -6.664666498390403149 ) ) ;
#8 = ORIENTED_EDGE ( 'NONE', *, *, #944, .T. ) ;
#9 = CARTESIAN_POINT ( 'NONE',  ( 2.317800366834140924, 2.008208855968538931, -10.69179114403147501 ) ) ;
#10 = DIRECTION ( 'NONE',  ( -1.224646799147353207E-16, 1.000000000000000000, 0.000000000000000000 ) ) ;
#11 = VERTEX_POINT ( 'NONE', #645 ) ;
#12 = CARTESIAN_POINT ( 'NONE',  ( -0.08814110527723151289, 0.6333706910826876202, -11.33746147762093415 ) ) ;
#13 = CARTESIAN_POINT ( 'NONE',  ( -2.868212178886230923, 4.961394898807124143, -7.738605101192892910 ) ) ;
#14 = ORIENTED_EDGE ( 'NONE', *, *, #475, .F. ) ;
#15 = CARTESIAN_POINT ( 'NONE',  ( 0.7909826607040716384, 1.418183327367047442, -11.28181667263297072 ) ) ;
#16 = CARTESIAN_POINT ( 'NONE',  ( -3.856704143928364914, 3.269151295341662156, -8.722661550485973692 ) ) ;
#17 = ORIENTED_EDGE ( 'NONE', *, *, #433, .T. ) ;
#18 = APPLICATION_CONTEXT ( 'automotive_design' ) ;
#19 = CARTESIAN_POINT ( 'NONE',  ( -2.270849749942177809, 1.977050581377976401, -10.72294941862204887 ) ) ;
#20 = AXIS2_PLACEMENT_3D ( 'NONE', #300, #117, #900 ) ;
#21 =( GEOMETRIC_REPRESENTATION_CONTEXT ( 3 ) GLOBAL_UNCERTAINTY_ASSIGNED_CONTEXT ( ( #832 ) ) GLOBAL_UNIT_ASSIGNED_CONTEXT ( ( #494, #206, #613 ) ) REPRESENTATION_CONTEXT ( 'NONE', 'WORKASPACE' ) );
#22 = CARTESIAN_POINT ( 'NONE',  ( -3.158700244545753044, 4.950397600920762642, -7.061352426736325683 ) ) ;
#23 = ORIENTED_EDGE ( 'NONE', *, *, #99, .T. ) ;
#24 = CARTESIAN_POINT ( 'NONE',  ( -2.272077210140103443, 1.977856745135501582, -10.72214325486452680 ) ) ;
#25 = EDGE_CURVE ( 'NONE', #493, #235, #958, .T. ) ;
#26 = DIRECTION ( 'NONE',  ( -1.000000000000000000, 0.000000000000000000, 0.000000000000000000 ) ) ;
#27 = EDGE_LOOP ( 'NONE', ( #777, #589, #798, #789 ) ) ;
#28 = CARTESIAN_POINT ( 'NONE',  ( 1.396964464370208825, 0.8183552725837306419, -11.15367163678800644 ) ) ;
#29 = CARTESIAN_POINT ( 'NONE',  ( -1.983361481086192146, 5.643850867800106919, -7.056149132199905694 ) ) ;
#30 = ORIENTED_EDGE ( 'NONE', *, *, #628, .T. ) ;
#31 = DIRECTION ( 'NONE',  ( 0.000000000000000000, 0.000000000000000000, -1.000000000000000000 ) ) ;
#32 = CARTESIAN_POINT ( 'NONE',  ( 0.000000000000000000, 0.000000000000000000, 29.00000000000000355 ) ) ;
#33 = ORIENTED_EDGE ( 'NONE', *, *, #1093, .F. ) ;
#34 = APPLICATION_PROTOCOL_DEFINITION ( 'draft international standard', 'automotive_design', 1998, #620 ) ;
#35 = CARTESIAN_POINT ( 'NONE',  ( -2.828704563098535019, 5.566969520665164595, -7.133030479334852458 ) ) ;
#36 = ORIENTED_EDGE ( 'NONE', *, *, #628, .F. ) ;
#37 = SURFACE_STYLE_FILL_AREA ( #518 ) ;
#38 = CARTESIAN_POINT ( 'NONE',  ( -3.581065667880688697, 4.397328686076065196, -7.607067922553409467 ) ) ;
#39 = VERTEX_POINT ( 'NONE', #259 ) ;
#40 = DIRECTION ( 'NONE',  ( -1.000000000000000000, 0.000000000000000000, 0.000000000000000000 ) ) ;
#41 = ORIENTED_EDGE ( 'NONE', *, *, #248, .T. ) ;
#42 = CARTESIAN_POINT ( 'NONE',  ( 0.000000000000000000, 0.000000000000000000, 0.000000000000000000 ) ) ;
#43 = DIRECTION ( 'NONE',  ( -0.000000000000000000, -0.000000000000000000, -1.000000000000000000 ) ) ;
#44 = ORIENTED_EDGE ( 'NONE', *, *, #264, .T. ) ;
#45 = DIRECTION ( 'NONE',  ( -0.000000000000000000, -0.000000000000000000, -1.000000000000000000 ) ) ;
#46 = ORIENTED_EDGE ( 'NONE', *, *, #99, .F. ) ;
#47 = FACE_OUTER_BOUND ( 'NONE', #969, .T. ) ;
#48 = CARTESIAN_POINT ( 'NONE',  ( -0.7957385878705428572, 6.035333502178007237, -6.664666497822001823 ) ) ;
#49 = CARTESIAN_POINT ( 'NONE',  ( -8.500000000000008882, -6.245004513516505540E-14, 27.00000000000000355 ) ) ;
#50 = CARTESIAN_POINT ( 'NONE',  ( 2.217021756329531357, 5.622020486967752362, -6.399983178058198163 ) ) ;
#51 = VERTEX_POINT ( 'NONE', #444 ) ;
#52 = DIRECTION ( 'NONE',  ( 0.000000000000000000, 0.000000000000000000, -1.000000000000000000 ) ) ;
#53 = CARTESIAN_POINT ( 'NONE',  ( 9.457051301740103181E-15, 0.6384952566061823376, -11.33236971357219858 ) ) ;
#54 = DIRECTION ( 'NONE',  ( 0.000000000000000000, 0.000000000000000000, -1.000000000000000000 ) ) ;
#55 = TOROIDAL_SURFACE ( 'NONE', #79, 12.69999999999998330, 3.850000000000000089 ) ;
#56 = CARTESIAN_POINT ( 'NONE',  ( 3.103580240443033489, 5.332481296943201166, -7.367518703056798124 ) ) ;
#57 = ORIENTED_EDGE ( 'NONE', *, *, #1196, .T. ) ;
#58 = DIRECTION ( 'NONE',  ( -0.8320502943378401683, -0.5547001962252344764, 0.000000000000000000 ) ) ;
#59 = AXIS2_PLACEMENT_3D ( 'NONE', #360, #54, #74 ) ;
#60 = CARTESIAN_POINT ( 'NONE',  ( 1.150827164380257894, 5.959000773260488160, -6.740999226739514683 ) ) ;
#61 = EDGE_CURVE ( 'NONE', #235, #332, #855, .T. ) ;
#62 = CIRCLE ( 'NONE', #661, 3.850000000000000089 ) ;
#63 = CARTESIAN_POINT ( 'NONE',  ( -6.350000000000003197, 12.69999999999999929, 29.00000000000000355 ) ) ;
#64 = CARTESIAN_POINT ( 'NONE',  ( 3.597899052328407343, 4.364323914072230082, -7.639667839275999128 ) ) ;
#65 = VERTEX_POINT ( 'NONE', #1100 ) ;
#66 = CARTESIAN_POINT ( 'NONE',  ( -6.350000000000003197, 12.69999999999999929, 0.000000000000000000 ) ) ;
#67 = CARTESIAN_POINT ( 'NONE',  ( -3.532940515935328651, 2.273027873279330535, -9.709730788069826701 ) ) ;
#68 = DIRECTION ( 'NONE',  ( -0.000000000000000000, -0.000000000000000000, -1.000000000000000000 ) ) ;
#69 = LINE ( 'NONE', #286, #1124 ) ;
#70 = EDGE_CURVE ( 'NONE', #615, #493, #340, .T. ) ;
#71 = UNCERTAINTY_MEASURE_WITH_UNIT (LENGTH_MEASURE( 1.000000000000000082E-05 ), #1127, 'distance_accuracy_value', 'NONE');
#72 = ORIENTED_EDGE ( 'NONE', *, *, #418, .F. ) ;
#73 = CARTESIAN_POINT ( 'NONE',  ( 3.857363548745679882, 3.283073218142397387, -8.708878540037314764 ) ) ;
#74 = DIRECTION ( 'NONE',  ( -1.000000000000000000, 0.000000000000000000, 0.000000000000000000 ) ) ;
#75 = CIRCLE ( 'NONE', #361, 16.54999999999998650 ) ;
#76 = DIRECTION ( 'NONE',  ( -0.000000000000000000, -0.000000000000000000, -1.000000000000000000 ) ) ;
#77 = ORIENTED_EDGE ( 'NONE', *, *, #848, .F. ) ;
#78 = CARTESIAN_POINT ( 'NONE',  ( -6.350000000000003197, 12.69999999999999929, 2.000000000000000000 ) ) ;
#79 = AXIS2_PLACEMENT_3D ( 'NONE', #97, #658, #842 ) ;
#80 = CARTESIAN_POINT ( 'NONE',  ( 1.813699935817237208, 0.9531535188149997673, -11.01976506187365423 ) ) ;
#81 = AXIS2_PLACEMENT_3D ( 'NONE', #1234, #384, #177 ) ;
#82 = FACE_OUTER_BOUND ( 'NONE', #408, .T. ) ;
#83 = PRESENTATION_LAYER_ASSIGNMENT (  '', '', ( #283 ) ) ;
#84 = PRESENTATION_STYLE_ASSIGNMENT (( #728 ) ) ;
#85 = ADVANCED_FACE ( 'NONE', ( #346 ), #720, .F. ) ;
#86 = DIRECTION ( 'NONE',  ( -0.000000000000000000, 0.000000000000000000, 1.000000000000000000 ) ) ;
#87 = ADVANCED_FACE ( 'NONE', ( #910 ), #253, .T. ) ;
#88 = CARTESIAN_POINT ( 'NONE',  ( 0.000000000000000000, -25.39999999999999858, -4.500000000000000888 ) ) ;
#89 = DIRECTION ( 'NONE',  ( 0.8320502943378401683, 0.5547001962252344764, 0.000000000000000000 ) ) ;
#90 = CARTESIAN_POINT ( 'NONE',  ( 3.072232879904250424, 2.769008178595948610, -9.930991821404060005 ) ) ;
#91 = CARTESIAN_POINT ( 'NONE',  ( -3.827574812145763783, 3.078126169028110315, -8.911849647312141798 ) ) ;
#92 = CARTESIAN_POINT ( 'NONE',  ( 3.042196147734909317, 1.685740692844536204, -10.29237194813702949 ) ) ;
#93 = ADVANCED_FACE ( 'NONE', ( #917 ), #632, .F. ) ;
#94 = DIRECTION ( 'NONE',  ( 0.000000000000000000, -0.000000000000000000, -1.000000000000000000 ) ) ;
#95 = EDGE_CURVE ( 'NONE', #724, #615, #1011, .T. ) ;
#96 = CARTESIAN_POINT ( 'NONE',  ( -1.926098566921085942, 1.781044869326462887, -10.91895513067356305 ) ) ;
#97 = CARTESIAN_POINT ( 'NONE',  ( 3.444790351627749760E-14, 12.69999999999998153, 0.000000000000000000 ) ) ;
#98 = FACE_OUTER_BOUND ( 'NONE', #370, .T. ) ;
#99 = EDGE_CURVE ( 'NONE', #322, #905, #929, .T. ) ;
#100 = PLANE ( 'NONE',  #1202 ) ;
#101 = ORIENTED_EDGE ( 'NONE', *, *, #679, .T. ) ;
#102 = CARTESIAN_POINT ( 'NONE',  ( -3.829634208024452313, 3.432980513256191912, -9.267019486743832246 ) ) ;
#103 = CARTESIAN_POINT ( 'NONE',  ( -2.748479432308406967, 5.091261907154457589, -7.608738092845559464 ) ) ;
#104 = ORIENTED_EDGE ( 'NONE', *, *, #1206, .F. ) ;
#105 = CARTESIAN_POINT ( 'NONE',  ( 1.211584308521838294, 1.511380762332181993, -11.18861923766783661 ) ) ;
#106 = CARTESIAN_POINT ( 'NONE',  ( 2.208786618123744994, 5.625205211234046487, -6.396860043158159925 ) ) ;
#107 =( GEOMETRIC_REPRESENTATION_CONTEXT ( 3 ) GLOBAL_UNCERTAINTY_ASSIGNED_CONTEXT ( ( #71 ) ) GLOBAL_UNIT_ASSIGNED_CONTEXT ( ( #1127, #369, #742 ) ) REPRESENTATION_CONTEXT ( 'NONE', 'WORKASPACE' ) );
#108 = B_SPLINE_CURVE_WITH_KNOTS ( 'NONE', 3,
 ( #816, #719, #352, #829, #1104, #171, #619, #257, #997, #158, #145, #532, #909, #437, #544, #48, #450, #726, #1214, #921, #336, #60, #359, #1110, #1192, #1016, #557, #164, #927, #263, #430, #804, #181, #1125 ),
 .UNSPECIFIED., .F., .F.,
 ( 4, 2, 2, 2, 2, 2, 2, 2, 2, 2, 2, 2, 2, 2, 2, 2, 4 ),
 ( 0.01018256460717066950, 0.01084251939690733003, 0.01150247418664399231, 0.01216242897638065285, 0.01282238376611731338, 0.01348233855585397392, 0.01414229334559063619, 0.01480224813532729673, 0.01546220292506395727, 0.01612215771480061954, 0.01678211250453728182, 0.01744206729427394062, 0.01810202208401059942, 0.01876197687374726170, 0.01942193166348392397, 0.02008188645322058624, 0.02074184124295724851 ),
 .UNSPECIFIED. ) ;
#109 = EDGE_LOOP ( 'NONE', ( #14, #101, #955, #814, #118 ) ) ;
#110 = CARTESIAN_POINT ( 'NONE',  ( -3.596598709241470182, 2.380536278126544225, -9.603118535579433512 ) ) ;
#111 = CARTESIAN_POINT ( 'NONE',  ( -3.356169824721322303, 3.783612844063030334, -8.916387155936991604 ) ) ;
#112 = DIRECTION ( 'NONE',  ( 0.000000000000000000, 0.000000000000000000, -1.000000000000000000 ) ) ;
#113 = ORIENTED_EDGE ( 'NONE', *, *, #971, .T. ) ;
#114 = CARTESIAN_POINT ( 'NONE',  ( -2.213575963809175651, 1.128035872929422645, -10.84606607993613281 ) ) ;
#115 = CARTESIAN_POINT ( 'NONE',  ( 0.08698732454284498206, 6.121663962687145855, -5.909139969764800604 ) ) ;
#116 = CARTESIAN_POINT ( 'NONE',  ( 1.979984742411063259, 1.808368206338089479, -10.89163179366192757 ) ) ;
#117 = DIRECTION ( 'NONE',  ( -0.000000000000000000, -0.000000000000000000, 1.000000000000000000 ) ) ;
#118 = ORIENTED_EDGE ( 'NONE', *, *, #358, .F. ) ;
#119 = CARTESIAN_POINT ( 'NONE',  ( -3.827574812145764227, 3.078126169028111647, -8.911849647312140021 ) ) ;
#120 = AXIS2_PLACEMENT_3D ( 'NONE', #755, #662, #89 ) ;
#121 = AXIS2_PLACEMENT_3D ( 'NONE', #894, #769, #112 ) ;
#122 = CARTESIAN_POINT ( 'NONE',  ( -1.616309093440388978, 6.188203346442524122, -6.511796653557488490 ) ) ;
#123 = VECTOR ( 'NONE', #537, 1000.000000000000000 ) ;
#124 = ORIENTED_EDGE ( 'NONE', *, *, #429, .F. ) ;
#125 = CARTESIAN_POINT ( 'NONE',  ( -3.306790130209756207, 3.316532136540736975, -9.383467863459289404 ) ) ;
#126 = CARTESIAN_POINT ( 'NONE',  ( -0.5354266442986037600, 6.096570157973348003, -5.933762846188980866 ) ) ;
#127 = STYLED_ITEM ( 'NONE', ( #84 ), #1183 ) ;
#128 = ORIENTED_EDGE ( 'NONE', *, *, #436, .T. ) ;
#129 = CARTESIAN_POINT ( 'NONE',  ( -2.068276215317514044, 5.693001213062709454, -6.330192741451221572 ) ) ;
#130 = ORIENTED_EDGE ( 'NONE', *, *, #577, .T. ) ;
#131 = FILL_AREA_STYLE_COLOUR ( '', #820 ) ;
#132 = CARTESIAN_POINT ( 'NONE',  ( 0.000000000000000000, -25.39999999999999858, -5.000000000000000000 ) ) ;
#133 = EDGE_CURVE ( 'NONE', #623, #926, #1026, .T. ) ;
#134 = VERTEX_POINT ( 'NONE', #1211 ) ;
#135 = SURFACE_SIDE_STYLE ('',( #1199 ) ) ;
#136 = VERTEX_POINT ( 'NONE', #49 ) ;
#137 = LINE ( 'NONE', #996, #1204 ) ;
#138 = DIRECTION ( 'NONE',  ( 1.419319207617387780E-16, -1.000000000000000000, 0.000000000000000000 ) ) ;
#139 = ORIENTED_EDGE ( 'NONE', *, *, #241, .F. ) ;
#140 = ADVANCED_FACE ( 'NONE', ( #354 ), #539, .T. ) ;
#141 = CARTESIAN_POINT ( 'NONE',  ( 3.245602737032707630, 5.186990858342514166, -7.513009141657483347 ) ) ;
#142 = CIRCLE ( 'NONE', #301, 3.849999999999999645 ) ;
#143 = VERTEX_POINT ( 'NONE', #621 ) ;
#144 = CARTESIAN_POINT ( 'NONE',  ( 13.29540282203003265, -2.601274465179785889, 0.000000000000000000 ) ) ;
#145 = CARTESIAN_POINT ( 'NONE',  ( -2.318049495022921569, 5.445440897339867803, -7.254559102660146586 ) ) ;
#146 = CARTESIAN_POINT ( 'NONE',  ( 3.801874642647081526, 3.836475843492279214, -8.161317054397358106 ) ) ;
#147 = COLOUR_RGB ( '',0.7921568627450980005, 0.8196078431372548767, 0.9333333333333333481 ) ;
#148 = CARTESIAN_POINT ( 'NONE',  ( 2.269693719026289802, 5.477497247234300204, -7.222502752765701750 ) ) ;
#149 = VERTEX_POINT ( 'NONE', #626 ) ;
#150 = LINE ( 'NONE', #238, #981 ) ;
#151 = EDGE_CURVE ( 'NONE', #805, #1148, #438, .T. ) ;
#152 = CARTESIAN_POINT ( 'NONE',  ( -2.746822446634606063, 1.449158719674257467, -10.52721103574461026 ) ) ;
#153 = FACE_OUTER_BOUND ( 'NONE', #1080, .T. ) ;
#154 = CARTESIAN_POINT ( 'NONE',  ( -25.39999999999999858, -1.773672499346172981E-13, 2.000000000000000000 ) ) ;
#155 = EDGE_CURVE ( 'NONE', #11, #322, #368, .T. ) ;
#156 = ORIENTED_EDGE ( 'NONE', *, *, #1196, .F. ) ;
#157 = CARTESIAN_POINT ( 'NONE',  ( -25.39999999999999858, -110.0000000000000568, 29.00000000000000355 ) ) ;
#158 = CARTESIAN_POINT ( 'NONE',  ( -2.471292317976784059, 5.335096294116832283, -7.364903705883183882 ) ) ;
#159 = DIRECTION ( 'NONE',  ( 0.000000000000000000, 0.000000000000000000, -1.000000000000000000 ) ) ;
#160 = CARTESIAN_POINT ( 'NONE',  ( 3.748180592344188433, 4.023778024196032810, -7.976135069246227616 ) ) ;
#161 = ORIENTED_EDGE ( 'NONE', *, *, #488, .T. ) ;
#162 = DIRECTION ( 'NONE',  ( 1.000000000000000000, 0.000000000000000000, 0.000000000000000000 ) ) ;
#163 = CIRCLE ( 'NONE', #567, 0.5000000000000004441 ) ;
#164 = CARTESIAN_POINT ( 'NONE',  ( 2.709810067888727581, 5.129301459287775700, -7.570698540712224478 ) ) ;
#165 = VECTOR ( 'NONE', #381, 1000.000000000000000 ) ;
#166 = VECTOR ( 'NONE', #58, 999.9999999999998863 ) ;
#167 = CARTESIAN_POINT ( 'NONE',  ( 0.000000000000000000, -50.79999999999999716, 0.000000000000000000 ) ) ;
#168 = CARTESIAN_POINT ( 'NONE',  ( 3.857153535930194277, 3.310573894464935218, -8.681657614868615980 ) ) ;
#169 = ORIENTED_EDGE ( 'NONE', *, *, #651, .T. ) ;
#170 = CARTESIAN_POINT ( 'NONE',  ( -7.815384615384686207, 11.72307692307686366, 2.000000000000000000 ) ) ;
#171 = CARTESIAN_POINT ( 'NONE',  ( -3.153335537502793162, 4.542019103643790245, -8.157980896356226808 ) ) ;
#172 = DIRECTION ( 'NONE',  ( -1.000000000000000000, 0.000000000000000000, 0.000000000000000000 ) ) ;
#173 = CARTESIAN_POINT ( 'NONE',  ( 3.630263138312713966, 2.789143613040946157, -9.910856386959011388 ) ) ;
#174 = ORIENTED_EDGE ( 'NONE', *, *, #95, .T. ) ;
#175 = PLANE ( 'NONE',  #605 ) ;
#176 = CARTESIAN_POINT ( 'NONE',  ( 1.405861743060897866E-14, 3.850000000000000533, 0.000000000000000000 ) ) ;
#177 = DIRECTION ( 'NONE',  ( 1.000000000000000000, 0.000000000000000000, 0.000000000000000000 ) ) ;
#178 = CARTESIAN_POINT ( 'NONE',  ( 3.813157628709141100, 2.955411162956170124, -9.033369650744713653 ) ) ;
#179 = ORIENTED_EDGE ( 'NONE', *, *, #634, .F. ) ;
#180 = CARTESIAN_POINT ( 'NONE',  ( -8.499999999999992895, -110.0000000000000568, 27.00000000000000355 ) ) ;
#181 = CARTESIAN_POINT ( 'NONE',  ( 3.306480707793728602, 4.138515326093538782, -8.561484673906468501 ) ) ;
#182 = CIRCLE ( 'NONE', #878, 3.850000000000000089 ) ;
#183 = DIRECTION ( 'NONE',  ( 1.000000000000000000, 0.000000000000000000, 0.000000000000000000 ) ) ;
#184 = AXIS2_PLACEMENT_3D ( 'NONE', #856, #364, #460 ) ;
#185 = CARTESIAN_POINT ( 'NONE',  ( 3.530775099964081676, 2.267614946763831352, -9.715096526516823872 ) ) ;
#186 = ADVANCED_FACE ( 'NONE', ( #153 ), #1112, .T. ) ;
#187 = DIRECTION ( 'NONE',  ( -1.000000000000000000, 2.731847993664263218E-15, -0.000000000000000000 ) ) ;
#188 = LINE ( 'NONE', #1135, #548 ) ;
#189 = CARTESIAN_POINT ( 'NONE',  ( 0.2338922845913301019, 6.116412375620315700, -5.914294040048015511 ) ) ;
#190 = CARTESIAN_POINT ( 'NONE',  ( 1.983896168477936595, 1.810386181615255774, -10.88961381838475795 ) ) ;
#191 = CARTESIAN_POINT ( 'NONE',  ( 0.000000000000000000, 0.000000000000000000, 0.000000000000000000 ) ) ;
#192 = EDGE_CURVE ( 'NONE', #823, #1200, #1076, .T. ) ;
#193 = CARTESIAN_POINT ( 'NONE',  ( 2.045698753638774292, 1.048214248322969055, -10.92534188647303139 ) ) ;
#194 = DIRECTION ( 'NONE',  ( -0.000000000000000000, -0.000000000000000000, -1.000000000000000000 ) ) ;
#195 = CARTESIAN_POINT ( 'NONE',  ( -3.111793822386163200, 1.752409790071471241, -10.22620844471790136 ) ) ;
#196 = B_SPLINE_CURVE_WITH_KNOTS ( 'NONE', 3,
 ( #581, #289, #372, #745, #1035, #666, #1046, #768, #1070, #217, #9, #116, #212, #1084, #105, #15, #787, #893, #232, #505, #599, #980, #1075, #773, #795, #24, #869, #683, #512, #1181, #689, #1063, #125, #587 ),
 .UNSPECIFIED., .F., .F.,
 ( 4, 2, 2, 2, 2, 2, 2, 2, 2, 2, 2, 2, 2, 2, 2, 2, 4 ),
 ( 0.02074184124295724851, 0.02140134808888758192, 0.02206085493481791532, 0.02272036178074825219, 0.02337986862667858559, 0.02403937547260891899, 0.02469888231853925240, 0.02535838916446958580, 0.02601789601039991920, 0.02667740285633025260, 0.02733690970226058947, 0.02799641654819092287, 0.02865592339412125628, 0.02931543024005159315, 0.02997493708598192655, 0.03063444393191225995, 0.03129395077784259682 ),
 .UNSPECIFIED. ) ;
#197 = CARTESIAN_POINT ( 'NONE',  ( -3.812326129699440180, 3.795059085136369248, -8.202271077235065988 ) ) ;
#198 = CARTESIAN_POINT ( 'NONE',  ( -8.263180893543282224, 1.398884954418741833, 2.000000000000000000 ) ) ;
#199 = CARTESIAN_POINT ( 'NONE',  ( 3.318050789280269086, 4.773045182489775939, -7.236252795589446229 ) ) ;
#200 = VECTOR ( 'NONE', #295, 1000.000000000000000 ) ;
#201 = ORIENTED_EDGE ( 'NONE', *, *, #634, .T. ) ;
#202 = EDGE_CURVE ( 'NONE', #211, #356, #941, .T. ) ;
#203 = CARTESIAN_POINT ( 'NONE',  ( -2.003038529709753490, 1.030634151386355946, -10.94280600142771931 ) ) ;
#204 = AXIS2_PLACEMENT_3D ( 'NONE', #132, #594, #519 ) ;
#205 = CARTESIAN_POINT ( 'NONE',  ( 0.8358840285540470871, 6.374092582464917278, -6.325907417535180599 ) ) ;
#206 =( NAMED_UNIT ( * ) PLANE_ANGLE_UNIT ( ) SI_UNIT ( $, .RADIAN. ) );
#207 = DIRECTION ( 'NONE',  ( 0.000000000000000000, 0.000000000000000000, 1.000000000000000000 ) ) ;
#208 = EDGE_LOOP ( 'NONE', ( #1008, #781 ) ) ;
#209 = CARTESIAN_POINT ( 'NONE',  ( 0.9170430740232563549, 1.063905490630945971, -11.63609450936902867 ) ) ;
#210 = CARTESIAN_POINT ( 'NONE',  ( -3.623982632607540388, 4.315183317318814105, -7.688201319548716661 ) ) ;
#211 = VERTEX_POINT ( 'NONE', #1136 ) ;
#212 = CARTESIAN_POINT ( 'NONE',  ( 1.797321751413371693, 1.720478463844184125, -10.97952153615583448 ) ) ;
#213 = CARTESIAN_POINT ( 'NONE',  ( -0.2684727301184826609, 6.116412375623160536, -5.914294040045223078 ) ) ;
#214 = ORIENTED_EDGE ( 'NONE', *, *, #534, .F. ) ;
#215 = CARTESIAN_POINT ( 'NONE',  ( -2.833010323218456250, 2.452099661938380137, -10.24790033806164580 ) ) ;
#216 = CARTESIAN_POINT ( 'NONE',  ( -0.9145055411998999073, 6.043739795837442585, -5.985615488339871781 ) ) ;
#217 = CARTESIAN_POINT ( 'NONE',  ( 2.470609597832214455, 2.118432200061657777, -10.58156779993835350 ) ) ;
#218 = CARTESIAN_POINT ( 'NONE',  ( -3.044026245386418417, 5.062145333737395170, -6.951198584467094044 ) ) ;
#219 = ORIENTED_EDGE ( 'NONE', *, *, #70, .T. ) ;
#220 = CARTESIAN_POINT ( 'NONE',  ( 0.5808610865173963189, 1.387226906763297407, -11.31277309323672142 ) ) ;
#221 = VECTOR ( 'NONE', #68, 1000.000000000000000 ) ;
#222 = AXIS2_PLACEMENT_3D ( 'NONE', #637, #1197, #239 ) ;
#223 = CARTESIAN_POINT ( 'NONE',  ( 2.007134212125238459, 5.720196417958978152, -6.303456439906745423 ) ) ;
#224 = AXIS2_PLACEMENT_3D ( 'NONE', #906, #52, #1014 ) ;
#225 = ADVANCED_FACE ( 'NONE', ( #495 ), #940, .T. ) ;
#226 = DIRECTION ( 'NONE',  ( 0.000000000000000000, 0.000000000000000000, -1.000000000000000000 ) ) ;
#227 = ADVANCED_FACE ( 'NONE', ( #1126 ), #100, .T. ) ;
#228 = CARTESIAN_POINT ( 'NONE',  ( -1.322803921050589304, 5.956080321367706709, -6.071679373839260485 ) ) ;
#229 = ORIENTED_EDGE ( 'NONE', *, *, #287, .F. ) ;
#230 = CARTESIAN_POINT ( 'NONE',  ( 3.306482156582927434, 4.138505871155746085, -8.561494128844257645 ) ) ;
#231 = EDGE_LOOP ( 'NONE', ( #8, #609, #23, #718, #913, #169 ) ) ;
#232 = CARTESIAN_POINT ( 'NONE',  ( -0.07998964871265303034, 1.352061474114444106, -11.34793852588557783 ) ) ;
#233 = CARTESIAN_POINT ( 'NONE',  ( -8.500000000000008882, -1.206421326474780932E-15, 2.000000000000000000 ) ) ;
#234 = EDGE_CURVE ( 'NONE', #963, #1069, #425, .T. ) ;
#235 = VERTEX_POINT ( 'NONE', #650 ) ;
#236 = DIRECTION ( 'NONE',  ( 0.000000000000000000, 0.000000000000000000, 1.000000000000000000 ) ) ;
#237 = VERTEX_POINT ( 'NONE', #672 ) ;
#238 = CARTESIAN_POINT ( 'NONE',  ( -25.39999999999999858, 0.000000000000000000, 0.000000000000000000 ) ) ;
#239 = DIRECTION ( 'NONE',  ( -1.419319207617388026E-16, 1.000000000000000000, 0.000000000000000000 ) ) ;
#240 = DIRECTION ( 'NONE',  ( -0.2303229015335961638, -0.9731142589794609110, 0.000000000000000000 ) ) ;
#241 = EDGE_CURVE ( 'NONE', #623, #134, #271, .T. ) ;
#242 = DIRECTION ( 'NONE',  ( 0.8320502943378401683, 0.5547001962252344764, 0.000000000000000000 ) ) ;
#243 = CLOSED_SHELL ( 'NONE', ( #740, #225, #559, #790, #87, #227, #908, #515, #140, #721, #1017, #186, #912, #262, #1146, #491, #802, #732, #1039, #1166, #93, #365, #331, #1237, #85, #956 ) ) ;
#244 = ORIENTED_EDGE ( 'NONE', *, *, #889, .T. ) ;
#245 = DIRECTION ( 'NONE',  ( 0.000000000000000000, -1.000000000000000000, 0.000000000000000000 ) ) ;
#246 = DIRECTION ( 'NONE',  ( -0.9731142589794608000, 0.2303229015335961360, 0.000000000000000000 ) ) ;
#247 = DIRECTION ( 'NONE',  ( -0.1920116063856560085, -0.9813926548600208077, 0.000000000000000000 ) ) ;
#248 = EDGE_CURVE ( 'NONE', #356, #703, #1098, .T. ) ;
#249 = CARTESIAN_POINT ( 'NONE',  ( 3.743473099109379199, 4.372817089503517884, -8.327182910496674140 ) ) ;
#250 = ORIENTED_EDGE ( 'NONE', *, *, #776, .F. ) ;
#251 = DIRECTION ( 'NONE',  ( 0.000000000000000000, -1.000000000000000000, 0.000000000000000000 ) ) ;
#252 = CARTESIAN_POINT ( 'NONE',  ( -3.827574812145764227, 3.078126169028110315, -8.911849647312141798 ) ) ;
#253 = PLANE ( 'NONE',  #1179 ) ;
#254 = CARTESIAN_POINT ( 'NONE',  ( 3.043692619643461938, 4.729232118859346023, -7.970767881140655042 ) ) ;
#255 = ORIENTED_EDGE ( 'NONE', *, *, #467, .F. ) ;
#256 = CARTESIAN_POINT ( 'NONE',  ( 3.469446951953609140E-14, 12.69999999999998153, 2.000000000000000000 ) ) ;
#257 = CARTESIAN_POINT ( 'NONE',  ( -2.868212178701873061, 4.961394898735345116, -7.738605101264670161 ) ) ;
#258 = APPLICATION_PROTOCOL_DEFINITION ( 'draft international standard', 'automotive_design', 1998, #18 ) ;
#259 = CARTESIAN_POINT ( 'NONE',  ( 3.849999999999999645, -25.39999999999999858, -4.500000000000000888 ) ) ;
#260 = AXIS2_PLACEMENT_3D ( 'NONE', #570, #288, #943 ) ;
#261 = ORIENTED_EDGE ( 'NONE', *, *, #1109, .F. ) ;
#262 = ADVANCED_FACE ( 'NONE', ( #82 ), #284, .F. ) ;
#263 = CARTESIAN_POINT ( 'NONE',  ( 3.043692620552589378, 4.729232119312360538, -7.970767880687642304 ) ) ;
#264 = EDGE_CURVE ( 'NONE', #211, #149, #657, .T. ) ;
#265 = DIRECTION ( 'NONE',  ( 1.000000000000000000, 0.000000000000000000, -0.000000000000000000 ) ) ;
#266 = CARTESIAN_POINT ( 'NONE',  ( 3.354288481570982139, 3.827240584164118165, -8.872759415835885122 ) ) ;
#267 = VECTOR ( 'NONE', #76, 1000.000000000000000 ) ;
#268 = ORIENTED_EDGE ( 'NONE', *, *, #6, .F. ) ;
#269 = CARTESIAN_POINT ( 'NONE',  ( 9.457051301740103181E-15, 0.6384952566061823376, -11.33236971357219858 ) ) ;
#270 = DIRECTION ( 'NONE',  ( 0.000000000000000000, 0.000000000000000000, -1.000000000000000000 ) ) ;
#271 = LINE ( 'NONE', #864, #1118 ) ;
#272 = CARTESIAN_POINT ( 'NONE',  ( -3.330487174204754375, 3.117661271011331614, -8.875231947802145527 ) ) ;
#273 = ORIENTED_EDGE ( 'NONE', *, *, #95, .F. ) ;
#274 = CARTESIAN_POINT ( 'NONE',  ( -3.854792285933172469, 3.256613660831642054, -8.735078614419816034 ) ) ;
#275 = DIRECTION ( 'NONE',  ( 0.1669163603360943882, 0.9859710587294898687, 0.000000000000000000 ) ) ;
#276 = PRODUCT ( 'sanding sheet', 'sanding sheet', '', ( #610 ) ) ;
#277 = CARTESIAN_POINT ( 'NONE',  ( 0.000000000000000000, -25.39999999999999858, 0.000000000000000000 ) ) ;
#278 = CARTESIAN_POINT ( 'NONE',  ( 3.317942351985299965, 3.364936529674876997, -9.335063470325128065 ) ) ;
#279 = EDGE_CURVE ( 'NONE', #903, #724, #470, .T. ) ;
#280 = FACE_OUTER_BOUND ( 'NONE', #876, .T. ) ;
#281 = CARTESIAN_POINT ( 'NONE',  ( 6.349999999999996980, 4.336808689942019708E-16, 0.000000000000000000 ) ) ;
#282 = AXIS2_PLACEMENT_3D ( 'NONE', #775, #588, #507 ) ;
#283 = STYLED_ITEM ( 'NONE', ( #967 ), #760 ) ;
#284 = PLANE ( 'NONE',  #120 ) ;
#285 = CIRCLE ( 'NONE', #224, 3.849999999999999645 ) ;
#286 = CARTESIAN_POINT ( 'NONE',  ( -25.39999999999999858, -110.0000000000000568, 29.00000000000000355 ) ) ;
#287 = EDGE_CURVE ( 'NONE', #833, #143, #576, .T. ) ;
#288 = DIRECTION ( 'NONE',  ( 0.000000000000000000, 0.000000000000000000, -1.000000000000000000 ) ) ;
#289 = CARTESIAN_POINT ( 'NONE',  ( 3.354273761268637521, 3.827336449396678386, -8.872663550603324012 ) ) ;
#290 = CARTESIAN_POINT ( 'NONE',  ( 3.192740148872465156, 4.913602176777299491, -7.097635556020688519 ) ) ;
#291 = CARTESIAN_POINT ( 'NONE',  ( -0.8363972474211353036, 0.6977452570873754478, -11.27349818173071583 ) ) ;
#292 = CARTESIAN_POINT ( 'NONE',  ( -3.070232513575237299, 4.687683767493338927, -8.012316232506679015 ) ) ;
#293 = CARTESIAN_POINT ( 'NONE',  ( -25.39999999999999858, -1.773672499346172981E-13, 2.000000000000000000 ) ) ;
#294 = EDGE_CURVE ( 'NONE', #149, #211, #817, .T. ) ;
#295 = DIRECTION ( 'NONE',  ( -0.000000000000000000, -0.000000000000000000, -1.000000000000000000 ) ) ;
#296 = ORIENTED_EDGE ( 'NONE', *, *, #868, .T. ) ;
#297 = CARTESIAN_POINT ( 'NONE',  ( -2.798027675811406212, 1.835275539237824827, -10.86472446076225218 ) ) ;
#298 = CARTESIAN_POINT ( 'NONE',  ( 0.5149990338670528134, 6.075008053839137112, -6.624991946160868395 ) ) ;
#299 = DIRECTION ( 'NONE',  ( -0.9859710587294898687, 0.1669163603360943882, 0.000000000000000000 ) ) ;
#300 = CARTESIAN_POINT ( 'NONE',  ( 0.000000000000000000, -50.79999999999999716, -5.000000000000000000 ) ) ;
#301 = AXIS2_PLACEMENT_3D ( 'NONE', #677, #410, #1156 ) ;
#302 = ORIENTED_EDGE ( 'NONE', *, *, #835, .F. ) ;
#303 = CARTESIAN_POINT ( 'NONE',  ( -0.5898693491584534598, 0.6648443322256205601, -11.30618895727454465 ) ) ;
#304 = VECTOR ( 'NONE', #671, 1000.000000000000114 ) ;
#305 = CARTESIAN_POINT ( 'NONE',  ( 1.150827164376399869, 5.959000773251088567, -6.740999226748914275 ) ) ;
#306 = CARTESIAN_POINT ( 'NONE',  ( -3.471212532668450201, 4.573466585311568799, -7.433176553416974031 ) ) ;
#307 = ORIENTED_EDGE ( 'NONE', *, *, #279, .T. ) ;
#308 = CARTESIAN_POINT ( 'NONE',  ( -2.609782549600848878, 1.354062265825759503, -10.62162363751236249 ) ) ;
#309 = CARTESIAN_POINT ( 'NONE',  ( -3.765823825444136297, 3.970336710979509132, -8.028961401578877499 ) ) ;
#310 = DIRECTION ( 'NONE',  ( -0.000000000000000000, -0.000000000000000000, 1.000000000000000000 ) ) ;
#311 = LINE ( 'NONE', #968, #978 ) ;
#312 = ORIENTED_EDGE ( 'NONE', *, *, #1189, .F. ) ;
#313 = CARTESIAN_POINT ( 'NONE',  ( 1.801212073465176644, 1.722217620372665570, -10.97778237962734948 ) ) ;
#314 = EDGE_CURVE ( 'NONE', #39, #440, #1137, .T. ) ;
#315 = CARTESIAN_POINT ( 'NONE',  ( -3.286509121863272487, 5.140890429746873380, -7.559109570253051302 ) ) ;
#316 = PLANE ( 'NONE',  #641 ) ;
#317 = VECTOR ( 'NONE', #466, 1000.000000000000000 ) ;
#318 = CARTESIAN_POINT ( 'NONE',  ( 3.849999999999999645, -50.79999999999999716, 0.000000000000000000 ) ) ;
#319 = VERTEX_POINT ( 'NONE', #1132 ) ;
#320 = EDGE_CURVE ( 'NONE', #1069, #963, #565, .T. ) ;
#321 = DIRECTION ( 'NONE',  ( 0.5547001962252344764, -0.8320502943378401683, 0.000000000000000000 ) ) ;
#322 = VERTEX_POINT ( 'NONE', #783 ) ;
#323 = SURFACE_STYLE_USAGE ( .BOTH. , #422 ) ;
#324 = DIRECTION ( 'NONE',  ( 0.000000000000000000, 0.000000000000000000, -1.000000000000000000 ) ) ;
#325 = EDGE_LOOP ( 'NONE', ( #1053, #57, #652, #261, #214 ) ) ;
#326 = CARTESIAN_POINT ( 'NONE',  ( 3.330385347158981713, 3.982873066713140897, -8.717126933286863277 ) ) ;
#327 = ORIENTED_EDGE ( 'NONE', *, *, #848, .T. ) ;
#328 = FACE_OUTER_BOUND ( 'NONE', #526, .T. ) ;
#329 =( BOUNDED_SURFACE ( )  B_SPLINE_SURFACE ( 3, 2, ( 
 ( #375, #663, #639 ),
 ( #1032, #1021, #266 ),
 ( #168, #452, #656 ),
 ( #178, #747, #278 ),
 ( #554, #1217, #931 ),
 ( #464, #173, #1038 ),
 ( #185, #947, #90 ),
 ( #1044, #477, #458 ),
 ( #831, #379, #362 ),
 ( #838, #574, #735 ),
 ( #951, #1120, #1231 ),
 ( #751, #1138, #190 ),
 ( #1027, #355, #313 ),
 ( #866, #509, #668 ),
 ( #28, #1153, #882 ),
 ( #1145, #209, #590 ),
 ( #497, #585, #220 ),
 ( #393, #1167, #413 ),
 ( #12, #970, #398 ),
 ( #303, #765, #502 ),
 ( #291, #785, #1172 ),
 ( #861, #386, #680 ),
 ( #692, #872, #1073 ),
 ( #203, #771, #756 ),
 ( #114, #1048, #96 ),
 ( #308, #1158, #19 ),
 ( #674, #297, #5 ),
 ( #195, #604, #579 ),
 ( #1061, #1054, #215 ),
 ( #405, #778, #964 ),
 ( #110, #482, #854 ),
 ( #686, #1066, #1235 ),
 ( #957, #596, #976 ),
 ( #119, #102, #490 ) ),
 .UNSPECIFIED., .F., .F., .F. ) 
 B_SPLINE_SURFACE_WITH_KNOTS ( ( 4, 2, 2, 2, 2, 2, 2, 2, 2, 2, 2, 2, 2, 2, 2, 2, 4 ),
 ( 3, 3 ),
 ( 0.000000000000000000, 0.0006547847239570088679, 0.001309569447914017736, 0.001964354171871026712, 0.002619138895828035472, 0.003273923619785044231, 0.003928708343742053424, 0.004583493067699062617, 0.005238277791656070943, 0.005893062515613079269, 0.006547847239570088462, 0.007202631963527097655, 0.007857416687484106849, 0.008512201411441116042, 0.009166986135398125235, 0.009821770859355132693, 0.01047655558331214189 ),
 ( 0.000000000000000000, 1.000000000000000000 ),
 .UNSPECIFIED. ) 
 GEOMETRIC_REPRESENTATION_ITEM ( )  RATIONAL_B_SPLINE_SURFACE ( (
 ( 1.000000000000000000, 0.7086532862066234895, 1.000000000000000000),
 ( 1.000000000000000000, 0.7076872519016821350, 1.000000000000000000),
 ( 1.000000000000000000, 0.7067763772686873613, 1.000000000000000000),
 ( 1.000000000000000000, 0.7050481098383308831, 1.000000000000000000),
 ( 1.000000000000000000, 0.7042225067921091819, 1.000000000000000000),
 ( 1.000000000000000000, 0.7026966677701450559, 1.000000000000000000),
 ( 1.000000000000000000, 0.7019977465881651613, 1.000000000000000000),
 ( 1.000000000000000000, 0.7007053986705925608, 1.000000000000000000),
 ( 1.000000000000000000, 0.7001098603685022015, 1.000000000000000000),
 ( 1.000000000000000000, 0.6990560612565369647, 1.000000000000000000),
 ( 1.000000000000000000, 0.6985905475639323514, 1.000000000000000000),
 ( 1.000000000000000000, 0.6977661402552529646, 1.000000000000000000),
 ( 1.000000000000000000, 0.6974141815384432563, 1.000000000000000000),
 ( 1.000000000000000000, 0.6968311369566474456, 1.000000000000000000),
 ( 1.000000000000000000, 0.6965955231748591769, 1.000000000000000000),
 ( 1.000000000000000000, 0.6962390827743182298, 1.000000000000000000),
 ( 1.000000000000000000, 0.6961207307915592279, 1.000000000000000000),
 ( 1.000000000000000000, 0.6959950383762291137, 1.000000000000000000),
 ( 1.000000000000000000, 0.6959888537235859873, 1.000000000000000000),
 ( 1.000000000000000000, 0.6960910129604532814, 1.000000000000000000),
 ( 1.000000000000000000, 0.6961977599859437982, 1.000000000000000000),
 ( 1.000000000000000000, 0.6965281607555579013, 1.000000000000000000),
 ( 1.000000000000000000, 0.6967532643190368358, 1.000000000000000000),
 ( 1.000000000000000000, 0.6973124717685890150, 1.000000000000000000),
 ( 1.000000000000000000, 0.6976479981167373889, 1.000000000000000000),
 ( 1.000000000000000000, 0.6984502498318077013, 1.000000000000000000),
 ( 1.000000000000000000, 0.6989055249781839230, 1.000000000000000000),
 ( 1.000000000000000000, 0.6999330867809552270, 1.000000000000000000),
 ( 1.000000000000000000, 0.7005130123603457992, 1.000000000000000000),
 ( 1.000000000000000000, 0.7017854559458995833, 1.000000000000000000),
 ( 1.000000000000000000, 0.7024727904686236535, 1.000000000000000000),
 ( 1.000000000000000000, 0.7039697959937920579, 1.000000000000000000),
 ( 1.000000000000000000, 0.7047862078995770219, 1.000000000000000000),
 ( 1.000000000000000000, 0.7056465722496864101, 1.000000000000000000) ) ) 
 REPRESENTATION_ITEM ( '' )  SURFACE ( )  );
#330 = PLANE ( 'NONE',  #222 ) ;
#331 = ADVANCED_FACE ( 'NONE', ( #1058 ), #1079, .T. ) ;
#332 = VERTEX_POINT ( 'NONE', #318 ) ;
#333 = DIRECTION ( 'NONE',  ( 0.000000000000000000, -0.7071067811865492381, 0.7071067811865457964 ) ) ;
#334 = ORIENTED_EDGE ( 'NONE', *, *, #529, .T. ) ;
#335 = CARTESIAN_POINT ( 'NONE',  ( 0.000000000000000000, -50.79999999999999716, -5.000000000000000000 ) ) ;
#336 = CARTESIAN_POINT ( 'NONE',  ( 0.7319200915193695423, 6.045854028836133764, -6.654145971163871742 ) ) ;
#337 = CARTESIAN_POINT ( 'NONE',  ( 0.000000000000000000, -50.79999999999999716, 0.000000000000000000 ) ) ;
#338 = FACE_OUTER_BOUND ( 'NONE', #898, .T. ) ;
#339 =( BOUNDED_SURFACE ( )  B_SPLINE_SURFACE ( 3, 2, ( 
 ( #91, #478, #1129 ),
 ( #274, #851, #653 ),
 ( #1034, #1232, #111 ),
 ( #197, #503, #687 ),
 ( #309, #984, #959 ),
 ( #210, #580, #966 ),
 ( #1049, #498, #292 ),
 ( #867, #315, #13 ),
 ( #22, #407, #103 ),
 ( #399, #35, #669 ),
 ( #977, #1074, #420 ),
 ( #873, #779, #29 ),
 ( #129, #591, #1056 ),
 ( #492, #122, #772 ),
 ( #862, #1168, #1067 ),
 ( #216, #517, #7 ),
 ( #972, #394, #1160 ),
 ( #766, #1147, #511 ),
 ( #115, #597, #883 ),
 ( #1154, #675, #298 ),
 ( #891, #205, #586 ),
 ( #1173, #786, #305 ),
 ( #681, #414, #693 ),
 ( #223, #1062, #606 ),
 ( #50, #699, #1001 ),
 ( #622, #1088, #148 ),
 ( #528, #426, #994 ),
 ( #627, #56, #822 ),
 ( #445, #141, #800 ),
 ( #1007, #540, #254 ),
 ( #64, #535, #709 ),
 ( #160, #249, #1187 ),
 ( #611, #722, #230 ),
 ( #1194, #925, #326 ) ),
 .UNSPECIFIED., .F., .F., .T. ) 
 B_SPLINE_SURFACE_WITH_KNOTS ( ( 4, 2, 2, 2, 2, 2, 2, 2, 2, 2, 2, 2, 2, 2, 2, 2, 4 ),
 ( 3, 3 ),
 ( 0.01047655558331213842, 0.01113134030726914761, 0.01178612503122615507, 0.01244090975518316426, 0.01309569447914017346, 0.01375047920309718265, 0.01440526392705419184, 0.01506004865101120103, 0.01571483337496821023, 0.01636961809892521769, 0.01702440282288222861, 0.01767918754683923954, 0.01833397227079624700, 0.01898875699475325446, 0.01964354171871026539, 0.02029832644266727631, 0.02095311116662428377 ),
 ( 0.000000000000000000, 1.000000000000000000 ),
 .UNSPECIFIED. ) 
 GEOMETRIC_REPRESENTATION_ITEM ( )  RATIONAL_B_SPLINE_SURFACE ( (
 ( 1.000000000000000000, 0.7056465722496864101, 1.000000000000000000),
 ( 1.000000000000000000, 0.7065060615920500942, 1.000000000000000000),
 ( 1.000000000000000000, 0.7074272266148856625, 1.000000000000000000),
 ( 1.000000000000000000, 0.7093224166883455029, 1.000000000000000000),
 ( 1.000000000000000000, 0.7103027349121460166, 1.000000000000000000),
 ( 1.000000000000000000, 0.7123338994046379824, 1.000000000000000000),
 ( 1.000000000000000000, 0.7133793208029491906, 1.000000000000000000),
 ( 1.000000000000000000, 0.7154429641800313933, 1.000000000000000000),
 ( 1.000000000000000000, 0.7164738671694178551, 1.000000000000000000),
 ( 1.000000000000000000, 0.7184987003709478737, 1.000000000000000000),
 ( 1.000000000000000000, 0.7194621081937817575, 1.000000000000000000),
 ( 1.000000000000000000, 0.7212581521382426253, 1.000000000000000000),
 ( 1.000000000000000000, 0.7220985948142477628, 1.000000000000000000),
 ( 1.000000000000000000, 0.7235477318801528668, 1.000000000000000000),
 ( 1.000000000000000000, 0.7241574979211848895, 1.000000000000000000),
 ( 1.000000000000000000, 0.7251088193359862544, 1.000000000000000000),
 ( 1.000000000000000000, 0.7254477176584718245, 1.000000000000000000),
 ( 1.000000000000000000, 0.7257972654762988585, 1.000000000000000000),
 ( 1.000000000000000000, 0.7258146758997406911, 1.000000000000000000),
 ( 1.000000000000000000, 0.7255250454288758588, 1.000000000000000000),
 ( 1.000000000000000000, 0.7252183661389425273, 1.000000000000000000),
 ( 1.000000000000000000, 0.7243269292965820449, 1.000000000000000000),
 ( 1.000000000000000000, 0.7237354345495619068, 1.000000000000000000),
 ( 1.000000000000000000, 0.7223232295949415516, 1.000000000000000000),
 ( 1.000000000000000000, 0.7215157493970746350, 1.000000000000000000),
 ( 1.000000000000000000, 0.7197463626778789481, 1.000000000000000000),
 ( 1.000000000000000000, 0.7187734899400545219, 1.000000000000000000),
 ( 1.000000000000000000, 0.7167822070052874972, 1.000000000000000000),
 ( 1.000000000000000000, 0.7157593190301606567, 1.000000000000000000),
 ( 1.000000000000000000, 0.7136838271021458402, 1.000000000000000000),
 ( 1.000000000000000000, 0.7126351630331408948, 1.000000000000000000),
 ( 1.000000000000000000, 0.7106087724774803327, 1.000000000000000000),
 ( 1.000000000000000000, 0.7096193021367881437, 1.000000000000000000),
 ( 1.000000000000000000, 0.7086532862066234895, 1.000000000000000000) ) ) 
 REPRESENTATION_ITEM ( '' )  SURFACE ( )  );
#340 = CIRCLE ( 'NONE', #485, 3.849999999999999645 ) ;
#341 = AXIS2_PLACEMENT_3D ( 'NONE', #88, #649, #1233 ) ;
#342 = ORIENTED_EDGE ( 'NONE', *, *, #1086, .F. ) ;
#343 = DIRECTION ( 'NONE',  ( -2.731847993664263218E-15, -1.000000000000000000, 0.000000000000000000 ) ) ;
#344 = AXIS2_PLACEMENT_3D ( 'NONE', #357, #815, #343 ) ;
#345 = CARTESIAN_POINT ( 'NONE',  ( -0.4730255074998060416, 0.6384952566061837809, -11.33236971357219858 ) ) ;
#346 = FACE_OUTER_BOUND ( 'NONE', #1171, .T. ) ;
#347 = AXIS2_PLACEMENT_3D ( 'NONE', #1094, #321, #242 ) ;
#348 = PLANE ( 'NONE',  #347 ) ;
#349 = PRODUCT_DEFINITION_CONTEXT ( 'detailed design', #18, 'design' ) ;
#350 = ORIENTED_EDGE ( 'NONE', *, *, #571, .F. ) ;
#351 = CARTESIAN_POINT ( 'NONE',  ( -25.39999999999999858, -1.773672520132311997E-13, 29.00000000000000355 ) ) ;
#352 = CARTESIAN_POINT ( 'NONE',  ( -3.356169825463287015, 3.783612844150854304, -8.916387155849170298 ) ) ;
#353 = DIRECTION ( 'NONE',  ( -1.000000000000000000, 0.000000000000000000, -0.000000000000000000 ) ) ;
#354 = FACE_OUTER_BOUND ( 'NONE', #27, .T. ) ;
#355 = CARTESIAN_POINT ( 'NONE',  ( 2.077506420143280685, 1.414994655700587689, -11.28500534429952395 ) ) ;
#356 = VERTEX_POINT ( 'NONE', #982 ) ;
#357 = CARTESIAN_POINT ( 'NONE',  ( 3.444790351627749760E-14, 12.69999999999998153, 0.000000000000000000 ) ) ;
#358 = EDGE_CURVE ( 'NONE', #784, #805, #788, .T. ) ;
#359 = CARTESIAN_POINT ( 'NONE',  ( 1.355937874226176731, 5.900617786576120238, -6.799382213423883492 ) ) ;
#360 = CARTESIAN_POINT ( 'NONE',  ( 0.000000000000000000, -50.79999999999999716, 0.000000000000000000 ) ) ;
#361 = AXIS2_PLACEMENT_3D ( 'NONE', #846, #187, #952 ) ;
#362 = CARTESIAN_POINT ( 'NONE',  ( 2.747986259906379569, 2.362181231442737950, -10.33781876855727155 ) ) ;
#363 = ORIENTED_EDGE ( 'NONE', *, *, #467, .T. ) ;
#364 = DIRECTION ( 'NONE',  ( 0.000000000000000000, 0.000000000000000000, -1.000000000000000000 ) ) ;
#365 = ADVANCED_FACE ( 'NONE', ( #402 ), #887, .T. ) ;
#366 = CARTESIAN_POINT ( 'NONE',  ( 2.684197182458434305, 1.402973736935106519, -10.57305789035888743 ) ) ;
#367 = AXIS2_PLACEMENT_3D ( 'NONE', #796, #324, #702 ) ;
#368 = LINE ( 'NONE', #999, #1055 ) ;
#369 =( NAMED_UNIT ( * ) PLANE_ANGLE_UNIT ( ) SI_UNIT ( $, .RADIAN. ) );
#370 = EDGE_LOOP ( 'NONE', ( #860, #1176, #255, #268 ) ) ;
#371 = LINE ( 'NONE', #561, #317 ) ;
#372 = CARTESIAN_POINT ( 'NONE',  ( 3.356250538372933967, 3.670209620705751075, -9.029790379294253100 ) ) ;
#373 = EDGE_CURVE ( 'NONE', #504, #39, #142, .T. ) ;
#374 = DIRECTION ( 'NONE',  ( -1.000000000000000000, 0.000000000000000000, 0.000000000000000000 ) ) ;
#375 = CARTESIAN_POINT ( 'NONE',  ( 3.827457787033454295, 3.669039823364234731, -8.326949787832521821 ) ) ;
#376 = CARTESIAN_POINT ( 'NONE',  ( -3.330487174204753931, 3.471214661604606011, -9.228785338395416815 ) ) ;
#377 = CARTESIAN_POINT ( 'NONE',  ( 3.755164249235082519, 3.999688045258418256, -7.999951919301540926 ) ) ;
#378 = B_SPLINE_CURVE_WITH_KNOTS ( 'NONE', 3,
 ( #252, #707, #455, #916, #67, #1005, #733, #825, #152, #538, #1116, #644, #934, #1010, #345, #53 ),
 .UNSPECIFIED., .F., .F.,
 ( 4, 2, 2, 2, 2, 2, 2, 4 ),
 ( 0.01261999617339299232, 0.01332945080749069373, 0.01403890544158839689, 0.01474836007568609830, 0.01545781470978379972, 0.01616726934388150114, 0.01687672397797920429, 0.01829563324617461059 ),
 .UNSPECIFIED. ) ;
#379 = CARTESIAN_POINT ( 'NONE',  ( 3.166284900566885163, 2.154614337010849923, -10.54538566298930391 ) ) ;
#380 = CARTESIAN_POINT ( 'NONE',  ( 13.29540282203003265, -2.601274465179785889, 2.000000000000000000 ) ) ;
#381 = DIRECTION ( 'NONE',  ( -0.000000000000000000, -0.000000000000000000, 1.000000000000000000 ) ) ;
#382 = AXIS2_PLACEMENT_3D ( 'NONE', #1226, #10, #1031 ) ;
#383 = VECTOR ( 'NONE', #690, 1000.000000000000000 ) ;
#384 = DIRECTION ( 'NONE',  ( -0.000000000000000000, -0.000000000000000000, 1.000000000000000000 ) ) ;
#385 = AXIS2_PLACEMENT_3D ( 'NONE', #191, #86, #483 ) ;
#386 = CARTESIAN_POINT ( 'NONE',  ( -1.325943404438659767, 1.151916876162358383, -11.54808312383775970 ) ) ;
#387 = DIRECTION ( 'NONE',  ( 0.9813926548600208077, -0.1920116063856560085, 0.000000000000000000 ) ) ;
#388 = CIRCLE ( 'NONE', #1164, 0.4999999999999994449 ) ;
#389 = ORIENTED_EDGE ( 'NONE', *, *, #6, .T. ) ;
#390 = LINE ( 'NONE', #762, #304 ) ;
#391 = CARTESIAN_POINT ( 'NONE',  ( -8.499999999999984013, -114.0000000000000000, 2.000000000000000000 ) ) ;
#392 = ORIENTED_EDGE ( 'NONE', *, *, #889, .F. ) ;
#393 = CARTESIAN_POINT ( 'NONE',  ( 0.1681816249312621248, 0.6352896341107396871, -11.33555470759096373 ) ) ;
#394 = CARTESIAN_POINT ( 'NONE',  ( -0.6593006888615841055, 6.398759597014429090, -6.301240402985386346 ) ) ;
#395 = CARTESIAN_POINT ( 'NONE',  ( 0.000000000000000000, -25.39999999999999858, -5.000000000000000000 ) ) ;
#396 = CARTESIAN_POINT ( 'NONE',  ( 1.809436875512317133, 5.799572318023520801, -6.225434179891888853 ) ) ;
#397 = VERTEX_POINT ( 'NONE', #695 ) ;
#398 = CARTESIAN_POINT ( 'NONE',  ( -0.07669420841109685083, 1.351999349227863467, -11.34800065077215869 ) ) ;
#399 = CARTESIAN_POINT ( 'NONE',  ( -2.840141917484001244, 5.232582711467482106, -6.783276426813740656 ) ) ;
#400 = PLANE ( 'NONE',  #469 ) ;
#401 = EDGE_CURVE ( 'NONE', #1200, #603, #875, .T. ) ;
#402 = FACE_OUTER_BOUND ( 'NONE', #231, .T. ) ;
#403 = AXIS2_PLACEMENT_3D ( 'NONE', #1151, #94, #487 ) ;
#404 = EDGE_LOOP ( 'NONE', ( #555, #496, #1213, #296, #219, #871 ) ) ;
#405 = CARTESIAN_POINT ( 'NONE',  ( -3.498349303413149869, 2.216633982383125367, -9.765656059120718879 ) ) ;
#406 = VECTOR ( 'NONE', #880, 1000.000000000000000 ) ;
#407 = CARTESIAN_POINT ( 'NONE',  ( -3.148210668033810222, 5.289094759302993332, -7.410905240697024610 ) ) ;
#408 = EDGE_LOOP ( 'NONE', ( #244, #179, #1208, #685 ) ) ;
#409 = CARTESIAN_POINT ( 'NONE',  ( 3.849999999999999645, -25.39999999999999858, -5.000000000000000000 ) ) ;
#410 = DIRECTION ( 'NONE',  ( -0.000000000000000000, -0.000000000000000000, 1.000000000000000000 ) ) ;
#411 = EDGE_CURVE ( 'NONE', #926, #881, #311, .T. ) ;
#412 = ORIENTED_EDGE ( 'NONE', *, *, #401, .F. ) ;
#413 = CARTESIAN_POINT ( 'NONE',  ( 0.1463398554052705858, 1.353663947159047476, -11.34633605284097335 ) ) ;
#414 = CARTESIAN_POINT ( 'NONE',  ( 1.549286854239858346, 6.209549199485231874, -6.490450800514863339 ) ) ;
#415 = ORIENTED_EDGE ( 'NONE', *, *, #971, .F. ) ;
#416 = CARTESIAN_POINT ( 'NONE',  ( 3.849999999999999645, -50.79999999999999716, -5.000000000000000000 ) ) ;
#417 = CARTESIAN_POINT ( 'NONE',  ( -3.827574812145764227, 3.078126169028110315, -8.911849647312141798 ) ) ;
#418 = EDGE_CURVE ( 'NONE', #149, #703, #602, .T. ) ;
#419 = ORIENTED_EDGE ( 'NONE', *, *, #1093, .T. ) ;
#420 = CARTESIAN_POINT ( 'NONE',  ( -2.318049495240939173, 5.445440897512185074, -7.254559102487828426 ) ) ;
#421 = ORIENTED_EDGE ( 'NONE', *, *, #723, .F. ) ;
#422 = SURFACE_SIDE_STYLE ('',( #37 ) ) ;
#423 = CARTESIAN_POINT ( 'NONE',  ( -25.39999999999999858, -1.773672520132311997E-13, 29.00000000000000355 ) ) ;
#424 = ORIENTED_EDGE ( 'NONE', *, *, #241, .T. ) ;
#425 = CIRCLE ( 'NONE', #403, 3.849999999999999645 ) ;
#426 = CARTESIAN_POINT ( 'NONE',  ( 2.779946425868805804, 5.603258228036141375, -7.096741771963858803 ) ) ;
#427 = ORIENTED_EDGE ( 'NONE', *, *, #529, .F. ) ;
#428 = LINE ( 'NONE', #144, #1140 ) ;
#429 = EDGE_CURVE ( 'NONE', #1165, #1119, #614, .T. ) ;
#430 = CARTESIAN_POINT ( 'NONE',  ( 3.130639435145075034, 4.584525144499826510, -8.115474855500176332 ) ) ;
#431 = ORIENTED_EDGE ( 'NONE', *, *, #986, .T. ) ;
#432 = CARTESIAN_POINT ( 'NONE',  ( 3.469446951953609140E-14, 12.69999999999998153, 0.000000000000000000 ) ) ;
#433 = EDGE_CURVE ( 'NONE', #1200, #319, #1121, .T. ) ;
#434 = ORIENTED_EDGE ( 'NONE', *, *, #442, .T. ) ;
#435 = FACE_OUTER_BOUND ( 'NONE', #453, .T. ) ;
#436 = EDGE_CURVE ( 'NONE', #440, #489, #1139, .T. ) ;
#437 = CARTESIAN_POINT ( 'NONE',  ( -1.414508737265893323, 5.881789578071754399, -6.818210421928255549 ) ) ;
#438 = LINE ( 'NONE', #1222, #1037 ) ;
#439 = CARTESIAN_POINT ( 'NONE',  ( -3.849999999999999645, -25.39999999999999858, 0.000000000000000000 ) ) ;
#440 = VERTEX_POINT ( 'NONE', #684 ) ;
#441 = CARTESIAN_POINT ( 'NONE',  ( -25.39999999999999858, -1.773672520132311997E-13, 29.00000000000000355 ) ) ;
#442 = EDGE_CURVE ( 'NONE', #905, #134, #974, .T. ) ;
#443 = FACE_OUTER_BOUND ( 'NONE', #1128, .T. ) ;
#444 = CARTESIAN_POINT ( 'NONE',  ( 9.457051301740103181E-15, 0.6384952566061823376, -11.33236971357219858 ) ) ;
#445 = CARTESIAN_POINT ( 'NONE',  ( 3.255633649405371699, 4.846875807059875640, -7.163426841505331488 ) ) ;
#446 = VECTOR ( 'NONE', #935, 999.9999999999998863 ) ;
#447 = ORIENTED_EDGE ( 'NONE', *, *, #521, .F. ) ;
#448 = CARTESIAN_POINT ( 'NONE',  ( -8.500000000000008882, -1.206421326474780932E-15, 27.00000000000000355 ) ) ;
#449 = AXIS2_PLACEMENT_3D ( 'NONE', #256, #636, #473 ) ;
#450 = CARTESIAN_POINT ( 'NONE',  ( -0.5773817583446126944, 6.067632697785541041, -6.632367302214466243 ) ) ;
#451 = CARTESIAN_POINT ( 'NONE',  ( -6.350000000000003197, 12.69999999999999929, 27.00000000000000355 ) ) ;
#452 = CARTESIAN_POINT ( 'NONE',  ( 3.857601345260118553, 3.664290683648983915, -9.035709316351113074 ) ) ;
#453 = EDGE_LOOP ( 'NONE', ( #975, #919, #1152, #888 ) ) ;
#454 = CARTESIAN_POINT ( 'NONE',  ( -7.815384615384686207, 11.72307692307686366, 0.000000000000000000 ) ) ;
#455 = CARTESIAN_POINT ( 'NONE',  ( -3.754826903717852549, 2.745817643804989050, -9.241038266451390371 ) ) ;
#456 = CARTESIAN_POINT ( 'NONE',  ( 0.000000000000000000, -25.39999999999999858, -5.000000000000000000 ) ) ;
#457 = PRODUCT_RELATED_PRODUCT_CATEGORY ( 'part', '', ( #276 ) ) ;
#458 = CARTESIAN_POINT ( 'NONE',  ( 2.869996498143468688, 2.494294314005380819, -10.20570568599462824 ) ) ;
#459 = ORIENTED_EDGE ( 'NONE', *, *, #1109, .T. ) ;
#460 = DIRECTION ( 'NONE',  ( -1.000000000000000000, 0.000000000000000000, 0.000000000000000000 ) ) ;
#461 = CARTESIAN_POINT ( 'NONE',  ( 3.579790013828583639, 2.348102312175339268, -9.635275464196533690 ) ) ;
#462 = PLANE ( 'NONE',  #513 ) ;
#463 = DIRECTION ( 'NONE',  ( -0.000000000000000000, -0.000000000000000000, 1.000000000000000000 ) ) ;
#464 = CARTESIAN_POINT ( 'NONE',  ( 3.624393756423498036, 2.432859397512877830, -9.551240276529343376 ) ) ;
#465 = ORIENTED_EDGE ( 'NONE', *, *, #809, .T. ) ;
#466 = DIRECTION ( 'NONE',  ( -0.000000000000000000, -0.000000000000000000, -1.000000000000000000 ) ) ;
#467 = EDGE_CURVE ( 'NONE', #489, #440, #902, .T. ) ;
#468 = LINE ( 'NONE', #198, #998 ) ;
#469 = AXIS2_PLACEMENT_3D ( 'NONE', #395, #31, #593 ) ;
#470 = LINE ( 'NONE', #2, #736 ) ;
#471 = DIRECTION ( 'NONE',  ( 0.1076972413250771865, -0.7029940626388549996, -0.7029940626388572200 ) ) ;
#472 = CIRCLE ( 'NONE', #1043, 3.849999999999999645 ) ;
#473 = DIRECTION ( 'NONE',  ( -1.000000000000000000, 2.731847993664263218E-15, 0.000000000000000000 ) ) ;
#474 = CARTESIAN_POINT ( 'NONE',  ( 2.482617503263133685, 1.273731124052294605, -10.70138539823318169 ) ) ;
#475 = EDGE_CURVE ( 'NONE', #237, #784, #1085, .T. ) ;
#476 = CARTESIAN_POINT ( 'NONE',  ( 3.533228079468583971, 4.474241816925500714, -7.531135644318787570 ) ) ;
#477 = CARTESIAN_POINT ( 'NONE',  ( 3.306137094295901857, 2.307109104113812759, -10.39289089588657689 ) ) ;
#478 = CARTESIAN_POINT ( 'NONE',  ( -3.829634208024451869, 3.432980513256190580, -9.267019486743834022 ) ) ;
#479 = DIRECTION ( 'NONE',  ( -0.000000000000000000, -0.000000000000000000, -1.000000000000000000 ) ) ;
#480 = PRODUCT_DEFINITION_SHAPE ( 'NONE', 'NONE',  #895 ) ;
#481 = CARTESIAN_POINT ( 'NONE',  ( 1.595332473050558031, 5.874818637578777647, -6.151504863100233145 ) ) ;
#482 = CARTESIAN_POINT ( 'NONE',  ( -3.602721532177083130, 2.736878967594593703, -9.963121032405481969 ) ) ;
#483 = DIRECTION ( 'NONE',  ( 1.000000000000000000, 0.000000000000000000, 0.000000000000000000 ) ) ;
#484 = CARTESIAN_POINT ( 'NONE',  ( 0.2712898551840938199, 0.6384952566061828927, -11.33236971357219858 ) ) ;
#485 = AXIS2_PLACEMENT_3D ( 'NONE', #337, #1205, #172 ) ;
#486 = MECHANICAL_DESIGN_GEOMETRIC_PRESENTATION_REPRESENTATION (  '', ( #283 ), #21 ) ;
#487 = DIRECTION ( 'NONE',  ( 1.000000000000000000, 0.000000000000000000, 0.000000000000000000 ) ) ;
#488 = EDGE_CURVE ( 'NONE', #143, #1195, #525, .T. ) ;
#489 = VERTEX_POINT ( 'NONE', #1091 ) ;
#490 = CARTESIAN_POINT ( 'NONE',  ( -3.330487174204753487, 3.471214661604606011, -9.228785338395416815 ) ) ;
#491 = ADVANCED_FACE ( 'NONE', ( #625 ), #330, .F. ) ;
#492 = CARTESIAN_POINT ( 'NONE',  ( -1.625629444205709317, 5.865763545698806425, -6.160393100760328977 ) ) ;
#493 = VERTEX_POINT ( 'NONE', #552 ) ;
#494 =( LENGTH_UNIT ( ) NAMED_UNIT ( * ) SI_UNIT ( .MILLI., .METRE. ) );
#495 = FACE_OUTER_BOUND ( 'NONE', #743, .T. ) ;
#496 = ORIENTED_EDGE ( 'NONE', *, *, #294, .T. ) ;
#497 = CARTESIAN_POINT ( 'NONE',  ( 0.6675567710097083385, 0.6739818588092814089, -11.29710993976037514 ) ) ;
#498 = CARTESIAN_POINT ( 'NONE',  ( -3.520576988183725220, 4.828174654575977165, -7.871825345424133147 ) ) ;
#499 = CARTESIAN_POINT ( 'NONE',  ( -8.263180893543282224, 1.398884954418741833, 27.00000000000000355 ) ) ;
#500 = CARTESIAN_POINT ( 'NONE',  ( -2.049430704728825603, 5.702454811265082135, -6.320887995835697382 ) ) ;
#501 = ORIENTED_EDGE ( 'NONE', *, *, #767, .F. ) ;
#502 = CARTESIAN_POINT ( 'NONE',  ( -0.5132629402537156604, 1.379300732085577241, -11.32069926791444736 ) ) ;
#503 = CARTESIAN_POINT ( 'NONE',  ( -3.809259200463364525, 4.145879032373851913, -8.554120967626170469 ) ) ;
#504 = VERTEX_POINT ( 'NONE', #1025 ) ;
#505 = CARTESIAN_POINT ( 'NONE',  ( -0.5161897185267819710, 1.379629789780344007, -11.32037021021968037 ) ) ;
#506 = EDGE_CURVE ( 'NONE', #319, #51, #378, .T. ) ;
#507 = DIRECTION ( 'NONE',  ( -2.731847993664263218E-15, -1.000000000000000000, 0.000000000000000000 ) ) ;
#508 = ORIENTED_EDGE ( 'NONE', *, *, #418, .T. ) ;
#509 = CARTESIAN_POINT ( 'NONE',  ( 1.636361580313530517, 1.243304043451302299, -11.45669595654861794 ) ) ;
#510 = AXIS2_PLACEMENT_3D ( 'NONE', #335, #1191, #550 ) ;
#511 = CARTESIAN_POINT ( 'NONE',  ( -0.1427734087147512487, 6.100904550561931927, -6.599095449438074468 ) ) ;
#512 = CARTESIAN_POINT ( 'NONE',  ( -2.833566310923472997, 2.452732024125430232, -10.24726797587459615 ) ) ;
#513 = AXIS2_PLACEMENT_3D ( 'NONE', #1221, #270, #353 ) ;
#514 = CARTESIAN_POINT ( 'NONE',  ( -3.747285086282035049, 4.030421432808612536, -7.969562644268219920 ) ) ;
#515 = ADVANCED_FACE ( 'NONE', ( #443, #1203 ), #631, .F. ) ;
#516 = EDGE_LOOP ( 'NONE', ( #363, #128 ) ) ;
#517 = CARTESIAN_POINT ( 'NONE',  ( -0.9087991260103247537, 6.362180400732492025, -6.337819599267516146 ) ) ;
#518 = FILL_AREA_STYLE ('',( #131 ) ) ;
#519 = DIRECTION ( 'NONE',  ( -1.000000000000000000, 0.000000000000000000, 0.000000000000000000 ) ) ;
#520 = EDGE_LOOP ( 'NONE', ( #801, #764 ) ) ;
#521 = EDGE_CURVE ( 'NONE', #995, #1023, #108, .T. ) ;
#522 = CARTESIAN_POINT ( 'NONE',  ( -25.39999999999999858, 0.000000000000000000, 2.000000000000000000 ) ) ;
#523 = ORIENTED_EDGE ( 'NONE', *, *, #61, .F. ) ;
#524 = DIRECTION ( 'NONE',  ( 1.419319207617387780E-16, -1.000000000000000000, 0.000000000000000000 ) ) ;
#525 = LINE ( 'NONE', #1097, #1057 ) ;
#526 = EDGE_LOOP ( 'NONE', ( #560, #827, #124, #113 ) ) ;
#527 = AXIS2_PLACEMENT_3D ( 'NONE', #1036, #746, #573 ) ;
#528 = CARTESIAN_POINT ( 'NONE',  ( 2.791453864193111478, 5.269474679905236769, -6.746943046110271069 ) ) ;
#529 = EDGE_CURVE ( 'NONE', #805, #1195, #575, .T. ) ;
#530 = ORIENTED_EDGE ( 'NONE', *, *, #962, .F. ) ;
#531 = DIRECTION ( 'NONE',  ( -0.1920116063856560085, -0.9813926548600208077, 0.000000000000000000 ) ) ;
#532 = CARTESIAN_POINT ( 'NONE',  ( -1.983361481304206420, 5.643850867972424190, -7.056149132027589310 ) ) ;
#533 = DIRECTION ( 'NONE',  ( -0.000000000000000000, 0.000000000000000000, 1.000000000000000000 ) ) ;
#534 = EDGE_CURVE ( 'NONE', #51, #823, #546, .T. ) ;
#535 = CARTESIAN_POINT ( 'NONE',  ( 3.590755815589445898, 4.710173933917197964, -7.989826066082613032 ) ) ;
#536 = ORIENTED_EDGE ( 'NONE', *, *, #70, .F. ) ;
#537 = DIRECTION ( 'NONE',  ( 0.000000000000000000, -1.000000000000000000, 0.000000000000000000 ) ) ;
#538 = CARTESIAN_POINT ( 'NONE',  ( -2.396863138797566961, 1.226131718669746906, -10.74865074688162991 ) ) ;
#539 = CYLINDRICAL_SURFACE ( 'NONE', #797, 3.849999999999999645 ) ;
#540 = CARTESIAN_POINT ( 'NONE',  ( 3.489770654773256098, 4.875676921132184205, -7.824323078867813308 ) ) ;
#541 = ORIENTED_EDGE ( 'NONE', *, *, #61, .T. ) ;
#542 = DIRECTION ( 'NONE',  ( -0.000000000000000000, 0.000000000000000000, 1.000000000000000000 ) ) ;
#543 = EDGE_CURVE ( 'NONE', #136, #623, #188, .T. ) ;
#544 = CARTESIAN_POINT ( 'NONE',  ( -1.213704497146564476, 5.942287870098298619, -6.757712129901713105 ) ) ;
#545 = DIRECTION ( 'NONE',  ( -0.000000000000000000, -1.000000000000000000, -0.000000000000000000 ) ) ;
#546 = B_SPLINE_CURVE_WITH_KNOTS ( 'NONE', 3,
 ( #269, #484, #1150, #945, #847, #80, #193, #474, #366, #92, #1220, #568, #461, #858, #953, #73, #852, #1225 ),
 .UNSPECIFIED., .F., .F.,
 ( 4, 2, 2, 2, 2, 2, 2, 2, 4 ),
 ( 0.01829563324617461059, 0.01910940688794431422, 0.01992318052971401438, 0.02073695417148371800, 0.02155072781325342163, 0.02236450145502312525, 0.02317827509679282888, 0.02399204873856252904, 0.02480582238033223266 ),
 .UNSPECIFIED. ) ;
#547 = DIRECTION ( 'NONE',  ( -0.000000000000000000, -0.000000000000000000, 1.000000000000000000 ) ) ;
#548 = VECTOR ( 'NONE', #1229, 1000.000000000000114 ) ;
#549 = EDGE_LOOP ( 'NONE', ( #156, #1072, #770, #459, #447 ) ) ;
#550 = DIRECTION ( 'NONE',  ( -1.000000000000000000, 0.000000000000000000, 0.000000000000000000 ) ) ;
#551 = VECTOR ( 'NONE', #914, 1000.000000000000000 ) ;
#552 = CARTESIAN_POINT ( 'NONE',  ( 3.596304711390803543, -52.17444258622479225, 0.000000000000000000 ) ) ;
#553 = DIRECTION ( 'NONE',  ( -0.000000000000000000, 0.000000000000000000, -1.000000000000000000 ) ) ;
#554 = CARTESIAN_POINT ( 'NONE',  ( 3.766039356028678675, 2.777027795231116425, -9.210107816535650471 ) ) ;
#555 = ORIENTED_EDGE ( 'NONE', *, *, #577, .F. ) ;
#556 = DIRECTION ( 'NONE',  ( 0.1920116063856560085, 0.9813926548600208077, 0.000000000000000000 ) ) ;
#557 = CARTESIAN_POINT ( 'NONE',  ( 2.428927388367414952, 5.366965775641828529, -7.333034224358176090 ) ) ;
#558 = CARTESIAN_POINT ( 'NONE',  ( 13.29540282203003265, -2.601274465179785889, 0.000000000000000000 ) ) ;
#559 = ADVANCED_FACE ( 'NONE', ( #98 ), #1236, .T. ) ;
#560 = ORIENTED_EDGE ( 'NONE', *, *, #358, .T. ) ;
#561 = CARTESIAN_POINT ( 'NONE',  ( -8.500000000000008882, -6.245004513516505540E-14, 27.00000000000000355 ) ) ;
#562 = CARTESIAN_POINT ( 'NONE',  ( 3.849120868946021901, -50.88227111427589477, 0.000000000000000000 ) ) ;
#563 = CARTESIAN_POINT ( 'NONE',  ( 0.000000000000000000, -50.79999999999999716, -5.000000000000000000 ) ) ;
#564 = DIRECTION ( 'NONE',  ( 0.000000000000000000, 0.7071067811865492381, -0.7071067811865457964 ) ) ;
#565 = CIRCLE ( 'NONE', #901, 3.849999999999999645 ) ;
#566 = FACE_OUTER_BOUND ( 'NONE', #1122, .T. ) ;
#567 = AXIS2_PLACEMENT_3D ( 'NONE', #1019, #545, #830 ) ;
#568 = CARTESIAN_POINT ( 'NONE',  ( 3.471254820408191666, 2.174222141694932109, -9.807718001890297188 ) ) ;
#569 = CARTESIAN_POINT ( 'NONE',  ( 2.907610781631924990, 5.177475430883156093, -6.837564726986696151 ) ) ;
#570 = CARTESIAN_POINT ( 'NONE',  ( 0.000000000000000000, -25.39999999999999858, -4.500000000000000888 ) ) ;
#571 = EDGE_CURVE ( 'NONE', #65, #724, #749, .T. ) ;
#572 = CARTESIAN_POINT ( 'NONE',  ( 13.29540282203003265, -2.601274465179785889, 0.000000000000000000 ) ) ;
#573 = DIRECTION ( 'NONE',  ( -1.000000000000000000, 0.000000000000000000, 0.000000000000000000 ) ) ;
#574 = CARTESIAN_POINT ( 'NONE',  ( 2.851863457572486382, 1.876159360898376427, -10.82384063910149230 ) ) ;
#575 = LINE ( 'NONE', #739, #1077 ) ;
#576 = LINE ( 'NONE', #391, #200 ) ;
#577 = EDGE_CURVE ( 'NONE', #149, #235, #1, .T. ) ;
#578 = ORIENTED_EDGE ( 'NONE', *, *, #835, .T. ) ;
#579 = CARTESIAN_POINT ( 'NONE',  ( -2.707664754387099748, 2.322431631754185322, -10.37756836824584283 ) ) ;
#580 = CARTESIAN_POINT ( 'NONE',  ( -3.617174800392620071, 4.661533191161032263, -8.038466808839080713 ) ) ;
#581 = CARTESIAN_POINT ( 'NONE',  ( 3.330385347158981713, 3.982873066713140009, -8.717126933286863277 ) ) ;
#582 = AXIS2_PLACEMENT_3D ( 'NONE', #563, #961, #374 ) ;
#583 = CARTESIAN_POINT ( 'NONE',  ( 2.396127678053844079, 5.525719572303484206, -6.494714485565447504 ) ) ;
#584 = ORIENTED_EDGE ( 'NONE', *, *, #944, .F. ) ;
#585 = CARTESIAN_POINT ( 'NONE',  ( 0.6702982009739483216, 1.027338698075841217, -11.67266130192418316 ) ) ;
#586 = CARTESIAN_POINT ( 'NONE',  ( 0.7319200915232275673, 6.045854028845533357, -6.654145971154471262 ) ) ;
#587 = CARTESIAN_POINT ( 'NONE',  ( -3.330487174204753931, 3.471214661604606011, -9.228785338395416815 ) ) ;
#588 = DIRECTION ( 'NONE',  ( -1.000000000000000000, 2.731847993664263218E-15, -0.000000000000000000 ) ) ;
#589 = ORIENTED_EDGE ( 'NONE', *, *, #373, .T. ) ;
#590 = CARTESIAN_POINT ( 'NONE',  ( 0.7947389534448202619, 1.418820177464844567, -11.28117982253517404 ) ) ;
#591 = CARTESIAN_POINT ( 'NONE',  ( -2.057404019735388001, 6.019064932023682424, -6.680935067976328412 ) ) ;
#592 = ORIENTED_EDGE ( 'NONE', *, *, #809, .F. ) ;
#593 = DIRECTION ( 'NONE',  ( -1.000000000000000000, 0.000000000000000000, -0.000000000000000000 ) ) ;
#594 = DIRECTION ( 'NONE',  ( 0.000000000000000000, 0.000000000000000000, -1.000000000000000000 ) ) ;
#595 = ORIENTED_EDGE ( 'NONE', *, *, #373, .F. ) ;
#596 = CARTESIAN_POINT ( 'NONE',  ( -3.803587934058634268, 3.254951909234132135, -9.445048090765988391 ) ) ;
#597 = CARTESIAN_POINT ( 'NONE',  ( 0.08645008040697085838, 6.438260285640291514, -6.261739714359901399 ) ) ;
#598 = ORIENTED_EDGE ( 'NONE', *, *, #488, .F. ) ;
#599 = CARTESIAN_POINT ( 'NONE',  ( -0.7305226879084326663, 1.408279032087710103, -11.29172096791231539 ) ) ;
#600 = CARTESIAN_POINT ( 'NONE',  ( -3.204084064291113254, 4.904455268025466275, -7.106641495198284808 ) ) ;
#601 = AXIS2_PLACEMENT_3D ( 'NONE', #853, #750, #1143 ) ;
#602 = CIRCLE ( 'NONE', #121, 0.5000000000000004441 ) ;
#603 = VERTEX_POINT ( 'NONE', #176 ) ;
#604 = CARTESIAN_POINT ( 'NONE',  ( -3.120032773572641638, 2.108714255751356959, -10.59128574424862457 ) ) ;
#605 = AXIS2_PLACEMENT_3D ( 'NONE', #380, #387, #556 ) ;
#606 = CARTESIAN_POINT ( 'NONE',  ( 1.746467431966524542, 5.756160624453604768, -6.943839375546396298 ) ) ;
#607 = LINE ( 'NONE', #409, #857 ) ;
#608 = CARTESIAN_POINT ( 'NONE',  ( -3.857242013559624816, 3.463774866912395556, -8.530010449652873916 ) ) ;
#609 = ORIENTED_EDGE ( 'NONE', *, *, #155, .T. ) ;
#610 = PRODUCT_CONTEXT ( 'NONE', #620, 'mechanical' ) ;
#611 = CARTESIAN_POINT ( 'NONE',  ( 3.799986959497270611, 3.848830312097150763, -8.149095643496892194 ) ) ;
#612 = ORIENTED_EDGE ( 'NONE', *, *, #543, .F. ) ;
#613 =( NAMED_UNIT ( * ) SI_UNIT ( $, .STERADIAN. ) SOLID_ANGLE_UNIT ( ) );
#614 = LINE ( 'NONE', #987, #383 ) ;
#615 = VERTEX_POINT ( 'NONE', #562 ) ;
#616 = LINE ( 'NONE', #936, #267 ) ;
#617 = ORIENTED_EDGE ( 'NONE', *, *, #506, .T. ) ;
#618 = CARTESIAN_POINT ( 'NONE',  ( -8.499999999999980460, -113.9999999999999858, 29.00000000000000355 ) ) ;
#619 = CARTESIAN_POINT ( 'NONE',  ( -3.070232513759593385, 4.687683767565118842, -8.012316232434896435 ) ) ;
#620 = APPLICATION_CONTEXT ( 'automotive_design' ) ;
#621 = CARTESIAN_POINT ( 'NONE',  ( -8.499999999999984013, -114.0000000000000000, 0.000000000000000000 ) ) ;
#622 = CARTESIAN_POINT ( 'NONE',  ( 2.608453975995199681, 5.397444975748157070, -6.620952232577167251 ) ) ;
#623 = VERTEX_POINT ( 'NONE', #843 ) ;
#624 = LINE ( 'NONE', #1009, #551 ) ;
#625 = FACE_OUTER_BOUND ( 'NONE', #4, .T. ) ;
#626 = CARTESIAN_POINT ( 'NONE',  ( -3.849999999999999645, -50.79999999999999716, -4.500000000000000888 ) ) ;
#627 = CARTESIAN_POINT ( 'NONE',  ( 3.114259331802726294, 4.994412645752794866, -7.017962412743133704 ) ) ;
#628 = EDGE_CURVE ( 'NONE', #493, #143, #654, .T. ) ;
#629 = ORIENTED_EDGE ( 'NONE', *, *, #679, .F. ) ;
#630 = CARTESIAN_POINT ( 'NONE',  ( 0.000000000000000000, 0.000000000000000000, 0.000000000000000000 ) ) ;
#631 = PLANE ( 'NONE',  #923 ) ;
#632 = PLANE ( 'NONE',  #640 ) ;
#633 = DIRECTION ( 'NONE',  ( -0.1079676169222232446, 0.7029733258439231358, 0.7029733258439253563 ) ) ;
#634 = EDGE_CURVE ( 'NONE', #1148, #397, #660, .T. ) ;
#635 = ORIENTED_EDGE ( 'NONE', *, *, #264, .F. ) ;
#636 = DIRECTION ( 'NONE',  ( 2.731847993664263218E-15, 1.000000000000000000, -0.000000000000000000 ) ) ;
#637 = CARTESIAN_POINT ( 'NONE',  ( -8.500000000000008882, -1.206421326474780932E-15, 27.00000000000000355 ) ) ;
#638 = DIRECTION ( 'NONE',  ( 0.000000000000000000, 0.000000000000000000, -1.000000000000000000 ) ) ;
#639 = CARTESIAN_POINT ( 'NONE',  ( 3.330385347158981713, 3.982873066713140897, -8.717126933286863277 ) ) ;
#640 = AXIS2_PLACEMENT_3D ( 'NONE', #922, #265, #553 ) ;
#641 = AXIS2_PLACEMENT_3D ( 'NONE', #499, #299, #1162 ) ;
#642 = EDGE_LOOP ( 'NONE', ( #578, #312, #932, #434 ) ) ;
#643 = DIRECTION ( 'NONE',  ( -0.000000000000000000, -0.000000000000000000, -1.000000000000000000 ) ) ;
#644 = CARTESIAN_POINT ( 'NONE',  ( -1.807469381740838266, 0.9526346119074414753, -11.02027965278885802 ) ) ;
#645 = CARTESIAN_POINT ( 'NONE',  ( 6.349999999999996092, 12.69999999999996554, 29.00000000000000355 ) ) ;
#646 = CARTESIAN_POINT ( 'NONE',  ( -25.39999999999999858, -110.0000000000000568, 0.000000000000000000 ) ) ;
#647 = ORIENTED_EDGE ( 'NONE', *, *, #543, .T. ) ;
#648 = FACE_OUTER_BOUND ( 'NONE', #549, .T. ) ;
#649 = DIRECTION ( 'NONE',  ( 0.000000000000000000, 0.000000000000000000, -1.000000000000000000 ) ) ;
#650 = CARTESIAN_POINT ( 'NONE',  ( -3.849999999999999645, -50.79999999999999716, 0.000000000000000000 ) ) ;
#651 = EDGE_CURVE ( 'NONE', #833, #903, #390, .T. ) ;
#652 = ORIENTED_EDGE ( 'NONE', *, *, #701, .F. ) ;
#653 = CARTESIAN_POINT ( 'NONE',  ( -3.354169907448471211, 3.625803773218590820, -9.074196226781431562 ) ) ;
#654 = LINE ( 'NONE', #572, #1020 ) ;
#655 = DIRECTION ( 'NONE',  ( 0.000000000000000000, -0.000000000000000000, -1.000000000000000000 ) ) ;
#656 = CARTESIAN_POINT ( 'NONE',  ( 3.356224505558021765, 3.672530765769287164, -9.027469234230716566 ) ) ;
#657 = CIRCLE ( 'NONE', #527, 3.849999999999999645 ) ;
#658 = DIRECTION ( 'NONE',  ( -1.000000000000000000, 2.731847993664263218E-15, -0.000000000000000000 ) ) ;
#659 = AXIS2_PLACEMENT_3D ( 'NONE', #694, #226, #1169 ) ;
#660 = LINE ( 'NONE', #293, #716 ) ;
#661 = AXIS2_PLACEMENT_3D ( 'NONE', #42, #991, #824 ) ;
#662 = DIRECTION ( 'NONE',  ( 0.5547001962252344764, -0.8320502943378401683, 0.000000000000000000 ) ) ;
#663 = CARTESIAN_POINT ( 'NONE',  ( 3.825290616603844285, 4.020878593082198194, -8.679121406917802872 ) ) ;
#664 = PRODUCT_DEFINITION_FORMATION_WITH_SPECIFIED_SOURCE ( 'ANY', '', #276, .NOT_KNOWN. ) ;
#665 = CARTESIAN_POINT ( 'NONE',  ( 3.330385347158981713, 3.982873066713140009, -8.717126933286863277 ) ) ;
#666 = CARTESIAN_POINT ( 'NONE',  ( 3.151592673205541040, 2.908175373828042698, -9.791824626171964141 ) ) ;
#667 = CARTESIAN_POINT ( 'NONE',  ( 3.053138999063851713E-11, 6.116412375621640862, -5.914294040046711665 ) ) ;
#668 = CARTESIAN_POINT ( 'NONE',  ( 1.418433162519856294, 1.573828074899603857, -11.12617192510041342 ) ) ;
#669 = CARTESIAN_POINT ( 'NONE',  ( -2.471292319068128407, 5.335096294978903586, -7.364903705021111691 ) ) ;
#670 = ADVANCED_FACE ( 'NONE', ( #1130 ), #1041, .F. ) ;
#671 = DIRECTION ( 'NONE',  ( 0.1920116063856560085, 0.9813926548600208077, 0.000000000000000000 ) ) ;
#672 = CARTESIAN_POINT ( 'NONE',  ( -8.500000000000008882, -6.245004513516505540E-14, 2.000000000000000000 ) ) ;
#673 = ORIENTED_EDGE ( 'NONE', *, *, #202, .T. ) ;
#674 = CARTESIAN_POINT ( 'NONE',  ( -2.789563008676987366, 1.479416570304540990, -10.49716888364525857 ) ) ;
#675 = CARTESIAN_POINT ( 'NONE',  ( 0.5880490901051235175, 6.407107055789547090, -6.292892944210264794 ) ) ;
#676 = AXIS2_PLACEMENT_3D ( 'NONE', #32, #207, #1170 ) ;
#677 = CARTESIAN_POINT ( 'NONE',  ( 0.000000000000000000, -25.39999999999999858, -4.500000000000000888 ) ) ;
#678 = ORIENTED_EDGE ( 'NONE', *, *, #930, .T. ) ;
#679 = EDGE_CURVE ( 'NONE', #237, #926, #468, .T. ) ;
#680 = CARTESIAN_POINT ( 'NONE',  ( -1.149211879903414557, 1.494849838303031531, -11.20515016169699152 ) ) ;
#681 = CARTESIAN_POINT ( 'NONE',  ( 1.558316661227675981, 5.887584060591667168, -6.138956807128585602 ) ) ;
#682 = AXIS2_PLACEMENT_3D ( 'NONE', #522, #40, #236 ) ;
#683 = CARTESIAN_POINT ( 'NONE',  ( -2.708360437802721954, 2.323114797208739812, -10.37688520279128745 ) ) ;
#684 = CARTESIAN_POINT ( 'NONE',  ( 3.349999999999999645, -25.39999999999999858, -5.000000000000000000 ) ) ;
#685 = ORIENTED_EDGE ( 'NONE', *, *, #411, .T. ) ;
#686 = CARTESIAN_POINT ( 'NONE',  ( -3.747678209338460853, 2.721351348181177521, -9.265281024729844717 ) ) ;
#687 = CARTESIAN_POINT ( 'NONE',  ( -3.317218840875149954, 4.091966471580585463, -8.608033528419435143 ) ) ;
#688 = ORIENTED_EDGE ( 'NONE', *, *, #819, .T. ) ;
#689 = CARTESIAN_POINT ( 'NONE',  ( -3.129713460970702243, 2.867261823785252073, -9.832738176214773418 ) ) ;
#690 = DIRECTION ( 'NONE',  ( -1.000000000000000000, 0.000000000000000000, 0.000000000000000000 ) ) ;
#691 = ORIENTED_EDGE ( 'NONE', *, *, #192, .T. ) ;
#692 = CARTESIAN_POINT ( 'NONE',  ( -1.558019605892900561, 0.8658792138744960676, -11.10645845769080964 ) ) ;
#693 = CARTESIAN_POINT ( 'NONE',  ( 1.355937873418483042, 5.900617785776031354, -6.799382214223970600 ) ) ;
#694 = CARTESIAN_POINT ( 'NONE',  ( 0.000000000000000000, -50.79999999999999716, -4.500000000000000888 ) ) ;
#695 = CARTESIAN_POINT ( 'NONE',  ( -25.39999999999999858, -1.773672499346172981E-13, 0.000000000000000000 ) ) ;
#696 = CLOSED_SHELL ( 'NONE', ( #874, #1212, #1000, #670, #915, #1068 ) ) ;
#697 = ORIENTED_EDGE ( 'NONE', *, *, #248, .F. ) ;
#698 = TOROIDAL_SURFACE ( 'NONE', #184, 3.349999999999999645, 0.5000000000000000000 ) ;
#699 = CARTESIAN_POINT ( 'NONE',  ( 2.205815016100303616, 5.949464905379236335, -6.750535094620671472 ) ) ;
#700 = ORIENTED_EDGE ( 'NONE', *, *, #133, .F. ) ;
#701 = EDGE_CURVE ( 'NONE', #1023, #995, #196, .T. ) ;
#702 = DIRECTION ( 'NONE',  ( -1.000000000000000000, 0.000000000000000000, 0.000000000000000000 ) ) ;
#703 = VERTEX_POINT ( 'NONE', #886 ) ;
#704 = CARTESIAN_POINT ( 'NONE',  ( -25.39999999999999858, -110.0000000000000568, 27.00000000000000355 ) ) ;
#705 = EDGE_LOOP ( 'NONE', ( #629, #530, #647, #1218 ) ) ;
#706 = CARTESIAN_POINT ( 'NONE',  ( 0.000000000000000000, -25.39999999999999858, -5.000000000000000000 ) ) ;
#707 = CARTESIAN_POINT ( 'NONE',  ( -3.802203471862445117, 2.911745301848026823, -9.076630481213650015 ) ) ;
#708 = ORIENTED_EDGE ( 'NONE', *, *, #850, .T. ) ;
#709 = CARTESIAN_POINT ( 'NONE',  ( 3.130639434889562089, 4.584525144448539535, -8.115474855551461530 ) ) ;
#710 = ORIENTED_EDGE ( 'NONE', *, *, #314, .F. ) ;
#711 = CARTESIAN_POINT ( 'NONE',  ( 3.827457787033454295, 3.669039823364233399, -8.326949787832521821 ) ) ;
#712 = CARTESIAN_POINT ( 'NONE',  ( 0.000000000000000000, 0.000000000000000000, 0.000000000000000000 ) ) ;
#713 = VECTOR ( 'NONE', #26, 1000.000000000000000 ) ;
#714 = CARTESIAN_POINT ( 'NONE',  ( 3.827457787033454295, 3.669039823364233399, -8.326949787832521821 ) ) ;
#715 = VECTOR ( 'NONE', #524, 1000.000000000000000 ) ;
#716 = VECTOR ( 'NONE', #753, 1000.000000000000000 ) ;
#717 = LINE ( 'NONE', #432, #1144 ) ;
#718 = ORIENTED_EDGE ( 'NONE', *, *, #811, .T. ) ;
#719 = CARTESIAN_POINT ( 'NONE',  ( -3.354200313474807071, 3.626002248624203173, -9.073997751375822318 ) ) ;
#720 = PLANE ( 'NONE',  #1159 ) ;
#721 = ADVANCED_FACE ( 'NONE', ( #1174 ), #400, .T. ) ;
#722 = CARTESIAN_POINT ( 'NONE',  ( 3.796525151117407404, 4.199253393412780255, -8.500746606587604504 ) ) ;
#723 = EDGE_CURVE ( 'NONE', #211, #332, #960, .T. ) ;
#724 = VERTEX_POINT ( 'NONE', #1155 ) ;
#725 = FACE_OUTER_BOUND ( 'NONE', #1083, .T. ) ;
#726 = CARTESIAN_POINT ( 'NONE',  ( -0.1427734086865117547, 6.100904550196773357, -6.599095449803229485 ) ) ;
#727 = DIRECTION ( 'NONE',  ( -1.000000000000000000, 2.731847993664263218E-15, 0.000000000000000000 ) ) ;
#728 = SURFACE_STYLE_USAGE ( .BOTH. , #135 ) ;
#729 = ADVANCED_BREP_SHAPE_REPRESENTATION ( 'sanding sheet', ( #1183, #760, #1188 ), #884 ) ;
#730 = ORIENTED_EDGE ( 'NONE', *, *, #850, .F. ) ;
#731 = DIRECTION ( 'NONE',  ( 0.000000000000000000, -0.000000000000000000, -1.000000000000000000 ) ) ;
#732 = ADVANCED_FACE ( 'NONE', ( #973 ), #316, .T. ) ;
#733 = CARTESIAN_POINT ( 'NONE',  ( -3.191296887261102722, 1.833743530535329569, -10.14549897080500962 ) ) ;
#734 = CARTESIAN_POINT ( 'NONE',  ( -26.00179039156484606, -109.8575644043634156, 2.000000000000000000 ) ) ;
#735 = CARTESIAN_POINT ( 'NONE',  ( 2.474124379141859009, 2.121127895282570730, -10.57887210471744233 ) ) ;
#736 = VECTOR ( 'NONE', #194, 1000.000000000000000 ) ;
#737 = ORIENTED_EDGE ( 'NONE', *, *, #651, .F. ) ;
#738 = FACE_OUTER_BOUND ( 'NONE', #1095, .T. ) ;
#739 = CARTESIAN_POINT ( 'NONE',  ( -25.39999999999999858, -110.0000000000000568, 2.000000000000000000 ) ) ;
#740 = ADVANCED_FACE ( 'NONE', ( #782 ), #1161, .T. ) ;
#741 = DIRECTION ( 'NONE',  ( 1.000000000000000000, 0.000000000000000000, 0.000000000000000000 ) ) ;
#742 =( NAMED_UNIT ( * ) SI_UNIT ( $, .STERADIAN. ) SOLID_ANGLE_UNIT ( ) );
#743 = EDGE_LOOP ( 'NONE', ( #44, #130, #541, #421 ) ) ;
#744 = LINE ( 'NONE', #180, #1113 ) ;
#745 = CARTESIAN_POINT ( 'NONE',  ( 3.317060980447862573, 3.360441386170915479, -9.339558613829085587 ) ) ;
#746 = DIRECTION ( 'NONE',  ( -0.000000000000000000, -0.000000000000000000, 1.000000000000000000 ) ) ;
#747 = CARTESIAN_POINT ( 'NONE',  ( 3.816033117467077407, 3.310545209318453530, -9.389454790681456942 ) ) ;
#748 = LINE ( 'NONE', #1228, #1078 ) ;
#749 = LINE ( 'NONE', #281, #840 ) ;
#750 = DIRECTION ( 'NONE',  ( -1.224646799147353207E-16, 1.000000000000000000, 0.000000000000000000 ) ) ;
#751 = CARTESIAN_POINT ( 'NONE',  ( 2.280000075223941991, 1.161869273092266841, -10.81246581021208897 ) ) ;
#752 = LINE ( 'NONE', #1219, #924 ) ;
#753 = DIRECTION ( 'NONE',  ( -0.000000000000000000, -0.000000000000000000, -1.000000000000000000 ) ) ;
#754 = AXIS2_PLACEMENT_3D ( 'NONE', #1003, #245, #731 ) ;
#755 = CARTESIAN_POINT ( 'NONE',  ( -7.815384615384686207, 11.72307692307686366, 2.000000000000000000 ) ) ;
#756 = CARTESIAN_POINT ( 'NONE',  ( -1.742903655874618929, 1.696571388349682241, -11.00342861165034414 ) ) ;
#757 = EDGE_CURVE ( 'NONE', #39, #963, #607, .T. ) ;
#758 = PRESENTATION_LAYER_ASSIGNMENT (  '', '', ( #127 ) ) ;
#759 = LINE ( 'NONE', #170, #791 ) ;
#760 = MANIFOLD_SOLID_BREP ( 'LPattern1', #243 ) ;
#761 = ORIENTED_EDGE ( 'NONE', *, *, #986, .F. ) ;
#762 = CARTESIAN_POINT ( 'NONE',  ( -8.499999999999980460, -113.9999999999999858, 29.00000000000000355 ) ) ;
#763 = CARTESIAN_POINT ( 'NONE',  ( 3.621252088394601110, 4.318020710738258217, -7.685404154305297553 ) ) ;
#764 = ORIENTED_EDGE ( 'NONE', *, *, #320, .F. ) ;
#765 = CARTESIAN_POINT ( 'NONE',  ( -0.5922996043276932410, 1.018162419649270012, -11.68183758035053899 ) ) ;
#766 = CARTESIAN_POINT ( 'NONE',  ( -0.1640828726382999037, 6.119766275636325581, -5.911001901681283144 ) ) ;
#767 = EDGE_CURVE ( 'NONE', #136, #1165, #985, .T. ) ;
#768 = CARTESIAN_POINT ( 'NONE',  ( 2.867033681625126729, 2.490857010579561770, -10.20914298942044596 ) ) ;
#769 = DIRECTION ( 'NONE',  ( -0.000000000000000000, -1.000000000000000000, -0.000000000000000000 ) ) ;
#770 = ORIENTED_EDGE ( 'NONE', *, *, #192, .F. ) ;
#771 = CARTESIAN_POINT ( 'NONE',  ( -2.010331701737248178, 1.385328037264858647, -11.31467196273536047 ) ) ;
#772 = CARTESIAN_POINT ( 'NONE',  ( -1.414508737671100302, 5.881789578764108128, -6.818210421235902707 ) ) ;
#773 = CARTESIAN_POINT ( 'NONE',  ( -1.744671734635019122, 1.697339994660478801, -11.00266000533954802 ) ) ;
#774 = AXIS2_PLACEMENT_3D ( 'NONE', #812, #1052, #844 ) ;
#775 = CARTESIAN_POINT ( 'NONE',  ( 3.491939253394922539E-14, 12.69999999999998153, 0.000000000000000000 ) ) ;
#776 = EDGE_CURVE ( 'NONE', #1060, #603, #182, .T. ) ;
#777 = ORIENTED_EDGE ( 'NONE', *, *, #1131, .F. ) ;
#778 = CARTESIAN_POINT ( 'NONE',  ( -3.505183897405161453, 2.573110926350346439, -10.12688907364996638 ) ) ;
#779 = CARTESIAN_POINT ( 'NONE',  ( -2.268061269490483589, 5.918152975689349837, -6.781847024310851957 ) ) ;
#780 = AXIS2_PLACEMENT_3D ( 'NONE', #1207, #633, #333 ) ;
#781 = ORIENTED_EDGE ( 'NONE', *, *, #521, .T. ) ;
#782 = FACE_OUTER_BOUND ( 'NONE', #1180, .T. ) ;
#783 = CARTESIAN_POINT ( 'NONE',  ( -6.350000000000003197, 12.69999999999999929, 29.00000000000000355 ) ) ;
#784 = VERTEX_POINT ( 'NONE', #1090 ) ;
#785 = CARTESIAN_POINT ( 'NONE',  ( -0.8397857267194380748, 1.051195570743532759, -11.64880442925639770 ) ) ;
#786 = CARTESIAN_POINT ( 'NONE',  ( 1.314632916946431251, 6.275739630766587140, -6.424260369233321555 ) ) ;
#787 = CARTESIAN_POINT ( 'NONE',  ( 0.5772112208960205049, 1.386781138694124893, -11.31321886130589682 ) ) ;
#788 = LINE ( 'NONE', #1175, #713 ) ;
#789 = ORIENTED_EDGE ( 'NONE', *, *, #234, .T. ) ;
#790 = ADVANCED_FACE ( 'NONE', ( #435 ), #828, .T. ) ;
#791 = VECTOR ( 'NONE', #1141, 999.9999999999998863 ) ;
#792 = DIRECTION ( 'NONE',  ( -1.000000000000000000, 0.000000000000000000, 0.000000000000000000 ) ) ;
#793 = EDGE_CURVE ( 'NONE', #703, #356, #879, .T. ) ;
#794 = ORIENTED_EDGE ( 'NONE', *, *, #793, .T. ) ;
#795 = CARTESIAN_POINT ( 'NONE',  ( -1.927678618664022903, 1.781835774601016942, -10.91816422539900699 ) ) ;
#796 = CARTESIAN_POINT ( 'NONE',  ( 0.000000000000000000, -25.39999999999999858, -5.000000000000000000 ) ) ;
#797 = AXIS2_PLACEMENT_3D ( 'NONE', #456, #463, #741 ) ;
#798 = ORIENTED_EDGE ( 'NONE', *, *, #757, .T. ) ;
#799 =( LENGTH_UNIT ( ) NAMED_UNIT ( * ) SI_UNIT ( .MILLI., .METRE. ) );
#800 = CARTESIAN_POINT ( 'NONE',  ( 2.832824085516592039, 5.001785110511969279, -7.698214889488030899 ) ) ;
#801 = ORIENTED_EDGE ( 'NONE', *, *, #234, .F. ) ;
#802 = ADVANCED_FACE ( 'NONE', ( #328 ), #899, .F. ) ;
#803 = DIRECTION ( 'NONE',  ( -0.000000000000000000, -0.000000000000000000, 1.000000000000000000 ) ) ;
#804 = CARTESIAN_POINT ( 'NONE',  ( 3.261403892037569197, 4.289904547807025459, -8.410095452192974719 ) ) ;
#805 = VERTEX_POINT ( 'NONE', #808 ) ;
#806 = DIRECTION ( 'NONE',  ( 1.000000000000000000, -2.731847993664263218E-15, 0.000000000000000000 ) ) ;
#807 = ORIENTED_EDGE ( 'NONE', *, *, #279, .F. ) ;
#808 = CARTESIAN_POINT ( 'NONE',  ( -25.39999999999999858, -110.0000000000000426, 2.000000000000000000 ) ) ;
#809 = EDGE_CURVE ( 'NONE', #603, #1060, #62, .T. ) ;
#810 = DIRECTION ( 'NONE',  ( 1.000000000000000000, 0.000000000000000000, 0.000000000000000000 ) ) ;
#811 = EDGE_CURVE ( 'NONE', #905, #885, #1103, .T. ) ;
#812 = CARTESIAN_POINT ( 'NONE',  ( 0.000000000000000000, -50.79999999999999716, -4.500000000000000888 ) ) ;
#813 = FILL_AREA_STYLE_COLOUR ( '', #147 ) ;
#814 = ORIENTED_EDGE ( 'NONE', *, *, #151, .F. ) ;
#815 = DIRECTION ( 'NONE',  ( -1.000000000000000000, 2.731847993664263218E-15, -0.000000000000000000 ) ) ;
#816 = CARTESIAN_POINT ( 'NONE',  ( -3.330487174204753931, 3.471214661604606011, -9.228785338395416815 ) ) ;
#817 = CIRCLE ( 'NONE', #774, 3.849999999999999645 ) ;
#818 = CARTESIAN_POINT ( 'NONE',  ( 0.000000000000000000, -50.79999999999999716, 0.000000000000000000 ) ) ;
#819 = EDGE_CURVE ( 'NONE', #1195, #397, #150, .T. ) ;
#820 = COLOUR_RGB ( '',0.7921568627450980005, 0.8196078431372548767, 0.9333333333333333481 ) ;
#821 = TOROIDAL_SURFACE ( 'NONE', #344, 12.69999999999998330, 3.850000000000000089 ) ;
#822 = CARTESIAN_POINT ( 'NONE',  ( 2.709810068554474594, 5.129301459619551196, -7.570698540380450758 ) ) ;
#823 = VERTEX_POINT ( 'NONE', #711 ) ;
#824 = DIRECTION ( 'NONE',  ( 1.000000000000000000, 0.000000000000000000, 0.000000000000000000 ) ) ;
#825 = CARTESIAN_POINT ( 'NONE',  ( -2.905605580008630451, 1.570742360276873084, -10.40651368159371870 ) ) ;
#826 = DIRECTION ( 'NONE',  ( 1.000000000000000000, 0.000000000000000000, 0.000000000000000000 ) ) ;
#827 = ORIENTED_EDGE ( 'NONE', *, *, #930, .F. ) ;
#828 = CYLINDRICAL_SURFACE ( 'NONE', #1238, 3.849999999999999645 ) ;
#829 = CARTESIAN_POINT ( 'NONE',  ( -3.317218840133186575, 4.091966471492763269, -8.608033528507258225 ) ) ;
#830 = DIRECTION ( 'NONE',  ( 0.000000000000000000, 0.000000000000000000, -1.000000000000000000 ) ) ;
#831 = CARTESIAN_POINT ( 'NONE',  ( 3.158133463385962347, 1.798261190811783594, -10.18070702924168103 ) ) ;
#832 = UNCERTAINTY_MEASURE_WITH_UNIT (LENGTH_MEASURE( 1.000000000000000082E-05 ), #494, 'distance_accuracy_value', 'NONE');
#833 = VERTEX_POINT ( 'NONE', #618 ) ;
#834 = PLANE ( 'NONE',  #385 ) ;
#835 = EDGE_CURVE ( 'NONE', #134, #1119, #137, .T. ) ;
#836 = DIRECTION ( 'NONE',  ( 6.829619984160664209E-17, -1.000000000000000000, 0.000000000000000000 ) ) ;
#837 = DIRECTION ( 'NONE',  ( -1.000000000000000000, 0.000000000000000000, 0.000000000000000000 ) ) ;
#838 = CARTESIAN_POINT ( 'NONE',  ( 2.843396674027679261, 1.520222404521022863, -10.45666064279985719 ) ) ;
#839 = AXIS2_PLACEMENT_3D ( 'NONE', #734, #240, #1198 ) ;
#840 = VECTOR ( 'NONE', #836, 1000.000000000000000 ) ;
#841 = ORIENTED_EDGE ( 'NONE', *, *, #25, .F. ) ;
#842 = DIRECTION ( 'NONE',  ( -2.731847993664263218E-15, -1.000000000000000000, 0.000000000000000000 ) ) ;
#843 = CARTESIAN_POINT ( 'NONE',  ( -6.350000000000003197, 12.69999999999999929, 27.00000000000000355 ) ) ;
#844 = DIRECTION ( 'NONE',  ( -1.000000000000000000, 0.000000000000000000, 0.000000000000000000 ) ) ;
#845 = DIRECTION ( 'NONE',  ( 0.9731142589794608000, -0.2303229015335961360, 0.000000000000000000 ) ) ;
#846 = CARTESIAN_POINT ( 'NONE',  ( 3.444790351627749760E-14, 12.69999999999998153, 0.000000000000000000 ) ) ;
#847 = CARTESIAN_POINT ( 'NONE',  ( 1.323070600135956232, 0.7978264248388919899, -11.17406445363953971 ) ) ;
#848 = EDGE_CURVE ( 'NONE', #322, #623, #624, .T. ) ;
#849 = CARTESIAN_POINT ( 'NONE',  ( 2.745871916085307340, 5.301911334627944505, -6.715009822855020793 ) ) ;
#850 = EDGE_CURVE ( 'NONE', #615, #493, #428, .T. ) ;
#851 = CARTESIAN_POINT ( 'NONE',  ( -3.855618190852144078, 3.610583351727286061, -9.089416648272976573 ) ) ;
#852 = CARTESIAN_POINT ( 'NONE',  ( 3.856795758530432217, 3.477029290495553759, -8.516892366395129699 ) ) ;
#853 = CARTESIAN_POINT ( 'NONE',  ( 3.349999999999999645, -50.79999999999999716, -4.500000000000000888 ) ) ;
#854 = CARTESIAN_POINT ( 'NONE',  ( -3.129507968489776637, 2.866868621922219251, -9.833131378077805351 ) ) ;
#855 = CIRCLE ( 'NONE', #1018, 3.849999999999999645 ) ;
#856 = CARTESIAN_POINT ( 'NONE',  ( 0.000000000000000000, -50.79999999999999716, -4.500000000000000888 ) ) ;
#857 = VECTOR ( 'NONE', #310, 1000.000000000000000 ) ;
#858 = CARTESIAN_POINT ( 'NONE',  ( 3.745390238252807258, 2.711310953600400087, -9.275228075248490356 ) ) ;
#859 = DIRECTION ( 'NONE',  ( -0.8320502943378401683, -0.5547001962252344764, 0.000000000000000000 ) ) ;
#860 = ORIENTED_EDGE ( 'NONE', *, *, #1149, .F. ) ;
#861 = CARTESIAN_POINT ( 'NONE',  ( -1.320736041419733109, 0.7980565237461693107, -11.17383767625360669 ) ) ;
#862 = CARTESIAN_POINT ( 'NONE',  ( -1.394854422177975284, 5.935883213908045519, -6.091522268318140476 ) ) ;
#863 = ORIENTED_EDGE ( 'NONE', *, *, #819, .F. ) ;
#864 = CARTESIAN_POINT ( 'NONE',  ( -6.350000000000003197, 12.69999999999999929, 27.00000000000000355 ) ) ;
#865 = ORIENTED_EDGE ( 'NONE', *, *, #151, .T. ) ;
#866 = CARTESIAN_POINT ( 'NONE',  ( 1.630139604668156217, 0.8891115957296092942, -11.08337953964198697 ) ) ;
#867 = CARTESIAN_POINT ( 'NONE',  ( -3.296303548654979210, 4.800151714834812289, -7.209510640761235045 ) ) ;
#868 = EDGE_CURVE ( 'NONE', #332, #615, #285, .T. ) ;
#869 = CARTESIAN_POINT ( 'NONE',  ( -2.428298801304616283, 2.086509607094372498, -10.61349039290565521 ) ) ;
#870 = CARTESIAN_POINT ( 'NONE',  ( -3.802230779840582997, 3.843677755957760400, -8.154186793772197461 ) ) ;
#871 = ORIENTED_EDGE ( 'NONE', *, *, #25, .T. ) ;
#872 = CARTESIAN_POINT ( 'NONE',  ( -1.564011902767426410, 1.219986542126633378, -11.48001345787320204 ) ) ;
#873 = CARTESIAN_POINT ( 'NONE',  ( -2.279385582981572345, 5.590091635657334024, -6.431386396841402231 ) ) ;
#874 = ADVANCED_FACE ( 'NONE', ( #47 ), #821, .T. ) ;
#875 = CIRCLE ( 'NONE', #282, 8.849999999999983658 ) ;
#876 = EDGE_LOOP ( 'NONE', ( #465, #1028 ) ) ;
#877 = DIRECTION ( 'NONE',  ( -0.000000000000000000, -0.000000000000000000, 1.000000000000000000 ) ) ;
#878 = AXIS2_PLACEMENT_3D ( 'NONE', #630, #542, #162 ) ;
#879 = CIRCLE ( 'NONE', #510, 3.349999999999999645 ) ;
#880 = DIRECTION ( 'NONE',  ( -0.000000000000000000, -0.000000000000000000, -1.000000000000000000 ) ) ;
#881 = VERTEX_POINT ( 'NONE', #66 ) ;
#882 = CARTESIAN_POINT ( 'NONE',  ( 1.215540507529217829, 1.512456470814286247, -11.18754352918573147 ) ) ;
#883 = CARTESIAN_POINT ( 'NONE',  ( 0.07569026953202313834, 6.102541066380715584, -6.597458933619289922 ) ) ;
#884 =( GEOMETRIC_REPRESENTATION_CONTEXT ( 3 ) GLOBAL_UNCERTAINTY_ASSIGNED_CONTEXT ( ( #1022 ) ) GLOBAL_UNIT_ASSIGNED_CONTEXT ( ( #799, #1111, #1117 ) ) REPRESENTATION_CONTEXT ( 'NONE', 'WORKASPACE' ) );
#885 = VERTEX_POINT ( 'NONE', #157 ) ;
#886 = CARTESIAN_POINT ( 'NONE',  ( -3.349999999999999645, -50.79999999999999716, -5.000000000000000000 ) ) ;
#887 = PLANE ( 'NONE',  #676 ) ;
#888 = ORIENTED_EDGE ( 'NONE', *, *, #757, .F. ) ;
#889 = EDGE_CURVE ( 'NONE', #881, #397, #920, .T. ) ;
#890 = CARTESIAN_POINT ( 'NONE',  ( 0.000000000000000000, 0.000000000000000000, 0.000000000000000000 ) ) ;
#891 = CARTESIAN_POINT ( 'NONE',  ( 0.8411618962235851704, 6.055936937979858214, -5.973643073562546313 ) ) ;
#892 = ORIENTED_EDGE ( 'NONE', *, *, #155, .F. ) ;
#893 = CARTESIAN_POINT ( 'NONE',  ( 0.1429107738689055496, 1.353565621316658696, -11.34643437868336413 ) ) ;
#894 = CARTESIAN_POINT ( 'NONE',  ( -3.349999999999999645, -50.79999999999999716, -4.500000000000000888 ) ) ;
#895 = PRODUCT_DEFINITION ( 'UNKNOWN', '', #664, #349 ) ;
#896 = EDGE_LOOP ( 'NONE', ( #1193, #983, #302, #139, #612 ) ) ;
#897 = CARTESIAN_POINT ( 'NONE',  ( -3.849999999999999645, -25.39999999999999858, -5.000000000000000000 ) ) ;
#898 = EDGE_LOOP ( 'NONE', ( #424, #937, #46, #327 ) ) ;
#899 = PLANE ( 'NONE',  #754 ) ;
#900 = DIRECTION ( 'NONE',  ( 1.000000000000000000, 0.000000000000000000, 0.000000000000000000 ) ) ;
#901 = AXIS2_PLACEMENT_3D ( 'NONE', #277, #655, #183 ) ;
#902 = CIRCLE ( 'NONE', #367, 3.349999999999999645 ) ;
#903 = VERTEX_POINT ( 'NONE', #1209 ) ;
#904 = CARTESIAN_POINT ( 'NONE',  ( 6.349999999999996092, 12.69999999999996554, 2.000000000000000000 ) ) ;
#905 = VERTEX_POINT ( 'NONE', #351 ) ;
#906 = CARTESIAN_POINT ( 'NONE',  ( 0.000000000000000000, -50.79999999999999716, 0.000000000000000000 ) ) ;
#907 = CIRCLE ( 'NONE', #780, 0.4999999999999994449 ) ;
#908 = ADVANCED_FACE ( 'NONE', ( #725 ), #1108, .T. ) ;
#909 = CARTESIAN_POINT ( 'NONE',  ( -1.799668914527038588, 5.732686760116129321, -6.967313239883884179 ) ) ;
#910 = FACE_OUTER_BOUND ( 'NONE', #109, .T. ) ;
#911 = LINE ( 'NONE', #904, #1059 ) ;
#912 = ADVANCED_FACE ( 'NONE', ( #1029 ), #175, .T. ) ;
#913 = ORIENTED_EDGE ( 'NONE', *, *, #1206, .T. ) ;
#914 = DIRECTION ( 'NONE',  ( -0.000000000000000000, -0.000000000000000000, -1.000000000000000000 ) ) ;
#915 = ADVANCED_FACE ( 'NONE', ( #280 ), #834, .T. ) ;
#916 = CARTESIAN_POINT ( 'NONE',  ( -3.620084444739439800, 2.426845985442871889, -9.557205583047847952 ) ) ;
#917 = FACE_OUTER_BOUND ( 'NONE', #642, .T. ) ;
#918 = CARTESIAN_POINT ( 'NONE',  ( 0.000000000000000000, -25.39999999999999858, -4.500000000000000888 ) ) ;
#919 = ORIENTED_EDGE ( 'NONE', *, *, #1131, .T. ) ;
#920 = LINE ( 'NONE', #454, #166 ) ;
#921 = CARTESIAN_POINT ( 'NONE',  ( 0.5149990337890234526, 6.075008054848679784, -6.624991945151324835 ) ) ;
#922 = CARTESIAN_POINT ( 'NONE',  ( -25.39999999999999858, -1.773672520132311997E-13, 29.00000000000000355 ) ) ;
#923 = AXIS2_PLACEMENT_3D ( 'NONE', #712, #1210, #810 ) ;
#924 = VECTOR ( 'NONE', #933, 1000.000000000000000 ) ;
#925 = CARTESIAN_POINT ( 'NONE',  ( 3.825290616603844285, 4.020878593082198194, -8.679121406917802872 ) ) ;
#926 = VERTEX_POINT ( 'NONE', #78 ) ;
#927 = CARTESIAN_POINT ( 'NONE',  ( 2.832824084607457937, 5.001785110058957429, -7.698214889941042749 ) ) ;
#928 = MECHANICAL_DESIGN_GEOMETRIC_PRESENTATION_REPRESENTATION (  '', ( #127 ), #107 ) ;
#929 = LINE ( 'NONE', #63, #446 ) ;
#930 = EDGE_CURVE ( 'NONE', #1119, #805, #752, .T. ) ;
#931 = CARTESIAN_POINT ( 'NONE',  ( 3.276943334700672672, 3.210408776544955600, -9.489591223455050795 ) ) ;
#932 = ORIENTED_EDGE ( 'NONE', *, *, #811, .F. ) ;
#933 = DIRECTION ( 'NONE',  ( -0.000000000000000000, -0.000000000000000000, -1.000000000000000000 ) ) ;
#934 = CARTESIAN_POINT ( 'NONE',  ( -1.597730009101105297, 0.8792436984213608531, -11.09318404739596708 ) ) ;
#935 = DIRECTION ( 'NONE',  ( -0.8320502943378401683, -0.5547001962252344764, 0.000000000000000000 ) ) ;
#936 = CARTESIAN_POINT ( 'NONE',  ( -25.39999999999999858, -110.0000000000000568, 29.00000000000000355 ) ) ;
#937 = ORIENTED_EDGE ( 'NONE', *, *, #442, .F. ) ;
#938 = DIRECTION ( 'NONE',  ( -6.829619984160664209E-17, 1.000000000000000000, 0.000000000000000000 ) ) ;
#939 = DIRECTION ( 'NONE',  ( -0.1920116063856560085, -0.9813926548600208077, 0.000000000000000000 ) ) ;
#940 = CYLINDRICAL_SURFACE ( 'NONE', #81, 3.849999999999999645 ) ;
#941 = CIRCLE ( 'NONE', #601, 0.5000000000000000000 ) ;
#942 = VECTOR ( 'NONE', #138, 1000.000000000000000 ) ;
#943 = DIRECTION ( 'NONE',  ( -1.000000000000000000, 0.000000000000000000, 0.000000000000000000 ) ) ;
#944 = EDGE_CURVE ( 'NONE', #903, #11, #748, .T. ) ;
#945 = CARTESIAN_POINT ( 'NONE',  ( 1.062571096042325136, 0.7377286512359285675, -11.23377345544144390 ) ) ;
#946 = CARTESIAN_POINT ( 'NONE',  ( 0.9328555211405697989, 6.039718089224858311, -5.989568040382984293 ) ) ;
#947 = CARTESIAN_POINT ( 'NONE',  ( 3.537394440843530941, 2.624066686997184927, -10.07593331300244266 ) ) ;
#948 = DIRECTION ( 'NONE',  ( 0.000000000000000000, 0.000000000000000000, 1.000000000000000000 ) ) ;
#949 = CARTESIAN_POINT ( 'NONE',  ( 1.016177485260219670E-14, 3.719743878930856340, -8.980256121069157160 ) ) ;
#950 = DIRECTION ( 'NONE',  ( 1.000000000000000000, 6.829619984160664209E-17, -0.000000000000000000 ) ) ;
#951 = CARTESIAN_POINT ( 'NONE',  ( 2.667941137295958498, 1.392837639349134848, -10.58312543956869689 ) ) ;
#952 = DIRECTION ( 'NONE',  ( -2.731847993664263218E-15, -1.000000000000000000, 0.000000000000000000 ) ) ;
#953 = CARTESIAN_POINT ( 'NONE',  ( 3.801996716112105545, 2.901478275530454454, -9.086794102614144109 ) ) ;
#954 = CARTESIAN_POINT ( 'NONE',  ( 6.349999999999996980, 4.336808689942019708E-16, 2.000000000000000000 ) ) ;
#955 = ORIENTED_EDGE ( 'NONE', *, *, #965, .T. ) ;
#956 = ADVANCED_FACE ( 'NONE', ( #566 ), #698, .T. ) ;
#957 = CARTESIAN_POINT ( 'NONE',  ( -3.800358189105141893, 2.899644256275315968, -9.088615154806268137 ) ) ;
#958 = CIRCLE ( 'NONE', #59, 3.849999999999999645 ) ;
#959 = CARTESIAN_POINT ( 'NONE',  ( -3.276755797283806615, 4.243660006906698534, -8.456339993093321183 ) ) ;
#960 = LINE ( 'NONE', #416, #1182 ) ;
#961 = DIRECTION ( 'NONE',  ( 0.000000000000000000, 0.000000000000000000, -1.000000000000000000 ) ) ;
#962 = EDGE_CURVE ( 'NONE', #136, #237, #371, .T. ) ;
#963 = VERTEX_POINT ( 'NONE', #1040 ) ;
#964 = CARTESIAN_POINT ( 'NONE',  ( -3.044018226077880307, 2.724824961092692899, -9.975175038907330816 ) ) ;
#965 = EDGE_CURVE ( 'NONE', #926, #1148, #759, .T. ) ;
#966 = CARTESIAN_POINT ( 'NONE',  ( -3.153335536345573953, 4.542019103506800271, -8.157980896493219447 ) ) ;
#967 = PRESENTATION_STYLE_ASSIGNMENT (( #323 ) ) ;
#968 = CARTESIAN_POINT ( 'NONE',  ( -6.350000000000003197, 12.69999999999999929, 2.000000000000000000 ) ) ;
#969 = EDGE_LOOP ( 'NONE', ( #617, #431, #592, #412, #17 ) ) ;
#970 = CARTESIAN_POINT ( 'NONE',  ( -0.08849618575684504995, 0.9865521909386149035, -11.71344780906162342 ) ) ;
#971 = EDGE_CURVE ( 'NONE', #1165, #784, #744, .T. ) ;
#972 = CARTESIAN_POINT ( 'NONE',  ( -0.6635581402183781119, 6.081188943797038782, -5.948861832036856256 ) ) ;
#973 = FACE_OUTER_BOUND ( 'NONE', #705, .T. ) ;
#974 = LINE ( 'NONE', #423, #406 ) ;
#975 = ORIENTED_EDGE ( 'NONE', *, *, #1149, .T. ) ;
#976 = CARTESIAN_POINT ( 'NONE',  ( -3.306805174985676388, 3.316630341278765659, -9.383369658721257167 ) ) ;
#977 = CARTESIAN_POINT ( 'NONE',  ( -2.664027031603343865, 5.360328936944325662, -6.657489680887664463 ) ) ;
#978 = VECTOR ( 'NONE', #43, 1000.000000000000000 ) ;
#979 = ORIENTED_EDGE ( 'NONE', *, *, #436, .F. ) ;
#980 = CARTESIAN_POINT ( 'NONE',  ( -1.151611948175939704, 1.495475580623996104, -11.20452441937602472 ) ) ;
#981 = VECTOR ( 'NONE', #1115, 1000.000000000000000 ) ;
#982 = CARTESIAN_POINT ( 'NONE',  ( 3.349999999999999645, -50.79999999999999716, -5.000000000000000000 ) ) ;
#983 = ORIENTED_EDGE ( 'NONE', *, *, #429, .T. ) ;
#984 = CARTESIAN_POINT ( 'NONE',  ( -3.761506909003538013, 4.319814001243940105, -8.380185998755983690 ) ) ;
#985 = LINE ( 'NONE', #448, #715 ) ;
#986 = EDGE_CURVE ( 'NONE', #51, #1060, #75, .T. ) ;
#987 = CARTESIAN_POINT ( 'NONE',  ( 0.000000000000000000, -110.0000000000000568, 27.00000000000000355 ) ) ;
#988 = ORIENTED_EDGE ( 'NONE', *, *, #793, .F. ) ;
#989 = FILL_AREA_STYLE ('',( #813 ) ) ;
#990 = ORIENTED_EDGE ( 'NONE', *, *, #294, .F. ) ;
#991 = DIRECTION ( 'NONE',  ( -0.000000000000000000, 0.000000000000000000, 1.000000000000000000 ) ) ;
#992 = CARTESIAN_POINT ( 'NONE',  ( -2.683724554487384673, 5.348069595861741909, -6.669548100697151760 ) ) ;
#993 = ORIENTED_EDGE ( 'NONE', *, *, #475, .T. ) ;
#994 = CARTESIAN_POINT ( 'NONE',  ( 2.428927387701647511, 5.366965775310069908, -7.333034224689932046 ) ) ;
#995 = VERTEX_POINT ( 'NONE', #376 ) ;
#996 = CARTESIAN_POINT ( 'NONE',  ( -25.39999999999999858, -1.773672520132311997E-13, 27.00000000000000355 ) ) ;
#997 = CARTESIAN_POINT ( 'NONE',  ( -2.748479433399738436, 5.091261908016538662, -7.608738091983479279 ) ) ;
#998 = VECTOR ( 'NONE', #275, 1000.000000000000114 ) ;
#999 = CARTESIAN_POINT ( 'NONE',  ( 6.349999999999996092, 12.69999999999996554, 29.00000000000000355 ) ) ;
#1000 = ADVANCED_FACE ( 'NONE', ( #1123 ), #55, .T. ) ;
#1001 = CARTESIAN_POINT ( 'NONE',  ( 1.929096853256272670, 5.671415917771520654, -7.028584082228481300 ) ) ;
#1002 = ORIENTED_EDGE ( 'NONE', *, *, #287, .T. ) ;
#1003 = CARTESIAN_POINT ( 'NONE',  ( 0.000000000000000000, -110.0000000000000568, 27.00000000000000355 ) ) ;
#1004 = VECTOR ( 'NONE', #1106, 1000.000000000000000 ) ;
#1005 = CARTESIAN_POINT ( 'NONE',  ( -3.319081469571609766, 1.976716539303528863, -10.00363895202122677 ) ) ;
#1006 = CARTESIAN_POINT ( 'NONE',  ( 0.000000000000000000, 0.000000000000000000, 2.000000000000000000 ) ) ;
#1007 = CARTESIAN_POINT ( 'NONE',  ( 3.497975101300948353, 4.531640093572460337, -7.474466869511097400 ) ) ;
#1008 = ORIENTED_EDGE ( 'NONE', *, *, #701, .T. ) ;
#1009 = CARTESIAN_POINT ( 'NONE',  ( -6.350000000000003197, 12.69999999999999929, 29.00000000000000355 ) ) ;
#1010 = CARTESIAN_POINT ( 'NONE',  ( -0.9363532851012014158, 0.6994287279948925296, -11.27181958975994647 ) ) ;
#1011 = LINE ( 'NONE', #558, #1096 ) ;
#1012 = FACE_OUTER_BOUND ( 'NONE', #1013, .T. ) ;
#1013 = EDGE_LOOP ( 'NONE', ( #863, #427, #865, #201 ) ) ;
#1014 = DIRECTION ( 'NONE',  ( -1.000000000000000000, 0.000000000000000000, 0.000000000000000000 ) ) ;
#1015 = TOROIDAL_SURFACE ( 'NONE', #260, 3.349999999999999645, 0.5000000000000000000 ) ;
#1016 = CARTESIAN_POINT ( 'NONE',  ( 2.269693719347787297, 5.477497247552768123, -7.222502752447235608 ) ) ;
#1017 = ADVANCED_FACE ( 'NONE', ( #738 ), #1015, .T. ) ;
#1018 = AXIS2_PLACEMENT_3D ( 'NONE', #818, #159, #837 ) ;
#1019 = CARTESIAN_POINT ( 'NONE',  ( -3.349999999999999645, -25.39999999999999858, -4.500000000000000888 ) ) ;
#1020 = VECTOR ( 'NONE', #939, 1000.000000000000114 ) ;
#1021 = CARTESIAN_POINT ( 'NONE',  ( 3.854134470530451662, 3.842017657543198350, -8.857982342456324432 ) ) ;
#1022 = UNCERTAINTY_MEASURE_WITH_UNIT (LENGTH_MEASURE( 1.000000000000000082E-05 ), #799, 'distance_accuracy_value', 'NONE');
#1023 = VERTEX_POINT ( 'NONE', #665 ) ;
#1024 = DIRECTION ( 'NONE',  ( 1.000000000000000000, 0.000000000000000000, -0.000000000000000000 ) ) ;
#1025 = CARTESIAN_POINT ( 'NONE',  ( -3.849999999999999645, -25.39999999999999858, -4.500000000000000888 ) ) ;
#1026 = LINE ( 'NONE', #451, #221 ) ;
#1027 = CARTESIAN_POINT ( 'NONE',  ( 2.070049696389264948, 1.060205258410562124, -10.91343550131556306 ) ) ;
#1028 = ORIENTED_EDGE ( 'NONE', *, *, #776, .T. ) ;
#1029 = FACE_OUTER_BOUND ( 'NONE', #1089, .T. ) ;
#1030 = CARTESIAN_POINT ( 'NONE',  ( -3.849999999999999645, -50.79999999999999716, -5.000000000000000000 ) ) ;
#1031 = DIRECTION ( 'NONE',  ( -1.000000000000000000, 0.000000000000000000, 0.000000000000000000 ) ) ;
#1032 = CARTESIAN_POINT ( 'NONE',  ( 3.854928557719667914, 3.489249706736848644, -8.504803564142891403 ) ) ;
#1033 = ORIENTED_EDGE ( 'NONE', *, *, #868, .F. ) ;
#1034 = CARTESIAN_POINT ( 'NONE',  ( -3.857090694941286646, 3.438860547235158993, -8.554672437783899852 ) ) ;
#1035 = CARTESIAN_POINT ( 'NONE',  ( 3.275519536048328906, 3.205945688836523200, -9.494054311163482751 ) ) ;
#1036 = CARTESIAN_POINT ( 'NONE',  ( 0.000000000000000000, -50.79999999999999716, -4.500000000000000888 ) ) ;
#1037 = VECTOR ( 'NONE', #1216, 1000.000000000000000 ) ;
#1038 = CARTESIAN_POINT ( 'NONE',  ( 3.153693269640840846, 2.912209954045267057, -9.787790045954739782 ) ) ;
#1039 = ADVANCED_FACE ( 'NONE', ( #1224 ), #1134, .F. ) ;
#1040 = CARTESIAN_POINT ( 'NONE',  ( 3.849999999999999645, -25.39999999999999858, 0.000000000000000000 ) ) ;
#1041 = PLANE ( 'NONE',  #1099 ) ;
#1042 = CARTESIAN_POINT ( 'NONE',  ( 1.157644075207310497, 5.994475650576617021, -6.033980993410386517 ) ) ;
#1043 = AXIS2_PLACEMENT_3D ( 'NONE', #918, #547, #792 ) ;
#1044 = CARTESIAN_POINT ( 'NONE',  ( 3.298354185254934290, 1.950662194690733431, -10.02948561979368414 ) ) ;
#1045 = CARTESIAN_POINT ( 'NONE',  ( 0.000000000000000000, 0.000000000000000000, 27.00000000000000355 ) ) ;
#1046 = CARTESIAN_POINT ( 'NONE',  ( 3.069832979695516162, 2.765176227994316616, -9.934823772005691112 ) ) ;
#1047 = DIRECTION ( 'NONE',  ( -6.829619984160664209E-17, 1.000000000000000000, 0.000000000000000000 ) ) ;
#1048 = CARTESIAN_POINT ( 'NONE',  ( -2.221340076653275819, 1.483018622435483769, -11.21698137756473734 ) ) ;
#1049 = CARTESIAN_POINT ( 'NONE',  ( -3.528476172532086341, 4.483596815593142715, -7.521895618693045904 ) ) ;
#1050 = ORIENTED_EDGE ( 'NONE', *, *, #401, .T. ) ;
#1051 = DIRECTION ( 'NONE',  ( 1.000000000000000000, -8.001397521734013957E-16, 1.931708241490868528E-15 ) ) ;
#1052 = DIRECTION ( 'NONE',  ( -0.000000000000000000, -0.000000000000000000, 1.000000000000000000 ) ) ;
#1053 = ORIENTED_EDGE ( 'NONE', *, *, #506, .F. ) ;
#1054 = CARTESIAN_POINT ( 'NONE',  ( -3.263763661100804292, 2.258403968349971702, -10.44159603164976957 ) ) ;
#1055 = VECTOR ( 'NONE', #727, 1000.000000000000000 ) ;
#1056 = CARTESIAN_POINT ( 'NONE',  ( -1.799668914121833385, 5.732686759423771150, -6.967313240576241462 ) ) ;
#1057 = VECTOR ( 'NONE', #246, 1000.000000000000227 ) ;
#1058 = FACE_OUTER_BOUND ( 'NONE', #404, .T. ) ;
#1059 = VECTOR ( 'NONE', #45, 1000.000000000000000 ) ;
#1060 = VERTEX_POINT ( 'NONE', #1239 ) ;
#1061 = CARTESIAN_POINT ( 'NONE',  ( -3.255847686076669856, 1.901985807388090866, -10.07778078817389655 ) ) ;
#1062 = CARTESIAN_POINT ( 'NONE',  ( 1.996430879886446075, 6.045710590522525685, -6.654289409477378570 ) ) ;
#1063 = CARTESIAN_POINT ( 'NONE',  ( -3.261028887890953243, 3.162381979386138742, -9.537618020613885861 ) ) ;
#1064 = CARTESIAN_POINT ( 'NONE',  ( -1.066199248223006935, 6.015943747697079402, -6.012906814277516609 ) ) ;
#1065 = ORIENTED_EDGE ( 'NONE', *, *, #571, .T. ) ;
#1066 = CARTESIAN_POINT ( 'NONE',  ( -3.751965680988274432, 3.077150389551879250, -9.622849610448101387 ) ) ;
#1067 = CARTESIAN_POINT ( 'NONE',  ( -1.213704497479256572, 5.942287870666697280, -6.757712129333311779 ) ) ;
#1068 = ADVANCED_FACE ( 'NONE', ( #648 ), #339, .T. ) ;
#1069 = VERTEX_POINT ( 'NONE', #439 ) ;
#1070 = CARTESIAN_POINT ( 'NONE',  ( 2.744802908869225622, 2.358990842950583922, -10.34100915704942736 ) ) ;
#1071 = CARTESIAN_POINT ( 'NONE',  ( 3.053138999063851713E-11, 6.116412375621640862, -5.914294040046711665 ) ) ;
#1072 = ORIENTED_EDGE ( 'NONE', *, *, #433, .F. ) ;
#1073 = CARTESIAN_POINT ( 'NONE',  ( -1.355679397182231405, 1.553677534981507735, -11.14632246501851753 ) ) ;
#1074 = CARTESIAN_POINT ( 'NONE',  ( -2.652424434256846375, 5.692596813821557689, -7.007403186178268406 ) ) ;
#1075 = CARTESIAN_POINT ( 'NONE',  ( -1.357853013956918486, 1.554364674150016556, -11.14563532585000516 ) ) ;
#1076 = B_SPLINE_CURVE_WITH_KNOTS ( 'NONE', 3,
 ( #714, #146, #377, #763, #476, #199, #290, #569, #849, #583, #106, #396, #481, #1042, #946, #1230, #189, #667 ),
 .UNSPECIFIED., .F., .F.,
 ( 4, 2, 2, 2, 2, 2, 2, 2, 4 ),
 ( 0.0004267052303128735240, 0.001136327863130689010, 0.001845950495948504334, 0.002555573128766319875, 0.003265195761584135416, 0.003974818394401950956, 0.004684441027219765630, 0.005394063660037581170, 0.006103686292855396711 ),
 .UNSPECIFIED. ) ;
#1077 = VECTOR ( 'NONE', #479, 1000.000000000000000 ) ;
#1078 = VECTOR ( 'NONE', #938, 1000.000000000000000 ) ;
#1079 = CYLINDRICAL_SURFACE ( 'NONE', #20, 3.849999999999999645 ) ;
#1080 = EDGE_LOOP ( 'NONE', ( #598, #229, #104, #1114, #678, #334 ) ) ;
#1081 = FACE_OUTER_BOUND ( 'NONE', #1157, .T. ) ;
#1082 = PLANE ( 'NONE',  #682 ) ;
#1083 = EDGE_LOOP ( 'NONE', ( #33, #1087, #700, #77, #892, #1185 ) ) ;
#1084 = CARTESIAN_POINT ( 'NONE',  ( 1.414526342742752352, 1.572549317207573072, -11.12745068279244620 ) ) ;
#1085 = LINE ( 'NONE', #233, #942 ) ;
#1086 = EDGE_CURVE ( 'NONE', #11, #65, #911, .T. ) ;
#1087 = ORIENTED_EDGE ( 'NONE', *, *, #411, .F. ) ;
#1088 = CARTESIAN_POINT ( 'NONE',  ( 2.596839153310319670, 5.729066184754969981, -6.970933815245124343 ) ) ;
#1089 = EDGE_LOOP ( 'NONE', ( #273, #807, #737, #1002, #36, #730 ) ) ;
#1090 = CARTESIAN_POINT ( 'NONE',  ( -8.499999999999992895, -110.0000000000000568, 2.000000000000000000 ) ) ;
#1091 = CARTESIAN_POINT ( 'NONE',  ( -3.349999999999999645, -25.39999999999999858, -5.000000000000000000 ) ) ;
#1092 = ORIENTED_EDGE ( 'NONE', *, *, #962, .T. ) ;
#1093 = EDGE_CURVE ( 'NONE', #881, #65, #717, .T. ) ;
#1094 = CARTESIAN_POINT ( 'NONE',  ( -6.350000000000003197, 12.69999999999999929, 29.00000000000000355 ) ) ;
#1095 = EDGE_LOOP ( 'NONE', ( #710, #595, #389, #979 ) ) ;
#1096 = VECTOR ( 'NONE', #247, 1000.000000000000114 ) ;
#1097 = CARTESIAN_POINT ( 'NONE',  ( -26.00179039156484606, -109.8575644043634156, 0.000000000000000000 ) ) ;
#1098 = CIRCLE ( 'NONE', #582, 3.349999999999999645 ) ;
#1099 = AXIS2_PLACEMENT_3D ( 'NONE', #949, #1142, #1051 ) ;
#1100 = CARTESIAN_POINT ( 'NONE',  ( 6.349999999999996092, 12.69999999999996554, 0.000000000000000000 ) ) ;
#1101 = LINE ( 'NONE', #897, #1004 ) ;
#1102 = ORIENTED_EDGE ( 'NONE', *, *, #534, .T. ) ;
#1103 = LINE ( 'NONE', #441, #123 ) ;
#1104 = CARTESIAN_POINT ( 'NONE',  ( -3.276755796126587406, 4.243660006769707671, -8.456339993230315599 ) ) ;
#1105 = DIRECTION ( 'NONE',  ( -1.000000000000000000, 0.000000000000000000, -0.000000000000000000 ) ) ;
#1106 = DIRECTION ( 'NONE',  ( -0.000000000000000000, -0.000000000000000000, 1.000000000000000000 ) ) ;
#1107 = ORIENTED_EDGE ( 'NONE', *, *, #202, .F. ) ;
#1108 = PLANE ( 'NONE',  #449 ) ;
#1109 = EDGE_CURVE ( 'NONE', #823, #1023, #907, .T. ) ;
#1110 = CARTESIAN_POINT ( 'NONE',  ( 1.746467431158810202, 5.756160623653523878, -6.943839376346476300 ) ) ;
#1111 =( NAMED_UNIT ( * ) PLANE_ANGLE_UNIT ( ) SI_UNIT ( $, .RADIAN. ) );
#1112 = PLANE ( 'NONE',  #839 ) ;
#1113 = VECTOR ( 'NONE', #643, 1000.000000000000000 ) ;
#1114 = ORIENTED_EDGE ( 'NONE', *, *, #1189, .T. ) ;
#1115 = DIRECTION ( 'NONE',  ( 0.000000000000000000, 1.000000000000000000, -0.000000000000000000 ) ) ;
#1116 = CARTESIAN_POINT ( 'NONE',  ( -2.206177715547283480, 1.125492087300443478, -10.84859542675784461 ) ) ;
#1117 =( NAMED_UNIT ( * ) SI_UNIT ( $, .STERADIAN. ) SOLID_ANGLE_UNIT ( ) );
#1118 = VECTOR ( 'NONE', #859, 999.9999999999998863 ) ;
#1119 = VERTEX_POINT ( 'NONE', #704 ) ;
#1120 = CARTESIAN_POINT ( 'NONE',  ( 2.676355900945003086, 1.748530987655949387, -10.95146901234392445 ) ) ;
#1121 = B_SPLINE_CURVE_WITH_KNOTS ( 'NONE', 3,
 ( #1071, #213, #126, #1064, #228, #1163, #500, #1184, #992, #218, #600, #306, #38, #514, #870, #608, #16, #417 ),
 .UNSPECIFIED., .F., .F.,
 ( 4, 2, 2, 2, 2, 2, 2, 2, 4 ),
 ( 0.006103686292855396711, 0.006918225027922596596, 0.007732763762989795613, 0.008547302498056994630, 0.009361841233124194514, 0.01017637996819139440, 0.01099091870325859255, 0.01180545743832579243, 0.01261999617339299232 ),
 .UNSPECIFIED. ) ;
#1122 = EDGE_LOOP ( 'NONE', ( #1107, #990, #508, #697 ) ) ;
#1123 = FACE_OUTER_BOUND ( 'NONE', #1223, .T. ) ;
#1124 = VECTOR ( 'NONE', #845, 1000.000000000000227 ) ;
#1125 = CARTESIAN_POINT ( 'NONE',  ( 3.330385347158981713, 3.982873066713140009, -8.717126933286863277 ) ) ;
#1126 = FACE_OUTER_BOUND ( 'NONE', #1190, .T. ) ;
#1127 =( LENGTH_UNIT ( ) NAMED_UNIT ( * ) SI_UNIT ( .MILLI., .METRE. ) );
#1128 = EDGE_LOOP ( 'NONE', ( #841, #30, #161, #688, #392, #419, #1065, #174, #1033, #523 ) ) ;
#1129 = CARTESIAN_POINT ( 'NONE',  ( -3.330487174204753487, 3.471214661604604235, -9.228785338395418592 ) ) ;
#1130 = FACE_OUTER_BOUND ( 'NONE', #208, .T. ) ;
#1131 = EDGE_CURVE ( 'NONE', #504, #1069, #1101, .T. ) ;
#1132 = CARTESIAN_POINT ( 'NONE',  ( -3.827574812145764227, 3.078126169028110315, -8.911849647312141798 ) ) ;
#1133 = FACE_OUTER_BOUND ( 'NONE', #325, .T. ) ;
#1134 = PLANE ( 'NONE',  #3 ) ;
#1135 = CARTESIAN_POINT ( 'NONE',  ( -8.263180893543282224, 1.398884954418741833, 27.00000000000000355 ) ) ;
#1136 = CARTESIAN_POINT ( 'NONE',  ( 3.849999999999999645, -50.79999999999999716, -4.500000000000000888 ) ) ;
#1137 = CIRCLE ( 'NONE', #382, 0.5000000000000000000 ) ;
#1138 = CARTESIAN_POINT ( 'NONE',  ( 2.287896173152568657, 1.516951904542712226, -11.18304809545744760 ) ) ;
#1139 = CIRCLE ( 'NONE', #204, 3.349999999999999645 ) ;
#1140 = VECTOR ( 'NONE', #531, 1000.000000000000114 ) ;
#1141 = DIRECTION ( 'NONE',  ( -0.8320502943378401683, -0.5547001962252344764, 0.000000000000000000 ) ) ;
#1142 = DIRECTION ( 'NONE',  ( -1.931708241490868528E-15, -0.7071067811865487940, 0.7071067811865463515 ) ) ;
#1143 = DIRECTION ( 'NONE',  ( -1.000000000000000000, 0.000000000000000000, 0.000000000000000000 ) ) ;
#1144 = VECTOR ( 'NONE', #806, 1000.000000000000000 ) ;
#1145 = CARTESIAN_POINT ( 'NONE',  ( 0.9133567071969644902, 0.7104034111896336823, -11.26092139428601868 ) ) ;
#1146 = ADVANCED_FACE ( 'NONE', ( #1012 ), #1082, .T. ) ;
#1147 = CARTESIAN_POINT ( 'NONE',  ( -0.1630444054806729770, 6.436407863815140296, -6.263592136185055281 ) ) ;
#1148 = VERTEX_POINT ( 'NONE', #154 ) ;
#1149 = EDGE_CURVE ( 'NONE', #39, #504, #472, .T. ) ;
#1150 = CARTESIAN_POINT ( 'NONE',  ( 0.5379990326076983242, 0.6586180631664889651, -11.31237471568755026 ) ) ;
#1151 = CARTESIAN_POINT ( 'NONE',  ( 0.000000000000000000, -25.39999999999999858, 0.000000000000000000 ) ) ;
#1152 = ORIENTED_EDGE ( 'NONE', *, *, #320, .T. ) ;
#1153 = CARTESIAN_POINT ( 'NONE',  ( 1.402435396442612170, 1.172294029225297685, -11.52770597077477177 ) ) ;
#1154 = CARTESIAN_POINT ( 'NONE',  ( 0.5918645614531030663, 6.089740209196612852, -5.940469255708329399 ) ) ;
#1155 = CARTESIAN_POINT ( 'NONE',  ( 6.349999999999999645, -38.09999999999999432, 0.000000000000000000 ) ) ;
#1156 = DIRECTION ( 'NONE',  ( -1.000000000000000000, 0.000000000000000000, 0.000000000000000000 ) ) ;
#1157 = EDGE_LOOP ( 'NONE', ( #794, #41 ) ) ;
#1158 = CARTESIAN_POINT ( 'NONE',  ( -2.618152068646349750, 1.709666226041908432, -10.99033377395793210 ) ) ;
#1159 = AXIS2_PLACEMENT_3D ( 'NONE', #167, #638, #1105 ) ;
#1160 = CARTESIAN_POINT ( 'NONE',  ( -0.5773817583163800560, 6.067632697420379806, -6.632367302579628365 ) ) ;
#1161 = TOROIDAL_SURFACE ( 'NONE', #659, 3.349999999999999645, 0.5000000000000000000 ) ;
#1162 = DIRECTION ( 'NONE',  ( -0.1669163603360943882, -0.9859710587294898687, 0.000000000000000000 ) ) ;
#1163 = CARTESIAN_POINT ( 'NONE',  ( -1.812586156399482729, 5.800170352367878479, -6.224849113053331884 ) ) ;
#1164 = AXIS2_PLACEMENT_3D ( 'NONE', #272, #471, #564 ) ;
#1165 = VERTEX_POINT ( 'NONE', #1178 ) ;
#1166 = ADVANCED_FACE ( 'NONE', ( #338 ), #348, .F. ) ;
#1167 = CARTESIAN_POINT ( 'NONE',  ( 0.1688680148698936401, 0.9884790987459142197, -11.71152090125410972 ) ) ;
#1168 = CARTESIAN_POINT ( 'NONE',  ( -1.386541973276468109, 6.256801964203927646, -6.443198035796081413 ) ) ;
#1169 = DIRECTION ( 'NONE',  ( -1.000000000000000000, 0.000000000000000000, 0.000000000000000000 ) ) ;
#1170 = DIRECTION ( 'NONE',  ( 1.000000000000000000, 0.000000000000000000, -0.000000000000000000 ) ) ;
#1171 = EDGE_LOOP ( 'NONE', ( #708, #536 ) ) ;
#1172 = CARTESIAN_POINT ( 'NONE',  ( -0.7277742285685079304, 1.407840232050165064, -11.29215976794985821 ) ) ;
#1173 = CARTESIAN_POINT ( 'NONE',  ( 1.322592412795384975, 5.955255035123673046, -6.072497560656360704 ) ) ;
#1174 = FACE_OUTER_BOUND ( 'NONE', #516, .T. ) ;
#1175 = CARTESIAN_POINT ( 'NONE',  ( -0.000000000000000000, -110.0000000000000568, 2.000000000000000000 ) ) ;
#1176 = ORIENTED_EDGE ( 'NONE', *, *, #314, .T. ) ;
#1177 = DIRECTION ( 'NONE',  ( 1.000000000000000000, 0.000000000000000000, 0.000000000000000000 ) ) ;
#1178 = CARTESIAN_POINT ( 'NONE',  ( -8.499999999999992895, -110.0000000000000568, 27.00000000000000355 ) ) ;
#1179 = AXIS2_PLACEMENT_3D ( 'NONE', #1006, #533, #826 ) ;
#1180 = EDGE_LOOP ( 'NONE', ( #635, #673, #988, #72 ) ) ;
#1181 = CARTESIAN_POINT ( 'NONE',  ( -3.044321343652673928, 2.725303334849636272, -9.974696665150391439 ) ) ;
#1182 = VECTOR ( 'NONE', #877, 1000.000000000000000 ) ;
#1183 = MANIFOLD_SOLID_BREP ( 'Fillet2', #696 ) ;
#1184 = CARTESIAN_POINT ( 'NONE',  ( -2.484787058319245290, 5.476127097502607732, -6.543510813447916519 ) ) ;
#1185 = ORIENTED_EDGE ( 'NONE', *, *, #1086, .T. ) ;
#1186 = SHAPE_DEFINITION_REPRESENTATION ( #480, #729 ) ;
#1187 = CARTESIAN_POINT ( 'NONE',  ( 3.261403892293090134, 4.289904547858295558, -8.410095452141707284 ) ) ;
#1188 = AXIS2_PLACEMENT_3D ( 'NONE', #890, #1215, #1177 ) ;
#1189 = EDGE_CURVE ( 'NONE', #885, #1119, #616, .T. ) ;
#1190 = EDGE_LOOP ( 'NONE', ( #350, #342, #584, #307 ) ) ;
#1191 = DIRECTION ( 'NONE',  ( 0.000000000000000000, 0.000000000000000000, -1.000000000000000000 ) ) ;
#1192 = CARTESIAN_POINT ( 'NONE',  ( 1.929096852934769846, 5.671415917453058064, -7.028584082546942113 ) ) ;
#1193 = ORIENTED_EDGE ( 'NONE', *, *, #767, .T. ) ;
#1194 = CARTESIAN_POINT ( 'NONE',  ( 3.827457787033454295, 3.669039823364234731, -8.326949787832521821 ) ) ;
#1195 = VERTEX_POINT ( 'NONE', #646 ) ;
#1196 = EDGE_CURVE ( 'NONE', #319, #995, #388, .T. ) ;
#1197 = DIRECTION ( 'NONE',  ( 1.000000000000000000, 1.419319207617388026E-16, -0.000000000000000000 ) ) ;
#1198 = DIRECTION ( 'NONE',  ( 0.9731142589794608000, -0.2303229015335961360, 0.000000000000000000 ) ) ;
#1199 = SURFACE_STYLE_FILL_AREA ( #989 ) ;
#1200 = VERTEX_POINT ( 'NONE', #1227 ) ;
#1201 = DIRECTION ( 'NONE',  ( 1.000000000000000000, 0.000000000000000000, 0.000000000000000000 ) ) ;
#1202 = AXIS2_PLACEMENT_3D ( 'NONE', #954, #950, #1047 ) ;
#1203 = FACE_BOUND ( 'NONE', #520, .T. ) ;
#1204 = VECTOR ( 'NONE', #251, 1000.000000000000000 ) ;
#1205 = DIRECTION ( 'NONE',  ( 0.000000000000000000, 0.000000000000000000, -1.000000000000000000 ) ) ;
#1206 = EDGE_CURVE ( 'NONE', #885, #833, #69, .T. ) ;
#1207 = CARTESIAN_POINT ( 'NONE',  ( 3.330385347158980824, 3.629319676119866056, -8.363573542693590213 ) ) ;
#1208 = ORIENTED_EDGE ( 'NONE', *, *, #965, .F. ) ;
#1209 = CARTESIAN_POINT ( 'NONE',  ( 6.349999999999999645, -38.09999999999999432, 29.00000000000000355 ) ) ;
#1210 = DIRECTION ( 'NONE',  ( -0.000000000000000000, 0.000000000000000000, 1.000000000000000000 ) ) ;
#1211 = CARTESIAN_POINT ( 'NONE',  ( -25.39999999999999858, -1.773672520132311997E-13, 27.00000000000000355 ) ) ;
#1212 = ADVANCED_FACE ( 'NONE', ( #1133 ), #329, .T. ) ;
#1213 = ORIENTED_EDGE ( 'NONE', *, *, #723, .T. ) ;
#1214 = CARTESIAN_POINT ( 'NONE',  ( 0.07569026961008180898, 6.102541065371176465, -6.597458934628830818 ) ) ;
#1215 = DIRECTION ( 'NONE',  ( 0.000000000000000000, 0.000000000000000000, 1.000000000000000000 ) ) ;
#1216 = DIRECTION ( 'NONE',  ( 0.000000000000000000, 1.000000000000000000, -0.000000000000000000 ) ) ;
#1217 = CARTESIAN_POINT ( 'NONE',  ( 3.769996653396354702, 3.132691275642429218, -9.567308724357623362 ) ) ;
#1218 = ORIENTED_EDGE ( 'NONE', *, *, #133, .T. ) ;
#1219 = CARTESIAN_POINT ( 'NONE',  ( -25.39999999999999858, -110.0000000000000426, 27.00000000000000355 ) ) ;
#1220 = CARTESIAN_POINT ( 'NONE',  ( 3.202062025716250648, 1.842078471970940212, -10.13722099519834252 ) ) ;
#1221 = CARTESIAN_POINT ( 'NONE',  ( 0.000000000000000000, -50.79999999999999716, -5.000000000000000000 ) ) ;
#1222 = CARTESIAN_POINT ( 'NONE',  ( -25.39999999999999858, 0.000000000000000000, 2.000000000000000000 ) ) ;
#1223 = EDGE_LOOP ( 'NONE', ( #761, #1102, #691, #1050, #250 ) ) ;
#1224 = FACE_OUTER_BOUND ( 'NONE', #896, .T. ) ;
#1225 = CARTESIAN_POINT ( 'NONE',  ( 3.827457787033454295, 3.669039823364233399, -8.326949787832521821 ) ) ;
#1226 = CARTESIAN_POINT ( 'NONE',  ( 3.349999999999999645, -25.39999999999999858, -4.500000000000000888 ) ) ;
#1227 = CARTESIAN_POINT ( 'NONE',  ( 3.053138999063851713E-11, 6.116412375621640862, -5.914294040046711665 ) ) ;
#1228 = CARTESIAN_POINT ( 'NONE',  ( 6.349999999999999645, -38.09999999999999432, 29.00000000000000355 ) ) ;
#1229 = DIRECTION ( 'NONE',  ( 0.1669163603360943882, 0.9859710587294898687, 0.000000000000000000 ) ) ;
#1230 = CARTESIAN_POINT ( 'NONE',  ( 0.4713334573584792575, 6.100865960390503773, -5.929548518266107848 ) ) ;
#1231 = CARTESIAN_POINT ( 'NONE',  ( 2.321455276182241345, 2.010673580180871944, -10.68932641981914067 ) ) ;
#1232 = CARTESIAN_POINT ( 'NONE',  ( -3.856658301607191142, 3.791910501063440186, -8.908089498936583084 ) ) ;
#1233 = DIRECTION ( 'NONE',  ( -1.000000000000000000, 0.000000000000000000, 0.000000000000000000 ) ) ;
#1234 = CARTESIAN_POINT ( 'NONE',  ( 0.000000000000000000, -50.79999999999999716, -5.000000000000000000 ) ) ;
#1235 = CARTESIAN_POINT ( 'NONE',  ( -3.260966752871977459, 3.162173851003994063, -9.537826148996030540 ) ) ;
#1236 = TOROIDAL_SURFACE ( 'NONE', #341, 3.349999999999999645, 0.5000000000000000000 ) ;
#1237 = ADVANCED_FACE ( 'NONE', ( #1081 ), #462, .T. ) ;
#1238 = AXIS2_PLACEMENT_3D ( 'NONE', #706, #803, #1201 ) ;
#1239 = CARTESIAN_POINT ( 'NONE',  ( -1.076418077886601360E-14, -3.850000000000001421, 0.000000000000000000 ) ) ;
ENDSEC;
END-ISO-10303-21;
