ISO-10303-21;
HEADER;
FILE_DESCRIPTION (( 'STEP AP214' ),
    '1' );
FILE_NAME ('ig tesdt.STEP',
    '2026-09-04T00:39:27',
    ( '' ),
    ( '' ),
    'SwSTEP 2.0',
    'SolidWorks 2023',
    '' );
FILE_SCHEMA (( 'AUTOMOTIVE_DESIGN' ));
ENDSEC;

DATA;
#1 = CARTESIAN_POINT ( 'NONE',  ( -18.75769371305312205, 85.45066062760544412, -0.1591734898847512181 ) ) ;
#2 = CARTESIAN_POINT ( 'NONE',  ( -19.40657540927873725, 9.784611935371932745, 0.008496445674147909410 ) ) ;
#3 = CARTESIAN_POINT ( 'NONE',  ( 7.557534490114913174E-09, 97.61926551681932551, 20.76944373190768545 ) ) ;
#4 = CARTESIAN_POINT ( 'NONE',  ( -1.920303447290791832, 71.32154928967705132, 16.39661822717493678 ) ) ;
#5 = CARTESIAN_POINT ( 'NONE',  ( -1.341883332101086346, 94.17821728574230633, -18.78890348181445802 ) ) ;
#6 = EDGE_CURVE ( 'NONE', #929, #622, #225, .T. ) ;
#7 = CARTESIAN_POINT ( 'NONE',  ( 1.303325657295343776, 80.94536873179467307, -16.62326798715504950 ) ) ;
#8 = CARTESIAN_POINT ( 'NONE',  ( -14.14213562373081068, 99.99999999999997158, 7.071067811865592745 ) ) ;
#9 = CARTESIAN_POINT ( 'NONE',  ( 19.40665154988420937, 90.21579607875712270, 0.008493491813424066533 ) ) ;
#10 = CARTESIAN_POINT ( 'NONE',  ( 9.069850683716691009, 28.67844443697217827, -7.710829388600007661 ) ) ;
#11 = CARTESIAN_POINT ( 'NONE',  ( 7.904038138145412340, 66.67889863546299978, -8.889047885418280615 ) ) ;
#12 = CARTESIAN_POINT ( 'NONE',  ( -12.94067183274904842, 9.783801260610639261, -6.463222536149578978 ) ) ;
#13 = CARTESIAN_POINT ( 'NONE',  ( -0.4722206291259772870, 23.99337163653721205, 17.08055177267663893 ) ) ;
#14 = CARTESIAN_POINT ( 'NONE',  ( 20.76944373190767479, 2.380734483180670491, 7.557514538161196371E-09 ) ) ;
#15 = CARTESIAN_POINT ( 'NONE',  ( 11.92086220540329755, 19.05454905678331201, 5.857425813505993339 ) ) ;
#16 = CARTESIAN_POINT ( 'NONE',  ( -6.474549289699088384, 9.783541089349361286, -12.93505604402412423 ) ) ;
#17 = CARTESIAN_POINT ( 'NONE',  ( 17.33536998245879346, 85.45076864919822413, 1.213585691556533952 ) ) ;
#18 = CARTESIAN_POINT ( 'NONE',  ( 13.83242919291376438, 39.65826265578690624, -6.903061144393160653 ) ) ;
#19 = CARTESIAN_POINT ( 'NONE',  ( 13.42214278625545099, 5.812844475165012348, 6.710428778108445513 ) ) ;
#20 = CARTESIAN_POINT ( 'NONE',  ( -6.710629517912217068, 5.812842494052816278, -13.42202572197143162 ) ) ;
#21 = CARTESIAN_POINT ( 'NONE',  ( 0.1236006255403897525, 19.05460367439165381, 17.81947797546450118 ) ) ;
#22 = CARTESIAN_POINT ( 'NONE',  ( 20.13150668522607134, 5.818782435436248512, -0.0001491040163358167605 ) ) ;
#23 = FACE_OUTER_BOUND ( 'NONE', #184, .T. ) ;
#24 = CARTESIAN_POINT ( 'NONE',  ( 17.33186570873325039, 85.45076864910588199, -1.262645992329969102 ) ) ;
#25 = CARTESIAN_POINT ( 'NONE',  ( -15.91036780575375431, 23.99336635144939223, -1.579442894300730149 ) ) ;
#26 = CARTESIAN_POINT ( 'NONE',  ( -1.072603897540665763, 19.05463127108248145, 16.63974810298527274 ) ) ;
#27 = CARTESIAN_POINT ( 'NONE',  ( 11.93657528302045279, 46.01975473927124938, -9.287429280132284859 ) ) ;
#28 = CARTESIAN_POINT ( 'NONE',  ( -17.25607929045578004, 76.00662715668315172, 0.3061372863555153478 ) ) ;
#29 = CARTESIAN_POINT ( 'NONE',  ( 17.81947797546449763, 80.94539632560830000, 0.1236006255403825360 ) ) ;
#30 = ORIENTED_EDGE ( 'NONE', *, *, #222, .F. ) ;
#31 = CARTESIAN_POINT ( 'NONE',  ( -20.83864428679100200, 97.61908456771421072, -0.06923616999541898354 ) ) ;
#32 = CARTESIAN_POINT ( 'NONE',  ( 12.38987097441746066, 85.45048879599467284, 6.173050370740948978 ) ) ;
#33 = CARTESIAN_POINT ( 'NONE',  ( 13.83242919291376438, 39.65826265578690624, -6.903061144393160653 ) ) ;
#34 = APPLICATION_PROTOCOL_DEFINITION ( 'draft international standard', 'automotive_design', 1998, #187 ) ;
#35 = CARTESIAN_POINT ( 'NONE',  ( -4.038838270176022149, 33.32110022296409113, -15.60488757513013347 ) ) ;
#36 = CARTESIAN_POINT ( 'NONE',  ( 18.57171614727229425, 85.45067471736638254, -0.02628122518672812089 ) ) ;
#37 = ADVANCED_FACE ( 'NONE', ( #1013 ), #798, .T. ) ;
#38 = CARTESIAN_POINT ( 'NONE',  ( -9.278598793390068877, 46.01975473802399108, -12.00732196505260241 ) ) ;
#39 = CARTESIAN_POINT ( 'NONE',  ( -13.42159098727975497, 5.815174008033991981, 6.710646013105703744 ) ) ;
#40 = CARTESIAN_POINT ( 'NONE',  ( -17.37106773258299341, 77.94433967033376121, 0.1864578062083171728 ) ) ;
#41 = CARTESIAN_POINT ( 'NONE',  ( -2.042416275392684444, 28.67845364550906950, -16.49312644101422265 ) ) ;
#42 = CARTESIAN_POINT ( 'NONE',  ( 21.06527865357728402, 99.20638447270133042, -6.885006546035938896E-05 ) ) ;
#43 = CARTESIAN_POINT ( 'NONE',  ( -0.06461437397796938875, 19.05460229455711030, -17.87928847488191764 ) ) ;
#44 = CARTESIAN_POINT ( 'NONE',  ( -6.008330939719338737, 23.99338756589324717, 11.22962471936880391 ) ) ;
#45 = CARTESIAN_POINT ( 'NONE',  ( -13.58132091097108685, 59.60808249898548183, -7.138848340237981205 ) ) ;
#46 = CARTESIAN_POINT ( 'NONE',  ( -16.51873048724798210, 71.32154635449164459, -1.823794706049356451 ) ) ;
#47 = CARTESIAN_POINT ( 'NONE',  ( 14.65875647540043580, 66.67890049459900581, 2.847370389893653098 ) ) ;
#48 = CARTESIAN_POINT ( 'NONE',  ( -18.11338380101331325, 90.21546131233917265, 1.285840818519086826 ) ) ;
#49 = CARTESIAN_POINT ( 'NONE',  ( 8.889047885390429116, 66.67889863546292872, 7.904038138101569189 ) ) ;
#50 = CARTESIAN_POINT ( 'NONE',  ( -4.988418671550432393, 35.26030715692279216, -14.92279307974604130 ) ) ;
#51 = CARTESIAN_POINT ( 'NONE',  ( -20.83951993059475782, 97.62377801374756814, 0.06926628459764092027 ) ) ;
#52 = CARTESIAN_POINT ( 'NONE',  ( 0.1236006255403897525, 19.05460367439165381, 17.81947797546450118 ) ) ;
#53 = CARTESIAN_POINT ( 'NONE',  ( -18.57171614727227293, 85.45067471736638254, 0.02628122518673425140 ) ) ;
#54 = CARTESIAN_POINT ( 'NONE',  ( -10.52164164345176189, 46.01975475845726749, 9.464039014935329064 ) ) ;
#55 = CARTESIAN_POINT ( 'NONE',  ( -15.15820165543525988, 65.65996219800283029, -4.594913399075686300 ) ) ;
#56 = CARTESIAN_POINT ( 'NONE',  ( -0.1414213562378530409, -1.552218739877546341E-15, -21.35462479183315665 ) ) ;
#57 = VECTOR ( 'NONE', #195, 1000.000000000000114 ) ;
#58 = CARTESIAN_POINT ( 'NONE',  ( -18.78907214458255126, 5.820753183264388397, 1.342218576116872342 ) ) ;
#59 = VERTEX_POINT ( 'NONE', #968 ) ;
#60 = CARTESIAN_POINT ( 'NONE',  ( -0.1896634609985391184, 24.71244003808889289, -16.97745430715240644 ) ) ;
#61 = CARTESIAN_POINT ( 'NONE',  ( -6.903061148246855794, 39.65826317817182201, -13.83242909550196487 ) ) ;
#62 = CARTESIAN_POINT ( 'NONE',  ( 0.008493491813424933895, 9.784203921242768942, 19.40665154988422714 ) ) ;
#63 = CARTESIAN_POINT ( 'NONE',  ( -18.69570119112617235, 85.45066532419241412, -0.09735525152758940648 ) ) ;
#64 = CARTESIAN_POINT ( 'NONE',  ( -17.33536396861888207, 14.54926357729002540, 1.213585924876632971 ) ) ;
#65 = EDGE_LOOP ( 'NONE', ( #103, #781, #30, #344 ) ) ;
#66 = CARTESIAN_POINT ( 'NONE',  ( 0.007271729672063526571, 11.54633352998918916, -19.09845080104841131 ) ) ;
#67 = CARTESIAN_POINT ( 'NONE',  ( -8.485281374238692109, 100.0000000000000853, -12.72792206135772020 ) ) ;
#68 = CARTESIAN_POINT ( 'NONE',  ( -21.21320343559636612, -8.057294642594852017E-16, -2.550043509685906429E-13 ) ) ;
#69 = DIRECTION ( 'NONE',  ( -0.7071067811865625607, -2.220446049250358519E-14, -0.7071067811865325847 ) ) ;
#70 = CARTESIAN_POINT ( 'NONE',  ( -4.151416907668820322, 66.67889987071424684, 15.40928061599782417 ) ) ;
#71 = CARTESIAN_POINT ( 'NONE',  ( -1.358506579438868136E-12, 0.8031257248062926291, -21.06350393024080603 ) ) ;
#72 = CARTESIAN_POINT ( 'NONE',  ( 7.071067811865495045, 100.0000000000004121, -5.088522196198633933E-14 ) ) ;
#73 = CARTESIAN_POINT ( 'NONE',  ( -4.151416907668820322, 66.67889987071424684, 15.40928061599782417 ) ) ;
#74 = EDGE_LOOP ( 'NONE', ( #610, #523, #854, #689 ) ) ;
#75 = LINE ( 'NONE', #143, #316 ) ;
#76 =( GEOMETRIC_REPRESENTATION_CONTEXT ( 3 ) GLOBAL_UNCERTAINTY_ASSIGNED_CONTEXT ( ( #628 ) ) GLOBAL_UNIT_ASSIGNED_CONTEXT ( ( #978, #908, #426 ) ) REPRESENTATION_CONTEXT ( 'NONE', 'WORKASPACE' ) );
#77 = CARTESIAN_POINT ( 'NONE',  ( 10.43721537909940444, 23.99339355972202625, -6.548888228974541370 ) ) ;
#78 = CARTESIAN_POINT ( 'NONE',  ( 0.2107170055512056772, 0.7924449814017255900, -21.27613215553766679 ) ) ;
#79 = CARTESIAN_POINT ( 'NONE',  ( 0.1236006255403974685, 80.94539632560830000, -17.81947797546447987 ) ) ;
#80 = CARTESIAN_POINT ( 'NONE',  ( -0.6979642340836067493, 76.00663640865923298, 15.97333108081974018 ) ) ;
#81 = CARTESIAN_POINT ( 'NONE',  ( -0.01365396772278127703, 15.22671311029107244, -18.46206703810248939 ) ) ;
#82 = CARTESIAN_POINT ( 'NONE',  ( 12.08031213450984431, 5.810607439001903352, -8.052730403725751884 ) ) ;
#83 = CARTESIAN_POINT ( 'NONE',  ( 11.75996554663011828, 46.01975476423708500, -7.872495644435730355 ) ) ;
#84 = CARTESIAN_POINT ( 'NONE',  ( -17.99643745633918357, 80.94540046472145889, -0.3030313040753909726 ) ) ;
#85 = CARTESIAN_POINT ( 'NONE',  ( -13.37047127730689233, 39.65826293727475615, 5.520695131998357041 ) ) ;
#86 = CARTESIAN_POINT ( 'NONE',  ( 0.008085392417871151149, 13.12320068963253838, -18.82320831838794106 ) ) ;
#87 = CARTESIAN_POINT ( 'NONE',  ( 3.194017967858299559E-05, 2.376323658939957895, -20.77026684759027830 ) ) ;
#88 = CARTESIAN_POINT ( 'NONE',  ( 5.378703431027871851, 76.00661243952421842, -11.54443851949380573 ) ) ;
#89 = CARTESIAN_POINT ( 'NONE',  ( 0.05335812914687890207, 19.05459953488801972, -17.99890947371678962 ) ) ;
#90 = CARTESIAN_POINT ( 'NONE',  ( -16.63974986963533098, 19.05462180139019779, -1.072603966558752342 ) ) ;
#91 = CARTESIAN_POINT ( 'NONE',  ( 4.151416907682904167, 33.32110012936124122, 15.40928061599727705 ) ) ;
#92 = CARTESIAN_POINT ( 'NONE',  ( 18.57171614727229780, 14.54932528263363700, 0.02628122518671816010 ) ) ;
#93 = CARTESIAN_POINT ( 'NONE',  ( 1.404252323891681753, 99.19858156960951590, -19.65958864585952171 ) ) ;
#94 = CARTESIAN_POINT ( 'NONE',  ( -6.022226665352330421, 19.05454903856074722, -11.83846162592394968 ) ) ;
#95 = CARTESIAN_POINT ( 'NONE',  ( -0.02628122518672594901, 14.54932528263359615, 18.57171614727229070 ) ) ;
#96 = CARTESIAN_POINT ( 'NONE',  ( -7.557518298934542621E-09, 97.61926551681932551, -20.76944373190767834 ) ) ;
#97 = CARTESIAN_POINT ( 'NONE',  ( 12.37234960416139096, 14.54951120387274699, 6.208092053296706325 ) ) ;
#98 = CARTESIAN_POINT ( 'NONE',  ( -7.021786183984454865, 0.7781659098245270467, -14.04632760559208116 ) ) ;
#99 = CARTESIAN_POINT ( 'NONE',  ( 6.903061144393149995, 39.65826265578689913, 13.83242919291379103 ) ) ;
#100 = CARTESIAN_POINT ( 'NONE',  ( 16.39661822717506467, 28.67845071030387771, -1.920303447287254439 ) ) ;
#101 = CARTESIAN_POINT ( 'NONE',  ( 0.000000000000000000, 0.000000000000000000, 0.000000000000000000 ) ) ;
#102 = CARTESIAN_POINT ( 'NONE',  ( 1.342226027444966885, 94.17821756865636473, -18.78888007385064185 ) ) ;
#103 = ORIENTED_EDGE ( 'NONE', *, *, #878, .T. ) ;
#104 = CARTESIAN_POINT ( 'NONE',  ( -12.94072034273995087, 90.21645868958056269, 6.463224418085178336 ) ) ;
#105 = CARTESIAN_POINT ( 'NONE',  ( 18.57171614727229070, 85.45067471736639675, -0.02628122518672582411 ) ) ;
#106 = CARTESIAN_POINT ( 'NONE',  ( 0.0001491040163336214950, 94.18121756456373816, -20.13150668522608200 ) ) ;
#107 = CARTESIAN_POINT ( 'NONE',  ( 0.5892391154610685522, 23.99337244113288747, -17.19127384186176144 ) ) ;
#108 = CARTESIAN_POINT ( 'NONE',  ( 18.78890347976380326, 94.17821756875866868, -1.341883384915485866 ) ) ;
#109 = ORIENTED_EDGE ( 'NONE', *, *, #476, .F. ) ;
#110 = CARTESIAN_POINT ( 'NONE',  ( -1.920303447287258436, 28.67845071030387771, -16.39661822717506823 ) ) ;
#111 = CARTESIAN_POINT ( 'NONE',  ( 6.710428778110141934, 94.18715552483641318, 13.42214278624858537 ) ) ;
#112 = CARTESIAN_POINT ( 'NONE',  ( 21.21320343559642652, 8.057294642594831309E-16, 2.949029909160572061E-14 ) ) ;
#113 = ADVANCED_FACE ( 'NONE', ( #23 ), #342, .T. ) ;
#114 = CARTESIAN_POINT ( 'NONE',  ( -20.97802609660231710, 97.62398135912290797, 0.2077349734335514342 ) ) ;
#115 = CARTESIAN_POINT ( 'NONE',  ( 11.65665915349493886, 66.67889863561980235, -2.368815594791313206 ) ) ;
#116 = CARTESIAN_POINT ( 'NONE',  ( -19.47131493732775809, 90.21581281707807420, -0.07321020733003251457 ) ) ;
#117 = CARTESIAN_POINT ( 'NONE',  ( 2.368815594800287805, 66.67889863566806241, 11.65665915349527815 ) ) ;
#118 = CARTESIAN_POINT ( 'NONE',  ( -18.33621118746707879, 84.02745051882263283, -0.02627688765420322162 ) ) ;
#119 = CARTESIAN_POINT ( 'NONE',  ( -18.63355618862406615, 85.45079184054021937, 0.08827545295121656810 ) ) ;
#120 = CARTESIAN_POINT ( 'NONE',  ( 15.40928061599728949, 66.67889987063878721, 4.151416907682907720 ) ) ;
#121 = CARTESIAN_POINT ( 'NONE',  ( -13.85552709006839933, 60.34173736564331847, -6.972179444958632288 ) ) ;
#122 = CARTESIAN_POINT ( 'NONE',  ( 14.04632756825170681, 99.22182893721037544, 7.021785222393095438 ) ) ;
#123 = CARTESIAN_POINT ( 'NONE',  ( -16.92957368007296992, 74.96698119290952889, -0.2943803517617445964 ) ) ;
#124 = SHAPE_DEFINITION_REPRESENTATION ( #742, #572 ) ;
#125 = CARTESIAN_POINT ( 'NONE',  ( -12.07806864269760183, 53.98024522891740418, -9.269768308907730514 ) ) ;
#126 = CARTESIAN_POINT ( 'NONE',  ( 14.14213562372265898, 1.049354039123644209E-15, 7.071067811857208341 ) ) ;
#127 = CARTESIAN_POINT ( 'NONE',  ( 0.02628122518672263222, 14.54932528263360858, -18.57171614727230136 ) ) ;
#128 = CARTESIAN_POINT ( 'NONE',  ( -5.520695133062046622, 60.34173691572079434, 13.37047124982215607 ) ) ;
#129 = CARTESIAN_POINT ( 'NONE',  ( -18.61715484501998219, 85.68283048984595496, 0.0005232531370155490795 ) ) ;
#130 = CARTESIAN_POINT ( 'NONE',  ( -18.57173751148065932, 85.45078920160030123, 0.02628205400733136729 ) ) ;
#131 = CARTESIAN_POINT ( 'NONE',  ( 6.710629148211414652, 5.812844475164480329, 13.42202570762034064 ) ) ;
#132 = CARTESIAN_POINT ( 'NONE',  ( -20.13150668522605713, 94.18121756456370974, -0.0001491040163232090071 ) ) ;
#133 = CARTESIAN_POINT ( 'NONE',  ( -12.45006312414215977, 39.65826293745750775, 7.365019011347962774 ) ) ;
#134 = CARTESIAN_POINT ( 'NONE',  ( -16.40322673016109079, 71.64404374007945364, -1.735050021516707286 ) ) ;
#135 = CARTESIAN_POINT ( 'NONE',  ( -9.358175964050207796, 46.01975477037213835, -11.94540576570157953 ) ) ;
#136 = CARTESIAN_POINT ( 'NONE',  ( -17.81947169935566322, 19.05463730613203310, 0.1236008690208753591 ) ) ;
#137 = ORIENTED_EDGE ( 'NONE', *, *, #612, .T. ) ;
#138 = CARTESIAN_POINT ( 'NONE',  ( -1.199931812651880980, 27.27019993457267333, -16.58548322609237857 ) ) ;
#139 = CARTESIAN_POINT ( 'NONE',  ( -21.28391411371507047, 100.0000000000000000, 0.07071067811869351238 ) ) ;
#140 = CARTESIAN_POINT ( 'NONE',  ( -21.20584765541622829, 99.20716476302104070, -0.1403456211666830322 ) ) ;
#141 = CARTESIAN_POINT ( 'NONE',  ( 1.541976423090495160E-14, -5.122010629522837625E-16, -7.071067811865518138 ) ) ;
#142 = CARTESIAN_POINT ( 'NONE',  ( -9.287429281988613283, 53.98024525078126601, 11.93657528294845172 ) ) ;
#143 = CARTESIAN_POINT ( 'NONE',  ( -10.60660171779806937, 100.0000000000010374, -10.60660171779852590 ) ) ;
#144 = CARTESIAN_POINT ( 'NONE',  ( 1.064769140701355310, 33.32110077127277492, -12.40718346812131578 ) ) ;
#145 =( NAMED_UNIT ( * ) SI_UNIT ( $, .STERADIAN. ) SOLID_ANGLE_UNIT ( ) );
#146 = CARTESIAN_POINT ( 'NONE',  ( -3.469446951953614189E-13, 1.536603188856783347E-15, 21.21320343559622046 ) ) ;
#147 = CARTESIAN_POINT ( 'NONE',  ( -1.920303447290794496, 71.32154928967707974, 16.39661822717493322 ) ) ;
#148 = LINE ( 'NONE', #464, #631 ) ;
#149 = CARTESIAN_POINT ( 'NONE',  ( 12.64301234686419839, 0.7723525956283793237, -8.426169683349527872 ) ) ;
#150 = CARTESIAN_POINT ( 'NONE',  ( 7.071067811865606956, 100.0000000000005258, 14.14213562373091548 ) ) ;
#151 = CARTESIAN_POINT ( 'NONE',  ( -20.90784484167432922, 97.61890361860908172, -0.1384723475483666810 ) ) ;
#152 = FACE_OUTER_BOUND ( 'NONE', #65, .T. ) ;
#153 = CARTESIAN_POINT ( 'NONE',  ( 0.02628122518679364139, 85.45067471736666675, 18.57171614727229070 ) ) ;
#154 = CARTESIAN_POINT ( 'NONE',  ( -12.65166145538599984, 76.00662008675391235, -4.208519116568167462 ) ) ;
#155 = VECTOR ( 'NONE', #695, 1000.000000000000114 ) ;
#156 = CARTESIAN_POINT ( 'NONE',  ( -7.557517431599274412E-09, 97.61926551681935393, -20.76944373190767834 ) ) ;
#157 = CARTESIAN_POINT ( 'NONE',  ( -13.83242909550487809, 39.65826317777138854, 6.903061148172112915 ) ) ;
#158 = CARTESIAN_POINT ( 'NONE',  ( 17.08055177267664249, 76.00662836346280926, -0.4722206291259864464 ) ) ;
#159 = CARTESIAN_POINT ( 'NONE',  ( 5.168855937052780902, 9.783859533672909947, -14.23389470810211499 ) ) ;
#160 = CARTESIAN_POINT ( 'NONE',  ( 19.79898987322912163, 8.544543792337620583E-16, 1.414213562378916933 ) ) ;
#161 = CARTESIAN_POINT ( 'NONE',  ( 0.1405009537226185601, 0.7928351633673733634, -21.20584765488420231 ) ) ;
#162 = CARTESIAN_POINT ( 'NONE',  ( -9.212850497748357625, 60.34173819231382652, 6.920599233366621306 ) ) ;
#163 = CARTESIAN_POINT ( 'NONE',  ( 0.0002345069820118540977, 10.49559320895758141, -19.28479382189167168 ) ) ;
#164 = CARTESIAN_POINT ( 'NONE',  ( 5.368090069827395006, 5.815696220066446820, -14.76390913915341407 ) ) ;
#165 = CARTESIAN_POINT ( 'NONE',  ( 4.901941157677507377, 66.67890049470855729, -14.10523422175194419 ) ) ;
#166 = CARTESIAN_POINT ( 'NONE',  ( 0.2122612629483229818, 14.54933937372374864, -18.75716807198261549 ) ) ;
#167 = CARTESIAN_POINT ( 'NONE',  ( -14.65875643547914109, 33.32109971941967785, 2.847370391426296887 ) ) ;
#168 = CARTESIAN_POINT ( 'NONE',  ( 15.40928061599728061, 66.67889987063878721, 4.151416907682909496 ) ) ;
#169 = CARTESIAN_POINT ( 'NONE',  ( 15.17548971940372482, 28.67845301265890967, -2.885391088819441840 ) ) ;
#170 = CARTESIAN_POINT ( 'NONE',  ( 6.710629148243308251, 94.18715552498152022, -13.42202570765465452 ) ) ;
#171 = CARTESIAN_POINT ( 'NONE',  ( -13.42170806591377819, 5.815174008041361198, -6.710411913218564450 ) ) ;
#172 = CARTESIAN_POINT ( 'NONE',  ( 16.39661822717507533, 71.32154928969609387, 1.920303447287254217 ) ) ;
#173 = CARTESIAN_POINT ( 'NONE',  ( 1.920303447287247778, 71.32154928969610808, -16.39661822717506823 ) ) ;
#174 = CARTESIAN_POINT ( 'NONE',  ( 17.33186570873320420, 14.54923135089410557, 1.262645992329950895 ) ) ;
#175 = CARTESIAN_POINT ( 'NONE',  ( -6.173050370721153257, 85.45048879612721748, 12.38987097439794205 ) ) ;
#176 = CARTESIAN_POINT ( 'NONE',  ( 5.520695133091002127, 39.65826308440739467, 13.37047124981804025 ) ) ;
#177 = CARTESIAN_POINT ( 'NONE',  ( 1.920303447287247778, 71.32154928969610808, -16.39661822717506823 ) ) ;
#178 = CARTESIAN_POINT ( 'NONE',  ( 7.365019012382728825, 60.34173691573693077, -12.45006309671776989 ) ) ;
#179 = CARTESIAN_POINT ( 'NONE',  ( -7.904038138010684555, 33.32110136479190032, -8.889047885378174030 ) ) ;
#180 = CARTESIAN_POINT ( 'NONE',  ( -1.404213425028671081, 0.8014191666125077829, 19.65958864051892618 ) ) ;
#181 = CARTESIAN_POINT ( 'NONE',  ( -0.4722206291259838928, 76.00662836346279505, -17.08055177267662117 ) ) ;
#182 = CARTESIAN_POINT ( 'NONE',  ( -9.499669327877258596, 46.01975477177145990, -11.96306673884172334 ) ) ;
#183 = CARTESIAN_POINT ( 'NONE',  ( 12.37234960416131635, 85.45048879612716064, -6.208092053296710766 ) ) ;
#184 = EDGE_LOOP ( 'NONE', ( #704, #765, #373, #109 ) ) ;
#185 = CARTESIAN_POINT ( 'NONE',  ( -9.287429280132290188, 46.01975473927124938, -11.93657528302044391 ) ) ;
#186 = CARTESIAN_POINT ( 'NONE',  ( 20.76944373190769255, 97.61926551681935393, -7.557526394623989571E-09 ) ) ;
#187 = APPLICATION_CONTEXT ( 'automotive_design' ) ;
#188 = EDGE_CURVE ( 'NONE', #939, #496, #534, .T. ) ;
#189 = CARTESIAN_POINT ( 'NONE',  ( 9.287429280132279530, 53.98024526072872220, -11.93657528302045989 ) ) ;
#190 = DIRECTION ( 'NONE',  ( 1.000000000000000000, 0.000000000000000000, 0.000000000000000000 ) ) ;
#191 = CARTESIAN_POINT ( 'NONE',  ( -0.2014855365997219039, 5.822691685823262908, -20.33208367481482171 ) ) ;
#192 = CARTESIAN_POINT ( 'NONE',  ( 13.42214278625416313, 94.18715552483553211, -6.710428778112869530 ) ) ;
#193 = CARTESIAN_POINT ( 'NONE',  ( -0.0001491040163300704890, 5.818782435436300915, -20.13150668522606423 ) ) ;
#194 = CARTESIAN_POINT ( 'NONE',  ( 6.463224418084947409, 90.21645868958087533, 12.94072034273926164 ) ) ;
#195 = DIRECTION ( 'NONE',  ( 0.7071067811865502373, -2.436245748657857741E-17, -0.7071067811865449082 ) ) ;
#196 = CARTESIAN_POINT ( 'NONE',  ( -0.2076704542688241339, 2.376018640858368780, -20.97802673466455303 ) ) ;
#197 = CARTESIAN_POINT ( 'NONE',  ( 20.76944373190769255, 97.61926551681935393, -7.557526972723976072E-09 ) ) ;
#198 = CARTESIAN_POINT ( 'NONE',  ( -15.91036832081545782, 76.00663640866039827, 1.579442914262507935 ) ) ;
#199 = CARTESIAN_POINT ( 'NONE',  ( 1.404213562390039582, 99.19858156950448347, 19.65958863518621413 ) ) ;
#200 = CARTESIAN_POINT ( 'NONE',  ( -17.12824836286227992, 76.30955493429189573, 0.02387240268463792364 ) ) ;
#201 = CARTESIAN_POINT ( 'NONE',  ( -6.972179449059356493, 39.65826319021442714, -13.85552698641472880 ) ) ;
#202 = CARTESIAN_POINT ( 'NONE',  ( 1.404252323874714214, 0.8014184304952673976, 19.65958864584251486 ) ) ;
#203 = CARTESIAN_POINT ( 'NONE',  ( -21.21320343559641586, 100.0000000000000000, 4.163336342344337027E-14 ) ) ;
#204 = CARTESIAN_POINT ( 'NONE',  ( -10.29097815724946052, 28.67844794125542407, 6.745741741301932493 ) ) ;
#205 = CARTESIAN_POINT ( 'NONE',  ( -16.77131192004722848, 73.91621771914557826, -0.6769914157582441749 ) ) ;
#206 = CARTESIAN_POINT ( 'NONE',  ( -0.03553613124348688201, 14.54920815945516033, -18.63373140231072966 ) ) ;
#207 = CARTESIAN_POINT ( 'NONE',  ( 12.94072034273988869, 90.21645868958047743, -6.463224418085295575 ) ) ;
#208 = CARTESIAN_POINT ( 'NONE',  ( -15.43153018174936442, 71.32154698755826416, -0.6991753954353702172 ) ) ;
#209 = CARTESIAN_POINT ( 'NONE',  ( 1.285840818519198514, 90.21546131233914423, 18.11338380101326351 ) ) ;
#210 = CARTESIAN_POINT ( 'NONE',  ( -18.06202928720805545, 82.37096436183354342, -0.03771347735602746665 ) ) ;
#211 = CARTESIAN_POINT ( 'NONE',  ( -0.1379302552424604422, 9.784630745414411024, -19.53589242680813598 ) ) ;
#212 = PRESENTATION_STYLE_ASSIGNMENT (( #1005 ) ) ;
#213 = CARTESIAN_POINT ( 'NONE',  ( -7.071067811848921636, 7.558256378185986281E-16, 14.14213562371438648 ) ) ;
#214 = CARTESIAN_POINT ( 'NONE',  ( -20.13082435424875527, 5.822438837663437283, 0.0001755749205653342850 ) ) ;
#215 = CARTESIAN_POINT ( 'NONE',  ( -0.5321479144812290007, 25.74154762367700400, -16.82369548683215399 ) ) ;
#216 = CARTESIAN_POINT ( 'NONE',  ( -0.2432213525796508291, 19.05463885660524426, -17.93744388232714115 ) ) ;
#217 = SURFACE_STYLE_FILL_AREA ( #692 ) ;
#218 = CARTESIAN_POINT ( 'NONE',  ( 0.07028490189403148458, 0.7932253453330210258, -21.13556315423073784 ) ) ;
#219 = CARTESIAN_POINT ( 'NONE',  ( -11.93657527920352912, 46.01975475972506047, 9.287429280280367294 ) ) ;
#220 = CARTESIAN_POINT ( 'NONE',  ( -6.903061144467876886, 60.34173734381260346, 13.83242919291088491 ) ) ;
#221 = CARTESIAN_POINT ( 'NONE',  ( -0.002936286223516225251, 7.345107778585716396, -19.85331358104466304 ) ) ;
#222 = EDGE_CURVE ( 'NONE', #496, #815, #596, .T. ) ;
#223 = CARTESIAN_POINT ( 'NONE',  ( -19.47129056099157651, 90.21537865960875990, 0.05616381613869516481 ) ) ;
#224 = CARTESIAN_POINT ( 'NONE',  ( -4.336808689942017736E-14, -1.536603188856836201E-15, -21.21320343559641586 ) ) ;
#225 = LINE ( 'NONE', #843, #897 ) ;
#226 = CARTESIAN_POINT ( 'NONE',  ( -16.39661770357123771, 28.67845351613610561, 1.920303467600367853 ) ) ;
#227 = CARTESIAN_POINT ( 'NONE',  ( -8.052565601741758172, 94.18939256100192381, -12.08045259442240571 ) ) ;
#228 = CARTESIAN_POINT ( 'NONE',  ( -14.14213562373107180, 100.0000000000008527, -7.071067811865543007 ) ) ;
#229 = CARTESIAN_POINT ( 'NONE',  ( 8.413408858487514408E-14, 100.0000000000017053, -21.21320343559660060 ) ) ;
#230 = CARTESIAN_POINT ( 'NONE',  ( 4.683753385137379155E-14, 100.0000000000000000, 21.21320343559641941 ) ) ;
#231 = CARTESIAN_POINT ( 'NONE',  ( 21.06527865357728402, 99.20638447270133042, -6.885006546035938896E-05 ) ) ;
#232 = CARTESIAN_POINT ( 'NONE',  ( -8.426289036519060360, 99.22764740438083209, -12.64301234680115193 ) ) ;
#233 = CARTESIAN_POINT ( 'NONE',  ( 1.920303447287251775, 28.67845071030387771, 16.39661822717507178 ) ) ;
#234 = CARTESIAN_POINT ( 'NONE',  ( -19.66008821626467196, 0.7987413859757362955, 1.404232943131374034 ) ) ;
#235 = CARTESIAN_POINT ( 'NONE',  ( 0.02628122518678783701, 85.45067471736662412, 18.57171614727229070 ) ) ;
#236 = CARTESIAN_POINT ( 'NONE',  ( 20.76944373190769255, 97.61926551681935393, -7.557526972723976072E-09 ) ) ;
#237 = CARTESIAN_POINT ( 'NONE',  ( -3.627694729054634415, 46.01975471369950554, -11.23013635352573836 ) ) ;
#238 = CARTESIAN_POINT ( 'NONE',  ( 1.301702513419944474, 90.21546131229904120, -18.11225094204635511 ) ) ;
#239 = CARTESIAN_POINT ( 'NONE',  ( -20.33289716604539521, 94.18166756393448225, -0.2014539773560978242 ) ) ;
#240 = FACE_OUTER_BOUND ( 'NONE', #571, .T. ) ;
#241 = CARTESIAN_POINT ( 'NONE',  ( -11.57118046901861597, 28.67844794127178787, -4.185337117857934608 ) ) ;
#242 = CARTESIAN_POINT ( 'NONE',  ( -11.93657527920352912, 46.01975475972506047, 9.287429280280367294 ) ) ;
#243 = CARTESIAN_POINT ( 'NONE',  ( -1.920303467603921899, 28.67845351615513749, -16.39661770357109916 ) ) ;
#244 = CARTESIAN_POINT ( 'NONE',  ( 18.78890347976403064, 5.821782431241318001, 1.341883384917101463 ) ) ;
#245 = CARTESIAN_POINT ( 'NONE',  ( -13.90172288437764259, 60.34173740850382472, -7.110416046089636843 ) ) ;
#246 = CARTESIAN_POINT ( 'NONE',  ( -9.212850497761881030, 39.65826180715612281, -6.920599233370950287 ) ) ;
#247 = CARTESIAN_POINT ( 'NONE',  ( 13.83242919291377682, 60.34173734421306534, 6.903061144393152659 ) ) ;
#248 = CARTESIAN_POINT ( 'NONE',  ( -1.579442914404126208, 76.00663640941941424, -15.91036832080997776 ) ) ;
#249 = CARTESIAN_POINT ( 'NONE',  ( 10.17047794495971047, 53.98024530997727766, -4.861907101372105799 ) ) ;
#250 = CARTESIAN_POINT ( 'NONE',  ( -12.37234960416124707, 85.45048879612721748, 6.208092053296689450 ) ) ;
#251 = CARTESIAN_POINT ( 'NONE',  ( -6.885006545551072843E-05, 0.7936155272986729070, 21.06527865357728402 ) ) ;
#252 = CARTESIAN_POINT ( 'NONE',  ( -0.02628122518672454735, 85.45067471736638254, -18.57171614727228715 ) ) ;
#253 = CARTESIAN_POINT ( 'NONE',  ( -19.79898987322334847, 100.0000000000000000, 1.414213562373112465 ) ) ;
#254 = CARTESIAN_POINT ( 'NONE',  ( 10.52164164237111699, 53.98024523586994405, 9.464039014957217333 ) ) ;
#255 = CARTESIAN_POINT ( 'NONE',  ( 9.287429280132279530, 53.98024526072872220, -11.93657528302045989 ) ) ;
#256 = CARTESIAN_POINT ( 'NONE',  ( 14.04632764288104774, 0.7781710626407115639, 7.021872952626313946 ) ) ;
#257 = CARTESIAN_POINT ( 'NONE',  ( -13.84498257504855623, 97.61210238282058071, 6.923116608562365215 ) ) ;
#258 = CARTESIAN_POINT ( 'NONE',  ( -1.285840812626044327, 9.784538719242162230, 18.11338380124202985 ) ) ;
#259 = CARTESIAN_POINT ( 'NONE',  ( 15.40928061599727172, 33.32110012936123411, -4.151416907682917490 ) ) ;
#260 = CARTESIAN_POINT ( 'NONE',  ( 0.1854878605436439676, 9.784153701542861015, -19.60081164109409357 ) ) ;
#261 = CARTESIAN_POINT ( 'NONE',  ( 21.21320343559643717, 100.0000000000000000, -4.163336342344337027E-14 ) ) ;
#262 = ORIENTED_EDGE ( 'NONE', *, *, #661, .T. ) ;
#263 = CARTESIAN_POINT ( 'NONE',  ( -1.342225974650796072, 5.821782714257092373, -18.78888007181979347 ) ) ;
#264 = CARTESIAN_POINT ( 'NONE',  ( 0.1236006255403767629, 19.05460367439168934, 17.81947797546447632 ) ) ;
#265 = CARTESIAN_POINT ( 'NONE',  ( 19.79898987322333781, 6.495739540513456549E-16, -1.414213562373066946 ) ) ;
#266 = CARTESIAN_POINT ( 'NONE',  ( -4.347023878771207883, 33.32109931628718158, -15.52185940626641880 ) ) ;
#267 = CARTESIAN_POINT ( 'NONE',  ( 0.6979642340834092407, 23.99336359133952712, 15.97333108081980590 ) ) ;
#268 = CARTESIAN_POINT ( 'NONE',  ( -17.13906094526966939, 76.00662796120290920, 0.4168595148691667807 ) ) ;
#269 = CARTESIAN_POINT ( 'NONE',  ( -6.463224459338381855, 9.783541089349350628, 12.94072034113985126 ) ) ;
#270 = CARTESIAN_POINT ( 'NONE',  ( -17.53818583301368506, 79.05456010769583486, 0.1076522204225447282 ) ) ;
#271 = CARTESIAN_POINT ( 'NONE',  ( -21.42533546995238325, 100.0000000000000000, 0.2121320343560042232 ) ) ;
#272 = CARTESIAN_POINT ( 'NONE',  ( 6.022226661951825655, 19.05454905678312372, 11.83846162579199301 ) ) ;
#273 = CARTESIAN_POINT ( 'NONE',  ( -1.213585693223947715, 14.54923134203269086, -17.33536998253683947 ) ) ;
#274 = CARTESIAN_POINT ( 'NONE',  ( -12.93500753243107937, 9.783801260574405134, 6.474551130380526764 ) ) ;
#275 = CARTESIAN_POINT ( 'NONE',  ( -18.71201880523655348, 86.23439091549384727, 0.005625879574719837989 ) ) ;
#276 = CARTESIAN_POINT ( 'NONE',  ( -13.90154739407038420, 60.34173680978035037, -6.879963255094516228 ) ) ;
#277 = CARTESIAN_POINT ( 'NONE',  ( 13.37047124982133894, 60.34173691560792463, 5.520695133083073358 ) ) ;
#278 = CARTESIAN_POINT ( 'NONE',  ( -1.303325656788877573, 19.05463127108254184, -16.62326798711578135 ) ) ;
#279 = CARTESIAN_POINT ( 'NONE',  ( 1.072603898026469160, 80.94536873152105727, 16.63974810296646822 ) ) ;
#280 = CARTESIAN_POINT ( 'NONE',  ( -6.699122476304620655, 39.29153955465894654, -13.88659665678350130 ) ) ;
#281 = CARTESIAN_POINT ( 'NONE',  ( -20.77026684759097819, 97.62367634105989112, 3.194017968567123834E-05 ) ) ;
#282 = CARTESIAN_POINT ( 'NONE',  ( 7.365019012411718968, 39.65826308439194747, 12.45006309672231914 ) ) ;
#283 = CARTESIAN_POINT ( 'NONE',  ( 6.885006544438516073E-05, 0.7936155272986686882, -21.06527865357727691 ) ) ;
#284 = CARTESIAN_POINT ( 'NONE',  ( 4.185337130785511839, 71.32155384635811401, 11.57118080259830961 ) ) ;
#285 = CARTESIAN_POINT ( 'NONE',  ( -2.188260683331812562, 29.26594478767199803, -16.24370595059645694 ) ) ;
#286 = CARTESIAN_POINT ( 'NONE',  ( -1.981359871498302949, 28.67845358083210527, -16.44487207229266090 ) ) ;
#287 = CARTESIAN_POINT ( 'NONE',  ( -6.920599171308690956, 39.65826214000106376, 9.212850500116800845 ) ) ;
#288 = CARTESIAN_POINT ( 'NONE',  ( -4.089504276279361861, 33.25500037160118438, -15.39985073145273375 ) ) ;
#289 = CARTESIAN_POINT ( 'NONE',  ( -13.83242909550198796, 60.34173682182815668, -6.903061148246829148 ) ) ;
#290 = CARTESIAN_POINT ( 'NONE',  ( -0.4722206291259772870, 23.99337163653721205, 17.08055177267663893 ) ) ;
#291 = EDGE_CURVE ( 'NONE', #59, #416, #431, .T. ) ;
#292 = CARTESIAN_POINT ( 'NONE',  ( -18.11227237501861254, 9.784423834947331144, 1.301701681932515564 ) ) ;
#293 = CARTESIAN_POINT ( 'NONE',  ( -0.0001491040163273599022, 94.18121756456370974, 20.13150668522607134 ) ) ;
#294 = CARTESIAN_POINT ( 'NONE',  ( -0.0001491040163164813700, 94.18121756456366711, 20.13150668522607845 ) ) ;
#295 = CARTESIAN_POINT ( 'NONE',  ( -4.281821553235394262, 33.32109933381713063, -15.48433319014418785 ) ) ;
#296 = CARTESIAN_POINT ( 'NONE',  ( -17.19757011786272471, 76.00662755894302336, 0.3614984006123410643 ) ) ;
#297 = CARTESIAN_POINT ( 'NONE',  ( -0.008493491813426307796, 90.21579607875703744, 19.40665154988421293 ) ) ;
#298 = ORIENTED_EDGE ( 'NONE', *, *, #222, .T. ) ;
#299 = CARTESIAN_POINT ( 'NONE',  ( 0.1307310121412800508, 22.62442975840992787, -17.28648163830433759 ) ) ;
#300 = CARTESIAN_POINT ( 'NONE',  ( -15.55634918610398110, 99.99999999999978684, -5.656854249492388576 ) ) ;
#301 = CARTESIAN_POINT ( 'NONE',  ( -20.13082435424874816, 5.822438837663437283, 0.0001755749205665420862 ) ) ;
#302 = CARTESIAN_POINT ( 'NONE',  ( -1.342226027464080040, 94.17821756875852657, 18.78888007387360659 ) ) ;
#303 = CARTESIAN_POINT ( 'NONE',  ( -21.21320343559634480, -8.057294642594698189E-16, -2.367897544708341684E-13 ) ) ;
#304 = CARTESIAN_POINT ( 'NONE',  ( -13.62624334000799031, 85.45057808640771668, -4.933189861503483264 ) ) ;
#305 = CARTESIAN_POINT ( 'NONE',  ( 7.071067811865508368, 100.0000000000008811, -14.14213562373107180 ) ) ;
#306 = CARTESIAN_POINT ( 'NONE',  ( -0.1236006255406033316, 80.94539632560707787, 17.81947797546447276 ) ) ;
#307 = CARTESIAN_POINT ( 'NONE',  ( -21.21320343559642652, -8.057294642594833281E-16, -3.122502256758252770E-14 ) ) ;
#308 = CARTESIAN_POINT ( 'NONE',  ( 0.1389936830993206418, 21.04025974577261948, -17.52437587294397403 ) ) ;
#309 = CARTESIAN_POINT ( 'NONE',  ( 12.45989563462627991, 2.390596218898046299, -8.307731325362817998 ) ) ;
#310 = CARTESIAN_POINT ( 'NONE',  ( 4.151416907682913937, 66.67889987063878721, -15.40928061599727883 ) ) ;
#311 = CARTESIAN_POINT ( 'NONE',  ( -9.260937819905628032, 46.01975473552947449, -12.14881532911691764 ) ) ;
#312 = CARTESIAN_POINT ( 'NONE',  ( 7.071067811865513697, 2.685764880864848613E-16, -6.938893903907228378E-15 ) ) ;
#313 = CARTESIAN_POINT ( 'NONE',  ( -15.40928075789917884, 33.32109936895250257, 4.151416902177854418 ) ) ;
#314 = CARTESIAN_POINT ( 'NONE',  ( 21.21320343559664678, 8.057294642594891460E-16, 1.001802807376606097E-13 ) ) ;
#315 = CARTESIAN_POINT ( 'NONE',  ( -1.285840812625547613, 90.21546128075786442, -18.11338380124215419 ) ) ;
#316 = VECTOR ( 'NONE', #772, 1000.000000000000000 ) ;
#317 = CARTESIAN_POINT ( 'NONE',  ( 6.923114710851514531, 97.61210238264536088, -13.84500390306534889 ) ) ;
#318 = CARTESIAN_POINT ( 'NONE',  ( 0.1208274097579535716, 9.784170441442828547, -19.53609161069080358 ) ) ;
#319 = CARTESIAN_POINT ( 'NONE',  ( -11.92086220540302932, 80.94545094321658496, 5.857425813506109691 ) ) ;
#320 = CARTESIAN_POINT ( 'NONE',  ( 4.151416907682909496, 33.32110012936124122, 15.40928061599728949 ) ) ;
#321 = CARTESIAN_POINT ( 'NONE',  ( -15.23002020728876893, 97.61554252604666715, -5.538715613256733228 ) ) ;
#322 = CARTESIAN_POINT ( 'NONE',  ( 15.91036832081563190, 23.99336359133979713, 1.579442914262547903 ) ) ;
#323 = PRODUCT_DEFINITION ( 'UNKNOWN', '', #687, #683 ) ;
#324 = CARTESIAN_POINT ( 'NONE',  ( -6.710629148215857320, 94.18715552483602949, 13.42202570761301850 ) ) ;
#325 = CARTESIAN_POINT ( 'NONE',  ( 9.287429280132306175, 46.01975473927130622, 11.93657528302045634 ) ) ;
#326 = CARTESIAN_POINT ( 'NONE',  ( -7.557518298934542621E-09, 97.61926551681932551, -20.76944373190767834 ) ) ;
#327 = PRODUCT ( 'ig tesdt', 'ig tesdt', '', ( #652 ) ) ;
#328 = CARTESIAN_POINT ( 'NONE',  ( 15.40928061599727705, 33.32110012936124122, -4.151416907682906832 ) ) ;
#329 = CARTESIAN_POINT ( 'NONE',  ( -6.923114264909359328, 2.387900007052291329, -13.84500388579430030 ) ) ;
#330 = CARTESIAN_POINT ( 'NONE',  ( 16.62326798715770337, 80.94536873179468728, 1.303325657297791373 ) ) ;
#331 = CARTESIAN_POINT ( 'NONE',  ( 19.38543689046343133, 2.377115159668271804, -1.384646023103978107 ) ) ;
#332 = CARTESIAN_POINT ( 'NONE',  ( 13.84498257504718666, 2.387897617179067122, 6.923116608567502439 ) ) ;
#333 = CARTESIAN_POINT ( 'NONE',  ( -12.37236321552461327, 14.54943826472995028, -6.208092581345273864 ) ) ;
#334 = CARTESIAN_POINT ( 'NONE',  ( 15.17548971940870395, 71.32154698755206823, 2.885391088864234010 ) ) ;
#335 = CARTESIAN_POINT ( 'NONE',  ( 21.06527865357727691, 0.7936155272986917808, 6.885006544737278824E-05 ) ) ;
#336 = CARTESIAN_POINT ( 'NONE',  ( -19.60072086441742911, 90.21535984957030507, 0.1854843397646505909 ) ) ;
#337 = CARTESIAN_POINT ( 'NONE',  ( 1.213585691570276515, 14.54923135089410202, 17.33536998247263128 ) ) ;
#338 = CARTESIAN_POINT ( 'NONE',  ( -11.05352662140483133, 53.98024531010550930, -2.212761089355839150 ) ) ;
#339 = CARTESIAN_POINT ( 'NONE',  ( -3.642919299551294898E-14, 1.536603188856796363E-15, 21.21320343559642652 ) ) ;
#340 = CARTESIAN_POINT ( 'NONE',  ( 5.520695133090605999, 60.34173691556762265, -13.37047124982164803 ) ) ;
#341 = CARTESIAN_POINT ( 'NONE',  ( 0.1384646106236766538, 2.381096415531906541, -20.90784441605203625 ) ) ;
#342 = B_SPLINE_SURFACE_WITH_KNOTS ( 'NONE', 3, 3, ( 
 ( #271, #634, #114, #397, #336, #569, #713, #348, #950, #658, #891, #665, #182, #973, #266, #979, #582, #576, #903, #898, #191, #196, #432, #919 ),
 ( #753, #846, #914, #587, #826, #375, #1004, #995, #46, #521, #748, #125, #438, #447, #295, #41, #985, #216, #606, #211, #360, #516, #525, #56 ),
 ( #139, #926, #51, #370, #223, #119, #836, #354, #909, #671, #276, #762, #135, #201, #685, #286, #676, #511, #206, #451, #1000, #758, #365, #831 ),
 ( #691, #990, #281, #602, #592, #130, #443, #681, #597, #841, #289, #922, #767, #61, #947, #243, #866, #871, #717, #465, #624, #87, #71, #941 ),
 ( #300, #773, #321, #1020, #862, #304, #470, #154, #460, #711, #931, #637, #237, #545, #144, #696, #937, #456, #535, #159, #164, #851, #701, #613 ),
 ( #67, #232, #1015, #227, #550, #380, #787, #384, #475, #618, #783, #530, #792, #400, #540, #10, #77, #856, #390, #1010, #82, #309, #149, #778 ),
 ( #955, #706, #395, #5, #315, #632, #896, #248, #657, #559, #340, #664, #890, #647, #886, #169, #564, #972, #555, #643, #741, #331, #481, #265 ),
 ( #406, #485, #96, #347, #410, #963, #819, #181, #177, #967, #877, #255, #27, #33, #259, #797, #493, #568, #92, #722, #811, #14, #335, #112 ) ),
 .UNSPECIFIED., .F., .F., .F.,
 ( 4, 3, 1, 4 ),
 ( 4, 1, 1, 1, 1, 1, 1, 1, 1, 1, 1, 1, 1, 1, 1, 1, 1, 1, 1, 1, 1, 4 ),
 ( -0.01000000000000000021, 0.000000000000000000, 0.7999999999999998224, 1.000000000000000000 ),
 ( 0.000000000000000000, 0.02302731969521121594, 0.04605211722094714605, 0.09974801738465545464, 0.1380634897318202547, 0.1839976406938562403, 0.2306855618272215247, 0.2786343044011795889, 0.3277662081544264194, 0.3772082134260361652, 0.4754906379697915741, 0.5245093620302082593, 0.6227917865739638348, 0.6722337918455735251, 0.7213656955988203556, 0.7693144381727785586, 0.8160023593061439540, 0.8619365102681800783, 0.9002519826153446703, 0.9539478827790534021, 0.9769726803047892316, 1.000000000000000000 ),
 .UNSPECIFIED. ) ;
#343 = CARTESIAN_POINT ( 'NONE',  ( 13.83242919291378392, 60.34173734421305113, 6.903061144393146442 ) ) ;
#344 = ORIENTED_EDGE ( 'NONE', *, *, #188, .F. ) ;
#345 = CARTESIAN_POINT ( 'NONE',  ( -6.903061144393167758, 39.65826265578691334, -13.83242919291376793 ) ) ;
#346 = CARTESIAN_POINT ( 'NONE',  ( -6.710429147802615901, 5.812842494052295805, 13.42214277191377469 ) ) ;
#347 = CARTESIAN_POINT ( 'NONE',  ( 0.0001491040163336214950, 94.18121756456373816, -20.13150668522608200 ) ) ;
#348 = CARTESIAN_POINT ( 'NONE',  ( -17.24663705802459646, 76.00663884705248563, 0.6477484432404252424 ) ) ;
#349 = CARTESIAN_POINT ( 'NONE',  ( 1.414213562373064725, 1.487878273883603204E-15, 19.79898987322332715 ) ) ;
#350 = CARTESIAN_POINT ( 'NONE',  ( -18.78890347976381037, 94.17821756875859762, 1.341883384915508959 ) ) ;
#351 = CARTESIAN_POINT ( 'NONE',  ( -13.84552831888370328, 2.385087433996319728, 6.923094366278268019 ) ) ;
#352 = CARTESIAN_POINT ( 'NONE',  ( -17.79632530272778723, 80.71329360943541076, 0.009406708690152533817 ) ) ;
#353 = DIRECTION ( 'NONE',  ( 0.000000000000000000, 0.000000000000000000, 1.000000000000000000 ) ) ;
#354 = CARTESIAN_POINT ( 'NONE',  ( -17.13591475434655464, 76.00663839499709695, 0.5307299478233507006 ) ) ;
#355 = CARTESIAN_POINT ( 'NONE',  ( 11.22962471933022144, 76.00661243941897283, -6.008330940710867374 ) ) ;
#356 = CARTESIAN_POINT ( 'NONE',  ( -1.301702507527236152, 9.784538719242137361, -18.11225094181834905 ) ) ;
#357 = CARTESIAN_POINT ( 'NONE',  ( -8.889047975788409772, 33.32110087991537739, 7.904038134580293473 ) ) ;
#358 = CARTESIAN_POINT ( 'NONE',  ( -11.75814802597444597, 53.51468853999490705, -9.413953002904207779 ) ) ;
#359 = CARTESIAN_POINT ( 'NONE',  ( 21.21320343559637678, 99.99999999999948841, 6.938893903907228378E-15 ) ) ;
#360 = CARTESIAN_POINT ( 'NONE',  ( -0.1343822160403590205, 5.822607403103301493, -20.26499723462612934 ) ) ;
#361 = CARTESIAN_POINT ( 'NONE',  ( 6.923114710890261314, 2.387897617179691956, 13.84500390310629214 ) ) ;
#362 = CARTESIAN_POINT ( 'NONE',  ( -0.1236006255403935411, 19.05460367439165736, -17.81947797546448342 ) ) ;
#363 = CARTESIAN_POINT ( 'NONE',  ( -4.185337131071353411, 28.67844615211125614, 11.57118080258777049 ) ) ;
#364 = CARTESIAN_POINT ( 'NONE',  ( -3.626666486707169845, 32.25583108455742121, -15.62717073304133919 ) ) ;
#365 = CARTESIAN_POINT ( 'NONE',  ( -0.07021164715818785373, 0.8033449417478437660, -21.13367471647243434 ) ) ;
#366 = SURFACE_SIDE_STYLE ('',( #217 ) ) ;
#367 = CARTESIAN_POINT ( 'NONE',  ( -15.17548986679562262, 28.67845222262243965, 2.885391083141982893 ) ) ;
#368 = VECTOR ( 'NONE', #913, 999.9999999999998863 ) ;
#369 = CARTESIAN_POINT ( 'NONE',  ( -17.04843529807747160, 75.76971363316940256, -0.07764642244070890653 ) ) ;
#370 = CARTESIAN_POINT ( 'NONE',  ( -20.19791196473164518, 94.17747687962194902, 0.06692657513776358036 ) ) ;
#371 = STYLED_ITEM ( 'NONE', ( #212 ), #960 ) ;
#372 = CARTESIAN_POINT ( 'NONE',  ( -19.79898987321755044, -6.495739540507077622E-16, 1.414213562367281796 ) ) ;
#373 = ORIENTED_EDGE ( 'NONE', *, *, #661, .F. ) ;
#374 = CARTESIAN_POINT ( 'NONE',  ( 10.60660171779815997, 1.171166326558136493E-15, 10.60660171779819194 ) ) ;
#375 = CARTESIAN_POINT ( 'NONE',  ( -18.69537486576747654, 85.45079447948013751, 0.1502688518951017793 ) ) ;
#376 = CARTESIAN_POINT ( 'NONE',  ( -7.557518297015483600E-09, 2.380734483180664718, 20.76944373190768545 ) ) ;
#377 = CARTESIAN_POINT ( 'NONE',  ( 0.4722206291268633005, 76.00662836346751305, 17.08055177267666025 ) ) ;
#378 = CARTESIAN_POINT ( 'NONE',  ( -0.1236006255406037896, 80.94539632560710629, 17.81947797546447276 ) ) ;
#379 = CARTESIAN_POINT ( 'NONE',  ( -0.1236006255406033316, 80.94539632560707787, 17.81947797546447276 ) ) ;
#380 = CARTESIAN_POINT ( 'NONE',  ( -7.444453553655462130, 85.45041875312955426, -11.13247057859607203 ) ) ;
#381 = CARTESIAN_POINT ( 'NONE',  ( 6.885006546961133333E-05, 99.20638447270133042, 21.06527865357728402 ) ) ;
#382 = CARTESIAN_POINT ( 'NONE',  ( -1.414213562373054733, 100.0000000000000000, 19.79898987322332005 ) ) ;
#383 = CARTESIAN_POINT ( 'NONE',  ( -21.06350393024081313, 0.8031257248062898535, -1.424426071525986806E-12 ) ) ;
#384 = CARTESIAN_POINT ( 'NONE',  ( -7.115552946048207872, 76.00660644027811941, -10.05943881900835102 ) ) ;
#385 = CARTESIAN_POINT ( 'NONE',  ( 14.14213562373099187, 99.99999999999998579, 7.071067811865461294 ) ) ;
#386 = CARTESIAN_POINT ( 'NONE',  ( 14.14213562373101141, 1.049354039125253682E-15, 7.071067811865503039 ) ) ;
#387 = PRESENTATION_LAYER_ASSIGNMENT (  '', '', ( #371 ) ) ;
#388 = CARTESIAN_POINT ( 'NONE',  ( -1.384645959393957293, 97.62288449892191977, 19.38543688798650066 ) ) ;
#389 = CARTESIAN_POINT ( 'NONE',  ( -17.08055360250752130, 23.99336183103524078, -0.4722207001139339666 ) ) ;
#390 = CARTESIAN_POINT ( 'NONE',  ( 11.15349622180114508, 14.54958124687007803, -7.412916525626409125 ) ) ;
#391 = CARTESIAN_POINT ( 'NONE',  ( -15.52185923708680093, 66.67889977704477644, -4.347023885351284811 ) ) ;
#392 = CARTESIAN_POINT ( 'NONE',  ( -18.57173751148066287, 14.54921079839990661, -0.02628205400724615073 ) ) ;
#393 = ORIENTED_EDGE ( 'NONE', *, *, #291, .F. ) ;
#394 = CARTESIAN_POINT ( 'NONE',  ( 0.006496315082099724490, 13.64894787687309119, -18.73216735977289105 ) ) ;
#395 = CARTESIAN_POINT ( 'NONE',  ( -1.384723622328021486, 97.62288484033260261, -19.38543263176730136 ) ) ;
#396 = CARTESIAN_POINT ( 'NONE',  ( 19.65958863518838484, 0.8014184304956817329, 1.404213562391074754 ) ) ;
#397 = CARTESIAN_POINT ( 'NONE',  ( -20.33208718569866846, 94.17730831419237347, 0.2011308752565600932 ) ) ;
#398 = CARTESIAN_POINT ( 'NONE',  ( -6.745741728361909217, 71.32155384635851192, 10.29097849084304706 ) ) ;
#399 = CARTESIAN_POINT ( 'NONE',  ( 19.65958864585891064, 99.19858156960849271, 1.404252323887691389 ) ) ;
#400 = CARTESIAN_POINT ( 'NONE',  ( 5.538233267533335891, 39.65826148783710181, -9.674808369101388195 ) ) ;
#401 = PRODUCT_RELATED_PRODUCT_CATEGORY ( 'part', '', ( #327 ) ) ;
#402 = CARTESIAN_POINT ( 'NONE',  ( 20.13150668522606423, 5.818782435436301803, -0.0001491040163337871882 ) ) ;
#403 = CARTESIAN_POINT ( 'NONE',  ( 0.2121320343551263421, -1.543911926102805186E-15, -21.42533546995325366 ) ) ;
#404 = CARTESIAN_POINT ( 'NONE',  ( -7.021785222415043215, 99.22182893736349740, 14.04632756824620721 ) ) ;
#405 = CARTESIAN_POINT ( 'NONE',  ( 0.008493491813413666866, 9.784203921242777824, 19.40665154988422358 ) ) ;
#406 = CARTESIAN_POINT ( 'NONE',  ( -3.122502256758252770E-14, 100.0000000000000000, -21.21320343559642652 ) ) ;
#407 = CARTESIAN_POINT ( 'NONE',  ( 11.57118080259945891, 28.67844615363143390, 4.185337130787844195 ) ) ;
#408 = CARTESIAN_POINT ( 'NONE',  ( -7.071067811865403563, 99.99999999999991473, 14.14213562373098654 ) ) ;
#409 = CARTESIAN_POINT ( 'NONE',  ( 18.78888007385937087, 94.17821756865590999, 1.342226027452394277 ) ) ;
#410 = CARTESIAN_POINT ( 'NONE',  ( 0.008493491813418475520, 90.21579607875720797, -19.40665154988421293 ) ) ;
#411 = CARTESIAN_POINT ( 'NONE',  ( 11.65665915349103265, 33.32110136437324854, 2.368815594790294909 ) ) ;
#412 = CARTESIAN_POINT ( 'NONE',  ( -19.65958863518768851, 99.19858156950409978, 1.404213562386903646 ) ) ;
#413 = CARTESIAN_POINT ( 'NONE',  ( 21.21320343559643362, 100.0000000000000000, -3.642919299551294898E-14 ) ) ;
#414 = CARTESIAN_POINT ( 'NONE',  ( 17.08055177267662827, 23.99337163653721916, 0.4722206291259679056 ) ) ;
#415 = CARTESIAN_POINT ( 'NONE',  ( 1.414213562373071831, 99.99999999999995737, -19.79898987322332005 ) ) ;
#416 = VERTEX_POINT ( 'NONE', #684 ) ;
#417 = CARTESIAN_POINT ( 'NONE',  ( -6.923114710884525458, 97.61210238281888962, 13.84500390311551321 ) ) ;
#418 = CARTESIAN_POINT ( 'NONE',  ( 1.920303447287244003, 28.67845071030388482, 16.39661822717506823 ) ) ;
#419 = CARTESIAN_POINT ( 'NONE',  ( 8.413408858487514408E-14, 100.0000000000017053, -21.21320343559660060 ) ) ;
#420 = CARTESIAN_POINT ( 'NONE',  ( 0.1502679170277895493, 14.54933467669370195, -18.69535076374584293 ) ) ;
#421 = CARTESIAN_POINT ( 'NONE',  ( 2.885391088859962316, 28.67845301244176426, 15.17548971940530578 ) ) ;
#422 = ORIENTED_EDGE ( 'NONE', *, *, #505, .T. ) ;
#423 = CARTESIAN_POINT ( 'NONE',  ( 0.4722206291259656852, 23.99337163653721916, -17.08055177267662472 ) ) ;
#424 = CARTESIAN_POINT ( 'NONE',  ( 13.84500390308227757, 97.61210238264436612, 6.923114710864068044 ) ) ;
#425 = CARTESIAN_POINT ( 'NONE',  ( 20.76944373190767479, 2.380734483180670491, 7.557514538161196371E-09 ) ) ;
#426 =( NAMED_UNIT ( * ) SI_UNIT ( $, .STERADIAN. ) SOLID_ANGLE_UNIT ( ) );
#427 = CARTESIAN_POINT ( 'NONE',  ( 0.6477483586286199024, 23.99337284343071985, -17.24663487645432980 ) ) ;
#428 = CARTESIAN_POINT ( 'NONE',  ( 15.43153018174936442, 71.32154698755822153, 0.6991753954353741030 ) ) ;
#429 = CARTESIAN_POINT ( 'NONE',  ( -16.44487262944634054, 71.32154940480302230, -1.981359849879838153 ) ) ;
#430 = CARTESIAN_POINT ( 'NONE',  ( 0.008768971817238912364, 60.34173819230541369, 11.52263999881346734 ) ) ;
#431 = LINE ( 'NONE', #977, #57 ) ;
#432 = CARTESIAN_POINT ( 'NONE',  ( -0.2106349414718465263, 0.8037833756309461508, -21.27401628893569452 ) ) ;
#433 = CARTESIAN_POINT ( 'NONE',  ( 4.151416907682909496, 33.32110012936124122, 15.40928061599728949 ) ) ;
#434 = EDGE_CURVE ( 'NONE', #709, #929, #752, .T. ) ;
#435 = CARTESIAN_POINT ( 'NONE',  ( -16.63974810296645046, 80.94536873152073042, 1.072603898026397884 ) ) ;
#436 = CARTESIAN_POINT ( 'NONE',  ( 5.857425813505957812, 80.94545094321577494, 11.92086220540292452 ) ) ;
#437 = CARTESIAN_POINT ( 'NONE',  ( -16.57173933926838316, 72.64362416979729176, -1.244173443842005566 ) ) ;
#438 = CARTESIAN_POINT ( 'NONE',  ( -9.428922645963734084, 46.01975477107180268, -11.95423625227165232 ) ) ;
#439 = CARTESIAN_POINT ( 'NONE',  ( 7.071067811865540342, 1.292978613991078074E-15, 14.14213562373087996 ) ) ;
#440 = CARTESIAN_POINT ( 'NONE',  ( -1.404252186506298905, 0.8014191666116222690, -19.65958864050798738 ) ) ;
#441 = CARTESIAN_POINT ( 'NONE',  ( 11.54443851949327460, 76.00661243952397683, 5.378703431026361947 ) ) ;
#442 = CARTESIAN_POINT ( 'NONE',  ( -16.88984077263812011, 74.70032294258548689, -0.3821945516757170869 ) ) ;
#443 = CARTESIAN_POINT ( 'NONE',  ( -17.81947169935564546, 80.94536269386675542, -0.1236008690211042038 ) ) ;
#444 = CARTESIAN_POINT ( 'NONE',  ( -1.414213562367284460, -1.487878273883403228E-15, -19.79898987321754333 ) ) ;
#445 = CARTESIAN_POINT ( 'NONE',  ( -14.10523418183351652, 33.32109971945003934, 4.901941159267493298 ) ) ;
#446 = CARTESIAN_POINT ( 'NONE',  ( -16.31474859010416267, 71.14682712883549698, -1.984179715969598634 ) ) ;
#447 = CARTESIAN_POINT ( 'NONE',  ( -7.041297749871857192, 39.65826320225703228, -13.87862487732749450 ) ) ;
#448 = DIRECTION ( 'NONE',  ( 0.7071067811865359154, -7.216449660063411490E-14, 0.7071067811865591191 ) ) ;
#449 = ORIENTED_EDGE ( 'NONE', *, *, #505, .F. ) ;
#450 = CARTESIAN_POINT ( 'NONE',  ( -18.99894643995418164, 87.88860774102997198, 0.01025199903554390585 ) ) ;
#451 = CARTESIAN_POINT ( 'NONE',  ( -0.07321335045837212840, 9.784621340393174549, -19.47123391804343129 ) ) ;
#452 = CARTESIAN_POINT ( 'NONE',  ( -19.53597832477130325, 90.21582955539896886, -0.1379269228466571962 ) ) ;
#453 = CARTESIAN_POINT ( 'NONE',  ( -7.071067811865685115, 7.558256378180270984E-16, 14.14213562373072897 ) ) ;
#454 = CARTESIAN_POINT ( 'NONE',  ( -11.93657527920352379, 46.01975475972504626, 9.287429280280367294 ) ) ;
#455 = CARTESIAN_POINT ( 'NONE',  ( -6.903061144467871557, 60.34173734381260346, 13.83242919291088846 ) ) ;
#456 = CARTESIAN_POINT ( 'NONE',  ( 4.661218473320553279, 19.05457528725240479, -13.10058438049644991 ) ) ;
#457 = CARTESIAN_POINT ( 'NONE',  ( 7.557535068095785667E-09, 97.61926551681935393, 20.76944373190768900 ) ) ;
#458 = CARTESIAN_POINT ( 'NONE',  ( -21.06350393024081313, 0.8031257248062898535, -1.424426071525986806E-12 ) ) ;
#459 = CARTESIAN_POINT ( 'NONE',  ( 2.077331362482226496E-13, 100.0000000000006679, 21.21320343559635901 ) ) ;
#460 = CARTESIAN_POINT ( 'NONE',  ( -11.51210635649521841, 71.32155165797237828, -5.780653929786416789 ) ) ;
#461 = CARTESIAN_POINT ( 'NONE',  ( -7.071067811865499486, 100.0000000000012079, -14.14213562373107536 ) ) ;
#462 = CARTESIAN_POINT ( 'NONE',  ( 14.14213562373111444, 2.495191322071375516E-17, -7.071067811865375141 ) ) ;
#463 = CARTESIAN_POINT ( 'NONE',  ( -2.885391088859287301, 71.32154698756328060, 15.17548971940535196 ) ) ;
#464 = CARTESIAN_POINT ( 'NONE',  ( -10.60660171779812089, 3.654368622986709142E-16, 10.60660171779810312 ) ) ;
#465 = CARTESIAN_POINT ( 'NONE',  ( -0.008496445674283792035, 9.784611935371936298, -19.40657540927872304 ) ) ;
#466 = B_SPLINE_SURFACE_WITH_KNOTS ( 'NONE', 3, 3, ( 
 ( #923, #462, #688, #224 ),
 ( #386, #312, #141, #615 ),
 ( #1001, #527, #853, #848 ),
 ( #146, #453, #775, #68 ) ),
 .UNSPECIFIED., .F., .F., .F.,
 ( 4, 4 ),
 ( 4, 4 ),
 ( 0.000000000000000000, 1.000000000000000000 ),
 ( 0.000000000000000000, 1.000000000000000000 ),
 .UNSPECIFIED. ) ;
#467 = CARTESIAN_POINT ( 'NONE',  ( 0.008493491813430047860, 90.21579607875720797, -19.40665154988421648 ) ) ;
#468 = CARTESIAN_POINT ( 'NONE',  ( -17.81947169935567388, 19.05463730613200823, 0.1236008690208746791 ) ) ;
#469 = CARTESIAN_POINT ( 'NONE',  ( 16.39661822717507178, 71.32154928969609387, 1.920303447287250442 ) ) ;
#470 = CARTESIAN_POINT ( 'NONE',  ( -13.03466391729127771, 80.94542471384292526, -4.842499748006305893 ) ) ;
#471 = CARTESIAN_POINT ( 'NONE',  ( 7.021785222386942138, 99.22182893720838592, -14.04632756825500728 ) ) ;
#472 = CARTESIAN_POINT ( 'NONE',  ( -11.96306674347398413, 53.98024526447037630, -9.499669325487777982 ) ) ;
#473 = CARTESIAN_POINT ( 'NONE',  ( -14.04632764287784497, 99.22182893736005838, 7.021872952637641774 ) ) ;
#474 = CARTESIAN_POINT ( 'NONE',  ( -0.004141350311963934959, 14.70070536626841218, -18.55160204268661417 ) ) ;
#475 = CARTESIAN_POINT ( 'NONE',  ( -5.406465262708323394, 71.32155556302754462, -10.60609345779652735 ) ) ;
#476 = EDGE_CURVE ( 'NONE', #622, #416, #638, .T. ) ;
#477 = CARTESIAN_POINT ( 'NONE',  ( 9.212850497750631362, 60.34173819237603453, -6.920599233375531512 ) ) ;
#478 = CARTESIAN_POINT ( 'NONE',  ( -19.60064171221484841, 90.21584629371986352, -0.2026436383632818361 ) ) ;
#479 = CARTESIAN_POINT ( 'NONE',  ( -11.92085820683521646, 19.05457048395707886, -5.857425658389783685 ) ) ;
#480 = CARTESIAN_POINT ( 'NONE',  ( 11.93657528302045279, 53.98024526072872931, 9.287429280132290188 ) ) ;
#481 = CARTESIAN_POINT ( 'NONE',  ( 19.65958864050948662, 0.8014191666115291213, -1.404252186506607547 ) ) ;
#482 = CARTESIAN_POINT ( 'NONE',  ( 17.81947797546448697, 19.05460367439165381, -0.1236006255403804821 ) ) ;
#483 = CARTESIAN_POINT ( 'NONE',  ( -5.378703431015469327, 76.00661243942177236, 11.54443851948322397 ) ) ;
#484 = CARTESIAN_POINT ( 'NONE',  ( -0.4722206291259839483, 23.99337163653719429, 17.08055177267663183 ) ) ;
#485 = CARTESIAN_POINT ( 'NONE',  ( -6.885006545070066549E-05, 99.20638447270130200, -21.06527865357727691 ) ) ;
#486 = CARTESIAN_POINT ( 'NONE',  ( 19.38543263424076457, 2.377115501078366222, 1.384723558614579408 ) ) ;
#487 = CARTESIAN_POINT ( 'NONE',  ( -11.22962588510495863, 23.99338131347769831, -6.008330985908152400 ) ) ;
#488 = CARTESIAN_POINT ( 'NONE',  ( 2.847370389882551756, 33.32109950534691478, 14.65875647540066673 ) ) ;
#489 = CARTESIAN_POINT ( 'NONE',  ( -0.4722206291259838928, 76.00662836346279505, -17.08055177267662117 ) ) ;
#490 = CARTESIAN_POINT ( 'NONE',  ( 19.40665154988422358, 9.784203921242768942, -0.008493491813417550912 ) ) ;
#491 = CARTESIAN_POINT ( 'NONE',  ( -9.464039014532701799, 53.98024523853365508, 10.52164164240468303 ) ) ;
#492 = CARTESIAN_POINT ( 'NONE',  ( -1.414213562384696532, 1.380447678648652280E-15, 19.79898987323489479 ) ) ;
#493 = CARTESIAN_POINT ( 'NONE',  ( 17.08055177267662827, 23.99337163653721916, 0.4722206291259679056 ) ) ;
#494 = CARTESIAN_POINT ( 'NONE',  ( -21.27613215633570931, 99.20755490818089584, -0.2105528567827550934 ) ) ;
#495 = CARTESIAN_POINT ( 'NONE',  ( 9.212850497709144548, 39.65826180743921014, 6.920599233369007841 ) ) ;
#496 = VERTEX_POINT ( 'NONE', #314 ) ;
#497 = CARTESIAN_POINT ( 'NONE',  ( -4.151416907682914825, 33.32110012936123411, -15.40928061599727172 ) ) ;
#498 = CARTESIAN_POINT ( 'NONE',  ( 9.287429280132286635, 46.01975473927127780, 11.93657528302046344 ) ) ;
#499 = CARTESIAN_POINT ( 'NONE',  ( 17.81947797546447987, 19.05460367439164671, -0.1236006255403954979 ) ) ;
#500 = CARTESIAN_POINT ( 'NONE',  ( -15.48433303005695727, 66.67889980824277529, -4.281821559461821636 ) ) ;
#501 = CARTESIAN_POINT ( 'NONE',  ( 1.301702513420721630, 9.784538687660704781, 18.11225094204728592 ) ) ;
#502 = CARTESIAN_POINT ( 'NONE',  ( -9.464039014976705744, 46.01975476421642242, -10.52164164237727739 ) ) ;
#503 = CARTESIAN_POINT ( 'NONE',  ( 6.208092053296851098, 85.45048879612744486, 12.37234960416148333 ) ) ;
#504 = CARTESIAN_POINT ( 'NONE',  ( -20.39277297658150090, 95.59850894423020407, -0.0003456822446043290213 ) ) ;
#505 = EDGE_CURVE ( 'NONE', #929, #59, #824, .T. ) ;
#506 = CARTESIAN_POINT ( 'NONE',  ( -0.005628122415545244207, 19.05460091472256678, -17.93909897429935185 ) ) ;
#507 = CARTESIAN_POINT ( 'NONE',  ( 11.75996554666351912, 53.98024523578519762, 7.872495644429005068 ) ) ;
#508 = CARTESIAN_POINT ( 'NONE',  ( -4.113890695180617563, 33.32110016056218882, -15.47448293570822564 ) ) ;
#509 = CARTESIAN_POINT ( 'NONE',  ( -0.008768971918086954087, 39.65826180719211891, 11.52263999881851930 ) ) ;
#510 = CARTESIAN_POINT ( 'NONE',  ( -19.78777671726994214, 92.29556724811322965, -0.003169799270422676493 ) ) ;
#511 = CARTESIAN_POINT ( 'NONE',  ( -0.1834111108003800561, 19.05463808136923376, -17.87845779084140219 ) ) ;
#512 = CARTESIAN_POINT ( 'NONE',  ( 17.08055177267664249, 76.00662836346280926, -0.4722206291259864464 ) ) ;
#513 = CARTESIAN_POINT ( 'NONE',  ( -19.40665154988421293, 90.21579607875717954, -0.008493491813407839930 ) ) ;
#514 = CARTESIAN_POINT ( 'NONE',  ( -12.38988458576257656, 14.54943826474601920, 6.173049842671148646 ) ) ;
#515 = CARTESIAN_POINT ( 'NONE',  ( 21.06527865357727691, 0.7936155272986917808, 6.885006544737278824E-05 ) ) ;
#516 = CARTESIAN_POINT ( 'NONE',  ( -0.1384363227859898848, 2.376120313552231522, -20.90877343897312812 ) ) ;
#517 = CARTESIAN_POINT ( 'NONE',  ( 5.378703431016085723, 23.99338756058089217, 11.54443851948304101 ) ) ;
#518 = CARTESIAN_POINT ( 'NONE',  ( -0.6979642342250629294, 23.99336359058052182, -15.97333108082525932 ) ) ;
#519 = CARTESIAN_POINT ( 'NONE',  ( -0.6991753954343753463, 71.32154698756359323, 15.43153018174940172 ) ) ;
#520 = CARTESIAN_POINT ( 'NONE',  ( -19.19342485247974750, 88.99080194425359025, 0.002220282229597346415 ) ) ;
#521 = CARTESIAN_POINT ( 'NONE',  ( -15.53968541550800531, 66.67890066617144385, -4.076364476455451857 ) ) ;
#522 = CARTESIAN_POINT ( 'NONE',  ( 7.071067811865652253, 100.0000000000001279, 14.14213562373081068 ) ) ;
#523 = ORIENTED_EDGE ( 'NONE', *, *, #6, .F. ) ;
#524 = CARTESIAN_POINT ( 'NONE',  ( -7.501696501707810327, 41.32157281789077530, -13.31619052479537579 ) ) ;
#525 = CARTESIAN_POINT ( 'NONE',  ( -0.1404232943150171831, 0.8035641586893949029, -21.20384550270406621 ) ) ;
#526 = CARTESIAN_POINT ( 'NONE',  ( -21.35462479183372153, 100.0000000000000000, -0.1414213562372652888 ) ) ;
#527 = CARTESIAN_POINT ( 'NONE',  ( -8.673617379884035472E-14, 5.122010629522560538E-16, 7.071067811865360042 ) ) ;
#528 = ORIENTED_EDGE ( 'NONE', *, *, #6, .T. ) ;
#529 = CARTESIAN_POINT ( 'NONE',  ( -17.81947169935566322, 19.05463730613203310, 0.1236008690208753591 ) ) ;
#530 = CARTESIAN_POINT ( 'NONE',  ( 0.7978274505849209941, 53.98024532870010717, -10.87691689009005813 ) ) ;
#531 = CARTESIAN_POINT ( 'NONE',  ( -16.62326975380907967, 19.05462180141350714, 1.303325588736848006 ) ) ;
#532 = EDGE_LOOP ( 'NONE', ( #528, #893, #393, #449 ) ) ;
#533 = CARTESIAN_POINT ( 'NONE',  ( -18.57173751148066287, 14.54921079839990661, -0.02628205400724615073 ) ) ;
#534 = B_SPLINE_CURVE_WITH_KNOTS ( 'NONE', 3,
 ( #419, #959, #326, #106, #651, #252, #882, #489, #173, #803, #735, #189, #726, #18, #807, #100, #414, #499, #730, #575, #22, #425, #515, #591 ),
 .UNSPECIFIED., .F., .F.,
 ( 4, 1, 1, 1, 1, 1, 1, 1, 1, 1, 1, 1, 1, 1, 1, 1, 1, 1, 1, 1, 1, 4 ),
 ( 0.000000000000000000, 0.02302731969521121594, 0.04605211722094714605, 0.09974801738465545464, 0.1380634897318202547, 0.1839976406938562403, 0.2306855618272215247, 0.2786343044011795889, 0.3277662081544264194, 0.3772082134260361652, 0.4754906379697915741, 0.5245093620302082593, 0.6227917865739638348, 0.6722337918455735251, 0.7213656955988203556, 0.7693144381727785586, 0.8160023593061439540, 0.8619365102681800783, 0.9002519826153446703, 0.9539478827790534021, 0.9769726803047892316, 1.000000000000000000 ),
 .UNSPECIFIED. ) ;
#535 = CARTESIAN_POINT ( 'NONE',  ( 4.971736874072276713, 14.54942191396154350, -13.61222624507598056 ) ) ;
#536 = CARTESIAN_POINT ( 'NONE',  ( 4.780126911580535595E-14, 100.0000000000006253, 7.071067811865430208 ) ) ;
#537 = CARTESIAN_POINT ( 'NONE',  ( -21.06350393024081313, 0.8031257248062898535, -1.424426071525986806E-12 ) ) ;
#538 = CARTESIAN_POINT ( 'NONE',  ( -1.303325657274617910, 80.94536873152097201, 16.62326798713467824 ) ) ;
#539 = CARTESIAN_POINT ( 'NONE',  ( 7.557535068095785667E-09, 97.61926551681935393, 20.76944373190768900 ) ) ;
#540 = CARTESIAN_POINT ( 'NONE',  ( 7.585001301278198049, 33.32110182965440970, -8.654562383081179533 ) ) ;
#541 = FILL_AREA_STYLE_COLOUR ( '', #818 ) ;
#542 = CARTESIAN_POINT ( 'NONE',  ( -2.797241605012601440E-13, 1.536603188856779403E-15, 21.21320343559628085 ) ) ;
#543 = CARTESIAN_POINT ( 'NONE',  ( -20.77026684759027830, 2.376323658939943240, -3.194017838822503838E-05 ) ) ;
#544 = CARTESIAN_POINT ( 'NONE',  ( 19.40665154988423069, 90.21579607875720797, 0.008493491813407907584 ) ) ;
#545 = CARTESIAN_POINT ( 'NONE',  ( -1.373597083246770545, 39.65826221476372382, -11.98459782248072258 ) ) ;
#546 = CARTESIAN_POINT ( 'NONE',  ( 1.213585691566508418, 85.45076864919829518, -17.33536998246882632 ) ) ;
#547 = CARTESIAN_POINT ( 'NONE',  ( -6.833767464191511820, 39.65826259149009303, -14.03978410734253046 ) ) ;
#548 = CARTESIAN_POINT ( 'NONE',  ( -19.79898987322911452, -8.544543792324777927E-16, -1.414213562378908495 ) ) ;
#549 = CARTESIAN_POINT ( 'NONE',  ( 15.40928061599728949, 66.67889987063878721, 4.151416907682907720 ) ) ;
#550 = CARTESIAN_POINT ( 'NONE',  ( -7.757570371018287503, 90.21670831812406277, -11.64755447611236860 ) ) ;
#551 = CARTESIAN_POINT ( 'NONE',  ( 6.745741728343363164, 71.32155384637918871, -10.29097849083160909 ) ) ;
#552 = CARTESIAN_POINT ( 'NONE',  ( -9.269768306647849343, 46.01975473677673278, -12.07806864708475914 ) ) ;
#553 = CARTESIAN_POINT ( 'NONE',  ( -6.745741728643911195, 28.67844615210945491, -10.29097849085410310 ) ) ;
#554 = CARTESIAN_POINT ( 'NONE',  ( 0.0001491040163330051261, 5.818782435436301803, 20.13150668522607134 ) ) ;
#555 = CARTESIAN_POINT ( 'NONE',  ( 17.33536998253682881, 14.54923134203271218, -1.213585693223936168 ) ) ;
#556 = CARTESIAN_POINT ( 'NONE',  ( 11.05352662145376641, 46.01975468986819351, -2.212761089346223731 ) ) ;
#557 = CARTESIAN_POINT ( 'NONE',  ( -19.38520093376565612, 2.378357112809764473, -1.384714569843446652 ) ) ;
#558 = CARTESIAN_POINT ( 'NONE',  ( 17.81947797546449053, 80.94539632560830000, 0.1236006255403877402 ) ) ;
#559 = CARTESIAN_POINT ( 'NONE',  ( 2.847370389882644570, 66.67890049465781033, -14.65875647539998816 ) ) ;
#560 = B_SPLINE_SURFACE_WITH_KNOTS ( 'NONE', 3, 3, ( 
 ( #614, #686, #702, #932 ),
 ( #228, #857, #536, #150 ),
 ( #461, #779, #72, #385 ),
 ( #1016, #305, #619, #359 ) ),
 .UNSPECIFIED., .F., .F., .F.,
 ( 4, 4 ),
 ( 4, 4 ),
 ( 0.000000000000000000, 1.000000000000000000 ),
 ( 0.000000000000000000, 1.000000000000000000 ),
 .UNSPECIFIED. ) ;
#561 = CARTESIAN_POINT ( 'NONE',  ( 17.08055177267663183, 23.99337163653721205, 0.4722206291259839483 ) ) ;
#562 = CARTESIAN_POINT ( 'NONE',  ( -18.78909555047170699, 5.820753183259049557, -1.341890836259746811 ) ) ;
#563 = CARTESIAN_POINT ( 'NONE',  ( 11.93657528302045101, 53.98024526072867246, 9.287429280132286635 ) ) ;
#564 = CARTESIAN_POINT ( 'NONE',  ( 15.97333108082529129, 23.99336359058054313, -0.6979642342250594877 ) ) ;
#565 = CARTESIAN_POINT ( 'NONE',  ( 0.6979642340751355256, 76.00663640858718395, -15.97333108081235764 ) ) ;
#566 = CARTESIAN_POINT ( 'NONE',  ( -6.474549248444915861, 90.21645868958046321, 12.93505604242203511 ) ) ;
#567 = CARTESIAN_POINT ( 'NONE',  ( -1.341883332105153315, 5.821782714257435210, 18.78890348181347747 ) ) ;
#568 = CARTESIAN_POINT ( 'NONE',  ( 17.81947797546447987, 19.05460367439164671, -0.1236006255403954979 ) ) ;
#569 = CARTESIAN_POINT ( 'NONE',  ( -18.75719354291088337, 85.45079711842004144, 0.2122622508389869489 ) ) ;
#570 = CARTESIAN_POINT ( 'NONE',  ( 7.904038138087593701, 33.32110136437982817, 8.889047885381129888 ) ) ;
#571 = EDGE_LOOP ( 'NONE', ( #298, #137, #660, #262 ) ) ;
#572 = ADVANCED_BREP_SHAPE_REPRESENTATION ( 'ig tesdt', ( #960, #948 ), #76 ) ;
#573 = CARTESIAN_POINT ( 'NONE',  ( -15.40928061599727350, 66.67889987063878721, -4.151416907682894397 ) ) ;
#574 = CARTESIAN_POINT ( 'NONE',  ( 13.83242919291378392, 60.34173734421305113, 6.903061144393146442 ) ) ;
#575 = CARTESIAN_POINT ( 'NONE',  ( 19.40665154988422714, 9.784203921242687230, -0.008493491813418413069 ) ) ;
#576 = CARTESIAN_POINT ( 'NONE',  ( -0.3030315943589216299, 19.05463963184125475, -17.99642997381288367 ) ) ;
#577 = CARTESIAN_POINT ( 'NONE',  ( 1.303325657274666760, 19.05463126847934419, 16.62326798713465337 ) ) ;
#578 = CARTESIAN_POINT ( 'NONE',  ( -17.87846446908937992, 80.94539770531270051, -0.1834108517187138243 ) ) ;
#579 = CARTESIAN_POINT ( 'NONE',  ( -6.208092041721375409, 14.54951126590256827, 12.37234960461044331 ) ) ;
#580 = EDGE_CURVE ( 'NONE', #622, #939, #75, .T. ) ;
#581 = CARTESIAN_POINT ( 'NONE',  ( -16.65219630222459557, 73.14666148430497117, -1.004146401861030657 ) ) ;
#582 = CARTESIAN_POINT ( 'NONE',  ( 0.3061373709900677142, 23.99336115295845318, -17.25608147202380138 ) ) ;
#583 = CARTESIAN_POINT ( 'NONE',  ( 11.57118080259842507, 71.32155384637023587, -4.185337130787735838 ) ) ;
#584 = CARTESIAN_POINT ( 'NONE',  ( -20.19863684549916982, 94.18136756435396251, -0.06725072846291475781 ) ) ;
#585 = CARTESIAN_POINT ( 'NONE',  ( -14.14213562373914002, -2.495191322217936936E-17, 7.071067811873823494 ) ) ;
#586 = CARTESIAN_POINT ( 'NONE',  ( -19.58786242719173742, 91.19428262046933753, -0.003547693818268822692 ) ) ;
#587 = CARTESIAN_POINT ( 'NONE',  ( -20.26499957521515682, 94.17739259690716835, 0.1340287251971618299 ) ) ;
#588 = CARTESIAN_POINT ( 'NONE',  ( 4.901941157717866204, 33.32109950540106524, 14.10523422177778130 ) ) ;
#589 = CARTESIAN_POINT ( 'NONE',  ( -14.65875647540040738, 66.67890049459893476, -2.847370389893620235 ) ) ;
#590 = CARTESIAN_POINT ( 'NONE',  ( 6.920599233367269676, 60.34173819237639691, 9.212850497712418374 ) ) ;
#591 = CARTESIAN_POINT ( 'NONE',  ( 21.21320343559664678, 8.057294642594891460E-16, 1.001802807376606097E-13 ) ) ;
#592 = CARTESIAN_POINT ( 'NONE',  ( -19.40657540927864844, 90.21538806462797311, -0.008496445674282555177 ) ) ;
#593 = CARTESIAN_POINT ( 'NONE',  ( 1.384645959392718728, 2.377115501078563398, 19.38543688798997877 ) ) ;
#594 = CARTESIAN_POINT ( 'NONE',  ( 0.5307298722935170909, 23.99337203883505154, -17.13591280726919308 ) ) ;
#595 = CARTESIAN_POINT ( 'NONE',  ( 1.384723558615021055, 97.62288449892163555, 19.38543263424185881 ) ) ;
#596 = LINE ( 'NONE', #374, #763 ) ;
#597 = CARTESIAN_POINT ( 'NONE',  ( -16.39661770357108495, 71.32154648384484119, -1.920303467603918790 ) ) ;
#598 =( GEOMETRIC_REPRESENTATION_CONTEXT ( 3 ) GLOBAL_UNCERTAINTY_ASSIGNED_CONTEXT ( ( #951 ) ) GLOBAL_UNIT_ASSIGNED_CONTEXT ( ( #774, #927, #145 ) ) REPRESENTATION_CONTEXT ( 'NONE', 'WORKASPACE' ) );
#599 = CARTESIAN_POINT ( 'NONE',  ( -20.26576700577228252, 94.18151756414422948, -0.1343523529095062841 ) ) ;
#600 = CARTESIAN_POINT ( 'NONE',  ( 2.212761089344686738, 46.01975468985708062, 11.05352662145960707 ) ) ;
#601 = CARTESIAN_POINT ( 'NONE',  ( -18.42923346042206489, 84.57936000876809146, -0.01608133231167515123 ) ) ;
#602 = CARTESIAN_POINT ( 'NONE',  ( -20.13082435424813355, 94.17756116233674391, -0.0001755749216346750815 ) ) ;
#603 = CARTESIAN_POINT ( 'NONE',  ( -17.08055360250752130, 23.99336183103524078, -0.4722207001139339666 ) ) ;
#604 = CARTESIAN_POINT ( 'NONE',  ( -0.008493491813432828622, 90.21579607875713691, 19.40665154988421293 ) ) ;
#605 = CARTESIAN_POINT ( 'NONE',  ( -0.05712504526615650585, 24.19458854604196318, -17.05362615828602912 ) ) ;
#606 = CARTESIAN_POINT ( 'NONE',  ( -0.09735431649429877876, 14.54920552051063787, -18.69572529314078935 ) ) ;
#607 = CARTESIAN_POINT ( 'NONE',  ( -3.122502256758252770E-14, 1.536603188856796758E-15, 21.21320343559643007 ) ) ;
#608 = CARTESIAN_POINT ( 'NONE',  ( -16.49312703171762351, 71.32154951990992231, -2.042416252472432081 ) ) ;
#609 = CARTESIAN_POINT ( 'NONE',  ( -9.287429281988602625, 53.98024525078127311, 11.93657528294845172 ) ) ;
#610 = ORIENTED_EDGE ( 'NONE', *, *, #580, .F. ) ;
#611 = CARTESIAN_POINT ( 'NONE',  ( 6.885006546961133333E-05, 99.20638447270133042, 21.06527865357728402 ) ) ;
#612 = EDGE_CURVE ( 'NONE', #815, #59, #148, .T. ) ;
#613 = CARTESIAN_POINT ( 'NONE',  ( 5.656854249515543387, -9.119811480268019740E-16, -15.55634918612720874 ) ) ;
#614 = CARTESIAN_POINT ( 'NONE',  ( -21.21320343559664678, 100.0000000000004690, -1.040834085586084257E-14 ) ) ;
#615 = CARTESIAN_POINT ( 'NONE',  ( -7.071067811865482611, -1.292978613991052436E-15, -14.14213562373102739 ) ) ;
#616 = CARTESIAN_POINT ( 'NONE',  ( -1.301702513420633034, 90.21546131233917265, 18.11225094204749908 ) ) ;
#617 = CARTESIAN_POINT ( 'NONE',  ( 21.21320343559637678, 99.99999999999958789, 8.239936510889833698E-15 ) ) ;
#618 = CARTESIAN_POINT ( 'NONE',  ( -3.672862090863615148, 66.67889817034553346, -10.90613482302244641 ) ) ;
#619 = CARTESIAN_POINT ( 'NONE',  ( 14.14213562373094391, 100.0000000000001847, -7.071067811865531461 ) ) ;
#620 = B_SPLINE_SURFACE_WITH_KNOTS ( 'NONE', 3, 3, ( 
 ( #703, #938, #156, #627, #467, #784, #79, #708, #944, #310, #788, #625, #942, #644, #328, #808, #561, #482, #872, #490, #402, #648, #883, #956 ),
 ( #415, #93, #887, #102, #238, #546, #7, #565, #718, #165, #178, #949, #83, #867, #1021, #800, #322, #793, #174, #639, #244, #486, #396, #160 ),
 ( #804, #471, #317, #170, #964, #712, #633, #88, #551, #11, #477, #249, #556, #879, #411, #407, #723, #15, #97, #727, #19, #332, #256, #126 ),
 ( #910, #986, #749, #192, #207, #183, #915, #355, #583, #115, #899, #892, #654, #495, #570, #677, #517, #272, #814, #991, #131, #361, #732, #439 ),
 ( #672, #837, #969, #108, #754, #24, #827, #974, #428, #47, #277, #507, #904, #282, #588, #421, #267, #577, #337, #501, #744, #593, #202, #349 ),
 ( #261, #42, #197, #821, #737, #36, #29, #512, #666, #120, #343, #659, #980, #832, #433, #233, #290, #52, #1011, #62, #852, #376, #847, #607 ) ),
 .UNSPECIFIED., .F., .F., .F.,
 ( 4, 1, 1, 4 ),
 ( 4, 1, 1, 1, 1, 1, 1, 1, 1, 1, 1, 1, 1, 1, 1, 1, 1, 1, 1, 1, 1, 4 ),
 ( 0.000000000000000000, 0.1999999999999999833, 0.7999999999999999334, 1.000000000000000000 ),
 ( 0.000000000000000000, 0.02302731969521121594, 0.04605211722094714605, 0.09974801738465545464, 0.1380634897318202547, 0.1839976406938562403, 0.2306855618272215247, 0.2786343044011795889, 0.3277662081544264194, 0.3772082134260361652, 0.4754906379697916852, 0.5245093620302083703, 0.6227917865739637238, 0.6722337918455735251, 0.7213656955988204666, 0.7693144381727786696, 0.8160023593061439540, 0.8619365102681800783, 0.9002519826153446703, 0.9539478827790534021, 0.9769726803047893426, 1.000000000000000000 ),
 .UNSPECIFIED. ) ;
#621 = LINE ( 'NONE', #698, #731 ) ;
#622 = VERTEX_POINT ( 'NONE', #705 ) ;
#623 = CARTESIAN_POINT ( 'NONE',  ( -20.13082435424874816, 5.822438837663437283, 0.0001755749205665420862 ) ) ;
#624 = CARTESIAN_POINT ( 'NONE',  ( -0.0001755749216332895253, 5.822438837663376887, -20.13082435424874816 ) ) ;
#625 = CARTESIAN_POINT ( 'NONE',  ( 9.287429280132284859, 53.98024526072867246, -11.93657528302043858 ) ) ;
#626 = CARTESIAN_POINT ( 'NONE',  ( -13.87862498722302185, 60.34173738707357160, -7.041297745524135010 ) ) ;
#627 = CARTESIAN_POINT ( 'NONE',  ( 0.0001491040163396293845, 94.18121756456369553, -20.13150668522608200 ) ) ;
#628 = UNCERTAINTY_MEASURE_WITH_UNIT (LENGTH_MEASURE( 1.000000000000000082E-05 ), #978, 'distance_accuracy_value', 'NONE');
#629 = CARTESIAN_POINT ( 'NONE',  ( -18.57173751148066287, 14.54921079839992615, -0.02628205400724517582 ) ) ;
#630 = DIRECTION ( 'NONE',  ( -0.7071067811865335839, -7.807775510387324842E-17, -0.7071067811865615615 ) ) ;
#631 = VECTOR ( 'NONE', #630, 1000.000000000000000 ) ;
#632 = CARTESIAN_POINT ( 'NONE',  ( -1.262645993983624759, 85.45076865796728782, -17.33186570866903509 ) ) ;
#633 = CARTESIAN_POINT ( 'NONE',  ( 6.022226661922181812, 80.94545094282435116, -11.83846162576282168 ) ) ;
#634 = CARTESIAN_POINT ( 'NONE',  ( -21.27401628733377592, 99.19621662435380927, 0.2106349414687540555 ) ) ;
#635 = CARTESIAN_POINT ( 'NONE',  ( -11.57118080259832205, 71.32155384637009377, 4.185337130787742943 ) ) ;
#636 = CARTESIAN_POINT ( 'NONE',  ( 0.008493491813424933895, 9.784203921242768942, 19.40665154988422714 ) ) ;
#637 = CARTESIAN_POINT ( 'NONE',  ( -6.276840736487924843, 53.98024528673170153, -9.993868211294785198 ) ) ;
#638 = B_SPLINE_CURVE_WITH_KNOTS ( 'NONE', 3,
 ( #747, #918, #504, #510, #586, #520, #450, #275, #129, #601, #118, #825, #210, #840, #352, #270, #40, #669, #200, #369, #984, #123, #442, #835, #205, #581, #437, #134, #446, #830, #761, #55, #994, #45, #766, #358, #675, #998, #989, #524, #280, #757, #50, #288, #364, #680, #285, #844, #138, #921, #215, #60, #605, #1009, #299, #308, #870, #925, #850, #81, #474, #394, #86, #66, #163, #777, #221, #710, #791, #936 ),
 .UNSPECIFIED., .F., .F.,
 ( 4, 2, 2, 2, 2, 2, 2, 2, 2, 2, 2, 2, 2, 2, 2, 2, 2, 2, 2, 2, 2, 2, 2, 2, 2, 2, 2, 2, 2, 2, 2, 2, 2, 2, 4 ),
 ( 1.129585475197787206E-16, 0.006715475211381204471, 0.01007321281707172951, 0.01343095042276225455, 0.01510981922560751707, 0.01678868802845277786, 0.01846755683129804038, 0.02014642563414329943, 0.02350416323983378283, 0.02434359764125640715, 0.02518303204267902801, 0.02602246644410164886, 0.02686190084552426624, 0.02854076964836950794, 0.03021963845121474965, 0.03357737605690522265, 0.04029285126828618946, 0.04700832647966715627, 0.05372380169104811615, 0.06043927690242909684, 0.06715475211381004284, 0.07051248971950054012, 0.07387022732519102353, 0.07722796493088152081, 0.07890683373372676945, 0.08058570253657200422, 0.08226457133941725286, 0.08394344014226250150, 0.08730117774795299879, 0.09065891535364348219, 0.09233778415648873084, 0.09401665295933397948, 0.09737439056502446288, 0.1007321281707149463, 0.1074476033820959131 ),
 .UNSPECIFIED. ) ;
#639 = CARTESIAN_POINT ( 'NONE',  ( 18.11338380101334167, 9.784538687660713663, 1.285840818519251139 ) ) ;
#640 = B_SPLINE_SURFACE_WITH_KNOTS ( 'NONE', 3, 3, ( 
 ( #413, #881, #186, #876, #9, #105, #558, #971, #172, #168, #247, #480, #498, #796, #91, #418, #484, #264, #95, #405, #642, #958, #251, #339 ),
 ( #817, #399, #885, #409, #729, #17, #330, #646, #334, #716, #962, #254, #734, #176, #488, #806, #650, #26, #966, #258, #567, #889, #180, #492 ),
 ( #656, #122, #424, #901, #740, #32, #756, #441, #920, #49, #590, #982, #600, #509, #760, #363, #44, #674, #579, #269, #346, #993, #663, #213 ),
 ( #522, #823, #976, #111, #194, #503, #436, #679, #284, #117, #430, #746, #917, #287, #357, #204, #682, #668, #514, #274, #39, #351, #751, #585 ),
 ( #906, #199, #595, #829, #209, #988, #279, #912, #519, #834, #128, #839, #54, #133, #445, #367, #997, #531, #64, #292, #58, #770, #234, #372 ),
 ( #1012, #381, #457, #842, #297, #780, #306, #377, #1017, #73, #859, #609, #219, #693, #863, #928, #603, #136, #392, #2, #301, #1007, #537, #764 ) ),
 .UNSPECIFIED., .F., .F., .F.,
 ( 4, 1, 1, 4 ),
 ( 4, 1, 1, 1, 1, 1, 1, 1, 1, 1, 1, 1, 1, 1, 1, 1, 1, 1, 1, 1, 1, 4 ),
 ( 0.000000000000000000, 0.1999999999999999833, 0.7999999999999999334, 1.000000000000000000 ),
 ( 0.000000000000000000, 0.02302731969521122288, 0.04605211722094715299, 0.09974801738465545464, 0.1380634897318202270, 0.1839976406938562403, 0.2306855618272215247, 0.2786343044011795889, 0.3277662081544264194, 0.3772082134260361652, 0.4754906379697916852, 0.5245093620302083703, 0.6227917865739637238, 0.6722337918455735251, 0.7213656955988204666, 0.7693144381727786696, 0.8160023593061440650, 0.8619365102681800783, 0.9002519826153446703, 0.9539478827790534021, 0.9769726803047893426, 1.000000000000000000 ),
 .UNSPECIFIED. ) ;
#641 = CARTESIAN_POINT ( 'NONE',  ( -17.33185969488078371, 14.54926357730125375, -1.262645759024914494 ) ) ;
#642 = CARTESIAN_POINT ( 'NONE',  ( 0.0001491040163275728124, 5.818782435436301803, 20.13150668522606423 ) ) ;
#643 = CARTESIAN_POINT ( 'NONE',  ( 18.11225094181839879, 9.784538719242044991, -1.301702507527267461 ) ) ;
#644 = CARTESIAN_POINT ( 'NONE',  ( 13.83242919291378570, 39.65826265578689913, -6.903061144393140225 ) ) ;
#645 = CARTESIAN_POINT ( 'NONE',  ( -19.66008820562300130, 0.7987413859734081578, -1.404232943143080448 ) ) ;
#646 = CARTESIAN_POINT ( 'NONE',  ( 15.97333108081272890, 76.00663640858722658, 0.6979642340761784691 ) ) ;
#647 = CARTESIAN_POINT ( 'NONE',  ( 12.45006309672198519, 39.65826308443243420, -7.365019012404182774 ) ) ;
#648 = CARTESIAN_POINT ( 'NONE',  ( 20.76944373190768189, 2.380734483180663830, 7.557527549235775797E-09 ) ) ;
#649 = CARTESIAN_POINT ( 'NONE',  ( -14.14213562372268562, -1.049354039125482847E-15, -7.071067811857192353 ) ) ;
#650 = CARTESIAN_POINT ( 'NONE',  ( -1.579442914404145970, 23.99336359058083801, 15.91036832080998309 ) ) ;
#651 = CARTESIAN_POINT ( 'NONE',  ( 0.008493491813418475520, 90.21579607875720797, -19.40665154988421293 ) ) ;
#652 = PRODUCT_CONTEXT ( 'NONE', #187, 'mechanical' ) ;
#653 = CARTESIAN_POINT ( 'NONE',  ( 0.2011624265788396482, 5.818332393613182774, -20.33290067723699934 ) ) ;
#654 = CARTESIAN_POINT ( 'NONE',  ( 10.17047794495403323, 46.01975468989986950, 4.861907101364287165 ) ) ;
#655 = CARTESIAN_POINT ( 'NONE',  ( -16.39661822717505757, 71.32154928969612229, -1.920303447287244669 ) ) ;
#656 = CARTESIAN_POINT ( 'NONE',  ( 14.14213562373097588, 100.0000000000001705, 7.071067811865447972 ) ) ;
#657 = CARTESIAN_POINT ( 'NONE',  ( 0.6991753954759154510, 71.32154698734115073, -15.43153018175092228 ) ) ;
#658 = CARTESIAN_POINT ( 'NONE',  ( -15.60488774431214765, 66.67890068369567302, -4.038838263601296497 ) ) ;
#659 = CARTESIAN_POINT ( 'NONE',  ( 11.93657528302045101, 53.98024526072867246, 9.287429280132286635 ) ) ;
#660 = ORIENTED_EDGE ( 'NONE', *, *, #291, .T. ) ;
#661 = EDGE_CURVE ( 'NONE', #416, #496, #700, .T. ) ;
#662 = CARTESIAN_POINT ( 'NONE',  ( -21.13556315449674727, 99.20677461786117135, -0.07013838555061095714 ) ) ;
#663 = CARTESIAN_POINT ( 'NONE',  ( -7.021873914190337018, 0.7781659098232390770, 14.04632760557888993 ) ) ;
#664 = CARTESIAN_POINT ( 'NONE',  ( 7.872495644429243100, 53.98024523578278178, -11.75996554666367544 ) ) ;
#665 = CARTESIAN_POINT ( 'NONE',  ( -12.14881532448064760, 53.98024522821234683, -9.260937822293254129 ) ) ;
#666 = CARTESIAN_POINT ( 'NONE',  ( 16.39661822717507178, 71.32154928969609387, 1.920303447287250442 ) ) ;
#667 = CARTESIAN_POINT ( 'NONE',  ( -2.885391088819441396, 28.67845301265892033, -15.17548971940374258 ) ) ;
#668 = CARTESIAN_POINT ( 'NONE',  ( -11.83845762721608708, 19.05457048392379349, 6.022226817075828187 ) ) ;
#669 = CARTESIAN_POINT ( 'NONE',  ( -17.16845746845262610, 76.58101321994639932, 0.06037832712705033106 ) ) ;
#670 = APPLICATION_PROTOCOL_DEFINITION ( 'draft international standard', 'automotive_design', 1998, #874 ) ;
#671 = CARTESIAN_POINT ( 'NONE',  ( -15.47448308670386297, 66.67890064864720046, -4.113890689309608106 ) ) ;
#672 = CARTESIAN_POINT ( 'NONE',  ( 19.79898987322336978, 100.0000000000000000, -1.414213562373105360 ) ) ;
#673 = CARTESIAN_POINT ( 'NONE',  ( -21.06527865357726981, 99.20638447270131621, 6.885006546110721741E-05 ) ) ;
#674 = CARTESIAN_POINT ( 'NONE',  ( -5.857425816906432381, 19.05454903856096394, 11.92086220527121831 ) ) ;
#675 = CARTESIAN_POINT ( 'NONE',  ( -11.10606604792692842, 51.48137228173224855, -10.11819841306774848 ) ) ;
#676 = CARTESIAN_POINT ( 'NONE',  ( 0.4168595904065569568, 23.99336160500653747, -17.13906289234630620 ) ) ;
#677 = CARTESIAN_POINT ( 'NONE',  ( 6.745741728360242107, 28.67844615362972505, 10.29097849084308791 ) ) ;
#678 = CARTESIAN_POINT ( 'NONE',  ( 7.557511936234801083E-09, 2.380734483180661165, -20.76944373190767834 ) ) ;
#679 = CARTESIAN_POINT ( 'NONE',  ( 6.008330940711435808, 76.00661243942242606, 11.22962471933026229 ) ) ;
#680 = CARTESIAN_POINT ( 'NONE',  ( -2.676683648241695579, 30.26110287632950246, -16.04948378861351799 ) ) ;
#681 = CARTESIAN_POINT ( 'NONE',  ( -17.08055360250753552, 76.00663816896938840, 0.4722207001148134298 ) ) ;
#682 = CARTESIAN_POINT ( 'NONE',  ( -11.54443968528782705, 23.99338131339097302, 5.378703385788934810 ) ) ;
#683 = PRODUCT_DEFINITION_CONTEXT ( 'detailed design', #874, 'design' ) ;
#684 = CARTESIAN_POINT ( 'NONE',  ( -3.642919299551294898E-14, -1.536603188856827129E-15, -21.21320343559640520 ) ) ;
#685 = CARTESIAN_POINT ( 'NONE',  ( -4.216619227699579753, 33.32109935134708678, -15.44680697402195690 ) ) ;
#686 = CARTESIAN_POINT ( 'NONE',  ( -14.14213562373102384, 100.0000000000006395, 7.071067811865450636 ) ) ;
#687 = PRODUCT_DEFINITION_FORMATION_WITH_SPECIFIED_SOURCE ( 'ANY', '', #327, .NOT_KNOWN. ) ;
#688 = CARTESIAN_POINT ( 'NONE',  ( 7.071067811865535013, -7.558256378180613152E-16, -14.14213562373089417 ) ) ;
#689 = ORIENTED_EDGE ( 'NONE', *, *, #878, .F. ) ;
#690 = CARTESIAN_POINT ( 'NONE',  ( -9.287429281988602625, 53.98024525078127311, 11.93657528294845172 ) ) ;
#691 = CARTESIAN_POINT ( 'NONE',  ( -21.21320343559641231, 100.0000000000000000, 3.816391647148975608E-14 ) ) ;
#692 = FILL_AREA_STYLE ('',( #541 ) ) ;
#693 = CARTESIAN_POINT ( 'NONE',  ( -13.83242909550488875, 39.65826317777138854, 6.903061148172105810 ) ) ;
#694 = CARTESIAN_POINT ( 'NONE',  ( 6.885006546916332744E-05, 99.20638447270131621, 21.06527865357727691 ) ) ;
#695 = DIRECTION ( 'NONE',  ( 0.7071067811865545671, 7.807775510387614502E-17, 0.7071067811865405783 ) ) ;
#696 = CARTESIAN_POINT ( 'NONE',  ( 2.964208843946568805, 28.67844834199799209, -12.53626820584623580 ) ) ;
#697 = FACE_OUTER_BOUND ( 'NONE', #74, .T. ) ;
#698 = CARTESIAN_POINT ( 'NONE',  ( 10.60660171779859517, 100.0000000000009379, -10.60660171779802852 ) ) ;
#699 = CARTESIAN_POINT ( 'NONE',  ( -1.404252323872110075, 99.19858156950354555, 19.65958864584986188 ) ) ;
#700 = LINE ( 'NONE', #786, #155 ) ;
#701 = CARTESIAN_POINT ( 'NONE',  ( 5.616931772544987211, 0.7855883694821939045, -15.44984103171028877 ) ) ;
#702 = CARTESIAN_POINT ( 'NONE',  ( -7.071067811865400898, 100.0000000000008242, 14.14213562373090838 ) ) ;
#703 = CARTESIAN_POINT ( 'NONE',  ( -2.602085213965210642E-14, 100.0000000000000000, -21.21320343559641941 ) ) ;
#704 = ORIENTED_EDGE ( 'NONE', *, *, #580, .T. ) ;
#705 = CARTESIAN_POINT ( 'NONE',  ( -21.21320343559661126, 100.0000000000000853, 2.515349040166370287E-14 ) ) ;
#706 = CARTESIAN_POINT ( 'NONE',  ( -1.404213425018139949, 99.19858083338661459, -19.65958864052144506 ) ) ;
#707 = CARTESIAN_POINT ( 'NONE',  ( -20.97704539655765643, 97.61872266950396693, -0.2077085251013144063 ) ) ;
#708 = CARTESIAN_POINT ( 'NONE',  ( -0.4722206291259714028, 76.00662836346280926, -17.08055177267662472 ) ) ;
#709 = VERTEX_POINT ( 'NONE', #1014 ) ;
#710 = CARTESIAN_POINT ( 'NONE',  ( -1.524717138456997467E-06, 4.196287969086648140, -20.43102662146383963 ) ) ;
#711 = CARTESIAN_POINT ( 'NONE',  ( -10.19309445356830501, 66.67889922918439538, -7.153513930496231410 ) ) ;
#712 = CARTESIAN_POINT ( 'NONE',  ( 6.173050370726690161, 85.45048879599434599, -12.38987097440298690 ) ) ;
#713 = CARTESIAN_POINT ( 'NONE',  ( -17.99890199118306455, 80.94536036811766166, 0.05335783894084090984 ) ) ;
#714 = B_SPLINE_CURVE_WITH_KNOTS ( 'NONE', 3,
 ( #617, #231, #236, #1019, #544, #946, #865, #158, #469, #549, #574, #563, #325, #99, #320, #721, #13, #21, #895, #636, #554, #954, #725, #810 ),
 .UNSPECIFIED., .F., .F.,
 ( 4, 1, 1, 1, 1, 1, 1, 1, 1, 1, 1, 1, 1, 1, 1, 1, 1, 1, 1, 1, 1, 4 ),
 ( 0.000000000000000000, 0.02302731969521121594, 0.04605211722094714605, 0.09974801738465545464, 0.1380634897318202547, 0.1839976406938562403, 0.2306855618272215247, 0.2786343044011795889, 0.3277662081544264194, 0.3772082134260361652, 0.4754906379697916852, 0.5245093620302083703, 0.6227917865739637238, 0.6722337918455735251, 0.7213656955988204666, 0.7693144381727786696, 0.8160023593061439540, 0.8619365102681800783, 0.9002519826153446703, 0.9539478827790534021, 0.9769726803047893426, 1.000000000000000000 ),
 .UNSPECIFIED. ) ;
#715 = CARTESIAN_POINT ( 'NONE',  ( -7.904038138080093034, 66.67889863566664133, 8.889047885381769376 ) ) ;
#716 = CARTESIAN_POINT ( 'NONE',  ( 14.10523422177139174, 66.67890049470852887, 4.901941157708092689 ) ) ;
#717 = CARTESIAN_POINT ( 'NONE',  ( 0.02628205400732501126, 14.54921079839968279, -18.57173751148066998 ) ) ;
#718 = CARTESIAN_POINT ( 'NONE',  ( 2.885391088871720022, 71.32154698755203981, -15.17548971941334912 ) ) ;
#719 = CARTESIAN_POINT ( 'NONE',  ( 0.2076969121567590337, 2.381277381707529450, -20.97704475812421165 ) ) ;
#720 = CARTESIAN_POINT ( 'NONE',  ( -11.65665924386931351, 33.32110087995881287, -2.368815598274165879 ) ) ;
#721 = CARTESIAN_POINT ( 'NONE',  ( 1.920303447287251775, 28.67845071030387771, 16.39661822717507178 ) ) ;
#722 = CARTESIAN_POINT ( 'NONE',  ( 19.40665154988422714, 9.784203921242687230, -0.008493491813418413069 ) ) ;
#723 = CARTESIAN_POINT ( 'NONE',  ( 11.22962471933010065, 23.99338756058052269, 6.008330940710708390 ) ) ;
#724 = CARTESIAN_POINT ( 'NONE',  ( -6.173050359145844546, 14.54951126590257893, -12.38987097394836745 ) ) ;
#725 = CARTESIAN_POINT ( 'NONE',  ( -6.885006545041190179E-05, 0.7936155272986729070, 21.06527865357728757 ) ) ;
#726 = CARTESIAN_POINT ( 'NONE',  ( 11.93657528302045279, 46.01975473927124938, -9.287429280132284859 ) ) ;
#727 = CARTESIAN_POINT ( 'NONE',  ( 12.94072034274025640, 9.783541310419591852, 6.463224418084676515 ) ) ;
#728 = CARTESIAN_POINT ( 'NONE',  ( -19.38543263424109497, 97.62288449892167819, 1.384723558616483885 ) ) ;
#729 = CARTESIAN_POINT ( 'NONE',  ( 18.11225094205049047, 90.21546131229921173, 1.301702513423918406 ) ) ;
#730 = CARTESIAN_POINT ( 'NONE',  ( 18.57171614727229780, 14.54932528263363700, 0.02628122518671816010 ) ) ;
#731 = VECTOR ( 'NONE', #448, 1000.000000000000000 ) ;
#732 = CARTESIAN_POINT ( 'NONE',  ( 7.021785222403250870, 0.7781710626393373298, 14.04632756826564766 ) ) ;
#733 = CARTESIAN_POINT ( 'NONE',  ( -11.52263993666099395, 39.65826214026281349, -0.008768969427048002585 ) ) ;
#734 = CARTESIAN_POINT ( 'NONE',  ( 7.872495644435685946, 46.01975476423859845, 11.75996554662596161 ) ) ;
#735 = CARTESIAN_POINT ( 'NONE',  ( 6.903061144393134896, 60.34173734421310797, -13.83242919291379280 ) ) ;
#736 = CARTESIAN_POINT ( 'NONE',  ( 0.1414213562367607480, -1.541475680354135578E-15, -21.35462479183430773 ) ) ;
#737 = CARTESIAN_POINT ( 'NONE',  ( 19.40665154988423069, 90.21579607875720797, 0.008493491813407907584 ) ) ;
#738 = ORIENTED_EDGE ( 'NONE', *, *, #434, .T. ) ;
#739 = CARTESIAN_POINT ( 'NONE',  ( -21.28391411371507047, 100.0000000000000000, -0.07071067811861182772 ) ) ;
#740 = CARTESIAN_POINT ( 'NONE',  ( 12.93505604241858009, 90.21645868963761927, 6.474549248440236937 ) ) ;
#741 = CARTESIAN_POINT ( 'NONE',  ( 18.78888007182036546, 5.821782714256994673, -1.342225974650939957 ) ) ;
#742 = PRODUCT_DEFINITION_SHAPE ( 'NONE', 'NONE',  #323 ) ;
#743 = CARTESIAN_POINT ( 'NONE',  ( -16.54138143398890648, 71.32154963501680811, -2.103472655065025343 ) ) ;
#744 = CARTESIAN_POINT ( 'NONE',  ( 1.342226027465069915, 5.821782431241156353, 18.78888007387081416 ) ) ;
#745 = CARTESIAN_POINT ( 'NONE',  ( -15.44680682302711539, 66.67889983944077414, -4.216619233572358461 ) ) ;
#746 = CARTESIAN_POINT ( 'NONE',  ( -2.212761090538507780, 53.98024530376235930, 11.05352662136009556 ) ) ;
#747 = CARTESIAN_POINT ( 'NONE',  ( -21.21320343559661126, 100.0000000000000853, 2.515349040166370287E-14 ) ) ;
#748 = CARTESIAN_POINT ( 'NONE',  ( -13.97066569263878044, 60.34173679773255117, -6.856865361942203307 ) ) ;
#749 = CARTESIAN_POINT ( 'NONE',  ( 13.84498257504843899, 97.61210238282014018, -6.923116608562410512 ) ) ;
#750 = CARTESIAN_POINT ( 'NONE',  ( -17.81947797546447632, 80.94539632560831421, -0.1236006255403752224 ) ) ;
#751 = CARTESIAN_POINT ( 'NONE',  ( -14.04519687310595799, 0.7842301109368596812, 7.021829087510543133 ) ) ;
#752 = LINE ( 'NONE', #907, #368 ) ;
#753 = CARTESIAN_POINT ( 'NONE',  ( -21.35462479183372508, 100.0000000000000000, 0.1414213562373488609 ) ) ;
#754 = CARTESIAN_POINT ( 'NONE',  ( 18.11338380101333811, 90.21546131233927213, -1.285840818519052409 ) ) ;
#755 = CARTESIAN_POINT ( 'NONE',  ( -13.83242919291377859, 60.34173734421306534, -6.903061144393130455 ) ) ;
#756 = CARTESIAN_POINT ( 'NONE',  ( 11.83846162575906824, 80.94545094282453590, 6.022226661918631763 ) ) ;
#757 = CARTESIAN_POINT ( 'NONE',  ( -5.424984632116361283, 36.26604694311764376, -14.67227589143196731 ) ) ;
#758 = CARTESIAN_POINT ( 'NONE',  ( -0.06920219130315564959, 2.376221986246094708, -20.83952014328170321 ) ) ;
#759 = CARTESIAN_POINT ( 'NONE',  ( -7.365019012404200538, 39.65826308443241288, -12.45006309672201006 ) ) ;
#760 = CARTESIAN_POINT ( 'NONE',  ( -2.368815594714166917, 33.32110136478509332, 11.65665915349704207 ) ) ;
#761 = CARTESIAN_POINT ( 'NONE',  ( -15.82509495312391401, 68.65637470779998353, -3.196696350874220549 ) ) ;
#762 = CARTESIAN_POINT ( 'NONE',  ( -12.00732196091455783, 53.98024522962245442, -9.278598795522206899 ) ) ;
#763 = VECTOR ( 'NONE', #902, 1000.000000000000114 ) ;
#764 = CARTESIAN_POINT ( 'NONE',  ( -21.21320343559642652, -8.057294642594833281E-16, -3.122502256758252770E-14 ) ) ;
#765 = ORIENTED_EDGE ( 'NONE', *, *, #188, .T. ) ;
#766 = CARTESIAN_POINT ( 'NONE',  ( -12.99629420171099170, 57.57644385902931816, -7.925012798951075688 ) ) ;
#767 = CARTESIAN_POINT ( 'NONE',  ( -9.287429282136681508, 46.01975476967247403, -11.93657527913150673 ) ) ;
#768 = EDGE_CURVE ( 'NONE', #709, #815, #714, .T. ) ;
#769 = CARTESIAN_POINT ( 'NONE',  ( 0.07071067811839511219, -1.539039434605465971E-15, -21.28391411371536535 ) ) ;
#770 = CARTESIAN_POINT ( 'NONE',  ( -19.38520518750990362, 2.378357112816988916, 1.384654948170545685 ) ) ;
#771 = CARTESIAN_POINT ( 'NONE',  ( -17.08055360250751420, 23.99336183103526565, -0.4722207001139277494 ) ) ;
#772 = DIRECTION ( 'NONE',  ( 0.7071067811865495711, 3.747002708109872401E-14, -0.7071067811865454633 ) ) ;
#773 = CARTESIAN_POINT ( 'NONE',  ( -15.44984107438518350, 99.21441163093180649, -5.616931772537595791 ) ) ;
#774 =( LENGTH_UNIT ( ) NAMED_UNIT ( * ) SI_UNIT ( .MILLI., .METRE. ) );
#775 = CARTESIAN_POINT ( 'NONE',  ( -14.14213562373102384, -2.495191322072901469E-17, 7.071067811865237474 ) ) ;
#776 = CARTESIAN_POINT ( 'NONE',  ( -16.39661770357123771, 28.67845351613609850, 1.920303467600364300 ) ) ;
#777 = CARTESIAN_POINT ( 'NONE',  ( -0.003629390430885747355, 8.394987479369941497, -19.66225538065211609 ) ) ;
#778 = CARTESIAN_POINT ( 'NONE',  ( 12.72792206135777526, -1.312035969862514612E-16, -8.485281374238637042 ) ) ;
#779 = CARTESIAN_POINT ( 'NONE',  ( -2.312964634635742661E-15, 100.0000000000008100, -7.071067811865563435 ) ) ;
#780 = CARTESIAN_POINT ( 'NONE',  ( 0.02628122518679364139, 85.45067471736666675, 18.57171614727229070 ) ) ;
#781 = ORIENTED_EDGE ( 'NONE', *, *, #768, .T. ) ;
#782 = CARTESIAN_POINT ( 'NONE',  ( -0.008493491813426307796, 90.21579607875703744, 19.40665154988421293 ) ) ;
#783 = CARTESIAN_POINT ( 'NONE',  ( -1.391134998169679227, 60.34173851216301188, -11.06068218606121434 ) ) ;
#784 = CARTESIAN_POINT ( 'NONE',  ( -0.02628122518671916277, 85.45067471736638254, -18.57171614727228004 ) ) ;
#785 = CARTESIAN_POINT ( 'NONE',  ( 0.4722206291268600808, 76.00662836346747042, 17.08055177267665314 ) ) ;
#786 = CARTESIAN_POINT ( 'NONE',  ( 10.60660171779819905, -3.654368622986619902E-16, -10.60660171779827898 ) ) ;
#787 = CARTESIAN_POINT ( 'NONE',  ( -7.053631296748085866, 80.94547151956935238, -10.74114073084246002 ) ) ;
#788 = CARTESIAN_POINT ( 'NONE',  ( 6.903061144393142889, 60.34173734421305113, -13.83242919291376616 ) ) ;
#789 = CARTESIAN_POINT ( 'NONE',  ( -1.775540301057431325, 28.67845036495062416, -16.57978750334076423 ) ) ;
#790 = CARTESIAN_POINT ( 'NONE',  ( -11.22962471933024453, 76.00661243941935652, 6.008330940710814083 ) ) ;
#791 = CARTESIAN_POINT ( 'NONE',  ( 8.828900939160734573E-05, 2.098129149093526991, -20.82203204951631648 ) ) ;
#792 = CARTESIAN_POINT ( 'NONE',  ( 3.446973466112397855, 46.01975467129988573, -10.34708767745099856 ) ) ;
#793 = CARTESIAN_POINT ( 'NONE',  ( 16.63974810296638296, 19.05463126847925182, 1.072603898026420755 ) ) ;
#794 = CARTESIAN_POINT ( 'NONE',  ( -11.95423625665614509, 53.98024526322316063, -9.428922643702611239 ) ) ;
#795 = CARTESIAN_POINT ( 'NONE',  ( -15.43153032913005873, 28.67845222261098925, 0.6991753897257495520 ) ) ;
#796 = CARTESIAN_POINT ( 'NONE',  ( 6.903061144393142889, 39.65826265578690624, 13.83242919291379991 ) ) ;
#797 = CARTESIAN_POINT ( 'NONE',  ( 16.39661822717506467, 28.67845071030387771, -1.920303447287254439 ) ) ;
#798 = B_SPLINE_SURFACE_WITH_KNOTS ( 'NONE', 3, 3, ( 
 ( #230, #694, #3, #293, #604, #235, #378, #785, #147, #924, #220, #142, #454, #157, #313, #776, #771, #468, #629, #864, #214, #543, #458, #307 ),
 ( #382, #699, #388, #302, #616, #935, #538, #80, #463, #860, #1018, #491, #884, #85, #167, #795, #25, #90, #641, #809, #562, #557, #645, #548 ),
 ( #408, #404, #417, #324, #566, #175, #880, #483, #398, #715, #162, #805, #869, #733, #720, #241, #487, #479, #333, #12, #171, #945, #965, #649 ),
 ( #8, #473, #257, #957, #104, #250, #319, #790, #635, #953, #888, #338, #801, #246, #179, #553, #875, #94, #724, #16, #20, #329, #98, #961 ),
 ( #253, #412, #728, #350, #48, #911, #435, #198, #208, #589, #816, #900, #502, #759, #822, #667, #518, #278, #273, #356, #263, #981, #440, #444 ),
 ( #203, #673, #970, #132, #513, #53, #750, #838, #655, #573, #755, #894, #185, #345, #497, #110, #423, #362, #127, #992, #193, #678, #283, #987 ),
 ( #739, #662, #31, #584, #116, #975, #578, #268, #429, #745, #121, #905, #38, #833, #508, #828, #594, #43, #916, #933, #858, #996, #218, #769 ),
 ( #526, #140, #151, #599, #452, #63, #1006, #296, #608, #500, #626, #794, #552, #868, #820, #943, #107, #506, #420, #318, #873, #341, #161, #736 ),
 ( #813, #494, #707, #239, #478, #1, #84, #28, #743, #391, #245, #472, #311, #547, #35, #789, #427, #89, #166, #260, #653, #719, #78, #403 ) ),
 .UNSPECIFIED., .F., .F., .F.,
 ( 4, 1, 1, 3, 4 ),
 ( 4, 1, 1, 1, 1, 1, 1, 1, 1, 1, 1, 1, 1, 1, 1, 1, 1, 1, 1, 1, 1, 4 ),
 ( 0.000000000000000000, 0.2000000000000000666, 0.7999999999999998224, 1.000000000000000000, 1.010000000000000009 ),
 ( 0.000000000000000000, 0.02302731969521121594, 0.04605211722094714605, 0.09974801738465544076, 0.1380634897318202270, 0.1839976406938562403, 0.2306855618272215247, 0.2786343044011795889, 0.3277662081544264194, 0.3772082134260361652, 0.4754906379697916297, 0.5245093620302083703, 0.6227917865739638348, 0.6722337918455735251, 0.7213656955988203556, 0.7693144381727785586, 0.8160023593061439540, 0.8619365102681800783, 0.9002519826153446703, 0.9539478827790534021, 0.9769726803047893426, 1.000000000000000000 ),
 .UNSPECIFIED. ) ;
#799 = ADVANCED_FACE ( 'NONE', ( #802 ), #640, .T. ) ;
#800 = CARTESIAN_POINT ( 'NONE',  ( 15.43153018174862900, 28.67845301244058120, -0.6991753954354964495 ) ) ;
#801 = CARTESIAN_POINT ( 'NONE',  ( -10.17047794495605473, 46.01975468988872819, -4.861907101364283612 ) ) ;
#802 = FACE_OUTER_BOUND ( 'NONE', #1002, .T. ) ;
#803 = CARTESIAN_POINT ( 'NONE',  ( 4.151416907682904167, 66.67889987063877300, -15.40928061599727528 ) ) ;
#804 = CARTESIAN_POINT ( 'NONE',  ( 7.071067811865452413, 100.0000000000002700, -14.14213562373101496 ) ) ;
#805 = CARTESIAN_POINT ( 'NONE',  ( -10.17047794602443567, 53.98024530383653286, 4.861907101308259982 ) ) ;
#806 = CARTESIAN_POINT ( 'NONE',  ( 0.6991753954758931355, 28.67845301265773728, 15.43153018175072866 ) ) ;
#807 = CARTESIAN_POINT ( 'NONE',  ( 15.40928061599727172, 33.32110012936123411, -4.151416907682917490 ) ) ;
#808 = CARTESIAN_POINT ( 'NONE',  ( 16.39661822717506467, 28.67845071030387771, -1.920303447287246446 ) ) ;
#809 = CARTESIAN_POINT ( 'NONE',  ( -18.11340523398387248, 9.784423834922007401, -1.285841650006470660 ) ) ;
#810 = CARTESIAN_POINT ( 'NONE',  ( -2.797241605012601440E-13, 1.536603188856779403E-15, 21.21320343559628085 ) ) ;
#811 = CARTESIAN_POINT ( 'NONE',  ( 20.13150668522607134, 5.818782435436248512, -0.0001491040163358167605 ) ) ;
#812 = CLOSED_SHELL ( 'NONE', ( #37, #113, #952, #799, #983, #845 ) ) ;
#813 = CARTESIAN_POINT ( 'NONE',  ( -21.42533546995237614, 100.0000000000000000, -0.2121320343559187638 ) ) ;
#814 = CARTESIAN_POINT ( 'NONE',  ( 6.173050370721465008, 14.54951120387275942, 12.38987097439761875 ) ) ;
#815 = VERTEX_POINT ( 'NONE', #542 ) ;
#816 = CARTESIAN_POINT ( 'NONE',  ( -13.37047124982135671, 60.34173691560794595, -5.520695133083082240 ) ) ;
#817 = CARTESIAN_POINT ( 'NONE',  ( 19.79898987322334847, 99.99999999999998579, 1.414213562373061839 ) ) ;
#818 = COLOUR_RGB ( '',0.7921568627450980005, 0.8196078431372548767, 0.9333333333333333481 ) ;
#819 = CARTESIAN_POINT ( 'NONE',  ( 0.1236006255403888227, 80.94539632560830000, -17.81947797546447987 ) ) ;
#820 = CARTESIAN_POINT ( 'NONE',  ( -4.076364482678320300, 33.32110019176313642, -15.53968525541917955 ) ) ;
#821 = CARTESIAN_POINT ( 'NONE',  ( 20.13150668522609266, 94.18121756456369553, 0.0001491040163270813165 ) ) ;
#822 = CARTESIAN_POINT ( 'NONE',  ( -4.901941157728856524, 33.32109950534216836, -14.10523422177819164 ) ) ;
#823 = CARTESIAN_POINT ( 'NONE',  ( 7.021872952630567433, 99.22182893736172105, 14.04632764286314739 ) ) ;
#824 = B_SPLINE_CURVE_WITH_KNOTS ( 'NONE', 3,
 ( #459, #611, #539, #294, #782, #153, #379, #930, #4, #70, #455, #690, #242, #1003, #861, #226, #389, #529, #533, #855, #623, #940, #383, #303 ),
 .UNSPECIFIED., .F., .F.,
 ( 4, 1, 1, 1, 1, 1, 1, 1, 1, 1, 1, 1, 1, 1, 1, 1, 1, 1, 1, 1, 1, 4 ),
 ( 0.000000000000000000, 0.02302731969521122288, 0.04605211722094715299, 0.09974801738465545464, 0.1380634897318202270, 0.1839976406938562403, 0.2306855618272215247, 0.2786343044011795889, 0.3277662081544264194, 0.3772082134260361652, 0.4754906379697916852, 0.5245093620302083703, 0.6227917865739637238, 0.6722337918455735251, 0.7213656955988204666, 0.7693144381727786696, 0.8160023593061440650, 0.8619365102681800783, 0.9002519826153446703, 0.9539478827790534021, 0.9769726803047893426, 1.000000000000000000 ),
 .UNSPECIFIED. ) ;
#825 = CARTESIAN_POINT ( 'NONE',  ( -18.15260881082208400, 82.92325271265860920, -0.03709947318587369230 ) ) ;
#826 = CARTESIAN_POINT ( 'NONE',  ( -19.53600571270450104, 90.21536925458953249, 0.1208240779516728813 ) ) ;
#827 = CARTESIAN_POINT ( 'NONE',  ( 16.63974810296647888, 80.94536873152068779, -1.072603898026389446 ) ) ;
#828 = CARTESIAN_POINT ( 'NONE',  ( -1.872049065210649399, 28.67845059518612771, -16.45767465256363238 ) ) ;
#829 = CARTESIAN_POINT ( 'NONE',  ( 1.341883384916713773, 94.17821756875858341, 18.78890347976317443 ) ) ;
#830 = CARTESIAN_POINT ( 'NONE',  ( -16.03299342903017077, 69.65268709739990527, -2.717925583427877712 ) ) ;
#831 = CARTESIAN_POINT ( 'NONE',  ( -0.07071067811890917321, -1.544410964367171451E-15, -21.28391411371479336 ) ) ;
#832 = CARTESIAN_POINT ( 'NONE',  ( 6.903061144393149995, 39.65826265578689913, 13.83242919291379103 ) ) ;
#833 = CARTESIAN_POINT ( 'NONE',  ( -6.879963250992616075, 39.65826263435463517, -13.90154749772335663 ) ) ;
#834 = CARTESIAN_POINT ( 'NONE',  ( -2.847370389897604603, 66.67890049457773216, 14.65875647540028481 ) ) ;
#835 = CARTESIAN_POINT ( 'NONE',  ( -16.81075443021020277, 74.17524921335936483, -0.5734486717963135360 ) ) ;
#836 = CARTESIAN_POINT ( 'NONE',  ( -17.87928179663145301, 80.94536191861705277, -0.06461463303378917056 ) ) ;
#837 = CARTESIAN_POINT ( 'NONE',  ( 19.65958863518772048, 99.19858156950408556, -1.404213562386908531 ) ) ;
#838 = CARTESIAN_POINT ( 'NONE',  ( -17.08055177267661406, 76.00662836346278084, 0.4722206291259924971 ) ) ;
#839 = CARTESIAN_POINT ( 'NONE',  ( -7.872495643906417762, 53.98024523858537549, 11.75996554668377314 ) ) ;
#840 = CARTESIAN_POINT ( 'NONE',  ( -17.88384381093042919, 81.26598320159783384, -0.01626111942923559248 ) ) ;
#841 = CARTESIAN_POINT ( 'NONE',  ( -15.40928075789972063, 66.67890063112297128, -4.151416902163763467 ) ) ;
#842 = CARTESIAN_POINT ( 'NONE',  ( -0.0001491040163164813700, 94.18121756456366711, 20.13150668522607845 ) ) ;
#843 = CARTESIAN_POINT ( 'NONE',  ( -10.60660171779792549, 99.99999999999931788, 10.60660171779845307 ) ) ;
#844 = CARTESIAN_POINT ( 'NONE',  ( -1.446151910955955300, 27.77030359916539481, -16.50346642228102567 ) ) ;
#845 = ADVANCED_FACE ( 'NONE', ( #240 ), #466, .T. ) ;
#846 = CARTESIAN_POINT ( 'NONE',  ( -21.20384550163560178, 99.19643584130052716, 0.1404232943120510280 ) ) ;
#847 = CARTESIAN_POINT ( 'NONE',  ( -6.885006545041190179E-05, 0.7936155272986729070, 21.06527865357728757 ) ) ;
#848 = CARTESIAN_POINT ( 'NONE',  ( -14.14213562373092259, -1.049354039125269065E-15, -7.071067811865641595 ) ) ;
#849 = ORIENTED_EDGE ( 'NONE', *, *, #768, .F. ) ;
#850 = CARTESIAN_POINT ( 'NONE',  ( -0.03773665763515985511, 16.80527694444304032, -18.19642694438018538 ) ) ;
#851 = CARTESIAN_POINT ( 'NONE',  ( 5.538762458806415268, 2.384457474449010128, -15.23000319227619848 ) ) ;
#852 = CARTESIAN_POINT ( 'NONE',  ( 0.0001491040163330051261, 5.818782435436301803, 20.13150668522607134 ) ) ;
#853 = CARTESIAN_POINT ( 'NONE',  ( -7.071067811865505703, -2.685764880865064564E-16, -1.410908427127803019E-13 ) ) ;
#854 = ORIENTED_EDGE ( 'NONE', *, *, #434, .F. ) ;
#855 = CARTESIAN_POINT ( 'NONE',  ( -19.40657540927873725, 9.784611935371932745, 0.008496445674147909410 ) ) ;
#856 = CARTESIAN_POINT ( 'NONE',  ( 10.64226003562600198, 19.05452848043039893, -7.201951917493171429 ) ) ;
#857 = CARTESIAN_POINT ( 'NONE',  ( -7.071067811865511921, 100.0000000000007390, -5.608939238991676693E-14 ) ) ;
#858 = CARTESIAN_POINT ( 'NONE',  ( 0.06695473951539317181, 5.818632421495260942, -20.19863801589637475 ) ) ;
#859 = CARTESIAN_POINT ( 'NONE',  ( -6.903061144467871557, 60.34173734381260346, 13.83242919291088846 ) ) ;
#860 = CARTESIAN_POINT ( 'NONE',  ( -4.901941157720744791, 66.67890049457878376, 14.10523422177749353 ) ) ;
#861 = CARTESIAN_POINT ( 'NONE',  ( -15.40928075789918417, 33.32109936895249547, 4.151416902177857970 ) ) ;
#862 = CARTESIAN_POINT ( 'NONE',  ( -14.22936327224451070, 90.21614046616556948, -5.181317390712499638 ) ) ;
#863 = CARTESIAN_POINT ( 'NONE',  ( -15.40928075789918417, 33.32109936895249547, 4.151416902177857970 ) ) ;
#864 = CARTESIAN_POINT ( 'NONE',  ( -19.40657540927873725, 9.784611935371923863, 0.008496445674144878848 ) ) ;
#865 = CARTESIAN_POINT ( 'NONE',  ( 17.81947797546449763, 80.94539632560830000, 0.1236006255403825360 ) ) ;
#866 = CARTESIAN_POINT ( 'NONE',  ( 0.4722207001148016059, 23.99336183103058318, -17.08055360250755683 ) ) ;
#867 = CARTESIAN_POINT ( 'NONE',  ( 13.37047124980638024, 39.65826308436702874, -5.520695133086276130 ) ) ;
#868 = CARTESIAN_POINT ( 'NONE',  ( -6.856865357592063503, 39.65826261292236410, -13.97066580253294354 ) ) ;
#869 = CARTESIAN_POINT ( 'NONE',  ( -11.05352661902107236, 46.01975470303559490, 2.212761089457605745 ) ) ;
#870 = CARTESIAN_POINT ( 'NONE',  ( 0.03673357287146850753, 19.97592116146710239, -17.68717208138423302 ) ) ;
#871 = CARTESIAN_POINT ( 'NONE',  ( -0.1236008690211092415, 19.05463730613322326, -17.81947169935566322 ) ) ;
#872 = CARTESIAN_POINT ( 'NONE',  ( 18.57171614727230136, 14.54932528263361391, 0.02628122518672515798 ) ) ;
#873 = CARTESIAN_POINT ( 'NONE',  ( 0.1340585830471164031, 5.818482407554221858, -20.26576934656668882 ) ) ;
#874 = APPLICATION_CONTEXT ( 'automotive_design' ) ;
#875 = CARTESIAN_POINT ( 'NONE',  ( -5.378703430024619259, 23.99338756589374100, -11.54443851944463439 ) ) ;
#876 = CARTESIAN_POINT ( 'NONE',  ( 20.13150668522607845, 94.18121756456366711, 0.0001491040163383726587 ) ) ;
#877 = CARTESIAN_POINT ( 'NONE',  ( 6.903061144393134896, 60.34173734421310797, -13.83242919291379280 ) ) ;
#878 = EDGE_CURVE ( 'NONE', #939, #709, #621, .T. ) ;
#879 = CARTESIAN_POINT ( 'NONE',  ( 11.52263999883682644, 39.65826180747482965, 0.008768971869369087541 ) ) ;
#880 = CARTESIAN_POINT ( 'NONE',  ( -6.022226661951853188, 80.94545094321581757, 11.83846162579195216 ) ) ;
#881 = CARTESIAN_POINT ( 'NONE',  ( 21.06527865357728757, 99.20638447270133042, -6.885006546010194516E-05 ) ) ;
#882 = CARTESIAN_POINT ( 'NONE',  ( 0.1236006255403888227, 80.94539632560830000, -17.81947797546447987 ) ) ;
#883 = CARTESIAN_POINT ( 'NONE',  ( 21.06527865357728402, 0.7936155272986717968, 6.885006546198388973E-05 ) ) ;
#884 = CARTESIAN_POINT ( 'NONE',  ( -11.75996554770526181, 46.01975475838434448, 7.872495644382181190 ) ) ;
#885 = CARTESIAN_POINT ( 'NONE',  ( 19.38543688800377041, 97.62288449904495735, 1.384645959408167704 ) ) ;
#886 = CARTESIAN_POINT ( 'NONE',  ( 14.10523422177818453, 33.32109950534216836, -4.901941157728853860 ) ) ;
#887 = CARTESIAN_POINT ( 'NONE',  ( 1.384645959417070360, 97.62288449904441734, -19.38543688801419407 ) ) ;
#888 = CARTESIAN_POINT ( 'NONE',  ( -11.52263999881525081, 60.34173819256100302, 0.008768971864846555886 ) ) ;
#889 = CARTESIAN_POINT ( 'NONE',  ( -1.384723622323177805, 2.377115159667801958, 19.38543263176847020 ) ) ;
#890 = CARTESIAN_POINT ( 'NONE',  ( 10.52164164237713173, 46.01975476421713296, -9.464039014976695086 ) ) ;
#891 = CARTESIAN_POINT ( 'NONE',  ( -14.03978399120717491, 60.34173678568475196, -6.833767468789889499 ) ) ;
#892 = CARTESIAN_POINT ( 'NONE',  ( 11.05352662140590070, 53.98024531010002391, 2.212761089355764543 ) ) ;
#893 = ORIENTED_EDGE ( 'NONE', *, *, #476, .T. ) ;
#894 = CARTESIAN_POINT ( 'NONE',  ( -11.93657528302046522, 53.98024526072872931, -9.287429280132277754 ) ) ;
#895 = CARTESIAN_POINT ( 'NONE',  ( -0.02628122518672637922, 14.54932528263361391, 18.57171614727229425 ) ) ;
#896 = CARTESIAN_POINT ( 'NONE',  ( -1.072603897540604034, 80.94536872891741552, -16.63974810298532248 ) ) ;
#897 = VECTOR ( 'NONE', #69, 1000.000000000000000 ) ;
#898 = CARTESIAN_POINT ( 'NONE',  ( -0.2026471600265487838, 9.784640150435649275, -19.60055093557284422 ) ) ;
#899 = CARTESIAN_POINT ( 'NONE',  ( 11.52263999881535739, 60.34173819256093196, -0.008768971864824004481 ) ) ;
#900 = CARTESIAN_POINT ( 'NONE',  ( -11.75996554666367544, 53.98024523578435918, -7.872495644428956219 ) ) ;
#901 = CARTESIAN_POINT ( 'NONE',  ( 13.42202570764048453, 94.18715552498215970, 6.710629148232734487 ) ) ;
#902 = DIRECTION ( 'NONE',  ( -0.7071067811865635599, 2.436245748657634025E-17, 0.7071067811865314745 ) ) ;
#903 = CARTESIAN_POINT ( 'NONE',  ( -0.1591725017451106616, 14.54920288156611363, -18.75771918397084903 ) ) ;
#904 = CARTESIAN_POINT ( 'NONE',  ( 9.464039014977011277, 46.01975476421475975, 10.52164164237727029 ) ) ;
#905 = CARTESIAN_POINT ( 'NONE',  ( -11.94540576983830604, 53.98024526197594497, -9.358175961917444496 ) ) ;
#906 = CARTESIAN_POINT ( 'NONE',  ( 1.414213562373111355, 99.99999999999997158, 19.79898987322335913 ) ) ;
#907 = CARTESIAN_POINT ( 'NONE',  ( 10.60660171779819549, 100.0000000000002558, 10.60660171779829319 ) ) ;
#908 =( NAMED_UNIT ( * ) PLANE_ANGLE_UNIT ( ) SI_UNIT ( $, .RADIAN. ) );
#909 = CARTESIAN_POINT ( 'NONE',  ( -16.45767409540953352, 71.32154641916824289, -1.872049086826637732 ) ) ;
#910 = CARTESIAN_POINT ( 'NONE',  ( 14.14213562373082489, 99.99999999999992895, -7.071067811865628272 ) ) ;
#911 = CARTESIAN_POINT ( 'NONE',  ( -17.33186570873323973, 85.45076864910593883, 1.262645992329971989 ) ) ;
#912 = CARTESIAN_POINT ( 'NONE',  ( 1.579442914262249698, 76.00663640865909088, 15.91036832081547203 ) ) ;
#913 = DIRECTION ( 'NONE',  ( -0.7071067811865441310, 5.134781488891326911E-14, 0.7071067811865510144 ) ) ;
#914 = CARTESIAN_POINT ( 'NONE',  ( -20.90877301359853746, 97.62387968643524516, 0.1385006290155961772 ) ) ;
#915 = CARTESIAN_POINT ( 'NONE',  ( 11.92086220540302932, 80.94545094321648548, -5.857425813506119461 ) ) ;
#916 = CARTESIAN_POINT ( 'NONE',  ( 0.08827457110725608902, 14.54932997966365527, -18.63353345550907392 ) ) ;
#917 = CARTESIAN_POINT ( 'NONE',  ( -4.861907098932407578, 46.01975470293106696, 10.17047794504834712 ) ) ;
#918 = CARTESIAN_POINT ( 'NONE',  ( -20.80308835263929623, 97.79923831329102768, 9.831916726533853430E-05 ) ) ;
#919 = CARTESIAN_POINT ( 'NONE',  ( -0.2121320343567969224, -1.560026515387921429E-15, -21.42533546995152349 ) ) ;
#920 = CARTESIAN_POINT ( 'NONE',  ( 10.29097849083830063, 71.32155384637901818, 6.745741728354045286 ) ) ;
#921 = CARTESIAN_POINT ( 'NONE',  ( -0.7418172995358912614, 26.25370848852898220, -16.74594279788854578 ) ) ;
#922 = CARTESIAN_POINT ( 'NONE',  ( -11.93657527913151206, 53.98024523032751176, -9.287429282136681508 ) ) ;
#923 = CARTESIAN_POINT ( 'NONE',  ( 21.21320343559669297, 8.057294642594888502E-16, 1.439820485060749888E-13 ) ) ;
#924 = CARTESIAN_POINT ( 'NONE',  ( -4.151416907668817657, 66.67889987071424684, 15.40928061599782595 ) ) ;
#925 = CARTESIAN_POINT ( 'NONE',  ( -0.04764726921559276490, 17.85876267983936216, -18.02322887079282054 ) ) ;
#926 = CARTESIAN_POINT ( 'NONE',  ( -21.13367471593742408, 99.19665505824724505, 0.07021164715534800038 ) ) ;
#927 =( NAMED_UNIT ( * ) PLANE_ANGLE_UNIT ( ) SI_UNIT ( $, .RADIAN. ) );
#928 = CARTESIAN_POINT ( 'NONE',  ( -16.39661770357123771, 28.67845351613610561, 1.920303467600367853 ) ) ;
#929 = VERTEX_POINT ( 'NONE', #934 ) ;
#930 = CARTESIAN_POINT ( 'NONE',  ( 0.4722206291268633005, 76.00662836346751305, 17.08055177267666025 ) ) ;
#931 = CARTESIAN_POINT ( 'NONE',  ( -8.302965210030269105, 60.34173778565239843, -8.750892600431885882 ) ) ;
#932 = CARTESIAN_POINT ( 'NONE',  ( 2.220446049250313081E-13, 100.0000000000010232, 21.21320343559636967 ) ) ;
#933 = CARTESIAN_POINT ( 'NONE',  ( 0.05616695897226318956, 9.784187181342796080, -19.47137158028751003 ) ) ;
#934 = CARTESIAN_POINT ( 'NONE',  ( 2.077331362482226496E-13, 100.0000000000006679, 21.21320343559635901 ) ) ;
#935 = CARTESIAN_POINT ( 'NONE',  ( -1.213585691570329361, 85.45076864910586778, 17.33536998247251404 ) ) ;
#936 = CARTESIAN_POINT ( 'NONE',  ( -3.642919299551294898E-14, -1.536603188856827129E-15, -21.21320343559640520 ) ) ;
#937 = CARTESIAN_POINT ( 'NONE',  ( 4.901109476774371032, 23.99337991295415051, -12.39981041540780637 ) ) ;
#938 = CARTESIAN_POINT ( 'NONE',  ( -6.885006544873750061E-05, 99.20638447270133042, -21.06527865357726981 ) ) ;
#939 = VERTEX_POINT ( 'NONE', #229 ) ;
#940 = CARTESIAN_POINT ( 'NONE',  ( -20.77026684759028186, 2.376323658939943240, -3.194017838844475873E-05 ) ) ;
#941 = CARTESIAN_POINT ( 'NONE',  ( 3.469446951953614189E-14, -1.536603188856796560E-15, -21.21320343559642652 ) ) ;
#942 = CARTESIAN_POINT ( 'NONE',  ( 11.93657528302045279, 46.01975473927130622, -9.287429280132295517 ) ) ;
#943 = CARTESIAN_POINT ( 'NONE',  ( -1.823794683134040362, 28.67845048006837416, -16.51873107795220008 ) ) ;
#944 = CARTESIAN_POINT ( 'NONE',  ( 1.920303447287257326, 71.32154928969609387, -16.39661822717506467 ) ) ;
#945 = CARTESIAN_POINT ( 'NONE',  ( -13.84550699082577907, 2.385087434007009843, -6.923136953174076069 ) ) ;
#946 = CARTESIAN_POINT ( 'NONE',  ( 18.57171614727229425, 85.45067471736638254, -0.02628122518672812089 ) ) ;
#947 = CARTESIAN_POINT ( 'NONE',  ( -4.151416902163766132, 33.32109936887703583, -15.40928075789972596 ) ) ;
#948 = AXIS2_PLACEMENT_3D ( 'NONE', #101, #353, #190 ) ;
#949 = CARTESIAN_POINT ( 'NONE',  ( 9.464039014973009145, 53.98024523587071855, -10.52164164237187016 ) ) ;
#950 = CARTESIAN_POINT ( 'NONE',  ( -16.57978687908642712, 71.32154628981504629, -1.775540325272075171 ) ) ;
#951 = UNCERTAINTY_MEASURE_WITH_UNIT (LENGTH_MEASURE( 1.000000000000000082E-05 ), #774, 'distance_accuracy_value', 'NONE');
#952 = ADVANCED_FACE ( 'NONE', ( #152 ), #620, .T. ) ;
#953 = CARTESIAN_POINT ( 'NONE',  ( -11.65665915349499038, 66.67889863562018604, 2.368815594791258139 ) ) ;
#954 = CARTESIAN_POINT ( 'NONE',  ( -7.557518297015483600E-09, 2.380734483180664718, 20.76944373190768545 ) ) ;
#955 = CARTESIAN_POINT ( 'NONE',  ( -1.414213562373102473, 99.99999999999997158, -19.79898987322335202 ) ) ;
#956 = CARTESIAN_POINT ( 'NONE',  ( 21.21320343559642652, 8.057294642594837226E-16, 3.989863994746656317E-14 ) ) ;
#957 = CARTESIAN_POINT ( 'NONE',  ( -13.42214278625403168, 94.18715552483519104, 6.710428778112779824 ) ) ;
#958 = CARTESIAN_POINT ( 'NONE',  ( -7.557523501172676640E-09, 2.380734483180665162, 20.76944373190768545 ) ) ;
#959 = CARTESIAN_POINT ( 'NONE',  ( -6.885006545070066549E-05, 99.20638447270130200, -21.06527865357727691 ) ) ;
#960 = MANIFOLD_SOLID_BREP ( 'Surface-Knit1', #812 ) ;
#961 = CARTESIAN_POINT ( 'NONE',  ( -7.071067811873795961, -1.292978613991365022E-15, -14.14213562373918620 ) ) ;
#962 = CARTESIAN_POINT ( 'NONE',  ( 12.45006309672358036, 60.34173691573689524, 7.365019012409423027 ) ) ;
#963 = CARTESIAN_POINT ( 'NONE',  ( -0.02628122518672454735, 85.45067471736638254, -18.57171614727228715 ) ) ;
#964 = CARTESIAN_POINT ( 'NONE',  ( 6.474549248445936378, 90.21645868963830139, -12.93505604242464813 ) ) ;
#965 = CARTESIAN_POINT ( 'NONE',  ( -14.04519694768570659, 0.7842301109394652636, -7.021829087497543753 ) ) ;
#966 = CARTESIAN_POINT ( 'NONE',  ( -1.262645993983517512, 14.54923134203269264, 17.33186570866904574 ) ) ;
#967 = CARTESIAN_POINT ( 'NONE',  ( 4.151416907682904167, 66.67889987063877300, -15.40928061599727528 ) ) ;
#968 = CARTESIAN_POINT ( 'NONE',  ( -21.21320343559634480, -8.057294642594698189E-16, -2.367897544708341684E-13 ) ) ;
#969 = CARTESIAN_POINT ( 'NONE',  ( 19.38543263424114826, 97.62288449892174924, -1.384723558616474559 ) ) ;
#970 = CARTESIAN_POINT ( 'NONE',  ( -20.76944373190767124, 97.61926551681932551, 7.557528707368042710E-09 ) ) ;
#971 = CARTESIAN_POINT ( 'NONE',  ( 17.08055177267662827, 76.00662836346282347, -0.4722206291259783972 ) ) ;
#972 = CARTESIAN_POINT ( 'NONE',  ( 16.62326798711579912, 19.05463127108250987, -1.303325656788884013 ) ) ;
#973 = CARTESIAN_POINT ( 'NONE',  ( -7.110416050684357891, 39.65826321429963031, -13.90172276824026021 ) ) ;
#974 = CARTESIAN_POINT ( 'NONE',  ( 15.91036832081548624, 76.00663640866055459, -1.579442914262491060 ) ) ;
#975 = CARTESIAN_POINT ( 'NONE',  ( -18.63370866919922264, 85.45067002077939833, -0.03553701317042758101 ) ) ;
#976 = CARTESIAN_POINT ( 'NONE',  ( 6.923116608565733188, 97.61210238281935858, 13.84498257505517671 ) ) ;
#977 = CARTESIAN_POINT ( 'NONE',  ( -10.60660171779835892, -1.171166326558155426E-15, -10.60660171779817951 ) ) ;
#978 =( LENGTH_UNIT ( ) NAMED_UNIT ( * ) SI_UNIT ( .MILLI., .METRE. ) );
#979 = CARTESIAN_POINT ( 'NONE',  ( -2.103472679287065716, 28.67845371018603373, -16.54138080973578440 ) ) ;
#980 = CARTESIAN_POINT ( 'NONE',  ( 9.287429280132306175, 46.01975473927130622, 11.93657528302045634 ) ) ;
#981 = CARTESIAN_POINT ( 'NONE',  ( -1.384646023104136647, 2.377115159668204747, -19.38543689046411345 ) ) ;
#982 = CARTESIAN_POINT ( 'NONE',  ( 4.861907101373980744, 53.98024530998279857, 10.17047794498237145 ) ) ;
#983 = ADVANCED_FACE ( 'NONE', ( #697 ), #560, .F. ) ;
#984 = CARTESIAN_POINT ( 'NONE',  ( -17.00881188588594384, 75.50128979033078735, -0.1422655137140648729 ) ) ;
#985 = CARTESIAN_POINT ( 'NONE',  ( 0.3614984806983123633, 23.99336137898249532, -17.19757218218505201 ) ) ;
#986 = CARTESIAN_POINT ( 'NONE',  ( 14.04632764287781121, 99.22182893736014364, -7.021872952637600918 ) ) ;
#987 = CARTESIAN_POINT ( 'NONE',  ( 2.949029909160572061E-14, -1.536603188856796363E-15, -21.21320343559641941 ) ) ;
#988 = CARTESIAN_POINT ( 'NONE',  ( 1.262645992329930023, 85.45076864910575409, 17.33186570873326815 ) ) ;
#989 = CARTESIAN_POINT ( 'NONE',  ( -9.020641705423834367, 45.38200545376068362, -12.10368495547668211 ) ) ;
#990 = CARTESIAN_POINT ( 'NONE',  ( -21.06350393023924994, 99.19687427519396294, -1.355037132486914522E-12 ) ) ;
#991 = CARTESIAN_POINT ( 'NONE',  ( 6.474549248444565031, 9.783541310419499482, 12.93505604242258578 ) ) ;
#992 = CARTESIAN_POINT ( 'NONE',  ( -0.008493491813427195974, 9.784203921242763613, -19.40665154988422003 ) ) ;
#993 = CARTESIAN_POINT ( 'NONE',  ( -6.923116162594633138, 2.387900007052898399, 13.84498259234794659 ) ) ;
#994 = CARTESIAN_POINT ( 'NONE',  ( -14.66165850223241307, 63.65006463539696568, -5.473842043060130003 ) ) ;
#995 = CARTESIAN_POINT ( 'NONE',  ( -17.19127590618557733, 76.00663862102479129, 0.5892391955318879715 ) ) ;
#996 = CARTESIAN_POINT ( 'NONE',  ( 0.06923230909059430171, 2.380915449356284075, -20.83864407397985730 ) ) ;
#997 = CARTESIAN_POINT ( 'NONE',  ( -15.97333056573705257, 23.99336635150986652, 0.6979642540659488636 ) ) ;
#998 = CARTESIAN_POINT ( 'NONE',  ( -9.738058550327131968, 47.41448121571035301, -11.46217167124671299 ) ) ;
#999 = MECHANICAL_DESIGN_GEOMETRIC_PRESENTATION_REPRESENTATION (  '', ( #371 ), #598 ) ;
#1000 = CARTESIAN_POINT ( 'NONE',  ( -0.06727889548099616479, 5.822523120383339190, -20.19791079443744053 ) ) ;
#1001 = CARTESIAN_POINT ( 'NONE',  ( 7.071067811865332509, 1.292978613991018515E-15, 14.14213562373086042 ) ) ;
#1002 = EDGE_LOOP ( 'NONE', ( #738, #422, #1008, #849 ) ) ;
#1003 = CARTESIAN_POINT ( 'NONE',  ( -13.83242909550488875, 39.65826317777138854, 6.903061148172105810 ) ) ;
#1004 = CARTESIAN_POINT ( 'NONE',  ( -17.93909189390725700, 80.94536114336735011, -0.005628397046474130361 ) ) ;
#1005 = SURFACE_STYLE_USAGE ( .BOTH. , #366 ) ;
#1006 = CARTESIAN_POINT ( 'NONE',  ( -17.93745096271427997, 80.94539908501707259, -0.2432210778970524123 ) ) ;
#1007 = CARTESIAN_POINT ( 'NONE',  ( -20.77026684759028186, 2.376323658939943240, -3.194017838844475873E-05 ) ) ;
#1008 = ORIENTED_EDGE ( 'NONE', *, *, #612, .F. ) ;
#1009 = CARTESIAN_POINT ( 'NONE',  ( 0.1009347476394736598, 23.15042231834488717, -17.20823633498956085 ) ) ;
#1010 = CARTESIAN_POINT ( 'NONE',  ( 11.64075731957581894, 9.783291681876134405, -7.767760985241770832 ) ) ;
#1011 = CARTESIAN_POINT ( 'NONE',  ( -0.02628122518672637922, 14.54932528263361391, 18.57171614727229425 ) ) ;
#1012 = CARTESIAN_POINT ( 'NONE',  ( 5.204170427930421283E-14, 100.0000000000000000, 21.21320343559642652 ) ) ;
#1013 = FACE_OUTER_BOUND ( 'NONE', #532, .T. ) ;
#1014 = CARTESIAN_POINT ( 'NONE',  ( 21.21320343559637678, 99.99999999999958789, 8.239936510889833698E-15 ) ) ;
#1015 = CARTESIAN_POINT ( 'NONE',  ( -8.307714297644899659, 97.60940378109728499, -12.45987008251246664 ) ) ;
#1016 = CARTESIAN_POINT ( 'NONE',  ( 7.285838599102589797E-14, 100.0000000000015916, -21.21320343559661126 ) ) ;
#1017 = CARTESIAN_POINT ( 'NONE',  ( -1.920303447290791832, 71.32154928967705132, 16.39661822717493678 ) ) ;
#1018 = CARTESIAN_POINT ( 'NONE',  ( -7.365019012396506248, 60.34173691571489684, 12.45006309672357325 ) ) ;
#1019 = CARTESIAN_POINT ( 'NONE',  ( 20.13150668522609266, 94.18121756456369553, 0.0001491040163270813165 ) ) ;
#1020 = CARTESIAN_POINT ( 'NONE',  ( -14.76381551556731431, 94.18430377951987964, -5.368347579673494074 ) ) ;
#1021 = CARTESIAN_POINT ( 'NONE',  ( 14.65875647540322113, 33.32109950540573351, -2.847370389893008724 ) ) ;
ENDSEC;
END-ISO-10303-21;
