ISO-10303-21;
HEADER;
FILE_DESCRIPTION (( 'STEP AP214' ),
    '1' );
FILE_NAME ('cap.STEP',
    '2026-08-05T03:28:49',
    ( '' ),
    ( '' ),
    'SwSTEP 2.0',
    'SolidWorks 2023',
    '' );
FILE_SCHEMA (( 'AUTOMOTIVE_DESIGN' ));
ENDSEC;

DATA;
#1 = ORIENTED_EDGE ( 'NONE', *, *, #3220, .F. ) ;
#2 = CARTESIAN_POINT ( 'NONE',  ( -8.829327179896832689, 2.059838893144255945, 4.695612462786846741 ) ) ;
#3 = CARTESIAN_POINT ( 'NONE',  ( 7.448814233386222838, 2.240934156756781981, -6.508373931577538407 ) ) ;
#4 = LINE ( 'NONE', #4439, #5398 ) ;
#5 = ORIENTED_EDGE ( 'NONE', *, *, #4832, .T. ) ;
#6 = CARTESIAN_POINT ( 'NONE',  ( -0.4397714266284739049, 0.000000000000000000, -2.776607510986325522 ) ) ;
#7 = CARTESIAN_POINT ( 'NONE',  ( -9.286350259861624323, 1.768517871363069371, 3.712059723680429357 ) ) ;
#8 = B_SPLINE_CURVE_WITH_KNOTS ( 'NONE', 3,
 ( #3331, #5552, #3366, #2783, #5017, #2225, #4464, #3906, #6117, #1828, #645, #6264, #143, #103, #683, #6699, #2965, #1720 ),
 .UNSPECIFIED., .F., .F.,
 ( 4, 2, 2, 2, 2, 2, 2, 2, 4 ),
 ( 0.000000000000000000, 0.0001297744646122152182, 0.0002595489292244304363, 0.0005190978584488584874, 0.001038195716897715023, 0.001557293575346571342, 0.001816842504570999502, 0.001946616969183214340, 0.002076391433795429179 ),
 .UNSPECIFIED. ) ;
#9 = AXIS2_PLACEMENT_3D ( 'NONE', #2539, #5282, #2504 ) ;
#10 = CARTESIAN_POINT ( 'NONE',  ( 6.368549238272044555, 2.438027874578162724, 7.611508095585913125 ) ) ;
#11 = VERTEX_POINT ( 'NONE', #5723 ) ;
#12 = AXIS2_PLACEMENT_3D ( 'NONE', #3666, #6997, #4803 ) ;
#13 = CARTESIAN_POINT ( 'NONE',  ( -6.502380906176199460, 2.242932669926582356, -7.455982384190906309 ) ) ;
#14 = CARTESIAN_POINT ( 'NONE',  ( -4.694895751422061281, 2.059185488125240493, 8.829708429580117368 ) ) ;
#15 = ORIENTED_EDGE ( 'NONE', *, *, #4978, .T. ) ;
#16 = CARTESIAN_POINT ( 'NONE',  ( -7.642397253626305620, 2.181508697813392850, -6.450700701127960457 ) ) ;
#17 = AXIS2_PLACEMENT_3D ( 'NONE', #4282, #2741, #6516 ) ;
#18 = EDGE_LOOP ( 'NONE', ( #3352, #3971, #2900, #3050 ) ) ;
#19 = PLANE ( 'NONE',  #4407 ) ;
#20 = FACE_OUTER_BOUND ( 'NONE', #968, .T. ) ;
#21 = CARTESIAN_POINT ( 'NONE',  ( -7.841361078610813884, 2.500000000000000444, -6.205888851312715282 ) ) ;
#22 = CIRCLE ( 'NONE', #1057, 2.000000000000000000 ) ;
#23 = EDGE_CURVE ( 'NONE', #7120, #1913, #4761, .T. ) ;
#24 = ORIENTED_EDGE ( 'NONE', *, *, #1221, .T. ) ;
#25 = ORIENTED_EDGE ( 'NONE', *, *, #4870, .T. ) ;
#26 = CARTESIAN_POINT ( 'NONE',  ( 3.029696907789583893, 2.343771222574625224, 9.439657202977972617 ) ) ;
#27 = DIRECTION ( 'NONE',  ( -0.000000000000000000, 1.000000000000000000, -0.000000000000000000 ) ) ;
#28 = CYLINDRICAL_SURFACE ( 'NONE', #6726, 2.000000000000000000 ) ;
#29 = APPLICATION_PROTOCOL_DEFINITION ( 'draft international standard', 'automotive_design', 1998, #1723 ) ;
#30 = ORIENTED_EDGE ( 'NONE', *, *, #2785, .T. ) ;
#31 = DIRECTION ( 'NONE',  ( 0.000000000000000000, 0.000000000000000000, -1.000000000000000000 ) ) ;
#32 = EDGE_CURVE ( 'NONE', #5438, #221, #854, .T. ) ;
#33 = CARTESIAN_POINT ( 'NONE',  ( -5.895594408746999804, 9.500000000000000000, -7.449293024680337716 ) ) ;
#34 = ORIENTED_EDGE ( 'NONE', *, *, #4263, .T. ) ;
#35 = CARTESIAN_POINT ( 'NONE',  ( 8.297540029607398893, 9.500000000000000000, -4.626103053009395616 ) ) ;
#36 = ORIENTED_EDGE ( 'NONE', *, *, #1528, .T. ) ;
#37 = EDGE_CURVE ( 'NONE', #3291, #4546, #2404, .T. ) ;
#38 = VERTEX_POINT ( 'NONE', #4762 ) ;
#39 = CARTESIAN_POINT ( 'NONE',  ( -9.406354823611767557, 2.279592747210354542, 3.095596099249457556 ) ) ;
#40 = CARTESIAN_POINT ( 'NONE',  ( 9.880520895452907126, 2.343771222574625224, 0.8133254559658908978 ) ) ;
#41 = CARTESIAN_POINT ( 'NONE',  ( 4.594978259367510809, 2.438027874578113874, -8.796570336523377165 ) ) ;
#42 = ORIENTED_EDGE ( 'NONE', *, *, #4518, .F. ) ;
#43 = CARTESIAN_POINT ( 'NONE',  ( -1.098630827246564134, 10.00001200000000168, -9.436260398347616984 ) ) ;
#44 = VECTOR ( 'NONE', #4359, 1000.000000000000000 ) ;
#45 = PLANE ( 'NONE',  #1930 ) ;
#46 = CARTESIAN_POINT ( 'NONE',  ( -2.970974231079499983, 2.500000000000000444, -9.469254843656241150 ) ) ;
#47 = ADVANCED_FACE ( 'NONE', ( #6959 ), #4208, .T. ) ;
#48 = CIRCLE ( 'NONE', #6418, 0.4999999999999998890 ) ;
#49 = ORIENTED_EDGE ( 'NONE', *, *, #3320, .F. ) ;
#50 = AXIS2_PLACEMENT_3D ( 'NONE', #1403, #356, #4765 ) ;
#51 = DIRECTION ( 'NONE',  ( 0.000000000000000000, -1.000000000000000000, 0.000000000000000000 ) ) ;
#52 = CARTESIAN_POINT ( 'NONE',  ( -1.098630827246566799, 10.00000000000000000, 9.936260398347616984 ) ) ;
#53 = ORIENTED_EDGE ( 'NONE', *, *, #4665, .F. ) ;
#54 = CARTESIAN_POINT ( 'NONE',  ( -7.230240655841393860, 1.992695579455236787, -6.909176054700053804 ) ) ;
#55 = ORIENTED_EDGE ( 'NONE', *, *, #5105, .F. ) ;
#56 = FACE_OUTER_BOUND ( 'NONE', #7014, .T. ) ;
#57 = FACE_OUTER_BOUND ( 'NONE', #2117, .T. ) ;
#58 = LINE ( 'NONE', #4455, #6955 ) ;
#59 = AXIS2_PLACEMENT_3D ( 'NONE', #4027, #1344, #5100 ) ;
#60 = CIRCLE ( 'NONE', #2243, 4.000000000000000000 ) ;
#61 = ORIENTED_EDGE ( 'NONE', *, *, #1871, .F. ) ;
#62 = CARTESIAN_POINT ( 'NONE',  ( -4.512470218131203303, 2.127336489724588109, -8.925099472239244491 ) ) ;
#63 = FACE_OUTER_BOUND ( 'NONE', #5703, .T. ) ;
#64 = DIRECTION ( 'NONE',  ( 0.000000000000000000, 1.000000000000000000, 0.000000000000000000 ) ) ;
#65 = VERTEX_POINT ( 'NONE', #248 ) ;
#66 = LINE ( 'NONE', #1038, #6519 ) ;
#67 = CIRCLE ( 'NONE', #2486, 10.00000000000000000 ) ;
#68 = CARTESIAN_POINT ( 'NONE',  ( -11.68192517863507618, 2.500000000000000444, -4.083818128530453922E-14 ) ) ;
#69 = DIRECTION ( 'NONE',  ( -1.543988371350669465E-15, -1.000000000000000000, 4.386267836225346493E-16 ) ) ;
#70 = EDGE_CURVE ( 'NONE', #724, #3731, #1252, .T. ) ;
#71 = ORIENTED_EDGE ( 'NONE', *, *, #406, .F. ) ;
#72 = AXIS2_PLACEMENT_3D ( 'NONE', #4674, #5713, #5678 ) ;
#73 = ORIENTED_EDGE ( 'NONE', *, *, #2115, .T. ) ;
#74 = CARTESIAN_POINT ( 'NONE',  ( -8.917333680704841115, 2.183694385698149887, 4.230707568574999300 ) ) ;
#75 = CARTESIAN_POINT ( 'NONE',  ( 9.870000050362090604, 2.242561475665995285, -0.6735851868179574264 ) ) ;
#76 = CARTESIAN_POINT ( 'NONE',  ( 4.828799771687407372, 2.255681435097429688, -8.757196459659375876 ) ) ;
#77 = ORIENTED_EDGE ( 'NONE', *, *, #5219, .T. ) ;
#78 = DIRECTION ( 'NONE',  ( 8.673617379884035472E-16, 0.000000000000000000, 1.000000000000000000 ) ) ;
#79 = EDGE_CURVE ( 'NONE', #798, #1167, #3002, .T. ) ;
#80 = CARTESIAN_POINT ( 'NONE',  ( 1.276266388579325062, 8.000000000000000000, 2.504813822048898242 ) ) ;
#81 = CARTESIAN_POINT ( 'NONE',  ( 6.667061058747114188, 2.048970607329221316, 7.454194763269526014 ) ) ;
#82 = CIRCLE ( 'NONE', #3561, 10.00000000000000000 ) ;
#83 = DIRECTION ( 'NONE',  ( -0.000000000000000000, -1.000000000000000000, -0.000000000000000000 ) ) ;
#84 = CARTESIAN_POINT ( 'NONE',  ( -4.869582161062555592, 9.500000000000000000, -8.734252662744610873 ) ) ;
#85 = VERTEX_POINT ( 'NONE', #1366 ) ;
#86 = CARTESIAN_POINT ( 'NONE',  ( -7.031412306681131597, 2.134320569921004829, -6.885828264191698800 ) ) ;
#87 = ORIENTED_EDGE ( 'NONE', *, *, #5750, .T. ) ;
#88 = DIRECTION ( 'NONE',  ( 0.000000000000000000, 0.000000000000000000, 1.000000000000000000 ) ) ;
#89 = ADVANCED_FACE ( 'NONE', ( #3583 ), #5799, .T. ) ;
#90 = EDGE_CURVE ( 'NONE', #4981, #4117, #3251, .T. ) ;
#91 = DIRECTION ( 'NONE',  ( 2.081668171172168513E-15, 0.000000000000000000, 1.000000000000000000 ) ) ;
#92 = CIRCLE ( 'NONE', #4380, 0.5000000000000004441 ) ;
#93 = DIRECTION ( 'NONE',  ( 0.000000000000000000, 0.000000000000000000, -1.000000000000000000 ) ) ;
#94 = CIRCLE ( 'NONE', #6806, 2.500000000000000444 ) ;
#95 = ORIENTED_EDGE ( 'NONE', *, *, #4665, .T. ) ;
#96 = CARTESIAN_POINT ( 'NONE',  ( -4.290897008129043400, 1.829430187479140546, -9.033499448847525315 ) ) ;
#97 = VERTEX_POINT ( 'NONE', #495 ) ;
#98 = CARTESIAN_POINT ( 'NONE',  ( -4.626103053009482657, 2.500000000000000444, 8.797540029607349155 ) ) ;
#99 = CARTESIAN_POINT ( 'NONE',  ( -8.297540029607333167, 9.500000000000000000, -4.626103053009515520 ) ) ;
#100 = ORIENTED_EDGE ( 'NONE', *, *, #2778, .T. ) ;
#101 = CARTESIAN_POINT ( 'NONE',  ( -7.611508095585939770, 2.438027874578097443, 6.368549238272091628 ) ) ;
#102 = DIRECTION ( 'NONE',  ( -0.4394523308986274523, 0.000000000000000000, -0.8982659121149835224 ) ) ;
#103 = CARTESIAN_POINT ( 'NONE',  ( -6.433069916092883034, 2.314666110110168873, 7.536565878395823148 ) ) ;
#104 = VECTOR ( 'NONE', #5680, 1000.000000000000000 ) ;
#105 = ORIENTED_EDGE ( 'NONE', *, *, #5624, .T. ) ;
#106 = FACE_OUTER_BOUND ( 'NONE', #3939, .T. ) ;
#107 = EDGE_LOOP ( 'NONE', ( #4340, #6734, #2859, #49 ) ) ;
#108 = ORIENTED_EDGE ( 'NONE', *, *, #2054, .T. ) ;
#109 = EDGE_CURVE ( 'NONE', #2195, #4356, #4379, .T. ) ;
#110 = CARTESIAN_POINT ( 'NONE',  ( 9.532992089188491391, 1.982312691401783455, 3.022413074353939244 ) ) ;
#111 = CARTESIAN_POINT ( 'NONE',  ( 9.190461521628867203, 1.768638744481567437, -3.943489008538203500 ) ) ;
#112 = CARTESIAN_POINT ( 'NONE',  ( 9.184850993605147944E-16, -4.000000000000000000, -7.500000000000000000 ) ) ;
#113 = TOROIDAL_SURFACE ( 'NONE', #4772, 9.500000000000000000, 0.5000000000000000000 ) ;
#114 = EDGE_LOOP ( 'NONE', ( #6856, #2161, #145, #678 ) ) ;
#115 = CARTESIAN_POINT ( 'NONE',  ( 0.8550121536353908480, 1.981868317978684457, -9.964024948269885940 ) ) ;
#116 = FACE_OUTER_BOUND ( 'NONE', #4845, .T. ) ;
#117 = CARTESIAN_POINT ( 'NONE',  ( -3.120628270157485673, 2.263262388765244104, -9.393701891604054666 ) ) ;
#118 = AXIS2_PLACEMENT_3D ( 'NONE', #2011, #6989, #2696 ) ;
#119 = EDGE_CURVE ( 'NONE', #1975, #2732, #2660, .T. ) ;
#120 = DIRECTION ( 'NONE',  ( -0.06224953160690815251, 0.000000000000000000, 0.9980606173047409380 ) ) ;
#121 = CARTESIAN_POINT ( 'NONE',  ( 6.368549229223043895, 2.500000000000000444, -7.611508121969533747 ) ) ;
#122 = ORIENTED_EDGE ( 'NONE', *, *, #5592, .T. ) ;
#123 = CARTESIAN_POINT ( 'NONE',  ( -6.441044717001071618, 1.981868317978711325, -7.650214500666076667 ) ) ;
#124 = ORIENTED_EDGE ( 'NONE', *, *, #153, .F. ) ;
#125 = DIRECTION ( 'NONE',  ( 0.9716864685947450564, 0.000000000000000000, 0.2362740077746035561 ) ) ;
#126 = CYLINDRICAL_SURFACE ( 'NONE', #2489, 2.000000000000000000 ) ;
#127 = DIRECTION ( 'NONE',  ( -0.6472324890273797315, 0.000000000000000000, 0.7622926637108760062 ) ) ;
#128 = B_SPLINE_CURVE_WITH_KNOTS ( 'NONE', 3,
 ( #390, #4169, #2554, #4834, #1443, #3629, #3662, #4800, #4279, #252, #5335, #895, #324, #358, #1475, #5944, #6344, #5876 ),
 .UNSPECIFIED., .F., .F.,
 ( 4, 2, 2, 2, 2, 2, 2, 2, 4 ),
 ( 0.000000000000000000, 0.0001297744646122148116, 0.0002595489292244296232, 0.0005190978584488607642, 0.001038195716897722613, 0.001557293575346583919, 0.001816842504571012946, 0.001946616969183226483, 0.002076391433795440021 ),
 .UNSPECIFIED. ) ;
#129 = AXIS2_PLACEMENT_3D ( 'NONE', #4111, #1809, #6322 ) ;
#130 = EDGE_CURVE ( 'NONE', #5412, #1401, #4276, .T. ) ;
#131 = ADVANCED_FACE ( 'NONE', ( #2700 ), #1507, .T. ) ;
#132 = TOROIDAL_SURFACE ( 'NONE', #4193, 1.500000000000000000, 0.5000000000000000000 ) ;
#133 = ORIENTED_EDGE ( 'NONE', *, *, #37, .T. ) ;
#134 = DIRECTION ( 'NONE',  ( 0.000000000000000000, 0.000000000000000000, 1.000000000000000000 ) ) ;
#135 = VERTEX_POINT ( 'NONE', #6474 ) ;
#136 = CARTESIAN_POINT ( 'NONE',  ( -8.734252662744561135, 2.500000000000000000, -4.869582161062647074 ) ) ;
#137 = DIRECTION ( 'NONE',  ( 0.000000000000000000, 1.000000000000000000, 0.000000000000000000 ) ) ;
#138 = AXIS2_PLACEMENT_3D ( 'NONE', #963, #2592, #4384 ) ;
#139 = ORIENTED_EDGE ( 'NONE', *, *, #3535, .T. ) ;
#140 = CARTESIAN_POINT ( 'NONE',  ( -7.454194763269666346, 2.048970607329166693, 6.667061058747194124 ) ) ;
#141 = EDGE_CURVE ( 'NONE', #1130, #3315, #4043, .T. ) ;
#142 = CARTESIAN_POINT ( 'NONE',  ( 0.000000000000000000, 8.000000000000000000, 0.000000000000000000 ) ) ;
#143 = CARTESIAN_POINT ( 'NONE',  ( -6.502847312616747644, 2.242561475665995285, 7.455440619228441257 ) ) ;
#144 = DIRECTION ( 'NONE',  ( 0.000000000000000000, -1.000000000000000000, 0.000000000000000000 ) ) ;
#145 = ORIENTED_EDGE ( 'NONE', *, *, #4223, .F. ) ;
#146 = ORIENTED_EDGE ( 'NONE', *, *, #1801, .T. ) ;
#147 = CARTESIAN_POINT ( 'NONE',  ( 8.260368511126632285, 9.500000000000000000, 8.260368511126834790 ) ) ;
#148 = CARTESIAN_POINT ( 'NONE',  ( 9.286350259861647416, 1.768517871363070704, -3.712059723680360523 ) ) ;
#149 = CARTESIAN_POINT ( 'NONE',  ( -0.7805779098894857215, 2.314916786199594512, 9.878046053678069427 ) ) ;
#150 = ORIENTED_EDGE ( 'NONE', *, *, #249, .T. ) ;
#151 = CARTESIAN_POINT ( 'NONE',  ( 0.2274354203458174850, 1.992783053389822312, -9.998058371801610278 ) ) ;
#152 = CARTESIAN_POINT ( 'NONE',  ( 9.230052895555491688, 2.147342056939914645, 3.450969649951423968 ) ) ;
#153 = EDGE_CURVE ( 'NONE', #2064, #5199, #6826, .T. ) ;
#154 = CIRCLE ( 'NONE', #3855, 9.500000000000000000 ) ;
#155 = CARTESIAN_POINT ( 'NONE',  ( -4.137809424282858473, 2.165012420482257838, -8.949549429388666155 ) ) ;
#156 = CARTESIAN_POINT ( 'NONE',  ( -5.095752233843723986E-17, 10.00000000000000000, 11.68192517863507618 ) ) ;
#157 = PLANE ( 'NONE',  #2381 ) ;
#158 = AXIS2_PLACEMENT_3D ( 'NONE', #147, #6853, #2453 ) ;
#159 = DIRECTION ( 'NONE',  ( 7.105427357601001859E-15, 0.000000000000000000, 1.000000000000000000 ) ) ;
#160 = ORIENTED_EDGE ( 'NONE', *, *, #6268, .F. ) ;
#161 = FACE_OUTER_BOUND ( 'NONE', #3472, .T. ) ;
#162 = CYLINDRICAL_SURFACE ( 'NONE', #6789, 2.000000000000000000 ) ;
#163 = EDGE_CURVE ( 'NONE', #3152, #1547, #6477, .T. ) ;
#164 = CIRCLE ( 'NONE', #400, 0.4999999999999998335 ) ;
#165 = CARTESIAN_POINT ( 'NONE',  ( -2.548403532281083628, 0.000000000000000000, 1.851523544721290992 ) ) ;
#166 = ORIENTED_EDGE ( 'NONE', *, *, #1455, .T. ) ;
#167 = DIRECTION ( 'NONE',  ( 0.000000000000000000, 1.000000000000000000, 0.000000000000000000 ) ) ;
#168 = CIRCLE ( 'NONE', #742, 0.5000000000000004441 ) ;
#169 = EDGE_LOOP ( 'NONE', ( #1830, #1624, #1153 ) ) ;
#170 = CARTESIAN_POINT ( 'NONE',  ( 9.619363842115280505, 2.376055744299645500, -2.732734760822045583 ) ) ;
#171 = DIRECTION ( 'NONE',  ( 0.000000000000000000, 0.000000000000000000, 1.000000000000000000 ) ) ;
#172 = EDGE_CURVE ( 'NONE', #4316, #3350, #1066, .T. ) ;
#173 = CARTESIAN_POINT ( 'NONE',  ( 0.8789046617972534614, 2.500000000000000444, -9.885393354405108468 ) ) ;
#174 = ORIENTED_EDGE ( 'NONE', *, *, #1647, .T. ) ;
#175 = CARTESIAN_POINT ( 'NONE',  ( -6.888859623417146416, 1.779716818039897674, 7.249794653336901540 ) ) ;
#176 = FACE_OUTER_BOUND ( 'NONE', #655, .T. ) ;
#177 = CARTESIAN_POINT ( 'NONE',  ( -4.470479223992169793, 2.500000000000000444, -10.79269157286923075 ) ) ;
#178 = ORIENTED_EDGE ( 'NONE', *, *, #6816, .F. ) ;
#179 = DIRECTION ( 'NONE',  ( 0.000000000000000000, 0.000000000000000000, 1.000000000000000000 ) ) ;
#180 = ADVANCED_FACE ( 'NONE', ( #3285 ), #113, .T. ) ;
#181 = CARTESIAN_POINT ( 'NONE',  ( -1.098630827246566799, 9.500000000000000000, 9.436260398347616984 ) ) ;
#182 = EDGE_CURVE ( 'NONE', #1164, #1520, #6860, .T. ) ;
#183 = ORIENTED_EDGE ( 'NONE', *, *, #4030, .F. ) ;
#184 = ORIENTED_EDGE ( 'NONE', *, *, #5523, .F. ) ;
#185 = CIRCLE ( 'NONE', #4479, 0.5000000000000003331 ) ;
#186 = CARTESIAN_POINT ( 'NONE',  ( 7.495923812460098645, 1.863989508453880672, -6.619964632136756677 ) ) ;
#187 = DIRECTION ( 'NONE',  ( 0.000000000000000000, 1.000000000000000000, 0.000000000000000000 ) ) ;
#188 = CARTESIAN_POINT ( 'NONE',  ( 0.000000000000000000, 10.00000000000000000, 0.000000000000000000 ) ) ;
#189 = ORIENTED_EDGE ( 'NONE', *, *, #2159, .F. ) ;
#190 = CARTESIAN_POINT ( 'NONE',  ( 1.156453502364807484, 2.500000000000000888, -9.932905682471176334 ) ) ;
#191 = CARTESIAN_POINT ( 'NONE',  ( -3.941618638437699218, 1.768517871363073812, 9.191263844005511885 ) ) ;
#192 = CIRCLE ( 'NONE', #874, 0.5000000000000004441 ) ;
#193 = DIRECTION ( 'NONE',  ( 0.9971414314842893534, 0.000000000000000000, -0.07555769727474608011 ) ) ;
#194 = CARTESIAN_POINT ( 'NONE',  ( -4.470479223992246176, 2.500000000000000444, 8.792691572869204109 ) ) ;
#195 = DIRECTION ( 'NONE',  ( -0.9932905682471177000, 0.000000000000000000, -0.1156453502364798158 ) ) ;
#196 = DIRECTION ( 'NONE',  ( 0.000000000000000000, 0.000000000000000000, 1.000000000000000000 ) ) ;
#197 = ORIENTED_EDGE ( 'NONE', *, *, #213, .T. ) ;
#198 = DIRECTION ( 'NONE',  ( 0.000000000000000000, 1.000000000000000000, 0.000000000000000000 ) ) ;
#199 = CARTESIAN_POINT ( 'NONE',  ( -3.150000000000000799, 0.000000000000000000, 5.421010862427522170E-17 ) ) ;
#200 = CIRCLE ( 'NONE', #1113, 0.4999999999999993339 ) ;
#201 = FACE_OUTER_BOUND ( 'NONE', #4137, .T. ) ;
#202 = DIRECTION ( 'NONE',  ( 0.000000000000000000, 1.000000000000000000, 0.000000000000000000 ) ) ;
#203 = EDGE_CURVE ( 'NONE', #1762, #5241, #704, .T. ) ;
#204 = CIRCLE ( 'NONE', #1237, 9.500000000000000000 ) ;
#205 = ORIENTED_EDGE ( 'NONE', *, *, #5978, .T. ) ;
#206 = CARTESIAN_POINT ( 'NONE',  ( -3.945484083995279612, 1.768641139222112857, -9.189634587520462361 ) ) ;
#207 = CARTESIAN_POINT ( 'NONE',  ( 3.150000000000003908, 8.000000000000000000, -2.818925648462311528E-15 ) ) ;
#208 = FACE_OUTER_BOUND ( 'NONE', #701, .T. ) ;
#209 = CARTESIAN_POINT ( 'NONE',  ( -4.626103053009432919, 9.500000000000000000, -8.297540029607377576 ) ) ;
#210 = CARTESIAN_POINT ( 'NONE',  ( -2.394357833393300439, 0.000000000000000000, -0.1814307967061967453 ) ) ;
#211 = CARTESIAN_POINT ( 'NONE',  ( -7.584036123450709432, 2.127032157860222039, 6.519363922588356175 ) ) ;
#212 = AXIS2_PLACEMENT_3D ( 'NONE', #5156, #3511, #5727 ) ;
#213 = EDGE_CURVE ( 'NONE', #7036, #3008, #58, .T. ) ;
#214 = FACE_OUTER_BOUND ( 'NONE', #2231, .T. ) ;
#215 = CARTESIAN_POINT ( 'NONE',  ( -1.539607852037001538E-13, 1.768578062440346432, -10.00000000000000000 ) ) ;
#216 = ORIENTED_EDGE ( 'NONE', *, *, #3041, .F. ) ;
#217 = CARTESIAN_POINT ( 'NONE',  ( 0.8557725552098420785, 1.982312691401828086, 9.963963684112144392 ) ) ;
#218 = DIRECTION ( 'NONE',  ( -2.081668171172168513E-15, 0.000000000000000000, 1.000000000000000000 ) ) ;
#219 = AXIS2_PLACEMENT_3D ( 'NONE', #3529, #6941, #5744 ) ;
#220 = DIRECTION ( 'NONE',  ( 0.000000000000000000, 0.000000000000000000, 1.000000000000000000 ) ) ;
#221 = VERTEX_POINT ( 'NONE', #165 ) ;
#222 = AXIS2_PLACEMENT_3D ( 'NONE', #3965, #3391, #671 ) ;
#223 = EDGE_CURVE ( 'NONE', #11, #2572, #7177, .T. ) ;
#224 = VERTEX_POINT ( 'NONE', #2847 ) ;
#225 = EDGE_CURVE ( 'NONE', #135, #2831, #7066, .T. ) ;
#226 = CARTESIAN_POINT ( 'NONE',  ( 9.406617602937965117, 2.279919447647856590, 3.095076455295213691 ) ) ;
#227 = CARTESIAN_POINT ( 'NONE',  ( -9.953844047997634448, 2.322848788353864435, 0.9718434144857238666 ) ) ;
#228 = CARTESIAN_POINT ( 'NONE',  ( 0.5918070992133083186, 2.212746796842761210, 9.863918724921020953 ) ) ;
#229 = EDGE_LOOP ( 'NONE', ( #1874, #6728, #6937, #5640 ) ) ;
#230 = CARTESIAN_POINT ( 'NONE',  ( -4.058000729357051029, 1.779448407880942273, 9.140450790375680867 ) ) ;
#231 = PLANE ( 'NONE',  #4539 ) ;
#232 = CIRCLE ( 'NONE', #3929, 0.4999999999999996114 ) ;
#233 = CARTESIAN_POINT ( 'NONE',  ( -7.599145027578479983, 2.413741176464117899, -6.379225400237392485 ) ) ;
#234 = DIRECTION ( 'NONE',  ( -0.000000000000000000, -1.000000000000000000, -0.000000000000000000 ) ) ;
#235 = PLANE ( 'NONE',  #6536 ) ;
#236 = ORIENTED_EDGE ( 'NONE', *, *, #119, .T. ) ;
#237 = DIRECTION ( 'NONE',  ( 0.000000000000000000, 0.000000000000000000, 1.000000000000000000 ) ) ;
#238 = FACE_OUTER_BOUND ( 'NONE', #6317, .T. ) ;
#239 = CARTESIAN_POINT ( 'NONE',  ( 9.997620538913139399, 1.779361857681295067, -0.2509966059968983809 ) ) ;
#240 = CARTESIAN_POINT ( 'NONE',  ( -4.470479223992246176, 2.500000000000000444, 10.79269157286920411 ) ) ;
#241 = CARTESIAN_POINT ( 'NONE',  ( 1.276266388579322841, 0.000000000000000000, -2.504813822048899130 ) ) ;
#242 = CARTESIAN_POINT ( 'NONE',  ( -9.949874371066195877, 2.500000000000001332, -1.010707579139275003 ) ) ;
#243 = ORIENTED_EDGE ( 'NONE', *, *, #5459, .T. ) ;
#244 = DIRECTION ( 'NONE',  ( -0.9971414314842893534, 0.000000000000000000, -0.07555769727474785646 ) ) ;
#245 = CARTESIAN_POINT ( 'NONE',  ( 8.805704271353938850, 2.410376625841632592, -4.741424057448528906 ) ) ;
#246 = CARTESIAN_POINT ( 'NONE',  ( 4.707037444963767747, 2.322848788353865768, 8.824244412177586483 ) ) ;
#247 = TOROIDAL_SURFACE ( 'NONE', #6147, 3.499999999999999556, 4.000000000000000000 ) ;
#248 = CARTESIAN_POINT ( 'NONE',  ( 9.469254843656253584, 2.500000000000000444, -2.970974231079463568 ) ) ;
#249 = EDGE_CURVE ( 'NONE', #1043, #5661, #1603, .T. ) ;
#250 = CARTESIAN_POINT ( 'NONE',  ( -7.650214500666058015, 1.981868317978699334, 6.441044717001093822 ) ) ;
#251 = VECTOR ( 'NONE', #3353, 1000.000000000000000 ) ;
#252 = CARTESIAN_POINT ( 'NONE',  ( -9.026369566624413920, 2.134291405717181789, 3.924093166778649167 ) ) ;
#253 = CARTESIAN_POINT ( 'NONE',  ( 7.449293024680233799, 9.500000000000000000, 5.895594408747131254 ) ) ;
#254 = CARTESIAN_POINT ( 'NONE',  ( -0.9585349633982749307, 2.059185488125292895, 9.954245716881924722 ) ) ;
#255 = CARTESIAN_POINT ( 'NONE',  ( 2.504813822048898242, 8.000000000000000000, -1.276266388579323952 ) ) ;
#256 = CIRCLE ( 'NONE', #5127, 10.00000000000000000 ) ;
#257 = CARTESIAN_POINT ( 'NONE',  ( 1.260587625341240470, 8.000000000000000000, 2.043718524445536033 ) ) ;
#258 = EDGE_CURVE ( 'NONE', #5035, #571, #3705, .T. ) ;
#259 = ORIENTED_EDGE ( 'NONE', *, *, #6097, .T. ) ;
#260 = AXIS2_PLACEMENT_3D ( 'NONE', #2044, #3250, #6991 ) ;
#261 = DIRECTION ( 'NONE',  ( 0.000000000000000000, 1.000000000000000000, 0.000000000000000000 ) ) ;
#262 = CARTESIAN_POINT ( 'NONE',  ( 2.995828026329736549, 8.000000000000000000, -0.9734035322810845603 ) ) ;
#263 = VERTEX_POINT ( 'NONE', #1429 ) ;
#264 = CARTESIAN_POINT ( 'NONE',  ( 1.010707542388656011, 2.409665417632325557, -9.949874374723600923 ) ) ;
#265 = CARTESIAN_POINT ( 'NONE',  ( -3.032018450179178259, 1.975903690497191389, 9.529937051748259336 ) ) ;
#266 = EDGE_CURVE ( 'NONE', #5516, #4293, #573, .T. ) ;
#267 = CARTESIAN_POINT ( 'NONE',  ( -9.026396591461221419, 2.134286657244865104, -3.924022968310245663 ) ) ;
#268 = CARTESIAN_POINT ( 'NONE',  ( 1.987831504145222361, 8.000000000000000000, -1.987831504145223693 ) ) ;
#269 = CARTESIAN_POINT ( 'NONE',  ( 8.966837034307440391, 2.147342056939915977, -4.086428952008209770 ) ) ;
#270 = CARTESIAN_POINT ( 'NONE',  ( 6.368549229223043895, 9.500000000000000000, -7.611508121969533747 ) ) ;
#271 = ORIENTED_EDGE ( 'NONE', *, *, #4962, .F. ) ;
#272 = CARTESIAN_POINT ( 'NONE',  ( -8.297540029607333167, 10.00000000000000000, -4.626103053009511967 ) ) ;
#273 = DIRECTION ( 'NONE',  ( 0.000000000000000000, -1.000000000000000000, 0.000000000000000000 ) ) ;
#274 = EDGE_CURVE ( 'NONE', #1749, #3830, #348, .T. ) ;
#275 = CARTESIAN_POINT ( 'NONE',  ( -5.895594408746999804, 9.500000000000000000, -7.449293024680335940 ) ) ;
#276 = CARTESIAN_POINT ( 'NONE',  ( 4.207349046297417239, 2.179149717452383950, -8.925411688466436289 ) ) ;
#277 = DIRECTION ( 'NONE',  ( 0.000000000000000000, 1.000000000000000000, 0.000000000000000000 ) ) ;
#278 = CARTESIAN_POINT ( 'NONE',  ( -8.260368511126747748, 2.500000000000000444, 8.260368511126719326 ) ) ;
#279 = EDGE_LOOP ( 'NONE', ( #2158, #6583, #197, #6627 ) ) ;
#280 = ORIENTED_EDGE ( 'NONE', *, *, #1897, .T. ) ;
#281 = FACE_OUTER_BOUND ( 'NONE', #4799, .T. ) ;
#282 = AXIS2_PLACEMENT_3D ( 'NONE', #4055, #3554, #3439 ) ;
#283 = AXIS2_PLACEMENT_3D ( 'NONE', #6283, #5818, #5209 ) ;
#284 = ORIENTED_EDGE ( 'NONE', *, *, #2604, .F. ) ;
#285 = CARTESIAN_POINT ( 'NONE',  ( 4.470479223992089857, 10.00000000000000000, 10.79269157286926628 ) ) ;
#286 = AXIS2_PLACEMENT_3D ( 'NONE', #6629, #575, #7148 ) ;
#287 = LINE ( 'NONE', #5370, #6935 ) ;
#288 = DIRECTION ( 'NONE',  ( -0.3799932884734136262, 0.000000000000000000, 0.9249892435672758539 ) ) ;
#289 = CARTESIAN_POINT ( 'NONE',  ( -0.8789046617972536835, 2.500000000000000444, 9.885393354405108468 ) ) ;
#290 = CARTESIAN_POINT ( 'NONE',  ( -8.734252704685893320, 2.377026804319511299, 4.869582085835207685 ) ) ;
#291 = CARTESIAN_POINT ( 'NONE',  ( 9.843397292504384666, 2.139924804626884391, 0.2048726159299671112 ) ) ;
#292 = VECTOR ( 'NONE', #5823, 1000.000000000000000 ) ;
#293 = CARTESIAN_POINT ( 'NONE',  ( 2.995828026329736549, 8.000000000000000000, 0.9734035322810841162 ) ) ;
#294 = ORIENTED_EDGE ( 'NONE', *, *, #5635, .T. ) ;
#295 = CARTESIAN_POINT ( 'NONE',  ( 9.282599226627631595, 1.986052934431228989, 3.721055137393924461 ) ) ;
#296 = CARTESIAN_POINT ( 'NONE',  ( 9.605768406060231968, 2.248135892564180782, -2.781258658605682221 ) ) ;
#297 = EDGE_CURVE ( 'NONE', #2831, #990, #6292, .T. ) ;
#298 = CARTESIAN_POINT ( 'NONE',  ( 0.8626134409955009685, 2.413741176464117011, 9.884200519446094901 ) ) ;
#299 = ORIENTED_EDGE ( 'NONE', *, *, #4770, .F. ) ;
#300 = AXIS2_PLACEMENT_3D ( 'NONE', #1063, #7167, #5037 ) ;
#301 = CARTESIAN_POINT ( 'NONE',  ( -9.376460923696699368, 2.242561475665997950, -3.154773929212216110 ) ) ;
#302 = DIRECTION ( 'NONE',  ( 6.938893903907228378E-16, 0.000000000000000000, 1.000000000000000000 ) ) ;
#303 = CARTESIAN_POINT ( 'NONE',  ( -2.394357833393300439, 8.000000000000000000, -0.1814307967061967453 ) ) ;
#304 = EDGE_CURVE ( 'NONE', #776, #4141, #775, .T. ) ;
#305 = CARTESIAN_POINT ( 'NONE',  ( -2.732734718790946093, 9.500000000000000000, 9.619363854055764662 ) ) ;
#306 = VECTOR ( 'NONE', #3612, 1000.000000000000000 ) ;
#307 = ORIENTED_EDGE ( 'NONE', *, *, #6492, .T. ) ;
#308 = CARTESIAN_POINT ( 'NONE',  ( -4.626103053009483546, 9.500000000000000000, 8.297540029607349155 ) ) ;
#309 = DIRECTION ( 'NONE',  ( 0.000000000000000000, -1.000000000000000000, 0.000000000000000000 ) ) ;
#310 = DIRECTION ( 'NONE',  ( 0.000000000000000000, 1.000000000000000000, 0.000000000000000000 ) ) ;
#311 = CARTESIAN_POINT ( 'NONE',  ( 8.260368511126804592, 2.500000000000000444, -8.260368511126660707 ) ) ;
#312 = DIRECTION ( 'NONE',  ( 0.000000000000000000, 0.000000000000000000, 1.000000000000000000 ) ) ;
#313 = CARTESIAN_POINT ( 'NONE',  ( -2.970974231079571037, 2.500000000000000444, 9.469254843656221610 ) ) ;
#314 = EDGE_CURVE ( 'NONE', #3693, #3875, #5830, .T. ) ;
#315 = ORIENTED_EDGE ( 'NONE', *, *, #2960, .F. ) ;
#316 = EDGE_CURVE ( 'NONE', #5593, #5960, #6255, .T. ) ;
#317 = ORIENTED_EDGE ( 'NONE', *, *, #4444, .F. ) ;
#318 = CARTESIAN_POINT ( 'NONE',  ( 2.970974231079432482, 9.500000000000000000, 9.469254843656262466 ) ) ;
#319 = CARTESIAN_POINT ( 'NONE',  ( 9.529018551433923179, 2.181049877636648038, -3.035713346348793085 ) ) ;
#320 = CARTESIAN_POINT ( 'NONE',  ( 3.577627445398981809, 2.139924804626892385, 9.172514644783548832 ) ) ;
#321 = ORIENTED_EDGE ( 'NONE', *, *, #2490, .T. ) ;
#322 = FACE_OUTER_BOUND ( 'NONE', #2553, .T. ) ;
#323 = CIRCLE ( 'NONE', #6451, 10.00000000000000000 ) ;
#324 = CARTESIAN_POINT ( 'NONE',  ( -8.860921141133095702, 2.242561475665997506, 4.399397064220146092 ) ) ;
#325 = CARTESIAN_POINT ( 'NONE',  ( 1.010707506679200174, 2.410376625841616605, 9.949874378253726448 ) ) ;
#326 = DIRECTION ( 'NONE',  ( 0.8511160640214283646, 0.000000000000000000, -0.5249775667251619371 ) ) ;
#327 = DIRECTION ( 'NONE',  ( 0.000000000000000000, 1.000000000000000000, 0.000000000000000000 ) ) ;
#328 = CARTESIAN_POINT ( 'NONE',  ( -2.995828026329734328, 0.000000000000000000, -0.9734035322810845603 ) ) ;
#329 = ORIENTED_EDGE ( 'NONE', *, *, #6457, .T. ) ;
#330 = CARTESIAN_POINT ( 'NONE',  ( 1.098630827246565245, 9.500000000000000000, 9.436260398347616984 ) ) ;
#331 = CARTESIAN_POINT ( 'NONE',  ( -9.985236028452531443, 2.048945620300623549, 0.5566365330722745641 ) ) ;
#332 = VECTOR ( 'NONE', #4243, 1000.000000000000114 ) ;
#333 = DIRECTION ( 'NONE',  ( -0.7497524964563453409, -0.000000000000000000, 0.6617183646064827007 ) ) ;
#334 = ORIENTED_EDGE ( 'NONE', *, *, #5716, .T. ) ;
#335 = AXIS2_PLACEMENT_3D ( 'NONE', #2461, #2500, #6903 ) ;
#336 = EDGE_CURVE ( 'NONE', #707, #4615, #6332, .T. ) ;
#337 = CARTESIAN_POINT ( 'NONE',  ( -9.469254843656209175, 2.456216401094831525, -2.970974231079604344 ) ) ;
#338 = LINE ( 'NONE', #1962, #5324 ) ;
#339 = DIRECTION ( 'NONE',  ( -0.000000000000000000, -1.000000000000000000, -0.000000000000000000 ) ) ;
#340 = CARTESIAN_POINT ( 'NONE',  ( 3.306919296390281371, 2.048945620300705706, -9.438170773037176886 ) ) ;
#341 = AXIS2_PLACEMENT_3D ( 'NONE', #2809, #5643, #4565 ) ;
#342 = VERTEX_POINT ( 'NONE', #739 ) ;
#343 = LINE ( 'NONE', #6498, #3611 ) ;
#344 = DIRECTION ( 'NONE',  ( -0.9971414314842892423, 0.000000000000000000, -0.07555769727474857811 ) ) ;
#345 = EDGE_CURVE ( 'NONE', #7142, #97, #1961, .T. ) ;
#346 = DIRECTION ( 'NONE',  ( 1.000000000000000000, 1.734723475976805517E-15, -0.000000000000000000 ) ) ;
#347 = DIRECTION ( 'NONE',  ( 2.211772431870429045E-14, 0.000000000000000000, 1.000000000000000000 ) ) ;
#348 = CIRCLE ( 'NONE', #5111, 2.000000000000000000 ) ;
#349 = CARTESIAN_POINT ( 'NONE',  ( 5.895594408746948289, 9.500000000000000000, 7.449293024680376796 ) ) ;
#350 = VERTEX_POINT ( 'NONE', #5790 ) ;
#351 = LINE ( 'NONE', #885, #1969 ) ;
#352 = VECTOR ( 'NONE', #2616, 1000.000000000000000 ) ;
#353 = FACE_OUTER_BOUND ( 'NONE', #4229, .T. ) ;
#354 = FACE_OUTER_BOUND ( 'NONE', #900, .T. ) ;
#355 = EDGE_CURVE ( 'NONE', #1540, #1533, #802, .T. ) ;
#356 = DIRECTION ( 'NONE',  ( 0.000000000000000000, 0.000000000000000000, 1.000000000000000000 ) ) ;
#357 = ORIENTED_EDGE ( 'NONE', *, *, #4951, .F. ) ;
#358 = CARTESIAN_POINT ( 'NONE',  ( -8.827500525282450994, 2.314666110110170649, 4.501049684337815826 ) ) ;
#359 = DIRECTION ( 'NONE',  ( 0.2362740077746028344, 0.000000000000000000, -0.9716864685947452784 ) ) ;
#360 = DIRECTION ( 'NONE',  ( 0.000000000000000000, 0.000000000000000000, 1.000000000000000000 ) ) ;
#361 = EDGE_CURVE ( 'NONE', #3297, #5120, #1259, .T. ) ;
#362 = CARTESIAN_POINT ( 'NONE',  ( 9.869222397742518638, 2.240934156756762885, 0.6649917147100673498 ) ) ;
#363 = ORIENTED_EDGE ( 'NONE', *, *, #6341, .F. ) ;
#364 = AXIS2_PLACEMENT_3D ( 'NONE', #3798, #2628, #2121 ) ;
#365 = ORIENTED_EDGE ( 'NONE', *, *, #3131, .T. ) ;
#366 = AXIS2_PLACEMENT_3D ( 'NONE', #2320, #5215, #237 ) ;
#367 = CARTESIAN_POINT ( 'NONE',  ( 4.626103053009547494, 10.00000000000000000, -8.297540029607313627 ) ) ;
#368 = CARTESIAN_POINT ( 'NONE',  ( -9.972609810340800962, 2.127032157860326844, -0.7528369329705731916 ) ) ;
#369 = CARTESIAN_POINT ( 'NONE',  ( -9.037590233239498616, 1.827040335878406863, -4.282192586373919418 ) ) ;
#370 = VERTEX_POINT ( 'NONE', #3140 ) ;
#371 = VECTOR ( 'NONE', #1068, 1000.000000000000000 ) ;
#372 = CARTESIAN_POINT ( 'NONE',  ( 5.895594408746948289, 10.00000000000000000, 7.449293024680377684 ) ) ;
#373 = CARTESIAN_POINT ( 'NONE',  ( 3.035051535613046081, 2.181508697813343112, -9.529230687413244638 ) ) ;
#374 = ORIENTED_EDGE ( 'NONE', *, *, #4158, .F. ) ;
#375 = CARTESIAN_POINT ( 'NONE',  ( -4.869582161062563586, 2.371852820628066461, -8.734252662744609097 ) ) ;
#376 = EDGE_CURVE ( 'NONE', #875, #2316, #6466, .T. ) ;
#377 = FACE_OUTER_BOUND ( 'NONE', #4236, .T. ) ;
#378 = CARTESIAN_POINT ( 'NONE',  ( 7.584466575834628799, 2.127336489724590773, 6.518869136509507278 ) ) ;
#379 = PRODUCT ( 'cap_\X2\9ed88ba4\X0\', 'cap_\X2\9ed88ba4\X0\', '', ( #1607 ) ) ;
#380 = CARTESIAN_POINT ( 'NONE',  ( -9.282599226627764821, 1.986052934431205674, -3.721055137393887158 ) ) ;
#381 = CARTESIAN_POINT ( 'NONE',  ( -3.353526346303830508, 1.829430187479063274, 9.421771089946171074 ) ) ;
#382 = ORIENTED_EDGE ( 'NONE', *, *, #1695, .T. ) ;
#383 = CARTESIAN_POINT ( 'NONE',  ( -4.594978287206036072, 2.456298904871082378, 8.796570338259719790 ) ) ;
#384 = EDGE_CURVE ( 'NONE', #4544, #2867, #4855, .T. ) ;
#385 = DIRECTION ( 'NONE',  ( -0.000000000000000000, -1.000000000000000000, -0.000000000000000000 ) ) ;
#386 = CARTESIAN_POINT ( 'NONE',  ( 2.970974231079432926, 2.500000000000000444, 9.469254843656262466 ) ) ;
#387 = CARTESIAN_POINT ( 'NONE',  ( -4.503642731090760520, 2.316975099724266851, -8.826649349485922613 ) ) ;
#388 = CARTESIAN_POINT ( 'NONE',  ( -2.221104420305841654, 8.000000000000000000, -0.9124482025973593702 ) ) ;
#389 = EDGE_LOOP ( 'NONE', ( #6030, #315, #4540, #2568 ) ) ;
#390 = CARTESIAN_POINT ( 'NONE',  ( -9.469254843656234044, 2.500000000000000444, 2.970974231079531513 ) ) ;
#391 = ORIENTED_EDGE ( 'NONE', *, *, #5497, .F. ) ;
#392 = CARTESIAN_POINT ( 'NONE',  ( -2.333234819276247318, 8.000000000000000000, -0.5673463196692614119 ) ) ;
#393 = ADVANCED_FACE ( 'NONE', ( #485 ), #2650, .T. ) ;
#394 = CIRCLE ( 'NONE', #731, 0.5000000000000004441 ) ;
#395 = FACE_OUTER_BOUND ( 'NONE', #5377, .T. ) ;
#396 = CARTESIAN_POINT ( 'NONE',  ( -4.470479223992169793, 9.500000000000000000, -10.79269157286923075 ) ) ;
#397 = CARTESIAN_POINT ( 'NONE',  ( 2.394357833393300883, 8.000000000000000000, 0.1814307967061968563 ) ) ;
#398 = ORIENTED_EDGE ( 'NONE', *, *, #5204, .F. ) ;
#399 = CARTESIAN_POINT ( 'NONE',  ( 1.156453502364807262, 10.00000000000000000, -9.932905682471178110 ) ) ;
#400 = AXIS2_PLACEMENT_3D ( 'NONE', #1291, #5230, #1217 ) ;
#401 = ORIENTED_EDGE ( 'NONE', *, *, #481, .T. ) ;
#402 = ORIENTED_EDGE ( 'NONE', *, *, #4808, .F. ) ;
#403 = CARTESIAN_POINT ( 'NONE',  ( 8.884607128713209789, 2.181049877636648482, 4.591460142829595803 ) ) ;
#404 = EDGE_CURVE ( 'NONE', #3861, #6124, #4402, .T. ) ;
#405 = DIRECTION ( 'NONE',  ( 0.000000000000000000, 0.000000000000000000, 1.000000000000000000 ) ) ;
#406 = EDGE_CURVE ( 'NONE', #475, #4546, #6000, .T. ) ;
#407 = ORIENTED_EDGE ( 'NONE', *, *, #109, .F. ) ;
#408 = AXIS2_PLACEMENT_3D ( 'NONE', #188, #2380, #6820 ) ;
#409 = AXIS2_PLACEMENT_3D ( 'NONE', #7124, #2131, #6565 ) ;
#410 = DIRECTION ( 'NONE',  ( -0.000000000000000000, -1.000000000000000000, -0.000000000000000000 ) ) ;
#411 = CARTESIAN_POINT ( 'NONE',  ( 7.650214500666125517, 1.981868317978710881, -6.441044717001012998 ) ) ;
#412 = CARTESIAN_POINT ( 'NONE',  ( 4.400639730061495669, 1.867418461490340409, -8.980379107744461464 ) ) ;
#413 = ORIENTED_EDGE ( 'NONE', *, *, #6591, .F. ) ;
#414 = DIRECTION ( 'NONE',  ( -0.000000000000000000, 1.000000000000000000, -0.000000000000000000 ) ) ;
#415 = CARTESIAN_POINT ( 'NONE',  ( 6.720468549890259879, 2.147342056939914201, -7.206828043569111664 ) ) ;
#416 = LINE ( 'NONE', #7017, #1829 ) ;
#417 = CARTESIAN_POINT ( 'NONE',  ( -9.058529816459660822, 2.024215165943759942, -4.237709641947747130 ) ) ;
#418 = DIRECTION ( 'NONE',  ( -1.594314457810246227E-15, 1.000000000000000000, -1.856204616801320909E-16 ) ) ;
#419 = CARTESIAN_POINT ( 'NONE',  ( 6.411475381604993196, 2.343771222574624780, 7.561691272055259816 ) ) ;
#420 = ORIENTED_EDGE ( 'NONE', *, *, #4655, .T. ) ;
#421 = CARTESIAN_POINT ( 'NONE',  ( -3.030017723230713944, 2.343452233630472836, 9.439495114672178389 ) ) ;
#422 = DIRECTION ( 'NONE',  ( 0.000000000000000000, 1.000000000000000000, 0.000000000000000000 ) ) ;
#423 = ADVANCED_FACE ( 'NONE', ( #6845 ), #2178, .T. ) ;
#424 = ORIENTED_EDGE ( 'NONE', *, *, #3919, .F. ) ;
#425 = DIRECTION ( 'NONE',  ( 0.000000000000000000, -1.000000000000000000, 0.000000000000000000 ) ) ;
#426 = ORIENTED_EDGE ( 'NONE', *, *, #5940, .F. ) ;
#427 = DIRECTION ( 'NONE',  ( 0.000000000000000000, 0.000000000000000000, 1.000000000000000000 ) ) ;
#428 = DIRECTION ( 'NONE',  ( -1.734723475976807094E-15, 0.000000000000000000, 1.000000000000000000 ) ) ;
#429 = CARTESIAN_POINT ( 'NONE',  ( 0.000000000000000000, 10.00000000000000000, 0.000000000000000000 ) ) ;
#430 = CARTESIAN_POINT ( 'NONE',  ( -9.138395661352966215, 9.500000000000000000, -2.596097982851432562 ) ) ;
#431 = CARTESIAN_POINT ( 'NONE',  ( 9.938496242092687893, 2.255681435097403487, 1.109995276579436974 ) ) ;
#432 = VECTOR ( 'NONE', #4669, 1000.000000000000000 ) ;
#433 = ADVANCED_FACE ( 'NONE', ( #754 ), #1011, .T. ) ;
#434 = ORIENTED_EDGE ( 'NONE', *, *, #6737, .T. ) ;
#435 = CARTESIAN_POINT ( 'NONE',  ( 8.917350853941352185, 2.183709232977798731, 4.230661462162501607 ) ) ;
#436 = CARTESIAN_POINT ( 'NONE',  ( -8.734252662744562912, 2.372020242595193285, -4.869582161062645298 ) ) ;
#437 = VECTOR ( 'NONE', #7095, 1000.000000000000114 ) ;
#438 = ORIENTED_EDGE ( 'NONE', *, *, #698, .F. ) ;
#439 = ADVANCED_FACE ( 'NONE', ( #3825 ), #1511, .T. ) ;
#440 = EDGE_CURVE ( 'NONE', #3914, #6953, #7106, .T. ) ;
#441 = AXIS2_PLACEMENT_3D ( 'NONE', #5636, #5065, #120 ) ;
#442 = ORIENTED_EDGE ( 'NONE', *, *, #2972, .T. ) ;
#443 = CARTESIAN_POINT ( 'NONE',  ( 6.518869136509426454, 2.127336489724485524, -7.584466575834754920 ) ) ;
#444 = CARTESIAN_POINT ( 'NONE',  ( 3.095076455295152407, 2.279919447647826836, -9.406617602938021960 ) ) ;
#445 = VERTEX_POINT ( 'NONE', #2118 ) ;
#446 = DIRECTION ( 'NONE',  ( 0.000000000000000000, 0.000000000000000000, 1.000000000000000000 ) ) ;
#447 = CARTESIAN_POINT ( 'NONE',  ( 7.611508121969648322, 2.456298904871082378, -6.368549229222908892 ) ) ;
#448 = CARTESIAN_POINT ( 'NONE',  ( 7.382627187773199928, 2.024441704241366491, 6.746271253705791615 ) ) ;
#449 = EDGE_CURVE ( 'NONE', #3861, #2399, #2149, .T. ) ;
#450 = DIRECTION ( 'NONE',  ( -7.816086743456965153E-16, 1.000000000000000000, 1.401920620564757549E-15 ) ) ;
#451 = CARTESIAN_POINT ( 'NONE',  ( -8.757196459659372323, 2.255681435097458998, -4.828799771687418918 ) ) ;
#452 = CARTESIAN_POINT ( 'NONE',  ( -4.741424121641834688, 2.500000000000000444, 8.805704236984254862 ) ) ;
#453 = CARTESIAN_POINT ( 'NONE',  ( 7.206828043569089459, 2.147342056939914645, 6.720468549890285637 ) ) ;
#454 = ORIENTED_EDGE ( 'NONE', *, *, #4067, .F. ) ;
#455 = LINE ( 'NONE', #4828, #1666 ) ;
#456 = CARTESIAN_POINT ( 'NONE',  ( 3.095596099249348310, 2.279592747210338999, 9.406354823611817295 ) ) ;
#457 = CARTESIAN_POINT ( 'NONE',  ( 4.594722306767595299, 1.975903690497191389, 8.882643920376608548 ) ) ;
#458 = B_SPLINE_CURVE_WITH_KNOTS ( 'NONE', 3,
 ( #2394, #1316, #1392, #6291, #5217, #3067, #6983, #239, #880, #3536, #5714, #2433, #4715, #5751, #6910, #4676, #6870, #1932 ),
 .UNSPECIFIED., .F., .F.,
 ( 4, 2, 2, 2, 2, 2, 2, 2, 4 ),
 ( 4.336808689942017736E-19, 0.0003765522689820480023, 0.0007531045379640958961, 0.001129656806946144169, 0.001506209075928192443, 0.001882761344910241150, 0.002259313613892289206, 0.002635865882874338564, 0.003012418151856387054 ),
 .UNSPECIFIED. ) ;
#459 = AXIS2_PLACEMENT_3D ( 'NONE', #4867, #5371, #997 ) ;
#460 = ORIENTED_EDGE ( 'NONE', *, *, #1745, .T. ) ;
#461 = CARTESIAN_POINT ( 'NONE',  ( -10.00001269301925610, 1.768517871363070926, -0.1242363894204457364 ) ) ;
#462 = EDGE_CURVE ( 'NONE', #5412, #3335, #1385, .T. ) ;
#463 = CARTESIAN_POINT ( 'NONE',  ( -0.5673463196692629662, 8.000000000000000000, 2.333234819276247762 ) ) ;
#464 = DIRECTION ( 'NONE',  ( 0.000000000000000000, 0.000000000000000000, 1.000000000000000000 ) ) ;
#465 = CARTESIAN_POINT ( 'NONE',  ( 4.594978287206101797, 2.456927468042358509, -8.796570338259686039 ) ) ;
#466 = TOROIDAL_SURFACE ( 'NONE', #3358, 2.500000000000000000, 0.5000000000000000000 ) ;
#467 = ORIENTED_EDGE ( 'NONE', *, *, #1734, .T. ) ;
#468 = CARTESIAN_POINT ( 'NONE',  ( -8.796570338259732225, 9.500000000000000000, 4.594978287206008538 ) ) ;
#469 = ORIENTED_EDGE ( 'NONE', *, *, #2970, .T. ) ;
#470 = CARTESIAN_POINT ( 'NONE',  ( 9.332649232411188933, 1.779361857681294401, 3.594033116304668152 ) ) ;
#471 = ORIENTED_EDGE ( 'NONE', *, *, #6321, .F. ) ;
#472 = EDGE_CURVE ( 'NONE', #1167, #7120, #232, .T. ) ;
#473 = VECTOR ( 'NONE', #2815, 999.9999999999998863 ) ;
#474 = AXIS2_PLACEMENT_3D ( 'NONE', #6364, #6289, #6328 ) ;
#475 = VERTEX_POINT ( 'NONE', #1571 ) ;
#476 = CARTESIAN_POINT ( 'NONE',  ( -9.469254822743765843, 2.438027874578180043, 2.970974249536509237 ) ) ;
#477 = CARTESIAN_POINT ( 'NONE',  ( 6.885828264191680148, 2.134320569920991950, -7.031412306681169788 ) ) ;
#478 = DIRECTION ( 'NONE',  ( 0.000000000000000000, 1.000000000000000000, 0.000000000000000000 ) ) ;
#479 = ORIENTED_EDGE ( 'NONE', *, *, #4969, .F. ) ;
#480 = CARTESIAN_POINT ( 'NONE',  ( -2.596097982851399699, 9.500000000000000000, 9.138395661352978649 ) ) ;
#481 = EDGE_CURVE ( 'NONE', #6540, #1570, #5223, .T. ) ;
#482 = AXIS2_PLACEMENT_3D ( 'NONE', #4349, #2665, #5510 ) ;
#483 = LINE ( 'NONE', #80, #2738 ) ;
#484 = CARTESIAN_POINT ( 'NONE',  ( 6.991427348825468790, 1.985975370094145820, 7.150722883170837818 ) ) ;
#485 = FACE_OUTER_BOUND ( 'NONE', #169, .T. ) ;
#486 = VECTOR ( 'NONE', #3691, 1000.000000000000000 ) ;
#487 = CARTESIAN_POINT ( 'NONE',  ( -9.402344393979124249, 2.024441704241474405, -3.407532819979125716 ) ) ;
#488 = DIRECTION ( 'NONE',  ( -2.081668171172168119E-15, 0.000000000000000000, 1.000000000000000000 ) ) ;
#489 = CARTESIAN_POINT ( 'NONE',  ( 7.455440619228371091, 2.242561475665996173, 6.502847312616826692 ) ) ;
#490 = ORIENTED_EDGE ( 'NONE', *, *, #472, .T. ) ;
#491 = DIRECTION ( 'NONE',  ( 1.000000000000000000, -0.000000000000000000, 1.224646799147353207E-16 ) ) ;
#492 = EDGE_CURVE ( 'NONE', #778, #1547, #6128, .T. ) ;
#493 = DIRECTION ( 'NONE',  ( 0.000000000000000000, 1.000000000000000000, 0.000000000000000000 ) ) ;
#494 = CARTESIAN_POINT ( 'NONE',  ( 2.732734760821899922, 2.376055744299664152, 9.619363842115323138 ) ) ;
#495 = CARTESIAN_POINT ( 'NONE',  ( 4.470479223992089857, 2.500000000000000444, 8.792691572869266281 ) ) ;
#496 = VERTEX_POINT ( 'NONE', #4317 ) ;
#497 = CARTESIAN_POINT ( 'NONE',  ( 1.554148821017839577, 8.000000000000000000, 1.830433831214388851 ) ) ;
#498 = CARTESIAN_POINT ( 'NONE',  ( -9.997620538913139399, 1.779361857681294179, 0.2509966059969678809 ) ) ;
#499 = CARTESIAN_POINT ( 'NONE',  ( 7.841361078610772140, 9.500000000000000000, 6.205888851312770349 ) ) ;
#500 = DIRECTION ( 'NONE',  ( 0.000000000000000000, 1.000000000000000000, 0.000000000000000000 ) ) ;
#501 = AXIS2_PLACEMENT_3D ( 'NONE', #4392, #1581, #7180 ) ;
#502 = DIRECTION ( 'NONE',  ( 0.000000000000000000, 0.000000000000000000, -1.000000000000000000 ) ) ;
#503 = EDGE_LOOP ( 'NONE', ( #2216, #5020, #4935, #2295, #3198 ) ) ;
#504 = DIRECTION ( 'NONE',  ( 0.9716864685947457225, 0.000000000000000000, -0.2362740077746008915 ) ) ;
#505 = ORIENTED_EDGE ( 'NONE', *, *, #2115, .F. ) ;
#506 = VECTOR ( 'NONE', #5841, 1000.000000000000000 ) ;
#507 = VERTEX_POINT ( 'NONE', #4281 ) ;
#508 = EDGE_CURVE ( 'NONE', #3780, #6311, #961, .T. ) ;
#509 = ORIENTED_EDGE ( 'NONE', *, *, #5940, .T. ) ;
#510 = CARTESIAN_POINT ( 'NONE',  ( -9.372453886955755209, 2.240934156756817064, 3.162415667432434407 ) ) ;
#511 = CARTESIAN_POINT ( 'NONE',  ( 6.389094439621026744, 2.378544800989055297, -7.587710600652607162 ) ) ;
#512 = CARTESIAN_POINT ( 'NONE',  ( 4.694895751422127894, 2.059185488125237384, -8.829708429580080065 ) ) ;
#513 = ORIENTED_EDGE ( 'NONE', *, *, #1037, .T. ) ;
#514 = FACE_OUTER_BOUND ( 'NONE', #3763, .T. ) ;
#515 = DIRECTION ( 'NONE',  ( 0.7497524964563306860, -8.646148171803674275E-15, 0.6617183646064993541 ) ) ;
#516 = CARTESIAN_POINT ( 'NONE',  ( -6.367050236799704166, 2.051666420109250932, 7.711477259033419962 ) ) ;
#517 = CIRCLE ( 'NONE', #4119, 0.4999999999999998890 ) ;
#518 = ADVANCED_FACE ( 'NONE', ( #6479 ), #5448, .F. ) ;
#519 = CARTESIAN_POINT ( 'NONE',  ( -8.805704236984238875, 2.500000000000000888, -4.741424121641865774 ) ) ;
#520 = DIRECTION ( 'NONE',  ( -1.000000000000000000, 0.000000000000000000, 0.000000000000000000 ) ) ;
#521 = ORIENTED_EDGE ( 'NONE', *, *, #2715, .F. ) ;
#522 = CARTESIAN_POINT ( 'NONE',  ( -9.932905682471181663, 9.500000000000000000, 1.156453502364769736 ) ) ;
#523 = ORIENTED_EDGE ( 'NONE', *, *, #1075, .F. ) ;
#524 = DIRECTION ( 'NONE',  ( 0.000000000000000000, 1.000000000000000000, -0.000000000000000000 ) ) ;
#525 = DIRECTION ( 'NONE',  ( 0.000000000000000000, 1.000000000000000000, 0.000000000000000000 ) ) ;
#526 = DIRECTION ( 'NONE',  ( 0.000000000000000000, 1.000000000000000000, 0.000000000000000000 ) ) ;
#527 = CARTESIAN_POINT ( 'NONE',  ( 10.79269157286915615, 9.500000000000000000, 4.470479223992352757 ) ) ;
#528 = DIRECTION ( 'NONE',  ( 0.000000000000000000, 1.000000000000000000, 0.000000000000000000 ) ) ;
#529 = VECTOR ( 'NONE', #6176, 1000.000000000000000 ) ;
#530 = EDGE_CURVE ( 'NONE', #6385, #6335, #6709, .T. ) ;
#531 = EDGE_CURVE ( 'NONE', #3914, #4482, #2297, .T. ) ;
#532 = ORIENTED_EDGE ( 'NONE', *, *, #462, .F. ) ;
#533 = CARTESIAN_POINT ( 'NONE',  ( -4.462933545236142940, 2.279919447647872577, -8.840032644896220759 ) ) ;
#534 = LINE ( 'NONE', #6045, #371 ) ;
#535 = AXIS2_PLACEMENT_3D ( 'NONE', #5285, #309, #2505 ) ;
#536 = DIRECTION ( 'NONE',  ( -0.3799932884734116278, 0.000000000000000000, -0.9249892435672766311 ) ) ;
#537 = ORIENTED_EDGE ( 'NONE', *, *, #1528, .F. ) ;
#538 = DIRECTION ( 'NONE',  ( -0.3799932884734116278, 0.000000000000000000, -0.9249892435672766311 ) ) ;
#539 = CARTESIAN_POINT ( 'NONE',  ( 0.8453666450343813032, 1.975660126345932577, 9.964848877562472396 ) ) ;
#540 = CARTESIAN_POINT ( 'NONE',  ( 8.260368511126804592, 10.00001200000000168, -8.260368511126660707 ) ) ;
#541 = DIRECTION ( 'NONE',  ( 0.000000000000000000, -1.000000000000000000, 0.000000000000000000 ) ) ;
#542 = ORIENTED_EDGE ( 'NONE', *, *, #747, .T. ) ;
#543 = CARTESIAN_POINT ( 'NONE',  ( -9.563339329250508669, 2.059185488125369279, 2.923754083661892711 ) ) ;
#544 = CARTESIAN_POINT ( 'NONE',  ( 7.321143966266323133, 2.183709232977763648, -6.619553888663402219 ) ) ;
#545 = TOROIDAL_SURFACE ( 'NONE', #3793, 2.500000000000000000, 0.5000000000000000000 ) ;
#546 = CARTESIAN_POINT ( 'NONE',  ( -7.449293024680314623, 9.500000000000000000, 5.895594408747027337 ) ) ;
#547 = VERTEX_POINT ( 'NONE', #4382 ) ;
#548 = DIRECTION ( 'NONE',  ( 0.000000000000000000, 0.000000000000000000, -1.000000000000000000 ) ) ;
#549 = CARTESIAN_POINT ( 'NONE',  ( 2.504813822048898242, 0.000000000000000000, -1.276266388579323952 ) ) ;
#550 = ADVANCED_FACE ( 'NONE', ( #6012 ), #6515, .T. ) ;
#551 = AXIS2_PLACEMENT_3D ( 'NONE', #5191, #1868, #3475 ) ;
#552 = CARTESIAN_POINT ( 'NONE',  ( 6.320945456729052836, 2.500000000000000444, 7.750301822741219482 ) ) ;
#553 = ORIENTED_EDGE ( 'NONE', *, *, #7166, .F. ) ;
#554 = CARTESIAN_POINT ( 'NONE',  ( -6.378947770805471151, 2.414533010808959990, -7.599467116825871393 ) ) ;
#555 = DIRECTION ( 'NONE',  ( -0.9980606173047409380, 0.000000000000000000, -0.06224953160690815251 ) ) ;
#556 = ORIENTED_EDGE ( 'NONE', *, *, #2639, .F. ) ;
#557 = CARTESIAN_POINT ( 'NONE',  ( -2.548403532281084960, 0.000000000000000000, -1.851523544721290326 ) ) ;
#558 = AXIS2_PLACEMENT_3D ( 'NONE', #6360, #5210, #1422 ) ;
#559 = VERTEX_POINT ( 'NONE', #3254 ) ;
#560 = CARTESIAN_POINT ( 'NONE',  ( 2.776607510986325522, 0.000000000000000000, 0.4397714266284721840 ) ) ;
#561 = LINE ( 'NONE', #2771, #759 ) ;
#562 = ADVANCED_FACE ( 'NONE', ( #4244 ), #5473, .T. ) ;
#563 = DIRECTION ( 'NONE',  ( 0.000000000000000000, 0.000000000000000000, 1.000000000000000000 ) ) ;
#564 = DIRECTION ( 'NONE',  ( 0.000000000000000000, -1.000000000000000000, 0.000000000000000000 ) ) ;
#565 = CONICAL_SURFACE ( 'NONE', #5101, 7.500000000000000000, 1.396263401595466691 ) ;
#566 = ORIENTED_EDGE ( 'NONE', *, *, #3750, .T. ) ;
#567 = FACE_OUTER_BOUND ( 'NONE', #2712, .T. ) ;
#568 =( NAMED_UNIT ( * ) SI_UNIT ( $, .STERADIAN. ) SOLID_ANGLE_UNIT ( ) );
#569 = EDGE_CURVE ( 'NONE', #2762, #4494, #2703, .T. ) ;
#570 = SHAPE_DEFINITION_REPRESENTATION ( #1419, #1486 ) ;
#571 = VERTEX_POINT ( 'NONE', #5946 ) ;
#572 = CARTESIAN_POINT ( 'NONE',  ( 0.5673463196692631882, 8.000000000000000000, -2.333234819276247318 ) ) ;
#573 = CIRCLE ( 'NONE', #918, 2.000000000000000000 ) ;
#574 = CARTESIAN_POINT ( 'NONE',  ( 9.138395661352950228, 10.00001200000000168, 2.596097982851491182 ) ) ;
#575 = DIRECTION ( 'NONE',  ( -0.6472324890273779552, 0.000000000000000000, 0.7622926637108775605 ) ) ;
#576 = DIRECTION ( 'NONE',  ( -0.2362740077746010581, 0.000000000000000000, -0.9716864685947456115 ) ) ;
#577 = B_SPLINE_CURVE_WITH_KNOTS ( 'NONE', 3,
 ( #1268, #2870, #1195, #3490, #265, #2459, #764, #2980, #5705, #191, #230, #4703, #3417, #6899, #3956, #6167, #5632, #657 ),
 .UNSPECIFIED., .F., .F.,
 ( 4, 2, 2, 2, 2, 2, 2, 2, 4 ),
 ( 4.336808689942017736E-19, 0.0003765522689820477312, 0.0007531045379640950287, 0.001129656806946142218, 0.001506209075928189624, 0.001882761344910237030, 0.002259313613892284002, 0.002635865882874332058, 0.003012418151856380115 ),
 .UNSPECIFIED. ) ;
#578 = ADVANCED_FACE ( 'NONE', ( #2086 ), #1209, .T. ) ;
#579 = AXIS2_PLACEMENT_3D ( 'NONE', #1106, #3324, #674 ) ;
#580 = ORIENTED_EDGE ( 'NONE', *, *, #2070, .T. ) ;
#581 = VERTEX_POINT ( 'NONE', #6657 ) ;
#582 = CARTESIAN_POINT ( 'NONE',  ( -8.925099472239438114, 2.127336489724431345, 4.512470218131445776 ) ) ;
#583 = CARTESIAN_POINT ( 'NONE',  ( 9.840961641373077384, 2.134286657244863772, 0.1710720760171536015 ) ) ;
#584 = DIRECTION ( 'NONE',  ( 0.9980606173047422702, 0.000000000000000000, -0.06224953160688720399 ) ) ;
#585 = ORIENTED_EDGE ( 'NONE', *, *, #4002, .F. ) ;
#586 = CARTESIAN_POINT ( 'NONE',  ( 2.732734718790805761, 2.500000000000000000, 9.619363854055803742 ) ) ;
#587 = CARTESIAN_POINT ( 'NONE',  ( -5.095752233843723986E-17, 2.500000000000000444, 9.681925178635076179 ) ) ;
#588 = VECTOR ( 'NONE', #5768, 1000.000000000000000 ) ;
#589 = AXIS2_PLACEMENT_3D ( 'NONE', #734, #4561, #5176 ) ;
#590 = CARTESIAN_POINT ( 'NONE',  ( 6.682430624000177843, 2.164537838121700641, 7.249987813959687166 ) ) ;
#591 = ORIENTED_EDGE ( 'NONE', *, *, #2899, .T. ) ;
#592 = DIRECTION ( 'NONE',  ( -0.000000000000000000, -1.000000000000000000, -0.000000000000000000 ) ) ;
#593 = LINE ( 'NONE', #52, #1471 ) ;
#594 = EDGE_CURVE ( 'NONE', #2260, #5604, #3132, .T. ) ;
#595 = ORIENTED_EDGE ( 'NONE', *, *, #966, .T. ) ;
#596 = CARTESIAN_POINT ( 'NONE',  ( -6.519363922588279792, 2.127032157860221595, -7.584036123450782263 ) ) ;
#597 = AXIS2_PLACEMENT_3D ( 'NONE', #6130, #622, #1122 ) ;
#598 = ORIENTED_EDGE ( 'NONE', *, *, #2632, .T. ) ;
#599 = LINE ( 'NONE', #1703, #2431 ) ;
#600 = DIRECTION ( 'NONE',  ( -1.000000000000000000, 0.000000000000000000, 0.000000000000000000 ) ) ;
#601 = CARTESIAN_POINT ( 'NONE',  ( 0.000000000000000000, 9.500000000000000000, 0.000000000000000000 ) ) ;
#602 = CARTESIAN_POINT ( 'NONE',  ( 4.869582161062683490, 2.372020242595190176, -8.734252662744545148 ) ) ;
#603 = AXIS2_PLACEMENT_3D ( 'NONE', #6616, #1637, #3859 ) ;
#604 = EDGE_CURVE ( 'NONE', #1401, #7142, #1264, .T. ) ;
#605 = ORIENTED_EDGE ( 'NONE', *, *, #877, .F. ) ;
#606 = ORIENTED_EDGE ( 'NONE', *, *, #1190, .T. ) ;
#607 = CARTESIAN_POINT ( 'NONE',  ( -4.391695231003043709, 2.241156341101771865, -8.863313405234821474 ) ) ;
#608 = FACE_OUTER_BOUND ( 'NONE', #6493, .T. ) ;
#609 = SPHERICAL_SURFACE ( 'NONE', #5692, 0.5000000000000000000 ) ;
#610 = CARTESIAN_POINT ( 'NONE',  ( -4.470479223992246176, 2.500000000000000444, 10.79269157286920411 ) ) ;
#611 = ADVANCED_FACE ( 'NONE', ( #2290 ), #7182, .T. ) ;
#612 = CARTESIAN_POINT ( 'NONE',  ( 2.596097982851460095, 9.500000000000000000, -9.138395661352959110 ) ) ;
#613 = ORIENTED_EDGE ( 'NONE', *, *, #6365, .F. ) ;
#614 = DIRECTION ( 'NONE',  ( 0.000000000000000000, 1.000000000000000000, 0.000000000000000000 ) ) ;
#615 = EDGE_LOOP ( 'NONE', ( #1643, #4126, #2513, #5030 ) ) ;
#616 = ADVANCED_FACE ( 'NONE', ( #5007 ), #4420, .T. ) ;
#617 = EDGE_CURVE ( 'NONE', #7142, #2307, #5437, .T. ) ;
#618 = CARTESIAN_POINT ( 'NONE',  ( -9.012139614925446907, 2.048945620300810067, 4.335449496297137273 ) ) ;
#619 = CARTESIAN_POINT ( 'NONE',  ( 9.880493916138894051, 2.343452233630473280, -0.8129670326368484412 ) ) ;
#620 = CARTESIAN_POINT ( 'NONE',  ( 2.732734718791013595, 9.500000000000000000, -9.619363854055745122 ) ) ;
#621 = VERTEX_POINT ( 'NONE', #638 ) ;
#622 = DIRECTION ( 'NONE',  ( 0.000000000000000000, 1.000000000000000000, 0.000000000000000000 ) ) ;
#623 = CIRCLE ( 'NONE', #4694, 0.5000000000000000000 ) ;
#624 = AXIS2_PLACEMENT_3D ( 'NONE', #1229, #6644, #5531 ) ;
#625 = CARTESIAN_POINT ( 'NONE',  ( 2.776607510986325966, 0.000000000000000000, -0.4397714266284734608 ) ) ;
#626 = CARTESIAN_POINT ( 'NONE',  ( 8.796570338259671828, 2.500000000000000444, 4.594978287206126666 ) ) ;
#627 = AXIS2_PLACEMENT_3D ( 'NONE', #367, #2565, #2125 ) ;
#628 = CARTESIAN_POINT ( 'NONE',  ( -8.260368511126747748, 2.500000000000000444, 8.260368511126719326 ) ) ;
#629 = DIRECTION ( 'NONE',  ( 0.000000000000000000, 0.000000000000000000, 1.000000000000000000 ) ) ;
#630 = ORIENTED_EDGE ( 'NONE', *, *, #1275, .F. ) ;
#631 = CARTESIAN_POINT ( 'NONE',  ( -7.750301776586351110, 2.410376625841653020, -6.320945513048449094 ) ) ;
#632 = ORIENTED_EDGE ( 'NONE', *, *, #7084, .T. ) ;
#633 = DIRECTION ( 'NONE',  ( -0.000000000000000000, -1.000000000000000000, -0.000000000000000000 ) ) ;
#634 = CARTESIAN_POINT ( 'NONE',  ( 0.1814307967061945526, 8.000000000000000000, 2.394357833393303547 ) ) ;
#635 = AXIS2_PLACEMENT_3D ( 'NONE', #693, #1306, #4588 ) ;
#636 = FACE_OUTER_BOUND ( 'NONE', #2182, .T. ) ;
#637 = VERTEX_POINT ( 'NONE', #5042 ) ;
#638 = CARTESIAN_POINT ( 'NONE',  ( 8.297540029607301193, 10.00000000000000000, 4.626103053009570587 ) ) ;
#639 = CYLINDRICAL_SURFACE ( 'NONE', #5583, 0.5000000000000004441 ) ;
#640 = CARTESIAN_POINT ( 'NONE',  ( -0.8129628328426814488, 2.343447600951189091, -9.880493601047255936 ) ) ;
#641 = ORIENTED_EDGE ( 'NONE', *, *, #1185, .F. ) ;
#642 = ADVANCED_FACE ( 'NONE', ( #567 ), #784, .T. ) ;
#643 = CARTESIAN_POINT ( 'NONE',  ( -7.105199791446563218, 2.139924804626919475, 6.815466159439692362 ) ) ;
#644 = CARTESIAN_POINT ( 'NONE',  ( 4.470479223992320783, 2.500000000000000444, -10.79269157286916858 ) ) ;
#645 = CARTESIAN_POINT ( 'NONE',  ( -6.720468549890211918, 2.147342056939914201, 7.206828043569158737 ) ) ;
#646 = ORIENTED_EDGE ( 'NONE', *, *, #492, .T. ) ;
#647 = CARTESIAN_POINT ( 'NONE',  ( 0.000000000000000000, 9.992403876506100957, 0.000000000000000000 ) ) ;
#648 = EDGE_LOOP ( 'NONE', ( #4622, #2630, #3498 ) ) ;
#649 = ADVANCED_FACE ( 'NONE', ( #5144 ), #466, .T. ) ;
#650 = CIRCLE ( 'NONE', #4730, 2.500000000000000444 ) ;
#651 = EDGE_LOOP ( 'NONE', ( #1508, #3438, #5352, #6351 ) ) ;
#652 = CARTESIAN_POINT ( 'NONE',  ( 6.891903876640159687, 1.779361857681293957, -7.246866680950615702 ) ) ;
#653 = CARTESIAN_POINT ( 'NONE',  ( 8.984463655236321955, 1.864094386502770373, -4.392294266126629765 ) ) ;
#654 = CARTESIAN_POINT ( 'NONE',  ( -6.245516373440888280, 2.248135892564180782, -7.810231214632233687 ) ) ;
#655 = EDGE_LOOP ( 'NONE', ( #4899, #1244, #2206, #6440, #1997, #4397, #5005, #3775, #1454, #407, #1, #5417, #6005, #1860, #1047, #2877, #1510, #6673, #6744, #5903, #3509, #3222, #6490, #7152, #1859, #1282, #4531, #1482, #6988, #827, #6044, #1576, #3910, #5556, #4351, #958, #2023, #7115, #6651, #5917 ) ) ;
#656 = CARTESIAN_POINT ( 'NONE',  ( -0.6290766711811237588, 1.867388762198102459, -9.980840721418797301 ) ) ;
#657 = CARTESIAN_POINT ( 'NONE',  ( -4.869582161062615100, 2.500000000000000000, 8.734252662744577123 ) ) ;
#658 = EDGE_CURVE ( 'NONE', #1520, #4997, #4723, .T. ) ;
#659 = EDGE_CURVE ( 'NONE', #5890, #5485, #1939, .T. ) ;
#660 = CARTESIAN_POINT ( 'NONE',  ( -3.015212895619494571, 2.355680500407573152, -9.446973342847684307 ) ) ;
#661 = VECTOR ( 'NONE', #5600, 1000.000000000000000 ) ;
#662 = DIRECTION ( 'NONE',  ( 0.7622926637108760062, 0.000000000000000000, 0.6472324890273797315 ) ) ;
#663 = CARTESIAN_POINT ( 'NONE',  ( -8.796570338259703803, 9.500000000000000000, -4.594978287206068934 ) ) ;
#664 = ORIENTED_EDGE ( 'NONE', *, *, #440, .F. ) ;
#665 = CARTESIAN_POINT ( 'NONE',  ( -7.650708865474392439, 1.982312691401807658, -6.440463711589994311 ) ) ;
#666 = EDGE_LOOP ( 'NONE', ( #1350, #6011, #2993, #5711, #521 ) ) ;
#667 = DIRECTION ( 'NONE',  ( 0.000000000000000000, -1.000000000000000000, 0.000000000000000000 ) ) ;
#668 = CARTESIAN_POINT ( 'NONE',  ( 4.626103053009366306, 9.500000000000000000, 8.797540029607414880 ) ) ;
#669 = AXIS2_PLACEMENT_3D ( 'NONE', #1022, #3244, #488 ) ;
#670 = EDGE_CURVE ( 'NONE', #1467, #1639, #5718, .T. ) ;
#671 = DIRECTION ( 'NONE',  ( 0.000000000000000000, 0.000000000000000000, 1.000000000000000000 ) ) ;
#672 = AXIS2_PLACEMENT_3D ( 'NONE', #3187, #6380, #3044 ) ;
#673 = VERTEX_POINT ( 'NONE', #2400 ) ;
#674 = DIRECTION ( 'NONE',  ( 0.000000000000000000, 0.000000000000000000, 1.000000000000000000 ) ) ;
#675 = ORIENTED_EDGE ( 'NONE', *, *, #6053, .F. ) ;
#676 =( NAMED_UNIT ( * ) PLANE_ANGLE_UNIT ( ) SI_UNIT ( $, .RADIAN. ) );
#677 = CARTESIAN_POINT ( 'NONE',  ( -0.6735739733511522109, 2.242555917439471358, -9.869999213054430953 ) ) ;
#678 = ORIENTED_EDGE ( 'NONE', *, *, #2972, .F. ) ;
#679 = VECTOR ( 'NONE', #767, 1000.000000000000000 ) ;
#680 = CARTESIAN_POINT ( 'NONE',  ( -7.321143966266316916, 2.183709232977770753, 6.619553888663428864 ) ) ;
#681 = DIRECTION ( 'NONE',  ( -0.2732734718790983397, 5.954188704538689979E-15, 0.9619363854055753560 ) ) ;
#682 = AXIS2_PLACEMENT_3D ( 'NONE', #6570, #1056, #6435 ) ;
#683 = CARTESIAN_POINT ( 'NONE',  ( -6.411709747915550039, 2.343452233630471948, 7.561418751232916513 ) ) ;
#684 = DIRECTION ( 'NONE',  ( 0.8511160640214275874, 0.000000000000000000, 0.5249775667251631583 ) ) ;
#685 = VERTEX_POINT ( 'NONE', #318 ) ;
#686 = CARTESIAN_POINT ( 'NONE',  ( 9.619363854055738017, 2.500000000000000444, 2.732734718791041573 ) ) ;
#687 = CARTESIAN_POINT ( 'NONE',  ( 0.4397714266284717399, 8.000000000000000000, -2.776607510986325522 ) ) ;
#688 = EDGE_CURVE ( 'NONE', #7157, #3600, #3474, .T. ) ;
#689 = DIRECTION ( 'NONE',  ( 0.000000000000000000, 1.000000000000000000, 0.000000000000000000 ) ) ;
#690 = VECTOR ( 'NONE', #6580, 1000.000000000000000 ) ;
#691 = ORIENTED_EDGE ( 'NONE', *, *, #6878, .T. ) ;
#692 = CARTESIAN_POINT ( 'NONE',  ( -1.110773098972562822, 2.257089604130882332, -9.938409227484193309 ) ) ;
#693 = CARTESIAN_POINT ( 'NONE',  ( 5.095752233843723986E-17, 2.500000000000000444, -11.68192517863507618 ) ) ;
#694 = CARTESIAN_POINT ( 'NONE',  ( 6.320945485302035038, 2.409665417632333106, 7.750301799340266307 ) ) ;
#695 = CIRCLE ( 'NONE', #6961, 9.500000000000000000 ) ;
#696 = CARTESIAN_POINT ( 'NONE',  ( 5.095752233843723986E-17, 10.00001200000000168, -11.68192517863507618 ) ) ;
#697 = DIRECTION ( 'NONE',  ( -0.000000000000000000, 1.000000000000000000, -0.000000000000000000 ) ) ;
#698 = EDGE_CURVE ( 'NONE', #5199, #1133, #695, .T. ) ;
#699 = FACE_OUTER_BOUND ( 'NONE', #6646, .T. ) ;
#700 = B_SPLINE_CURVE_WITH_KNOTS ( 'NONE', 3,
 ( #215, #3437, #5655, #1253, #1758, #5728, #5086, #3979, #4538, #1181 ),
 .UNSPECIFIED., .F., .F.,
 ( 4, 2, 2, 2, 4 ),
 ( 0.001507228720538741950, 0.001883526078368157183, 0.002259823436197572200, 0.002636120794026986999, 0.003012418151856402666 ),
 .UNSPECIFIED. ) ;
#701 = EDGE_LOOP ( 'NONE', ( #6743, #1187, #2093, #6730, #5833 ) ) ;
#702 = CARTESIAN_POINT ( 'NONE',  ( -2.970974231079500427, 10.00001200000000168, -9.469254843656241150 ) ) ;
#703 = CARTESIAN_POINT ( 'NONE',  ( -1.830433831214381746, 8.000000000000000000, -1.554148821017840243 ) ) ;
#704 = LINE ( 'NONE', #2918, #6590 ) ;
#705 = CIRCLE ( 'NONE', #9, 10.00000000000000000 ) ;
#706 = ADVANCED_FACE ( 'NONE', ( #6836 ), #2994, .T. ) ;
#707 = VERTEX_POINT ( 'NONE', #2439 ) ;
#708 = VERTEX_POINT ( 'NONE', #4310 ) ;
#709 = CARTESIAN_POINT ( 'NONE',  ( -3.162415667432363797, 2.240934156756750895, -9.372453886955860014 ) ) ;
#710 = ORIENTED_EDGE ( 'NONE', *, *, #5062, .F. ) ;
#711 = CARTESIAN_POINT ( 'NONE',  ( 9.606750064360237928, 2.255681435097350640, -2.777795937255594261 ) ) ;
#712 = DIRECTION ( 'NONE',  ( 0.000000000000000000, 1.000000000000000000, 0.000000000000000000 ) ) ;
#713 = AXIS2_PLACEMENT_3D ( 'NONE', #5440, #4936, #5408 ) ;
#714 = EDGE_LOOP ( 'NONE', ( #4550, #7073 ) ) ;
#715 = DIRECTION ( 'NONE',  ( 0.000000000000000000, 1.000000000000000000, 0.000000000000000000 ) ) ;
#716 = CARTESIAN_POINT ( 'NONE',  ( -2.732734718790878148, 2.500000000000000000, -9.619363854055782426 ) ) ;
#717 = ORIENTED_EDGE ( 'NONE', *, *, #304, .T. ) ;
#718 = DIRECTION ( 'NONE',  ( -0.000000000000000000, 1.000000000000000000, 0.000000000000000000 ) ) ;
#719 = CARTESIAN_POINT ( 'NONE',  ( 9.997513869602434156, 1.779849606445597754, 0.2556751587879444454 ) ) ;
#720 = ORIENTED_EDGE ( 'NONE', *, *, #6642, .T. ) ;
#721 = ORIENTED_EDGE ( 'NONE', *, *, #2030, .F. ) ;
#722 = CARTESIAN_POINT ( 'NONE',  ( 9.878046053678062322, 2.314916786199595400, 0.7805779098895884172 ) ) ;
#723 = CARTESIAN_POINT ( 'NONE',  ( 2.596097982851267805, 9.500000000000000000, 9.138395661353014177 ) ) ;
#724 = VERTEX_POINT ( 'NONE', #7021 ) ;
#725 = CARTESIAN_POINT ( 'NONE',  ( 0.8470067704477918236, 2.377840714399286792, -9.883052937361807011 ) ) ;
#726 = CARTESIAN_POINT ( 'NONE',  ( 9.339547392334306863, 2.212746796842762542, 3.227999808065106446 ) ) ;
#727 = EDGE_CURVE ( 'NONE', #5877, #7165, #5451, .T. ) ;
#728 = DIRECTION ( 'NONE',  ( 0.07555769727474609398, 0.000000000000000000, 0.9971414314842894644 ) ) ;
#729 = CARTESIAN_POINT ( 'NONE',  ( 4.594978287205911727, 10.00001200000000168, 8.796570338259785515 ) ) ;
#730 = CARTESIAN_POINT ( 'NONE',  ( -0.8789046617972534614, 2.500000000000000444, 9.885393354405108468 ) ) ;
#731 = AXIS2_PLACEMENT_3D ( 'NONE', #3805, #2192, #4432 ) ;
#732 = CARTESIAN_POINT ( 'NONE',  ( 2.333234819276247318, 8.000000000000000000, 0.5673463196692628552 ) ) ;
#733 = ORIENTED_EDGE ( 'NONE', *, *, #966, .F. ) ;
#734 = CARTESIAN_POINT ( 'NONE',  ( 0.000000000000000000, 10.00000000000000000, 0.000000000000000000 ) ) ;
#735 = DIRECTION ( 'NONE',  ( 0.000000000000000000, 0.000000000000000000, -1.000000000000000000 ) ) ;
#736 = ADVANCED_FACE ( 'NONE', ( #2656 ), #5467, .T. ) ;
#737 = DIRECTION ( 'NONE',  ( 0.000000000000000000, 0.000000000000000000, 1.000000000000000000 ) ) ;
#738 = VECTOR ( 'NONE', #3262, 1000.000000000000114 ) ;
#739 = CARTESIAN_POINT ( 'NONE',  ( -7.756855835314287261E-16, 2.134289031220173438, -9.840962589317538090 ) ) ;
#740 = ORIENTED_EDGE ( 'NONE', *, *, #6643, .T. ) ;
#741 = CARTESIAN_POINT ( 'NONE',  ( -3.861085519973257441, 2.134320569921051014, -9.052480793569239736 ) ) ;
#742 = AXIS2_PLACEMENT_3D ( 'NONE', #1349, #4033, #3023 ) ;
#743 = CARTESIAN_POINT ( 'NONE',  ( -7.449293024680316400, 9.500000000000000000, 5.895594408747026449 ) ) ;
#744 = CARTESIAN_POINT ( 'NONE',  ( 4.142024133190862933, 2.164715090713917434, 8.947791336897530812 ) ) ;
#745 = CARTESIAN_POINT ( 'NONE',  ( -2.970974231079499983, 2.500000000000000444, -9.469254843656241150 ) ) ;
#746 = DIRECTION ( 'NONE',  ( 0.000000000000000000, 1.000000000000000000, 0.000000000000000000 ) ) ;
#747 = EDGE_CURVE ( 'NONE', #3168, #5693, #351, .T. ) ;
#748 = CARTESIAN_POINT ( 'NONE',  ( -6.703810052746246306, 1.829430187479069048, 7.421242497277510175 ) ) ;
#749 = EDGE_CURVE ( 'NONE', #2415, #4286, #5970, .T. ) ;
#750 = CIRCLE ( 'NONE', #59, 0.5000000000000000000 ) ;
#751 = LINE ( 'NONE', #3978, #5198 ) ;
#752 = CARTESIAN_POINT ( 'NONE',  ( -4.470479223992169793, 2.500000000000000444, -10.79269157286923075 ) ) ;
#753 = ORIENTED_EDGE ( 'NONE', *, *, #1708, .T. ) ;
#754 = FACE_OUTER_BOUND ( 'NONE', #1433, .T. ) ;
#755 = DIRECTION ( 'NONE',  ( 0.000000000000000000, 0.000000000000000000, 1.000000000000000000 ) ) ;
#756 = AXIS2_PLACEMENT_3D ( 'NONE', #4896, #5364, #2043 ) ;
#757 = CARTESIAN_POINT ( 'NONE',  ( -1.987831504145225026, 8.000000000000000000, -1.987831504145221029 ) ) ;
#758 = EDGE_LOOP ( 'NONE', ( #1222, #4361, #6785, #6181 ) ) ;
#759 = VECTOR ( 'NONE', #4414, 1000.000000000000000 ) ;
#760 = CARTESIAN_POINT ( 'NONE',  ( 9.606967333087576222, 2.257089604130888993, 2.777044024017675028 ) ) ;
#761 = DIRECTION ( 'NONE',  ( 0.000000000000000000, 1.000000000000000000, 0.000000000000000000 ) ) ;
#762 = ORIENTED_EDGE ( 'NONE', *, *, #4880, .T. ) ;
#763 = FACE_OUTER_BOUND ( 'NONE', #3968, .T. ) ;
#764 = CARTESIAN_POINT ( 'NONE',  ( -3.361212337356648039, 1.827366529454479416, 9.419005646007503785 ) ) ;
#765 = PLANE ( 'NONE',  #3255 ) ;
#766 = PRODUCT_DEFINITION_FORMATION_WITH_SPECIFIED_SOURCE ( 'Symmetric', '', #379, .NOT_KNOWN. ) ;
#767 = DIRECTION ( 'NONE',  ( 0.000000000000000000, -1.000000000000000000, 0.000000000000000000 ) ) ;
#768 = FACE_OUTER_BOUND ( 'NONE', #2840, .T. ) ;
#769 = VERTEX_POINT ( 'NONE', #4795 ) ;
#770 = CARTESIAN_POINT ( 'NONE',  ( -4.594978287206035183, 2.500000000000000444, 8.796570338259719790 ) ) ;
#771 = ADVANCED_FACE ( 'NONE', ( #3688 ), #923, .F. ) ;
#772 = LINE ( 'NONE', #2321, #2853 ) ;
#773 = AXIS2_PLACEMENT_3D ( 'NONE', #2001, #4708, #3530 ) ;
#774 = DIRECTION ( 'NONE',  ( 0.000000000000000000, 1.000000000000000000, 0.000000000000000000 ) ) ;
#775 = LINE ( 'NONE', #4677, #1149 ) ;
#776 = VERTEX_POINT ( 'NONE', #4341 ) ;
#777 = VECTOR ( 'NONE', #5654, 1000.000000000000114 ) ;
#778 = VERTEX_POINT ( 'NONE', #2078 ) ;
#779 = CARTESIAN_POINT ( 'NONE',  ( -3.355012593856949721, 1.829075679051673564, -9.421228362308999849 ) ) ;
#780 = ADVANCED_FACE ( 'NONE', ( #6541 ), #2657, .T. ) ;
#781 = CARTESIAN_POINT ( 'NONE',  ( 9.150139654457300153, 1.992695579455375343, -4.035844149635235745 ) ) ;
#782 = DIRECTION ( 'NONE',  ( -0.8511160640214288087, 0.000000000000000000, 0.5249775667251612710 ) ) ;
#783 = DIRECTION ( 'NONE',  ( 1.000000000000000000, -0.000000000000000000, 0.000000000000000000 ) ) ;
#784 =( BOUNDED_SURFACE ( )  B_SPLINE_SURFACE ( 3, 2, ( 
 ( #1142, #5613, #4530 ),
 ( #3899, #2777, #3287 ),
 ( #1750, #3969, #5509 ),
 ( #533, #3360, #5579 ),
 ( #607, #62, #2257 ),
 ( #1711, #3936, #6146 ),
 ( #2850, #5078, #96 ),
 ( #1861, #6954, #2476 ),
 ( #741, #1245, #206 ),
 ( #2514, #1976, #6298 ),
 ( #3505, #814, #3466 ),
 ( #6801, #850, #779 ),
 ( #4128, #5796, #5683 ),
 ( #709, #3036, #2957 ),
 ( #6219, #2923, #6337 ),
 ( #3621, #3580, #4682 ),
 ( #4042, #4758, #1323 ),
 ( #6372, #6258, #1284 ) ),
 .UNSPECIFIED., .F., .F., .T. ) 
 B_SPLINE_SURFACE_WITH_KNOTS ( ( 4, 2, 2, 2, 2, 2, 2, 2, 4 ),
 ( 3, 3 ),
 ( 0.000000000000000000, 0.0003645422052340793859, 0.0007290844104681587718, 0.001093626615702238212, 0.001458168820936317544, 0.001822711026170396875, 0.002187253231404476424, 0.002551795436638555972, 0.002916337641872635087 ),
 ( 0.000000000000000000, 1.000000000000000000 ),
 .UNSPECIFIED. ) 
 GEOMETRIC_REPRESENTATION_ITEM ( )  RATIONAL_B_SPLINE_SURFACE ( (
 ( 1.000000000000000000, 0.9595359398070240076, 1.000000000000000000),
 ( 1.000000000000000000, 0.9595833763010122031, 1.000000000000000000),
 ( 1.000000000000000000, 0.9570685609626806700, 1.000000000000000000),
 ( 1.000000000000000000, 0.9488880332095300796, 1.000000000000000000),
 ( 1.000000000000000000, 0.9432547151588684953, 1.000000000000000000),
 ( 1.000000000000000000, 0.9321826025349150280, 1.000000000000000000),
 ( 1.000000000000000000, 0.9268523530654628750, 1.000000000000000000),
 ( 1.000000000000000000, 0.9192073681285419795, 1.000000000000000000),
 ( 1.000000000000000000, 0.9170514797511504224, 1.000000000000000000),
 ( 1.000000000000000000, 0.9170288608893182314, 1.000000000000000000),
 ( 1.000000000000000000, 0.9192260099103429782, 1.000000000000000000),
 ( 1.000000000000000000, 0.9267996068666320975, 1.000000000000000000),
 ( 1.000000000000000000, 0.9321812854749745858, 1.000000000000000000),
 ( 1.000000000000000000, 0.9432160661325762474, 1.000000000000000000),
 ( 1.000000000000000000, 0.9488445939139789065, 1.000000000000000000),
 ( 1.000000000000000000, 0.9570263305979247459, 1.000000000000000000),
 ( 1.000000000000000000, 0.9595878455022940345, 1.000000000000000000),
 ( 1.000000000000000000, 0.9595359398070243406, 1.000000000000000000) ) ) 
 REPRESENTATION_ITEM ( '' )  SURFACE ( )  );
#785 = VECTOR ( 'NONE', #3032, 1000.000000000000114 ) ;
#786 = CYLINDRICAL_SURFACE ( 'NONE', #212, 2.000000000000000000 ) ;
#787 = DIRECTION ( 'NONE',  ( 0.000000000000000000, 0.000000000000000000, 1.000000000000000000 ) ) ;
#788 = CARTESIAN_POINT ( 'NONE',  ( 1.156453502364808372, 2.500000000000000444, 9.932905682471176334 ) ) ;
#789 = EDGE_CURVE ( 'NONE', #1418, #3210, #5340, .T. ) ;
#790 = DIRECTION ( 'NONE',  ( -1.000000000000000000, -1.734723475976808672E-15, 0.000000000000000000 ) ) ;
#791 = FACE_OUTER_BOUND ( 'NONE', #971, .T. ) ;
#792 = ORIENTED_EDGE ( 'NONE', *, *, #3131, .F. ) ;
#793 = ORIENTED_EDGE ( 'NONE', *, *, #3410, .F. ) ;
#794 = CARTESIAN_POINT ( 'NONE',  ( 6.709852692988600431, 1.827366529454475641, -7.415746258787005551 ) ) ;
#795 = CARTESIAN_POINT ( 'NONE',  ( -9.987920442738133175, 1.829430187479140990, 0.5073013465712749026 ) ) ;
#796 = EDGE_CURVE ( 'NONE', #4465, #3279, #6026, .T. ) ;
#797 = CYLINDRICAL_SURFACE ( 'NONE', #5857, 0.4999999999999995559 ) ;
#798 = VERTEX_POINT ( 'NONE', #1435 ) ;
#799 = CARTESIAN_POINT ( 'NONE',  ( 0.6649917147099779768, 2.240934156756764661, -9.869222397742527519 ) ) ;
#800 = CARTESIAN_POINT ( 'NONE',  ( 8.833773591331217645, 2.051189550670912354, 4.687283918649812087 ) ) ;
#801 = SPHERICAL_SURFACE ( 'NONE', #283, 0.5000000000000000000 ) ;
#802 = CIRCLE ( 'NONE', #4294, 0.5000000000000000000 ) ;
#803 = DIRECTION ( 'NONE',  ( 0.7841361078610793456, 6.517587366638273935E-15, 0.6205888851312741927 ) ) ;
#804 = CARTESIAN_POINT ( 'NONE',  ( 0.9734035322810951074, 8.000000000000000000, -2.995828026329730776 ) ) ;
#805 = DIRECTION ( 'NONE',  ( -0.2362740077746034173, 0.000000000000000000, 0.9716864685947451674 ) ) ;
#806 = ORIENTED_EDGE ( 'NONE', *, *, #6681, .T. ) ;
#807 = DIRECTION ( 'NONE',  ( -0.9459096409518816806, 0.000000000000000000, 0.3244301945785603158 ) ) ;
#808 = DIRECTION ( 'NONE',  ( -0.000000000000000000, -1.000000000000000000, -0.000000000000000000 ) ) ;
#809 = FACE_OUTER_BOUND ( 'NONE', #951, .T. ) ;
#810 = DIRECTION ( 'NONE',  ( 0.000000000000000000, 1.000000000000000000, 0.000000000000000000 ) ) ;
#811 = CARTESIAN_POINT ( 'NONE',  ( 1.830433831214382412, 8.000000000000000000, 1.554148821017840687 ) ) ;
#812 = CARTESIAN_POINT ( 'NONE',  ( -4.140859864539612190, 2.164537838121640689, 8.948211102191645949 ) ) ;
#813 = ORIENTED_EDGE ( 'NONE', *, *, #109, .T. ) ;
#814 = CARTESIAN_POINT ( 'NONE',  ( -3.615968364881951391, 1.992783053389636239, -9.324037261860405934 ) ) ;
#815 = CARTESIAN_POINT ( 'NONE',  ( 9.461809159397549962, 1.867418461490328641, -3.238364770026613826 ) ) ;
#816 = CARTESIAN_POINT ( 'NONE',  ( 4.741424057448656804, 2.410376625841649467, 8.805704271353530288 ) ) ;
#817 = DIRECTION ( 'NONE',  ( -0.000000000000000000, 1.000000000000000000, -0.000000000000000000 ) ) ;
#818 = DIRECTION ( 'NONE',  ( 0.8511160640214283646, 0.000000000000000000, -0.5249775667251619371 ) ) ;
#819 = EDGE_CURVE ( 'NONE', #1043, #6780, #1085, .T. ) ;
#820 = DIRECTION ( 'NONE',  ( 0.8734252662744531603, 0.000000000000000000, 0.4869582161062701031 ) ) ;
#821 = CARTESIAN_POINT ( 'NONE',  ( 6.502380906176146169, 2.242932669926583245, 7.455982384190952494 ) ) ;
#822 = CARTESIAN_POINT ( 'NONE',  ( -0.8789046367422000960, 2.438027874578145848, 9.885393342147601459 ) ) ;
#823 = CARTESIAN_POINT ( 'NONE',  ( -8.756818408900279849, 2.257089604130861016, 4.829485086827505214 ) ) ;
#824 = CIRCLE ( 'NONE', #482, 10.00000000000000000 ) ;
#825 = CARTESIAN_POINT ( 'NONE',  ( 10.00001032960327585, 1.985975370094251291, 0.1126389525483455639 ) ) ;
#826 = EDGE_CURVE ( 'NONE', #1178, #4494, #3179, .T. ) ;
#827 = ORIENTED_EDGE ( 'NONE', *, *, #4427, .F. ) ;
#828 = CIRCLE ( 'NONE', #2098, 9.500000000000000000 ) ;
#829 = VERTEX_POINT ( 'NONE', #6507 ) ;
#830 = CARTESIAN_POINT ( 'NONE',  ( 8.829708429580115592, 2.059185488125266250, 4.694895751422067498 ) ) ;
#831 = FACE_OUTER_BOUND ( 'NONE', #1539, .T. ) ;
#832 = DIRECTION ( 'NONE',  ( 0.000000000000000000, 1.000000000000000000, 0.000000000000000000 ) ) ;
#833 = AXIS2_PLACEMENT_3D ( 'NONE', #4938, #3832, #3941 ) ;
#834 = VERTEX_POINT ( 'NONE', #991 ) ;
#835 = CARTESIAN_POINT ( 'NONE',  ( -1.260587625341237805, 8.000000000000000000, -2.043718524445534701 ) ) ;
#836 = EDGE_CURVE ( 'NONE', #829, #5316, #3216, .T. ) ;
#837 = ADVANCED_FACE ( 'NONE', ( #56 ), #1743, .T. ) ;
#838 = AXIS2_PLACEMENT_3D ( 'NONE', #3868, #4387, #6660 ) ;
#839 = CARTESIAN_POINT ( 'NONE',  ( 2.596097982851268249, 9.500000000000000000, 9.138395661353012400 ) ) ;
#840 = CARTESIAN_POINT ( 'NONE',  ( -8.260368511126747748, 9.500000000000000000, 8.260368511126719326 ) ) ;
#841 = ORIENTED_EDGE ( 'NONE', *, *, #5716, .F. ) ;
#842 = CARTESIAN_POINT ( 'NONE',  ( -0.1814307967061967730, 0.000000000000000000, 2.394357833393300883 ) ) ;
#843 = CARTESIAN_POINT ( 'NONE',  ( 0.1814307967061984106, 8.000000000000000000, -2.394357833393298662 ) ) ;
#844 = DIRECTION ( 'NONE',  ( 0.000000000000000000, 0.000000000000000000, 1.000000000000000000 ) ) ;
#845 = CIRCLE ( 'NONE', #5721, 0.5000000000000004441 ) ;
#846 = DIRECTION ( 'NONE',  ( 0.000000000000000000, 0.000000000000000000, 1.000000000000000000 ) ) ;
#847 = LINE ( 'NONE', #1935, #2386 ) ;
#848 = ORIENTED_EDGE ( 'NONE', *, *, #658, .T. ) ;
#849 = EDGE_LOOP ( 'NONE', ( #2249, #556, #2326, #2889 ) ) ;
#850 = CARTESIAN_POINT ( 'NONE',  ( -3.408834636278103236, 2.024215165943889172, -9.401861085319591638 ) ) ;
#851 = CARTESIAN_POINT ( 'NONE',  ( 9.532757696805440162, 1.981868317978765281, -3.023139038583158467 ) ) ;
#852 = CARTESIAN_POINT ( 'NONE',  ( 3.355012593856869341, 1.829075679051569425, 9.421228362309028270 ) ) ;
#853 = CIRCLE ( 'NONE', #2124, 3.499999999999999556 ) ;
#854 = LINE ( 'NONE', #210, #4395 ) ;
#855 = DIRECTION ( 'NONE',  ( 0.000000000000000000, 0.000000000000000000, 1.000000000000000000 ) ) ;
#856 = CARTESIAN_POINT ( 'NONE',  ( 7.611508121969512430, 10.00001200000000168, 6.368549229223071428 ) ) ;
#857 = CARTESIAN_POINT ( 'NONE',  ( 7.449293024680356368, 9.500000000000000000, -5.895594408746973158 ) ) ;
#858 = ADVANCED_FACE ( 'NONE', ( #3927 ), #19, .T. ) ;
#859 = CARTESIAN_POINT ( 'NONE',  ( 9.972564319548824940, 2.127336489724642288, -0.7534911753617753449 ) ) ;
#860 = AXIS2_PLACEMENT_3D ( 'NONE', #4324, #5345, #7006 ) ;
#861 = AXIS2_PLACEMENT_3D ( 'NONE', #2502, #4746, #159 ) ;
#862 = CARTESIAN_POINT ( 'NONE',  ( 1.098630827246567021, 2.500000000000000000, -9.436260398347616984 ) ) ;
#863 = ORIENTED_EDGE ( 'NONE', *, *, #926, .T. ) ;
#864 = LINE ( 'NONE', #6488, #6881 ) ;
#865 = CARTESIAN_POINT ( 'NONE',  ( -9.954167761667848779, 2.059838893144282590, 0.9593430162963531016 ) ) ;
#866 = CARTESIAN_POINT ( 'NONE',  ( -9.287105483649808590, 1.768638744481568326, -3.710169844705778264 ) ) ;
#867 = ORIENTED_EDGE ( 'NONE', *, *, #3627, .F. ) ;
#868 = EDGE_CURVE ( 'NONE', #6135, #798, #4892, .T. ) ;
#869 = AXIS2_PLACEMENT_3D ( 'NONE', #1943, #3043, #5262 ) ;
#870 = LINE ( 'NONE', #1960, #6142 ) ;
#871 = CARTESIAN_POINT ( 'NONE',  ( -7.611508121969558616, 2.456216401094829749, -6.368549229223019914 ) ) ;
#872 = DIRECTION ( 'NONE',  ( 0.000000000000000000, 1.000000000000000000, 0.000000000000000000 ) ) ;
#873 = CARTESIAN_POINT ( 'NONE',  ( -9.436260398347620537, 10.00001200000000168, 1.098630827246531272 ) ) ;
#874 = AXIS2_PLACEMENT_3D ( 'NONE', #5749, #5178, #6869 ) ;
#875 = VERTEX_POINT ( 'NONE', #2212 ) ;
#876 = FACE_OUTER_BOUND ( 'NONE', #279, .T. ) ;
#877 = EDGE_CURVE ( 'NONE', #3743, #7105, #3492, .T. ) ;
#878 = EDGE_CURVE ( 'NONE', #2581, #1540, #599, .T. ) ;
#879 = CARTESIAN_POINT ( 'NONE',  ( 7.455982384190931178, 2.242932669926581912, -6.502380906176170150 ) ) ;
#880 = CARTESIAN_POINT ( 'NONE',  ( 9.999987203446849549, 1.768638744481566993, -0.1262714215554477382 ) ) ;
#881 = CARTESIAN_POINT ( 'NONE',  ( 3.121481346010154923, 2.262551622224105330, -9.393270805526825029 ) ) ;
#882 = CARTESIAN_POINT ( 'NONE',  ( -4.626103053009483546, 9.500000000000000000, 8.297540029607350931 ) ) ;
#883 = CARTESIAN_POINT ( 'NONE',  ( -3.095076455295084017, 2.279919447647851261, 9.406617602938036171 ) ) ;
#884 = VERTEX_POINT ( 'NONE', #6577 ) ;
#885 = CARTESIAN_POINT ( 'NONE',  ( 0.000000000000000000, 10.00000000000000000, -10.00000000000000000 ) ) ;
#886 = EDGE_CURVE ( 'NONE', #4450, #6121, #1635, .T. ) ;
#887 = CARTESIAN_POINT ( 'NONE',  ( 2.596097982851463204, 10.00001200000000168, -9.138395661352959110 ) ) ;
#888 = CARTESIAN_POINT ( 'NONE',  ( -2.394357833393303103, 0.000000000000000000, 0.1814307967061945803 ) ) ;
#889 = AXIS2_PLACEMENT_3D ( 'NONE', #4484, #4520, #1233 ) ;
#890 = VERTEX_POINT ( 'NONE', #560 ) ;
#891 = LINE ( 'NONE', #3116, #5330 ) ;
#892 = DIRECTION ( 'NONE',  ( 0.6472324890273780662, 0.000000000000000000, 0.7622926637108774495 ) ) ;
#893 = EDGE_LOOP ( 'NONE', ( #3996, #3862, #5527, #3395 ) ) ;
#894 = AXIS2_PLACEMENT_3D ( 'NONE', #3985, #5664, #1224 ) ;
#895 = CARTESIAN_POINT ( 'NONE',  ( -8.886597848284399248, 2.212746796842760766, 4.321516740381086130 ) ) ;
#896 = CARTESIAN_POINT ( 'NONE',  ( -0.4960991014861160231, 2.183709232977781411, 9.857561987693552297 ) ) ;
#897 = CARTESIAN_POINT ( 'NONE',  ( 9.132093507000687149E-16, 9.992403876506100957, -7.456920242929475862 ) ) ;
#898 = VECTOR ( 'NONE', #3651, 1000.000000000000000 ) ;
#899 = DIRECTION ( 'NONE',  ( 0.000000000000000000, 0.000000000000000000, 1.000000000000000000 ) ) ;
#900 = EDGE_LOOP ( 'NONE', ( #2805, #613, #3186, #6086 ) ) ;
#901 = EDGE_CURVE ( 'NONE', #559, #829, #2769, .T. ) ;
#902 = ORIENTED_EDGE ( 'NONE', *, *, #5246, .F. ) ;
#903 = FACE_OUTER_BOUND ( 'NONE', #1795, .T. ) ;
#904 = CARTESIAN_POINT ( 'NONE',  ( -9.885393354405112021, 2.500000000000000444, 0.8789046617972190445 ) ) ;
#905 = CARTESIAN_POINT ( 'NONE',  ( -8.758950836166588871, 2.248135892564182114, -4.825657120698753744 ) ) ;
#906 = ORIENTED_EDGE ( 'NONE', *, *, #1669, .F. ) ;
#907 = B_SPLINE_CURVE_WITH_KNOTS ( 'NONE', 3,
 ( #1627, #3847, #3273, #2724, #5493, #6675, #4950, #1123, #1159, #7, #2167, #4990, #3343, #1692, #5997, #1659, #6641, #6063 ),
 .UNSPECIFIED., .F., .F.,
 ( 4, 2, 2, 2, 2, 2, 2, 2, 4 ),
 ( 8.673617379884035472E-19, 0.0003765522689820498454, 0.0007531045379640988234, 0.001129656806946147856, 0.001506209075928196780, 0.001882761344910245703, 0.002259313613892294844, 0.002635865882874343768, 0.003012418151856392692 ),
 .UNSPECIFIED. ) ;
#908 = ADVANCED_FACE ( 'NONE', ( #4413 ), #3388, .T. ) ;
#909 = B_SPLINE_CURVE_WITH_KNOTS ( 'NONE', 3,
 ( #2120, #7069, #4319, #3256, #5979, #998, #5475, #498, #3223, #461, #2705, #6148, #5686, #3900, #2779, #6658, #3470, #2292 ),
 .UNSPECIFIED., .F., .F.,
 ( 4, 2, 2, 2, 2, 2, 2, 2, 4 ),
 ( 4.848699518061080308E-19, 0.0003765522689820490865, 0.0007531045379640976308, 0.001129656806946146338, 0.001506209075928194828, 0.001882761344910242884, 0.002259313613892291375, 0.002635865882874339431, 0.003012418151856387921 ),
 .UNSPECIFIED. ) ;
#910 = ORIENTED_EDGE ( 'NONE', *, *, #5624, .F. ) ;
#911 = DIRECTION ( 'NONE',  ( 0.06224953160689260939, -6.925436733145753033E-15, 0.9980606173047419372 ) ) ;
#912 = CARTESIAN_POINT ( 'NONE',  ( 3.616353032451527394, 1.992695579455263211, -9.323898564490011864 ) ) ;
#913 = VECTOR ( 'NONE', #5367, 1000.000000000000114 ) ;
#914 = ORIENTED_EDGE ( 'NONE', *, *, #3503, .F. ) ;
#915 = DIRECTION ( 'NONE',  ( -0.000000000000000000, 1.000000000000000000, -0.000000000000000000 ) ) ;
#916 = DIRECTION ( 'NONE',  ( 1.000000000000000000, 0.000000000000000000, 0.000000000000000000 ) ) ;
#917 = CARTESIAN_POINT ( 'NONE',  ( 7.642397253626209697, 2.181508697813393294, 6.450700701128066150 ) ) ;
#918 = AXIS2_PLACEMENT_3D ( 'NONE', #311, #3106, #6368 ) ;
#919 = EDGE_CURVE ( 'NONE', #875, #2757, #5003, .T. ) ;
#920 = CARTESIAN_POINT ( 'NONE',  ( 6.205888851312742815, 9.500000000000000000, -7.841361078610793456 ) ) ;
#921 = CARTESIAN_POINT ( 'NONE',  ( -1.554148821017838911, 0.000000000000000000, -1.830433831214388185 ) ) ;
#922 = ORIENTED_EDGE ( 'NONE', *, *, #4305, .T. ) ;
#923 = CYLINDRICAL_SURFACE ( 'NONE', #3248, 2.000000000000000000 ) ;
#924 = CARTESIAN_POINT ( 'NONE',  ( 4.594978287206101797, 10.00001200000000168, -8.796570338259684263 ) ) ;
#925 = DIRECTION ( 'NONE',  ( -0.6617183646065025737, -3.175175704333956099E-15, 0.7497524964563276884 ) ) ;
#926 = EDGE_CURVE ( 'NONE', #637, #4945, #5501, .T. ) ;
#927 = EDGE_CURVE ( 'NONE', #5566, #5369, #1619, .T. ) ;
#928 = ORIENTED_EDGE ( 'NONE', *, *, #355, .T. ) ;
#929 = LINE ( 'NONE', #856, #6232 ) ;
#930 = DIRECTION ( 'NONE',  ( 0.000000000000000000, 1.000000000000000000, 0.000000000000000000 ) ) ;
#931 = LINE ( 'NONE', #3156, #5817 ) ;
#932 = AXIS2_PLACEMENT_3D ( 'NONE', #1426, #4230, #7048 ) ;
#933 = CYLINDRICAL_SURFACE ( 'NONE', #5943, 0.5000000000000000000 ) ;
#934 = ORIENTED_EDGE ( 'NONE', *, *, #5548, .T. ) ;
#935 = VECTOR ( 'NONE', #6790, 1000.000000000000114 ) ;
#936 = ORIENTED_EDGE ( 'NONE', *, *, #2407, .T. ) ;
#937 = AXIS2_PLACEMENT_3D ( 'NONE', #4968, #6549, #6586 ) ;
#938 = CARTESIAN_POINT ( 'NONE',  ( 9.172361082845734259, 2.139858412045491765, 3.577945097074474834 ) ) ;
#939 = CARTESIAN_POINT ( 'NONE',  ( -9.619363854055755780, 2.371852820628068237, -2.732734718790983397 ) ) ;
#940 = EDGE_LOOP ( 'NONE', ( #401, #6275, #1927, #585 ) ) ;
#941 = CIRCLE ( 'NONE', #7093, 0.5000000000000000000 ) ;
#942 = CARTESIAN_POINT ( 'NONE',  ( 1.156453502364807928, 2.371766070001682269, 9.932905682471176334 ) ) ;
#943 = CARTESIAN_POINT ( 'NONE',  ( 7.584036123450700551, 2.127032157860273109, -6.519363922588303772 ) ) ;
#944 = CARTESIAN_POINT ( 'NONE',  ( 4.230661462162583319, 2.183709232977740999, -8.917350853941396593 ) ) ;
#945 = ORIENTED_EDGE ( 'NONE', *, *, #2333, .F. ) ;
#946 = CARTESIAN_POINT ( 'NONE',  ( -4.392294266126667956, 1.864094386502768597, -8.984463655236304191 ) ) ;
#947 = EDGE_CURVE ( 'NONE', #6758, #4696, #6104, .T. ) ;
#948 = DIRECTION ( 'NONE',  ( -0.9619363854055783536, 0.000000000000000000, 0.2732734718790877926 ) ) ;
#949 = CARTESIAN_POINT ( 'NONE',  ( -9.406617602938014855, 2.279919447647844155, -3.095076455295130646 ) ) ;
#950 = CARTESIAN_POINT ( 'NONE',  ( -3.859535732301775823, 2.134257748930227905, 9.053095584707936183 ) ) ;
#951 = EDGE_LOOP ( 'NONE', ( #6634, #4365, #1784 ) ) ;
#952 = CARTESIAN_POINT ( 'NONE',  ( -2.970974231079568817, 2.500000000000000444, 9.469254843656223386 ) ) ;
#953 = DIRECTION ( 'NONE',  ( 0.9249892435672760760, 0.000000000000000000, 0.3799932884734130711 ) ) ;
#954 = CARTESIAN_POINT ( 'NONE',  ( 3.120821918168783959, 2.127032157860301087, 9.501588311015545685 ) ) ;
#955 = EDGE_CURVE ( 'NONE', #3297, #724, #1984, .T. ) ;
#956 = CARTESIAN_POINT ( 'NONE',  ( 2.394357833393300883, 8.000000000000000000, 0.1814307967061968563 ) ) ;
#957 = AXIS2_PLACEMENT_3D ( 'NONE', #3328, #3801, #4971 ) ;
#958 = ORIENTED_EDGE ( 'NONE', *, *, #1695, .F. ) ;
#959 = PLANE ( 'NONE',  #4269 ) ;
#960 = ORIENTED_EDGE ( 'NONE', *, *, #1884, .T. ) ;
#961 = LINE ( 'NONE', #3189, #3007 ) ;
#962 = VECTOR ( 'NONE', #3982, 1000.000000000000000 ) ;
#963 = CARTESIAN_POINT ( 'NONE',  ( -7.449293024680273767, 2.500000000000000444, -5.895594408747077964 ) ) ;
#964 = EDGE_CURVE ( 'NONE', #5369, #1043, #4488, .T. ) ;
#965 = CARTESIAN_POINT ( 'NONE',  ( -1.539607852037001538E-13, 1.768578062440346432, -10.00000000000000000 ) ) ;
#966 = EDGE_CURVE ( 'NONE', #3720, #2361, #2788, .T. ) ;
#967 = PLANE ( 'NONE',  #6787 ) ;
#968 = EDGE_LOOP ( 'NONE', ( #5849, #479, #5675, #216 ) ) ;
#969 = LINE ( 'NONE', #5411, #5480 ) ;
#970 = AXIS2_PLACEMENT_3D ( 'NONE', #752, #2408, #4651 ) ;
#971 = EDGE_LOOP ( 'NONE', ( #1820, #5033, #1620, #7067 ) ) ;
#972 = ORIENTED_EDGE ( 'NONE', *, *, #6867, .F. ) ;
#973 = CARTESIAN_POINT ( 'NONE',  ( 9.058529816459529371, 2.024215165943732853, 4.237709641947863481 ) ) ;
#974 = ORIENTED_EDGE ( 'NONE', *, *, #4417, .T. ) ;
#975 = CARTESIAN_POINT ( 'NONE',  ( 9.419005646007468258, 1.827366529454476307, 3.361212337356740854 ) ) ;
#976 = ORIENTED_EDGE ( 'NONE', *, *, #4112, .F. ) ;
#977 = CIRCLE ( 'NONE', #4346, 2.499999999999999556 ) ;
#978 = AXIS2_PLACEMENT_3D ( 'NONE', #2903, #832, #5130 ) ;
#979 = CIRCLE ( 'NONE', #409, 0.5000000000000000000 ) ;
#980 = CARTESIAN_POINT ( 'NONE',  ( 7.150722883170868016, 1.985975370094197778, -6.991427348825435040 ) ) ;
#981 = CARTESIAN_POINT ( 'NONE',  ( -2.596097982851402808, 9.500000000000000000, 9.138395661352975097 ) ) ;
#982 = ORIENTED_EDGE ( 'NONE', *, *, #5611, .T. ) ;
#983 = CARTESIAN_POINT ( 'NONE',  ( -1.098630827246567687, 2.500000000000000000, 9.436260398347616984 ) ) ;
#984 = CARTESIAN_POINT ( 'NONE',  ( 7.611508121969646545, 2.500000000000000444, -6.368549229222910668 ) ) ;
#985 = CARTESIAN_POINT ( 'NONE',  ( -6.244726359285714956, 2.249819565270343880, 7.810864416449883052 ) ) ;
#986 = CARTESIAN_POINT ( 'NONE',  ( -9.287931484318800557, 1.768641139221959202, -3.708174382605541108 ) ) ;
#987 = CARTESIAN_POINT ( 'NONE',  ( -4.564612839430714608, 2.377840714399328093, 8.806614869402679346 ) ) ;
#988 = ADVANCED_FACE ( 'NONE', ( #2284 ), #2878, .F. ) ;
#989 = CARTESIAN_POINT ( 'NONE',  ( 7.393314632472610448, 2.212746796842760322, 6.556373006456640340 ) ) ;
#990 = VERTEX_POINT ( 'NONE', #5826 ) ;
#991 = CARTESIAN_POINT ( 'NONE',  ( -0.8789046617972535724, 9.500000000000000000, 9.885393354405108468 ) ) ;
#992 = CARTESIAN_POINT ( 'NONE',  ( 2.548403532281087180, 0.000000000000000000, -1.851523544721291881 ) ) ;
#993 = CARTESIAN_POINT ( 'NONE',  ( 1.260587625341246687, 0.000000000000000000, -2.043718524445536033 ) ) ;
#994 = CARTESIAN_POINT ( 'NONE',  ( -5.095752233843723986E-17, 10.00001200000000168, 9.681925178635076179 ) ) ;
#995 = EDGE_CURVE ( 'NONE', #1292, #3830, #4308, .T. ) ;
#996 = ORIENTED_EDGE ( 'NONE', *, *, #2910, .T. ) ;
#997 = DIRECTION ( 'NONE',  ( 0.000000000000000000, 0.000000000000000000, -1.000000000000000000 ) ) ;
#998 = CARTESIAN_POINT ( 'NONE',  ( -9.981420327383217383, 1.864094386502767930, 0.6197453836959060380 ) ) ;
#999 = DIRECTION ( 'NONE',  ( 0.000000000000000000, 0.000000000000000000, 1.000000000000000000 ) ) ;
#1000 = CARTESIAN_POINT ( 'NONE',  ( -0.8789046617972536835, 10.00001200000000168, 9.885393354405108468 ) ) ;
#1001 = DIRECTION ( 'NONE',  ( -1.000000000000000000, 0.000000000000000000, 0.000000000000000000 ) ) ;
#1002 = CIRCLE ( 'NONE', #2862, 2.000000000000000000 ) ;
#1003 = ORIENTED_EDGE ( 'NONE', *, *, #659, .T. ) ;
#1004 = ADVANCED_FACE ( 'NONE', ( #4036 ), #3946, .F. ) ;
#1005 = ORIENTED_EDGE ( 'NONE', *, *, #2159, .T. ) ;
#1006 = LINE ( 'NONE', #3229, #1197 ) ;
#1007 = FACE_OUTER_BOUND ( 'NONE', #5291, .T. ) ;
#1008 = B_SPLINE_CURVE_WITH_KNOTS ( 'NONE', 3,
 ( #2906, #6859, #2384, #1228, #3991, #6205, #3564, #2944, #2421, #5133, #152, #726, #3449, #5208, #4553, #5669, #1770, #4068 ),
 .UNSPECIFIED., .F., .F.,
 ( 4, 2, 2, 2, 2, 2, 2, 2, 4 ),
 ( 0.000000000000000000, 0.0001297744646122149742, 0.0002595489292244299484, 0.0005190978584488597884, 0.001038195716897715240, 0.001557293575346569174, 0.001816842504570997116, 0.001946616969183211088, 0.002076391433795425276 ),
 .UNSPECIFIED. ) ;
#1009 = CIRCLE ( 'NONE', #4961, 2.500000000000000000 ) ;
#1010 = ORIENTED_EDGE ( 'NONE', *, *, #3180, .F. ) ;
#1011 =( BOUNDED_SURFACE ( )  B_SPLINE_SURFACE ( 3, 2, ( 
 ( #3083, #2372, #788 ),
 ( #1407, #325, #1870 ),
 ( #6308, #2484, #1444 ),
 ( #5232, #3553, #2410 ),
 ( #4616, #1831, #217 ),
 ( #6963, #6887, #2967 ),
 ( #2520, #4652, #1293 ),
 ( #1908, #4213, #6811 ),
 ( #3663, #3514, #4095 ),
 ( #5878, #1333, #4768 ),
 ( #5158, #5765, #1371 ),
 ( #2447, #4731, #6413 ),
 ( #896, #1987, #4054 ),
 ( #4691, #6346, #3004 ),
 ( #6267, #5730, #254 ),
 ( #4138, #6926, #5805 ),
 ( #822, #3046, #5265 ),
 ( #289, #1948, #4171 ) ),
 .UNSPECIFIED., .F., .F., .T. ) 
 B_SPLINE_SURFACE_WITH_KNOTS ( ( 4, 2, 2, 2, 2, 2, 2, 2, 4 ),
 ( 3, 3 ),
 ( -9.215718466126787689E-19, 0.0003645422052340796569, 0.0007290844104681601812, 0.001093626615702240814, 0.001458168820936321230, 0.001822711026170401863, 0.002187253231404482495, 0.002551795436638562911, 0.002916337641872643327 ),
 ( 0.000000000000000000, 1.000000000000000000 ),
 .UNSPECIFIED. ) 
 GEOMETRIC_REPRESENTATION_ITEM ( )  RATIONAL_B_SPLINE_SURFACE ( (
 ( 1.000000000000000000, 0.9595359398070240076, 1.000000000000000000),
 ( 1.000000000000000000, 0.9595833763010070960, 1.000000000000000000),
 ( 1.000000000000000000, 0.9570685609626875534, 1.000000000000000000),
 ( 1.000000000000000000, 0.9488880332095234182, 1.000000000000000000),
 ( 1.000000000000000000, 0.9432547151588540624, 1.000000000000000000),
 ( 1.000000000000000000, 0.9321826025349290168, 1.000000000000000000),
 ( 1.000000000000000000, 0.9268523530654620979, 1.000000000000000000),
 ( 1.000000000000000000, 0.9192073681285429787, 1.000000000000000000),
 ( 1.000000000000000000, 0.9170514797510966876, 1.000000000000000000),
 ( 1.000000000000000000, 0.9170288608893719662, 1.000000000000000000),
 ( 1.000000000000000000, 0.9192260099104104798, 1.000000000000000000),
 ( 1.000000000000000000, 0.9267996068665648179, 1.000000000000000000),
 ( 1.000000000000000000, 0.9321812854749951249, 1.000000000000000000),
 ( 1.000000000000000000, 0.9432160661325561524, 1.000000000000000000),
 ( 1.000000000000000000, 0.9488445939139590335, 1.000000000000000000),
 ( 1.000000000000000000, 0.9570263305979455071, 1.000000000000000000),
 ( 1.000000000000000000, 0.9595878455022781583, 1.000000000000000000),
 ( 1.000000000000000000, 0.9595359398070241186, 1.000000000000000000) ) ) 
 REPRESENTATION_ITEM ( '' )  SURFACE ( )  );
#1012 = TOROIDAL_SURFACE ( 'NONE', #2750, 2.500000000000000000, 0.5000000000000000000 ) ;
#1013 = EDGE_CURVE ( 'NONE', #3731, #6576, #3064, .T. ) ;
#1014 = CARTESIAN_POINT ( 'NONE',  ( 7.750301822741197277, 2.500000000000000444, -6.320945456729077705 ) ) ;
#1015 = CARTESIAN_POINT ( 'NONE',  ( 4.237709641947779993, 2.024215165943730632, -9.058529816459545358 ) ) ;
#1016 = VERTEX_POINT ( 'NONE', #5140 ) ;
#1017 = CARTESIAN_POINT ( 'NONE',  ( 2.596097982851459207, 9.500000000000000000, -9.138395661352959110 ) ) ;
#1018 = DIRECTION ( 'NONE',  ( -0.000000000000000000, -1.000000000000000000, -0.000000000000000000 ) ) ;
#1019 = AXIS2_PLACEMENT_3D ( 'NONE', #6133, #1232, #3454 ) ;
#1020 = CARTESIAN_POINT ( 'NONE',  ( 7.506146992169956178, 2.279919447647845487, 6.459234499843040211 ) ) ;
#1021 = CARTESIAN_POINT ( 'NONE',  ( -8.884607128713136959, 2.181049877636568102, -4.591460142829697055 ) ) ;
#1022 = CARTESIAN_POINT ( 'NONE',  ( -8.260368511126690905, 10.00000000000000000, -8.260368511126776170 ) ) ;
#1023 = VECTOR ( 'NONE', #4453, 1000.000000000000000 ) ;
#1024 = CARTESIAN_POINT ( 'NONE',  ( -7.611508069916984809, 2.438513403071544960, -6.368549247076125575 ) ) ;
#1025 = ORIENTED_EDGE ( 'NONE', *, *, #4932, .T. ) ;
#1026 = CARTESIAN_POINT ( 'NONE',  ( -4.594978287206035183, 2.500000000000000444, 8.796570338259719790 ) ) ;
#1027 = CARTESIAN_POINT ( 'NONE',  ( 7.841361078610770363, 2.500000000000000444, 6.205888851312770349 ) ) ;
#1028 = CARTESIAN_POINT ( 'NONE',  ( 3.035713346348732244, 2.181049877636675571, 9.529018551433933837 ) ) ;
#1029 = CYLINDRICAL_SURFACE ( 'NONE', #4040, 0.5000000000000004441 ) ;
#1030 = CARTESIAN_POINT ( 'NONE',  ( 3.712059723680328993, 1.768517871363070926, 9.286350259861663403 ) ) ;
#1031 = AXIS2_PLACEMENT_3D ( 'NONE', #4492, #3932, #3392 ) ;
#1032 = ORIENTED_EDGE ( 'NONE', *, *, #1447, .T. ) ;
#1033 = DIRECTION ( 'NONE',  ( 0.000000000000000000, 0.000000000000000000, 1.000000000000000000 ) ) ;
#1034 = FACE_OUTER_BOUND ( 'NONE', #4191, .T. ) ;
#1035 = DIRECTION ( 'NONE',  ( 0.000000000000000000, 0.000000000000000000, 1.000000000000000000 ) ) ;
#1036 = CARTESIAN_POINT ( 'NONE',  ( -6.368549229222990604, 9.500000000000000000, 7.611508121969579932 ) ) ;
#1037 = EDGE_CURVE ( 'NONE', #5316, #1243, #6908, .T. ) ;
#1038 = CARTESIAN_POINT ( 'NONE',  ( 1.098630827246564134, 10.00001200000000168, 9.936260398347616984 ) ) ;
#1039 = VECTOR ( 'NONE', #4826, 1000.000000000000227 ) ;
#1040 = ORIENTED_EDGE ( 'NONE', *, *, #4067, .T. ) ;
#1041 = LINE ( 'NONE', #1111, #3061 ) ;
#1042 = DIRECTION ( 'NONE',  ( 0.3244301945785588170, -0.000000000000000000, 0.9459096409518821247 ) ) ;
#1043 = VERTEX_POINT ( 'NONE', #770 ) ;
#1044 = EDGE_CURVE ( 'NONE', #5369, #3078, #3027, .T. ) ;
#1045 = AXIS2_PLACEMENT_3D ( 'NONE', #463, #6450, #3123 ) ;
#1046 = AXIS2_PLACEMENT_3D ( 'NONE', #5109, #1850, #2353 ) ;
#1047 = ORIENTED_EDGE ( 'NONE', *, *, #3478, .F. ) ;
#1048 = LINE ( 'NONE', #5056, #5492 ) ;
#1049 = FACE_OUTER_BOUND ( 'NONE', #2781, .T. ) ;
#1050 = DIRECTION ( 'NONE',  ( 0.7841361078610891155, 0.000000000000000000, -0.6205888851312616472 ) ) ;
#1051 = VERTEX_POINT ( 'NONE', #6250 ) ;
#1052 = DIRECTION ( 'NONE',  ( 1.000000000000000000, 6.071532165918819308E-15, -4.212971753347070581E-29 ) ) ;
#1053 = CIRCLE ( 'NONE', #1741, 2.000000000000000000 ) ;
#1054 = ADVANCED_FACE ( 'NONE', ( #4077 ), #3458, .T. ) ;
#1055 = ADVANCED_FACE ( 'NONE', ( #2987 ), #132, .F. ) ;
#1056 = DIRECTION ( 'NONE',  ( 0.000000000000000000, 1.000000000000000000, 0.000000000000000000 ) ) ;
#1057 = AXIS2_PLACEMENT_3D ( 'NONE', #3760, #3283, #4377 ) ;
#1058 = CARTESIAN_POINT ( 'NONE',  ( -9.195699807442801799, 1.985975370094174242, -3.930903099441841242 ) ) ;
#1059 = CARTESIAN_POINT ( 'NONE',  ( -1.830433831214381746, 0.000000000000000000, -1.554148821017840243 ) ) ;
#1060 = CARTESIAN_POINT ( 'NONE',  ( -4.869582161062556480, 2.500000000000000444, -8.734252662744612650 ) ) ;
#1061 = ORIENTED_EDGE ( 'NONE', *, *, #5668, .T. ) ;
#1062 = CARTESIAN_POINT ( 'NONE',  ( 4.626103053009367194, 9.500000000000000000, 8.297540029607414880 ) ) ;
#1063 = CARTESIAN_POINT ( 'NONE',  ( 2.596097982851267805, 10.00000000000000000, 9.138395661353012400 ) ) ;
#1064 = CARTESIAN_POINT ( 'NONE',  ( 3.023139038583046112, 1.981868317978685345, 9.532757696805481018 ) ) ;
#1065 = CARTESIAN_POINT ( 'NONE',  ( 2.043718524445535589, 8.000000000000000000, -1.260587625341240248 ) ) ;
#1066 = LINE ( 'NONE', #2082, #4881 ) ;
#1067 = ORIENTED_EDGE ( 'NONE', *, *, #314, .T. ) ;
#1068 = DIRECTION ( 'NONE',  ( -0.000000000000000000, -1.000000000000000000, -0.000000000000000000 ) ) ;
#1069 = LINE ( 'NONE', #6695, #1616 ) ;
#1070 =( NAMED_UNIT ( * ) SI_UNIT ( $, .STERADIAN. ) SOLID_ANGLE_UNIT ( ) );
#1071 = VECTOR ( 'NONE', #6047, 1000.000000000000114 ) ;
#1072 = CARTESIAN_POINT ( 'NONE',  ( -2.732734718790876816, 9.500000000000000000, -9.619363854055782426 ) ) ;
#1073 = CIRCLE ( 'NONE', #3056, 7.456920242929495402 ) ;
#1074 = CARTESIAN_POINT ( 'NONE',  ( -5.095752233843723986E-17, 10.00001200000000168, 11.68192517863507618 ) ) ;
#1075 = EDGE_CURVE ( 'NONE', #370, #3025, #6039, .T. ) ;
#1076 = FACE_BOUND ( 'NONE', #1273, .T. ) ;
#1077 = ORIENTED_EDGE ( 'NONE', *, *, #6268, .T. ) ;
#1078 = TOROIDAL_SURFACE ( 'NONE', #2470, 1.500000000000000000, 0.5000000000000000000 ) ;
#1079 = VECTOR ( 'NONE', #3346, 1000.000000000000000 ) ;
#1080 = ORIENTED_EDGE ( 'NONE', *, *, #3802, .T. ) ;
#1081 = ORIENTED_EDGE ( 'NONE', *, *, #7002, .T. ) ;
#1082 = CARTESIAN_POINT ( 'NONE',  ( -8.878012131685405706, 1.982312691401701521, 4.603674570840428082 ) ) ;
#1083 = CARTESIAN_POINT ( 'NONE',  ( 6.440463711590018292, 1.982312691401797000, -7.650708865474369347 ) ) ;
#1084 = ADVANCED_FACE ( 'NONE', ( #161 ), #5250, .F. ) ;
#1085 = B_SPLINE_CURVE_WITH_KNOTS ( 'NONE', 3,
 ( #1026, #383, #4204, #2042, #6441, #3247, #4271, #6470, #1504, #1468, #3721, #4926, #7136, #7060, #421, #5872, #5937, #952 ),
 .UNSPECIFIED., .F., .F.,
 ( 4, 2, 2, 2, 2, 2, 2, 2, 4 ),
 ( 0.000000000000000000, 0.0001297744646122112337, 0.0002595489292244224674, 0.0005190978584488484043, 0.001038195716897700061, 0.001557293575346550092, 0.001816842504570975432, 0.001946616969183189187, 0.002076391433795402724 ),
 .UNSPECIFIED. ) ;
#1086 = CARTESIAN_POINT ( 'NONE',  ( 4.462380288428918540, 2.279592747210267500, -8.840214275616599338 ) ) ;
#1087 = ORIENTED_EDGE ( 'NONE', *, *, #5550, .F. ) ;
#1088 = PLANE ( 'NONE',  #3616 ) ;
#1089 = FACE_OUTER_BOUND ( 'NONE', #3739, .T. ) ;
#1090 = CARTESIAN_POINT ( 'NONE',  ( -1.851523544721291881, 8.000000000000000000, -2.548403532281083628 ) ) ;
#1091 = AXIS2_PLACEMENT_3D ( 'NONE', #6396, #2351, #6864 ) ;
#1092 = EDGE_LOOP ( 'NONE', ( #6497, #4394, #3924, #1258 ) ) ;
#1093 = CARTESIAN_POINT ( 'NONE',  ( -6.368549229222937313, 2.500000000000000444, -7.611508121969626117 ) ) ;
#1094 = CARTESIAN_POINT ( 'NONE',  ( -4.869582161062615100, 2.500000000000000444, 8.734252662744577123 ) ) ;
#1095 = ADVANCED_FACE ( 'NONE', ( #4636 ), #2391, .T. ) ;
#1096 = CARTESIAN_POINT ( 'NONE',  ( -7.584466575834780677, 2.127336489724616087, -6.518869136509507278 ) ) ;
#1097 = ORIENTED_EDGE ( 'NONE', *, *, #6714, .F. ) ;
#1098 = DIRECTION ( 'NONE',  ( 0.000000000000000000, 0.000000000000000000, 1.000000000000000000 ) ) ;
#1099 = PLANE ( 'NONE',  #6546 ) ;
#1100 = CARTESIAN_POINT ( 'NONE',  ( -4.470479223978639283, 2.293003971270598296, -8.837551326252590655 ) ) ;
#1101 = CARTESIAN_POINT ( 'NONE',  ( 2.780286464852470107, 2.249819565270343880, -9.606051082930953555 ) ) ;
#1102 = CIRCLE ( 'NONE', #5633, 0.5000000000000004441 ) ;
#1103 = ADVANCED_FACE ( 'NONE', ( #1351 ), #5787, .T. ) ;
#1104 = ORIENTED_EDGE ( 'NONE', *, *, #878, .F. ) ;
#1105 = VERTEX_POINT ( 'NONE', #6831 ) ;
#1106 = CARTESIAN_POINT ( 'NONE',  ( 8.297540029607301193, 10.00000000000000000, 4.626103053009571475 ) ) ;
#1107 = AXIS2_PLACEMENT_3D ( 'NONE', #2881, #1889, #4118 ) ;
#1108 = SPHERICAL_SURFACE ( 'NONE', #6265, 0.5000000000000000000 ) ;
#1109 = ORIENTED_EDGE ( 'NONE', *, *, #5283, .T. ) ;
#1110 = DIRECTION ( 'NONE',  ( -0.000000000000000000, 1.000000000000000000, -0.000000000000000000 ) ) ;
#1111 = CARTESIAN_POINT ( 'NONE',  ( -8.734252662744561135, 10.00000000000000000, -4.869582161062647963 ) ) ;
#1112 = DIRECTION ( 'NONE',  ( 0.4869582161062525616, 1.689475698598605935E-15, 0.8734252662744628193 ) ) ;
#1113 = AXIS2_PLACEMENT_3D ( 'NONE', #4152, #911, #2570 ) ;
#1114 = EDGE_CURVE ( 'NONE', #2822, #5918, #6795, .T. ) ;
#1115 = ORIENTED_EDGE ( 'NONE', *, *, #2029, .F. ) ;
#1116 = ORIENTED_EDGE ( 'NONE', *, *, #37, .F. ) ;
#1117 = FACE_OUTER_BOUND ( 'NONE', #6865, .T. ) ;
#1118 = CARTESIAN_POINT ( 'NONE',  ( 8.758463274103222673, 2.249819565270342547, -4.826544448226480988 ) ) ;
#1119 = CIRCLE ( 'NONE', #3904, 0.5000000000000001110 ) ;
#1120 = CARTESIAN_POINT ( 'NONE',  ( -9.138395661352987531, 9.500000000000000000, 2.596097982851362396 ) ) ;
#1121 = ORIENTED_EDGE ( 'NONE', *, *, #2819, .T. ) ;
#1122 = DIRECTION ( 'NONE',  ( 0.000000000000000000, 0.000000000000000000, 1.000000000000000000 ) ) ;
#1123 = CARTESIAN_POINT ( 'NONE',  ( -9.140544747021396077, 1.779361857681294179, 4.057814370325404596 ) ) ;
#1124 = VECTOR ( 'NONE', #6994, 1000.000000000000000 ) ;
#1125 = EDGE_CURVE ( 'NONE', #3619, #4875, #5238, .T. ) ;
#1126 = CARTESIAN_POINT ( 'NONE',  ( -9.885393354405110244, 2.500000000000000444, 0.8789046617972166020 ) ) ;
#1127 = VERTEX_POINT ( 'NONE', #272 ) ;
#1128 = CARTESIAN_POINT ( 'NONE',  ( -6.720854740644905512, 2.147145517465060660, -7.206383511017103949 ) ) ;
#1129 = CARTESIAN_POINT ( 'NONE',  ( -1.098630827246567687, 2.500000000000000000, 9.436260398347616984 ) ) ;
#1130 = VERTEX_POINT ( 'NONE', #6759 ) ;
#1131 = CARTESIAN_POINT ( 'NONE',  ( 1.098630827246566799, 10.00000000000000000, -9.436260398347616984 ) ) ;
#1132 = CIRCLE ( 'NONE', #219, 10.00000000000000000 ) ;
#1133 = VERTEX_POINT ( 'NONE', #3610 ) ;
#1134 = CARTESIAN_POINT ( 'NONE',  ( -4.626103053009483546, 9.500000000000000000, 8.297540029607350931 ) ) ;
#1135 = CARTESIAN_POINT ( 'NONE',  ( -4.626103053009429367, 9.500000000000000000, -8.297540029607377576 ) ) ;
#1136 = ADVANCED_FACE ( 'NONE', ( #6211 ), #5354, .T. ) ;
#1137 = DIRECTION ( 'NONE',  ( 0.000000000000000000, -1.000000000000000000, 0.000000000000000000 ) ) ;
#1138 = CARTESIAN_POINT ( 'NONE',  ( 4.058000729357116754, 1.779448407880940497, -9.140450790375654222 ) ) ;
#1139 = CIRCLE ( 'NONE', #2884, 2.000000000000000000 ) ;
#1140 = ORIENTED_EDGE ( 'NONE', *, *, #5096, .T. ) ;
#1141 = ORIENTED_EDGE ( 'NONE', *, *, #2715, .T. ) ;
#1142 = CARTESIAN_POINT ( 'NONE',  ( -4.594978287205981005, 2.500000000000000444, -8.796570338259748212 ) ) ;
#1143 = DIRECTION ( 'NONE',  ( 0.000000000000000000, 0.000000000000000000, 1.000000000000000000 ) ) ;
#1144 = FACE_OUTER_BOUND ( 'NONE', #4179, .T. ) ;
#1145 = ORIENTED_EDGE ( 'NONE', *, *, #3987, .F. ) ;
#1146 = ADVANCED_FACE ( 'NONE', ( #5961 ), #4885, .T. ) ;
#1147 = CARTESIAN_POINT ( 'NONE',  ( 9.932905682471163900, 2.500000000000000000, 1.156453502364910735 ) ) ;
#1148 = EDGE_CURVE ( 'NONE', #65, #5986, #2090, .T. ) ;
#1149 = VECTOR ( 'NONE', #2395, 1000.000000000000114 ) ;
#1150 = DIRECTION ( 'NONE',  ( -0.4869582161062742665, -0.000000000000000000, 0.8734252662744508289 ) ) ;
#1151 = ORIENTED_EDGE ( 'NONE', *, *, #1037, .F. ) ;
#1152 = CARTESIAN_POINT ( 'NONE',  ( -7.449293024680316400, 9.500000000000000000, 5.895594408747025561 ) ) ;
#1153 = ORIENTED_EDGE ( 'NONE', *, *, #70, .F. ) ;
#1154 = CARTESIAN_POINT ( 'NONE',  ( -9.401861085319795919, 2.024215165943836325, 3.408834636278210706 ) ) ;
#1155 = DIRECTION ( 'NONE',  ( 0.6472324890273781772, 0.000000000000000000, 0.7622926637108773384 ) ) ;
#1156 = CARTESIAN_POINT ( 'NONE',  ( -1.539607852037001538E-13, 1.768578062440346432, -10.00000000000000000 ) ) ;
#1157 = ORIENTED_EDGE ( 'NONE', *, *, #6108, .F. ) ;
#1158 = DIRECTION ( 'NONE',  ( 0.000000000000000000, 0.000000000000000000, 1.000000000000000000 ) ) ;
#1159 = CARTESIAN_POINT ( 'NONE',  ( -9.190461521628838781, 1.768638744481566327, 3.943489008538272333 ) ) ;
#1160 = AXIS2_PLACEMENT_3D ( 'NONE', #4071, #6939, #3640 ) ;
#1161 = CARTESIAN_POINT ( 'NONE',  ( 6.888520213642508772, 1.779849606445546462, 7.250099490762372589 ) ) ;
#1162 = CARTESIAN_POINT ( 'NONE',  ( -6.432881416101461802, 2.314916786199594956, -7.536785282756087945 ) ) ;
#1163 = DIRECTION ( 'NONE',  ( -1.000000000000000000, 0.000000000000000000, 0.000000000000000000 ) ) ;
#1164 = VERTEX_POINT ( 'NONE', #6981 ) ;
#1165 = CARTESIAN_POINT ( 'NONE',  ( -7.725627693846806920, 2.322848788353863991, -6.351233556578127271 ) ) ;
#1166 = AXIS2_PLACEMENT_3D ( 'NONE', #1248, #5118, #3361 ) ;
#1167 = VERTEX_POINT ( 'NONE', #7088 ) ;
#1168 = CARTESIAN_POINT ( 'NONE',  ( 8.260368511126804592, 10.00000000000000000, -8.260368511126660707 ) ) ;
#1169 = ADVANCED_FACE ( 'NONE', ( #876 ), #2644, .T. ) ;
#1170 = CARTESIAN_POINT ( 'NONE',  ( -9.884231957283112990, 2.414533010808960878, -0.8630375061403782189 ) ) ;
#1171 = CARTESIAN_POINT ( 'NONE',  ( 4.391979800034258474, 1.863989508453879784, -8.984615682879201870 ) ) ;
#1172 = VECTOR ( 'NONE', #5225, 1000.000000000000114 ) ;
#1173 = ORIENTED_EDGE ( 'NONE', *, *, #3320, .T. ) ;
#1174 = ORIENTED_EDGE ( 'NONE', *, *, #2499, .T. ) ;
#1175 = EDGE_CURVE ( 'NONE', #4450, #5168, #4658, .T. ) ;
#1176 = CARTESIAN_POINT ( 'NONE',  ( -1.098630827246567021, 9.500000000000000000, 9.436260398347616984 ) ) ;
#1177 = CARTESIAN_POINT ( 'NONE',  ( -0.7802833614000859175, 2.314660967463562979, -9.878023738053542502 ) ) ;
#1178 = VERTEX_POINT ( 'NONE', #3169 ) ;
#1179 = FACE_OUTER_BOUND ( 'NONE', #3310, .T. ) ;
#1180 = CARTESIAN_POINT ( 'NONE',  ( -9.138395661352967991, 9.500000000000000000, -2.596097982851431230 ) ) ;
#1181 = CARTESIAN_POINT ( 'NONE',  ( 1.156453502364807928, 2.500000000000000000, -9.932905682471176334 ) ) ;
#1182 = ORIENTED_EDGE ( 'NONE', *, *, #4910, .T. ) ;
#1183 = ADVANCED_FACE ( 'NONE', ( #4331 ), #6727, .F. ) ;
#1184 = CARTESIAN_POINT ( 'NONE',  ( 1.098630827246564134, 2.500000000000000444, 9.936260398347616984 ) ) ;
#1185 = EDGE_CURVE ( 'NONE', #2085, #475, #343, .T. ) ;
#1186 = CIRCLE ( 'NONE', #1430, 0.5000000000000001110 ) ;
#1187 = ORIENTED_EDGE ( 'NONE', *, *, #2062, .T. ) ;
#1188 = CARTESIAN_POINT ( 'NONE',  ( 0.000000000000000000, 9.500000000000000000, 0.000000000000000000 ) ) ;
#1189 = CARTESIAN_POINT ( 'NONE',  ( 8.734252662744630413, 2.371852820628066016, -4.869582161062527170 ) ) ;
#1190 = EDGE_CURVE ( 'NONE', #3944, #1913, #705, .T. ) ;
#1191 = CARTESIAN_POINT ( 'NONE',  ( 4.869582161062680825, 2.500000000000000888, -8.734252662744541595 ) ) ;
#1192 = EDGE_LOOP ( 'NONE', ( #1121, #2796, #5098 ) ) ;
#1193 = CARTESIAN_POINT ( 'NONE',  ( 0.5057205400017315000, 1.829075679051490155, -9.987987790097394125 ) ) ;
#1194 = VECTOR ( 'NONE', #2129, 1000.000000000000114 ) ;
#1195 = CARTESIAN_POINT ( 'NONE',  ( -2.780286464852405715, 2.249819565270344324, 9.606051082930969542 ) ) ;
#1196 = CARTESIAN_POINT ( 'NONE',  ( -3.787546339441111076, 2.130118263026635539, -9.081194165735075430 ) ) ;
#1197 = VECTOR ( 'NONE', #6557, 1000.000000000000000 ) ;
#1198 = CARTESIAN_POINT ( 'NONE',  ( -2.504813822048898242, 0.000000000000000000, 1.276266388579324840 ) ) ;
#1199 = CARTESIAN_POINT ( 'NONE',  ( -1.276266388579325284, 0.000000000000000000, -2.504813822048897354 ) ) ;
#1200 = ORIENTED_EDGE ( 'NONE', *, *, #4164, .F. ) ;
#1201 = CARTESIAN_POINT ( 'NONE',  ( -6.886989335206983753, 2.134257748930234122, -7.030215759954852928 ) ) ;
#1202 = ORIENTED_EDGE ( 'NONE', *, *, #749, .F. ) ;
#1203 = DIRECTION ( 'NONE',  ( -0.2362740077746010581, 0.000000000000000000, -0.9716864685947456115 ) ) ;
#1204 = CARTESIAN_POINT ( 'NONE',  ( -9.848044610950887900, 2.147145517465060660, -0.3433206859913316977 ) ) ;
#1205 = AXIS2_PLACEMENT_3D ( 'NONE', #5382, #4809, #2060 ) ;
#1206 = FACE_OUTER_BOUND ( 'NONE', #2511, .T. ) ;
#1207 = TOROIDAL_SURFACE ( 'NONE', #4469, 9.500000000000000000, 0.5000000000000000000 ) ;
#1208 = ORIENTED_EDGE ( 'NONE', *, *, #79, .T. ) ;
#1209 = CYLINDRICAL_SURFACE ( 'NONE', #579, 0.5000000000000004441 ) ;
#1210 = ORIENTED_EDGE ( 'NONE', *, *, #1215, .F. ) ;
#1211 = DIRECTION ( 'NONE',  ( -0.9932905682471177000, 6.461566752017310990E-15, 0.1156453502364806901 ) ) ;
#1212 = LINE ( 'NONE', #4970, #2428 ) ;
#1213 = ORIENTED_EDGE ( 'NONE', *, *, #5725, .F. ) ;
#1214 = CARTESIAN_POINT ( 'NONE',  ( -7.750301822741153757, 2.500000000000000444, 6.320945456729134548 ) ) ;
#1215 = EDGE_CURVE ( 'NONE', #263, #2010, #4061, .T. ) ;
#1216 = CARTESIAN_POINT ( 'NONE',  ( 2.970974231079432482, 10.00001200000000168, 9.469254843656262466 ) ) ;
#1217 = DIRECTION ( 'NONE',  ( 0.4869582161062485093, 0.000000000000000000, 0.8734252662744651508 ) ) ;
#1218 = CIRCLE ( 'NONE', #535, 0.4999999999999995559 ) ;
#1219 = ORIENTED_EDGE ( 'NONE', *, *, #5312, .T. ) ;
#1220 = CARTESIAN_POINT ( 'NONE',  ( -11.68192517863507618, 10.00000000000000000, -4.083818128530453922E-14 ) ) ;
#1221 = EDGE_CURVE ( 'NONE', #3944, #3078, #1851, .T. ) ;
#1222 = ORIENTED_EDGE ( 'NONE', *, *, #404, .T. ) ;
#1223 = CARTESIAN_POINT ( 'NONE',  ( 7.841361078610904478, 2.372020242595190620, -6.205888851312602483 ) ) ;
#1224 = DIRECTION ( 'NONE',  ( 0.000000000000000000, 0.000000000000000000, 1.000000000000000000 ) ) ;
#1225 = CIRCLE ( 'NONE', #4739, 2.500000000000000444 ) ;
#1226 = EDGE_LOOP ( 'NONE', ( #1789, #3111, #2488, #1837 ) ) ;
#1227 = CARTESIAN_POINT ( 'NONE',  ( -1.010707506679200174, 2.410376625841636145, -9.949874378253301899 ) ) ;
#1228 = CARTESIAN_POINT ( 'NONE',  ( 8.817164848740100425, 2.343771222574625224, 4.532526391864207582 ) ) ;
#1229 = CARTESIAN_POINT ( 'NONE',  ( 5.095752233843723986E-17, 9.500000000000000000, -11.68192517863507618 ) ) ;
#1230 = EDGE_CURVE ( 'NONE', #3841, #3720, #3726, .T. ) ;
#1231 = TOROIDAL_SURFACE ( 'NONE', #4370, 3.499999999999999556, 4.000000000000000000 ) ;
#1232 = DIRECTION ( 'NONE',  ( -1.856204616801375390E-16, -1.000000000000000000, 1.594314457810250763E-15 ) ) ;
#1233 = DIRECTION ( 'NONE',  ( -0.7841361078610907809, 0.000000000000000000, 0.6205888851312597598 ) ) ;
#1234 = CARTESIAN_POINT ( 'NONE',  ( -6.459614026961986610, 2.279592747210321235, -7.505705356597054845 ) ) ;
#1235 = VERTEX_POINT ( 'NONE', #2609 ) ;
#1236 = CARTESIAN_POINT ( 'NONE',  ( 4.594978287206101797, 9.500000000000000000, -8.796570338259684263 ) ) ;
#1237 = AXIS2_PLACEMENT_3D ( 'NONE', #5348, #2189, #4428 ) ;
#1238 = B_SPLINE_CURVE_WITH_KNOTS ( 'NONE', 3,
 ( #5773, #4584, #4659, #3443, #6781, #5626, #6312, #2863, #6237, #4142 ),
 .UNSPECIFIED., .F., .F.,
 ( 4, 2, 2, 2, 4 ),
 ( 0.001507228720538739998, 0.001883526078368155231, 0.002259823436197570465, 0.002636120794026985698, 0.003012418151856400932 ),
 .UNSPECIFIED. ) ;
#1239 = DIRECTION ( 'NONE',  ( 0.000000000000000000, 0.000000000000000000, 1.000000000000000000 ) ) ;
#1240 = CARTESIAN_POINT ( 'NONE',  ( 4.687283918649786330, 2.051189550670913242, -8.833773591331228303 ) ) ;
#1241 =( BOUNDED_SURFACE ( )  B_SPLINE_SURFACE ( 3, 2, ( 
 ( #904, #5344, #2454 ),
 ( #6854, #4181, #6819 ),
 ( #2417, #227, #4218 ),
 ( #4660, #6934, #865 ),
 ( #1340, #5736, #1302 ),
 ( #3559, #331, #5306 ),
 ( #1957, #5774, #795 ),
 ( #6973, #1839, #1994 ),
 ( #1916, #3013, #6353 ),
 ( #2378, #1380, #3597 ),
 ( #1452, #6389, #4625 ),
 ( #5813, #1416, #4063 ),
 ( #2528, #5851, #6277 ),
 ( #3521, #368, #2566 ),
 ( #2026, #4252, #4807 ),
 ( #7005, #5868, #4160 ),
 ( #3071, #6370, #5256 ),
 ( #1394, #242, #6914 ) ),
 .UNSPECIFIED., .F., .F., .T. ) 
 B_SPLINE_SURFACE_WITH_KNOTS ( ( 4, 2, 2, 2, 2, 2, 2, 2, 4 ),
 ( 3, 3 ),
 ( 4.065758146820641628E-19, 0.0003645422052340793859, 0.0007290844104681583381, 0.001093626615702237345, 0.001458168820936316242, 0.001822711026170395140, 0.002187253231404474255, 0.002551795436638553370, 0.002916337641872632051 ),
 ( 0.000000000000000000, 1.000000000000000000 ),
 .UNSPECIFIED. ) 
 GEOMETRIC_REPRESENTATION_ITEM ( )  RATIONAL_B_SPLINE_SURFACE ( (
 ( 1.000000000000000000, 0.9595359398070242296, 1.000000000000000000),
 ( 1.000000000000000000, 0.9595833763010124251, 1.000000000000000000),
 ( 1.000000000000000000, 0.9570685609626805590, 1.000000000000000000),
 ( 1.000000000000000000, 0.9488880332095299686, 1.000000000000000000),
 ( 1.000000000000000000, 0.9432547151588548395, 1.000000000000000000),
 ( 1.000000000000000000, 0.9321826025349284617, 1.000000000000000000),
 ( 1.000000000000000000, 0.9268523530654629861, 1.000000000000000000),
 ( 1.000000000000000000, 0.9192073681285423126, 1.000000000000000000),
 ( 1.000000000000000000, 0.9170514797510966876, 1.000000000000000000),
 ( 1.000000000000000000, 0.9170288608893719662, 1.000000000000000000),
 ( 1.000000000000000000, 0.9192260099103766180, 1.000000000000000000),
 ( 1.000000000000000000, 0.9267996068665984577, 1.000000000000000000),
 ( 1.000000000000000000, 0.9321812854750018973, 1.000000000000000000),
 ( 1.000000000000000000, 0.9432160661325493800, 1.000000000000000000),
 ( 1.000000000000000000, 0.9488445939139658059, 1.000000000000000000),
 ( 1.000000000000000000, 0.9570263305979385127, 1.000000000000000000),
 ( 1.000000000000000000, 0.9595878455022833764, 1.000000000000000000),
 ( 1.000000000000000000, 0.9595359398070243406, 1.000000000000000000) ) ) 
 REPRESENTATION_ITEM ( '' )  SURFACE ( )  );
#1242 = CIRCLE ( 'NONE', #6227, 2.000000000000000000 ) ;
#1243 = VERTEX_POINT ( 'NONE', #5862 ) ;
#1244 = ORIENTED_EDGE ( 'NONE', *, *, #2188, .F. ) ;
#1245 = CARTESIAN_POINT ( 'NONE',  ( -3.932605539365129133, 1.986052934431282724, -9.194972181005478973 ) ) ;
#1246 = ORIENTED_EDGE ( 'NONE', *, *, #901, .T. ) ;
#1247 = CARTESIAN_POINT ( 'NONE',  ( 9.421228362309031823, 1.829075679051594738, -3.355012593856866676 ) ) ;
#1248 = CARTESIAN_POINT ( 'NONE',  ( 0.000000000000000000, 0.000000000000000000, 0.000000000000000000 ) ) ;
#1249 = DIRECTION ( 'NONE',  ( 0.000000000000000000, -0.000000000000000000, 1.000000000000000000 ) ) ;
#1250 = ORIENTED_EDGE ( 'NONE', *, *, #2424, .T. ) ;
#1251 = CARTESIAN_POINT ( 'NONE',  ( -7.420172320006854783, 1.829075679051608505, 6.704975473565759181 ) ) ;
#1252 = CIRCLE ( 'NONE', #6122, 0.5000000000000002220 ) ;
#1253 = CARTESIAN_POINT ( 'NONE',  ( 0.4983481647250191382, 1.827222682248296870, -9.988334991364576254 ) ) ;
#1254 = ORIENTED_EDGE ( 'NONE', *, *, #1647, .F. ) ;
#1255 = CYLINDRICAL_SURFACE ( 'NONE', #2114, 0.5000000000000000000 ) ;
#1256 = ADVANCED_FACE ( 'NONE', ( #3712 ), #5896, .T. ) ;
#1257 = CARTESIAN_POINT ( 'NONE',  ( 9.998077438046035326, 1.992695579455369570, -0.2270269566657992233 ) ) ;
#1258 = ORIENTED_EDGE ( 'NONE', *, *, #6987, .F. ) ;
#1259 = CIRCLE ( 'NONE', #2534, 0.4999999999999996669 ) ;
#1260 = ORIENTED_EDGE ( 'NONE', *, *, #2099, .F. ) ;
#1261 = CARTESIAN_POINT ( 'NONE',  ( 9.579266327989058638, 2.500000000000000888, 2.873880030200377966 ) ) ;
#1262 = CARTESIAN_POINT ( 'NONE',  ( 9.863965706758314411, 2.212953969771217277, 0.5925133766643534416 ) ) ;
#1263 = CARTESIAN_POINT ( 'NONE',  ( 0.8129670326369515809, 2.343452233630472392, 9.880493916138886945 ) ) ;
#1264 = CIRCLE ( 'NONE', #4649, 0.5000000000000000000 ) ;
#1265 = ORIENTED_EDGE ( 'NONE', *, *, #4444, .T. ) ;
#1266 = CARTESIAN_POINT ( 'NONE',  ( 0.1012763761842810500, 2.134257748930265208, -9.840950097952873676 ) ) ;
#1267 = EDGE_CURVE ( 'NONE', #2757, #4972, #4564, .T. ) ;
#1268 = CARTESIAN_POINT ( 'NONE',  ( -2.732734718790946093, 2.500000000000000444, 9.619363854055764662 ) ) ;
#1269 = CARTESIAN_POINT ( 'NONE',  ( -0.1814307967061928317, 8.000000000000000000, -2.394357833393303991 ) ) ;
#1270 = CARTESIAN_POINT ( 'NONE',  ( -7.561418751232896085, 2.343452233630471948, -6.411709747915579349 ) ) ;
#1271 = DIRECTION ( 'NONE',  ( -0.000000000000000000, -1.000000000000000000, -0.000000000000000000 ) ) ;
#1272 = DIRECTION ( 'NONE',  ( 0.000000000000000000, 0.000000000000000000, 1.000000000000000000 ) ) ;
#1273 = EDGE_LOOP ( 'NONE', ( #398, #6678 ) ) ;
#1274 = CARTESIAN_POINT ( 'NONE',  ( 0.5673463196692631882, 8.000000000000000000, -2.333234819276247318 ) ) ;
#1275 = EDGE_CURVE ( 'NONE', #2429, #2956, #4198, .T. ) ;
#1276 = ADVANCED_FACE ( 'NONE', ( #4366 ), #2318, .T. ) ;
#1277 = AXIS2_PLACEMENT_3D ( 'NONE', #983, #2004, #7015 ) ;
#1278 = CARTESIAN_POINT ( 'NONE',  ( 9.436260398347627643, 2.500000000000000444, -1.098630827246465103 ) ) ;
#1279 = DIRECTION ( 'NONE',  ( 0.000000000000000000, 0.000000000000000000, 1.000000000000000000 ) ) ;
#1280 = CARTESIAN_POINT ( 'NONE',  ( -2.333234819276243766, 8.000000000000000000, 0.5673463196692546395 ) ) ;
#1281 = AXIS2_PLACEMENT_3D ( 'NONE', #1778, #6866, #1813 ) ;
#1282 = ORIENTED_EDGE ( 'NONE', *, *, #5676, .F. ) ;
#1283 = VERTEX_POINT ( 'NONE', #3954 ) ;
#1284 = CARTESIAN_POINT ( 'NONE',  ( -2.732734718790878148, 2.500000000000001332, -9.619363854055782426 ) ) ;
#1285 = CARTESIAN_POINT ( 'NONE',  ( 8.829327179896910849, 2.059838893144258165, -4.695612462786695751 ) ) ;
#1286 = CIRCLE ( 'NONE', #3615, 10.00000000000000000 ) ;
#1287 = CARTESIAN_POINT ( 'NONE',  ( 4.869582161062490755, 2.500000000000000444, 8.734252662744646400 ) ) ;
#1288 = CARTESIAN_POINT ( 'NONE',  ( 7.841361078610904478, 10.00000000000000000, -6.205888851312604260 ) ) ;
#1289 = CARTESIAN_POINT ( 'NONE',  ( -6.508004840427670246, 2.241156341101781191, 7.449240532993976593 ) ) ;
#1290 = CARTESIAN_POINT ( 'NONE',  ( 1.098630827246567021, 9.500000000000000000, -9.436260398347616984 ) ) ;
#1291 = CARTESIAN_POINT ( 'NONE',  ( 4.626103053009366306, 9.500000000000000000, 8.297540029607414880 ) ) ;
#1292 = VERTEX_POINT ( 'NONE', #4477 ) ;
#1293 = CARTESIAN_POINT ( 'NONE',  ( 0.5073013465713100967, 1.829430187479134329, 9.987920442738133175 ) ) ;
#1294 = LINE ( 'NONE', #5233, #1763 ) ;
#1295 = CARTESIAN_POINT ( 'NONE',  ( 9.932905682471186992, 2.500000000000000444, -1.156453502364702013 ) ) ;
#1296 = AXIS2_PLACEMENT_3D ( 'NONE', #4874, #1001, #5268 ) ;
#1297 = ORIENTED_EDGE ( 'NONE', *, *, #1365, .F. ) ;
#1298 = ORIENTED_EDGE ( 'NONE', *, *, #4571, .F. ) ;
#1299 = ADVANCED_FACE ( 'NONE', ( #514 ), #4514, .T. ) ;
#1300 = EDGE_LOOP ( 'NONE', ( #632, #4448, #4016, #4242 ) ) ;
#1301 = CARTESIAN_POINT ( 'NONE',  ( 4.594978287205911727, 2.500000000000000444, 8.796570338259785515 ) ) ;
#1302 = CARTESIAN_POINT ( 'NONE',  ( -9.963963684112146169, 1.982312691401848070, 0.8557725552097998900 ) ) ;
#1303 = DIRECTION ( 'NONE',  ( 0.000000000000000000, 0.000000000000000000, 1.000000000000000000 ) ) ;
#1304 = ORIENTED_EDGE ( 'NONE', *, *, #1897, .F. ) ;
#1305 = CARTESIAN_POINT ( 'NONE',  ( -0.1144902525312929548, 1.986052934431099315, -9.999989585984112139 ) ) ;
#1306 = DIRECTION ( 'NONE',  ( -0.000000000000000000, -1.000000000000000000, -0.000000000000000000 ) ) ;
#1307 = PLANE ( 'NONE',  #3608 ) ;
#1308 = ADVANCED_FACE ( 'NONE', ( #6093 ), #6711, .T. ) ;
#1309 = CARTESIAN_POINT ( 'NONE',  ( -1.987831504145221917, 8.000000000000000000, 1.987831504145224581 ) ) ;
#1310 = CARTESIAN_POINT ( 'NONE',  ( 8.827500525282490074, 2.314666110110168429, -4.501049684337750989 ) ) ;
#1311 = AXIS2_PLACEMENT_3D ( 'NONE', #4096, #4653, #3005 ) ;
#1312 = CARTESIAN_POINT ( 'NONE',  ( 7.611508121969512430, 2.500000000000000444, 6.368549229223070540 ) ) ;
#1313 = VERTEX_POINT ( 'NONE', #2797 ) ;
#1314 = CARTESIAN_POINT ( 'NONE',  ( 1.554148821017837800, 8.000000000000000000, -1.830433831214387297 ) ) ;
#1315 = DIRECTION ( 'NONE',  ( 0.000000000000000000, 0.000000000000000000, 1.000000000000000000 ) ) ;
#1316 = CARTESIAN_POINT ( 'NONE',  ( 9.932905682471186992, 2.371852820628066461, -1.156453502364701569 ) ) ;
#1317 = AXIS2_PLACEMENT_3D ( 'NONE', #253, #6307, #6844 ) ;
#1318 = CARTESIAN_POINT ( 'NONE',  ( 3.041310807231395241, 2.332781844050725528, -9.433784807741472989 ) ) ;
#1319 = EDGE_CURVE ( 'NONE', #4999, #2211, #1626, .T. ) ;
#1320 = DIRECTION ( 'NONE',  ( 0.000000000000000000, 1.000000000000000000, -0.000000000000000000 ) ) ;
#1321 = ORIENTED_EDGE ( 'NONE', *, *, #5978, .F. ) ;
#1322 = ORIENTED_EDGE ( 'NONE', *, *, #5759, .T. ) ;
#1323 = CARTESIAN_POINT ( 'NONE',  ( -2.732734760822057574, 2.376055744299665040, -9.619363842115276952 ) ) ;
#1324 = VECTOR ( 'NONE', #5212, 1000.000000000000000 ) ;
#1325 = CARTESIAN_POINT ( 'NONE',  ( 9.015827962026211395, 2.139858412045601899, -3.955849480317289224 ) ) ;
#1326 = CARTESIAN_POINT ( 'NONE',  ( 7.449293024680234687, 9.500000000000000000, 5.895594408747129478 ) ) ;
#1327 = ORIENTED_EDGE ( 'NONE', *, *, #4969, .T. ) ;
#1328 = CARTESIAN_POINT ( 'NONE',  ( -9.436260398347620537, 9.500000000000000000, 1.098630827246533714 ) ) ;
#1329 = EDGE_CURVE ( 'NONE', #38, #890, #2685, .T. ) ;
#1330 = B_SPLINE_CURVE_WITH_KNOTS ( 'NONE', 3,
 ( #1093, #3311, #554, #1737, #1162, #13, #2207, #1128, #6679, #2279, #3383, #6716, #5602, #4519, #1270, #233, #871, #1845 ),
 .UNSPECIFIED., .F., .F.,
 ( 4, 2, 2, 2, 2, 2, 2, 2, 4 ),
 ( 0.000000000000000000, 0.0001297744646122133208, 0.0002595489292244266416, 0.0005190978584488556685, 0.001038195716897716758, 0.001557293575346578064, 0.001816842504571007742, 0.001946616969183223231, 0.002076391433795439154 ),
 .UNSPECIFIED. ) ;
#1331 = CARTESIAN_POINT ( 'NONE',  ( -1.098630827246567021, 9.500000000000000000, -9.436260398347616984 ) ) ;
#1332 = ORIENTED_EDGE ( 'NONE', *, *, #4751, .T. ) ;
#1333 = CARTESIAN_POINT ( 'NONE',  ( -0.1126389525482392601, 1.985975370094277270, 10.00001032960337710 ) ) ;
#1334 = DIRECTION ( 'NONE',  ( 0.000000000000000000, 1.000000000000000000, 0.000000000000000000 ) ) ;
#1335 = VECTOR ( 'NONE', #4724, 1000.000000000000000 ) ;
#1336 = CARTESIAN_POINT ( 'NONE',  ( 10.00001319358364782, 1.768515498480492276, 0.1263512459988114234 ) ) ;
#1337 = VERTEX_POINT ( 'NONE', #3812 ) ;
#1338 = ORIENTED_EDGE ( 'NONE', *, *, #5810, .F. ) ;
#1339 = CARTESIAN_POINT ( 'NONE',  ( 5.095752233843723986E-17, 9.500000000000000000, -11.68192517863507618 ) ) ;
#1340 = CARTESIAN_POINT ( 'NONE',  ( -9.869262850230963835, 2.241156341101827376, 0.6655541409083821636 ) ) ;
#1341 = CARTESIAN_POINT ( 'NONE',  ( -5.895594408746998916, 9.500000000000000000, -7.449293024680337716 ) ) ;
#1342 = ORIENTED_EDGE ( 'NONE', *, *, #4527, .F. ) ;
#1343 = CARTESIAN_POINT ( 'NONE',  ( 0.8789046367422000960, 2.438027874578144960, -9.885393342147601459 ) ) ;
#1344 = DIRECTION ( 'NONE',  ( -0.8734252662744614870, -6.060605255670402941E-15, 0.4869582161062553372 ) ) ;
#1345 = ADVANCED_FACE ( 'NONE', ( #6567 ), #1088, .T. ) ;
#1346 = DIRECTION ( 'NONE',  ( 0.000000000000000000, 1.000000000000000000, 0.000000000000000000 ) ) ;
#1347 = CARTESIAN_POINT ( 'NONE',  ( 11.68192517863507618, 10.00000000000000000, 1.224126288112367485E-13 ) ) ;
#1348 = CARTESIAN_POINT ( 'NONE',  ( 9.424838803981963054, 2.314916786199595400, -3.059004614404524869 ) ) ;
#1349 = CARTESIAN_POINT ( 'NONE',  ( 0.000000000000000000, 9.500000000000000000, 7.543744331762958666 ) ) ;
#1350 = ORIENTED_EDGE ( 'NONE', *, *, #3055, .T. ) ;
#1351 = FACE_OUTER_BOUND ( 'NONE', #5853, .T. ) ;
#1352 = CARTESIAN_POINT ( 'NONE',  ( -7.841361078610860957, 10.00000000000000000, 6.205888851312659327 ) ) ;
#1353 = EDGE_CURVE ( 'NONE', #2211, #673, #6166, .T. ) ;
#1354 = AXIS2_PLACEMENT_3D ( 'NONE', #4557, #1774, #2388 ) ;
#1355 = LINE ( 'NONE', #4159, #3463 ) ;
#1356 = CARTESIAN_POINT ( 'NONE',  ( -9.469254843656234044, 10.00001200000000168, 2.970974231079531513 ) ) ;
#1357 = DIRECTION ( 'NONE',  ( 0.000000000000000000, 1.000000000000000000, 0.000000000000000000 ) ) ;
#1358 = FACE_OUTER_BOUND ( 'NONE', #6336, .T. ) ;
#1359 = VERTEX_POINT ( 'NONE', #6 ) ;
#1360 = B_SPLINE_CURVE_WITH_KNOTS ( 'NONE', 3,
 ( #4627, #4105, #4661, #6239, #149, #5665, #6202, #2343, #4700, #6896, #3560, #228, #6784, #1804, #1263, #298, #1766, #6855 ),
 .UNSPECIFIED., .F., .F.,
 ( 4, 2, 2, 2, 2, 2, 2, 2, 4 ),
 ( 0.000000000000000000, 0.0001297744646122137274, 0.0002595489292244274548, 0.0005190978584488557769, 0.001038195716897711987, 0.001557293575346567873, 0.001816842504570996032, 0.001946616969183210220, 0.002076391433795424842 ),
 .UNSPECIFIED. ) ;
#1361 = CIRCLE ( 'NONE', #5998, 2.000000000000000000 ) ;
#1362 = EDGE_LOOP ( 'NONE', ( #1322, #5682, #1061, #1173 ) ) ;
#1363 = CARTESIAN_POINT ( 'NONE',  ( 9.057951044157066534, 2.024441704241285667, -4.238971915911068145 ) ) ;
#1364 = LINE ( 'NONE', #6804, #1172 ) ;
#1365 = EDGE_CURVE ( 'NONE', #6780, #2429, #3238, .T. ) ;
#1366 = CARTESIAN_POINT ( 'NONE',  ( 1.276266388579325062, 8.000000000000000000, 2.504813822048898242 ) ) ;
#1367 = DIRECTION ( 'NONE',  ( 0.000000000000000000, 1.000000000000000000, 0.000000000000000000 ) ) ;
#1368 = VECTOR ( 'NONE', #662, 1000.000000000000000 ) ;
#1369 = CARTESIAN_POINT ( 'NONE',  ( -1.098630827246566799, 2.500000000000000000, 9.936260398347616984 ) ) ;
#1370 = CARTESIAN_POINT ( 'NONE',  ( 6.368549229222884911, 2.500000000000000444, 7.611508121969668750 ) ) ;
#1371 = CARTESIAN_POINT ( 'NONE',  ( -0.2556751587878136611, 1.779849606445677246, 9.997513869602437708 ) ) ;
#1372 = CARTESIAN_POINT ( 'NONE',  ( 9.436260398347604550, 10.00000000000000000, 1.098630827246665609 ) ) ;
#1373 = ADVANCED_FACE ( 'NONE', ( #1590 ), #4791, .T. ) ;
#1374 = DIRECTION ( 'NONE',  ( -0.9249892435672760760, 0.000000000000000000, -0.3799932884734130156 ) ) ;
#1375 = ADVANCED_FACE ( 'NONE', ( #5060 ), #2275, .F. ) ;
#1376 = ORIENTED_EDGE ( 'NONE', *, *, #6225, .T. ) ;
#1377 = AXIS2_PLACEMENT_3D ( 'NONE', #3427, #1137, #93 ) ;
#1378 = ORIENTED_EDGE ( 'NONE', *, *, #5819, .F. ) ;
#1379 = CARTESIAN_POINT ( 'NONE',  ( 8.734252684021669211, 2.376055744299600647, 4.869582122899283938 ) ) ;
#1380 = CARTESIAN_POINT ( 'NONE',  ( -10.00001032960327585, 1.985975370094251291, -0.1126389525482742182 ) ) ;
#1381 = DIRECTION ( 'NONE',  ( 0.9249892435672766311, 0.000000000000000000, 0.3799932884734116278 ) ) ;
#1382 = ORIENTED_EDGE ( 'NONE', *, *, #4012, .T. ) ;
#1383 = CARTESIAN_POINT ( 'NONE',  ( -9.436260398347613432, 10.00000000000000000, -1.098630827246600772 ) ) ;
#1384 = LINE ( 'NONE', #1420, #935 ) ;
#1385 = CIRCLE ( 'NONE', #459, 0.5000000000000004441 ) ;
#1386 = DIRECTION ( 'NONE',  ( -0.000000000000000000, -1.000000000000000000, -0.000000000000000000 ) ) ;
#1387 = FACE_OUTER_BOUND ( 'NONE', #4425, .T. ) ;
#1388 = DIRECTION ( 'NONE',  ( 0.000000000000000000, -1.000000000000000000, 0.000000000000000000 ) ) ;
#1389 = EDGE_LOOP ( 'NONE', ( #105, #4957, #4470, #4594 ) ) ;
#1390 = DIRECTION ( 'NONE',  ( -0.7622926637108775605, 0.000000000000000000, -0.6472324890273779552 ) ) ;
#1391 = CARTESIAN_POINT ( 'NONE',  ( 8.734252662744630413, 2.500000000000000444, -4.869582161062521841 ) ) ;
#1392 = CARTESIAN_POINT ( 'NONE',  ( 9.938803551105735323, 2.249819565270343436, -1.107426840495020937 ) ) ;
#1393 = CARTESIAN_POINT ( 'NONE',  ( 0.000000000000000000, 9.500000000000000000, 0.000000000000000000 ) ) ;
#1394 = CARTESIAN_POINT ( 'NONE',  ( -9.885393354405104915, 2.500000000000001332, -0.8789046617972864350 ) ) ;
#1395 = EDGE_CURVE ( 'NONE', #6311, #475, #4989, .T. ) ;
#1396 = ORIENTED_EDGE ( 'NONE', *, *, #3478, .T. ) ;
#1397 = DIRECTION ( 'NONE',  ( 0.000000000000000000, 1.000000000000000000, 0.000000000000000000 ) ) ;
#1398 = CARTESIAN_POINT ( 'NONE',  ( 9.033499448847551960, 1.829430187479030412, -4.290897008128984780 ) ) ;
#1399 = CARTESIAN_POINT ( 'NONE',  ( 4.594978232283836839, 2.438513403071531638, 8.796570334834267868 ) ) ;
#1400 = CIRCLE ( 'NONE', #5351, 0.5000000000000004441 ) ;
#1401 = VERTEX_POINT ( 'NONE', #586 ) ;
#1402 = CARTESIAN_POINT ( 'NONE',  ( -2.221104420305847427, 8.000000000000000000, 0.9124482025973577048 ) ) ;
#1403 = CARTESIAN_POINT ( 'NONE',  ( 1.098630827246567909, 9.500000000000000000, -9.436260398347616984 ) ) ;
#1404 = ADVANCED_FACE ( 'NONE', ( #3882 ), #5027, .T. ) ;
#1405 = DIRECTION ( 'NONE',  ( -0.000000000000000000, 1.000000000000000000, 0.000000000000000000 ) ) ;
#1406 = CARTESIAN_POINT ( 'NONE',  ( -9.619363854055755780, 10.00000000000000000, -2.732734718790980288 ) ) ;
#1407 = CARTESIAN_POINT ( 'NONE',  ( 0.8789046123668949884, 2.438513403071508989, 9.885393330222640884 ) ) ;
#1408 = CARTESIAN_POINT ( 'NONE',  ( -8.796570334834193261, 2.438513403071551622, 4.594978232283564168 ) ) ;
#1409 = AXIS2_PLACEMENT_3D ( 'NONE', #2166, #1052, #3378 ) ;
#1410 = CARTESIAN_POINT ( 'NONE',  ( 9.987987790097390572, 1.829075679051568315, 0.5057205400018046637 ) ) ;
#1411 = CARTESIAN_POINT ( 'NONE',  ( 9.874972037550543646, 2.279592747210287484, 0.7396982729254604205 ) ) ;
#1412 = VECTOR ( 'NONE', #4960, 1000.000000000000000 ) ;
#1413 = ADVANCED_FACE ( 'NONE', ( #3563 ), #2731, .T. ) ;
#1414 = ADVANCED_FACE ( 'NONE', ( #763 ), #6857, .T. ) ;
#1415 = CARTESIAN_POINT ( 'NONE',  ( -7.841361078610859181, 9.500000000000000000, 6.205888851312658439 ) ) ;
#1416 = CARTESIAN_POINT ( 'NONE',  ( -9.990691563217334092, 2.024215165943810568, -0.4485839205770450477 ) ) ;
#1417 = CARTESIAN_POINT ( 'NONE',  ( 9.287105483649785498, 1.768638744481566771, 3.710169844705837328 ) ) ;
#1418 = VERTEX_POINT ( 'NONE', #2420 ) ;
#1419 = PRODUCT_DEFINITION_SHAPE ( 'NONE', 'NONE',  #2758 ) ;
#1420 = CARTESIAN_POINT ( 'NONE',  ( -2.333234819276247318, 8.000000000000000000, -0.5673463196692614119 ) ) ;
#1421 = ADVANCED_FACE ( 'NONE', ( #1034 ), #3261, .T. ) ;
#1422 = DIRECTION ( 'NONE',  ( -1.000000000000000000, -3.469446951953611033E-15, 0.000000000000000000 ) ) ;
#1423 = DIRECTION ( 'NONE',  ( 0.000000000000000000, 0.000000000000000000, 1.000000000000000000 ) ) ;
#1424 = CARTESIAN_POINT ( 'NONE',  ( 2.596097982851268249, 10.00000000000000000, 9.138395661353012400 ) ) ;
#1425 = ORIENTED_EDGE ( 'NONE', *, *, #6582, .T. ) ;
#1426 = CARTESIAN_POINT ( 'NONE',  ( 1.098630827246563912, 2.500000000000000444, 9.436260398347616984 ) ) ;
#1427 = CARTESIAN_POINT ( 'NONE',  ( 7.079576935034976870, 2.134286657244864216, -6.837644484988220306 ) ) ;
#1428 = DIRECTION ( 'NONE',  ( 0.000000000000000000, 1.000000000000000000, 0.000000000000000000 ) ) ;
#1429 = CARTESIAN_POINT ( 'NONE',  ( 1.156453502364804375, 2.500000000000000444, 9.932905682471176334 ) ) ;
#1430 = AXIS2_PLACEMENT_3D ( 'NONE', #6558, #3333, #4977 ) ;
#1431 = FACE_OUTER_BOUND ( 'NONE', #2480, .T. ) ;
#1432 = CARTESIAN_POINT ( 'NONE',  ( -2.873880099894592810, 2.410376625841650355, 9.579266306900080963 ) ) ;
#1433 = EDGE_LOOP ( 'NONE', ( #6475, #4288, #4127, #6356, #3907, #945, #3347 ) ) ;
#1434 = ORIENTED_EDGE ( 'NONE', *, *, #2221, .F. ) ;
#1435 = CARTESIAN_POINT ( 'NONE',  ( -7.449293024680314623, 10.00000000000000000, 5.895594408747027337 ) ) ;
#1436 = DIRECTION ( 'NONE',  ( -0.000000000000000000, -1.000000000000000000, 0.000000000000000000 ) ) ;
#1437 = CARTESIAN_POINT ( 'NONE',  ( 3.861085519973199709, 2.134320569921027921, 9.052480793569294804 ) ) ;
#1438 = AXIS2_PLACEMENT_3D ( 'NONE', #4373, #4891, #3214 ) ;
#1439 = DIRECTION ( 'NONE',  ( 0.000000000000000000, -3.469446951953616950E-15, 1.000000000000000000 ) ) ;
#1440 = EDGE_CURVE ( 'NONE', #3513, #5770, #3834, .T. ) ;
#1441 = DIRECTION ( 'NONE',  ( 0.9932905682471174780, 0.000000000000000000, 0.1156453502364819669 ) ) ;
#1442 = DIRECTION ( 'NONE',  ( -0.8511160640214275874, 0.000000000000000000, -0.5249775667251631583 ) ) ;
#1443 = CARTESIAN_POINT ( 'NONE',  ( -9.424838803981941737, 2.314916786199594956, 3.059004614404593703 ) ) ;
#1444 = CARTESIAN_POINT ( 'NONE',  ( 1.110773098972580586, 2.257089604130914751, 9.938409227484191533 ) ) ;
#1445 = CARTESIAN_POINT ( 'NONE',  ( -0.1253416906952652954, 1.768578062440355092, -9.999999999999998224 ) ) ;
#1446 = DIRECTION ( 'NONE',  ( -0.8982659121149789705, 0.000000000000000000, -0.4394523308986366672 ) ) ;
#1447 = EDGE_CURVE ( 'NONE', #673, #3279, #1053, .T. ) ;
#1448 = LINE ( 'NONE', #3668, #6159 ) ;
#1449 = ORIENTED_EDGE ( 'NONE', *, *, #3940, .F. ) ;
#1450 = ORIENTED_EDGE ( 'NONE', *, *, #3000, .T. ) ;
#1451 = CARTESIAN_POINT ( 'NONE',  ( 8.805704236984210453, 2.500000000000000444, 4.741424121641925282 ) ) ;
#1452 = CARTESIAN_POINT ( 'NONE',  ( -9.843397292504334928, 2.139924804626935462, -0.2048726159298874250 ) ) ;
#1453 = CARTESIAN_POINT ( 'NONE',  ( -8.882927013875264066, 1.975531022569855244, -4.594171655381736663 ) ) ;
#1454 = ORIENTED_EDGE ( 'NONE', *, *, #6912, .F. ) ;
#1455 = EDGE_CURVE ( 'NONE', #7125, #5369, #4429, .T. ) ;
#1456 = CIRCLE ( 'NONE', #4358, 0.4999999999999995559 ) ;
#1457 = FACE_OUTER_BOUND ( 'NONE', #107, .T. ) ;
#1458 = DIRECTION ( 'NONE',  ( 8.881784197001252323E-15, 0.000000000000000000, 1.000000000000000000 ) ) ;
#1459 = CARTESIAN_POINT ( 'NONE',  ( 3.956182678658536567, 2.139924804626919919, -9.015711933060094552 ) ) ;
#1460 = AXIS2_PLACEMENT_3D ( 'NONE', #430, #327, #464 ) ;
#1461 = ORIENTED_EDGE ( 'NONE', *, *, #3434, .F. ) ;
#1462 = DIRECTION ( 'NONE',  ( 0.000000000000000000, 0.000000000000000000, 1.000000000000000000 ) ) ;
#1463 = EDGE_CURVE ( 'NONE', #1913, #3315, #534, .T. ) ;
#1464 = CARTESIAN_POINT ( 'NONE',  ( 7.750301822741066715, 2.500000000000001332, 6.320945456729241130 ) ) ;
#1465 = CARTESIAN_POINT ( 'NONE',  ( 1.276266388579325062, 0.000000000000000000, 2.504813822048898242 ) ) ;
#1466 = CARTESIAN_POINT ( 'NONE',  ( -3.407532819979088856, 2.024441704241263906, 9.402344393979136683 ) ) ;
#1467 = VERTEX_POINT ( 'NONE', #3289 ) ;
#1468 = CARTESIAN_POINT ( 'NONE',  ( -3.607854241819010710, 2.134291405717183121, 9.157360018292987291 ) ) ;
#1469 = CARTESIAN_POINT ( 'NONE',  ( 1.098630827246567243, 9.500000000000000000, 9.436260398347616984 ) ) ;
#1470 = DIRECTION ( 'NONE',  ( 0.000000000000000000, 0.000000000000000000, 1.000000000000000000 ) ) ;
#1471 = VECTOR ( 'NONE', #697, 1000.000000000000000 ) ;
#1472 = DIRECTION ( 'NONE',  ( 0.07555769727474787034, 0.000000000000000000, -0.9971414314842892423 ) ) ;
#1473 = ORIENTED_EDGE ( 'NONE', *, *, #4433, .T. ) ;
#1474 = TOROIDAL_SURFACE ( 'NONE', #6799, 1.500000000000000000, 0.5000000000000000000 ) ;
#1475 = CARTESIAN_POINT ( 'NONE',  ( -8.817277085773847389, 2.343452233630470172, 4.532184927350107806 ) ) ;
#1476 = DIRECTION ( 'NONE',  ( 0.000000000000000000, -1.000000000000000000, 0.000000000000000000 ) ) ;
#1477 = PRODUCT_RELATED_PRODUCT_CATEGORY ( 'part', '', ( #379 ) ) ;
#1478 = DIRECTION ( 'NONE',  ( -0.5249775667251619371, 0.000000000000000000, -0.8511160640214283646 ) ) ;
#1479 = CARTESIAN_POINT ( 'NONE',  ( -0.4397714266284716289, 0.000000000000000000, 2.776607510986326410 ) ) ;
#1480 = CIRCLE ( 'NONE', #5658, 0.5000000000000004441 ) ;
#1481 = CARTESIAN_POINT ( 'NONE',  ( 1.987831504145224137, 0.000000000000000000, 1.987831504145222805 ) ) ;
#1482 = ORIENTED_EDGE ( 'NONE', *, *, #316, .F. ) ;
#1483 = CARTESIAN_POINT ( 'NONE',  ( 8.734252662744529161, 2.500000000000000444, 4.869582161062705694 ) ) ;
#1484 = EDGE_CURVE ( 'NONE', #3488, #5693, #824, .T. ) ;
#1485 = DIRECTION ( 'NONE',  ( -0.3799932884734135152, 0.000000000000000000, 0.9249892435672758539 ) ) ;
#1486 = ADVANCED_BREP_SHAPE_REPRESENTATION ( 'cap_\X2\9ed88ba4\X0\', ( #1650, #5185 ), #4604 ) ;
#1487 = ORIENTED_EDGE ( 'NONE', *, *, #5659, .F. ) ;
#1488 = CIRCLE ( 'NONE', #2063, 0.4999999999999997224 ) ;
#1489 = CARTESIAN_POINT ( 'NONE',  ( 0.000000000000000000, 9.992403876506100957, 7.456920242929475862 ) ) ;
#1490 = CARTESIAN_POINT ( 'NONE',  ( 6.508004840427718207, 2.241156341101768312, -7.449240532993957054 ) ) ;
#1491 = ADVANCED_FACE ( 'NONE', ( #395 ), #7173, .T. ) ;
#1492 = CARTESIAN_POINT ( 'NONE',  ( 4.062095968912774246, 1.779849606445571553, -9.138655792787957921 ) ) ;
#1493 = VERTEX_POINT ( 'NONE', #2184 ) ;
#1494 = CARTESIAN_POINT ( 'NONE',  ( -3.593834903188206198, 1.779448407880940053, -9.332714570764927942 ) ) ;
#1495 = DIRECTION ( 'NONE',  ( 0.000000000000000000, 1.000000000000000000, 0.000000000000000000 ) ) ;
#1496 = CARTESIAN_POINT ( 'NONE',  ( -6.709852692988546252, 1.827366529454476973, 7.415746258787051737 ) ) ;
#1497 = CARTESIAN_POINT ( 'NONE',  ( -4.594978287205977452, 10.00001200000000168, -8.796570338259748212 ) ) ;
#1498 = AXIS2_PLACEMENT_3D ( 'NONE', #392, #4900, #359 ) ;
#1499 = CARTESIAN_POINT ( 'NONE',  ( -9.579266306899961947, 2.410376625841652132, -2.873880099894544404 ) ) ;
#1500 = LINE ( 'NONE', #921, #6569 ) ;
#1501 = ADVANCED_FACE ( 'NONE', ( #2088 ), #6357, .T. ) ;
#1502 = EDGE_CURVE ( 'NONE', #5161, #2064, #256, .T. ) ;
#1503 = ORIENTED_EDGE ( 'NONE', *, *, #4770, .T. ) ;
#1504 = CARTESIAN_POINT ( 'NONE',  ( -3.924022968310214132, 2.134286657244865992, 9.026396591461240959 ) ) ;
#1505 = CARTESIAN_POINT ( 'NONE',  ( 6.205888851312579391, 2.372020242595191064, 7.841361078610923130 ) ) ;
#1506 = DIRECTION ( 'NONE',  ( -0.8511160640214272544, 0.000000000000000000, -0.5249775667251637135 ) ) ;
#1507 = PLANE ( 'NONE',  #4177 ) ;
#1508 = ORIENTED_EDGE ( 'NONE', *, *, #6225, .F. ) ;
#1509 = CARTESIAN_POINT ( 'NONE',  ( -8.297540029607333167, 9.500000000000000000, -4.626103053009511967 ) ) ;
#1510 = ORIENTED_EDGE ( 'NONE', *, *, #1522, .F. ) ;
#1511 = PLANE ( 'NONE',  #1498 ) ;
#1512 = AXIS2_PLACEMENT_3D ( 'NONE', #99, #64, #3363 ) ;
#1513 = CARTESIAN_POINT ( 'NONE',  ( -9.932905682471172781, 9.500000000000000000, -1.156453502364841679 ) ) ;
#1514 = CARTESIAN_POINT ( 'NONE',  ( -1.156453502364804375, 2.500000000000000444, -9.932905682471176334 ) ) ;
#1515 = VECTOR ( 'NONE', #5000, 1000.000000000000000 ) ;
#1516 = CARTESIAN_POINT ( 'NONE',  ( 9.932905687524268501, 2.376055744299607309, 1.156453458963230263 ) ) ;
#1517 = ORIENTED_EDGE ( 'NONE', *, *, #3321, .F. ) ;
#1518 = DIRECTION ( 'NONE',  ( 4.386267836225327757E-16, 1.000000000000000000, 1.543988371350682482E-15 ) ) ;
#1519 = DIRECTION ( 'NONE',  ( 0.000000000000000000, 1.000000000000000000, 0.000000000000000000 ) ) ;
#1520 = VERTEX_POINT ( 'NONE', #5912 ) ;
#1521 = CIRCLE ( 'NONE', #2678, 0.4999999999999995559 ) ;
#1522 = EDGE_CURVE ( 'NONE', #2419, #2762, #931, .T. ) ;
#1523 = CARTESIAN_POINT ( 'NONE',  ( 6.888859623417218359, 1.779716818039784654, -7.249794653336832262 ) ) ;
#1524 = CARTESIAN_POINT ( 'NONE',  ( 2.732734801641954814, 2.377026804319470443, -9.619363830518883773 ) ) ;
#1525 = ORIENTED_EDGE ( 'NONE', *, *, #1921, .T. ) ;
#1526 = CARTESIAN_POINT ( 'NONE',  ( -3.712059723680396939, 1.768517871363070704, -9.286350259861633205 ) ) ;
#1527 = FACE_OUTER_BOUND ( 'NONE', #3765, .T. ) ;
#1528 = EDGE_CURVE ( 'NONE', #6953, #2997, #2557, .T. ) ;
#1529 = CARTESIAN_POINT ( 'NONE',  ( 7.750301776586734803, 2.410376625841651688, 6.320945513048449094 ) ) ;
#1530 = CARTESIAN_POINT ( 'NONE',  ( -9.015711933060044814, 2.139924804626986088, -3.956182678658513918 ) ) ;
#1531 = CARTESIAN_POINT ( 'NONE',  ( -4.594978259367358930, 2.438027874578115206, 8.796570336523405587 ) ) ;
#1532 = DIRECTION ( 'NONE',  ( 0.000000000000000000, 0.000000000000000000, 1.000000000000000000 ) ) ;
#1533 = VERTEX_POINT ( 'NONE', #7029 ) ;
#1534 = DIRECTION ( 'NONE',  ( 0.000000000000000000, 0.000000000000000000, -1.000000000000000000 ) ) ;
#1535 = CARTESIAN_POINT ( 'NONE',  ( 6.710920482711908441, 1.827040335878404420, 7.414766135587795404 ) ) ;
#1536 = CARTESIAN_POINT ( 'NONE',  ( -1.554148821017838911, 8.000000000000000000, -1.830433831214388185 ) ) ;
#1537 = EDGE_CURVE ( 'NONE', #4615, #3430, #6270, .T. ) ;
#1538 = CARTESIAN_POINT ( 'NONE',  ( 9.436260398347627643, 9.500000000000000000, -1.098630827246465103 ) ) ;
#1539 = EDGE_LOOP ( 'NONE', ( #509, #5091, #6077, #6604, #4778, #4006 ) ) ;
#1540 = VERTEX_POINT ( 'NONE', #1513 ) ;
#1541 = CIRCLE ( 'NONE', #6526, 9.500000000000000000 ) ;
#1542 = DIRECTION ( 'NONE',  ( 0.000000000000000000, 1.000000000000000000, 0.000000000000000000 ) ) ;
#1543 = EDGE_LOOP ( 'NONE', ( #1918, #1213, #1725, #5952 ) ) ;
#1544 = EDGE_CURVE ( 'NONE', #990, #2581, #909, .T. ) ;
#1545 = CARTESIAN_POINT ( 'NONE',  ( 9.932905682471163900, 2.500000000000000444, 1.156453502364910513 ) ) ;
#1546 = AXIS2_PLACEMENT_3D ( 'NONE', #68, #1645, #2263 ) ;
#1547 = VERTEX_POINT ( 'NONE', #1786 ) ;
#1548 = ORIENTED_EDGE ( 'NONE', *, *, #2736, .F. ) ;
#1549 = FACE_OUTER_BOUND ( 'NONE', #2674, .T. ) ;
#1550 = ORIENTED_EDGE ( 'NONE', *, *, #6286, .F. ) ;
#1551 = DIRECTION ( 'NONE',  ( -0.6617183646064827007, 0.000000000000000000, -0.7497524964563451189 ) ) ;
#1552 = AXIS2_PLACEMENT_3D ( 'NONE', #1808, #5170, #3526 ) ;
#1553 = CIRCLE ( 'NONE', #1091, 0.4999999999999995559 ) ;
#1554 = CARTESIAN_POINT ( 'NONE',  ( 7.812463274735054419, 2.255681435097403487, -6.242692900426475511 ) ) ;
#1555 = CARTESIAN_POINT ( 'NONE',  ( 3.022413074353909490, 1.982312691401769467, -9.532992089188500273 ) ) ;
#1556 = ORIENTED_EDGE ( 'NONE', *, *, #6892, .T. ) ;
#1557 = CARTESIAN_POINT ( 'NONE',  ( -0.5673463196692578592, 8.000000000000000000, -2.333234819276244210 ) ) ;
#1558 = DIRECTION ( 'NONE',  ( -0.000000000000000000, -1.000000000000000000, -0.000000000000000000 ) ) ;
#1559 = CARTESIAN_POINT ( 'NONE',  ( 7.454229574658429947, 2.048945620300651083, 6.667026640275437899 ) ) ;
#1560 = DIRECTION ( 'NONE',  ( 0.000000000000000000, -1.734723475976805517E-15, 1.000000000000000000 ) ) ;
#1561 = CARTESIAN_POINT ( 'NONE',  ( -9.529230687413255296, 2.181508697813394626, -3.035051535613015439 ) ) ;
#1562 = DIRECTION ( 'NONE',  ( 0.000000000000000000, 0.000000000000000000, 1.000000000000000000 ) ) ;
#1563 = VECTOR ( 'NONE', #422, 1000.000000000000000 ) ;
#1564 = DIRECTION ( 'NONE',  ( 0.000000000000000000, 1.000000000000000000, 0.000000000000000000 ) ) ;
#1565 = ORIENTED_EDGE ( 'NONE', *, *, #4478, .T. ) ;
#1566 = ADVANCED_FACE ( 'NONE', ( #4532 ), #639, .T. ) ;
#1567 = CARTESIAN_POINT ( 'NONE',  ( 6.983228393756070851, 1.768517871363072036, 7.158925180614853723 ) ) ;
#1568 = CYLINDRICAL_SURFACE ( 'NONE', #4552, 0.4999999999999995559 ) ;
#1569 = CIRCLE ( 'NONE', #2034, 0.5000000000000000000 ) ;
#1570 = VERTEX_POINT ( 'NONE', #98 ) ;
#1571 = CARTESIAN_POINT ( 'NONE',  ( 2.656295322589485863E-15, 0.000000000000000000, 3.149999999999999911 ) ) ;
#1572 = EDGE_CURVE ( 'NONE', #3279, #4999, #6621, .T. ) ;
#1573 = CARTESIAN_POINT ( 'NONE',  ( -9.436260398347613432, 10.00000000000000000, -1.098630827246599662 ) ) ;
#1574 = SPHERICAL_SURFACE ( 'NONE', #5124, 0.5000000000000000000 ) ;
#1575 = CYLINDRICAL_SURFACE ( 'NONE', #6436, 0.5000000000000004441 ) ;
#1576 = ORIENTED_EDGE ( 'NONE', *, *, #4699, .F. ) ;
#1577 = DIRECTION ( 'NONE',  ( 0.000000000000000000, 0.000000000000000000, 1.000000000000000000 ) ) ;
#1578 = AXIS2_PLACEMENT_3D ( 'NONE', #5066, #6754, #1698 ) ;
#1579 = FACE_OUTER_BOUND ( 'NONE', #5236, .T. ) ;
#1580 = EDGE_CURVE ( 'NONE', #834, #2803, #1857, .T. ) ;
#1581 = DIRECTION ( 'NONE',  ( 0.000000000000000000, 1.000000000000000000, 0.000000000000000000 ) ) ;
#1582 = EDGE_CURVE ( 'NONE', #2677, #3295, #2852, .T. ) ;
#1583 = AXIS2_PLACEMENT_3D ( 'NONE', #3912, #4438, #1155 ) ;
#1584 = ORIENTED_EDGE ( 'NONE', *, *, #6149, .T. ) ;
#1585 = AXIS2_PLACEMENT_3D ( 'NONE', #5405, #425, #2624 ) ;
#1586 = CARTESIAN_POINT ( 'NONE',  ( -9.194972181005571343, 1.986052934431124628, 3.932605539365138902 ) ) ;
#1587 = CARTESIAN_POINT ( 'NONE',  ( 7.725205082552216496, 2.321832774718785686, -6.351745126529882768 ) ) ;
#1588 = DIRECTION ( 'NONE',  ( -0.8511160640214288087, 0.000000000000000000, 0.5249775667251612710 ) ) ;
#1589 = ORIENTED_EDGE ( 'NONE', *, *, #5592, .F. ) ;
#1590 = FACE_OUTER_BOUND ( 'NONE', #4461, .T. ) ;
#1591 = DIRECTION ( 'NONE',  ( 0.6472324890273797315, 0.000000000000000000, -0.7622926637108760062 ) ) ;
#1592 = AXIS2_PLACEMENT_3D ( 'NONE', #3059, #1882, #4072 ) ;
#1593 = CARTESIAN_POINT ( 'NONE',  ( 7.611508121969514207, 2.500000000000000444, 6.368549229223070540 ) ) ;
#1594 = CARTESIAN_POINT ( 'NONE',  ( -9.568061159331195498, 2.322848788353864879, -2.911304966065356048 ) ) ;
#1595 = DIRECTION ( 'NONE',  ( 0.000000000000000000, 1.000000000000000000, 0.000000000000000000 ) ) ;
#1596 = DIRECTION ( 'NONE',  ( 1.206041662501898361E-16, 0.1736481776669273613, -0.9848077530122086864 ) ) ;
#1597 = ORIENTED_EDGE ( 'NONE', *, *, #1267, .T. ) ;
#1598 = CARTESIAN_POINT ( 'NONE',  ( -9.880493916138886945, 2.343452233630471060, 0.8129670326369174971 ) ) ;
#1599 = DIRECTION ( 'NONE',  ( 0.7497524964563273553, 0.000000000000000000, 0.6617183646065030178 ) ) ;
#1600 = CARTESIAN_POINT ( 'NONE',  ( 4.869582161062490755, 2.371852820628066905, 8.734252662744644624 ) ) ;
#1601 = CARTESIAN_POINT ( 'NONE',  ( 2.732734718790806205, 2.372020242595190620, 9.619363854055805518 ) ) ;
#1602 = ADVANCED_FACE ( 'NONE', ( #63 ), #6113, .T. ) ;
#1603 = CIRCLE ( 'NONE', #3130, 2.000000000000000000 ) ;
#1604 = EDGE_LOOP ( 'NONE', ( #902, #2922, #5870, #139 ) ) ;
#1605 = DIRECTION ( 'NONE',  ( 1.000000000000000000, 0.000000000000000000, 0.000000000000000000 ) ) ;
#1606 = CARTESIAN_POINT ( 'NONE',  ( -0.8789046617972543496, 2.456214797644922676, -9.885393354405106692 ) ) ;
#1607 = PRODUCT_CONTEXT ( 'NONE', #3735, 'mechanical' ) ;
#1608 = ORIENTED_EDGE ( 'NONE', *, *, #5659, .T. ) ;
#1609 = CARTESIAN_POINT ( 'NONE',  ( 0.000000000000000000, 10.00000000000000000, 0.000000000000000000 ) ) ;
#1610 = ADVANCED_FACE ( 'NONE', ( #2926, #1641 ), #3972, .F. ) ;
#1611 = VERTEX_POINT ( 'NONE', #136 ) ;
#1612 = DIRECTION ( 'NONE',  ( 0.000000000000000000, 1.000000000000000000, 0.000000000000000000 ) ) ;
#1613 = EDGE_LOOP ( 'NONE', ( #996, #6165 ) ) ;
#1614 = DIRECTION ( 'NONE',  ( 0.000000000000000000, 0.000000000000000000, 1.000000000000000000 ) ) ;
#1615 = ORIENTED_EDGE ( 'NONE', *, *, #4932, .F. ) ;
#1616 = VECTOR ( 'NONE', #1714, 1000.000000000000000 ) ;
#1617 = EDGE_CURVE ( 'NONE', #5193, #707, #5243, .T. ) ;
#1618 = EDGE_LOOP ( 'NONE', ( #3246, #6691, #4866, #3556 ) ) ;
#1619 = CIRCLE ( 'NONE', #4424, 0.5000000000000004441 ) ;
#1620 = ORIENTED_EDGE ( 'NONE', *, *, #3202, .T. ) ;
#1621 = CARTESIAN_POINT ( 'NONE',  ( 9.138395661352950228, 10.00000000000000000, 2.596097982851489405 ) ) ;
#1622 = CARTESIAN_POINT ( 'NONE',  ( 7.454194763269765822, 2.048970607329112958, -6.667061058747141722 ) ) ;
#1623 = CARTESIAN_POINT ( 'NONE',  ( 8.297540029607301193, 9.500000000000000000, 4.626103053009571475 ) ) ;
#1624 = ORIENTED_EDGE ( 'NONE', *, *, #6625, .T. ) ;
#1625 = DIRECTION ( 'NONE',  ( 0.3799932884734115168, 0.000000000000000000, 0.9249892435672767421 ) ) ;
#1626 = CIRCLE ( 'NONE', #6617, 2.000000000000000000 ) ;
#1627 = CARTESIAN_POINT ( 'NONE',  ( -8.734252662744593110, 2.500000000000000444, 4.869582161062587566 ) ) ;
#1628 = CARTESIAN_POINT ( 'NONE',  ( -3.375677278608769871, 2.162257393931940275, -9.266469839472858183 ) ) ;
#1629 = ADVANCED_FACE ( 'NONE', ( #608 ), #2814, .T. ) ;
#1630 = CARTESIAN_POINT ( 'NONE',  ( -9.138655792787952592, 1.779849606445627730, -4.062095968912781352 ) ) ;
#1631 = DIRECTION ( 'NONE',  ( -0.06224953160690814558, -0.000000000000000000, 0.9980606173047409380 ) ) ;
#1632 = ORIENTED_EDGE ( 'NONE', *, *, #1463, .T. ) ;
#1633 = CARTESIAN_POINT ( 'NONE',  ( -6.205888851312631793, 2.500000000000000888, -7.841361078610879609 ) ) ;
#1634 = ORIENTED_EDGE ( 'NONE', *, *, #2970, .F. ) ;
#1635 = LINE ( 'NONE', #5538, #4787 ) ;
#1636 = FACE_OUTER_BOUND ( 'NONE', #5984, .T. ) ;
#1637 = DIRECTION ( 'NONE',  ( -1.000000000000000000, 0.000000000000000000, 0.000000000000000000 ) ) ;
#1638 = CARTESIAN_POINT ( 'NONE',  ( 3.247483976280275186, 1.863989508453881339, 9.458681375157466320 ) ) ;
#1639 = VERTEX_POINT ( 'NONE', #3937 ) ;
#1640 = CARTESIAN_POINT ( 'NONE',  ( 3.227365271954437009, 2.212953969771218166, 9.339861078571392028 ) ) ;
#1641 = FACE_BOUND ( 'NONE', #3074, .T. ) ;
#1642 = CARTESIAN_POINT ( 'NONE',  ( -0.8626121862519383621, 2.413738086801582305, -9.884200427301490066 ) ) ;
#1643 = ORIENTED_EDGE ( 'NONE', *, *, #6625, .F. ) ;
#1644 = DIRECTION ( 'NONE',  ( 0.000000000000000000, -1.000000000000000000, -0.000000000000000000 ) ) ;
#1645 = DIRECTION ( 'NONE',  ( -0.000000000000000000, -1.000000000000000000, -0.000000000000000000 ) ) ;
#1646 = DIRECTION ( 'NONE',  ( 0.000000000000000000, -1.000000000000000000, 0.000000000000000000 ) ) ;
#1647 = EDGE_CURVE ( 'NONE', #507, #370, #7089, .T. ) ;
#1648 = B_SPLINE_CURVE_WITH_KNOTS ( 'NONE', 3,
 ( #1514, #4320, #3733, #2706, #4350, #6965, #1990, #5947, #1445, #965 ),
 .UNSPECIFIED., .F., .F.,
 ( 4, 2, 2, 2, 4 ),
 ( 8.940560153363745023E-19, 0.0003768071801346864090, 0.0007536143602693719506, 0.001130421540404056950, 0.001507228720538741950 ),
 .UNSPECIFIED. ) ;
#1649 = AXIS2_PLACEMENT_3D ( 'NONE', #5445, #5987, #7114 ) ;
#1650 = MANIFOLD_SOLID_BREP ( 'Fillet19', #6704 ) ;
#1651 = ORIENTED_EDGE ( 'NONE', *, *, #2116, .T. ) ;
#1652 = CARTESIAN_POINT ( 'NONE',  ( -9.033499448847502222, 1.829430187479148540, 4.290897008129089585 ) ) ;
#1653 = CARTESIAN_POINT ( 'NONE',  ( 9.884200519446103783, 2.413741176464117899, -0.8626134409953976068 ) ) ;
#1654 = AXIS2_PLACEMENT_3D ( 'NONE', #2913, #3531, #4710 ) ;
#1655 = DIRECTION ( 'NONE',  ( 0.000000000000000000, -1.000000000000000000, 0.000000000000000000 ) ) ;
#1656 = ORIENTED_EDGE ( 'NONE', *, *, #4528, .F. ) ;
#1657 = CARTESIAN_POINT ( 'NONE',  ( -2.932010965673052194, 2.051189550670913242, -9.560831454120865658 ) ) ;
#1658 = EDGE_CURVE ( 'NONE', #7064, #1798, #5824, .T. ) ;
#1659 = CARTESIAN_POINT ( 'NONE',  ( -9.605768406060212428, 2.248135892564177674, 2.781258658605747947 ) ) ;
#1660 = CARTESIAN_POINT ( 'NONE',  ( -4.411341288975762609, 2.250258099078932261, -8.856991984059051859 ) ) ;
#1661 = AXIS2_PLACEMENT_3D ( 'NONE', #873, #3745, #4329 ) ;
#1662 = ORIENTED_EDGE ( 'NONE', *, *, #6807, .F. ) ;
#1663 = CARTESIAN_POINT ( 'NONE',  ( -4.626103053009485322, 9.500000000000000000, 8.297540029607349155 ) ) ;
#1664 = CARTESIAN_POINT ( 'NONE',  ( -4.230661462162471409, 2.183709232977829373, 8.917350853941369948 ) ) ;
#1665 = CARTESIAN_POINT ( 'NONE',  ( -6.320945485302414291, 2.409665417632339768, -7.750301799340061137 ) ) ;
#1666 = VECTOR ( 'NONE', #2080, 999.9999999999998863 ) ;
#1667 = ORIENTED_EDGE ( 'NONE', *, *, #2930, .F. ) ;
#1668 = DIRECTION ( 'NONE',  ( 0.000000000000000000, 1.000000000000000000, 0.000000000000000000 ) ) ;
#1669 = EDGE_CURVE ( 'NONE', #6385, #6520, #5474, .T. ) ;
#1670 = EDGE_CURVE ( 'NONE', #2855, #4445, #5720, .T. ) ;
#1671 = CARTESIAN_POINT ( 'NONE',  ( -10.79269157286918812, 10.00000000000000000, -4.470479223992283480 ) ) ;
#1672 = DIRECTION ( 'NONE',  ( -0.9249892435672766311, 0.000000000000000000, -0.3799932884734116278 ) ) ;
#1673 = ORIENTED_EDGE ( 'NONE', *, *, #5177, .F. ) ;
#1674 = CARTESIAN_POINT ( 'NONE',  ( 3.607922989077346099, 2.134286657244864660, 9.157329489925338351 ) ) ;
#1675 = CARTESIAN_POINT ( 'NONE',  ( -0.9734035322810855595, 8.000000000000000000, 2.995828026329733884 ) ) ;
#1676 = LINE ( 'NONE', #1754, #5002 ) ;
#1677 = DIRECTION ( 'NONE',  ( 0.000000000000000000, 1.000000000000000000, 0.000000000000000000 ) ) ;
#1678 = CARTESIAN_POINT ( 'NONE',  ( 1.156453502364804375, 2.500000000000000444, 9.932905682471176334 ) ) ;
#1679 = CARTESIAN_POINT ( 'NONE',  ( 2.548403532281085848, 8.000000000000000000, 1.851523544721291437 ) ) ;
#1680 = ORIENTED_EDGE ( 'NONE', *, *, #3769, .T. ) ;
#1681 = LINE ( 'NONE', #3945, #44 ) ;
#1682 = ORIENTED_EDGE ( 'NONE', *, *, #4536, .F. ) ;
#1683 = VECTOR ( 'NONE', #1687, 1000.000000000000000 ) ;
#1684 = EDGE_CURVE ( 'NONE', #6594, #3297, #3379, .T. ) ;
#1685 = EDGE_LOOP ( 'NONE', ( #6405, #5995, #6630 ) ) ;
#1686 = CARTESIAN_POINT ( 'NONE',  ( -9.172514644783456461, 2.139924804626921695, 3.577627445399111483 ) ) ;
#1687 = DIRECTION ( 'NONE',  ( 0.5249775667251623812, 0.000000000000000000, 0.8511160640214281425 ) ) ;
#1688 = CIRCLE ( 'NONE', #4743, 10.00000000000000000 ) ;
#1689 = CARTESIAN_POINT ( 'NONE',  ( -7.841361078610813884, 2.500000000000000444, -6.205888851312715282 ) ) ;
#1690 = ORIENTED_EDGE ( 'NONE', *, *, #4002, .T. ) ;
#1691 = CARTESIAN_POINT ( 'NONE',  ( -2.781258658605716860, 2.248135892564180338, -9.605768406060219533 ) ) ;
#1692 = CARTESIAN_POINT ( 'NONE',  ( -9.529747859751815042, 1.975531022569852579, 3.032607996840927189 ) ) ;
#1693 = AXIS2_PLACEMENT_3D ( 'NONE', #6369, #4233, #846 ) ;
#1694 = CARTESIAN_POINT ( 'NONE',  ( -4.470479223992169793, 10.00000000000000000, -10.79269157286923075 ) ) ;
#1695 = EDGE_CURVE ( 'NONE', #350, #3604, #3077, .T. ) ;
#1696 = ORIENTED_EDGE ( 'NONE', *, *, #361, .F. ) ;
#1697 = CARTESIAN_POINT ( 'NONE',  ( 7.611508121969646545, 2.500000000000000444, -6.368549229222910668 ) ) ;
#1698 = DIRECTION ( 'NONE',  ( -0.6472324890273781772, 0.000000000000000000, -0.7622926637108773384 ) ) ;
#1699 = VERTEX_POINT ( 'NONE', #4607 ) ;
#1700 = CARTESIAN_POINT ( 'NONE',  ( -6.389449519739575756, 2.377840714399274358, -7.587297981928747603 ) ) ;
#1701 = AXIS2_PLACEMENT_3D ( 'NONE', #628, #592, #2802 ) ;
#1702 = ORIENTED_EDGE ( 'NONE', *, *, #6108, .T. ) ;
#1703 = CARTESIAN_POINT ( 'NONE',  ( -9.932905682471174558, 10.00000000000000000, -1.156453502364842123 ) ) ;
#1704 = DIRECTION ( 'NONE',  ( -1.000000000000000000, -8.673617379884043361E-16, 0.000000000000000000 ) ) ;
#1705 = CYLINDRICAL_SURFACE ( 'NONE', #222, 0.5000000000000004441 ) ;
#1706 = CARTESIAN_POINT ( 'NONE',  ( 2.732734718791010486, 2.371852820628066905, -9.619363854055745122 ) ) ;
#1707 = VECTOR ( 'NONE', #127, 1000.000000000000114 ) ;
#1708 = EDGE_CURVE ( 'NONE', #2291, #2530, #1364, .T. ) ;
#1709 = ADVANCED_FACE ( 'NONE', ( #208 ), #6252, .T. ) ;
#1710 = ORIENTED_EDGE ( 'NONE', *, *, #2373, .T. ) ;
#1711 = CARTESIAN_POINT ( 'NONE',  ( -4.230707568575075683, 2.183694385698110363, -8.917333680704871313 ) ) ;
#1712 = VECTOR ( 'NONE', #4274, 1000.000000000000000 ) ;
#1713 = SURFACE_STYLE_USAGE ( .BOTH. , #6694 ) ;
#1714 = DIRECTION ( 'NONE',  ( 0.000000000000000000, -1.000000000000000000, 0.000000000000000000 ) ) ;
#1715 = ORIENTED_EDGE ( 'NONE', *, *, #1502, .F. ) ;
#1716 = CARTESIAN_POINT ( 'NONE',  ( -2.596097982851402808, 10.00000000000000000, 9.138395661352975097 ) ) ;
#1717 = ADVANCED_FACE ( 'NONE', ( #354 ), #2143, .T. ) ;
#1718 = VECTOR ( 'NONE', #5194, 1000.000000000000114 ) ;
#1719 = DIRECTION ( 'NONE',  ( -0.8982659121149837445, 3.895607413538950797E-16, 0.4394523308986271193 ) ) ;
#1720 = CARTESIAN_POINT ( 'NONE',  ( -6.368549229222990604, 2.500000000000000444, 7.611508121969579932 ) ) ;
#1721 = ORIENTED_EDGE ( 'NONE', *, *, #5267, .F. ) ;
#1722 = LINE ( 'NONE', #6157, #6739 ) ;
#1723 = APPLICATION_CONTEXT ( 'automotive_design' ) ;
#1724 = VECTOR ( 'NONE', #7068, 1000.000000000000000 ) ;
#1725 = ORIENTED_EDGE ( 'NONE', *, *, #2272, .T. ) ;
#1726 = ORIENTED_EDGE ( 'NONE', *, *, #4810, .F. ) ;
#1727 = CARTESIAN_POINT ( 'NONE',  ( -9.501588311015401800, 2.127032157860377914, 3.120821918168942943 ) ) ;
#1728 = DIRECTION ( 'NONE',  ( 0.000000000000000000, 0.000000000000000000, 1.000000000000000000 ) ) ;
#1729 = LINE ( 'NONE', #4401, #6771 ) ;
#1730 = ORIENTED_EDGE ( 'NONE', *, *, #2910, .F. ) ;
#1731 = CARTESIAN_POINT ( 'NONE',  ( -3.032607996840894771, 1.975531022569853024, -9.529747859751829253 ) ) ;
#1732 = CARTESIAN_POINT ( 'NONE',  ( -4.470479223992169793, 2.500000000000000444, -10.79269157286923075 ) ) ;
#1733 = CIRCLE ( 'NONE', #4069, 9.500000000000000000 ) ;
#1734 = EDGE_CURVE ( 'NONE', #2867, #2855, #2113, .T. ) ;
#1735 = AXIS2_PLACEMENT_3D ( 'NONE', #6433, #2103, #1966 ) ;
#1736 = CARTESIAN_POINT ( 'NONE',  ( 6.908873745391272969, 1.992783053389741932, 7.230516001408626714 ) ) ;
#1737 = CARTESIAN_POINT ( 'NONE',  ( -6.411475381605043822, 2.343771222574624780, -7.561691272055216295 ) ) ;
#1738 = FACE_OUTER_BOUND ( 'NONE', #229, .T. ) ;
#1739 = ORIENTED_EDGE ( 'NONE', *, *, #2701, .F. ) ;
#1740 = CARTESIAN_POINT ( 'NONE',  ( -4.470479223992169793, 9.500000000000000000, -10.79269157286923075 ) ) ;
#1741 = AXIS2_PLACEMENT_3D ( 'NONE', #3827, #4837, #5372 ) ;
#1742 = ORIENTED_EDGE ( 'NONE', *, *, #6783, .F. ) ;
#1743 = CYLINDRICAL_SURFACE ( 'NONE', #5577, 0.5000000000000004441 ) ;
#1744 = DIRECTION ( 'NONE',  ( -0.000000000000000000, -1.000000000000000000, -0.000000000000000000 ) ) ;
#1745 = EDGE_CURVE ( 'NONE', #6576, #3433, #22, .T. ) ;
#1746 = DIRECTION ( 'NONE',  ( 0.000000000000000000, 1.000000000000000000, 0.000000000000000000 ) ) ;
#1747 = CARTESIAN_POINT ( 'NONE',  ( 3.710169844705811570, 1.768638744481566549, -9.287105483649797932 ) ) ;
#1748 = MECHANICAL_DESIGN_GEOMETRIC_PRESENTATION_REPRESENTATION (  '', ( #6733 ), #4207 ) ;
#1749 = VERTEX_POINT ( 'NONE', #5400 ) ;
#1750 = CARTESIAN_POINT ( 'NONE',  ( -4.565129932703124283, 2.378544800988978469, -8.806444720498271650 ) ) ;
#1751 = VERTEX_POINT ( 'NONE', #5469 ) ;
#1752 = CARTESIAN_POINT ( 'NONE',  ( 9.138395661353003518, 10.00000000000000000, -2.596097982851299335 ) ) ;
#1753 = ADVANCED_FACE ( 'NONE', ( #2081 ), #1568, .T. ) ;
#1754 = CARTESIAN_POINT ( 'NONE',  ( -2.776607510986325966, 8.000000000000000000, 0.4397714266284747930 ) ) ;
#1755 = ORIENTED_EDGE ( 'NONE', *, *, #878, .T. ) ;
#1756 = CARTESIAN_POINT ( 'NONE',  ( -6.518869136509484186, 2.127336489724590329, 7.584466575834696300 ) ) ;
#1757 = DIRECTION ( 'NONE',  ( 0.000000000000000000, -1.000000000000000000, 0.000000000000000000 ) ) ;
#1758 = CARTESIAN_POINT ( 'NONE',  ( 0.6199608086382176753, 1.864204402698736107, -9.981404220800481397 ) ) ;
#1759 = DIRECTION ( 'NONE',  ( 0.000000000000000000, -1.000000000000000000, 0.000000000000000000 ) ) ;
#1760 = CIRCLE ( 'NONE', #2694, 2.000000000000000000 ) ;
#1761 = EDGE_CURVE ( 'NONE', #1699, #4154, #4861, .T. ) ;
#1762 = VERTEX_POINT ( 'NONE', #3723 ) ;
#1763 = VECTOR ( 'NONE', #5089, 1000.000000000000000 ) ;
#1764 = CARTESIAN_POINT ( 'NONE',  ( 9.469254802398170412, 2.438513403071537411, 2.970974267493266208 ) ) ;
#1765 = CARTESIAN_POINT ( 'NONE',  ( 9.840963537470322819, 2.134291405717181345, -0.1711472729024968165 ) ) ;
#1766 = CARTESIAN_POINT ( 'NONE',  ( 0.8789046617972544606, 2.456216401094828861, 9.885393354405106692 ) ) ;
#1767 = ORIENTED_EDGE ( 'NONE', *, *, #5819, .T. ) ;
#1768 = CARTESIAN_POINT ( 'NONE',  ( 0.8419640990702889072, 2.181049877636648038, -9.965382407647522811 ) ) ;
#1769 = CIRCLE ( 'NONE', #1546, 2.000000000000000000 ) ;
#1770 = CARTESIAN_POINT ( 'NONE',  ( 9.469254843656193188, 2.456216401094831081, 2.970974231079661632 ) ) ;
#1771 = CARTESIAN_POINT ( 'NONE',  ( 6.368549229222884911, 2.500000000000000000, 7.611508121969669638 ) ) ;
#1772 = AXIS2_PLACEMENT_3D ( 'NONE', #6325, #1886, #6943 ) ;
#1773 = DIRECTION ( 'NONE',  ( 0.000000000000000000, -1.734723475976807094E-15, 1.000000000000000000 ) ) ;
#1774 = DIRECTION ( 'NONE',  ( -0.000000000000000000, 1.000000000000000000, -0.000000000000000000 ) ) ;
#1775 = ORIENTED_EDGE ( 'NONE', *, *, #5283, .F. ) ;
#1776 = CARTESIAN_POINT ( 'NONE',  ( -7.152017281988726438, 1.986052934431256967, -6.990103614099552942 ) ) ;
#1777 = ORIENTED_EDGE ( 'NONE', *, *, #1843, .F. ) ;
#1778 = CARTESIAN_POINT ( 'NONE',  ( -4.626103053009482657, 9.500000000000000000, 8.297540029607350931 ) ) ;
#1779 = LINE ( 'NONE', #5216, #6445 ) ;
#1780 = DIRECTION ( 'NONE',  ( -0.000000000000000000, -1.000000000000000000, 0.000000000000000000 ) ) ;
#1781 = ADVANCED_FACE ( 'NONE', ( #3822 ), #5939, .T. ) ;
#1782 = ORIENTED_EDGE ( 'NONE', *, *, #688, .T. ) ;
#1783 = CARTESIAN_POINT ( 'NONE',  ( 2.970974231079432482, 2.500000000000000444, 9.469254843656262466 ) ) ;
#1784 = ORIENTED_EDGE ( 'NONE', *, *, #2490, .F. ) ;
#1785 = CARTESIAN_POINT ( 'NONE',  ( 8.884289160643646710, 2.181508697813368425, -4.592078116478122141 ) ) ;
#1786 = CARTESIAN_POINT ( 'NONE',  ( 6.735557395310442023E-16, 0.000000000000000000, -3.499999999999999556 ) ) ;
#1787 = LINE ( 'NONE', #4573, #1848 ) ;
#1788 = CIRCLE ( 'NONE', #3664, 0.5000000000000000000 ) ;
#1789 = ORIENTED_EDGE ( 'NONE', *, *, #4764, .F. ) ;
#1790 = CARTESIAN_POINT ( 'NONE',  ( -7.505705356597196953, 2.279592747210247961, 6.459614026961975952 ) ) ;
#1791 = EDGE_CURVE ( 'NONE', #685, #3025, #1865, .T. ) ;
#1792 = DIRECTION ( 'NONE',  ( 1.154631945610162802E-14, 0.000000000000000000, 1.000000000000000000 ) ) ;
#1793 = CARTESIAN_POINT ( 'NONE',  ( 0.000000000000000000, 9.500000000000000000, 0.000000000000000000 ) ) ;
#1794 = AXIS2_PLACEMENT_3D ( 'NONE', #5897, #916, #3137 ) ;
#1795 = EDGE_LOOP ( 'NONE', ( #3197, #3205, #1087, #867 ) ) ;
#1796 = FACE_OUTER_BOUND ( 'NONE', #4507, .T. ) ;
#1797 = FACE_OUTER_BOUND ( 'NONE', #5389, .T. ) ;
#1798 = VERTEX_POINT ( 'NONE', #5436 ) ;
#1799 = ORIENTED_EDGE ( 'NONE', *, *, #6512, .F. ) ;
#1800 = ADVANCED_FACE ( 'NONE', ( #6544 ), #3147, .T. ) ;
#1801 = EDGE_CURVE ( 'NONE', #3332, #4482, #828, .T. ) ;
#1802 = CARTESIAN_POINT ( 'NONE',  ( 3.150000000000003908, 8.000000000000000000, -2.818925648462311528E-15 ) ) ;
#1803 = CARTESIAN_POINT ( 'NONE',  ( 9.848044610950880795, 2.147145517465060660, 0.3433206859913995324 ) ) ;
#1804 = CARTESIAN_POINT ( 'NONE',  ( 0.7802894779564008010, 2.314666110110169761, 9.878024200989290904 ) ) ;
#1805 = CIRCLE ( 'NONE', #3897, 0.4999999999999996114 ) ;
#1806 = ORIENTED_EDGE ( 'NONE', *, *, #964, .T. ) ;
#1807 = CARTESIAN_POINT ( 'NONE',  ( -0.2045203784392704838, 2.139858412045501979, -9.843376979806528482 ) ) ;
#1808 = CARTESIAN_POINT ( 'NONE',  ( -11.68192517863507618, 9.500000000000000000, -4.083818128530453922E-14 ) ) ;
#1809 = DIRECTION ( 'NONE',  ( 0.000000000000000000, -1.000000000000000000, 0.000000000000000000 ) ) ;
#1810 = VECTOR ( 'NONE', #5496, 1000.000000000000000 ) ;
#1811 = CARTESIAN_POINT ( 'NONE',  ( -10.79269157286921654, 10.00000000000000000, 4.470479223992207096 ) ) ;
#1812 = VERTEX_POINT ( 'NONE', #2659 ) ;
#1813 = DIRECTION ( 'NONE',  ( 0.06224953160689433024, 0.000000000000000000, 0.9980606173047418261 ) ) ;
#1814 = DIRECTION ( 'NONE',  ( 0.000000000000000000, -1.000000000000000000, 0.000000000000000000 ) ) ;
#1815 = TOROIDAL_SURFACE ( 'NONE', #4964, 1.500000000000000000, 0.5000000000000000000 ) ;
#1816 = CARTESIAN_POINT ( 'NONE',  ( -9.469254843656210952, 2.500000000000000444, -2.970974231079603012 ) ) ;
#1817 = AXIS2_PLACEMENT_3D ( 'NONE', #1663, #4031, #4483 ) ;
#1818 = ORIENTED_EDGE ( 'NONE', *, *, #6427, .F. ) ;
#1819 = CARTESIAN_POINT ( 'NONE',  ( -9.469254843656210952, 10.00001200000000168, -2.970974231079603012 ) ) ;
#1820 = ORIENTED_EDGE ( 'NONE', *, *, #163, .F. ) ;
#1821 = CARTESIAN_POINT ( 'NONE',  ( 9.324037261859999148, 1.992783053389793446, -3.615968364881885666 ) ) ;
#1822 = CARTESIAN_POINT ( 'NONE',  ( 4.741424121641706790, 2.500000000000000888, 8.805704236984322364 ) ) ;
#1823 = CARTESIAN_POINT ( 'NONE',  ( -7.756855835314287261E-16, 2.134289031220173438, -9.840962589317538090 ) ) ;
#1824 = CIRCLE ( 'NONE', #5785, 0.5000000000000004441 ) ;
#1825 = EDGE_CURVE ( 'NONE', #4482, #6520, #6154, .T. ) ;
#1826 = CARTESIAN_POINT ( 'NONE',  ( -6.205888918849888469, 2.377026804319531283, 7.841361025159865328 ) ) ;
#1827 = CARTESIAN_POINT ( 'NONE',  ( 1.851523544721292325, 8.000000000000000000, -2.548403532281086736 ) ) ;
#1828 = CARTESIAN_POINT ( 'NONE',  ( -6.837592653503813622, 2.134291405717180456, 7.079631448005818228 ) ) ;
#1829 = VECTOR ( 'NONE', #7130, 1000.000000000000114 ) ;
#1830 = ORIENTED_EDGE ( 'NONE', *, *, #3633, .T. ) ;
#1831 = CARTESIAN_POINT ( 'NONE',  ( 0.7534911753619846220, 2.127336489724505952, 9.972564319548931522 ) ) ;
#1832 = CARTESIAN_POINT ( 'NONE',  ( -4.626103053009484434, 2.500000000000000000, 8.297540029607349155 ) ) ;
#1833 = CARTESIAN_POINT ( 'NONE',  ( 9.851765289569973660, 2.164715090713901002, -0.4025598189323920106 ) ) ;
#1834 = ORIENTED_EDGE ( 'NONE', *, *, #955, .T. ) ;
#1835 = ADVANCED_FACE ( 'NONE', ( #4238 ), #4312, .T. ) ;
#1836 = VECTOR ( 'NONE', #5715, 1000.000000000000000 ) ;
#1837 = ORIENTED_EDGE ( 'NONE', *, *, #3527, .T. ) ;
#1838 = CARTESIAN_POINT ( 'NONE',  ( 6.244726359285768247, 2.249819565270343436, -7.810864416449840419 ) ) ;
#1839 = CARTESIAN_POINT ( 'NONE',  ( -9.998077438046029997, 1.992695579455396437, 0.2270269566658617288 ) ) ;
#1840 = CARTESIAN_POINT ( 'NONE',  ( -0.9734035322810855595, 0.000000000000000000, 2.995828026329733884 ) ) ;
#1841 = CARTESIAN_POINT ( 'NONE',  ( 0.1126389525482432430, 1.985975370094277270, -10.00001032960337710 ) ) ;
#1842 = CARTESIAN_POINT ( 'NONE',  ( 8.734252662744527385, 2.500000000000000000, 4.869582161062707470 ) ) ;
#1843 = EDGE_CURVE ( 'NONE', #3519, #1749, #6397, .T. ) ;
#1844 = CARTESIAN_POINT ( 'NONE',  ( -8.827410336412164327, 2.314916786199596732, -4.501324523359326868 ) ) ;
#1845 = CARTESIAN_POINT ( 'NONE',  ( -7.611508121969555951, 2.500000000000000444, -6.368549229223018138 ) ) ;
#1846 = DIRECTION ( 'NONE',  ( -0.4394523308986297283, 0.000000000000000000, 0.8982659121149824122 ) ) ;
#1847 = LINE ( 'NONE', #5710, #3413 ) ;
#1848 = VECTOR ( 'NONE', #4009, 1000.000000000000000 ) ;
#1849 = ORIENTED_EDGE ( 'NONE', *, *, #4554, .T. ) ;
#1850 = DIRECTION ( 'NONE',  ( 0.000000000000000000, -1.000000000000000000, 0.000000000000000000 ) ) ;
#1851 = CIRCLE ( 'NONE', #5924, 0.4999999999999993894 ) ;
#1852 = DIRECTION ( 'NONE',  ( -0.3799932884734122385, 0.000000000000000000, -0.9249892435672764091 ) ) ;
#1853 = ADVANCED_FACE ( 'NONE', ( #6075 ), #3155, .T. ) ;
#1854 = CARTESIAN_POINT ( 'NONE',  ( 4.470479223992320783, 9.500000000000000000, -10.79269157286916858 ) ) ;
#1855 = CARTESIAN_POINT ( 'NONE',  ( 3.017827522871558976, 2.359505379727361518, -9.445648519300585022 ) ) ;
#1856 = AXIS2_PLACEMENT_3D ( 'NONE', #209, #1249, #2403 ) ;
#1857 = CIRCLE ( 'NONE', #5930, 0.4999999999999996669 ) ;
#1858 = CARTESIAN_POINT ( 'NONE',  ( 1.552006135520455375E-13, 1.768578062440346432, 10.00000000000000000 ) ) ;
#1859 = ORIENTED_EDGE ( 'NONE', *, *, #5971, .F. ) ;
#1860 = ORIENTED_EDGE ( 'NONE', *, *, #5293, .F. ) ;
#1861 = CARTESIAN_POINT ( 'NONE',  ( -3.955849480317300770, 2.139858412045519298, -9.015827962026280673 ) ) ;
#1862 = CARTESIAN_POINT ( 'NONE',  ( 8.805704236984304600, 2.500000000000000888, -4.741424121641739653 ) ) ;
#1863 = CARTESIAN_POINT ( 'NONE',  ( 3.615968364881823049, 1.992783053389769243, 9.324037261860222969 ) ) ;
#1864 = CARTESIAN_POINT ( 'NONE',  ( 0.8133297854803275273, 2.343776050381210396, -9.880521220204503408 ) ) ;
#1865 = CIRCLE ( 'NONE', #5016, 0.5000000000000002220 ) ;
#1866 = CARTESIAN_POINT ( 'NONE',  ( -8.297540029607333167, 9.500000000000000000, -4.626103053009513744 ) ) ;
#1867 = CARTESIAN_POINT ( 'NONE',  ( -7.249987813959648086, 2.164537838121664226, 6.682430624000275543 ) ) ;
#1868 = DIRECTION ( 'NONE',  ( 0.000000000000000000, 1.000000000000000000, 0.000000000000000000 ) ) ;
#1869 = DIRECTION ( 'NONE',  ( -0.000000000000000000, -1.000000000000000000, -0.000000000000000000 ) ) ;
#1870 = CARTESIAN_POINT ( 'NONE',  ( 1.156453416813808310, 2.377026804319470443, 9.932905692431580391 ) ) ;
#1871 = EDGE_CURVE ( 'NONE', #4356, #3687, #2177, .T. ) ;
#1872 = LINE ( 'NONE', #2860, #3284 ) ;
#1873 = DIRECTION ( 'NONE',  ( 0.000000000000000000, 0.000000000000000000, 1.000000000000000000 ) ) ;
#1874 = ORIENTED_EDGE ( 'NONE', *, *, #2467, .F. ) ;
#1875 = EDGE_LOOP ( 'NONE', ( #160, #1742, #793, #1145 ) ) ;
#1876 = CARTESIAN_POINT ( 'NONE',  ( 6.205888851312742815, 2.500000000000000444, -7.841361078610791679 ) ) ;
#1877 = ADVANCED_FACE ( 'NONE', ( #7168 ), #3908, .T. ) ;
#1878 = CARTESIAN_POINT ( 'NONE',  ( 0.4397714266284741269, 8.000000000000000000, 2.776607510986326410 ) ) ;
#1879 = ORIENTED_EDGE ( 'NONE', *, *, #6775, .F. ) ;
#1880 = CARTESIAN_POINT ( 'NONE',  ( 9.436260398347627643, 9.500000000000000000, -1.098630827246466213 ) ) ;
#1881 = DIRECTION ( 'NONE',  ( 0.000000000000000000, 0.000000000000000000, 1.000000000000000000 ) ) ;
#1882 = DIRECTION ( 'NONE',  ( -1.401920620564771354E-15, -1.000000000000000000, -7.816086743456955292E-16 ) ) ;
#1883 = CARTESIAN_POINT ( 'NONE',  ( 8.860921141133129453, 2.242561475665995729, -4.399397064220080367 ) ) ;
#1884 = EDGE_CURVE ( 'NONE', #6576, #4972, #941, .T. ) ;
#1885 = AXIS2_PLACEMENT_3D ( 'NONE', #1832, #3591, #790 ) ;
#1886 = DIRECTION ( 'NONE',  ( 0.000000000000000000, 1.000000000000000000, 0.000000000000000000 ) ) ;
#1887 = ORIENTED_EDGE ( 'NONE', *, *, #5932, .F. ) ;
#1888 = DIRECTION ( 'NONE',  ( -0.2362740077746035838, 0.000000000000000000, 0.9716864685947451674 ) ) ;
#1889 = DIRECTION ( 'NONE',  ( 0.4394523308986230670, 3.472460256734617152E-15, 0.8982659121149856318 ) ) ;
#1890 = VECTOR ( 'NONE', #892, 1000.000000000000114 ) ;
#1891 = DIRECTION ( 'NONE',  ( 0.000000000000000000, 0.000000000000000000, 1.000000000000000000 ) ) ;
#1892 = AXIS2_PLACEMENT_3D ( 'NONE', #1740, #2804, #3961 ) ;
#1893 = CARTESIAN_POINT ( 'NONE',  ( 3.376085567469381932, 2.162166198134948480, -9.266270639987830293 ) ) ;
#1894 = DIRECTION ( 'NONE',  ( 0.000000000000000000, 0.000000000000000000, 1.000000000000000000 ) ) ;
#1895 = CARTESIAN_POINT ( 'NONE',  ( -3.956182678658368257, 2.139924804626947008, 9.015711933060122973 ) ) ;
#1896 = EDGE_CURVE ( 'NONE', #3293, #5077, #3955, .T. ) ;
#1897 = EDGE_CURVE ( 'NONE', #2634, #1611, #1521, .T. ) ;
#1898 = EDGE_LOOP ( 'NONE', ( #178, #5299, #2791, #2352 ) ) ;
#1899 = CARTESIAN_POINT ( 'NONE',  ( 0.000000000000000000, 10.00000000000000000, 0.000000000000000000 ) ) ;
#1900 = CARTESIAN_POINT ( 'NONE',  ( 9.130609167219391864, 2.134257748930223020, -3.672401390134496957 ) ) ;
#1901 = CARTESIAN_POINT ( 'NONE',  ( 3.955849480317296329, 2.139858412045565927, 9.015827962026250475 ) ) ;
#1902 = DIRECTION ( 'NONE',  ( 6.938893903907227392E-16, 0.000000000000000000, 1.000000000000000000 ) ) ;
#1903 = CARTESIAN_POINT ( 'NONE',  ( -6.885828264191673931, 2.134320569921004385, 7.031412306681157354 ) ) ;
#1904 = TOROIDAL_SURFACE ( 'NONE', #5968, 1.500000000000000000, 0.5000000000000000000 ) ;
#1905 = VECTOR ( 'NONE', #4144, 1000.000000000000000 ) ;
#1906 = CARTESIAN_POINT ( 'NONE',  ( 7.611508121969646545, 10.00001200000000168, -6.368549229222910668 ) ) ;
#1907 = CARTESIAN_POINT ( 'NONE',  ( 6.837644484988195437, 2.134286657244864660, 7.079576935034999963 ) ) ;
#1908 = CARTESIAN_POINT ( 'NONE',  ( 0.2045203784392699842, 2.139858412045515301, 9.843376979806516047 ) ) ;
#1909 = LINE ( 'NONE', #6347, #5384 ) ;
#1910 = VECTOR ( 'NONE', #2668, 1000.000000000000000 ) ;
#1911 = AXIS2_PLACEMENT_3D ( 'NONE', #5435, #4205, #7022 ) ;
#1912 = CARTESIAN_POINT ( 'NONE',  ( 9.953844047997533195, 2.322848788353918170, -0.9718434144855475632 ) ) ;
#1913 = VERTEX_POINT ( 'NONE', #5520 ) ;
#1914 = ORIENTED_EDGE ( 'NONE', *, *, #3220, .T. ) ;
#1915 = CARTESIAN_POINT ( 'NONE',  ( 9.563576536480377754, 2.059838893144231964, 2.922977707959137916 ) ) ;
#1916 = CARTESIAN_POINT ( 'NONE',  ( -9.840975183068751519, 2.134320569920972854, 0.1029434636768514905 ) ) ;
#1917 = DIRECTION ( 'NONE',  ( 0.000000000000000000, 1.000000000000000000, 0.000000000000000000 ) ) ;
#1918 = ORIENTED_EDGE ( 'NONE', *, *, #1921, .F. ) ;
#1919 = CARTESIAN_POINT ( 'NONE',  ( -0.8557725552098477406, 1.982312691401814764, -9.963963684112144392 ) ) ;
#1920 = CARTESIAN_POINT ( 'NONE',  ( -2.995828026329734328, 8.000000000000000000, -0.9734035322810845603 ) ) ;
#1921 = EDGE_CURVE ( 'NONE', #6720, #1178, #1722, .T. ) ;
#1922 = CARTESIAN_POINT ( 'NONE',  ( -8.796570338259703803, 2.500000000000000444, -4.594978287206065382 ) ) ;
#1923 = ORIENTED_EDGE ( 'NONE', *, *, #789, .T. ) ;
#1924 = CARTESIAN_POINT ( 'NONE',  ( -9.138395661352985755, 9.500000000000000000, 2.596097982851365504 ) ) ;
#1925 = LINE ( 'NONE', #303, #4145 ) ;
#1926 = CARTESIAN_POINT ( 'NONE',  ( 0.000000000000000000, 10.00000000000000000, 0.000000000000000000 ) ) ;
#1927 = ORIENTED_EDGE ( 'NONE', *, *, #5284, .F. ) ;
#1928 = DIRECTION ( 'NONE',  ( 0.000000000000000000, 1.000000000000000000, 0.000000000000000000 ) ) ;
#1929 = DIRECTION ( 'NONE',  ( 0.8511160640214275874, 0.000000000000000000, 0.5249775667251631583 ) ) ;
#1930 = AXIS2_PLACEMENT_3D ( 'NONE', #4515, #2238, #1591 ) ;
#1931 = EDGE_CURVE ( 'NONE', #2399, #2340, #5587, .T. ) ;
#1932 = CARTESIAN_POINT ( 'NONE',  ( 9.932905682471163900, 2.500000000000000000, 1.156453502364910735 ) ) ;
#1933 = B_SPLINE_CURVE_WITH_KNOTS ( 'NONE', 3,
 ( #1678, #942, #5517, #3165, #539, #3330, #5586, #3708, #7011, #2224 ),
 .UNSPECIFIED., .F., .F.,
 ( 4, 2, 2, 2, 4 ),
 ( 8.940560153363745023E-19, 0.0003768071801346858127, 0.0007536143602693707580, 0.001130421540404055432, 0.001507228720538739998 ),
 .UNSPECIFIED. ) ;
#1934 = CARTESIAN_POINT ( 'NONE',  ( -7.449293024680316400, 9.500000000000000000, 5.895594408747026449 ) ) ;
#1935 = CARTESIAN_POINT ( 'NONE',  ( -2.221104420305841654, 8.000000000000000000, -0.9124482025973593702 ) ) ;
#1936 = ORIENTED_EDGE ( 'NONE', *, *, #2221, .T. ) ;
#1937 = CIRCLE ( 'NONE', #3566, 0.5000000000000000000 ) ;
#1938 = ORIENTED_EDGE ( 'NONE', *, *, #6816, .T. ) ;
#1939 = LINE ( 'NONE', #1819, #6597 ) ;
#1940 = CARTESIAN_POINT ( 'NONE',  ( 9.297048667841423253, 2.183709232977730785, -3.313989850241789714 ) ) ;
#1941 = CARTESIAN_POINT ( 'NONE',  ( 3.945484083995196123, 1.768641139221995839, 9.189634587520499664 ) ) ;
#1942 = EDGE_CURVE ( 'NONE', #2371, #2376, #3624, .T. ) ;
#1943 = CARTESIAN_POINT ( 'NONE',  ( 8.260368511126632285, 2.500000000000000444, 8.260368511126834790 ) ) ;
#1944 = EDGE_CURVE ( 'NONE', #5012, #6800, #5554, .T. ) ;
#1945 = CIRCLE ( 'NONE', #6575, 2.000000000000000000 ) ;
#1946 = DIRECTION ( 'NONE',  ( -0.7622926637108761172, 0.000000000000000000, -0.6472324890273797315 ) ) ;
#1947 = CARTESIAN_POINT ( 'NONE',  ( 7.611508121969512430, 2.500000000000000444, 6.368549229223070540 ) ) ;
#1948 = CARTESIAN_POINT ( 'NONE',  ( -1.010707579139242807, 2.500000000000000444, 9.949874371066199430 ) ) ;
#1949 = CARTESIAN_POINT ( 'NONE',  ( -8.806444720498255663, 2.378544800988977581, 4.565129932703102078 ) ) ;
#1950 = B_SPLINE_CURVE_WITH_KNOTS ( 'NONE', 3,
 ( #984, #447, #3782, #5355, #4262, #879, #6400, #4332, #1427, #6500, #415, #2071, #2610, #2645, #3648, #6947, #5391, #2574 ),
 .UNSPECIFIED., .F., .F.,
 ( 4, 2, 2, 2, 2, 2, 2, 2, 4 ),
 ( 0.000000000000000000, 0.0001297744646122130226, 0.0002595489292244260453, 0.0005190978584488543674, 0.001038195716897707867, 0.001557293575346561151, 0.001816842504570988226, 0.001946616969183202631, 0.002076391433795417036 ),
 .UNSPECIFIED. ) ;
#1951 = LINE ( 'NONE', #757, #3367 ) ;
#1952 = EDGE_CURVE ( 'NONE', #2936, #2361, #2007, .T. ) ;
#1953 = CARTESIAN_POINT ( 'NONE',  ( 9.883052937361791024, 2.377840714399307664, 0.8470067704478919657 ) ) ;
#1954 = EDGE_LOOP ( 'NONE', ( #2774, #6262, #1887, #4521 ) ) ;
#1955 = AXIS2_PLACEMENT_3D ( 'NONE', #601, #3895, #1239 ) ;
#1956 = CARTESIAN_POINT ( 'NONE',  ( 9.131270309608064295, 2.134320569921019484, 3.670870801779611448 ) ) ;
#1957 = CARTESIAN_POINT ( 'NONE',  ( -9.851765289569906159, 2.164715090713967172, 0.4025598189324464671 ) ) ;
#1958 = CARTESIAN_POINT ( 'NONE',  ( 4.626103053009368082, 10.00000000000000000, 8.297540029607414880 ) ) ;
#1959 = ORIENTED_EDGE ( 'NONE', *, *, #304, .F. ) ;
#1960 = CARTESIAN_POINT ( 'NONE',  ( -0.9124482025973559285, 0.000000000000000000, -2.221104420305847427 ) ) ;
#1961 = CIRCLE ( 'NONE', #6022, 2.000000000000000000 ) ;
#1962 = CARTESIAN_POINT ( 'NONE',  ( -0.5673463196692629662, 0.000000000000000000, 2.333234819276247762 ) ) ;
#1963 = CARTESIAN_POINT ( 'NONE',  ( 8.796570338259767752, 2.500000000000000444, -4.594978287205941925 ) ) ;
#1964 = CARTESIAN_POINT ( 'NONE',  ( 9.436260398347604550, 9.500000000000000000, 1.098630827246665609 ) ) ;
#1965 = ORIENTED_EDGE ( 'NONE', *, *, #3785, .T. ) ;
#1966 = DIRECTION ( 'NONE',  ( 0.000000000000000000, 0.000000000000000000, 1.000000000000000000 ) ) ;
#1967 = EDGE_CURVE ( 'NONE', #2936, #3841, #5148, .T. ) ;
#1968 = DIRECTION ( 'NONE',  ( 0.000000000000000000, 1.000000000000000000, 0.000000000000000000 ) ) ;
#1969 = VECTOR ( 'NONE', #5904, 1000.000000000000000 ) ;
#1970 = DIRECTION ( 'NONE',  ( 0.000000000000000000, 1.000000000000000000, -0.000000000000000000 ) ) ;
#1971 = DIRECTION ( 'NONE',  ( -0.9932905682471177000, -6.461566752017310990E-15, 0.1156453502364806901 ) ) ;
#1972 = CARTESIAN_POINT ( 'NONE',  ( 4.470479223992089857, 10.00001200000000168, 8.792691572869266281 ) ) ;
#1973 = CARTESIAN_POINT ( 'NONE',  ( -3.035051535612982132, 2.181508697813396846, 9.529230687413262402 ) ) ;
#1974 = ORIENTED_EDGE ( 'NONE', *, *, #5088, .F. ) ;
#1975 = VERTEX_POINT ( 'NONE', #4942 ) ;
#1976 = CARTESIAN_POINT ( 'NONE',  ( -3.722773453796153209, 1.985975370094093861, -9.281909929401468418 ) ) ;
#1977 = EDGE_CURVE ( 'NONE', #6123, #1533, #2699, .T. ) ;
#1978 = CARTESIAN_POINT ( 'NONE',  ( -2.995828026329734328, 8.000000000000000000, -0.9734035322810845603 ) ) ;
#1979 = CARTESIAN_POINT ( 'NONE',  ( 3.162415667432250554, 2.240934156756785089, 9.372453886955891988 ) ) ;
#1980 = VECTOR ( 'NONE', #536, 1000.000000000000000 ) ;
#1981 = DIRECTION ( 'NONE',  ( -0.000000000000000000, -1.000000000000000000, -0.000000000000000000 ) ) ;
#1982 = DIRECTION ( 'NONE',  ( -0.000000000000000000, -1.000000000000000000, -0.000000000000000000 ) ) ;
#1983 = CARTESIAN_POINT ( 'NONE',  ( 0.000000000000000000, 9.500000000000000000, 0.000000000000000000 ) ) ;
#1984 = CIRCLE ( 'NONE', #3370, 9.500000000000000000 ) ;
#1985 = PLANE ( 'NONE',  #672 ) ;
#1986 = ORIENTED_EDGE ( 'NONE', *, *, #5810, .T. ) ;
#1987 = CARTESIAN_POINT ( 'NONE',  ( -0.5565875801683189961, 2.048970607329061000, 9.985235750618224770 ) ) ;
#1988 = EDGE_CURVE ( 'NONE', #5960, #1467, #2126, .T. ) ;
#1989 = AXIS2_PLACEMENT_3D ( 'NONE', #5581, #712, #2258 ) ;
#1990 = CARTESIAN_POINT ( 'NONE',  ( -0.4984729358709660274, 1.827180535951931750, -9.988341300992908955 ) ) ;
#1991 = CARTESIAN_POINT ( 'NONE',  ( 9.949874374723588488, 2.409665417632310458, 1.010707542388718627 ) ) ;
#1992 = AXIS2_PLACEMENT_3D ( 'NONE', #1152, #3296, #1614 ) ;
#1993 = CARTESIAN_POINT ( 'NONE',  ( -4.470479223992246176, 10.00000000000000000, 10.79269157286920411 ) ) ;
#1994 = CARTESIAN_POINT ( 'NONE',  ( -9.997538315944970222, 1.779716818039825954, 0.2552196072240139890 ) ) ;
#1995 = EDGE_CURVE ( 'NONE', #1798, #1313, #3860, .T. ) ;
#1996 = DIRECTION ( 'NONE',  ( -0.000000000000000000, 1.000000000000000000, 0.000000000000000000 ) ) ;
#1997 = ORIENTED_EDGE ( 'NONE', *, *, #6545, .F. ) ;
#1998 = CARTESIAN_POINT ( 'NONE',  ( -9.469254843656210952, 2.500000000000000444, -2.970974231079603012 ) ) ;
#1999 = ORIENTED_EDGE ( 'NONE', *, *, #1896, .T. ) ;
#2000 = CARTESIAN_POINT ( 'NONE',  ( -2.995828026329732996, 0.000000000000000000, 0.9734035322810843383 ) ) ;
#2001 = CARTESIAN_POINT ( 'NONE',  ( 1.098630827246567021, 9.500000000000000000, 9.436260398347616984 ) ) ;
#2002 = CARTESIAN_POINT ( 'NONE',  ( 4.036214224533311246, 1.992783053389793224, -9.149965727261266224 ) ) ;
#2003 = ORIENTED_EDGE ( 'NONE', *, *, #6912, .T. ) ;
#2004 = DIRECTION ( 'NONE',  ( -1.594314457810246227E-15, 1.000000000000000000, -1.856204616801320909E-16 ) ) ;
#2005 = DIRECTION ( 'NONE',  ( 0.000000000000000000, 1.000000000000000000, 0.000000000000000000 ) ) ;
#2006 = CYLINDRICAL_SURFACE ( 'NONE', #2293, 0.5000000000000004441 ) ;
#2007 = CIRCLE ( 'NONE', #6062, 0.4999999999999998335 ) ;
#2008 = DIRECTION ( 'NONE',  ( 0.000000000000000000, 0.000000000000000000, 1.000000000000000000 ) ) ;
#2009 = LINE ( 'NONE', #3577, #4619 ) ;
#2010 = VERTEX_POINT ( 'NONE', #1184 ) ;
#2011 = CARTESIAN_POINT ( 'NONE',  ( 0.000000000000000000, 9.500000000000000000, 0.000000000000000000 ) ) ;
#2012 = CARTESIAN_POINT ( 'NONE',  ( 6.205888851312578502, 2.500000000000000000, 7.841361078610921354 ) ) ;
#2013 = DIRECTION ( 'NONE',  ( 0.000000000000000000, 0.000000000000000000, 1.000000000000000000 ) ) ;
#2014 = AXIS2_PLACEMENT_3D ( 'NONE', #2483, #2139, #1532 ) ;
#2015 = ADVANCED_FACE ( 'NONE', ( #2749, #1076 ), #6665, .T. ) ;
#2016 = ORIENTED_EDGE ( 'NONE', *, *, #3355, .F. ) ;
#2017 = CARTESIAN_POINT ( 'NONE',  ( 1.987831504145224137, 8.000000000000000000, 1.987831504145222805 ) ) ;
#2018 = CARTESIAN_POINT ( 'NONE',  ( -1.098630827246566799, 9.500000000000000000, 9.436260398347616984 ) ) ;
#2019 = VECTOR ( 'NONE', #1519, 1000.000000000000000 ) ;
#2020 = AXIS2_PLACEMENT_3D ( 'NONE', #7085, #2101, #5350 ) ;
#2021 = CARTESIAN_POINT ( 'NONE',  ( 0.000000000000000000, 9.500000000000000000, 0.000000000000000000 ) ) ;
#2022 = EDGE_CURVE ( 'NONE', #1570, #5566, #1681, .T. ) ;
#2023 = ORIENTED_EDGE ( 'NONE', *, *, #5073, .F. ) ;
#2024 = EDGE_LOOP ( 'NONE', ( #1879, #1200, #6129, #5861 ) ) ;
#2025 = CARTESIAN_POINT ( 'NONE',  ( 8.824555314844495513, 2.321832774718814996, 4.706451233693536018 ) ) ;
#2026 = CARTESIAN_POINT ( 'NONE',  ( -9.874972037550531212, 2.279592747210307024, -0.7396982729253726019 ) ) ;
#2027 = CARTESIAN_POINT ( 'NONE',  ( 2.221104420305842542, 8.000000000000000000, 0.9124482025973593702 ) ) ;
#2028 = ORIENTED_EDGE ( 'NONE', *, *, #32, .T. ) ;
#2029 = EDGE_CURVE ( 'NONE', #1167, #1913, #1186, .T. ) ;
#2030 = EDGE_CURVE ( 'NONE', #3875, #1164, #5039, .T. ) ;
#2031 = ORIENTED_EDGE ( 'NONE', *, *, #569, .T. ) ;
#2032 = CARTESIAN_POINT ( 'NONE',  ( -9.619363854055755780, 9.500000000000000000, -2.732734718790980288 ) ) ;
#2033 = CARTESIAN_POINT ( 'NONE',  ( 3.708174382605566421, 1.768641139222086212, -9.287931484318793451 ) ) ;
#2034 = AXIS2_PLACEMENT_3D ( 'NONE', #1278, #3534, #735 ) ;
#2035 = ORIENTED_EDGE ( 'NONE', *, *, #5105, .T. ) ;
#2036 = CARTESIAN_POINT ( 'NONE',  ( -4.594722306767663689, 1.975903690497189169, -8.882643920376576574 ) ) ;
#2037 = CARTESIAN_POINT ( 'NONE',  ( 0.000000000000000000, 9.500000000000000000, 0.000000000000000000 ) ) ;
#2038 = ORIENTED_EDGE ( 'NONE', *, *, #1353, .F. ) ;
#2039 = CARTESIAN_POINT ( 'NONE',  ( -9.606967333087593985, 2.257089604130861460, -2.777044024017619961 ) ) ;
#2040 = DIRECTION ( 'NONE',  ( -0.7622926637108774495, 0.000000000000000000, 0.6472324890273780662 ) ) ;
#2041 = EDGE_LOOP ( 'NONE', ( #4876, #183, #6040, #5068 ) ) ;
#2042 = CARTESIAN_POINT ( 'NONE',  ( -4.532526391864117876, 2.343771222574625668, 8.817164848740146610 ) ) ;
#2043 = DIRECTION ( 'NONE',  ( 0.000000000000000000, 0.000000000000000000, -1.000000000000000000 ) ) ;
#2044 = CARTESIAN_POINT ( 'NONE',  ( 9.138395661352950228, 9.500000000000000000, 2.596097982851488961 ) ) ;
#2045 = AXIS2_PLACEMENT_3D ( 'NONE', #2912, #195, #5709 ) ;
#2046 = DIRECTION ( 'NONE',  ( 0.000000000000000000, -1.000000000000000000, 0.000000000000000000 ) ) ;
#2047 = CARTESIAN_POINT ( 'NONE',  ( 2.932010965672982472, 2.051189550670914130, 9.560831454120886974 ) ) ;
#2048 = ORIENTED_EDGE ( 'NONE', *, *, #314, .F. ) ;
#2049 = VECTOR ( 'NONE', #4718, 1000.000000000000000 ) ;
#2050 = DIRECTION ( 'NONE',  ( 0.000000000000000000, -1.000000000000000000, 0.000000000000000000 ) ) ;
#2051 = EDGE_LOOP ( 'NONE', ( #2247, #6931, #5079, #460, #4567, #4701 ) ) ;
#2052 = DIRECTION ( 'NONE',  ( -0.000000000000000000, -1.000000000000000000, -0.000000000000000000 ) ) ;
#2053 = CARTESIAN_POINT ( 'NONE',  ( -10.79269157286921654, 2.500000000000000444, 4.470479223992207096 ) ) ;
#2054 = EDGE_CURVE ( 'NONE', #4997, #3830, #394, .T. ) ;
#2055 = CARTESIAN_POINT ( 'NONE',  ( 7.611508121969512430, 9.500000000000000000, 6.368549229223070540 ) ) ;
#2056 = AXIS2_PLACEMENT_3D ( 'NONE', #6447, #4865, #7065 ) ;
#2057 = ORIENTED_EDGE ( 'NONE', *, *, #4509, .T. ) ;
#2058 = CARTESIAN_POINT ( 'NONE',  ( 8.757196459659317256, 2.255681435097405263, 4.828799771687516618 ) ) ;
#2059 = CIRCLE ( 'NONE', #5093, 0.4999999999999995559 ) ;
#2060 = DIRECTION ( 'NONE',  ( 0.000000000000000000, 0.000000000000000000, 1.000000000000000000 ) ) ;
#2061 = ORIENTED_EDGE ( 'NONE', *, *, #153, .T. ) ;
#2062 = EDGE_CURVE ( 'NONE', #3335, #2307, #5266, .T. ) ;
#2063 = AXIS2_PLACEMENT_3D ( 'NONE', #3625, #4209, #1441 ) ;
#2064 = VERTEX_POINT ( 'NONE', #2374 ) ;
#2065 = CARTESIAN_POINT ( 'NONE',  ( 6.703810052746274728, 1.829430187479179404, -7.421242497277483530 ) ) ;
#2066 = CARTESIAN_POINT ( 'NONE',  ( -4.626103053009483546, 10.00000000000000000, 8.297540029607349155 ) ) ;
#2067 = AXIS2_PLACEMENT_3D ( 'NONE', #1866, #6302, #1439 ) ;
#2068 = ORIENTED_EDGE ( 'NONE', *, *, #4201, .T. ) ;
#2069 = CARTESIAN_POINT ( 'NONE',  ( -4.626103053009482657, 10.00000000000000000, 8.297540029607349155 ) ) ;
#2070 = EDGE_CURVE ( 'NONE', #3687, #5012, #6193, .T. ) ;
#2071 = CARTESIAN_POINT ( 'NONE',  ( 6.556373006456611030, 2.212746796842760766, -7.393314632472633541 ) ) ;
#2072 = CARTESIAN_POINT ( 'NONE',  ( -7.841361078610857405, 2.372020242595191508, 6.205888851312661103 ) ) ;
#2073 = AXIS2_PLACEMENT_3D ( 'NONE', #5911, #5439, #3796 ) ;
#2074 = CARTESIAN_POINT ( 'NONE',  ( -9.034166618178240071, 1.829075679051545444, -4.289462306013210657 ) ) ;
#2075 = CARTESIAN_POINT ( 'NONE',  ( 0.8789046617972536835, 10.00001200000000168, -9.885393354405108468 ) ) ;
#2076 = FACE_OUTER_BOUND ( 'NONE', #3833, .T. ) ;
#2077 = ORIENTED_EDGE ( 'NONE', *, *, #2424, .F. ) ;
#2078 = CARTESIAN_POINT ( 'NONE',  ( 0.000000000000000000, 0.000000000000000000, 3.499999999999999556 ) ) ;
#2079 = EDGE_CURVE ( 'NONE', #5593, #4248, #1872, .T. ) ;
#2080 = DIRECTION ( 'NONE',  ( 0.5249775667251639355, 0.000000000000000000, -0.8511160640214271433 ) ) ;
#2081 = FACE_OUTER_BOUND ( 'NONE', #1618, .T. ) ;
#2082 = CARTESIAN_POINT ( 'NONE',  ( -2.043718524445536477, 8.000000000000000000, -1.260587625341246021 ) ) ;
#2083 = ORIENTED_EDGE ( 'NONE', *, *, #297, .T. ) ;
#2084 = CARTESIAN_POINT ( 'NONE',  ( 9.436260398347627643, 10.00000000000000000, -1.098630827246467323 ) ) ;
#2085 = VERTEX_POINT ( 'NONE', #2411 ) ;
#2086 = FACE_OUTER_BOUND ( 'NONE', #758, .T. ) ;
#2087 = CIRCLE ( 'NONE', #2907, 2.000000000000000000 ) ;
#2088 = FACE_OUTER_BOUND ( 'NONE', #6992, .T. ) ;
#2089 = DIRECTION ( 'NONE',  ( 0.000000000000000000, -1.000000000000000000, -0.000000000000000000 ) ) ;
#2090 = CIRCLE ( 'NONE', #1735, 2.000000000000000000 ) ;
#2091 = DIRECTION ( 'NONE',  ( -0.9971414314842894644, 0.000000000000000000, 0.07555769727474609398 ) ) ;
#2092 = CARTESIAN_POINT ( 'NONE',  ( 1.098630827246567243, 10.00000000000000000, -9.436260398347616984 ) ) ;
#2093 = ORIENTED_EDGE ( 'NONE', *, *, #617, .F. ) ;
#2094 = AXIS2_PLACEMENT_3D ( 'NONE', #43, #2237, #3017 ) ;
#2095 = DIRECTION ( 'NONE',  ( 0.000000000000000000, 1.000000000000000000, 0.000000000000000000 ) ) ;
#2096 = CARTESIAN_POINT ( 'NONE',  ( -1.276266388579325284, 8.000000000000000000, -2.504813822048897354 ) ) ;
#2097 = ORIENTED_EDGE ( 'NONE', *, *, #3689, .T. ) ;
#2098 = AXIS2_PLACEMENT_3D ( 'NONE', #3182, #7062, #3218 ) ;
#2099 = EDGE_CURVE ( 'NONE', #3523, #135, #3403, .T. ) ;
#2100 = CARTESIAN_POINT ( 'NONE',  ( 7.587297981928737833, 2.377840714399296118, -6.389449519739551775 ) ) ;
#2101 = DIRECTION ( 'NONE',  ( -0.000000000000000000, -1.000000000000000000, -0.000000000000000000 ) ) ;
#2102 = ORIENTED_EDGE ( 'NONE', *, *, #836, .F. ) ;
#2103 = DIRECTION ( 'NONE',  ( -0.000000000000000000, -1.000000000000000000, -0.000000000000000000 ) ) ;
#2104 = CARTESIAN_POINT ( 'NONE',  ( 7.031412306681093405, 2.134320569920992394, 6.885828264191756531 ) ) ;
#2105 = ADVANCED_FACE ( 'NONE', ( #4017 ), #1255, .T. ) ;
#2106 = CARTESIAN_POINT ( 'NONE',  ( -8.805704254427018540, 2.409665417632274487, -4.741424089088003058 ) ) ;
#2107 = DIRECTION ( 'NONE',  ( -0.000000000000000000, -1.000000000000000000, -0.000000000000000000 ) ) ;
#2108 = DIRECTION ( 'NONE',  ( 0.000000000000000000, 1.000000000000000000, 0.000000000000000000 ) ) ;
#2109 = AXIS2_PLACEMENT_3D ( 'NONE', #1328, #783, #4131 ) ;
#2110 = ORIENTED_EDGE ( 'NONE', *, *, #5759, .F. ) ;
#2111 = CARTESIAN_POINT ( 'NONE',  ( 9.238422349479496082E-16, 9.500000000000000000, -7.543744331762958666 ) ) ;
#2112 = CARTESIAN_POINT ( 'NONE',  ( 7.415746258786980682, 1.827366529454474531, 6.709852692988624412 ) ) ;
#2113 = LINE ( 'NONE', #4273, #486 ) ;
#2114 = AXIS2_PLACEMENT_3D ( 'NONE', #1372, #718, #2897 ) ;
#2115 = EDGE_CURVE ( 'NONE', #5161, #2811, #6755, .T. ) ;
#2116 = EDGE_CURVE ( 'NONE', #4041, #11, #4099, .T. ) ;
#2117 = EDGE_LOOP ( 'NONE', ( #53, #271, #4569, #6902 ) ) ;
#2118 = CARTESIAN_POINT ( 'NONE',  ( 6.205888851312576726, 9.500000000000000000, 7.841361078610923130 ) ) ;
#2119 = TOROIDAL_SURFACE ( 'NONE', #970, 1.500000000000000000, 0.5000000000000000000 ) ;
#2120 = CARTESIAN_POINT ( 'NONE',  ( -9.932905682471179887, 2.500000000000000444, 1.156453502364769514 ) ) ;
#2121 = DIRECTION ( 'NONE',  ( 0.9971414314842892423, 0.000000000000000000, 0.07555769727474859199 ) ) ;
#2122 = ORIENTED_EDGE ( 'NONE', *, *, #2599, .F. ) ;
#2123 = CARTESIAN_POINT ( 'NONE',  ( 4.503551450493366026, 2.316909120595329608, -8.826679356529677278 ) ) ;
#2124 = AXIS2_PLACEMENT_3D ( 'NONE', #4940, #6049, #3804 ) ;
#2125 = DIRECTION ( 'NONE',  ( 0.000000000000000000, 0.000000000000000000, 1.000000000000000000 ) ) ;
#2126 = LINE ( 'NONE', #2823, #6301 ) ;
#2127 = VERTEX_POINT ( 'NONE', #2338 ) ;
#2128 = AXIS2_PLACEMENT_3D ( 'NONE', #3599, #2940, #5167 ) ;
#2129 = DIRECTION ( 'NONE',  ( 0.9716864685947457225, 0.000000000000000000, -0.2362740077746008915 ) ) ;
#2130 = CARTESIAN_POINT ( 'NONE',  ( 6.368549247076002118, 2.438513403071490782, -7.611508069917393371 ) ) ;
#2131 = DIRECTION ( 'NONE',  ( 0.000000000000000000, -1.000000000000000000, 0.000000000000000000 ) ) ;
#2132 = ORIENTED_EDGE ( 'NONE', *, *, #3641, .T. ) ;
#2133 = CYLINDRICAL_SURFACE ( 'NONE', #3099, 10.00000000000000000 ) ;
#2134 = ADVANCED_FACE ( 'NONE', ( #1796 ), #6231, .F. ) ;
#2135 = CARTESIAN_POINT ( 'NONE',  ( -7.247002898594022469, 1.779448407880940719, 6.891745755504305571 ) ) ;
#2136 = DIRECTION ( 'NONE',  ( -0.5249775667251619371, 0.000000000000000000, -0.8511160640214283646 ) ) ;
#2137 = FACE_OUTER_BOUND ( 'NONE', #5325, .T. ) ;
#2138 = AXIS2_PLACEMENT_3D ( 'NONE', #5427, #3171, #6464 ) ;
#2139 = DIRECTION ( 'NONE',  ( 0.000000000000000000, 1.000000000000000000, 0.000000000000000000 ) ) ;
#2140 = ORIENTED_EDGE ( 'NONE', *, *, #4802, .T. ) ;
#2141 = CARTESIAN_POINT ( 'NONE',  ( -4.626103053009432919, 2.500000000000000444, -8.297540029607377576 ) ) ;
#2142 = CARTESIAN_POINT ( 'NONE',  ( -9.878024200989290904, 2.314666110110169317, 0.7802894779563663841 ) ) ;
#2143 = PLANE ( 'NONE',  #2325 ) ;
#2144 = ADVANCED_FACE ( 'NONE', ( #106 ), #5694, .T. ) ;
#2145 = DIRECTION ( 'NONE',  ( 0.000000000000000000, 0.000000000000000000, 1.000000000000000000 ) ) ;
#2146 = CARTESIAN_POINT ( 'NONE',  ( 4.286263797015736102E-16, -4.000000000000000000, -3.499999999999999556 ) ) ;
#2147 = CIRCLE ( 'NONE', #3791, 2.500000000000000444 ) ;
#2148 = ORIENTED_EDGE ( 'NONE', *, *, #3919, .T. ) ;
#2149 = LINE ( 'NONE', #4801, #3356 ) ;
#2150 = EDGE_CURVE ( 'NONE', #1533, #5650, #6846, .T. ) ;
#2151 = CARTESIAN_POINT ( 'NONE',  ( -0.3438832672704887350, 2.147338236543219203, -9.848084524819210372 ) ) ;
#2152 = EDGE_CURVE ( 'NONE', #2127, #884, #5766, .T. ) ;
#2153 = DIRECTION ( 'NONE',  ( 0.000000000000000000, 0.000000000000000000, -1.000000000000000000 ) ) ;
#2154 = AXIS2_PLACEMENT_3D ( 'NONE', #5386, #410, #1792 ) ;
#2155 = DIRECTION ( 'NONE',  ( 0.000000000000000000, 0.000000000000000000, 1.000000000000000000 ) ) ;
#2156 = CARTESIAN_POINT ( 'NONE',  ( -2.970974231079568817, 9.500000000000000000, 9.469254843656223386 ) ) ;
#2157 = DIRECTION ( 'NONE',  ( -0.9716864685947457225, 0.000000000000000000, 0.2362740077746010858 ) ) ;
#2158 = ORIENTED_EDGE ( 'NONE', *, *, #1734, .F. ) ;
#2159 = EDGE_CURVE ( 'NONE', #5733, #3210, #845, .T. ) ;
#2160 = AXIS2_PLACEMENT_3D ( 'NONE', #3141, #4822, #7018 ) ;
#2161 = ORIENTED_EDGE ( 'NONE', *, *, #5949, .F. ) ;
#2162 = CARTESIAN_POINT ( 'NONE',  ( -9.567866486751208654, 2.321832774718631587, 2.911939321413858028 ) ) ;
#2163 = CARTESIAN_POINT ( 'NONE',  ( 6.360301573036671208, 2.059838893144178229, -7.717017477651020307 ) ) ;
#2164 = CARTESIAN_POINT ( 'NONE',  ( 4.564612839430726154, 2.377840714399326760, -8.806614869402642043 ) ) ;
#2165 = EDGE_LOOP ( 'NONE', ( #1425, #1608, #4440 ) ) ;
#2166 = CARTESIAN_POINT ( 'NONE',  ( -2.596097982851400143, 9.500000000000000000, 9.138395661352978649 ) ) ;
#2167 = CARTESIAN_POINT ( 'NONE',  ( -9.332714570764917283, 1.779448407880938943, 3.593834903188237728 ) ) ;
#2168 = TOROIDAL_SURFACE ( 'NONE', #6009, 9.500000000000000000, 0.5000000000000000000 ) ;
#2169 = CARTESIAN_POINT ( 'NONE',  ( -7.643810160369031159, 1.975531022569853468, 6.448641078955088091 ) ) ;
#2170 = CARTESIAN_POINT ( 'NONE',  ( -4.594978287206035183, 9.500000000000000000, 8.796570338259719790 ) ) ;
#2171 = DIRECTION ( 'NONE',  ( 3.642919299551294898E-14, 0.000000000000000000, 1.000000000000000000 ) ) ;
#2172 = AXIS2_PLACEMENT_3D ( 'NONE', #4151, #1982, #4686 ) ;
#2173 = EDGE_LOOP ( 'NONE', ( #6852, #740, #1378, #7150, #598, #6098, #5021, #2576, #2283, #848, #974, #2622, #4805, #4835, #1182, #4410, #4579, #4298, #3286, #1965, #205, #1936, #2978, #6115, #5342, #4914, #334, #6059, #2319, #2097, #434, #3921, #6915, #3704, #1450, #5795 ) ) ;
#2174 = CARTESIAN_POINT ( 'NONE',  ( -6.682430624000237351, 2.164537838121649127, -7.249987813959714700 ) ) ;
#2175 = ORIENTED_EDGE ( 'NONE', *, *, #1125, .F. ) ;
#2176 = CARTESIAN_POINT ( 'NONE',  ( -9.863918724921028058, 2.212746796842760766, 0.5918070992132743458 ) ) ;
#2177 = LINE ( 'NONE', #4415, #1412 ) ;
#2178 = TOROIDAL_SURFACE ( 'NONE', #6245, 9.500000000000000000, 0.5000000000000000000 ) ;
#2179 = CARTESIAN_POINT ( 'NONE',  ( 2.970974231079632766, 9.500000000000000000, -9.469254843656200293 ) ) ;
#2180 = CARTESIAN_POINT ( 'NONE',  ( 3.943489008538171525, 1.768638744481567660, 9.190461521628884967 ) ) ;
#2181 = EDGE_CURVE ( 'NONE', #1570, #1043, #6171, .T. ) ;
#2182 = EDGE_LOOP ( 'NONE', ( #5455, #5257 ) ) ;
#2183 = CARTESIAN_POINT ( 'NONE',  ( 4.532184927350010106, 2.343452233630471504, 8.817277085773898904 ) ) ;
#2184 = CARTESIAN_POINT ( 'NONE',  ( -3.150000000000000799, 8.000000000000000000, 5.421010862427522170E-17 ) ) ;
#2185 = CARTESIAN_POINT ( 'NONE',  ( -1.851523544721291881, 8.000000000000000000, -2.548403532281083628 ) ) ;
#2186 = ORIENTED_EDGE ( 'NONE', *, *, #2150, .T. ) ;
#2187 = DIRECTION ( 'NONE',  ( -0.9249892435672766311, 0.000000000000000000, 0.3799932884734116278 ) ) ;
#2188 = EDGE_CURVE ( 'NONE', #5666, #4316, #1294, .T. ) ;
#2189 = DIRECTION ( 'NONE',  ( 0.000000000000000000, 1.000000000000000000, 0.000000000000000000 ) ) ;
#2190 = FACE_OUTER_BOUND ( 'NONE', #3164, .T. ) ;
#2191 = EDGE_LOOP ( 'NONE', ( #5490, #3422, #6891 ) ) ;
#2192 = DIRECTION ( 'NONE',  ( 0.000000000000000000, 1.000000000000000000, 0.000000000000000000 ) ) ;
#2193 = AXIS2_PLACEMENT_3D ( 'NONE', #2141, #6652, #5572 ) ;
#2194 = CIRCLE ( 'NONE', #1512, 0.4999999999999995559 ) ;
#2195 = VERTEX_POINT ( 'NONE', #255 ) ;
#2196 = EDGE_CURVE ( 'NONE', #4906, #7165, #1073, .T. ) ;
#2197 = EDGE_CURVE ( 'NONE', #6610, #5082, #4139, .T. ) ;
#2198 = CARTESIAN_POINT ( 'NONE',  ( -9.297048667841398384, 2.183709232977730341, 3.313989850241857216 ) ) ;
#2199 = CARTESIAN_POINT ( 'NONE',  ( 7.841361051494490475, 2.376055744299606420, -6.205888885575150837 ) ) ;
#2200 = DIRECTION ( 'NONE',  ( 0.000000000000000000, 1.000000000000000000, 0.000000000000000000 ) ) ;
#2201 = ORIENTED_EDGE ( 'NONE', *, *, #1044, .T. ) ;
#2202 = CARTESIAN_POINT ( 'NONE',  ( 8.260368511126632285, 10.00001200000000168, 8.260368511126834790 ) ) ;
#2203 = VECTOR ( 'NONE', #4441, 1000.000000000000000 ) ;
#2204 = CARTESIAN_POINT ( 'NONE',  ( 5.095752233843723986E-17, 10.00000000000000000, -11.68192517863507618 ) ) ;
#2205 = CARTESIAN_POINT ( 'NONE',  ( 6.451230953596363449, 2.181049877636647594, 7.641948001532844259 ) ) ;
#2206 = ORIENTED_EDGE ( 'NONE', *, *, #5014, .F. ) ;
#2207 = CARTESIAN_POINT ( 'NONE',  ( -6.555906814057296472, 2.212953969771218610, -7.393847267223429220 ) ) ;
#2208 = CARTESIAN_POINT ( 'NONE',  ( 4.470479223992089857, 9.500000000000000000, 10.79269157286926628 ) ) ;
#2209 = ORIENTED_EDGE ( 'NONE', *, *, #6765, .T. ) ;
#2210 = CARTESIAN_POINT ( 'NONE',  ( -7.104936358681997355, 2.139858412045505975, -6.815700865711515455 ) ) ;
#2211 = VERTEX_POINT ( 'NONE', #4692 ) ;
#2212 = CARTESIAN_POINT ( 'NONE',  ( -4.594978287205977452, 2.500000000000000444, -8.796570338259748212 ) ) ;
#2213 = LINE ( 'NONE', #3858, #529 ) ;
#2214 = DIRECTION ( 'NONE',  ( 0.000000000000000000, 1.000000000000000000, 0.000000000000000000 ) ) ;
#2215 = VERTEX_POINT ( 'NONE', #2968 ) ;
#2216 = ORIENTED_EDGE ( 'NONE', *, *, #3598, .T. ) ;
#2217 = CARTESIAN_POINT ( 'NONE',  ( 3.924093166778549246, 2.134291405717182677, 9.026369566624458329 ) ) ;
#2218 = DIRECTION ( 'NONE',  ( -0.8982659121149837445, -3.895607413538950797E-16, 0.4394523308986271193 ) ) ;
#2219 = CARTESIAN_POINT ( 'NONE',  ( 0.8789046617972520181, 10.00001200000000168, 9.885393354405108468 ) ) ;
#2220 = ORIENTED_EDGE ( 'NONE', *, *, #3460, .T. ) ;
#2221 = EDGE_CURVE ( 'NONE', #6970, #4465, #5196, .T. ) ;
#2222 = FACE_OUTER_BOUND ( 'NONE', #2191, .T. ) ;
#2223 = AXIS2_PLACEMENT_3D ( 'NONE', #5657, #4541, #2934 ) ;
#2224 = CARTESIAN_POINT ( 'NONE',  ( 1.552006135520455375E-13, 1.768578062440346432, 10.00000000000000000 ) ) ;
#2225 = CARTESIAN_POINT ( 'NONE',  ( -7.455982384190883216, 2.242932669926582800, 6.502380906176221664 ) ) ;
#2226 = ORIENTED_EDGE ( 'NONE', *, *, #4796, .T. ) ;
#2227 = CARTESIAN_POINT ( 'NONE',  ( 8.297540029607301193, 9.500000000000000000, 4.626103053009571475 ) ) ;
#2228 = ORIENTED_EDGE ( 'NONE', *, *, #1843, .T. ) ;
#2229 = EDGE_CURVE ( 'NONE', #769, #4696, #1909, .T. ) ;
#2230 = CIRCLE ( 'NONE', #6645, 0.5000000000000002220 ) ;
#2231 = EDGE_LOOP ( 'NONE', ( #2102, #7135, #2496, #2068 ) ) ;
#2232 = EDGE_LOOP ( 'NONE', ( #6021, #928, #1449 ) ) ;
#2233 = CARTESIAN_POINT ( 'NONE',  ( -8.884289160643506378, 2.181508697813423048, 4.592078116478297112 ) ) ;
#2234 = CARTESIAN_POINT ( 'NONE',  ( 9.878024200989298009, 2.314666110110169761, -0.7802894779562976613 ) ) ;
#2235 = CARTESIAN_POINT ( 'NONE',  ( -7.415746258787027756, 1.827366529454477639, -6.709852692988572009 ) ) ;
#2236 = EDGE_LOOP ( 'NONE', ( #4976, #236, #3194, #5508 ) ) ;
#2237 = DIRECTION ( 'NONE',  ( 0.000000000000000000, 1.000000000000000000, 0.000000000000000000 ) ) ;
#2238 = DIRECTION ( 'NONE',  ( 0.7622926637108761172, 0.000000000000000000, 0.6472324890273798426 ) ) ;
#2239 = ADVANCED_FACE ( 'NONE', ( #2485 ), #3012, .T. ) ;
#2240 = EDGE_CURVE ( 'NONE', #7125, #5661, #1048, .T. ) ;
#2241 = CIRCLE ( 'NONE', #6314, 0.5000000000000004441 ) ;
#2242 = CARTESIAN_POINT ( 'NONE',  ( 6.815466159439638183, 2.139924804626883947, 7.105199791446664470 ) ) ;
#2243 = AXIS2_PLACEMENT_3D ( 'NONE', #4475, #6091, #3376 ) ;
#2244 = ORIENTED_EDGE ( 'NONE', *, *, #3502, .T. ) ;
#2245 = SPHERICAL_SURFACE ( 'NONE', #1817, 0.5000000000000000000 ) ;
#2246 = SPHERICAL_SURFACE ( 'NONE', #5532, 0.5000000000000000000 ) ;
#2247 = ORIENTED_EDGE ( 'NONE', *, *, #5088, .T. ) ;
#2248 = CARTESIAN_POINT ( 'NONE',  ( -6.619553888663427976, 2.183709232977764536, -7.321143966266300929 ) ) ;
#2249 = ORIENTED_EDGE ( 'NONE', *, *, #3451, .T. ) ;
#2250 = DIRECTION ( 'NONE',  ( 0.000000000000000000, 0.000000000000000000, 1.000000000000000000 ) ) ;
#2251 = CARTESIAN_POINT ( 'NONE',  ( -9.863965706758319740, 2.212953969771219054, -0.5925133766642857180 ) ) ;
#2252 = CARTESIAN_POINT ( 'NONE',  ( 0.9124482025973557064, 0.000000000000000000, -2.221104420305846538 ) ) ;
#2253 = DIRECTION ( 'NONE',  ( -0.9716864685947455005, 0.000000000000000000, 0.2362740077746017520 ) ) ;
#2254 = CIRCLE ( 'NONE', #5518, 0.4999999999999996669 ) ;
#2255 = ORIENTED_EDGE ( 'NONE', *, *, #2810, .T. ) ;
#2256 = ORIENTED_EDGE ( 'NONE', *, *, #6382, .F. ) ;
#2257 = CARTESIAN_POINT ( 'NONE',  ( -4.603674570840312619, 1.982312691401808546, -8.878012131685462549 ) ) ;
#2258 = DIRECTION ( 'NONE',  ( 0.000000000000000000, 0.000000000000000000, 1.000000000000000000 ) ) ;
#2259 = CARTESIAN_POINT ( 'NONE',  ( 8.260368511126632285, 9.500000000000000000, 8.260368511126834790 ) ) ;
#2260 = VERTEX_POINT ( 'NONE', #1621 ) ;
#2261 = DIRECTION ( 'NONE',  ( 0.000000000000000000, 1.000000000000000000, 0.000000000000000000 ) ) ;
#2262 = LINE ( 'NONE', #3943, #4750 ) ;
#2263 = DIRECTION ( 'NONE',  ( 1.734723475976807094E-15, 0.000000000000000000, 1.000000000000000000 ) ) ;
#2264 = EDGE_LOOP ( 'NONE', ( #5688, #2564, #6633, #2790 ) ) ;
#2265 = ADVANCED_FACE ( 'NONE', ( #1117 ), #5957, .T. ) ;
#2266 = DIRECTION ( 'NONE',  ( 0.000000000000000000, -0.000000000000000000, -1.000000000000000000 ) ) ;
#2267 = ORIENTED_EDGE ( 'NONE', *, *, #2373, .F. ) ;
#2268 = CIRCLE ( 'NONE', #5076, 0.5000000000000003331 ) ;
#2269 = CARTESIAN_POINT ( 'NONE',  ( -9.150139654457381866, 1.992695579455160626, 4.035844149635461342 ) ) ;
#2270 = DIRECTION ( 'NONE',  ( 0.000000000000000000, 0.000000000000000000, 1.000000000000000000 ) ) ;
#2271 = AXIS2_PLACEMENT_3D ( 'NONE', #6746, #187, #1728 ) ;
#2272 = EDGE_CURVE ( 'NONE', #5082, #2419, #5594, .T. ) ;
#2273 = CARTESIAN_POINT ( 'NONE',  ( -7.810864416449860848, 2.249819565270344768, -6.244726359285742490 ) ) ;
#2274 = EDGE_LOOP ( 'NONE', ( #5606, #7117, #4456, #6078 ) ) ;
#2275 = CYLINDRICAL_SURFACE ( 'NONE', #2914, 2.000000000000000000 ) ;
#2276 = FACE_OUTER_BOUND ( 'NONE', #1226, .T. ) ;
#2277 = AXIS2_PLACEMENT_3D ( 'NONE', #882, #3576, #312 ) ;
#2278 = DIRECTION ( 'NONE',  ( -0.000000000000000000, -1.000000000000000000, -0.000000000000000000 ) ) ;
#2279 = CARTESIAN_POINT ( 'NONE',  ( -7.079631448005796024, 2.134291405717181345, -6.837592653503839379 ) ) ;
#2280 = CARTESIAN_POINT ( 'NONE',  ( 5.895594408746948289, 9.500000000000000000, 7.449293024680377684 ) ) ;
#2281 = ADVANCED_FACE ( 'NONE', ( #4362 ), #2754, .T. ) ;
#2282 = CARTESIAN_POINT ( 'NONE',  ( -7.321179991124034281, 2.183694385698101925, -6.619520378501517754 ) ) ;
#2283 = ORIENTED_EDGE ( 'NONE', *, *, #182, .T. ) ;
#2284 = FACE_OUTER_BOUND ( 'NONE', #2051, .T. ) ;
#2285 = DIRECTION ( 'NONE',  ( -0.000000000000000000, -1.000000000000000000, -0.000000000000000000 ) ) ;
#2286 = DIRECTION ( 'NONE',  ( 0.000000000000000000, 0.000000000000000000, 1.000000000000000000 ) ) ;
#2287 = VECTOR ( 'NONE', #3585, 1000.000000000000000 ) ;
#2288 = EDGE_CURVE ( 'NONE', #4248, #6446, #6562, .T. ) ;
#2289 = ORIENTED_EDGE ( 'NONE', *, *, #1617, .F. ) ;
#2290 = FACE_OUTER_BOUND ( 'NONE', #2327, .T. ) ;
#2291 = VERTEX_POINT ( 'NONE', #1802 ) ;
#2292 = CARTESIAN_POINT ( 'NONE',  ( -9.932905682471172781, 2.500000000000000000, -1.156453502364842567 ) ) ;
#2293 = AXIS2_PLACEMENT_3D ( 'NONE', #4195, #1428, #4232 ) ;
#2294 = DIRECTION ( 'NONE',  ( 0.000000000000000000, 0.000000000000000000, 1.000000000000000000 ) ) ;
#2295 = ORIENTED_EDGE ( 'NONE', *, *, #6072, .F. ) ;
#2296 = CARTESIAN_POINT ( 'NONE',  ( -7.750301799340684639, 2.409665417632252282, 6.320945485302116751 ) ) ;
#2297 = CIRCLE ( 'NONE', #4992, 0.4999999999999996669 ) ;
#2298 = DIRECTION ( 'NONE',  ( -0.2732734718790951201, 0.000000000000000000, 0.9619363854055763552 ) ) ;
#2299 = CARTESIAN_POINT ( 'NONE',  ( 0.000000000000000000, 10.00000000000000000, 7.543744331762958666 ) ) ;
#2300 = ORIENTED_EDGE ( 'NONE', *, *, #3911, .T. ) ;
#2301 = DIRECTION ( 'NONE',  ( -0.000000000000000000, 1.000000000000000000, -0.000000000000000000 ) ) ;
#2302 = VERTEX_POINT ( 'NONE', #5163 ) ;
#2303 = ORIENTED_EDGE ( 'NONE', *, *, #1319, .T. ) ;
#2304 = CARTESIAN_POINT ( 'NONE',  ( 9.297069126686189122, 2.183694385698144558, 3.313945104773045269 ) ) ;
#2305 = DIRECTION ( 'NONE',  ( -0.000000000000000000, -1.000000000000000000, -0.000000000000000000 ) ) ;
#2306 = FACE_OUTER_BOUND ( 'NONE', #4220, .T. ) ;
#2307 = VERTEX_POINT ( 'NONE', #1301 ) ;
#2308 = CARTESIAN_POINT ( 'NONE',  ( 1.156453458963273118, 2.376055744299623740, -9.932905687524263172 ) ) ;
#2309 = CARTESIAN_POINT ( 'NONE',  ( -2.732734718790946093, 10.00000000000000000, 9.619363854055764662 ) ) ;
#2310 = VECTOR ( 'NONE', #5374, 1000.000000000000000 ) ;
#2311 = AXIS2_PLACEMENT_3D ( 'NONE', #3819, #3316, #4524 ) ;
#2312 = EDGE_CURVE ( 'NONE', #4321, #547, #2721, .T. ) ;
#2313 = DIRECTION ( 'NONE',  ( 0.000000000000000000, -1.000000000000000000, 0.000000000000000000 ) ) ;
#2314 = DIRECTION ( 'NONE',  ( -1.856204616801502347E-16, 1.000000000000000000, 1.594314457810258454E-15 ) ) ;
#2315 = FACE_OUTER_BOUND ( 'NONE', #6456, .T. ) ;
#2316 = VERTEX_POINT ( 'NONE', #3484 ) ;
#2317 = CARTESIAN_POINT ( 'NONE',  ( -6.888520213642583379, 1.779849606445611521, -7.250099490762303311 ) ) ;
#2318 = TOROIDAL_SURFACE ( 'NONE', #597, 2.500000000000000000, 0.5000000000000000000 ) ;
#2319 = ORIENTED_EDGE ( 'NONE', *, *, #3590, .T. ) ;
#2320 = CARTESIAN_POINT ( 'NONE',  ( 0.000000000000000000, 10.00000000000000000, 0.000000000000000000 ) ) ;
#2321 = CARTESIAN_POINT ( 'NONE',  ( 2.970974231079633210, 10.00001200000000168, -9.469254843656200293 ) ) ;
#2322 = EDGE_CURVE ( 'NONE', #6385, #3914, #2339, .T. ) ;
#2323 = CARTESIAN_POINT ( 'NONE',  ( 1.156453502364807928, 2.500000000000000000, -9.932905682471176334 ) ) ;
#2324 = CARTESIAN_POINT ( 'NONE',  ( 3.941618638437764499, 1.768517871363070038, -9.191263844005485240 ) ) ;
#2325 = AXIS2_PLACEMENT_3D ( 'NONE', #1536, #6008, #6473 ) ;
#2326 = ORIENTED_EDGE ( 'NONE', *, *, #7119, .F. ) ;
#2327 = EDGE_LOOP ( 'NONE', ( #454, #2228, #426, #2077 ) ) ;
#2328 = CARTESIAN_POINT ( 'NONE',  ( 3.059004614404494227, 2.314916786199595844, 9.424838803981971935 ) ) ;
#2329 = ORIENTED_EDGE ( 'NONE', *, *, #2549, .F. ) ;
#2330 = DIRECTION ( 'NONE',  ( -0.000000000000000000, 1.000000000000000000, -0.000000000000000000 ) ) ;
#2331 = CARTESIAN_POINT ( 'NONE',  ( 5.095752233843723986E-17, 10.00000000000000000, -9.181925178635076179 ) ) ;
#2332 = ORIENTED_EDGE ( 'NONE', *, *, #4796, .F. ) ;
#2333 = EDGE_CURVE ( 'NONE', #5341, #4450, #1238, .T. ) ;
#2334 = CARTESIAN_POINT ( 'NONE',  ( -7.502303277451168206, 1.867418461490395254, 6.612736535335002941 ) ) ;
#2335 = ADVANCED_FACE ( 'NONE', ( #3520 ), #4221, .T. ) ;
#2336 = DIRECTION ( 'NONE',  ( -0.000000000000000000, -1.000000000000000000, -0.000000000000000000 ) ) ;
#2337 = SPHERICAL_SURFACE ( 'NONE', #6529, 0.5000000000000000000 ) ;
#2338 = CARTESIAN_POINT ( 'NONE',  ( -2.995828026329732996, 8.000000000000000000, 0.9734035322810843383 ) ) ;
#2339 = CIRCLE ( 'NONE', #158, 2.000000000000000000 ) ;
#2340 = VERTEX_POINT ( 'NONE', #6894 ) ;
#2341 = CARTESIAN_POINT ( 'NONE',  ( 7.414766135587769647, 1.827040335878404198, -6.710920482711932422 ) ) ;
#2342 = CARTESIAN_POINT ( 'NONE',  ( 9.332714570764943929, 1.779448407880940719, -3.593834903188170227 ) ) ;
#2343 = CARTESIAN_POINT ( 'NONE',  ( -0.3433206859912968367, 2.147145517465061548, 9.848044610950886124 ) ) ;
#2344 = ORIENTED_EDGE ( 'NONE', *, *, #2869, .T. ) ;
#2345 = CARTESIAN_POINT ( 'NONE',  ( -0.8789046617972543496, 2.500000000000000444, -9.885393354405108468 ) ) ;
#2346 = AXIS2_PLACEMENT_3D ( 'NONE', #1993, #3127, #4217 ) ;
#2347 = DIRECTION ( 'NONE',  ( -0.3799932884734116278, 0.000000000000000000, -0.9249892435672766311 ) ) ;
#2348 = DIRECTION ( 'NONE',  ( -0.6472324890273797315, 0.000000000000000000, 0.7622926637108760062 ) ) ;
#2349 = DIRECTION ( 'NONE',  ( -0.6205888851312723054, -5.950168953237868937E-15, 0.7841361078610808999 ) ) ;
#2350 = DIRECTION ( 'NONE',  ( -0.5249775667251637135, 0.000000000000000000, 0.8511160640214272544 ) ) ;
#2351 = DIRECTION ( 'NONE',  ( 0.000000000000000000, 1.000000000000000000, 0.000000000000000000 ) ) ;
#2352 = ORIENTED_EDGE ( 'NONE', *, *, #508, .T. ) ;
#2353 = DIRECTION ( 'NONE',  ( 0.000000000000000000, 0.000000000000000000, -1.000000000000000000 ) ) ;
#2354 = ADVANCED_FACE ( 'NONE', ( #3558 ), #3756, .T. ) ;
#2355 = CARTESIAN_POINT ( 'NONE',  ( -2.221104420305847427, 8.000000000000000000, 0.9124482025973577048 ) ) ;
#2356 = CARTESIAN_POINT ( 'NONE',  ( 9.619363854055736240, 10.00000000000000000, 2.732734718791042905 ) ) ;
#2357 = ORIENTED_EDGE ( 'NONE', *, *, #6286, .T. ) ;
#2358 = ORIENTED_EDGE ( 'NONE', *, *, #79, .F. ) ;
#2359 = DIRECTION ( 'NONE',  ( 0.000000000000000000, 0.000000000000000000, 1.000000000000000000 ) ) ;
#2360 = EDGE_CURVE ( 'NONE', #6800, #5241, #864, .T. ) ;
#2361 = VERTEX_POINT ( 'NONE', #4877 ) ;
#2362 = CARTESIAN_POINT ( 'NONE',  ( 9.469254843656253584, 2.500000000000000444, -2.970974231079464900 ) ) ;
#2363 = CARTESIAN_POINT ( 'NONE',  ( 4.400693446046251012, 1.867388762198086027, 8.980357240025675480 ) ) ;
#2364 = DIRECTION ( 'NONE',  ( 0.9716864685947458335, 0.000000000000000000, -0.2362740077746005307 ) ) ;
#2365 = ORIENTED_EDGE ( 'NONE', *, *, #3009, .F. ) ;
#2366 = CARTESIAN_POINT ( 'NONE',  ( -6.815700865711493250, 2.139858412045582359, 7.104936358681891662 ) ) ;
#2367 = DIRECTION ( 'NONE',  ( 0.000000000000000000, 0.000000000000000000, 1.000000000000000000 ) ) ;
#2368 = CIRCLE ( 'NONE', #6444, 2.000000000000000000 ) ;
#2369 = LINE ( 'NONE', #3817, #4344 ) ;
#2370 = AXIS2_PLACEMENT_3D ( 'NONE', #2355, #6909, #1852 ) ;
#2371 = VERTEX_POINT ( 'NONE', #1415 ) ;
#2372 = CARTESIAN_POINT ( 'NONE',  ( 1.010707579139243473, 2.500000000000000000, 9.949874371066197654 ) ) ;
#2373 = EDGE_CURVE ( 'NONE', #1313, #3720, #3752, .T. ) ;
#2374 = CARTESIAN_POINT ( 'NONE',  ( 9.932905682471186992, 9.500000000000000000, -1.156453502364700237 ) ) ;
#2375 = CARTESIAN_POINT ( 'NONE',  ( 9.938409227484202191, 2.257089604130889438, -1.110773098972487327 ) ) ;
#2376 = VERTEX_POINT ( 'NONE', #3636 ) ;
#2377 = ORIENTED_EDGE ( 'NONE', *, *, #1684, .T. ) ;
#2378 = CARTESIAN_POINT ( 'NONE',  ( -9.840950097952873676, 2.134257748930264764, -0.1012763761843118171 ) ) ;
#2379 = EDGE_CURVE ( 'NONE', #6461, #65, #623, .T. ) ;
#2380 = DIRECTION ( 'NONE',  ( 0.000000000000000000, 1.000000000000000000, 0.000000000000000000 ) ) ;
#2381 = AXIS2_PLACEMENT_3D ( 'NONE', #6717, #2350, #3421 ) ;
#2382 = ORIENTED_EDGE ( 'NONE', *, *, #3581, .T. ) ;
#2383 = CARTESIAN_POINT ( 'NONE',  ( 0.8789046617972536835, 2.500000000000000444, -9.885393354405108468 ) ) ;
#2384 = CARTESIAN_POINT ( 'NONE',  ( 8.801569444818207799, 2.414533010808959546, 4.579874499418558287 ) ) ;
#2385 = CARTESIAN_POINT ( 'NONE',  ( -8.817164848740132399, 2.343771222574626112, -4.532526391864147186 ) ) ;
#2386 = VECTOR ( 'NONE', #6438, 999.9999999999998863 ) ;
#2387 = CARTESIAN_POINT ( 'NONE',  ( -0.4397714266284739049, 8.000000000000000000, -2.776607510986325522 ) ) ;
#2388 = DIRECTION ( 'NONE',  ( 0.000000000000000000, 0.000000000000000000, 1.000000000000000000 ) ) ;
#2389 = FACE_OUTER_BOUND ( 'NONE', #3090, .T. ) ;
#2390 = ORIENTED_EDGE ( 'NONE', *, *, #2396, .T. ) ;
#2391 = SPHERICAL_SURFACE ( 'NONE', #2667, 0.5000000000000000000 ) ;
#2392 = DIRECTION ( 'NONE',  ( 0.000000000000000000, 0.000000000000000000, -1.000000000000000000 ) ) ;
#2393 = CIRCLE ( 'NONE', #3334, 0.4999999999999996669 ) ;
#2394 = CARTESIAN_POINT ( 'NONE',  ( 9.932905682471186992, 2.500000000000000444, -1.156453502364700237 ) ) ;
#2395 = DIRECTION ( 'NONE',  ( -0.6472324890273780662, 0.000000000000000000, -0.7622926637108774495 ) ) ;
#2396 = EDGE_CURVE ( 'NONE', #135, #6566, #1541, .T. ) ;
#2397 = DIRECTION ( 'NONE',  ( 0.000000000000000000, 0.000000000000000000, 1.000000000000000000 ) ) ;
#2398 = ORIENTED_EDGE ( 'NONE', *, *, #1801, .F. ) ;
#2399 = VERTEX_POINT ( 'NONE', #5812 ) ;
#2400 = CARTESIAN_POINT ( 'NONE',  ( 9.885393354405117350, 9.500000000000000000, -0.8789046617971486564 ) ) ;
#2401 = DIRECTION ( 'NONE',  ( 0.000000000000000000, -1.000000000000000000, 0.000000000000000000 ) ) ;
#2402 = CARTESIAN_POINT ( 'NONE',  ( 3.710106042531116977, 1.768515498480480730, 9.287160042897212975 ) ) ;
#2403 = DIRECTION ( 'NONE',  ( -1.000000000000000000, 3.469446951953611033E-15, 0.000000000000000000 ) ) ;
#2404 = LINE ( 'NONE', #5760, #5218 ) ;
#2405 = VECTOR ( 'NONE', #4240, 1000.000000000000000 ) ;
#2406 = CARTESIAN_POINT ( 'NONE',  ( -7.641948001533044099, 2.181049877636540124, 6.451230953596338580 ) ) ;
#2407 = EDGE_CURVE ( 'NONE', #2215, #507, #7113, .T. ) ;
#2408 = DIRECTION ( 'NONE',  ( 0.000000000000000000, 1.000000000000000000, 0.000000000000000000 ) ) ;
#2409 = AXIS2_PLACEMENT_3D ( 'NONE', #5179, #3814, #948 ) ;
#2410 = CARTESIAN_POINT ( 'NONE',  ( 0.9593430162965213004, 2.059838893144203098, 9.954167761667831016 ) ) ;
#2411 = CARTESIAN_POINT ( 'NONE',  ( 2.656295322589485863E-15, 8.000000000000000000, 3.149999999999999911 ) ) ;
#2412 = VECTOR ( 'NONE', #7028, 1000.000000000000000 ) ;
#2413 = EDGE_CURVE ( 'NONE', #3078, #6817, #5847, .T. ) ;
#2414 = ORIENTED_EDGE ( 'NONE', *, *, #6775, .T. ) ;
#2415 = VERTEX_POINT ( 'NONE', #3671 ) ;
#2416 = CARTESIAN_POINT ( 'NONE',  ( 9.529230687413235756, 2.181508697813395070, 3.035051535613049190 ) ) ;
#2417 = CARTESIAN_POINT ( 'NONE',  ( -9.883093623299894048, 2.378544800988968699, 0.8475496155054065284 ) ) ;
#2418 = CARTESIAN_POINT ( 'NONE',  ( -6.205888851312687748, 2.500000000000000444, 7.841361078610836088 ) ) ;
#2419 = VERTEX_POINT ( 'NONE', #5883 ) ;
#2420 = CARTESIAN_POINT ( 'NONE',  ( 2.596097982851460539, 10.00000000000000000, -9.138395661352959110 ) ) ;
#2421 = CARTESIAN_POINT ( 'NONE',  ( 9.026396591461196550, 2.134286657244863772, 3.924022968310301618 ) ) ;
#2422 = DIRECTION ( 'NONE',  ( -0.7622926637108761172, 0.000000000000000000, -0.6472324890273798426 ) ) ;
#2423 = ADVANCED_FACE ( 'NONE', ( #903 ), #5343, .T. ) ;
#2424 = EDGE_CURVE ( 'NONE', #1418, #5733, #48, .T. ) ;
#2425 = CARTESIAN_POINT ( 'NONE',  ( -4.470479223992169793, 9.500000000000000000, -10.79269157286923075 ) ) ;
#2426 = CARTESIAN_POINT ( 'NONE',  ( 9.439657202977960182, 2.343771222574624336, -3.029696907789615423 ) ) ;
#2427 = SPHERICAL_SURFACE ( 'NONE', #4706, 0.5000000000000000000 ) ;
#2428 = VECTOR ( 'NONE', #2854, 1000.000000000000000 ) ;
#2429 = VERTEX_POINT ( 'NONE', #2156 ) ;
#2430 = CARTESIAN_POINT ( 'NONE',  ( -8.260368511126690905, 2.500000000000000444, -8.260368511126776170 ) ) ;
#2431 = VECTOR ( 'NONE', #2844, 1000.000000000000000 ) ;
#2432 = FACE_OUTER_BOUND ( 'NONE', #5578, .T. ) ;
#2433 = CARTESIAN_POINT ( 'NONE',  ( 9.988368796715789699, 1.827040335878402866, 0.4976940340571943677 ) ) ;
#2434 = DIRECTION ( 'NONE',  ( -0.000000000000000000, -1.000000000000000000, -0.000000000000000000 ) ) ;
#2435 = CARTESIAN_POINT ( 'NONE',  ( 4.470479223992089857, 9.500000000000000000, 10.79269157286926628 ) ) ;
#2436 = CARTESIAN_POINT ( 'NONE',  ( -2.777044024017588431, 2.257089604130862348, 9.606967333087599314 ) ) ;
#2437 = EDGE_LOOP ( 'NONE', ( #646, #5415 ) ) ;
#2438 = ORIENTED_EDGE ( 'NONE', *, *, #6427, .T. ) ;
#2439 = CARTESIAN_POINT ( 'NONE',  ( -9.469254843656234044, 9.500000000000000000, 2.970974231079531513 ) ) ;
#2440 = CARTESIAN_POINT ( 'NONE',  ( 9.189634587520492559, 1.768641139221982073, -3.945484083995213442 ) ) ;
#2441 = DIRECTION ( 'NONE',  ( -0.000000000000000000, 1.000000000000000000, 0.000000000000000000 ) ) ;
#2442 = VECTOR ( 'NONE', #5187, 1000.000000000000000 ) ;
#2443 = ORIENTED_EDGE ( 'NONE', *, *, #1185, .T. ) ;
#2444 = CARTESIAN_POINT ( 'NONE',  ( -7.160420963994996058, 1.768515498480454307, 6.981733318280884504 ) ) ;
#2445 = CARTESIAN_POINT ( 'NONE',  ( -1.098630827246566799, 9.500000000000000000, 9.936260398347616984 ) ) ;
#2446 = CARTESIAN_POINT ( 'NONE',  ( 5.895594408746947401, 9.500000000000000000, 7.449293024680376796 ) ) ;
#2447 = CARTESIAN_POINT ( 'NONE',  ( -0.4013235377314567920, 2.164537838121623370, 9.851707555809991135 ) ) ;
#2448 = DIRECTION ( 'NONE',  ( 0.2362740077746034173, 0.000000000000000000, -0.9716864685947451674 ) ) ;
#2449 = ADVANCED_FACE ( 'NONE', ( #1549 ), #6593, .T. ) ;
#2450 = DIRECTION ( 'NONE',  ( 0.000000000000000000, 1.000000000000000000, -0.000000000000000000 ) ) ;
#2451 = ORIENTED_EDGE ( 'NONE', *, *, #1967, .F. ) ;
#2452 = ORIENTED_EDGE ( 'NONE', *, *, #6449, .F. ) ;
#2453 = DIRECTION ( 'NONE',  ( 0.000000000000000000, 0.000000000000000000, 1.000000000000000000 ) ) ;
#2454 = CARTESIAN_POINT ( 'NONE',  ( -9.932905682471179887, 2.500000000000000444, 1.156453502364772623 ) ) ;
#2455 = PLANE ( 'NONE',  #3986 ) ;
#2456 = ORIENTED_EDGE ( 'NONE', *, *, #7179, .F. ) ;
#2457 = DIRECTION ( 'NONE',  ( 0.000000000000000000, 3.469446951953614189E-15, 1.000000000000000000 ) ) ;
#2458 = EDGE_CURVE ( 'NONE', #1547, #778, #853, .T. ) ;
#2459 = CARTESIAN_POINT ( 'NONE',  ( -3.247154115396662988, 1.864094386502771483, 9.458796236486634257 ) ) ;
#2460 = CARTESIAN_POINT ( 'NONE',  ( -8.860697562244208569, 2.242932669926583245, -4.400076075797944242 ) ) ;
#2461 = CARTESIAN_POINT ( 'NONE',  ( -8.297540029607365142, 9.500000000000000000, 4.626103053009458677 ) ) ;
#2462 = DIRECTION ( 'NONE',  ( 0.000000000000000000, -1.000000000000000000, 0.000000000000000000 ) ) ;
#2463 = AXIS2_PLACEMENT_3D ( 'NONE', #7077, #2095, #7037 ) ;
#2464 = DIRECTION ( 'NONE',  ( 2.081668171172168908E-15, 0.000000000000000000, 1.000000000000000000 ) ) ;
#2465 = EDGE_LOOP ( 'NONE', ( #4939, #976, #6668, #3428 ) ) ;
#2466 = EDGE_CURVE ( 'NONE', #1611, #2615, #1041, .T. ) ;
#2467 = EDGE_CURVE ( 'NONE', #3837, #4289, #4907, .T. ) ;
#2468 = CARTESIAN_POINT ( 'NONE',  ( -10.79269157286918812, 10.00001200000000168, -4.470479223992283480 ) ) ;
#2469 = CARTESIAN_POINT ( 'NONE',  ( 0.000000000000000000, 9.992403876506100957, 0.000000000000000000 ) ) ;
#2470 = AXIS2_PLACEMENT_3D ( 'NONE', #177, #5619, #6155 ) ;
#2471 = CARTESIAN_POINT ( 'NONE',  ( 3.512295103721539746, 2.144391952824046044, -9.201202289774354171 ) ) ;
#2472 = DIRECTION ( 'NONE',  ( 0.000000000000000000, 0.000000000000000000, 1.000000000000000000 ) ) ;
#2473 = DIRECTION ( 'NONE',  ( 0.000000000000000000, 1.000000000000000000, 0.000000000000000000 ) ) ;
#2474 = ORIENTED_EDGE ( 'NONE', *, *, #5449, .T. ) ;
#2475 = EDGE_LOOP ( 'NONE', ( #4620, #6236, #6288, #4605 ) ) ;
#2476 = CARTESIAN_POINT ( 'NONE',  ( -4.061684449357159110, 1.779716818039825510, -9.138852710299557813 ) ) ;
#2477 = ADVANCED_FACE ( 'NONE', ( #1579 ), #6662, .F. ) ;
#2478 = CARTESIAN_POINT ( 'NONE',  ( 8.863313405234860554, 2.241156341101729677, -4.391695231003105881 ) ) ;
#2479 = DIRECTION ( 'NONE',  ( 0.000000000000000000, 0.000000000000000000, 1.000000000000000000 ) ) ;
#2480 = EDGE_LOOP ( 'NONE', ( #2550, #4178, #2752, #3989 ) ) ;
#2481 = DIRECTION ( 'NONE',  ( -0.000000000000000000, -1.000000000000000000, -0.000000000000000000 ) ) ;
#2482 = FACE_OUTER_BOUND ( 'NONE', #2475, .T. ) ;
#2483 = CARTESIAN_POINT ( 'NONE',  ( -4.470479223992246176, 9.500000000000000000, 10.79269157286920411 ) ) ;
#2484 = CARTESIAN_POINT ( 'NONE',  ( 0.9718434144856589185, 2.322848788353917726, 9.953844047997526090 ) ) ;
#2485 = FACE_OUTER_BOUND ( 'NONE', #2465, .T. ) ;
#2486 = AXIS2_PLACEMENT_3D ( 'NONE', #1983, #6921, #3660 ) ;
#2487 = CARTESIAN_POINT ( 'NONE',  ( 9.885393330222424169, 2.438513403071528973, -0.8789046123663315502 ) ) ;
#2488 = ORIENTED_EDGE ( 'NONE', *, *, #5885, .T. ) ;
#2489 = AXIS2_PLACEMENT_3D ( 'NONE', #2468, #1814, #2392 ) ;
#2490 = EDGE_CURVE ( 'NONE', #5077, #1975, #2825, .T. ) ;
#2491 = ORIENTED_EDGE ( 'NONE', *, *, #3000, .F. ) ;
#2492 = CARTESIAN_POINT ( 'NONE',  ( 8.863491263196683789, 2.240934156756747786, 4.391160136452821661 ) ) ;
#2493 =( BOUNDED_SURFACE ( )  B_SPLINE_SURFACE ( 3, 2, ( 
 ( #4643, #1862, #6375 ),
 ( #4129, #245, #6338 ),
 ( #5224, #4007, #6803 ),
 ( #5186, #1785, #1285 ),
 ( #2478, #3506, #6837 ),
 ( #6259, #5719, #4086 ),
 ( #6299, #1363, #1398 ),
 ( #1325, #781, #3582 ),
 ( #6221, #4683, #2440 ),
 ( #1900, #5259, #6918 ),
 ( #2995, #1821, #5798 ),
 ( #3543, #4759, #1247 ),
 ( #1940, #3622, #815 ),
 ( #5294, #5835, #851 ),
 ( #3076, #319, #4045 ),
 ( #3469, #5685, #711 ),
 ( #2925, #5146, #170 ),
 ( #2362, #4606, #3249 ) ),
 .UNSPECIFIED., .F., .F., .T. ) 
 B_SPLINE_SURFACE_WITH_KNOTS ( ( 4, 2, 2, 2, 2, 2, 2, 2, 4 ),
 ( 3, 3 ),
 ( -4.607859233063393845E-19, 0.0003645422052340785727, 0.0007290844104681575791, 0.001093626615702236477, 0.001458168820936315592, 0.001822711026170394707, 0.002187253231404473822, 0.002551795436638552503, 0.002916337641872631618 ),
 ( 0.000000000000000000, 1.000000000000000000 ),
 .UNSPECIFIED. ) 
 GEOMETRIC_REPRESENTATION_ITEM ( )  RATIONAL_B_SPLINE_SURFACE ( (
 ( 1.000000000000000000, 0.9595359398070242296, 1.000000000000000000),
 ( 1.000000000000000000, 0.9595833763010225281, 1.000000000000000000),
 ( 1.000000000000000000, 0.9570685609626673473, 1.000000000000000000),
 ( 1.000000000000000000, 0.9488880332095438463, 1.000000000000000000),
 ( 1.000000000000000000, 0.9432547151588478451, 1.000000000000000000),
 ( 1.000000000000000000, 0.9321826025349363443, 1.000000000000000000),
 ( 1.000000000000000000, 0.9268523530654423359, 1.000000000000000000),
 ( 1.000000000000000000, 0.9192073681285640729, 1.000000000000000000),
 ( 1.000000000000000000, 0.9170514797511036820, 1.000000000000000000),
 ( 1.000000000000000000, 0.9170288608893654159, 1.000000000000000000),
 ( 1.000000000000000000, 0.9192260099103498616, 1.000000000000000000),
 ( 1.000000000000000000, 0.9267996068666256582, 1.000000000000000000),
 ( 1.000000000000000000, 0.9321812854749682575, 1.000000000000000000),
 ( 1.000000000000000000, 0.9432160661325834639, 1.000000000000000000),
 ( 1.000000000000000000, 0.9488445939139658059, 1.000000000000000000),
 ( 1.000000000000000000, 0.9570263305979385127, 1.000000000000000000),
 ( 1.000000000000000000, 0.9595878455022835984, 1.000000000000000000),
 ( 1.000000000000000000, 0.9595359398070245627, 1.000000000000000000) ) ) 
 REPRESENTATION_ITEM ( '' )  SURFACE ( )  );
#2494 = CARTESIAN_POINT ( 'NONE',  ( 9.619363854055793084, 2.500000000000000000, -2.732734718790841288 ) ) ;
#2495 = CARTESIAN_POINT ( 'NONE',  ( 5.895594408747105497, 10.00001200000000168, -7.449293024680252451 ) ) ;
#2496 = ORIENTED_EDGE ( 'NONE', *, *, #3571, .T. ) ;
#2497 = VECTOR ( 'NONE', #7016, 1000.000000000000000 ) ;
#2498 = CARTESIAN_POINT ( 'NONE',  ( -9.424708236607866496, 2.314666110110169317, -3.059262728102213558 ) ) ;
#2499 = EDGE_CURVE ( 'NONE', #1337, #3332, #2704, .T. ) ;
#2500 = DIRECTION ( 'NONE',  ( 0.4869582161062594450, -6.234929640351419973E-15, 0.8734252662744591555 ) ) ;
#2501 = CARTESIAN_POINT ( 'NONE',  ( -4.470479223992246176, 2.500000000000000444, 10.79269157286920411 ) ) ;
#2502 = CARTESIAN_POINT ( 'NONE',  ( 0.000000000000000000, 9.500000000000000000, 0.000000000000000000 ) ) ;
#2503 = ORIENTED_EDGE ( 'NONE', *, *, #3409, .F. ) ;
#2504 = DIRECTION ( 'NONE',  ( 0.000000000000000000, 0.000000000000000000, 1.000000000000000000 ) ) ;
#2505 = DIRECTION ( 'NONE',  ( 0.000000000000000000, 0.000000000000000000, -1.000000000000000000 ) ) ;
#2506 = AXIS2_PLACEMENT_3D ( 'NONE', #5603, #6285, #629 ) ;
#2507 = DIRECTION ( 'NONE',  ( 0.000000000000000000, 0.000000000000000000, 1.000000000000000000 ) ) ;
#2508 = DIRECTION ( 'NONE',  ( 0.000000000000000000, 0.000000000000000000, 1.000000000000000000 ) ) ;
#2509 = EDGE_CURVE ( 'NONE', #5650, #6092, #1769, .T. ) ;
#2510 = CARTESIAN_POINT ( 'NONE',  ( -2.732734718790950090, 2.500000000000000444, 9.619363854055762886 ) ) ;
#2511 = EDGE_LOOP ( 'NONE', ( #2671, #733, #3482, #2451 ) ) ;
#2512 = CIRCLE ( 'NONE', #5540, 0.5000000000000000000 ) ;
#2513 = ORIENTED_EDGE ( 'NONE', *, *, #1884, .F. ) ;
#2514 = CARTESIAN_POINT ( 'NONE',  ( -3.672401390134547583, 2.134257748930186160, -9.130609167219413180 ) ) ;
#2515 = LINE ( 'NONE', #207, #4241 ) ;
#2516 = CARTESIAN_POINT ( 'NONE',  ( 3.313989850241840784, 2.183709232977762316, 9.297048667841337988 ) ) ;
#2517 = DIRECTION ( 'NONE',  ( -0.07555769727474784259, 0.000000000000000000, 0.9971414314842893534 ) ) ;
#2518 = ADVANCED_FACE ( 'NONE', ( #7178 ), #4108, .T. ) ;
#2519 = CARTESIAN_POINT ( 'NONE',  ( -0.8789046617972520181, 10.00001200000000168, -9.885393354405108468 ) ) ;
#2520 = CARTESIAN_POINT ( 'NONE',  ( 0.4025598189324794962, 2.164715090713965395, 9.851765289569906159 ) ) ;
#2521 = CIRCLE ( 'NONE', #335, 0.4999999999999993894 ) ;
#2522 = DIRECTION ( 'NONE',  ( 0.000000000000000000, 1.000000000000000000, 0.000000000000000000 ) ) ;
#2523 = DIRECTION ( 'NONE',  ( -0.07555769727474685726, 0.000000000000000000, -0.9971414314842893534 ) ) ;
#2524 = DIRECTION ( 'NONE',  ( 0.9971414314842893534, 0.000000000000000000, 0.07555769727474784259 ) ) ;
#2525 = ORIENTED_EDGE ( 'NONE', *, *, #4870, .F. ) ;
#2526 = AXIS2_PLACEMENT_3D ( 'NONE', #527, #4275, #6076 ) ;
#2527 = DIRECTION ( 'NONE',  ( 0.000000000000000000, 1.000000000000000000, -0.000000000000000000 ) ) ;
#2528 = CARTESIAN_POINT ( 'NONE',  ( -9.857561987693548744, 2.183709232977782300, -0.4960991014861502735 ) ) ;
#2529 = CARTESIAN_POINT ( 'NONE',  ( -9.561040643706672171, 2.051666420109251820, -2.931332810158171931 ) ) ;
#2530 = VERTEX_POINT ( 'NONE', #3835 ) ;
#2531 = VECTOR ( 'NONE', #4639, 1000.000000000000000 ) ;
#2532 = CARTESIAN_POINT ( 'NONE',  ( -9.461918427558083877, 2.413741176464117899, -2.985568878361603673 ) ) ;
#2533 = ORIENTED_EDGE ( 'NONE', *, *, #947, .F. ) ;
#2534 = AXIS2_PLACEMENT_3D ( 'NONE', #6949, #1971, #4196 ) ;
#2535 = DIRECTION ( 'NONE',  ( 0.000000000000000000, 0.000000000000000000, 1.000000000000000000 ) ) ;
#2536 = CARTESIAN_POINT ( 'NONE',  ( 0.000000000000000000, 9.500000000000000000, 0.000000000000000000 ) ) ;
#2537 = CARTESIAN_POINT ( 'NONE',  ( 2.911304966065387578, 2.322848788353921279, -9.568061159331183063 ) ) ;
#2538 = ORIENTED_EDGE ( 'NONE', *, *, #3100, .T. ) ;
#2539 = CARTESIAN_POINT ( 'NONE',  ( 0.000000000000000000, 9.500000000000000000, 0.000000000000000000 ) ) ;
#2540 = FACE_OUTER_BOUND ( 'NONE', #3811, .T. ) ;
#2541 = EDGE_CURVE ( 'NONE', #4316, #2415, #1006, .T. ) ;
#2542 = DIRECTION ( 'NONE',  ( 0.9249892435672766311, 0.000000000000000000, -0.3799932884734116278 ) ) ;
#2543 = CARTESIAN_POINT ( 'NONE',  ( 3.183664679234301964, 2.232065284504575420, -9.361832310899361076 ) ) ;
#2544 = CARTESIAN_POINT ( 'NONE',  ( -2.922977707959041549, 2.059838893144259053, 9.563576536480406176 ) ) ;
#2545 = VERTEX_POINT ( 'NONE', #468 ) ;
#2546 = CARTESIAN_POINT ( 'NONE',  ( -9.138395661352989308, 10.00000000000000000, 2.596097982851362840 ) ) ;
#2547 = CARTESIAN_POINT ( 'NONE',  ( 7.810864416449816439, 2.249819565270342103, 6.244726359285794004 ) ) ;
#2548 = DIRECTION ( 'NONE',  ( -0.000000000000000000, -1.000000000000000000, -0.000000000000000000 ) ) ;
#2549 = EDGE_CURVE ( 'NONE', #2399, #621, #2230, .T. ) ;
#2550 = ORIENTED_EDGE ( 'NONE', *, *, #3450, .F. ) ;
#2551 = DIRECTION ( 'NONE',  ( -0.000000000000000000, -1.000000000000000000, -0.000000000000000000 ) ) ;
#2552 = AXIS2_PLACEMENT_3D ( 'NONE', #1062, #524, #6175 ) ;
#2553 = EDGE_LOOP ( 'NONE', ( #5206, #5895, #3933, #5569 ) ) ;
#2554 = CARTESIAN_POINT ( 'NONE',  ( -9.462109755037449332, 2.414533010808959990, 2.985189123993138516 ) ) ;
#2555 = VECTOR ( 'NONE', #3771, 1000.000000000000000 ) ;
#2556 = CARTESIAN_POINT ( 'NONE',  ( 11.68192517863507618, 2.500000000000000444, 1.224126288112367485E-13 ) ) ;
#2557 = CIRCLE ( 'NONE', #713, 2.000000000000000000 ) ;
#2558 = EDGE_CURVE ( 'NONE', #2419, #1178, #5588, .T. ) ;
#2559 = CARTESIAN_POINT ( 'NONE',  ( -9.138395661352966215, 9.500000000000000000, -2.596097982851434338 ) ) ;
#2560 = B_SPLINE_CURVE_WITH_KNOTS ( 'NONE', 3,
 ( #1027, #6442, #2547, #2658, #3789, #2617, #2112, #4860, #4237, #1567, #7061, #1535, #6407, #5873, #4311, #3759, #1505, #2012 ),
 .UNSPECIFIED., .F., .F.,
 ( 4, 2, 2, 2, 2, 2, 2, 2, 4 ),
 ( 4.336808689942017255E-19, 0.0003765522689820487070, 0.0007531045379640969803, 0.001129656806946144820, 0.001506209075928192876, 0.001882761344910240716, 0.002259313613892288339, 0.002635865882874336395, 0.003012418151856384452 ),
 .UNSPECIFIED. ) ;
#2561 = ADVANCED_FACE ( 'NONE', ( #2190 ), #5519, .F. ) ;
#2562 = CARTESIAN_POINT ( 'NONE',  ( 1.851523544721292325, 0.000000000000000000, -2.548403532281086736 ) ) ;
#2563 = ORIENTED_EDGE ( 'NONE', *, *, #3642, .T. ) ;
#2564 = ORIENTED_EDGE ( 'NONE', *, *, #6599, .F. ) ;
#2565 = DIRECTION ( 'NONE',  ( 0.000000000000000000, 1.000000000000000000, -0.000000000000000000 ) ) ;
#2566 = CARTESIAN_POINT ( 'NONE',  ( -9.964024948269880610, 1.981868317978672467, -0.8550121536354311491 ) ) ;
#2567 = CARTESIAN_POINT ( 'NONE',  ( -8.984615682879219634, 1.863989508453883337, -4.391979800034222947 ) ) ;
#2568 = ORIENTED_EDGE ( 'NONE', *, *, #2541, .T. ) ;
#2569 = ORIENTED_EDGE ( 'NONE', *, *, #6714, .T. ) ;
#2570 = DIRECTION ( 'NONE',  ( -0.9980606173047419372, -3.469446951953618922E-15, 0.06224953160689260245 ) ) ;
#2571 = CARTESIAN_POINT ( 'NONE',  ( 3.313945104772974215, 2.183694385698124130, -9.297069126686253071 ) ) ;
#2572 = VERTEX_POINT ( 'NONE', #3871 ) ;
#2573 = DIRECTION ( 'NONE',  ( 0.000000000000000000, -0.000000000000000000, 1.000000000000000000 ) ) ;
#2574 = CARTESIAN_POINT ( 'NONE',  ( 6.368549229223043895, 2.500000000000000444, -7.611508121969533747 ) ) ;
#2575 = CARTESIAN_POINT ( 'NONE',  ( 7.717017477650908397, 2.059838893144231520, 6.360301573036810652 ) ) ;
#2576 = ORIENTED_EDGE ( 'NONE', *, *, #2588, .T. ) ;
#2577 = AXIS2_PLACEMENT_3D ( 'NONE', #35, #1112, #5051 ) ;
#2578 = CARTESIAN_POINT ( 'NONE',  ( -8.824555314844635845, 2.321832774718893599, -4.706451233693321079 ) ) ;
#2579 = CARTESIAN_POINT ( 'NONE',  ( -2.970974267493340371, 2.438513403071533858, 9.469254802398012316 ) ) ;
#2580 = EDGE_CURVE ( 'NONE', #5258, #1130, #8, .T. ) ;
#2581 = VERTEX_POINT ( 'NONE', #6229 ) ;
#2582 = DIRECTION ( 'NONE',  ( 1.224646799147353454E-16, 0.000000000000000000, -1.000000000000000000 ) ) ;
#2583 = CARTESIAN_POINT ( 'NONE',  ( 2.873880065552347318, 2.409665417632346429, 9.579266317305071610 ) ) ;
#2584 = TOROIDAL_SURFACE ( 'NONE', #1892, 2.500000000000000000, 0.5000000000000000000 ) ;
#2585 = CARTESIAN_POINT ( 'NONE',  ( -4.533961607262596338, 2.345527268378191810, -8.816692590429404675 ) ) ;
#2586 = DIRECTION ( 'NONE',  ( 0.1156453502364700181, 4.307711168011546445E-15, 0.9932905682471189213 ) ) ;
#2587 = ORIENTED_EDGE ( 'NONE', *, *, #3355, .T. ) ;
#2588 = EDGE_CURVE ( 'NONE', #3210, #1164, #3003, .T. ) ;
#2589 = DIRECTION ( 'NONE',  ( 0.000000000000000000, 1.000000000000000000, 0.000000000000000000 ) ) ;
#2590 = ORIENTED_EDGE ( 'NONE', *, *, #5580, .F. ) ;
#2591 = CARTESIAN_POINT ( 'NONE',  ( 2.504813822048899574, 8.000000000000000000, 1.276266388579323063 ) ) ;
#2592 = DIRECTION ( 'NONE',  ( 0.000000000000000000, 1.000000000000000000, 0.000000000000000000 ) ) ;
#2593 = DIRECTION ( 'NONE',  ( 0.000000000000000000, 0.000000000000000000, 1.000000000000000000 ) ) ;
#2594 = CARTESIAN_POINT ( 'NONE',  ( 8.297540029607397116, 10.00001200000000168, -4.626103053009394728 ) ) ;
#2595 = EDGE_LOOP ( 'NONE', ( #2885, #6802, #6208, #6392 ) ) ;
#2596 = CIRCLE ( 'NONE', #4353, 0.5000000000000001110 ) ;
#2597 = FACE_OUTER_BOUND ( 'NONE', #5717, .T. ) ;
#2598 = EDGE_LOOP ( 'NONE', ( #7020, #6487, #6216, #2443 ) ) ;
#2599 = EDGE_CURVE ( 'NONE', #7105, #3332, #164, .T. ) ;
#2600 = CARTESIAN_POINT ( 'NONE',  ( 9.323898564490002983, 1.992695579455316501, 3.616353032451610439 ) ) ;
#2601 = FACE_OUTER_BOUND ( 'NONE', #5139, .T. ) ;
#2602 = VERTEX_POINT ( 'NONE', #2299 ) ;
#2603 = ORIENTED_EDGE ( 'NONE', *, *, #4931, .F. ) ;
#2604 = EDGE_CURVE ( 'NONE', #6335, #6520, #4458, .T. ) ;
#2605 = DIRECTION ( 'NONE',  ( 0.000000000000000000, 1.000000000000000000, 0.000000000000000000 ) ) ;
#2606 = CARTESIAN_POINT ( 'NONE',  ( 4.391160136452688434, 2.240934156756804629, -8.863491263196666026 ) ) ;
#2607 = AXIS2_PLACEMENT_3D ( 'NONE', #2037, #5863, #4194 ) ;
#2608 = ORIENTED_EDGE ( 'NONE', *, *, #3838, .T. ) ;
#2609 = CARTESIAN_POINT ( 'NONE',  ( -6.205888851312631793, 2.500000000000000000, -7.841361078610879609 ) ) ;
#2610 = CARTESIAN_POINT ( 'NONE',  ( 6.502847312616799158, 2.242561475665996173, -7.455440619228395960 ) ) ;
#2611 = CARTESIAN_POINT ( 'NONE',  ( -7.158925180614780892, 1.768517871363069371, 6.983228393756146346 ) ) ;
#2612 = CARTESIAN_POINT ( 'NONE',  ( -9.469254802397802706, 2.438513403071532526, -2.970974267493550425 ) ) ;
#2613 = CARTESIAN_POINT ( 'NONE',  ( -4.602995496167459066, 1.981868317978634719, 8.878359725471311137 ) ) ;
#2614 = DIRECTION ( 'NONE',  ( 0.000000000000000000, 0.000000000000000000, 1.000000000000000000 ) ) ;
#2615 = VERTEX_POINT ( 'NONE', #5764 ) ;
#2616 = DIRECTION ( 'NONE',  ( -0.07555769727474681563, 0.000000000000000000, -0.9971414314842893534 ) ) ;
#2617 = CARTESIAN_POINT ( 'NONE',  ( 7.496156162786297372, 1.864094386502768819, 6.619703835945552228 ) ) ;
#2618 = CARTESIAN_POINT ( 'NONE',  ( 2.970974249536206813, 2.438027874578164056, 9.469254822744023414 ) ) ;
#2619 = VECTOR ( 'NONE', #2939, 1000.000000000000114 ) ;
#2620 = EDGE_CURVE ( 'NONE', #2302, #581, #6192, .T. ) ;
#2621 = DIRECTION ( 'NONE',  ( 0.000000000000000000, 1.000000000000000000, 0.000000000000000000 ) ) ;
#2622 = ORIENTED_EDGE ( 'NONE', *, *, #6783, .T. ) ;
#2623 = VECTOR ( 'NONE', #5891, 1000.000000000000114 ) ;
#2624 = DIRECTION ( 'NONE',  ( 0.000000000000000000, 0.000000000000000000, -1.000000000000000000 ) ) ;
#2625 = EDGE_LOOP ( 'NONE', ( #4048, #5, #2456, #3465 ) ) ;
#2626 = CARTESIAN_POINT ( 'NONE',  ( 0.000000000000000000, 0.000000000000000000, 0.000000000000000000 ) ) ;
#2627 = DIRECTION ( 'NONE',  ( -0.000000000000000000, 1.000000000000000000, -0.000000000000000000 ) ) ;
#2628 = DIRECTION ( 'NONE',  ( -0.07555769727474859199, 0.000000000000000000, 0.9971414314842892423 ) ) ;
#2629 = CARTESIAN_POINT ( 'NONE',  ( -10.79269157286918812, 2.500000000000000444, -4.470479223992283480 ) ) ;
#2630 = ORIENTED_EDGE ( 'NONE', *, *, #6471, .T. ) ;
#2631 = CIRCLE ( 'NONE', #2056, 9.500000000000000000 ) ;
#2632 = EDGE_CURVE ( 'NONE', #3168, #5888, #700, .T. ) ;
#2633 = CARTESIAN_POINT ( 'NONE',  ( 0.4397714266284717399, 0.000000000000000000, -2.776607510986325522 ) ) ;
#2634 = VERTEX_POINT ( 'NONE', #3405 ) ;
#2635 = CARTESIAN_POINT ( 'NONE',  ( 9.402344393979101156, 2.024441704241341178, 3.407532819979159466 ) ) ;
#2636 = ORIENTED_EDGE ( 'NONE', *, *, #6964, .F. ) ;
#2637 = CARTESIAN_POINT ( 'NONE',  ( 4.626103053009366306, 2.500000000000000444, 8.797540029607414880 ) ) ;
#2638 = ORIENTED_EDGE ( 'NONE', *, *, #877, .T. ) ;
#2639 = EDGE_CURVE ( 'NONE', #4044, #4280, #6183, .T. ) ;
#2640 = ORIENTED_EDGE ( 'NONE', *, *, #7172, .T. ) ;
#2641 = CARTESIAN_POINT ( 'NONE',  ( 7.230516001408448190, 1.992783053389741488, -6.908873745391138854 ) ) ;
#2642 = CARTESIAN_POINT ( 'NONE',  ( 3.120200068441913555, 2.127336489724539703, -9.501796650728067561 ) ) ;
#2643 = ORIENTED_EDGE ( 'NONE', *, *, #2778, .F. ) ;
#2644 = PLANE ( 'NONE',  #3143 ) ;
#2645 = CARTESIAN_POINT ( 'NONE',  ( 6.433069916092938101, 2.314666110110169761, -7.536565878395782292 ) ) ;
#2646 = ADVANCED_FACE ( 'NONE', ( #2858 ), #2337, .T. ) ;
#2647 = B_SPLINE_CURVE_WITH_KNOTS ( 'NONE', 3,
 ( #5920, #7038, #5989, #6391, #5446, #3740, #975, #470, #1417, #5852, #3094, #5307, #6750, #4664, #800, #6822, #6319, #1842 ),
 .UNSPECIFIED., .F., .F.,
 ( 4, 2, 2, 2, 2, 2, 2, 2, 4 ),
 ( 8.673617379884034509E-19, 0.0003765522689820500080, 0.0007531045379640991487, 0.001129656806946147639, 0.001506209075928196129, 0.001882761344910244402, 0.002259313613892293109, 0.002635865882874341599, 0.003012418151856390090 ),
 .UNSPECIFIED. ) ;
#2648 = ADVANCED_FACE ( 'NONE', ( #3476 ), #3512, .T. ) ;
#2649 = CARTESIAN_POINT ( 'NONE',  ( 7.230240655841187802, 1.992695579455289634, 6.909176054700157721 ) ) ;
#2650 = SPHERICAL_SURFACE ( 'NONE', #5910, 0.5000000000000000000 ) ;
#2651 = AXIS2_PLACEMENT_3D ( 'NONE', #2556, #6995, #3154 ) ;
#2652 = CARTESIAN_POINT ( 'NONE',  ( -8.948211102191697464, 2.164537838121601165, -4.140859864539528701 ) ) ;
#2653 = CARTESIAN_POINT ( 'NONE',  ( -4.391160136452671559, 2.240934156756719364, 8.863491263196756620 ) ) ;
#2654 = FACE_OUTER_BOUND ( 'NONE', #4773, .T. ) ;
#2655 = EDGE_LOOP ( 'NONE', ( #6101, #6815, #792, #2110 ) ) ;
#2656 = FACE_OUTER_BOUND ( 'NONE', #3773, .T. ) ;
#2657 = TOROIDAL_SURFACE ( 'NONE', #118, 9.500000000000000000, 0.5000000000000000000 ) ;
#2658 = CARTESIAN_POINT ( 'NONE',  ( 7.711477259033354237, 2.051666420109249156, 6.367050236799784102 ) ) ;
#2659 = CARTESIAN_POINT ( 'NONE',  ( -7.841361078610859181, 2.500000000000000000, 6.205888851312659327 ) ) ;
#2660 = LINE ( 'NONE', #5907, #690 ) ;
#2661 = DIRECTION ( 'NONE',  ( 0.9249892435672758539, 0.000000000000000000, 0.3799932884734136818 ) ) ;
#2662 = ORIENTED_EDGE ( 'NONE', *, *, #2604, .T. ) ;
#2663 = CARTESIAN_POINT ( 'NONE',  ( -5.895594408747051318, 9.500000000000000000, 7.449293024680295972 ) ) ;
#2664 = VECTOR ( 'NONE', #6015, 1000.000000000000114 ) ;
#2665 = DIRECTION ( 'NONE',  ( 0.000000000000000000, -1.000000000000000000, 0.000000000000000000 ) ) ;
#2666 = CARTESIAN_POINT ( 'NONE',  ( 2.168404344971008868E-16, 8.000000000000000000, -3.149999999999999911 ) ) ;
#2667 = AXIS2_PLACEMENT_3D ( 'NONE', #4595, #3499, #3570 ) ;
#2668 = DIRECTION ( 'NONE',  ( -0.000000000000000000, -1.000000000000000000, 0.000000000000000000 ) ) ;
#2669 = FACE_OUTER_BOUND ( 'NONE', #1898, .T. ) ;
#2670 = EDGE_LOOP ( 'NONE', ( #71, #641, #1849, #133 ) ) ;
#2671 = ORIENTED_EDGE ( 'NONE', *, *, #1952, .T. ) ;
#2672 = COLOUR_RGB ( '',0.7921568627450980005, 0.8196078431372548767, 0.9333333333333333481 ) ;
#2673 = DIRECTION ( 'NONE',  ( 0.000000000000000000, -1.000000000000000000, 0.000000000000000000 ) ) ;
#2674 = EDGE_LOOP ( 'NONE', ( #675, #3377, #3885, #3562 ) ) ;
#2675 = EDGE_CURVE ( 'NONE', #135, #6123, #6305, .T. ) ;
#2676 = DIRECTION ( 'NONE',  ( 0.000000000000000000, 0.000000000000000000, 1.000000000000000000 ) ) ;
#2677 = VERTEX_POINT ( 'NONE', #4052 ) ;
#2678 = AXIS2_PLACEMENT_3D ( 'NONE', #4908, #6051, #6702 ) ;
#2679 = ORIENTED_EDGE ( 'NONE', *, *, #4158, .T. ) ;
#2680 = DIRECTION ( 'NONE',  ( 0.000000000000000000, -1.000000000000000000, 0.000000000000000000 ) ) ;
#2681 = CARTESIAN_POINT ( 'NONE',  ( 7.030215759954920429, 2.134257748930245668, -6.886989335206897600 ) ) ;
#2682 = ADVANCED_FACE ( 'NONE', ( #6773 ), #1078, .F. ) ;
#2683 = DIRECTION ( 'NONE',  ( -0.000000000000000000, -1.000000000000000000, -0.000000000000000000 ) ) ;
#2684 = ORIENTED_EDGE ( 'NONE', *, *, #5235, .F. ) ;
#2685 = LINE ( 'NONE', #5491, #5359 ) ;
#2686 = CARTESIAN_POINT ( 'NONE',  ( 4.470479223992320783, 9.500000000000000000, -10.79269157286916858 ) ) ;
#2687 = CARTESIAN_POINT ( 'NONE',  ( 7.250902820713442942, 2.164715090713947188, 6.681597265112850792 ) ) ;
#2688 = CARTESIAN_POINT ( 'NONE',  ( 1.554148821017839577, 0.000000000000000000, 1.830433831214388851 ) ) ;
#2689 = CARTESIAN_POINT ( 'NONE',  ( -9.149965727261168524, 1.992783053389769687, -4.036214224533277495 ) ) ;
#2690 = DIRECTION ( 'NONE',  ( 0.000000000000000000, 0.000000000000000000, 1.000000000000000000 ) ) ;
#2691 = ADVANCED_FACE ( 'NONE', ( #4093 ), #2119, .F. ) ;
#2692 = CARTESIAN_POINT ( 'NONE',  ( 6.368549229222883135, 2.456298904871081934, 7.611508121969668750 ) ) ;
#2693 = EDGE_CURVE ( 'NONE', #350, #4445, #2369, .T. ) ;
#2694 = AXIS2_PLACEMENT_3D ( 'NONE', #5689, #715, #855 ) ;
#2695 = ORIENTED_EDGE ( 'NONE', *, *, #3701, .F. ) ;
#2696 = DIRECTION ( 'NONE',  ( 0.000000000000000000, 0.000000000000000000, 1.000000000000000000 ) ) ;
#2697 = CARTESIAN_POINT ( 'NONE',  ( 4.470479223992252393, 2.293003971280350051, -8.837551326248092920 ) ) ;
#2698 = DIRECTION ( 'NONE',  ( 0.000000000000000000, 1.000000000000000000, 0.000000000000000000 ) ) ;
#2699 = CIRCLE ( 'NONE', #3518, 2.000000000000000000 ) ;
#2700 = FACE_OUTER_BOUND ( 'NONE', #6297, .T. ) ;
#2701 = EDGE_CURVE ( 'NONE', #3231, #1699, #6345, .T. ) ;
#2702 = ORIENTED_EDGE ( 'NONE', *, *, #3776, .F. ) ;
#2703 = LINE ( 'NONE', #2591, #1724 ) ;
#2704 = CIRCLE ( 'NONE', #1649, 0.5000000000000000000 ) ;
#2705 = CARTESIAN_POINT ( 'NONE',  ( -9.997605050805098870, 1.779448407880939165, -0.2512047349437178112 ) ) ;
#2706 = CARTESIAN_POINT ( 'NONE',  ( -0.9504006689409558728, 2.051424475504903366, -9.955047142828190587 ) ) ;
#2707 = FACE_OUTER_BOUND ( 'NONE', #4657, .T. ) ;
#2708 = CARTESIAN_POINT ( 'NONE',  ( 4.626103053009366306, 10.00001200000000168, 8.297540029607414880 ) ) ;
#2709 = DIRECTION ( 'NONE',  ( -0.9459096409518763515, 0.000000000000000000, -0.3244301945785759700 ) ) ;
#2710 = ORIENTED_EDGE ( 'NONE', *, *, #1544, .F. ) ;
#2711 = DIRECTION ( 'NONE',  ( -0.9459096409518821247, 0.000000000000000000, 0.3244301945785588170 ) ) ;
#2712 = EDGE_LOOP ( 'NONE', ( #960, #3620, #4558, #3824, #3327 ) ) ;
#2713 = TOROIDAL_SURFACE ( 'NONE', #1205, 2.500000000000000000, 0.5000000000000000000 ) ;
#2714 = AXIS2_PLACEMENT_3D ( 'NONE', #1341, #3988, #3446 ) ;
#2715 = EDGE_CURVE ( 'NONE', #2429, #7125, #4576, .T. ) ;
#2716 = ORIENTED_EDGE ( 'NONE', *, *, #2599, .T. ) ;
#2717 = EDGE_LOOP ( 'NONE', ( #6224, #3102, #3483, #2358 ) ) ;
#2718 = CARTESIAN_POINT ( 'NONE',  ( -9.287160042897129486, 1.768515498480465853, 3.710106042531321702 ) ) ;
#2719 = CARTESIAN_POINT ( 'NONE',  ( 7.160420963995097310, 1.768515498480453418, -6.981733318280782363 ) ) ;
#2720 = CARTESIAN_POINT ( 'NONE',  ( -7.711477259033397758, 2.051666420109250488, -6.367050236799730811 ) ) ;
#2721 = B_SPLINE_CURVE_WITH_KNOTS ( 'NONE', 3,
 ( #1876, #5201, #1838, #6745, #5663, #6200, #794, #652, #3011, #5128, #2938, #2341, #186, #2975, #4698, #2901, #1223, #4103 ),
 .UNSPECIFIED., .F., .F.,
 ( 4, 2, 2, 2, 2, 2, 2, 2, 4 ),
 ( 8.673617379884035472E-19, 0.0003765522689820493575, 0.0007531045379640978477, 0.001129656806946146555, 0.001506209075928195478, 0.001882761344910244402, 0.002259313613892293109, 0.002635865882874342033, 0.003012418151856390957 ),
 .UNSPECIFIED. ) ;
#2722 = ORIENTED_EDGE ( 'NONE', *, *, #3682, .F. ) ;
#2723 = CARTESIAN_POINT ( 'NONE',  ( 9.436260398347629419, 10.00001200000000168, -1.098630827246465325 ) ) ;
#2724 = CARTESIAN_POINT ( 'NONE',  ( -8.833441982342632670, 2.051666420109249600, 4.687911366387740308 ) ) ;
#2725 = EDGE_CURVE ( 'NONE', #6953, #2997, #4165, .T. ) ;
#2726 = DIRECTION ( 'NONE',  ( -1.000000000000000000, 0.000000000000000000, 0.000000000000000000 ) ) ;
#2727 = FACE_OUTER_BOUND ( 'NONE', #4784, .T. ) ;
#2728 = CARTESIAN_POINT ( 'NONE',  ( -4.470479223992169793, 9.500000000000000000, -8.292691572869230754 ) ) ;
#2729 = ORIENTED_EDGE ( 'NONE', *, *, #3546, .F. ) ;
#2730 = FACE_OUTER_BOUND ( 'NONE', #5638, .T. ) ;
#2731 =( BOUNDED_SURFACE ( )  B_SPLINE_SURFACE ( 3, 2, ( 
 ( #2345, #5242, #3990 ),
 ( #4026, #1227, #5169 ),
 ( #5132, #5778, #692 ),
 ( #6204, #6786, #3416 ),
 ( #5630, #6241, #1919 ),
 ( #4663, #2905, #656 ),
 ( #5740, #4702, #4147 ),
 ( #1807, #5667, #2979 ),
 ( #6898, #1305, #6318 ),
 ( #1266, #1841, #3489 ),
 ( #6281, #151, #4551 ),
 ( #2868, #4066, #1193 ),
 ( #5704, #5207, #5099 ),
 ( #799, #6749, #115 ),
 ( #4629, #1768, #6821 ),
 ( #725, #3524, #2942 ),
 ( #1343, #264, #2308 ),
 ( #2383, #3448, #190 ) ),
 .UNSPECIFIED., .F., .F., .T. ) 
 B_SPLINE_SURFACE_WITH_KNOTS ( ( 4, 2, 2, 2, 2, 2, 2, 2, 4 ),
 ( 3, 3 ),
 ( 5.421010862427522170E-20, 0.0003645422052340808496, 0.0007290844104681616991, 0.001093626615702242549, 0.001458168820936323398, 0.001822711026170404248, 0.002187253231404485097, 0.002551795436638565947, 0.002916337641872646796 ),
 ( 0.000000000000000000, 1.000000000000000000 ),
 .UNSPECIFIED. ) 
 GEOMETRIC_REPRESENTATION_ITEM ( )  RATIONAL_B_SPLINE_SURFACE ( (
 ( 1.000000000000000000, 0.9595359398070240076, 1.000000000000000000),
 ( 1.000000000000000000, 0.9595833763010026551, 1.000000000000000000),
 ( 1.000000000000000000, 0.9570685609626941037, 1.000000000000000000),
 ( 1.000000000000000000, 0.9488880332095168679, 1.000000000000000000),
 ( 1.000000000000000000, 0.9432547151588472900, 1.000000000000000000),
 ( 1.000000000000000000, 0.9321826025349357892, 1.000000000000000000),
 ( 1.000000000000000000, 0.9268523530654620979, 1.000000000000000000),
 ( 1.000000000000000000, 0.9192073681285429787, 1.000000000000000000),
 ( 1.000000000000000000, 0.9170514797510966876, 1.000000000000000000),
 ( 1.000000000000000000, 0.9170288608893719662, 1.000000000000000000),
 ( 1.000000000000000000, 0.9192260099104104798, 1.000000000000000000),
 ( 1.000000000000000000, 0.9267996068665648179, 1.000000000000000000),
 ( 1.000000000000000000, 0.9321812854749951249, 1.000000000000000000),
 ( 1.000000000000000000, 0.9432160661325561524, 1.000000000000000000),
 ( 1.000000000000000000, 0.9488445939139590335, 1.000000000000000000),
 ( 1.000000000000000000, 0.9570263305979455071, 1.000000000000000000),
 ( 1.000000000000000000, 0.9595878455022781583, 1.000000000000000000),
 ( 1.000000000000000000, 0.9595359398070241186, 1.000000000000000000) ) ) 
 REPRESENTATION_ITEM ( '' )  SURFACE ( )  );
#2732 = VERTEX_POINT ( 'NONE', #6925 ) ;
#2733 = CARTESIAN_POINT ( 'NONE',  ( 7.449293024680357256, 10.00000000000000000, -5.895594408746973158 ) ) ;
#2734 = DIRECTION ( 'NONE',  ( -0.000000000000000000, -1.000000000000000000, -0.000000000000000000 ) ) ;
#2735 = DIRECTION ( 'NONE',  ( 0.000000000000000000, 0.000000000000000000, 1.000000000000000000 ) ) ;
#2736 = EDGE_CURVE ( 'NONE', #4289, #5544, #4170, .T. ) ;
#2737 = DIRECTION ( 'NONE',  ( -1.509903313490212895E-14, 0.000000000000000000, 1.000000000000000000 ) ) ;
#2738 = VECTOR ( 'NONE', #3917, 1000.000000000000000 ) ;
#2739 = ORIENTED_EDGE ( 'NONE', *, *, #440, .T. ) ;
#2740 = CARTESIAN_POINT ( 'NONE',  ( 3.154135701372484668, 2.242932669926582800, 9.376782963239440605 ) ) ;
#2741 = DIRECTION ( 'NONE',  ( 0.000000000000000000, 1.000000000000000000, 0.000000000000000000 ) ) ;
#2742 = FACE_OUTER_BOUND ( 'NONE', #5040, .T. ) ;
#2743 = EDGE_CURVE ( 'NONE', #1292, #4997, #3762, .T. ) ;
#2744 = DIRECTION ( 'NONE',  ( -0.000000000000000000, 1.000000000000000000, -0.000000000000000000 ) ) ;
#2745 = VECTOR ( 'NONE', #6707, 1000.000000000000000 ) ;
#2746 = DIRECTION ( 'NONE',  ( 0.000000000000000000, 0.000000000000000000, 1.000000000000000000 ) ) ;
#2747 = DIRECTION ( 'NONE',  ( -0.000000000000000000, -1.000000000000000000, 0.000000000000000000 ) ) ;
#2748 = ORIENTED_EDGE ( 'NONE', *, *, #5004, .F. ) ;
#2749 = FACE_OUTER_BOUND ( 'NONE', #3095, .T. ) ;
#2750 = AXIS2_PLACEMENT_3D ( 'NONE', #3685, #1357, #2008 ) ;
#2751 = ORIENTED_EDGE ( 'NONE', *, *, #2701, .T. ) ;
#2752 = ORIENTED_EDGE ( 'NONE', *, *, #2196, .F. ) ;
#2753 = CIRCLE ( 'NONE', #2876, 0.4999999999999998890 ) ;
#2754 = SPHERICAL_SURFACE ( 'NONE', #2820, 0.5000000000000000000 ) ;
#2755 = CARTESIAN_POINT ( 'NONE',  ( 6.619520378501544400, 2.183694385698116136, -7.321179991123985431 ) ) ;
#2756 = CARTESIAN_POINT ( 'NONE',  ( -6.891745755504280702, 1.779448407880939831, -7.247002898594047338 ) ) ;
#2757 = VERTEX_POINT ( 'NONE', #1060 ) ;
#2758 = PRODUCT_DEFINITION ( 'General', '', #766, #5286 ) ;
#2759 = FACE_OUTER_BOUND ( 'NONE', #2173, .T. ) ;
#2760 = CIRCLE ( 'NONE', #4396, 2.000000000000000000 ) ;
#2761 = CARTESIAN_POINT ( 'NONE',  ( 2.333234819276247318, 0.000000000000000000, 0.5673463196692628552 ) ) ;
#2762 = VERTEX_POINT ( 'NONE', #6381 ) ;
#2763 = CARTESIAN_POINT ( 'NONE',  ( -9.469254843656210952, 9.500000000000000000, -2.970974231079603012 ) ) ;
#2764 = CARTESIAN_POINT ( 'NONE',  ( -2.995828026329732996, 8.000000000000000000, 0.9734035322810843383 ) ) ;
#2765 = AXIS2_PLACEMENT_3D ( 'NONE', #6501, #6033, #2726 ) ;
#2766 = ORIENTED_EDGE ( 'NONE', *, *, #3963, .F. ) ;
#2767 = CARTESIAN_POINT ( 'NONE',  ( -6.667061058747223434, 2.048970607329167581, -7.454194763269636148 ) ) ;
#2768 = EDGE_LOOP ( 'NONE', ( #1151, #5175, #2209, #420 ) ) ;
#2769 = LINE ( 'NONE', #3425, #1515 ) ;
#2770 = EDGE_CURVE ( 'NONE', #4485, #6561, #4729, .T. ) ;
#2771 = CARTESIAN_POINT ( 'NONE',  ( 4.626103053009366306, 10.00001200000000168, 8.797540029607414880 ) ) ;
#2772 = AXIS2_PLACEMENT_3D ( 'NONE', #3040, #817, #5261 ) ;
#2773 = LINE ( 'NONE', #2356, #1023 ) ;
#2774 = ORIENTED_EDGE ( 'NONE', *, *, #2062, .F. ) ;
#2775 = AXIS2_PLACEMENT_3D ( 'NONE', #6584, #1605, #1033 ) ;
#2776 = ORIENTED_EDGE ( 'NONE', *, *, #3581, .F. ) ;
#2777 = CARTESIAN_POINT ( 'NONE',  ( -4.741424057449101781, 2.410376625841669451, -8.805704271354025892 ) ) ;
#2778 = EDGE_CURVE ( 'NONE', #4465, #5604, #3408, .T. ) ;
#2779 = CARTESIAN_POINT ( 'NONE',  ( -9.955088514328243932, 2.051189550670911910, -0.9499468768430744392 ) ) ;
#2780 = LINE ( 'NONE', #2185, #5008 ) ;
#2781 = EDGE_LOOP ( 'NONE', ( #1077, #5555, #1589, #3385 ) ) ;
#2782 = PLANE ( 'NONE',  #833 ) ;
#2783 = CARTESIAN_POINT ( 'NONE',  ( -7.561691272055195867, 2.343771222574625224, 6.411475381605075796 ) ) ;
#2784 = CIRCLE ( 'NONE', #6840, 0.5000000000000004441 ) ;
#2785 = EDGE_CURVE ( 'NONE', #6656, #3841, #3977, .T. ) ;
#2786 = CARTESIAN_POINT ( 'NONE',  ( -11.68192517863507618, 9.500000000000000000, -4.083818128530453922E-14 ) ) ;
#2787 = ADVANCED_FACE ( 'NONE', ( #2654 ), #4920, .T. ) ;
#2788 = CIRCLE ( 'NONE', #3719, 2.500000000000000444 ) ;
#2789 = ORIENTED_EDGE ( 'NONE', *, *, #2379, .T. ) ;
#2790 = ORIENTED_EDGE ( 'NONE', *, *, #2693, .T. ) ;
#2791 = ORIENTED_EDGE ( 'NONE', *, *, #5971, .T. ) ;
#2792 = CARTESIAN_POINT ( 'NONE',  ( -8.980357240025648835, 1.867388762198215701, 4.400693446046308743 ) ) ;
#2793 = CARTESIAN_POINT ( 'NONE',  ( 9.848085864831427116, 2.147342056939914201, -0.3439080960747555871 ) ) ;
#2794 = CARTESIAN_POINT ( 'NONE',  ( -7.644210560722302539, 1.975903690497189613, -6.448168809503435739 ) ) ;
#2795 = AXIS2_PLACEMENT_3D ( 'NONE', #5916, #6930, #899 ) ;
#2796 = ORIENTED_EDGE ( 'NONE', *, *, #531, .T. ) ;
#2797 = CARTESIAN_POINT ( 'NONE',  ( 8.297540029607397116, 10.00000000000000000, -4.626103053009395616 ) ) ;
#2798 = AXIS2_PLACEMENT_3D ( 'NONE', #3865, #2441, #2479 ) ;
#2799 = DIRECTION ( 'NONE',  ( 0.000000000000000000, 0.000000000000000000, 1.000000000000000000 ) ) ;
#2800 = CARTESIAN_POINT ( 'NONE',  ( -3.511926249630080932, 2.144403737698096890, -9.201360193265378129 ) ) ;
#2801 = EDGE_LOOP ( 'NONE', ( #1923, #6048, #6220, #2256 ) ) ;
#2802 = DIRECTION ( 'NONE',  ( -8.673617379884035472E-16, 0.000000000000000000, 1.000000000000000000 ) ) ;
#2803 = VERTEX_POINT ( 'NONE', #3082 ) ;
#2804 = DIRECTION ( 'NONE',  ( 0.000000000000000000, 1.000000000000000000, 0.000000000000000000 ) ) ;
#2805 = ORIENTED_EDGE ( 'NONE', *, *, #4709, .F. ) ;
#2806 = DIRECTION ( 'NONE',  ( 0.000000000000000000, 0.000000000000000000, 1.000000000000000000 ) ) ;
#2807 = LINE ( 'NONE', #6105, #7141 ) ;
#2808 = UNCERTAINTY_MEASURE_WITH_UNIT (LENGTH_MEASURE( 1.000000000000000082E-05 ), #4008, 'distance_accuracy_value', 'NONE');
#2809 = CARTESIAN_POINT ( 'NONE',  ( 8.260368511126804592, 2.500000000000000444, -8.260368511126660707 ) ) ;
#2810 = EDGE_CURVE ( 'NONE', #5754, #7165, #5395, .T. ) ;
#2811 = VERTEX_POINT ( 'NONE', #5499 ) ;
#2812 = ORIENTED_EDGE ( 'NONE', *, *, #5550, .T. ) ;
#2813 = DIRECTION ( 'NONE',  ( -0.000000000000000000, 1.000000000000000000, -0.000000000000000000 ) ) ;
#2814 = CYLINDRICAL_SURFACE ( 'NONE', #3031, 0.5000000000000004441 ) ;
#2815 = DIRECTION ( 'NONE',  ( -0.9249892435672767421, 0.000000000000000000, 0.3799932884734115168 ) ) ;
#2816 = AXIS2_PLACEMENT_3D ( 'NONE', #610, #4498, #6697 ) ;
#2817 = ORIENTED_EDGE ( 'NONE', *, *, #3940, .T. ) ;
#2818 = CARTESIAN_POINT ( 'NONE',  ( 6.205888851312578502, 2.500000000000000000, 7.841361078610921354 ) ) ;
#2819 = EDGE_CURVE ( 'NONE', #445, #3914, #4815, .T. ) ;
#2820 = AXIS2_PLACEMENT_3D ( 'NONE', #5486, #3842, #4983 ) ;
#2821 = DIRECTION ( 'NONE',  ( 0.000000000000000000, 1.000000000000000000, 0.000000000000000000 ) ) ;
#2822 = VERTEX_POINT ( 'NONE', #4858 ) ;
#2823 = CARTESIAN_POINT ( 'NONE',  ( 0.1814307967061945526, 8.000000000000000000, 2.394357833393303547 ) ) ;
#2824 = ORIENTED_EDGE ( 'NONE', *, *, #4164, .T. ) ;
#2825 = CIRCLE ( 'NONE', #3288, 0.5000000000000001110 ) ;
#2826 = ADVANCED_FACE ( 'NONE', ( #2076 ), #4460, .T. ) ;
#2827 = ORIENTED_EDGE ( 'NONE', *, *, #530, .T. ) ;
#2828 = CARTESIAN_POINT ( 'NONE',  ( -9.057951044156933307, 2.024441704241496165, 4.238971915910973109 ) ) ;
#2829 = DIRECTION ( 'NONE',  ( 0.000000000000000000, 0.000000000000000000, 1.000000000000000000 ) ) ;
#2830 = CARTESIAN_POINT ( 'NONE',  ( -7.841361078610815660, 2.371852820628068237, -6.205888851312714394 ) ) ;
#2831 = VERTEX_POINT ( 'NONE', #522 ) ;
#2832 = DIRECTION ( 'NONE',  ( -0.000000000000000000, 1.000000000000000000, -0.000000000000000000 ) ) ;
#2833 = DIRECTION ( 'NONE',  ( -2.664535259100375303E-15, 0.000000000000000000, 1.000000000000000000 ) ) ;
#2834 = CIRCLE ( 'NONE', #860, 0.5000000000000000000 ) ;
#2835 = CARTESIAN_POINT ( 'NONE',  ( 6.360928075381043989, 2.059185488125318653, 7.716501220627669966 ) ) ;
#2836 = CIRCLE ( 'NONE', #6194, 2.000000000000000000 ) ;
#2837 = ADVANCED_FACE ( 'NONE', ( #2730 ), #2584, .T. ) ;
#2838 = DIRECTION ( 'NONE',  ( 0.000000000000000000, 0.000000000000000000, 1.000000000000000000 ) ) ;
#2839 = CARTESIAN_POINT ( 'NONE',  ( 10.79269157286915615, 2.500000000000000444, 4.470479223992352757 ) ) ;
#2840 = EDGE_LOOP ( 'NONE', ( #3188, #3447, #2643 ) ) ;
#2841 = CARTESIAN_POINT ( 'NONE',  ( -6.815466159439678151, 2.139924804626935462, -7.105199791446544566 ) ) ;
#2842 = VECTOR ( 'NONE', #4148, 1000.000000000000000 ) ;
#2843 = EDGE_LOOP ( 'NONE', ( #2569, #4893, #3051, #2776, #3144, #5403 ) ) ;
#2844 = DIRECTION ( 'NONE',  ( 0.000000000000000000, 1.000000000000000000, 0.000000000000000000 ) ) ;
#2845 = CARTESIAN_POINT ( 'NONE',  ( 5.895594408746949178, 2.500000000000000000, 7.449293024680375019 ) ) ;
#2846 = CARTESIAN_POINT ( 'NONE',  ( 9.238422349479496082E-16, 10.00000000000000000, -7.543744331762958666 ) ) ;
#2847 = CARTESIAN_POINT ( 'NONE',  ( -2.732734718790946093, 2.500000000000000444, 9.619363854055764662 ) ) ;
#2848 = AXIS2_PLACEMENT_3D ( 'NONE', #887, #493, #6508 ) ;
#2849 = EDGE_LOOP ( 'NONE', ( #4543, #6025, #2986, #1461 ) ) ;
#2850 = CARTESIAN_POINT ( 'NONE',  ( -4.142024133190996160, 2.164715090713962287, -8.947791336897438441 ) ) ;
#2851 = ORIENTED_EDGE ( 'NONE', *, *, #868, .T. ) ;
#2852 = LINE ( 'NONE', #1675, #4313 ) ;
#2853 = VECTOR ( 'NONE', #2988, 1000.000000000000000 ) ;
#2854 = DIRECTION ( 'NONE',  ( -0.000000000000000000, 1.000000000000000000, -0.000000000000000000 ) ) ;
#2855 = VERTEX_POINT ( 'NONE', #557 ) ;
#2856 = CARTESIAN_POINT ( 'NONE',  ( -7.230516001408500593, 1.992783053389662218, 6.908873745391352905 ) ) ;
#2857 = DIRECTION ( 'NONE',  ( -0.000000000000000000, -1.000000000000000000, -0.000000000000000000 ) ) ;
#2858 = FACE_OUTER_BOUND ( 'NONE', #6559, .T. ) ;
#2859 = ORIENTED_EDGE ( 'NONE', *, *, #688, .F. ) ;
#2860 = CARTESIAN_POINT ( 'NONE',  ( -1.987831504145221917, 8.000000000000000000, 1.987831504145224581 ) ) ;
#2861 = ADVANCED_FACE ( 'NONE', ( #3925 ), #6173, .T. ) ;
#2862 = AXIS2_PLACEMENT_3D ( 'NONE', #2501, #6361, #1423 ) ;
#2863 = CARTESIAN_POINT ( 'NONE',  ( -1.106490787510109763, 2.248300866378371232, 9.938905903571470191 ) ) ;
#2864 = CARTESIAN_POINT ( 'NONE',  ( 9.036978801079094126, 1.827366529454476751, -4.283506727573431760 ) ) ;
#2865 = CIRCLE ( 'NONE', #669, 2.500000000000000444 ) ;
#2866 = CARTESIAN_POINT ( 'NONE',  ( -6.205888851312630905, 2.372020242595190176, -7.841361078610881385 ) ) ;
#2867 = VERTEX_POINT ( 'NONE', #6683 ) ;
#2868 = CARTESIAN_POINT ( 'NONE',  ( 0.4013235377314569585, 2.164537838121623370, -9.851707555809991135 ) ) ;
#2869 = EDGE_CURVE ( 'NONE', #621, #2260, #7008, .T. ) ;
#2870 = CARTESIAN_POINT ( 'NONE',  ( -2.732734718790947870, 2.371852820628067349, 9.619363854055766438 ) ) ;
#2871 = AXIS2_PLACEMENT_3D ( 'NONE', #5181, #202, #2397 ) ;
#2872 = CARTESIAN_POINT ( 'NONE',  ( 6.441044717000913522, 1.981868317978592087, 7.650214500666212558 ) ) ;
#2873 = CARTESIAN_POINT ( 'NONE',  ( 9.436260398347604550, 2.500000000000000000, 1.098630827246665165 ) ) ;
#2874 = ORIENTED_EDGE ( 'NONE', *, *, #7129, .T. ) ;
#2875 = CARTESIAN_POINT ( 'NONE',  ( -6.320945456729107015, 2.500000000000000444, -7.750301822741175961 ) ) ;
#2876 = AXIS2_PLACEMENT_3D ( 'NONE', #1924, #5278, #5247 ) ;
#2877 = ORIENTED_EDGE ( 'NONE', *, *, #6642, .F. ) ;
#2878 = CYLINDRICAL_SURFACE ( 'NONE', #1046, 2.000000000000000000 ) ;
#2879 = ADVANCED_FACE ( 'NONE', ( #2389 ), #235, .T. ) ;
#2880 = ADVANCED_FACE ( 'NONE', ( #699 ), #5746, .T. ) ;
#2881 = CARTESIAN_POINT ( 'NONE',  ( -9.436260398347611655, 9.500000000000000000, -1.098630827246599662 ) ) ;
#2882 = CARTESIAN_POINT ( 'NONE',  ( -4.869582161062556480, 10.00000000000000000, -8.734252662744612650 ) ) ;
#2883 = CIRCLE ( 'NONE', #682, 2.000000000000000000 ) ;
#2884 = AXIS2_PLACEMENT_3D ( 'NONE', #4638, #6401, #3029 ) ;
#2885 = ORIENTED_EDGE ( 'NONE', *, *, #90, .F. ) ;
#2886 = ORIENTED_EDGE ( 'NONE', *, *, #1463, .F. ) ;
#2887 = CARTESIAN_POINT ( 'NONE',  ( 3.451496558927992897, 2.147145517465061548, 9.229789989832733355 ) ) ;
#2888 = B_SPLINE_CURVE_WITH_KNOTS ( 'NONE', 3,
 ( #46, #5135, #660, #117, #6095, #1628, #2800, #1196, #2909, #155, #4481, #5029, #1660, #3418 ),
 .UNSPECIFIED., .F., .F.,
 ( 4, 2, 2, 2, 2, 2, 4 ),
 ( 0.000000000000000000, 0.0002276354469423961635, 0.0004552708938847923269, 0.0009105417877695819433, 0.001365812681654371506, 0.001593448128596765528, 0.001821083575539159116 ),
 .UNSPECIFIED. ) ;
#2889 = ORIENTED_EDGE ( 'NONE', *, *, #1896, .F. ) ;
#2890 = DIRECTION ( 'NONE',  ( 0.000000000000000000, 1.000000000000000000, -0.000000000000000000 ) ) ;
#2891 = CARTESIAN_POINT ( 'NONE',  ( 0.6743094858304425898, 2.242938389050196157, -9.870054189468962846 ) ) ;
#2892 = ORIENTED_EDGE ( 'NONE', *, *, #4307, .T. ) ;
#2893 = CARTESIAN_POINT ( 'NONE',  ( -6.389094439620943255, 2.378544800988989127, 7.587710600652799897 ) ) ;
#2894 = AXIS2_PLACEMENT_3D ( 'NONE', #5941, #2621, #3185 ) ;
#2895 = DIRECTION ( 'NONE',  ( 4.386267836225386922E-16, -1.000000000000000000, 1.543988371350663943E-15 ) ) ;
#2896 = DIRECTION ( 'NONE',  ( 7.105427357601001859E-15, 0.000000000000000000, 1.000000000000000000 ) ) ;
#2897 = DIRECTION ( 'NONE',  ( 0.000000000000000000, 0.000000000000000000, 1.000000000000000000 ) ) ;
#2898 = ORIENTED_EDGE ( 'NONE', *, *, #5573, .T. ) ;
#2899 = EDGE_CURVE ( 'NONE', #7064, #2811, #3068, .T. ) ;
#2900 = ORIENTED_EDGE ( 'NONE', *, *, #3769, .F. ) ;
#2901 = CARTESIAN_POINT ( 'NONE',  ( 7.810231214632259444, 2.248135892564180782, -6.245516373440857194 ) ) ;
#2902 = CARTESIAN_POINT ( 'NONE',  ( 9.885393354405120903, 2.456216401094829305, -0.8789046617971509878 ) ) ;
#2903 = CARTESIAN_POINT ( 'NONE',  ( -8.297540029607363365, 9.500000000000000000, 4.626103053009459565 ) ) ;
#2904 = ORIENTED_EDGE ( 'NONE', *, *, #3227, .F. ) ;
#2905 = CARTESIAN_POINT ( 'NONE',  ( -0.5566365330722270466, 2.048945620300760773, -9.985236028452316503 ) ) ;
#2906 = CARTESIAN_POINT ( 'NONE',  ( 8.796570338259671828, 2.500000000000000444, 4.594978287206126666 ) ) ;
#2907 = AXIS2_PLACEMENT_3D ( 'NONE', #396, #5879, #4838 ) ;
#2908 = AXIS2_PLACEMENT_3D ( 'NONE', #1017, #2573, #6462 ) ;
#2909 = CARTESIAN_POINT ( 'NONE',  ( -3.927006851613436211, 2.134587307295728209, -9.026009395232261312 ) ) ;
#2910 = EDGE_CURVE ( 'NONE', #2602, #5877, #7123, .T. ) ;
#2911 = AXIS2_PLACEMENT_3D ( 'NONE', #181, #2450, #220 ) ;
#2912 = CARTESIAN_POINT ( 'NONE',  ( 1.098630827246567243, 9.500000000000000000, -9.436260398347616984 ) ) ;
#2913 = CARTESIAN_POINT ( 'NONE',  ( 0.000000000000000000, 9.500000000000000000, 0.000000000000000000 ) ) ;
#2914 = AXIS2_PLACEMENT_3D ( 'NONE', #2202, #4915, #548 ) ;
#2915 = EDGE_LOOP ( 'NONE', ( #5450, #4059, #2729 ) ) ;
#2916 = CARTESIAN_POINT ( 'NONE',  ( 4.626103053009547494, 9.500000000000000000, -8.297540029607313627 ) ) ;
#2917 = FACE_OUTER_BOUND ( 'NONE', #893, .T. ) ;
#2918 = CARTESIAN_POINT ( 'NONE',  ( 1.276266388579322841, 8.000000000000000000, -2.504813822048899130 ) ) ;
#2919 = AXIS2_PLACEMENT_3D ( 'NONE', #6579, #7023, #3790 ) ;
#2920 = EDGE_CURVE ( 'NONE', #2602, #4906, #168, .T. ) ;
#2921 = EDGE_LOOP ( 'NONE', ( #1141, #4879, #1265, #6696 ) ) ;
#2922 = ORIENTED_EDGE ( 'NONE', *, *, #1329, .F. ) ;
#2923 = CARTESIAN_POINT ( 'NONE',  ( -3.035713346348855257, 2.181049877636674239, -9.529018551434017326 ) ) ;
#2924 = ORIENTED_EDGE ( 'NONE', *, *, #4962, .T. ) ;
#2925 = CARTESIAN_POINT ( 'NONE',  ( 9.469254822743794264, 2.438027874578165832, -2.970974249536434186 ) ) ;
#2926 = FACE_OUTER_BOUND ( 'NONE', #2437, .T. ) ;
#2927 = PLANE ( 'NONE',  #5461 ) ;
#2928 = ORIENTED_EDGE ( 'NONE', *, *, #6341, .T. ) ;
#2929 = CARTESIAN_POINT ( 'NONE',  ( -6.440463711590023621, 1.982312691401809879, 7.650708865474364906 ) ) ;
#2930 = EDGE_CURVE ( 'NONE', #2732, #1235, #6425, .T. ) ;
#2931 = CARTESIAN_POINT ( 'NONE',  ( 0.8789046617972534614, 2.500000000000000444, -9.885393354405108468 ) ) ;
#2932 = CARTESIAN_POINT ( 'NONE',  ( -2.596097982851399255, 10.00001200000000168, 9.138395661352976873 ) ) ;
#2933 = ORIENTED_EDGE ( 'NONE', *, *, #2725, .T. ) ;
#2934 = DIRECTION ( 'NONE',  ( 0.000000000000000000, -3.469446951953614189E-15, 1.000000000000000000 ) ) ;
#2935 = CARTESIAN_POINT ( 'NONE',  ( 1.224646799147353256E-15, 10.00000000000000000, 10.00000000000000000 ) ) ;
#2936 = VERTEX_POINT ( 'NONE', #270 ) ;
#2937 = ORIENTED_EDGE ( 'NONE', *, *, #6373, .F. ) ;
#2938 = CARTESIAN_POINT ( 'NONE',  ( 7.247002898594072207, 1.779448407880939165, -6.891745755504253168 ) ) ;
#2939 = DIRECTION ( 'NONE',  ( 0.7622926637108774495, 0.000000000000000000, -0.6472324890273780662 ) ) ;
#2940 = DIRECTION ( 'NONE',  ( 0.000000000000000000, 1.000000000000000000, 0.000000000000000000 ) ) ;
#2941 = ORIENTED_EDGE ( 'NONE', *, *, #2379, .F. ) ;
#2942 = CARTESIAN_POINT ( 'NONE',  ( 1.109995276579308632, 2.255681435097380394, -9.938496242092700328 ) ) ;
#2943 = AXIS2_PLACEMENT_3D ( 'NONE', #7134, #4689, #3630 ) ;
#2944 = CARTESIAN_POINT ( 'NONE',  ( 8.967023712798470214, 2.147145517465061104, 4.085870468678399980 ) ) ;
#2945 = DIRECTION ( 'NONE',  ( -0.000000000000000000, 1.000000000000000000, 0.000000000000000000 ) ) ;
#2946 = DIRECTION ( 'NONE',  ( 0.9980606173047411600, 0.000000000000000000, 0.06224953160690469695 ) ) ;
#2947 = CARTESIAN_POINT ( 'NONE',  ( -8.796570338259705579, 10.00001200000000168, -4.594978287206068934 ) ) ;
#2948 = ORIENTED_EDGE ( 'NONE', *, *, #3009, .T. ) ;
#2949 = CARTESIAN_POINT ( 'NONE',  ( 10.79269157286925029, 2.500000000000000444, -4.470479223992127160 ) ) ;
#2950 = LINE ( 'NONE', #1352, #306 ) ;
#2951 = AXIS2_PLACEMENT_3D ( 'NONE', #723, #1917, #1303 ) ;
#2952 = ADVANCED_FACE ( 'NONE', ( #768 ), #2427, .T. ) ;
#2953 = FACE_OUTER_BOUND ( 'NONE', #6968, .T. ) ;
#2954 = CARTESIAN_POINT ( 'NONE',  ( 4.470479223992089857, 2.500000000000000444, 10.79269157286926628 ) ) ;
#2955 = ORIENTED_EDGE ( 'NONE', *, *, #5769, .F. ) ;
#2956 = VERTEX_POINT ( 'NONE', #305 ) ;
#2957 = CARTESIAN_POINT ( 'NONE',  ( -3.023139038583162463, 1.981868317978710214, -9.532757696805443715 ) ) ;
#2958 = DIRECTION ( 'NONE',  ( 0.9459096409518773507, -3.844579995475198614E-15, 0.3244301945785728059 ) ) ;
#2959 = CARTESIAN_POINT ( 'NONE',  ( 3.722773453796036858, 1.985975370094173353, 9.281909929401386705 ) ) ;
#2960 = EDGE_CURVE ( 'NONE', #5666, #1359, #1847, .T. ) ;
#2961 = SPHERICAL_SURFACE ( 'NONE', #1856, 0.5000000000000000000 ) ;
#2962 = ORIENTED_EDGE ( 'NONE', *, *, #2899, .F. ) ;
#2963 = CARTESIAN_POINT ( 'NONE',  ( -6.990103614099530738, 1.986052934431256523, 7.152017281988804598 ) ) ;
#2964 = LINE ( 'NONE', #4051, #7039 ) ;
#2965 = CARTESIAN_POINT ( 'NONE',  ( -6.368549229222988828, 2.456216401094829749, 7.611508121969578156 ) ) ;
#2966 = CIRCLE ( 'NONE', #3888, 0.5000000000000000000 ) ;
#2967 = CARTESIAN_POINT ( 'NONE',  ( 0.6290766711811315304, 1.867388762198089580, 9.980840721418797301 ) ) ;
#2968 = CARTESIAN_POINT ( 'NONE',  ( 1.098630827246564134, 9.500000000000000000, 9.936260398347616984 ) ) ;
#2969 =( BOUNDED_SURFACE ( )  B_SPLINE_SURFACE ( 3, 2, ( 
 ( #313, #3142, #2510 ),
 ( #2579, #1432, #6951 ),
 ( #4793, #5361, #2436 ),
 ( #883, #1973, #2544 ),
 ( #5900, #6334, #6403 ),
 ( #6986, #4200, #3652 ),
 ( #4679, #1466, #381 ),
 ( #3107, #4268, #5935 ),
 ( #5323, #4823, #6468 ),
 ( #950, #3177, #6874 ),
 ( #1895, #4125, #5792 ),
 ( #812, #3033, #6538 ),
 ( #1664, #6100, #5463 ),
 ( #2653, #7163, #2613 ),
 ( #5431, #5966, #14 ),
 ( #987, #3276, #3852 ),
 ( #1531, #3312, #7133 ),
 ( #6505, #452, #1094 ) ),
 .UNSPECIFIED., .F., .F., .T. ) 
 B_SPLINE_SURFACE_WITH_KNOTS ( ( 4, 2, 2, 2, 2, 2, 2, 2, 4 ),
 ( 3, 3 ),
 ( 8.402566836762659364E-19, 0.0003645422052340777596, 0.0007290844104681546518, 0.001093626615702231490, 0.001458168820936308436, 0.001822711026170385166, 0.002187253231404462112, 0.002551795436638539059, 0.002916337641872616005 ),
 ( 0.000000000000000000, 1.000000000000000000 ),
 .UNSPECIFIED. ) 
 GEOMETRIC_REPRESENTATION_ITEM ( )  RATIONAL_B_SPLINE_SURFACE ( (
 ( 1.000000000000000000, 0.9595359398070247847, 1.000000000000000000),
 ( 1.000000000000000000, 0.9595833763010224171, 1.000000000000000000),
 ( 1.000000000000000000, 0.9570685609626675694, 1.000000000000000000),
 ( 1.000000000000000000, 0.9488880332095442904, 1.000000000000000000),
 ( 1.000000000000000000, 0.9432547151588693835, 1.000000000000000000),
 ( 1.000000000000000000, 0.9321826025349159162, 1.000000000000000000),
 ( 1.000000000000000000, 0.9268523530654433351, 1.000000000000000000),
 ( 1.000000000000000000, 0.9192073681285632958, 1.000000000000000000),
 ( 1.000000000000000000, 0.9170514797511380989, 1.000000000000000000),
 ( 1.000000000000000000, 0.9170288608893327753, 1.000000000000000000),
 ( 1.000000000000000000, 0.9192260099103977122, 1.000000000000000000),
 ( 1.000000000000000000, 0.9267996068665790288, 1.000000000000000000),
 ( 1.000000000000000000, 0.9321812854750027855, 1.000000000000000000),
 ( 1.000000000000000000, 0.9432160661325502682, 1.000000000000000000),
 ( 1.000000000000000000, 0.9488445939139391605, 1.000000000000000000),
 ( 1.000000000000000000, 0.9570263305979660462, 1.000000000000000000),
 ( 1.000000000000000000, 0.9595878455022631703, 1.000000000000000000),
 ( 1.000000000000000000, 0.9595359398070243406, 1.000000000000000000) ) ) 
 REPRESENTATION_ITEM ( '' )  SURFACE ( )  );
#2970 = EDGE_CURVE ( 'NONE', #4325, #2634, #4074, .T. ) ;
#2971 = DIRECTION ( 'NONE',  ( 0.000000000000000000, 1.000000000000000000, 0.000000000000000000 ) ) ;
#2972 = EDGE_CURVE ( 'NONE', #6566, #6135, #977, .T. ) ;
#2973 = ORIENTED_EDGE ( 'NONE', *, *, #274, .F. ) ;
#2974 = ORIENTED_EDGE ( 'NONE', *, *, #3402, .F. ) ;
#2975 = CARTESIAN_POINT ( 'NONE',  ( 7.643810160369078233, 1.975531022569853912, -6.448641078955030359 ) ) ;
#2976 = CARTESIAN_POINT ( 'NONE',  ( 9.469254843656191412, 10.00001200000000168, 2.970974231079662520 ) ) ;
#2977 = CIRCLE ( 'NONE', #4849, 10.00000000000000000 ) ;
#2978 = ORIENTED_EDGE ( 'NONE', *, *, #3010, .T. ) ;
#2979 = CARTESIAN_POINT ( 'NONE',  ( -0.2552196072240446867, 1.779716818039816850, -9.997538315944970222 ) ) ;
#2980 = CARTESIAN_POINT ( 'NONE',  ( -3.594033116304575337, 1.779361857681297954, 9.332649232411220908 ) ) ;
#2981 = DIRECTION ( 'NONE',  ( 0.000000000000000000, 0.000000000000000000, 1.000000000000000000 ) ) ;
#2982 = AXIS2_PLACEMENT_3D ( 'NONE', #142, #6738, #6191 ) ;
#2983 = CARTESIAN_POINT ( 'NONE',  ( 5.095752233843723986E-17, 2.500000000000000444, -10.18192517863507618 ) ) ;
#2984 = CARTESIAN_POINT ( 'NONE',  ( 0.000000000000000000, 9.500000000000000000, 0.000000000000000000 ) ) ;
#2985 = LINE ( 'NONE', #5138, #1324 ) ;
#2986 = ORIENTED_EDGE ( 'NONE', *, *, #404, .F. ) ;
#2987 = FACE_OUTER_BOUND ( 'NONE', #714, .T. ) ;
#2988 = DIRECTION ( 'NONE',  ( 0.000000000000000000, 1.000000000000000000, -0.000000000000000000 ) ) ;
#2989 = TOROIDAL_SURFACE ( 'NONE', #1693, 1.500000000000000000, 0.5000000000000000000 ) ;
#2990 = CARTESIAN_POINT ( 'NONE',  ( -7.841361078610813884, 9.500000000000000000, -6.205888851312715282 ) ) ;
#2991 = DIRECTION ( 'NONE',  ( 1.000000000000000000, 0.000000000000000000, 0.000000000000000000 ) ) ;
#2992 = ADVANCED_FACE ( 'NONE', ( #4670 ), #5048, .T. ) ;
#2993 = ORIENTED_EDGE ( 'NONE', *, *, #1044, .F. ) ;
#2994 = PLANE ( 'NONE',  #4183 ) ;
#2995 = CARTESIAN_POINT ( 'NONE',  ( 9.172514644783483106, 2.139924804626922583, -3.577627445399044870 ) ) ;
#2996 = CARTESIAN_POINT ( 'NONE',  ( -1.260587625341237805, 8.000000000000000000, -2.043718524445534701 ) ) ;
#2997 = VERTEX_POINT ( 'NONE', #1312 ) ;
#2998 = AXIS2_PLACEMENT_3D ( 'NONE', #275, #346, #737 ) ;
#2999 = CARTESIAN_POINT ( 'NONE',  ( -6.360301573036696965, 2.059838893144283478, 7.717017477651000767 ) ) ;
#3000 = EDGE_CURVE ( 'NONE', #6187, #507, #4820, .T. ) ;
#3001 = DIRECTION ( 'NONE',  ( -0.5249775667251639355, 0.000000000000000000, 0.8511160640214271433 ) ) ;
#3002 = CIRCLE ( 'NONE', #7063, 2.500000000000000444 ) ;
#3003 = LINE ( 'NONE', #6740, #3644 ) ;
#3004 = CARTESIAN_POINT ( 'NONE',  ( -0.8550121536353972873, 1.981868317978684901, 9.964024948269885940 ) ) ;
#3005 = DIRECTION ( 'NONE',  ( 0.000000000000000000, 0.000000000000000000, 1.000000000000000000 ) ) ;
#3006 = LINE ( 'NONE', #2935, #588 ) ;
#3007 = VECTOR ( 'NONE', #1476, 1000.000000000000000 ) ;
#3008 = VERTEX_POINT ( 'NONE', #5280 ) ;
#3009 = EDGE_CURVE ( 'NONE', #3350, #4286, #2985, .T. ) ;
#3010 = EDGE_CURVE ( 'NONE', #4465, #3600, #5964, .T. ) ;
#3011 = CARTESIAN_POINT ( 'NONE',  ( 6.981771384884035037, 1.768638744481565883, -7.160346141787901963 ) ) ;
#3012 =( BOUNDED_SURFACE ( )  B_SPLINE_SURFACE ( 3, 2, ( 
 ( #3047, #4172, #6383 ),
 ( #1408, #6927, #290 ),
 ( #1949, #5806, #823 ),
 ( #4732, #2233, #2 ),
 ( #3338, #582, #1082 ),
 ( #74, #618, #2792 ),
 ( #5024, #2828, #1652 ),
 ( #3267, #2269, #6601 ),
 ( #4946, #1586, #6125 ),
 ( #3300, #5525, #2718 ),
 ( #1686, #4510, #6089 ),
 ( #3877, #1154, #6027 ),
 ( #2198, #6706, #7153 ),
 ( #510, #1727, #5558 ),
 ( #39, #4911, #543 ),
 ( #4473, #2162, #6056 ),
 ( #476, #6669, #3374 ),
 ( #4399, #3950, #6161 ) ),
 .UNSPECIFIED., .F., .F., .T. ) 
 B_SPLINE_SURFACE_WITH_KNOTS ( ( 4, 2, 2, 2, 2, 2, 2, 2, 4 ),
 ( 3, 3 ),
 ( 0.000000000000000000, 0.0003645422052340796569, 0.0007290844104681593139, 0.001093626615702239079, 0.001458168820936318628, 0.001822711026170398393, 0.002187253231404478158, 0.002551795436638557707, 0.002916337641872637255 ),
 ( 0.000000000000000000, 1.000000000000000000 ),
 .UNSPECIFIED. ) 
 GEOMETRIC_REPRESENTATION_ITEM ( )  RATIONAL_B_SPLINE_SURFACE ( (
 ( 1.000000000000000000, 0.9595359398070241186, 1.000000000000000000),
 ( 1.000000000000000000, 0.9595833763010224171, 1.000000000000000000),
 ( 1.000000000000000000, 0.9570685609626671253, 1.000000000000000000),
 ( 1.000000000000000000, 0.9488880332095436243, 1.000000000000000000),
 ( 1.000000000000000000, 0.9432547151588545065, 1.000000000000000000),
 ( 1.000000000000000000, 0.9321826025349281286, 1.000000000000000000),
 ( 1.000000000000000000, 0.9268523530654825260, 1.000000000000000000),
 ( 1.000000000000000000, 0.9192073681285225506, 1.000000000000000000),
 ( 1.000000000000000000, 0.9170514797511168936, 1.000000000000000000),
 ( 1.000000000000000000, 0.9170288608893517601, 1.000000000000000000),
 ( 1.000000000000000000, 0.9192260099103566340, 1.000000000000000000),
 ( 1.000000000000000000, 0.9267996068666188858, 1.000000000000000000),
 ( 1.000000000000000000, 0.9321812854749548238, 1.000000000000000000),
 ( 1.000000000000000000, 0.9432160661325971196, 1.000000000000000000),
 ( 1.000000000000000000, 0.9488445939140058849, 1.000000000000000000),
 ( 1.000000000000000000, 0.9570263305978975454, 1.000000000000000000),
 ( 1.000000000000000000, 0.9595878455023130194, 1.000000000000000000),
 ( 1.000000000000000000, 0.9595359398070242296, 1.000000000000000000) ) ) 
 REPRESENTATION_ITEM ( '' )  SURFACE ( )  );
#3013 = CARTESIAN_POINT ( 'NONE',  ( -9.999989585984216944, 1.986052934431125072, 0.1144902525312551655 ) ) ;
#3014 = DIRECTION ( 'NONE',  ( 0.000000000000000000, 0.000000000000000000, 1.000000000000000000 ) ) ;
#3015 = AXIS2_PLACEMENT_3D ( 'NONE', #6764, #6693, #6729 ) ;
#3016 = ORIENTED_EDGE ( 'NONE', *, *, #826, .T. ) ;
#3017 = DIRECTION ( 'NONE',  ( 0.000000000000000000, 0.000000000000000000, 1.000000000000000000 ) ) ;
#3018 = CARTESIAN_POINT ( 'NONE',  ( 1.224646799147353256E-15, -4.000000000000000000, 10.00000000000000000 ) ) ;
#3019 = CARTESIAN_POINT ( 'NONE',  ( -8.801569444818234444, 2.414533010808961766, -4.579874499418494338 ) ) ;
#3020 = EDGE_CURVE ( 'NONE', #3430, #581, #1553, .T. ) ;
#3021 = DIRECTION ( 'NONE',  ( 0.000000000000000000, -8.673617379884043361E-16, 1.000000000000000000 ) ) ;
#3022 = CARTESIAN_POINT ( 'NONE',  ( 8.817277085773882916, 2.343452233630470616, -4.532184927350042969 ) ) ;
#3023 = DIRECTION ( 'NONE',  ( 0.000000000000000000, 0.000000000000000000, 1.000000000000000000 ) ) ;
#3024 = AXIS2_PLACEMENT_3D ( 'NONE', #5338, #1542, #2593 ) ;
#3025 = VERTEX_POINT ( 'NONE', #1424 ) ;
#3026 = DIRECTION ( 'NONE',  ( 0.3244301945785603714, 0.000000000000000000, 0.9459096409518815696 ) ) ;
#3027 = CIRCLE ( 'NONE', #1281, 0.4999999999999993894 ) ;
#3028 = DIRECTION ( 'NONE',  ( 0.000000000000000000, 1.000000000000000000, 0.000000000000000000 ) ) ;
#3029 = DIRECTION ( 'NONE',  ( 0.000000000000000000, 0.000000000000000000, 1.000000000000000000 ) ) ;
#3030 = DIRECTION ( 'NONE',  ( -0.9932905682471180331, -3.469446951953618133E-15, 0.1156453502364772484 ) ) ;
#3031 = AXIS2_PLACEMENT_3D ( 'NONE', #5044, #2330, #171 ) ;
#3032 = DIRECTION ( 'NONE',  ( 0.6472324890273797315, 0.000000000000000000, -0.7622926637108760062 ) ) ;
#3033 = CARTESIAN_POINT ( 'NONE',  ( -4.237709641947824402, 2.024215165943707095, 9.058529816459678585 ) ) ;
#3034 = ORIENTED_EDGE ( 'NONE', *, *, #6426, .F. ) ;
#3035 = ORIENTED_EDGE ( 'NONE', *, *, #6958, .F. ) ;
#3036 = CARTESIAN_POINT ( 'NONE',  ( -3.120821918168856790, 2.127032157860246020, -9.501588311015522592 ) ) ;
#3037 = CARTESIAN_POINT ( 'NONE',  ( -3.150000000000000799, 8.000000000000000000, 5.421010862427522170E-17 ) ) ;
#3038 = CARTESIAN_POINT ( 'NONE',  ( 4.512470218131240607, 2.127336489724643176, 8.925099472239383047 ) ) ;
#3039 = AXIS2_PLACEMENT_3D ( 'NONE', #4829, #6443, #1470 ) ;
#3040 = CARTESIAN_POINT ( 'NONE',  ( -1.098630827246566799, 10.00000000000000000, 9.436260398347616984 ) ) ;
#3041 = EDGE_CURVE ( 'NONE', #1401, #6187, #5674, .T. ) ;
#3042 = LINE ( 'NONE', #6920, #2287 ) ;
#3043 = DIRECTION ( 'NONE',  ( 0.000000000000000000, 1.000000000000000000, 0.000000000000000000 ) ) ;
#3044 = DIRECTION ( 'NONE',  ( 0.07555769727474785646, 0.000000000000000000, -0.9971414314842893534 ) ) ;
#3045 = CARTESIAN_POINT ( 'NONE',  ( 6.555906814057244070, 2.212953969771217722, 7.393847267223474518 ) ) ;
#3046 = CARTESIAN_POINT ( 'NONE',  ( -1.010707542388656011, 2.409665417632327333, 9.949874374723600923 ) ) ;
#3047 = CARTESIAN_POINT ( 'NONE',  ( -8.796570338259732225, 2.500000000000000444, 4.594978287206011203 ) ) ;
#3048 = CARTESIAN_POINT ( 'NONE',  ( 7.841361078610902702, 9.500000000000000000, -6.205888851312603371 ) ) ;
#3049 = EDGE_CURVE ( 'NONE', #4972, #6940, #5860, .T. ) ;
#3050 = ORIENTED_EDGE ( 'NONE', *, *, #3590, .F. ) ;
#3051 = ORIENTED_EDGE ( 'NONE', *, *, #6411, .F. ) ;
#3052 = CARTESIAN_POINT ( 'NONE',  ( 9.012158091705398277, 2.048970607329219984, 4.335404163388600907 ) ) ;
#3053 = FACE_OUTER_BOUND ( 'NONE', #2165, .T. ) ;
#3054 = ORIENTED_EDGE ( 'NONE', *, *, #3410, .T. ) ;
#3055 = EDGE_CURVE ( 'NONE', #2429, #6817, #517, .T. ) ;
#3056 = AXIS2_PLACEMENT_3D ( 'NONE', #647, #2301, #755 ) ;
#3057 = CARTESIAN_POINT ( 'NONE',  ( -8.886370973163122855, 2.212953969771219942, -4.322187234833101854 ) ) ;
#3058 = ORIENTED_EDGE ( 'NONE', *, *, #23, .F. ) ;
#3059 = CARTESIAN_POINT ( 'NONE',  ( 4.626103053009547494, 2.500000000000000000, -8.297540029607313627 ) ) ;
#3060 = CARTESIAN_POINT ( 'NONE',  ( 9.469254843656251808, 2.456298904871081046, -2.970974231079462236 ) ) ;
#3061 = VECTOR ( 'NONE', #2821, 1000.000000000000000 ) ;
#3062 = DIRECTION ( 'NONE',  ( 0.000000000000000000, 1.000000000000000000, 0.000000000000000000 ) ) ;
#3063 = ORIENTED_EDGE ( 'NONE', *, *, #5700, .F. ) ;
#3064 = LINE ( 'NONE', #702, #3829 ) ;
#3065 = DIRECTION ( 'NONE',  ( 0.000000000000000000, 0.000000000000000000, 1.000000000000000000 ) ) ;
#3066 = EDGE_CURVE ( 'NONE', #507, #263, #6431, .T. ) ;
#3067 = CARTESIAN_POINT ( 'NONE',  ( 9.981420327383220936, 1.864094386502767264, -0.6197453836958368711 ) ) ;
#3068 = CIRCLE ( 'NONE', #1772, 2.000000000000000000 ) ;
#3069 = DIRECTION ( 'NONE',  ( -0.000000000000000000, -1.000000000000000000, -0.000000000000000000 ) ) ;
#3070 = CARTESIAN_POINT ( 'NONE',  ( 1.098630827246565245, 9.500000000000000000, 9.436260398347616984 ) ) ;
#3071 = CARTESIAN_POINT ( 'NONE',  ( -9.885393342147867912, 2.438027874578139187, -0.8789046367427875150 ) ) ;
#3072 = ORIENTED_EDGE ( 'NONE', *, *, #5617, .T. ) ;
#3073 = CIRCLE ( 'NONE', #2951, 0.5000000000000004441 ) ;
#3074 = EDGE_LOOP ( 'NONE', ( #7010, #3119, #5781, #467, #4502, #6682, #5660, #4884, #3737, #3926, #2300, #2028, #7076, #6596, #95, #4534, #1938, #5991, #6196, #3396, #5472, #513, #4628, #1525, #3016, #3711, #3653, #5231, #717, #4003, #6830, #6398, #580, #6203, #3967, #6111, #1376, #3876, #3818, #6835 ) ) ;
#3075 = DIRECTION ( 'NONE',  ( 0.000000000000000000, 0.000000000000000000, 1.000000000000000000 ) ) ;
#3076 = CARTESIAN_POINT ( 'NONE',  ( 9.406354823611808413, 2.279592747210337222, -3.095596099249381616 ) ) ;
#3077 = LINE ( 'NONE', #2996, #6979 ) ;
#3078 = VERTEX_POINT ( 'NONE', #2066 ) ;
#3079 = CIRCLE ( 'NONE', #6777, 0.5000000000000000000 ) ;
#3080 = CIRCLE ( 'NONE', #6315, 0.5000000000000003331 ) ;
#3081 = DIRECTION ( 'NONE',  ( -0.000000000000000000, 1.000000000000000000, -0.000000000000000000 ) ) ;
#3082 = CARTESIAN_POINT ( 'NONE',  ( -1.098630827246567243, 10.00000000000000000, 9.436260398347616984 ) ) ;
#3083 = CARTESIAN_POINT ( 'NONE',  ( 0.8789046617972542386, 2.500000000000000444, 9.885393354405108468 ) ) ;
#3084 = VECTOR ( 'NONE', #818, 1000.000000000000114 ) ;
#3085 = VECTOR ( 'NONE', #2285, 1000.000000000000000 ) ;
#3086 = CARTESIAN_POINT ( 'NONE',  ( 9.949874371066208312, 2.500000000000000888, -1.010707579139138224 ) ) ;
#3087 = DIRECTION ( 'NONE',  ( -7.993605777301127091E-15, 0.000000000000000000, 1.000000000000000000 ) ) ;
#3088 = ORIENTED_EDGE ( 'NONE', *, *, #3486, .F. ) ;
#3089 = AXIS2_PLACEMENT_3D ( 'NONE', #6761, #3028, #4000 ) ;
#3090 = EDGE_LOOP ( 'NONE', ( #6145, #4506, #6718, #4010 ) ) ;
#3091 = DIRECTION ( 'NONE',  ( 0.000000000000000000, -1.734723475976807094E-15, 1.000000000000000000 ) ) ;
#3092 = CARTESIAN_POINT ( 'NONE',  ( 9.529747859751843464, 1.975531022569853468, -3.032607996840858799 ) ) ;
#3093 = EDGE_CURVE ( 'NONE', #1283, #6144, #979, .T. ) ;
#3094 = CARTESIAN_POINT ( 'NONE',  ( 9.140450790375643564, 1.779448407880939831, 4.058000729357143399 ) ) ;
#3095 = EDGE_LOOP ( 'NONE', ( #1767, #4618 ) ) ;
#3096 = DIRECTION ( 'NONE',  ( -0.2362740077746009193, 0.000000000000000000, -0.9716864685947458335 ) ) ;
#3097 = CARTESIAN_POINT ( 'NONE',  ( 5.895594408747106385, 9.500000000000000000, -7.449293024680253339 ) ) ;
#3098 = DIRECTION ( 'NONE',  ( 1.000000000000000000, 1.734723475976805517E-15, -0.000000000000000000 ) ) ;
#3099 = AXIS2_PLACEMENT_3D ( 'NONE', #6568, #4442, #5028 ) ;
#3100 = EDGE_CURVE ( 'NONE', #724, #5562, #3993, .T. ) ;
#3101 = CARTESIAN_POINT ( 'NONE',  ( 2.873880099895345541, 2.410376625841616605, -9.579266306900278138 ) ) ;
#3102 = ORIENTED_EDGE ( 'NONE', *, *, #6901, .F. ) ;
#3103 = LINE ( 'NONE', #5962, #2497 ) ;
#3104 = CIRCLE ( 'NONE', #2154, 10.00000000000000000 ) ;
#3105 = DIRECTION ( 'NONE',  ( 0.000000000000000000, 1.000000000000000000, 0.000000000000000000 ) ) ;
#3106 = DIRECTION ( 'NONE',  ( -0.000000000000000000, -1.000000000000000000, -0.000000000000000000 ) ) ;
#3107 = CARTESIAN_POINT ( 'NONE',  ( -3.577945097074347824, 2.139858412045527736, 9.172361082845755575 ) ) ;
#3108 = ADVANCED_FACE ( 'NONE', ( #3208 ), #4364, .T. ) ;
#3109 = ADVANCED_FACE ( 'NONE', ( #4297 ), #5521, .T. ) ;
#3110 = AXIS2_PLACEMENT_3D ( 'NONE', #5263, #5840, #4728 ) ;
#3111 = ORIENTED_EDGE ( 'NONE', *, *, #2229, .F. ) ;
#3112 = CARTESIAN_POINT ( 'NONE',  ( 2.596097982851462760, 9.500000000000000000, -9.138395661352957333 ) ) ;
#3113 = CARTESIAN_POINT ( 'NONE',  ( -2.596097982851333974, 9.500000000000000000, -9.138395661352994637 ) ) ;
#3114 = CARTESIAN_POINT ( 'NONE',  ( 4.592078116478148786, 2.181508697813395958, 8.884289160643556116 ) ) ;
#3115 = ORIENTED_EDGE ( 'NONE', *, *, #1572, .T. ) ;
#3116 = CARTESIAN_POINT ( 'NONE',  ( -0.9124482025973585930, 8.000000000000000000, 2.221104420305843430 ) ) ;
#3117 = DIRECTION ( 'NONE',  ( 0.5249775667251631583, 0.000000000000000000, -0.8511160640214275874 ) ) ;
#3118 = AXIS2_PLACEMENT_3D ( 'NONE', #3348, #3886, #5672 ) ;
#3119 = ORIENTED_EDGE ( 'NONE', *, *, #6426, .T. ) ;
#3120 = DIRECTION ( 'NONE',  ( 0.000000000000000000, -1.000000000000000000, 0.000000000000000000 ) ) ;
#3121 = CARTESIAN_POINT ( 'NONE',  ( 7.449293024680232023, 9.500000000000000000, 5.895594408747129478 ) ) ;
#3122 = AXIS2_PLACEMENT_3D ( 'NONE', #696, #51, #4590 ) ;
#3123 = DIRECTION ( 'NONE',  ( -0.9716864685947451674, 0.000000000000000000, -0.2362740077746034173 ) ) ;
#3124 = DIRECTION ( 'NONE',  ( -0.000000000000000000, -1.000000000000000000, -0.000000000000000000 ) ) ;
#3125 = CARTESIAN_POINT ( 'NONE',  ( 6.205888851312742815, 10.00000000000000000, -7.841361078610793456 ) ) ;
#3126 = EDGE_LOOP ( 'NONE', ( #3532, #3892, #1097, #3746 ) ) ;
#3127 = DIRECTION ( 'NONE',  ( -0.000000000000000000, -1.000000000000000000, -0.000000000000000000 ) ) ;
#3128 = CARTESIAN_POINT ( 'NONE',  ( -8.734252662744561135, 2.500000000000000000, -4.869582161062647074 ) ) ;
#3129 = EDGE_LOOP ( 'NONE', ( #2722, #1116, #5684, #1246 ) ) ;
#3130 = AXIS2_PLACEMENT_3D ( 'NONE', #240, #3614, #347 ) ;
#3131 = EDGE_CURVE ( 'NONE', #2340, #621, #5166, .T. ) ;
#3132 = CIRCLE ( 'NONE', #3481, 9.500000000000000000 ) ;
#3133 = DIRECTION ( 'NONE',  ( 0.000000000000000000, 0.000000000000000000, 1.000000000000000000 ) ) ;
#3134 = CARTESIAN_POINT ( 'NONE',  ( 2.732734718791010486, 2.500000000000000444, -9.619363854055746899 ) ) ;
#3135 = EDGE_LOOP ( 'NONE', ( #3034, #2365, #1382, #2438 ) ) ;
#3136 = DIRECTION ( 'NONE',  ( 0.000000000000000000, 0.000000000000000000, 1.000000000000000000 ) ) ;
#3137 = DIRECTION ( 'NONE',  ( 0.000000000000000000, 0.000000000000000000, 1.000000000000000000 ) ) ;
#3138 = EDGE_CURVE ( 'NONE', #6335, #4873, #1729, .T. ) ;
#3139 = CARTESIAN_POINT ( 'NONE',  ( 7.650708865474373788, 1.982312691401796556, 6.440463711590015627 ) ) ;
#3140 = CARTESIAN_POINT ( 'NONE',  ( 1.098630827246567243, 10.00000000000000000, 9.436260398347616984 ) ) ;
#3141 = CARTESIAN_POINT ( 'NONE',  ( -8.260368511126690905, 9.500000000000000000, -8.260368511126776170 ) ) ;
#3142 = CARTESIAN_POINT ( 'NONE',  ( -2.873880030200289148, 2.500000000000000888, 9.579266327989083507 ) ) ;
#3143 = AXIS2_PLACEMENT_3D ( 'NONE', #1557, #3781, #5390 ) ;
#3144 = ORIENTED_EDGE ( 'NONE', *, *, #6492, .F. ) ;
#3145 = DIRECTION ( 'NONE',  ( -0.000000000000000000, 1.000000000000000000, 0.000000000000000000 ) ) ;
#3146 = DIRECTION ( 'NONE',  ( 0.2732734718790853501, 0.000000000000000000, 0.9619363854055790197 ) ) ;
#3147 = SPHERICAL_SURFACE ( 'NONE', #260, 0.5000000000000000000 ) ;
#3148 = TOROIDAL_SURFACE ( 'NONE', #3491, 2.500000000000000000, 0.5000000000000000000 ) ;
#3149 = EDGE_CURVE ( 'NONE', #5770, #1235, #3777, .T. ) ;
#3150 = CARTESIAN_POINT ( 'NONE',  ( 3.032607996840824605, 1.975531022569853468, 9.529747859751850569 ) ) ;
#3151 = AXIS2_PLACEMENT_3D ( 'NONE', #2053, #6480, #428 ) ;
#3152 = VERTEX_POINT ( 'NONE', #112 ) ;
#3153 = CARTESIAN_POINT ( 'NONE',  ( 2.776607510986325966, 8.000000000000000000, -0.4397714266284734608 ) ) ;
#3154 = DIRECTION ( 'NONE',  ( 0.000000000000000000, 0.000000000000000000, 1.000000000000000000 ) ) ;
#3155 = TOROIDAL_SURFACE ( 'NONE', #3839, 9.500000000000000000, 0.5000000000000000000 ) ;
#3156 = CARTESIAN_POINT ( 'NONE',  ( 2.394357833393303103, 8.000000000000000000, -0.1814307967061945248 ) ) ;
#3157 = DIRECTION ( 'NONE',  ( 0.000000000000000000, 0.000000000000000000, 1.000000000000000000 ) ) ;
#3158 = CARTESIAN_POINT ( 'NONE',  ( 9.469254843656251808, 10.00001200000000168, -2.970974231079465344 ) ) ;
#3159 = EDGE_CURVE ( 'NONE', #798, #2371, #2596, .T. ) ;
#3160 = FACE_OUTER_BOUND ( 'NONE', #4909, .T. ) ;
#3161 = EDGE_LOOP ( 'NONE', ( #30, #4602, #6666 ) ) ;
#3162 = CARTESIAN_POINT ( 'NONE',  ( 9.334189340898246812, 1.779716818039800419, 3.590100106537547298 ) ) ;
#3163 = CARTESIAN_POINT ( 'NONE',  ( 5.895594408747103721, 9.500000000000000000, -7.449293024680251563 ) ) ;
#3164 = EDGE_LOOP ( 'NONE', ( #4162, #4859, #6363, #3253 ) ) ;
#3165 = CARTESIAN_POINT ( 'NONE',  ( 0.9504006689409558728, 2.051424475504903810, 9.955047142828190587 ) ) ;
#3166 = CARTESIAN_POINT ( 'NONE',  ( 7.250099490762353938, 1.779849606445623289, -6.888520213642530088 ) ) ;
#3167 = CARTESIAN_POINT ( 'NONE',  ( 4.335404163388783871, 2.048970607329059668, -9.012158091705623875 ) ) ;
#3168 = VERTEX_POINT ( 'NONE', #1156 ) ;
#3169 = CARTESIAN_POINT ( 'NONE',  ( 2.548403532281085848, 0.000000000000000000, 1.851523544721291437 ) ) ;
#3170 = ADVANCED_FACE ( 'NONE', ( #2306 ), #1207, .T. ) ;
#3171 = DIRECTION ( 'NONE',  ( 0.000000000000000000, 1.000000000000000000, 0.000000000000000000 ) ) ;
#3172 = AXIS2_PLACEMENT_3D ( 'NONE', #4462, #1677, #1577 ) ;
#3173 = CARTESIAN_POINT ( 'NONE',  ( -6.205888851312683308, 2.371852820628066905, 7.841361078610836088 ) ) ;
#3174 = CARTESIAN_POINT ( 'NONE',  ( -2.333234819276247318, 0.000000000000000000, -0.5673463196692614119 ) ) ;
#3175 = AXIS2_PLACEMENT_3D ( 'NONE', #1220, #6309, #218 ) ;
#3176 = CARTESIAN_POINT ( 'NONE',  ( -9.323898564490024299, 1.992695579455184829, -3.616353032451523397 ) ) ;
#3177 = CARTESIAN_POINT ( 'NONE',  ( -3.930903099441866555, 1.985975370094172687, 9.195699807443020291 ) ) ;
#3178 = ORIENTED_EDGE ( 'NONE', *, *, #5177, .T. ) ;
#3179 = LINE ( 'NONE', #5397, #352 ) ;
#3180 = EDGE_CURVE ( 'NONE', #4445, #6758, #4, .T. ) ;
#3181 = LINE ( 'NONE', #6543, #1563 ) ;
#3182 = CARTESIAN_POINT ( 'NONE',  ( 0.000000000000000000, 10.00000000000000000, 0.000000000000000000 ) ) ;
#3183 = AXIS2_PLACEMENT_3D ( 'NONE', #1074, #5049, #502 ) ;
#3184 = AXIS2_PLACEMENT_3D ( 'NONE', #4168, #3117, #1442 ) ;
#3185 = DIRECTION ( 'NONE',  ( 0.000000000000000000, 0.000000000000000000, 1.000000000000000000 ) ) ;
#3186 = ORIENTED_EDGE ( 'NONE', *, *, #5014, .T. ) ;
#3187 = CARTESIAN_POINT ( 'NONE',  ( -2.394357833393300439, 8.000000000000000000, -0.1814307967061967453 ) ) ;
#3188 = ORIENTED_EDGE ( 'NONE', *, *, #796, .T. ) ;
#3189 = CARTESIAN_POINT ( 'NONE',  ( -0.4397714266284716289, 8.000000000000000000, 2.776607510986326410 ) ) ;
#3190 = ADVANCED_FACE ( 'NONE', ( #6637 ), #6672, .F. ) ;
#3191 = CARTESIAN_POINT ( 'NONE',  ( 0.000000000000000000, 9.500000000000000000, 0.000000000000000000 ) ) ;
#3192 = CARTESIAN_POINT ( 'NONE',  ( -9.619363854055777097, 10.00000000000000000, 2.732734718790907902 ) ) ;
#3193 = DIRECTION ( 'NONE',  ( 0.000000000000000000, 1.000000000000000000, 0.000000000000000000 ) ) ;
#3194 = ORIENTED_EDGE ( 'NONE', *, *, #3402, .T. ) ;
#3195 = CIRCLE ( 'NONE', #3874, 7.543744331762958666 ) ;
#3196 = DIRECTION ( 'NONE',  ( -1.594314457810251157E-15, -1.000000000000000000, -1.856204616801319677E-16 ) ) ;
#3197 = ORIENTED_EDGE ( 'NONE', *, *, #2054, .F. ) ;
#3198 = ORIENTED_EDGE ( 'NONE', *, *, #5312, .F. ) ;
#3199 = CARTESIAN_POINT ( 'NONE',  ( 9.195699807442876406, 1.985975370094145154, 3.930903099441932724 ) ) ;
#3200 = VECTOR ( 'NONE', #1436, 1000.000000000000000 ) ;
#3201 = EDGE_LOOP ( 'NONE', ( #1682, #5820, #5646, #4058 ) ) ;
#3202 = EDGE_CURVE ( 'NONE', #5956, #778, #60, .T. ) ;
#3203 = PLANE ( 'NONE',  #6428 ) ;
#3204 = EDGE_CURVE ( 'NONE', #6566, #707, #3080, .T. ) ;
#3205 = ORIENTED_EDGE ( 'NONE', *, *, #658, .F. ) ;
#3206 = ORIENTED_EDGE ( 'NONE', *, *, #4978, .F. ) ;
#3207 = CARTESIAN_POINT ( 'NONE',  ( 7.105199791446616508, 2.139924804626954558, -6.815466159439596439 ) ) ;
#3208 = FACE_OUTER_BOUND ( 'NONE', #1300, .T. ) ;
#3209 = CIRCLE ( 'NONE', #5180, 2.000000000000000000 ) ;
#3210 = VERTEX_POINT ( 'NONE', #620 ) ;
#3211 = CARTESIAN_POINT ( 'NONE',  ( -4.687911366387705669, 2.051666420109251376, -8.833441982342652210 ) ) ;
#3212 = CARTESIAN_POINT ( 'NONE',  ( 7.812951749604141405, 2.257089604130888549, 6.242081368317917267 ) ) ;
#3213 = CARTESIAN_POINT ( 'NONE',  ( -8.925391867974749260, 2.127032157860221151, -4.511883185549214303 ) ) ;
#3214 = DIRECTION ( 'NONE',  ( -0.9932905682471162567, 0.000000000000000000, -0.1156453502364917924 ) ) ;
#3215 = ORIENTED_EDGE ( 'NONE', *, *, #2288, .F. ) ;
#3216 = LINE ( 'NONE', #5434, #4777 ) ;
#3217 = LINE ( 'NONE', #924, #3200 ) ;
#3218 = DIRECTION ( 'NONE',  ( 0.000000000000000000, 0.000000000000000000, 1.000000000000000000 ) ) ;
#3219 = CARTESIAN_POINT ( 'NONE',  ( 4.687911366387641721, 2.051666420109251376, 8.833441982342685961 ) ) ;
#3220 = EDGE_CURVE ( 'NONE', #3231, #2195, #5560, .T. ) ;
#3221 = CIRCLE ( 'NONE', #4499, 0.4999999999999998335 ) ;
#3222 = ORIENTED_EDGE ( 'NONE', *, *, #5707, .F. ) ;
#3223 = CARTESIAN_POINT ( 'NONE',  ( -9.999987203446849549, 1.768638744481566771, 0.1262714215555171549 ) ) ;
#3224 = FACE_OUTER_BOUND ( 'NONE', #3881, .T. ) ;
#3225 = AXIS2_PLACEMENT_3D ( 'NONE', #1934, #4754, #4199 ) ;
#3226 = CARTESIAN_POINT ( 'NONE',  ( 0.9734035322810951074, 0.000000000000000000, -2.995828026329730776 ) ) ;
#3227 = EDGE_CURVE ( 'NONE', #4875, #1975, #2836, .T. ) ;
#3228 = ORIENTED_EDGE ( 'NONE', *, *, #203, .T. ) ;
#3229 = CARTESIAN_POINT ( 'NONE',  ( -0.9734035322810867807, 8.000000000000000000, -2.995828026329733440 ) ) ;
#3230 = CIRCLE ( 'NONE', #4508, 0.4999999999999998890 ) ;
#3231 = VERTEX_POINT ( 'NONE', #262 ) ;
#3232 = ORIENTED_EDGE ( 'NONE', *, *, #2675, .F. ) ;
#3233 = CIRCLE ( 'NONE', #1377, 10.00000000000000000 ) ;
#3234 = ADVANCED_FACE ( 'NONE', ( #4024 ), #2455, .T. ) ;
#3235 = EDGE_CURVE ( 'NONE', #4044, #1975, #4934, .T. ) ;
#3236 = CARTESIAN_POINT ( 'NONE',  ( 3.590100106537449598, 1.779716818039905002, -9.334189340898284115 ) ) ;
#3237 = ORIENTED_EDGE ( 'NONE', *, *, #4291, .T. ) ;
#3238 = LINE ( 'NONE', #6060, #6847 ) ;
#3239 = DIRECTION ( 'NONE',  ( -0.000000000000000000, -1.000000000000000000, -0.000000000000000000 ) ) ;
#3240 = CARTESIAN_POINT ( 'NONE',  ( 7.161872897185472375, 1.768641139221995617, 6.980243915062899873 ) ) ;
#3241 = EDGE_CURVE ( 'NONE', #2545, #2302, #5277, .T. ) ;
#3242 = AXIS2_PLACEMENT_3D ( 'NONE', #1538, #2586, #5402 ) ;
#3243 = CARTESIAN_POINT ( 'NONE',  ( -8.980379107744481004, 1.867418461490409465, -4.400639730061461918 ) ) ;
#3244 = DIRECTION ( 'NONE',  ( -0.000000000000000000, -1.000000000000000000, -0.000000000000000000 ) ) ;
#3245 = DIRECTION ( 'NONE',  ( 0.000000000000000000, -1.000000000000000000, 0.000000000000000000 ) ) ;
#3246 = ORIENTED_EDGE ( 'NONE', *, *, #3020, .T. ) ;
#3247 = CARTESIAN_POINT ( 'NONE',  ( -4.400076075797914932, 2.242932669926583245, 8.860697562244224557 ) ) ;
#3248 = AXIS2_PLACEMENT_3D ( 'NONE', #6406, #5363, #1534 ) ;
#3249 = CARTESIAN_POINT ( 'NONE',  ( 9.619363854055793084, 2.500000000000000444, -2.732734718790841733 ) ) ;
#3250 = DIRECTION ( 'NONE',  ( 1.000000000000000000, 0.000000000000000000, 0.000000000000000000 ) ) ;
#3251 = LINE ( 'NONE', #994, #1712 ) ;
#3252 = CARTESIAN_POINT ( 'NONE',  ( 3.593834903188136476, 1.779448407880940719, 9.332714570764954587 ) ) ;
#3253 = ORIENTED_EDGE ( 'NONE', *, *, #3987, .T. ) ;
#3254 = CARTESIAN_POINT ( 'NONE',  ( 0.9734035322810874469, 8.000000000000000000, 2.995828026329733884 ) ) ;
#3255 = AXIS2_PLACEMENT_3D ( 'NONE', #4149, #3096, #6861 ) ;
#3256 = CARTESIAN_POINT ( 'NONE',  ( -9.955022261424865349, 2.051666420109250044, 0.9506534642318815731 ) ) ;
#3257 = EDGE_CURVE ( 'NONE', #4224, #4431, #1360, .T. ) ;
#3258 = DIRECTION ( 'NONE',  ( 1.000000000000000000, 0.000000000000000000, 0.000000000000000000 ) ) ;
#3259 = AXIS2_PLACEMENT_3D ( 'NONE', #1274, #1888, #125 ) ;
#3260 = DIRECTION ( 'NONE',  ( 0.9249892435672766311, 0.000000000000000000, -0.3799932884734116278 ) ) ;
#3261 = TOROIDAL_SURFACE ( 'NONE', #17, 2.500000000000000000, 0.5000000000000000000 ) ;
#3262 = DIRECTION ( 'NONE',  ( 0.6472324890273780662, 0.000000000000000000, 0.7622926637108774495 ) ) ;
#3263 = CARTESIAN_POINT ( 'NONE',  ( 2.333234819276243766, 8.000000000000000000, -0.5673463196692560828 ) ) ;
#3264 = VERTEX_POINT ( 'NONE', #5702 ) ;
#3265 = EDGE_CURVE ( 'NONE', #6187, #685, #3073, .T. ) ;
#3266 = AXIS2_PLACEMENT_3D ( 'NONE', #2227, #6120, #4466 ) ;
#3267 = CARTESIAN_POINT ( 'NONE',  ( -9.015827962026206066, 2.139858412045573921, 3.955849480317362055 ) ) ;
#3268 = CARTESIAN_POINT ( 'NONE',  ( 7.611508095585615585, 2.438027874578136966, -6.368549238272164459 ) ) ;
#3269 = CARTESIAN_POINT ( 'NONE',  ( 0.000000000000000000, 9.500000000000000000, 0.000000000000000000 ) ) ;
#3270 = ORIENTED_EDGE ( 'NONE', *, *, #1791, .T. ) ;
#3271 = DIRECTION ( 'NONE',  ( 0.000000000000000000, 0.000000000000000000, 1.000000000000000000 ) ) ;
#3272 = ADVANCED_FACE ( 'NONE', ( #3053 ), #5052, .F. ) ;
#3273 = CARTESIAN_POINT ( 'NONE',  ( -8.758463274103183593, 2.249819565270343436, 4.826544448226547601 ) ) ;
#3274 = FACE_OUTER_BOUND ( 'NONE', #18, .T. ) ;
#3275 = FACE_OUTER_BOUND ( 'NONE', #3975, .T. ) ;
#3276 = CARTESIAN_POINT ( 'NONE',  ( -4.706451233693548453, 2.321832774718708858, 8.824555314844543474 ) ) ;
#3277 = ORIENTED_EDGE ( 'NONE', *, *, #3503, .T. ) ;
#3278 = DIRECTION ( 'NONE',  ( 0.000000000000000000, 0.000000000000000000, 1.000000000000000000 ) ) ;
#3279 = VERTEX_POINT ( 'NONE', #5814 ) ;
#3280 = DIRECTION ( 'NONE',  ( 0.000000000000000000, 1.000000000000000000, 0.000000000000000000 ) ) ;
#3281 = EDGE_CURVE ( 'NONE', #3619, #1127, #4824, .T. ) ;
#3282 = CARTESIAN_POINT ( 'NONE',  ( 8.297540029607398893, 2.500000000000000444, -4.626103053009395616 ) ) ;
#3283 = DIRECTION ( 'NONE',  ( -0.000000000000000000, -1.000000000000000000, -0.000000000000000000 ) ) ;
#3284 = VECTOR ( 'NONE', #144, 1000.000000000000000 ) ;
#3285 = FACE_OUTER_BOUND ( 'NONE', #3372, .T. ) ;
#3286 = ORIENTED_EDGE ( 'NONE', *, *, #1502, .T. ) ;
#3287 = CARTESIAN_POINT ( 'NONE',  ( -4.869582085835276963, 2.377026804319549491, -8.734252704685854241 ) ) ;
#3288 = AXIS2_PLACEMENT_3D ( 'NONE', #33, #3772, #2709 ) ;
#3289 = CARTESIAN_POINT ( 'NONE',  ( -1.276266388579322841, 8.000000000000000000, 2.504813822048900018 ) ) ;
#3290 = CARTESIAN_POINT ( 'NONE',  ( -0.9124482025973559285, 8.000000000000000000, -2.221104420305847427 ) ) ;
#3291 = VERTEX_POINT ( 'NONE', #1878 ) ;
#3292 = CARTESIAN_POINT ( 'NONE',  ( -6.368549229222990604, 10.00001200000000168, 7.611508121969579932 ) ) ;
#3293 = VERTEX_POINT ( 'NONE', #6316 ) ;
#3294 = CARTESIAN_POINT ( 'NONE',  ( 8.297540029607301193, 9.500000000000000000, 4.626103053009570587 ) ) ;
#3295 = VERTEX_POINT ( 'NONE', #1840 ) ;
#3296 = DIRECTION ( 'NONE',  ( 0.000000000000000000, 1.000000000000000000, 0.000000000000000000 ) ) ;
#3297 = VERTEX_POINT ( 'NONE', #6279 ) ;
#3298 = ORIENTED_EDGE ( 'NONE', *, *, #90, .T. ) ;
#3299 = ADVANCED_FACE ( 'NONE', ( #5776 ), #797, .T. ) ;
#3300 = CARTESIAN_POINT ( 'NONE',  ( -9.130609167219368771, 2.134257748930200815, 3.672401390134617749 ) ) ;
#3301 = CARTESIAN_POINT ( 'NONE',  ( 6.612695775979709367, 1.867388762198125773, -7.502344536136426711 ) ) ;
#3302 = CARTESIAN_POINT ( 'NONE',  ( -6.367596717411077911, 2.051189550670912798, -7.711024474176540799 ) ) ;
#3303 = ORIENTED_EDGE ( 'NONE', *, *, #5195, .F. ) ;
#3304 = CARTESIAN_POINT ( 'NONE',  ( 0.000000000000000000, 9.500000000000000000, 0.000000000000000000 ) ) ;
#3305 = TOROIDAL_SURFACE ( 'NONE', #869, 1.500000000000000000, 0.5000000000000000000 ) ;
#3306 = DIRECTION ( 'NONE',  ( -3.018418848199643713E-14, 0.000000000000000000, 1.000000000000000000 ) ) ;
#3307 = AXIS2_PLACEMENT_3D ( 'NONE', #3354, #5574, #600 ) ;
#3308 = FACE_OUTER_BOUND ( 'NONE', #4794, .T. ) ;
#3309 = ADVANCED_FACE ( 'NONE', ( #6747 ), #1904, .F. ) ;
#3310 = EDGE_LOOP ( 'NONE', ( #5498, #4053, #3680, #4094 ) ) ;
#3311 = CARTESIAN_POINT ( 'NONE',  ( -6.368549229222936425, 2.456298904871081490, -7.611508121969624341 ) ) ;
#3312 = CARTESIAN_POINT ( 'NONE',  ( -4.741424089087808547, 2.409665417632412598, 8.805704254427787703 ) ) ;
#3313 = ORIENTED_EDGE ( 'NONE', *, *, #7172, .F. ) ;
#3314 = CARTESIAN_POINT ( 'NONE',  ( -7.250902820713437613, 2.164715090713976497, -6.681597265112802830 ) ) ;
#3315 = VERTEX_POINT ( 'NONE', #2418 ) ;
#3316 = DIRECTION ( 'NONE',  ( 0.000000000000000000, 1.000000000000000000, 0.000000000000000000 ) ) ;
#3317 = CARTESIAN_POINT ( 'NONE',  ( -9.848085864831423564, 2.147342056939914201, 0.3439080960748239213 ) ) ;
#3318 = CARTESIAN_POINT ( 'NONE',  ( -4.594978287205980116, 2.456931832095656798, -8.796570338259748212 ) ) ;
#3319 = CARTESIAN_POINT ( 'NONE',  ( 2.931332810158201685, 2.051666420109249156, -9.561040643706663289 ) ) ;
#3320 = EDGE_CURVE ( 'NONE', #6144, #7157, #4064, .T. ) ;
#3321 = EDGE_CURVE ( 'NONE', #6561, #1611, #7071, .T. ) ;
#3322 = VECTOR ( 'NONE', #2462, 1000.000000000000000 ) ;
#3323 = EDGE_LOOP ( 'NONE', ( #7099, #5117, #910 ) ) ;
#3324 = DIRECTION ( 'NONE',  ( -0.000000000000000000, 1.000000000000000000, 0.000000000000000000 ) ) ;
#3325 = CARTESIAN_POINT ( 'NONE',  ( -0.8789046617972524622, 2.500000000000000444, -9.885393354405108468 ) ) ;
#3326 = DIRECTION ( 'NONE',  ( 0.000000000000000000, 0.000000000000000000, 1.000000000000000000 ) ) ;
#3327 = ORIENTED_EDGE ( 'NONE', *, *, #6087, .F. ) ;
#3328 = CARTESIAN_POINT ( 'NONE',  ( -8.260368511126747748, 9.500000000000000000, 8.260368511126719326 ) ) ;
#3329 = VECTOR ( 'NONE', #3870, 1000.000000000000000 ) ;
#3330 = CARTESIAN_POINT ( 'NONE',  ( 0.6191899973696596282, 1.863884028547774463, 9.981455889014991811 ) ) ;
#3331 = CARTESIAN_POINT ( 'NONE',  ( -7.611508121969602136, 2.500000000000000444, 6.368549229222964847 ) ) ;
#3332 = VERTEX_POINT ( 'NONE', #1958 ) ;
#3333 = DIRECTION ( 'NONE',  ( 0.7841361078610840085, -3.513359530602672422E-15, 0.6205888851312685306 ) ) ;
#3334 = AXIS2_PLACEMENT_3D ( 'NONE', #1290, #1719, #102 ) ;
#3335 = VERTEX_POINT ( 'NONE', #2637 ) ;
#3336 = EDGE_LOOP ( 'NONE', ( #1487, #307, #3088 ) ) ;
#3337 = AXIS2_PLACEMENT_3D ( 'NONE', #2425, #3605, #2535 ) ;
#3338 = CARTESIAN_POINT ( 'NONE',  ( -8.863313405234825026, 2.241156341101731897, 4.391695231003182265 ) ) ;
#3339 = DIRECTION ( 'NONE',  ( 0.1156453502364798158, 0.000000000000000000, -0.9932905682471177000 ) ) ;
#3340 = DIRECTION ( 'NONE',  ( -0.6617183646064924707, 0.000000000000000000, 0.7497524964563367922 ) ) ;
#3341 = ORIENTED_EDGE ( 'NONE', *, *, #3963, .T. ) ;
#3342 = DIRECTION ( 'NONE',  ( -0.000000000000000000, 1.000000000000000000, 0.000000000000000000 ) ) ;
#3343 = CARTESIAN_POINT ( 'NONE',  ( -9.458681375157432569, 1.863989508453880894, 3.247483976280377327 ) ) ;
#3344 = AXIS2_PLACEMENT_3D ( 'NONE', #5542, #1780, #563 ) ;
#3345 = ADVANCED_FACE ( 'NONE', ( #1007 ), #2713, .T. ) ;
#3346 = DIRECTION ( 'NONE',  ( 0.2362740077746034173, 0.000000000000000000, -0.9716864685947451674 ) ) ;
#3347 = ORIENTED_EDGE ( 'NONE', *, *, #4847, .F. ) ;
#3348 = CARTESIAN_POINT ( 'NONE',  ( -2.043718524445536477, 8.000000000000000000, -1.260587625341246021 ) ) ;
#3349 = PLANE ( 'NONE',  #1578 ) ;
#3350 = VERTEX_POINT ( 'NONE', #2096 ) ;
#3351 = CARTESIAN_POINT ( 'NONE',  ( -6.508373931577566829, 2.240934156756782869, -7.448814233386199746 ) ) ;
#3352 = ORIENTED_EDGE ( 'NONE', *, *, #4078, .T. ) ;
#3353 = DIRECTION ( 'NONE',  ( 0.3799932884734122385, 0.000000000000000000, 0.9249892435672764091 ) ) ;
#3354 = CARTESIAN_POINT ( 'NONE',  ( 4.626103053009367194, 9.500000000000000000, 8.297540029607414880 ) ) ;
#3355 = EDGE_CURVE ( 'NONE', #673, #2064, #6655, .T. ) ;
#3356 = VECTOR ( 'NONE', #930, 1000.000000000000000 ) ;
#3357 = CARTESIAN_POINT ( 'NONE',  ( 4.594171655381773078, 1.975531022569851469, -8.882927013875246303 ) ) ;
#3358 = AXIS2_PLACEMENT_3D ( 'NONE', #5756, #6917, #3075 ) ;
#3359 = ORIENTED_EDGE ( 'NONE', *, *, #995, .F. ) ;
#3360 = CARTESIAN_POINT ( 'NONE',  ( -4.592078116478268690, 2.181508697813420383, -8.884289160643522365 ) ) ;
#3361 = DIRECTION ( 'NONE',  ( 0.000000000000000000, -0.000000000000000000, 1.000000000000000000 ) ) ;
#3362 = EDGE_CURVE ( 'NONE', #6123, #2831, #2834, .T. ) ;
#3363 = DIRECTION ( 'NONE',  ( 0.000000000000000000, 0.000000000000000000, 1.000000000000000000 ) ) ;
#3364 = ORIENTED_EDGE ( 'NONE', *, *, #2620, .T. ) ;
#3365 = SPHERICAL_SURFACE ( 'NONE', #2109, 0.5000000000000000000 ) ;
#3366 = CARTESIAN_POINT ( 'NONE',  ( -7.599467116825848301, 2.414533010808959546, 6.378947770805498685 ) ) ;
#3367 = VECTOR ( 'NONE', #6849, 1000.000000000000000 ) ;
#3368 = ORIENTED_EDGE ( 'NONE', *, *, #1440, .F. ) ;
#3369 = DIRECTION ( 'NONE',  ( 0.000000000000000000, 1.000000000000000000, 0.000000000000000000 ) ) ;
#3370 = AXIS2_PLACEMENT_3D ( 'NONE', #5071, #5036, #2250 ) ;
#3371 = ADVANCED_FACE ( 'NONE', ( #2601 ), #3203, .T. ) ;
#3372 = EDGE_LOOP ( 'NONE', ( #3609, #6377, #24, #3806 ) ) ;
#3373 = AXIS2_PLACEMENT_3D ( 'NONE', #3304, #5528, #6639 ) ;
#3374 = CARTESIAN_POINT ( 'NONE',  ( -9.619363842115276952, 2.376055744299683248, 2.732734760822062015 ) ) ;
#3375 = LINE ( 'NONE', #687, #2745 ) ;
#3376 = DIRECTION ( 'NONE',  ( 0.000000000000000000, 0.000000000000000000, 1.000000000000000000 ) ) ;
#3377 = ORIENTED_EDGE ( 'NONE', *, *, #4612, .F. ) ;
#3378 = DIRECTION ( 'NONE',  ( 0.000000000000000000, 6.938893903907222067E-15, 1.000000000000000000 ) ) ;
#3379 = CIRCLE ( 'NONE', #6503, 2.500000000000000444 ) ;
#3380 = DIRECTION ( 'NONE',  ( 0.6617183646064999092, 0.000000000000000000, -0.7497524964563302419 ) ) ;
#3381 = CARTESIAN_POINT ( 'NONE',  ( 6.747289020922866420, 2.024215165943784811, 7.381682485265481652 ) ) ;
#3382 = VECTOR ( 'NONE', #4840, 1000.000000000000000 ) ;
#3383 = CARTESIAN_POINT ( 'NONE',  ( -7.206828043569139197, 2.147342056939915533, -6.720468549890235899 ) ) ;
#3384 = DIRECTION ( 'NONE',  ( -0.06224953160690469695, 0.000000000000000000, 0.9980606173047411600 ) ) ;
#3385 = ORIENTED_EDGE ( 'NONE', *, *, #2312, .F. ) ;
#3386 = CARTESIAN_POINT ( 'NONE',  ( -6.981733318280859635, 1.768515498480467629, -7.160420963995020927 ) ) ;
#3387 = EDGE_LOOP ( 'NONE', ( #6151, #4065, #5729, #374 ) ) ;
#3388 = CYLINDRICAL_SURFACE ( 'NONE', #5347, 0.4999999999999995559 ) ;
#3389 = PLANE ( 'NONE',  #5174 ) ;
#3390 = AXIS2_PLACEMENT_3D ( 'NONE', #5549, #1644, #2153 ) ;
#3391 = DIRECTION ( 'NONE',  ( -0.000000000000000000, 1.000000000000000000, -0.000000000000000000 ) ) ;
#3392 = DIRECTION ( 'NONE',  ( 0.000000000000000000, 0.000000000000000000, 1.000000000000000000 ) ) ;
#3393 = AXIS2_PLACEMENT_3D ( 'NONE', #6082, #4905, #31 ) ;
#3394 = EDGE_CURVE ( 'NONE', #7157, #2260, #4933, .T. ) ;
#3395 = ORIENTED_EDGE ( 'NONE', *, *, #5096, .F. ) ;
#3396 = ORIENTED_EDGE ( 'NONE', *, *, #3682, .T. ) ;
#3397 = CARTESIAN_POINT ( 'NONE',  ( 2.970974231079432482, 2.456298904871083266, 9.469254843656264242 ) ) ;
#3398 = SURFACE_STYLE_FILL_AREA ( #5080 ) ;
#3399 = DIRECTION ( 'NONE',  ( 0.000000000000000000, 0.000000000000000000, 1.000000000000000000 ) ) ;
#3400 = ORIENTED_EDGE ( 'NONE', *, *, #2466, .F. ) ;
#3401 = CARTESIAN_POINT ( 'NONE',  ( -6.205888851312685972, 2.500000000000000444, 7.841361078610837865 ) ) ;
#3402 = EDGE_CURVE ( 'NONE', #2732, #3513, #4467, .T. ) ;
#3403 = CIRCLE ( 'NONE', #3175, 2.500000000000000000 ) ;
#3404 = FACE_OUTER_BOUND ( 'NONE', #3442, .T. ) ;
#3405 = CARTESIAN_POINT ( 'NONE',  ( -8.796570338259703803, 2.500000000000000444, -4.594978287206065382 ) ) ;
#3406 = EDGE_LOOP ( 'NONE', ( #5882, #1080, #6975 ) ) ;
#3407 = CARTESIAN_POINT ( 'NONE',  ( 8.260368511126804592, 9.500000000000000000, -8.260368511126660707 ) ) ;
#3408 = CIRCLE ( 'NONE', #1438, 0.5000000000000003331 ) ;
#3409 = EDGE_CURVE ( 'NONE', #6461, #5161, #4844, .T. ) ;
#3410 = EDGE_CURVE ( 'NONE', #2936, #5334, #2241, .T. ) ;
#3411 = CARTESIAN_POINT ( 'NONE',  ( 9.455131112420836814, 2.378544800988994901, 2.999062447596782199 ) ) ;
#3412 = CARTESIAN_POINT ( 'NONE',  ( 8.833441982342671750, 2.051666420109249600, -4.687911366387674583 ) ) ;
#3413 = VECTOR ( 'NONE', #1388, 1000.000000000000000 ) ;
#3414 = DIRECTION ( 'NONE',  ( 0.06224953160688741910, 3.462718366572878094E-15, 0.9980606173047423813 ) ) ;
#3415 = ORIENTED_EDGE ( 'NONE', *, *, #7104, .F. ) ;
#3416 = CARTESIAN_POINT ( 'NONE',  ( -0.9593430162965380648, 2.059838893144234628, -9.954167761667829240 ) ) ;
#3417 = CARTESIAN_POINT ( 'NONE',  ( -4.391979800034192749, 1.863989508453882893, 8.984615682879235621 ) ) ;
#3418 = CARTESIAN_POINT ( 'NONE',  ( -4.470479223978639283, 2.293003971270598296, -8.837551326252590655 ) ) ;
#3419 = VECTOR ( 'NONE', #478, 1000.000000000000000 ) ;
#3420 = LINE ( 'NONE', #3922, #1368 ) ;
#3421 = DIRECTION ( 'NONE',  ( 0.8511160640214272544, 0.000000000000000000, 0.5249775667251637135 ) ) ;
#3422 = ORIENTED_EDGE ( 'NONE', *, *, #3362, .T. ) ;
#3423 = CARTESIAN_POINT ( 'NONE',  ( 10.79269157286915615, 10.00000000000000000, 4.470479223992352757 ) ) ;
#3424 = ORIENTED_EDGE ( 'NONE', *, *, #1580, .T. ) ;
#3425 = CARTESIAN_POINT ( 'NONE',  ( 0.9734035322810874469, 8.000000000000000000, 2.995828026329733884 ) ) ;
#3426 = DIRECTION ( 'NONE',  ( 0.000000000000000000, -0.000000000000000000, 1.000000000000000000 ) ) ;
#3427 = CARTESIAN_POINT ( 'NONE',  ( 0.000000000000000000, -4.000000000000000000, 0.000000000000000000 ) ) ;
#3428 = ORIENTED_EDGE ( 'NONE', *, *, #5134, .F. ) ;
#3429 = DIRECTION ( 'NONE',  ( -1.543988371350656449E-15, 1.000000000000000000, 4.386267836225198088E-16 ) ) ;
#3430 = VERTEX_POINT ( 'NONE', #3774 ) ;
#3431 = PRESENTATION_STYLE_ASSIGNMENT (( #1713 ) ) ;
#3432 = DIRECTION ( 'NONE',  ( 0.000000000000000000, 0.000000000000000000, -1.000000000000000000 ) ) ;
#3433 = VERTEX_POINT ( 'NONE', #3703 ) ;
#3434 = EDGE_CURVE ( 'NONE', #1283, #3861, #2647, .T. ) ;
#3435 = CARTESIAN_POINT ( 'NONE',  ( -6.746271253705785398, 2.024441704241284334, 7.382627187773360689 ) ) ;
#3436 = DIRECTION ( 'NONE',  ( 0.000000000000000000, -1.734723475976807094E-15, -1.000000000000000000 ) ) ;
#3437 = CARTESIAN_POINT ( 'NONE',  ( 0.1251721026587797880, 1.768578062440337106, -10.00000000000000178 ) ) ;
#3438 = ORIENTED_EDGE ( 'NONE', *, *, #4393, .F. ) ;
#3439 = DIRECTION ( 'NONE',  ( 0.000000000000000000, 0.000000000000000000, -1.000000000000000000 ) ) ;
#3440 = AXIS2_PLACEMENT_3D ( 'NONE', #2686, #4405, #5529 ) ;
#3441 = EDGE_CURVE ( 'NONE', #6124, #6144, #1008, .T. ) ;
#3442 = EDGE_LOOP ( 'NONE', ( #100, #5115, #402, #4113 ) ) ;
#3443 = CARTESIAN_POINT ( 'NONE',  ( -0.4983481647250183610, 1.827222682248296870, 9.988334991364574478 ) ) ;
#3444 = CARTESIAN_POINT ( 'NONE',  ( 0.000000000000000000, 9.500000000000000000, 0.000000000000000000 ) ) ;
#3445 = AXIS2_PLACEMENT_3D ( 'NONE', #1129, #418, #4857 ) ;
#3446 = DIRECTION ( 'NONE',  ( 0.000000000000000000, 0.000000000000000000, 1.000000000000000000 ) ) ;
#3447 = ORIENTED_EDGE ( 'NONE', *, *, #4175, .T. ) ;
#3448 = CARTESIAN_POINT ( 'NONE',  ( 1.010707579139242807, 2.500000000000000444, -9.949874371066199430 ) ) ;
#3449 = CARTESIAN_POINT ( 'NONE',  ( 9.376460923696683381, 2.242561475665997062, 3.154773929212275618 ) ) ;
#3450 = EDGE_CURVE ( 'NONE', #5877, #2602, #3195, .T. ) ;
#3451 = EDGE_CURVE ( 'NONE', #3293, #4280, #750, .T. ) ;
#3452 = AXIS2_PLACEMENT_3D ( 'NONE', #3550, #4537, #3001 ) ;
#3453 = DIRECTION ( 'NONE',  ( 0.000000000000000000, 0.000000000000000000, 1.000000000000000000 ) ) ;
#3454 = DIRECTION ( 'NONE',  ( 0.000000000000000000, -1.734723475976807094E-15, -1.000000000000000000 ) ) ;
#3455 = DIRECTION ( 'NONE',  ( -0.8982659121149824122, 0.000000000000000000, -0.4394523308986298948 ) ) ;
#3456 = CARTESIAN_POINT ( 'NONE',  ( -6.351745126530013330, 2.321832774718816772, -7.725205082552196068 ) ) ;
#3457 = EDGE_LOOP ( 'NONE', ( #1651, #4988, #6850, #4076, #4747, #3178 ) ) ;
#3458 = PLANE ( 'NONE',  #3259 ) ;
#3459 = SPHERICAL_SURFACE ( 'NONE', #72, 0.5000000000000000000 ) ;
#3460 = EDGE_CURVE ( 'NONE', #2956, #224, #6282, .T. ) ;
#3461 = DIRECTION ( 'NONE',  ( 0.000000000000000000, 1.000000000000000000, 0.000000000000000000 ) ) ;
#3462 = CARTESIAN_POINT ( 'NONE',  ( 3.361212337356712432, 1.827366529454476751, -9.419005646007477139 ) ) ;
#3463 = VECTOR ( 'NONE', #3574, 999.9999999999998863 ) ;
#3464 = ORIENTED_EDGE ( 'NONE', *, *, #927, .T. ) ;
#3465 = ORIENTED_EDGE ( 'NONE', *, *, #6681, .F. ) ;
#3466 = CARTESIAN_POINT ( 'NONE',  ( -3.589669876561282891, 1.779849606445492061, -9.334341087458865260 ) ) ;
#3467 = AXIS2_PLACEMENT_3D ( 'NONE', #5075, #4566, #3030 ) ;
#3468 = ORIENTED_EDGE ( 'NONE', *, *, #1537, .T. ) ;
#3469 = CARTESIAN_POINT ( 'NONE',  ( 9.454885785705636536, 2.377840714399256594, -2.999548401200171188 ) ) ;
#3470 = CARTESIAN_POINT ( 'NONE',  ( -9.932905682471172781, 2.372020242595190620, -1.156453502364841013 ) ) ;
#3471 = CARTESIAN_POINT ( 'NONE',  ( -9.138395661352985755, 10.00000000000000000, 2.596097982851365060 ) ) ;
#3472 = EDGE_LOOP ( 'NONE', ( #5226, #6088, #3468, #329 ) ) ;
#3473 = CARTESIAN_POINT ( 'NONE',  ( -7.841361078610859181, 2.500000000000000000, 6.205888851312659327 ) ) ;
#3474 = CIRCLE ( 'NONE', #3934, 0.5000000000000000000 ) ;
#3475 = DIRECTION ( 'NONE',  ( 0.000000000000000000, 0.000000000000000000, 1.000000000000000000 ) ) ;
#3476 = FACE_OUTER_BOUND ( 'NONE', #6419, .T. ) ;
#3477 = ORIENTED_EDGE ( 'NONE', *, *, #3776, .T. ) ;
#3478 = EDGE_CURVE ( 'NONE', #1016, #38, #5779, .T. ) ;
#3479 = CARTESIAN_POINT ( 'NONE',  ( -9.885393354405104915, 10.00001200000000168, -0.8789046617972879893 ) ) ;
#3480 = CARTESIAN_POINT ( 'NONE',  ( 9.999989585984216944, 1.986052934431125072, -0.1144902525311895097 ) ) ;
#3481 = AXIS2_PLACEMENT_3D ( 'NONE', #5545, #3863, #5647 ) ;
#3482 = ORIENTED_EDGE ( 'NONE', *, *, #1230, .F. ) ;
#3483 = ORIENTED_EDGE ( 'NONE', *, *, #472, .F. ) ;
#3484 = CARTESIAN_POINT ( 'NONE',  ( -4.594978287205977452, 9.500000000000000000, -8.796570338259748212 ) ) ;
#3485 = CARTESIAN_POINT ( 'NONE',  ( 0.000000000000000000, 9.500000000000000000, 0.000000000000000000 ) ) ;
#3486 = EDGE_CURVE ( 'NONE', #571, #4102, #3764, .T. ) ;
#3487 = DIRECTION ( 'NONE',  ( -0.3799932884734116278, 0.000000000000000000, 0.9249892435672766311 ) ) ;
#3488 = VERTEX_POINT ( 'NONE', #3018 ) ;
#3489 = CARTESIAN_POINT ( 'NONE',  ( 0.1263512459987094771, 1.768515498480492054, -10.00001319358364960 ) ) ;
#3490 = CARTESIAN_POINT ( 'NONE',  ( -2.931332810158137292, 2.051666420109251820, 9.561040643706682829 ) ) ;
#3491 = AXIS2_PLACEMENT_3D ( 'NONE', #2259, #4645, #4608 ) ;
#3492 = CIRCLE ( 'NONE', #2552, 0.5000000000000004441 ) ;
#3493 = FACE_OUTER_BOUND ( 'NONE', #3557, .T. ) ;
#3494 = DIRECTION ( 'NONE',  ( 9.960970772803634615E-16, 1.000000000000000000, 1.258604051642382215E-15 ) ) ;
#3495 = FACE_OUTER_BOUND ( 'NONE', #3161, .T. ) ;
#3496 = ADVANCED_FACE ( 'NONE', ( #116 ), #4705, .T. ) ;
#3497 = VECTOR ( 'NONE', #3342, 1000.000000000000000 ) ;
#3498 = ORIENTED_EDGE ( 'NONE', *, *, #4433, .F. ) ;
#3499 = DIRECTION ( 'NONE',  ( 1.000000000000000000, 0.000000000000000000, 0.000000000000000000 ) ) ;
#3500 = CARTESIAN_POINT ( 'NONE',  ( 6.368549229222884911, 9.500000000000000000, 7.611508121969668750 ) ) ;
#3501 = CARTESIAN_POINT ( 'NONE',  ( -1.851523544721287884, 8.000000000000000000, 2.548403532281085848 ) ) ;
#3502 = EDGE_CURVE ( 'NONE', #224, #6540, #577, .T. ) ;
#3503 = EDGE_CURVE ( 'NONE', #3604, #6758, #5816, .T. ) ;
#3504 = ORIENTED_EDGE ( 'NONE', *, *, #5932, .T. ) ;
#3505 = CARTESIAN_POINT ( 'NONE',  ( -3.577627445399094164, 2.139924804626843535, -9.172514644783550608 ) ) ;
#3506 = CARTESIAN_POINT ( 'NONE',  ( 8.925099472239368836, 2.127336489724428681, -4.512470218131473310 ) ) ;
#3507 = CARTESIAN_POINT ( 'NONE',  ( 4.462933545236023924, 2.279919447647848596, 8.840032644896263392 ) ) ;
#3508 = DIRECTION ( 'NONE',  ( -0.2362740077746005030, 0.000000000000000000, -0.9716864685947457225 ) ) ;
#3509 = ORIENTED_EDGE ( 'NONE', *, *, #3571, .F. ) ;
#3510 = CARTESIAN_POINT ( 'NONE',  ( -6.619520378501491997, 2.183694385698103257, 7.321179991124056485 ) ) ;
#3511 = DIRECTION ( 'NONE',  ( 0.000000000000000000, -1.000000000000000000, 0.000000000000000000 ) ) ;
#3512 = CYLINDRICAL_SURFACE ( 'NONE', #4226, 0.5000000000000004441 ) ;
#3513 = VERTEX_POINT ( 'NONE', #6358 ) ;
#3514 = CARTESIAN_POINT ( 'NONE',  ( 0.1144902525312907482, 1.986052934431099315, 9.999989585984112139 ) ) ;
#3515 = CARTESIAN_POINT ( 'NONE',  ( 2.333234819276247318, 8.000000000000000000, 0.5673463196692628552 ) ) ;
#3516 = PLANE ( 'NONE',  #3716 ) ;
#3517 = ORIENTED_EDGE ( 'NONE', *, *, #345, .T. ) ;
#3518 = AXIS2_PLACEMENT_3D ( 'NONE', #2786, #614, #7149 ) ;
#3519 = VERTEX_POINT ( 'NONE', #3601 ) ;
#3520 = FACE_OUTER_BOUND ( 'NONE', #5837, .T. ) ;
#3521 = CARTESIAN_POINT ( 'NONE',  ( -9.869222397742523967, 2.240934156756765105, -0.6649917147100116166 ) ) ;
#3522 = CARTESIAN_POINT ( 'NONE',  ( 5.095752233843723986E-17, 2.500000000000000444, -11.68192517863507618 ) ) ;
#3523 = VERTEX_POINT ( 'NONE', #1383 ) ;
#3524 = CARTESIAN_POINT ( 'NONE',  ( 0.9711828485914610898, 2.321832774718816328, -9.953906951267313730 ) ) ;
#3525 = VECTOR ( 'NONE', #2673, 1000.000000000000000 ) ;
#3526 = DIRECTION ( 'NONE',  ( 0.000000000000000000, 0.000000000000000000, 1.000000000000000000 ) ) ;
#3527 = EDGE_CURVE ( 'NONE', #1493, #3837, #6879, .T. ) ;
#3528 = FACE_OUTER_BOUND ( 'NONE', #3201, .T. ) ;
#3529 = CARTESIAN_POINT ( 'NONE',  ( 0.000000000000000000, 9.500000000000000000, 0.000000000000000000 ) ) ;
#3530 = DIRECTION ( 'NONE',  ( -1.000000000000000000, 0.000000000000000000, 0.000000000000000000 ) ) ;
#3531 = DIRECTION ( 'NONE',  ( -0.000000000000000000, -1.000000000000000000, -0.000000000000000000 ) ) ;
#3532 = ORIENTED_EDGE ( 'NONE', *, *, #5893, .F. ) ;
#3533 = CARTESIAN_POINT ( 'NONE',  ( -7.449293024680276432, 9.500000000000000000, -5.895594408747077075 ) ) ;
#3534 = DIRECTION ( 'NONE',  ( 0.000000000000000000, -1.000000000000000000, 0.000000000000000000 ) ) ;
#3535 = EDGE_CURVE ( 'NONE', #2291, #776, #2515, .T. ) ;
#3536 = CARTESIAN_POINT ( 'NONE',  ( 10.00001269301925255, 1.768517871363070704, 0.1242363894205153474 ) ) ;
#3537 = CARTESIAN_POINT ( 'NONE',  ( 4.470479223992252393, 2.293003971280350051, -8.837551326248092920 ) ) ;
#3538 = DIRECTION ( 'NONE',  ( 0.000000000000000000, 1.000000000000000000, 0.000000000000000000 ) ) ;
#3539 = AXIS2_PLACEMENT_3D ( 'NONE', #7101, #385, #3657 ) ;
#3540 = EDGE_LOOP ( 'NONE', ( #6547, #6525, #5584 ) ) ;
#3541 = ORIENTED_EDGE ( 'NONE', *, *, #3689, .F. ) ;
#3542 = DIRECTION ( 'NONE',  ( 0.000000000000000000, 1.000000000000000000, 0.000000000000000000 ) ) ;
#3543 = CARTESIAN_POINT ( 'NONE',  ( 9.255370840007596911, 2.164537838121661117, -3.399310659689277259 ) ) ;
#3544 = DIRECTION ( 'NONE',  ( -0.9459096409518831239, -0.000000000000000000, 0.3244301945785556529 ) ) ;
#3545 = ORIENTED_EDGE ( 'NONE', *, *, #6321, .T. ) ;
#3546 = EDGE_CURVE ( 'NONE', #798, #2376, #6320, .T. ) ;
#3547 = DIRECTION ( 'NONE',  ( 0.9249892435672760760, 0.000000000000000000, 0.3799932884734130711 ) ) ;
#3548 = CARTESIAN_POINT ( 'NONE',  ( -7.611508121969602136, 10.00001200000000168, 6.368549229222964847 ) ) ;
#3549 = ADVANCED_FACE ( 'NONE', ( #281 ), #2493, .T. ) ;
#3550 = CARTESIAN_POINT ( 'NONE',  ( 2.043718524445536922, 8.000000000000000000, 1.260587625341248019 ) ) ;
#3551 = DIRECTION ( 'NONE',  ( 0.8982659121149801917, 0.000000000000000000, 0.4394523308986342247 ) ) ;
#3552 = TOROIDAL_SURFACE ( 'NONE', #2138, 1.500000000000000000, 0.5000000000000000000 ) ;
#3553 = CARTESIAN_POINT ( 'NONE',  ( 0.8426567133883785532, 2.181508697813341779, 9.965325131733086650 ) ) ;
#3554 = DIRECTION ( 'NONE',  ( 0.000000000000000000, -1.000000000000000000, 0.000000000000000000 ) ) ;
#3555 = CARTESIAN_POINT ( 'NONE',  ( 9.985236028452531443, 2.048945620300597348, -0.5566365330722299332 ) ) ;
#3556 = ORIENTED_EDGE ( 'NONE', *, *, #6457, .F. ) ;
#3557 = EDGE_LOOP ( 'NONE', ( #1010, #5623, #382, #3277 ) ) ;
#3558 = FACE_OUTER_BOUND ( 'NONE', #2849, .T. ) ;
#3559 = CARTESIAN_POINT ( 'NONE',  ( -9.857563765852088267, 2.183694385698054852, 0.4961482701701763198 ) ) ;
#3560 = CARTESIAN_POINT ( 'NONE',  ( 0.3439080960748572280, 2.147342056939914201, 9.848085864831423564 ) ) ;
#3561 = AXIS2_PLACEMENT_3D ( 'NONE', #2536, #339, #3677 ) ;
#3562 = ORIENTED_EDGE ( 'NONE', *, *, #6365, .T. ) ;
#3563 = FACE_OUTER_BOUND ( 'NONE', #2843, .T. ) ;
#3564 = CARTESIAN_POINT ( 'NONE',  ( 8.886370973163087328, 2.212953969771219054, 4.322187234833158698 ) ) ;
#3565 = PLANE ( 'NONE',  #3826 ) ;
#3566 = AXIS2_PLACEMENT_3D ( 'NONE', #5763, #2895, #3436 ) ;
#3567 = LINE ( 'NONE', #804, #3322 ) ;
#3568 = DIRECTION ( 'NONE',  ( -0.9716864685947451674, 0.000000000000000000, -0.2362740077746034173 ) ) ;
#3569 = EDGE_LOOP ( 'NONE', ( #7025, #1730, #6103, #5050 ) ) ;
#3570 = DIRECTION ( 'NONE',  ( 0.000000000000000000, 0.000000000000000000, 1.000000000000000000 ) ) ;
#3571 = EDGE_CURVE ( 'NONE', #559, #85, #455, .T. ) ;
#3572 = DIRECTION ( 'NONE',  ( 0.000000000000000000, 0.000000000000000000, 1.000000000000000000 ) ) ;
#3573 = CIRCLE ( 'NONE', #441, 0.4999999999999998335 ) ;
#3574 = DIRECTION ( 'NONE',  ( 0.000000000000000000, 0.1736481776669273613, 0.9848077530122086864 ) ) ;
#3575 = DIRECTION ( 'NONE',  ( 0.000000000000000000, 0.000000000000000000, 1.000000000000000000 ) ) ;
#3576 = DIRECTION ( 'NONE',  ( 0.000000000000000000, 1.000000000000000000, -0.000000000000000000 ) ) ;
#3577 = CARTESIAN_POINT ( 'NONE',  ( 1.851523544721292769, 8.000000000000000000, 2.548403532281084960 ) ) ;
#3578 = EDGE_LOOP ( 'NONE', ( #6794, #2739, #36, #1140 ) ) ;
#3579 = EDGE_LOOP ( 'NONE', ( #537, #2933 ) ) ;
#3580 = CARTESIAN_POINT ( 'NONE',  ( -2.911939321413959281, 2.321832774718789683, -9.567866486750794763 ) ) ;
#3581 = EDGE_CURVE ( 'NONE', #4102, #6506, #4714, .T. ) ;
#3582 = CARTESIAN_POINT ( 'NONE',  ( 9.138852710299563142, 1.779716818039938975, -4.061684449357142235 ) ) ;
#3583 = FACE_OUTER_BOUND ( 'NONE', #3634, .T. ) ;
#3584 = VECTOR ( 'NONE', #1672, 1000.000000000000000 ) ;
#3585 = DIRECTION ( 'NONE',  ( 0.5249775667251623812, 0.000000000000000000, 0.8511160640214281425 ) ) ;
#3586 = DIRECTION ( 'NONE',  ( 0.000000000000000000, 0.000000000000000000, 1.000000000000000000 ) ) ;
#3587 = FACE_OUTER_BOUND ( 'NONE', #2598, .T. ) ;
#3588 = DIRECTION ( 'NONE',  ( 0.000000000000000000, -1.000000000000000000, 0.000000000000000000 ) ) ;
#3589 = CARTESIAN_POINT ( 'NONE',  ( 0.000000000000000000, 9.500000000000000000, 0.000000000000000000 ) ) ;
#3590 = EDGE_CURVE ( 'NONE', #4873, #6945, #2560, .T. ) ;
#3591 = DIRECTION ( 'NONE',  ( -1.401920620564769776E-15, 1.000000000000000000, -7.816086743456832033E-16 ) ) ;
#3592 = CARTESIAN_POINT ( 'NONE',  ( 9.885393354405117350, 2.500000000000000444, -0.8789046617971488784 ) ) ;
#3593 = AXIS2_PLACEMENT_3D ( 'NONE', #3121, #5337, #4348 ) ;
#3594 = EDGE_LOOP ( 'NONE', ( #7047, #3400, #1304, #1634 ) ) ;
#3595 = ORIENTED_EDGE ( 'NONE', *, *, #5573, .F. ) ;
#3596 = DIRECTION ( 'NONE',  ( 0.000000000000000000, 1.000000000000000000, 0.000000000000000000 ) ) ;
#3597 = CARTESIAN_POINT ( 'NONE',  ( -10.00001319358364960, 1.768515498480505599, -0.1263512459987398695 ) ) ;
#3598 = EDGE_CURVE ( 'NONE', #5644, #370, #5622, .T. ) ;
#3599 = CARTESIAN_POINT ( 'NONE',  ( 5.095752233843723986E-17, 2.500000000000000444, -11.68192517863507618 ) ) ;
#3600 = VERTEX_POINT ( 'NONE', #5399 ) ;
#3601 = CARTESIAN_POINT ( 'NONE',  ( 4.470479223992320783, 10.00000000000000000, -8.292691572869168581 ) ) ;
#3602 = B_SPLINE_CURVE_WITH_KNOTS ( 'NONE', 3,
 ( #6636, #5595, #6238, #40, #722, #5025, #1262, #1803, #583, #1765, #2793, #6201, #75, #2234, #619, #1653, #2902, #3878 ),
 .UNSPECIFIED., .F., .F.,
 ( 4, 2, 2, 2, 2, 2, 2, 2, 4 ),
 ( 0.000000000000000000, 0.0001297744646122147303, 0.0002595489292244294605, 0.0005190978584488580537, 0.001038195716897715457, 0.001557293575346572643, 0.001816842504571001670, 0.001946616969183216292, 0.002076391433795430480 ),
 .UNSPECIFIED. ) ;
#3603 = CARTESIAN_POINT ( 'NONE',  ( -9.230052895555523662, 2.147342056939915977, -3.450969649951367124 ) ) ;
#3604 = VERTEX_POINT ( 'NONE', #1978 ) ;
#3605 = DIRECTION ( 'NONE',  ( 0.000000000000000000, 1.000000000000000000, 0.000000000000000000 ) ) ;
#3606 = CARTESIAN_POINT ( 'NONE',  ( -2.504813822048899130, 0.000000000000000000, -1.276266388579321509 ) ) ;
#3607 = DIRECTION ( 'NONE',  ( -1.258604051642386554E-15, -1.000000000000000000, 9.960970772803768722E-16 ) ) ;
#3608 = AXIS2_PLACEMENT_3D ( 'NONE', #835, #4667, #5743 ) ;
#3609 = ORIENTED_EDGE ( 'NONE', *, *, #2029, .T. ) ;
#3610 = CARTESIAN_POINT ( 'NONE',  ( 9.138395661353005295, 10.00000000000000000, -2.596097982851297559 ) ) ;
#3611 = VECTOR ( 'NONE', #5317, 1000.000000000000000 ) ;
#3612 = DIRECTION ( 'NONE',  ( 0.000000000000000000, 1.000000000000000000, 0.000000000000000000 ) ) ;
#3613 = CARTESIAN_POINT ( 'NONE',  ( 8.796570338259767752, 2.500000000000000444, -4.594978287205941925 ) ) ;
#3614 = DIRECTION ( 'NONE',  ( -0.000000000000000000, -1.000000000000000000, -0.000000000000000000 ) ) ;
#3615 = AXIS2_PLACEMENT_3D ( 'NONE', #2021, #4176, #3087 ) ;
#3616 = AXIS2_PLACEMENT_3D ( 'NONE', #7158, #1625, #6674 ) ;
#3617 = DIRECTION ( 'NONE',  ( 0.6472324890273797315, 0.000000000000000000, -0.7622926637108760062 ) ) ;
#3618 = DIRECTION ( 'NONE',  ( 0.000000000000000000, -1.000000000000000000, 0.000000000000000000 ) ) ;
#3619 = VERTEX_POINT ( 'NONE', #5905 ) ;
#3620 = ORIENTED_EDGE ( 'NONE', *, *, #1267, .F. ) ;
#3621 = CARTESIAN_POINT ( 'NONE',  ( -2.999548401200207159, 2.377840714399256594, -9.454885785705625878 ) ) ;
#3622 = CARTESIAN_POINT ( 'NONE',  ( 9.438151782886897934, 2.048970607329086313, -3.306964416653585204 ) ) ;
#3623 = CARTESIAN_POINT ( 'NONE',  ( 3.589669876561223827, 1.779849606445599308, 9.334341087458888353 ) ) ;
#3624 = CIRCLE ( 'NONE', #1992, 0.4999999999999995559 ) ;
#3625 = CARTESIAN_POINT ( 'NONE',  ( -9.436260398347613432, 9.500000000000000000, -1.098630827246600772 ) ) ;
#3626 = CARTESIAN_POINT ( 'NONE',  ( 1.260587625341240470, 0.000000000000000000, 2.043718524445536033 ) ) ;
#3627 = EDGE_CURVE ( 'NONE', #3830, #4089, #3217, .T. ) ;
#3628 = CIRCLE ( 'NONE', #1296, 0.5000000000000004441 ) ;
#3629 = CARTESIAN_POINT ( 'NONE',  ( -9.376782963239405078, 2.242932669926582800, 3.154135701372582812 ) ) ;
#3630 = DIRECTION ( 'NONE',  ( -0.4869582161062701031, 0.000000000000000000, 0.8734252662744531603 ) ) ;
#3631 = DIRECTION ( 'NONE',  ( 0.000000000000000000, 1.000000000000000000, 0.000000000000000000 ) ) ;
#3632 = CARTESIAN_POINT ( 'NONE',  ( 9.965325131733093755, 2.181508697813342224, -0.8426567133882809646 ) ) ;
#3633 = EDGE_CURVE ( 'NONE', #724, #6940, #3079, .T. ) ;
#3634 = EDGE_LOOP ( 'NONE', ( #5747, #6600, #471, #6055 ) ) ;
#3635 = ORIENTED_EDGE ( 'NONE', *, *, #119, .F. ) ;
#3636 = CARTESIAN_POINT ( 'NONE',  ( -7.611508121969602136, 9.500000000000000000, 6.368549229222964847 ) ) ;
#3637 = DIRECTION ( 'NONE',  ( -0.000000000000000000, 1.000000000000000000, 0.000000000000000000 ) ) ;
#3638 = ORIENTED_EDGE ( 'NONE', *, *, #6868, .T. ) ;
#3639 = VECTOR ( 'NONE', #2448, 1000.000000000000000 ) ;
#3640 = DIRECTION ( 'NONE',  ( -0.5249775667251623812, 0.000000000000000000, -0.8511160640214281425 ) ) ;
#3641 = EDGE_CURVE ( 'NONE', #224, #6780, #3661, .T. ) ;
#3642 = EDGE_CURVE ( 'NONE', #97, #2307, #4831, .T. ) ;
#3643 = CARTESIAN_POINT ( 'NONE',  ( 0.8789046617972521291, 9.500000000000000000, 9.885393354405108468 ) ) ;
#3644 = VECTOR ( 'NONE', #1869, 1000.000000000000000 ) ;
#3645 = CARTESIAN_POINT ( 'NONE',  ( 2.873880030200347324, 2.500000000000001332, -9.579266327989067520 ) ) ;
#3646 = ORIENTED_EDGE ( 'NONE', *, *, #23, .T. ) ;
#3647 = DIRECTION ( 'NONE',  ( 0.000000000000000000, 1.000000000000000000, 0.000000000000000000 ) ) ;
#3648 = CARTESIAN_POINT ( 'NONE',  ( 6.411709747915605107, 2.343452233630470616, -7.561418751232873880 ) ) ;
#3649 = FACE_OUTER_BOUND ( 'NONE', #503, .T. ) ;
#3650 = CARTESIAN_POINT ( 'NONE',  ( 3.927602912776536392, 2.134680221663709965, -9.025794880588263069 ) ) ;
#3651 = DIRECTION ( 'NONE',  ( 0.000000000000000000, -1.000000000000000000, -0.000000000000000000 ) ) ;
#3652 = CARTESIAN_POINT ( 'NONE',  ( -3.238311324277249437, 1.867388762198048502, 9.461831679522402894 ) ) ;
#3653 = ORIENTED_EDGE ( 'NONE', *, *, #6449, .T. ) ;
#3654 = ORIENTED_EDGE ( 'NONE', *, *, #3633, .F. ) ;
#3655 = CARTESIAN_POINT ( 'NONE',  ( 9.436260398347604550, 9.500000000000000000, 1.098630827246665609 ) ) ;
#3656 = AXIS2_PLACEMENT_3D ( 'NONE', #3913, #1655, #3880 ) ;
#3657 = DIRECTION ( 'NONE',  ( 0.000000000000000000, 0.000000000000000000, 1.000000000000000000 ) ) ;
#3658 = CARTESIAN_POINT ( 'NONE',  ( 3.672401390134470756, 2.134257748930211473, 9.130609167219416733 ) ) ;
#3659 = CARTESIAN_POINT ( 'NONE',  ( -2.596097982851332642, 9.500000000000000000, -9.138395661352994637 ) ) ;
#3660 = DIRECTION ( 'NONE',  ( 0.000000000000000000, 0.000000000000000000, 1.000000000000000000 ) ) ;
#3661 = CIRCLE ( 'NONE', #756, 0.5000000000000004441 ) ;
#3662 = CARTESIAN_POINT ( 'NONE',  ( -9.339861078571356501, 2.212953969771218610, 3.227365271954534709 ) ) ;
#3663 = CARTESIAN_POINT ( 'NONE',  ( 0.1029434636768864625, 2.134320569920972410, 9.840975183068751519 ) ) ;
#3664 = AXIS2_PLACEMENT_3D ( 'NONE', #5839, #1367, #3586 ) ;
#3665 = ADVANCED_FACE ( 'NONE', ( #353 ), #4342, .T. ) ;
#3666 = CARTESIAN_POINT ( 'NONE',  ( -9.138395661352966215, 9.500000000000000000, -2.596097982851433894 ) ) ;
#3667 = DIRECTION ( 'NONE',  ( -0.7841361078610914470, 0.000000000000000000, 0.6205888851312588717 ) ) ;
#3668 = CARTESIAN_POINT ( 'NONE',  ( 0.9124482025973564836, 0.000000000000000000, 2.221104420305848315 ) ) ;
#3669 = ORIENTED_EDGE ( 'NONE', *, *, #3701, .T. ) ;
#3670 = ORIENTED_EDGE ( 'NONE', *, *, #2499, .F. ) ;
#3671 = CARTESIAN_POINT ( 'NONE',  ( -0.9734035322810868918, 0.000000000000000000, -2.995828026329732996 ) ) ;
#3672 = DIRECTION ( 'NONE',  ( -0.000000000000000000, -1.000000000000000000, 0.000000000000000000 ) ) ;
#3673 = CARTESIAN_POINT ( 'NONE',  ( -8.833773591331247843, 2.051189550670913686, -4.687283918649753467 ) ) ;
#3674 = EDGE_LOOP ( 'NONE', ( #1777, #4690, #6810, #2973 ) ) ;
#3675 = ADVANCED_FACE ( 'NONE', ( #4272 ), #6007, .F. ) ;
#3676 = LINE ( 'NONE', #3905, #2623 ) ;
#3677 = DIRECTION ( 'NONE',  ( 0.000000000000000000, 0.000000000000000000, 1.000000000000000000 ) ) ;
#3678 = CIRCLE ( 'NONE', #2506, 9.500000000000000000 ) ;
#3679 = CARTESIAN_POINT ( 'NONE',  ( 3.577945097074389125, 2.139858412045585023, -9.172361082845673863 ) ) ;
#3680 = ORIENTED_EDGE ( 'NONE', *, *, #141, .F. ) ;
#3681 = DIRECTION ( 'NONE',  ( 0.4869582161062593895, 0.000000000000000000, -0.8734252662744590445 ) ) ;
#3682 = EDGE_CURVE ( 'NONE', #4546, #829, #3722, .T. ) ;
#3683 = CARTESIAN_POINT ( 'NONE',  ( 4.470479223992320783, 10.00000000000000000, -10.79269157286916858 ) ) ;
#3684 = CARTESIAN_POINT ( 'NONE',  ( 7.841361078610773916, 2.500000000000000444, 6.205888851312768573 ) ) ;
#3685 = CARTESIAN_POINT ( 'NONE',  ( -4.470479223992246176, 9.500000000000000000, 10.79269157286920411 ) ) ;
#3686 = CARTESIAN_POINT ( 'NONE',  ( 0.1814307967061945526, 0.000000000000000000, 2.394357833393303547 ) ) ;
#3687 = VERTEX_POINT ( 'NONE', #992 ) ;
#3688 = FACE_OUTER_BOUND ( 'NONE', #1362, .T. ) ;
#3689 = EDGE_CURVE ( 'NONE', #6945, #445, #3181, .T. ) ;
#3690 = DIRECTION ( 'NONE',  ( 0.4394523308986297283, 0.000000000000000000, -0.8982659121149824122 ) ) ;
#3691 = DIRECTION ( 'NONE',  ( -0.9716864685947455005, 0.000000000000000000, 0.2362740077746017520 ) ) ;
#3692 = CIRCLE ( 'NONE', #1592, 0.5000000000000004441 ) ;
#3693 = VERTEX_POINT ( 'NONE', #2697 ) ;
#3694 = CARTESIAN_POINT ( 'NONE',  ( -1.554148821017840465, 8.000000000000000000, 1.830433831214381968 ) ) ;
#3695 = DIRECTION ( 'NONE',  ( -0.7622926637108773384, 0.000000000000000000, 0.6472324890273781772 ) ) ;
#3696 = DIRECTION ( 'NONE',  ( -0.8511160640214283646, 0.000000000000000000, 0.5249775667251619371 ) ) ;
#3697 = VECTOR ( 'NONE', #2214, 1000.000000000000000 ) ;
#3698 = FACE_OUTER_BOUND ( 'NONE', #5908, .T. ) ;
#3699 = CARTESIAN_POINT ( 'NONE',  ( 9.885393342147549944, 2.438027874578128973, 0.8789046367422161943 ) ) ;
#3700 = ORIENTED_EDGE ( 'NONE', *, *, #6868, .F. ) ;
#3701 = EDGE_CURVE ( 'NONE', #5650, #6092, #5772, .T. ) ;
#3702 = CARTESIAN_POINT ( 'NONE',  ( 9.287931484318773911, 1.768641139222073999, 3.708174382605616159 ) ) ;
#3703 = CARTESIAN_POINT ( 'NONE',  ( -4.470479223992169793, 2.500000000000000444, -8.792691572869230754 ) ) ;
#3704 = ORIENTED_EDGE ( 'NONE', *, *, #3041, .T. ) ;
#3705 = CIRCLE ( 'NONE', #5679, 2.000000000000000000 ) ;
#3706 = EDGE_CURVE ( 'NONE', #7105, #5412, #2807, .T. ) ;
#3707 = AXIS2_PLACEMENT_3D ( 'NONE', #497, #5977, #3695 ) ;
#3708 = CARTESIAN_POINT ( 'NONE',  ( 0.2501539172365443986, 1.779255717700187311, 9.997642733695162320 ) ) ;
#3709 = CARTESIAN_POINT ( 'NONE',  ( -9.885393354405110244, 10.00001200000000168, 0.8789046617972168240 ) ) ;
#3710 = CARTESIAN_POINT ( 'NONE',  ( 4.140859864539570445, 2.164537838121663782, -8.948211102191615751 ) ) ;
#3711 = ORIENTED_EDGE ( 'NONE', *, *, #7051, .T. ) ;
#3712 = FACE_OUTER_BOUND ( 'NONE', #940, .T. ) ;
#3713 = DIRECTION ( 'NONE',  ( -0.000000000000000000, -1.000000000000000000, -0.000000000000000000 ) ) ;
#3714 = SPHERICAL_SURFACE ( 'NONE', #2765, 0.5000000000000000000 ) ;
#3715 = EDGE_CURVE ( 'NONE', #3335, #3743, #561, .T. ) ;
#3716 = AXIS2_PLACEMENT_3D ( 'NONE', #6233, #5197, #1374 ) ;
#3717 = CARTESIAN_POINT ( 'NONE',  ( -9.438170773037189321, 2.048945620300679948, -3.306919296390252061 ) ) ;
#3718 = FACE_OUTER_BOUND ( 'NONE', #5182, .T. ) ;
#3719 = AXIS2_PLACEMENT_3D ( 'NONE', #1168, #633, #88 ) ;
#3720 = VERTEX_POINT ( 'NONE', #4927 ) ;
#3721 = CARTESIAN_POINT ( 'NONE',  ( -3.450969649951336038, 2.147342056939916866, 9.230052895555536097 ) ) ;
#3722 = LINE ( 'NONE', #5938, #5869 ) ;
#3723 = CARTESIAN_POINT ( 'NONE',  ( 1.276266388579322841, 8.000000000000000000, -2.504813822048899130 ) ) ;
#3724 = FACE_OUTER_BOUND ( 'NONE', #4327, .T. ) ;
#3725 = DIRECTION ( 'NONE',  ( 0.3799932884734136818, 0.000000000000000000, -0.9249892435672758539 ) ) ;
#3726 = CIRCLE ( 'NONE', #6976, 0.4999999999999999445 ) ;
#3727 = ADVANCED_FACE ( 'NONE', ( #1636, #6041 ), #1099, .T. ) ;
#3728 = ADVANCED_FACE ( 'NONE', ( #20 ), #3821, .T. ) ;
#3729 = EDGE_LOOP ( 'NONE', ( #4472, #5786, #2955 ) ) ;
#3730 = CARTESIAN_POINT ( 'NONE',  ( -4.470479223992169793, 9.500000000000000000, -10.79269157286923075 ) ) ;
#3731 = VERTEX_POINT ( 'NONE', #4452 ) ;
#3732 = DIRECTION ( 'NONE',  ( 0.9459096409518791271, 0.000000000000000000, -0.3244301945785676433 ) ) ;
#3733 = CARTESIAN_POINT ( 'NONE',  ( -1.107361165272789716, 2.249659137499897099, -9.938811613925521371 ) ) ;
#3734 = CARTESIAN_POINT ( 'NONE',  ( 2.970974231079432482, 2.500000000000000444, 9.469254843656262466 ) ) ;
#3735 = APPLICATION_CONTEXT ( 'automotive_design' ) ;
#3736 = DIRECTION ( 'NONE',  ( 1.000000000000000000, -1.734723475976807094E-15, 0.000000000000000000 ) ) ;
#3737 = ORIENTED_EDGE ( 'NONE', *, *, #2467, .T. ) ;
#3738 = CARTESIAN_POINT ( 'NONE',  ( 9.190454985892339224, 1.768515498480401016, 3.943572702702352384 ) ) ;
#3739 = EDGE_LOOP ( 'NONE', ( #4186, #166, #1806, #150 ) ) ;
#3740 = CARTESIAN_POINT ( 'NONE',  ( 9.458796236486602282, 1.864094386502769707, 3.247154115396756247 ) ) ;
#3741 = B_SPLINE_CURVE_WITH_KNOTS ( 'NONE', 3,
 ( #173, #5687, #5188, #1864, #4088, #2891, #6805, #6768, #5119, #1823 ),
 .UNSPECIFIED., .F., .F.,
 ( 4, 2, 2, 2, 4 ),
 ( 0.000000000000000000, 0.0001297697119911781838, 0.0002595394239823563677, 0.0005190788479647126270, 0.001038157695929424603 ),
 .UNSPECIFIED. ) ;
#3742 = ORIENTED_EDGE ( 'NONE', *, *, #4263, .F. ) ;
#3743 = VERTEX_POINT ( 'NONE', #668 ) ;
#3744 = CARTESIAN_POINT ( 'NONE',  ( 0.000000000000000000, -4.000000000000000000, 0.000000000000000000 ) ) ;
#3745 = DIRECTION ( 'NONE',  ( 0.000000000000000000, 1.000000000000000000, 0.000000000000000000 ) ) ;
#3746 = ORIENTED_EDGE ( 'NONE', *, *, #4841, .F. ) ;
#3747 = CARTESIAN_POINT ( 'NONE',  ( -3.362573923337184745, 1.827040335878405086, -9.418508755680731426 ) ) ;
#3748 = SPHERICAL_SURFACE ( 'NONE', #1794, 0.5000000000000000000 ) ;
#3749 = CIRCLE ( 'NONE', #3393, 0.5000000000000004441 ) ;
#3750 = EDGE_CURVE ( 'NONE', #4672, #5593, #2213, .T. ) ;
#3751 = CARTESIAN_POINT ( 'NONE',  ( 7.841361025160116682, 2.377026804319488651, 6.205888918849571390 ) ) ;
#3752 = CIRCLE ( 'NONE', #2463, 9.500000000000000000 ) ;
#3753 = CARTESIAN_POINT ( 'NONE',  ( -9.469254843656210952, 2.500000000000000444, -2.970974231079604344 ) ) ;
#3754 = CARTESIAN_POINT ( 'NONE',  ( 4.470479223992320783, 2.500000000000000444, -10.79269157286916858 ) ) ;
#3755 = CARTESIAN_POINT ( 'NONE',  ( -7.611508121969555951, 2.500000000000000444, -6.368549229223018138 ) ) ;
#3756 =( BOUNDED_SURFACE ( )  B_SPLINE_SURFACE ( 3, 2, ( 
 ( #4624, #1261, #686 ),
 ( #1764, #6818, #4062 ),
 ( #3411, #5735, #760 ),
 ( #226, #2416, #1915 ),
 ( #6352, #5094, #110 ),
 ( #2304, #4547, #3984 ),
 ( #4737, #2635, #6933 ),
 ( #938, #2600, #3162 ),
 ( #1956, #295, #3702 ),
 ( #5919, #3199, #3738 ),
 ( #7004, #5380, #5953 ),
 ( #5416, #973, #4774 ),
 ( #435, #3052, #5272 ),
 ( #2492, #6421, #4806 ),
 ( #4180, #403, #830 ),
 ( #6453, #2025, #2058 ),
 ( #4843, #4290, #1379 ),
 ( #4251, #1451, #1483 ) ),
 .UNSPECIFIED., .F., .F., .T. ) 
 B_SPLINE_SURFACE_WITH_KNOTS ( ( 4, 2, 2, 2, 2, 2, 2, 2, 4 ),
 ( 3, 3 ),
 ( -4.607859233063393845E-19, 0.0003645422052340781933, 0.0007290844104681568202, 0.001093626615702235393, 0.001458168820936314074, 0.001822711026170392538, 0.002187253231404471220, 0.002551795436638549901, 0.002916337641872628582 ),
 ( 0.000000000000000000, 1.000000000000000000 ),
 .UNSPECIFIED. ) 
 GEOMETRIC_REPRESENTATION_ITEM ( )  RATIONAL_B_SPLINE_SURFACE ( (
 ( 1.000000000000000000, 0.9595359398070242296, 1.000000000000000000),
 ( 1.000000000000000000, 0.9595833763010073181, 1.000000000000000000),
 ( 1.000000000000000000, 0.9570685609626876644, 1.000000000000000000),
 ( 1.000000000000000000, 0.9488880332095235293, 1.000000000000000000),
 ( 1.000000000000000000, 0.9432547151588620560, 1.000000000000000000),
 ( 1.000000000000000000, 0.9321826025349221334, 1.000000000000000000),
 ( 1.000000000000000000, 0.9268523530654902975, 1.000000000000000000),
 ( 1.000000000000000000, 0.9192073681285152231, 1.000000000000000000),
 ( 1.000000000000000000, 0.9170514797511368776, 1.000000000000000000),
 ( 1.000000000000000000, 0.9170288608893315541, 1.000000000000000000),
 ( 1.000000000000000000, 0.9192260099103901627, 1.000000000000000000),
 ( 1.000000000000000000, 0.9267996068665849130, 1.000000000000000000),
 ( 1.000000000000000000, 0.9321812854750224364, 1.000000000000000000),
 ( 1.000000000000000000, 0.9432160661325292850, 1.000000000000000000),
 ( 1.000000000000000000, 0.9488445939139660279, 1.000000000000000000),
 ( 1.000000000000000000, 0.9570263305979387347, 1.000000000000000000),
 ( 1.000000000000000000, 0.9595878455022833764, 1.000000000000000000),
 ( 1.000000000000000000, 0.9595359398070243406, 1.000000000000000000) ) ) 
 REPRESENTATION_ITEM ( '' )  SURFACE ( )  );
#3757 = ORIENTED_EDGE ( 'NONE', *, *, #6901, .T. ) ;
#3758 = DIRECTION ( 'NONE',  ( 0.000000000000000000, 0.000000000000000000, 1.000000000000000000 ) ) ;
#3759 = CARTESIAN_POINT ( 'NONE',  ( 6.245516373440833213, 2.248135892564179450, 7.810231214632278096 ) ) ;
#3760 = CARTESIAN_POINT ( 'NONE',  ( -4.470479223992169793, 2.500000000000000444, -10.79269157286923075 ) ) ;
#3761 = EDGE_CURVE ( 'NONE', #3948, #5986, #1456, .T. ) ;
#3762 = CIRCLE ( 'NONE', #2943, 0.5000000000000007772 ) ;
#3763 = EDGE_LOOP ( 'NONE', ( #6624, #6424, #2016, #2038 ) ) ;
#3764 = CIRCLE ( 'NONE', #635, 2.000000000000000000 ) ;
#3765 = EDGE_LOOP ( 'NONE', ( #3054, #2898, #5522 ) ) ;
#3766 = CARTESIAN_POINT ( 'NONE',  ( 5.895594408746948289, 9.500000000000000000, 7.449293024680377684 ) ) ;
#3767 = ADVANCED_FACE ( 'NONE', ( #57 ), #3389, .T. ) ;
#3768 = LINE ( 'NONE', #6551, #2664 ) ;
#3769 = EDGE_CURVE ( 'NONE', #6945, #6953, #6197, .T. ) ;
#3770 = VECTOR ( 'NONE', #6242, 1000.000000000000000 ) ;
#3771 = DIRECTION ( 'NONE',  ( 0.000000000000000000, 1.000000000000000000, 0.000000000000000000 ) ) ;
#3772 = DIRECTION ( 'NONE',  ( -0.3244301945785758590, -5.485471655787211466E-15, 0.9459096409518762405 ) ) ;
#3773 = EDGE_LOOP ( 'NONE', ( #2289, #5942, #6452, #4106 ) ) ;
#3774 = CARTESIAN_POINT ( 'NONE',  ( -8.796570338259732225, 2.500000000000000444, 4.594978287206008538 ) ) ;
#3775 = ORIENTED_EDGE ( 'NONE', *, *, #926, .F. ) ;
#3776 = EDGE_CURVE ( 'NONE', #1127, #4004, #6326, .T. ) ;
#3777 = B_SPLINE_CURVE_WITH_KNOTS ( 'NONE', 3,
 ( #1689, #2830, #2273, #2720, #2794, #6603, #2235, #4512, #3952, #3810, #2756, #5628, #6058, #5097, #3302, #654, #2866, #5526 ),
 .UNSPECIFIED., .F., .F.,
 ( 4, 2, 2, 2, 2, 2, 2, 2, 4 ),
 ( 0.000000000000000000, 0.0003765522689820474602, 0.0007531045379640949203, 0.001129656806946142435, 0.001506209075928189841, 0.001882761344910237247, 0.002259313613892284869, 0.002635865882874332058, 0.003012418151856379681 ),
 .UNSPECIFIED. ) ;
#3778 = CARTESIAN_POINT ( 'NONE',  ( 7.381682485265619320, 2.024215165943783923, -6.747289020923046721 ) ) ;
#3779 = CARTESIAN_POINT ( 'NONE',  ( 3.407532819979181671, 2.024441704241393580, -9.402344393979110038 ) ) ;
#3780 = VERTEX_POINT ( 'NONE', #3894 ) ;
#3781 = DIRECTION ( 'NONE',  ( 0.2362740077746017797, 0.000000000000000000, 0.9716864685947456115 ) ) ;
#3782 = CARTESIAN_POINT ( 'NONE',  ( 7.599467116825892710, 2.414533010808959990, -6.378947770805442730 ) ) ;
#3783 = CARTESIAN_POINT ( 'NONE',  ( 7.152017281988678477, 1.986052934431229655, 6.990103614099605345 ) ) ;
#3784 = CARTESIAN_POINT ( 'NONE',  ( -8.878359725471316466, 1.981868317978686678, -4.602995496167447520 ) ) ;
#3785 = EDGE_CURVE ( 'NONE', #2064, #1051, #6578, .T. ) ;
#3786 = CARTESIAN_POINT ( 'NONE',  ( -7.750301822741108460, 2.500000000000000888, -6.320945456729186951 ) ) ;
#3787 = ORIENTED_EDGE ( 'NONE', *, *, #7084, .F. ) ;
#3788 = DIRECTION ( 'NONE',  ( -0.9619363854055745788, -5.119841889459035912E-15, -0.2732734718791015593 ) ) ;
#3789 = CARTESIAN_POINT ( 'NONE',  ( 7.644210560722253689, 1.975903690497188725, 6.448168809503489030 ) ) ;
#3790 = DIRECTION ( 'NONE',  ( 0.000000000000000000, 0.000000000000000000, 1.000000000000000000 ) ) ;
#3791 = AXIS2_PLACEMENT_3D ( 'NONE', #2204, #6712, #2833 ) ;
#3792 = CARTESIAN_POINT ( 'NONE',  ( 4.057814370325303344, 1.779361857681294845, 9.140544747021440486 ) ) ;
#3793 = AXIS2_PLACEMENT_3D ( 'NONE', #2208, #6573, #1562 ) ;
#3794 = ADVANCED_FACE ( 'NONE', ( #4525 ), #6139, .T. ) ;
#3795 = EDGE_LOOP ( 'NONE', ( #1174, #6280, #4574, #2766, #1721 ) ) ;
#3796 = DIRECTION ( 'NONE',  ( -1.000000000000000000, -1.734723475976808672E-15, 0.000000000000000000 ) ) ;
#3797 = CARTESIAN_POINT ( 'NONE',  ( 1.260587625341240470, 8.000000000000000000, 2.043718524445536033 ) ) ;
#3798 = CARTESIAN_POINT ( 'NONE',  ( 0.1814307967061984106, 8.000000000000000000, -2.394357833393298662 ) ) ;
#3799 = ORIENTED_EDGE ( 'NONE', *, *, #6958, .T. ) ;
#3800 = AXIS2_PLACEMENT_3D ( 'NONE', #1509, #6924, #820 ) ;
#3801 = DIRECTION ( 'NONE',  ( 0.000000000000000000, 1.000000000000000000, 0.000000000000000000 ) ) ;
#3802 = EDGE_CURVE ( 'NONE', #2316, #4280, #1102, .T. ) ;
#3803 = ORIENTED_EDGE ( 'NONE', *, *, #1075, .T. ) ;
#3804 = DIRECTION ( 'NONE',  ( 0.000000000000000000, 0.000000000000000000, 1.000000000000000000 ) ) ;
#3805 = CARTESIAN_POINT ( 'NONE',  ( 4.626103053009547494, 9.500000000000000000, -8.297540029607313627 ) ) ;
#3806 = ORIENTED_EDGE ( 'NONE', *, *, #4264, .F. ) ;
#3807 = AXIS2_PLACEMENT_3D ( 'NONE', #5789, #774, #1891 ) ;
#3808 = ADVANCED_FACE ( 'NONE', ( #5827 ), #162, .F. ) ;
#3809 = CARTESIAN_POINT ( 'NONE',  ( 6.320945456729212708, 2.500000000000000000, -7.750301822741088031 ) ) ;
#3810 = CARTESIAN_POINT ( 'NONE',  ( -6.983228393756121477, 1.768517871363069816, -7.158925180614806649 ) ) ;
#3811 = EDGE_LOOP ( 'NONE', ( #6779, #3669 ) ) ;
#3812 = CARTESIAN_POINT ( 'NONE',  ( 4.594978287205911727, 9.500000000000000000, 8.796570338259785515 ) ) ;
#3813 = DIRECTION ( 'NONE',  ( 0.4394523308986166832, 3.895607413538972984E-16, 0.8982659121149888515 ) ) ;
#3814 = DIRECTION ( 'NONE',  ( 0.2732734718790877926, -0.000000000000000000, 0.9619363854055783536 ) ) ;
#3815 = CARTESIAN_POINT ( 'NONE',  ( -9.563576536480399071, 2.059838893144258165, -2.922977707959073079 ) ) ;
#3816 = CARTESIAN_POINT ( 'NONE',  ( 9.138395661352950228, 9.500000000000000000, 2.596097982851490737 ) ) ;
#3817 = CARTESIAN_POINT ( 'NONE',  ( -2.504813822048899130, 8.000000000000000000, -1.276266388579321509 ) ) ;
#3818 = ORIENTED_EDGE ( 'NONE', *, *, #4709, .T. ) ;
#3819 = CARTESIAN_POINT ( 'NONE',  ( 0.000000000000000000, 10.00000000000000000, 0.000000000000000000 ) ) ;
#3820 = AXIS2_PLACEMENT_3D ( 'NONE', #3655, #3145, #6006 ) ;
#3821 = CYLINDRICAL_SURFACE ( 'NONE', #300, 0.5000000000000004441 ) ;
#3822 = FACE_OUTER_BOUND ( 'NONE', #5281, .T. ) ;
#3823 = DIRECTION ( 'NONE',  ( 0.000000000000000000, 1.000000000000000000, 0.000000000000000000 ) ) ;
#3824 = ORIENTED_EDGE ( 'NONE', *, *, #5767, .F. ) ;
#3825 = FACE_OUTER_BOUND ( 'NONE', #5547, .T. ) ;
#3826 = AXIS2_PLACEMENT_3D ( 'NONE', #1269, #728, #193 ) ;
#3827 = CARTESIAN_POINT ( 'NONE',  ( 11.68192517863507618, 9.500000000000000000, 1.224126288112367485E-13 ) ) ;
#3828 = LINE ( 'NONE', #2219, #5576 ) ;
#3829 = VECTOR ( 'NONE', #4673, 1000.000000000000000 ) ;
#3830 = VERTEX_POINT ( 'NONE', #1236 ) ;
#3831 = ADVANCED_FACE ( 'NONE', ( #6796 ), #126, .F. ) ;
#3832 = DIRECTION ( 'NONE',  ( -0.9971414314842893534, 0.000000000000000000, 0.07555769727474682951 ) ) ;
#3833 = EDGE_LOOP ( 'NONE', ( #4100, #6907, #3368, #184 ) ) ;
#3834 = CIRCLE ( 'NONE', #138, 0.5000000000000004441 ) ;
#3835 = CARTESIAN_POINT ( 'NONE',  ( 2.776607510986325966, 8.000000000000000000, -0.4397714266284734608 ) ) ;
#3836 = DIRECTION ( 'NONE',  ( 0.000000000000000000, 1.000000000000000000, 0.000000000000000000 ) ) ;
#3837 = VERTEX_POINT ( 'NONE', #199 ) ;
#3838 = EDGE_CURVE ( 'NONE', #2530, #3231, #1779, .T. ) ;
#3839 = AXIS2_PLACEMENT_3D ( 'NONE', #5503, #526, #2735 ) ;
#3840 = ORIENTED_EDGE ( 'NONE', *, *, #964, .F. ) ;
#3841 = VERTEX_POINT ( 'NONE', #4037 ) ;
#3842 = DIRECTION ( 'NONE',  ( 1.000000000000000000, -3.469446951953611033E-15, -1.203706215242021287E-29 ) ) ;
#3843 = CARTESIAN_POINT ( 'NONE',  ( 2.504813822048899574, 0.000000000000000000, 1.276266388579323063 ) ) ;
#3844 = CARTESIAN_POINT ( 'NONE',  ( 4.869582122898685306, 2.376055744299583772, -8.734252684022001390 ) ) ;
#3845 = ORIENTED_EDGE ( 'NONE', *, *, #5923, .F. ) ;
#3846 = CARTESIAN_POINT ( 'NONE',  ( 9.885393354405117350, 10.00001200000000168, -0.8789046617971484343 ) ) ;
#3847 = CARTESIAN_POINT ( 'NONE',  ( -8.734252662744591333, 2.371852820628066461, 4.869582161062591119 ) ) ;
#3848 = ADVANCED_FACE ( 'NONE', ( #238 ), #3459, .T. ) ;
#3849 = EDGE_CURVE ( 'NONE', #1051, #2211, #1569, .T. ) ;
#3850 = LINE ( 'NONE', #2761, #1079 ) ;
#3851 = CARTESIAN_POINT ( 'NONE',  ( -9.012158091705536833, 2.048970607329166693, -4.335404163388590248 ) ) ;
#3852 = CARTESIAN_POINT ( 'NONE',  ( -4.828799771687340758, 2.255681435097431908, 8.757196459659413179 ) ) ;
#3853 = ORIENTED_EDGE ( 'NONE', *, *, #5153, .F. ) ;
#3854 = CARTESIAN_POINT ( 'NONE',  ( -7.717017477650973234, 2.059838893144257721, -6.360301573036730716 ) ) ;
#3855 = AXIS2_PLACEMENT_3D ( 'NONE', #1609, #500, #5013 ) ;
#3856 = ORIENTED_EDGE ( 'NONE', *, *, #4112, .T. ) ;
#3857 = CARTESIAN_POINT ( 'NONE',  ( -4.626103053009428479, 10.00001200000000168, -8.297540029607381129 ) ) ;
#3858 = CARTESIAN_POINT ( 'NONE',  ( -0.5673463196692629662, 8.000000000000000000, 2.333234819276247762 ) ) ;
#3859 = DIRECTION ( 'NONE',  ( 0.000000000000000000, 0.000000000000000000, 1.000000000000000000 ) ) ;
#3860 = CIRCLE ( 'NONE', #2577, 0.4999999999999991673 ) ;
#3861 = VERTEX_POINT ( 'NONE', #6251 ) ;
#3862 = ORIENTED_EDGE ( 'NONE', *, *, #3138, .F. ) ;
#3863 = DIRECTION ( 'NONE',  ( 0.000000000000000000, 1.000000000000000000, 0.000000000000000000 ) ) ;
#3864 = AXIS2_PLACEMENT_3D ( 'NONE', #6539, #1564, #4135 ) ;
#3865 = CARTESIAN_POINT ( 'NONE',  ( 8.297540029607397116, 9.500000000000000000, -4.626103053009394728 ) ) ;
#3866 = CARTESIAN_POINT ( 'NONE',  ( -1.156453502364804375, 2.500000000000000444, -9.932905682471176334 ) ) ;
#3867 = ORIENTED_EDGE ( 'NONE', *, *, #5677, .T. ) ;
#3868 = CARTESIAN_POINT ( 'NONE',  ( 0.000000000000000000, -4.000000000000000000, 0.000000000000000000 ) ) ;
#3869 = AXIS2_PLACEMENT_3D ( 'NONE', #1926, #4153, #196 ) ;
#3870 = DIRECTION ( 'NONE',  ( 0.000000000000000000, -1.000000000000000000, 0.000000000000000000 ) ) ;
#3871 = CARTESIAN_POINT ( 'NONE',  ( 0.8789046617972535724, 9.500000000000000000, -9.885393354405108468 ) ) ;
#3872 = ADVANCED_FACE ( 'NONE', ( #2917 ), #4562, .T. ) ;
#3873 = DIRECTION ( 'NONE',  ( 0.000000000000000000, 0.000000000000000000, -1.000000000000000000 ) ) ;
#3874 = AXIS2_PLACEMENT_3D ( 'NONE', #4110, #5741, #4630 ) ;
#3875 = VERTEX_POINT ( 'NONE', #5251 ) ;
#3876 = ORIENTED_EDGE ( 'NONE', *, *, #6053, .T. ) ;
#3877 = CARTESIAN_POINT ( 'NONE',  ( -9.255370840007570266, 2.164537838121661117, 3.399310659689343872 ) ) ;
#3878 = CARTESIAN_POINT ( 'NONE',  ( 9.885393354405117350, 2.500000000000000444, -0.8789046617971486564 ) ) ;
#3879 = ADVANCED_FACE ( 'NONE', ( #2432 ), #5141, .T. ) ;
#3880 = DIRECTION ( 'NONE',  ( 0.000000000000000000, 0.000000000000000000, -1.000000000000000000 ) ) ;
#3881 = EDGE_LOOP ( 'NONE', ( #3638, #2148, #4587 ) ) ;
#3882 = FACE_OUTER_BOUND ( 'NONE', #4381, .T. ) ;
#3883 = CARTESIAN_POINT ( 'NONE',  ( -0.8789046617972524622, 2.500000000000000444, -9.885393354405108468 ) ) ;
#3884 = CARTESIAN_POINT ( 'NONE',  ( 9.469254843656191412, 2.500000000000000444, 2.970974231079661632 ) ) ;
#3885 = ORIENTED_EDGE ( 'NONE', *, *, #1114, .T. ) ;
#3886 = DIRECTION ( 'NONE',  ( 0.8511160640214274764, 0.000000000000000000, 0.5249775667251633804 ) ) ;
#3887 = DIRECTION ( 'NONE',  ( 0.000000000000000000, -0.000000000000000000, 1.000000000000000000 ) ) ;
#3888 = AXIS2_PLACEMENT_3D ( 'NONE', #4749, #515, #3380 ) ;
#3889 = EDGE_CURVE ( 'NONE', #1812, #2371, #2950, .T. ) ;
#3890 = ORIENTED_EDGE ( 'NONE', *, *, #2770, .T. ) ;
#3891 = CARTESIAN_POINT ( 'NONE',  ( -6.368549238272159130, 2.438027874578153398, -7.611508095585688416 ) ) ;
#3892 = ORIENTED_EDGE ( 'NONE', *, *, #6723, .F. ) ;
#3893 = CARTESIAN_POINT ( 'NONE',  ( 2.333234819276243766, 8.000000000000000000, -0.5673463196692560828 ) ) ;
#3894 = CARTESIAN_POINT ( 'NONE',  ( -0.4397714266284716289, 8.000000000000000000, 2.776607510986326410 ) ) ;
#3895 = DIRECTION ( 'NONE',  ( 0.000000000000000000, 1.000000000000000000, 0.000000000000000000 ) ) ;
#3896 = EDGE_CURVE ( 'NONE', #5258, #1812, #192, .T. ) ;
#3897 = AXIS2_PLACEMENT_3D ( 'NONE', #6782, #4474, #3339 ) ;
#3898 = ORIENTED_EDGE ( 'NONE', *, *, #3055, .F. ) ;
#3899 = CARTESIAN_POINT ( 'NONE',  ( -4.594978232284091746, 2.438513403071546737, -8.796570334834242999 ) ) ;
#3900 = CARTESIAN_POINT ( 'NONE',  ( -9.964867834866849350, 1.975531022569853468, -0.8451121621323159916 ) ) ;
#3901 = DIRECTION ( 'NONE',  ( -0.000000000000000000, 1.000000000000000000, -0.000000000000000000 ) ) ;
#3902 = ORIENTED_EDGE ( 'NONE', *, *, #5062, .T. ) ;
#3903 = CARTESIAN_POINT ( 'NONE',  ( 4.580295191712760783, 2.415691656991425074, -8.801430240062186883 ) ) ;
#3904 = AXIS2_PLACEMENT_3D ( 'NONE', #1180, #681, #6228 ) ;
#3905 = CARTESIAN_POINT ( 'NONE',  ( 2.221104420305842542, 0.000000000000000000, 0.9124482025973593702 ) ) ;
#3906 = CARTESIAN_POINT ( 'NONE',  ( -7.206383511017080856, 2.147145517465061104, 6.720854740644933045 ) ) ;
#3907 = ORIENTED_EDGE ( 'NONE', *, *, #1175, .F. ) ;
#3908 = PLANE ( 'NONE',  #4075 ) ;
#3909 = AXIS2_PLACEMENT_3D ( 'NONE', #1393, #3538, #5753 ) ;
#3910 = ORIENTED_EDGE ( 'NONE', *, *, #7042, .F. ) ;
#3911 = EDGE_CURVE ( 'NONE', #5544, #5438, #6832, .T. ) ;
#3912 = CARTESIAN_POINT ( 'NONE',  ( 1.830433831214388185, 8.000000000000000000, -1.554148821017838911 ) ) ;
#3913 = CARTESIAN_POINT ( 'NONE',  ( -5.095752233843723986E-17, 10.00001200000000168, 11.68192517863507618 ) ) ;
#3914 = VERTEX_POINT ( 'NONE', #3500 ) ;
#3915 = CARTESIAN_POINT ( 'NONE',  ( -2.732734718790876371, 2.372020242595189732, -9.619363854055785978 ) ) ;
#3916 = CIRCLE ( 'NONE', #5504, 10.00000000000000000 ) ;
#3917 = DIRECTION ( 'NONE',  ( 0.000000000000000000, -1.000000000000000000, 0.000000000000000000 ) ) ;
#3918 = CIRCLE ( 'NONE', #3344, 2.000000000000000000 ) ;
#3919 = EDGE_CURVE ( 'NONE', #3693, #6554, #6333, .T. ) ;
#3920 = DIRECTION ( 'NONE',  ( -0.000000000000000000, -1.000000000000000000, -0.000000000000000000 ) ) ;
#3921 = ORIENTED_EDGE ( 'NONE', *, *, #3706, .T. ) ;
#3922 = CARTESIAN_POINT ( 'NONE',  ( -1.554148821017840465, 8.000000000000000000, 1.830433831214381968 ) ) ;
#3923 = CARTESIAN_POINT ( 'NONE',  ( -1.987831504145221917, 0.000000000000000000, 1.987831504145224581 ) ) ;
#3924 = ORIENTED_EDGE ( 'NONE', *, *, #3896, .F. ) ;
#3925 = FACE_OUTER_BOUND ( 'NONE', #3126, .T. ) ;
#3926 = ORIENTED_EDGE ( 'NONE', *, *, #2736, .T. ) ;
#3927 = FACE_OUTER_BOUND ( 'NONE', #4202, .T. ) ;
#3928 = CARTESIAN_POINT ( 'NONE',  ( 9.932905682471186992, 10.00000000000000000, -1.156453502364700459 ) ) ;
#3929 = AXIS2_PLACEMENT_3D ( 'NONE', #2663, #4836, #3732 ) ;
#3930 = EDGE_CURVE ( 'NONE', #3875, #5733, #772, .T. ) ;
#3931 = CARTESIAN_POINT ( 'NONE',  ( 8.260368511126804592, 9.500000000000000000, -8.260368511126660707 ) ) ;
#3932 = DIRECTION ( 'NONE',  ( 0.000000000000000000, 1.000000000000000000, 0.000000000000000000 ) ) ;
#3933 = ORIENTED_EDGE ( 'NONE', *, *, #2152, .T. ) ;
#3934 = AXIS2_PLACEMENT_3D ( 'NONE', #4641, #167, #2359 ) ;
#3935 = ORIENTED_EDGE ( 'NONE', *, *, #5458, .T. ) ;
#3936 = CARTESIAN_POINT ( 'NONE',  ( -4.335449496297318461, 2.048945620300647974, -9.012139614925676057 ) ) ;
#3937 = CARTESIAN_POINT ( 'NONE',  ( -1.276266388579322841, 0.000000000000000000, 2.504813822048900018 ) ) ;
#3938 = DIRECTION ( 'NONE',  ( 0.000000000000000000, -1.000000000000000000, 0.000000000000000000 ) ) ;
#3939 = EDGE_LOOP ( 'NONE', ( #73, #6619, #7040 ) ) ;
#3940 = EDGE_CURVE ( 'NONE', #3523, #1533, #4599, .T. ) ;
#3941 = DIRECTION ( 'NONE',  ( 0.07555769727474682951, 0.000000000000000000, 0.9971414314842893534 ) ) ;
#3942 = EDGE_CURVE ( 'NONE', #1798, #3948, #5110, .T. ) ;
#3943 = CARTESIAN_POINT ( 'NONE',  ( 2.504813822048898242, 8.000000000000000000, -1.276266388579323952 ) ) ;
#3944 = VERTEX_POINT ( 'NONE', #6366 ) ;
#3945 = CARTESIAN_POINT ( 'NONE',  ( -4.626103053009482657, 10.00000000000000000, 8.797540029607349155 ) ) ;
#3946 = TOROIDAL_SURFACE ( 'NONE', #6143, 1.500000000000000000, 0.5000000000000000000 ) ;
#3947 = ORIENTED_EDGE ( 'NONE', *, *, #4808, .T. ) ;
#3948 = VERTEX_POINT ( 'NONE', #1391 ) ;
#3949 = AXIS2_PLACEMENT_3D ( 'NONE', #4422, #1211, #4570 ) ;
#3950 = CARTESIAN_POINT ( 'NONE',  ( -9.579266327989099494, 2.500000000000000888, 2.873880030200249180 ) ) ;
#3951 = CARTESIAN_POINT ( 'NONE',  ( -2.043718524445535589, 0.000000000000000000, 1.260587625341242024 ) ) ;
#3952 = CARTESIAN_POINT ( 'NONE',  ( -7.160346141787927721, 1.768638744481566105, -6.981771384884010168 ) ) ;
#3953 = ORIENTED_EDGE ( 'NONE', *, *, #6534, .F. ) ;
#3954 = CARTESIAN_POINT ( 'NONE',  ( 9.619363854055736240, 2.500000000000000444, 2.732734718791043349 ) ) ;
#3955 = CIRCLE ( 'NONE', #4671, 9.500000000000000000 ) ;
#3956 = CARTESIAN_POINT ( 'NONE',  ( -4.687283918649718828, 2.051189550670914574, 8.833773591331265607 ) ) ;
#3957 = CARTESIAN_POINT ( 'NONE',  ( 6.704975473565709443, 1.829075679051622272, 7.420172320006896527 ) ) ;
#3958 = CARTESIAN_POINT ( 'NONE',  ( 4.470479223992089857, 2.500000000000000444, 10.79269157286926628 ) ) ;
#3959 = DIRECTION ( 'NONE',  ( -0.7841361078610925572, -0.000000000000000000, 0.6205888851312576504 ) ) ;
#3960 = ORIENTED_EDGE ( 'NONE', *, *, #4621, .F. ) ;
#3961 = DIRECTION ( 'NONE',  ( 0.000000000000000000, 0.000000000000000000, 1.000000000000000000 ) ) ;
#3962 = ORIENTED_EDGE ( 'NONE', *, *, #7096, .T. ) ;
#3963 = EDGE_CURVE ( 'NONE', #708, #685, #3209, .T. ) ;
#3964 = CARTESIAN_POINT ( 'NONE',  ( 0.000000000000000000, 10.00000000000000000, 0.000000000000000000 ) ) ;
#3965 = CARTESIAN_POINT ( 'NONE',  ( -2.596097982851332642, 10.00000000000000000, -9.138395661352994637 ) ) ;
#3966 = CARTESIAN_POINT ( 'NONE',  ( 3.594033116304640618, 1.779361857681295289, -9.332649232411196039 ) ) ;
#3967 = ORIENTED_EDGE ( 'NONE', *, *, #2360, .T. ) ;
#3968 = EDGE_LOOP ( 'NONE', ( #2587, #2061, #3415 ) ) ;
#3969 = CARTESIAN_POINT ( 'NONE',  ( -4.707037444963782846, 2.322848788353837790, -8.824244412177549179 ) ) ;
#3970 = ADVANCED_FACE ( 'NONE', ( #5931 ), #6085, .T. ) ;
#3971 = ORIENTED_EDGE ( 'NONE', *, *, #2725, .F. ) ;
#3972 = PLANE ( 'NONE',  #1166 ) ;
#3973 = AXIS2_PLACEMENT_3D ( 'NONE', #330, #2527, #6972 ) ;
#3974 = CARTESIAN_POINT ( 'NONE',  ( -4.869582161062615100, 2.500000000000000000, 8.734252662744577123 ) ) ;
#3975 = EDGE_LOOP ( 'NONE', ( #321, #2904, #2175, #299 ) ) ;
#3976 = CARTESIAN_POINT ( 'NONE',  ( -7.841361051494608603, 2.376055744299526484, 6.205888885575004288 ) ) ;
#3977 = CIRCLE ( 'NONE', #7001, 0.4999999999999995559 ) ;
#3978 = CARTESIAN_POINT ( 'NONE',  ( -7.841361078610813884, 10.00000000000000000, -6.205888851312714394 ) ) ;
#3979 = CARTESIAN_POINT ( 'NONE',  ( 1.106490787510109985, 2.248300866378371232, -9.938905903571473743 ) ) ;
#3980 = EDGE_LOOP ( 'NONE', ( #6371, #438, #124, #1715 ) ) ;
#3981 = ADVANCED_FACE ( 'NONE', ( #377 ), #3552, .F. ) ;
#3982 = DIRECTION ( 'NONE',  ( 0.000000000000000000, -1.000000000000000000, 0.000000000000000000 ) ) ;
#3983 = EDGE_CURVE ( 'NONE', #5516, #4293, #1950, .T. ) ;
#3984 = CARTESIAN_POINT ( 'NONE',  ( 9.461831679522360261, 1.867388762198138874, 3.238311324277372449 ) ) ;
#3985 = CARTESIAN_POINT ( 'NONE',  ( -8.297540029607333167, 10.00000000000000000, -4.626103053009515520 ) ) ;
#3986 = AXIS2_PLACEMENT_3D ( 'NONE', #6355, #3487, #1381 ) ;
#3987 = EDGE_CURVE ( 'NONE', #4293, #2936, #3103, .T. ) ;
#3988 = DIRECTION ( 'NONE',  ( 0.000000000000000000, 1.000000000000000000, 0.000000000000000000 ) ) ;
#3989 = ORIENTED_EDGE ( 'NONE', *, *, #2920, .F. ) ;
#3990 = CARTESIAN_POINT ( 'NONE',  ( -1.156453502364808594, 2.500000000000000444, -9.932905682471176334 ) ) ;
#3991 = CARTESIAN_POINT ( 'NONE',  ( 8.827410336412130576, 2.314916786199594956, 4.501324523359382823 ) ) ;
#3992 = CARTESIAN_POINT ( 'NONE',  ( -1.156453502364807040, 9.500000000000000000, 9.932905682471176334 ) ) ;
#3993 = CIRCLE ( 'NONE', #2020, 2.500000000000000444 ) ;
#3994 = DIRECTION ( 'NONE',  ( -0.7841361078610808999, 0.000000000000000000, -0.6205888851312723054 ) ) ;
#3995 = LINE ( 'NONE', #6247, #5423 ) ;
#3996 = ORIENTED_EDGE ( 'NONE', *, *, #4078, .F. ) ;
#3997 = CARTESIAN_POINT ( 'NONE',  ( -6.360928075381006686, 2.059185488125319097, -7.716501220627701052 ) ) ;
#3998 = ORIENTED_EDGE ( 'NONE', *, *, #659, .F. ) ;
#3999 = DIRECTION ( 'NONE',  ( -0.9980606173047421592, -3.462718366572877305E-15, 0.06224953160689088855 ) ) ;
#4000 = DIRECTION ( 'NONE',  ( 0.000000000000000000, 0.000000000000000000, 1.000000000000000000 ) ) ;
#4001 = CARTESIAN_POINT ( 'NONE',  ( -6.205888851312630905, 10.00000000000000000, -7.841361078610883162 ) ) ;
#4002 = EDGE_CURVE ( 'NONE', #6540, #3944, #4852, .T. ) ;
#4003 = ORIENTED_EDGE ( 'NONE', *, *, #4895, .T. ) ;
#4004 = VERTEX_POINT ( 'NONE', #4887 ) ;
#4005 = CARTESIAN_POINT ( 'NONE',  ( 4.501049684337719015, 2.314666110110171093, 8.827500525282504285 ) ) ;
#4006 = ORIENTED_EDGE ( 'NONE', *, *, #3930, .T. ) ;
#4007 = CARTESIAN_POINT ( 'NONE',  ( 8.824244412177462138, 2.322848788353893301, -4.707037444963852124 ) ) ;
#4008 =( LENGTH_UNIT ( ) NAMED_UNIT ( * ) SI_UNIT ( .MILLI., .METRE. ) );
#4009 = DIRECTION ( 'NONE',  ( 0.000000000000000000, -1.000000000000000000, 0.000000000000000000 ) ) ;
#4010 = ORIENTED_EDGE ( 'NONE', *, *, #5725, .T. ) ;
#4011 = DIRECTION ( 'NONE',  ( 0.000000000000000000, -1.000000000000000000, 0.000000000000000000 ) ) ;
#4012 = EDGE_CURVE ( 'NONE', #3350, #6137, #6533, .T. ) ;
#4013 = CIRCLE ( 'NONE', #5645, 0.5000000000000003331 ) ;
#4014 = DIRECTION ( 'NONE',  ( 0.000000000000000000, -1.000000000000000000, -0.000000000000000000 ) ) ;
#4015 = CARTESIAN_POINT ( 'NONE',  ( -9.436260398347620537, 9.500000000000000000, 1.098630827246533492 ) ) ;
#4016 = ORIENTED_EDGE ( 'NONE', *, *, #3362, .F. ) ;
#4017 = FACE_OUTER_BOUND ( 'NONE', #4146, .T. ) ;
#4018 = CARTESIAN_POINT ( 'NONE',  ( -2.596097982851332642, 9.500000000000000000, -9.138395661352994637 ) ) ;
#4019 = CIRCLE ( 'NONE', #6217, 0.4999999999999992228 ) ;
#4020 = ADVANCED_FACE ( 'NONE', ( #2540 ), #5413, .F. ) ;
#4021 = ORIENTED_EDGE ( 'NONE', *, *, #2099, .T. ) ;
#4022 = CARTESIAN_POINT ( 'NONE',  ( -1.851523544721291881, 0.000000000000000000, -2.548403532281083628 ) ) ;
#4023 = CIRCLE ( 'NONE', #1585, 7.500000000000000000 ) ;
#4024 = FACE_OUTER_BOUND ( 'NONE', #389, .T. ) ;
#4025 = ORIENTED_EDGE ( 'NONE', *, *, #4571, .T. ) ;
#4026 = CARTESIAN_POINT ( 'NONE',  ( -0.8789046123668520227, 2.438513403071528973, -9.885393330222619568 ) ) ;
#4027 = CARTESIAN_POINT ( 'NONE',  ( -4.626103053009427590, 9.500000000000000000, -8.297540029607379353 ) ) ;
#4028 = TOROIDAL_SURFACE ( 'NONE', #3337, 2.500000000000000000, 0.5000000000000000000 ) ;
#4029 = FACE_OUTER_BOUND ( 'NONE', #7032, .T. ) ;
#4030 = EDGE_CURVE ( 'NONE', #2615, #5951, #7024, .T. ) ;
#4031 = DIRECTION ( 'NONE',  ( 0.000000000000000000, -0.000000000000000000, 1.000000000000000000 ) ) ;
#4032 = DIRECTION ( 'NONE',  ( 0.000000000000000000, 0.000000000000000000, 1.000000000000000000 ) ) ;
#4033 = DIRECTION ( 'NONE',  ( -1.000000000000000000, 0.000000000000000000, 0.000000000000000000 ) ) ;
#4034 = AXIS2_PLACEMENT_3D ( 'NONE', #2983, #5172, #6862 ) ;
#4035 = ORIENTED_EDGE ( 'NONE', *, *, #1484, .F. ) ;
#4036 = FACE_OUTER_BOUND ( 'NONE', #6160, .T. ) ;
#4037 = CARTESIAN_POINT ( 'NONE',  ( 7.611508121969646545, 9.500000000000000000, -6.368549229222909780 ) ) ;
#4038 = CARTESIAN_POINT ( 'NONE',  ( 0.000000000000000000, 10.00000000000000000, 0.000000000000000000 ) ) ;
#4039 = CARTESIAN_POINT ( 'NONE',  ( 2.970974231079632766, 2.500000000000000444, -9.469254843656200293 ) ) ;
#4040 = AXIS2_PLACEMENT_3D ( 'NONE', #4930, #3823, #2145 ) ;
#4041 = VERTEX_POINT ( 'NONE', #7090 ) ;
#4042 = CARTESIAN_POINT ( 'NONE',  ( -2.970974249536470602, 2.438027874578165388, -9.469254822743781830 ) ) ;
#4043 = CIRCLE ( 'NONE', #2894, 0.5000000000000004441 ) ;
#4044 = VERTEX_POINT ( 'NONE', #6434 ) ;
#4045 = CARTESIAN_POINT ( 'NONE',  ( 9.563339329250560183, 2.059185488125317320, -2.923754083661717296 ) ) ;
#4046 = DIRECTION ( 'NONE',  ( 0.000000000000000000, 0.000000000000000000, 1.000000000000000000 ) ) ;
#4047 = LINE ( 'NONE', #1288, #6386 ) ;
#4048 = ORIENTED_EDGE ( 'NONE', *, *, #4296, .F. ) ;
#4049 = CARTESIAN_POINT ( 'NONE',  ( -6.351233556578203654, 2.322848788353864879, 7.725627693846884192 ) ) ;
#4050 = AXIS2_PLACEMENT_3D ( 'NONE', #2111, #491, #2582 ) ;
#4051 = CARTESIAN_POINT ( 'NONE',  ( -1.851523544721287884, 8.000000000000000000, 2.548403532281085848 ) ) ;
#4052 = CARTESIAN_POINT ( 'NONE',  ( -0.9734035322810855595, 8.000000000000000000, 2.995828026329733884 ) ) ;
#4053 = ORIENTED_EDGE ( 'NONE', *, *, #6034, .F. ) ;
#4054 = CARTESIAN_POINT ( 'NONE',  ( -0.6290186756683029401, 1.867418461490406578, 9.980840368339201518 ) ) ;
#4055 = CARTESIAN_POINT ( 'NONE',  ( -8.260368511126747748, 10.00001200000000168, 8.260368511126719326 ) ) ;
#4056 = ADVANCED_FACE ( 'NONE', ( #1527 ), #3748, .T. ) ;
#4057 = CARTESIAN_POINT ( 'NONE',  ( 9.840975183068751519, 2.134320569920972854, -0.1029434636767865285 ) ) ;
#4058 = ORIENTED_EDGE ( 'NONE', *, *, #1582, .T. ) ;
#4059 = ORIENTED_EDGE ( 'NONE', *, *, #1942, .T. ) ;
#4060 = ORIENTED_EDGE ( 'NONE', *, *, #7104, .T. ) ;
#4061 = CIRCLE ( 'NONE', #932, 0.5000000000000004441 ) ;
#4062 = CARTESIAN_POINT ( 'NONE',  ( 9.619363830518897984, 2.377026804319492648, 2.732734801641908184 ) ) ;
#4063 = CARTESIAN_POINT ( 'NONE',  ( -9.987987790097395902, 1.829075679051593850, -0.5057205400017402708 ) ) ;
#4064 = LINE ( 'NONE', #2976, #5165 ) ;
#4065 = ORIENTED_EDGE ( 'NONE', *, *, #3942, .F. ) ;
#4066 = CARTESIAN_POINT ( 'NONE',  ( 0.4485839205770472127, 2.024215165943707095, -9.990691563217437121 ) ) ;
#4067 = EDGE_CURVE ( 'NONE', #3519, #1418, #650, .T. ) ;
#4068 = CARTESIAN_POINT ( 'NONE',  ( 9.469254843656191412, 2.500000000000000444, 2.970974231079661632 ) ) ;
#4069 = AXIS2_PLACEMENT_3D ( 'NONE', #429, #7030, #1035 ) ;
#4070 = VECTOR ( 'NONE', #6222, 1000.000000000000000 ) ;
#4071 = CARTESIAN_POINT ( 'NONE',  ( -2.043718524445535589, 8.000000000000000000, 1.260587625341242024 ) ) ;
#4072 = DIRECTION ( 'NONE',  ( 1.000000000000000000, -1.734723475976805517E-15, 0.000000000000000000 ) ) ;
#4073 = CARTESIAN_POINT ( 'NONE',  ( -1.098630827246567243, 9.500000000000000000, -9.436260398347616984 ) ) ;
#4074 = LINE ( 'NONE', #2947, #292 ) ;
#4075 = AXIS2_PLACEMENT_3D ( 'NONE', #3263, #2157, #5483 ) ;
#4076 = ORIENTED_EDGE ( 'NONE', *, *, #258, .T. ) ;
#4077 = FACE_OUTER_BOUND ( 'NONE', #4582, .T. ) ;
#4078 = EDGE_CURVE ( 'NONE', #4873, #2997, #1218, .T. ) ;
#4079 = EDGE_CURVE ( 'NONE', #2811, #1133, #2966, .T. ) ;
#4080 = CARTESIAN_POINT ( 'NONE',  ( -1.260587625341245133, 0.000000000000000000, 2.043718524445536477 ) ) ;
#4081 = CARTESIAN_POINT ( 'NONE',  ( 0.000000000000000000, -4.000000000000000000, 7.500000000000000000 ) ) ;
#4082 = CARTESIAN_POINT ( 'NONE',  ( 4.411637572855640954, 2.250472257925432817, -8.856894585430339362 ) ) ;
#4083 = DIRECTION ( 'NONE',  ( 0.000000000000000000, 0.000000000000000000, 1.000000000000000000 ) ) ;
#4084 = EDGE_LOOP ( 'NONE', ( #5419, #4640, #4419 ) ) ;
#4085 = CARTESIAN_POINT ( 'NONE',  ( -0.1814307967061967730, 8.000000000000000000, 2.394357833393300883 ) ) ;
#4086 = CARTESIAN_POINT ( 'NONE',  ( 8.980357240025675480, 1.867388762198238128, -4.400693446046251012 ) ) ;
#4087 = CARTESIAN_POINT ( 'NONE',  ( 4.290897008128930601, 1.829430187479168746, 9.033499448847578606 ) ) ;
#4088 = CARTESIAN_POINT ( 'NONE',  ( 0.7805838793071180337, 2.314921835386979154, -9.878046505511253628 ) ) ;
#4089 = VERTEX_POINT ( 'NONE', #4367 ) ;
#4090 = LINE ( 'NONE', #1402, #2405 ) ;
#4091 = CARTESIAN_POINT ( 'NONE',  ( -6.667026640275307336, 2.048945620300650639, 7.454229574658498336 ) ) ;
#4092 = CARTESIAN_POINT ( 'NONE',  ( 4.869582161062681713, 9.500000000000000000, -8.734252662744541595 ) ) ;
#4093 = FACE_OUTER_BOUND ( 'NONE', #5444, .T. ) ;
#4094 = ORIENTED_EDGE ( 'NONE', *, *, #2580, .F. ) ;
#4095 = CARTESIAN_POINT ( 'NONE',  ( 0.1284310849190171688, 1.768641139221981184, 9.999986698273103158 ) ) ;
#4096 = CARTESIAN_POINT ( 'NONE',  ( 5.095752233843723986E-17, 9.500000000000000000, -11.68192517863507618 ) ) ;
#4097 = CIRCLE ( 'NONE', #957, 2.000000000000000000 ) ;
#4098 = CARTESIAN_POINT ( 'NONE',  ( 9.999986698273104935, 1.768641139221981406, -0.1284310849189163606 ) ) ;
#4099 = CIRCLE ( 'NONE', #1311, 2.000000000000000000 ) ;
#4100 = ORIENTED_EDGE ( 'NONE', *, *, #2930, .T. ) ;
#4101 = ADVANCED_FACE ( 'NONE', ( #6094 ), #5881, .T. ) ;
#4102 = VERTEX_POINT ( 'NONE', #3883 ) ;
#4103 = CARTESIAN_POINT ( 'NONE',  ( 7.841361078610904478, 2.500000000000000000, -6.205888851312601595 ) ) ;
#4104 = CYLINDRICAL_SURFACE ( 'NONE', #6349, 2.000000000000000000 ) ;
#4105 = CARTESIAN_POINT ( 'NONE',  ( -0.8789046617972535724, 2.456298904871081934, 9.885393354405106692 ) ) ;
#4106 = ORIENTED_EDGE ( 'NONE', *, *, #336, .F. ) ;
#4107 = DIRECTION ( 'NONE',  ( 1.000000000000000000, -0.000000000000000000, 0.000000000000000000 ) ) ;
#4108 = TOROIDAL_SURFACE ( 'NONE', #6884, 9.500000000000000000, 0.5000000000000000000 ) ;
#4109 = AXIS2_PLACEMENT_3D ( 'NONE', #1694, #3920, #3453 ) ;
#4110 = CARTESIAN_POINT ( 'NONE',  ( 0.000000000000000000, 10.00000000000000000, 0.000000000000000000 ) ) ;
#4111 = CARTESIAN_POINT ( 'NONE',  ( 5.895594408747106385, 2.500000000000000444, -7.449293024680251563 ) ) ;
#4112 = EDGE_CURVE ( 'NONE', #581, #1105, #907, .T. ) ;
#4113 = ORIENTED_EDGE ( 'NONE', *, *, #3010, .F. ) ;
#4114 = CARTESIAN_POINT ( 'NONE',  ( -4.470479223992169793, 10.00000000000000000, -8.292691572869230754 ) ) ;
#4115 = CARTESIAN_POINT ( 'NONE',  ( 9.469254843656253584, 2.500000000000000444, -2.970974231079463568 ) ) ;
#4116 = DIRECTION ( 'NONE',  ( 0.000000000000000000, 0.000000000000000000, 1.000000000000000000 ) ) ;
#4117 = VERTEX_POINT ( 'NONE', #587 ) ;
#4118 = DIRECTION ( 'NONE',  ( -0.8982659121149859649, 0.000000000000000000, 0.4394523308986227894 ) ) ;
#4119 = AXIS2_PLACEMENT_3D ( 'NONE', #981, #6978, #5424 ) ;
#4120 = CARTESIAN_POINT ( 'NONE',  ( 0.9124482025973564836, 8.000000000000000000, 2.221104420305848315 ) ) ;
#4121 = CARTESIAN_POINT ( 'NONE',  ( 2.970974231079634986, 2.461610632227655859, -9.469254843656203846 ) ) ;
#4122 = ADVANCED_FACE ( 'NONE', ( #1089 ), #4917, .F. ) ;
#4123 = AXIS2_PLACEMENT_3D ( 'NONE', #285, #2481, #4727 ) ;
#4124 = LINE ( 'NONE', #6294, #785 ) ;
#4125 = CARTESIAN_POINT ( 'NONE',  ( -4.036214224533145156, 1.992783053389822756, 9.149965727261182735 ) ) ;
#4126 = ORIENTED_EDGE ( 'NONE', *, *, #3049, .F. ) ;
#4127 = ORIENTED_EDGE ( 'NONE', *, *, #3257, .F. ) ;
#4128 = CARTESIAN_POINT ( 'NONE',  ( -3.313989850241862101, 2.183709232977794734, -9.297048667841320224 ) ) ;
#4129 = CARTESIAN_POINT ( 'NONE',  ( 8.796570334834241223, 2.438513403071532526, -4.594978232283735586 ) ) ;
#4130 = DIRECTION ( 'NONE',  ( 0.000000000000000000, 0.000000000000000000, 1.000000000000000000 ) ) ;
#4131 = DIRECTION ( 'NONE',  ( 0.000000000000000000, 0.000000000000000000, 1.000000000000000000 ) ) ;
#4132 = EDGE_CURVE ( 'NONE', #1292, #3519, #1225, .T. ) ;
#4133 = CARTESIAN_POINT ( 'NONE',  ( 9.619363854055794860, 9.500000000000000000, -2.732734718790841733 ) ) ;
#4134 = VECTOR ( 'NONE', #7072, 1000.000000000000000 ) ;
#4135 = DIRECTION ( 'NONE',  ( 0.000000000000000000, 0.000000000000000000, 1.000000000000000000 ) ) ;
#4136 = VECTOR ( 'NONE', #1968, 1000.000000000000000 ) ;
#4137 = EDGE_LOOP ( 'NONE', ( #5536, #2603, #5396, #6763 ) ) ;
#4138 = CARTESIAN_POINT ( 'NONE',  ( -0.8470067704477863835, 2.377840714399285904, 9.883052937361805235 ) ) ;
#4139 = LINE ( 'NONE', #3515, #3639 ) ;
#4140 = CARTESIAN_POINT ( 'NONE',  ( 9.990639898665971685, 2.024441704241286999, -0.4499715962273897474 ) ) ;
#4141 = VERTEX_POINT ( 'NONE', #625 ) ;
#4142 = CARTESIAN_POINT ( 'NONE',  ( -1.156453502364807928, 2.500000000000000000, 9.932905682471176334 ) ) ;
#4143 = CARTESIAN_POINT ( 'NONE',  ( 4.470479223992320783, 10.00001200000000168, -10.79269157286916858 ) ) ;
#4144 = DIRECTION ( 'NONE',  ( -0.8511160640214272544, 0.000000000000000000, -0.5249775667251637135 ) ) ;
#4145 = VECTOR ( 'NONE', #5279, 999.9999999999998863 ) ;
#4146 = EDGE_LOOP ( 'NONE', ( #2474, #4314, #4842, #1434 ) ) ;
#4147 = CARTESIAN_POINT ( 'NONE',  ( -0.5073013465713128722, 1.829430187479147873, -9.987920442738133175 ) ) ;
#4148 = DIRECTION ( 'NONE',  ( 0.000000000000000000, -1.000000000000000000, 0.000000000000000000 ) ) ;
#4149 = CARTESIAN_POINT ( 'NONE',  ( 0.5673463196692557498, 8.000000000000000000, 2.333234819276244210 ) ) ;
#4150 = CIRCLE ( 'NONE', #7155, 0.4999999999999996114 ) ;
#4151 = CARTESIAN_POINT ( 'NONE',  ( 10.79269157286915615, 2.500000000000000444, 4.470479223992352757 ) ) ;
#4152 = CARTESIAN_POINT ( 'NONE',  ( -8.297540029607333167, 9.500000000000000000, -4.626103053009515520 ) ) ;
#4153 = DIRECTION ( 'NONE',  ( -0.000000000000000000, -1.000000000000000000, -0.000000000000000000 ) ) ;
#4154 = VERTEX_POINT ( 'NONE', #549 ) ;
#4155 = DIRECTION ( 'NONE',  ( 0.000000000000000000, 0.000000000000000000, 1.000000000000000000 ) ) ;
#4156 = DIRECTION ( 'NONE',  ( 0.000000000000000000, 0.000000000000000000, -1.000000000000000000 ) ) ;
#4157 = VECTOR ( 'NONE', #3120, 1000.000000000000000 ) ;
#4158 = EDGE_CURVE ( 'NONE', #5986, #7064, #7159, .T. ) ;
#4159 = CARTESIAN_POINT ( 'NONE',  ( 0.000000000000000000, 10.00000000000000000, 7.500000000000000000 ) ) ;
#4160 = CARTESIAN_POINT ( 'NONE',  ( -9.938496242092691446, 2.255681435097378174, -1.109995276579381018 ) ) ;
#4161 = CIRCLE ( 'NONE', #1019, 0.5000000000000000000 ) ;
#4162 = ORIENTED_EDGE ( 'NONE', *, *, #1967, .T. ) ;
#4163 = DIRECTION ( 'NONE',  ( 0.000000000000000000, -1.000000000000000000, 0.000000000000000000 ) ) ;
#4164 = EDGE_CURVE ( 'NONE', #6692, #6594, #2147, .T. ) ;
#4165 = B_SPLINE_CURVE_WITH_KNOTS ( 'NONE', 3,
 ( #1370, #2692, #5804, #419, #5967, #821, #3045, #4339, #1907, #7058, #453, #989, #489, #5264, #4924, #4306, #6038, #1947 ),
 .UNSPECIFIED., .F., .F.,
 ( 4, 2, 2, 2, 2, 2, 2, 2, 4 ),
 ( 0.000000000000000000, 0.0001297744646122138900, 0.0002595489292244277800, 0.0005190978584488561021, 0.001038195716897713072, 0.001557293575346569824, 0.001816842504570999285, 0.001946616969183212822, 0.002076391433795426577 ),
 .UNSPECIFIED. ) ;
#4166 = ORIENTED_EDGE ( 'NONE', *, *, #1995, .F. ) ;
#4167 = AXIS2_PLACEMENT_3D ( 'NONE', #5112, #3461, #2286 ) ;
#4168 = CARTESIAN_POINT ( 'NONE',  ( -1.260587625341245133, 8.000000000000000000, 2.043718524445536477 ) ) ;
#4169 = CARTESIAN_POINT ( 'NONE',  ( -9.469254843656235821, 2.456298904871081490, 2.970974231079531513 ) ) ;
#4170 = LINE ( 'NONE', #7097, #5275 ) ;
#4171 = CARTESIAN_POINT ( 'NONE',  ( -1.156453502364807484, 2.500000000000000444, 9.932905682471176334 ) ) ;
#4172 = CARTESIAN_POINT ( 'NONE',  ( -8.805704236984269073, 2.500000000000000444, 4.741424121641807155 ) ) ;
#4173 = EDGE_CURVE ( 'NONE', #3433, #875, #4258, .T. ) ;
#4174 = CARTESIAN_POINT ( 'NONE',  ( 9.851707555809905870, 2.164537838121699309, 0.4013235377315251262 ) ) ;
#4175 = EDGE_CURVE ( 'NONE', #3279, #5604, #5762, .T. ) ;
#4176 = DIRECTION ( 'NONE',  ( -0.000000000000000000, -1.000000000000000000, -0.000000000000000000 ) ) ;
#4177 = AXIS2_PLACEMENT_3D ( 'NONE', #388, #2661, #3725 ) ;
#4178 = ORIENTED_EDGE ( 'NONE', *, *, #727, .T. ) ;
#4179 = EDGE_LOOP ( 'NONE', ( #4949, #2186, #4418, #2057 ) ) ;
#4180 = CARTESIAN_POINT ( 'NONE',  ( 8.840214275616585127, 2.279592747210268389, 4.462380288428891006 ) ) ;
#4181 = CARTESIAN_POINT ( 'NONE',  ( -9.949874378253730001, 2.410376625841645915, 1.010707506680337264 ) ) ;
#4182 = CARTESIAN_POINT ( 'NONE',  ( 9.436260398347627643, 9.500000000000000000, -1.098630827246466435 ) ) ;
#4183 = AXIS2_PLACEMENT_3D ( 'NONE', #4085, #5222, #244 ) ;
#4184 = ORIENTED_EDGE ( 'NONE', *, *, #4527, .T. ) ;
#4185 = DIRECTION ( 'NONE',  ( -0.9249892435672767421, 0.000000000000000000, 0.3799932884734115168 ) ) ;
#4186 = ORIENTED_EDGE ( 'NONE', *, *, #2240, .F. ) ;
#4187 = FACE_OUTER_BOUND ( 'NONE', #2041, .T. ) ;
#4188 = CARTESIAN_POINT ( 'NONE',  ( 0.000000000000000000, 9.500000000000000000, 0.000000000000000000 ) ) ;
#4189 = DIRECTION ( 'NONE',  ( -0.000000000000000000, -1.000000000000000000, -0.000000000000000000 ) ) ;
#4190 = AXIS2_PLACEMENT_3D ( 'NONE', #5980, #5476, #3157 ) ;
#4191 = EDGE_LOOP ( 'NONE', ( #1332, #3206, #6110, #2962 ) ) ;
#4192 = DIRECTION ( 'NONE',  ( 0.3244301945785795227, 0.000000000000000000, -0.9459096409518750193 ) ) ;
#4193 = AXIS2_PLACEMENT_3D ( 'NONE', #2949, #198, #4155 ) ;
#4194 = DIRECTION ( 'NONE',  ( 0.000000000000000000, 0.000000000000000000, 1.000000000000000000 ) ) ;
#4195 = CARTESIAN_POINT ( 'NONE',  ( -7.449293024680273767, 10.00001200000000168, -5.895594408747079740 ) ) ;
#4196 = DIRECTION ( 'NONE',  ( -0.1156453502364806762, 0.000000000000000000, -0.9932905682471175890 ) ) ;
#4197 = CIRCLE ( 'NONE', #2911, 0.5000000000000004441 ) ;
#4198 = CIRCLE ( 'NONE', #5699, 0.5000000000000004441 ) ;
#4199 = DIRECTION ( 'NONE',  ( -1.000000000000000000, 3.469446951953611033E-15, 0.000000000000000000 ) ) ;
#4200 = CARTESIAN_POINT ( 'NONE',  ( -3.306919296390194329, 2.048945620300625325, 9.438170773037304784 ) ) ;
#4201 = EDGE_CURVE ( 'NONE', #85, #5316, #483, .T. ) ;
#4202 = EDGE_LOOP ( 'NONE', ( #2452, #1662, #1396, #6273 ) ) ;
#4203 = ORIENTED_EDGE ( 'NONE', *, *, #1825, .F. ) ;
#4204 = CARTESIAN_POINT ( 'NONE',  ( -4.579874499418467693, 2.414533010808959990, 8.801569444818252208 ) ) ;
#4205 = DIRECTION ( 'NONE',  ( 0.000000000000000000, 1.000000000000000000, 0.000000000000000000 ) ) ;
#4206 = CARTESIAN_POINT ( 'NONE',  ( 4.230707568575009070, 2.183694385698093487, 8.917333680704919274 ) ) ;
#4207 =( GEOMETRIC_REPRESENTATION_CONTEXT ( 3 ) GLOBAL_UNCERTAINTY_ASSIGNED_CONTEXT ( ( #2808 ) ) GLOBAL_UNIT_ASSIGNED_CONTEXT ( ( #4008, #676, #568 ) ) REPRESENTATION_CONTEXT ( 'NONE', 'WORKASPACE' ) );
#4208 = SPHERICAL_SURFACE ( 'NONE', #2067, 0.5000000000000000000 ) ;
#4209 = DIRECTION ( 'NONE',  ( -0.1156453502364819669, 0.000000000000000000, 0.9932905682471174780 ) ) ;
#4210 = FACE_OUTER_BOUND ( 'NONE', #3579, .T. ) ;
#4211 = ADVANCED_FACE ( 'NONE', ( #2759 ), #2133, .T. ) ;
#4212 = CARTESIAN_POINT ( 'NONE',  ( -9.619363854055777097, 9.500000000000000000, 2.732734718790907902 ) ) ;
#4213 = CARTESIAN_POINT ( 'NONE',  ( 0.2270269566659208482, 1.992695579455266319, 9.998077438046244936 ) ) ;
#4214 = LINE ( 'NONE', #2666, #2310 ) ;
#4215 = CARTESIAN_POINT ( 'NONE',  ( 9.885393354405099586, 2.500000000000000444, 0.8789046617973564901 ) ) ;
#4216 = ADVANCED_FACE ( 'NONE', ( #2276 ), #45, .T. ) ;
#4217 = DIRECTION ( 'NONE',  ( 1.734723475976806700E-15, 0.000000000000000000, 1.000000000000000000 ) ) ;
#4218 = CARTESIAN_POINT ( 'NONE',  ( -9.938409227484180875, 2.257089604130833926, 1.110773098972678286 ) ) ;
#4219 = CARTESIAN_POINT ( 'NONE',  ( -9.332649232411208473, 1.779361857681297066, -3.594033116304607756 ) ) ;
#4220 = EDGE_LOOP ( 'NONE', ( #5214, #6249, #3063, #4756 ) ) ;
#4221 = TOROIDAL_SURFACE ( 'NONE', #5269, 2.500000000000000000, 0.5000000000000000000 ) ;
#4222 = PLANE ( 'NONE',  #364 ) ;
#4223 = EDGE_CURVE ( 'NONE', #6135, #2545, #4611, .T. ) ;
#4224 = VERTEX_POINT ( 'NONE', #730 ) ;
#4225 = CARTESIAN_POINT ( 'NONE',  ( 9.932905682471163900, 9.500000000000000000, 1.156453502364911179 ) ) ;
#4226 = AXIS2_PLACEMENT_3D ( 'NONE', #2932, #5123, #4578 ) ;
#4227 = CARTESIAN_POINT ( 'NONE',  ( 3.943572702702347943, 1.768515498480387249, -9.190454985892341000 ) ) ;
#4228 = TOROIDAL_SURFACE ( 'NONE', #5155, 1.500000000000000000, 0.5000000000000000000 ) ;
#4229 = EDGE_LOOP ( 'NONE', ( #4736, #6741, #189, #4435 ) ) ;
#4230 = DIRECTION ( 'NONE',  ( 0.000000000000000000, -1.000000000000000000, 0.000000000000000000 ) ) ;
#4231 = CARTESIAN_POINT ( 'NONE',  ( 0.000000000000000000, 9.500000000000000000, 0.000000000000000000 ) ) ;
#4232 = DIRECTION ( 'NONE',  ( 0.000000000000000000, 0.000000000000000000, 1.000000000000000000 ) ) ;
#4233 = DIRECTION ( 'NONE',  ( 0.000000000000000000, 1.000000000000000000, -0.000000000000000000 ) ) ;
#4234 = CARTESIAN_POINT ( 'NONE',  ( -2.548403532281083628, 8.000000000000000000, 1.851523544721290992 ) ) ;
#4235 = AXIS2_PLACEMENT_3D ( 'NONE', #4292, #5955, #6489 ) ;
#4236 = EDGE_LOOP ( 'NONE', ( #424, #1067, #357 ) ) ;
#4237 = CARTESIAN_POINT ( 'NONE',  ( 7.160346141787877983, 1.768638744481567882, 6.981771384884059017 ) ) ;
#4238 = FACE_OUTER_BOUND ( 'NONE', #4941, .T. ) ;
#4239 = ADVANCED_FACE ( 'NONE', ( #6828 ), #6564, .F. ) ;
#4240 = DIRECTION ( 'NONE',  ( 0.3799932884734122385, 0.000000000000000000, 0.9249892435672764091 ) ) ;
#4241 = VECTOR ( 'NONE', #2401, 1000.000000000000000 ) ;
#4242 = ORIENTED_EDGE ( 'NONE', *, *, #4509, .F. ) ;
#4243 = DIRECTION ( 'NONE',  ( 0.07555769727474787034, 0.000000000000000000, -0.9971414314842892423 ) ) ;
#4244 = FACE_OUTER_BOUND ( 'NONE', #2670, .T. ) ;
#4245 = PLANE ( 'NONE',  #1045 ) ;
#4246 = ADVANCED_FACE ( 'NONE', ( #6207 ), #6680, .T. ) ;
#4247 = CARTESIAN_POINT ( 'NONE',  ( 9.980840368339196189, 1.867418461490395032, 0.6290186756684130742 ) ) ;
#4248 = VERTEX_POINT ( 'NONE', #3923 ) ;
#4249 = CIRCLE ( 'NONE', #1460, 0.5000000000000000000 ) ;
#4250 = AXIS2_PLACEMENT_3D ( 'NONE', #5788, #6290, #1315 ) ;
#4251 = CARTESIAN_POINT ( 'NONE',  ( 8.796570338259673605, 2.500000000000000444, 4.594978287206126666 ) ) ;
#4252 = CARTESIAN_POINT ( 'NONE',  ( -9.965382407647414453, 2.181049877636648482, -0.8419640990703046723 ) ) ;
#4253 = DIRECTION ( 'NONE',  ( -0.9249892435672758539, 0.000000000000000000, -0.3799932884734135152 ) ) ;
#4254 = ORIENTED_EDGE ( 'NONE', *, *, #1871, .T. ) ;
#4255 = ADVANCED_FACE ( 'NONE', ( #1738 ), #3349, .T. ) ;
#4256 = CARTESIAN_POINT ( 'NONE',  ( -7.611508121969555951, 9.500000000000000000, -6.368549229223018138 ) ) ;
#4257 = FACE_OUTER_BOUND ( 'NONE', #2274, .T. ) ;
#4258 = CIRCLE ( 'NONE', #6213, 2.000000000000000000 ) ;
#4259 = CARTESIAN_POINT ( 'NONE',  ( 2.922977707959103277, 2.059838893144204430, -9.563576536480388413 ) ) ;
#4260 = ORIENTED_EDGE ( 'NONE', *, *, #4383, .F. ) ;
#4261 = CARTESIAN_POINT ( 'NONE',  ( -4.057814370325372622, 1.779361857681295289, -9.140544747021408512 ) ) ;
#4262 = CARTESIAN_POINT ( 'NONE',  ( 7.536785282756113702, 2.314916786199594512, -6.432881416101436933 ) ) ;
#4263 = EDGE_CURVE ( 'NONE', #3297, #4041, #4013, .T. ) ;
#4264 = EDGE_CURVE ( 'NONE', #1167, #3078, #3678, .T. ) ;
#4265 = AXIS2_PLACEMENT_3D ( 'NONE', #644, #2857, #2367 ) ;
#4266 = CARTESIAN_POINT ( 'NONE',  ( 7.321179991123981878, 2.183694385698120577, 6.619520378501557722 ) ) ;
#4267 = CARTESIAN_POINT ( 'NONE',  ( -8.806614869402675794, 2.377840714399293898, -4.564612839430695956 ) ) ;
#4268 = CARTESIAN_POINT ( 'NONE',  ( -3.616353032451486538, 1.992695579455398880, 9.323898564490038510 ) ) ;
#4269 = AXIS2_PLACEMENT_3D ( 'NONE', #3694, #5909, #1946 ) ;
#4270 = ORIENTED_EDGE ( 'NONE', *, *, #2079, .F. ) ;
#4271 = CARTESIAN_POINT ( 'NONE',  ( -4.322187234833069880, 2.212953969771219498, 8.886370973163133513 ) ) ;
#4272 = FACE_OUTER_BOUND ( 'NONE', #5421, .T. ) ;
#4273 = CARTESIAN_POINT ( 'NONE',  ( -0.5673463196692578592, 0.000000000000000000, -2.333234819276244210 ) ) ;
#4274 = DIRECTION ( 'NONE',  ( 0.000000000000000000, -1.000000000000000000, 0.000000000000000000 ) ) ;
#4275 = DIRECTION ( 'NONE',  ( 0.000000000000000000, 1.000000000000000000, 0.000000000000000000 ) ) ;
#4276 = B_SPLINE_CURVE_WITH_KNOTS ( 'NONE', 3,
 ( #5401, #1600, #4862, #3219, #457, #4898, #7103, #3792, #2180, #1030, #3252, #4416, #1638, #3150, #2047, #5470, #1601, #5368 ),
 .UNSPECIFIED., .F., .F.,
 ( 4, 2, 2, 2, 2, 2, 2, 2, 4 ),
 ( 0.000000000000000000, 0.0003765522689820470265, 0.0007531045379640940530, 0.001129656806946141134, 0.001506209075928188106, 0.001882761344910235078, 0.002259313613892282267, 0.002635865882874329023, 0.003012418151856376212 ),
 .UNSPECIFIED. ) ;
#4277 = CIRCLE ( 'NONE', #5662, 0.4999999999999997224 ) ;
#4278 = ORIENTED_EDGE ( 'NONE', *, *, #6534, .T. ) ;
#4279 = CARTESIAN_POINT ( 'NONE',  ( -9.157329489925302823, 2.134286657244865104, 3.607922989077443798 ) ) ;
#4280 = VERTEX_POINT ( 'NONE', #84 ) ;
#4281 = CARTESIAN_POINT ( 'NONE',  ( 1.156453502364804375, 9.500000000000000000, 9.932905682471176334 ) ) ;
#4282 = CARTESIAN_POINT ( 'NONE',  ( 10.79269157286925029, 9.500000000000000000, -4.470479223992127160 ) ) ;
#4283 = TOROIDAL_SURFACE ( 'NONE', #4167, 1.500000000000000000, 0.5000000000000000000 ) ;
#4284 = FACE_OUTER_BOUND ( 'NONE', #5571, .T. ) ;
#4285 = DIRECTION ( 'NONE',  ( -0.07555769727474789810, 0.000000000000000000, 0.9971414314842893534 ) ) ;
#4286 = VERTEX_POINT ( 'NONE', #1199 ) ;
#4287 = CARTESIAN_POINT ( 'NONE',  ( 9.949874371066192325, 2.500000000000000444, 1.010707579139346057 ) ) ;
#4288 = ORIENTED_EDGE ( 'NONE', *, *, #6964, .T. ) ;
#4289 = VERTEX_POINT ( 'NONE', #5673 ) ;
#4290 = CARTESIAN_POINT ( 'NONE',  ( 8.805704254426775179, 2.409665417632324669, 4.741424089089188776 ) ) ;
#4291 = EDGE_CURVE ( 'NONE', #445, #4482, #2268, .T. ) ;
#4292 = CARTESIAN_POINT ( 'NONE',  ( -8.260368511126690905, 2.500000000000000444, -8.260368511126776170 ) ) ;
#4293 = VERTEX_POINT ( 'NONE', #121 ) ;
#4294 = AXIS2_PLACEMENT_3D ( 'NONE', #5288, #810, #5254 ) ;
#4295 = CARTESIAN_POINT ( 'NONE',  ( 6.459234499842968269, 2.279919447647795749, -7.506146992170140919 ) ) ;
#4296 = EDGE_CURVE ( 'NONE', #5168, #5143, #593, .T. ) ;
#4297 = FACE_OUTER_BOUND ( 'NONE', #5026, .T. ) ;
#4298 = ORIENTED_EDGE ( 'NONE', *, *, #3409, .T. ) ;
#4299 = CARTESIAN_POINT ( 'NONE',  ( -3.943489008538239027, 1.768638744481567215, -9.190461521628852992 ) ) ;
#4300 = CARTESIAN_POINT ( 'NONE',  ( -11.68192517863507618, 2.500000000000000444, -4.083818128530453922E-14 ) ) ;
#4301 = FACE_OUTER_BOUND ( 'NONE', #4680, .T. ) ;
#4302 = AXIS2_PLACEMENT_3D ( 'NONE', #6481, #2089, #4903 ) ;
#4303 = CARTESIAN_POINT ( 'NONE',  ( -9.501796650728076443, 2.127336489724566349, -3.120200068441883801 ) ) ;
#4304 = DIRECTION ( 'NONE',  ( 0.000000000000000000, 1.000000000000000000, 0.000000000000000000 ) ) ;
#4305 = EDGE_CURVE ( 'NONE', #6656, #3720, #7151, .T. ) ;
#4306 = CARTESIAN_POINT ( 'NONE',  ( 7.599145027578435574, 2.413741176464118343, 6.379225400237444887 ) ) ;
#4307 = EDGE_CURVE ( 'NONE', #6692, #4943, #7035, .T. ) ;
#4308 = CIRCLE ( 'NONE', #6387, 0.4999999999999992784 ) ;
#4309 = EDGE_LOOP ( 'NONE', ( #5524, #2226, #1974, #7170 ) ) ;
#4310 = CARTESIAN_POINT ( 'NONE',  ( 4.470479223992089857, 9.500000000000000000, 8.792691572869266281 ) ) ;
#4311 = CARTESIAN_POINT ( 'NONE',  ( 6.367596717411027285, 2.051189550670911910, 7.711024474176586097 ) ) ;
#4312 = CYLINDRICAL_SURFACE ( 'NONE', #3039, 0.5000000000000004441 ) ;
#4313 = VECTOR ( 'NONE', #4459, 1000.000000000000000 ) ;
#4314 = ORIENTED_EDGE ( 'NONE', *, *, #1572, .F. ) ;
#4315 = ADVANCED_FACE ( 'NONE', ( #2315 ), #157, .T. ) ;
#4316 = VERTEX_POINT ( 'NONE', #4591 ) ;
#4317 = CARTESIAN_POINT ( 'NONE',  ( 0.9734035322810951074, 8.000000000000000000, -2.995828026329730776 ) ) ;
#4318 = AXIS2_PLACEMENT_3D ( 'NONE', #1326, #3544, #6339 ) ;
#4319 = CARTESIAN_POINT ( 'NONE',  ( -9.938803551105728218, 2.249819565270343436, 1.107426840495089992 ) ) ;
#4320 = CARTESIAN_POINT ( 'NONE',  ( -1.156453502364808594, 2.371766070001682269, -9.932905682471176334 ) ) ;
#4321 = VERTEX_POINT ( 'NONE', #5637 ) ;
#4322 = LINE ( 'NONE', #293, #5252 ) ;
#4323 = CARTESIAN_POINT ( 'NONE',  ( 0.000000000000000000, 10.00000000000000000, 0.000000000000000000 ) ) ;
#4324 = CARTESIAN_POINT ( 'NONE',  ( -9.436260398347618761, 9.500000000000000000, 1.098630827246531272 ) ) ;
#4325 = VERTEX_POINT ( 'NONE', #663 ) ;
#4326 = ADVANCED_FACE ( 'NONE', ( #5104 ), #6792, .T. ) ;
#4327 = EDGE_LOOP ( 'NONE', ( #2636, #3799, #4955, #3953 ) ) ;
#4328 = CARTESIAN_POINT ( 'NONE',  ( 7.641948001532928636, 2.181049877636672019, -6.451230953596390094 ) ) ;
#4329 = DIRECTION ( 'NONE',  ( 0.000000000000000000, 0.000000000000000000, 1.000000000000000000 ) ) ;
#4330 = ORIENTED_EDGE ( 'NONE', *, *, #172, .T. ) ;
#4331 = FACE_OUTER_BOUND ( 'NONE', #4084, .T. ) ;
#4332 = CARTESIAN_POINT ( 'NONE',  ( 7.206383511017126153, 2.147145517465060660, -6.720854740644878866 ) ) ;
#4333 = EDGE_CURVE ( 'NONE', #5120, #6506, #3995, .T. ) ;
#4334 = CARTESIAN_POINT ( 'NONE',  ( -6.981771384883984410, 1.768638744481565883, 7.160346141787954366 ) ) ;
#4335 = DIRECTION ( 'NONE',  ( 0.000000000000000000, 0.000000000000000000, 1.000000000000000000 ) ) ;
#4336 = AXIS2_PLACEMENT_3D ( 'NONE', #1188, #5452, #7121 ) ;
#4337 = CARTESIAN_POINT ( 'NONE',  ( -8.796570338259703803, 2.500000000000000444, -4.594978287206066270 ) ) ;
#4338 = FACE_OUTER_BOUND ( 'NONE', #3795, .T. ) ;
#4339 = CARTESIAN_POINT ( 'NONE',  ( 6.720854740644856662, 2.147145517465060216, 7.206383511017152799 ) ) ;
#4340 = ORIENTED_EDGE ( 'NONE', *, *, #3093, .F. ) ;
#4341 = CARTESIAN_POINT ( 'NONE',  ( 3.150000000000003908, 0.000000000000000000, -2.818925648462311528E-15 ) ) ;
#4342 = CYLINDRICAL_SURFACE ( 'NONE', #2848, 0.5000000000000004441 ) ;
#4343 = CARTESIAN_POINT ( 'NONE',  ( -8.297540029607365142, 10.00001200000000168, 4.626103053009458677 ) ) ;
#4344 = VECTOR ( 'NONE', #3245, 1000.000000000000000 ) ;
#4345 = ADVANCED_FACE ( 'NONE', ( #3495 ), #2246, .T. ) ;
#4346 = AXIS2_PLACEMENT_3D ( 'NONE', #1811, #4633, #2464 ) ;
#4347 = ORIENTED_EDGE ( 'NONE', *, *, #4393, .T. ) ;
#4348 = DIRECTION ( 'NONE',  ( 0.000000000000000000, 0.000000000000000000, 1.000000000000000000 ) ) ;
#4349 = CARTESIAN_POINT ( 'NONE',  ( 0.000000000000000000, -4.000000000000000000, 0.000000000000000000 ) ) ;
#4350 = CARTESIAN_POINT ( 'NONE',  ( -0.8453666450343803040, 1.975660126345932577, -9.964848877562468843 ) ) ;
#4351 = ORIENTED_EDGE ( 'NONE', *, *, #5677, .F. ) ;
#4352 = AXIS2_PLACEMENT_3D ( 'NONE', #1469, #5327, #3690 ) ;
#4353 = AXIS2_PLACEMENT_3D ( 'NONE', #546, #4985, #1050 ) ;
#4354 = EDGE_CURVE ( 'NONE', #2340, #6124, #5032, .T. ) ;
#4355 = CARTESIAN_POINT ( 'NONE',  ( 4.534137613851616067, 2.345671956248445156, -8.816634759126745990 ) ) ;
#4356 = VERTEX_POINT ( 'NONE', #6942 ) ;
#4357 = DIRECTION ( 'NONE',  ( -0.7497524964563451189, 0.000000000000000000, 0.6617183646064827007 ) ) ;
#4358 = AXIS2_PLACEMENT_3D ( 'NONE', #3282, #5608, #5539 ) ;
#4359 = DIRECTION ( 'NONE',  ( -0.000000000000000000, 1.000000000000000000, -0.000000000000000000 ) ) ;
#4360 = ORIENTED_EDGE ( 'NONE', *, *, #2770, .F. ) ;
#4361 = ORIENTED_EDGE ( 'NONE', *, *, #4354, .F. ) ;
#4362 = FACE_OUTER_BOUND ( 'NONE', #3540, .T. ) ;
#4363 = CARTESIAN_POINT ( 'NONE',  ( 7.420172320006870770, 1.829075679051541448, -6.704975473565739641 ) ) ;
#4364 = CYLINDRICAL_SURFACE ( 'NONE', #1661, 0.5000000000000000000 ) ;
#4365 = ORIENTED_EDGE ( 'NONE', *, *, #3235, .T. ) ;
#4366 = FACE_OUTER_BOUND ( 'NONE', #5466, .T. ) ;
#4367 = CARTESIAN_POINT ( 'NONE',  ( 4.594978287206101797, 2.500000000000000444, -8.796570338259684263 ) ) ;
#4368 = CARTESIAN_POINT ( 'NONE',  ( 7.449240532993913533, 2.241156341101763871, 6.508004840427759063 ) ) ;
#4369 = DIRECTION ( 'NONE',  ( -1.000000000000000000, 0.000000000000000000, 0.000000000000000000 ) ) ;
#4370 = AXIS2_PLACEMENT_3D ( 'NONE', #3744, #2605, #4400 ) ;
#4371 = CARTESIAN_POINT ( 'NONE',  ( -9.455131112420824380, 2.378544800989006891, -2.999062447596747560 ) ) ;
#4372 = SPHERICAL_SURFACE ( 'NONE', #5652, 0.5000000000000000000 ) ;
#4373 = CARTESIAN_POINT ( 'NONE',  ( 9.436260398347604550, 9.500000000000000000, 1.098630827246665165 ) ) ;
#4374 = EDGE_LOOP ( 'NONE', ( #3504, #2638, #2716, #3670 ) ) ;
#4375 = EDGE_CURVE ( 'NONE', #65, #5986, #4821, .T. ) ;
#4376 = DIRECTION ( 'NONE',  ( -0.9971414314842893534, 0.000000000000000000, 0.07555769727474682951 ) ) ;
#4377 = DIRECTION ( 'NONE',  ( -3.469446951953614189E-15, 0.000000000000000000, 1.000000000000000000 ) ) ;
#4378 = AXIS2_PLACEMENT_3D ( 'NONE', #5457, #3813, #5061 ) ;
#4379 = LINE ( 'NONE', #956, #5561 ) ;
#4380 = AXIS2_PLACEMENT_3D ( 'NONE', #4388, #5551, #2746 ) ;
#4381 = EDGE_LOOP ( 'NONE', ( #2382, #4780, #1298, #1673 ) ) ;
#4382 = CARTESIAN_POINT ( 'NONE',  ( 7.841361078610904478, 2.500000000000000000, -6.205888851312601595 ) ) ;
#4383 = EDGE_CURVE ( 'NONE', #6940, #5120, #323, .T. ) ;
#4384 = DIRECTION ( 'NONE',  ( 0.000000000000000000, 0.000000000000000000, 1.000000000000000000 ) ) ;
#4385 = ORIENTED_EDGE ( 'NONE', *, *, #1669, .T. ) ;
#4386 = VECTOR ( 'NONE', #2136, 1000.000000000000114 ) ;
#4387 = DIRECTION ( 'NONE',  ( 0.000000000000000000, -1.000000000000000000, 0.000000000000000000 ) ) ;
#4388 = CARTESIAN_POINT ( 'NONE',  ( -4.470479223992169793, 2.500000000000000444, -9.292691572869232530 ) ) ;
#4389 = CARTESIAN_POINT ( 'NONE',  ( 0.000000000000000000, 9.500000000000000000, 0.000000000000000000 ) ) ;
#4390 = VECTOR ( 'NONE', #2945, 1000.000000000000000 ) ;
#4391 = ADVANCED_FACE ( 'NONE', ( #1387 ), #4782, .T. ) ;
#4392 = CARTESIAN_POINT ( 'NONE',  ( 2.596097982851460539, 2.500000000000000444, -9.138395661352959110 ) ) ;
#4393 = EDGE_CURVE ( 'NONE', #496, #6897, #3567, .T. ) ;
#4394 = ORIENTED_EDGE ( 'NONE', *, *, #3889, .F. ) ;
#4395 = VECTOR ( 'NONE', #2517, 999.9999999999998863 ) ;
#4396 = AXIS2_PLACEMENT_3D ( 'NONE', #1854, #3105, #5865 ) ;
#4397 = ORIENTED_EDGE ( 'NONE', *, *, #5750, .F. ) ;
#4398 = ORIENTED_EDGE ( 'NONE', *, *, #5497, .T. ) ;
#4399 = CARTESIAN_POINT ( 'NONE',  ( -9.469254843656232268, 2.500000000000000444, 2.970974231079533734 ) ) ;
#4400 = DIRECTION ( 'NONE',  ( 0.000000000000000000, 0.000000000000000000, 1.000000000000000000 ) ) ;
#4401 = CARTESIAN_POINT ( 'NONE',  ( 7.841361078610772140, 10.00000000000000000, 6.205888851312770349 ) ) ;
#4402 = CIRCLE ( 'NONE', #5336, 0.5000000000000004441 ) ;
#4403 = ORIENTED_EDGE ( 'NONE', *, *, #3706, .F. ) ;
#4404 = DIRECTION ( 'NONE',  ( -0.000000000000000000, -1.000000000000000000, -0.000000000000000000 ) ) ;
#4405 = DIRECTION ( 'NONE',  ( 0.000000000000000000, 1.000000000000000000, 0.000000000000000000 ) ) ;
#4406 = CARTESIAN_POINT ( 'NONE',  ( 6.619553888663384456, 2.183709232977822268, 7.321143966266244085 ) ) ;
#4407 = AXIS2_PLACEMENT_3D ( 'NONE', #6614, #6071, #5607 ) ;
#4408 = CARTESIAN_POINT ( 'NONE',  ( -8.917350853941403699, 2.183709232977762760, -4.230661462162497166 ) ) ;
#4409 = CARTESIAN_POINT ( 'NONE',  ( -1.098630827246567909, 9.500000000000000000, 9.436260398347616984 ) ) ;
#4410 = ORIENTED_EDGE ( 'NONE', *, *, #3942, .T. ) ;
#4411 = CARTESIAN_POINT ( 'NONE',  ( -6.368549229222938202, 2.500000000000000444, -7.611508121969623453 ) ) ;
#4412 = ORIENTED_EDGE ( 'NONE', *, *, #4910, .F. ) ;
#4413 = FACE_OUTER_BOUND ( 'NONE', #5734, .T. ) ;
#4414 = DIRECTION ( 'NONE',  ( 0.000000000000000000, 1.000000000000000000, 0.000000000000000000 ) ) ;
#4415 = CARTESIAN_POINT ( 'NONE',  ( 2.548403532281087180, 8.000000000000000000, -1.851523544721291881 ) ) ;
#4416 = CARTESIAN_POINT ( 'NONE',  ( 3.362573923337114579, 1.827040335878404642, 9.418508755680752742 ) ) ;
#4417 = EDGE_CURVE ( 'NONE', #4997, #5334, #82, .T. ) ;
#4418 = ORIENTED_EDGE ( 'NONE', *, *, #2509, .T. ) ;
#4419 = ORIENTED_EDGE ( 'NONE', *, *, #2196, .T. ) ;
#4420 = CYLINDRICAL_SURFACE ( 'NONE', #6485, 0.4999999999999995559 ) ;
#4421 = AXIS2_PLACEMENT_3D ( 'NONE', #6394, #1346, #1881 ) ;
#4422 = CARTESIAN_POINT ( 'NONE',  ( 1.098630827246563912, 9.500000000000000000, 9.436260398347616984 ) ) ;
#4423 = DIRECTION ( 'NONE',  ( 0.000000000000000000, -1.000000000000000000, 0.000000000000000000 ) ) ;
#4424 = AXIS2_PLACEMENT_3D ( 'NONE', #1134, #6138, #2806 ) ;
#4425 = EDGE_LOOP ( 'NONE', ( #77, #936, #174, #6174 ) ) ;
#4426 = CARTESIAN_POINT ( 'NONE',  ( -4.470479223992169793, 9.500000000000000000, -8.792691572869230754 ) ) ;
#4427 = EDGE_CURVE ( 'NONE', #884, #4672, #1925, .T. ) ;
#4428 = DIRECTION ( 'NONE',  ( 0.000000000000000000, 0.000000000000000000, 1.000000000000000000 ) ) ;
#4429 = CIRCLE ( 'NONE', #937, 2.000000000000000000 ) ;
#4430 = DIRECTION ( 'NONE',  ( -0.8734252662744507179, 0.000000000000000000, -0.4869582161062741554 ) ) ;
#4431 = VERTEX_POINT ( 'NONE', #6904 ) ;
#4432 = DIRECTION ( 'NONE',  ( 0.000000000000000000, 0.000000000000000000, 1.000000000000000000 ) ) ;
#4433 = EDGE_CURVE ( 'NONE', #1127, #4325, #200, .T. ) ;
#4434 = ORIENTED_EDGE ( 'NONE', *, *, #266, .F. ) ;
#4435 = ORIENTED_EDGE ( 'NONE', *, *, #3930, .F. ) ;
#4436 = B_SPLINE_CURVE_WITH_KNOTS ( 'NONE', 3,
 ( #6555, #465, #3903, #4355, #2123, #5047 ),
 .UNSPECIFIED., .F., .F.,
 ( 4, 2, 4 ),
 ( 0.000000000000000000, 0.0001279078878413849587, 0.0002558157756827699175 ),
 .UNSPECIFIED. ) ;
#4437 = CARTESIAN_POINT ( 'NONE',  ( 0.5673463196692557498, 8.000000000000000000, 2.333234819276244210 ) ) ;
#4438 = DIRECTION ( 'NONE',  ( -0.7622926637108773384, 0.000000000000000000, 0.6472324890273781772 ) ) ;
#4439 = CARTESIAN_POINT ( 'NONE',  ( -1.260587625341237805, 0.000000000000000000, -2.043718524445534701 ) ) ;
#4440 = ORIENTED_EDGE ( 'NONE', *, *, #258, .F. ) ;
#4441 = DIRECTION ( 'NONE',  ( 0.7622926637108760062, 0.000000000000000000, 0.6472324890273797315 ) ) ;
#4442 = DIRECTION ( 'NONE',  ( -0.000000000000000000, -1.000000000000000000, -0.000000000000000000 ) ) ;
#4443 = CARTESIAN_POINT ( 'NONE',  ( -8.297540029607363365, 10.00000000000000000, 4.626103053009460453 ) ) ;
#4444 = EDGE_CURVE ( 'NONE', #5661, #6780, #1002, .T. ) ;
#4445 = VERTEX_POINT ( 'NONE', #3606 ) ;
#4446 = PLANE ( 'NONE',  #3118 ) ;
#4447 = LINE ( 'NONE', #2764, #1810 ) ;
#4448 = ORIENTED_EDGE ( 'NONE', *, *, #297, .F. ) ;
#4449 = CARTESIAN_POINT ( 'NONE',  ( -7.161872897185519449, 1.768641139222009162, -6.980243915062850135 ) ) ;
#4450 = VERTEX_POINT ( 'NONE', #5822 ) ;
#4451 = DIRECTION ( 'NONE',  ( 0.000000000000000000, 1.000000000000000000, -0.000000000000000000 ) ) ;
#4452 = CARTESIAN_POINT ( 'NONE',  ( -2.970974231079499983, 9.500000000000000000, -9.469254843656241150 ) ) ;
#4453 = DIRECTION ( 'NONE',  ( -0.000000000000000000, -1.000000000000000000, -0.000000000000000000 ) ) ;
#4454 = AXIS2_PLACEMENT_3D ( 'NONE', #5731, #1334, #5125 ) ;
#4455 = CARTESIAN_POINT ( 'NONE',  ( -0.5673463196692578592, 8.000000000000000000, -2.333234819276244210 ) ) ;
#4456 = ORIENTED_EDGE ( 'NONE', *, *, #492, .F. ) ;
#4457 = DIRECTION ( 'NONE',  ( -1.000000000000000000, -1.734723475976807094E-15, 0.000000000000000000 ) ) ;
#4458 = CIRCLE ( 'NONE', #1317, 0.5000000000000001110 ) ;
#4459 = DIRECTION ( 'NONE',  ( 0.000000000000000000, -1.000000000000000000, 0.000000000000000000 ) ) ;
#4460 =( BOUNDED_SURFACE ( )  B_SPLINE_SURFACE ( 3, 2, ( 
 ( #3755, #3786, #6003 ),
 ( #1024, #631, #5639 ),
 ( #6102, #1165, #5570 ),
 ( #5605, #16, #3854 ),
 ( #4956, #1096, #665 ),
 ( #2282, #6136, #6069 ),
 ( #3314, #5107, #7164 ),
 ( #2210, #54, #6650 ),
 ( #86, #1776, #4449 ),
 ( #1201, #4559, #3386 ),
 ( #2841, #4998, #2317 ),
 ( #2174, #6611, #5069 ),
 ( #2248, #2767, #4522 ),
 ( #3351, #596, #123 ),
 ( #1234, #6719, #3997 ),
 ( #1700, #3456, #6757 ),
 ( #3891, #1665, #6209 ),
 ( #4411, #2875, #1633 ) ),
 .UNSPECIFIED., .F., .F., .T. ) 
 B_SPLINE_SURFACE_WITH_KNOTS ( ( 4, 2, 2, 2, 2, 2, 2, 2, 4 ),
 ( 3, 3 ),
 ( 3.523657060577889411E-19, 0.0003645422052340783017, 0.0007290844104681562781, 0.001093626615702234309, 0.001458168820936312123, 0.001822711026170389936, 0.002187253231404467750, 0.002551795436638545564, 0.002916337641872623811 ),
 ( 0.000000000000000000, 1.000000000000000000 ),
 .UNSPECIFIED. ) 
 GEOMETRIC_REPRESENTATION_ITEM ( )  RATIONAL_B_SPLINE_SURFACE ( (
 ( 1.000000000000000000, 0.9595359398070244517, 1.000000000000000000),
 ( 1.000000000000000000, 0.9595833763009968820, 1.000000000000000000),
 ( 1.000000000000000000, 0.9570685609627010981, 1.000000000000000000),
 ( 1.000000000000000000, 0.9488880332095098735, 1.000000000000000000),
 ( 1.000000000000000000, 0.9432547151588477341, 1.000000000000000000),
 ( 1.000000000000000000, 0.9321826025349351230, 1.000000000000000000),
 ( 1.000000000000000000, 0.9268523530654970699, 1.000000000000000000),
 ( 1.000000000000000000, 0.9192073681285084508, 1.000000000000000000),
 ( 1.000000000000000000, 0.9170514797510969096, 1.000000000000000000),
 ( 1.000000000000000000, 0.9170288608893721882, 1.000000000000000000),
 ( 1.000000000000000000, 0.9192260099103763960, 1.000000000000000000),
 ( 1.000000000000000000, 0.9267996068665982357, 1.000000000000000000),
 ( 1.000000000000000000, 0.9321812854749748078, 1.000000000000000000),
 ( 1.000000000000000000, 0.9432160661325764694, 1.000000000000000000),
 ( 1.000000000000000000, 0.9488445939139859009, 1.000000000000000000),
 ( 1.000000000000000000, 0.9570263305979179735, 1.000000000000000000),
 ( 1.000000000000000000, 0.9595878455022989195, 1.000000000000000000),
 ( 1.000000000000000000, 0.9595359398070241186, 1.000000000000000000) ) ) 
 REPRESENTATION_ITEM ( '' )  SURFACE ( )  );
#4461 = EDGE_LOOP ( 'NONE', ( #5848, #4260, #3654, #7112 ) ) ;
#4462 = CARTESIAN_POINT ( 'NONE',  ( -7.449293024680272879, 9.500000000000000000, -5.895594408747077964 ) ) ;
#4463 = DIRECTION ( 'NONE',  ( 0.000000000000000000, 1.000000000000000000, 0.000000000000000000 ) ) ;
#4464 = CARTESIAN_POINT ( 'NONE',  ( -7.393847267223404351, 2.212953969771217722, 6.555906814057321341 ) ) ;
#4465 = VERTEX_POINT ( 'NONE', #4225 ) ;
#4466 = DIRECTION ( 'NONE',  ( 0.000000000000000000, 0.000000000000000000, 1.000000000000000000 ) ) ;
#4467 = CIRCLE ( 'NONE', #4235, 2.000000000000000000 ) ;
#4468 = ADVANCED_FACE ( 'NONE', ( #4814 ), #5190, .T. ) ;
#4469 = AXIS2_PLACEMENT_3D ( 'NONE', #3269, #2200, #4549 ) ;
#4470 = ORIENTED_EDGE ( 'NONE', *, *, #3159, .F. ) ;
#4471 = ORIENTED_EDGE ( 'NONE', *, *, #4895, .F. ) ;
#4472 = ORIENTED_EDGE ( 'NONE', *, *, #5151, .F. ) ;
#4473 = CARTESIAN_POINT ( 'NONE',  ( -9.454885785705632983, 2.377840714399238831, 2.999548401200231140 ) ) ;
#4474 = DIRECTION ( 'NONE',  ( -0.9932905682471177000, 0.000000000000000000, -0.1156453502364798158 ) ) ;
#4475 = CARTESIAN_POINT ( 'NONE',  ( 0.000000000000000000, -4.000000000000000000, 3.499999999999999556 ) ) ;
#4476 = ORIENTED_EDGE ( 'NONE', *, *, #531, .F. ) ;
#4477 = CARTESIAN_POINT ( 'NONE',  ( 4.626103053009545718, 10.00000000000000000, -8.297540029607313627 ) ) ;
#4478 = EDGE_CURVE ( 'NONE', #6187, #3025, #4493, .T. ) ;
#4479 = AXIS2_PLACEMENT_3D ( 'NONE', #6518, #5981, #1446 ) ;
#4480 = CARTESIAN_POINT ( 'NONE',  ( 4.470479223992320783, 10.00000000000000000, -10.79269157286916858 ) ) ;
#4481 = CARTESIAN_POINT ( 'NONE',  ( -4.207513683477613675, 2.179202509440143931, -8.925356074760863123 ) ) ;
#4482 = VERTEX_POINT ( 'NONE', #372 ) ;
#4483 = DIRECTION ( 'NONE',  ( -1.000000000000000000, 3.469446951953611033E-15, 0.000000000000000000 ) ) ;
#4484 = CARTESIAN_POINT ( 'NONE',  ( 7.449293024680356368, 9.500000000000000000, -5.895594408746973158 ) ) ;
#4485 = VERTEX_POINT ( 'NONE', #2032 ) ;
#4486 = DIRECTION ( 'NONE',  ( 0.000000000000000000, 0.000000000000000000, 1.000000000000000000 ) ) ;
#4487 = ORIENTED_EDGE ( 'NONE', *, *, #249, .F. ) ;
#4488 = LINE ( 'NONE', #6685, #4542 ) ;
#4489 = ADVANCED_FACE ( 'NONE', ( #4257 ), #1231, .F. ) ;
#4490 = ADVANCED_FACE ( 'NONE', ( #1049 ), #4504, .T. ) ;
#4491 = DIRECTION ( 'NONE',  ( 0.000000000000000000, 1.000000000000000000, 0.000000000000000000 ) ) ;
#4492 = CARTESIAN_POINT ( 'NONE',  ( 5.095752233843723986E-17, 9.500000000000000000, -11.68192517863507618 ) ) ;
#4493 = CIRCLE ( 'NONE', #6923, 0.5000000000000007772 ) ;
#4494 = VERTEX_POINT ( 'NONE', #3843 ) ;
#4495 = CARTESIAN_POINT ( 'NONE',  ( 4.594978287205915279, 2.456216401094831081, 8.796570338259787292 ) ) ;
#4496 = FILL_AREA_STYLE_COLOUR ( '', #2672 ) ;
#4497 = ORIENTED_EDGE ( 'NONE', *, *, #2360, .F. ) ;
#4498 = DIRECTION ( 'NONE',  ( 0.000000000000000000, 1.000000000000000000, 0.000000000000000000 ) ) ;
#4499 = AXIS2_PLACEMENT_3D ( 'NONE', #6609, #1631, #555 ) ;
#4500 = DIRECTION ( 'NONE',  ( -0.000000000000000000, -1.000000000000000000, -0.000000000000000000 ) ) ;
#4501 = DIRECTION ( 'NONE',  ( -0.000000000000000000, -1.000000000000000000, -0.000000000000000000 ) ) ;
#4502 = ORIENTED_EDGE ( 'NONE', *, *, #1670, .T. ) ;
#4503 = CARTESIAN_POINT ( 'NONE',  ( 0.000000000000000000, 10.00000000000000000, 0.000000000000000000 ) ) ;
#4504 =( BOUNDED_SURFACE ( )  B_SPLINE_SURFACE ( 3, 2, ( 
 ( #5453, #3809, #7154 ),
 ( #2130, #7122, #6528 ),
 ( #511, #4947, #5387 ),
 ( #4295, #4912, #2163 ),
 ( #1490, #443, #1083 ),
 ( #2755, #7045, #3301 ),
 ( #4848, #6028, #2065 ),
 ( #5958, #6494, #1523 ),
 ( #477, #6602, #5422 ),
 ( #2681, #980, #2719 ),
 ( #3207, #2641, #3166 ),
 ( #4984, #3778, #4363 ),
 ( #544, #1622, #4882 ),
 ( #3, #943, #411 ),
 ( #7083, #4328, #6563 ),
 ( #2100, #1587, #1554 ),
 ( #3268, #5487, #2199 ),
 ( #5992, #1014, #6459 ) ),
 .UNSPECIFIED., .F., .F., .T. ) 
 B_SPLINE_SURFACE_WITH_KNOTS ( ( 4, 2, 2, 2, 2, 2, 2, 2, 4 ),
 ( 3, 3 ),
 ( -8.944667923005411581E-19, 0.0003645422052340781391, 0.0007290844104681571455, 0.001093626615702236043, 0.001458168820936315158, 0.001822711026170394056, 0.002187253231404472954, 0.002551795436638552069, 0.002916337641872631184 ),
 ( 0.000000000000000000, 1.000000000000000000 ),
 .UNSPECIFIED. ) 
 GEOMETRIC_REPRESENTATION_ITEM ( )  RATIONAL_B_SPLINE_SURFACE ( (
 ( 1.000000000000000000, 0.9595359398070240076, 1.000000000000000000),
 ( 1.000000000000000000, 0.9595833763010065409, 1.000000000000000000),
 ( 1.000000000000000000, 0.9570685609626874424, 1.000000000000000000),
 ( 1.000000000000000000, 0.9488880332095233072, 1.000000000000000000),
 ( 1.000000000000000000, 0.9432547151588688283, 1.000000000000000000),
 ( 1.000000000000000000, 0.9321826025349153610, 1.000000000000000000),
 ( 1.000000000000000000, 0.9268523530654829701, 1.000000000000000000),
 ( 1.000000000000000000, 0.9192073681285214404, 1.000000000000000000),
 ( 1.000000000000000000, 0.9170514797511306604, 1.000000000000000000),
 ( 1.000000000000000000, 0.9170288608893386595, 1.000000000000000000),
 ( 1.000000000000000000, 0.9192260099104102578, 1.000000000000000000),
 ( 1.000000000000000000, 0.9267996068665645959, 1.000000000000000000),
 ( 1.000000000000000000, 0.9321812854749884636, 1.000000000000000000),
 ( 1.000000000000000000, 0.9432160661325630358, 1.000000000000000000),
 ( 1.000000000000000000, 0.9488445939139452667, 1.000000000000000000),
 ( 1.000000000000000000, 0.9570263305979588297, 1.000000000000000000),
 ( 1.000000000000000000, 0.9595878455022686104, 1.000000000000000000),
 ( 1.000000000000000000, 0.9595359398070241186, 1.000000000000000000) ) ) 
 REPRESENTATION_ITEM ( '' )  SURFACE ( )  );
#4505 = AXIS2_PLACEMENT_3D ( 'NONE', #6753, #5567, #6647 ) ;
#4506 = ORIENTED_EDGE ( 'NONE', *, *, #4655, .F. ) ;
#4507 = EDGE_LOOP ( 'NONE', ( #3757, #6066, #243, #5059 ) ) ;
#4508 = AXIS2_PLACEMENT_3D ( 'NONE', #5031, #2349, #3994 ) ;
#4509 = EDGE_CURVE ( 'NONE', #6092, #6123, #6057, .T. ) ;
#4510 = CARTESIAN_POINT ( 'NONE',  ( -9.324037261860183889, 1.992783053389687753, 3.615968364881899877 ) ) ;
#4511 = LINE ( 'NONE', #3951, #1683 ) ;
#4512 = CARTESIAN_POINT ( 'NONE',  ( -7.246866680950636130, 1.779361857681295955, -6.891903876640132154 ) ) ;
#4513 = EDGE_LOOP ( 'NONE', ( #4434, #5815 ) ) ;
#4514 = CYLINDRICAL_SURFACE ( 'NONE', #4545, 0.5000000000000000000 ) ;
#4515 = CARTESIAN_POINT ( 'NONE',  ( -1.830433831214381746, 8.000000000000000000, -1.554148821017840243 ) ) ;
#4516 = TOROIDAL_SURFACE ( 'NONE', #341, 1.500000000000000000, 0.5000000000000000000 ) ;
#4517 = CARTESIAN_POINT ( 'NONE',  ( 6.508373931577507321, 2.240934156756724249, 7.448814233386347183 ) ) ;
#4518 = EDGE_CURVE ( 'NONE', #4999, #2211, #3602, .T. ) ;
#4519 = CARTESIAN_POINT ( 'NONE',  ( -7.536565878395802720, 2.314666110110171537, -6.433069916092911456 ) ) ;
#4520 = DIRECTION ( 'NONE',  ( 0.6205888851312597598, -0.000000000000000000, 0.7841361078610907809 ) ) ;
#4521 = ORIENTED_EDGE ( 'NONE', *, *, #5635, .F. ) ;
#4522 = CARTESIAN_POINT ( 'NONE',  ( -6.612736535334971855, 1.867418461490381265, -7.502303277451195740 ) ) ;
#4523 = ORIENTED_EDGE ( 'NONE', *, *, #1447, .F. ) ;
#4524 = DIRECTION ( 'NONE',  ( 0.000000000000000000, 0.000000000000000000, 1.000000000000000000 ) ) ;
#4525 = FACE_OUTER_BOUND ( 'NONE', #4374, .T. ) ;
#4526 = LINE ( 'NONE', #703, #1707 ) ;
#4527 = EDGE_CURVE ( 'NONE', #6121, #2803, #1805, .T. ) ;
#4528 = EDGE_CURVE ( 'NONE', #6121, #2956, #2977, .T. ) ;
#4529 = ORIENTED_EDGE ( 'NONE', *, *, #5373, .F. ) ;
#4530 = CARTESIAN_POINT ( 'NONE',  ( -4.869582161062561809, 2.500000000000000444, -8.734252662744609097 ) ) ;
#4531 = ORIENTED_EDGE ( 'NONE', *, *, #1988, .F. ) ;
#4532 = FACE_OUTER_BOUND ( 'NONE', #2625, .T. ) ;
#4533 = CARTESIAN_POINT ( 'NONE',  ( -7.756855835314287261E-16, 2.134289031220173438, -9.840962589317538090 ) ) ;
#4534 = ORIENTED_EDGE ( 'NONE', *, *, #4536, .T. ) ;
#4535 = CARTESIAN_POINT ( 'NONE',  ( -6.320945456729162082, 2.500000000000000444, 7.750301822741132440 ) ) ;
#4536 = EDGE_CURVE ( 'NONE', #1639, #3295, #4511, .T. ) ;
#4537 = DIRECTION ( 'NONE',  ( -0.8511160640214271433, 0.000000000000000000, -0.5249775667251639355 ) ) ;
#4538 = CARTESIAN_POINT ( 'NONE',  ( 1.156453502364807928, 2.372106879883455033, -9.932905682471179887 ) ) ;
#4539 = AXIS2_PLACEMENT_3D ( 'NONE', #4742, #2422, #2348 ) ;
#4540 = ORIENTED_EDGE ( 'NONE', *, *, #2188, .T. ) ;
#4541 = DIRECTION ( 'NONE',  ( 1.000000000000000000, -3.469446951953611033E-15, -1.203706215242021287E-29 ) ) ;
#4542 = VECTOR ( 'NONE', #667, 1000.000000000000000 ) ;
#4543 = ORIENTED_EDGE ( 'NONE', *, *, #3093, .T. ) ;
#4544 = VERTEX_POINT ( 'NONE', #4022 ) ;
#4545 = AXIS2_PLACEMENT_3D ( 'NONE', #2723, #6031, #1158 ) ;
#4546 = VERTEX_POINT ( 'NONE', #6126 ) ;
#4547 = CARTESIAN_POINT ( 'NONE',  ( 9.438170773037168004, 2.048945620300624437, 3.306919296390286256 ) ) ;
#4548 = LINE ( 'NONE', #5701, #2619 ) ;
#4549 = DIRECTION ( 'NONE',  ( 0.000000000000000000, 0.000000000000000000, 1.000000000000000000 ) ) ;
#4550 = ORIENTED_EDGE ( 'NONE', *, *, #1148, .F. ) ;
#4551 = CARTESIAN_POINT ( 'NONE',  ( 0.2556751587878104970, 1.779849606445677246, -9.997513869602437708 ) ) ;
#4552 = AXIS2_PLACEMENT_3D ( 'NONE', #4343, #2698, #5906 ) ;
#4553 = CARTESIAN_POINT ( 'NONE',  ( 9.439495114672144638, 2.343452233630472836, 3.030017723230804982 ) ) ;
#4554 = EDGE_CURVE ( 'NONE', #2085, #3291, #4548, .T. ) ;
#4555 = FACE_OUTER_BOUND ( 'NONE', #2024, .T. ) ;
#4556 = CARTESIAN_POINT ( 'NONE',  ( 4.869582161062490755, 2.500000000000000444, 8.734252662744646400 ) ) ;
#4557 = CARTESIAN_POINT ( 'NONE',  ( -5.895594408746999804, 10.00000000000000000, -7.449293024680337716 ) ) ;
#4558 = ORIENTED_EDGE ( 'NONE', *, *, #919, .F. ) ;
#4559 = CARTESIAN_POINT ( 'NONE',  ( -6.991427348825518528, 1.985975370094120285, -7.150722883170788968 ) ) ;
#4560 = EDGE_LOOP ( 'NONE', ( #1250, #1005, #6756 ) ) ;
#4561 = DIRECTION ( 'NONE',  ( -0.000000000000000000, -1.000000000000000000, -0.000000000000000000 ) ) ;
#4562 = CYLINDRICAL_SURFACE ( 'NONE', #3089, 0.4999999999999995559 ) ;
#4563 = ADVANCED_FACE ( 'NONE', ( #6670 ), #5164, .T. ) ;
#4564 = B_SPLINE_CURVE_WITH_KNOTS ( 'NONE', 3,
 ( #5353, #375, #4851, #3211, #2036, #946, #5929, #4261, #4299, #1526, #1494, #3747, #5426, #1731, #1657, #1691, #3915, #5456 ),
 .UNSPECIFIED., .F., .F.,
 ( 4, 2, 2, 2, 2, 2, 2, 2, 4 ),
 ( 1.301042606982605321E-18, 0.0003765522689820506043, 0.0007531045379640999076, 0.001129656806946149157, 0.001506209075928198514, 0.001882761344910247872, 0.002259313613892297012, 0.002635865882874346370, 0.003012418151856395727 ),
 .UNSPECIFIED. ) ;
#4565 = DIRECTION ( 'NONE',  ( 0.000000000000000000, 0.000000000000000000, 1.000000000000000000 ) ) ;
#4566 = DIRECTION ( 'NONE',  ( 0.1156453502364772623, -4.708936575897095953E-15, 0.9932905682471180331 ) ) ;
#4567 = ORIENTED_EDGE ( 'NONE', *, *, #4173, .T. ) ;
#4568 = CARTESIAN_POINT ( 'NONE',  ( 2.985189123993037708, 2.414533010808959990, 9.462109755037483083 ) ) ;
#4569 = ORIENTED_EDGE ( 'NONE', *, *, #1988, .T. ) ;
#4570 = DIRECTION ( 'NONE',  ( 0.1156453502364806762, 0.000000000000000000, 0.9932905682471175890 ) ) ;
#4571 = EDGE_CURVE ( 'NONE', #4041, #5120, #5311, .T. ) ;
#4572 = VECTOR ( 'NONE', #684, 1000.000000000000000 ) ;
#4573 = CARTESIAN_POINT ( 'NONE',  ( -2.548403532281084960, 8.000000000000000000, -1.851523544721290326 ) ) ;
#4574 = ORIENTED_EDGE ( 'NONE', *, *, #1791, .F. ) ;
#4575 = CARTESIAN_POINT ( 'NONE',  ( -7.448814233386135797, 2.240934156756776652, 6.508373931577617455 ) ) ;
#4576 = CIRCLE ( 'NONE', #2014, 2.000000000000000000 ) ;
#4577 = DIRECTION ( 'NONE',  ( 0.000000000000000000, 0.000000000000000000, 1.000000000000000000 ) ) ;
#4578 = DIRECTION ( 'NONE',  ( 0.000000000000000000, 0.000000000000000000, 1.000000000000000000 ) ) ;
#4579 = ORIENTED_EDGE ( 'NONE', *, *, #4621, .T. ) ;
#4580 = DIRECTION ( 'NONE',  ( -0.9716864685947450564, 0.000000000000000000, -0.2362740077746035283 ) ) ;
#4581 = ADVANCED_FACE ( 'NONE', ( #5057 ), #5129, .T. ) ;
#4582 = EDGE_LOOP ( 'NONE', ( #5936, #61, #2003, #3072 ) ) ;
#4583 = EDGE_LOOP ( 'NONE', ( #5237, #5383 ) ) ;
#4584 = CARTESIAN_POINT ( 'NONE',  ( -0.1251721026587786223, 1.768578062440336884, 10.00000000000000178 ) ) ;
#4585 = CARTESIAN_POINT ( 'NONE',  ( 9.418508755680742084, 1.827040335878404864, -3.362573923337149218 ) ) ;
#4586 = CARTESIAN_POINT ( 'NONE',  ( -8.260368511126690905, 9.500000000000000000, -8.260368511126776170 ) ) ;
#4587 = ORIENTED_EDGE ( 'NONE', *, *, #4721, .F. ) ;
#4588 = DIRECTION ( 'NONE',  ( 0.000000000000000000, 0.000000000000000000, 1.000000000000000000 ) ) ;
#4589 = CARTESIAN_POINT ( 'NONE',  ( 2.732734718790808426, 9.500000000000000000, 9.619363854055803742 ) ) ;
#4590 = DIRECTION ( 'NONE',  ( 0.000000000000000000, 0.000000000000000000, -1.000000000000000000 ) ) ;
#4591 = CARTESIAN_POINT ( 'NONE',  ( -0.9734035322810867807, 8.000000000000000000, -2.995828026329733440 ) ) ;
#4592 = CARTESIAN_POINT ( 'NONE',  ( 2.732734718790808870, 10.00000000000000000, 9.619363854055803742 ) ) ;
#4593 = CIRCLE ( 'NONE', #4123, 2.500000000000000444 ) ;
#4594 = ORIENTED_EDGE ( 'NONE', *, *, #868, .F. ) ;
#4595 = CARTESIAN_POINT ( 'NONE',  ( 7.449293024680234687, 9.500000000000000000, 5.895594408747129478 ) ) ;
#4596 = CARTESIAN_POINT ( 'NONE',  ( -4.470479223992246176, 10.00001200000000168, 10.79269157286920411 ) ) ;
#4597 = FACE_OUTER_BOUND ( 'NONE', #5976, .T. ) ;
#4598 = CARTESIAN_POINT ( 'NONE',  ( 4.282192586373954057, 1.827040335878404420, -9.037590233239484405 ) ) ;
#4599 = CIRCLE ( 'NONE', #1107, 0.5000000000000003331 ) ;
#4600 = EDGE_CURVE ( 'NONE', #4943, #3210, #1688, .T. ) ;
#4601 = ORIENTED_EDGE ( 'NONE', *, *, #376, .F. ) ;
#4602 = ORIENTED_EDGE ( 'NONE', *, *, #1230, .T. ) ;
#4603 = DIRECTION ( 'NONE',  ( 0.000000000000000000, 0.000000000000000000, 1.000000000000000000 ) ) ;
#4604 =( GEOMETRIC_REPRESENTATION_CONTEXT ( 3 ) GLOBAL_UNCERTAINTY_ASSIGNED_CONTEXT ( ( #4713 ) ) GLOBAL_UNIT_ASSIGNED_CONTEXT ( ( #5477, #6623, #1070 ) ) REPRESENTATION_CONTEXT ( 'NONE', 'WORKASPACE' ) );
#4605 = ORIENTED_EDGE ( 'NONE', *, *, #5235, .T. ) ;
#4606 = CARTESIAN_POINT ( 'NONE',  ( 9.579266327989117258, 2.500000000000000888, -2.873880030200179903 ) ) ;
#4607 = CARTESIAN_POINT ( 'NONE',  ( 2.995828026329736549, 0.000000000000000000, -0.9734035322810845603 ) ) ;
#4608 = DIRECTION ( 'NONE',  ( 0.000000000000000000, 0.000000000000000000, 1.000000000000000000 ) ) ;
#4609 = ORIENTED_EDGE ( 'NONE', *, *, #4417, .F. ) ;
#4610 = CARTESIAN_POINT ( 'NONE',  ( -6.368549247076038533, 2.438513403071542296, 7.611508069917181984 ) ) ;
#4611 = CIRCLE ( 'NONE', #6797, 0.4999999999999997224 ) ;
#4612 = EDGE_CURVE ( 'NONE', #2822, #6748, #3375, .T. ) ;
#4613 = CARTESIAN_POINT ( 'NONE',  ( 10.79269157286925029, 10.00000000000000000, -4.470479223992127160 ) ) ;
#4614 = DIRECTION ( 'NONE',  ( -1.000000000000000000, 0.000000000000000000, 0.000000000000000000 ) ) ;
#4615 = VERTEX_POINT ( 'NONE', #5559 ) ;
#4616 = CARTESIAN_POINT ( 'NONE',  ( 0.6655541409084270166, 2.241156341101826932, 9.869262850230965611 ) ) ;
#4617 = CARTESIAN_POINT ( 'NONE',  ( 9.875015954859550860, 2.279919447647841046, -0.7402789226334187678 ) ) ;
#4618 = ORIENTED_EDGE ( 'NONE', *, *, #1484, .T. ) ;
#4619 = VECTOR ( 'NONE', #3618, 1000.000000000000000 ) ;
#4620 = ORIENTED_EDGE ( 'NONE', *, *, #32, .F. ) ;
#4621 = EDGE_CURVE ( 'NONE', #3948, #6461, #6532, .T. ) ;
#4622 = ORIENTED_EDGE ( 'NONE', *, *, #5113, .T. ) ;
#4623 = ADVANCED_FACE ( 'NONE', ( #831 ), #4104, .F. ) ;
#4624 = CARTESIAN_POINT ( 'NONE',  ( 9.469254843656191412, 2.500000000000000444, 2.970974231079661632 ) ) ;
#4625 = CARTESIAN_POINT ( 'NONE',  ( -9.997513869602435932, 1.779849606445570886, -0.2556751587878718923 ) ) ;
#4626 = AXIS2_PLACEMENT_3D ( 'NONE', #2435, #4678, #4792 ) ;
#4627 = CARTESIAN_POINT ( 'NONE',  ( -0.8789046617972534614, 2.500000000000000444, 9.885393354405108468 ) ) ;
#4628 = ORIENTED_EDGE ( 'NONE', *, *, #6107, .T. ) ;
#4629 = CARTESIAN_POINT ( 'NONE',  ( 0.7396982729253558375, 2.279592747210310133, -9.874972037550540094 ) ) ;
#4630 = DIRECTION ( 'NONE',  ( 0.000000000000000000, 0.000000000000000000, 1.000000000000000000 ) ) ;
#4631 = FACE_OUTER_BOUND ( 'NONE', #1543, .T. ) ;
#4632 = CARTESIAN_POINT ( 'NONE',  ( 0.000000000000000000, 9.500000000000000000, 0.000000000000000000 ) ) ;
#4633 = DIRECTION ( 'NONE',  ( -0.000000000000000000, -1.000000000000000000, -0.000000000000000000 ) ) ;
#4634 = AXIS2_PLACEMENT_3D ( 'NONE', #2469, #4752, #844 ) ;
#4635 = ORIENTED_EDGE ( 'NONE', *, *, #5855, .T. ) ;
#4636 = FACE_OUTER_BOUND ( 'NONE', #4864, .T. ) ;
#4637 = DIRECTION ( 'NONE',  ( 0.3799932884734135152, 0.000000000000000000, -0.9249892435672758539 ) ) ;
#4638 = CARTESIAN_POINT ( 'NONE',  ( -10.79269157286921654, 9.500000000000000000, 4.470479223992207096 ) ) ;
#4639 = DIRECTION ( 'NONE',  ( -0.000000000000000000, -1.000000000000000000, -0.000000000000000000 ) ) ;
#4640 = ORIENTED_EDGE ( 'NONE', *, *, #5923, .T. ) ;
#4641 = CARTESIAN_POINT ( 'NONE',  ( 9.138395661352950228, 9.500000000000000000, 2.596097982851489849 ) ) ;
#4642 = VECTOR ( 'NONE', #7054, 1000.000000000000114 ) ;
#4643 = CARTESIAN_POINT ( 'NONE',  ( 8.796570338259767752, 2.500000000000000444, -4.594978287205943701 ) ) ;
#4644 = CARTESIAN_POINT ( 'NONE',  ( 4.869582085835391538, 2.377026804319530395, 8.734252704685790292 ) ) ;
#4645 = DIRECTION ( 'NONE',  ( 0.000000000000000000, 1.000000000000000000, 0.000000000000000000 ) ) ;
#4646 = ORIENTED_EDGE ( 'NONE', *, *, #4699, .T. ) ;
#4647 = ADVANCED_FACE ( 'NONE', ( #5884 ), #1241, .T. ) ;
#4648 = CARTESIAN_POINT ( 'NONE',  ( -7.716501220627760560, 2.059185488125159225, 6.360928075380931190 ) ) ;
#4649 = AXIS2_PLACEMENT_3D ( 'NONE', #6620, #3429, #4457 ) ;
#4650 = LINE ( 'NONE', #6772, #777 ) ;
#4651 = DIRECTION ( 'NONE',  ( 0.000000000000000000, 0.000000000000000000, 1.000000000000000000 ) ) ;
#4652 = CARTESIAN_POINT ( 'NONE',  ( 0.4499715962274704051, 2.024441704241390028, 9.990639898665760299 ) ) ;
#4653 = DIRECTION ( 'NONE',  ( 0.000000000000000000, 1.000000000000000000, 0.000000000000000000 ) ) ;
#4654 = CARTESIAN_POINT ( 'NONE',  ( 9.997538315944971998, 1.779716818039918103, -0.2552196072239464875 ) ) ;
#4655 = EDGE_CURVE ( 'NONE', #6610, #1243, #2009, .T. ) ;
#4656 = ORIENTED_EDGE ( 'NONE', *, *, #2181, .F. ) ;
#4657 = EDGE_LOOP ( 'NONE', ( #5150, #5537, #6513, #2031 ) ) ;
#4658 = CIRCLE ( 'NONE', #1277, 0.5000000000000000000 ) ;
#4659 = CARTESIAN_POINT ( 'NONE',  ( -0.2520522957981771728, 1.779556347367960090, 9.997582529451088718 ) ) ;
#4660 = CARTESIAN_POINT ( 'NONE',  ( -9.875015954859476253, 2.279919447647880570, 0.7402789226333670314 ) ) ;
#4661 = CARTESIAN_POINT ( 'NONE',  ( -0.8630375061403442460, 2.414533010808959990, 9.884231957283116543 ) ) ;
#4662 = ORIENTED_EDGE ( 'NONE', *, *, #316, .T. ) ;
#4663 = CARTESIAN_POINT ( 'NONE',  ( -0.4961482701701944720, 2.183694385698053519, -9.857563765852082938 ) ) ;
#4664 = CARTESIAN_POINT ( 'NONE',  ( 8.882927013875237421, 1.975531022569853912, 4.594171655381798836 ) ) ;
#4665 = EDGE_CURVE ( 'NONE', #6446, #1639, #4755, .T. ) ;
#4666 = AXIS2_PLACEMENT_3D ( 'NONE', #3797, #1478, #3696 ) ;
#4667 = DIRECTION ( 'NONE',  ( 0.5249775667251612710, 0.000000000000000000, 0.8511160640214288087 ) ) ;
#4668 = CARTESIAN_POINT ( 'NONE',  ( -9.885393354405104915, 2.500000000000000444, -0.8789046617972877673 ) ) ;
#4669 = DIRECTION ( 'NONE',  ( 0.000000000000000000, -1.000000000000000000, -0.000000000000000000 ) ) ;
#4670 = FACE_OUTER_BOUND ( 'NONE', #2717, .T. ) ;
#4671 = AXIS2_PLACEMENT_3D ( 'NONE', #4503, #3836, #2676 ) ;
#4672 = VERTEX_POINT ( 'NONE', #4234 ) ;
#4673 = DIRECTION ( 'NONE',  ( 0.000000000000000000, -1.000000000000000000, 0.000000000000000000 ) ) ;
#4674 = CARTESIAN_POINT ( 'NONE',  ( -7.449293024680274655, 9.500000000000000000, -5.895594408747077964 ) ) ;
#4675 = ADVANCED_FACE ( 'NONE', ( #3718 ), #1474, .F. ) ;
#4676 = CARTESIAN_POINT ( 'NONE',  ( 9.938914434172957613, 2.248135892564180782, 1.106420474829685530 ) ) ;
#4677 = CARTESIAN_POINT ( 'NONE',  ( 1.830433831214388185, 0.000000000000000000, -1.554148821017838911 ) ) ;
#4678 = DIRECTION ( 'NONE',  ( 0.000000000000000000, 1.000000000000000000, 0.000000000000000000 ) ) ;
#4679 = CARTESIAN_POINT ( 'NONE',  ( -3.398190578544732166, 2.164715090713956513, 9.255897283380109641 ) ) ;
#4680 = EDGE_LOOP ( 'NONE', ( #7080, #108, #3359 ) ) ;
#4681 = ORIENTED_EDGE ( 'NONE', *, *, #1745, .F. ) ;
#4682 = CARTESIAN_POINT ( 'NONE',  ( -2.777795937255605807, 2.255681435097323995, -9.606750064360234376 ) ) ;
#4683 = CARTESIAN_POINT ( 'NONE',  ( 9.194972181005599765, 1.986052934431072670, -3.932605539365150005 ) ) ;
#4684 = CARTESIAN_POINT ( 'NONE',  ( 4.829485086827489226, 2.257089604130834815, 8.756818408900290507 ) ) ;
#4685 = DIRECTION ( 'NONE',  ( -0.6617183646064958014, -1.147898381567867431E-15, 0.7497524964563337946 ) ) ;
#4686 = DIRECTION ( 'NONE',  ( 0.000000000000000000, 0.000000000000000000, 1.000000000000000000 ) ) ;
#4687 = CARTESIAN_POINT ( 'NONE',  ( -6.980243915062825266, 1.768641139222022485, 7.161872897185544318 ) ) ;
#4688 = LINE ( 'NONE', #1906, #1124 ) ;
#4689 = DIRECTION ( 'NONE',  ( -0.8734252662744530493, 0.000000000000000000, -0.4869582161062701031 ) ) ;
#4690 = ORIENTED_EDGE ( 'NONE', *, *, #4132, .F. ) ;
#4691 = CARTESIAN_POINT ( 'NONE',  ( -0.6649917147099777548, 2.240934156756765105, 9.869222397742527519 ) ) ;
#4692 = CARTESIAN_POINT ( 'NONE',  ( 9.885393354405117350, 2.500000000000000444, -0.8789046617971486564 ) ) ;
#4693 = CARTESIAN_POINT ( 'NONE',  ( 9.932905692431633682, 2.377026804319490427, -1.156453416813346680 ) ) ;
#4694 = AXIS2_PLACEMENT_3D ( 'NONE', #5850, #1518, #3091 ) ;
#4695 = CIRCLE ( 'NONE', #4109, 2.500000000000000444 ) ;
#4696 = VERTEX_POINT ( 'NONE', #5832 ) ;
#4697 = ORIENTED_EDGE ( 'NONE', *, *, #3889, .T. ) ;
#4698 = CARTESIAN_POINT ( 'NONE',  ( 7.711024474176564780, 2.051189550670911022, -6.367596717411051266 ) ) ;
#4699 = EDGE_CURVE ( 'NONE', #6156, #2127, #847, .T. ) ;
#4700 = CARTESIAN_POINT ( 'NONE',  ( -0.1710720760170511001, 2.134286657244864216, 9.840961641373077384 ) ) ;
#4701 = ORIENTED_EDGE ( 'NONE', *, *, #376, .T. ) ;
#4702 = CARTESIAN_POINT ( 'NONE',  ( -0.4499715962274600245, 2.024441704241415785, -9.990639898665760299 ) ) ;
#4703 = CARTESIAN_POINT ( 'NONE',  ( -4.282192586373890109, 1.827040335878407751, 9.037590233239516380 ) ) ;
#4704 = FACE_OUTER_BOUND ( 'NONE', #7007, .T. ) ;
#4705 = TOROIDAL_SURFACE ( 'NONE', #1552, 2.500000000000000000, 0.5000000000000000000 ) ;
#4706 = AXIS2_PLACEMENT_3D ( 'NONE', #1964, #5173, #1272 ) ;
#4707 = LINE ( 'NONE', #268, #679 ) ;
#4708 = DIRECTION ( 'NONE',  ( 0.000000000000000000, -0.000000000000000000, 1.000000000000000000 ) ) ;
#4709 = EDGE_CURVE ( 'NONE', #3264, #1359, #1500, .T. ) ;
#4710 = DIRECTION ( 'NONE',  ( 0.000000000000000000, 0.000000000000000000, 1.000000000000000000 ) ) ;
#4711 = ORIENTED_EDGE ( 'NONE', *, *, #2181, .T. ) ;
#4712 = DIRECTION ( 'NONE',  ( 0.000000000000000000, 0.000000000000000000, 1.000000000000000000 ) ) ;
#4713 = UNCERTAINTY_MEASURE_WITH_UNIT (LENGTH_MEASURE( 1.000000000000000082E-05 ), #5477, 'distance_accuracy_value', 'NONE');
#4714 = CIRCLE ( 'NONE', #1911, 0.5000000000000004441 ) ;
#4715 = CARTESIAN_POINT ( 'NONE',  ( 9.981440441647263739, 1.863989508453881783, 0.6193966764492608856 ) ) ;
#4716 = CARTESIAN_POINT ( 'NONE',  ( 5.095752233843723986E-17, 2.500000000000000444, -11.68192517863507618 ) ) ;
#4717 = FACE_OUTER_BOUND ( 'NONE', #3729, .T. ) ;
#4718 = DIRECTION ( 'NONE',  ( 0.9971414314842893534, 0.000000000000000000, -0.07555769727474681563 ) ) ;
#4719 = ADVANCED_FACE ( 'NONE', ( #1358 ), #2969, .T. ) ;
#4720 = ORIENTED_EDGE ( 'NONE', *, *, #4478, .F. ) ;
#4721 = EDGE_CURVE ( 'NONE', #4089, #6554, #1361, .T. ) ;
#4722 = ORIENTED_EDGE ( 'NONE', *, *, #5267, .T. ) ;
#4723 = LINE ( 'NONE', #5292, #5801 ) ;
#4724 = DIRECTION ( 'NONE',  ( 0.000000000000000000, -1.000000000000000000, 0.000000000000000000 ) ) ;
#4725 = CARTESIAN_POINT ( 'NONE',  ( 4.565129932703110072, 2.378544800989002450, 8.806444720498300072 ) ) ;
#4726 = AXIS2_PLACEMENT_3D ( 'NONE', #5468, #5972, #6472 ) ;
#4727 = DIRECTION ( 'NONE',  ( 1.734723475976806700E-15, 0.000000000000000000, 1.000000000000000000 ) ) ;
#4728 = DIRECTION ( 'NONE',  ( 0.000000000000000000, 0.000000000000000000, 1.000000000000000000 ) ) ;
#4729 = LINE ( 'NONE', #1406, #506 ) ;
#4730 = AXIS2_PLACEMENT_3D ( 'NONE', #3683, #1558, #3065 ) ;
#4731 = CARTESIAN_POINT ( 'NONE',  ( -0.4485839205770437710, 2.024215165943707095, 9.990691563217437121 ) ) ;
#4732 = CARTESIAN_POINT ( 'NONE',  ( -8.840032644896206548, 2.279919447647872577, 4.462933545236227317 ) ) ;
#4733 = FACE_OUTER_BOUND ( 'NONE', #3129, .T. ) ;
#4734 = CARTESIAN_POINT ( 'NONE',  ( 9.965382407647410901, 2.181049877636621392, 0.8419640990704065908 ) ) ;
#4735 = ORIENTED_EDGE ( 'NONE', *, *, #4931, .T. ) ;
#4736 = ORIENTED_EDGE ( 'NONE', *, *, #2030, .T. ) ;
#4737 = CARTESIAN_POINT ( 'NONE',  ( 9.255897283380058127, 2.164715090713990708, 3.398190578544785012 ) ) ;
#4738 = CARTESIAN_POINT ( 'NONE',  ( -9.419005646007493127, 1.827366529454478306, -3.361212337356681790 ) ) ;
#4739 = AXIS2_PLACEMENT_3D ( 'NONE', #4480, #3239, #3306 ) ;
#4740 = ORIENTED_EDGE ( 'NONE', *, *, #5769, .T. ) ;
#4741 = ADVANCED_FACE ( 'NONE', ( #2137 ), #4372, .T. ) ;
#4742 = CARTESIAN_POINT ( 'NONE',  ( 1.830433831214382412, 8.000000000000000000, 1.554148821017840687 ) ) ;
#4743 = AXIS2_PLACEMENT_3D ( 'NONE', #3444, #6090, #2270 ) ;
#4744 = DIRECTION ( 'NONE',  ( 0.000000000000000000, 1.000000000000000000, 0.000000000000000000 ) ) ;
#4745 = CARTESIAN_POINT ( 'NONE',  ( 8.801702682749306561, 2.413741176464117011, -4.579470683571224221 ) ) ;
#4746 = DIRECTION ( 'NONE',  ( -0.000000000000000000, -1.000000000000000000, -0.000000000000000000 ) ) ;
#4747 = ORIENTED_EDGE ( 'NONE', *, *, #3486, .T. ) ;
#4748 = CARTESIAN_POINT ( 'NONE',  ( 7.449293024680356368, 9.500000000000000000, -5.895594408746972270 ) ) ;
#4749 = CARTESIAN_POINT ( 'NONE',  ( 9.138395661353001742, 9.500000000000000000, -2.596097982851299779 ) ) ;
#4750 = VECTOR ( 'NONE', #2050, 1000.000000000000000 ) ;
#4751 = EDGE_CURVE ( 'NONE', #7064, #1313, #3221, .T. ) ;
#4752 = DIRECTION ( 'NONE',  ( -0.000000000000000000, 1.000000000000000000, -0.000000000000000000 ) ) ;
#4753 = DIRECTION ( 'NONE',  ( 0.2362740077746005030, 0.000000000000000000, 0.9716864685947457225 ) ) ;
#4754 = DIRECTION ( 'NONE',  ( -6.018531076210100830E-30, -1.734723475976805517E-15, 1.000000000000000000 ) ) ;
#4755 = LINE ( 'NONE', #3686, #2049 ) ;
#4756 = ORIENTED_EDGE ( 'NONE', *, *, #4802, .F. ) ;
#4757 = ORIENTED_EDGE ( 'NONE', *, *, #4528, .T. ) ;
#4758 = CARTESIAN_POINT ( 'NONE',  ( -2.873880065552900653, 2.409665417632350426, -9.579266317304620415 ) ) ;
#4759 = CARTESIAN_POINT ( 'NONE',  ( 9.401861085320028621, 2.024215165943731076, -3.408834636278092134 ) ) ;
#4760 = CARTESIAN_POINT ( 'NONE',  ( 3.306964416653572769, 2.048970607329088534, 9.438151782886803787 ) ) ;
#4761 = CIRCLE ( 'NONE', #6585, 0.4999999999999995559 ) ;
#4762 = CARTESIAN_POINT ( 'NONE',  ( 2.776607510986325522, 8.000000000000000000, 0.4397714266284721840 ) ) ;
#4763 = CIRCLE ( 'NONE', #4634, 7.456920242929495402 ) ;
#4764 = EDGE_CURVE ( 'NONE', #4696, #3837, #4890, .T. ) ;
#4765 = DIRECTION ( 'NONE',  ( -1.000000000000000000, 0.000000000000000000, 0.000000000000000000 ) ) ;
#4766 = ADVANCED_FACE ( 'NONE', ( #4338 ), #545, .T. ) ;
#4767 = LINE ( 'NONE', #6962, #332 ) ;
#4768 = CARTESIAN_POINT ( 'NONE',  ( -0.1263512459987048975, 1.768515498480492054, 10.00001319358364960 ) ) ;
#4769 = CARTESIAN_POINT ( 'NONE',  ( 9.954167761667841674, 2.059838893144232408, -0.9593430162964025065 ) ) ;
#4770 = EDGE_CURVE ( 'NONE', #5077, #3619, #2865, .T. ) ;
#4771 = DIRECTION ( 'NONE',  ( 0.000000000000000000, 1.000000000000000000, 0.000000000000000000 ) ) ;
#4772 = AXIS2_PLACEMENT_3D ( 'NONE', #5974, #528, #6725 ) ;
#4773 = EDGE_LOOP ( 'NONE', ( #3237, #2398, #2122, #5771 ) ) ;
#4774 = CARTESIAN_POINT ( 'NONE',  ( 9.034166618178213426, 1.829075679051541448, 4.289462306013271942 ) ) ;
#4775 = CARTESIAN_POINT ( 'NONE',  ( 9.619363854055796637, 2.372020242595191064, -2.732734718790839512 ) ) ;
#4776 = DIRECTION ( 'NONE',  ( 0.000000000000000000, 0.000000000000000000, 1.000000000000000000 ) ) ;
#4777 = VECTOR ( 'NONE', #6721, 999.9999999999998863 ) ;
#4778 = ORIENTED_EDGE ( 'NONE', *, *, #4951, .T. ) ;
#4779 = FACE_OUTER_BOUND ( 'NONE', #3135, .T. ) ;
#4780 = ORIENTED_EDGE ( 'NONE', *, *, #4333, .F. ) ;
#4781 = FACE_OUTER_BOUND ( 'NONE', #5092, .T. ) ;
#4782 = SPHERICAL_SURFACE ( 'NONE', #773, 0.5000000000000000000 ) ;
#4783 = CARTESIAN_POINT ( 'NONE',  ( 3.238311324277344028, 1.867388762198151531, -9.461831679522369143 ) ) ;
#4784 = EDGE_LOOP ( 'NONE', ( #1202, #4993, #4330, #2948 ) ) ;
#4785 = DIRECTION ( 'NONE',  ( -0.8734252662744590445, 0.000000000000000000, -0.4869582161062591674 ) ) ;
#4786 = EDGE_CURVE ( 'NONE', #2127, #5544, #4447, .T. ) ;
#4787 = VECTOR ( 'NONE', #3280, 1000.000000000000000 ) ;
#4788 = DIRECTION ( 'NONE',  ( 0.000000000000000000, 0.000000000000000000, 1.000000000000000000 ) ) ;
#4789 = CARTESIAN_POINT ( 'NONE',  ( 1.098630827246564134, 10.00001200000000168, 9.436260398347616984 ) ) ;
#4790 = DIRECTION ( 'NONE',  ( 0.000000000000000000, 1.000000000000000000, 0.000000000000000000 ) ) ;
#4791 = TOROIDAL_SURFACE ( 'NONE', #3373, 9.500000000000000000, 0.5000000000000000000 ) ;
#4792 = DIRECTION ( 'NONE',  ( 0.000000000000000000, 0.000000000000000000, 1.000000000000000000 ) ) ;
#4793 = CARTESIAN_POINT ( 'NONE',  ( -2.999062447596729797, 2.378544800989000674, 9.455131112420820827 ) ) ;
#4794 = EDGE_LOOP ( 'NONE', ( #490, #3646, #1115 ) ) ;
#4795 = CARTESIAN_POINT ( 'NONE',  ( -2.776607510986326410, 8.000000000000000000, -0.4397714266284708517 ) ) ;
#4796 = EDGE_CURVE ( 'NONE', #5562, #6952, #6106, .T. ) ;
#4797 = CARTESIAN_POINT ( 'NONE',  ( -9.885393354405104915, 2.500000000000000444, -0.8789046617972877673 ) ) ;
#4798 = CARTESIAN_POINT ( 'NONE',  ( 2.596097982851268249, 9.500000000000000000, 9.138395661353010624 ) ) ;
#4799 = EDGE_LOOP ( 'NONE', ( #5648, #5270, #2941, #3960 ) ) ;
#4800 = CARTESIAN_POINT ( 'NONE',  ( -9.229789989832697827, 2.147145517465061548, 3.451496558928092373 ) ) ;
#4801 = CARTESIAN_POINT ( 'NONE',  ( 8.734252662744529161, 10.00000000000000000, 4.869582161062708359 ) ) ;
#4802 = EDGE_CURVE ( 'NONE', #4004, #3523, #5428, .T. ) ;
#4803 = DIRECTION ( 'NONE',  ( 0.6617183646064896951, 0.000000000000000000, 0.7497524964563391237 ) ) ;
#4804 = CARTESIAN_POINT ( 'NONE',  ( -2.970974231079568817, 2.500000000000000444, 9.469254843656223386 ) ) ;
#4805 = ORIENTED_EDGE ( 'NONE', *, *, #2312, .T. ) ;
#4806 = CARTESIAN_POINT ( 'NONE',  ( 8.878359725471241859, 1.981868317978618954, 4.602995496167592293 ) ) ;
#4807 = CARTESIAN_POINT ( 'NONE',  ( -9.954245716881926498, 2.059185488125291563, -0.9585349633982689355 ) ) ;
#4808 = EDGE_CURVE ( 'NONE', #3600, #2260, #4019, .T. ) ;
#4809 = DIRECTION ( 'NONE',  ( 0.000000000000000000, 1.000000000000000000, 0.000000000000000000 ) ) ;
#4810 = EDGE_CURVE ( 'NONE', #5890, #6561, #2512, .T. ) ;
#4811 = ORIENTED_EDGE ( 'NONE', *, *, #1353, .T. ) ;
#4812 = B_SPLINE_CURVE_WITH_KNOTS ( 'NONE', 3,
 ( #7053, #3173, #985, #516, #5933, #4819, #1496, #5494, #4334, #2611, #2135, #5357, #6535, #2169, #5999, #5392, #2072, #7161 ),
 .UNSPECIFIED., .F., .F.,
 ( 4, 2, 2, 2, 2, 2, 2, 2, 4 ),
 ( 4.336808689942017736E-19, 0.0003765522689820489238, 0.0007531045379640974140, 0.001129656806946145904, 0.001506209075928194394, 0.001882761344910242884, 0.002259313613892291375, 0.002635865882874339865, 0.003012418151856388355 ),
 .UNSPECIFIED. ) ;
#4813 = VECTOR ( 'NONE', #4580, 1000.000000000000114 ) ;
#4814 = FACE_OUTER_BOUND ( 'NONE', #849, .T. ) ;
#4815 = CIRCLE ( 'NONE', #5043, 0.5000000000000004441 ) ;
#4816 = CARTESIAN_POINT ( 'NONE',  ( 3.398190578544814322, 2.164715090713896561, -9.255897283380139839 ) ) ;
#4817 = ORIENTED_EDGE ( 'NONE', *, *, #6892, .F. ) ;
#4818 = DIRECTION ( 'NONE',  ( 0.000000000000000000, 0.000000000000000000, 1.000000000000000000 ) ) ;
#4819 = CARTESIAN_POINT ( 'NONE',  ( -6.619703835945475845, 1.864094386502769929, 7.496156162786368427 ) ) ;
#4820 = CIRCLE ( 'NONE', #1654, 10.00000000000000000 ) ;
#4821 = B_SPLINE_CURVE_WITH_KNOTS ( 'NONE', 3,
 ( #4115, #3060, #5211, #2426, #1348, #6395, #6863, #5248, #5314, #7012, #269, #5892, #1883, #1310, #3022, #4745, #6324, #1963 ),
 .UNSPECIFIED., .F., .F.,
 ( 4, 2, 2, 2, 2, 2, 2, 2, 4 ),
 ( 0.000000000000000000, 0.0001297744646122139713, 0.0002595489292244279426, 0.0005190978584488570779, 0.001038195716897717408, 0.001557293575346575896, 0.001816842504571006657, 0.001946616969183221279, 0.002076391433795436118 ),
 .UNSPECIFIED. ) ;
#4822 = DIRECTION ( 'NONE',  ( 0.000000000000000000, 1.000000000000000000, 0.000000000000000000 ) ) ;
#4823 = CARTESIAN_POINT ( 'NONE',  ( -3.721055137393805889, 1.986052934431204786, 9.282599226627565869 ) ) ;
#4824 = CIRCLE ( 'NONE', #408, 9.500000000000000000 ) ;
#4825 = ORIENTED_EDGE ( 'NONE', *, *, #5893, .T. ) ;
#4826 = DIRECTION ( 'NONE',  ( -0.5249775667251633804, 0.000000000000000000, 0.8511160640214274764 ) ) ;
#4827 = VECTOR ( 'NONE', #6793, 1000.000000000000000 ) ;
#4828 = CARTESIAN_POINT ( 'NONE',  ( 2.043718524445536922, 8.000000000000000000, 1.260587625341248019 ) ) ;
#4829 = CARTESIAN_POINT ( 'NONE',  ( -5.895594408747053095, 10.00001200000000168, 7.449293024680295083 ) ) ;
#4830 = CARTESIAN_POINT ( 'NONE',  ( -4.580000174694971449, 2.415123062616285843, -8.801527564620407418 ) ) ;
#4831 = CIRCLE ( 'NONE', #3539, 2.000000000000000000 ) ;
#4832 = EDGE_CURVE ( 'NONE', #5168, #4224, #6455, .T. ) ;
#4833 = ORIENTED_EDGE ( 'NONE', *, *, #819, .T. ) ;
#4834 = CARTESIAN_POINT ( 'NONE',  ( -9.439657202977935313, 2.343771222574623891, 3.029696907789684701 ) ) ;
#4835 = ORIENTED_EDGE ( 'NONE', *, *, #6591, .T. ) ;
#4836 = DIRECTION ( 'NONE',  ( 0.3244301945785676433, -0.000000000000000000, 0.9459096409518792381 ) ) ;
#4837 = DIRECTION ( 'NONE',  ( 0.000000000000000000, 1.000000000000000000, 0.000000000000000000 ) ) ;
#4838 = DIRECTION ( 'NONE',  ( 0.000000000000000000, 0.000000000000000000, 1.000000000000000000 ) ) ;
#4839 = DIRECTION ( 'NONE',  ( -0.9971414314842893534, 0.000000000000000000, -0.07555769727474789810 ) ) ;
#4840 = DIRECTION ( 'NONE',  ( -0.000000000000000000, -1.000000000000000000, -0.000000000000000000 ) ) ;
#4841 = EDGE_CURVE ( 'NONE', #2572, #5035, #7056, .T. ) ;
#4842 = ORIENTED_EDGE ( 'NONE', *, *, #796, .F. ) ;
#4843 = CARTESIAN_POINT ( 'NONE',  ( 8.796570336523400258, 2.438027874578110765, 4.594978259368051710 ) ) ;
#4844 = LINE ( 'NONE', #4878, #2019 ) ;
#4845 = EDGE_LOOP ( 'NONE', ( #2817, #5794, #3232, #1260 ) ) ;
#4846 = ADVANCED_FACE ( 'NONE', ( #5015 ), #6429, .T. ) ;
#4847 = EDGE_CURVE ( 'NONE', #263, #5341, #1933, .T. ) ;
#4848 = CARTESIAN_POINT ( 'NONE',  ( 6.681597265112801054, 2.164715090713944523, -7.250902820713502450 ) ) ;
#4849 = AXIS2_PLACEMENT_3D ( 'NONE', #3485, #2305, #2829 ) ;
#4850 = ORIENTED_EDGE ( 'NONE', *, *, #3265, .T. ) ;
#4851 = CARTESIAN_POINT ( 'NONE',  ( -4.826544448226514739, 2.249819565270344768, -8.758463274103203133 ) ) ;
#4852 = LINE ( 'NONE', #5318, #4136 ) ;
#4853 = AXIS2_PLACEMENT_3D ( 'NONE', #2708, #4973, #2155 ) ;
#4854 = CARTESIAN_POINT ( 'NONE',  ( 7.421242497277435568, 1.829430187479154313, 6.703810052746328019 ) ) ;
#4855 = LINE ( 'NONE', #3174, #4642 ) ;
#4856 = CARTESIAN_POINT ( 'NONE',  ( -9.579266327989076402, 2.500000000000000444, -2.873880030200321123 ) ) ;
#4857 = DIRECTION ( 'NONE',  ( -1.000000000000000000, -1.734723475976807094E-15, 0.000000000000000000 ) ) ;
#4858 = CARTESIAN_POINT ( 'NONE',  ( 0.4397714266284717399, 8.000000000000000000, -2.776607510986325522 ) ) ;
#4859 = ORIENTED_EDGE ( 'NONE', *, *, #5153, .T. ) ;
#4860 = CARTESIAN_POINT ( 'NONE',  ( 7.246866680950589945, 1.779361857681293069, 6.891903876640186333 ) ) ;
#4861 = LINE ( 'NONE', #993, #6851 ) ;
#4862 = CARTESIAN_POINT ( 'NONE',  ( 4.826544448226447237, 2.249819565270344768, 8.758463274103238660 ) ) ;
#4863 = DIRECTION ( 'NONE',  ( 1.224646799147352961E-16, 0.000000000000000000, -1.000000000000000000 ) ) ;
#4864 = EDGE_LOOP ( 'NONE', ( #2827, #2662, #906 ) ) ;
#4865 = DIRECTION ( 'NONE',  ( 0.000000000000000000, 1.000000000000000000, 0.000000000000000000 ) ) ;
#4866 = ORIENTED_EDGE ( 'NONE', *, *, #3241, .F. ) ;
#4867 = CARTESIAN_POINT ( 'NONE',  ( 4.626103053009366306, 2.500000000000000444, 8.297540029607414880 ) ) ;
#4868 = DIRECTION ( 'NONE',  ( 1.243449787580175325E-14, 0.000000000000000000, 1.000000000000000000 ) ) ;
#4869 = AXIS2_PLACEMENT_3D ( 'NONE', #3931, #4491, #5074 ) ;
#4870 = EDGE_CURVE ( 'NONE', #6420, #3433, #92, .T. ) ;
#4871 = DIRECTION ( 'NONE',  ( 0.000000000000000000, 1.000000000000000000, -0.000000000000000000 ) ) ;
#4872 = LINE ( 'NONE', #1000, #4134 ) ;
#4873 = VERTEX_POINT ( 'NONE', #6592 ) ;
#4874 = CARTESIAN_POINT ( 'NONE',  ( 5.095752233843723986E-17, 9.500000000000000000, -9.181925178635076179 ) ) ;
#4875 = VERTEX_POINT ( 'NONE', #4256 ) ;
#4876 = ORIENTED_EDGE ( 'NONE', *, *, #5482, .T. ) ;
#4877 = CARTESIAN_POINT ( 'NONE',  ( 5.895594408747102833, 10.00000000000000000, -7.449293024680254227 ) ) ;
#4878 = CARTESIAN_POINT ( 'NONE',  ( 9.619363854055794860, 10.00000000000000000, -2.732734718790841288 ) ) ;
#4879 = ORIENTED_EDGE ( 'NONE', *, *, #2240, .T. ) ;
#4880 = EDGE_CURVE ( 'NONE', #6817, #2803, #204, .T. ) ;
#4881 = VECTOR ( 'NONE', #6510, 1000.000000000000227 ) ;
#4882 = CARTESIAN_POINT ( 'NONE',  ( 7.502303277451192187, 1.867418461490380155, -6.612736535334976296 ) ) ;
#4883 = CARTESIAN_POINT ( 'NONE',  ( 3.930903099441905191, 1.985975370094092751, -9.195699807442997198 ) ) ;
#4884 = ORIENTED_EDGE ( 'NONE', *, *, #4764, .T. ) ;
#4885 = SPHERICAL_SURFACE ( 'NONE', #2908, 0.5000000000000000000 ) ;
#4886 = ADVANCED_FACE ( 'NONE', ( #1457 ), #6628, .T. ) ;
#4887 = CARTESIAN_POINT ( 'NONE',  ( -9.138395661352966215, 10.00000000000000000, -2.596097982851433894 ) ) ;
#4888 = CARTESIAN_POINT ( 'NONE',  ( 7.502344536136377862, 1.867388762198125551, 6.612695775979767099 ) ) ;
#4889 = CARTESIAN_POINT ( 'NONE',  ( -9.619363854055754004, 2.500000000000000444, -2.732734718790983397 ) ) ;
#4890 = LINE ( 'NONE', #1059, #437 ) ;
#4891 = DIRECTION ( 'NONE',  ( -0.1156453502364918201, -0.000000000000000000, 0.9932905682471163678 ) ) ;
#4892 = CIRCLE ( 'NONE', #2311, 9.500000000000000000 ) ;
#4893 = ORIENTED_EDGE ( 'NONE', *, *, #2632, .F. ) ;
#4894 = DIRECTION ( 'NONE',  ( -0.000000000000000000, 1.000000000000000000, -0.000000000000000000 ) ) ;
#4895 = EDGE_CURVE ( 'NONE', #4141, #1699, #3676, .T. ) ;
#4896 = CARTESIAN_POINT ( 'NONE',  ( -2.596097982851398811, 2.500000000000000444, 9.138395661352976873 ) ) ;
#4897 = CARTESIAN_POINT ( 'NONE',  ( 2.911939321413941961, 2.321832774718788794, 9.567866486750920885 ) ) ;
#4898 = CARTESIAN_POINT ( 'NONE',  ( 4.392294266126599567, 1.864094386502770817, 8.984463655236336166 ) ) ;
#4899 = ORIENTED_EDGE ( 'NONE', *, *, #172, .F. ) ;
#4900 = DIRECTION ( 'NONE',  ( 0.9716864685947452784, 0.000000000000000000, 0.2362740077746028344 ) ) ;
#4901 = AXIS2_PLACEMENT_3D ( 'NONE', #7102, #2548, #2013 ) ;
#4902 = DIRECTION ( 'NONE',  ( -0.07555769727474681563, 0.000000000000000000, -0.9971414314842893534 ) ) ;
#4903 = DIRECTION ( 'NONE',  ( 0.000000000000000000, 0.000000000000000000, -1.000000000000000000 ) ) ;
#4904 = CARTESIAN_POINT ( 'NONE',  ( -2.394357833393303103, 8.000000000000000000, 0.1814307967061945803 ) ) ;
#4905 = DIRECTION ( 'NONE',  ( 0.000000000000000000, -1.000000000000000000, 0.000000000000000000 ) ) ;
#4906 = VERTEX_POINT ( 'NONE', #1489 ) ;
#4907 = LINE ( 'NONE', #5481, #738 ) ;
#4908 = CARTESIAN_POINT ( 'NONE',  ( -8.297540029607333167, 2.500000000000000000, -4.626103053009515520 ) ) ;
#4909 = EDGE_LOOP ( 'NONE', ( #6483, #4360, #553, #3998 ) ) ;
#4910 = EDGE_CURVE ( 'NONE', #6656, #1798, #3104, .T. ) ;
#4911 = CARTESIAN_POINT ( 'NONE',  ( -9.529018551433583895, 2.181049877636834555, 3.035713346349016906 ) ) ;
#4912 = CARTESIAN_POINT ( 'NONE',  ( 6.450700701127932035, 2.181508697813313358, -7.642397253626338482 ) ) ;
#4913 = CARTESIAN_POINT ( 'NONE',  ( 1.156453502364804375, 10.00000000000000000, 9.932905682471176334 ) ) ;
#4914 = ORIENTED_EDGE ( 'NONE', *, *, #449, .T. ) ;
#4915 = DIRECTION ( 'NONE',  ( 0.000000000000000000, -1.000000000000000000, -0.000000000000000000 ) ) ;
#4916 = AXIS2_PLACEMENT_3D ( 'NONE', #7116, #541, #2266 ) ;
#4917 = CYLINDRICAL_SURFACE ( 'NONE', #5303, 2.000000000000000000 ) ;
#4918 = CARTESIAN_POINT ( 'NONE',  ( 6.981733318280810785, 1.768515498480480508, 7.160420963995069776 ) ) ;
#4919 = ADVANCED_FACE ( 'NONE', ( #176 ), #5122, .F. ) ;
#4920 = TOROIDAL_SURFACE ( 'NONE', #3864, 9.500000000000000000, 0.5000000000000000000 ) ;
#4921 = TOROIDAL_SURFACE ( 'NONE', #624, 2.500000000000000000, 0.5000000000000000000 ) ;
#4922 = CARTESIAN_POINT ( 'NONE',  ( -8.840214275616604667, 2.279592747210303472, -4.462380288428884789 ) ) ;
#4923 = DIRECTION ( 'NONE',  ( 0.000000000000000000, 0.000000000000000000, 1.000000000000000000 ) ) ;
#4924 = CARTESIAN_POINT ( 'NONE',  ( 7.561418751232849012, 2.343452233630471948, 6.411709747915633528 ) ) ;
#4925 = ORIENTED_EDGE ( 'NONE', *, *, #7129, .F. ) ;
#4926 = CARTESIAN_POINT ( 'NONE',  ( -3.227999808065014076, 2.212746796842762542, 9.339547392334338838 ) ) ;
#4927 = CARTESIAN_POINT ( 'NONE',  ( 7.449293024680356368, 10.00000000000000000, -5.895594408746973158 ) ) ;
#4928 = CARTESIAN_POINT ( 'NONE',  ( 2.923754083661683545, 2.059185488125346630, 9.563339329250570842 ) ) ;
#4929 = AXIS2_PLACEMENT_3D ( 'NONE', #3423, #4189, #4116 ) ;
#4930 = CARTESIAN_POINT ( 'NONE',  ( 1.098630827246564134, 10.00001200000000168, 9.436260398347616984 ) ) ;
#4931 = EDGE_CURVE ( 'NONE', #5951, #5770, #751, .T. ) ;
#4932 = EDGE_CURVE ( 'NONE', #2956, #6817, #4150, .T. ) ;
#4933 = CIRCLE ( 'NONE', #6895, 0.4999999999999998890 ) ;
#4934 = CIRCLE ( 'NONE', #2714, 0.4999999999999995559 ) ;
#4935 = ORIENTED_EDGE ( 'NONE', *, *, #1580, .F. ) ;
#4936 = DIRECTION ( 'NONE',  ( -0.000000000000000000, -1.000000000000000000, -0.000000000000000000 ) ) ;
#4937 = CARTESIAN_POINT ( 'NONE',  ( 7.449293024680234687, 10.00000000000000000, 5.895594408747129478 ) ) ;
#4938 = CARTESIAN_POINT ( 'NONE',  ( 2.394357833393303103, 8.000000000000000000, -0.1814307967061945248 ) ) ;
#4939 = ORIENTED_EDGE ( 'NONE', *, *, #4996, .T. ) ;
#4940 = CARTESIAN_POINT ( 'NONE',  ( 0.000000000000000000, 0.000000000000000000, 0.000000000000000000 ) ) ;
#4941 = EDGE_LOOP ( 'NONE', ( #5126, #2886, #3058, #972 ) ) ;
#4942 = CARTESIAN_POINT ( 'NONE',  ( -6.368549229222938202, 9.500000000000000000, -7.611508121969626117 ) ) ;
#4943 = VERTEX_POINT ( 'NONE', #5690 ) ;
#4944 = EDGE_LOOP ( 'NONE', ( #6527, #3464, #2201, #5629 ) ) ;
#4945 = VERTEX_POINT ( 'NONE', #1827 ) ;
#4946 = CARTESIAN_POINT ( 'NONE',  ( -9.052480793569261053, 2.134320569921036359, 3.861085519973249447 ) ) ;
#4947 = CARTESIAN_POINT ( 'NONE',  ( 6.351233556578203654, 2.322848788353943927, -7.725627693846734090 ) ) ;
#4948 = CARTESIAN_POINT ( 'NONE',  ( 4.591460142829463464, 2.181049877636726197, -8.884607128713117419 ) ) ;
#4949 = ORIENTED_EDGE ( 'NONE', *, *, #1977, .T. ) ;
#4950 = CARTESIAN_POINT ( 'NONE',  ( -9.036978801079062151, 1.827366529454475641, 4.283506727573500150 ) ) ;
#4951 = EDGE_CURVE ( 'NONE', #6554, #3875, #6687, .T. ) ;
#4952 = VECTOR ( 'NONE', #5926, 1000.000000000000000 ) ;
#4953 = CARTESIAN_POINT ( 'NONE',  ( -9.532992089188500273, 1.982312691401852067, -3.022413074353912599 ) ) ;
#4954 = DIRECTION ( 'NONE',  ( 0.9619363854055734686, 0.000000000000000000, 0.2732734718791048900 ) ) ;
#4955 = ORIENTED_EDGE ( 'NONE', *, *, #5219, .F. ) ;
#4956 = CARTESIAN_POINT ( 'NONE',  ( -7.449240532993953501, 2.241156341101779859, -6.508004840427696891 ) ) ;
#4957 = ORIENTED_EDGE ( 'NONE', *, *, #7052, .F. ) ;
#4958 = DIRECTION ( 'NONE',  ( 0.000000000000000000, 0.000000000000000000, 1.000000000000000000 ) ) ;
#4959 = CARTESIAN_POINT ( 'NONE',  ( -9.884200519446100230, 2.413741176464116567, 0.8626134409954671067 ) ) ;
#4960 = DIRECTION ( 'NONE',  ( 0.000000000000000000, -1.000000000000000000, 0.000000000000000000 ) ) ;
#4961 = AXIS2_PLACEMENT_3D ( 'NONE', #4613, #2336, #4577 ) ;
#4962 = EDGE_CURVE ( 'NONE', #5960, #6446, #2964, .T. ) ;
#4963 = CARTESIAN_POINT ( 'NONE',  ( 1.987831504145224137, 8.000000000000000000, 1.987831504145222805 ) ) ;
#4964 = AXIS2_PLACEMENT_3D ( 'NONE', #3958, #5103, #2838 ) ;
#4965 = B_SPLINE_CURVE_WITH_KNOTS ( 'NONE', 3,
 ( #1100, #387, #2585, #4830, #3318, #5609 ),
 .UNSPECIFIED., .F., .F.,
 ( 4, 2, 4 ),
 ( 0.001821083575539159116, 0.001948737504667290028, 0.002076391433795420939 ),
 .UNSPECIFIED. ) ;
#4966 = ORIENTED_EDGE ( 'NONE', *, *, #886, .T. ) ;
#4967 = CARTESIAN_POINT ( 'NONE',  ( 4.321516740380989319, 2.212746796842759878, 8.886597848284445433 ) ) ;
#4968 = CARTESIAN_POINT ( 'NONE',  ( -4.470479223992246176, 9.500000000000000000, 10.79269157286920411 ) ) ;
#4969 = EDGE_CURVE ( 'NONE', #685, #7142, #5618, .T. ) ;
#4970 = CARTESIAN_POINT ( 'NONE',  ( -8.796570338259732225, 10.00001200000000168, 4.594978287206008538 ) ) ;
#4971 = DIRECTION ( 'NONE',  ( 0.000000000000000000, 0.000000000000000000, 1.000000000000000000 ) ) ;
#4972 = VERTEX_POINT ( 'NONE', #716 ) ;
#4973 = DIRECTION ( 'NONE',  ( 0.000000000000000000, 1.000000000000000000, 0.000000000000000000 ) ) ;
#4974 = DIRECTION ( 'NONE',  ( 0.000000000000000000, 0.000000000000000000, -1.000000000000000000 ) ) ;
#4975 = CIRCLE ( 'NONE', #6243, 10.00000000000000000 ) ;
#4976 = ORIENTED_EDGE ( 'NONE', *, *, #3227, .T. ) ;
#4977 = DIRECTION ( 'NONE',  ( -0.6205888851312685306, 0.000000000000000000, 0.7841361078610838975 ) ) ;
#4978 = EDGE_CURVE ( 'NONE', #1133, #1313, #1009, .T. ) ;
#4979 = ORIENTED_EDGE ( 'NONE', *, *, #225, .T. ) ;
#4980 = TOROIDAL_SURFACE ( 'NONE', #4869, 2.500000000000000000, 0.5000000000000000000 ) ;
#4981 = VERTEX_POINT ( 'NONE', #6808 ) ;
#4982 = EDGE_LOOP ( 'NONE', ( #6893, #5379, #863, #1702 ) ) ;
#4983 = DIRECTION ( 'NONE',  ( 0.000000000000000000, -3.469446951953614189E-15, 1.000000000000000000 ) ) ;
#4984 = CARTESIAN_POINT ( 'NONE',  ( 7.249987813959688943, 2.164537838121628255, -6.682430624000269326 ) ) ;
#4985 = DIRECTION ( 'NONE',  ( 0.6205888851312616472, -0.000000000000000000, 0.7841361078610892266 ) ) ;
#4986 = VECTOR ( 'NONE', #4753, 1000.000000000000114 ) ;
#4987 = CIRCLE ( 'NONE', #2409, 0.5000000000000003331 ) ;
#4988 = ORIENTED_EDGE ( 'NONE', *, *, #223, .T. ) ;
#4989 = LINE ( 'NONE', #5563, #2203 ) ;
#4990 = CARTESIAN_POINT ( 'NONE',  ( -9.418508755680717215, 1.827040335878402866, 3.362573923337216719 ) ) ;
#4991 = CARTESIAN_POINT ( 'NONE',  ( 6.205888885575164160, 2.376055744299645944, 7.841361051494484258 ) ) ;
#4992 = AXIS2_PLACEMENT_3D ( 'NONE', #3766, #5407, #6548 ) ;
#4993 = ORIENTED_EDGE ( 'NONE', *, *, #2541, .F. ) ;
#4994 = FACE_OUTER_BOUND ( 'NONE', #3457, .T. ) ;
#4995 = CARTESIAN_POINT ( 'NONE',  ( -9.138395661352966215, 2.500000000000000444, -2.596097982851432562 ) ) ;
#4996 = EDGE_CURVE ( 'NONE', #4615, #1105, #1937, .T. ) ;
#4997 = VERTEX_POINT ( 'NONE', #4092 ) ;
#4998 = CARTESIAN_POINT ( 'NONE',  ( -6.908873745391323595, 1.992783053389769243, -7.230516001408475724 ) ) ;
#4999 = VERTEX_POINT ( 'NONE', #5085 ) ;
#5000 = DIRECTION ( 'NONE',  ( 0.000000000000000000, -1.000000000000000000, 0.000000000000000000 ) ) ;
#5001 = CARTESIAN_POINT ( 'NONE',  ( -9.840963537470319267, 2.134291405717180901, 0.1711472729025647621 ) ) ;
#5002 = VECTOR ( 'NONE', #4423, 1000.000000000000000 ) ;
#5003 = CIRCLE ( 'NONE', #2193, 0.5000000000000004441 ) ;
#5004 = EDGE_CURVE ( 'NONE', #4004, #4485, #1119, .T. ) ;
#5005 = ORIENTED_EDGE ( 'NONE', *, *, #7181, .F. ) ;
#5006 = ORIENTED_EDGE ( 'NONE', *, *, #698, .T. ) ;
#5007 = FACE_OUTER_BOUND ( 'NONE', #1092, .T. ) ;
#5008 = VECTOR ( 'NONE', #3938, 1000.000000000000000 ) ;
#5009 = CARTESIAN_POINT ( 'NONE',  ( -1.098630827246566799, 10.00000000000000000, 9.436260398347616984 ) ) ;
#5010 = CARTESIAN_POINT ( 'NONE',  ( -0.5917922777745832086, 2.212741521464318684, -9.863917655443572130 ) ) ;
#5011 = DIRECTION ( 'NONE',  ( 1.000000000000000000, 0.000000000000000000, 0.000000000000000000 ) ) ;
#5012 = VERTEX_POINT ( 'NONE', #6843 ) ;
#5013 = DIRECTION ( 'NONE',  ( 0.000000000000000000, 0.000000000000000000, 1.000000000000000000 ) ) ;
#5014 = EDGE_CURVE ( 'NONE', #5918, #5666, #4650, .T. ) ;
#5015 = FACE_OUTER_BOUND ( 'NONE', #1954, .T. ) ;
#5016 = AXIS2_PLACEMENT_3D ( 'NONE', #4798, #925, #1599 ) ;
#5017 = CARTESIAN_POINT ( 'NONE',  ( -7.536785282756063964, 2.314916786199594956, 6.432881416101488448 ) ) ;
#5018 = ORIENTED_EDGE ( 'NONE', *, *, #1319, .F. ) ;
#5019 = DIRECTION ( 'NONE',  ( 0.9971414314842893534, 0.000000000000000000, -0.07555769727474681563 ) ) ;
#5020 = ORIENTED_EDGE ( 'NONE', *, *, #5458, .F. ) ;
#5021 = ORIENTED_EDGE ( 'NONE', *, *, #4600, .T. ) ;
#5022 = ADVANCED_FACE ( 'NONE', ( #3404 ), #6354, .T. ) ;
#5023 = EDGE_CURVE ( 'NONE', #6692, #2572, #2393, .T. ) ;
#5024 = CARTESIAN_POINT ( 'NONE',  ( -8.947791336897486403, 2.164715090713907664, 4.142024133190993496 ) ) ;
#5025 = CARTESIAN_POINT ( 'NONE',  ( 9.870053336883946926, 2.242932669926582800, 0.6742980716537674279 ) ) ;
#5026 = EDGE_LOOP ( 'NONE', ( #2812, #5070, #721, #2048, #3700 ) ) ;
#5027 = CYLINDRICAL_SURFACE ( 'NONE', #2094, 0.5000000000000004441 ) ;
#5028 = DIRECTION ( 'NONE',  ( 0.000000000000000000, 0.000000000000000000, -1.000000000000000000 ) ) ;
#5029 = CARTESIAN_POINT ( 'NONE',  ( -4.344083193790301500, 2.221967066347261710, -8.879146912201994368 ) ) ;
#5030 = ORIENTED_EDGE ( 'NONE', *, *, #1013, .F. ) ;
#5031 = CARTESIAN_POINT ( 'NONE',  ( -7.449293024680273767, 9.500000000000000000, -5.895594408747078852 ) ) ;
#5032 = LINE ( 'NONE', #5859, #432 ) ;
#5033 = ORIENTED_EDGE ( 'NONE', *, *, #6858, .T. ) ;
#5034 = DIRECTION ( 'NONE',  ( -0.000000000000000000, 1.000000000000000000, -0.000000000000000000 ) ) ;
#5035 = VERTEX_POINT ( 'NONE', #2931 ) ;
#5036 = DIRECTION ( 'NONE',  ( 0.000000000000000000, 1.000000000000000000, 0.000000000000000000 ) ) ;
#5037 = DIRECTION ( 'NONE',  ( 0.000000000000000000, 0.000000000000000000, 1.000000000000000000 ) ) ;
#5038 = LINE ( 'NONE', #2252, #3584 ) ;
#5039 = CIRCLE ( 'NONE', #501, 0.5000000000000004441 ) ;
#5040 = EDGE_LOOP ( 'NONE', ( #4385, #4203, #4476, #5309 ) ) ;
#5041 = ORIENTED_EDGE ( 'NONE', *, *, #5482, .F. ) ;
#5042 = CARTESIAN_POINT ( 'NONE',  ( 1.987831504145222361, 8.000000000000000000, -1.987831504145223693 ) ) ;
#5043 = AXIS2_PLACEMENT_3D ( 'NONE', #2446, #6886, #2614 ) ;
#5044 = CARTESIAN_POINT ( 'NONE',  ( -4.626103053009482657, 10.00000000000000000, 8.297540029607349155 ) ) ;
#5045 = ORIENTED_EDGE ( 'NONE', *, *, #2580, .T. ) ;
#5046 = ADVANCED_FACE ( 'NONE', ( #5229 ), #786, .F. ) ;
#5047 = CARTESIAN_POINT ( 'NONE',  ( 4.470479223992252393, 2.293003971280350051, -8.837551326248092920 ) ) ;
#5048 = TOROIDAL_SURFACE ( 'NONE', #5854, 2.500000000000000000, 0.5000000000000000000 ) ;
#5049 = DIRECTION ( 'NONE',  ( 0.000000000000000000, -1.000000000000000000, 0.000000000000000000 ) ) ;
#5050 = ORIENTED_EDGE ( 'NONE', *, *, #6010, .F. ) ;
#5051 = DIRECTION ( 'NONE',  ( 0.8734252662744628193, 0.000000000000000000, -0.4869582161062526726 ) ) ;
#5052 = TOROIDAL_SURFACE ( 'NONE', #2128, 1.500000000000000000, 0.5000000000000000000 ) ;
#5053 = ORIENTED_EDGE ( 'NONE', *, *, #4383, .T. ) ;
#5054 = ADVANCED_FACE ( 'NONE', ( #214 ), #6306, .T. ) ;
#5055 = ORIENTED_EDGE ( 'NONE', *, *, #4173, .F. ) ;
#5056 = CARTESIAN_POINT ( 'NONE',  ( -4.470479223992246176, 10.00001200000000168, 8.792691572869204109 ) ) ;
#5057 = FACE_OUTER_BOUND ( 'NONE', #3594, .T. ) ;
#5058 = CARTESIAN_POINT ( 'NONE',  ( 1.260587625341246687, 8.000000000000000000, -2.043718524445536033 ) ) ;
#5059 = ORIENTED_EDGE ( 'NONE', *, *, #6867, .T. ) ;
#5060 = FACE_OUTER_BOUND ( 'NONE', #3578, .T. ) ;
#5061 = DIRECTION ( 'NONE',  ( 0.8982659121149889625, 0.000000000000000000, -0.4394523308986160726 ) ) ;
#5062 = EDGE_CURVE ( 'NONE', #2195, #4154, #2262, .T. ) ;
#5063 = ADVANCED_FACE ( 'NONE', ( #3587 ), #959, .T. ) ;
#5064 = CARTESIAN_POINT ( 'NONE',  ( 6.612736535335025145, 1.867418461490499615, 7.502303277451150443 ) ) ;
#5065 = DIRECTION ( 'NONE',  ( -0.9980606173047409380, 0.000000000000000000, -0.06224953160690814558 ) ) ;
#5066 = CARTESIAN_POINT ( 'NONE',  ( -1.830433831214388851, 8.000000000000000000, 1.554148821017839577 ) ) ;
#5067 = AXIS2_PLACEMENT_3D ( 'NONE', #4300, #1495, #4788 ) ;
#5068 = ORIENTED_EDGE ( 'NONE', *, *, #3281, .F. ) ;
#5069 = CARTESIAN_POINT ( 'NONE',  ( -6.704975473565736976, 1.829075679051555658, -7.420172320006874322 ) ) ;
#5070 = ORIENTED_EDGE ( 'NONE', *, *, #182, .F. ) ;
#5071 = CARTESIAN_POINT ( 'NONE',  ( 0.000000000000000000, 10.00000000000000000, 0.000000000000000000 ) ) ;
#5072 = DIRECTION ( 'NONE',  ( -1.258604051642406670E-15, 1.000000000000000000, 9.960970772803778582E-16 ) ) ;
#5073 = EDGE_CURVE ( 'NONE', #3008, #350, #287, .T. ) ;
#5074 = DIRECTION ( 'NONE',  ( 0.000000000000000000, 0.000000000000000000, 1.000000000000000000 ) ) ;
#5075 = CARTESIAN_POINT ( 'NONE',  ( -9.436260398347622314, 9.500000000000000000, 1.098630827246531272 ) ) ;
#5076 = AXIS2_PLACEMENT_3D ( 'NONE', #2280, #3959, #5568 ) ;
#5077 = VERTEX_POINT ( 'NONE', #7026 ) ;
#5078 = CARTESIAN_POINT ( 'NONE',  ( -4.238971915911019295, 2.024441704241340734, -9.057951044157043441 ) ) ;
#5079 = ORIENTED_EDGE ( 'NONE', *, *, #1013, .T. ) ;
#5080 = FILL_AREA_STYLE ('',( #4496 ) ) ;
#5081 = DIRECTION ( 'NONE',  ( 1.000000000000000000, -0.000000000000000000, 0.000000000000000000 ) ) ;
#5082 = VERTEX_POINT ( 'NONE', #2017 ) ;
#5083 = CARTESIAN_POINT ( 'NONE',  ( -7.587297981928558421, 2.377840714399346744, 6.389449519739637928 ) ) ;
#5084 = AXIS2_PLACEMENT_3D ( 'NONE', #5535, #1595, #4923 ) ;
#5085 = CARTESIAN_POINT ( 'NONE',  ( 9.885393354405099586, 2.500000000000000444, 0.8789046617973582665 ) ) ;
#5086 = CARTESIAN_POINT ( 'NONE',  ( 0.9501942713743030122, 2.051424616008498791, -9.955064202180714972 ) ) ;
#5087 = ORIENTED_EDGE ( 'NONE', *, *, #4786, .T. ) ;
#5088 = EDGE_CURVE ( 'NONE', #2316, #6952, #1945, .T. ) ;
#5089 = DIRECTION ( 'NONE',  ( -0.9249892435672766311, 0.000000000000000000, -0.3799932884734116278 ) ) ;
#5090 = VECTOR ( 'NONE', #3617, 1000.000000000000114 ) ;
#5091 = ORIENTED_EDGE ( 'NONE', *, *, #274, .T. ) ;
#5092 = EDGE_LOOP ( 'NONE', ( #6052, #6119, #6257 ) ) ;
#5093 = AXIS2_PLACEMENT_3D ( 'NONE', #6827, #3494, #3021 ) ;
#5094 = CARTESIAN_POINT ( 'NONE',  ( 9.501796650728058680, 2.127336489724617419, 3.120200068441970842 ) ) ;
#5095 = CARTESIAN_POINT ( 'NONE',  ( 9.140544747021426275, 1.779361857681294401, -4.057814370325335318 ) ) ;
#5096 = EDGE_CURVE ( 'NONE', #2997, #6385, #929, .T. ) ;
#5097 = CARTESIAN_POINT ( 'NONE',  ( -6.448641078955059669, 1.975531022569853468, -7.643810160369056028 ) ) ;
#5098 = ORIENTED_EDGE ( 'NONE', *, *, #4291, .F. ) ;
#5099 = CARTESIAN_POINT ( 'NONE',  ( 0.6290186756683094904, 1.867418461490406356, -9.980840368339201518 ) ) ;
#5100 = DIRECTION ( 'NONE',  ( -0.4869582161062552816, 0.000000000000000000, -0.8734252662744613760 ) ) ;
#5101 = AXIS2_PLACEMENT_3D ( 'NONE', #4038, #6254, #6331 ) ;
#5102 = CARTESIAN_POINT ( 'NONE',  ( 6.389449519739502037, 2.377840714399260591, 7.587297981928855961 ) ) ;
#5103 = DIRECTION ( 'NONE',  ( 0.000000000000000000, 1.000000000000000000, 0.000000000000000000 ) ) ;
#5104 = FACE_OUTER_BOUND ( 'NONE', #5200, .T. ) ;
#5105 = EDGE_CURVE ( 'NONE', #2530, #4141, #6885, .T. ) ;
#5106 = ORIENTED_EDGE ( 'NONE', *, *, #3281, .T. ) ;
#5107 = CARTESIAN_POINT ( 'NONE',  ( -7.382627187773086241, 2.024441704241419782, -6.746271253705794280 ) ) ;
#5108 = ORIENTED_EDGE ( 'NONE', *, *, #2396, .F. ) ;
#5109 = CARTESIAN_POINT ( 'NONE',  ( -4.470479223992169793, 10.00001200000000168, -10.79269157286923075 ) ) ;
#5110 = LINE ( 'NONE', #6329, #6911 ) ;
#5111 = AXIS2_PLACEMENT_3D ( 'NONE', #6871, #4790, #2508 ) ;
#5112 = CARTESIAN_POINT ( 'NONE',  ( -10.79269157286921654, 2.500000000000000444, 4.470479223992207096 ) ) ;
#5113 = EDGE_CURVE ( 'NONE', #1127, #2615, #5775, .T. ) ;
#5114 = AXIS2_PLACEMENT_3D ( 'NONE', #3112, #3788, #5326 ) ;
#5115 = ORIENTED_EDGE ( 'NONE', *, *, #594, .F. ) ;
#5116 = CARTESIAN_POINT ( 'NONE',  ( 4.086428952008176019, 2.147342056939914201, 8.966837034307449272 ) ) ;
#5117 = ORIENTED_EDGE ( 'NONE', *, *, #3241, .T. ) ;
#5118 = DIRECTION ( 'NONE',  ( 0.000000000000000000, 1.000000000000000000, 0.000000000000000000 ) ) ;
#5119 = CARTESIAN_POINT ( 'NONE',  ( 0.1711034888142190791, 2.134289031220173438, -9.840962589317538090 ) ) ;
#5120 = VERTEX_POINT ( 'NONE', #6412 ) ;
#5121 = CARTESIAN_POINT ( 'NONE',  ( -7.381682485265462113, 2.024215165943862527, 6.747289020922946357 ) ) ;
#5122 = PLANE ( 'NONE',  #2982 ) ;
#5123 = DIRECTION ( 'NONE',  ( 0.000000000000000000, 1.000000000000000000, 0.000000000000000000 ) ) ;
#5124 = AXIS2_PLACEMENT_3D ( 'NONE', #2559, #3258, #360 ) ;
#5125 = DIRECTION ( 'NONE',  ( 0.000000000000000000, 0.000000000000000000, 1.000000000000000000 ) ) ;
#5126 = ORIENTED_EDGE ( 'NONE', *, *, #141, .T. ) ;
#5127 = AXIS2_PLACEMENT_3D ( 'NONE', #3191, #7107, #4868 ) ;
#5128 = CARTESIAN_POINT ( 'NONE',  ( 7.158925180614832406, 1.768517871363068927, -6.983228393756097496 ) ) ;
#5129 = CYLINDRICAL_SURFACE ( 'NONE', #894, 0.4999999999999995559 ) ;
#5130 = DIRECTION ( 'NONE',  ( 0.000000000000000000, 0.000000000000000000, 1.000000000000000000 ) ) ;
#5131 = ORIENTED_EDGE ( 'NONE', *, *, #5596, .F. ) ;
#5132 = CARTESIAN_POINT ( 'NONE',  ( -0.8475496155052992808, 2.378544800989004226, -9.883093623299815889 ) ) ;
#5133 = CARTESIAN_POINT ( 'NONE',  ( 9.157360018292944659, 2.134291405717181345, 3.607854241819100416 ) ) ;
#5134 = EDGE_CURVE ( 'NONE', #4615, #3430, #128, .T. ) ;
#5135 = CARTESIAN_POINT ( 'NONE',  ( -2.970974231079499983, 2.423344562805407776, -9.469254843656241150 ) ) ;
#5136 = FACE_OUTER_BOUND ( 'NONE', #7027, .T. ) ;
#5137 = CARTESIAN_POINT ( 'NONE',  ( 2.596097982851267361, 9.500000000000000000, 9.138395661353012400 ) ) ;
#5138 = CARTESIAN_POINT ( 'NONE',  ( -1.276266388579325284, 8.000000000000000000, -2.504813822048897354 ) ) ;
#5139 = EDGE_LOOP ( 'NONE', ( #4471, #55, #2608, #2751 ) ) ;
#5140 = CARTESIAN_POINT ( 'NONE',  ( 2.995828026329736549, 8.000000000000000000, 0.9734035322810841162 ) ) ;
#5141 = PLANE ( 'NONE',  #2370 ) ;
#5142 = ADVANCED_FACE ( 'NONE', ( #2482 ), #1985, .T. ) ;
#5143 = VERTEX_POINT ( 'NONE', #2445 ) ;
#5144 = FACE_OUTER_BOUND ( 'NONE', #2655, .T. ) ;
#5145 = ORIENTED_EDGE ( 'NONE', *, *, #2413, .T. ) ;
#5146 = CARTESIAN_POINT ( 'NONE',  ( 9.579266317303774869, 2.409665417632331330, -2.873880065552944618 ) ) ;
#5147 = CARTESIAN_POINT ( 'NONE',  ( 9.885393354405099586, 10.00001200000000168, 0.8789046617973562681 ) ) ;
#5148 = CIRCLE ( 'NONE', #6414, 2.000000000000000000 ) ;
#5149 = FACE_OUTER_BOUND ( 'NONE', #3406, .T. ) ;
#5150 = ORIENTED_EDGE ( 'NONE', *, *, #826, .F. ) ;
#5151 = EDGE_CURVE ( 'NONE', #4224, #4117, #6004, .T. ) ;
#5152 = CARTESIAN_POINT ( 'NONE',  ( -6.681597265112774409, 2.164715090713899226, 7.250902820713593044 ) ) ;
#5153 = EDGE_CURVE ( 'NONE', #3841, #5516, #4688, .T. ) ;
#5154 = VECTOR ( 'NONE', #3588, 1000.000000000000000 ) ;
#5155 = AXIS2_PLACEMENT_3D ( 'NONE', #6359, #5856, #2981 ) ;
#5156 = CARTESIAN_POINT ( 'NONE',  ( -8.260368511126690905, 10.00001200000000168, -8.260368511126776170 ) ) ;
#5157 = ORIENTED_EDGE ( 'NONE', *, *, #1931, .T. ) ;
#5158 = CARTESIAN_POINT ( 'NONE',  ( -0.2048726159298305260, 2.139924804626961219, 9.843397292504308282 ) ) ;
#5159 = CARTESIAN_POINT ( 'NONE',  ( 2.596097982851460539, 9.500000000000000000, -9.138395661352959110 ) ) ;
#5160 = CARTESIAN_POINT ( 'NONE',  ( 9.987920442738138505, 1.829430187479047509, -0.5073013465712057357 ) ) ;
#5161 = VERTEX_POINT ( 'NONE', #4133 ) ;
#5162 = ORIENTED_EDGE ( 'NONE', *, *, #6643, .F. ) ;
#5163 = CARTESIAN_POINT ( 'NONE',  ( -8.734252662744593110, 9.500000000000000000, 4.869582161062587566 ) ) ;
#5164 = PLANE ( 'NONE',  #1583 ) ;
#5165 = VECTOR ( 'NONE', #1996, 1000.000000000000000 ) ;
#5166 = CIRCLE ( 'NONE', #5737, 0.5000000000000008882 ) ;
#5167 = DIRECTION ( 'NONE',  ( 0.000000000000000000, 0.000000000000000000, 1.000000000000000000 ) ) ;
#5168 = VERTEX_POINT ( 'NONE', #1369 ) ;
#5169 = CARTESIAN_POINT ( 'NONE',  ( -1.156453416813703283, 2.377026804319493536, -9.932905692431591049 ) ) ;
#5170 = DIRECTION ( 'NONE',  ( 0.000000000000000000, 1.000000000000000000, 0.000000000000000000 ) ) ;
#5171 = FACE_OUTER_BOUND ( 'NONE', #6618, .T. ) ;
#5172 = DIRECTION ( 'NONE',  ( -1.000000000000000000, 0.000000000000000000, 0.000000000000000000 ) ) ;
#5173 = DIRECTION ( 'NONE',  ( 1.000000000000000000, -0.000000000000000000, 0.000000000000000000 ) ) ;
#5174 = AXIS2_PLACEMENT_3D ( 'NONE', #634, #6653, #4376 ) ;
#5175 = ORIENTED_EDGE ( 'NONE', *, *, #4201, .F. ) ;
#5176 = DIRECTION ( 'NONE',  ( 0.000000000000000000, 0.000000000000000000, -1.000000000000000000 ) ) ;
#5177 = EDGE_CURVE ( 'NONE', #4102, #4041, #5298, .T. ) ;
#5178 = DIRECTION ( 'NONE',  ( 9.960970772803800276E-16, -1.000000000000000000, 1.258604051642383990E-15 ) ) ;
#5179 = CARTESIAN_POINT ( 'NONE',  ( 9.138395661353005295, 9.500000000000000000, -2.596097982851297559 ) ) ;
#5180 = AXIS2_PLACEMENT_3D ( 'NONE', #6982, #2005, #4818 ) ;
#5181 = CARTESIAN_POINT ( 'NONE',  ( 0.000000000000000000, 9.500000000000000000, 0.000000000000000000 ) ) ;
#5182 = EDGE_LOOP ( 'NONE', ( #5871, #5045 ) ) ;
#5183 = ORIENTED_EDGE ( 'NONE', *, *, #5767, .T. ) ;
#5184 = EDGE_CURVE ( 'NONE', #4154, #3687, #4767, .T. ) ;
#5185 = AXIS2_PLACEMENT_3D ( 'NONE', #7144, #3326, #5011 ) ;
#5186 = CARTESIAN_POINT ( 'NONE',  ( 8.840032644896245628, 2.279919447647848596, -4.462933545236052346 ) ) ;
#5187 = DIRECTION ( 'NONE',  ( 0.07555769727474684339, 0.000000000000000000, 0.9971414314842893534 ) ) ;
#5188 = CARTESIAN_POINT ( 'NONE',  ( 0.8630386382379379162, 2.414535957389702947, -9.884232040246999418 ) ) ;
#5189 = CARTESIAN_POINT ( 'NONE',  ( -7.030215759954828947, 2.134257748930234566, 6.886989335207009510 ) ) ;
#5190 = TOROIDAL_SURFACE ( 'NONE', #6096, 9.500000000000000000, 0.5000000000000000000 ) ;
#5191 = CARTESIAN_POINT ( 'NONE',  ( 0.000000000000000000, 9.500000000000000000, 0.000000000000000000 ) ) ;
#5192 = CARTESIAN_POINT ( 'NONE',  ( -8.734252662744594886, 10.00000000000000000, 4.869582161062589343 ) ) ;
#5193 = VERTEX_POINT ( 'NONE', #4212 ) ;
#5194 = DIRECTION ( 'NONE',  ( 0.7622926637108774495, 0.000000000000000000, -0.6472324890273780662 ) ) ;
#5195 = EDGE_CURVE ( 'NONE', #6520, #621, #2631, .T. ) ;
#5196 = LINE ( 'NONE', #6742, #6640 ) ;
#5197 = DIRECTION ( 'NONE',  ( 0.3799932884734130156, 0.000000000000000000, -0.9249892435672760760 ) ) ;
#5198 = VECTOR ( 'NONE', #4500, 1000.000000000000000 ) ;
#5199 = VERTEX_POINT ( 'NONE', #2084 ) ;
#5200 = EDGE_LOOP ( 'NONE', ( #6663, #1338, #1667, #3635 ) ) ;
#5201 = CARTESIAN_POINT ( 'NONE',  ( 6.205888851312740151, 2.371852820628066461, -7.841361078610794344 ) ) ;
#5202 = CARTESIAN_POINT ( 'NONE',  ( 9.458681375157453886, 1.863989508453880894, -3.247483976280308493 ) ) ;
#5203 = CIRCLE ( 'NONE', #4626, 2.000000000000000000 ) ;
#5204 = EDGE_CURVE ( 'NONE', #5956, #3152, #4023, .T. ) ;
#5205 = DIRECTION ( 'NONE',  ( 0.000000000000000000, 1.000000000000000000, 0.000000000000000000 ) ) ;
#5206 = ORIENTED_EDGE ( 'NONE', *, *, #3911, .F. ) ;
#5207 = CARTESIAN_POINT ( 'NONE',  ( 0.5565875801683189961, 2.048970607329060112, -9.985235750618224770 ) ) ;
#5208 = CARTESIAN_POINT ( 'NONE',  ( 9.424708236607845180, 2.314666110110169761, 3.059262728102271733 ) ) ;
#5209 = DIRECTION ( 'NONE',  ( 0.000000000000000000, 0.000000000000000000, 1.000000000000000000 ) ) ;
#5210 = DIRECTION ( 'NONE',  ( 0.000000000000000000, 0.000000000000000000, 1.000000000000000000 ) ) ;
#5211 = CARTESIAN_POINT ( 'NONE',  ( 9.462109755037470649, 2.414533010808959990, -2.985189123993070570 ) ) ;
#5212 = DIRECTION ( 'NONE',  ( 0.000000000000000000, -1.000000000000000000, 0.000000000000000000 ) ) ;
#5213 = AXIS2_PLACEMENT_3D ( 'NONE', #5828, #1970, #1279 ) ;
#5214 = ORIENTED_EDGE ( 'NONE', *, *, #5004, .T. ) ;
#5215 = DIRECTION ( 'NONE',  ( 0.000000000000000000, 1.000000000000000000, 0.000000000000000000 ) ) ;
#5216 = CARTESIAN_POINT ( 'NONE',  ( 2.221104420305842542, 8.000000000000000000, 0.9124482025973593702 ) ) ;
#5217 = CARTESIAN_POINT ( 'NONE',  ( 9.964817015740026207, 1.975903690497188725, -0.8457292328690412253 ) ) ;
#5218 = VECTOR ( 'NONE', #5296, 1000.000000000000000 ) ;
#5219 = EDGE_CURVE ( 'NONE', #5644, #2215, #1480, .T. ) ;
#5220 = CARTESIAN_POINT ( 'NONE',  ( -7.611508121969602136, 2.500000000000000444, 6.368549229222964847 ) ) ;
#5221 = ORIENTED_EDGE ( 'NONE', *, *, #355, .F. ) ;
#5222 = DIRECTION ( 'NONE',  ( 0.07555769727474785646, 0.000000000000000000, -0.9971414314842893534 ) ) ;
#5223 = CIRCLE ( 'NONE', #2073, 0.4999999999999995559 ) ;
#5224 = CARTESIAN_POINT ( 'NONE',  ( 8.806444720498282308, 2.378544800989002450, -4.565129932703140270 ) ) ;
#5225 = DIRECTION ( 'NONE',  ( -0.6472324890273780662, 0.000000000000000000, -0.7622926637108774495 ) ) ;
#5226 = ORIENTED_EDGE ( 'NONE', *, *, #5949, .T. ) ;
#5227 = CARTESIAN_POINT ( 'NONE',  ( -6.459234499842949617, 2.279919447647861031, 7.506146992170039667 ) ) ;
#5228 = ADVANCED_FACE ( 'NONE', ( #6985 ), #7043, .T. ) ;
#5229 = FACE_OUTER_BOUND ( 'NONE', #2236, .T. ) ;
#5230 = DIRECTION ( 'NONE',  ( -0.8734252662744651508, 3.030302627835214092E-15, 0.4869582161062484538 ) ) ;
#5231 = ORIENTED_EDGE ( 'NONE', *, *, #5246, .T. ) ;
#5232 = CARTESIAN_POINT ( 'NONE',  ( 0.7402789226335256823, 2.279919447647817510, 9.875015954859554412 ) ) ;
#5233 = CARTESIAN_POINT ( 'NONE',  ( 0.9124482025973557064, 8.000000000000000000, -2.221104420305846538 ) ) ;
#5234 = CARTESIAN_POINT ( 'NONE',  ( 9.998058371801505473, 1.992783053389847403, 0.2274354203459244272 ) ) ;
#5235 = EDGE_CURVE ( 'NONE', #4672, #221, #6873, .T. ) ;
#5236 = EDGE_LOOP ( 'NONE', ( #1219, #3298, #4740, #4278 ) ) ;
#5237 = ORIENTED_EDGE ( 'NONE', *, *, #5668, .F. ) ;
#5238 = CIRCLE ( 'NONE', #7082, 0.5000000000000001110 ) ;
#5239 = DIRECTION ( 'NONE',  ( 0.2362740077746005030, 0.000000000000000000, 0.9716864685947457225 ) ) ;
#5240 = DIRECTION ( 'NONE',  ( 0.000000000000000000, 0.000000000000000000, 1.000000000000000000 ) ) ;
#5241 = VERTEX_POINT ( 'NONE', #241 ) ;
#5242 = CARTESIAN_POINT ( 'NONE',  ( -1.010707579139243473, 2.500000000000000000, -9.949874371066197654 ) ) ;
#5243 = CIRCLE ( 'NONE', #1989, 0.5000000000000000000 ) ;
#5244 = CARTESIAN_POINT ( 'NONE',  ( -8.967023712798500412, 2.147145517465062436, -4.085870468678343137 ) ) ;
#5245 = ADVANCED_FACE ( 'NONE', ( #6402 ), #6950, .T. ) ;
#5246 = EDGE_CURVE ( 'NONE', #890, #776, #4124, .T. ) ;
#5247 = DIRECTION ( 'NONE',  ( 0.9619363854055792418, 0.000000000000000000, -0.2732734718790845729 ) ) ;
#5248 = CARTESIAN_POINT ( 'NONE',  ( 9.229789989832722696, 2.147145517465061548, -3.451496558928023983 ) ) ;
#5249 = ORIENTED_EDGE ( 'NONE', *, *, #3802, .F. ) ;
#5250 = CYLINDRICAL_SURFACE ( 'NONE', #474, 2.000000000000000000 ) ;
#5251 = CARTESIAN_POINT ( 'NONE',  ( 2.970974231079632766, 2.500000000000000444, -9.469254843656200293 ) ) ;
#5252 = VECTOR ( 'NONE', #6416, 1000.000000000000000 ) ;
#5253 = SPHERICAL_SURFACE ( 'NONE', #2998, 0.5000000000000000000 ) ;
#5254 = DIRECTION ( 'NONE',  ( 0.000000000000000000, 0.000000000000000000, 1.000000000000000000 ) ) ;
#5255 = CARTESIAN_POINT ( 'NONE',  ( -5.095752233843723986E-17, 9.500000000000000000, 11.68192517863507618 ) ) ;
#5256 = CARTESIAN_POINT ( 'NONE',  ( -9.932905687524199223, 2.376055744299621963, -1.156453458963826453 ) ) ;
#5257 = ORIENTED_EDGE ( 'NONE', *, *, #5134, .T. ) ;
#5258 = VERTEX_POINT ( 'NONE', #5220 ) ;
#5259 = CARTESIAN_POINT ( 'NONE',  ( 9.281909929401374271, 1.985975370094303694, -3.722773453796067944 ) ) ;
#5260 = CARTESIAN_POINT ( 'NONE',  ( 3.932605539365118030, 1.986052934431205008, 9.194972181005612200 ) ) ;
#5261 = DIRECTION ( 'NONE',  ( 0.000000000000000000, 0.000000000000000000, 1.000000000000000000 ) ) ;
#5262 = DIRECTION ( 'NONE',  ( 0.000000000000000000, 0.000000000000000000, 1.000000000000000000 ) ) ;
#5263 = CARTESIAN_POINT ( 'NONE',  ( -5.095752233843723986E-17, 2.500000000000000444, 11.68192517863507618 ) ) ;
#5264 = CARTESIAN_POINT ( 'NONE',  ( 7.536565878395755647, 2.314666110110170205, 6.433069916092962970 ) ) ;
#5265 = CARTESIAN_POINT ( 'NONE',  ( -1.156453458963273118, 2.376055744299624184, 9.932905687524263172 ) ) ;
#5266 = CIRCLE ( 'NONE', #5843, 0.5000000000000004441 ) ;
#5267 = EDGE_CURVE ( 'NONE', #1337, #708, #5203, .T. ) ;
#5268 = DIRECTION ( 'NONE',  ( 0.000000000000000000, 0.000000000000000000, 1.000000000000000000 ) ) ;
#5269 = AXIS2_PLACEMENT_3D ( 'NONE', #1339, #261, #6276 ) ;
#5270 = ORIENTED_EDGE ( 'NONE', *, *, #4375, .F. ) ;
#5271 = EDGE_LOOP ( 'NONE', ( #3215, #4270, #4662, #2924 ) ) ;
#5272 = CARTESIAN_POINT ( 'NONE',  ( 8.980379107744491662, 1.867418461490473414, 4.400639730061438826 ) ) ;
#5273 = ORIENTED_EDGE ( 'NONE', *, *, #5195, .T. ) ;
#5274 = ADVANCED_FACE ( 'NONE', ( #6913 ), #1012, .T. ) ;
#5275 = VECTOR ( 'NONE', #288, 999.9999999999998863 ) ;
#5276 = CARTESIAN_POINT ( 'NONE',  ( -9.339547392334324627, 2.212746796842761210, -3.227999808065046050 ) ) ;
#5277 = CIRCLE ( 'NONE', #978, 0.5000000000000004441 ) ;
#5278 = DIRECTION ( 'NONE',  ( 0.2732734718790845174, -0.000000000000000000, 0.9619363854055794638 ) ) ;
#5279 = DIRECTION ( 'NONE',  ( -0.07555769727474784259, 0.000000000000000000, 0.9971414314842893534 ) ) ;
#5280 = CARTESIAN_POINT ( 'NONE',  ( -2.548403532281084960, 8.000000000000000000, -1.851523544721290326 ) ) ;
#5281 = EDGE_LOOP ( 'NONE', ( #1680, #664, #5447, #3541 ) ) ;
#5282 = DIRECTION ( 'NONE',  ( -0.000000000000000000, -1.000000000000000000, -0.000000000000000000 ) ) ;
#5283 = EDGE_CURVE ( 'NONE', #708, #97, #6437, .T. ) ;
#5284 = EDGE_CURVE ( 'NONE', #3944, #5566, #6109, .T. ) ;
#5285 = CARTESIAN_POINT ( 'NONE',  ( 7.449293024680232023, 2.500000000000000444, 5.895594408747131254 ) ) ;
#5286 = PRODUCT_DEFINITION_CONTEXT ( 'detailed design', #1723, 'design' ) ;
#5287 = CYLINDRICAL_SURFACE ( 'NONE', #6700, 0.5000000000000004441 ) ;
#5288 = CARTESIAN_POINT ( 'NONE',  ( -9.436260398347613432, 9.500000000000000000, -1.098630827246599662 ) ) ;
#5289 = FACE_OUTER_BOUND ( 'NONE', #2915, .T. ) ;
#5290 = ORIENTED_EDGE ( 'NONE', *, *, #2150, .F. ) ;
#5291 = EDGE_LOOP ( 'NONE', ( #4060, #6266, #6210, #4523 ) ) ;
#5292 = CARTESIAN_POINT ( 'NONE',  ( 4.869582161062682601, 10.00000000000000000, -8.734252662744543372 ) ) ;
#5293 = EDGE_CURVE ( 'NONE', #38, #2291, #5791, .T. ) ;
#5294 = CARTESIAN_POINT ( 'NONE',  ( 9.372453886955778302, 2.240934156756816620, -3.162415667432366906 ) ) ;
#5295 = CARTESIAN_POINT ( 'NONE',  ( 4.238971915910895838, 2.024441704241394024, 9.057951044156970610 ) ) ;
#5296 = DIRECTION ( 'NONE',  ( 0.000000000000000000, -1.000000000000000000, 0.000000000000000000 ) ) ;
#5297 = PLANE ( 'NONE',  #3184 ) ;
#5298 = LINE ( 'NONE', #2519, #6458 ) ;
#5299 = ORIENTED_EDGE ( 'NONE', *, *, #1582, .F. ) ;
#5300 = CARTESIAN_POINT ( 'NONE',  ( 0.000000000000000000, -4.000000000000000000, 0.000000000000000000 ) ) ;
#5301 = LINE ( 'NONE', #3158, #1910 ) ;
#5302 = DIRECTION ( 'NONE',  ( 0.000000000000000000, 0.000000000000000000, 1.000000000000000000 ) ) ;
#5303 = AXIS2_PLACEMENT_3D ( 'NONE', #7127, #6032, #5564 ) ;
#5304 = ORIENTED_EDGE ( 'NONE', *, *, #203, .F. ) ;
#5305 = DIRECTION ( 'NONE',  ( 0.000000000000000000, 0.000000000000000000, 1.000000000000000000 ) ) ;
#5306 = CARTESIAN_POINT ( 'NONE',  ( -9.980840721418799077, 1.867388762198070706, 0.6290766711811025536 ) ) ;
#5307 = CARTESIAN_POINT ( 'NONE',  ( 9.037590233239471971, 1.827040335878404420, 4.282192586373981591 ) ) ;
#5308 = AXIS2_PLACEMENT_3D ( 'NONE', #574, #4463, #6661 ) ;
#5309 = ORIENTED_EDGE ( 'NONE', *, *, #2322, .F. ) ;
#5310 = CYLINDRICAL_SURFACE ( 'NONE', #4421, 0.5000000000000004441 ) ;
#5311 = CIRCLE ( 'NONE', #2271, 0.5000000000000004441 ) ;
#5312 = EDGE_CURVE ( 'NONE', #5644, #4981, #1242, .T. ) ;
#5313 = DIRECTION ( 'NONE',  ( 0.9716864685947451674, 0.000000000000000000, 0.2362740077746034173 ) ) ;
#5314 = CARTESIAN_POINT ( 'NONE',  ( 9.157329489925324140, 2.134286657244864660, -3.607922989077376741 ) ) ;
#5315 = CARTESIAN_POINT ( 'NONE',  ( 3.161911533876283986, 2.241156341101759431, -9.372706491370077941 ) ) ;
#5316 = VERTEX_POINT ( 'NONE', #1465 ) ;
#5317 = DIRECTION ( 'NONE',  ( 0.000000000000000000, -1.000000000000000000, 0.000000000000000000 ) ) ;
#5318 = CARTESIAN_POINT ( 'NONE',  ( -4.869582161062614212, 10.00000000000000000, 8.734252662744580675 ) ) ;
#5319 = TOROIDAL_SURFACE ( 'NONE', #2871, 7.543744331762958666, 0.5000000000000000000 ) ;
#5320 = DIRECTION ( 'NONE',  ( -4.440892098500626162E-15, 0.000000000000000000, 1.000000000000000000 ) ) ;
#5321 = ADVANCED_FACE ( 'NONE', ( #5289 ), #5831, .T. ) ;
#5322 = FACE_OUTER_BOUND ( 'NONE', #7183, .T. ) ;
#5323 = CARTESIAN_POINT ( 'NONE',  ( -3.670870801779501758, 2.134320569921012822, 9.131270309608117586 ) ) ;
#5324 = VECTOR ( 'NONE', #5313, 1000.000000000000000 ) ;
#5325 = EDGE_LOOP ( 'NONE', ( #3545, #806, #3424, #1342 ) ) ;
#5326 = DIRECTION ( 'NONE',  ( 0.2732734718791015593, 0.000000000000000000, -0.9619363854055744678 ) ) ;
#5327 = DIRECTION ( 'NONE',  ( -0.8982659121149824122, 0.000000000000000000, -0.4394523308986298948 ) ) ;
#5328 = CARTESIAN_POINT ( 'NONE',  ( 4.603674570840286862, 1.982312691401836302, 8.878012131685478536 ) ) ;
#5329 = ORIENTED_EDGE ( 'NONE', *, *, #3049, .T. ) ;
#5330 = VECTOR ( 'NONE', #3547, 1000.000000000000000 ) ;
#5331 = CARTESIAN_POINT ( 'NONE',  ( 0.000000000000000000, 9.500000000000000000, 0.000000000000000000 ) ) ;
#5332 = CARTESIAN_POINT ( 'NONE',  ( -1.987831504145225026, 8.000000000000000000, -1.987831504145221029 ) ) ;
#5333 = ADVANCED_FACE ( 'NONE', ( #4717 ), #2989, .F. ) ;
#5334 = VERTEX_POINT ( 'NONE', #920 ) ;
#5335 = CARTESIAN_POINT ( 'NONE',  ( -8.966837034307406640, 2.147342056939914645, 4.086428952008274607 ) ) ;
#5336 = AXIS2_PLACEMENT_3D ( 'NONE', #6571, #450, #1560 ) ;
#5337 = DIRECTION ( 'NONE',  ( 0.000000000000000000, 1.000000000000000000, 0.000000000000000000 ) ) ;
#5338 = CARTESIAN_POINT ( 'NONE',  ( 0.000000000000000000, 9.500000000000000000, 0.000000000000000000 ) ) ;
#5339 = DIRECTION ( 'NONE',  ( -1.734723475976807094E-15, 0.000000000000000000, 1.000000000000000000 ) ) ;
#5340 = CIRCLE ( 'NONE', #5114, 0.5000000000000005551 ) ;
#5341 = VERTEX_POINT ( 'NONE', #1858 ) ;
#5342 = ORIENTED_EDGE ( 'NONE', *, *, #3434, .T. ) ;
#5343 = CYLINDRICAL_SURFACE ( 'NONE', #627, 0.5000000000000004441 ) ;
#5344 = CARTESIAN_POINT ( 'NONE',  ( -9.949874371066204759, 2.500000000000000888, 1.010707579139206613 ) ) ;
#5345 = DIRECTION ( 'NONE',  ( 0.000000000000000000, 1.000000000000000000, 0.000000000000000000 ) ) ;
#5346 = EDGE_LOOP ( 'NONE', ( #4850, #3270, #4720 ) ) ;
#5347 = AXIS2_PLACEMENT_3D ( 'NONE', #2733, #4451, #4958 ) ;
#5348 = CARTESIAN_POINT ( 'NONE',  ( 0.000000000000000000, 10.00000000000000000, 0.000000000000000000 ) ) ;
#5349 = DIRECTION ( 'NONE',  ( -0.2732734718790788553, 0.000000000000000000, -0.9619363854055810181 ) ) ;
#5350 = DIRECTION ( 'NONE',  ( -1.040834085586084059E-15, 0.000000000000000000, 1.000000000000000000 ) ) ;
#5351 = AXIS2_PLACEMENT_3D ( 'NONE', #2018, #4871, #999 ) ;
#5352 = ORIENTED_EDGE ( 'NONE', *, *, #6545, .T. ) ;
#5353 = CARTESIAN_POINT ( 'NONE',  ( -4.869582161062556480, 2.500000000000000444, -8.734252662744612650 ) ) ;
#5354 = TOROIDAL_SURFACE ( 'NONE', #6612, 2.500000000000000000, 0.5000000000000000000 ) ;
#5355 = CARTESIAN_POINT ( 'NONE',  ( 7.561691272055242052, 2.343771222574624336, -6.411475381605020729 ) ) ;
#5356 = ADVANCED_FACE ( 'NONE', ( #1431 ), #5319, .T. ) ;
#5357 = CARTESIAN_POINT ( 'NONE',  ( -7.414766135587722573, 1.827040335878405086, 6.710920482711986601 ) ) ;
#5358 = DIRECTION ( 'NONE',  ( -0.000000000000000000, 1.000000000000000000, -0.000000000000000000 ) ) ;
#5359 = VECTOR ( 'NONE', #5599, 1000.000000000000000 ) ;
#5360 = CARTESIAN_POINT ( 'NONE',  ( -9.372706491370006887, 2.241156341101834037, -3.161911533876273772 ) ) ;
#5361 = CARTESIAN_POINT ( 'NONE',  ( -2.911304966065323629, 2.322848788353866212, 9.568061159331200827 ) ) ;
#5362 = ORIENTED_EDGE ( 'NONE', *, *, #3321, .T. ) ;
#5363 = DIRECTION ( 'NONE',  ( 0.000000000000000000, -1.000000000000000000, -0.000000000000000000 ) ) ;
#5364 = DIRECTION ( 'NONE',  ( 0.000000000000000000, -1.000000000000000000, 0.000000000000000000 ) ) ;
#5365 = CARTESIAN_POINT ( 'NONE',  ( 2.777795937255560510, 2.255681435097326659, 9.606750064360248587 ) ) ;
#5366 = ADVANCED_FACE ( 'NONE', ( #5322 ), #5982, .T. ) ;
#5367 = DIRECTION ( 'NONE',  ( -0.5249775667251619371, 0.000000000000000000, -0.8511160640214283646 ) ) ;
#5368 = CARTESIAN_POINT ( 'NONE',  ( 2.732734718790805761, 2.500000000000000000, 9.619363854055803742 ) ) ;
#5369 = VERTEX_POINT ( 'NONE', #2170 ) ;
#5370 = CARTESIAN_POINT ( 'NONE',  ( -2.394357833393303103, 8.000000000000000000, 0.1814307967061945803 ) ) ;
#5371 = DIRECTION ( 'NONE',  ( 0.000000000000000000, -1.000000000000000000, 0.000000000000000000 ) ) ;
#5372 = DIRECTION ( 'NONE',  ( 0.000000000000000000, 0.000000000000000000, 1.000000000000000000 ) ) ;
#5373 = EDGE_CURVE ( 'NONE', #5241, #6897, #6001, .T. ) ;
#5374 = DIRECTION ( 'NONE',  ( 0.000000000000000000, -1.000000000000000000, 0.000000000000000000 ) ) ;
#5375 = ADVANCED_FACE ( 'NONE', ( #3275 ), #5543, .T. ) ;
#5376 = PLANE ( 'NONE',  #5975 ) ;
#5377 = EDGE_LOOP ( 'NONE', ( #5221, #1104, #391, #5290 ) ) ;
#5378 = LINE ( 'NONE', #3125, #3382 ) ;
#5379 = ORIENTED_EDGE ( 'NONE', *, *, #5617, .F. ) ;
#5380 = CARTESIAN_POINT ( 'NONE',  ( 9.149965727261250237, 1.992783053389793890, 4.036214224533289041 ) ) ;
#5381 = VECTOR ( 'NONE', #1110, 1000.000000000000000 ) ;
#5382 = CARTESIAN_POINT ( 'NONE',  ( 11.68192517863507618, 9.500000000000000000, 1.224126288112367485E-13 ) ) ;
#5383 = ORIENTED_EDGE ( 'NONE', *, *, #3441, .T. ) ;
#5384 = VECTOR ( 'NONE', #1759, 1000.000000000000000 ) ;
#5385 = ORIENTED_EDGE ( 'NONE', *, *, #2407, .F. ) ;
#5386 = CARTESIAN_POINT ( 'NONE',  ( 0.000000000000000000, 9.500000000000000000, 0.000000000000000000 ) ) ;
#5387 = CARTESIAN_POINT ( 'NONE',  ( 6.242081368317998091, 2.257089604130941840, -7.812951749604075680 ) ) ;
#5388 = CARTESIAN_POINT ( 'NONE',  ( 2.970974231079631878, 2.500000000000000444, -9.469254843656200293 ) ) ;
#5389 = EDGE_LOOP ( 'NONE', ( #5612, #42, #7003, #1321 ) ) ;
#5390 = DIRECTION ( 'NONE',  ( 0.9716864685947455005, 0.000000000000000000, -0.2362740077746017520 ) ) ;
#5391 = CARTESIAN_POINT ( 'NONE',  ( 6.368549229223045671, 2.456216401094830193, -7.611508121969537299 ) ) ;
#5392 = CARTESIAN_POINT ( 'NONE',  ( -7.810231214632213259, 2.248135892564179006, 6.245516373440916702 ) ) ;
#5393 = CARTESIAN_POINT ( 'NONE',  ( -9.619363830518901537, 2.377026804319512632, -2.732734801641891753 ) ) ;
#5394 = ADVANCED_FACE ( 'NONE', ( #2727 ), #4446, .T. ) ;
#5395 = LINE ( 'NONE', #6574, #5726 ) ;
#5396 = ORIENTED_EDGE ( 'NONE', *, *, #6878, .F. ) ;
#5397 = CARTESIAN_POINT ( 'NONE',  ( 2.394357833393303103, 0.000000000000000000, -0.1814307967061945248 ) ) ;
#5398 = VECTOR ( 'NONE', #1588, 1000.000000000000000 ) ;
#5399 = CARTESIAN_POINT ( 'NONE',  ( 9.619363854055736240, 9.500000000000000000, 2.732734718791042905 ) ) ;
#5400 = CARTESIAN_POINT ( 'NONE',  ( 4.470479223992320783, 9.500000000000000000, -8.792691572869168581 ) ) ;
#5401 = CARTESIAN_POINT ( 'NONE',  ( 4.869582161062490755, 2.500000000000000444, 8.734252662744646400 ) ) ;
#5402 = DIRECTION ( 'NONE',  ( 0.9932905682471188102, 0.000000000000000000, -0.1156453502364700042 ) ) ;
#5403 = ORIENTED_EDGE ( 'NONE', *, *, #6582, .F. ) ;
#5404 = ADVANCED_FACE ( 'NONE', ( #5534 ), #1815, .F. ) ;
#5405 = CARTESIAN_POINT ( 'NONE',  ( 0.000000000000000000, -4.000000000000000000, 0.000000000000000000 ) ) ;
#5406 = ORIENTED_EDGE ( 'NONE', *, *, #2549, .T. ) ;
#5407 = DIRECTION ( 'NONE',  ( -0.3244301945785831864, 0.000000000000000000, 0.9459096409518739090 ) ) ;
#5408 = DIRECTION ( 'NONE',  ( 0.000000000000000000, 0.000000000000000000, 1.000000000000000000 ) ) ;
#5409 = FACE_OUTER_BOUND ( 'NONE', #7087, .T. ) ;
#5410 = DIRECTION ( 'NONE',  ( 0.9971414314842893534, 0.000000000000000000, -0.07555769727474685726 ) ) ;
#5411 = CARTESIAN_POINT ( 'NONE',  ( -0.1814307967061967730, 8.000000000000000000, 2.394357833393300883 ) ) ;
#5412 = VERTEX_POINT ( 'NONE', #4556 ) ;
#5413 = TOROIDAL_SURFACE ( 'NONE', #5067, 1.500000000000000000, 0.5000000000000000000 ) ;
#5414 = EDGE_CURVE ( 'NONE', #3293, #2316, #3573, .T. ) ;
#5415 = ORIENTED_EDGE ( 'NONE', *, *, #2458, .T. ) ;
#5416 = CARTESIAN_POINT ( 'NONE',  ( 8.948211102191603317, 2.164537838121663338, 4.140859864539597979 ) ) ;
#5417 = ORIENTED_EDGE ( 'NONE', *, *, #3838, .F. ) ;
#5418 = CARTESIAN_POINT ( 'NONE',  ( -9.191263844005497674, 1.768517871363071814, -3.941618638437733413 ) ) ;
#5419 = ORIENTED_EDGE ( 'NONE', *, *, #2810, .F. ) ;
#5420 = ADVANCED_FACE ( 'NONE', ( #5136 ), #6169, .F. ) ;
#5421 = EDGE_LOOP ( 'NONE', ( #4722, #1109, #2563, #294 ) ) ;
#5422 = CARTESIAN_POINT ( 'NONE',  ( 6.980243915062821713, 1.768641139222021375, -7.161872897185547870 ) ) ;
#5423 = VECTOR ( 'NONE', #1271, 1000.000000000000000 ) ;
#5424 = DIRECTION ( 'NONE',  ( 0.7497524964563330174, 0.000000000000000000, -0.6617183646064964675 ) ) ;
#5425 = ORIENTED_EDGE ( 'NONE', *, *, #1825, .T. ) ;
#5426 = CARTESIAN_POINT ( 'NONE',  ( -3.247483976280344464, 1.863989508453880450, -9.458681375157443227 ) ) ;
#5427 = CARTESIAN_POINT ( 'NONE',  ( 4.470479223992320783, 2.500000000000000444, -10.79269157286916858 ) ) ;
#5428 = CIRCLE ( 'NONE', #5084, 9.500000000000000000 ) ;
#5429 = CARTESIAN_POINT ( 'NONE',  ( 7.611508069917483965, 2.438513403071527641, 6.368549247075991460 ) ) ;
#5430 = CARTESIAN_POINT ( 'NONE',  ( -8.829708429580124474, 2.059185488125215180, -4.694895751422050623 ) ) ;
#5431 = CARTESIAN_POINT ( 'NONE',  ( -4.462380288428801300, 2.279592747210268833, 8.840214275616633088 ) ) ;
#5432 = CIRCLE ( 'NONE', #5889, 0.5000000000000000000 ) ;
#5433 = ORIENTED_EDGE ( 'NONE', *, *, #6807, .T. ) ;
#5434 = CARTESIAN_POINT ( 'NONE',  ( 2.043718524445536922, 0.000000000000000000, 1.260587625341248019 ) ) ;
#5435 = CARTESIAN_POINT ( 'NONE',  ( -1.098630827246567465, 2.500000000000000444, -9.436260398347616984 ) ) ;
#5436 = CARTESIAN_POINT ( 'NONE',  ( 8.734252662744630413, 9.500000000000000000, -4.869582161062521841 ) ) ;
#5437 = B_SPLINE_CURVE_WITH_KNOTS ( 'NONE', 3,
 ( #1783, #3397, #4568, #26, #2328, #2740, #1640, #2887, #1674, #2217, #5116, #4967, #7171, #4005, #2183, #6112, #4495, #6079 ),
 .UNSPECIFIED., .F., .F.,
 ( 4, 2, 2, 2, 2, 2, 2, 2, 4 ),
 ( 0.000000000000000000, 0.0001297744646122130769, 0.0002595489292244261537, 0.0005190978584488550179, 0.001038195716897710903, 0.001557293575346566355, 0.001816842504570993213, 0.001946616969183205450, 0.002076391433795417903 ),
 .UNSPECIFIED. ) ;
#5438 = VERTEX_POINT ( 'NONE', #1198 ) ;
#5439 = DIRECTION ( 'NONE',  ( -1.401920620564769776E-15, 1.000000000000000000, -7.816086743456832033E-16 ) ) ;
#5440 = CARTESIAN_POINT ( 'NONE',  ( 8.260368511126632285, 2.500000000000000444, 8.260368511126834790 ) ) ;
#5441 = CARTESIAN_POINT ( 'NONE',  ( 9.469254843656191412, 9.500000000000000000, 2.970974231079661632 ) ) ;
#5442 = EDGE_CURVE ( 'NONE', #3780, #2085, #3420, .T. ) ;
#5443 = FACE_OUTER_BOUND ( 'NONE', #6230, .T. ) ;
#5444 = EDGE_LOOP ( 'NONE', ( #2525, #5183, #5055 ) ) ;
#5445 = CARTESIAN_POINT ( 'NONE',  ( 4.626103053009368082, 9.500000000000000000, 8.297540029607414880 ) ) ;
#5446 = CARTESIAN_POINT ( 'NONE',  ( 9.529937051748234467, 1.975903690497190057, 3.032018450179271518 ) ) ;
#5447 = ORIENTED_EDGE ( 'NONE', *, *, #2819, .F. ) ;
#5448 = TOROIDAL_SURFACE ( 'NONE', #2651, 1.500000000000000000, 0.5000000000000000000 ) ;
#5449 = EDGE_CURVE ( 'NONE', #6970, #4999, #5432, .T. ) ;
#5450 = ORIENTED_EDGE ( 'NONE', *, *, #3159, .T. ) ;
#5451 = CIRCLE ( 'NONE', #4050, 0.5000000000000004441 ) ;
#5452 = DIRECTION ( 'NONE',  ( 0.000000000000000000, 1.000000000000000000, 0.000000000000000000 ) ) ;
#5453 = CARTESIAN_POINT ( 'NONE',  ( 6.368549229223043007, 2.500000000000000444, -7.611508121969535523 ) ) ;
#5454 = CARTESIAN_POINT ( 'NONE',  ( -2.732734718790877704, 10.00000000000000000, -9.619363854055785978 ) ) ;
#5455 = ORIENTED_EDGE ( 'NONE', *, *, #1537, .F. ) ;
#5456 = CARTESIAN_POINT ( 'NONE',  ( -2.732734718790878148, 2.500000000000000000, -9.619363854055782426 ) ) ;
#5457 = CARTESIAN_POINT ( 'NONE',  ( 9.436260398347604550, 9.500000000000000000, 1.098630827246665387 ) ) ;
#5458 = EDGE_CURVE ( 'NONE', #2803, #370, #94, .T. ) ;
#5459 = EDGE_CURVE ( 'NONE', #5258, #1130, #7050, .T. ) ;
#5460 = CARTESIAN_POINT ( 'NONE',  ( 6.886989335206926910, 2.134257748930246112, 7.030215759954892896 ) ) ;
#5461 = AXIS2_PLACEMENT_3D ( 'NONE', #6261, #2364, #3508 ) ;
#5462 = CARTESIAN_POINT ( 'NONE',  ( 2.043718524445535589, 0.000000000000000000, -1.260587625341240248 ) ) ;
#5463 = CARTESIAN_POINT ( 'NONE',  ( -4.400639730061388200, 1.867418461490463200, 8.980379107744514755 ) ) ;
#5464 = CARTESIAN_POINT ( 'NONE',  ( 2.995828026329736549, 8.000000000000000000, -0.9734035322810845603 ) ) ;
#5465 = VECTOR ( 'NONE', #5748, 999.9999999999998863 ) ;
#5466 = EDGE_LOOP ( 'NONE', ( #1473, #7184, #363, #2702 ) ) ;
#5467 = CYLINDRICAL_SURFACE ( 'NONE', #6379, 0.5000000000000000000 ) ;
#5468 = CARTESIAN_POINT ( 'NONE',  ( 4.470479223992089857, 10.00001200000000168, 10.79269157286926628 ) ) ;
#5469 = CARTESIAN_POINT ( 'NONE',  ( 2.995828026329736549, 0.000000000000000000, 0.9734035322810841162 ) ) ;
#5470 = CARTESIAN_POINT ( 'NONE',  ( 2.781258658605647138, 2.248135892564181226, 9.605768406060239073 ) ) ;
#5471 = AXIS2_PLACEMENT_3D ( 'NONE', #1752, #2890, #1143 ) ;
#5472 = ORIENTED_EDGE ( 'NONE', *, *, #836, .T. ) ;
#5473 = PLANE ( 'NONE',  #3707 ) ;
#5474 = CIRCLE ( 'NONE', #4318, 0.5000000000000001110 ) ;
#5475 = CARTESIAN_POINT ( 'NONE',  ( -9.988306807122112829, 1.827366529454475863, 0.4991421271720576369 ) ) ;
#5476 = DIRECTION ( 'NONE',  ( 0.000000000000000000, 1.000000000000000000, 0.000000000000000000 ) ) ;
#5477 =( LENGTH_UNIT ( ) NAMED_UNIT ( * ) SI_UNIT ( .MILLI., .METRE. ) );
#5478 =( BOUNDED_SURFACE ( )  B_SPLINE_SURFACE ( 3, 2, ( 
 ( #3592, #3086, #1295 ),
 ( #2487, #5844, #4693 ),
 ( #6889, #1912, #2375 ),
 ( #4617, #3632, #4769 ),
 ( #6814, #859, #6271 ),
 ( #6928, #3555, #5696 ),
 ( #1833, #4140, #5160 ),
 ( #5807, #1257, #4654 ),
 ( #4057, #3480, #4098 ),
 ( #6310, #825, #1336 ),
 ( #291, #5234, #719 ),
 ( #4174, #6384, #1410 ),
 ( #5846, #7000, #4247 ),
 ( #362, #6484, #7034 ),
 ( #1411, #4734, #5950 ),
 ( #1953, #7074, #431 ),
 ( #3699, #1991, #1516 ),
 ( #4215, #4287, #1545 ) ),
 .UNSPECIFIED., .F., .F., .T. ) 
 B_SPLINE_SURFACE_WITH_KNOTS ( ( 4, 2, 2, 2, 2, 2, 2, 2, 4 ),
 ( 3, 3 ),
 ( -4.607859233063393845E-19, 0.0003645422052340784101, 0.0007290844104681572539, 0.001093626615702236043, 0.001458168820936314941, 0.001822711026170393839, 0.002187253231404472521, 0.002551795436638551635, 0.002916337641872630317 ),
 ( 0.000000000000000000, 1.000000000000000000 ),
 .UNSPECIFIED. ) 
 GEOMETRIC_REPRESENTATION_ITEM ( )  RATIONAL_B_SPLINE_SURFACE ( (
 ( 1.000000000000000000, 0.9595359398070242296, 1.000000000000000000),
 ( 1.000000000000000000, 0.9595833763010062079, 1.000000000000000000),
 ( 1.000000000000000000, 0.9570685609626877755, 1.000000000000000000),
 ( 1.000000000000000000, 0.9488880332095236403, 1.000000000000000000),
 ( 1.000000000000000000, 0.9432547151588824841, 1.000000000000000000),
 ( 1.000000000000000000, 0.9321826025349019273, 1.000000000000000000),
 ( 1.000000000000000000, 0.9268523530654423359, 1.000000000000000000),
 ( 1.000000000000000000, 0.9192073681285622966, 1.000000000000000000),
 ( 1.000000000000000000, 0.9170514797510966876, 1.000000000000000000),
 ( 1.000000000000000000, 0.9170288608893719662, 1.000000000000000000),
 ( 1.000000000000000000, 0.9192260099104034854, 1.000000000000000000),
 ( 1.000000000000000000, 0.9267996068665713683, 1.000000000000000000),
 ( 1.000000000000000000, 0.9321812854749954580, 1.000000000000000000),
 ( 1.000000000000000000, 0.9432160661325564854, 1.000000000000000000),
 ( 1.000000000000000000, 0.9488445939139658059, 1.000000000000000000),
 ( 1.000000000000000000, 0.9570263305979385127, 1.000000000000000000),
 ( 1.000000000000000000, 0.9595878455022833764, 1.000000000000000000),
 ( 1.000000000000000000, 0.9595359398070243406, 1.000000000000000000) ) ) 
 REPRESENTATION_ITEM ( '' )  SURFACE ( )  );
#5479 = LINE ( 'NONE', #3292, #5381 ) ;
#5480 = VECTOR ( 'NONE', #2524, 999.9999999999998863 ) ;
#5481 = CARTESIAN_POINT ( 'NONE',  ( -1.830433831214388851, 0.000000000000000000, 1.554148821017839577 ) ) ;
#5482 = EDGE_CURVE ( 'NONE', #3619, #5951, #3230, .T. ) ;
#5483 = DIRECTION ( 'NONE',  ( 0.2362740077746010581, 0.000000000000000000, 0.9716864685947456115 ) ) ;
#5484 = ORIENTED_EDGE ( 'NONE', *, *, #3394, .F. ) ;
#5485 = VERTEX_POINT ( 'NONE', #2763 ) ;
#5486 = CARTESIAN_POINT ( 'NONE',  ( -9.138395661352987531, 9.500000000000000000, 2.596097982851363284 ) ) ;
#5487 = CARTESIAN_POINT ( 'NONE',  ( 7.750301799340620690, 2.409665417632350870, -6.320945485302275735 ) ) ;
#5488 = ADVANCED_FACE ( 'NONE', ( #4994 ), #6206, .F. ) ;
#5489 = DIRECTION ( 'NONE',  ( -0.000000000000000000, -1.000000000000000000, -0.000000000000000000 ) ) ;
#5490 = ORIENTED_EDGE ( 'NONE', *, *, #2675, .T. ) ;
#5491 = CARTESIAN_POINT ( 'NONE',  ( 2.776607510986325522, 8.000000000000000000, 0.4397714266284721840 ) ) ;
#5492 = VECTOR ( 'NONE', #2680, 1000.000000000000000 ) ;
#5493 = CARTESIAN_POINT ( 'NONE',  ( -8.882643920376558810, 1.975903690497186949, 4.594722306767693887 ) ) ;
#5494 = CARTESIAN_POINT ( 'NONE',  ( -6.891903876640106397, 1.779361857681295067, 7.246866680950660999 ) ) ;
#5495 = AXIS2_PLACEMENT_3D ( 'NONE', #540, #2747, #4974 ) ;
#5496 = DIRECTION ( 'NONE',  ( 0.000000000000000000, -1.000000000000000000, 0.000000000000000000 ) ) ;
#5497 = EDGE_CURVE ( 'NONE', #5650, #2581, #4161, .T. ) ;
#5498 = ORIENTED_EDGE ( 'NONE', *, *, #3896, .T. ) ;
#5499 = CARTESIAN_POINT ( 'NONE',  ( 9.469254843656251808, 9.500000000000000000, -2.970974231079465344 ) ) ;
#5500 = ORIENTED_EDGE ( 'NONE', *, *, #481, .F. ) ;
#5501 = LINE ( 'NONE', #3893, #6842 ) ;
#5502 = CARTESIAN_POINT ( 'NONE',  ( -9.885393354405115574, 2.456216401094830637, 0.8789046617972195996 ) ) ;
#5503 = CARTESIAN_POINT ( 'NONE',  ( 0.000000000000000000, 9.500000000000000000, 0.000000000000000000 ) ) ;
#5504 = AXIS2_PLACEMENT_3D ( 'NONE', #6752, #2278, #6715 ) ;
#5505 = CARTESIAN_POINT ( 'NONE',  ( 0.000000000000000000, 8.677547644686535833, 0.000000000000000000 ) ) ;
#5506 = CARTESIAN_POINT ( 'NONE',  ( 2.732734718791013595, 2.500000000000000444, -9.619363854055745122 ) ) ;
#5507 = ADVANCED_FACE ( 'NONE', ( #6791 ), #2245, .T. ) ;
#5508 = ORIENTED_EDGE ( 'NONE', *, *, #6848, .T. ) ;
#5509 = CARTESIAN_POINT ( 'NONE',  ( -4.829485086827475016, 2.257089604130808613, -8.756818408900299389 ) ) ;
#5510 = DIRECTION ( 'NONE',  ( 0.000000000000000000, 0.000000000000000000, -1.000000000000000000 ) ) ;
#5511 = FACE_OUTER_BOUND ( 'NONE', #5739, .T. ) ;
#5512 = APPLICATION_PROTOCOL_DEFINITION ( 'draft international standard', 'automotive_design', 1998, #3735 ) ;
#5513 = EDGE_LOOP ( 'NONE', ( #2892, #4825, #6703 ) ) ;
#5514 = AXIS2_PLACEMENT_3D ( 'NONE', #743, #2958, #5757 ) ;
#5515 = PLANE ( 'NONE',  #6872 ) ;
#5516 = VERTEX_POINT ( 'NONE', #1697 ) ;
#5517 = CARTESIAN_POINT ( 'NONE',  ( 1.107361165272789272, 2.249659137499898875, 9.938811613925521371 ) ) ;
#5518 = AXIS2_PLACEMENT_3D ( 'NONE', #5914, #3667, #5880 ) ;
#5519 = CYLINDRICAL_SURFACE ( 'NONE', #5495, 2.000000000000000000 ) ;
#5520 = CARTESIAN_POINT ( 'NONE',  ( -6.205888851312687748, 9.500000000000000000, 7.841361078610836088 ) ) ;
#5521 =( BOUNDED_SURFACE ( )  B_SPLINE_SURFACE ( 3, 2, ( 
 ( #5388, #3645, #3134 ),
 ( #5894, #3101, #1524 ),
 ( #6530, #2537, #5959 ),
 ( #444, #373, #4259 ),
 ( #5315, #2642, #1555 ),
 ( #2571, #340, #4783 ),
 ( #4816, #3779, #6495 ),
 ( #3679, #912, #3236 ),
 ( #5994, #7013, #2033 ),
 ( #6460, #4883, #4227 ),
 ( #1459, #2002, #1492 ),
 ( #3710, #1015, #5927 ),
 ( #944, #3167, #412 ),
 ( #2606, #7046, #6127 ),
 ( #1086, #4948, #512 ),
 ( #2164, #6708, #76 ),
 ( #41, #7156, #3844 ),
 ( #6164, #6029, #1191 ) ),
 .UNSPECIFIED., .F., .F., .T. ) 
 B_SPLINE_SURFACE_WITH_KNOTS ( ( 4, 2, 2, 2, 2, 2, 2, 2, 4 ),
 ( 3, 3 ),
 ( 2.710505431213761085E-20, 0.0003645422052340794943, 0.0007290844104681589886, 0.001093626615702238429, 0.001458168820936317977, 0.001822711026170397309, 0.002187253231404476857, 0.002551795436638556406, 0.002916337641872635954 ),
 ( 0.000000000000000000, 1.000000000000000000 ),
 .UNSPECIFIED. ) 
 GEOMETRIC_REPRESENTATION_ITEM ( )  RATIONAL_B_SPLINE_SURFACE ( (
 ( 1.000000000000000000, 0.9595359398070238965, 1.000000000000000000),
 ( 1.000000000000000000, 0.9595833763010227502, 1.000000000000000000),
 ( 1.000000000000000000, 0.9570685609626671253, 1.000000000000000000),
 ( 1.000000000000000000, 0.9488880332095436243, 1.000000000000000000),
 ( 1.000000000000000000, 0.9432547151588346335, 1.000000000000000000),
 ( 1.000000000000000000, 0.9321826025349491118, 1.000000000000000000),
 ( 1.000000000000000000, 0.9268523530654763087, 1.000000000000000000),
 ( 1.000000000000000000, 0.9192073681285283238, 1.000000000000000000),
 ( 1.000000000000000000, 0.9170514797511299943, 1.000000000000000000),
 ( 1.000000000000000000, 0.9170288608893379934, 1.000000000000000000),
 ( 1.000000000000000000, 0.9192260099103564119, 1.000000000000000000),
 ( 1.000000000000000000, 0.9267996068666186638, 1.000000000000000000),
 ( 1.000000000000000000, 0.9321812854749815802, 1.000000000000000000),
 ( 1.000000000000000000, 0.9432160661325696971, 1.000000000000000000),
 ( 1.000000000000000000, 0.9488445939139519281, 1.000000000000000000),
 ( 1.000000000000000000, 0.9570263305979519464, 1.000000000000000000),
 ( 1.000000000000000000, 0.9595878455022731623, 1.000000000000000000),
 ( 1.000000000000000000, 0.9595359398070242296, 1.000000000000000000) ) ) 
 REPRESENTATION_ITEM ( '' )  SURFACE ( )  );
#5522 = ORIENTED_EDGE ( 'NONE', *, *, #1952, .F. ) ;
#5523 = EDGE_CURVE ( 'NONE', #2732, #3513, #1330, .T. ) ;
#5524 = ORIENTED_EDGE ( 'NONE', *, *, #6149, .F. ) ;
#5525 = CARTESIAN_POINT ( 'NONE',  ( -9.281909929401347625, 1.985975370094250847, 3.722773453796214049 ) ) ;
#5526 = CARTESIAN_POINT ( 'NONE',  ( -6.205888851312631793, 2.500000000000000000, -7.841361078610879609 ) ) ;
#5527 = ORIENTED_EDGE ( 'NONE', *, *, #530, .F. ) ;
#5528 = DIRECTION ( 'NONE',  ( 0.000000000000000000, 1.000000000000000000, 0.000000000000000000 ) ) ;
#5529 = DIRECTION ( 'NONE',  ( 0.000000000000000000, 0.000000000000000000, 1.000000000000000000 ) ) ;
#5530 = ADVANCED_FACE ( 'NONE', ( #5782 ), #4028, .T. ) ;
#5531 = DIRECTION ( 'NONE',  ( 0.000000000000000000, 0.000000000000000000, 1.000000000000000000 ) ) ;
#5532 = AXIS2_PLACEMENT_3D ( 'NONE', #5783, #3098, #5745 ) ;
#5533 = ORIENTED_EDGE ( 'NONE', *, *, #6087, .T. ) ;
#5534 = FACE_OUTER_BOUND ( 'NONE', #1685, .T. ) ;
#5535 = CARTESIAN_POINT ( 'NONE',  ( 0.000000000000000000, 10.00000000000000000, 0.000000000000000000 ) ) ;
#5536 = ORIENTED_EDGE ( 'NONE', *, *, #1440, .T. ) ;
#5537 = ORIENTED_EDGE ( 'NONE', *, *, #2558, .F. ) ;
#5538 = CARTESIAN_POINT ( 'NONE',  ( -1.156453502364807262, 10.00000000000000000, 9.932905682471178110 ) ) ;
#5539 = DIRECTION ( 'NONE',  ( 0.000000000000000000, 0.000000000000000000, -1.000000000000000000 ) ) ;
#5540 = AXIS2_PLACEMENT_3D ( 'NONE', #4995, #4304, #6648 ) ;
#5541 = ADVANCED_FACE ( 'NONE', ( #4187 ), #2168, .T. ) ;
#5542 = CARTESIAN_POINT ( 'NONE',  ( -5.095752233843723986E-17, 2.500000000000000444, 11.68192517863507618 ) ) ;
#5543 = TOROIDAL_SURFACE ( 'NONE', #2160, 2.500000000000000000, 0.5000000000000000000 ) ;
#5544 = VERTEX_POINT ( 'NONE', #2000 ) ;
#5545 = CARTESIAN_POINT ( 'NONE',  ( 0.000000000000000000, 10.00000000000000000, 0.000000000000000000 ) ) ;
#5546 = CARTESIAN_POINT ( 'NONE',  ( -11.68192517863507618, 10.00001200000000168, -4.083818128530453922E-14 ) ) ;
#5547 = EDGE_LOOP ( 'NONE', ( #6068, #1818, #6932, #6710 ) ) ;
#5548 = EDGE_CURVE ( 'NONE', #5193, #2831, #1132, .T. ) ;
#5549 = CARTESIAN_POINT ( 'NONE',  ( 4.470479223992089857, 10.00001200000000168, 10.79269157286926628 ) ) ;
#5550 = EDGE_CURVE ( 'NONE', #4089, #1520, #3692, .T. ) ;
#5551 = DIRECTION ( 'NONE',  ( -1.000000000000000000, 0.000000000000000000, 0.000000000000000000 ) ) ;
#5552 = CARTESIAN_POINT ( 'NONE',  ( -7.611508121969603913, 2.456298904871081490, 6.368549229222964847 ) ) ;
#5553 = ORIENTED_EDGE ( 'NONE', *, *, #6010, .T. ) ;
#5554 = LINE ( 'NONE', #5621, #6996 ) ;
#5555 = ORIENTED_EDGE ( 'NONE', *, *, #3983, .F. ) ;
#5556 = ORIENTED_EDGE ( 'NONE', *, *, #5885, .F. ) ;
#5557 = ORIENTED_EDGE ( 'NONE', *, *, #3715, .F. ) ;
#5558 = CARTESIAN_POINT ( 'NONE',  ( -9.532757696805409964, 1.981868317978805027, 3.023139038583258387 ) ) ;
#5559 = CARTESIAN_POINT ( 'NONE',  ( -9.469254843656234044, 2.500000000000000444, 2.970974231079531513 ) ) ;
#5560 = LINE ( 'NONE', #5058, #1905 ) ;
#5561 = VECTOR ( 'NONE', #1472, 1000.000000000000114 ) ;
#5562 = VERTEX_POINT ( 'NONE', #4114 ) ;
#5563 = CARTESIAN_POINT ( 'NONE',  ( -1.554148821017840465, 0.000000000000000000, 1.830433831214381968 ) ) ;
#5564 = DIRECTION ( 'NONE',  ( 0.000000000000000000, 0.000000000000000000, -1.000000000000000000 ) ) ;
#5565 = CARTESIAN_POINT ( 'NONE',  ( 6.242692900426308533, 2.255681435097351972, 7.812463274735189422 ) ) ;
#5566 = VERTEX_POINT ( 'NONE', #5858 ) ;
#5567 = DIRECTION ( 'NONE',  ( -0.000000000000000000, -1.000000000000000000, 0.000000000000000000 ) ) ;
#5568 = DIRECTION ( 'NONE',  ( -0.6205888851312577614, 0.000000000000000000, -0.7841361078610923352 ) ) ;
#5569 = ORIENTED_EDGE ( 'NONE', *, *, #6463, .T. ) ;
#5570 = CARTESIAN_POINT ( 'NONE',  ( -7.812951749604163609, 2.257089604130861904, -6.242081368317888845 ) ) ;
#5571 = EDGE_LOOP ( 'NONE', ( #1032, #3115, #2303, #4811 ) ) ;
#5572 = DIRECTION ( 'NONE',  ( 0.000000000000000000, 0.000000000000000000, 1.000000000000000000 ) ) ;
#5573 = EDGE_CURVE ( 'NONE', #5334, #2361, #4277, .T. ) ;
#5574 = DIRECTION ( 'NONE',  ( 0.000000000000000000, -0.000000000000000000, 1.000000000000000000 ) ) ;
#5575 = CARTESIAN_POINT ( 'NONE',  ( 4.825657120698786606, 2.248135892564181670, -8.758950836166569331 ) ) ;
#5576 = VECTOR ( 'NONE', #3901, 1000.000000000000000 ) ;
#5577 = AXIS2_PLACEMENT_3D ( 'NONE', #3857, #1668, #1098 ) ;
#5578 = EDGE_LOOP ( 'NONE', ( #2533, #914, #3867, #6469 ) ) ;
#5579 = CARTESIAN_POINT ( 'NONE',  ( -4.695612462786816543, 2.059838893144310124, -8.829327179896848676 ) ) ;
#5580 = EDGE_CURVE ( 'NONE', #221, #4248, #338, .T. ) ;
#5581 = CARTESIAN_POINT ( 'NONE',  ( -9.138395661352987531, 9.500000000000000000, 2.596097982851362840 ) ) ;
#5582 = CARTESIAN_POINT ( 'NONE',  ( -1.851523544721287884, 0.000000000000000000, 2.548403532281085848 ) ) ;
#5583 = AXIS2_PLACEMENT_3D ( 'NONE', #5009, #27, #6185 ) ;
#5584 = ORIENTED_EDGE ( 'NONE', *, *, #3204, .F. ) ;
#5585 = CYLINDRICAL_SURFACE ( 'NONE', #3390, 2.000000000000000000 ) ;
#5586 = CARTESIAN_POINT ( 'NONE',  ( 0.4984729358709666935, 1.827180535951931306, 9.988341300992907179 ) ) ;
#5587 = CIRCLE ( 'NONE', #3266, 0.5000000000000004441 ) ;
#5588 = LINE ( 'NONE', #1679, #3525 ) ;
#5589 = ORIENTED_EDGE ( 'NONE', *, *, #594, .T. ) ;
#5590 = ADVANCED_FACE ( 'NONE', ( #4781 ), #6246, .T. ) ;
#5591 = DIRECTION ( 'NONE',  ( 0.000000000000000000, 0.000000000000000000, 1.000000000000000000 ) ) ;
#5592 = EDGE_CURVE ( 'NONE', #547, #5516, #2059, .T. ) ;
#5593 = VERTEX_POINT ( 'NONE', #1309 ) ;
#5594 = LINE ( 'NONE', #4437, #1194 ) ;
#5595 = CARTESIAN_POINT ( 'NONE',  ( 9.885393354405101363, 2.456298904871081046, 0.8789046617973584885 ) ) ;
#5596 = EDGE_CURVE ( 'NONE', #6566, #5193, #2753, .T. ) ;
#5597 = DIRECTION ( 'NONE',  ( 0.7497524964563370142, -6.044921658253631677E-15, 0.6617183646064920266 ) ) ;
#5598 = EDGE_LOOP ( 'NONE', ( #3595, #4609, #6478, #4817 ) ) ;
#5599 = DIRECTION ( 'NONE',  ( 0.000000000000000000, -1.000000000000000000, 0.000000000000000000 ) ) ;
#5600 = DIRECTION ( 'NONE',  ( 0.000000000000000000, 1.000000000000000000, -0.000000000000000000 ) ) ;
#5601 = CARTESIAN_POINT ( 'NONE',  ( 6.459614026961954636, 2.279592747210335446, 7.505705356597030864 ) ) ;
#5602 = CARTESIAN_POINT ( 'NONE',  ( -7.455440619228418164, 2.242561475665997506, -6.502847312616774289 ) ) ;
#5603 = CARTESIAN_POINT ( 'NONE',  ( 0.000000000000000000, 10.00000000000000000, 0.000000000000000000 ) ) ;
#5604 = VERTEX_POINT ( 'NONE', #6323 ) ;
#5605 = CARTESIAN_POINT ( 'NONE',  ( -7.506146992170044108, 2.279919447647862807, -6.459234499842963828 ) ) ;
#5606 = ORIENTED_EDGE ( 'NONE', *, *, #5204, .T. ) ;
#5607 = DIRECTION ( 'NONE',  ( 0.3799932884734116278, 0.000000000000000000, 0.9249892435672766311 ) ) ;
#5608 = DIRECTION ( 'NONE',  ( 0.000000000000000000, -1.000000000000000000, 0.000000000000000000 ) ) ;
#5609 = CARTESIAN_POINT ( 'NONE',  ( -4.594978287205977452, 2.500000000000000444, -8.796570338259748212 ) ) ;
#5610 = VECTOR ( 'NONE', #5239, 1000.000000000000114 ) ;
#5611 = EDGE_CURVE ( 'NONE', #5604, #5199, #6938, .T. ) ;
#5612 = ORIENTED_EDGE ( 'NONE', *, *, #3849, .T. ) ;
#5613 = CARTESIAN_POINT ( 'NONE',  ( -4.741424121641779621, 2.500000000000000000, -8.805704236984286837 ) ) ;
#5614 = AXIS2_PLACEMENT_3D ( 'NONE', #1793, #5691, #2896 ) ;
#5615 = ORIENTED_EDGE ( 'NONE', *, *, #4132, .T. ) ;
#5616 = CARTESIAN_POINT ( 'NONE',  ( -6.909176054700008507, 1.992695579455373567, 7.230240655841170927 ) ) ;
#5617 = EDGE_CURVE ( 'NONE', #637, #5012, #4707, .T. ) ;
#5618 = LINE ( 'NONE', #1216, #5887 ) ;
#5619 = DIRECTION ( 'NONE',  ( 0.000000000000000000, 1.000000000000000000, 0.000000000000000000 ) ) ;
#5620 = ORIENTED_EDGE ( 'NONE', *, *, #6034, .T. ) ;
#5621 = CARTESIAN_POINT ( 'NONE',  ( 2.333234819276243766, 0.000000000000000000, -0.5673463196692560828 ) ) ;
#5622 = CIRCLE ( 'NONE', #4352, 0.5000000000000003331 ) ;
#5623 = ORIENTED_EDGE ( 'NONE', *, *, #2693, .F. ) ;
#5624 = EDGE_CURVE ( 'NONE', #6135, #2302, #2521, .T. ) ;
#5625 = EDGE_LOOP ( 'NONE', ( #1081, #469, #2640, #1003 ) ) ;
#5626 = CARTESIAN_POINT ( 'NONE',  ( -0.8454647138118350780, 1.975769384896713499, 9.964836729267572579 ) ) ;
#5627 = CARTESIAN_POINT ( 'NONE',  ( 8.882643920376594338, 1.975903690497190057, -4.594722306767626385 ) ) ;
#5628 = CARTESIAN_POINT ( 'NONE',  ( -6.710920482711959956, 1.827040335878403754, -7.414766135587745666 ) ) ;
#5629 = ORIENTED_EDGE ( 'NONE', *, *, #1221, .F. ) ;
#5630 = CARTESIAN_POINT ( 'NONE',  ( -0.6655541409084325677, 2.241156341101827820, -9.869262850230965611 ) ) ;
#5631 = VECTOR ( 'NONE', #2091, 999.9999999999998863 ) ;
#5632 = CARTESIAN_POINT ( 'NONE',  ( -4.869582161062614212, 2.372020242595192396, 8.734252662744580675 ) ) ;
#5633 = AXIS2_PLACEMENT_3D ( 'NONE', #1135, #6212, #3572 ) ;
#5634 = CARTESIAN_POINT ( 'NONE',  ( 6.519363922588276239, 2.127032157860170081, 7.584036123450990985 ) ) ;
#5635 = EDGE_CURVE ( 'NONE', #2307, #1337, #5708, .T. ) ;
#5636 = CARTESIAN_POINT ( 'NONE',  ( -4.626103053009431143, 9.500000000000000000, -8.297540029607377576 ) ) ;
#5637 = CARTESIAN_POINT ( 'NONE',  ( 6.205888851312742815, 2.500000000000000444, -7.841361078610791679 ) ) ;
#5638 = EDGE_LOOP ( 'NONE', ( #2332, #6705, #6432, #2937 ) ) ;
#5639 = CARTESIAN_POINT ( 'NONE',  ( -7.841361025160023424, 2.377026804319511299, -6.205888918849688629 ) ) ;
#5640 = ORIENTED_EDGE ( 'NONE', *, *, #6512, .T. ) ;
#5641 = CARTESIAN_POINT ( 'NONE',  ( -2.221104420305847427, 0.000000000000000000, 0.9124482025973577048 ) ) ;
#5642 = CARTESIAN_POINT ( 'NONE',  ( -9.840961641373079161, 2.134286657244864216, -0.1710720760170856003 ) ) ;
#5643 = DIRECTION ( 'NONE',  ( 0.000000000000000000, 1.000000000000000000, 0.000000000000000000 ) ) ;
#5644 = VERTEX_POINT ( 'NONE', #3643 ) ;
#5645 = AXIS2_PLACEMENT_3D ( 'NONE', #4073, #3455, #1846 ) ;
#5646 = ORIENTED_EDGE ( 'NONE', *, *, #5676, .T. ) ;
#5647 = DIRECTION ( 'NONE',  ( 0.000000000000000000, 0.000000000000000000, 1.000000000000000000 ) ) ;
#5648 = ORIENTED_EDGE ( 'NONE', *, *, #3761, .T. ) ;
#5649 = CARTESIAN_POINT ( 'NONE',  ( -8.297540029607363365, 9.500000000000000000, 4.626103053009459565 ) ) ;
#5650 = VERTEX_POINT ( 'NONE', #4668 ) ;
#5651 = CARTESIAN_POINT ( 'NONE',  ( -7.150722883170763211, 1.985975370094119841, 6.991427348825489219 ) ) ;
#5652 = AXIS2_PLACEMENT_3D ( 'NONE', #4409, #3887, #6002 ) ;
#5653 = B_SPLINE_CURVE_WITH_KNOTS ( 'NONE', 3,
 ( #4533, #6114, #2151, #5010, #677, #1177, #640, #1642, #1606, #3325 ),
 .UNSPECIFIED., .F., .F.,
 ( 4, 2, 2, 2, 4 ),
 ( 0.001038157695929424603, 0.001557274564862423530, 0.001816832999328923210, 0.001946612216562172617, 0.002076391433795422240 ),
 .UNSPECIFIED. ) ;
#5654 = DIRECTION ( 'NONE',  ( -0.7622926637108774495, 0.000000000000000000, 0.6472324890273780662 ) ) ;
#5655 = CARTESIAN_POINT ( 'NONE',  ( 0.2520522957981783385, 1.779556347367960090, -9.997582529451092270 ) ) ;
#5656 = ORIENTED_EDGE ( 'NONE', *, *, #6382, .T. ) ;
#5657 = CARTESIAN_POINT ( 'NONE',  ( 9.138395661353003518, 9.500000000000000000, -2.596097982851298891 ) ) ;
#5658 = AXIS2_PLACEMENT_3D ( 'NONE', #3070, #1320, #1894 ) ;
#5659 = EDGE_CURVE ( 'NONE', #342, #571, #7169, .T. ) ;
#5660 = ORIENTED_EDGE ( 'NONE', *, *, #947, .T. ) ;
#5661 = VERTEX_POINT ( 'NONE', #194 ) ;
#5662 = AXIS2_PLACEMENT_3D ( 'NONE', #3097, #803, #6284 ) ;
#5663 = CARTESIAN_POINT ( 'NONE',  ( 6.448168809503462384, 1.975903690497188725, -7.644210560722278558 ) ) ;
#5664 = DIRECTION ( 'NONE',  ( -0.000000000000000000, 1.000000000000000000, -0.000000000000000000 ) ) ;
#5665 = CARTESIAN_POINT ( 'NONE',  ( -0.6742980716536649544, 2.242932669926581912, 9.870053336883955808 ) ) ;
#5666 = VERTEX_POINT ( 'NONE', #2387 ) ;
#5667 = CARTESIAN_POINT ( 'NONE',  ( -0.2270269566659302296, 1.992695579455239896, -9.998077438046244936 ) ) ;
#5668 = EDGE_CURVE ( 'NONE', #6124, #6144, #6813, .T. ) ;
#5669 = CARTESIAN_POINT ( 'NONE',  ( 9.461918427558064337, 2.413741176464118343, 2.985568878361663625 ) ) ;
#5670 = CARTESIAN_POINT ( 'NONE',  ( 1.851523544721292325, 8.000000000000000000, -2.548403532281086736 ) ) ;
#5671 = VECTOR ( 'NONE', #5358, 1000.000000000000000 ) ;
#5672 = DIRECTION ( 'NONE',  ( 0.5249775667251633804, 0.000000000000000000, -0.8511160640214274764 ) ) ;
#5673 = CARTESIAN_POINT ( 'NONE',  ( -2.776607510986325966, 0.000000000000000000, 0.4397714266284747930 ) ) ;
#5674 = LINE ( 'NONE', #4592, #4827 ) ;
#5675 = ORIENTED_EDGE ( 'NONE', *, *, #3265, .F. ) ;
#5676 = EDGE_CURVE ( 'NONE', #1467, #2677, #3042, .T. ) ;
#5677 = EDGE_CURVE ( 'NONE', #3604, #769, #4090, .T. ) ;
#5678 = DIRECTION ( 'NONE',  ( -1.000000000000000000, -3.469446951953611033E-15, 0.000000000000000000 ) ) ;
#5679 = AXIS2_PLACEMENT_3D ( 'NONE', #4716, #2434, #5320 ) ;
#5680 = DIRECTION ( 'NONE',  ( -0.000000000000000000, -1.000000000000000000, -0.000000000000000000 ) ) ;
#5681 = CARTESIAN_POINT ( 'NONE',  ( 4.869582161062682601, 2.500000000000000000, -8.734252662744541595 ) ) ;
#5682 = ORIENTED_EDGE ( 'NONE', *, *, #4354, .T. ) ;
#5683 = CARTESIAN_POINT ( 'NONE',  ( -3.238364770026680439, 1.867418461490379045, -9.461809159397530422 ) ) ;
#5684 = ORIENTED_EDGE ( 'NONE', *, *, #5707, .T. ) ;
#5685 = CARTESIAN_POINT ( 'NONE',  ( 9.567866486750912003, 2.321832774718814107, -2.911939321413950399 ) ) ;
#5686 = CARTESIAN_POINT ( 'NONE',  ( -9.981440441647267292, 1.863989508453880672, -0.6193966764491916077 ) ) ;
#5687 = CARTESIAN_POINT ( 'NONE',  ( 0.8789046617972537945, 2.456300505299522818, -9.885393354405113797 ) ) ;
#5688 = ORIENTED_EDGE ( 'NONE', *, *, #1670, .F. ) ;
#5689 = CARTESIAN_POINT ( 'NONE',  ( -10.79269157286918812, 9.500000000000000000, -4.470479223992283480 ) ) ;
#5690 = CARTESIAN_POINT ( 'NONE',  ( 1.156453502364807040, 9.500000000000000000, -9.932905682471176334 ) ) ;
#5691 = DIRECTION ( 'NONE',  ( -0.000000000000000000, -1.000000000000000000, -0.000000000000000000 ) ) ;
#5692 = AXIS2_PLACEMENT_3D ( 'NONE', #6150, #5081, #2294 ) ;
#5693 = VERTEX_POINT ( 'NONE', #6303 ) ;
#5694 = SPHERICAL_SURFACE ( 'NONE', #2223, 0.5000000000000000000 ) ;
#5695 = VECTOR ( 'NONE', #1390, 1000.000000000000114 ) ;
#5696 = CARTESIAN_POINT ( 'NONE',  ( 9.980840721418802630, 1.867388762198086249, -0.6290766711810209522 ) ) ;
#5697 = ORIENTED_EDGE ( 'NONE', *, *, #4333, .T. ) ;
#5698 = ORIENTED_EDGE ( 'NONE', *, *, #5184, .F. ) ;
#5699 = AXIS2_PLACEMENT_3D ( 'NONE', #480, #7126, #3271 ) ;
#5700 = EDGE_CURVE ( 'NONE', #3523, #1540, #1488, .T. ) ;
#5701 = CARTESIAN_POINT ( 'NONE',  ( 1.554148821017839577, 8.000000000000000000, 1.830433831214388851 ) ) ;
#5702 = CARTESIAN_POINT ( 'NONE',  ( 2.168404344971008868E-16, 0.000000000000000000, -3.149999999999999911 ) ) ;
#5703 = EDGE_LOOP ( 'NONE', ( #2789, #4925, #505, #2503 ) ) ;
#5704 = CARTESIAN_POINT ( 'NONE',  ( 0.4960991014861160231, 2.183709232977780967, -9.857561987693552297 ) ) ;
#5705 = CARTESIAN_POINT ( 'NONE',  ( -3.710169844705745401, 1.768638744481570324, 9.287105483649822801 ) ) ;
#5706 = FACE_OUTER_BOUND ( 'NONE', #1604, .T. ) ;
#5707 = EDGE_CURVE ( 'NONE', #3291, #559, #891, .T. ) ;
#5708 = LINE ( 'NONE', #729, #4390 ) ;
#5709 = DIRECTION ( 'NONE',  ( -0.1156453502364798158, 0.000000000000000000, 0.9932905682471177000 ) ) ;
#5710 = CARTESIAN_POINT ( 'NONE',  ( -0.4397714266284739049, 8.000000000000000000, -2.776607510986325522 ) ) ;
#5711 = ORIENTED_EDGE ( 'NONE', *, *, #1455, .F. ) ;
#5712 = DIRECTION ( 'NONE',  ( -0.06224953160689087467, 0.000000000000000000, -0.9980606173047420482 ) ) ;
#5713 = DIRECTION ( 'NONE',  ( 6.018531076210100830E-30, -1.734723475976805517E-15, 1.000000000000000000 ) ) ;
#5714 = CARTESIAN_POINT ( 'NONE',  ( 9.997605050805097093, 1.779448407880937610, 0.2512047349437870336 ) ) ;
#5715 = DIRECTION ( 'NONE',  ( 0.000000000000000000, -1.000000000000000000, 0.000000000000000000 ) ) ;
#5716 = EDGE_CURVE ( 'NONE', #2399, #6335, #4975, .T. ) ;
#5717 = EDGE_LOOP ( 'NONE', ( #1565, #523, #1254, #2491 ) ) ;
#5718 = LINE ( 'NONE', #6877, #7075 ) ;
#5719 = CARTESIAN_POINT ( 'NONE',  ( 9.012139614925578357, 2.048945620300815840, -4.335449496296971184 ) ) ;
#5720 = LINE ( 'NONE', #888, #2442 ) ;
#5721 = AXIS2_PLACEMENT_3D ( 'NONE', #5159, #6269, #179 ) ;
#5722 = CARTESIAN_POINT ( 'NONE',  ( 4.470479223992320783, 2.500000000000000444, -8.792691572869168581 ) ) ;
#5723 = CARTESIAN_POINT ( 'NONE',  ( 5.095752233843723986E-17, 9.500000000000000000, -9.681925178635076179 ) ) ;
#5724 = CARTESIAN_POINT ( 'NONE',  ( -6.612695775979601898, 1.867388762198112451, 7.502344536136521747 ) ) ;
#5725 = EDGE_CURVE ( 'NONE', #5082, #6720, #7140, .T. ) ;
#5726 = VECTOR ( 'NONE', #1596, 999.9999999999998863 ) ;
#5727 = DIRECTION ( 'NONE',  ( 0.000000000000000000, 0.000000000000000000, -1.000000000000000000 ) ) ;
#5728 = CARTESIAN_POINT ( 'NONE',  ( 0.8454647138118350780, 1.975769384896712610, -9.964836729267570803 ) ) ;
#5729 = ORIENTED_EDGE ( 'NONE', *, *, #1658, .F. ) ;
#5730 = CARTESIAN_POINT ( 'NONE',  ( -0.8419640990703026739, 2.181049877636648038, 9.965382407647522811 ) ) ;
#5731 = CARTESIAN_POINT ( 'NONE',  ( 9.138395661353005295, 9.500000000000000000, -2.596097982851299335 ) ) ;
#5732 = LINE ( 'NONE', #257, #6491 ) ;
#5733 = VERTEX_POINT ( 'NONE', #2179 ) ;
#5734 = EDGE_LOOP ( 'NONE', ( #122, #3853, #6531, #413 ) ) ;
#5735 = CARTESIAN_POINT ( 'NONE',  ( 9.568061159331175958, 2.322848788353865768, 2.911304966065443978 ) ) ;
#5736 = CARTESIAN_POINT ( 'NONE',  ( -9.972564319548823164, 2.127336489724616087, 0.7534911753618733776 ) ) ;
#5737 = AXIS2_PLACEMENT_3D ( 'NONE', #1623, #3414, #584 ) ;
#5738 = DIRECTION ( 'NONE',  ( 0.000000000000000000, 0.000000000000000000, 1.000000000000000000 ) ) ;
#5739 = EDGE_LOOP ( 'NONE', ( #5157, #365, #2329 ) ) ;
#5740 = CARTESIAN_POINT ( 'NONE',  ( -0.4025598189324778309, 2.164715090713978718, -9.851765289569893724 ) ) ;
#5741 = DIRECTION ( 'NONE',  ( -0.000000000000000000, -1.000000000000000000, -0.000000000000000000 ) ) ;
#5742 = ADVANCED_FACE ( 'NONE', ( #3724 ), #1029, .T. ) ;
#5743 = DIRECTION ( 'NONE',  ( 0.8511160640214288087, 0.000000000000000000, -0.5249775667251612710 ) ) ;
#5744 = DIRECTION ( 'NONE',  ( 0.000000000000000000, 0.000000000000000000, 1.000000000000000000 ) ) ;
#5745 = DIRECTION ( 'NONE',  ( 0.000000000000000000, 0.000000000000000000, 1.000000000000000000 ) ) ;
#5746 = PLANE ( 'NONE',  #6189 ) ;
#5747 = ORIENTED_EDGE ( 'NONE', *, *, #1175, .T. ) ;
#5748 = DIRECTION ( 'NONE',  ( 0.9971414314842893534, 0.000000000000000000, 0.07555769727474784259 ) ) ;
#5749 = CARTESIAN_POINT ( 'NONE',  ( -7.449293024680316400, 2.500000000000000000, 5.895594408747026449 ) ) ;
#5750 = EDGE_CURVE ( 'NONE', #1762, #496, #6581, .T. ) ;
#5751 = CARTESIAN_POINT ( 'NONE',  ( 9.964867834866842244, 1.975531022569853912, 0.8451121621323847144 ) ) ;
#5752 = CARTESIAN_POINT ( 'NONE',  ( -9.932905682471181663, 10.00000000000000000, 1.156453502364769736 ) ) ;
#5753 = DIRECTION ( 'NONE',  ( 0.000000000000000000, 0.000000000000000000, 1.000000000000000000 ) ) ;
#5754 = VERTEX_POINT ( 'NONE', #5505 ) ;
#5755 = ORIENTED_EDGE ( 'NONE', *, *, #3535, .F. ) ;
#5756 = CARTESIAN_POINT ( 'NONE',  ( 10.79269157286915615, 9.500000000000000000, 4.470479223992352757 ) ) ;
#5757 = DIRECTION ( 'NONE',  ( -0.3244301945785728614, -3.469446951953616950E-15, 0.9459096409518773507 ) ) ;
#5758 = CARTESIAN_POINT ( 'NONE',  ( 5.095752233843723986E-17, 10.00000000000000000, -11.68192517863507618 ) ) ;
#5759 = EDGE_CURVE ( 'NONE', #7157, #2340, #7057, .T. ) ;
#5760 = CARTESIAN_POINT ( 'NONE',  ( 0.4397714266284741269, 8.000000000000000000, 2.776607510986326410 ) ) ;
#5761 = CARTESIAN_POINT ( 'NONE',  ( -6.368549229222990604, 2.500000000000000444, 7.611508121969580820 ) ) ;
#5762 = CIRCLE ( 'NONE', #4378, 0.5000000000000005551 ) ;
#5763 = CARTESIAN_POINT ( 'NONE',  ( -9.138395661352987531, 2.500000000000000000, 2.596097982851362396 ) ) ;
#5764 = CARTESIAN_POINT ( 'NONE',  ( -8.734252662744561135, 9.500000000000000000, -4.869582161062647074 ) ) ;
#5765 = CARTESIAN_POINT ( 'NONE',  ( -0.2274354203458207047, 1.992783053389822312, 9.998058371801610278 ) ) ;
#5766 = LINE ( 'NONE', #6812, #4572 ) ;
#5767 = EDGE_CURVE ( 'NONE', #6420, #875, #4965, .T. ) ;
#5768 = DIRECTION ( 'NONE',  ( -0.000000000000000000, -1.000000000000000000, -0.000000000000000000 ) ) ;
#5769 = EDGE_CURVE ( 'NONE', #4117, #4431, #3918, .T. ) ;
#5770 = VERTEX_POINT ( 'NONE', #21 ) ;
#5771 = ORIENTED_EDGE ( 'NONE', *, *, #6737, .F. ) ;
#5772 = B_SPLINE_CURVE_WITH_KNOTS ( 'NONE', 3,
 ( #4797, #6990, #1170, #6615, #7137, #6074, #2251, #1204, #5642, #5001, #3317, #2176, #6686, #2142, #1598, #4959, #5502, #6722 ),
 .UNSPECIFIED., .F., .F.,
 ( 4, 2, 2, 2, 2, 2, 2, 2, 4 ),
 ( 0.000000000000000000, 0.0001297744646122138358, 0.0002595489292244276716, 0.0005190978584488557769, 0.001038195716897711120, 0.001557293575346566355, 0.001816842504570994514, 0.001946616969183208486, 0.002076391433795422674 ),
 .UNSPECIFIED. ) ;
#5773 = CARTESIAN_POINT ( 'NONE',  ( 1.552006135520455375E-13, 1.768578062440346432, 10.00000000000000000 ) ) ;
#5774 = CARTESIAN_POINT ( 'NONE',  ( -9.990639898665969909, 2.024441704241261686, 0.4499715962274590808 ) ) ;
#5775 = CIRCLE ( 'NONE', #3800, 0.5000000000000007772 ) ;
#5776 = FACE_OUTER_BOUND ( 'NONE', #1875, .T. ) ;
#5777 = ORIENTED_EDGE ( 'NONE', *, *, #3460, .F. ) ;
#5778 = CARTESIAN_POINT ( 'NONE',  ( -0.9718434144856347157, 2.322848788353888416, -9.953844047997634448 ) ) ;
#5779 = LINE ( 'NONE', #6788, #6890 ) ;
#5780 = CARTESIAN_POINT ( 'NONE',  ( -8.796570338259703803, 2.456298904871082378, -4.594978287206064493 ) ) ;
#5781 = ORIENTED_EDGE ( 'NONE', *, *, #384, .T. ) ;
#5782 = FACE_OUTER_BOUND ( 'NONE', #4309, .T. ) ;
#5783 = CARTESIAN_POINT ( 'NONE',  ( 7.449293024680357256, 9.500000000000000000, -5.895594408746972270 ) ) ;
#5784 = CARTESIAN_POINT ( 'NONE',  ( 2.043718524445535589, 8.000000000000000000, -1.260587625341240248 ) ) ;
#5785 = AXIS2_PLACEMENT_3D ( 'NONE', #6724, #1746, #6762 ) ;
#5786 = ORIENTED_EDGE ( 'NONE', *, *, #3257, .T. ) ;
#5787 = CYLINDRICAL_SURFACE ( 'NONE', #589, 10.00000000000000000 ) ;
#5788 = CARTESIAN_POINT ( 'NONE',  ( 4.470479223992320783, 2.500000000000000444, -9.292691572869168581 ) ) ;
#5789 = CARTESIAN_POINT ( 'NONE',  ( -5.095752233843723986E-17, 9.500000000000000000, 11.68192517863507618 ) ) ;
#5790 = CARTESIAN_POINT ( 'NONE',  ( -2.504813822048899130, 8.000000000000000000, -1.276266388579321509 ) ) ;
#5791 = LINE ( 'NONE', #811, #5090 ) ;
#5792 = CARTESIAN_POINT ( 'NONE',  ( -4.062095968912662336, 1.779849606445667476, 9.138655792788005883 ) ) ;
#5793 = EDGE_CURVE ( 'NONE', #1359, #2415, #5038, .T. ) ;
#5794 = ORIENTED_EDGE ( 'NONE', *, *, #1977, .F. ) ;
#5795 = ORIENTED_EDGE ( 'NONE', *, *, #3066, .T. ) ;
#5796 = CARTESIAN_POINT ( 'NONE',  ( -3.306964416653646044, 2.048970607329138272, -9.438151782886778918 ) ) ;
#5797 = AXIS2_PLACEMENT_3D ( 'NONE', #2626, #2052, #427 ) ;
#5798 = CARTESIAN_POINT ( 'NONE',  ( 9.334341087458863484, 1.779849606445571775, -3.589669876561290884 ) ) ;
#5799 = CYLINDRICAL_SURFACE ( 'NONE', #2772, 0.5000000000000004441 ) ;
#5800 = FACE_OUTER_BOUND ( 'NONE', #5513, .T. ) ;
#5801 = VECTOR ( 'NONE', #3542, 1000.000000000000000 ) ;
#5802 = ADVANCED_FACE ( 'NONE', ( #1206 ), #4980, .T. ) ;
#5803 = DIRECTION ( 'NONE',  ( 0.07555769727474684339, 0.000000000000000000, 0.9971414314842893534 ) ) ;
#5804 = CARTESIAN_POINT ( 'NONE',  ( 6.378947770805419637, 2.414533010808960878, 7.599467116825914914 ) ) ;
#5805 = CARTESIAN_POINT ( 'NONE',  ( -1.109995276579309298, 2.255681435097380394, 9.938496242092700328 ) ) ;
#5806 = CARTESIAN_POINT ( 'NONE',  ( -8.824244412177533192, 2.322848788353840455, 4.707037444963813932 ) ) ;
#5807 = CARTESIAN_POINT ( 'NONE',  ( 9.843376979806452098, 2.139858412045579694, -0.2045203784391531887 ) ) ;
#5808 = ORIENTED_EDGE ( 'NONE', *, *, #1125, .T. ) ;
#5809 = VECTOR ( 'NONE', #6415, 1000.000000000000000 ) ;
#5810 = EDGE_CURVE ( 'NONE', #1235, #4044, #6688, .T. ) ;
#5811 = ADVANCED_FACE ( 'NONE', ( #6654 ), #6587, .T. ) ;
#5812 = CARTESIAN_POINT ( 'NONE',  ( 8.734252662744527385, 9.500000000000000000, 4.869582161062707470 ) ) ;
#5813 = CARTESIAN_POINT ( 'NONE',  ( -9.851707555809962713, 2.164537838121647351, -0.4013235377314693930 ) ) ;
#5814 = CARTESIAN_POINT ( 'NONE',  ( 9.885393354405099586, 9.500000000000000000, 0.8789046617973568232 ) ) ;
#5815 = ORIENTED_EDGE ( 'NONE', *, *, #3983, .T. ) ;
#5816 = LINE ( 'NONE', #1920, #2842 ) ;
#5817 = VECTOR ( 'NONE', #4902, 1000.000000000000000 ) ;
#5818 = DIRECTION ( 'NONE',  ( 1.000000000000000000, 0.000000000000000000, 0.000000000000000000 ) ) ;
#5819 = EDGE_CURVE ( 'NONE', #5693, #3488, #3233, .T. ) ;
#5820 = ORIENTED_EDGE ( 'NONE', *, *, #670, .F. ) ;
#5821 = DIRECTION ( 'NONE',  ( 0.000000000000000000, 0.000000000000000000, 1.000000000000000000 ) ) ;
#5822 = CARTESIAN_POINT ( 'NONE',  ( -1.156453502364807928, 2.500000000000000000, 9.932905682471176334 ) ) ;
#5823 = DIRECTION ( 'NONE',  ( 0.000000000000000000, -1.000000000000000000, 0.000000000000000000 ) ) ;
#5824 = CIRCLE ( 'NONE', #2798, 0.5000000000000004441 ) ;
#5825 = EDGE_LOOP ( 'NONE', ( #5018, #6875 ) ) ;
#5826 = CARTESIAN_POINT ( 'NONE',  ( -9.932905682471179887, 2.500000000000000444, 1.156453502364769514 ) ) ;
#5827 = FACE_OUTER_BOUND ( 'NONE', #2921, .T. ) ;
#5828 = CARTESIAN_POINT ( 'NONE',  ( 4.626103053009367194, 9.500000000000000000, 8.297540029607414880 ) ) ;
#5829 = CARTESIAN_POINT ( 'NONE',  ( 3.786949570289242395, 2.130141866891319680, -9.081451439025260086 ) ) ;
#5830 = B_SPLINE_CURVE_WITH_KNOTS ( 'NONE', 3,
 ( #3537, #4082, #6834, #276, #5866, #3650, #5829, #2471, #1893, #2543, #881, #1318, #1855, #6984, #4121, #4039 ),
 .UNSPECIFIED., .F., .F.,
 ( 4, 2, 2, 2, 2, 2, 2, 4 ),
 ( 0.0002558157756827699175, 0.0004833877329468521354, 0.0007109596902109343534, 0.001166103604739099657, 0.001621247519267264743, 0.001848819476531347828, 0.001962605455163389696, 0.002076391433795432215 ),
 .UNSPECIFIED. ) ;
#5831 = SPHERICAL_SURFACE ( 'NONE', #3225, 0.5000000000000000000 ) ;
#5832 = CARTESIAN_POINT ( 'NONE',  ( -2.776607510986326410, 0.000000000000000000, -0.4397714266284708517 ) ) ;
#5833 = ORIENTED_EDGE ( 'NONE', *, *, #130, .F. ) ;
#5834 = DIRECTION ( 'NONE',  ( -0.000000000000000000, 1.000000000000000000, -0.000000000000000000 ) ) ;
#5835 = CARTESIAN_POINT ( 'NONE',  ( 9.501588311015424893, 2.127032157860299755, -3.120821918168847908 ) ) ;
#5836 = CARTESIAN_POINT ( 'NONE',  ( 3.408834636278082808, 2.024215165943759054, 9.401861085319831446 ) ) ;
#5837 = EDGE_LOOP ( 'NONE', ( #5915, #2414, #6916, #3742 ) ) ;
#5838 = ADVANCED_FACE ( 'NONE', ( #6798 ), #1705, .T. ) ;
#5839 = CARTESIAN_POINT ( 'NONE',  ( -9.436260398347620537, 2.500000000000000444, 1.098630827246535269 ) ) ;
#5840 = DIRECTION ( 'NONE',  ( -0.000000000000000000, -1.000000000000000000, 0.000000000000000000 ) ) ;
#5841 = DIRECTION ( 'NONE',  ( -0.000000000000000000, -1.000000000000000000, -0.000000000000000000 ) ) ;
#5842 = DIRECTION ( 'NONE',  ( 0.000000000000000000, 0.000000000000000000, 1.000000000000000000 ) ) ;
#5843 = AXIS2_PLACEMENT_3D ( 'NONE', #6631, #1646, #3873 ) ;
#5844 = CARTESIAN_POINT ( 'NONE',  ( 9.949874378253738882, 2.410376625841610387, -1.010707506679614731 ) ) ;
#5845 = ADVANCED_FACE ( 'NONE', ( #6214 ), #4516, .F. ) ;
#5846 = CARTESIAN_POINT ( 'NONE',  ( 9.857561987693546968, 2.183709232977784520, 0.4960991014862308202 ) ) ;
#5847 = CIRCLE ( 'NONE', #2346, 2.500000000000000444 ) ;
#5848 = ORIENTED_EDGE ( 'NONE', *, *, #361, .T. ) ;
#5849 = ORIENTED_EDGE ( 'NONE', *, *, #604, .T. ) ;
#5850 = CARTESIAN_POINT ( 'NONE',  ( 9.138395661353003518, 2.500000000000000000, -2.596097982851298891 ) ) ;
#5851 = CARTESIAN_POINT ( 'NONE',  ( -9.985235750618221218, 2.048970607329061444, -0.5565875801683682900 ) ) ;
#5852 = CARTESIAN_POINT ( 'NONE',  ( 9.191263844005472805, 1.768517871363070038, 3.941618638437791589 ) ) ;
#5853 = EDGE_LOOP ( 'NONE', ( #5162, #6598, #4966, #4757, #2220, #2244, #1690, #606, #1632, #5620, #4697, #5928, #3364, #3856, #6980, #934, #2083, #6778, #1755, #259, #3890, #5362, #6684, #7147, #4735, #5969, #1986, #6769, #4635, #1597, #5329, #5053, #5697, #5925, #542, #4035 ) ) ;
#5854 = AXIS2_PLACEMENT_3D ( 'NONE', #840, #3062, #6829 ) ;
#5855 = EDGE_CURVE ( 'NONE', #4280, #2757, #6141, .T. ) ;
#5856 = DIRECTION ( 'NONE',  ( 0.000000000000000000, 1.000000000000000000, 0.000000000000000000 ) ) ;
#5857 = AXIS2_PLACEMENT_3D ( 'NONE', #2495, #689, #5738 ) ;
#5858 = CARTESIAN_POINT ( 'NONE',  ( -4.626103053009482657, 9.500000000000000000, 8.797540029607350931 ) ) ;
#5859 = CARTESIAN_POINT ( 'NONE',  ( 8.796570338259671828, 10.00001200000000168, 4.594978287206128442 ) ) ;
#5860 = LINE ( 'NONE', #5454, #3419 ) ;
#5861 = ORIENTED_EDGE ( 'NONE', *, *, #223, .F. ) ;
#5862 = CARTESIAN_POINT ( 'NONE',  ( 1.851523544721292769, 0.000000000000000000, 2.548403532281084960 ) ) ;
#5863 = DIRECTION ( 'NONE',  ( 0.000000000000000000, 1.000000000000000000, 0.000000000000000000 ) ) ;
#5864 = ADVANCED_FACE ( 'NONE', ( #636 ), #4283, .F. ) ;
#5865 = DIRECTION ( 'NONE',  ( 0.000000000000000000, 0.000000000000000000, 1.000000000000000000 ) ) ;
#5866 = CARTESIAN_POINT ( 'NONE',  ( 4.137386974973957798, 2.164948009018049735, -8.949701815236322133 ) ) ;
#5867 = CARTESIAN_POINT ( 'NONE',  ( -2.548403532281083628, 8.000000000000000000, 1.851523544721290992 ) ) ;
#5868 = CARTESIAN_POINT ( 'NONE',  ( -9.953906951267414982, 2.321832774718814552, -0.9711828485915154907 ) ) ;
#5869 = VECTOR ( 'NONE', #953, 1000.000000000000000 ) ;
#5870 = ORIENTED_EDGE ( 'NONE', *, *, #5293, .T. ) ;
#5871 = ORIENTED_EDGE ( 'NONE', *, *, #5459, .F. ) ;
#5872 = CARTESIAN_POINT ( 'NONE',  ( -2.985568878361571699, 2.413741176464117899, 9.461918427558096312 ) ) ;
#5873 = CARTESIAN_POINT ( 'NONE',  ( 6.448641078955008155, 1.975531022569854800, 7.643810160369098661 ) ) ;
#5874 = CARTESIAN_POINT ( 'NONE',  ( 3.399310659689277703, 2.164537838121693092, 9.255370840007552502 ) ) ;
#5875 = LINE ( 'NONE', #6960, #1890 ) ;
#5876 = CARTESIAN_POINT ( 'NONE',  ( -8.796570338259732225, 2.500000000000000444, 4.594978287206008538 ) ) ;
#5877 = VERTEX_POINT ( 'NONE', #2846 ) ;
#5878 = CARTESIAN_POINT ( 'NONE',  ( -0.1012763761842774834, 2.134257748930265208, 9.840950097952873676 ) ) ;
#5879 = DIRECTION ( 'NONE',  ( 0.000000000000000000, 1.000000000000000000, 0.000000000000000000 ) ) ;
#5880 = DIRECTION ( 'NONE',  ( 0.6205888851312586496, 0.000000000000000000, 0.7841361078610916691 ) ) ;
#5881 = TOROIDAL_SURFACE ( 'NONE', #3440, 2.500000000000000000, 0.5000000000000000000 ) ;
#5882 = ORIENTED_EDGE ( 'NONE', *, *, #5414, .T. ) ;
#5883 = CARTESIAN_POINT ( 'NONE',  ( 2.548403532281085848, 8.000000000000000000, 1.851523544721291437 ) ) ;
#5884 = FACE_OUTER_BOUND ( 'NONE', #6638, .T. ) ;
#5885 = EDGE_CURVE ( 'NONE', #769, #1493, #4526, .T. ) ;
#5886 = CARTESIAN_POINT ( 'NONE',  ( -9.458796236486628928, 1.864094386502770817, -3.247154115396697183 ) ) ;
#5887 = VECTOR ( 'NONE', #4014, 1000.000000000000000 ) ;
#5888 = VERTEX_POINT ( 'NONE', #2323 ) ;
#5889 = AXIS2_PLACEMENT_3D ( 'NONE', #2873, #2314, #1773 ) ;
#5890 = VERTEX_POINT ( 'NONE', #1816 ) ;
#5891 = DIRECTION ( 'NONE',  ( 0.3799932884734135152, 0.000000000000000000, -0.9249892435672758539 ) ) ;
#5892 = CARTESIAN_POINT ( 'NONE',  ( 8.886597848284432999, 2.212746796842761654, -4.321516740381020405 ) ) ;
#5893 = EDGE_CURVE ( 'NONE', #4943, #2572, #1824, .T. ) ;
#5894 = CARTESIAN_POINT ( 'NONE',  ( 2.970974267493271537, 2.438513403071516539, -9.469254802398138438 ) ) ;
#5895 = ORIENTED_EDGE ( 'NONE', *, *, #4786, .F. ) ;
#5896 = CYLINDRICAL_SURFACE ( 'NONE', #6499, 0.5000000000000004441 ) ;
#5897 = CARTESIAN_POINT ( 'NONE',  ( 5.895594408747102833, 9.500000000000000000, -7.449293024680254227 ) ) ;
#5898 = CARTESIAN_POINT ( 'NONE',  ( 7.725627693846815802, 2.322848788353864435, 6.351233556578124606 ) ) ;
#5899 = DIRECTION ( 'NONE',  ( 0.000000000000000000, -1.000000000000000000, 0.000000000000000000 ) ) ;
#5900 = CARTESIAN_POINT ( 'NONE',  ( -3.161911533876206271, 2.241156341101795846, 9.372706491370081494 ) ) ;
#5901 = EDGE_CURVE ( 'NONE', #3600, #1283, #2773, .T. ) ;
#5902 = ADVANCED_FACE ( 'NONE', ( #4597 ), #565, .F. ) ;
#5903 = ORIENTED_EDGE ( 'NONE', *, *, #6765, .F. ) ;
#5904 = DIRECTION ( 'NONE',  ( -0.000000000000000000, -1.000000000000000000, -0.000000000000000000 ) ) ;
#5905 = CARTESIAN_POINT ( 'NONE',  ( -7.449293024680276432, 10.00000000000000000, -5.895594408747077075 ) ) ;
#5906 = DIRECTION ( 'NONE',  ( 0.000000000000000000, 0.000000000000000000, 1.000000000000000000 ) ) ;
#5907 = CARTESIAN_POINT ( 'NONE',  ( -6.368549229222938202, 10.00001200000000168, -7.611508121969626117 ) ) ;
#5908 = EDGE_LOOP ( 'NONE', ( #2928, #6514, #2748 ) ) ;
#5909 = DIRECTION ( 'NONE',  ( 0.6472324890273797315, 0.000000000000000000, -0.7622926637108761172 ) ) ;
#5910 = AXIS2_PLACEMENT_3D ( 'NONE', #7092, #4335, #4369 ) ;
#5911 = CARTESIAN_POINT ( 'NONE',  ( -4.626103053009484434, 2.500000000000000000, 8.297540029607349155 ) ) ;
#5912 = CARTESIAN_POINT ( 'NONE',  ( 4.869582161062682601, 2.500000000000000000, -8.734252662744541595 ) ) ;
#5913 = FACE_OUTER_BOUND ( 'NONE', #6184, .T. ) ;
#5914 = CARTESIAN_POINT ( 'NONE',  ( -5.895594408747000692, 9.500000000000000000, -7.449293024680335051 ) ) ;
#5915 = ORIENTED_EDGE ( 'NONE', *, *, #1684, .F. ) ;
#5916 = CARTESIAN_POINT ( 'NONE',  ( 0.000000000000000000, 9.500000000000000000, 0.000000000000000000 ) ) ;
#5917 = ORIENTED_EDGE ( 'NONE', *, *, #4012, .F. ) ;
#5918 = VERTEX_POINT ( 'NONE', #6833 ) ;
#5919 = CARTESIAN_POINT ( 'NONE',  ( 9.053095584707913090, 2.134257748930218579, 3.859535732301846878 ) ) ;
#5920 = CARTESIAN_POINT ( 'NONE',  ( 9.619363854055736240, 2.500000000000000444, 2.732734718791043349 ) ) ;
#5921 = ORIENTED_EDGE ( 'NONE', *, *, #7051, .F. ) ;
#5922 = CIRCLE ( 'NONE', #12, 0.4999999999999998335 ) ;
#5923 = EDGE_CURVE ( 'NONE', #5754, #4906, #1355, .T. ) ;
#5924 = AXIS2_PLACEMENT_3D ( 'NONE', #308, #4785, #3681 ) ;
#5925 = ORIENTED_EDGE ( 'NONE', *, *, #6411, .T. ) ;
#5926 = DIRECTION ( 'NONE',  ( -0.000000000000000000, 1.000000000000000000, -0.000000000000000000 ) ) ;
#5927 = CARTESIAN_POINT ( 'NONE',  ( 4.289462306013283488, 1.829075679051594516, -9.034166618178208097 ) ) ;
#5928 = ORIENTED_EDGE ( 'NONE', *, *, #7052, .T. ) ;
#5929 = CARTESIAN_POINT ( 'NONE',  ( -4.283506727573469064, 1.827366529454477417, -9.036978801079078139 ) ) ;
#5930 = AXIS2_PLACEMENT_3D ( 'NONE', #1176, #2218, #6731 ) ;
#5931 = FACE_OUTER_BOUND ( 'NONE', #3569, .T. ) ;
#5932 = EDGE_CURVE ( 'NONE', #1337, #3743, #6014, .T. ) ;
#5933 = CARTESIAN_POINT ( 'NONE',  ( -6.448168809503409094, 1.975903690497190057, 7.644210560722322079 ) ) ;
#5934 = CARTESIAN_POINT ( 'NONE',  ( -9.421771089946163968, 1.829430187479156533, -3.353526346303850492 ) ) ;
#5935 = CARTESIAN_POINT ( 'NONE',  ( -3.590100106537467362, 1.779716818039907889, 9.334189340898278786 ) ) ;
#5936 = ORIENTED_EDGE ( 'NONE', *, *, #2070, .F. ) ;
#5937 = CARTESIAN_POINT ( 'NONE',  ( -2.970974231079569705, 2.456216401094831525, 9.469254843656225162 ) ) ;
#5938 = CARTESIAN_POINT ( 'NONE',  ( -0.9124482025973585930, 0.000000000000000000, 2.221104420305843430 ) ) ;
#5939 = CYLINDRICAL_SURFACE ( 'NONE', #2919, 0.4999999999999995559 ) ;
#5940 = EDGE_CURVE ( 'NONE', #5733, #1749, #2760, .T. ) ;
#5941 = CARTESIAN_POINT ( 'NONE',  ( -5.895594408747050430, 2.500000000000000444, 7.449293024680296860 ) ) ;
#5942 = ORIENTED_EDGE ( 'NONE', *, *, #6417, .F. ) ;
#5943 = AXIS2_PLACEMENT_3D ( 'NONE', #6521, #4771, #5302 ) ;
#5944 = CARTESIAN_POINT ( 'NONE',  ( -8.801702682749269258, 2.413741176464116123, 4.579470683571290834 ) ) ;
#5945 = EDGE_LOOP ( 'NONE', ( #4979, #6218, #5131, #5108 ) ) ;
#5946 = CARTESIAN_POINT ( 'NONE',  ( 5.095752233843723986E-17, 2.500000000000000444, -9.681925178635076179 ) ) ;
#5947 = CARTESIAN_POINT ( 'NONE',  ( -0.2501539172365432884, 1.779255717700187978, -9.997642733695165873 ) ) ;
#5948 = FACE_OUTER_BOUND ( 'NONE', #2264, .T. ) ;
#5949 = EDGE_CURVE ( 'NONE', #2545, #707, #1139, .T. ) ;
#5950 = CARTESIAN_POINT ( 'NONE',  ( 9.954245716881919392, 2.059185488125264474, 0.9585349633983512030 ) ) ;
#5951 = VERTEX_POINT ( 'NONE', #2990 ) ;
#5952 = ORIENTED_EDGE ( 'NONE', *, *, #2558, .T. ) ;
#5953 = CARTESIAN_POINT ( 'NONE',  ( 9.138655792787924170, 1.779849606445623733, 4.062095968912843524 ) ) ;
#5954 = ORIENTED_EDGE ( 'NONE', *, *, #919, .T. ) ;
#5955 = DIRECTION ( 'NONE',  ( -0.000000000000000000, -1.000000000000000000, -0.000000000000000000 ) ) ;
#5956 = VERTEX_POINT ( 'NONE', #4081 ) ;
#5957 = TOROIDAL_SURFACE ( 'NONE', #4336, 9.500000000000000000, 0.5000000000000000000 ) ;
#5958 = CARTESIAN_POINT ( 'NONE',  ( 6.815700865711566081, 2.139858412045535285, -7.104936358681887221 ) ) ;
#5959 = CARTESIAN_POINT ( 'NONE',  ( 2.777044024017649715, 2.257089604130915195, -9.606967333087583327 ) ) ;
#5960 = VERTEX_POINT ( 'NONE', #3501 ) ;
#5961 = FACE_OUTER_BOUND ( 'NONE', #4560, .T. ) ;
#5962 = CARTESIAN_POINT ( 'NONE',  ( 6.368549229223043895, 10.00001200000000168, -7.611508121969533747 ) ) ;
#5963 = CARTESIAN_POINT ( 'NONE',  ( 7.587710600652748383, 2.378544800989005559, 6.389094439621009869 ) ) ;
#5964 = CIRCLE ( 'NONE', #861, 10.00000000000000000 ) ;
#5965 = CARTESIAN_POINT ( 'NONE',  ( -9.172361082845696956, 2.139858412045545055, -3.577945097074418435 ) ) ;
#5966 = CARTESIAN_POINT ( 'NONE',  ( -4.591460142829396851, 2.181049877636753287, 8.884607128713257751 ) ) ;
#5967 = CARTESIAN_POINT ( 'NONE',  ( 6.432881416101412952, 2.314916786199595844, 7.536785282756134130 ) ) ;
#5968 = AXIS2_PLACEMENT_3D ( 'NONE', #3522, #761, #3014 ) ;
#5969 = ORIENTED_EDGE ( 'NONE', *, *, #3149, .T. ) ;
#5970 = LINE ( 'NONE', #7100, #1039 ) ;
#5971 = EDGE_CURVE ( 'NONE', #2677, #3780, #6367, .T. ) ;
#5972 = DIRECTION ( 'NONE',  ( 0.000000000000000000, -1.000000000000000000, -0.000000000000000000 ) ) ;
#5973 = CARTESIAN_POINT ( 'NONE',  ( 2.999548401200138326, 2.377840714399257482, 9.454885785705647194 ) ) ;
#5974 = CARTESIAN_POINT ( 'NONE',  ( 0.000000000000000000, 9.500000000000000000, 0.000000000000000000 ) ) ;
#5975 = AXIS2_PLACEMENT_3D ( 'NONE', #397, #4839, #4285 ) ;
#5976 = EDGE_LOOP ( 'NONE', ( #3845, #2255, #5553 ) ) ;
#5977 = DIRECTION ( 'NONE',  ( -0.6472324890273781772, 0.000000000000000000, -0.7622926637108773384 ) ) ;
#5978 = EDGE_CURVE ( 'NONE', #1051, #6970, #458, .T. ) ;
#5979 = CARTESIAN_POINT ( 'NONE',  ( -9.964817015740024431, 1.975903690497188725, 0.8457292328691102812 ) ) ;
#5980 = CARTESIAN_POINT ( 'NONE',  ( 4.470479223992320783, 2.500000000000000444, -10.79269157286916858 ) ) ;
#5981 = DIRECTION ( 'NONE',  ( -0.4394523308986368337, -0.000000000000000000, 0.8982659121149788595 ) ) ;
#5982 =( BOUNDED_SURFACE ( )  B_SPLINE_SURFACE ( 3, 2, ( 
 ( #3753, #4856, #4889 ),
 ( #2612, #1499, #5393 ),
 ( #4371, #1594, #2039 ),
 ( #949, #1561, #3815 ),
 ( #5360, #4303, #4953 ),
 ( #6608, #3717, #7162 ),
 ( #6467, #487, #5934 ),
 ( #5965, #3176, #6504 ),
 ( #6036, #380, #986 ),
 ( #6572, #1058, #7055 ),
 ( #1530, #2689, #1630 ),
 ( #2652, #417, #2074 ),
 ( #4408, #3851, #3243 ),
 ( #6067, #3213, #3784 ),
 ( #4922, #1021, #5430 ),
 ( #4267, #2578, #451 ),
 ( #7094, #2106, #7132 ),
 ( #4337, #519, #6537 ) ),
 .UNSPECIFIED., .F., .F., .T. ) 
 B_SPLINE_SURFACE_WITH_KNOTS ( ( 4, 2, 2, 2, 2, 2, 2, 2, 4 ),
 ( 3, 3 ),
 ( 3.523657060577889411E-19, 0.0003645422052340778680, 0.0007290844104681554107, 0.001093626615702233008, 0.001458168820936310388, 0.001822711026170387768, 0.002187253231404465148, 0.002551795436638542962, 0.002916337641872620342 ),
 ( 0.000000000000000000, 1.000000000000000000 ),
 .UNSPECIFIED. ) 
 GEOMETRIC_REPRESENTATION_ITEM ( )  RATIONAL_B_SPLINE_SURFACE ( (
 ( 1.000000000000000000, 0.9595359398070246737, 1.000000000000000000),
 ( 1.000000000000000000, 0.9595833763010178652, 1.000000000000000000),
 ( 1.000000000000000000, 0.9570685609626740087, 1.000000000000000000),
 ( 1.000000000000000000, 0.9488880332095369630, 1.000000000000000000),
 ( 1.000000000000000000, 0.9432547151588424050, 1.000000000000000000),
 ( 1.000000000000000000, 0.9321826025349433387, 1.000000000000000000),
 ( 1.000000000000000000, 0.9268523530654843023, 1.000000000000000000),
 ( 1.000000000000000000, 0.9192073681285227726, 1.000000000000000000),
 ( 1.000000000000000000, 0.9170514797511113425, 1.000000000000000000),
 ( 1.000000000000000000, 0.9170288608893597537, 1.000000000000000000),
 ( 1.000000000000000000, 0.9192260099103571891, 1.000000000000000000),
 ( 1.000000000000000000, 0.9267996068666194409, 1.000000000000000000),
 ( 1.000000000000000000, 0.9321812854749820243, 1.000000000000000000),
 ( 1.000000000000000000, 0.9432160661325701412, 1.000000000000000000),
 ( 1.000000000000000000, 0.9488445939139527052, 1.000000000000000000),
 ( 1.000000000000000000, 0.9570263305979525015, 1.000000000000000000),
 ( 1.000000000000000000, 0.9595878455022727183, 1.000000000000000000),
 ( 1.000000000000000000, 0.9595359398070248957, 1.000000000000000000) ) ) 
 REPRESENTATION_ITEM ( '' )  SURFACE ( )  );
#5983 = LINE ( 'NONE', #399, #2555 ) ;
#5984 = EDGE_LOOP ( 'NONE', ( #1556, #5615, #1040, #5656, #2824, #2377, #1834, #2538, #1584, #1999, #1503, #5106, #3477, #2140, #4021, #2390, #442, #2851, #1208, #6083, #5145, #762, #3935, #3803, #3962, #146, #5425, #5273, #2344, #5589, #982, #5006, #15, #1710, #595 ) ) ;
#5985 = VECTOR ( 'NONE', #1929, 1000.000000000000000 ) ;
#5986 = VERTEX_POINT ( 'NONE', #3613 ) ;
#5987 = DIRECTION ( 'NONE',  ( -0.9980606173047407159, 0.000000000000000000, -0.06224953160691333587 ) ) ;
#5988 = ADVANCED_FACE ( 'NONE', ( #3649 ), #6944, .T. ) ;
#5989 = CARTESIAN_POINT ( 'NONE',  ( 9.606051082930941121, 2.249819565270343880, 2.780286464852500306 ) ) ;
#5990 = ADVANCED_FACE ( 'NONE', ( #809 ), #5253, .T. ) ;
#5991 = ORIENTED_EDGE ( 'NONE', *, *, #1395, .T. ) ;
#5992 = CARTESIAN_POINT ( 'NONE',  ( 7.611508121969647434, 2.500000000000000444, -6.368549229222909780 ) ) ;
#5993 = AXIS2_PLACEMENT_3D ( 'NONE', #5137, #6170, #1163 ) ;
#5994 = CARTESIAN_POINT ( 'NONE',  ( 3.670870801779579029, 2.134320569921031030, -9.131270309608062519 ) ) ;
#5995 = ORIENTED_EDGE ( 'NONE', *, *, #617, .T. ) ;
#5996 = CARTESIAN_POINT ( 'NONE',  ( 0.000000000000000000, 10.00000000000000000, 0.000000000000000000 ) ) ;
#5997 = CARTESIAN_POINT ( 'NONE',  ( -9.560831454120858552, 2.051189550670909689, 2.932010965673084613 ) ) ;
#5998 = AXIS2_PLACEMENT_3D ( 'NONE', #3754, #2107, #2171 ) ;
#5999 = CARTESIAN_POINT ( 'NONE',  ( -7.711024474176517707, 2.051189550670911910, 6.367596717411105445 ) ) ;
#6000 = LINE ( 'NONE', #2688, #1718 ) ;
#6001 = LINE ( 'NONE', #5462, #4386 ) ;
#6002 = DIRECTION ( 'NONE',  ( -1.000000000000000000, 0.000000000000000000, 0.000000000000000000 ) ) ;
#6003 = CARTESIAN_POINT ( 'NONE',  ( -7.841361078610813884, 2.500000000000000444, -6.205888851312715282 ) ) ;
#6004 = CIRCLE ( 'NONE', #3110, 2.000000000000000000 ) ;
#6005 = ORIENTED_EDGE ( 'NONE', *, *, #1708, .F. ) ;
#6006 = DIRECTION ( 'NONE',  ( 0.000000000000000000, 0.000000000000000000, 1.000000000000000000 ) ) ;
#6007 = CYLINDRICAL_SURFACE ( 'NONE', #4726, 2.000000000000000000 ) ;
#6008 = DIRECTION ( 'NONE',  ( 0.6472324890273781772, 0.000000000000000000, 0.7622926637108773384 ) ) ;
#6009 = AXIS2_PLACEMENT_3D ( 'NONE', #4632, #4744, #5821 ) ;
#6010 = EDGE_CURVE ( 'NONE', #7165, #4906, #4763, .T. ) ;
#6011 = ORIENTED_EDGE ( 'NONE', *, *, #2413, .F. ) ;
#6012 = FACE_OUTER_BOUND ( 'NONE', #2232, .T. ) ;
#6013 = DIRECTION ( 'NONE',  ( 0.000000000000000000, 0.000000000000000000, 1.000000000000000000 ) ) ;
#6014 = CIRCLE ( 'NONE', #5213, 0.5000000000000004441 ) ;
#6015 = DIRECTION ( 'NONE',  ( -0.9971414314842892423, 0.000000000000000000, -0.07555769727474857811 ) ) ;
#6016 = FACE_OUTER_BOUND ( 'NONE', #3387, .T. ) ;
#6017 = EDGE_LOOP ( 'NONE', ( #6180, #1025, #3898 ) ) ;
#6018 = ADVANCED_FACE ( 'NONE', ( #2953 ), #5287, .T. ) ;
#6019 = DIRECTION ( 'NONE',  ( -0.6617183646064827007, 0.000000000000000000, -0.7497524964563453409 ) ) ;
#6020 = DIRECTION ( 'NONE',  ( 1.000000000000000000, -1.734723475976807094E-15, 0.000000000000000000 ) ) ;
#6021 = ORIENTED_EDGE ( 'NONE', *, *, #5700, .T. ) ;
#6022 = AXIS2_PLACEMENT_3D ( 'NONE', #2954, #3069, #3575 ) ;
#6023 = ADVANCED_FACE ( 'NONE', ( #201 ), #2006, .T. ) ;
#6024 = EDGE_CURVE ( 'NONE', #5161, #1133, #4987, .T. ) ;
#6025 = ORIENTED_EDGE ( 'NONE', *, *, #3441, .F. ) ;
#6026 = CIRCLE ( 'NONE', #3820, 0.5000000000000000000 ) ;
#6027 = CARTESIAN_POINT ( 'NONE',  ( -9.421228362308985638, 1.829075679051567871, 3.355012593856991909 ) ) ;
#6028 = CARTESIAN_POINT ( 'NONE',  ( 6.746271253705816484, 2.024441704241393136, -7.382627187773277200 ) ) ;
#6029 = CARTESIAN_POINT ( 'NONE',  ( 4.741424121641899525, 2.500000000000000888, -8.805704236984219335 ) ) ;
#6030 = ORIENTED_EDGE ( 'NONE', *, *, #5793, .F. ) ;
#6031 = DIRECTION ( 'NONE',  ( 0.000000000000000000, 1.000000000000000000, 0.000000000000000000 ) ) ;
#6032 = DIRECTION ( 'NONE',  ( 0.000000000000000000, -1.000000000000000000, 0.000000000000000000 ) ) ;
#6033 = DIRECTION ( 'NONE',  ( 0.000000000000000000, 0.000000000000000000, 1.000000000000000000 ) ) ;
#6034 = EDGE_CURVE ( 'NONE', #3315, #1812, #4812, .T. ) ;
#6035 = TOROIDAL_SURFACE ( 'NONE', #3024, 9.500000000000000000, 0.5000000000000000000 ) ;
#6036 = CARTESIAN_POINT ( 'NONE',  ( -9.131270309608176206, 2.134320569920947541, -3.670870801779545722 ) ) ;
#6037 = DIRECTION ( 'NONE',  ( -0.2732734718791048900, 1.668693630159320756E-15, 0.9619363854055735796 ) ) ;
#6038 = CARTESIAN_POINT ( 'NONE',  ( 7.611508121969515983, 2.456216401094831969, 6.368549229223073205 ) ) ;
#6039 = CIRCLE ( 'NONE', #366, 9.500000000000000000 ) ;
#6040 = ORIENTED_EDGE ( 'NONE', *, *, #5113, .F. ) ;
#6041 = FACE_BOUND ( 'NONE', #1613, .T. ) ;
#6042 = DIRECTION ( 'NONE',  ( 1.000000000000000000, -0.000000000000000000, 1.224646799147353207E-16 ) ) ;
#6043 = PRESENTATION_LAYER_ASSIGNMENT (  '', '', ( #6733 ) ) ;
#6044 = ORIENTED_EDGE ( 'NONE', *, *, #2152, .F. ) ;
#6045 = CARTESIAN_POINT ( 'NONE',  ( -6.205888851312687748, 10.00000000000000000, 7.841361078610836088 ) ) ;
#6046 = LINE ( 'NONE', #3290, #473 ) ;
#6047 = DIRECTION ( 'NONE',  ( -0.9716864685947450564, 0.000000000000000000, -0.2362740077746035283 ) ) ;
#6048 = ORIENTED_EDGE ( 'NONE', *, *, #4600, .F. ) ;
#6049 = DIRECTION ( 'NONE',  ( -0.000000000000000000, -1.000000000000000000, -0.000000000000000000 ) ) ;
#6050 = ORIENTED_EDGE ( 'NONE', *, *, #2022, .F. ) ;
#6051 = DIRECTION ( 'NONE',  ( -7.816086743456928668E-16, -1.000000000000000000, 1.401920620564776482E-15 ) ) ;
#6052 = ORIENTED_EDGE ( 'NONE', *, *, #1658, .T. ) ;
#6053 = EDGE_CURVE ( 'NONE', #6748, #3264, #416, .T. ) ;
#6054 = EDGE_LOOP ( 'NONE', ( #1959, #5755, #753, #2035 ) ) ;
#6055 = ORIENTED_EDGE ( 'NONE', *, *, #886, .F. ) ;
#6056 = CARTESIAN_POINT ( 'NONE',  ( -9.606750064360250363, 2.255681435097296905, 2.777795937255556957 ) ) ;
#6057 = LINE ( 'NONE', #3709, #4952 ) ;
#6058 = CARTESIAN_POINT ( 'NONE',  ( -6.619964632136784211, 1.863989508453880672, -7.495923812460073776 ) ) ;
#6059 = ORIENTED_EDGE ( 'NONE', *, *, #3138, .T. ) ;
#6060 = CARTESIAN_POINT ( 'NONE',  ( -2.970974231079568817, 10.00001200000000168, 9.469254843656223386 ) ) ;
#6061 = ADVANCED_FACE ( 'NONE', ( #4301 ), #3714, .T. ) ;
#6062 = AXIS2_PLACEMENT_3D ( 'NONE', #6084, #1042, #2711 ) ;
#6063 = CARTESIAN_POINT ( 'NONE',  ( -9.619363854055777097, 2.500000000000000000, 2.732734718790907902 ) ) ;
#6064 = LINE ( 'NONE', #5670, #7118 ) ;
#6065 = AXIS2_PLACEMENT_3D ( 'NONE', #4015, #6809, #3551 ) ;
#6066 = ORIENTED_EDGE ( 'NONE', *, *, #6987, .T. ) ;
#6067 = CARTESIAN_POINT ( 'NONE',  ( -8.863491263196692671, 2.240934156756786422, -4.391160136452707086 ) ) ;
#6068 = ORIENTED_EDGE ( 'NONE', *, *, #384, .F. ) ;
#6069 = CARTESIAN_POINT ( 'NONE',  ( -7.502344536136450692, 1.867388762198110674, -6.612695775979685386 ) ) ;
#6070 = ORIENTED_EDGE ( 'NONE', *, *, #3066, .F. ) ;
#6071 = DIRECTION ( 'NONE',  ( -0.9249892435672766311, 0.000000000000000000, 0.3799932884734116278 ) ) ;
#6072 = EDGE_CURVE ( 'NONE', #4981, #834, #2883, .T. ) ;
#6073 = ADVANCED_FACE ( 'NONE', ( #3274 ), #6999, .T. ) ;
#6074 = CARTESIAN_POINT ( 'NONE',  ( -9.870053336883950479, 2.242932669926581912, -0.6742980716536993713 ) ) ;
#6075 = FACE_OUTER_BOUND ( 'NONE', #5945, .T. ) ;
#6076 = DIRECTION ( 'NONE',  ( 0.000000000000000000, 0.000000000000000000, 1.000000000000000000 ) ) ;
#6077 = ORIENTED_EDGE ( 'NONE', *, *, #3627, .T. ) ;
#6078 = ORIENTED_EDGE ( 'NONE', *, *, #3202, .F. ) ;
#6079 = CARTESIAN_POINT ( 'NONE',  ( 4.594978287205911727, 2.500000000000000444, 8.796570338259785515 ) ) ;
#6080 = LINE ( 'NONE', #7143, #1980 ) ;
#6081 = EDGE_LOOP ( 'NONE', ( #5698, #710, #813, #4254 ) ) ;
#6082 = CARTESIAN_POINT ( 'NONE',  ( 1.098630827246563912, 2.500000000000000444, 9.436260398347616984 ) ) ;
#6083 = ORIENTED_EDGE ( 'NONE', *, *, #4264, .T. ) ;
#6084 = CARTESIAN_POINT ( 'NONE',  ( 5.895594408747102833, 9.500000000000000000, -7.449293024680254227 ) ) ;
#6085 = TOROIDAL_SURFACE ( 'NONE', #2607, 7.543744331762958666, 0.5000000000000000000 ) ;
#6086 = ORIENTED_EDGE ( 'NONE', *, *, #2960, .T. ) ;
#6087 = EDGE_CURVE ( 'NONE', #6576, #6420, #2888, .T. ) ;
#6088 = ORIENTED_EDGE ( 'NONE', *, *, #336, .T. ) ;
#6089 = CARTESIAN_POINT ( 'NONE',  ( -9.334341087458859931, 1.779849606445597310, 3.589669876561300654 ) ) ;
#6090 = DIRECTION ( 'NONE',  ( -0.000000000000000000, -1.000000000000000000, -0.000000000000000000 ) ) ;
#6091 = DIRECTION ( 'NONE',  ( -1.000000000000000000, 0.000000000000000000, 0.000000000000000000 ) ) ;
#6092 = VERTEX_POINT ( 'NONE', #1126 ) ;
#6093 = FACE_OUTER_BOUND ( 'NONE', #6017, .T. ) ;
#6094 = FACE_OUTER_BOUND ( 'NONE', #3674, .T. ) ;
#6095 = CARTESIAN_POINT ( 'NONE',  ( -3.183408101423865766, 2.232187151975808970, -9.361961525311102150 ) ) ;
#6096 = AXIS2_PLACEMENT_3D ( 'NONE', #4188, #872, #3133 ) ;
#6097 = EDGE_CURVE ( 'NONE', #1540, #4485, #3916, .T. ) ;
#6098 = ORIENTED_EDGE ( 'NONE', *, *, #6723, .T. ) ;
#6099 = DIRECTION ( 'NONE',  ( 0.000000000000000000, 0.000000000000000000, 1.000000000000000000 ) ) ;
#6100 = CARTESIAN_POINT ( 'NONE',  ( -4.335404163388613341, 2.048970607329116511, 9.012158091705444463 ) ) ;
#6101 = ORIENTED_EDGE ( 'NONE', *, *, #3394, .T. ) ;
#6102 = CARTESIAN_POINT ( 'NONE',  ( -7.587710600652747495, 2.378544800988988239, -6.389094439620982335 ) ) ;
#6103 = ORIENTED_EDGE ( 'NONE', *, *, #2920, .T. ) ;
#6104 = LINE ( 'NONE', #5641, #251 ) ;
#6105 = CARTESIAN_POINT ( 'NONE',  ( 4.869582161062490755, 10.00000000000000000, 8.734252662744646400 ) ) ;
#6106 = CIRCLE ( 'NONE', #6929, 0.5000000000000004441 ) ;
#6107 = EDGE_CURVE ( 'NONE', #1243, #6720, #3850, .T. ) ;
#6108 = EDGE_CURVE ( 'NONE', #4945, #6800, #6064, .T. ) ;
#6109 = CIRCLE ( 'NONE', #2277, 0.5000000000000004441 ) ;
#6110 = ORIENTED_EDGE ( 'NONE', *, *, #4079, .F. ) ;
#6111 = ORIENTED_EDGE ( 'NONE', *, *, #5373, .T. ) ;
#6112 = CARTESIAN_POINT ( 'NONE',  ( 4.579470683571192247, 2.413741176464117455, 8.801702682749326101 ) ) ;
#6113 = CYLINDRICAL_SURFACE ( 'NONE', #5471, 0.5000000000000000000 ) ;
#6114 = CARTESIAN_POINT ( 'NONE',  ( -0.1711160216314359939, 2.134289031220173438, -9.840962589317538090 ) ) ;
#6115 = ORIENTED_EDGE ( 'NONE', *, *, #5901, .T. ) ;
#6116 = AXIS2_PLACEMENT_3D ( 'NONE', #1347, #1386, #302 ) ;
#6117 = CARTESIAN_POINT ( 'NONE',  ( -7.079576935034929797, 2.134286657244865104, 6.837644484988271820 ) ) ;
#6118 = VECTOR ( 'NONE', #2542, 1000.000000000000000 ) ;
#6119 = ORIENTED_EDGE ( 'NONE', *, *, #1995, .T. ) ;
#6120 = DIRECTION ( 'NONE',  ( -0.000000000000000000, 1.000000000000000000, 0.000000000000000000 ) ) ;
#6121 = VERTEX_POINT ( 'NONE', #3992 ) ;
#6122 = AXIS2_PLACEMENT_3D ( 'NONE', #3659, #4685, #6340 ) ;
#6123 = VERTEX_POINT ( 'NONE', #6676 ) ;
#6124 = VERTEX_POINT ( 'NONE', #626 ) ;
#6125 = CARTESIAN_POINT ( 'NONE',  ( -9.189634587520499664, 1.768641139222007386, 3.945484083995192570 ) ) ;
#6126 = CARTESIAN_POINT ( 'NONE',  ( 0.4397714266284741269, 0.000000000000000000, 2.776607510986326410 ) ) ;
#6127 = CARTESIAN_POINT ( 'NONE',  ( 4.602995496167483047, 1.981868317978750405, -8.878359725471298702 ) ) ;
#6128 = CIRCLE ( 'NONE', #5797, 3.499999999999999556 ) ;
#6129 = ORIENTED_EDGE ( 'NONE', *, *, #5023, .T. ) ;
#6130 = CARTESIAN_POINT ( 'NONE',  ( -10.79269157286918812, 9.500000000000000000, -4.470479223992283480 ) ) ;
#6131 = CARTESIAN_POINT ( 'NONE',  ( -8.297540029607363365, 9.500000000000000000, 4.626103053009460453 ) ) ;
#6132 = CARTESIAN_POINT ( 'NONE',  ( -2.776607510986325966, 8.000000000000000000, 0.4397714266284747930 ) ) ;
#6133 = CARTESIAN_POINT ( 'NONE',  ( -9.436260398347611655, 2.500000000000000000, -1.098630827246599662 ) ) ;
#6134 = DIRECTION ( 'NONE',  ( 0.000000000000000000, 1.000000000000000000, 0.000000000000000000 ) ) ;
#6135 = VERTEX_POINT ( 'NONE', #4443 ) ;
#6136 = CARTESIAN_POINT ( 'NONE',  ( -7.454229574658369550, 2.048945620300623105, -6.667026640275333094 ) ) ;
#6137 = VERTEX_POINT ( 'NONE', #1090 ) ;
#6138 = DIRECTION ( 'NONE',  ( 0.000000000000000000, 1.000000000000000000, -0.000000000000000000 ) ) ;
#6139 = SPHERICAL_SURFACE ( 'NONE', #3307, 0.5000000000000000000 ) ;
#6140 = ADVANCED_FACE ( 'NONE', ( #4555 ), #4921, .T. ) ;
#6141 = LINE ( 'NONE', #2882, #104 ) ;
#6142 = VECTOR ( 'NONE', #4185, 999.9999999999998863 ) ;
#6143 = AXIS2_PLACEMENT_3D ( 'NONE', #2430, #1928, #4712 ) ;
#6144 = VERTEX_POINT ( 'NONE', #3884 ) ;
#6145 = ORIENTED_EDGE ( 'NONE', *, *, #6107, .F. ) ;
#6146 = CARTESIAN_POINT ( 'NONE',  ( -4.400693446046362034, 1.867388762198111118, -8.980357240025622190 ) ) ;
#6147 = AXIS2_PLACEMENT_3D ( 'NONE', #5300, #2522, #1873 ) ;
#6148 = CARTESIAN_POINT ( 'NONE',  ( -9.988368796715791476, 1.827040335878403754, -0.4976940340571252008 ) ) ;
#6149 = EDGE_CURVE ( 'NONE', #5562, #3293, #4695, .T. ) ;
#6150 = CARTESIAN_POINT ( 'NONE',  ( 8.297540029607301193, 9.500000000000000000, 4.626103053009570587 ) ) ;
#6151 = ORIENTED_EDGE ( 'NONE', *, *, #3761, .F. ) ;
#6152 = CARTESIAN_POINT ( 'NONE',  ( -7.611508121969555951, 10.00001200000000168, -6.368549229223018138 ) ) ;
#6153 = DIRECTION ( 'NONE',  ( -0.9619363854055764662, -9.291575964857336224E-15, -0.2732734718790951756 ) ) ;
#6154 = CIRCLE ( 'NONE', #4901, 2.500000000000000444 ) ;
#6155 = DIRECTION ( 'NONE',  ( 0.000000000000000000, 0.000000000000000000, 1.000000000000000000 ) ) ;
#6156 = VERTEX_POINT ( 'NONE', #6132 ) ;
#6157 = CARTESIAN_POINT ( 'NONE',  ( 0.5673463196692557498, 0.000000000000000000, 2.333234819276244210 ) ) ;
#6158 = ADVANCED_FACE ( 'NONE', ( #3308 ), #801, .T. ) ;
#6159 = VECTOR ( 'NONE', #3260, 1000.000000000000000 ) ;
#6160 = EDGE_LOOP ( 'NONE', ( #2974, #6701 ) ) ;
#6161 = CARTESIAN_POINT ( 'NONE',  ( -9.619363854055775320, 2.500000000000000444, 2.732734718790911010 ) ) ;
#6162 = CIRCLE ( 'NONE', #838, 7.500000000000000000 ) ;
#6163 = CARTESIAN_POINT ( 'NONE',  ( 8.734252662744630413, 2.500000000000000444, -4.869582161062521841 ) ) ;
#6164 = CARTESIAN_POINT ( 'NONE',  ( 4.594978287206100909, 2.500000000000000444, -8.796570338259684263 ) ) ;
#6165 = ORIENTED_EDGE ( 'NONE', *, *, #3450, .T. ) ;
#6166 = LINE ( 'NONE', #3846, #3497 ) ;
#6167 = CARTESIAN_POINT ( 'NONE',  ( -4.825657120698720881, 2.248135892564182559, 8.758950836166608411 ) ) ;
#6168 = CARTESIAN_POINT ( 'NONE',  ( 6.205888851312576726, 2.500000000000000000, 7.841361078610924906 ) ) ;
#6169 = CYLINDRICAL_SURFACE ( 'NONE', #4505, 2.000000000000000000 ) ;
#6170 = DIRECTION ( 'NONE',  ( 0.000000000000000000, -0.000000000000000000, 1.000000000000000000 ) ) ;
#6171 = CIRCLE ( 'NONE', #1885, 0.4999999999999995559 ) ;
#6172 = ORIENTED_EDGE ( 'NONE', *, *, #3641, .F. ) ;
#6173 = CYLINDRICAL_SURFACE ( 'NONE', #7131, 0.5000000000000004441 ) ;
#6174 = ORIENTED_EDGE ( 'NONE', *, *, #3598, .F. ) ;
#6175 = DIRECTION ( 'NONE',  ( 0.000000000000000000, 0.000000000000000000, 1.000000000000000000 ) ) ;
#6176 = DIRECTION ( 'NONE',  ( 0.9716864685947451674, 0.000000000000000000, 0.2362740077746034173 ) ) ;
#6177 = VECTOR ( 'NONE', #4501, 1000.000000000000000 ) ;
#6178 = CARTESIAN_POINT ( 'NONE',  ( 3.032018450179241764, 1.975903690497187837, -9.529937051748243348 ) ) ;
#6179 = ADVANCED_FACE ( 'NONE', ( #4704 ), #4228, .F. ) ;
#6180 = ORIENTED_EDGE ( 'NONE', *, *, #1275, .T. ) ;
#6181 = ORIENTED_EDGE ( 'NONE', *, *, #449, .F. ) ;
#6182 = CARTESIAN_POINT ( 'NONE',  ( -7.449293024680316400, 10.00000000000000000, 5.895594408747025561 ) ) ;
#6183 = CIRCLE ( 'NONE', #5614, 10.00000000000000000 ) ;
#6184 = EDGE_LOOP ( 'NONE', ( #5406, #3303, #284, #841 ) ) ;
#6185 = DIRECTION ( 'NONE',  ( 0.000000000000000000, 0.000000000000000000, 1.000000000000000000 ) ) ;
#6186 = CARTESIAN_POINT ( 'NONE',  ( 9.619363854055793084, 2.500000000000000000, -2.732734718790841288 ) ) ;
#6187 = VERTEX_POINT ( 'NONE', #4589 ) ;
#6188 = CARTESIAN_POINT ( 'NONE',  ( -7.611508121969602136, 2.500000000000000444, 6.368549229222964847 ) ) ;
#6189 = AXIS2_PLACEMENT_3D ( 'NONE', #5784, #6905, #6287 ) ;
#6190 = ADVANCED_FACE ( 'NONE', ( #3528 ), #6823, .T. ) ;
#6191 = DIRECTION ( 'NONE',  ( 0.000000000000000000, 0.000000000000000000, 1.000000000000000000 ) ) ;
#6192 = LINE ( 'NONE', #5192, #6177 ) ;
#6193 = LINE ( 'NONE', #6776, #4813 ) ;
#6194 = AXIS2_PLACEMENT_3D ( 'NONE', #4586, #5205, #5240 ) ;
#6195 = EDGE_LOOP ( 'NONE', ( #5533, #25, #4681 ) ) ;
#6196 = ORIENTED_EDGE ( 'NONE', *, *, #406, .T. ) ;
#6197 = CIRCLE ( 'NONE', #6439, 0.4999999999999995559 ) ;
#6198 = ADVANCED_FACE ( 'NONE', ( #5706 ), #231, .T. ) ;
#6199 = ADVANCED_FACE ( 'NONE', ( #3493 ), #1307, .T. ) ;
#6200 = CARTESIAN_POINT ( 'NONE',  ( 6.619703835945526471, 1.864094386502768153, -7.496156162786325794 ) ) ;
#6201 = CARTESIAN_POINT ( 'NONE',  ( 9.863918724921026282, 2.212746796842759878, -0.5918070992132061781 ) ) ;
#6202 = CARTESIAN_POINT ( 'NONE',  ( -0.5925133766642505240, 2.212953969771219054, 9.863965706758321517 ) ) ;
#6203 = ORIENTED_EDGE ( 'NONE', *, *, #1944, .T. ) ;
#6204 = CARTESIAN_POINT ( 'NONE',  ( -0.7402789226335428907, 2.279919447647845043, -9.875015954859550860 ) ) ;
#6205 = CARTESIAN_POINT ( 'NONE',  ( 8.860697562244178371, 2.242932669926582800, 4.400076075798003750 ) ) ;
#6206 = CYLINDRICAL_SURFACE ( 'NONE', #3122, 2.000000000000000000 ) ;
#6207 = FACE_OUTER_BOUND ( 'NONE', #5346, .T. ) ;
#6208 = ORIENTED_EDGE ( 'NONE', *, *, #7179, .T. ) ;
#6209 = CARTESIAN_POINT ( 'NONE',  ( -6.205888885575337355, 2.376055744299647721, -7.841361051494344814 ) ) ;
#6210 = ORIENTED_EDGE ( 'NONE', *, *, #4175, .F. ) ;
#6211 = FACE_OUTER_BOUND ( 'NONE', #114, .T. ) ;
#6212 = DIRECTION ( 'NONE',  ( 0.000000000000000000, 1.000000000000000000, 0.000000000000000000 ) ) ;
#6213 = AXIS2_PLACEMENT_3D ( 'NONE', #1732, #1018, #2799 ) ;
#6214 = FACE_OUTER_BOUND ( 'NONE', #4513, .T. ) ;
#6215 = CARTESIAN_POINT ( 'NONE',  ( 3.247154115396727825, 1.864094386502767486, -9.458796236486616493 ) ) ;
#6216 = ORIENTED_EDGE ( 'NONE', *, *, #5442, .T. ) ;
#6217 = AXIS2_PLACEMENT_3D ( 'NONE', #3816, #6037, #4954 ) ;
#6218 = ORIENTED_EDGE ( 'NONE', *, *, #5548, .F. ) ;
#6219 = CARTESIAN_POINT ( 'NONE',  ( -3.095596099249417588, 2.279592747210337222, -9.406354823611795979 ) ) ;
#6220 = ORIENTED_EDGE ( 'NONE', *, *, #4307, .F. ) ;
#6221 = CARTESIAN_POINT ( 'NONE',  ( 9.052480793569294804, 2.134320569921015043, -3.861085519973236124 ) ) ;
#6222 = DIRECTION ( 'NONE',  ( 0.000000000000000000, -1.000000000000000000, -0.000000000000000000 ) ) ;
#6223 = CARTESIAN_POINT ( 'NONE',  ( 1.851523544721292769, 8.000000000000000000, 2.548403532281084960 ) ) ;
#6224 = ORIENTED_EDGE ( 'NONE', *, *, #3546, .T. ) ;
#6225 = EDGE_CURVE ( 'NONE', #6897, #6748, #870, .T. ) ;
#6226 = CARTESIAN_POINT ( 'NONE',  ( -7.250099490762274890, 1.779849606445558896, 6.888520213642613577 ) ) ;
#6227 = AXIS2_PLACEMENT_3D ( 'NONE', #5255, #277, #2472 ) ;
#6228 = DIRECTION ( 'NONE',  ( -0.9619363854055753560, 0.000000000000000000, -0.2732734718790983397 ) ) ;
#6229 = CARTESIAN_POINT ( 'NONE',  ( -9.932905682471172781, 2.500000000000000000, -1.156453502364842567 ) ) ;
#6230 = EDGE_LOOP ( 'NONE', ( #4487, #4833, #317 ) ) ;
#6231 = CYLINDRICAL_SURFACE ( 'NONE', #282, 2.000000000000000000 ) ;
#6232 = VECTOR ( 'NONE', #1405, 1000.000000000000000 ) ;
#6233 = CARTESIAN_POINT ( 'NONE',  ( -0.9124482025973585930, 8.000000000000000000, 2.221104420305843430 ) ) ;
#6234 = EDGE_LOOP ( 'NONE', ( #1782, #3947, #5484 ) ) ;
#6235 = ADVANCED_FACE ( 'NONE', ( #4631 ), #765, .T. ) ;
#6236 = ORIENTED_EDGE ( 'NONE', *, *, #6463, .F. ) ;
#6237 = CARTESIAN_POINT ( 'NONE',  ( -1.156453502364807484, 2.372106879883455033, 9.932905682471176334 ) ) ;
#6238 = CARTESIAN_POINT ( 'NONE',  ( 9.884231957283109438, 2.414533010808960434, 0.8630375061404477188 ) ) ;
#6239 = CARTESIAN_POINT ( 'NONE',  ( -0.8133254559657883132, 2.343771222574625224, 9.880520895452910679 ) ) ;
#6240 = ORIENTED_EDGE ( 'NONE', *, *, #7181, .T. ) ;
#6241 = CARTESIAN_POINT ( 'NONE',  ( -0.7534911753619908392, 2.127336489724479751, -9.972564319549032774 ) ) ;
#6242 = DIRECTION ( 'NONE',  ( -0.000000000000000000, -1.000000000000000000, -0.000000000000000000 ) ) ;
#6243 = AXIS2_PLACEMENT_3D ( 'NONE', #5331, #2551, #2737 ) ;
#6244 = ADVANCED_FACE ( 'NONE', ( #5171 ), #5310, .T. ) ;
#6245 = AXIS2_PLACEMENT_3D ( 'NONE', #3589, #3631, #5842 ) ;
#6246 = SPHERICAL_SURFACE ( 'NONE', #558, 0.5000000000000000000 ) ;
#6247 = CARTESIAN_POINT ( 'NONE',  ( -1.156453502364804375, 10.00000000000000000, -9.932905682471176334 ) ) ;
#6248 = CARTESIAN_POINT ( 'NONE',  ( -5.895594408746998916, 2.500000000000000000, -7.449293024680337716 ) ) ;
#6249 = ORIENTED_EDGE ( 'NONE', *, *, #6097, .F. ) ;
#6250 = CARTESIAN_POINT ( 'NONE',  ( 9.932905682471186992, 2.500000000000000444, -1.156453502364700237 ) ) ;
#6251 = CARTESIAN_POINT ( 'NONE',  ( 8.734252662744527385, 2.500000000000000000, 4.869582161062707470 ) ) ;
#6252 =( BOUNDED_SURFACE ( )  B_SPLINE_SURFACE ( 3, 2, ( 
 ( #6376, #1822, #1287 ),
 ( #1399, #816, #4644 ),
 ( #4725, #246, #4684 ),
 ( #3507, #3114, #6919 ),
 ( #6260, #3038, #5328 ),
 ( #4206, #6880, #2363 ),
 ( #744, #5295, #4087 ),
 ( #1901, #6838, #6300 ),
 ( #1437, #5260, #1941 ),
 ( #3658, #2959, #2402 ),
 ( #320, #1863, #3623 ),
 ( #5874, #5836, #852 ),
 ( #2516, #4760, #6957 ),
 ( #1979, #954, #1064 ),
 ( #456, #1028, #4928 ),
 ( #5973, #4897, #5365 ),
 ( #2618, #2583, #494 ),
 ( #386, #7138, #6509 ) ),
 .UNSPECIFIED., .F., .F., .T. ) 
 B_SPLINE_SURFACE_WITH_KNOTS ( ( 4, 2, 2, 2, 2, 2, 2, 2, 4 ),
 ( 3, 3 ),
 ( -2.710505431213761085E-20, 0.0003645422052340774885, 0.0007290844104681549771, 0.001093626615702232574, 0.001458168820936309954, 0.001822711026170387551, 0.002187253231404465148, 0.002551795436638542528, 0.002916337641872619908 ),
 ( 0.000000000000000000, 1.000000000000000000 ),
 .UNSPECIFIED. ) 
 GEOMETRIC_REPRESENTATION_ITEM ( )  RATIONAL_B_SPLINE_SURFACE ( (
 ( 1.000000000000000000, 0.9595359398070245627, 1.000000000000000000),
 ( 1.000000000000000000, 0.9595833763010221951, 1.000000000000000000),
 ( 1.000000000000000000, 0.9570685609626672363, 1.000000000000000000),
 ( 1.000000000000000000, 0.9488880332095439574, 1.000000000000000000),
 ( 1.000000000000000000, 0.9432547151588552836, 1.000000000000000000),
 ( 1.000000000000000000, 0.9321826025349291278, 1.000000000000000000),
 ( 1.000000000000000000, 0.9268523530654905196, 1.000000000000000000),
 ( 1.000000000000000000, 0.9192073681285154452, 1.000000000000000000),
 ( 1.000000000000000000, 0.9170514797511036820, 1.000000000000000000),
 ( 1.000000000000000000, 0.9170288608893654159, 1.000000000000000000),
 ( 1.000000000000000000, 0.9192260099103836124, 1.000000000000000000),
 ( 1.000000000000000000, 0.9267996068665919074, 1.000000000000000000),
 ( 1.000000000000000000, 0.9321812854750158861, 1.000000000000000000),
 ( 1.000000000000000000, 0.9432160661325362794, 1.000000000000000000),
 ( 1.000000000000000000, 0.9488445939139728003, 1.000000000000000000),
 ( 1.000000000000000000, 0.9570263305979319624, 1.000000000000000000),
 ( 1.000000000000000000, 0.9595878455022883724, 1.000000000000000000),
 ( 1.000000000000000000, 0.9595359398070242296, 1.000000000000000000) ) ) 
 REPRESENTATION_ITEM ( '' )  SURFACE ( )  );
#6253 = EDGE_CURVE ( 'NONE', #6137, #7036, #1384, .T. ) ;
#6254 = DIRECTION ( 'NONE',  ( -0.000000000000000000, 1.000000000000000000, -0.000000000000000000 ) ) ;
#6255 = LINE ( 'NONE', #1280, #4986 ) ;
#6256 = EDGE_LOOP ( 'NONE', ( #922, #2267, #4166, #4412 ) ) ;
#6257 = ORIENTED_EDGE ( 'NONE', *, *, #4751, .F. ) ;
#6258 = CARTESIAN_POINT ( 'NONE',  ( -2.873880030200216762, 2.500000000000000888, -9.579266327989108376 ) ) ;
#6259 = CARTESIAN_POINT ( 'NONE',  ( 8.917333680704871313, 2.183694385698153884, -4.230707568574939792 ) ) ;
#6260 = CARTESIAN_POINT ( 'NONE',  ( 4.391695231002975319, 2.241156341101790517, 8.863313405234842790 ) ) ;
#6261 = CARTESIAN_POINT ( 'NONE',  ( -2.333234819276243766, 8.000000000000000000, 0.5673463196692546395 ) ) ;
#6262 = ORIENTED_EDGE ( 'NONE', *, *, #3715, .T. ) ;
#6263 = CARTESIAN_POINT ( 'NONE',  ( -6.450700701127825454, 2.181508697813394182, 7.642397253626276310 ) ) ;
#6264 = CARTESIAN_POINT ( 'NONE',  ( -6.556373006456560404, 2.212746796842760766, 7.393314632472678838 ) ) ;
#6265 = AXIS2_PLACEMENT_3D ( 'NONE', #5649, #6588, #3399 ) ;
#6266 = ORIENTED_EDGE ( 'NONE', *, *, #5611, .F. ) ;
#6267 = CARTESIAN_POINT ( 'NONE',  ( -0.7396982729253619437, 2.279592747210311021, 9.874972037550541870 ) ) ;
#6268 = EDGE_CURVE ( 'NONE', #4321, #4293, #6969, .T. ) ;
#6269 = DIRECTION ( 'NONE',  ( 0.000000000000000000, 1.000000000000000000, 0.000000000000000000 ) ) ;
#6270 = CIRCLE ( 'NONE', #3151, 2.000000000000000000 ) ;
#6271 = CARTESIAN_POINT ( 'NONE',  ( 9.963963684112149721, 1.982312691401836746, -0.8557725552097447119 ) ) ;
#6272 = TOROIDAL_SURFACE ( 'NONE', #2795, 9.500000000000000000, 0.5000000000000000000 ) ;
#6273 = ORIENTED_EDGE ( 'NONE', *, *, #1329, .T. ) ;
#6274 = AXIS2_PLACEMENT_3D ( 'NONE', #1880, #4107, #2457 ) ;
#6275 = ORIENTED_EDGE ( 'NONE', *, *, #2022, .T. ) ;
#6276 = DIRECTION ( 'NONE',  ( 0.000000000000000000, 0.000000000000000000, 1.000000000000000000 ) ) ;
#6277 = CARTESIAN_POINT ( 'NONE',  ( -9.980840368339201518, 1.867418461490421011, -0.6290186756683376901 ) ) ;
#6278 = ADVANCED_FACE ( 'NONE', ( #4029 ), #3565, .T. ) ;
#6279 = CARTESIAN_POINT ( 'NONE',  ( -1.098630827246567243, 10.00000000000000000, -9.436260398347616984 ) ) ;
#6280 = ORIENTED_EDGE ( 'NONE', *, *, #7096, .F. ) ;
#6281 = CARTESIAN_POINT ( 'NONE',  ( 0.2048726159298306648, 2.139924804626961219, -9.843397292504308282 ) ) ;
#6282 = LINE ( 'NONE', #2309, #3770 ) ;
#6283 = CARTESIAN_POINT ( 'NONE',  ( -5.895594408747051318, 9.500000000000000000, 7.449293024680295083 ) ) ;
#6284 = DIRECTION ( 'NONE',  ( 0.6205888851312741927, 0.000000000000000000, -0.7841361078610793456 ) ) ;
#6285 = DIRECTION ( 'NONE',  ( 0.000000000000000000, 1.000000000000000000, 0.000000000000000000 ) ) ;
#6286 = EDGE_CURVE ( 'NONE', #2634, #5890, #7041, .T. ) ;
#6287 = DIRECTION ( 'NONE',  ( 0.5249775667251619371, 0.000000000000000000, 0.8511160640214283646 ) ) ;
#6288 = ORIENTED_EDGE ( 'NONE', *, *, #4427, .T. ) ;
#6289 = DIRECTION ( 'NONE',  ( 0.000000000000000000, -1.000000000000000000, 0.000000000000000000 ) ) ;
#6290 = DIRECTION ( 'NONE',  ( -1.000000000000000000, 0.000000000000000000, 0.000000000000000000 ) ) ;
#6291 = CARTESIAN_POINT ( 'NONE',  ( 9.955022261424868901, 2.051666420109249600, -0.9506534642318121842 ) ) ;
#6292 = LINE ( 'NONE', #5752, #2531 ) ;
#6293 = CIRCLE ( 'NONE', #3172, 0.5000000000000004441 ) ;
#6294 = CARTESIAN_POINT ( 'NONE',  ( 1.830433831214382412, 0.000000000000000000, 1.554148821017840687 ) ) ;
#6295 = ADVANCED_FACE ( 'NONE', ( #4779 ), #4222, .T. ) ;
#6296 = ADVANCED_FACE ( 'NONE', ( #5409 ), #4245, .T. ) ;
#6297 = EDGE_LOOP ( 'NONE', ( #1548, #1799, #4646, #5087 ) ) ;
#6298 = CARTESIAN_POINT ( 'NONE',  ( -3.710106042531170711, 1.768515498480361492, -9.287160042897189882 ) ) ;
#6299 = CARTESIAN_POINT ( 'NONE',  ( 8.947791336897543246, 2.164715090713880574, -4.142024133190932211 ) ) ;
#6300 = CARTESIAN_POINT ( 'NONE',  ( 4.061684449357134241, 1.779716818039801085, 9.138852710299566695 ) ) ;
#6301 = VECTOR ( 'NONE', #5019, 1000.000000000000000 ) ;
#6302 = DIRECTION ( 'NONE',  ( 1.000000000000000000, 0.000000000000000000, -0.000000000000000000 ) ) ;
#6303 = CARTESIAN_POINT ( 'NONE',  ( 0.000000000000000000, -4.000000000000000000, -10.00000000000000000 ) ) ;
#6304 = CARTESIAN_POINT ( 'NONE',  ( -7.812463274734968266, 2.255681435097510068, 6.242692900426582092 ) ) ;
#6305 = CIRCLE ( 'NONE', #6065, 0.4999999999999996114 ) ;
#6306 = PLANE ( 'NONE',  #3452 ) ;
#6307 = DIRECTION ( 'NONE',  ( -0.6205888851312770793, 3.797068737302880837E-15, 0.7841361078610770141 ) ) ;
#6308 = CARTESIAN_POINT ( 'NONE',  ( 0.8475496155053171554, 2.378544800989032204, 9.883093623299812336 ) ) ;
#6309 = DIRECTION ( 'NONE',  ( -0.000000000000000000, -1.000000000000000000, -0.000000000000000000 ) ) ;
#6310 = CARTESIAN_POINT ( 'NONE',  ( 9.840950097952873676, 2.134257748930264764, 0.1012763761843819277 ) ) ;
#6311 = VERTEX_POINT ( 'NONE', #1479 ) ;
#6312 = CARTESIAN_POINT ( 'NONE',  ( -0.9501942713743029012, 2.051424616008498791, 9.955064202180716748 ) ) ;
#6313 = DIRECTION ( 'NONE',  ( 0.000000000000000000, 0.000000000000000000, -1.000000000000000000 ) ) ;
#6314 = AXIS2_PLACEMENT_3D ( 'NONE', #3163, #6454, #4776 ) ;
#6315 = AXIS2_PLACEMENT_3D ( 'NONE', #1120, #5597, #3340 ) ;
#6316 = CARTESIAN_POINT ( 'NONE',  ( -4.626103053009431143, 10.00000000000000000, -8.297540029607379353 ) ) ;
#6317 = EDGE_LOOP ( 'NONE', ( #5808, #691, #5041 ) ) ;
#6318 = CARTESIAN_POINT ( 'NONE',  ( -0.1284310849190197501, 1.768641139221981184, -9.999986698273103158 ) ) ;
#6319 = CARTESIAN_POINT ( 'NONE',  ( 8.734252662744530937, 2.372020242595191064, 4.869582161062705694 ) ) ;
#6320 = CIRCLE ( 'NONE', #5514, 0.4999999999999996114 ) ;
#6321 = EDGE_CURVE ( 'NONE', #6121, #5143, #1400, .T. ) ;
#6322 = DIRECTION ( 'NONE',  ( 0.000000000000000000, 0.000000000000000000, -1.000000000000000000 ) ) ;
#6323 = CARTESIAN_POINT ( 'NONE',  ( 9.436260398347604550, 10.00000000000000000, 1.098630827246665165 ) ) ;
#6324 = CARTESIAN_POINT ( 'NONE',  ( 8.796570338259767752, 2.456216401094831525, -4.594978287205941037 ) ) ;
#6325 = CARTESIAN_POINT ( 'NONE',  ( 10.79269157286925029, 9.500000000000000000, -4.470479223992127160 ) ) ;
#6326 = CIRCLE ( 'NONE', #6906, 2.500000000000000000 ) ;
#6327 = ORIENTED_EDGE ( 'NONE', *, *, #4880, .F. ) ;
#6328 = DIRECTION ( 'NONE',  ( 0.000000000000000000, 0.000000000000000000, -1.000000000000000000 ) ) ;
#6329 = CARTESIAN_POINT ( 'NONE',  ( 8.734252662744632190, 10.00000000000000000, -4.869582161062522729 ) ) ;
#6330 = ADVANCED_FACE ( 'NONE', ( #3698 ), #1574, .T. ) ;
#6331 = DIRECTION ( 'NONE',  ( 0.000000000000000000, 0.000000000000000000, 1.000000000000000000 ) ) ;
#6332 = LINE ( 'NONE', #1356, #1836 ) ;
#6333 = CIRCLE ( 'NONE', #4250, 0.5000000000000004441 ) ;
#6334 = CARTESIAN_POINT ( 'NONE',  ( -3.120200068441879804, 2.127336489724617419, 9.501796650727982296 ) ) ;
#6335 = VERTEX_POINT ( 'NONE', #499 ) ;
#6336 = EDGE_LOOP ( 'NONE', ( #2132, #6767, #4656, #5500, #7044 ) ) ;
#6337 = CARTESIAN_POINT ( 'NONE',  ( -2.923754083661777692, 2.059185488125343522, -9.563339329250542420 ) ) ;
#6338 = CARTESIAN_POINT ( 'NONE',  ( 8.734252704686007007, 2.377026804319511299, -4.869582085834999852 ) ) ;
#6339 = DIRECTION ( 'NONE',  ( -0.3244301945785551533, 0.000000000000000000, -0.9459096409518833459 ) ) ;
#6340 = DIRECTION ( 'NONE',  ( -0.7497524964563334615, 3.469446951953612611E-15, -0.6617183646064960234 ) ) ;
#6341 = EDGE_CURVE ( 'NONE', #4004, #5485, #5922, .T. ) ;
#6342 = CARTESIAN_POINT ( 'NONE',  ( 8.796570338259767752, 9.500000000000000000, -4.594978287205941925 ) ) ;
#6343 = ADVANCED_FACE ( 'NONE', ( #5913 ), #6035, .T. ) ;
#6344 = CARTESIAN_POINT ( 'NONE',  ( -8.796570338259730448, 2.456216401094830637, 4.594978287206010314 ) ) ;
#6345 = LINE ( 'NONE', #5464, #5154 ) ;
#6346 = CARTESIAN_POINT ( 'NONE',  ( -0.7528369329705506541, 2.127032157860326844, 9.972609810340804515 ) ) ;
#6347 = CARTESIAN_POINT ( 'NONE',  ( -2.776607510986326410, 8.000000000000000000, -0.4397714266284708517 ) ) ;
#6348 = DIRECTION ( 'NONE',  ( 0.000000000000000000, 0.000000000000000000, 1.000000000000000000 ) ) ;
#6349 = AXIS2_PLACEMENT_3D ( 'NONE', #4143, #3672, #6313 ) ;
#6350 = ADVANCED_FACE ( 'NONE', ( #3224 ), #7081, .F. ) ;
#6351 = ORIENTED_EDGE ( 'NONE', *, *, #4612, .T. ) ;
#6352 = CARTESIAN_POINT ( 'NONE',  ( 9.372706491370124127, 2.241156341101739002, 3.161911533876269775 ) ) ;
#6353 = CARTESIAN_POINT ( 'NONE',  ( -9.999986698273103158, 1.768641139221968306, 0.1284310849189815307 ) ) ;
#6354 = TOROIDAL_SURFACE ( 'NONE', #551, 9.500000000000000000, 0.5000000000000000000 ) ;
#6355 = CARTESIAN_POINT ( 'NONE',  ( 0.9124482025973557064, 8.000000000000000000, -2.221104420305846538 ) ) ;
#6356 = ORIENTED_EDGE ( 'NONE', *, *, #4832, .F. ) ;
#6357 = PLANE ( 'NONE',  #4666 ) ;
#6358 = CARTESIAN_POINT ( 'NONE',  ( -7.611508121969555951, 2.500000000000000444, -6.368549229223018138 ) ) ;
#6359 = CARTESIAN_POINT ( 'NONE',  ( -10.79269157286918812, 2.500000000000000444, -4.470479223992283480 ) ) ;
#6360 = CARTESIAN_POINT ( 'NONE',  ( 8.297540029607398893, 9.500000000000000000, -4.626103053009395616 ) ) ;
#6361 = DIRECTION ( 'NONE',  ( -0.000000000000000000, -1.000000000000000000, -0.000000000000000000 ) ) ;
#6362 = DIRECTION ( 'NONE',  ( 1.000000000000000000, -8.673617379884027583E-16, 0.000000000000000000 ) ) ;
#6363 = ORIENTED_EDGE ( 'NONE', *, *, #266, .T. ) ;
#6364 = CARTESIAN_POINT ( 'NONE',  ( -10.79269157286921654, 10.00001200000000168, 4.470479223992207096 ) ) ;
#6365 = EDGE_CURVE ( 'NONE', #5918, #3264, #4214, .T. ) ;
#6366 = CARTESIAN_POINT ( 'NONE',  ( -4.869582161062613324, 9.500000000000000000, 8.734252662744578899 ) ) ;
#6367 = LINE ( 'NONE', #4120, #6118 ) ;
#6368 = DIRECTION ( 'NONE',  ( 0.000000000000000000, 0.000000000000000000, 1.000000000000000000 ) ) ;
#6369 = CARTESIAN_POINT ( 'NONE',  ( -5.095752233843723986E-17, 2.500000000000000444, 11.68192517863507618 ) ) ;
#6370 = CARTESIAN_POINT ( 'NONE',  ( -9.949874374724133830, 2.409665417632328221, -1.010707542389104985 ) ) ;
#6371 = ORIENTED_EDGE ( 'NONE', *, *, #6024, .T. ) ;
#6372 = CARTESIAN_POINT ( 'NONE',  ( -2.970974231079501315, 2.500000000000000888, -9.469254843656241150 ) ) ;
#6373 = EDGE_CURVE ( 'NONE', #6952, #3731, #2087, .T. ) ;
#6374 = AXIS2_PLACEMENT_3D ( 'NONE', #2146, #6042, #4863 ) ;
#6375 = CARTESIAN_POINT ( 'NONE',  ( 8.734252662744628637, 2.500000000000000444, -4.869582161062523618 ) ) ;
#6376 = CARTESIAN_POINT ( 'NONE',  ( 4.594978287205911727, 2.500000000000000444, 8.796570338259785515 ) ) ;
#6377 = ORIENTED_EDGE ( 'NONE', *, *, #1190, .F. ) ;
#6378 = LINE ( 'NONE', #3626, #3084 ) ;
#6379 = AXIS2_PLACEMENT_3D ( 'NONE', #2546, #4894, #3758 ) ;
#6380 = DIRECTION ( 'NONE',  ( 0.9971414314842893534, 0.000000000000000000, 0.07555769727474785646 ) ) ;
#6381 = CARTESIAN_POINT ( 'NONE',  ( 2.504813822048899574, 8.000000000000000000, 1.276266388579323063 ) ) ;
#6382 = EDGE_CURVE ( 'NONE', #1418, #6692, #1733, .T. ) ;
#6383 = CARTESIAN_POINT ( 'NONE',  ( -8.734252662744591333, 2.500000000000000444, 4.869582161062591119 ) ) ;
#6384 = CARTESIAN_POINT ( 'NONE',  ( 9.990691563217543703, 2.024215165943680006, 0.4485839205771464666 ) ) ;
#6385 = VERTEX_POINT ( 'NONE', #2055 ) ;
#6386 = VECTOR ( 'NONE', #137, 1000.000000000000000 ) ;
#6387 = AXIS2_PLACEMENT_3D ( 'NONE', #2916, #3999, #5712 ) ;
#6388 = DIRECTION ( 'NONE',  ( -0.9971414314842894644, 0.000000000000000000, 0.07555769727474609398 ) ) ;
#6389 = CARTESIAN_POINT ( 'NONE',  ( -9.998058371801718636, 1.992783053389714842, -0.2274354203458821555 ) ) ;
#6390 = ADVANCED_FACE ( 'NONE', ( #4284 ), #7070, .F. ) ;
#6391 = CARTESIAN_POINT ( 'NONE',  ( 9.561040643706656184, 2.051666420109251376, 2.931332810158231883 ) ) ;
#6392 = ORIENTED_EDGE ( 'NONE', *, *, #5151, .T. ) ;
#6393 = AXIS2_PLACEMENT_3D ( 'NONE', #1573, #2627, #6013 ) ;
#6394 = CARTESIAN_POINT ( 'NONE',  ( 4.626103053009366306, 10.00001200000000168, 8.297540029607414880 ) ) ;
#6395 = CARTESIAN_POINT ( 'NONE',  ( 9.376782963239431723, 2.242932669926582800, -3.154135701372516198 ) ) ;
#6396 = CARTESIAN_POINT ( 'NONE',  ( -8.297540029607363365, 2.500000000000000444, 4.626103053009461341 ) ) ;
#6397 = CIRCLE ( 'NONE', #603, 0.5000000000000004441 ) ;
#6398 = ORIENTED_EDGE ( 'NONE', *, *, #5184, .T. ) ;
#6399 = DIRECTION ( 'NONE',  ( 0.9459096409518750193, 5.627966748511848428E-16, 0.3244301945785795227 ) ) ;
#6400 = CARTESIAN_POINT ( 'NONE',  ( 7.393847267223451425, 2.212953969771218166, -6.555906814057267162 ) ) ;
#6401 = DIRECTION ( 'NONE',  ( 0.000000000000000000, 1.000000000000000000, 0.000000000000000000 ) ) ;
#6402 = FACE_OUTER_BOUND ( 'NONE', #1192, .T. ) ;
#6403 = CARTESIAN_POINT ( 'NONE',  ( -3.022413074353879292, 1.982312691401878046, 9.532992089188509155 ) ) ;
#6404 = VECTOR ( 'NONE', #2744, 1000.000000000000000 ) ;
#6405 = ORIENTED_EDGE ( 'NONE', *, *, #345, .F. ) ;
#6406 = CARTESIAN_POINT ( 'NONE',  ( 10.79269157286915615, 10.00001200000000168, 4.470479223992352757 ) ) ;
#6407 = CARTESIAN_POINT ( 'NONE',  ( 6.619964632136733584, 1.863989508453882671, 7.495923812460121738 ) ) ;
#6408 = DIRECTION ( 'NONE',  ( -0.000000000000000000, -1.000000000000000000, -0.000000000000000000 ) ) ;
#6409 = CARTESIAN_POINT ( 'NONE',  ( -5.895594408747051318, 9.500000000000000000, 7.449293024680294195 ) ) ;
#6410 = SPHERICAL_SURFACE ( 'NONE', #50, 0.5000000000000000000 ) ;
#6411 = EDGE_CURVE ( 'NONE', #6506, #3168, #1648, .T. ) ;
#6412 = CARTESIAN_POINT ( 'NONE',  ( -1.156453502364804375, 9.500000000000000000, -9.932905682471176334 ) ) ;
#6413 = CARTESIAN_POINT ( 'NONE',  ( -0.5057205400017278363, 1.829075679051490155, 9.987987790097394125 ) ) ;
#6414 = AXIS2_PLACEMENT_3D ( 'NONE', #3407, #3369, #5591 ) ;
#6415 = DIRECTION ( 'NONE',  ( 0.000000000000000000, 1.000000000000000000, 0.000000000000000000 ) ) ;
#6416 = DIRECTION ( 'NONE',  ( 0.000000000000000000, -1.000000000000000000, 0.000000000000000000 ) ) ;
#6417 = EDGE_CURVE ( 'NONE', #1105, #5193, #7108, .T. ) ;
#6418 = AXIS2_PLACEMENT_3D ( 'NONE', #612, #6019, #4357 ) ;
#6419 = EDGE_LOOP ( 'NONE', ( #6172, #5777, #630, #1297 ) ) ;
#6420 = VERTEX_POINT ( 'NONE', #6517 ) ;
#6421 = CARTESIAN_POINT ( 'NONE',  ( 8.925391867974822091, 2.127032157860169193, 4.511883185549330655 ) ) ;
#6422 = CARTESIAN_POINT ( 'NONE',  ( 9.560831454120878092, 2.051189550670913242, -2.932010965673017111 ) ) ;
#6423 = CARTESIAN_POINT ( 'NONE',  ( -9.140450790375666656, 1.779448407880942717, -4.058000729357082115 ) ) ;
#6424 = ORIENTED_EDGE ( 'NONE', *, *, #3785, .F. ) ;
#6425 = CIRCLE ( 'NONE', #6766, 0.5000000000000004441 ) ;
#6426 = EDGE_CURVE ( 'NONE', #4286, #4544, #3768, .T. ) ;
#6427 = EDGE_CURVE ( 'NONE', #6137, #4544, #2780, .T. ) ;
#6428 = AXIS2_PLACEMENT_3D ( 'NONE', #2027, #4253, #1485 ) ;
#6429 = CYLINDRICAL_SURFACE ( 'NONE', #4853, 0.5000000000000004441 ) ;
#6430 = DIRECTION ( 'NONE',  ( -0.9619363854055806851, -0.000000000000000000, 0.2732734718790796880 ) ) ;
#6431 = LINE ( 'NONE', #4913, #6542 ) ;
#6432 = ORIENTED_EDGE ( 'NONE', *, *, #70, .T. ) ;
#6433 = CARTESIAN_POINT ( 'NONE',  ( 10.79269157286925029, 2.500000000000000444, -4.470479223992127160 ) ) ;
#6434 = CARTESIAN_POINT ( 'NONE',  ( -6.205888851312630017, 9.500000000000000000, -7.841361078610881385 ) ) ;
#6435 = DIRECTION ( 'NONE',  ( 0.000000000000000000, 0.000000000000000000, 1.000000000000000000 ) ) ;
#6436 = AXIS2_PLACEMENT_3D ( 'NONE', #2594, #3193, #6998 ) ;
#6437 = LINE ( 'NONE', #1972, #898 ) ;
#6438 = DIRECTION ( 'NONE',  ( -0.3799932884734136262, 0.000000000000000000, 0.9249892435672758539 ) ) ;
#6439 = AXIS2_PLACEMENT_3D ( 'NONE', #2845, #5072, #1704 ) ;
#6440 = ORIENTED_EDGE ( 'NONE', *, *, #1114, .F. ) ;
#6441 = CARTESIAN_POINT ( 'NONE',  ( -4.501324523359294005, 2.314916786199594956, 8.827410336412180314 ) ) ;
#6442 = CARTESIAN_POINT ( 'NONE',  ( 7.841361078610768587, 2.371852820628066461, 6.205888851312767684 ) ) ;
#6443 = DIRECTION ( 'NONE',  ( 0.000000000000000000, 1.000000000000000000, 0.000000000000000000 ) ) ;
#6444 = AXIS2_PLACEMENT_3D ( 'NONE', #2629, #3124, #5339 ) ;
#6445 = VECTOR ( 'NONE', #4637, 1000.000000000000114 ) ;
#6446 = VERTEX_POINT ( 'NONE', #5582 ) ;
#6447 = CARTESIAN_POINT ( 'NONE',  ( 0.000000000000000000, 10.00000000000000000, 0.000000000000000000 ) ) ;
#6448 = CARTESIAN_POINT ( 'NONE',  ( 6.368549229222884911, 10.00001200000000168, 7.611508121969668750 ) ) ;
#6449 = EDGE_CURVE ( 'NONE', #1751, #890, #6080, .T. ) ;
#6450 = DIRECTION ( 'NONE',  ( 0.2362740077746034173, 0.000000000000000000, -0.9716864685947451674 ) ) ;
#6451 = AXIS2_PLACEMENT_3D ( 'NONE', #2984, #234, #1458 ) ;
#6452 = ORIENTED_EDGE ( 'NONE', *, *, #4996, .F. ) ;
#6453 = CARTESIAN_POINT ( 'NONE',  ( 8.806614869402633161, 2.377840714399328093, 4.564612839430804314 ) ) ;
#6454 = DIRECTION ( 'NONE',  ( 0.000000000000000000, 1.000000000000000000, 0.000000000000000000 ) ) ;
#6455 = CIRCLE ( 'NONE', #3445, 0.5000000000000000000 ) ;
#6456 = EDGE_LOOP ( 'NONE', ( #6774, #1739, #1914, #3902 ) ) ;
#6457 = EDGE_CURVE ( 'NONE', #3430, #2545, #1212, .T. ) ;
#6458 = VECTOR ( 'NONE', #3081, 1000.000000000000000 ) ;
#6459 = CARTESIAN_POINT ( 'NONE',  ( 7.841361078610902702, 2.500000000000000444, -6.205888851312602483 ) ) ;
#6460 = CARTESIAN_POINT ( 'NONE',  ( 3.859535732301825561, 2.134257748930206589, -9.053095584707936183 ) ) ;
#6461 = VERTEX_POINT ( 'NONE', #6186 ) ;
#6462 = DIRECTION ( 'NONE',  ( -1.000000000000000000, 0.000000000000000000, 0.000000000000000000 ) ) ;
#6463 = EDGE_CURVE ( 'NONE', #884, #5438, #1069, .T. ) ;
#6464 = DIRECTION ( 'NONE',  ( 0.000000000000000000, 0.000000000000000000, 1.000000000000000000 ) ) ;
#6465 = CARTESIAN_POINT ( 'NONE',  ( 7.104936358681900543, 2.139858412045534397, 6.815700865711567857 ) ) ;
#6466 = LINE ( 'NONE', #1497, #5671 ) ;
#6467 = CARTESIAN_POINT ( 'NONE',  ( -9.255897283380143392, 2.164715090713939194, -3.398190578544725504 ) ) ;
#6468 = CARTESIAN_POINT ( 'NONE',  ( -3.708174382605479380, 1.768641139222064229, 9.287931484318827202 ) ) ;
#6469 = ORIENTED_EDGE ( 'NONE', *, *, #2229, .T. ) ;
#6470 = CARTESIAN_POINT ( 'NONE',  ( -4.085870468678311163, 2.147145517465062436, 8.967023712798514623 ) ) ;
#6471 = EDGE_CURVE ( 'NONE', #2615, #4325, #2194, .T. ) ;
#6472 = DIRECTION ( 'NONE',  ( 0.000000000000000000, 0.000000000000000000, -1.000000000000000000 ) ) ;
#6473 = DIRECTION ( 'NONE',  ( 0.7622926637108773384, 0.000000000000000000, -0.6472324890273781772 ) ) ;
#6474 = CARTESIAN_POINT ( 'NONE',  ( -9.436260398347620537, 10.00000000000000000, 1.098630827246533492 ) ) ;
#6475 = ORIENTED_EDGE ( 'NONE', *, *, #1215, .T. ) ;
#6476 = DIRECTION ( 'NONE',  ( 0.000000000000000000, 0.000000000000000000, 1.000000000000000000 ) ) ;
#6477 = CIRCLE ( 'NONE', #6374, 4.000000000000000000 ) ;
#6478 = ORIENTED_EDGE ( 'NONE', *, *, #2743, .F. ) ;
#6479 = FACE_OUTER_BOUND ( 'NONE', #5825, .T. ) ;
#6480 = DIRECTION ( 'NONE',  ( -0.000000000000000000, -1.000000000000000000, -0.000000000000000000 ) ) ;
#6481 = CARTESIAN_POINT ( 'NONE',  ( 11.68192517863507618, 10.00001200000000168, 1.224126288112367485E-13 ) ) ;
#6482 = CARTESIAN_POINT ( 'NONE',  ( 4.869582161062490755, 9.500000000000000000, 8.734252662744646400 ) ) ;
#6483 = ORIENTED_EDGE ( 'NONE', *, *, #4810, .T. ) ;
#6484 = CARTESIAN_POINT ( 'NONE',  ( 9.972609810340797409, 2.127032157860327288, 0.7528369329706474655 ) ) ;
#6485 = AXIS2_PLACEMENT_3D ( 'NONE', #6182, #2813, #134 ) ;
#6486 = ADVANCED_FACE ( 'NONE', ( #6622 ), #1108, .T. ) ;
#6487 = ORIENTED_EDGE ( 'NONE', *, *, #508, .F. ) ;
#6488 = CARTESIAN_POINT ( 'NONE',  ( -0.1814307967061928317, 0.000000000000000000, -2.394357833393303991 ) ) ;
#6489 = DIRECTION ( 'NONE',  ( 2.602085213965210642E-15, 0.000000000000000000, 1.000000000000000000 ) ) ;
#6490 = ORIENTED_EDGE ( 'NONE', *, *, #4554, .F. ) ;
#6491 = VECTOR ( 'NONE', #326, 1000.000000000000114 ) ;
#6492 = EDGE_CURVE ( 'NONE', #342, #4102, #5653, .T. ) ;
#6493 = EDGE_LOOP ( 'NONE', ( #6050, #4711, #3840, #6522 ) ) ;
#6494 = CARTESIAN_POINT ( 'NONE',  ( 6.909176054700078673, 1.992695579455263211, -7.230240655841161157 ) ) ;
#6495 = CARTESIAN_POINT ( 'NONE',  ( 3.353526346303973948, 1.829430187479060832, -9.421771089946117783 ) ) ;
#6496 = CIRCLE ( 'NONE', #7086, 0.5000000000000000000 ) ;
#6497 = ORIENTED_EDGE ( 'NONE', *, *, #1942, .F. ) ;
#6498 = CARTESIAN_POINT ( 'NONE',  ( 2.656295322589485863E-15, 8.000000000000000000, 3.149999999999999911 ) ) ;
#6499 = AXIS2_PLACEMENT_3D ( 'NONE', #2069, #915, #3136 ) ;
#6500 = CARTESIAN_POINT ( 'NONE',  ( 6.837592653503865137, 2.134291405717180456, -7.079631448005769379 ) ) ;
#6501 = CARTESIAN_POINT ( 'NONE',  ( 4.626103053009546606, 9.500000000000000000, -8.297540029607313627 ) ) ;
#6502 = ADVANCED_FACE ( 'NONE', ( #5511 ), #609, .T. ) ;
#6503 = AXIS2_PLACEMENT_3D ( 'NONE', #5758, #6408, #4046 ) ;
#6504 = CARTESIAN_POINT ( 'NONE',  ( -9.334189340898261023, 1.779716818039815074, -3.590100106537511770 ) ) ;
#6505 = CARTESIAN_POINT ( 'NONE',  ( -4.594978287206036072, 2.500000000000000444, 8.796570338259719790 ) ) ;
#6506 = VERTEX_POINT ( 'NONE', #3866 ) ;
#6507 = CARTESIAN_POINT ( 'NONE',  ( 0.9734035322810874469, 0.000000000000000000, 2.995828026329733884 ) ) ;
#6508 = DIRECTION ( 'NONE',  ( 0.000000000000000000, 0.000000000000000000, 1.000000000000000000 ) ) ;
#6509 = CARTESIAN_POINT ( 'NONE',  ( 2.732734718790808870, 2.500000000000000444, 9.619363854055801966 ) ) ;
#6510 = DIRECTION ( 'NONE',  ( -0.5249775667251633804, 0.000000000000000000, 0.8511160640214274764 ) ) ;
#6511 = ADVANCED_FACE ( 'NONE', ( #1144 ), #28, .F. ) ;
#6512 = EDGE_CURVE ( 'NONE', #6156, #4289, #1676, .T. ) ;
#6513 = ORIENTED_EDGE ( 'NONE', *, *, #1522, .T. ) ;
#6514 = ORIENTED_EDGE ( 'NONE', *, *, #7166, .T. ) ;
#6515 = SPHERICAL_SURFACE ( 'NONE', #2775, 0.5000000000000000000 ) ;
#6516 = DIRECTION ( 'NONE',  ( 0.000000000000000000, 0.000000000000000000, 1.000000000000000000 ) ) ;
#6517 = CARTESIAN_POINT ( 'NONE',  ( -4.470479223978639283, 2.293003971270598296, -8.837551326252590655 ) ) ;
#6518 = CARTESIAN_POINT ( 'NONE',  ( 9.436260398347627643, 9.500000000000000000, -1.098630827246467323 ) ) ;
#6519 = VECTOR ( 'NONE', #2261, 1000.000000000000000 ) ;
#6520 = VERTEX_POINT ( 'NONE', #4937 ) ;
#6521 = CARTESIAN_POINT ( 'NONE',  ( -9.138395661352967991, 10.00001200000000168, -2.596097982851431674 ) ) ;
#6522 = ORIENTED_EDGE ( 'NONE', *, *, #927, .F. ) ;
#6523 = DIRECTION ( 'NONE',  ( 0.000000000000000000, 0.000000000000000000, 1.000000000000000000 ) ) ;
#6524 = CARTESIAN_POINT ( 'NONE',  ( -9.529937051748250454, 1.975903690497191389, -3.032018450179212898 ) ) ;
#6525 = ORIENTED_EDGE ( 'NONE', *, *, #1617, .T. ) ;
#6526 = AXIS2_PLACEMENT_3D ( 'NONE', #4323, #3596, #5305 ) ;
#6527 = ORIENTED_EDGE ( 'NONE', *, *, #5284, .T. ) ;
#6528 = CARTESIAN_POINT ( 'NONE',  ( 6.205888918849603364, 2.377026804319450459, -7.841361025160090925 ) ) ;
#6529 = AXIS2_PLACEMENT_3D ( 'NONE', #1331, #787, #4614 ) ;
#6530 = CARTESIAN_POINT ( 'NONE',  ( 2.999062447596785752, 2.378544800989024210, -9.455131112420797734 ) ) ;
#6531 = ORIENTED_EDGE ( 'NONE', *, *, #2785, .F. ) ;
#6532 = B_SPLINE_CURVE_WITH_KNOTS ( 'NONE', 3,
 ( #6163, #1189, #1118, #3412, #5627, #653, #2864, #5095, #111, #148, #2342, #4585, #5202, #3092, #6422, #296, #4775, #2494 ),
 .UNSPECIFIED., .F., .F.,
 ( 4, 2, 2, 2, 2, 2, 2, 2, 4 ),
 ( 8.673617379884035472E-19, 0.0003765522689820503333, 0.0007531045379640997992, 0.001129656806946149374, 0.001506209075928198731, 0.001882761344910248089, 0.002259313613892297880, 0.002635865882874346804, 0.003012418151856395727 ),
 .UNSPECIFIED. ) ;
#6533 = LINE ( 'NONE', #843, #6667 ) ;
#6534 = EDGE_CURVE ( 'NONE', #4431, #5644, #3828, .T. ) ;
#6535 = CARTESIAN_POINT ( 'NONE',  ( -7.495923812460050684, 1.863989508453880894, 6.619964632136810856 ) ) ;
#6536 = AXIS2_PLACEMENT_3D ( 'NONE', #732, #3568, #805 ) ;
#6537 = CARTESIAN_POINT ( 'NONE',  ( -8.734252662744561135, 2.500000000000000444, -4.869582161062644410 ) ) ;
#6538 = CARTESIAN_POINT ( 'NONE',  ( -4.289462306013264836, 1.829075679051506365, 9.034166618178218755 ) ) ;
#6539 = CARTESIAN_POINT ( 'NONE',  ( 0.000000000000000000, 9.500000000000000000, 0.000000000000000000 ) ) ;
#6540 = VERTEX_POINT ( 'NONE', #3974 ) ;
#6541 = FACE_OUTER_BOUND ( 'NONE', #6256, .T. ) ;
#6542 = VECTOR ( 'NONE', #2683, 1000.000000000000000 ) ;
#6543 = CARTESIAN_POINT ( 'NONE',  ( 6.205888851312577614, 10.00000000000000000, 7.841361078610924906 ) ) ;
#6544 = FACE_OUTER_BOUND ( 'NONE', #6234, .T. ) ;
#6545 = EDGE_CURVE ( 'NONE', #496, #2822, #6046, .T. ) ;
#6546 = AXIS2_PLACEMENT_3D ( 'NONE', #3964, #525, #3426 ) ;
#6547 = ORIENTED_EDGE ( 'NONE', *, *, #5596, .T. ) ;
#6548 = DIRECTION ( 'NONE',  ( 0.9459096409518737980, 0.000000000000000000, 0.3244301945785831864 ) ) ;
#6549 = DIRECTION ( 'NONE',  ( 0.000000000000000000, 1.000000000000000000, 0.000000000000000000 ) ) ;
#6550 = ADVANCED_FACE ( 'NONE', ( #2742 ), #3148, .T. ) ;
#6551 = CARTESIAN_POINT ( 'NONE',  ( 0.1814307967061984106, 0.000000000000000000, -2.394357833393298662 ) ) ;
#6552 = ADVANCED_FACE ( 'NONE', ( #7175 ), #2927, .T. ) ;
#6553 = CARTESIAN_POINT ( 'NONE',  ( -4.470479223992246176, 9.500000000000000000, 8.792691572869204109 ) ) ;
#6554 = VERTEX_POINT ( 'NONE', #5722 ) ;
#6555 = CARTESIAN_POINT ( 'NONE',  ( 4.594978287206101797, 2.500000000000000444, -8.796570338259684263 ) ) ;
#6556 = AXIS2_PLACEMENT_3D ( 'NONE', #4231, #3713, #7049 ) ;
#6557 = DIRECTION ( 'NONE',  ( 0.000000000000000000, -1.000000000000000000, 0.000000000000000000 ) ) ;
#6558 = CARTESIAN_POINT ( 'NONE',  ( -5.895594408747052206, 9.500000000000000000, 7.449293024680294195 ) ) ;
#6559 = EDGE_LOOP ( 'NONE', ( #34, #4025, #1696 ) ) ;
#6560 = ADVANCED_FACE ( 'NONE', ( #5149 ), #2961, .T. ) ;
#6561 = VERTEX_POINT ( 'NONE', #6839 ) ;
#6562 = LINE ( 'NONE', #6635, #5610 ) ;
#6563 = CARTESIAN_POINT ( 'NONE',  ( 7.716501220627763225, 2.059185488125264474, -6.360928075380929414 ) ) ;
#6564 = TOROIDAL_SURFACE ( 'NONE', #6677, 1.500000000000000000, 0.5000000000000000000 ) ;
#6565 = DIRECTION ( 'NONE',  ( 0.000000000000000000, 0.000000000000000000, -1.000000000000000000 ) ) ;
#6566 = VERTEX_POINT ( 'NONE', #3471 ) ;
#6567 = FACE_OUTER_BOUND ( 'NONE', #651, .T. ) ;
#6568 = CARTESIAN_POINT ( 'NONE',  ( 0.000000000000000000, 10.00000000000000000, 0.000000000000000000 ) ) ;
#6569 = VECTOR ( 'NONE', #2040, 1000.000000000000114 ) ;
#6570 = CARTESIAN_POINT ( 'NONE',  ( -5.095752233843723986E-17, 9.500000000000000000, 11.68192517863507618 ) ) ;
#6571 = CARTESIAN_POINT ( 'NONE',  ( 8.297540029607301193, 2.500000000000000000, 4.626103053009571475 ) ) ;
#6572 = CARTESIAN_POINT ( 'NONE',  ( -9.053095584707852694, 2.134257748930293186, -3.859535732301795807 ) ) ;
#6573 = DIRECTION ( 'NONE',  ( 0.000000000000000000, 1.000000000000000000, 0.000000000000000000 ) ) ;
#6574 = CARTESIAN_POINT ( 'NONE',  ( 9.184850993605147944E-16, 10.00000000000000000, -7.500000000000000000 ) ) ;
#6575 = AXIS2_PLACEMENT_3D ( 'NONE', #3730, #2589, #6476 ) ;
#6576 = VERTEX_POINT ( 'NONE', #745 ) ;
#6577 = CARTESIAN_POINT ( 'NONE',  ( -2.504813822048898242, 8.000000000000000000, 1.276266388579324840 ) ) ;
#6578 = LINE ( 'NONE', #3928, #3085 ) ;
#6579 = CARTESIAN_POINT ( 'NONE',  ( 5.895594408746948289, 10.00000000000000000, 7.449293024680377684 ) ) ;
#6580 = DIRECTION ( 'NONE',  ( 0.000000000000000000, -1.000000000000000000, 0.000000000000000000 ) ) ;
#6581 = LINE ( 'NONE', #1065, #913 ) ;
#6582 = EDGE_CURVE ( 'NONE', #5035, #342, #3741, .T. ) ;
#6583 = ORIENTED_EDGE ( 'NONE', *, *, #6664, .F. ) ;
#6584 = CARTESIAN_POINT ( 'NONE',  ( -9.436260398347613432, 9.500000000000000000, -1.098630827246600994 ) ) ;
#6585 = AXIS2_PLACEMENT_3D ( 'NONE', #6409, #746, #4130 ) ;
#6586 = DIRECTION ( 'NONE',  ( 0.000000000000000000, 0.000000000000000000, 1.000000000000000000 ) ) ;
#6587 = TOROIDAL_SURFACE ( 'NONE', #1955, 9.500000000000000000, 0.5000000000000000000 ) ;
#6588 = DIRECTION ( 'NONE',  ( 1.000000000000000000, 0.000000000000000000, 0.000000000000000000 ) ) ;
#6589 = LINE ( 'NONE', #572, #1071 ) ;
#6590 = VECTOR ( 'NONE', #564, 1000.000000000000000 ) ;
#6591 = EDGE_CURVE ( 'NONE', #547, #6656, #4047, .T. ) ;
#6592 = CARTESIAN_POINT ( 'NONE',  ( 7.841361078610770363, 2.500000000000000444, 6.205888851312770349 ) ) ;
#6593 = PLANE ( 'NONE',  #286 ) ;
#6594 = VERTEX_POINT ( 'NONE', #2331 ) ;
#6595 = CARTESIAN_POINT ( 'NONE',  ( -2.596097982851333086, 2.500000000000000000, -9.138395661352994637 ) ) ;
#6596 = ORIENTED_EDGE ( 'NONE', *, *, #2288, .T. ) ;
#6597 = VECTOR ( 'NONE', #5834, 1000.000000000000000 ) ;
#6598 = ORIENTED_EDGE ( 'NONE', *, *, #2333, .T. ) ;
#6599 = EDGE_CURVE ( 'NONE', #3008, #2855, #1787, .T. ) ;
#6600 = ORIENTED_EDGE ( 'NONE', *, *, #4296, .T. ) ;
#6601 = CARTESIAN_POINT ( 'NONE',  ( -9.138852710299548932, 1.779716818039817960, 4.061684449357174209 ) ) ;
#6602 = CARTESIAN_POINT ( 'NONE',  ( 6.990103614099528961, 1.986052934431176809, -7.152017281988749531 ) ) ;
#6603 = CARTESIAN_POINT ( 'NONE',  ( -7.496156162786346222, 1.864094386502769263, -6.619703835945502490 ) ) ;
#6604 = ORIENTED_EDGE ( 'NONE', *, *, #4721, .T. ) ;
#6605 = CARTESIAN_POINT ( 'NONE',  ( 11.68192517863507618, 2.500000000000000444, 1.224126288112367485E-13 ) ) ;
#6606 = CARTESIAN_POINT ( 'NONE',  ( 8.796570338259767752, 10.00001200000000168, -4.594978287205941925 ) ) ;
#6607 = CARTESIAN_POINT ( 'NONE',  ( 6.351745126529856122, 2.321832774718814996, 7.725205082552342617 ) ) ;
#6608 = CARTESIAN_POINT ( 'NONE',  ( -9.297069126686348994, 2.183694385698052187, -3.313945104772925809 ) ) ;
#6609 = CARTESIAN_POINT ( 'NONE',  ( 8.297540029607397116, 9.500000000000000000, -4.626103053009395616 ) ) ;
#6610 = VERTEX_POINT ( 'NONE', #6223 ) ;
#6611 = CARTESIAN_POINT ( 'NONE',  ( -6.747289020922918823, 2.024215165943759054, -7.381682485265540272 ) ) ;
#6612 = AXIS2_PLACEMENT_3D ( 'NONE', #6946, #3647, #446 ) ;
#6613 = ORIENTED_EDGE ( 'NONE', *, *, #5855, .F. ) ;
#6614 = CARTESIAN_POINT ( 'NONE',  ( 2.221104420305847427, 8.000000000000000000, -0.9124482025973561505 ) ) ;
#6615 = CARTESIAN_POINT ( 'NONE',  ( -9.880520895452910679, 2.343771222574625668, -0.8133254559658219529 ) ) ;
#6616 = CARTESIAN_POINT ( 'NONE',  ( 4.470479223992320783, 9.500000000000000000, -8.292691572869168581 ) ) ;
#6617 = AXIS2_PLACEMENT_3D ( 'NONE', #6605, #4404, #78 ) ;
#6618 = EDGE_LOOP ( 'NONE', ( #5557, #532, #4403, #605 ) ) ;
#6619 = ORIENTED_EDGE ( 'NONE', *, *, #4079, .T. ) ;
#6620 = CARTESIAN_POINT ( 'NONE',  ( 2.596097982851265140, 2.500000000000000000, 9.138395661353014177 ) ) ;
#6621 = LINE ( 'NONE', #5147, #4070 ) ;
#6622 = FACE_OUTER_BOUND ( 'NONE', #3323, .T. ) ;
#6623 =( NAMED_UNIT ( * ) PLANE_ANGLE_UNIT ( ) SI_UNIT ( $, .RADIAN. ) );
#6624 = ORIENTED_EDGE ( 'NONE', *, *, #3849, .F. ) ;
#6625 = EDGE_CURVE ( 'NONE', #6940, #3731, #2784, .T. ) ;
#6626 = CARTESIAN_POINT ( 'NONE',  ( 6.368549229222884911, 2.500000000000000444, 7.611508121969668750 ) ) ;
#6627 = ORIENTED_EDGE ( 'NONE', *, *, #6599, .T. ) ;
#6628 = CYLINDRICAL_SURFACE ( 'NONE', #5308, 0.5000000000000000000 ) ;
#6629 = CARTESIAN_POINT ( 'NONE',  ( 1.554148821017837800, 8.000000000000000000, -1.830433831214387297 ) ) ;
#6630 = ORIENTED_EDGE ( 'NONE', *, *, #3642, .F. ) ;
#6631 = CARTESIAN_POINT ( 'NONE',  ( 4.626103053009366306, 2.500000000000000444, 8.297540029607414880 ) ) ;
#6632 = ADVANCED_FACE ( 'NONE', ( #4733 ), #3516, .T. ) ;
#6633 = ORIENTED_EDGE ( 'NONE', *, *, #5073, .T. ) ;
#6634 = ORIENTED_EDGE ( 'NONE', *, *, #7119, .T. ) ;
#6635 = CARTESIAN_POINT ( 'NONE',  ( -2.333234819276243766, 0.000000000000000000, 0.5673463196692546395 ) ) ;
#6636 = CARTESIAN_POINT ( 'NONE',  ( 9.885393354405099586, 2.500000000000000444, 0.8789046617973582665 ) ) ;
#6637 = FACE_OUTER_BOUND ( 'NONE', #2595, .T. ) ;
#6638 = EDGE_LOOP ( 'NONE', ( #4398, #2710, #3787, #2695 ) ) ;
#6639 = DIRECTION ( 'NONE',  ( 0.000000000000000000, 0.000000000000000000, 1.000000000000000000 ) ) ;
#6640 = VECTOR ( 'NONE', #6888, 1000.000000000000000 ) ;
#6641 = CARTESIAN_POINT ( 'NONE',  ( -9.619363854055778873, 2.372020242595189732, 2.732734718790907458 ) ) ;
#6642 = EDGE_CURVE ( 'NONE', #2762, #1016, #5732, .T. ) ;
#6643 = EDGE_CURVE ( 'NONE', #5341, #3488, #3006, .T. ) ;
#6644 = DIRECTION ( 'NONE',  ( 0.000000000000000000, 1.000000000000000000, 0.000000000000000000 ) ) ;
#6645 = AXIS2_PLACEMENT_3D ( 'NONE', #3294, #1150, #4430 ) ;
#6646 = EDGE_LOOP ( 'NONE', ( #4529, #5304, #87, #4347 ) ) ;
#6647 = DIRECTION ( 'NONE',  ( 0.000000000000000000, 0.000000000000000000, -1.000000000000000000 ) ) ;
#6648 = DIRECTION ( 'NONE',  ( 0.000000000000000000, 0.000000000000000000, 1.000000000000000000 ) ) ;
#6649 = ORIENTED_EDGE ( 'NONE', *, *, #2079, .T. ) ;
#6650 = CARTESIAN_POINT ( 'NONE',  ( -7.249794653336928185, 1.779716818039786874, -6.888859623417115330 ) ) ;
#6651 = ORIENTED_EDGE ( 'NONE', *, *, #6253, .F. ) ;
#6652 = DIRECTION ( 'NONE',  ( 0.000000000000000000, 1.000000000000000000, 0.000000000000000000 ) ) ;
#6653 = DIRECTION ( 'NONE',  ( -0.07555769727474682951, 0.000000000000000000, -0.9971414314842893534 ) ) ;
#6654 = FACE_OUTER_BOUND ( 'NONE', #1389, .T. ) ;
#6655 = CIRCLE ( 'NONE', #7128, 0.5000000000000000000 ) ;
#6656 = VERTEX_POINT ( 'NONE', #3048 ) ;
#6657 = CARTESIAN_POINT ( 'NONE',  ( -8.734252662744593110, 2.500000000000000444, 4.869582161062587566 ) ) ;
#6658 = CARTESIAN_POINT ( 'NONE',  ( -9.938914434172966494, 2.248135892564179006, -1.106420474829618916 ) ) ;
#6659 = ORIENTED_EDGE ( 'NONE', *, *, #569, .F. ) ;
#6660 = DIRECTION ( 'NONE',  ( 0.000000000000000000, 0.000000000000000000, -1.000000000000000000 ) ) ;
#6661 = DIRECTION ( 'NONE',  ( 0.000000000000000000, 0.000000000000000000, 1.000000000000000000 ) ) ;
#6662 = CYLINDRICAL_SURFACE ( 'NONE', #3183, 2.000000000000000000 ) ;
#6663 = ORIENTED_EDGE ( 'NONE', *, *, #3235, .F. ) ;
#6664 = EDGE_CURVE ( 'NONE', #7036, #2867, #1951, .T. ) ;
#6665 = PLANE ( 'NONE',  #4916 ) ;
#6666 = ORIENTED_EDGE ( 'NONE', *, *, #4305, .F. ) ;
#6667 = VECTOR ( 'NONE', #344, 1000.000000000000114 ) ;
#6668 = ORIENTED_EDGE ( 'NONE', *, *, #3020, .F. ) ;
#6669 = CARTESIAN_POINT ( 'NONE',  ( -9.579266317303966716, 2.409665417632471218, 2.873880065552582685 ) ) ;
#6670 = FACE_OUTER_BOUND ( 'NONE', #6054, .T. ) ;
#6671 = ADVANCED_FACE ( 'NONE', ( #791 ), #247, .F. ) ;
#6672 = CYLINDRICAL_SURFACE ( 'NONE', #3656, 2.000000000000000000 ) ;
#6673 = ORIENTED_EDGE ( 'NONE', *, *, #2272, .F. ) ;
#6674 = DIRECTION ( 'NONE',  ( 0.9249892435672767421, 0.000000000000000000, -0.3799932884734115168 ) ) ;
#6675 = CARTESIAN_POINT ( 'NONE',  ( -8.984463655236288204, 1.864094386502766820, 4.392294266126699043 ) ) ;
#6676 = CARTESIAN_POINT ( 'NONE',  ( -9.885393354405110244, 9.500000000000000000, 0.8789046617972166020 ) ) ;
#6677 = AXIS2_PLACEMENT_3D ( 'NONE', #2839, #6134, #4032 ) ;
#6678 = ORIENTED_EDGE ( 'NONE', *, *, #6858, .F. ) ;
#6679 = CARTESIAN_POINT ( 'NONE',  ( -6.837644484988246063, 2.134286657244864216, -7.079576935034952001 ) ) ;
#6680 = SPHERICAL_SURFACE ( 'NONE', #5993, 0.5000000000000000000 ) ;
#6681 = EDGE_CURVE ( 'NONE', #5143, #834, #4197, .T. ) ;
#6682 = ORIENTED_EDGE ( 'NONE', *, *, #3180, .T. ) ;
#6683 = CARTESIAN_POINT ( 'NONE',  ( -1.987831504145225026, 0.000000000000000000, -1.987831504145221029 ) ) ;
#6684 = ORIENTED_EDGE ( 'NONE', *, *, #2466, .T. ) ;
#6685 = CARTESIAN_POINT ( 'NONE',  ( -4.594978287206035183, 10.00001200000000168, 8.796570338259719790 ) ) ;
#6686 = CARTESIAN_POINT ( 'NONE',  ( -9.870000050362087052, 2.242561475665995729, 0.6735851868180260382 ) ) ;
#6687 = CIRCLE ( 'NONE', #4265, 2.000000000000000000 ) ;
#6688 = LINE ( 'NONE', #4001, #3697 ) ;
#6689 = AXIS2_PLACEMENT_3D ( 'NONE', #349, #2991, #4083 ) ;
#6690 = ADVANCED_FACE ( 'NONE', ( #1797 ), #5478, .T. ) ;
#6691 = ORIENTED_EDGE ( 'NONE', *, *, #2620, .F. ) ;
#6692 = VERTEX_POINT ( 'NONE', #2092 ) ;
#6693 = DIRECTION ( 'NONE',  ( 0.000000000000000000, 1.000000000000000000, 0.000000000000000000 ) ) ;
#6694 = SURFACE_SIDE_STYLE ('',( #3398 ) ) ;
#6695 = CARTESIAN_POINT ( 'NONE',  ( -2.504813822048898242, 8.000000000000000000, 1.276266388579324840 ) ) ;
#6696 = ORIENTED_EDGE ( 'NONE', *, *, #1365, .T. ) ;
#6697 = DIRECTION ( 'NONE',  ( 0.000000000000000000, 0.000000000000000000, 1.000000000000000000 ) ) ;
#6698 = CARTESIAN_POINT ( 'NONE',  ( -2.596097982851398811, 9.500000000000000000, 9.138395661352976873 ) ) ;
#6699 = CARTESIAN_POINT ( 'NONE',  ( -6.379225400237364063, 2.413741176464117455, 7.599145027578502187 ) ) ;
#6700 = AXIS2_PLACEMENT_3D ( 'NONE', #4789, #310, #2507 ) ;
#6701 = ORIENTED_EDGE ( 'NONE', *, *, #5523, .T. ) ;
#6702 = DIRECTION ( 'NONE',  ( 0.000000000000000000, -1.734723475976808672E-15, -1.000000000000000000 ) ) ;
#6703 = ORIENTED_EDGE ( 'NONE', *, *, #5023, .F. ) ;
#6704 = CLOSED_SHELL ( 'NONE', ( #4489, #1256, #89, #5742, #4846, #5530, #2335, #611, #3272, #2682, #6350, #5356, #5902, #3675, #3808, #2477, #4211, #1103, #3727, #3190, #4122, #6824, #1375, #771, #6390, #5420, #2561, #4623, #5488, #988, #5046, #3831, #6511, #1084, #2134, #1183, #3970, #5333, #5845, #5864, #1055, #4020, #518, #6179, #3981, #4239, #1004, #7078, #2691, #5404, #3309, #6922, #4675, #2423, #5228, #3299, #3109, #6061, #4056, #4490, #3665, #4101, #5802, #908, #1146, #4345, #2861, #2518, #780, #7098, #1413, #7033, #5590, #3549, #1404, #6140, #1421, #1602, #2646, #2144, #5838, #1373, #423, #1299, #642, #393, #1414, #6690, #837, #2837, #3345, #2105, #6560, #2952, #4326, #4468, #5022, #4886, #2826, #5990, #1800, #2354, #6023, #5375, #649, #578, #3848, #6502, #4581, #5541, #6343, #3872, #5366, #47, #1095, #6073, #6760, #1276, #6550, #1781, #6330, #5245, #1491, #3170, #2787, #6244, #4647, #550, #3794, #1709, #3108, #3496, #4766, #3728, #6966, #4246, #736, #1853, #6735, #6018, #2239, #2281, #4391, #433, #1753, #1136, #5988, #1566, #6486, #4741, #616, #5811, #2265, #2648, #6993, #5321, #1308, #4719, #1835, #2992, #5274, #1629, #6158, #5507, #180, #2015, #4919, #3234, #1717, #2449, #1345, #2880, #6278, #1877, #1054, #7139, #4315, #3371, #4563, #6198, #858, #1501, #6825, #6235, #2879, #706, #5054, #6632, #562, #5063, #6948, #6190, #3767, #6552, #6296, #5142, #7009, #131, #4255, #4216, #3879, #6199, #7145, #1169, #439, #6295, #5394, #1610, #6671 ) ) ;
#6705 = ORIENTED_EDGE ( 'NONE', *, *, #3100, .F. ) ;
#6706 = CARTESIAN_POINT ( 'NONE',  ( -9.438151782886873065, 2.048970607329005045, 3.306964416653627836 ) ) ;
#6707 = DIRECTION ( 'NONE',  ( 0.000000000000000000, -1.000000000000000000, 0.000000000000000000 ) ) ;
#6708 = CARTESIAN_POINT ( 'NONE',  ( 4.706451233693615954, 2.321832774718734616, -8.824555314844612752 ) ) ;
#6709 = CIRCLE ( 'NONE', #3593, 0.4999999999999995559 ) ;
#6710 = ORIENTED_EDGE ( 'NONE', *, *, #6664, .T. ) ;
#6711 = SPHERICAL_SURFACE ( 'NONE', #1409, 0.5000000000000000000 ) ;
#6712 = DIRECTION ( 'NONE',  ( -0.000000000000000000, -1.000000000000000000, -0.000000000000000000 ) ) ;
#6713 =( BOUNDED_SURFACE ( )  B_SPLINE_SURFACE ( 3, 2, ( 
 ( #5761, #4535, #3401 ),
 ( #4610, #6736, #1826 ),
 ( #2893, #4049, #6770 ),
 ( #5227, #6263, #2999 ),
 ( #1289, #1756, #2929 ),
 ( #3510, #4091, #5724 ),
 ( #5152, #3435, #748 ),
 ( #2366, #5616, #175 ),
 ( #1903, #2963, #4687 ),
 ( #5189, #5651, #2444 ),
 ( #643, #2856, #6226 ),
 ( #1867, #5121, #1251 ),
 ( #680, #140, #2334 ),
 ( #4575, #211, #250 ),
 ( #1790, #2406, #4648 ),
 ( #5083, #6841, #6304 ),
 ( #101, #2296, #3976 ),
 ( #6188, #1214, #3473 ) ),
 .UNSPECIFIED., .F., .F., .T. ) 
 B_SPLINE_SURFACE_WITH_KNOTS ( ( 4, 2, 2, 2, 2, 2, 2, 2, 4 ),
 ( 3, 3 ),
 ( 4.336808689942017736E-19, 0.0003645422052340790606, 0.0007290844104681576876, 0.001093626615702236260, 0.001458168820936314941, 0.001822711026170393406, 0.002187253231404472087, 0.002551795436638550768, 0.002916337641872629449 ),
 ( 0.000000000000000000, 1.000000000000000000 ),
 .UNSPECIFIED. ) 
 GEOMETRIC_REPRESENTATION_ITEM ( )  RATIONAL_B_SPLINE_SURFACE ( (
 ( 1.000000000000000000, 0.9595359398070241186, 1.000000000000000000),
 ( 1.000000000000000000, 0.9595833763010066519, 1.000000000000000000),
 ( 1.000000000000000000, 0.9570685609626876644, 1.000000000000000000),
 ( 1.000000000000000000, 0.9488880332095235293, 1.000000000000000000),
 ( 1.000000000000000000, 0.9432547151588687173, 1.000000000000000000),
 ( 1.000000000000000000, 0.9321826025349152500, 1.000000000000000000),
 ( 1.000000000000000000, 0.9268523530654826370, 1.000000000000000000),
 ( 1.000000000000000000, 0.9192073681285226616, 1.000000000000000000),
 ( 1.000000000000000000, 0.9170514797511104543, 1.000000000000000000),
 ( 1.000000000000000000, 0.9170288608893588655, 1.000000000000000000),
 ( 1.000000000000000000, 0.9192260099103567450, 1.000000000000000000),
 ( 1.000000000000000000, 0.9267996068666189968, 1.000000000000000000),
 ( 1.000000000000000000, 0.9321812854750022304, 1.000000000000000000),
 ( 1.000000000000000000, 0.9432160661325497131, 1.000000000000000000),
 ( 1.000000000000000000, 0.9488445939139453777, 1.000000000000000000),
 ( 1.000000000000000000, 0.9570263305979587187, 1.000000000000000000),
 ( 1.000000000000000000, 0.9595878455022686104, 1.000000000000000000),
 ( 1.000000000000000000, 0.9595359398070241186, 1.000000000000000000) ) ) 
 REPRESENTATION_ITEM ( '' )  SURFACE ( )  );
#6714 = EDGE_CURVE ( 'NONE', #5035, #5888, #6496, .T. ) ;
#6715 = DIRECTION ( 'NONE',  ( 0.000000000000000000, 0.000000000000000000, 1.000000000000000000 ) ) ;
#6716 = CARTESIAN_POINT ( 'NONE',  ( -7.393314632472657522, 2.212746796842762542, -6.556373006456586161 ) ) ;
#6717 = CARTESIAN_POINT ( 'NONE',  ( 1.260587625341246687, 8.000000000000000000, -2.043718524445536033 ) ) ;
#6718 = ORIENTED_EDGE ( 'NONE', *, *, #2197, .T. ) ;
#6719 = CARTESIAN_POINT ( 'NONE',  ( -6.451230953596308382, 2.181049877636649814, -7.641948001532909096 ) ) ;
#6720 = VERTEX_POINT ( 'NONE', #1481 ) ;
#6721 = DIRECTION ( 'NONE',  ( 0.5249775667251639355, 0.000000000000000000, -0.8511160640214271433 ) ) ;
#6722 = CARTESIAN_POINT ( 'NONE',  ( -9.885393354405110244, 2.500000000000000444, 0.8789046617972166020 ) ) ;
#6723 = EDGE_CURVE ( 'NONE', #5888, #4943, #5983, .T. ) ;
#6724 = CARTESIAN_POINT ( 'NONE',  ( 1.098630827246566799, 9.500000000000000000, -9.436260398347616984 ) ) ;
#6725 = DIRECTION ( 'NONE',  ( 0.000000000000000000, 0.000000000000000000, 1.000000000000000000 ) ) ;
#6726 = AXIS2_PLACEMENT_3D ( 'NONE', #5546, #6732, #3432 ) ;
#6727 = CONICAL_SURFACE ( 'NONE', #6971, 7.500000000000000000, 1.396263401595466691 ) ;
#6728 = ORIENTED_EDGE ( 'NONE', *, *, #3527, .F. ) ;
#6729 = DIRECTION ( 'NONE',  ( 0.000000000000000000, 0.000000000000000000, 1.000000000000000000 ) ) ;
#6730 = ORIENTED_EDGE ( 'NONE', *, *, #604, .F. ) ;
#6731 = DIRECTION ( 'NONE',  ( 0.4394523308986274523, 0.000000000000000000, 0.8982659121149835224 ) ) ;
#6732 = DIRECTION ( 'NONE',  ( 0.000000000000000000, -1.000000000000000000, 0.000000000000000000 ) ) ;
#6733 = STYLED_ITEM ( 'NONE', ( #3431 ), #1650 ) ;
#6734 = ORIENTED_EDGE ( 'NONE', *, *, #5901, .F. ) ;
#6735 = ADVANCED_FACE ( 'NONE', ( #2597 ), #6272, .T. ) ;
#6736 = CARTESIAN_POINT ( 'NONE',  ( -6.320945513048473963, 2.410376625841652576, 7.750301776586639768 ) ) ;
#6737 = EDGE_CURVE ( 'NONE', #445, #7105, #1286, .T. ) ;
#6738 = DIRECTION ( 'NONE',  ( 0.000000000000000000, 1.000000000000000000, -0.000000000000000000 ) ) ;
#6739 = VECTOR ( 'NONE', #504, 1000.000000000000114 ) ;
#6740 = CARTESIAN_POINT ( 'NONE',  ( 2.732734718791013595, 10.00000000000000000, -9.619363854055745122 ) ) ;
#6741 = ORIENTED_EDGE ( 'NONE', *, *, #2588, .F. ) ;
#6742 = CARTESIAN_POINT ( 'NONE',  ( 9.932905682471165676, 10.00000000000000000, 1.156453502364911623 ) ) ;
#6743 = ORIENTED_EDGE ( 'NONE', *, *, #462, .T. ) ;
#6744 = ORIENTED_EDGE ( 'NONE', *, *, #2197, .F. ) ;
#6745 = CARTESIAN_POINT ( 'NONE',  ( 6.367050236799755680, 2.051666420109250044, -7.711477259033378218 ) ) ;
#6746 = CARTESIAN_POINT ( 'NONE',  ( -1.098630827246565245, 9.500000000000000000, -9.436260398347616984 ) ) ;
#6747 = FACE_OUTER_BOUND ( 'NONE', #3336, .T. ) ;
#6748 = VERTEX_POINT ( 'NONE', #2633 ) ;
#6749 = CARTESIAN_POINT ( 'NONE',  ( 0.7528369329705507651, 2.127032157860326400, -9.972609810340804515 ) ) ;
#6750 = CARTESIAN_POINT ( 'NONE',  ( 8.984615682879187659, 1.863989508453881117, 4.391979800034282455 ) ) ;
#6751 = TOROIDAL_SURFACE ( 'NONE', #2816, 1.500000000000000000, 0.5000000000000000000 ) ;
#6752 = CARTESIAN_POINT ( 'NONE',  ( 0.000000000000000000, 9.500000000000000000, 0.000000000000000000 ) ) ;
#6753 = CARTESIAN_POINT ( 'NONE',  ( 10.79269157286925029, 10.00001200000000168, -4.470479223992127160 ) ) ;
#6754 = DIRECTION ( 'NONE',  ( 0.7622926637108773384, 0.000000000000000000, -0.6472324890273781772 ) ) ;
#6755 = CIRCLE ( 'NONE', #4454, 0.5000000000000000000 ) ;
#6756 = ORIENTED_EDGE ( 'NONE', *, *, #789, .F. ) ;
#6757 = CARTESIAN_POINT ( 'NONE',  ( -6.242692900426450642, 2.255681435097351972, -7.812463274735075736 ) ) ;
#6758 = VERTEX_POINT ( 'NONE', #328 ) ;
#6759 = CARTESIAN_POINT ( 'NONE',  ( -6.368549229222990604, 2.500000000000000444, 7.611508121969579932 ) ) ;
#6760 = ADVANCED_FACE ( 'NONE', ( #3160 ), #933, .T. ) ;
#6761 = CARTESIAN_POINT ( 'NONE',  ( 7.449293024680232911, 10.00001200000000168, 5.895594408747131254 ) ) ;
#6762 = DIRECTION ( 'NONE',  ( 0.000000000000000000, 0.000000000000000000, 1.000000000000000000 ) ) ;
#6763 = ORIENTED_EDGE ( 'NONE', *, *, #6848, .F. ) ;
#6764 = CARTESIAN_POINT ( 'NONE',  ( 4.470479223992320783, 9.500000000000000000, -10.79269157286916858 ) ) ;
#6765 = EDGE_CURVE ( 'NONE', #85, #6610, #969, .T. ) ;
#6766 = AXIS2_PLACEMENT_3D ( 'NONE', #6248, #3607, #6362 ) ;
#6767 = ORIENTED_EDGE ( 'NONE', *, *, #819, .F. ) ;
#6768 = CARTESIAN_POINT ( 'NONE',  ( 0.3433454435212772160, 2.147149294247280515, -9.848045944669637564 ) ) ;
#6769 = ORIENTED_EDGE ( 'NONE', *, *, #2639, .T. ) ;
#6770 = CARTESIAN_POINT ( 'NONE',  ( -6.242081368317867529, 2.257089604130834815, 7.812951749604181373 ) ) ;
#6771 = VECTOR ( 'NONE', #5489, 1000.000000000000000 ) ;
#6772 = CARTESIAN_POINT ( 'NONE',  ( -1.554148821017838911, 8.000000000000000000, -1.830433831214388185 ) ) ;
#6773 = FACE_OUTER_BOUND ( 'NONE', #6195, .T. ) ;
#6774 = ORIENTED_EDGE ( 'NONE', *, *, #1761, .F. ) ;
#6775 = EDGE_CURVE ( 'NONE', #6594, #11, #3628, .T. ) ;
#6776 = CARTESIAN_POINT ( 'NONE',  ( 0.5673463196692631882, 0.000000000000000000, -2.333234819276247318 ) ) ;
#6777 = AXIS2_PLACEMENT_3D ( 'NONE', #3113, #6956, #3146 ) ;
#6778 = ORIENTED_EDGE ( 'NONE', *, *, #1544, .T. ) ;
#6779 = ORIENTED_EDGE ( 'NONE', *, *, #2509, .F. ) ;
#6780 = VERTEX_POINT ( 'NONE', #4804 ) ;
#6781 = CARTESIAN_POINT ( 'NONE',  ( -0.6199608086382174532, 1.864204402698735885, 9.981404220800481397 ) ) ;
#6782 = CARTESIAN_POINT ( 'NONE',  ( -1.098630827246567243, 9.500000000000000000, 9.436260398347616984 ) ) ;
#6783 = EDGE_CURVE ( 'NONE', #5334, #4321, #5378, .T. ) ;
#6784 = CARTESIAN_POINT ( 'NONE',  ( 0.6735851868180601221, 2.242561475665996618, 9.870000050362085275 ) ) ;
#6785 = ORIENTED_EDGE ( 'NONE', *, *, #1931, .F. ) ;
#6786 = CARTESIAN_POINT ( 'NONE',  ( -0.8426567133884008687, 2.181508697813370201, -9.965325131732972963 ) ) ;
#6787 = AXIS2_PLACEMENT_3D ( 'NONE', #4904, #5410, #2523 ) ;
#6788 = CARTESIAN_POINT ( 'NONE',  ( 2.221104420305847427, 8.000000000000000000, -0.9124482025973561505 ) ) ;
#6789 = AXIS2_PLACEMENT_3D ( 'NONE', #4596, #273, #4156 ) ;
#6790 = DIRECTION ( 'NONE',  ( -0.2362740077746028344, 0.000000000000000000, 0.9716864685947452784 ) ) ;
#6791 = FACE_OUTER_BOUND ( 'NONE', #4944, .T. ) ;
#6792 = CYLINDRICAL_SURFACE ( 'NONE', #1354, 0.4999999999999995559 ) ;
#6793 = DIRECTION ( 'NONE',  ( 0.000000000000000000, 1.000000000000000000, 0.000000000000000000 ) ) ;
#6794 = ORIENTED_EDGE ( 'NONE', *, *, #2322, .T. ) ;
#6795 = LINE ( 'NONE', #1314, #5695 ) ;
#6796 = FACE_OUTER_BOUND ( 'NONE', #5625, .T. ) ;
#6797 = AXIS2_PLACEMENT_3D ( 'NONE', #6131, #3384, #2946 ) ;
#6798 = FACE_OUTER_BOUND ( 'NONE', #615, .T. ) ;
#6799 = AXIS2_PLACEMENT_3D ( 'NONE', #278, #2473, #7019 ) ;
#6800 = VERTEX_POINT ( 'NONE', #2562 ) ;
#6801 = CARTESIAN_POINT ( 'NONE',  ( -3.399310659689302128, 2.164537838121740165, -9.255370840007497435 ) ) ;
#6802 = ORIENTED_EDGE ( 'NONE', *, *, #6072, .T. ) ;
#6803 = CARTESIAN_POINT ( 'NONE',  ( 8.756818408900270967, 2.257089604130862348, -4.829485086827518536 ) ) ;
#6804 = CARTESIAN_POINT ( 'NONE',  ( 1.830433831214388185, 8.000000000000000000, -1.554148821017838911 ) ) ;
#6805 = CARTESIAN_POINT ( 'NONE',  ( 0.5925283757872982227, 2.212959311741235613, -9.863966789111861644 ) ) ;
#6806 = AXIS2_PLACEMENT_3D ( 'NONE', #156, #83, #6099 ) ;
#6807 = EDGE_CURVE ( 'NONE', #1016, #1751, #4322, .T. ) ;
#6808 = CARTESIAN_POINT ( 'NONE',  ( -5.095752233843723986E-17, 9.500000000000000000, 9.681925178635076179 ) ) ;
#6809 = DIRECTION ( 'NONE',  ( -0.4394523308986340027, 0.000000000000000000, 0.8982659121149805248 ) ) ;
#6810 = ORIENTED_EDGE ( 'NONE', *, *, #995, .T. ) ;
#6811 = CARTESIAN_POINT ( 'NONE',  ( 0.2552196072240487945, 1.779716818039830395, 9.997538315944970222 ) ) ;
#6812 = CARTESIAN_POINT ( 'NONE',  ( -1.260587625341245133, 8.000000000000000000, 2.043718524445536477 ) ) ;
#6813 = CIRCLE ( 'NONE', #2172, 2.000000000000000000 ) ;
#6814 = CARTESIAN_POINT ( 'NONE',  ( 9.869262850231024231, 2.241156341101765648, -0.6655541409083430837 ) ) ;
#6815 = ORIENTED_EDGE ( 'NONE', *, *, #2869, .F. ) ;
#6816 = EDGE_CURVE ( 'NONE', #3295, #6311, #1448, .T. ) ;
#6817 = VERTEX_POINT ( 'NONE', #1716 ) ;
#6818 = CARTESIAN_POINT ( 'NONE',  ( 9.579266306900908745, 2.410376625841653464, 2.873880099895028462 ) ) ;
#6819 = CARTESIAN_POINT ( 'NONE',  ( -9.932905692431598155, 2.377026804319528619, 1.156453416813631341 ) ) ;
#6820 = DIRECTION ( 'NONE',  ( 0.000000000000000000, 0.000000000000000000, 1.000000000000000000 ) ) ;
#6821 = CARTESIAN_POINT ( 'NONE',  ( 0.9585349633982741535, 2.059185488125292895, -9.954245716881924722 ) ) ;
#6822 = CARTESIAN_POINT ( 'NONE',  ( 8.758950836166553344, 2.248135892564179894, 4.825657120698811475 ) ) ;
#6823 = PLANE ( 'NONE',  #1160 ) ;
#6824 = ADVANCED_FACE ( 'NONE', ( #7146 ), #5585, .F. ) ;
#6825 = ADVANCED_FACE ( 'NONE', ( #2707 ), #2782, .T. ) ;
#6826 = CIRCLE ( 'NONE', #3242, 0.5000000000000007772 ) ;
#6827 = CARTESIAN_POINT ( 'NONE',  ( 7.449293024680358144, 2.500000000000000000, -5.895594408746971382 ) ) ;
#6828 = FACE_OUTER_BOUND ( 'NONE', #4583, .T. ) ;
#6829 = DIRECTION ( 'NONE',  ( 0.000000000000000000, 0.000000000000000000, 1.000000000000000000 ) ) ;
#6830 = ORIENTED_EDGE ( 'NONE', *, *, #1761, .T. ) ;
#6831 = CARTESIAN_POINT ( 'NONE',  ( -9.619363854055777097, 2.500000000000000000, 2.732734718790907902 ) ) ;
#6832 = LINE ( 'NONE', #4080, #5985 ) ;
#6833 = CARTESIAN_POINT ( 'NONE',  ( 2.168404344971008868E-16, 8.000000000000000000, -3.149999999999999911 ) ) ;
#6834 = CARTESIAN_POINT ( 'NONE',  ( 4.344279487925926553, 2.222029771489018035, -8.879080587187033302 ) ) ;
#6835 = ORIENTED_EDGE ( 'NONE', *, *, #5793, .T. ) ;
#6836 = FACE_OUTER_BOUND ( 'NONE', #2768, .T. ) ;
#6837 = CARTESIAN_POINT ( 'NONE',  ( 8.878012131685443009, 1.982312691401684646, -4.603674570840349034 ) ) ;
#6838 = CARTESIAN_POINT ( 'NONE',  ( 4.035844149635339662, 1.992695579455263655, 9.150139654457440486 ) ) ;
#6839 = CARTESIAN_POINT ( 'NONE',  ( -9.619363854055755780, 2.500000000000000444, -2.732734718790979844 ) ) ;
#6840 = AXIS2_PLACEMENT_3D ( 'NONE', #4018, #2971, #6348 ) ;
#6841 = CARTESIAN_POINT ( 'NONE',  ( -7.725205082552013991, 2.321832774718918468, 6.351745126530040864 ) ) ;
#6842 = VECTOR ( 'NONE', #1203, 1000.000000000000227 ) ;
#6843 = CARTESIAN_POINT ( 'NONE',  ( 1.987831504145222361, 0.000000000000000000, -1.987831504145223693 ) ) ;
#6844 = DIRECTION ( 'NONE',  ( 0.7841361078610770141, 0.000000000000000000, 0.6205888851312771903 ) ) ;
#6845 = FACE_OUTER_BOUND ( 'NONE', #3980, .T. ) ;
#6846 = LINE ( 'NONE', #3479, #962 ) ;
#6847 = VECTOR ( 'NONE', #2832, 1000.000000000000000 ) ;
#6848 = EDGE_CURVE ( 'NONE', #3513, #4875, #7111, .T. ) ;
#6849 = DIRECTION ( 'NONE',  ( 0.000000000000000000, -1.000000000000000000, 0.000000000000000000 ) ) ;
#6850 = ORIENTED_EDGE ( 'NONE', *, *, #4841, .T. ) ;
#6851 = VECTOR ( 'NONE', #1506, 1000.000000000000000 ) ;
#6852 = ORIENTED_EDGE ( 'NONE', *, *, #4847, .T. ) ;
#6853 = DIRECTION ( 'NONE',  ( 0.000000000000000000, 1.000000000000000000, 0.000000000000000000 ) ) ;
#6854 = CARTESIAN_POINT ( 'NONE',  ( -9.885393330222521868, 2.438513403071557395, 0.8789046123666106602 ) ) ;
#6855 = CARTESIAN_POINT ( 'NONE',  ( 0.8789046617972523512, 2.500000000000000444, 9.885393354405108468 ) ) ;
#6856 = ORIENTED_EDGE ( 'NONE', *, *, #3204, .T. ) ;
#6857 = SPHERICAL_SURFACE ( 'NONE', #6274, 0.5000000000000000000 ) ;
#6858 = EDGE_CURVE ( 'NONE', #3152, #5956, #6162, .T. ) ;
#6859 = CARTESIAN_POINT ( 'NONE',  ( 8.796570338259671828, 2.456298904871082378, 4.594978287206126666 ) ) ;
#6860 = B_SPLINE_CURVE_WITH_KNOTS ( 'NONE', 3,
 ( #5506, #1706, #1101, #3319, #6178, #6215, #3462, #3966, #1747, #2324, #1138, #4598, #1171, #3357, #1240, #5575, #602, #5681 ),
 .UNSPECIFIED., .F., .F.,
 ( 4, 2, 2, 2, 2, 2, 2, 2, 4 ),
 ( 8.673617379884034509E-19, 0.0003765522689820497370, 0.0007531045379640986066, 0.001129656806946146771, 0.001506209075928195045, 0.001882761344910244619, 0.002259313613892293977, 0.002635865882874343334, 0.003012418151856393125 ),
 .UNSPECIFIED. ) ;
#6861 = DIRECTION ( 'NONE',  ( -0.9716864685947457225, 0.000000000000000000, 0.2362740077746008915 ) ) ;
#6862 = DIRECTION ( 'NONE',  ( 0.000000000000000000, 0.000000000000000000, 1.000000000000000000 ) ) ;
#6863 = CARTESIAN_POINT ( 'NONE',  ( 9.339861078571379593, 2.212953969771219942, -3.227365271954468984 ) ) ;
#6864 = DIRECTION ( 'NONE',  ( 0.000000000000000000, 0.000000000000000000, 1.000000000000000000 ) ) ;
#6865 = EDGE_LOOP ( 'NONE', ( #4184, #6327, #1615, #1656 ) ) ;
#6866 = DIRECTION ( 'NONE',  ( -0.9980606173047419372, -1.515387735592358781E-15, 0.06224953160689434412 ) ) ;
#6867 = EDGE_CURVE ( 'NONE', #1130, #7120, #5479, .T. ) ;
#6868 = EDGE_CURVE ( 'NONE', #4089, #3693, #4436, .T. ) ;
#6869 = DIRECTION ( 'NONE',  ( 0.000000000000000000, -8.673617379884027583E-16, -1.000000000000000000 ) ) ;
#6870 = CARTESIAN_POINT ( 'NONE',  ( 9.932905682471165676, 2.372020242595190176, 1.156453502364910735 ) ) ;
#6871 = CARTESIAN_POINT ( 'NONE',  ( 4.470479223992320783, 9.500000000000000000, -10.79269157286916858 ) ) ;
#6872 = AXIS2_PLACEMENT_3D ( 'NONE', #7176, #538, #2187 ) ;
#6873 = LINE ( 'NONE', #5867, #7160 ) ;
#6874 = CARTESIAN_POINT ( 'NONE',  ( -3.943572702702304422, 1.768515498480417669, 9.190454985892358764 ) ) ;
#6875 = ORIENTED_EDGE ( 'NONE', *, *, #4518, .T. ) ;
#6876 = EDGE_LOOP ( 'NONE', ( #1775, #3341, #1327, #3517 ) ) ;
#6877 = CARTESIAN_POINT ( 'NONE',  ( -1.276266388579322841, 8.000000000000000000, 2.504813822048900018 ) ) ;
#6878 = EDGE_CURVE ( 'NONE', #4875, #5951, #6293, .T. ) ;
#6879 = LINE ( 'NONE', #3037, #1335 ) ;
#6880 = CARTESIAN_POINT ( 'NONE',  ( 4.335449496297143490, 2.048945620300597792, 9.012139614925601450 ) ) ;
#6881 = VECTOR ( 'NONE', #6388, 999.9999999999998863 ) ;
#6882 = CARTESIAN_POINT ( 'NONE',  ( -8.260368511126747748, 10.00000000000000000, 8.260368511126719326 ) ) ;
#6883 = LINE ( 'NONE', #3548, #7110 ) ;
#6884 = AXIS2_PLACEMENT_3D ( 'NONE', #4389, #1612, #6523 ) ;
#6885 = LINE ( 'NONE', #3153, #4157 ) ;
#6886 = DIRECTION ( 'NONE',  ( 0.000000000000000000, 1.000000000000000000, 0.000000000000000000 ) ) ;
#6887 = CARTESIAN_POINT ( 'NONE',  ( 0.5566365330722341520, 2.048945620300733683, 9.985236028452421309 ) ) ;
#6888 = DIRECTION ( 'NONE',  ( 0.000000000000000000, 1.000000000000000000, 0.000000000000000000 ) ) ;
#6889 = CARTESIAN_POINT ( 'NONE',  ( 9.883093623299828323, 2.378544800989010444, -0.8475496155052139047 ) ) ;
#6890 = VECTOR ( 'NONE', #2347, 1000.000000000000000 ) ;
#6891 = ORIENTED_EDGE ( 'NONE', *, *, #225, .F. ) ;
#6892 = EDGE_CURVE ( 'NONE', #2361, #1292, #154, .T. ) ;
#6893 = ORIENTED_EDGE ( 'NONE', *, *, #1944, .F. ) ;
#6894 = CARTESIAN_POINT ( 'NONE',  ( 8.796570338259671828, 9.500000000000000000, 4.594978287206128442 ) ) ;
#6895 = AXIS2_PLACEMENT_3D ( 'NONE', #6974, #333, #1551 ) ;
#6896 = CARTESIAN_POINT ( 'NONE',  ( 0.1711472729025990958, 2.134291405717180901, 9.840963537470317490 ) ) ;
#6897 = VERTEX_POINT ( 'NONE', #3226 ) ;
#6898 = CARTESIAN_POINT ( 'NONE',  ( -0.1029434636768884886, 2.134320569920972410, -9.840975183068751519 ) ) ;
#6899 = CARTESIAN_POINT ( 'NONE',  ( -4.594171655381705577, 1.975531022569854356, 8.882927013875280053 ) ) ;
#6900 = CARTESIAN_POINT ( 'NONE',  ( -9.157360018292973081, 2.134291405717182677, -3.607854241819043573 ) ) ;
#6901 = EDGE_CURVE ( 'NONE', #7120, #2376, #4097, .T. ) ;
#6902 = ORIENTED_EDGE ( 'NONE', *, *, #670, .T. ) ;
#6903 = DIRECTION ( 'NONE',  ( -0.8734252662744590445, 0.000000000000000000, 0.4869582161062593895 ) ) ;
#6904 = CARTESIAN_POINT ( 'NONE',  ( 0.8789046617972523512, 2.500000000000000444, 9.885393354405108468 ) ) ;
#6905 = DIRECTION ( 'NONE',  ( -0.8511160640214283646, 0.000000000000000000, 0.5249775667251619371 ) ) ;
#6906 = AXIS2_PLACEMENT_3D ( 'NONE', #1671, #2734, #91 ) ;
#6907 = ORIENTED_EDGE ( 'NONE', *, *, #3149, .F. ) ;
#6908 = LINE ( 'NONE', #842, #5465 ) ;
#6909 = DIRECTION ( 'NONE',  ( 0.9249892435672764091, 0.000000000000000000, -0.3799932884734122385 ) ) ;
#6910 = CARTESIAN_POINT ( 'NONE',  ( 9.955088514328229721, 2.051189550670913686, 0.9499468768431417187 ) ) ;
#6911 = VECTOR ( 'NONE', #808, 1000.000000000000000 ) ;
#6912 = EDGE_CURVE ( 'NONE', #4356, #637, #6589, .T. ) ;
#6913 = FACE_OUTER_BOUND ( 'NONE', #666, .T. ) ;
#6914 = CARTESIAN_POINT ( 'NONE',  ( -9.932905682471171005, 2.500000000000001776, -1.156453502364840125 ) ) ;
#6915 = ORIENTED_EDGE ( 'NONE', *, *, #130, .T. ) ;
#6916 = ORIENTED_EDGE ( 'NONE', *, *, #2116, .F. ) ;
#6917 = DIRECTION ( 'NONE',  ( 0.000000000000000000, 1.000000000000000000, 0.000000000000000000 ) ) ;
#6918 = CARTESIAN_POINT ( 'NONE',  ( 9.287160042897195211, 1.768515498480492942, -3.710106042531163606 ) ) ;
#6919 = CARTESIAN_POINT ( 'NONE',  ( 4.695612462786666441, 2.059838893144284366, 8.829327179896930389 ) ) ;
#6920 = CARTESIAN_POINT ( 'NONE',  ( -2.043718524445535589, 8.000000000000000000, 1.260587625341242024 ) ) ;
#6921 = DIRECTION ( 'NONE',  ( -0.000000000000000000, -1.000000000000000000, -0.000000000000000000 ) ) ;
#6922 = ADVANCED_FACE ( 'NONE', ( #5443 ), #6751, .F. ) ;
#6923 = AXIS2_PLACEMENT_3D ( 'NONE', #839, #6430, #5349 ) ;
#6924 = DIRECTION ( 'NONE',  ( -0.4869582161062701031, 0.000000000000000000, 0.8734252662744530493 ) ) ;
#6925 = CARTESIAN_POINT ( 'NONE',  ( -6.368549229222937313, 2.500000000000000444, -7.611508121969626117 ) ) ;
#6926 = CARTESIAN_POINT ( 'NONE',  ( -0.9711828485914483222, 2.321832774718816328, 9.953906951267313730 ) ) ;
#6927 = CARTESIAN_POINT ( 'NONE',  ( -8.805704271353583579, 2.410376625841670339, 4.741424057448596407 ) ) ;
#6928 = CARTESIAN_POINT ( 'NONE',  ( 9.857563765852034976, 2.183694385698118801, -0.4961482701700791753 ) ) ;
#6929 = AXIS2_PLACEMENT_3D ( 'NONE', #2728, #520, #2690 ) ;
#6930 = DIRECTION ( 'NONE',  ( 0.000000000000000000, 1.000000000000000000, 0.000000000000000000 ) ) ;
#6931 = ORIENTED_EDGE ( 'NONE', *, *, #6373, .T. ) ;
#6932 = ORIENTED_EDGE ( 'NONE', *, *, #6253, .T. ) ;
#6933 = CARTESIAN_POINT ( 'NONE',  ( 9.421771089946131994, 1.829430187479168302, 3.353526346303933092 ) ) ;
#6934 = CARTESIAN_POINT ( 'NONE',  ( -9.965325131732978292, 2.181508697813393738, 0.8426567133882451044 ) ) ;
#6935 = VECTOR ( 'NONE', #5803, 1000.000000000000000 ) ;
#6936 = CARTESIAN_POINT ( 'NONE',  ( -9.606051082930962437, 2.249819565270344768, -2.780286464852439909 ) ) ;
#6937 = ORIENTED_EDGE ( 'NONE', *, *, #7042, .T. ) ;
#6938 = CIRCLE ( 'NONE', #6116, 2.500000000000000000 ) ;
#6939 = DIRECTION ( 'NONE',  ( 0.8511160640214281425, 0.000000000000000000, -0.5249775667251623812 ) ) ;
#6940 = VERTEX_POINT ( 'NONE', #1072 ) ;
#6941 = DIRECTION ( 'NONE',  ( -0.000000000000000000, -1.000000000000000000, -0.000000000000000000 ) ) ;
#6942 = CARTESIAN_POINT ( 'NONE',  ( 2.548403532281087180, 8.000000000000000000, -1.851523544721291881 ) ) ;
#6943 = DIRECTION ( 'NONE',  ( 0.000000000000000000, 0.000000000000000000, 1.000000000000000000 ) ) ;
#6944 = TOROIDAL_SURFACE ( 'NONE', #3807, 2.500000000000000000, 0.5000000000000000000 ) ;
#6945 = VERTEX_POINT ( 'NONE', #2818 ) ;
#6946 = CARTESIAN_POINT ( 'NONE',  ( -10.79269157286921654, 9.500000000000000000, 4.470479223992207096 ) ) ;
#6947 = CARTESIAN_POINT ( 'NONE',  ( 6.379225400237415577, 2.413741176464116567, -7.599145027578459555 ) ) ;
#6948 = ADVANCED_FACE ( 'NONE', ( #2669 ), #5515, .T. ) ;
#6949 = CARTESIAN_POINT ( 'NONE',  ( -1.098630827246563912, 9.500000000000000000, -9.436260398347616984 ) ) ;
#6950 = SPHERICAL_SURFACE ( 'NONE', #6689, 0.5000000000000000000 ) ;
#6951 = CARTESIAN_POINT ( 'NONE',  ( -2.732734801641721223, 2.377026804319510411, 9.619363830518947722 ) ) ;
#6952 = VERTEX_POINT ( 'NONE', #4426 ) ;
#6953 = VERTEX_POINT ( 'NONE', #6626 ) ;
#6954 = CARTESIAN_POINT ( 'NONE',  ( -4.035844149635357425, 1.992695579455316057, -9.150139654457298377 ) ) ;
#6955 = VECTOR ( 'NONE', #2253, 1000.000000000000000 ) ;
#6956 = DIRECTION ( 'NONE',  ( -0.9619363854055792418, 0.000000000000000000, 0.2732734718790853501 ) ) ;
#6957 = CARTESIAN_POINT ( 'NONE',  ( 3.238364770026658679, 1.867418461490408133, 9.461809159397539304 ) ) ;
#6958 = EDGE_CURVE ( 'NONE', #2010, #2215, #66, .T. ) ;
#6959 = FACE_OUTER_BOUND ( 'NONE', #648, .T. ) ;
#6960 = CARTESIAN_POINT ( 'NONE',  ( -1.830433831214388851, 8.000000000000000000, 1.554148821017839577 ) ) ;
#6961 = AXIS2_PLACEMENT_3D ( 'NONE', #1899, #1397, #4603 ) ;
#6962 = CARTESIAN_POINT ( 'NONE',  ( 2.394357833393300883, 0.000000000000000000, 0.1814307967061968563 ) ) ;
#6963 = CARTESIAN_POINT ( 'NONE',  ( 0.4961482701702015219, 2.183694385698054408, 9.857563765852082938 ) ) ;
#6964 = EDGE_CURVE ( 'NONE', #2010, #4431, #3749, .T. ) ;
#6965 = CARTESIAN_POINT ( 'NONE',  ( -0.6191899973696586290, 1.863884028547774463, -9.981455889014993588 ) ) ;
#6966 = ADVANCED_FACE ( 'NONE', ( #2222 ), #3365, .T. ) ;
#6967 = CARTESIAN_POINT ( 'NONE',  ( -0.1814307967061928317, 8.000000000000000000, -2.394357833393303991 ) ) ;
#6968 = EDGE_LOOP ( 'NONE', ( #3035, #1210, #6070, #5385 ) ) ;
#6969 = CIRCLE ( 'NONE', #129, 0.5000000000000004441 ) ;
#6970 = VERTEX_POINT ( 'NONE', #1147 ) ;
#6971 = AXIS2_PLACEMENT_3D ( 'NONE', #5996, #414, #1462 ) ;
#6972 = DIRECTION ( 'NONE',  ( 0.000000000000000000, 0.000000000000000000, 1.000000000000000000 ) ) ;
#6973 = CARTESIAN_POINT ( 'NONE',  ( -9.843376979806516047, 2.139858412045514857, 0.2045203784392339574 ) ) ;
#6974 = CARTESIAN_POINT ( 'NONE',  ( 9.138395661352950228, 9.500000000000000000, 2.596097982851489405 ) ) ;
#6975 = ORIENTED_EDGE ( 'NONE', *, *, #3451, .F. ) ;
#6976 = AXIS2_PLACEMENT_3D ( 'NONE', #4748, #6399, #4192 ) ;
#6977 = CARTESIAN_POINT ( 'NONE',  ( -9.439495114672165954, 2.343452233630472392, -3.030017723230745919 ) ) ;
#6978 = DIRECTION ( 'NONE',  ( -0.6617183646064965785, 0.000000000000000000, -0.7497524964563330174 ) ) ;
#6979 = VECTOR ( 'NONE', #782, 1000.000000000000000 ) ;
#6980 = ORIENTED_EDGE ( 'NONE', *, *, #6417, .T. ) ;
#6981 = CARTESIAN_POINT ( 'NONE',  ( 2.732734718791013595, 2.500000000000000444, -9.619363854055745122 ) ) ;
#6982 = CARTESIAN_POINT ( 'NONE',  ( 4.470479223992089857, 9.500000000000000000, 10.79269157286926628 ) ) ;
#6983 = CARTESIAN_POINT ( 'NONE',  ( 9.988306807122114606, 1.827366529454476307, -0.4991421271719879704 ) ) ;
#6984 = CARTESIAN_POINT ( 'NONE',  ( 2.981977766025553311, 2.424329480613470977, -9.463724233344530390 ) ) ;
#6985 = FACE_OUTER_BOUND ( 'NONE', #5598, .T. ) ;
#6986 = CARTESIAN_POINT ( 'NONE',  ( -3.313945104772927586, 2.183694385698089935, 9.297069126686295704 ) ) ;
#6987 = EDGE_CURVE ( 'NONE', #2376, #5258, #6883, .T. ) ;
#6988 = ORIENTED_EDGE ( 'NONE', *, *, #3750, .F. ) ;
#6989 = DIRECTION ( 'NONE',  ( 0.000000000000000000, 1.000000000000000000, 0.000000000000000000 ) ) ;
#6990 = CARTESIAN_POINT ( 'NONE',  ( -9.885393354405106692, 2.456298904871081934, -0.8789046617972881004 ) ) ;
#6991 = DIRECTION ( 'NONE',  ( 0.000000000000000000, 0.000000000000000000, 1.000000000000000000 ) ) ;
#6992 = EDGE_LOOP ( 'NONE', ( #5921, #6659, #720, #5433 ) ) ;
#6993 = ADVANCED_FACE ( 'NONE', ( #1179 ), #6713, .T. ) ;
#6994 = DIRECTION ( 'NONE',  ( -0.000000000000000000, -1.000000000000000000, 0.000000000000000000 ) ) ;
#6995 = DIRECTION ( 'NONE',  ( 0.000000000000000000, 1.000000000000000000, 0.000000000000000000 ) ) ;
#6996 = VECTOR ( 'NONE', #576, 1000.000000000000227 ) ;
#6997 = DIRECTION ( 'NONE',  ( -0.7497524964563387906, 0.000000000000000000, 0.6617183646064900282 ) ) ;
#6998 = DIRECTION ( 'NONE',  ( 0.000000000000000000, 0.000000000000000000, 1.000000000000000000 ) ) ;
#6999 =( BOUNDED_SURFACE ( )  B_SPLINE_SURFACE ( 3, 2, ( 
 ( #1593, #1464, #3684 ),
 ( #5429, #1529, #3751 ),
 ( #5963, #5898, #3212 ),
 ( #1020, #917, #2575 ),
 ( #4368, #378, #3139 ),
 ( #4266, #1559, #4888 ),
 ( #2687, #448, #4854 ),
 ( #6465, #2649, #7091 ),
 ( #2104, #3783, #3240 ),
 ( #5460, #484, #4918 ),
 ( #2242, #1736, #1161 ),
 ( #590, #3381, #3957 ),
 ( #4406, #81, #5064 ),
 ( #4517, #5634, #2872 ),
 ( #5601, #2205, #2835 ),
 ( #5102, #6607, #5565 ),
 ( #10, #694, #4991 ),
 ( #1771, #552, #6168 ) ),
 .UNSPECIFIED., .F., .F., .T. ) 
 B_SPLINE_SURFACE_WITH_KNOTS ( ( 4, 2, 2, 2, 2, 2, 2, 2, 4 ),
 ( 3, 3 ),
 ( -5.149960319306146062E-19, 0.0003645422052340781391, 0.0007290844104681568202, 0.001093626615702235393, 0.001458168820936314074, 0.001822711026170392538, 0.002187253231404471220, 0.002551795436638549901, 0.002916337641872628582 ),
 ( 0.000000000000000000, 1.000000000000000000 ),
 .UNSPECIFIED. ) 
 GEOMETRIC_REPRESENTATION_ITEM ( )  RATIONAL_B_SPLINE_SURFACE ( (
 ( 1.000000000000000000, 0.9595359398070238965, 1.000000000000000000),
 ( 1.000000000000000000, 0.9595833763009968820, 1.000000000000000000),
 ( 1.000000000000000000, 0.9570685609627013202, 1.000000000000000000),
 ( 1.000000000000000000, 0.9488880332095100956, 1.000000000000000000),
 ( 1.000000000000000000, 0.9432547151588550616, 1.000000000000000000),
 ( 1.000000000000000000, 0.9321826025349286837, 1.000000000000000000),
 ( 1.000000000000000000, 0.9268523530654906306, 1.000000000000000000),
 ( 1.000000000000000000, 0.9192073681285155562, 1.000000000000000000),
 ( 1.000000000000000000, 0.9170514797511101213, 1.000000000000000000),
 ( 1.000000000000000000, 0.9170288608893585325, 1.000000000000000000),
 ( 1.000000000000000000, 0.9192260099103702897, 1.000000000000000000),
 ( 1.000000000000000000, 0.9267996068666054521, 1.000000000000000000),
 ( 1.000000000000000000, 0.9321812854750293198, 1.000000000000000000),
 ( 1.000000000000000000, 0.9432160661325226236, 1.000000000000000000),
 ( 1.000000000000000000, 0.9488445939139655838, 1.000000000000000000),
 ( 1.000000000000000000, 0.9570263305979382906, 1.000000000000000000),
 ( 1.000000000000000000, 0.9595878455022838205, 1.000000000000000000),
 ( 1.000000000000000000, 0.9595359398070242296, 1.000000000000000000) ) ) 
 REPRESENTATION_ITEM ( '' )  SURFACE ( )  );
#7000 = CARTESIAN_POINT ( 'NONE',  ( 9.985235750618219441, 2.048970607329061444, 0.5565875801684295743 ) ) ;
#7001 = AXIS2_PLACEMENT_3D ( 'NONE', #857, #2108, #3278 ) ;
#7002 = EDGE_CURVE ( 'NONE', #5485, #4325, #1760, .T. ) ;
#7003 = ORIENTED_EDGE ( 'NONE', *, *, #5449, .F. ) ;
#7004 = CARTESIAN_POINT ( 'NONE',  ( 9.015711933060083894, 2.139924804626919475, 3.956182678658564100 ) ) ;
#7005 = CARTESIAN_POINT ( 'NONE',  ( -9.883052937361808787, 2.377840714399288125, -0.8470067704478423387 ) ) ;
#7006 = DIRECTION ( 'NONE',  ( 0.000000000000000000, 0.000000000000000000, 1.000000000000000000 ) ) ;
#7007 = EDGE_LOOP ( 'NONE', ( #3313, #2357 ) ) ;
#7008 = CIRCLE ( 'NONE', #4929, 2.499999999999999556 ) ;
#7009 = ADVANCED_FACE ( 'NONE', ( #322 ), #5297, .T. ) ;
#7010 = ORIENTED_EDGE ( 'NONE', *, *, #749, .T. ) ;
#7011 = CARTESIAN_POINT ( 'NONE',  ( 0.1253416906952663501, 1.768578062440354870, 9.999999999999996447 ) ) ;
#7012 = CARTESIAN_POINT ( 'NONE',  ( 9.026369566624447671, 2.134291405717181789, -3.924093166778580333 ) ) ;
#7013 = CARTESIAN_POINT ( 'NONE',  ( 3.721055137393895595, 1.986052934431281392, -9.282599226627542777 ) ) ;
#7014 = EDGE_LOOP ( 'NONE', ( #5954, #6613, #5249, #4601 ) ) ;
#7015 = DIRECTION ( 'NONE',  ( -1.000000000000000000, -1.734723475976807094E-15, 0.000000000000000000 ) ) ;
#7016 = DIRECTION ( 'NONE',  ( 0.000000000000000000, 1.000000000000000000, -0.000000000000000000 ) ) ;
#7017 = CARTESIAN_POINT ( 'NONE',  ( 1.554148821017837800, 0.000000000000000000, -1.830433831214387297 ) ) ;
#7018 = DIRECTION ( 'NONE',  ( 0.000000000000000000, 0.000000000000000000, 1.000000000000000000 ) ) ;
#7019 = DIRECTION ( 'NONE',  ( 0.000000000000000000, 0.000000000000000000, 1.000000000000000000 ) ) ;
#7020 = ORIENTED_EDGE ( 'NONE', *, *, #1395, .F. ) ;
#7021 = CARTESIAN_POINT ( 'NONE',  ( -2.596097982851333530, 10.00000000000000000, -9.138395661352994637 ) ) ;
#7022 = DIRECTION ( 'NONE',  ( 0.000000000000000000, 0.000000000000000000, 1.000000000000000000 ) ) ;
#7023 = DIRECTION ( 'NONE',  ( -0.000000000000000000, 1.000000000000000000, 0.000000000000000000 ) ) ;
#7024 = CIRCLE ( 'NONE', #6556, 10.00000000000000000 ) ;
#7025 = ORIENTED_EDGE ( 'NONE', *, *, #727, .F. ) ;
#7026 = CARTESIAN_POINT ( 'NONE',  ( -5.895594408747000692, 10.00000000000000000, -7.449293024680335051 ) ) ;
#7027 = EDGE_LOOP ( 'NONE', ( #591, #2874, #7059, #2679 ) ) ;
#7028 = DIRECTION ( 'NONE',  ( 0.000000000000000000, -1.000000000000000000, -0.000000000000000000 ) ) ;
#7029 = CARTESIAN_POINT ( 'NONE',  ( -9.885393354405104915, 9.500000000000000000, -0.8789046617972879893 ) ) ;
#7030 = DIRECTION ( 'NONE',  ( 0.000000000000000000, 1.000000000000000000, 0.000000000000000000 ) ) ;
#7031 = FACE_OUTER_BOUND ( 'NONE', #6081, .T. ) ;
#7032 = EDGE_LOOP ( 'NONE', ( #4497, #1157, #6240, #3228 ) ) ;
#7033 = ADVANCED_FACE ( 'NONE', ( #5800 ), #6410, .T. ) ;
#7034 = CARTESIAN_POINT ( 'NONE',  ( 9.964024948269875281, 1.981868317978698890, 0.8550121536354930996 ) ) ;
#7035 = CIRCLE ( 'NONE', #2045, 0.4999999999999996114 ) ;
#7036 = VERTEX_POINT ( 'NONE', #5332 ) ;
#7037 = DIRECTION ( 'NONE',  ( 0.000000000000000000, 0.000000000000000000, 1.000000000000000000 ) ) ;
#7038 = CARTESIAN_POINT ( 'NONE',  ( 9.619363854055736240, 2.371852820628066905, 2.732734718791040240 ) ) ;
#7039 = VECTOR ( 'NONE', #1757, 1000.000000000000000 ) ;
#7040 = ORIENTED_EDGE ( 'NONE', *, *, #6024, .F. ) ;
#7041 = B_SPLINE_CURVE_WITH_KNOTS ( 'NONE', 3,
 ( #1922, #5780, #3019, #2385, #1844, #2460, #3057, #5244, #267, #6900, #3603, #5276, #301, #2498, #6977, #2532, #337, #1998 ),
 .UNSPECIFIED., .F., .F.,
 ( 4, 2, 2, 2, 2, 2, 2, 2, 4 ),
 ( 0.000000000000000000, 0.0001297744646122140526, 0.0002595489292244281053, 0.0005190978584488520906, 0.001038195716897702013, 0.001557293575346552043, 0.001816842504570977384, 0.001946616969183189621, 0.002076391433795401423 ),
 .UNSPECIFIED. ) ;
#7042 = EDGE_CURVE ( 'NONE', #1493, #6156, #5875, .T. ) ;
#7043 = TOROIDAL_SURFACE ( 'NONE', #3909, 9.500000000000000000, 0.5000000000000000000 ) ;
#7044 = ORIENTED_EDGE ( 'NONE', *, *, #3502, .F. ) ;
#7045 = CARTESIAN_POINT ( 'NONE',  ( 6.667026640275466320, 2.048945620300758108, -7.454229574658343793 ) ) ;
#7046 = CARTESIAN_POINT ( 'NONE',  ( 4.511883185549089958, 2.127032157860325956, -8.925391867974630244 ) ) ;
#7047 = ORIENTED_EDGE ( 'NONE', *, *, #6471, .F. ) ;
#7048 = DIRECTION ( 'NONE',  ( 0.000000000000000000, 0.000000000000000000, -1.000000000000000000 ) ) ;
#7049 = DIRECTION ( 'NONE',  ( 0.000000000000000000, 0.000000000000000000, 1.000000000000000000 ) ) ;
#7050 = CIRCLE ( 'NONE', #1701, 2.000000000000000000 ) ;
#7051 = EDGE_CURVE ( 'NONE', #4494, #1751, #6378, .T. ) ;
#7052 = EDGE_CURVE ( 'NONE', #2371, #2302, #67, .T. ) ;
#7053 = CARTESIAN_POINT ( 'NONE',  ( -6.205888851312687748, 2.500000000000000444, 7.841361078610836088 ) ) ;
#7054 = DIRECTION ( 'NONE',  ( -0.2362740077746028344, 0.000000000000000000, 0.9716864685947452784 ) ) ;
#7055 = CARTESIAN_POINT ( 'NONE',  ( -9.190454985892356987, 1.768515498480522474, -3.943572702702306199 ) ) ;
#7056 = LINE ( 'NONE', #2075, #3329 ) ;
#7057 = CIRCLE ( 'NONE', #2526, 2.000000000000000000 ) ;
#7058 = CARTESIAN_POINT ( 'NONE',  ( 7.079631448005746286, 2.134291405717182233, 6.837592653503893558 ) ) ;
#7059 = ORIENTED_EDGE ( 'NONE', *, *, #1148, .T. ) ;
#7060 = CARTESIAN_POINT ( 'NONE',  ( -3.059262728102180695, 2.314666110110171537, 9.424708236607877154 ) ) ;
#7061 = CARTESIAN_POINT ( 'NONE',  ( 6.891745755504229187, 1.779448407880939387, 7.247002898594095299 ) ) ;
#7062 = DIRECTION ( 'NONE',  ( 0.000000000000000000, 1.000000000000000000, 0.000000000000000000 ) ) ;
#7063 = AXIS2_PLACEMENT_3D ( 'NONE', #6882, #1981, #1902 ) ;
#7064 = VERTEX_POINT ( 'NONE', #6342 ) ;
#7065 = DIRECTION ( 'NONE',  ( 0.000000000000000000, 0.000000000000000000, 1.000000000000000000 ) ) ;
#7066 = CIRCLE ( 'NONE', #3467, 0.4999999999999994449 ) ;
#7067 = ORIENTED_EDGE ( 'NONE', *, *, #2458, .F. ) ;
#7068 = DIRECTION ( 'NONE',  ( 0.000000000000000000, -1.000000000000000000, 0.000000000000000000 ) ) ;
#7069 = CARTESIAN_POINT ( 'NONE',  ( -9.932905682471183439, 2.371852820628066905, 1.156453502364772845 ) ) ;
#7070 = CYLINDRICAL_SURFACE ( 'NONE', #4302, 2.000000000000000000 ) ;
#7071 = B_SPLINE_CURVE_WITH_KNOTS ( 'NONE', 3,
 ( #7079, #939, #6936, #2529, #6524, #5886, #4738, #4219, #866, #5418, #6423, #369, #2567, #1453, #3673, #905, #436, #3128 ),
 .UNSPECIFIED., .F., .F.,
 ( 4, 2, 2, 2, 2, 2, 2, 2, 4 ),
 ( 8.673617379884035472E-19, 0.0003765522689820478938, 0.0007531045379640949203, 0.001129656806946142001, 0.001506209075928188973, 0.001882761344910235946, 0.002259313613892283135, 0.002635865882874329890, 0.003012418151856377079 ),
 .UNSPECIFIED. ) ;
#7072 = DIRECTION ( 'NONE',  ( 0.000000000000000000, -1.000000000000000000, 0.000000000000000000 ) ) ;
#7073 = ORIENTED_EDGE ( 'NONE', *, *, #4375, .T. ) ;
#7074 = CARTESIAN_POINT ( 'NONE',  ( 9.953906951267407877, 2.321832774718840753, 0.9711828485915512399 ) ) ;
#7075 = VECTOR ( 'NONE', #4163, 1000.000000000000000 ) ;
#7076 = ORIENTED_EDGE ( 'NONE', *, *, #5580, .T. ) ;
#7077 = CARTESIAN_POINT ( 'NONE',  ( 0.000000000000000000, 10.00000000000000000, 0.000000000000000000 ) ) ;
#7078 = ADVANCED_FACE ( 'NONE', ( #4210 ), #3305, .F. ) ;
#7079 = CARTESIAN_POINT ( 'NONE',  ( -9.619363854055755780, 2.500000000000000444, -2.732734718790979844 ) ) ;
#7080 = ORIENTED_EDGE ( 'NONE', *, *, #2743, .T. ) ;
#7081 = TOROIDAL_SURFACE ( 'NONE', #4190, 1.500000000000000000, 0.5000000000000000000 ) ;
#7082 = AXIS2_PLACEMENT_3D ( 'NONE', #3533, #807, #3026 ) ;
#7083 = CARTESIAN_POINT ( 'NONE',  ( 7.505705356597107247, 2.279592747210299031, -6.459614026961955524 ) ) ;
#7084 = EDGE_CURVE ( 'NONE', #6092, #990, #1788, .T. ) ;
#7085 = CARTESIAN_POINT ( 'NONE',  ( -4.470479223992169793, 10.00000000000000000, -10.79269157286923075 ) ) ;
#7086 = AXIS2_PLACEMENT_3D ( 'NONE', #862, #3196, #3736 ) ;
#7087 = EDGE_LOOP ( 'NONE', ( #2590, #2684, #566, #6649 ) ) ;
#7088 = CARTESIAN_POINT ( 'NONE',  ( -5.895594408747051318, 10.00000000000000000, 7.449293024680295972 ) ) ;
#7089 = CIRCLE ( 'NONE', #3949, 0.4999999999999996669 ) ;
#7090 = CARTESIAN_POINT ( 'NONE',  ( -0.8789046617972521291, 9.500000000000000000, -9.885393354405108468 ) ) ;
#7091 = CARTESIAN_POINT ( 'NONE',  ( 7.249794653336832262, 1.779716818039812853, 6.888859623417218359 ) ) ;
#7092 = CARTESIAN_POINT ( 'NONE',  ( -2.596097982851333086, 9.500000000000000000, -9.138395661352994637 ) ) ;
#7093 = AXIS2_PLACEMENT_3D ( 'NONE', #6595, #69, #6020 ) ;
#7094 = CARTESIAN_POINT ( 'NONE',  ( -8.796570336523391376, 2.438027874578143184, -4.594978259367369589 ) ) ;
#7095 = DIRECTION ( 'NONE',  ( -0.6472324890273797315, 0.000000000000000000, 0.7622926637108760062 ) ) ;
#7096 = EDGE_CURVE ( 'NONE', #3025, #3332, #4593, .T. ) ;
#7097 = CARTESIAN_POINT ( 'NONE',  ( -2.221104420305841654, 0.000000000000000000, -0.9124482025973593702 ) ) ;
#7098 = ADVANCED_FACE ( 'NONE', ( #6016 ), #1575, .T. ) ;
#7099 = ORIENTED_EDGE ( 'NONE', *, *, #4223, .T. ) ;
#7100 = CARTESIAN_POINT ( 'NONE',  ( -2.043718524445536477, 0.000000000000000000, -1.260587625341246021 ) ) ;
#7101 = CARTESIAN_POINT ( 'NONE',  ( 4.470479223992089857, 2.500000000000000444, 10.79269157286926628 ) ) ;
#7102 = CARTESIAN_POINT ( 'NONE',  ( 8.260368511126632285, 10.00000000000000000, 8.260368511126834790 ) ) ;
#7103 = CARTESIAN_POINT ( 'NONE',  ( 4.283506727573399786, 1.827366529454477195, 9.036978801079108337 ) ) ;
#7104 = EDGE_CURVE ( 'NONE', #673, #5199, #185, .T. ) ;
#7105 = VERTEX_POINT ( 'NONE', #6482 ) ;
#7106 = LINE ( 'NONE', #6448, #2412 ) ;
#7107 = DIRECTION ( 'NONE',  ( -0.000000000000000000, -1.000000000000000000, -0.000000000000000000 ) ) ;
#7108 = LINE ( 'NONE', #3192, #5809 ) ;
#7109 = LINE ( 'NONE', #6967, #5631 ) ;
#7110 = VECTOR ( 'NONE', #4011, 1000.000000000000000 ) ;
#7111 = LINE ( 'NONE', #6152, #6404 ) ;
#7112 = ORIENTED_EDGE ( 'NONE', *, *, #955, .F. ) ;
#7113 = CIRCLE ( 'NONE', #3973, 0.5000000000000004441 ) ;
#7114 = DIRECTION ( 'NONE',  ( 0.06224953160691333587, 0.000000000000000000, -0.9980606173047406049 ) ) ;
#7115 = ORIENTED_EDGE ( 'NONE', *, *, #213, .F. ) ;
#7116 = CARTESIAN_POINT ( 'NONE',  ( 0.000000000000000000, -4.000000000000000000, 0.000000000000000000 ) ) ;
#7117 = ORIENTED_EDGE ( 'NONE', *, *, #163, .T. ) ;
#7118 = VECTOR ( 'NONE', #2313, 1000.000000000000000 ) ;
#7119 = EDGE_CURVE ( 'NONE', #5077, #4044, #2254, .T. ) ;
#7120 = VERTEX_POINT ( 'NONE', #1036 ) ;
#7121 = DIRECTION ( 'NONE',  ( 0.000000000000000000, 0.000000000000000000, 1.000000000000000000 ) ) ;
#7122 = CARTESIAN_POINT ( 'NONE',  ( 6.320945513048101816, 2.410376625841593512, -7.750301776587024349 ) ) ;
#7123 = CIRCLE ( 'NONE', #3869, 7.543744331762958666 ) ;
#7124 = CARTESIAN_POINT ( 'NONE',  ( 9.138395661352950228, 2.500000000000000444, 2.596097982851491182 ) ) ;
#7125 = VERTEX_POINT ( 'NONE', #6553 ) ;
#7126 = DIRECTION ( 'NONE',  ( 0.000000000000000000, 1.000000000000000000, 0.000000000000000000 ) ) ;
#7127 = CARTESIAN_POINT ( 'NONE',  ( -4.470479223992246176, 10.00001200000000168, 10.79269157286920411 ) ) ;
#7128 = AXIS2_PLACEMENT_3D ( 'NONE', #4182, #3637, #405 ) ;
#7129 = EDGE_CURVE ( 'NONE', #2811, #65, #5301, .T. ) ;
#7130 = DIRECTION ( 'NONE',  ( -0.7622926637108775605, 0.000000000000000000, -0.6472324890273779552 ) ) ;
#7131 = AXIS2_PLACEMENT_3D ( 'NONE', #1131, #5034, #4486 ) ;
#7132 = CARTESIAN_POINT ( 'NONE',  ( -8.734252684022067115, 2.376055744299570449, -4.869582122898566290 ) ) ;
#7133 = CARTESIAN_POINT ( 'NONE',  ( -4.869582122898481913, 2.376055744299586436, 8.734252684022115076 ) ) ;
#7134 = CARTESIAN_POINT ( 'NONE',  ( 4.626103053009545718, 9.500000000000000000, -8.297540029607313627 ) ) ;
#7135 = ORIENTED_EDGE ( 'NONE', *, *, #901, .F. ) ;
#7136 = CARTESIAN_POINT ( 'NONE',  ( -3.154773929212183248, 2.242561475665997506, 9.376460923696708250 ) ) ;
#7137 = CARTESIAN_POINT ( 'NONE',  ( -9.878046053678071203, 2.314916786199594956, -0.7805779098895204715 ) ) ;
#7138 = CARTESIAN_POINT ( 'NONE',  ( 2.873880030200147928, 2.500000000000000888, 9.579266327989124363 ) ) ;
#7139 = ADVANCED_FACE ( 'NONE', ( #7031 ), #5376, .T. ) ;
#7140 = LINE ( 'NONE', #4963, #7174 ) ;
#7141 = VECTOR ( 'NONE', #1744, 1000.000000000000000 ) ;
#7142 = VERTEX_POINT ( 'NONE', #3734 ) ;
#7143 = CARTESIAN_POINT ( 'NONE',  ( 2.221104420305847427, 0.000000000000000000, -0.9124482025973561505 ) ) ;
#7144 = CARTESIAN_POINT ( 'NONE',  ( 0.000000000000000000, 0.000000000000000000, 0.000000000000000000 ) ) ;
#7145 = ADVANCED_FACE ( 'NONE', ( #5948 ), #967, .T. ) ;
#7146 = FACE_OUTER_BOUND ( 'NONE', #6876, .T. ) ;
#7147 = ORIENTED_EDGE ( 'NONE', *, *, #4030, .T. ) ;
#7148 = DIRECTION ( 'NONE',  ( 0.7622926637108775605, 0.000000000000000000, 0.6472324890273779552 ) ) ;
#7149 = DIRECTION ( 'NONE',  ( 0.000000000000000000, 0.000000000000000000, 1.000000000000000000 ) ) ;
#7150 = ORIENTED_EDGE ( 'NONE', *, *, #747, .F. ) ;
#7151 = CIRCLE ( 'NONE', #889, 0.5000000000000002220 ) ;
#7152 = ORIENTED_EDGE ( 'NONE', *, *, #5442, .F. ) ;
#7153 = CARTESIAN_POINT ( 'NONE',  ( -9.461809159397537528, 1.867418461490289117, 3.238364770026650685 ) ) ;
#7154 = CARTESIAN_POINT ( 'NONE',  ( 6.205888851312739263, 2.500000000000000444, -7.841361078610794344 ) ) ;
#7155 = AXIS2_PLACEMENT_3D ( 'NONE', #6698, #6153, #2298 ) ;
#7156 = CARTESIAN_POINT ( 'NONE',  ( 4.741424089088143390, 2.409665417632387285, -8.805704254426999000 ) ) ;
#7157 = VERTEX_POINT ( 'NONE', #5441 ) ;
#7158 = CARTESIAN_POINT ( 'NONE',  ( -0.9124482025973559285, 8.000000000000000000, -2.221104420305847427 ) ) ;
#7159 = LINE ( 'NONE', #6606, #661 ) ;
#7160 = VECTOR ( 'NONE', #5899, 1000.000000000000000 ) ;
#7161 = CARTESIAN_POINT ( 'NONE',  ( -7.841361078610859181, 2.500000000000000000, 6.205888851312659327 ) ) ;
#7162 = CARTESIAN_POINT ( 'NONE',  ( -9.461831679522390459, 1.867388762198075147, -3.238311324277282743 ) ) ;
#7163 = CARTESIAN_POINT ( 'NONE',  ( -4.511883185549129038, 2.127032157860275774, 8.925391867974868276 ) ) ;
#7164 = CARTESIAN_POINT ( 'NONE',  ( -7.421242497277431127, 1.829430187479181180, -6.703810052746328907 ) ) ;
#7165 = VERTEX_POINT ( 'NONE', #897 ) ;
#7166 = EDGE_CURVE ( 'NONE', #5485, #4485, #4249, .T. ) ;
#7167 = DIRECTION ( 'NONE',  ( -0.000000000000000000, 1.000000000000000000, 0.000000000000000000 ) ) ;
#7168 = FACE_OUTER_BOUND ( 'NONE', #4982, .T. ) ;
#7169 = CIRCLE ( 'NONE', #4034, 0.5000000000000004441 ) ;
#7170 = ORIENTED_EDGE ( 'NONE', *, *, #5414, .F. ) ;
#7171 = CARTESIAN_POINT ( 'NONE',  ( 4.399397064220046616, 2.242561475665997506, 8.860921141133143664 ) ) ;
#7172 = EDGE_CURVE ( 'NONE', #2634, #5890, #2368, .T. ) ;
#7173 = CYLINDRICAL_SURFACE ( 'NONE', #6393, 0.5000000000000000000 ) ;
#7174 = VECTOR ( 'NONE', #2046, 1000.000000000000000 ) ;
#7175 = FACE_OUTER_BOUND ( 'NONE', #5271, .T. ) ;
#7176 = CARTESIAN_POINT ( 'NONE',  ( 0.9124482025973564836, 8.000000000000000000, 2.221104420305848315 ) ) ;
#7177 = CIRCLE ( 'NONE', #1031, 2.000000000000000000 ) ;
#7178 = FACE_OUTER_BOUND ( 'NONE', #2801, .T. ) ;
#7179 = EDGE_CURVE ( 'NONE', #834, #4224, #4872, .T. ) ;
#7180 = DIRECTION ( 'NONE',  ( 0.000000000000000000, 0.000000000000000000, 1.000000000000000000 ) ) ;
#7181 = EDGE_CURVE ( 'NONE', #4945, #1762, #7109, .T. ) ;
#7182 = TOROIDAL_SURFACE ( 'NONE', #3015, 2.500000000000000000, 0.5000000000000000000 ) ;
#7183 = EDGE_LOOP ( 'NONE', ( #280, #1517, #1726, #1550 ) ) ;
#7184 = ORIENTED_EDGE ( 'NONE', *, *, #7002, .F. ) ;
ENDSEC;
END-ISO-10303-21;
