ISO-10303-21;
HEADER;
FILE_DESCRIPTION (( 'STEP AP214' ),
    '1' );
FILE_NAME ('top.STEP',
    '2026-08-05T20:03:51',
    ( '' ),
    ( '' ),
    'SwSTEP 2.0',
    'SolidWorks 2023',
    '' );
FILE_SCHEMA (( 'AUTOMOTIVE_DESIGN' ));
ENDSEC;

DATA;
#1 = FACE_OUTER_BOUND ( 'NONE', #640, .T. ) ;
#2 = CARTESIAN_POINT ( 'NONE',  ( -44.75000000000001421, 5.000000000000000000, 12.75000000000000178 ) ) ;
#3 = DIRECTION ( 'NONE',  ( -0.000000000000000000, 1.000000000000000000, -0.000000000000000000 ) ) ;
#4 = FACE_OUTER_BOUND ( 'NONE', #1956, .T. ) ;
#5 = ORIENTED_EDGE ( 'NONE', *, *, #8, .T. ) ;
#6 = ORIENTED_EDGE ( 'NONE', *, *, #404, .T. ) ;
#7 = ORIENTED_EDGE ( 'NONE', *, *, #290, .F. ) ;
#8 = EDGE_CURVE ( 'NONE', #668, #511, #1489, .T. ) ;
#9 = DIRECTION ( 'NONE',  ( 0.000000000000000000, 0.000000000000000000, 1.000000000000000000 ) ) ;
#10 = LINE ( 'NONE', #1882, #1806 ) ;
#11 = DIRECTION ( 'NONE',  ( -0.000000000000000000, -1.000000000000000000, -0.000000000000000000 ) ) ;
#12 =( GEOMETRIC_REPRESENTATION_CONTEXT ( 3 ) GLOBAL_UNCERTAINTY_ASSIGNED_CONTEXT ( ( #1826 ) ) GLOBAL_UNIT_ASSIGNED_CONTEXT ( ( #1987, #579, #1994 ) ) REPRESENTATION_CONTEXT ( 'NONE', 'WORKASPACE' ) );
#13 = AXIS2_PLACEMENT_3D ( 'NONE', #1970, #145, #1232 ) ;
#14 = LINE ( 'NONE', #646, #1699 ) ;
#15 = DIRECTION ( 'NONE',  ( 0.000000000000000000, 1.000000000000000000, -0.000000000000000000 ) ) ;
#16 = EDGE_CURVE ( 'NONE', #1588, #1791, #1968, .T. ) ;
#17 = VECTOR ( 'NONE', #1173, 1000.000000000000000 ) ;
#18 = ORIENTED_EDGE ( 'NONE', *, *, #1741, .T. ) ;
#19 = ORIENTED_EDGE ( 'NONE', *, *, #1023, .F. ) ;
#20 = DIRECTION ( 'NONE',  ( 0.000000000000000000, 0.000000000000000000, -1.000000000000000000 ) ) ;
#21 = CARTESIAN_POINT ( 'NONE',  ( 3.450000000000010392, 6.000000000000000000, 7.899999999999999467 ) ) ;
#22 = DIRECTION ( 'NONE',  ( 0.000000000000000000, 1.000000000000000000, 0.000000000000000000 ) ) ;
#23 = CARTESIAN_POINT ( 'NONE',  ( 17.65000000000001279, 6.000000000000000000, 0.000000000000000000 ) ) ;
#24 = VECTOR ( 'NONE', #1259, 1000.000000000000000 ) ;
#25 = LINE ( 'NONE', #667, #1122 ) ;
#26 = ORIENTED_EDGE ( 'NONE', *, *, #595, .F. ) ;
#27 = VECTOR ( 'NONE', #931, 1000.000000000000000 ) ;
#28 = VERTEX_POINT ( 'NONE', #89 ) ;
#29 = DIRECTION ( 'NONE',  ( 0.000000000000000000, 0.000000000000000000, -1.000000000000000000 ) ) ;
#30 = CARTESIAN_POINT ( 'NONE',  ( 3.450000000000012612, 3.000000000000000000, -4.214645064873243427E-16 ) ) ;
#31 = DIRECTION ( 'NONE',  ( -1.000000000000000000, 0.000000000000000000, -0.000000000000000000 ) ) ;
#32 = AXIS2_PLACEMENT_3D ( 'NONE', #659, #1138, #1725 ) ;
#33 = FACE_OUTER_BOUND ( 'NONE', #1041, .T. ) ;
#34 = FACE_BOUND ( 'NONE', #1992, .T. ) ;
#35 = ORIENTED_EDGE ( 'NONE', *, *, #955, .F. ) ;
#36 = ORIENTED_EDGE ( 'NONE', *, *, #1919, .F. ) ;
#37 = LINE ( 'NONE', #670, #1428 ) ;
#38 = EDGE_CURVE ( 'NONE', #2005, #418, #264, .T. ) ;
#39 = CARTESIAN_POINT ( 'NONE',  ( 3.450000000000013500, 3.000000000000000000, 7.099999999999997868 ) ) ;
#40 = CARTESIAN_POINT ( 'NONE',  ( 41.80000000000000426, 0.000000000000000000, -10.05000000000000071 ) ) ;
#41 = EDGE_CURVE ( 'NONE', #1252, #293, #1543, .T. ) ;
#42 = CYLINDRICAL_SURFACE ( 'NONE', #230, 3.649999999999998135 ) ;
#43 = DIRECTION ( 'NONE',  ( -0.000000000000000000, -1.000000000000000000, -0.000000000000000000 ) ) ;
#44 = VERTEX_POINT ( 'NONE', #1314 ) ;
#45 = ORIENTED_EDGE ( 'NONE', *, *, #1958, .F. ) ;
#46 = ADVANCED_FACE ( 'NONE', ( #1157 ), #1988, .T. ) ;
#47 = APPLICATION_CONTEXT ( 'automotive_design' ) ;
#48 = DIRECTION ( 'NONE',  ( -1.000000000000000000, -0.000000000000000000, -0.000000000000000000 ) ) ;
#49 = AXIS2_PLACEMENT_3D ( 'NONE', #105, #1504, #1347 ) ;
#50 = LINE ( 'NONE', #680, #817 ) ;
#51 = DIRECTION ( 'NONE',  ( 0.000000000000000000, 1.000000000000000000, -0.000000000000000000 ) ) ;
#52 = DIRECTION ( 'NONE',  ( 0.000000000000000000, 0.000000000000000000, -1.000000000000000000 ) ) ;
#53 = DIRECTION ( 'NONE',  ( -1.000000000000000000, 0.000000000000000000, 0.000000000000000000 ) ) ;
#54 = AXIS2_PLACEMENT_3D ( 'NONE', #1858, #22, #191 ) ;
#55 = ORIENTED_EDGE ( 'NONE', *, *, #1929, .T. ) ;
#56 = ORIENTED_EDGE ( 'NONE', *, *, #65, .F. ) ;
#57 = EDGE_CURVE ( 'NONE', #594, #327, #1519, .T. ) ;
#59 = ORIENTED_EDGE ( 'NONE', *, *, #827, .F. ) ;
#58 = CIRCLE ( 'NONE', #1443, 2.049999999999992717 ) ;
#60 = PLANE ( 'NONE',  #1492 ) ;
#61 = FACE_BOUND ( 'NONE', #287, .T. ) ;
#62 = DIRECTION ( 'NONE',  ( -0.000000000000000000, -1.000000000000000000, -0.000000000000000000 ) ) ;
#63 = CARTESIAN_POINT ( 'NONE',  ( 44.75000000000001421, 0.000000000000000000, -12.75000000000000178 ) ) ;
#64 = DIRECTION ( 'NONE',  ( 0.000000000000000000, 1.000000000000000000, -0.000000000000000000 ) ) ;
#65 = EDGE_CURVE ( 'NONE', #758, #1533, #1971, .T. ) ;
#66 = ORIENTED_EDGE ( 'NONE', *, *, #442, .T. ) ;
#67 = EDGE_LOOP ( 'NONE', ( #853, #812, #1626, #148, #460, #731, #1909, #1302 ) ) ;
#68 = ADVANCED_FACE ( 'NONE', ( #1231 ), #934, .F. ) ;
#69 = AXIS2_PLACEMENT_3D ( 'NONE', #2, #11, #1288 ) ;
#70 = LINE ( 'NONE', #1771, #607 ) ;
#71 = EDGE_CURVE ( 'NONE', #1129, #1525, #726, .T. ) ;
#72 = AXIS2_PLACEMENT_3D ( 'NONE', #1413, #323, #1583 ) ;
#73 = CARTESIAN_POINT ( 'NONE',  ( -1.301042606982605715E-15, 3.000000000000000000, -7.100000000000002309 ) ) ;
#74 = DIRECTION ( 'NONE',  ( 0.000000000000000000, 0.000000000000000000, 1.000000000000000000 ) ) ;
#75 = EDGE_CURVE ( 'NONE', #639, #1696, #756, .T. ) ;
#76 = FACE_OUTER_BOUND ( 'NONE', #1896, .T. ) ;
#77 = DIRECTION ( 'NONE',  ( 0.000000000000000000, 0.000000000000000000, 1.000000000000000000 ) ) ;
#78 = VERTEX_POINT ( 'NONE', #1682 ) ;
#79 = ORIENTED_EDGE ( 'NONE', *, *, #682, .T. ) ;
#80 = EDGE_CURVE ( 'NONE', #147, #1050, #111, .T. ) ;
#81 = ORIENTED_EDGE ( 'NONE', *, *, #1510, .T. ) ;
#82 = LINE ( 'NONE', #704, #1381 ) ;
#83 = AXIS2_PLACEMENT_3D ( 'NONE', #222, #1132, #825 ) ;
#84 = DIRECTION ( 'NONE',  ( 0.000000000000000000, 1.000000000000000000, 0.000000000000000000 ) ) ;
#85 = DIRECTION ( 'NONE',  ( -0.000000000000000000, 1.000000000000000000, -0.000000000000000000 ) ) ;
#86 = VERTEX_POINT ( 'NONE', #1852 ) ;
#87 = DIRECTION ( 'NONE',  ( 0.000000000000000000, 0.000000000000000000, -1.000000000000000000 ) ) ;
#88 = DIRECTION ( 'NONE',  ( 0.000000000000000000, 0.000000000000000000, -1.000000000000000000 ) ) ;
#89 = CARTESIAN_POINT ( 'NONE',  ( 38.80000000000001847, 3.000000000000000000, 7.099999999999996092 ) ) ;
#90 = ORIENTED_EDGE ( 'NONE', *, *, #1353, .F. ) ;
#91 = PLANE ( 'NONE',  #768 ) ;
#92 = AXIS2_PLACEMENT_3D ( 'NONE', #500, #787, #658 ) ;
#93 = EDGE_LOOP ( 'NONE', ( #1377, #569, #1523, #26 ) ) ;
#94 = VECTOR ( 'NONE', #1287, 1000.000000000000000 ) ;
#95 = PLANE ( 'NONE',  #1897 ) ;
#96 = ORIENTED_EDGE ( 'NONE', *, *, #1262, .F. ) ;
#97 = DIRECTION ( 'NONE',  ( 1.000000000000000000, 0.000000000000000000, -6.108181253439463631E-17 ) ) ;
#98 = LINE ( 'NONE', #1787, #2039 ) ;
#99 = ADVANCED_FACE ( 'NONE', ( #891 ), #736, .F. ) ;
#100 = ORIENTED_EDGE ( 'NONE', *, *, #834, .T. ) ;
#101 = VERTEX_POINT ( 'NONE', #1211 ) ;
#102 = CIRCLE ( 'NONE', #1250, 5.050000000000004263 ) ;
#103 = VERTEX_POINT ( 'NONE', #278 ) ;
#104 = CARTESIAN_POINT ( 'NONE',  ( 0.000000000000000000, 0.000000000000000000, 0.000000000000000000 ) ) ;
#105 = CARTESIAN_POINT ( 'NONE',  ( -44.75000000000001421, 6.000000000000000000, 12.75000000000000178 ) ) ;
#106 = EDGE_CURVE ( 'NONE', #583, #1007, #580, .T. ) ;
#107 = AXIS2_PLACEMENT_3D ( 'NONE', #1258, #654, #507 ) ;
#108 = EDGE_LOOP ( 'NONE', ( #1079, #1668, #581, #1813 ) ) ;
#109 = CARTESIAN_POINT ( 'NONE',  ( -37.67499999999999716, 5.000000000000000000, 0.000000000000000000 ) ) ;
#110 = CARTESIAN_POINT ( 'NONE',  ( 44.75000000000001421, 6.000000000000000000, 12.75000000000000178 ) ) ;
#111 = LINE ( 'NONE', #602, #584 ) ;
#112 = ORIENTED_EDGE ( 'NONE', *, *, #1902, .F. ) ;
#113 = ORIENTED_EDGE ( 'NONE', *, *, #57, .T. ) ;
#114 = VECTOR ( 'NONE', #410, 1000.000000000000000 ) ;
#115 = DIRECTION ( 'NONE',  ( 0.000000000000000000, 0.000000000000000000, -1.000000000000000000 ) ) ;
#116 = DIRECTION ( 'NONE',  ( -0.000000000000000000, -1.000000000000000000, -0.000000000000000000 ) ) ;
#117 = CIRCLE ( 'NONE', #610, 8.925000000000000711 ) ;
#118 = ORIENTED_EDGE ( 'NONE', *, *, #1136, .F. ) ;
#119 = FACE_BOUND ( 'NONE', #219, .T. ) ;
#120 = PLANE ( 'NONE',  #993 ) ;
#121 = DIRECTION ( 'NONE',  ( -0.000000000000000000, -1.000000000000000000, -0.000000000000000000 ) ) ;
#122 = EDGE_LOOP ( 'NONE', ( #157, #1028, #1429, #461 ) ) ;
#123 = ORIENTED_EDGE ( 'NONE', *, *, #1936, .T. ) ;
#124 = ORIENTED_EDGE ( 'NONE', *, *, #80, .F. ) ;
#125 = LINE ( 'NONE', #567, #345 ) ;
#126 = PRODUCT_CONTEXT ( 'NONE', #786, 'mechanical' ) ;
#127 = VECTOR ( 'NONE', #1202, 1000.000000000000000 ) ;
#128 = ORIENTED_EDGE ( 'NONE', *, *, #1371, .F. ) ;
#129 = PLANE ( 'NONE',  #950 ) ;
#130 = AXIS2_PLACEMENT_3D ( 'NONE', #2032, #313, #1915 ) ;
#131 = LINE ( 'NONE', #1064, #1463 ) ;
#132 = DIRECTION ( 'NONE',  ( -0.000000000000000000, -1.000000000000000000, -0.000000000000000000 ) ) ;
#133 = EDGE_LOOP ( 'NONE', ( #713, #629, #271, #921 ) ) ;
#134 = EDGE_CURVE ( 'NONE', #1057, #1703, #2014, .T. ) ;
#135 = EDGE_CURVE ( 'NONE', #1350, #1242, #1048, .T. ) ;
#136 = ORIENTED_EDGE ( 'NONE', *, *, #682, .F. ) ;
#137 = VECTOR ( 'NONE', #1436, 1000.000000000000000 ) ;
#138 = CARTESIAN_POINT ( 'NONE',  ( -44.75000000000001421, 0.000000000000000000, -12.75000000000000178 ) ) ;
#139 = CARTESIAN_POINT ( 'NONE',  ( 0.000000000000000000, 0.000000000000000000, 0.000000000000000000 ) ) ;
#140 = CARTESIAN_POINT ( 'NONE',  ( -17.69999999999999218, 4.799999999999998934, 7.900000000000000355 ) ) ;
#141 = DIRECTION ( 'NONE',  ( -1.000000000000000000, 0.000000000000000000, -0.000000000000000000 ) ) ;
#142 = EDGE_CURVE ( 'NONE', #676, #1615, #1544, .T. ) ;
#143 = VECTOR ( 'NONE', #1277, 1000.000000000000000 ) ;
#144 = DIRECTION ( 'NONE',  ( 0.000000000000000000, 0.000000000000000000, -1.000000000000000000 ) ) ;
#145 = DIRECTION ( 'NONE',  ( 0.000000000000000000, 1.000000000000000000, 0.000000000000000000 ) ) ;
#146 = VERTEX_POINT ( 'NONE', #1074 ) ;
#147 = VERTEX_POINT ( 'NONE', #919 ) ;
#148 = ORIENTED_EDGE ( 'NONE', *, *, #1902, .T. ) ;
#149 = AXIS2_PLACEMENT_3D ( 'NONE', #2023, #285, #745 ) ;
#150 = DIRECTION ( 'NONE',  ( 0.000000000000000000, 0.000000000000000000, -1.000000000000000000 ) ) ;
#151 = CARTESIAN_POINT ( 'NONE',  ( 49.80000000000001847, 5.000000000000000000, -12.75000000000000178 ) ) ;
#152 = CARTESIAN_POINT ( 'NONE',  ( -44.75000000000001421, 0.000000000000000000, -11.45000000000000639 ) ) ;
#153 = ADVANCED_FACE ( 'NONE', ( #900 ), #437, .T. ) ;
#154 = CYLINDRICAL_SURFACE ( 'NONE', #655, 1.299999999999993827 ) ;
#155 = DIRECTION ( 'NONE',  ( 0.000000000000000000, 0.000000000000000000, 1.000000000000000000 ) ) ;
#156 = VECTOR ( 'NONE', #2000, 1000.000000000000000 ) ;
#157 = ORIENTED_EDGE ( 'NONE', *, *, #342, .F. ) ;
#158 = VERTEX_POINT ( 'NONE', #1873 ) ;
#159 = VERTEX_POINT ( 'NONE', #417 ) ;
#160 = DIRECTION ( 'NONE',  ( -0.000000000000000000, -1.000000000000000000, -0.000000000000000000 ) ) ;
#161 = LINE ( 'NONE', #1276, #751 ) ;
#162 = CARTESIAN_POINT ( 'NONE',  ( -44.75000000000001421, 5.000000000000000000, -11.45000000000000639 ) ) ;
#163 = VECTOR ( 'NONE', #315, 1000.000000000000000 ) ;
#164 = AXIS2_PLACEMENT_3D ( 'NONE', #1938, #1622, #847 ) ;
#165 = DIRECTION ( 'NONE',  ( 0.000000000000000000, 0.000000000000000000, -1.000000000000000000 ) ) ;
#166 = CARTESIAN_POINT ( 'NONE',  ( 44.75000000000001421, 4.000000000000000000, -12.75000000000000178 ) ) ;
#167 = ADVANCED_FACE ( 'NONE', ( #1673 ), #1691, .T. ) ;
#168 = ORIENTED_EDGE ( 'NONE', *, *, #1325, .F. ) ;
#169 = ORIENTED_EDGE ( 'NONE', *, *, #738, .F. ) ;
#170 = ORIENTED_EDGE ( 'NONE', *, *, #1317, .T. ) ;
#171 = CARTESIAN_POINT ( 'NONE',  ( -37.67499999999999716, 5.000000000000000000, 8.925000000000000711 ) ) ;
#172 = VECTOR ( 'NONE', #326, 1000.000000000000000 ) ;
#173 = DIRECTION ( 'NONE',  ( 1.832454376031838720E-16, -0.000000000000000000, 1.000000000000000000 ) ) ;
#174 = FACE_OUTER_BOUND ( 'NONE', #1103, .T. ) ;
#175 = ADVANCED_FACE ( 'NONE', ( #614, #1240 ), #270, .T. ) ;
#176 = LINE ( 'NONE', #1435, #1736 ) ;
#177 = LINE ( 'NONE', #1290, #1055 ) ;
#178 = EDGE_LOOP ( 'NONE', ( #2027, #648, #475, #563 ) ) ;
#179 = ORIENTED_EDGE ( 'NONE', *, *, #372, .T. ) ;
#180 = CYLINDRICAL_SURFACE ( 'NONE', #185, 3.649999999999998135 ) ;
#181 = CARTESIAN_POINT ( 'NONE',  ( -44.75000000000001421, 4.000000000000000000, 14.04999999999999538 ) ) ;
#182 = DIRECTION ( 'NONE',  ( 0.000000000000000000, 0.000000000000000000, 1.000000000000000000 ) ) ;
#183 = CARTESIAN_POINT ( 'NONE',  ( 0.000000000000000000, 4.799999999999999822, 0.000000000000000000 ) ) ;
#184 = CARTESIAN_POINT ( 'NONE',  ( 41.80000000000000426, 5.000000000000000000, 10.05000000000000071 ) ) ;
#185 = AXIS2_PLACEMENT_3D ( 'NONE', #641, #2020, #1422 ) ;
#186 = ORIENTED_EDGE ( 'NONE', *, *, #746, .F. ) ;
#187 = ORIENTED_EDGE ( 'NONE', *, *, #1995, .F. ) ;
#188 = AXIS2_PLACEMENT_3D ( 'NONE', #416, #1542, #918 ) ;
#189 = CARTESIAN_POINT ( 'NONE',  ( -20.29999999999999716, 3.000000000000000000, -10.05000000000000071 ) ) ;
#190 = FACE_OUTER_BOUND ( 'NONE', #687, .T. ) ;
#191 = DIRECTION ( 'NONE',  ( 0.000000000000000000, 0.000000000000000000, 1.000000000000000000 ) ) ;
#192 = CARTESIAN_POINT ( 'NONE',  ( 1.380025826698867599E-15, 5.000000000000000000, 17.80000000000000071 ) ) ;
#193 = AXIS2_PLACEMENT_3D ( 'NONE', #1249, #1108, #1884 ) ;
#194 = CARTESIAN_POINT ( 'NONE',  ( 44.75000000000001421, 6.000000000000000000, -12.75000000000000178 ) ) ;
#195 = VECTOR ( 'NONE', #774, 1000.000000000000000 ) ;
#196 = EDGE_LOOP ( 'NONE', ( #1418, #246, #113, #1522 ) ) ;
#197 = ADVANCED_FACE ( 'NONE', ( #953 ), #943, .T. ) ;
#198 = VECTOR ( 'NONE', #360, 1000.000000000000000 ) ;
#199 = ADVANCED_FACE ( 'NONE', ( #1573 ), #468, .T. ) ;
#200 = ORIENTED_EDGE ( 'NONE', *, *, #1017, .F. ) ;
#201 = ADVANCED_FACE ( 'NONE', ( #1425 ), #154, .F. ) ;
#202 = CIRCLE ( 'NONE', #1674, 5.049999999999995381 ) ;
#203 = CARTESIAN_POINT ( 'NONE',  ( 44.75000000000001421, 6.000000000000000000, 10.70000000000000817 ) ) ;
#204 = DIRECTION ( 'NONE',  ( -0.000000000000000000, 1.000000000000000000, -0.000000000000000000 ) ) ;
#205 = DIRECTION ( 'NONE',  ( 0.000000000000000000, 1.000000000000000000, 0.000000000000000000 ) ) ;
#206 = AXIS2_PLACEMENT_3D ( 'NONE', #755, #909, #1379 ) ;
#207 = ADVANCED_FACE ( 'NONE', ( #1917 ), #1756, .F. ) ;
#208 = DIRECTION ( 'NONE',  ( -0.000000000000000000, 1.000000000000000000, -0.000000000000000000 ) ) ;
#209 = DIRECTION ( 'NONE',  ( 0.000000000000000000, 0.000000000000000000, -1.000000000000000000 ) ) ;
#210 = ORIENTED_EDGE ( 'NONE', *, *, #804, .F. ) ;
#211 = ORIENTED_EDGE ( 'NONE', *, *, #834, .F. ) ;
#212 = VECTOR ( 'NONE', #1620, 1000.000000000000000 ) ;
#213 = DIRECTION ( 'NONE',  ( 1.000000000000000000, -0.000000000000000000, 0.000000000000000000 ) ) ;
#214 = DIRECTION ( 'NONE',  ( -0.000000000000000000, 1.000000000000000000, -0.000000000000000000 ) ) ;
#215 = CARTESIAN_POINT ( 'NONE',  ( -44.75000000000001421, 6.000000000000000000, 10.70000000000000817 ) ) ;
#216 = CYLINDRICAL_SURFACE ( 'NONE', #1607, 5.049999999999981171 ) ;
#217 = CARTESIAN_POINT ( 'NONE',  ( -44.75000000000001421, 4.000000000000000000, -12.75000000000000178 ) ) ;
#218 = EDGE_CURVE ( 'NONE', #1236, #1547, #176, .T. ) ;
#219 = EDGE_LOOP ( 'NONE', ( #753, #1950, #700, #1578 ) ) ;
#220 = ORIENTED_EDGE ( 'NONE', *, *, #923, .T. ) ;
#221 = DIRECTION ( 'NONE',  ( -0.000000000000000000, -1.000000000000000000, -0.000000000000000000 ) ) ;
#222 = CARTESIAN_POINT ( 'NONE',  ( 0.000000000000000000, 4.799999999999999822, 0.000000000000000000 ) ) ;
#223 = CARTESIAN_POINT ( 'NONE',  ( -37.67499999999999716, 5.000000000000000000, 0.000000000000000000 ) ) ;
#224 = EDGE_CURVE ( 'NONE', #1171, #757, #636, .T. ) ;
#225 = CARTESIAN_POINT ( 'NONE',  ( 4.336808689942016750E-16, 4.799999999999999822, 7.099999999999998757 ) ) ;
#226 = CARTESIAN_POINT ( 'NONE',  ( 17.65000000000001279, 6.000000000000000000, 7.899999999999999467 ) ) ;
#227 = EDGE_LOOP ( 'NONE', ( #832, #1228, #945, #2010 ) ) ;
#228 = ADVANCED_FACE ( 'NONE', ( #33 ), #2036, .F. ) ;
#229 = ORIENTED_EDGE ( 'NONE', *, *, #1937, .F. ) ;
#230 = AXIS2_PLACEMENT_3D ( 'NONE', #673, #1299, #1146 ) ;
#231 = LINE ( 'NONE', #1131, #1692 ) ;
#232 = CARTESIAN_POINT ( 'NONE',  ( 0.000000000000000000, 5.000000000000000000, -10.05000000000000071 ) ) ;
#233 = FACE_OUTER_BOUND ( 'NONE', #1091, .T. ) ;
#234 = EDGE_CURVE ( 'NONE', #573, #701, #962, .T. ) ;
#235 = CARTESIAN_POINT ( 'NONE',  ( 44.75000000000001421, 0.000000000000000000, -17.80000000000000426 ) ) ;
#236 = DIRECTION ( 'NONE',  ( 0.000000000000000000, 0.000000000000000000, -1.000000000000000000 ) ) ;
#237 = ORIENTED_EDGE ( 'NONE', *, *, #896, .T. ) ;
#238 = ORIENTED_EDGE ( 'NONE', *, *, #1990, .T. ) ;
#239 = PLANE ( 'NONE',  #13 ) ;
#240 = DIRECTION ( 'NONE',  ( 0.000000000000000000, 0.000000000000000000, 1.000000000000000000 ) ) ;
#241 = LINE ( 'NONE', #1004, #1618 ) ;
#242 = CARTESIAN_POINT ( 'NONE',  ( 3.450000000000010392, 4.799999999999998934, 7.899999999999999467 ) ) ;
#243 = DIRECTION ( 'NONE',  ( 1.000000000000000000, 0.000000000000000000, -6.108181253439462399E-17 ) ) ;
#244 = ORIENTED_EDGE ( 'NONE', *, *, #703, .T. ) ;
#245 = VECTOR ( 'NONE', #1761, 1000.000000000000000 ) ;
#246 = ORIENTED_EDGE ( 'NONE', *, *, #463, .T. ) ;
#247 = VERTEX_POINT ( 'NONE', #809 ) ;
#248 = EDGE_CURVE ( 'NONE', #1696, #485, #1402, .T. ) ;
#249 = DIRECTION ( 'NONE',  ( 0.000000000000000000, 0.000000000000000000, 1.000000000000000000 ) ) ;
#250 = EDGE_LOOP ( 'NONE', ( #661, #1343, #1506, #2007 ) ) ;
#251 = VECTOR ( 'NONE', #1752, 1000.000000000000000 ) ;
#252 = CARTESIAN_POINT ( 'NONE',  ( -49.79999999999999005, 0.000000000000000000, 12.75000000000000178 ) ) ;
#253 = EDGE_CURVE ( 'NONE', #1624, #791, #14, .T. ) ;
#254 =( NAMED_UNIT ( * ) PLANE_ANGLE_UNIT ( ) SI_UNIT ( $, .RADIAN. ) );
#255 = ORIENTED_EDGE ( 'NONE', *, *, #1714, .T. ) ;
#256 = CARTESIAN_POINT ( 'NONE',  ( 44.75000000000001421, 6.000000000000000000, -12.75000000000000178 ) ) ;
#257 = DIRECTION ( 'NONE',  ( 0.000000000000000000, 0.000000000000000000, 1.000000000000000000 ) ) ;
#258 = VERTEX_POINT ( 'NONE', #1894 ) ;
#259 = ORIENTED_EDGE ( 'NONE', *, *, #1600, .F. ) ;
#260 = EDGE_CURVE ( 'NONE', #852, #1093, #1577, .T. ) ;
#261 = ORIENTED_EDGE ( 'NONE', *, *, #1537, .F. ) ;
#262 = EDGE_CURVE ( 'NONE', #588, #902, #1906, .T. ) ;
#263 = FACE_OUTER_BOUND ( 'NONE', #1420, .T. ) ;
#264 = CIRCLE ( 'NONE', #1908, 2.049999999999992717 ) ;
#265 = VERTEX_POINT ( 'NONE', #1745 ) ;
#266 = CARTESIAN_POINT ( 'NONE',  ( -3.500000000000000888, 6.000000000000000000, 0.000000000000000000 ) ) ;
#267 = ORIENTED_EDGE ( 'NONE', *, *, #975, .T. ) ;
#268 = PLANE ( 'NONE',  #1015 ) ;
#269 = EDGE_CURVE ( 'NONE', #2017, #1976, #343, .T. ) ;
#270 = PLANE ( 'NONE',  #518 ) ;
#271 = ORIENTED_EDGE ( 'NONE', *, *, #1870, .F. ) ;
#272 = ORIENTED_EDGE ( 'NONE', *, *, #413, .T. ) ;
#273 = CARTESIAN_POINT ( 'NONE',  ( 44.75000000000001421, 4.000000000000000000, -12.75000000000000178 ) ) ;
#274 = VECTOR ( 'NONE', #1916, 1000.000000000000000 ) ;
#275 = ORIENTED_EDGE ( 'NONE', *, *, #657, .T. ) ;
#276 = DIRECTION ( 'NONE',  ( -0.000000000000000000, -1.000000000000000000, -0.000000000000000000 ) ) ;
#277 = DIRECTION ( 'NONE',  ( 0.000000000000000000, 0.000000000000000000, -1.000000000000000000 ) ) ;
#278 = CARTESIAN_POINT ( 'NONE',  ( -44.75000000000001421, 0.000000000000000000, -14.04999999999999538 ) ) ;
#279 = ORIENTED_EDGE ( 'NONE', *, *, #463, .F. ) ;
#280 = ORIENTED_EDGE ( 'NONE', *, *, #1890, .F. ) ;
#281 = LINE ( 'NONE', #441, #377 ) ;
#282 = VERTEX_POINT ( 'NONE', #481 ) ;
#283 = ADVANCED_FACE ( 'NONE', ( #666 ), #508, .F. ) ;
#284 = CARTESIAN_POINT ( 'NONE',  ( -44.75000000000001421, 4.000000000000000000, 12.75000000000000178 ) ) ;
#285 = DIRECTION ( 'NONE',  ( -0.000000000000000000, 1.000000000000000000, -0.000000000000000000 ) ) ;
#286 = CARTESIAN_POINT ( 'NONE',  ( 3.450000000000010392, 6.000000000000000000, 7.899999999999999467 ) ) ;
#287 = EDGE_LOOP ( 'NONE', ( #1346, #1427 ) ) ;
#288 = EDGE_CURVE ( 'NONE', #1694, #1405, #1099, .T. ) ;
#289 = ORIENTED_EDGE ( 'NONE', *, *, #1096, .T. ) ;
#290 = EDGE_CURVE ( 'NONE', #1252, #1693, #1415, .T. ) ;
#291 = LINE ( 'NONE', #266, #702 ) ;
#292 = AXIS2_PLACEMENT_3D ( 'NONE', #402, #373, #698 ) ;
#293 = VERTEX_POINT ( 'NONE', #1311 ) ;
#294 = DIRECTION ( 'NONE',  ( 1.000000000000000000, 0.000000000000000000, 0.000000000000000000 ) ) ;
#295 = AXIS2_PLACEMENT_3D ( 'NONE', #1786, #1632, #535 ) ;
#296 = CARTESIAN_POINT ( 'NONE',  ( 44.75000000000001421, 4.000000000000000000, -10.70000000000000817 ) ) ;
#297 = CARTESIAN_POINT ( 'NONE',  ( -17.69999999999999929, 6.000000000000000000, 0.000000000000000000 ) ) ;
#298 = DIRECTION ( 'NONE',  ( -0.000000000000000000, 0.000000000000000000, 1.000000000000000000 ) ) ;
#299 = ORIENTED_EDGE ( 'NONE', *, *, #649, .F. ) ;
#300 = ORIENTED_EDGE ( 'NONE', *, *, #41, .T. ) ;
#301 = VERTEX_POINT ( 'NONE', #1808 ) ;
#302 = CARTESIAN_POINT ( 'NONE',  ( -49.79999999999999005, 6.000000000000000000, 0.000000000000000000 ) ) ;
#303 = CARTESIAN_POINT ( 'NONE',  ( 38.80000000000001847, 4.799999999999998934, -7.100000000000009415 ) ) ;
#304 = PRESENTATION_STYLE_ASSIGNMENT (( #775 ) ) ;
#305 = CIRCLE ( 'NONE', #1922, 8.925000000000000711 ) ;
#306 = DIRECTION ( 'NONE',  ( -0.000000000000000000, -1.000000000000000000, -0.000000000000000000 ) ) ;
#307 = FACE_OUTER_BOUND ( 'NONE', #122, .T. ) ;
#308 = EDGE_LOOP ( 'NONE', ( #1887, #356, #6, #740 ) ) ;
#309 = ORIENTED_EDGE ( 'NONE', *, *, #234, .F. ) ;
#310 = ORIENTED_EDGE ( 'NONE', *, *, #1556, .T. ) ;
#311 = CARTESIAN_POINT ( 'NONE',  ( 3.450000000000010392, -21.24335190124195805, 7.899999999999999467 ) ) ;
#312 = ADVANCED_FACE ( 'NONE', ( #1640 ), #216, .T. ) ;
#313 = DIRECTION ( 'NONE',  ( -6.108181253439463631E-17, 0.000000000000000000, -1.000000000000000000 ) ) ;
#314 = FACE_BOUND ( 'NONE', #1363, .T. ) ;
#315 = DIRECTION ( 'NONE',  ( -0.000000000000000000, 1.000000000000000000, -0.000000000000000000 ) ) ;
#316 = CARTESIAN_POINT ( 'NONE',  ( 44.75000000000001421, 6.000000000000000000, 14.79999999999999361 ) ) ;
#317 = EDGE_LOOP ( 'NONE', ( #237, #973, #1419, #2018, #408, #2038, #1717, #871 ) ) ;
#318 = VERTEX_POINT ( 'NONE', #235 ) ;
#319 = ORIENTED_EDGE ( 'NONE', *, *, #556, .T. ) ;
#320 = EDGE_CURVE ( 'NONE', #1525, #2017, #1965, .T. ) ;
#321 = CARTESIAN_POINT ( 'NONE',  ( 49.80000000000001137, 0.000000000000000000, 1.355125162410117579E-14 ) ) ;
#322 = DIRECTION ( 'NONE',  ( 0.000000000000000000, 1.000000000000000000, -0.000000000000000000 ) ) ;
#323 = DIRECTION ( 'NONE',  ( -6.108181253439463631E-17, 0.000000000000000000, -1.000000000000000000 ) ) ;
#324 = AXIS2_PLACEMENT_3D ( 'NONE', #589, #1054, #1219 ) ;
#325 = CARTESIAN_POINT ( 'NONE',  ( -44.75000000000001421, 5.000000000000000000, -17.79999999999998295 ) ) ;
#326 = DIRECTION ( 'NONE',  ( -0.000000000000000000, -1.000000000000000000, -0.000000000000000000 ) ) ;
#327 = VERTEX_POINT ( 'NONE', #857 ) ;
#328 = ORIENTED_EDGE ( 'NONE', *, *, #727, .T. ) ;
#329 = CARTESIAN_POINT ( 'NONE',  ( 24.60000000000001563, 6.000000000000000000, 0.000000000000000000 ) ) ;
#330 = PLANE ( 'NONE',  #386 ) ;
#331 = CARTESIAN_POINT ( 'NONE',  ( -37.67499999999999716, 0.000000000000000000, 0.000000000000000000 ) ) ;
#332 = AXIS2_PLACEMENT_3D ( 'NONE', #1319, #85, #74 ) ;
#333 = CARTESIAN_POINT ( 'NONE',  ( 17.65000000000001279, 6.000000000000000000, -7.100000000000005862 ) ) ;
#334 = DIRECTION ( 'NONE',  ( 0.000000000000000000, 0.000000000000000000, 1.000000000000000000 ) ) ;
#335 = EDGE_LOOP ( 'NONE', ( #1769, #1092 ) ) ;
#336 = ORIENTED_EDGE ( 'NONE', *, *, #135, .T. ) ;
#337 = LINE ( 'NONE', #494, #807 ) ;
#338 = LINE ( 'NONE', #805, #981 ) ;
#339 = VECTOR ( 'NONE', #1960, 1000.000000000000000 ) ;
#340 = DIRECTION ( 'NONE',  ( 0.000000000000000000, 0.000000000000000000, 1.000000000000000000 ) ) ;
#341 = ADVANCED_FACE ( 'NONE', ( #1487 ), #1155, .T. ) ;
#342 = EDGE_CURVE ( 'NONE', #301, #1911, #1947, .T. ) ;
#343 = LINE ( 'NONE', #626, #1078 ) ;
#344 = CARTESIAN_POINT ( 'NONE',  ( 44.75000000000001421, 5.000000000000000000, -12.75000000000000178 ) ) ;
#345 = VECTOR ( 'NONE', #732, 1000.000000000000000 ) ;
#346 = ORIENTED_EDGE ( 'NONE', *, *, #1043, .T. ) ;
#347 = EDGE_LOOP ( 'NONE', ( #1779, #1370, #2016, #1644 ) ) ;
#348 = CARTESIAN_POINT ( 'NONE',  ( -37.67499999999999716, 5.000000000000000000, -3.649999999999998135 ) ) ;
#349 = EDGE_CURVE ( 'NONE', #1588, #596, #1274, .T. ) ;
#350 = CARTESIAN_POINT ( 'NONE',  ( -3.499999999999997780, 4.799999999999998934, -7.899999999999999467 ) ) ;
#351 = FACE_OUTER_BOUND ( 'NONE', #1616, .T. ) ;
#352 = DIRECTION ( 'NONE',  ( 0.000000000000000000, 1.000000000000000000, 0.000000000000000000 ) ) ;
#353 = VECTOR ( 'NONE', #1369, 1000.000000000000000 ) ;
#354 = DIRECTION ( 'NONE',  ( 0.000000000000000000, 0.000000000000000000, -1.000000000000000000 ) ) ;
#355 = VECTOR ( 'NONE', #1378, 1000.000000000000000 ) ;
#356 = ORIENTED_EDGE ( 'NONE', *, *, #591, .T. ) ;
#357 = ORIENTED_EDGE ( 'NONE', *, *, #860, .F. ) ;
#358 = VECTOR ( 'NONE', #1978, 1000.000000000000000 ) ;
#359 = LINE ( 'NONE', #833, #245 ) ;
#360 = DIRECTION ( 'NONE',  ( -0.000000000000000000, 1.000000000000000000, -0.000000000000000000 ) ) ;
#361 = FACE_OUTER_BOUND ( 'NONE', #1683, .T. ) ;
#362 = CIRCLE ( 'NONE', #925, 1.299999999999993827 ) ;
#363 = DIRECTION ( 'NONE',  ( -1.000000000000000000, 0.000000000000000000, 0.000000000000000000 ) ) ;
#364 = DIRECTION ( 'NONE',  ( 0.000000000000000000, 0.000000000000000000, 1.000000000000000000 ) ) ;
#365 = VERTEX_POINT ( 'NONE', #997 ) ;
#366 = ADVANCED_FACE ( 'NONE', ( #76 ), #558, .F. ) ;
#367 = EDGE_LOOP ( 'NONE', ( #748, #1272, #1781, #903 ) ) ;
#368 = AXIS2_PLACEMENT_3D ( 'NONE', #1953, #371, #1176 ) ;
#369 = FACE_OUTER_BOUND ( 'NONE', #1575, .T. ) ;
#370 = DIRECTION ( 'NONE',  ( -1.000000000000000000, 0.000000000000000000, 1.832454376031838720E-16 ) ) ;
#371 = DIRECTION ( 'NONE',  ( 1.000000000000000000, 0.000000000000000000, 0.000000000000000000 ) ) ;
#372 = EDGE_CURVE ( 'NONE', #511, #258, #1977, .T. ) ;
#373 = DIRECTION ( 'NONE',  ( 0.000000000000000000, 1.000000000000000000, -0.000000000000000000 ) ) ;
#374 = DIRECTION ( 'NONE',  ( 0.000000000000000000, 1.000000000000000000, -0.000000000000000000 ) ) ;
#375 = ORIENTED_EDGE ( 'NONE', *, *, #1751, .F. ) ;
#376 = ORIENTED_EDGE ( 'NONE', *, *, #1284, .T. ) ;
#377 = VECTOR ( 'NONE', #586, 1000.000000000000000 ) ;
#378 = CARTESIAN_POINT ( 'NONE',  ( -17.69999999999999218, 6.000000000000000000, -7.899999999999999467 ) ) ;
#379 = EDGE_CURVE ( 'NONE', #630, #443, #1408, .T. ) ;
#380 = DIRECTION ( 'NONE',  ( -0.000000000000000000, -1.000000000000000000, -0.000000000000000000 ) ) ;
#381 = DIRECTION ( 'NONE',  ( 0.000000000000000000, 0.000000000000000000, 1.000000000000000000 ) ) ;
#382 = CARTESIAN_POINT ( 'NONE',  ( -44.75000000000001421, 4.000000000000000000, -12.75000000000000178 ) ) ;
#383 = FACE_OUTER_BOUND ( 'NONE', #108, .T. ) ;
#384 = ORIENTED_EDGE ( 'NONE', *, *, #405, .F. ) ;
#385 = ORIENTED_EDGE ( 'NONE', *, *, #1341, .T. ) ;
#387 = ORIENTED_EDGE ( 'NONE', *, *, #1768, .F. ) ;
#386 = AXIS2_PLACEMENT_3D ( 'NONE', #465, #173, #477 ) ;
#388 = CARTESIAN_POINT ( 'NONE',  ( -37.67499999999999716, 5.000000000000000000, -8.925000000000000711 ) ) ;
#389 = CARTESIAN_POINT ( 'NONE',  ( 17.65000000000001279, 3.000000000000000000, -7.100000000000005862 ) ) ;
#390 = CARTESIAN_POINT ( 'NONE',  ( -44.75000000000001421, 0.000000000000000000, 12.75000000000000178 ) ) ;
#391 = LINE ( 'NONE', #691, #1672 ) ;
#392 = CARTESIAN_POINT ( 'NONE',  ( -3.500000000000000888, 3.000000000000000000, -7.100000000000002309 ) ) ;
#393 = DIRECTION ( 'NONE',  ( 0.000000000000000000, 1.000000000000000000, 0.000000000000000000 ) ) ;
#394 = ORIENTED_EDGE ( 'NONE', *, *, #372, .F. ) ;
#395 = PRODUCT_DEFINITION_SHAPE ( 'NONE', 'NONE',  #1174 ) ;
#396 = ORIENTED_EDGE ( 'NONE', *, *, #1071, .F. ) ;
#397 = AXIS2_PLACEMENT_3D ( 'NONE', #390, #866, #1163 ) ;
#398 = DIRECTION ( 'NONE',  ( -0.000000000000000000, -1.000000000000000000, -0.000000000000000000 ) ) ;
#399 = FACE_OUTER_BOUND ( 'NONE', #407, .T. ) ;
#400 = CARTESIAN_POINT ( 'NONE',  ( 38.80000000000001847, 6.000000000000000000, -7.900000000000003908 ) ) ;
#401 = VERTEX_POINT ( 'NONE', #1613 ) ;
#402 = CARTESIAN_POINT ( 'NONE',  ( -37.67499999999999716, 5.000000000000000000, 0.000000000000000000 ) ) ;
#403 = DIRECTION ( 'NONE',  ( -0.000000000000000000, -1.000000000000000000, -0.000000000000000000 ) ) ;
#404 = EDGE_CURVE ( 'NONE', #86, #1101, #391, .T. ) ;
#405 = EDGE_CURVE ( 'NONE', #573, #365, #1188, .T. ) ;
#406 = EDGE_CURVE ( 'NONE', #1093, #852, #58, .T. ) ;
#407 = EDGE_LOOP ( 'NONE', ( #811, #319, #1844, #916 ) ) ;
#408 = ORIENTED_EDGE ( 'NONE', *, *, #1846, .F. ) ;
#409 = ORIENTED_EDGE ( 'NONE', *, *, #1805, .T. ) ;
#410 = DIRECTION ( 'NONE',  ( -0.000000000000000000, -1.000000000000000000, -0.000000000000000000 ) ) ;
#411 = AXIS2_PLACEMENT_3D ( 'NONE', #1914, #609, #803 ) ;
#412 = LINE ( 'NONE', #1185, #940 ) ;
#413 = EDGE_CURVE ( 'NONE', #423, #1218, #520, .T. ) ;
#414 = ORIENTED_EDGE ( 'NONE', *, *, #1353, .T. ) ;
#415 = FACE_OUTER_BOUND ( 'NONE', #1490, .T. ) ;
#416 = CARTESIAN_POINT ( 'NONE',  ( 3.450000000000012612, 6.000000000000000000, -4.214645064873243427E-16 ) ) ;
#417 = CARTESIAN_POINT ( 'NONE',  ( 49.80000000000001137, 0.000000000000000000, 12.75000000000000178 ) ) ;
#418 = VERTEX_POINT ( 'NONE', #1329 ) ;
#419 = ORIENTED_EDGE ( 'NONE', *, *, #591, .F. ) ;
#420 = VECTOR ( 'NONE', #841, 1000.000000000000000 ) ;
#421 = AXIS2_PLACEMENT_3D ( 'NONE', #284, #1367, #600 ) ;
#422 = DIRECTION ( 'NONE',  ( 0.000000000000000000, 0.000000000000000000, -1.000000000000000000 ) ) ;
#423 = VERTEX_POINT ( 'NONE', #868 ) ;
#424 = FACE_OUTER_BOUND ( 'NONE', #1511, .T. ) ;
#425 = DIRECTION ( 'NONE',  ( -1.000000000000000000, -0.000000000000000000, -0.000000000000000000 ) ) ;
#426 = DIRECTION ( 'NONE',  ( 1.000000000000000000, 0.000000000000000000, 0.000000000000000000 ) ) ;
#427 = ORIENTED_EDGE ( 'NONE', *, *, #746, .T. ) ;
#428 = AXIS2_PLACEMENT_3D ( 'NONE', #344, #971, #1604 ) ;
#429 = ORIENTED_EDGE ( 'NONE', *, *, #1357, .T. ) ;
#430 = EDGE_CURVE ( 'NONE', #247, #2040, #1024, .T. ) ;
#431 = CARTESIAN_POINT ( 'NONE',  ( -17.69999999999999218, -21.24335190124195805, -7.899999999999999467 ) ) ;
#432 = VECTOR ( 'NONE', #1638, 1000.000000000000000 ) ;
#433 = VERTEX_POINT ( 'NONE', #1649 ) ;
#434 = DIRECTION ( 'NONE',  ( 1.000000000000000000, 0.000000000000000000, -2.325886224773372098E-16 ) ) ;
#435 = DIRECTION ( 'NONE',  ( -0.000000000000000000, -1.000000000000000000, -0.000000000000000000 ) ) ;
#436 = EDGE_CURVE ( 'NONE', #1111, #318, #850, .T. ) ;
#437 = PLANE ( 'NONE',  #913 ) ;
#438 = EDGE_LOOP ( 'NONE', ( #986, #1811, #299, #897 ) ) ;
#439 = ADVANCED_FACE ( 'NONE', ( #1458 ), #42, .F. ) ;
#440 = EDGE_LOOP ( 'NONE', ( #843, #884 ) ) ;
#441 = CARTESIAN_POINT ( 'NONE',  ( 0.000000000000000000, 3.000000000000000000, 10.05000000000000071 ) ) ;
#442 = EDGE_CURVE ( 'NONE', #630, #669, #1777, .T. ) ;
#443 = VERTEX_POINT ( 'NONE', #1389 ) ;
#444 = DIRECTION ( 'NONE',  ( 2.325886224773372098E-16, -0.000000000000000000, 1.000000000000000000 ) ) ;
#445 = CARTESIAN_POINT ( 'NONE',  ( -44.75000000000001421, 6.000000000000000000, 12.75000000000000178 ) ) ;
#446 = CARTESIAN_POINT ( 'NONE',  ( 24.60000000000001918, 4.799999999999998934, 7.899999999999997691 ) ) ;
#447 = DIRECTION ( 'NONE',  ( -0.000000000000000000, -1.000000000000000000, -0.000000000000000000 ) ) ;
#448 = ORIENTED_EDGE ( 'NONE', *, *, #260, .T. ) ;
#449 = ORIENTED_EDGE ( 'NONE', *, *, #142, .T. ) ;
#450 = ORIENTED_EDGE ( 'NONE', *, *, #804, .T. ) ;
#451 = AXIS2_PLACEMENT_3D ( 'NONE', #297, #426, #144 ) ;
#452 = CARTESIAN_POINT ( 'NONE',  ( 49.80000000000001847, 0.000000000000000000, -12.75000000000000178 ) ) ;
#453 = CIRCLE ( 'NONE', #1738, 2.049999999999992717 ) ;
#454 = EDGE_CURVE ( 'NONE', #733, #1148, #1507, .T. ) ;
#455 = CARTESIAN_POINT ( 'NONE',  ( 17.65000000000001279, 4.799999999999998934, -7.100000000000005862 ) ) ;
#456 = CIRCLE ( 'NONE', #550, 2.049999999999992717 ) ;
#457 = LINE ( 'NONE', #932, #725 ) ;
#458 = CARTESIAN_POINT ( 'NONE',  ( -1.301042606982605715E-15, 6.000000000000000000, -7.100000000000002309 ) ) ;
#459 = DIRECTION ( 'NONE',  ( 0.000000000000000000, 1.000000000000000000, -0.000000000000000000 ) ) ;
#460 = ORIENTED_EDGE ( 'NONE', *, *, #320, .F. ) ;
#461 = ORIENTED_EDGE ( 'NONE', *, *, #555, .F. ) ;
#462 = ORIENTED_EDGE ( 'NONE', *, *, #1569, .F. ) ;
#463 = EDGE_CURVE ( 'NONE', #1921, #594, #1339, .T. ) ;
#464 = LINE ( 'NONE', #1265, #1793 ) ;
#465 = CARTESIAN_POINT ( 'NONE',  ( -1.301042606982606110E-15, 6.000000000000000000, -7.100000000000003197 ) ) ;
#466 = LINE ( 'NONE', #806, #143 ) ;
#467 = PRODUCT_DEFINITION_FORMATION_WITH_SPECIFIED_SOURCE ( 'Symmetric', '', #1538, .NOT_KNOWN. ) ;
#468 = PLANE ( 'NONE',  #1475 ) ;
#469 = CARTESIAN_POINT ( 'NONE',  ( 44.75000000000001421, 5.000000000000000000, -11.45000000000000639 ) ) ;
#470 = VERTEX_POINT ( 'NONE', #744 ) ;
#471 = ADVANCED_FACE ( 'NONE', ( #762 ), #1829, .F. ) ;
#472 = ADVANCED_FACE ( 'NONE', ( #424 ), #611, .F. ) ;
#473 = EDGE_CURVE ( 'NONE', #1606, #1050, #656, .T. ) ;
#474 = ORIENTED_EDGE ( 'NONE', *, *, #922, .T. ) ;
#475 = ORIENTED_EDGE ( 'NONE', *, *, #1234, .F. ) ;
#476 = DIRECTION ( 'NONE',  ( 0.000000000000000000, 0.000000000000000000, 1.000000000000000000 ) ) ;
#477 = DIRECTION ( 'NONE',  ( 1.000000000000000000, 0.000000000000000000, -1.832454376031838720E-16 ) ) ;
#478 = CARTESIAN_POINT ( 'NONE',  ( 3.450000000000010392, -21.24335190124195805, -7.900000000000002132 ) ) ;
#479 = AXIS2_PLACEMENT_3D ( 'NONE', #1283, #1951, #541 ) ;
#480 = VECTOR ( 'NONE', #1199, 1000.000000000000000 ) ;
#481 = CARTESIAN_POINT ( 'NONE',  ( -17.69999999999999218, 6.000000000000000000, -7.899999999999999467 ) ) ;
#482 = FACE_BOUND ( 'NONE', #617, .T. ) ;
#483 = ORIENTED_EDGE ( 'NONE', *, *, #218, .T. ) ;
#484 = ORIENTED_EDGE ( 'NONE', *, *, #1226, .F. ) ;
#485 = VERTEX_POINT ( 'NONE', #2002 ) ;
#486 = DIRECTION ( 'NONE',  ( -0.000000000000000000, -1.000000000000000000, -0.000000000000000000 ) ) ;
#487 = CARTESIAN_POINT ( 'NONE',  ( -49.80000000000000426, 6.000000000000000000, 12.75000000000000000 ) ) ;
#488 = CARTESIAN_POINT ( 'NONE',  ( -3.499999999999997780, 4.799999999999998934, 7.900000000000000355 ) ) ;
#489 = VECTOR ( 'NONE', #97, 1000.000000000000000 ) ;
#490 = DIRECTION ( 'NONE',  ( -7.752954082577908637E-17, 0.000000000000000000, -1.000000000000000000 ) ) ;
#491 = CARTESIAN_POINT ( 'NONE',  ( -44.75000000000001421, 4.000000000000000000, -12.75000000000000178 ) ) ;
#492 = ORIENTED_EDGE ( 'NONE', *, *, #1732, .F. ) ;
#493 = ORIENTED_EDGE ( 'NONE', *, *, #1782, .F. ) ;
#494 = CARTESIAN_POINT ( 'NONE',  ( 44.75000000000001421, 4.000000000000000000, -10.70000000000000817 ) ) ;
#495 = ADVANCED_FACE ( 'NONE', ( #1239 ), #1986, .F. ) ;
#496 = EDGE_CURVE ( 'NONE', #596, #1588, #914, .T. ) ;
#497 = CARTESIAN_POINT ( 'NONE',  ( -37.67499999999999716, 6.000000000000000000, 3.649999999999998135 ) ) ;
#498 = CARTESIAN_POINT ( 'NONE',  ( 0.000000000000000000, 4.799999999999999822, 0.000000000000000000 ) ) ;
#499 = AXIS2_PLACEMENT_3D ( 'NONE', #1107, #1904, #1925 ) ;
#500 = CARTESIAN_POINT ( 'NONE',  ( -44.75000000000001421, 4.000000000000000000, -12.75000000000000178 ) ) ;
#501 = CARTESIAN_POINT ( 'NONE',  ( 38.80000000000001847, 4.799999999999998934, 7.899999999999997691 ) ) ;
#502 = ORIENTED_EDGE ( 'NONE', *, *, #770, .F. ) ;
#503 = ORIENTED_EDGE ( 'NONE', *, *, #703, .F. ) ;
#504 = ADVANCED_FACE ( 'NONE', ( #415, #1680, #578, #119 ), #908, .T. ) ;
#505 = CARTESIAN_POINT ( 'NONE',  ( -49.79999999999999005, 0.000000000000000000, -12.75000000000000178 ) ) ;
#506 = PLANE ( 'NONE',  #83 ) ;
#507 = DIRECTION ( 'NONE',  ( 0.000000000000000000, 0.000000000000000000, 1.000000000000000000 ) ) ;
#508 = CYLINDRICAL_SURFACE ( 'NONE', #193, 2.049999999999992717 ) ;
#509 = PLANE ( 'NONE',  #32 ) ;
#510 = AXIS2_PLACEMENT_3D ( 'NONE', #273, #895, #1524 ) ;
#511 = VERTEX_POINT ( 'NONE', #1857 ) ;
#512 = EDGE_LOOP ( 'NONE', ( #529, #1253, #1324, #449, #502, #606, #936, #1799 ) ) ;
#513 = LINE ( 'NONE', #1141, #1204 ) ;
#514 = DIRECTION ( 'NONE',  ( 0.000000000000000000, 0.000000000000000000, 1.000000000000000000 ) ) ;
#515 = CARTESIAN_POINT ( 'NONE',  ( -44.75000000000001421, 6.000000000000000000, -14.79999999999999361 ) ) ;
#516 = EDGE_CURVE ( 'NONE', #1218, #44, #1072, .T. ) ;
#517 = DIRECTION ( 'NONE',  ( 0.000000000000000000, 0.000000000000000000, 1.000000000000000000 ) ) ;
#518 = AXIS2_PLACEMENT_3D ( 'NONE', #1088, #1056, #1764 ) ;
#519 = CARTESIAN_POINT ( 'NONE',  ( 38.80000000000001847, 3.000000000000000000, -7.100000000000010303 ) ) ;
#520 = CIRCLE ( 'NONE', #292, 8.925000000000000711 ) ;
#521 = ORIENTED_EDGE ( 'NONE', *, *, #955, .T. ) ;
#522 = ORIENTED_EDGE ( 'NONE', *, *, #1592, .F. ) ;
#523 = CARTESIAN_POINT ( 'NONE',  ( -44.75000000000001421, 4.000000000000000000, 12.75000000000000178 ) ) ;
#524 = EDGE_CURVE ( 'NONE', #1373, #1976, #1063, .T. ) ;
#525 = PLANE ( 'NONE',  #1342 ) ;
#526 = LINE ( 'NONE', #1804, #1716 ) ;
#527 = DIRECTION ( 'NONE',  ( -0.000000000000000000, -1.000000000000000000, -0.000000000000000000 ) ) ;
#528 = DIRECTION ( 'NONE',  ( -0.000000000000000000, -1.000000000000000000, -0.000000000000000000 ) ) ;
#529 = ORIENTED_EDGE ( 'NONE', *, *, #1325, .T. ) ;
#530 = ORIENTED_EDGE ( 'NONE', *, *, #677, .F. ) ;
#531 = ADVANCED_FACE ( 'NONE', ( #1541 ), #129, .F. ) ;
#532 = LINE ( 'NONE', #1009, #905 ) ;
#533 = CARTESIAN_POINT ( 'NONE',  ( 44.75000000000001421, 4.000000000000000000, 12.75000000000000178 ) ) ;
#534 = CARTESIAN_POINT ( 'NONE',  ( 44.75000000000001421, 4.000000000000000000, 14.04999999999999538 ) ) ;
#535 = DIRECTION ( 'NONE',  ( 0.000000000000000000, 0.000000000000000000, 1.000000000000000000 ) ) ;
#536 = CARTESIAN_POINT ( 'NONE',  ( -44.75000000000001421, 0.000000000000000000, 17.80000000000000426 ) ) ;
#537 = MECHANICAL_DESIGN_GEOMETRIC_PRESENTATION_REPRESENTATION (  '', ( #708 ), #12 ) ;
#538 = VERTEX_POINT ( 'NONE', #570 ) ;
#539 = ORIENTED_EDGE ( 'NONE', *, *, #234, .T. ) ;
#540 = ORIENTED_EDGE ( 'NONE', *, *, #496, .F. ) ;
#541 = DIRECTION ( 'NONE',  ( 0.000000000000000000, 0.000000000000000000, 1.000000000000000000 ) ) ;
#542 = CARTESIAN_POINT ( 'NONE',  ( 24.60000000000001918, 6.000000000000000000, -7.900000000000003908 ) ) ;
#543 = CARTESIAN_POINT ( 'NONE',  ( 38.80000000000001847, 6.000000000000000000, 7.899999999999997691 ) ) ;
#544 = CARTESIAN_POINT ( 'NONE',  ( -3.500000000000000888, 6.000000000000000000, 0.000000000000000000 ) ) ;
#545 = CARTESIAN_POINT ( 'NONE',  ( -49.79999999999999005, 0.000000000000000000, 0.000000000000000000 ) ) ;
#546 = AXIS2_PLACEMENT_3D ( 'NONE', #1289, #3, #970 ) ;
#547 = ORIENTED_EDGE ( 'NONE', *, *, #1659, .T. ) ;
#548 = ORIENTED_EDGE ( 'NONE', *, *, #1371, .T. ) ;
#549 = VECTOR ( 'NONE', #1796, 1000.000000000000000 ) ;
#550 = AXIS2_PLACEMENT_3D ( 'NONE', #978, #380, #1646 ) ;
#551 = LINE ( 'NONE', #1184, #792 ) ;
#552 = DIRECTION ( 'NONE',  ( 0.000000000000000000, 0.000000000000000000, 1.000000000000000000 ) ) ;
#553 = CARTESIAN_POINT ( 'NONE',  ( 44.75000000000001421, 4.000000000000000000, -11.45000000000000639 ) ) ;
#554 = EDGE_CURVE ( 'NONE', #147, #1706, #453, .T. ) ;
#555 = EDGE_CURVE ( 'NONE', #1911, #433, #2011, .T. ) ;
#556 = EDGE_CURVE ( 'NONE', #800, #1197, #1993, .T. ) ;
#557 = ORIENTED_EDGE ( 'NONE', *, *, #1152, .T. ) ;
#558 = CYLINDRICAL_SURFACE ( 'NONE', #1942, 2.049999999999992717 ) ;
#559 = LINE ( 'NONE', #1330, #1774 ) ;
#560 = VECTOR ( 'NONE', #53, 1000.000000000000000 ) ;
#561 = CIRCLE ( 'NONE', #605, 2.049999999999992717 ) ;
#562 = EDGE_LOOP ( 'NONE', ( #124, #1643, #831, #1750 ) ) ;
#563 = ORIENTED_EDGE ( 'NONE', *, *, #1136, .T. ) ;
#564 = EDGE_LOOP ( 'NONE', ( #200, #1828, #1580, #1848 ) ) ;
#565 = ADVANCED_FACE ( 'NONE', ( #1671 ), #268, .F. ) ;
#566 = DIRECTION ( 'NONE',  ( -0.000000000000000000, 1.000000000000000000, -0.000000000000000000 ) ) ;
#567 = CARTESIAN_POINT ( 'NONE',  ( 44.75000000000001421, 5.000000000000000000, 17.79999999999999716 ) ) ;
#568 =( NAMED_UNIT ( * ) SI_UNIT ( $, .STERADIAN. ) SOLID_ANGLE_UNIT ( ) );
#569 = ORIENTED_EDGE ( 'NONE', *, *, #496, .T. ) ;
#570 = CARTESIAN_POINT ( 'NONE',  ( 41.80000000000000426, 3.000000000000000000, -10.05000000000000071 ) ) ;
#571 = CARTESIAN_POINT ( 'NONE',  ( 44.75000000000001421, 5.000000000000000000, -14.04999999999999538 ) ) ;
#572 = AXIS2_PLACEMENT_3D ( 'NONE', #822, #1454, #1150 ) ;
#573 = VERTEX_POINT ( 'NONE', #455 ) ;
#574 = ORIENTED_EDGE ( 'NONE', *, *, #1899, .F. ) ;
#575 = EDGE_CURVE ( 'NONE', #1233, #327, #1639, .T. ) ;
#576 = CARTESIAN_POINT ( 'NONE',  ( 44.75000000000001421, 4.000000000000000000, 14.79999999999999361 ) ) ;
#577 = ORIENTED_EDGE ( 'NONE', *, *, #1152, .F. ) ;
#578 = FACE_BOUND ( 'NONE', #1452, .T. ) ;
#579 =( NAMED_UNIT ( * ) PLANE_ANGLE_UNIT ( ) SI_UNIT ( $, .RADIAN. ) );
#580 = LINE ( 'NONE', #446, #127 ) ;
#581 = ORIENTED_EDGE ( 'NONE', *, *, #1568, .F. ) ;
#582 = ADVANCED_FACE ( 'NONE', ( #1 ), #330, .T. ) ;
#583 = VERTEX_POINT ( 'NONE', #653 ) ;
#584 = VECTOR ( 'NONE', #747, 1000.000000000000000 ) ;
#585 = AXIS2_PLACEMENT_3D ( 'NONE', #887, #444, #434 ) ;
#586 = DIRECTION ( 'NONE',  ( -1.000000000000000000, 0.000000000000000000, -0.000000000000000000 ) ) ;
#587 = ADVANCED_FACE ( 'NONE', ( #960 ), #784, .T. ) ;
#588 = VERTEX_POINT ( 'NONE', #487 ) ;
#589 = CARTESIAN_POINT ( 'NONE',  ( 0.000000000000000000, 3.000000000000000000, 0.000000000000000000 ) ) ;
#590 = DIRECTION ( 'NONE',  ( 0.000000000000000000, 0.000000000000000000, 1.000000000000000000 ) ) ;
#591 = EDGE_CURVE ( 'NONE', #1615, #86, #1433, .T. ) ;
#592 = DIRECTION ( 'NONE',  ( -0.000000000000000000, 1.000000000000000000, -0.000000000000000000 ) ) ;
#593 = ORIENTED_EDGE ( 'NONE', *, *, #57, .F. ) ;
#594 = VERTEX_POINT ( 'NONE', #1571 ) ;
#595 = EDGE_CURVE ( 'NONE', #1291, #1791, #1213, .T. ) ;
#596 = VERTEX_POINT ( 'NONE', #181 ) ;
#597 = PLANE ( 'NONE',  #1532 ) ;
#598 = APPLICATION_PROTOCOL_DEFINITION ( 'draft international standard', 'automotive_design', 1998, #47 ) ;
#599 = EDGE_LOOP ( 'NONE', ( #1066, #719, #1344, #1384 ) ) ;
#600 = DIRECTION ( 'NONE',  ( 0.000000000000000000, 0.000000000000000000, 1.000000000000000000 ) ) ;
#601 = FACE_OUTER_BOUND ( 'NONE', #1800, .T. ) ;
#602 = CARTESIAN_POINT ( 'NONE',  ( 44.75000000000001421, 4.000000000000000000, -14.79999999999999361 ) ) ;
#603 = FACE_OUTER_BOUND ( 'NONE', #1997, .T. ) ;
#604 = ORIENTED_EDGE ( 'NONE', *, *, #1349, .T. ) ;
#605 = AXIS2_PLACEMENT_3D ( 'NONE', #735, #2003, #277 ) ;
#606 = ORIENTED_EDGE ( 'NONE', *, *, #859, .F. ) ;
#607 = VECTOR ( 'NONE', #844, 1000.000000000000000 ) ;
#608 = ORIENTED_EDGE ( 'NONE', *, *, #1628, .T. ) ;
#609 = DIRECTION ( 'NONE',  ( 0.000000000000000000, 1.000000000000000000, -0.000000000000000000 ) ) ;
#610 = AXIS2_PLACEMENT_3D ( 'NONE', #1539, #1216, #552 ) ;
#611 = CYLINDRICAL_SURFACE ( 'NONE', #1508, 1.299999999999993827 ) ;
#612 = EDGE_CURVE ( 'NONE', #1218, #423, #715, .T. ) ;
#613 = SURFACE_SIDE_STYLE ('',( #1073 ) ) ;
#614 = FACE_BOUND ( 'NONE', #1473, .T. ) ;
#615 = LINE ( 'NONE', #777, #1561 ) ;
#616 = EDGE_CURVE ( 'NONE', #1148, #1373, #161, .T. ) ;
#617 = EDGE_LOOP ( 'NONE', ( #1718, #1635, #1726, #577 ) ) ;
#618 = ORIENTED_EDGE ( 'NONE', *, *, #662, .T. ) ;
#619 = AXIS2_PLACEMENT_3D ( 'NONE', #1652, #1664, #880 ) ;
#620 = LINE ( 'NONE', #1880, #1567 ) ;
#621 = AXIS2_PLACEMENT_3D ( 'NONE', #256, #1229, #1528 ) ;
#622 = EDGE_CURVE ( 'NONE', #596, #1291, #10, .T. ) ;
#623 = CARTESIAN_POINT ( 'NONE',  ( -3.499999999999997780, -21.24335190124195805, 7.900000000000000355 ) ) ;
#624 = LINE ( 'NONE', #162, #828 ) ;
#625 = ADVANCED_FACE ( 'NONE', ( #190 ), #664, .T. ) ;
#626 = CARTESIAN_POINT ( 'NONE',  ( 4.336808689942016750E-16, 3.000000000000000000, 7.099999999999997868 ) ) ;
#627 = FACE_BOUND ( 'NONE', #767, .T. ) ;
#628 = ORIENTED_EDGE ( 'NONE', *, *, #349, .F. ) ;
#629 = ORIENTED_EDGE ( 'NONE', *, *, #1113, .T. ) ;
#630 = VERTEX_POINT ( 'NONE', #497 ) ;
#631 = EDGE_CURVE ( 'NONE', #769, #1076, #1116, .T. ) ;
#632 = CARTESIAN_POINT ( 'NONE',  ( 44.75000000000001421, 6.000000000000000000, -17.80000000000000782 ) ) ;
#633 = DIRECTION ( 'NONE',  ( 0.000000000000000000, 0.000000000000000000, -1.000000000000000000 ) ) ;
#634 = CARTESIAN_POINT ( 'NONE',  ( 3.450000000000010392, 4.799999999999998934, 7.099999999999997868 ) ) ;
#635 =( GEOMETRIC_REPRESENTATION_CONTEXT ( 3 ) GLOBAL_UNCERTAINTY_ASSIGNED_CONTEXT ( ( #794 ) ) GLOBAL_UNIT_ASSIGNED_CONTEXT ( ( #1207, #254, #568 ) ) REPRESENTATION_CONTEXT ( 'NONE', 'WORKASPACE' ) );
#636 = LINE ( 'NONE', #798, #1802 ) ;
#637 = CYLINDRICAL_SURFACE ( 'NONE', #1746, 1.299999999999993827 ) ;
#638 = VERTEX_POINT ( 'NONE', #814 ) ;
#639 = VERTEX_POINT ( 'NONE', #21 ) ;
#640 = EDGE_LOOP ( 'NONE', ( #766, #1407, #1845, #1660 ) ) ;
#641 = CARTESIAN_POINT ( 'NONE',  ( -37.67499999999999716, 6.000000000000000000, 0.000000000000000000 ) ) ;
#642 = CIRCLE ( 'NONE', #1790, 2.049999999999992717 ) ;
#643 = DIRECTION ( 'NONE',  ( -0.000000000000000000, -1.000000000000000000, -0.000000000000000000 ) ) ;
#644 = DIRECTION ( 'NONE',  ( 1.000000000000000000, -0.000000000000000000, 0.000000000000000000 ) ) ;
#645 = VECTOR ( 'NONE', #930, 1000.000000000000000 ) ;
#646 = CARTESIAN_POINT ( 'NONE',  ( -17.69999999999999218, 6.000000000000000000, 7.900000000000000355 ) ) ;
#647 = DIRECTION ( 'NONE',  ( -0.000000000000000000, 1.000000000000000000, -0.000000000000000000 ) ) ;
#648 = ORIENTED_EDGE ( 'NONE', *, *, #987, .F. ) ;
#649 = EDGE_CURVE ( 'NONE', #1791, #1291, #1972, .T. ) ;
#650 = ORIENTED_EDGE ( 'NONE', *, *, #436, .F. ) ;
#651 = LINE ( 'NONE', #171, #1134 ) ;
#652 = EDGE_CURVE ( 'NONE', #1684, #1111, #1559, .T. ) ;
#653 = CARTESIAN_POINT ( 'NONE',  ( 24.60000000000001918, 4.799999999999998934, -7.100000000000007638 ) ) ;
#654 = DIRECTION ( 'NONE',  ( 0.000000000000000000, 1.000000000000000000, 0.000000000000000000 ) ) ;
#655 = AXIS2_PLACEMENT_3D ( 'NONE', #776, #1584, #165 ) ;
#656 = CIRCLE ( 'NONE', #621, 2.049999999999992717 ) ;
#657 = EDGE_CURVE ( 'NONE', #852, #2005, #338, .T. ) ;
#658 = DIRECTION ( 'NONE',  ( 0.000000000000000000, 0.000000000000000000, 1.000000000000000000 ) ) ;
#659 = CARTESIAN_POINT ( 'NONE',  ( 0.000000000000000000, 6.000000000000000000, 0.000000000000000000 ) ) ;
#660 = ORIENTED_EDGE ( 'NONE', *, *, #1628, .F. ) ;
#661 = ORIENTED_EDGE ( 'NONE', *, *, #1537, .T. ) ;
#662 = EDGE_CURVE ( 'NONE', #1969, #694, #967, .T. ) ;
#663 = PLANE ( 'NONE',  #1130 ) ;
#664 = PLANE ( 'NONE',  #130 ) ;
#665 = DIRECTION ( 'NONE',  ( 0.000000000000000000, 1.000000000000000000, -0.000000000000000000 ) ) ;
#666 = FACE_OUTER_BOUND ( 'NONE', #1553, .T. ) ;
#667 = CARTESIAN_POINT ( 'NONE',  ( 24.60000000000001918, -21.24335190124195805, 7.899999999999997691 ) ) ;
#668 = VERTEX_POINT ( 'NONE', #1086 ) ;
#669 = VERTEX_POINT ( 'NONE', #1709 ) ;
#670 = CARTESIAN_POINT ( 'NONE',  ( 44.75000000000001421, 4.000000000000000000, 14.79999999999999361 ) ) ;
#671 = DIRECTION ( 'NONE',  ( 0.000000000000000000, -0.000000000000000000, 1.000000000000000000 ) ) ;
#672 = CARTESIAN_POINT ( 'NONE',  ( 3.450000000000013500, 6.000000000000000000, 7.099999999999997868 ) ) ;
#673 = CARTESIAN_POINT ( 'NONE',  ( -37.67499999999999716, 6.000000000000000000, 0.000000000000000000 ) ) ;
#674 = FACE_BOUND ( 'NONE', #1554, .T. ) ;
#675 = CIRCLE ( 'NONE', #1758, 2.049999999999992717 ) ;
#676 = VERTEX_POINT ( 'NONE', #303 ) ;
#677 = EDGE_CURVE ( 'NONE', #101, #791, #1246, .T. ) ;
#678 = EDGE_LOOP ( 'NONE', ( #722, #1853 ) ) ;
#679 = CARTESIAN_POINT ( 'NONE',  ( 38.80000000000001847, 4.799999999999998934, -7.900000000000003908 ) ) ;
#680 = CARTESIAN_POINT ( 'NONE',  ( 38.80000000000001847, 3.000000000000000000, 0.000000000000000000 ) ) ;
#681 = DIRECTION ( 'NONE',  ( -0.000000000000000000, 1.000000000000000000, -0.000000000000000000 ) ) ;
#682 = EDGE_CURVE ( 'NONE', #1049, #1252, #689, .T. ) ;
#683 = DIRECTION ( 'NONE',  ( 0.000000000000000000, 0.000000000000000000, 1.000000000000000000 ) ) ;
#684 = DIRECTION ( 'NONE',  ( -0.000000000000000000, -1.000000000000000000, -0.000000000000000000 ) ) ;
#685 = AXIS2_PLACEMENT_3D ( 'NONE', #1411, #1106, #1753 ) ;
#686 = ORIENTED_EDGE ( 'NONE', *, *, #662, .F. ) ;
#687 = EDGE_LOOP ( 'NONE', ( #112, #1018, #1737, #1875 ) ) ;
#688 = DIRECTION ( 'NONE',  ( -1.000000000000000000, 0.000000000000000000, 6.108181253439462399E-17 ) ) ;
#689 = LINE ( 'NONE', #1466, #1609 ) ;
#690 = LINE ( 'NONE', #838, #1518 ) ;
#691 = CARTESIAN_POINT ( 'NONE',  ( 24.60000000000001563, 3.000000000000000000, 0.000000000000000000 ) ) ;
#692 = DIRECTION ( 'NONE',  ( 0.000000000000000000, 0.000000000000000000, 1.000000000000000000 ) ) ;
#693 = ORIENTED_EDGE ( 'NONE', *, *, #827, .T. ) ;
#694 = VERTEX_POINT ( 'NONE', #39 ) ;
#695 = CARTESIAN_POINT ( 'NONE',  ( 1.380025826698867599E-15, 6.000000000000000000, 17.80000000000000071 ) ) ;
#696 = CARTESIAN_POINT ( 'NONE',  ( 0.000000000000000000, 5.000000000000000000, 0.000000000000000000 ) ) ;
#697 = FACE_OUTER_BOUND ( 'NONE', #743, .T. ) ;
#698 = DIRECTION ( 'NONE',  ( 0.000000000000000000, 0.000000000000000000, 1.000000000000000000 ) ) ;
#699 = CARTESIAN_POINT ( 'NONE',  ( -17.69999999999999218, 4.799999999999998934, 7.900000000000000355 ) ) ;
#700 = ORIENTED_EDGE ( 'NONE', *, *, #320, .T. ) ;
#701 = VERTEX_POINT ( 'NONE', #389 ) ;
#702 = VECTOR ( 'NONE', #1847, 1000.000000000000000 ) ;
#703 = EDGE_CURVE ( 'NONE', #1985, #757, #456, .T. ) ;
#704 = CARTESIAN_POINT ( 'NONE',  ( 3.450000000000010392, 4.799999999999998934, 7.899999999999999467 ) ) ;
#705 = DIRECTION ( 'NONE',  ( 0.000000000000000000, 0.000000000000000000, -1.000000000000000000 ) ) ;
#706 = LINE ( 'NONE', #672, #432 ) ;
#707 = ORIENTED_EDGE ( 'NONE', *, *, #1285, .F. ) ;
#708 = STYLED_ITEM ( 'NONE', ( #304 ), #1773 ) ;
#709 = CARTESIAN_POINT ( 'NONE',  ( -17.69999999999999929, 3.000000000000000000, 0.000000000000000000 ) ) ;
#710 = CYLINDRICAL_SURFACE ( 'NONE', #1089, 5.050000000000002487 ) ;
#711 = ADVANCED_FACE ( 'NONE', ( #61, #1493 ), #1775, .F. ) ;
#712 = AXIS2_PLACEMENT_3D ( 'NONE', #1551, #1531, #1996 ) ;
#713 = ORIENTED_EDGE ( 'NONE', *, *, #612, .T. ) ;
#714 = ORIENTED_EDGE ( 'NONE', *, *, #473, .F. ) ;
#715 = CIRCLE ( 'NONE', #1841, 8.925000000000000711 ) ;
#717 = EDGE_LOOP ( 'NONE', ( #1139, #1323, #1470, #1053 ) ) ;
#716 = AXIS2_PLACEMENT_3D ( 'NONE', #696, #1762, #514 ) ;
#718 = DIRECTION ( 'NONE',  ( 0.000000000000000000, -0.000000000000000000, 1.000000000000000000 ) ) ;
#719 = ORIENTED_EDGE ( 'NONE', *, *, #1741, .F. ) ;
#720 = CIRCLE ( 'NONE', #1313, 2.049999999999992717 ) ;
#721 = CARTESIAN_POINT ( 'NONE',  ( 41.80000000000000426, 0.000000000000000000, 0.000000000000000000 ) ) ;
#722 = ORIENTED_EDGE ( 'NONE', *, *, #1748, .F. ) ;
#723 = CARTESIAN_POINT ( 'NONE',  ( -3.499999999999997780, -21.24335190124195805, -7.899999999999999467 ) ) ;
#724 = CARTESIAN_POINT ( 'NONE',  ( -44.75000000000001421, 4.000000000000000000, 12.75000000000000178 ) ) ;
#725 = VECTOR ( 'NONE', #1842, 1000.000000000000000 ) ;
#726 = LINE ( 'NONE', #2024, #2034 ) ;
#727 = EDGE_CURVE ( 'NONE', #594, #1921, #1876, .T. ) ;
#728 = ORIENTED_EDGE ( 'NONE', *, *, #575, .T. ) ;
#729 = VECTOR ( 'NONE', #1817, 1000.000000000000000 ) ;
#730 = CARTESIAN_POINT ( 'NONE',  ( 24.60000000000001563, 6.000000000000000000, -7.100000000000007638 ) ) ;
#731 = ORIENTED_EDGE ( 'NONE', *, *, #71, .F. ) ;
#732 = DIRECTION ( 'NONE',  ( -0.000000000000000000, -1.000000000000000000, -0.000000000000000000 ) ) ;
#733 = VERTEX_POINT ( 'NONE', #1952 ) ;
#734 = DIRECTION ( 'NONE',  ( -0.000000000000000000, -1.000000000000000000, -0.000000000000000000 ) ) ;
#735 = CARTESIAN_POINT ( 'NONE',  ( 44.75000000000001421, 6.000000000000000000, 12.75000000000000178 ) ) ;
#736 = CYLINDRICAL_SURFACE ( 'NONE', #976, 2.049999999999992717 ) ;
#737 = ORIENTED_EDGE ( 'NONE', *, *, #142, .F. ) ;
#738 = EDGE_CURVE ( 'NONE', #1982, #769, #1975, .T. ) ;
#739 = ORIENTED_EDGE ( 'NONE', *, *, #260, .F. ) ;
#740 = ORIENTED_EDGE ( 'NONE', *, *, #1404, .T. ) ;
#741 = CIRCLE ( 'NONE', #808, 2.049999999999992717 ) ;
#742 = LINE ( 'NONE', #1816, #156 ) ;
#743 = EDGE_LOOP ( 'NONE', ( #1386, #1205, #1301, #778 ) ) ;
#744 = CARTESIAN_POINT ( 'NONE',  ( 44.75000000000001421, 6.000000000000000000, 17.79999999999999716 ) ) ;
#745 = DIRECTION ( 'NONE',  ( 0.000000000000000000, 0.000000000000000000, 1.000000000000000000 ) ) ;
#746 = EDGE_CURVE ( 'NONE', #1007, #749, #1010, .T. ) ;
#747 = DIRECTION ( 'NONE',  ( -0.000000000000000000, 1.000000000000000000, -0.000000000000000000 ) ) ;
#748 = ORIENTED_EDGE ( 'NONE', *, *, #1600, .T. ) ;
#749 = VERTEX_POINT ( 'NONE', #542 ) ;
#750 = VECTOR ( 'NONE', #851, 1000.000000000000000 ) ;
#751 = VECTOR ( 'NONE', #951, 1000.000000000000000 ) ;
#752 = PLANE ( 'NONE',  #1961 ) ;
#753 = ORIENTED_EDGE ( 'NONE', *, *, #1846, .T. ) ;
#754 = DIRECTION ( 'NONE',  ( 0.000000000000000000, 0.000000000000000000, 1.000000000000000000 ) ) ;
#755 = CARTESIAN_POINT ( 'NONE',  ( 44.75000000000001421, 4.000000000000000000, 12.75000000000000178 ) ) ;
#756 = LINE ( 'NONE', #286, #1177 ) ;
#757 = VERTEX_POINT ( 'NONE', #1784 ) ;
#758 = VERTEX_POINT ( 'NONE', #1143 ) ;
#759 = CIRCLE ( 'NONE', #1059, 1.299999999999993827 ) ;
#760 = CARTESIAN_POINT ( 'NONE',  ( -20.29999999999999716, 0.000000000000000000, 0.000000000000000000 ) ) ;
#761 = APPLICATION_PROTOCOL_DEFINITION ( 'draft international standard', 'automotive_design', 1998, #786 ) ;
#762 = FACE_OUTER_BOUND ( 'NONE', #133, .T. ) ;
#763 = LINE ( 'NONE', #2012, #480 ) ;
#764 = DIRECTION ( 'NONE',  ( 0.000000000000000000, 0.000000000000000000, -1.000000000000000000 ) ) ;
#765 = DIRECTION ( 'NONE',  ( 0.000000000000000000, 1.000000000000000000, -0.000000000000000000 ) ) ;
#766 = ORIENTED_EDGE ( 'NONE', *, *, #134, .F. ) ;
#767 = EDGE_LOOP ( 'NONE', ( #1038, #1688 ) ) ;
#768 = AXIS2_PLACEMENT_3D ( 'NONE', #104, #765, #1090 ) ;
#769 = VERTEX_POINT ( 'NONE', #1003 ) ;
#770 = EDGE_CURVE ( 'NONE', #28, #1615, #50, .T. ) ;
#771 = ADVANCED_FACE ( 'NONE', ( #1637 ), #1476, .T. ) ;
#772 = DIRECTION ( 'NONE',  ( 2.721134864277344162E-16, 0.000000000000000000, -1.000000000000000000 ) ) ;
#773 = VECTOR ( 'NONE', #1686, 1000.000000000000000 ) ;
#774 = DIRECTION ( 'NONE',  ( -1.000000000000000000, 0.000000000000000000, 1.832454376031838473E-16 ) ) ;
#775 = SURFACE_STYLE_USAGE ( .BOTH. , #613 ) ;
#776 = CARTESIAN_POINT ( 'NONE',  ( 44.75000000000001421, 5.000000000000000000, -12.75000000000000178 ) ) ;
#777 = CARTESIAN_POINT ( 'NONE',  ( 38.80000000000001847, 6.000000000000000000, 0.000000000000000000 ) ) ;
#778 = ORIENTED_EDGE ( 'NONE', *, *, #1805, .F. ) ;
#779 = EDGE_LOOP ( 'NONE', ( #81, #728 ) ) ;
#780 = EDGE_LOOP ( 'NONE', ( #1044, #272, #1727, #1605 ) ) ;
#781 = AXIS2_PLACEMENT_3D ( 'NONE', #192, #490, #1733 ) ;
#782 = LINE ( 'NONE', #321, #1331 ) ;
#783 = VECTOR ( 'NONE', #1819, 1000.000000000000000 ) ;
#784 = CYLINDRICAL_SURFACE ( 'NONE', #1770, 5.049999999999990052 ) ;
#785 = DIRECTION ( 'NONE',  ( -0.000000000000000000, -1.000000000000000000, -0.000000000000000000 ) ) ;
#786 = APPLICATION_CONTEXT ( 'automotive_design' ) ;
#787 = DIRECTION ( 'NONE',  ( 0.000000000000000000, 1.000000000000000000, 0.000000000000000000 ) ) ;
#788 = DIRECTION ( 'NONE',  ( 0.000000000000000000, 0.000000000000000000, 1.000000000000000000 ) ) ;
#789 = VERTEX_POINT ( 'NONE', #1307 ) ;
#790 = EDGE_LOOP ( 'NONE', ( #474, #409 ) ) ;
#791 = VERTEX_POINT ( 'NONE', #1945 ) ;
#792 = VECTOR ( 'NONE', #1030, 1000.000000000000000 ) ;
#793 = LINE ( 'NONE', #302, #1397 ) ;
#794 = UNCERTAINTY_MEASURE_WITH_UNIT (LENGTH_MEASURE( 1.000000000000000082E-05 ), #1207, 'distance_accuracy_value', 'NONE');
#795 = DIRECTION ( 'NONE',  ( 1.000000000000000000, 0.000000000000000000, 0.000000000000000000 ) ) ;
#796 = PLANE ( 'NONE',  #72 ) ;
#797 = ADVANCED_FACE ( 'NONE', ( #1630, #855 ), #525, .T. ) ;
#798 = CARTESIAN_POINT ( 'NONE',  ( -44.75000000000001421, 4.000000000000000000, 14.79999999999999361 ) ) ;
#799 = FACE_BOUND ( 'NONE', #717, .T. ) ;
#800 = VERTEX_POINT ( 'NONE', #350 ) ;
#801 = ORIENTED_EDGE ( 'NONE', *, *, #379, .T. ) ;
#802 = EDGE_CURVE ( 'NONE', #1703, #1525, #994, .T. ) ;
#803 = DIRECTION ( 'NONE',  ( 0.000000000000000000, 0.000000000000000000, 1.000000000000000000 ) ) ;
#804 = EDGE_CURVE ( 'NONE', #1093, #418, #865, .T. ) ;
#805 = CARTESIAN_POINT ( 'NONE',  ( -44.75000000000001421, 4.000000000000000000, -14.79999999999999361 ) ) ;
#806 = CARTESIAN_POINT ( 'NONE',  ( 3.450000000000012612, 6.000000000000000000, -4.214645064873243427E-16 ) ) ;
#807 = VECTOR ( 'NONE', #1570, 1000.000000000000000 ) ;
#808 = AXIS2_PLACEMENT_3D ( 'NONE', #445, #435, #1560 ) ;
#809 = CARTESIAN_POINT ( 'NONE',  ( 24.60000000000001918, 6.000000000000000000, 7.899999999999997691 ) ) ;
#810 = CARTESIAN_POINT ( 'NONE',  ( 38.80000000000001847, -21.24335190124195805, -7.900000000000003908 ) ) ;
#811 = ORIENTED_EDGE ( 'NONE', *, *, #1919, .T. ) ;
#812 = ORIENTED_EDGE ( 'NONE', *, *, #1929, .F. ) ;
#813 = CARTESIAN_POINT ( 'NONE',  ( -44.75000000000001421, 4.000000000000000000, 14.79999999999999361 ) ) ;
#814 = CARTESIAN_POINT ( 'NONE',  ( -20.29999999999999716, 0.000000000000000000, 10.05000000000000071 ) ) ;
#815 = CARTESIAN_POINT ( 'NONE',  ( -3.500000000000000888, 3.000000000000000000, 0.000000000000000000 ) ) ;
#816 = VECTOR ( 'NONE', #829, 1000.000000000000000 ) ;
#817 = VECTOR ( 'NONE', #705, 1000.000000000000000 ) ;
#818 = DIRECTION ( 'NONE',  ( -0.000000000000000000, -1.000000000000000000, -0.000000000000000000 ) ) ;
#819 = FACE_OUTER_BOUND ( 'NONE', #821, .T. ) ;
#820 = ORIENTED_EDGE ( 'NONE', *, *, #738, .T. ) ;
#821 = EDGE_LOOP ( 'NONE', ( #1058, #1654, #1337, #186 ) ) ;
#822 = CARTESIAN_POINT ( 'NONE',  ( 44.75000000000001421, 4.000000000000000000, 12.75000000000000178 ) ) ;
#823 = CIRCLE ( 'NONE', #206, 2.049999999999992717 ) ;
#824 = ADVANCED_FACE ( 'NONE', ( #1924 ), #506, .T. ) ;
#825 = DIRECTION ( 'NONE',  ( 0.000000000000000000, -0.000000000000000000, 1.000000000000000000 ) ) ;
#826 = CARTESIAN_POINT ( 'NONE',  ( -44.75000000000001421, 5.000000000000000000, 12.75000000000000178 ) ) ;
#827 = EDGE_CURVE ( 'NONE', #701, #1969, #845, .T. ) ;
#828 = VECTOR ( 'NONE', #785, 1000.000000000000000 ) ;
#829 = DIRECTION ( 'NONE',  ( 1.000000000000000000, 0.000000000000000000, 0.000000000000000000 ) ) ;
#830 = CARTESIAN_POINT ( 'NONE',  ( 44.75000000000001421, 5.000000000000000000, 14.04999999999999538 ) ) ;
#831 = ORIENTED_EDGE ( 'NONE', *, *, #1077, .T. ) ;
#832 = ORIENTED_EDGE ( 'NONE', *, *, #1879, .T. ) ;
#833 = CARTESIAN_POINT ( 'NONE',  ( -3.499999999999997780, 4.799999999999998934, 7.900000000000000355 ) ) ;
#834 = EDGE_CURVE ( 'NONE', #1767, #485, #1456, .T. ) ;
#835 = EDGE_CURVE ( 'NONE', #158, #1979, #1021, .T. ) ;
#836 = DIRECTION ( 'NONE',  ( -1.000000000000000000, 0.000000000000000000, 2.325886224773372098E-16 ) ) ;
#837 = VECTOR ( 'NONE', #1383, 1000.000000000000000 ) ;
#838 = CARTESIAN_POINT ( 'NONE',  ( 41.80000000000000426, 5.000000000000000000, -10.05000000000000071 ) ) ;
#839 = DIRECTION ( 'NONE',  ( 0.000000000000000000, 0.000000000000000000, 1.000000000000000000 ) ) ;
#840 = CARTESIAN_POINT ( 'NONE',  ( -44.75000000000001421, 4.000000000000000000, 11.45000000000000639 ) ) ;
#841 = DIRECTION ( 'NONE',  ( 0.000000000000000000, 0.000000000000000000, -1.000000000000000000 ) ) ;
#842 = VERTEX_POINT ( 'NONE', #576 ) ;
#843 = ORIENTED_EDGE ( 'NONE', *, *, #612, .F. ) ;
#844 = DIRECTION ( 'NONE',  ( 1.000000000000000000, -0.000000000000000000, 0.000000000000000000 ) ) ;
#845 = LINE ( 'NONE', #73, #1391 ) ;
#846 = CARTESIAN_POINT ( 'NONE',  ( 3.450000000000011724, 3.000000000000000000, -7.100000000000003197 ) ) ;
#847 = DIRECTION ( 'NONE',  ( 0.000000000000000000, 0.000000000000000000, 1.000000000000000000 ) ) ;
#848 = VECTOR ( 'NONE', #818, 1000.000000000000000 ) ;
#849 = DIRECTION ( 'NONE',  ( 0.000000000000000000, 0.000000000000000000, -1.000000000000000000 ) ) ;
#850 = CIRCLE ( 'NONE', #1910, 5.050000000000004263 ) ;
#851 = DIRECTION ( 'NONE',  ( -0.000000000000000000, -1.000000000000000000, -0.000000000000000000 ) ) ;
#852 = VERTEX_POINT ( 'NONE', #1669 ) ;
#853 = ORIENTED_EDGE ( 'NONE', *, *, #933, .T. ) ;
#854 = DIRECTION ( 'NONE',  ( 0.000000000000000000, 0.000000000000000000, 1.000000000000000000 ) ) ;
#855 = FACE_OUTER_BOUND ( 'NONE', #2030, .T. ) ;
#856 = FACE_OUTER_BOUND ( 'NONE', #93, .T. ) ;
#857 = CARTESIAN_POINT ( 'NONE',  ( 44.75000000000001421, 0.000000000000000000, -14.04999999999999538 ) ) ;
#858 = CARTESIAN_POINT ( 'NONE',  ( -37.67499999999999716, 6.000000000000000000, -3.649999999999998135 ) ) ;
#859 = EDGE_CURVE ( 'NONE', #258, #28, #1061, .T. ) ;
#860 = EDGE_CURVE ( 'NONE', #1057, #1129, #1827, .T. ) ;
#861 = AXIS2_PLACEMENT_3D ( 'NONE', #1572, #1125, #340 ) ;
#862 = EDGE_LOOP ( 'NONE', ( #309, #1587, #1203, #59 ) ) ;
#863 = ORIENTED_EDGE ( 'NONE', *, *, #1500, .T. ) ;
#864 = CARTESIAN_POINT ( 'NONE',  ( 0.000000000000000000, 4.799999999999999822, 0.000000000000000000 ) ) ;
#865 = LINE ( 'NONE', #1485, #1629 ) ;
#866 = DIRECTION ( 'NONE',  ( 0.000000000000000000, 1.000000000000000000, -0.000000000000000000 ) ) ;
#867 = VECTOR ( 'NONE', #422, 1000.000000000000000 ) ;
#868 = CARTESIAN_POINT ( 'NONE',  ( -37.67499999999999716, 5.000000000000000000, 8.925000000000000711 ) ) ;
#869 = DIRECTION ( 'NONE',  ( 0.000000000000000000, 0.000000000000000000, -1.000000000000000000 ) ) ;
#870 = ORIENTED_EDGE ( 'NONE', *, *, #379, .F. ) ;
#871 = ORIENTED_EDGE ( 'NONE', *, *, #677, .T. ) ;
#872 = VECTOR ( 'NONE', #476, 1000.000000000000000 ) ;
#873 = EDGE_LOOP ( 'NONE', ( #1366, #56 ) ) ;
#874 = CARTESIAN_POINT ( 'NONE',  ( 3.450000000000010392, 6.000000000000000000, -7.900000000000002132 ) ) ;
#875 = DIRECTION ( 'NONE',  ( 0.000000000000000000, 1.000000000000000000, -0.000000000000000000 ) ) ;
#876 = ORIENTED_EDGE ( 'NONE', *, *, #1936, .F. ) ;
#877 = ADVANCED_FACE ( 'NONE', ( #1836, #1052 ), #95, .T. ) ;
#878 = DIRECTION ( 'NONE',  ( -0.000000000000000000, 0.000000000000000000, 1.000000000000000000 ) ) ;
#879 = DIRECTION ( 'NONE',  ( -0.000000000000000000, -1.000000000000000000, -0.000000000000000000 ) ) ;
#880 = DIRECTION ( 'NONE',  ( 0.000000000000000000, 0.000000000000000000, 1.000000000000000000 ) ) ;
#881 = ORIENTED_EDGE ( 'NONE', *, *, #1190, .T. ) ;
#882 = ORIENTED_EDGE ( 'NONE', *, *, #1651, .T. ) ;
#883 = LINE ( 'NONE', #1513, #1294 ) ;
#884 = ORIENTED_EDGE ( 'NONE', *, *, #413, .F. ) ;
#885 = DIRECTION ( 'NONE',  ( -0.000000000000000000, -1.000000000000000000, -0.000000000000000000 ) ) ;
#886 = ORIENTED_EDGE ( 'NONE', *, *, #436, .T. ) ;
#887 = CARTESIAN_POINT ( 'NONE',  ( -4.140077480096600431E-15, 5.000000000000000000, -17.79999999999999361 ) ) ;
#888 = DIRECTION ( 'NONE',  ( 0.000000000000000000, 1.000000000000000000, 0.000000000000000000 ) ) ;
#889 = VECTOR ( 'NONE', #257, 1000.000000000000000 ) ;
#890 = EDGE_CURVE ( 'NONE', #947, #44, #117, .T. ) ;
#891 = FACE_OUTER_BOUND ( 'NONE', #599, .T. ) ;
#892 = EDGE_LOOP ( 'NONE', ( #911, #1225 ) ) ;
#893 = EDGE_LOOP ( 'NONE', ( #1675, #289, #1437, #19 ) ) ;
#894 = EDGE_LOOP ( 'NONE', ( #1016, #211, #1362, #539, #1060, #1653, #385, #946 ) ) ;
#895 = DIRECTION ( 'NONE',  ( -0.000000000000000000, 1.000000000000000000, -0.000000000000000000 ) ) ;
#896 = EDGE_CURVE ( 'NONE', #791, #1197, #291, .T. ) ;
#897 = ORIENTED_EDGE ( 'NONE', *, *, #16, .F. ) ;
#898 = DIRECTION ( 'NONE',  ( 0.000000000000000000, 0.000000000000000000, -1.000000000000000000 ) ) ;
#899 = CARTESIAN_POINT ( 'NONE',  ( 0.000000000000000000, 5.000000000000000000, 10.05000000000000071 ) ) ;
#900 = FACE_OUTER_BOUND ( 'NONE', #862, .T. ) ;
#901 = VECTOR ( 'NONE', #447, 1000.000000000000000 ) ;
#902 = VERTEX_POINT ( 'NONE', #252 ) ;
#903 = ORIENTED_EDGE ( 'NONE', *, *, #290, .T. ) ;
#904 = EDGE_LOOP ( 'NONE', ( #255, #7, #136, #1685 ) ) ;
#905 = VECTOR ( 'NONE', #221, 1000.000000000000000 ) ;
#906 = CARTESIAN_POINT ( 'NONE',  ( 3.450000000000010392, -21.24335190124195805, 7.899999999999999467 ) ) ;
#907 = ORIENTED_EDGE ( 'NONE', *, *, #1722, .F. ) ;
#908 = PLANE ( 'NONE',  #324 ) ;
#909 = DIRECTION ( 'NONE',  ( 0.000000000000000000, 1.000000000000000000, 0.000000000000000000 ) ) ;
#910 = CARTESIAN_POINT ( 'NONE',  ( 38.80000000000001847, 6.000000000000000000, -7.100000000000010303 ) ) ;
#911 = ORIENTED_EDGE ( 'NONE', *, *, #1597, .F. ) ;
#912 = ORIENTED_EDGE ( 'NONE', *, *, #1284, .F. ) ;
#913 = AXIS2_PLACEMENT_3D ( 'NONE', #458, #1843, #1701 ) ;
#914 = CIRCLE ( 'NONE', #421, 1.299999999999993827 ) ;
#915 = DIRECTION ( 'NONE',  ( 0.000000000000000000, 1.000000000000000000, 0.000000000000000000 ) ) ;
#916 = ORIENTED_EDGE ( 'NONE', *, *, #1304, .F. ) ;
#917 = DIRECTION ( 'NONE',  ( -0.000000000000000000, -1.000000000000000000, -0.000000000000000000 ) ) ;
#918 = DIRECTION ( 'NONE',  ( -1.221636250687892480E-16, 0.000000000000000000, -1.000000000000000000 ) ) ;
#919 = CARTESIAN_POINT ( 'NONE',  ( 44.75000000000001421, 4.000000000000000000, -14.79999999999999361 ) ) ;
#920 = LINE ( 'NONE', #1702, #114 ) ;
#921 = ORIENTED_EDGE ( 'NONE', *, *, #516, .F. ) ;
#922 = EDGE_CURVE ( 'NONE', #103, #1749, #1861, .T. ) ;
#923 = EDGE_CURVE ( 'NONE', #1149, #159, #1973, .T. ) ;
#924 = EDGE_CURVE ( 'NONE', #433, #1864, #412, .T. ) ;
#925 = AXIS2_PLACEMENT_3D ( 'NONE', #491, #1417, #1109 ) ;
#926 = ORIENTED_EDGE ( 'NONE', *, *, #652, .F. ) ;
#927 = ORIENTED_EDGE ( 'NONE', *, *, #1255, .F. ) ;
#928 = ADVANCED_FACE ( 'NONE', ( #399 ), #1042, .F. ) ;
#929 = VECTOR ( 'NONE', #1401, 1000.000000000000000 ) ;
#930 = DIRECTION ( 'NONE',  ( -0.000000000000000000, 1.000000000000000000, -0.000000000000000000 ) ) ;
#931 = DIRECTION ( 'NONE',  ( -0.000000000000000000, -1.000000000000000000, -0.000000000000000000 ) ) ;
#932 = CARTESIAN_POINT ( 'NONE',  ( 1.380025826698867599E-15, 0.000000000000000000, 17.80000000000000071 ) ) ;
#933 = EDGE_CURVE ( 'NONE', #282, #1624, #742, .T. ) ;
#934 = CYLINDRICAL_SURFACE ( 'NONE', #712, 1.299999999999993827 ) ;
#935 = LINE ( 'NONE', #1563, #1677 ) ;
#936 = ORIENTED_EDGE ( 'NONE', *, *, #1751, .T. ) ;
#937 = ORIENTED_EDGE ( 'NONE', *, *, #8, .F. ) ;
#938 = ORIENTED_EDGE ( 'NONE', *, *, #1017, .T. ) ;
#939 = DIRECTION ( 'NONE',  ( -0.000000000000000000, 1.000000000000000000, -0.000000000000000000 ) ) ;
#940 = VECTOR ( 'NONE', #885, 1000.000000000000000 ) ;
#941 = CARTESIAN_POINT ( 'NONE',  ( 24.60000000000001918, -21.24335190124195805, 7.899999999999997691 ) ) ;
#942 = PLANE ( 'NONE',  #107 ) ;
#943 = PLANE ( 'NONE',  #1440 ) ;
#944 = FACE_OUTER_BOUND ( 'NONE', #196, .T. ) ;
#945 = ORIENTED_EDGE ( 'NONE', *, *, #430, .T. ) ;
#946 = ORIENTED_EDGE ( 'NONE', *, *, #1023, .T. ) ;
#947 = VERTEX_POINT ( 'NONE', #1031 ) ;
#948 = AXIS2_PLACEMENT_3D ( 'NONE', #1562, #1859, #1711 ) ;
#949 = CARTESIAN_POINT ( 'NONE',  ( -3.499999999999997780, 4.799999999999998934, -7.100000000000002309 ) ) ;
#950 = AXIS2_PLACEMENT_3D ( 'NONE', #1045, #878, #294 ) ;
#951 = DIRECTION ( 'NONE',  ( 1.000000000000000000, 0.000000000000000000, -6.108181253439463631E-17 ) ) ;
#952 = CARTESIAN_POINT ( 'NONE',  ( -44.75000000000001421, 0.000000000000000000, -12.75000000000000178 ) ) ;
#953 = FACE_OUTER_BOUND ( 'NONE', #1070, .T. ) ;
#954 = CARTESIAN_POINT ( 'NONE',  ( -44.75000000000001421, 5.000000000000000000, -12.75000000000000178 ) ) ;
#955 = EDGE_CURVE ( 'NONE', #588, #401, #1656, .T. ) ;
#956 = ORIENTED_EDGE ( 'NONE', *, *, #454, .F. ) ;
#957 = ORIENTED_EDGE ( 'NONE', *, *, #1400, .F. ) ;
#958 = CARTESIAN_POINT ( 'NONE',  ( 24.60000000000001918, 4.799999999999991829, -7.900000000000003908 ) ) ;
#959 = AXIS2_PLACEMENT_3D ( 'NONE', #1153, #1022, #381 ) ;
#960 = FACE_OUTER_BOUND ( 'NONE', #1920, .T. ) ;
#961 = LINE ( 'NONE', #1754, #1648 ) ;
#962 = LINE ( 'NONE', #333, #1047 ) ;
#963 = DIRECTION ( 'NONE',  ( 2.721134864277344162E-16, 0.000000000000000000, -1.000000000000000000 ) ) ;
#964 = ORIENTED_EDGE ( 'NONE', *, *, #288, .T. ) ;
#965 = EDGE_LOOP ( 'NONE', ( #604, #66, #45, #462 ) ) ;
#966 = DIRECTION ( 'NONE',  ( 0.000000000000000000, -0.000000000000000000, 1.000000000000000000 ) ) ;
#967 = LINE ( 'NONE', #30, #94 ) ;
#968 = CARTESIAN_POINT ( 'NONE',  ( -44.75000000000001421, 0.000000000000000000, 11.45000000000000639 ) ) ;
#969 = AXIS2_PLACEMENT_3D ( 'NONE', #431, #115, #1515 ) ;
#970 = DIRECTION ( 'NONE',  ( 0.000000000000000000, 0.000000000000000000, 1.000000000000000000 ) ) ;
#971 = DIRECTION ( 'NONE',  ( -0.000000000000000000, -1.000000000000000000, -0.000000000000000000 ) ) ;
#972 = EDGE_LOOP ( 'NONE', ( #1170, #483, #261, #1359 ) ) ;
#973 = ORIENTED_EDGE ( 'NONE', *, *, #556, .F. ) ;
#974 = CARTESIAN_POINT ( 'NONE',  ( 3.450000000000010392, 4.799999999999998934, -7.900000000000002132 ) ) ;
#975 = EDGE_CURVE ( 'NONE', #789, #146, #281, .T. ) ;
#976 = AXIS2_PLACEMENT_3D ( 'NONE', #1355, #1382, #1392 ) ;
#977 = PRODUCT_DEFINITION_CONTEXT ( 'detailed design', #47, 'design' ) ;
#978 = CARTESIAN_POINT ( 'NONE',  ( -44.75000000000001421, 6.000000000000000000, 12.75000000000000178 ) ) ;
#979 = CIRCLE ( 'NONE', #54, 1.299999999999993827 ) ;
#980 = FACE_OUTER_BOUND ( 'NONE', #1625, .T. ) ;
#981 = VECTOR ( 'NONE', #1720, 1000.000000000000000 ) ;
#982 = ADVANCED_BREP_SHAPE_REPRESENTATION ( 'top_\X2\9ed88ba4\X0\', ( #1773, #1455 ), #635 ) ;
#983 = AXIS2_PLACEMENT_3D ( 'NONE', #232, #671, #1161 ) ;
#984 = CARTESIAN_POINT ( 'NONE',  ( 17.65000000000001279, 6.000000000000000000, 0.000000000000000000 ) ) ;
#985 = PLANE ( 'NONE',  #1815 ) ;
#986 = ORIENTED_EDGE ( 'NONE', *, *, #349, .T. ) ;
#987 = EDGE_CURVE ( 'NONE', #470, #1001, #125, .T. ) ;
#988 = ADVANCED_FACE ( 'NONE', ( #1358 ), #752, .F. ) ;
#989 = ORIENTED_EDGE ( 'NONE', *, *, #616, .F. ) ;
#990 = ADVANCED_FACE ( 'NONE', ( #1206 ), #1678, .F. ) ;
#991 = DIRECTION ( 'NONE',  ( -0.000000000000000000, 1.000000000000000000, -0.000000000000000000 ) ) ;
#992 = AXIS2_PLACEMENT_3D ( 'NONE', #1614, #354, #1300 ) ;
#993 = AXIS2_PLACEMENT_3D ( 'NONE', #899, #1698, #141 ) ;
#994 = LINE ( 'NONE', #1611, #1599 ) ;
#995 = DIRECTION ( 'NONE',  ( 0.000000000000000000, 0.000000000000000000, 1.000000000000000000 ) ) ;
#996 = ADVANCED_FACE ( 'NONE', ( #2009 ), #597, .T. ) ;
#997 = CARTESIAN_POINT ( 'NONE',  ( 3.450000000000010392, 4.799999999999998934, -7.100000000000004086 ) ) ;
#998 = CARTESIAN_POINT ( 'NONE',  ( -17.69999999999999218, 6.000000000000000000, 7.900000000000000355 ) ) ;
#999 = ORIENTED_EDGE ( 'NONE', *, *, #1527, .T. ) ;
#1000 = ORIENTED_EDGE ( 'NONE', *, *, #1500, .F. ) ;
#1001 = VERTEX_POINT ( 'NONE', #1865 ) ;
#1002 = FACE_OUTER_BOUND ( 'NONE', #1679, .T. ) ;
#1003 = CARTESIAN_POINT ( 'NONE',  ( 44.75000000000001421, 4.000000000000000000, 11.45000000000000639 ) ) ;
#1004 = CARTESIAN_POINT ( 'NONE',  ( 24.60000000000001563, 6.000000000000000000, 0.000000000000000000 ) ) ;
#1005 = CARTESIAN_POINT ( 'NONE',  ( -1.301042606982605715E-15, 4.799999999999999822, -7.100000000000002309 ) ) ;
#1006 = DIRECTION ( 'NONE',  ( 0.000000000000000000, 0.000000000000000000, 1.000000000000000000 ) ) ;
#1007 = VERTEX_POINT ( 'NONE', #958 ) ;
#1008 = ORIENTED_EDGE ( 'NONE', *, *, #406, .F. ) ;
#1009 = CARTESIAN_POINT ( 'NONE',  ( 44.75000000000001421, 5.000000000000000000, -17.80000000000000426 ) ) ;
#1010 = LINE ( 'NONE', #1962, #198 ) ;
#1011 = LINE ( 'NONE', #1776, #1026 ) ;
#1012 = ADVANCED_FACE ( 'NONE', ( #1589 ), #180, .F. ) ;
#1013 = DIRECTION ( 'NONE',  ( 0.000000000000000000, 1.000000000000000000, 0.000000000000000000 ) ) ;
#1014 = CYLINDRICAL_SURFACE ( 'NONE', #1610, 5.049999999999997158 ) ;
#1015 = AXIS2_PLACEMENT_3D ( 'NONE', #941, #1601, #795 ) ;
#1016 = ORIENTED_EDGE ( 'NONE', *, *, #248, .T. ) ;
#1017 = EDGE_CURVE ( 'NONE', #146, #1236, #1104, .T. ) ;
#1018 = ORIENTED_EDGE ( 'NONE', *, *, #616, .T. ) ;
#1019 = EDGE_CURVE ( 'NONE', #146, #638, #1598, .T. ) ;
#1020 = FACE_OUTER_BOUND ( 'NONE', #512, .T. ) ;
#1021 = LINE ( 'NONE', #721, #867 ) ;
#1022 = DIRECTION ( 'NONE',  ( -1.000000000000000000, 0.000000000000000000, 0.000000000000000000 ) ) ;
#1023 = EDGE_CURVE ( 'NONE', #265, #1696, #1708, .T. ) ;
#1024 = LINE ( 'NONE', #1495, #816 ) ;
#1025 = CARTESIAN_POINT ( 'NONE',  ( -37.67499999999999716, 5.000000000000000000, 0.000000000000000000 ) ) ;
#1026 = VECTOR ( 'NONE', #1647, 1000.000000000000000 ) ;
#1027 = DIRECTION ( 'NONE',  ( 0.000000000000000000, 0.000000000000000000, 1.000000000000000000 ) ) ;
#1028 = ORIENTED_EDGE ( 'NONE', *, *, #1082, .F. ) ;
#1029 = ORIENTED_EDGE ( 'NONE', *, *, #1135, .F. ) ;
#1030 = DIRECTION ( 'NONE',  ( 1.000000000000000000, 0.000000000000000000, -6.108181253439461166E-17 ) ) ;
#1031 = CARTESIAN_POINT ( 'NONE',  ( -37.67499999999999716, 0.000000000000000000, 8.925000000000000711 ) ) ;
#1032 = CYLINDRICAL_SURFACE ( 'NONE', #1286, 1.299999999999993827 ) ;
#1033 = VECTOR ( 'NONE', #1390, 1000.000000000000000 ) ;
#1034 = ORIENTED_EDGE ( 'NONE', *, *, #1077, .F. ) ;
#1035 = CARTESIAN_POINT ( 'NONE',  ( 44.75000000000001421, 5.000000000000000000, 12.75000000000000178 ) ) ;
#1036 = CARTESIAN_POINT ( 'NONE',  ( 49.80000000000001847, 6.000000000000000000, -12.75000000000000178 ) ) ;
#1037 = ORIENTED_EDGE ( 'NONE', *, *, #631, .F. ) ;
#1038 = ORIENTED_EDGE ( 'NONE', *, *, #1870, .T. ) ;
#1039 = VECTOR ( 'NONE', #213, 1000.000000000000000 ) ;
#1040 = LINE ( 'NONE', #1823, #1102 ) ;
#1041 = EDGE_LOOP ( 'NONE', ( #999, #1739, #714, #1034 ) ) ;
#1042 = PLANE ( 'NONE',  #969 ) ;
#1043 = EDGE_CURVE ( 'NONE', #1374, #1076, #1497, .T. ) ;
#1044 = ORIENTED_EDGE ( 'NONE', *, *, #1113, .F. ) ;
#1045 = CARTESIAN_POINT ( 'NONE',  ( -17.69999999999999218, -21.24335190124195805, 7.900000000000000355 ) ) ;
#1046 = CARTESIAN_POINT ( 'NONE',  ( 24.60000000000001918, 6.000000000000000000, -7.900000000000003908 ) ) ;
#1047 = VECTOR ( 'NONE', #1593, 1000.000000000000000 ) ;
#1048 = LINE ( 'NONE', #1832, #1505 ) ;
#1049 = VERTEX_POINT ( 'NONE', #632 ) ;
#1050 = VERTEX_POINT ( 'NONE', #1581 ) ;
#1051 = EDGE_CURVE ( 'NONE', #159, #1111, #782, .T. ) ;
#1052 = FACE_OUTER_BOUND ( 'NONE', #1212, .T. ) ;
#1053 = ORIENTED_EDGE ( 'NONE', *, *, #1200, .F. ) ;
#1054 = DIRECTION ( 'NONE',  ( 0.000000000000000000, -1.000000000000000000, 0.000000000000000000 ) ) ;
#1055 = VECTOR ( 'NONE', #963, 1000.000000000000000 ) ;
#1056 = DIRECTION ( 'NONE',  ( 0.000000000000000000, 1.000000000000000000, 0.000000000000000000 ) ) ;
#1057 = VERTEX_POINT ( 'NONE', #949 ) ;
#1058 = ORIENTED_EDGE ( 'NONE', *, *, #1208, .T. ) ;
#1059 = AXIS2_PLACEMENT_3D ( 'NONE', #952, #665, #182 ) ;
#1060 = ORIENTED_EDGE ( 'NONE', *, *, #1159, .F. ) ;
#1061 = LINE ( 'NONE', #1695, #1266 ) ;
#1062 = ORIENTED_EDGE ( 'NONE', *, *, #727, .F. ) ;
#1063 = LINE ( 'NONE', #1661, #1372 ) ;
#1064 = CARTESIAN_POINT ( 'NONE',  ( 38.80000000000001847, 4.799999999999998934, 7.899999999999997691 ) ) ;
#1065 = DIRECTION ( 'NONE',  ( 1.000000000000000000, 0.000000000000000000, 0.000000000000000000 ) ) ;
#1066 = ORIENTED_EDGE ( 'NONE', *, *, #135, .F. ) ;
#1067 = ORIENTED_EDGE ( 'NONE', *, *, #1937, .T. ) ;
#1068 = CIRCLE ( 'NONE', #1169, 2.049999999999992717 ) ;
#1069 = DIRECTION ( 'NONE',  ( 0.000000000000000000, 0.000000000000000000, -1.000000000000000000 ) ) ;
#1070 = EDGE_LOOP ( 'NONE', ( #937, #1818, #375, #394 ) ) ;
#1071 = EDGE_CURVE ( 'NONE', #1129, #1183, #464, .T. ) ;
#1072 = LINE ( 'NONE', #1517, #1309 ) ;
#1073 = SURFACE_STYLE_FILL_AREA ( #1230 ) ;
#1074 = CARTESIAN_POINT ( 'NONE',  ( -20.29999999999999716, 3.000000000000000000, 10.05000000000000071 ) ) ;
#1075 = DIRECTION ( 'NONE',  ( 0.000000000000000000, 0.000000000000000000, -1.000000000000000000 ) ) ;
#1076 = VERTEX_POINT ( 'NONE', #1410 ) ;
#1077 = EDGE_CURVE ( 'NONE', #1706, #1606, #337, .T. ) ;
#1078 = VECTOR ( 'NONE', #1449, 1000.000000000000000 ) ;
#1079 = ORIENTED_EDGE ( 'NONE', *, *, #1890, .T. ) ;
#1080 = ORIENTED_EDGE ( 'NONE', *, *, #631, .T. ) ;
#1081 = AXIS2_PLACEMENT_3D ( 'NONE', #1327, #1318, #1619 ) ;
#1082 = EDGE_CURVE ( 'NONE', #265, #301, #1256, .T. ) ;
#1083 = LINE ( 'NONE', #760, #872 ) ;
#1084 = DIRECTION ( 'NONE',  ( 1.000000000000000000, 0.000000000000000000, 0.000000000000000000 ) ) ;
#1085 = VECTOR ( 'NONE', #528, 1000.000000000000000 ) ;
#1086 = CARTESIAN_POINT ( 'NONE',  ( 24.60000000000001918, 4.799999999999998934, 7.899999999999997691 ) ) ;
#1087 = DIRECTION ( 'NONE',  ( 0.000000000000000000, 0.000000000000000000, -1.000000000000000000 ) ) ;
#1088 = CARTESIAN_POINT ( 'NONE',  ( -44.75000000000001421, 4.000000000000000000, 12.75000000000000178 ) ) ;
#1089 = AXIS2_PLACEMENT_3D ( 'NONE', #1322, #1509, #869 ) ;
#1090 = DIRECTION ( 'NONE',  ( 0.000000000000000000, 0.000000000000000000, 1.000000000000000000 ) ) ;
#1091 = EDGE_LOOP ( 'NONE', ( #310, #1980, #1029, #1634 ) ) ;
#1092 = ORIENTED_EDGE ( 'NONE', *, *, #595, .T. ) ;
#1093 = VERTEX_POINT ( 'NONE', #1719 ) ;
#1094 = AXIS2_PLACEMENT_3D ( 'NONE', #223, #51, #1934 ) ;
#1095 = CARTESIAN_POINT ( 'NONE',  ( 3.450000000000010392, 4.799999999999998934, 7.899999999999999467 ) ) ;
#1096 = EDGE_CURVE ( 'NONE', #301, #639, #1889, .T. ) ;
#1097 = DIRECTION ( 'NONE',  ( 0.000000000000000000, 0.000000000000000000, 1.000000000000000000 ) ) ;
#1098 = CYLINDRICAL_SURFACE ( 'NONE', #69, 1.299999999999993827 ) ;
#1099 = LINE ( 'NONE', #1724, #163 ) ;
#1100 = CARTESIAN_POINT ( 'NONE',  ( 49.80000000000001137, 5.000000000000000000, 1.355125162410117579E-14 ) ) ;
#1101 = VERTEX_POINT ( 'NONE', #1430 ) ;
#1102 = VECTOR ( 'NONE', #566, 1000.000000000000000 ) ;
#1103 = EDGE_LOOP ( 'NONE', ( #881, #100, #557, #1395 ) ) ;
#1104 = LINE ( 'NONE', #1114, #1167 ) ;
#1105 = EDGE_CURVE ( 'NONE', #1547, #638, #1083, .T. ) ;
#1106 = DIRECTION ( 'NONE',  ( 0.000000000000000000, 1.000000000000000000, -0.000000000000000000 ) ) ;
#1107 = CARTESIAN_POINT ( 'NONE',  ( 44.75000000000001421, 0.000000000000000000, 12.75000000000000178 ) ) ;
#1108 = DIRECTION ( 'NONE',  ( -0.000000000000000000, 1.000000000000000000, -0.000000000000000000 ) ) ;
#1109 = DIRECTION ( 'NONE',  ( 0.000000000000000000, 0.000000000000000000, 1.000000000000000000 ) ) ;
#1110 = ORIENTED_EDGE ( 'NONE', *, *, #1621, .T. ) ;
#1111 = VERTEX_POINT ( 'NONE', #452 ) ;
#1112 = EDGE_LOOP ( 'NONE', ( #1666, #169 ) ) ;
#1113 = EDGE_CURVE ( 'NONE', #423, #947, #651, .T. ) ;
#1114 = CARTESIAN_POINT ( 'NONE',  ( -20.29999999999999716, 3.000000000000000000, 0.000000000000000000 ) ) ;
#1115 = AXIS2_PLACEMENT_3D ( 'NONE', #109, #2022, #898 ) ;
#1116 = LINE ( 'NONE', #1267, #27 ) ;
#1117 = DIRECTION ( 'NONE',  ( 0.000000000000000000, 0.000000000000000000, 1.000000000000000000 ) ) ;
#1118 = DIRECTION ( 'NONE',  ( -0.000000000000000000, 1.000000000000000000, -0.000000000000000000 ) ) ;
#1119 = FACE_OUTER_BOUND ( 'NONE', #1121, .T. ) ;
#1120 = ORIENTED_EDGE ( 'NONE', *, *, #1714, .F. ) ;
#1121 = EDGE_LOOP ( 'NONE', ( #863, #79, #300, #1713, #521, #1209, #1461, #2001 ) ) ;
#1122 = VECTOR ( 'NONE', #647, 1000.000000000000000 ) ;
#1123 = CARTESIAN_POINT ( 'NONE',  ( -17.69999999999999218, 4.799999999999998934, -7.099999999999998757 ) ) ;
#1124 = DIRECTION ( 'NONE',  ( 0.000000000000000000, 1.000000000000000000, -0.000000000000000000 ) ) ;
#1125 = DIRECTION ( 'NONE',  ( 0.000000000000000000, 1.000000000000000000, -0.000000000000000000 ) ) ;
#1126 = CARTESIAN_POINT ( 'NONE',  ( -49.79999999999999005, 5.000000000000000000, 12.75000000000000178 ) ) ;
#1127 = DIRECTION ( 'NONE',  ( -0.000000000000000000, -1.000000000000000000, -0.000000000000000000 ) ) ;
#1128 = EDGE_LOOP ( 'NONE', ( #187, #1281, #1439, #503 ) ) ;
#1129 = VERTEX_POINT ( 'NONE', #1123 ) ;
#1130 = AXIS2_PLACEMENT_3D ( 'NONE', #1783, #1160, #1608 ) ;
#1131 = CARTESIAN_POINT ( 'NONE',  ( 17.65000000000001279, 4.799999999999998934, 7.899999999999999467 ) ) ;
#1132 = DIRECTION ( 'NONE',  ( 0.000000000000000000, 1.000000000000000000, 0.000000000000000000 ) ) ;
#1133 = LINE ( 'NONE', #1892, #1984 ) ;
#1134 = VECTOR ( 'NONE', #160, 1000.000000000000000 ) ;
#1135 = EDGE_CURVE ( 'NONE', #293, #588, #793, .T. ) ;
#1136 = EDGE_CURVE ( 'NONE', #401, #1540, #1238, .T. ) ;
#1137 = DIRECTION ( 'NONE',  ( 0.000000000000000000, 0.000000000000000000, 1.000000000000000000 ) ) ;
#1138 = DIRECTION ( 'NONE',  ( 0.000000000000000000, 1.000000000000000000, -0.000000000000000000 ) ) ;
#1139 = ORIENTED_EDGE ( 'NONE', *, *, #896, .F. ) ;
#1140 = ORIENTED_EDGE ( 'NONE', *, *, #1527, .F. ) ;
#1141 = CARTESIAN_POINT ( 'NONE',  ( 3.450000000000011724, 6.000000000000000000, -7.100000000000003197 ) ) ;
#1142 = ADVANCED_FACE ( 'NONE', ( #1245 ), #1740, .T. ) ;
#1143 = CARTESIAN_POINT ( 'NONE',  ( -44.75000000000001421, 4.000000000000000000, -11.45000000000000639 ) ) ;
#1144 = CYLINDRICAL_SURFACE ( 'NONE', #332, 2.049999999999992717 ) ;
#1145 = AXIS2_PLACEMENT_3D ( 'NONE', #544, #363, #683 ) ;
#1146 = DIRECTION ( 'NONE',  ( 0.000000000000000000, 0.000000000000000000, -1.000000000000000000 ) ) ;
#1147 = CARTESIAN_POINT ( 'NONE',  ( 44.75000000000001421, 5.000000000000000000, 12.75000000000000178 ) ) ;
#1148 = VERTEX_POINT ( 'NONE', #1398 ) ;
#1149 = VERTEX_POINT ( 'NONE', #2031 ) ;
#1150 = DIRECTION ( 'NONE',  ( 0.000000000000000000, 0.000000000000000000, -1.000000000000000000 ) ) ;
#1151 = DIRECTION ( 'NONE',  ( 0.000000000000000000, -0.000000000000000000, 1.000000000000000000 ) ) ;
#1152 = EDGE_CURVE ( 'NONE', #485, #1405, #620, .T. ) ;
#1153 = CARTESIAN_POINT ( 'NONE',  ( 41.80000000000000426, 5.000000000000000000, 0.000000000000000000 ) ) ;
#1154 = CIRCLE ( 'NONE', #397, 5.049999999999988276 ) ;
#1155 = PLANE ( 'NONE',  #1145 ) ;
#1156 = FACE_OUTER_BOUND ( 'NONE', #780, .T. ) ;
#1157 = FACE_OUTER_BOUND ( 'NONE', #564, .T. ) ;
#1158 = ORIENTED_EDGE ( 'NONE', *, *, #1597, .T. ) ;
#1159 = EDGE_CURVE ( 'NONE', #1864, #701, #1474, .T. ) ;
#1160 = DIRECTION ( 'NONE',  ( 1.832454376031838473E-16, -0.000000000000000000, 1.000000000000000000 ) ) ;
#1161 = DIRECTION ( 'NONE',  ( 1.000000000000000000, 0.000000000000000000, -0.000000000000000000 ) ) ;
#1162 = VECTOR ( 'NONE', #298, 1000.000000000000000 ) ;
#1163 = DIRECTION ( 'NONE',  ( 0.000000000000000000, 0.000000000000000000, 1.000000000000000000 ) ) ;
#1164 = ADVANCED_FACE ( 'NONE', ( #369 ), #60, .T. ) ;
#1165 = DIRECTION ( 'NONE',  ( 1.000000000000000000, 0.000000000000000000, -6.108181253439462399E-17 ) ) ;
#1166 = LINE ( 'NONE', #858, #1085 ) ;
#1167 = VECTOR ( 'NONE', #2043, 1000.000000000000000 ) ;
#1168 = EDGE_CURVE ( 'NONE', #1049, #318, #532, .T. ) ;
#1169 = AXIS2_PLACEMENT_3D ( 'NONE', #1966, #684, #364 ) ;
#1170 = ORIENTED_EDGE ( 'NONE', *, *, #1651, .F. ) ;
#1171 = VERTEX_POINT ( 'NONE', #813 ) ;
#1172 = ORIENTED_EDGE ( 'NONE', *, *, #473, .T. ) ;
#1173 = DIRECTION ( 'NONE',  ( 1.000000000000000000, 0.000000000000000000, -7.752954082577908637E-17 ) ) ;
#1174 = PRODUCT_DEFINITION ( 'General', '', #467, #977 ) ;
#1175 = DIRECTION ( 'NONE',  ( 0.000000000000000000, 1.000000000000000000, 0.000000000000000000 ) ) ;
#1176 = DIRECTION ( 'NONE',  ( 0.000000000000000000, 0.000000000000000000, -1.000000000000000000 ) ) ;
#1177 = VECTOR ( 'NONE', #1361, 1000.000000000000000 ) ;
#1178 = DIRECTION ( 'NONE',  ( 0.000000000000000000, 0.000000000000000000, 1.000000000000000000 ) ) ;
#1179 = AXIS2_PLACEMENT_3D ( 'NONE', #1221, #1065, #764 ) ;
#1180 = DIRECTION ( 'NONE',  ( 0.000000000000000000, 1.000000000000000000, -0.000000000000000000 ) ) ;
#1181 = AXIS2_PLACEMENT_3D ( 'NONE', #1903, #1124, #1590 ) ;
#1182 = CARTESIAN_POINT ( 'NONE',  ( -44.75000000000001421, 6.000000000000000000, -12.75000000000000178 ) ) ;
#1183 = VERTEX_POINT ( 'NONE', #1316 ) ;
#1184 = CARTESIAN_POINT ( 'NONE',  ( 4.336808689942016750E-16, 3.000000000000000000, 7.099999999999998757 ) ) ;
#1185 = CARTESIAN_POINT ( 'NONE',  ( 17.65000000000001279, 6.000000000000000000, 7.099999999999996980 ) ) ;
#1186 = PLANE ( 'NONE',  #959 ) ;
#1187 = ORIENTED_EDGE ( 'NONE', *, *, #1772, .T. ) ;
#1188 = LINE ( 'NONE', #1005, #783 ) ;
#1189 = FACE_OUTER_BOUND ( 'NONE', #1798, .T. ) ;
#1190 = EDGE_CURVE ( 'NONE', #1694, #1767, #1801, .T. ) ;
#1191 = AXIS2_PLACEMENT_3D ( 'NONE', #498, #205, #1731 ) ;
#1192 = ORIENTED_EDGE ( 'NONE', *, *, #406, .T. ) ;
#1193 = EDGE_LOOP ( 'NONE', ( #1172, #547 ) ) ;
#1194 = ADVANCED_FACE ( 'NONE', ( #1002 ), #663, .T. ) ;
#1195 = FACE_BOUND ( 'NONE', #1292, .T. ) ;
#1196 = DIRECTION ( 'NONE',  ( 0.000000000000000000, 0.000000000000000000, 1.000000000000000000 ) ) ;
#1197 = VERTEX_POINT ( 'NONE', #1465 ) ;
#1198 = DIRECTION ( 'NONE',  ( 0.000000000000000000, 1.000000000000000000, 0.000000000000000000 ) ) ;
#1199 = DIRECTION ( 'NONE',  ( -1.000000000000000000, 0.000000000000000000, 2.325886224773372098E-16 ) ) ;
#1200 = EDGE_CURVE ( 'NONE', #1197, #282, #1295, .T. ) ;
#1201 = ADVANCED_FACE ( 'NONE', ( #1020 ), #1627, .T. ) ;
#1202 = DIRECTION ( 'NONE',  ( 0.000000000000000000, 0.000000000000000000, -1.000000000000000000 ) ) ;
#1203 = ORIENTED_EDGE ( 'NONE', *, *, #1255, .T. ) ;
#1204 = VECTOR ( 'NONE', #1305, 1000.000000000000000 ) ;
#1205 = ORIENTED_EDGE ( 'NONE', *, *, #65, .T. ) ;
#1206 = FACE_OUTER_BOUND ( 'NONE', #562, .T. ) ;
#1207 =( LENGTH_UNIT ( ) NAMED_UNIT ( * ) SI_UNIT ( .MILLI., .METRE. ) );
#1208 = EDGE_CURVE ( 'NONE', #1007, #1222, #70, .T. ) ;
#1209 = ORIENTED_EDGE ( 'NONE', *, *, #1234, .T. ) ;
#1210 = DIRECTION ( 'NONE',  ( -0.000000000000000000, 1.000000000000000000, -0.000000000000000000 ) ) ;
#1211 = CARTESIAN_POINT ( 'NONE',  ( -3.499999999999997780, 4.799999999999998934, 7.900000000000000355 ) ) ;
#1212 = EDGE_LOOP ( 'NONE', ( #18, #376 ) ) ;
#1213 = CIRCLE ( 'NONE', #685, 1.299999999999993827 ) ;
#1214 = EDGE_LOOP ( 'NONE', ( #956, #660, #493, #989 ) ) ;
#1215 = CIRCLE ( 'NONE', #1877, 5.049999999999980282 ) ;
#1216 = DIRECTION ( 'NONE',  ( 0.000000000000000000, 1.000000000000000000, -0.000000000000000000 ) ) ;
#1217 = DIRECTION ( 'NONE',  ( 0.000000000000000000, 0.000000000000000000, 1.000000000000000000 ) ) ;
#1218 = VERTEX_POINT ( 'NONE', #388 ) ;
#1219 = DIRECTION ( 'NONE',  ( 0.000000000000000000, -0.000000000000000000, -1.000000000000000000 ) ) ;
#1220 = FILL_AREA_STYLE_COLOUR ( '', #1766 ) ;
#1221 = CARTESIAN_POINT ( 'NONE',  ( -20.29999999999999716, 5.000000000000000000, 0.000000000000000000 ) ) ;
#1222 = VERTEX_POINT ( 'NONE', #679 ) ;
#1223 = CIRCLE ( 'NONE', #861, 3.649999999999998135 ) ;
#1224 = ORIENTED_EDGE ( 'NONE', *, *, #1096, .F. ) ;
#1225 = ORIENTED_EDGE ( 'NONE', *, *, #1247, .F. ) ;
#1226 = EDGE_CURVE ( 'NONE', #1767, #573, #231, .T. ) ;
#1227 = DIRECTION ( 'NONE',  ( 0.000000000000000000, 1.000000000000000000, 0.000000000000000000 ) ) ;
#1228 = ORIENTED_EDGE ( 'NONE', *, *, #1412, .T. ) ;
#1229 = DIRECTION ( 'NONE',  ( -0.000000000000000000, -1.000000000000000000, -0.000000000000000000 ) ) ;
#1230 = FILL_AREA_STYLE ('',( #1220 ) ) ;
#1231 = FACE_OUTER_BOUND ( 'NONE', #1949, .T. ) ;
#1232 = DIRECTION ( 'NONE',  ( 0.000000000000000000, -0.000000000000000000, 1.000000000000000000 ) ) ;
#1233 = VERTEX_POINT ( 'NONE', #1484 ) ;
#1234 = EDGE_CURVE ( 'NONE', #401, #470, #1931, .T. ) ;
#1235 = ORIENTED_EDGE ( 'NONE', *, *, #924, .T. ) ;
#1236 = VERTEX_POINT ( 'NONE', #189 ) ;
#1237 = VECTOR ( 'NONE', #1548, 1000.000000000000000 ) ;
#1238 = LINE ( 'NONE', #1901, #1663 ) ;
#1239 = FACE_OUTER_BOUND ( 'NONE', #904, .T. ) ;
#1240 = FACE_OUTER_BOUND ( 'NONE', #892, .T. ) ;
#1241 = FACE_BOUND ( 'NONE', #250, .T. ) ;
#1242 = VERTEX_POINT ( 'NONE', #203 ) ;
#1243 = VECTOR ( 'NONE', #214, 1000.000000000000000 ) ;
#1244 = ORIENTED_EDGE ( 'NONE', *, *, #404, .F. ) ;
#1245 = FACE_OUTER_BOUND ( 'NONE', #1516, .T. ) ;
#1246 = LINE ( 'NONE', #623, #1243 ) ;
#1247 = EDGE_CURVE ( 'NONE', #78, #1171, #675, .T. ) ;
#1248 = LINE ( 'NONE', #815, #274 ) ;
#1249 = CARTESIAN_POINT ( 'NONE',  ( -44.75000000000001421, 4.000000000000000000, -12.75000000000000178 ) ) ;
#1250 = AXIS2_PLACEMENT_3D ( 'NONE', #194, #15, #1260 ) ;
#1251 = CARTESIAN_POINT ( 'NONE',  ( -3.499999999999997780, 4.799999999999998934, 7.099999999999998757 ) ) ;
#1252 = VERTEX_POINT ( 'NONE', #1923 ) ;
#1253 = ORIENTED_EDGE ( 'NONE', *, *, #1471, .F. ) ;
#1254 = VERTEX_POINT ( 'NONE', #505 ) ;
#1255 = EDGE_CURVE ( 'NONE', #365, #1969, #513, .T. ) ;
#1256 = LINE ( 'NONE', #1095, #1431 ) ;
#1257 = DIRECTION ( 'NONE',  ( 0.000000000000000000, 0.000000000000000000, 1.000000000000000000 ) ) ;
#1258 = CARTESIAN_POINT ( 'NONE',  ( 44.75000000000001421, 4.000000000000000000, -12.75000000000000178 ) ) ;
#1259 = DIRECTION ( 'NONE',  ( 0.000000000000000000, 0.000000000000000000, -1.000000000000000000 ) ) ;
#1260 = DIRECTION ( 'NONE',  ( 0.000000000000000000, 0.000000000000000000, 1.000000000000000000 ) ) ;
#1261 = ORIENTED_EDGE ( 'NONE', *, *, #1349, .F. ) ;
#1262 = EDGE_CURVE ( 'NONE', #800, #1057, #359, .T. ) ;
#1263 = ORIENTED_EDGE ( 'NONE', *, *, #555, .T. ) ;
#1264 = ORIENTED_EDGE ( 'NONE', *, *, #1051, .F. ) ;
#1265 = CARTESIAN_POINT ( 'NONE',  ( -17.69999999999999218, 4.799999999999998934, 7.900000000000000355 ) ) ;
#1266 = VECTOR ( 'NONE', #1657, 1000.000000000000000 ) ;
#1267 = CARTESIAN_POINT ( 'NONE',  ( 44.75000000000001421, 5.000000000000000000, 11.45000000000000639 ) ) ;
#1268 = DIRECTION ( 'NONE',  ( -1.000000000000000000, 0.000000000000000000, -0.000000000000000000 ) ) ;
#1269 = DIRECTION ( 'NONE',  ( 1.000000000000000000, 0.000000000000000000, 0.000000000000000000 ) ) ;
#1270 = DIRECTION ( 'NONE',  ( 0.000000000000000000, 1.000000000000000000, -0.000000000000000000 ) ) ;
#1271 = VERTEX_POINT ( 'NONE', #348 ) ;
#1272 = ORIENTED_EDGE ( 'NONE', *, *, #2041, .F. ) ;
#1273 = DIRECTION ( 'NONE',  ( -1.000000000000000000, 0.000000000000000000, -0.000000000000000000 ) ) ;
#1274 = CIRCLE ( 'NONE', #295, 1.299999999999993827 ) ;
#1275 = AXIS2_PLACEMENT_3D ( 'NONE', #1312, #374, #692 ) ;
#1276 = CARTESIAN_POINT ( 'NONE',  ( 4.336808689942016750E-16, 4.799999999999999822, 7.099999999999997868 ) ) ;
#1277 = DIRECTION ( 'NONE',  ( 1.221636250687892233E-16, 0.000000000000000000, 1.000000000000000000 ) ) ;
#1278 = DIRECTION ( 'NONE',  ( -1.000000000000000000, 0.000000000000000000, 0.000000000000000000 ) ) ;
#1279 = CARTESIAN_POINT ( 'NONE',  ( 44.75000000000001421, 0.000000000000000000, -12.75000000000000178 ) ) ;
#1280 = ORIENTED_EDGE ( 'NONE', *, *, #1520, .T. ) ;
#1281 = ORIENTED_EDGE ( 'NONE', *, *, #1247, .T. ) ;
#1282 = CIRCLE ( 'NONE', #1585, 1.299999999999993827 ) ;
#1283 = CARTESIAN_POINT ( 'NONE',  ( 38.80000000000001847, 6.000000000000000000, 0.000000000000000000 ) ) ;
#1284 = EDGE_CURVE ( 'NONE', #1350, #842, #1464, .T. ) ;
#1285 = EDGE_CURVE ( 'NONE', #842, #1512, #37, .T. ) ;
#1286 = AXIS2_PLACEMENT_3D ( 'NONE', #826, #62, #1486 ) ;
#1287 = DIRECTION ( 'NONE',  ( 1.221636250687892233E-16, 0.000000000000000000, 1.000000000000000000 ) ) ;
#1288 = DIRECTION ( 'NONE',  ( 0.000000000000000000, 0.000000000000000000, -1.000000000000000000 ) ) ;
#1289 = CARTESIAN_POINT ( 'NONE',  ( 44.75000000000001421, 4.000000000000000000, -12.75000000000000178 ) ) ;
#1290 = CARTESIAN_POINT ( 'NONE',  ( 49.80000000000001137, 6.000000000000000000, 1.355125162410117579E-14 ) ) ;
#1291 = VERTEX_POINT ( 'NONE', #1617 ) ;
#1292 = EDGE_LOOP ( 'NONE', ( #1110, #346 ) ) ;
#1293 = EDGE_CURVE ( 'NONE', #1533, #103, #920, .T. ) ;
#1294 = VECTOR ( 'NONE', #249, 1000.000000000000000 ) ;
#1295 = LINE ( 'NONE', #378, #1298 ) ;
#1296 = DIRECTION ( 'NONE',  ( -1.000000000000000000, 0.000000000000000000, 1.832454376031838473E-16 ) ) ;
#1297 = CARTESIAN_POINT ( 'NONE',  ( -3.500000000000000888, 3.000000000000000000, 7.099999999999997868 ) ) ;
#1298 = VECTOR ( 'NONE', #48, 1000.000000000000000 ) ;
#1299 = DIRECTION ( 'NONE',  ( -0.000000000000000000, -1.000000000000000000, -0.000000000000000000 ) ) ;
#1300 = DIRECTION ( 'NONE',  ( -1.000000000000000000, 0.000000000000000000, -0.000000000000000000 ) ) ;
#1301 = ORIENTED_EDGE ( 'NONE', *, *, #1293, .T. ) ;
#1302 = ORIENTED_EDGE ( 'NONE', *, *, #1304, .T. ) ;
#1303 = CIRCLE ( 'NONE', #1835, 2.049999999999992717 ) ;
#1304 = EDGE_CURVE ( 'NONE', #1183, #282, #1040, .T. ) ;
#1305 = DIRECTION ( 'NONE',  ( -0.000000000000000000, -1.000000000000000000, -0.000000000000000000 ) ) ;
#1306 = VECTOR ( 'NONE', #527, 1000.000000000000000 ) ;
#1307 = CARTESIAN_POINT ( 'NONE',  ( 41.80000000000000426, 3.000000000000000000, 10.05000000000000071 ) ) ;
#1308 = DIRECTION ( 'NONE',  ( -0.000000000000000000, -1.000000000000000000, -0.000000000000000000 ) ) ;
#1309 = VECTOR ( 'NONE', #1697, 1000.000000000000000 ) ;
#1310 = ADVANCED_FACE ( 'NONE', ( #1241, #1655, #1667, #1981, #1195, #627, #263 ), #91, .F. ) ;
#1311 = CARTESIAN_POINT ( 'NONE',  ( -49.79999999999999005, 6.000000000000000000, -12.75000000000000178 ) ) ;
#1312 = CARTESIAN_POINT ( 'NONE',  ( 44.75000000000001421, 0.000000000000000000, 12.75000000000000178 ) ) ;
#1313 = AXIS2_PLACEMENT_3D ( 'NONE', #724, #1340, #236 ) ;
#1314 = CARTESIAN_POINT ( 'NONE',  ( -37.67499999999999716, 0.000000000000000000, -8.925000000000000711 ) ) ;
#1315 = ORIENTED_EDGE ( 'NONE', *, *, #1556, .F. ) ;
#1316 = CARTESIAN_POINT ( 'NONE',  ( -17.69999999999999218, 4.799999999999991829, -7.899999999999999467 ) ) ;
#1317 = EDGE_CURVE ( 'NONE', #1921, #1233, #2037, .T. ) ;
#1318 = DIRECTION ( 'NONE',  ( 0.000000000000000000, 1.000000000000000000, 0.000000000000000000 ) ) ;
#1319 = CARTESIAN_POINT ( 'NONE',  ( -44.75000000000001421, 4.000000000000000000, 12.75000000000000178 ) ) ;
#1320 = VECTOR ( 'NONE', #1117, 1000.000000000000000 ) ;
#1321 = CARTESIAN_POINT ( 'NONE',  ( -44.75000000000001421, 5.000000000000000000, -12.75000000000000178 ) ) ;
#1322 = CARTESIAN_POINT ( 'NONE',  ( 44.75000000000001421, 5.000000000000000000, -12.75000000000000178 ) ) ;
#1323 = ORIENTED_EDGE ( 'NONE', *, *, #253, .F. ) ;
#1324 = ORIENTED_EDGE ( 'NONE', *, *, #1380, .T. ) ;
#1325 = EDGE_CURVE ( 'NONE', #2040, #1930, #615, .T. ) ;
#1326 = DIRECTION ( 'NONE',  ( -1.000000000000000000, -0.000000000000000000, -0.000000000000000000 ) ) ;
#1327 = CARTESIAN_POINT ( 'NONE',  ( 44.75000000000001421, 4.000000000000000000, -12.75000000000000178 ) ) ;
#1328 = CYLINDRICAL_SURFACE ( 'NONE', #1354, 1.299999999999993827 ) ;
#1329 = CARTESIAN_POINT ( 'NONE',  ( -44.75000000000001421, 6.000000000000000000, -10.70000000000000817 ) ) ;
#1330 = CARTESIAN_POINT ( 'NONE',  ( 0.000000000000000000, 3.000000000000000000, -10.05000000000000071 ) ) ;
#1331 = VECTOR ( 'NONE', #772, 1000.000000000000000 ) ;
#1332 = CARTESIAN_POINT ( 'NONE',  ( 24.60000000000001918, 4.799999999999998934, 7.899999999999997691 ) ) ;
#1333 = EDGE_LOOP ( 'NONE', ( #1928, #926, #1878, #220 ) ) ;
#1334 = DIRECTION ( 'NONE',  ( 0.000000000000000000, 0.000000000000000000, -1.000000000000000000 ) ) ;
#1335 = CARTESIAN_POINT ( 'NONE',  ( -1.301042606982606110E-15, 4.799999999999999822, -7.100000000000003197 ) ) ;
#1336 = DIRECTION ( 'NONE',  ( -0.000000000000000000, -1.000000000000000000, -0.000000000000000000 ) ) ;
#1337 = ORIENTED_EDGE ( 'NONE', *, *, #1732, .T. ) ;
#1338 = DIRECTION ( 'NONE',  ( -0.000000000000000000, -1.000000000000000000, -0.000000000000000000 ) ) ;
#1339 = CIRCLE ( 'NONE', #1700, 1.299999999999993827 ) ;
#1340 = DIRECTION ( 'NONE',  ( -0.000000000000000000, -1.000000000000000000, -0.000000000000000000 ) ) ;
#1341 = EDGE_CURVE ( 'NONE', #433, #265, #883, .T. ) ;
#1342 = AXIS2_PLACEMENT_3D ( 'NONE', #1794, #1175, #1151 ) ;
#1343 = ORIENTED_EDGE ( 'NONE', *, *, #1105, .T. ) ;
#1344 = ORIENTED_EDGE ( 'NONE', *, *, #1285, .T. ) ;
#1345 = LINE ( 'NONE', #1874, #837 ) ;
#1346 = ORIENTED_EDGE ( 'NONE', *, *, #1958, .T. ) ;
#1347 = DIRECTION ( 'NONE',  ( 0.000000000000000000, 0.000000000000000000, 1.000000000000000000 ) ) ;
#1348 = EDGE_CURVE ( 'NONE', #583, #86, #1885, .T. ) ;
#1349 = EDGE_CURVE ( 'NONE', #443, #630, #1824, .T. ) ;
#1350 = VERTEX_POINT ( 'NONE', #1552 ) ;
#1351 = CARTESIAN_POINT ( 'NONE',  ( 44.75000000000001421, 4.000000000000000000, -12.75000000000000178 ) ) ;
#1352 = CARTESIAN_POINT ( 'NONE',  ( 44.75000000000001421, 6.000000000000000000, -10.70000000000000817 ) ) ;
#1353 = EDGE_CURVE ( 'NONE', #511, #1101, #1345, .T. ) ;
#1354 = AXIS2_PLACEMENT_3D ( 'NONE', #1963, #1336, #1946 ) ;
#1355 = CARTESIAN_POINT ( 'NONE',  ( 44.75000000000001421, 4.000000000000000000, 12.75000000000000178 ) ) ;
#1356 = ORIENTED_EDGE ( 'NONE', *, *, #1995, .T. ) ;
#1357 = EDGE_CURVE ( 'NONE', #418, #2005, #642, .T. ) ;
#1358 = FACE_OUTER_BOUND ( 'NONE', #893, .T. ) ;
#1359 = ORIENTED_EDGE ( 'NONE', *, *, #1990, .F. ) ;
#1360 = CARTESIAN_POINT ( 'NONE',  ( 44.75000000000001421, 4.000000000000000000, -12.75000000000000178 ) ) ;
#1361 = DIRECTION ( 'NONE',  ( 1.000000000000000000, 0.000000000000000000, 0.000000000000000000 ) ) ;
#1362 = ORIENTED_EDGE ( 'NONE', *, *, #1226, .T. ) ;
#1363 = EDGE_LOOP ( 'NONE', ( #1062, #279 ) ) ;
#1364 = ADVANCED_FACE ( 'NONE', ( #603 ), #239, .T. ) ;
#1365 = CARTESIAN_POINT ( 'NONE',  ( 44.75000000000001421, 4.000000000000000000, 12.75000000000000178 ) ) ;
#1366 = ORIENTED_EDGE ( 'NONE', *, *, #1520, .F. ) ;
#1367 = DIRECTION ( 'NONE',  ( 0.000000000000000000, 1.000000000000000000, 0.000000000000000000 ) ) ;
#1368 = CARTESIAN_POINT ( 'NONE',  ( -1.301042606982605912E-15, 4.799999999999999822, -7.100000000000003197 ) ) ;
#1369 = DIRECTION ( 'NONE',  ( -0.000000000000000000, -1.000000000000000000, -0.000000000000000000 ) ) ;
#1370 = ORIENTED_EDGE ( 'NONE', *, *, #1448, .T. ) ;
#1371 = EDGE_CURVE ( 'NONE', #538, #789, #1645, .T. ) ;
#1372 = VECTOR ( 'NONE', #1689, 1000.000000000000000 ) ;
#1373 = VERTEX_POINT ( 'NONE', #1251 ) ;
#1374 = VERTEX_POINT ( 'NONE', #1393 ) ;
#1375 = DIRECTION ( 'NONE',  ( 1.000000000000000000, 0.000000000000000000, 0.000000000000000000 ) ) ;
#1376 = ADVANCED_FACE ( 'NONE', ( #307 ), #1403, .T. ) ;
#1377 = ORIENTED_EDGE ( 'NONE', *, *, #622, .F. ) ;
#1378 = DIRECTION ( 'NONE',  ( 0.000000000000000000, 0.000000000000000000, -1.000000000000000000 ) ) ;
#1379 = DIRECTION ( 'NONE',  ( 0.000000000000000000, 0.000000000000000000, -1.000000000000000000 ) ) ;
#1380 = EDGE_CURVE ( 'NONE', #1222, #676, #935, .T. ) ;
#1381 = VECTOR ( 'NONE', #1334, 1000.000000000000000 ) ;
#1382 = DIRECTION ( 'NONE',  ( -0.000000000000000000, 1.000000000000000000, -0.000000000000000000 ) ) ;
#1383 = DIRECTION ( 'NONE',  ( -0.000000000000000000, -1.000000000000000000, -0.000000000000000000 ) ) ;
#1384 = ORIENTED_EDGE ( 'NONE', *, *, #1748, .T. ) ;
#1385 = AXIS2_PLACEMENT_3D ( 'NONE', #478, #1424, #31 ) ;
#1386 = ORIENTED_EDGE ( 'NONE', *, *, #1905, .F. ) ;
#1387 = CARTESIAN_POINT ( 'NONE',  ( 17.65000000000001279, -21.24335190124195805, 7.899999999999999467 ) ) ;
#1388 = SHAPE_DEFINITION_REPRESENTATION ( #395, #982 ) ;
#1389 = CARTESIAN_POINT ( 'NONE',  ( -37.67499999999999716, 6.000000000000000000, -3.649999999999998135 ) ) ;
#1390 = DIRECTION ( 'NONE',  ( -1.000000000000000000, 0.000000000000000000, 1.832454376031838473E-16 ) ) ;
#1391 = VECTOR ( 'NONE', #1296, 1000.000000000000000 ) ;
#1392 = DIRECTION ( 'NONE',  ( 0.000000000000000000, 0.000000000000000000, 1.000000000000000000 ) ) ;
#1393 = CARTESIAN_POINT ( 'NONE',  ( 44.75000000000001421, 0.000000000000000000, 14.04999999999999538 ) ) ;
#1394 = ORIENTED_EDGE ( 'NONE', *, *, #1501, .F. ) ;
#1395 = ORIENTED_EDGE ( 'NONE', *, *, #288, .F. ) ;
#1396 = ORIENTED_EDGE ( 'NONE', *, *, #1780, .T. ) ;
#1397 = VECTOR ( 'NONE', #9, 1000.000000000000000 ) ;
#1398 = CARTESIAN_POINT ( 'NONE',  ( -17.69999999999999218, 4.799999999999998934, 7.099999999999998757 ) ) ;
#1399 = CARTESIAN_POINT ( 'NONE',  ( -1.301042606982605912E-15, 3.000000000000000000, -7.100000000000003197 ) ) ;
#1400 = EDGE_CURVE ( 'NONE', #365, #1694, #82, .T. ) ;
#1401 = DIRECTION ( 'NONE',  ( -0.000000000000000000, -1.000000000000000000, -0.000000000000000000 ) ) ;
#1402 = LINE ( 'NONE', #23, #24 ) ;
#1403 = PLANE ( 'NONE',  #1416 ) ;
#1404 = EDGE_CURVE ( 'NONE', #1101, #28, #551, .T. ) ;
#1405 = VERTEX_POINT ( 'NONE', #874 ) ;
#1406 = VECTOR ( 'NONE', #132, 1000.000000000000000 ) ;
#1407 = ORIENTED_EDGE ( 'NONE', *, *, #860, .T. ) ;
#1408 = CIRCLE ( 'NONE', #164, 3.649999999999998135 ) ;
#1409 = ORIENTED_EDGE ( 'NONE', *, *, #1964, .F. ) ;
#1410 = CARTESIAN_POINT ( 'NONE',  ( 44.75000000000001421, 0.000000000000000000, 11.45000000000000639 ) ) ;
#1411 = CARTESIAN_POINT ( 'NONE',  ( -44.75000000000001421, 0.000000000000000000, 12.75000000000000178 ) ) ;
#1412 = EDGE_CURVE ( 'NONE', #668, #247, #25, .T. ) ;
#1413 = CARTESIAN_POINT ( 'NONE',  ( 4.336808689942016750E-16, 6.000000000000000000, 7.099999999999997868 ) ) ;
#1414 = ADVANCED_FACE ( 'NONE', ( #819 ), #1765, .F. ) ;
#1415 = LINE ( 'NONE', #325, #1306 ) ;
#1416 = AXIS2_PLACEMENT_3D ( 'NONE', #864, #2025, #718 ) ;
#1417 = DIRECTION ( 'NONE',  ( 0.000000000000000000, 1.000000000000000000, 0.000000000000000000 ) ) ;
#1418 = ORIENTED_EDGE ( 'NONE', *, *, #1317, .F. ) ;
#1419 = ORIENTED_EDGE ( 'NONE', *, *, #1262, .T. ) ;
#1420 = EDGE_LOOP ( 'NONE', ( #1120, #650, #1264, #280, #907, #1409, #1315, #259 ) ) ;
#1421 = CIRCLE ( 'NONE', #1094, 3.649999999999998135 ) ;
#1422 = DIRECTION ( 'NONE',  ( 0.000000000000000000, 0.000000000000000000, -1.000000000000000000 ) ) ;
#1423 = DIRECTION ( 'NONE',  ( -0.000000000000000000, -1.000000000000000000, -0.000000000000000000 ) ) ;
#1424 = DIRECTION ( 'NONE',  ( 0.000000000000000000, 0.000000000000000000, -1.000000000000000000 ) ) ;
#1425 = FACE_OUTER_BOUND ( 'NONE', #1834, .T. ) ;
#1426 = FACE_BOUND ( 'NONE', #1959, .T. ) ;
#1427 = ORIENTED_EDGE ( 'NONE', *, *, #1899, .T. ) ;
#1428 = VECTOR ( 'NONE', #991, 1000.000000000000000 ) ;
#1429 = ORIENTED_EDGE ( 'NONE', *, *, #1341, .F. ) ;
#1430 = CARTESIAN_POINT ( 'NONE',  ( 24.60000000000001563, 3.000000000000000000, 7.099999999999996980 ) ) ;
#1431 = VECTOR ( 'NONE', #1273, 1000.000000000000000 ) ;
#1432 = AXIS2_PLACEMENT_3D ( 'NONE', #217, #1820, #1006 ) ;
#1433 = LINE ( 'NONE', #1399, #195 ) ;
#1434 = LINE ( 'NONE', #488, #1320 ) ;
#1435 = CARTESIAN_POINT ( 'NONE',  ( -20.29999999999999716, 5.000000000000000000, -10.05000000000000071 ) ) ;
#1436 = DIRECTION ( 'NONE',  ( -0.000000000000000000, 1.000000000000000000, -0.000000000000000000 ) ) ;
#1437 = ORIENTED_EDGE ( 'NONE', *, *, #75, .T. ) ;
#1438 = EDGE_CURVE ( 'NONE', #1149, #1684, #177, .T. ) ;
#1439 = ORIENTED_EDGE ( 'NONE', *, *, #224, .T. ) ;
#1440 = AXIS2_PLACEMENT_3D ( 'NONE', #183, #352, #1926 ) ;
#1441 = VECTOR ( 'NONE', #734, 1000.000000000000000 ) ;
#1442 = DIRECTION ( 'NONE',  ( -0.000000000000000000, -1.000000000000000000, -0.000000000000000000 ) ) ;
#1443 = AXIS2_PLACEMENT_3D ( 'NONE', #382, #1013, #1178 ) ;
#1444 = ADVANCED_FACE ( 'NONE', ( #4 ), #637, .F. ) ;
#1445 = AXIS2_PLACEMENT_3D ( 'NONE', #1025, #879, #849 ) ;
#1446 = DIRECTION ( 'NONE',  ( -0.000000000000000000, -1.000000000000000000, -0.000000000000000000 ) ) ;
#1447 = DIRECTION ( 'NONE',  ( 0.000000000000000000, 1.000000000000000000, -0.000000000000000000 ) ) ;
#1448 = EDGE_CURVE ( 'NONE', #789, #158, #1927, .T. ) ;
#1449 = DIRECTION ( 'NONE',  ( 1.000000000000000000, 0.000000000000000000, -6.108181253439462399E-17 ) ) ;
#1450 = FACE_BOUND ( 'NONE', #1193, .T. ) ;
#1451 = AXIS2_PLACEMENT_3D ( 'NONE', #166, #1747, #788 ) ;
#1452 = EDGE_LOOP ( 'NONE', ( #1862, #693, #618, #1595 ) ) ;
#1453 = ORIENTED_EDGE ( 'NONE', *, *, #1569, .T. ) ;
#1454 = DIRECTION ( 'NONE',  ( 0.000000000000000000, 1.000000000000000000, 0.000000000000000000 ) ) ;
#1455 = AXIS2_PLACEMENT_3D ( 'NONE', #139, #1217, #1084 ) ;
#1456 = LINE ( 'NONE', #1933, #1831 ) ;
#1457 = CARTESIAN_POINT ( 'NONE',  ( -44.75000000000001421, 4.000000000000000000, 10.70000000000000817 ) ) ;
#1458 = FACE_OUTER_BOUND ( 'NONE', #965, .T. ) ;
#1459 = LINE ( 'NONE', #810, #137 ) ;
#1460 = ADVANCED_FACE ( 'NONE', ( #1918 ), #985, .F. ) ;
#1461 = ORIENTED_EDGE ( 'NONE', *, *, #1568, .T. ) ;
#1462 = ORIENTED_EDGE ( 'NONE', *, *, #1905, .T. ) ;
#1463 = VECTOR ( 'NONE', #590, 1000.000000000000000 ) ;
#1464 = CIRCLE ( 'NONE', #572, 2.049999999999992717 ) ;
#1465 = CARTESIAN_POINT ( 'NONE',  ( -3.499999999999997780, 6.000000000000000000, -7.899999999999999467 ) ) ;
#1466 = CARTESIAN_POINT ( 'NONE',  ( -4.140077480096600431E-15, 6.000000000000000000, -17.79999999999999361 ) ) ;
#1467 = LINE ( 'NONE', #1457, #2013 ) ;
#1468 = DIRECTION ( 'NONE',  ( 0.000000000000000000, 1.000000000000000000, -0.000000000000000000 ) ) ;
#1469 = DIRECTION ( 'NONE',  ( 1.000000000000000000, 0.000000000000000000, 0.000000000000000000 ) ) ;
#1470 = ORIENTED_EDGE ( 'NONE', *, *, #933, .F. ) ;
#1471 = EDGE_CURVE ( 'NONE', #1222, #1930, #1459, .T. ) ;
#1472 = VERTEX_POINT ( 'NONE', #501 ) ;
#1473 = EDGE_LOOP ( 'NONE', ( #628, #540 ) ) ;
#1474 = LINE ( 'NONE', #1636, #339 ) ;
#1475 = AXIS2_PLACEMENT_3D ( 'NONE', #984, #1278, #1137 ) ;
#1476 = PLANE ( 'NONE',  #983 ) ;
#1477 = CARTESIAN_POINT ( 'NONE',  ( 38.80000000000001847, -21.24335190124195805, 7.899999999999997691 ) ) ;
#1478 = VECTOR ( 'NONE', #1165, 1000.000000000000000 ) ;
#1479 = ADVANCED_FACE ( 'NONE', ( #944 ), #1757, .F. ) ;
#1480 = CARTESIAN_POINT ( 'NONE',  ( 44.75000000000001421, 4.000000000000000000, 12.75000000000000178 ) ) ;
#1481 = CARTESIAN_POINT ( 'NONE',  ( 44.75000000000001421, 6.000000000000000000, 12.75000000000000178 ) ) ;
#1482 = ORIENTED_EDGE ( 'NONE', *, *, #1707, .F. ) ;
#1483 = ORIENTED_EDGE ( 'NONE', *, *, #1964, .T. ) ;
#1484 = CARTESIAN_POINT ( 'NONE',  ( 44.75000000000001421, 0.000000000000000000, -11.45000000000000639 ) ) ;
#1485 = CARTESIAN_POINT ( 'NONE',  ( -44.75000000000001421, 4.000000000000000000, -10.70000000000000817 ) ) ;
#1486 = DIRECTION ( 'NONE',  ( 0.000000000000000000, 0.000000000000000000, -1.000000000000000000 ) ) ;
#1487 = FACE_OUTER_BOUND ( 'NONE', #317, .T. ) ;
#1488 = CARTESIAN_POINT ( 'NONE',  ( -44.75000000000001421, 0.000000000000000000, -12.75000000000000178 ) ) ;
#1489 = LINE ( 'NONE', #1332, #420 ) ;
#1490 = EDGE_LOOP ( 'NONE', ( #938, #882, #548, #267 ) ) ;
#1491 = DIRECTION ( 'NONE',  ( 0.000000000000000000, 0.000000000000000000, 1.000000000000000000 ) ) ;
#1492 = AXIS2_PLACEMENT_3D ( 'NONE', #1943, #1792, #688 ) ;
#1493 = FACE_OUTER_BOUND ( 'NONE', #440, .T. ) ;
#1494 = CARTESIAN_POINT ( 'NONE',  ( -17.69999999999999929, 3.000000000000000000, 7.099999999999998757 ) ) ;
#1495 = CARTESIAN_POINT ( 'NONE',  ( 24.60000000000001918, 6.000000000000000000, 7.899999999999997691 ) ) ;
#1496 = FACE_OUTER_BOUND ( 'NONE', #1999, .T. ) ;
#1497 = CIRCLE ( 'NONE', #411, 1.299999999999993827 ) ;
#1498 = CARTESIAN_POINT ( 'NONE',  ( -44.75000000000001421, 5.000000000000000000, 11.45000000000000639 ) ) ;
#1499 = ORIENTED_EDGE ( 'NONE', *, *, #1208, .F. ) ;
#1500 = EDGE_CURVE ( 'NONE', #1684, #1049, #102, .T. ) ;
#1501 = EDGE_CURVE ( 'NONE', #1982, #1374, #1586, .T. ) ;
#1502 = ADVANCED_FACE ( 'NONE', ( #799, #482, #1426, #1895, #674, #1450, #34, #1119, #1574 ), #509, .T. ) ;
#1503 = CARTESIAN_POINT ( 'NONE',  ( -37.67499999999999716, 6.000000000000000000, 0.000000000000000000 ) ) ;
#1504 = DIRECTION ( 'NONE',  ( 0.000000000000000000, 1.000000000000000000, -0.000000000000000000 ) ) ;
#1505 = VECTOR ( 'NONE', #592, 1000.000000000000000 ) ;
#1506 = ORIENTED_EDGE ( 'NONE', *, *, #1868, .T. ) ;
#1507 = LINE ( 'NONE', #140, #355 ) ;
#1508 = AXIS2_PLACEMENT_3D ( 'NONE', #1035, #276, #1849 ) ;
#1509 = DIRECTION ( 'NONE',  ( -0.000000000000000000, -1.000000000000000000, -0.000000000000000000 ) ) ;
#1510 = EDGE_CURVE ( 'NONE', #327, #1233, #1282, .T. ) ;
#1511 = EDGE_LOOP ( 'NONE', ( #1394, #820, #1080, #2006 ) ) ;
#1512 = VERTEX_POINT ( 'NONE', #316 ) ;
#1513 = CARTESIAN_POINT ( 'NONE',  ( 17.65000000000001279, 4.799999999999998934, 7.899999999999999467 ) ) ;
#1514 = CIRCLE ( 'NONE', #1451, 2.049999999999992717 ) ;
#1515 = DIRECTION ( 'NONE',  ( -1.000000000000000000, 0.000000000000000000, -0.000000000000000000 ) ) ;
#1516 = EDGE_LOOP ( 'NONE', ( #123, #1759, #5, #414, #1244, #1812, #1998, #427 ) ) ;
#1517 = CARTESIAN_POINT ( 'NONE',  ( -37.67499999999999716, 5.000000000000000000, -8.925000000000000711 ) ) ;
#1518 = VECTOR ( 'NONE', #1308, 1000.000000000000000 ) ;
#1519 = LINE ( 'NONE', #571, #1871 ) ;
#1520 = EDGE_CURVE ( 'NONE', #1533, #758, #362, .T. ) ;
#1521 = EDGE_LOOP ( 'NONE', ( #1261, #870 ) ) ;
#1522 = ORIENTED_EDGE ( 'NONE', *, *, #575, .F. ) ;
#1523 = ORIENTED_EDGE ( 'NONE', *, *, #16, .T. ) ;
#1524 = DIRECTION ( 'NONE',  ( 0.000000000000000000, 0.000000000000000000, 1.000000000000000000 ) ) ;
#1525 = VERTEX_POINT ( 'NONE', #1734 ) ;
#1526 = VECTOR ( 'NONE', #398, 1000.000000000000000 ) ;
#1527 = EDGE_CURVE ( 'NONE', #1706, #147, #1514, .T. ) ;
#1528 = DIRECTION ( 'NONE',  ( 0.000000000000000000, 0.000000000000000000, 1.000000000000000000 ) ) ;
#1529 = FACE_OUTER_BOUND ( 'NONE', #1705, .T. ) ;
#1530 = PRESENTATION_LAYER_ASSIGNMENT (  '', '', ( #708 ) ) ;
#1531 = DIRECTION ( 'NONE',  ( -0.000000000000000000, -1.000000000000000000, -0.000000000000000000 ) ) ;
#1532 = AXIS2_PLACEMENT_3D ( 'NONE', #1855, #1227, #966 ) ;
#1533 = VERTEX_POINT ( 'NONE', #1594 ) ;
#1534 = ADVANCED_FACE ( 'NONE', ( #1496 ), #710, .T. ) ;
#1535 = ORIENTED_EDGE ( 'NONE', *, *, #1768, .T. ) ;
#1536 = ORIENTED_EDGE ( 'NONE', *, *, #1400, .T. ) ;
#1537 = EDGE_CURVE ( 'NONE', #1979, #1547, #1662, .T. ) ;
#1538 = PRODUCT ( 'top_\X2\9ed88ba4\X0\', 'top_\X2\9ed88ba4\X0\', '', ( #126 ) ) ;
#1539 = CARTESIAN_POINT ( 'NONE',  ( -37.67499999999999716, 0.000000000000000000, 0.000000000000000000 ) ) ;
#1540 = VERTEX_POINT ( 'NONE', #536 ) ;
#1541 = FACE_OUTER_BOUND ( 'NONE', #1886, .T. ) ;
#1542 = DIRECTION ( 'NONE',  ( 1.000000000000000000, 0.000000000000000000, -1.221636250687892480E-16 ) ) ;
#1543 = CIRCLE ( 'NONE', #619, 5.049999999999980282 ) ;
#1544 = LINE ( 'NONE', #910, #1406 ) ;
#1545 = ORIENTED_EDGE ( 'NONE', *, *, #652, .T. ) ;
#1546 = VECTOR ( 'NONE', #87, 1000.000000000000000 ) ;
#1547 = VERTEX_POINT ( 'NONE', #1955 ) ;
#1548 = DIRECTION ( 'NONE',  ( -1.000000000000000000, 0.000000000000000000, 1.832454376031838720E-16 ) ) ;
#1549 = CARTESIAN_POINT ( 'NONE',  ( 4.336808689942016750E-16, 4.799999999999999822, 7.099999999999997868 ) ) ;
#1550 = CYLINDRICAL_SURFACE ( 'NONE', #149, 2.049999999999992717 ) ;
#1551 = CARTESIAN_POINT ( 'NONE',  ( 44.75000000000001421, 5.000000000000000000, 12.75000000000000178 ) ) ;
#1552 = CARTESIAN_POINT ( 'NONE',  ( 44.75000000000001421, 4.000000000000000000, 10.70000000000000817 ) ) ;
#1553 = EDGE_LOOP ( 'NONE', ( #739, #275, #1760, #210 ) ) ;
#1554 = EDGE_LOOP ( 'NONE', ( #1735, #244 ) ) ;
#1555 = ORIENTED_EDGE ( 'NONE', *, *, #1348, .T. ) ;
#1556 = EDGE_CURVE ( 'NONE', #1254, #902, #1797, .T. ) ;
#1557 = DIRECTION ( 'NONE',  ( 1.000000000000000000, 0.000000000000000000, 0.000000000000000000 ) ) ;
#1558 = ADVANCED_FACE ( 'NONE', ( #1156 ), #1623, .F. ) ;
#1559 = LINE ( 'NONE', #151, #1872 ) ;
#1560 = DIRECTION ( 'NONE',  ( 0.000000000000000000, 0.000000000000000000, -1.000000000000000000 ) ) ;
#1561 = VECTOR ( 'NONE', #1075, 1000.000000000000000 ) ;
#1562 = CARTESIAN_POINT ( 'NONE',  ( -44.75000000000001421, 4.000000000000000000, -12.75000000000000178 ) ) ;
#1563 = CARTESIAN_POINT ( 'NONE',  ( 38.80000000000001847, 4.799999999999998934, 7.899999999999997691 ) ) ;
#1564 = ORIENTED_EDGE ( 'NONE', *, *, #1168, .F. ) ;
#1565 = ORIENTED_EDGE ( 'NONE', *, *, #554, .F. ) ;
#1566 = ORIENTED_EDGE ( 'NONE', *, *, #1510, .F. ) ;
#1567 = VECTOR ( 'NONE', #1326, 1000.000000000000000 ) ;
#1568 = EDGE_CURVE ( 'NONE', #470, #1149, #202, .T. ) ;
#1569 = EDGE_CURVE ( 'NONE', #443, #1271, #1166, .T. ) ;
#1570 = DIRECTION ( 'NONE',  ( -0.000000000000000000, 1.000000000000000000, -0.000000000000000000 ) ) ;
#1571 = CARTESIAN_POINT ( 'NONE',  ( 44.75000000000001421, 4.000000000000000000, -14.04999999999999538 ) ) ;
#1572 = CARTESIAN_POINT ( 'NONE',  ( -37.67499999999999716, 5.000000000000000000, 0.000000000000000000 ) ) ;
#1573 = FACE_OUTER_BOUND ( 'NONE', #894, .T. ) ;
#1574 = FACE_BOUND ( 'NONE', #1521, .T. ) ;
#1575 = EDGE_LOOP ( 'NONE', ( #90, #179, #1940, #1788 ) ) ;
#1576 = ADVANCED_FACE ( 'NONE', ( #383 ), #1014, .T. ) ;
#1577 = CIRCLE ( 'NONE', #92, 2.049999999999992717 ) ;
#1578 = ORIENTED_EDGE ( 'NONE', *, *, #269, .T. ) ;
#1579 = AXIS2_PLACEMENT_3D ( 'NONE', #1742, #1582, #1257 ) ;
#1580 = ORIENTED_EDGE ( 'NONE', *, *, #1105, .F. ) ;
#1581 = CARTESIAN_POINT ( 'NONE',  ( 44.75000000000001421, 6.000000000000000000, -14.79999999999999361 ) ) ;
#1582 = DIRECTION ( 'NONE',  ( 0.000000000000000000, 1.000000000000000000, -0.000000000000000000 ) ) ;
#1583 = DIRECTION ( 'NONE',  ( -1.000000000000000000, 0.000000000000000000, 6.108181253439463631E-17 ) ) ;
#1584 = DIRECTION ( 'NONE',  ( -0.000000000000000000, -1.000000000000000000, -0.000000000000000000 ) ) ;
#1585 = AXIS2_PLACEMENT_3D ( 'NONE', #1279, #1270, #334 ) ;
#1586 = LINE ( 'NONE', #830, #2008 ) ;
#1587 = ORIENTED_EDGE ( 'NONE', *, *, #405, .T. ) ;
#1588 = VERTEX_POINT ( 'NONE', #840 ) ;
#1589 = FACE_OUTER_BOUND ( 'NONE', #1596, .T. ) ;
#1590 = DIRECTION ( 'NONE',  ( 0.000000000000000000, 0.000000000000000000, 1.000000000000000000 ) ) ;
#1591 = PLANE ( 'NONE',  #1191 ) ;
#1592 = EDGE_CURVE ( 'NONE', #694, #1864, #98, .T. ) ;
#1593 = DIRECTION ( 'NONE',  ( -0.000000000000000000, -1.000000000000000000, -0.000000000000000000 ) ) ;
#1594 = CARTESIAN_POINT ( 'NONE',  ( -44.75000000000001421, 4.000000000000000000, -14.04999999999999538 ) ) ;
#1595 = ORIENTED_EDGE ( 'NONE', *, *, #1592, .T. ) ;
#1596 = EDGE_LOOP ( 'NONE', ( #1941, #801, #1453, #574 ) ) ;
#1597 = EDGE_CURVE ( 'NONE', #1171, #78, #720, .T. ) ;
#1598 = LINE ( 'NONE', #1729, #251 ) ;
#1599 = VECTOR ( 'NONE', #370, 1000.000000000000000 ) ;
#1600 = EDGE_CURVE ( 'NONE', #1693, #1254, #1215, .T. ) ;
#1601 = DIRECTION ( 'NONE',  ( -0.000000000000000000, 0.000000000000000000, 1.000000000000000000 ) ) ;
#1602 = LINE ( 'NONE', #1883, #929 ) ;
#1603 = DIRECTION ( 'NONE',  ( -0.000000000000000000, -1.000000000000000000, -0.000000000000000000 ) ) ;
#1604 = DIRECTION ( 'NONE',  ( 0.000000000000000000, 0.000000000000000000, -1.000000000000000000 ) ) ;
#1605 = ORIENTED_EDGE ( 'NONE', *, *, #890, .F. ) ;
#1606 = VERTEX_POINT ( 'NONE', #1352 ) ;
#1607 = AXIS2_PLACEMENT_3D ( 'NONE', #1321, #1338, #52 ) ;
#1608 = DIRECTION ( 'NONE',  ( 1.000000000000000000, 0.000000000000000000, -1.832454376031838473E-16 ) ) ;
#1609 = VECTOR ( 'NONE', #836, 1000.000000000000000 ) ;
#1610 = AXIS2_PLACEMENT_3D ( 'NONE', #1147, #403, #88 ) ;
#1611 = CARTESIAN_POINT ( 'NONE',  ( -1.301042606982606110E-15, 3.000000000000000000, -7.100000000000003197 ) ) ;
#1612 = PLANE ( 'NONE',  #1385 ) ;
#1613 = CARTESIAN_POINT ( 'NONE',  ( -44.75000000000001421, 6.000000000000000000, 17.80000000000000426 ) ) ;
#1614 = CARTESIAN_POINT ( 'NONE',  ( 24.60000000000001918, -21.24335190124195805, -7.900000000000003908 ) ) ;
#1615 = VERTEX_POINT ( 'NONE', #519 ) ;
#1616 = EDGE_LOOP ( 'NONE', ( #1900, #1499, #1854, #387 ) ) ;
#1617 = CARTESIAN_POINT ( 'NONE',  ( -44.75000000000001421, 0.000000000000000000, 14.04999999999999538 ) ) ;
#1618 = VECTOR ( 'NONE', #995, 1000.000000000000000 ) ;
#1619 = DIRECTION ( 'NONE',  ( 0.000000000000000000, 0.000000000000000000, 1.000000000000000000 ) ) ;
#1620 = DIRECTION ( 'NONE',  ( -0.000000000000000000, 1.000000000000000000, -0.000000000000000000 ) ) ;
#1621 = EDGE_CURVE ( 'NONE', #1076, #1374, #1912, .T. ) ;
#1622 = DIRECTION ( 'NONE',  ( 0.000000000000000000, 1.000000000000000000, -0.000000000000000000 ) ) ;
#1623 = CYLINDRICAL_SURFACE ( 'NONE', #1445, 8.925000000000000711 ) ;
#1624 = VERTEX_POINT ( 'NONE', #998 ) ;
#1625 = EDGE_LOOP ( 'NONE', ( #1140, #1565 ) ) ;
#1626 = ORIENTED_EDGE ( 'NONE', *, *, #454, .T. ) ;
#1627 = PLANE ( 'NONE',  #479 ) ;
#1628 = EDGE_CURVE ( 'NONE', #101, #733, #1778, .T. ) ;
#1629 = VECTOR ( 'NONE', #204, 1000.000000000000000 ) ;
#1630 = FACE_BOUND ( 'NONE', #873, .T. ) ;
#1631 = PLANE ( 'NONE',  #368 ) ;
#1632 = DIRECTION ( 'NONE',  ( 0.000000000000000000, 1.000000000000000000, 0.000000000000000000 ) ) ;
#1633 = CARTESIAN_POINT ( 'NONE',  ( 3.450000000000010392, 4.799999999999991829, -7.900000000000002132 ) ) ;
#1634 = ORIENTED_EDGE ( 'NONE', *, *, #2041, .T. ) ;
#1635 = ORIENTED_EDGE ( 'NONE', *, *, #75, .F. ) ;
#1636 = CARTESIAN_POINT ( 'NONE',  ( 17.65000000000001279, 3.000000000000000000, 0.000000000000000000 ) ) ;
#1637 = FACE_OUTER_BOUND ( 'NONE', #972, .T. ) ;
#1638 = DIRECTION ( 'NONE',  ( -0.000000000000000000, -1.000000000000000000, -0.000000000000000000 ) ) ;
#1639 = CIRCLE ( 'NONE', #1579, 1.299999999999993827 ) ;
#1640 = FACE_OUTER_BOUND ( 'NONE', #367, .T. ) ;
#1641 = CARTESIAN_POINT ( 'NONE',  ( 0.000000000000000000, 0.000000000000000000, -10.05000000000000071 ) ) ;
#1642 = ORIENTED_EDGE ( 'NONE', *, *, #342, .T. ) ;
#1643 = ORIENTED_EDGE ( 'NONE', *, *, #554, .T. ) ;
#1644 = ORIENTED_EDGE ( 'NONE', *, *, #1019, .F. ) ;
#1645 = LINE ( 'NONE', #1860, #1162 ) ;
#1646 = DIRECTION ( 'NONE',  ( 0.000000000000000000, 0.000000000000000000, -1.000000000000000000 ) ) ;
#1647 = DIRECTION ( 'NONE',  ( -0.000000000000000000, 1.000000000000000000, -0.000000000000000000 ) ) ;
#1648 = VECTOR ( 'NONE', #1268, 1000.000000000000000 ) ;
#1649 = CARTESIAN_POINT ( 'NONE',  ( 17.65000000000001279, 4.799999999999998934, 7.099999999999996980 ) ) ;
#1650 = DIRECTION ( 'NONE',  ( 0.000000000000000000, 0.000000000000000000, 1.000000000000000000 ) ) ;
#1651 = EDGE_CURVE ( 'NONE', #1236, #538, #559, .T. ) ;
#1652 = CARTESIAN_POINT ( 'NONE',  ( -44.75000000000001421, 6.000000000000000000, -12.75000000000000178 ) ) ;
#1653 = ORIENTED_EDGE ( 'NONE', *, *, #924, .F. ) ;
#1654 = ORIENTED_EDGE ( 'NONE', *, *, #1471, .T. ) ;
#1655 = FACE_BOUND ( 'NONE', #779, .T. ) ;
#1656 = CIRCLE ( 'NONE', #49, 5.049999999999988276 ) ;
#1657 = DIRECTION ( 'NONE',  ( -0.000000000000000000, -1.000000000000000000, -0.000000000000000000 ) ) ;
#1658 = LINE ( 'NONE', #1795, #729 ) ;
#1659 = EDGE_CURVE ( 'NONE', #1050, #1606, #1068, .T. ) ;
#1660 = ORIENTED_EDGE ( 'NONE', *, *, #802, .F. ) ;
#1661 = CARTESIAN_POINT ( 'NONE',  ( -3.500000000000000888, 6.000000000000000000, 7.099999999999997868 ) ) ;
#1662 = LINE ( 'NONE', #1641, #560 ) ;
#1663 = VECTOR ( 'NONE', #486, 1000.000000000000000 ) ;
#1664 = DIRECTION ( 'NONE',  ( 0.000000000000000000, 1.000000000000000000, -0.000000000000000000 ) ) ;
#1665 = ORIENTED_EDGE ( 'NONE', *, *, #1825, .T. ) ;
#1666 = ORIENTED_EDGE ( 'NONE', *, *, #1780, .F. ) ;
#1667 = FACE_BOUND ( 'NONE', #790, .T. ) ;
#1668 = ORIENTED_EDGE ( 'NONE', *, *, #923, .F. ) ;
#1669 = CARTESIAN_POINT ( 'NONE',  ( -44.75000000000001421, 4.000000000000000000, -14.79999999999999361 ) ) ;
#1670 = ORIENTED_EDGE ( 'NONE', *, *, #922, .F. ) ;
#1671 = FACE_OUTER_BOUND ( 'NONE', #227, .T. ) ;
#1672 = VECTOR ( 'NONE', #839, 1000.000000000000000 ) ;
#1673 = FACE_OUTER_BOUND ( 'NONE', #67, .T. ) ;
#1674 = AXIS2_PLACEMENT_3D ( 'NONE', #1481, #1180, #1650 ) ;
#1675 = ORIENTED_EDGE ( 'NONE', *, *, #1082, .T. ) ;
#1676 = ORIENTED_EDGE ( 'NONE', *, *, #1357, .F. ) ;
#1677 = VECTOR ( 'NONE', #155, 1000.000000000000000 ) ;
#1678 = CYLINDRICAL_SURFACE ( 'NONE', #510, 2.049999999999992717 ) ;
#1679 = EDGE_LOOP ( 'NONE', ( #737, #1535, #1555, #419 ) ) ;
#1680 = FACE_BOUND ( 'NONE', #308, .T. ) ;
#1681 = ADVANCED_FACE ( 'NONE', ( #1189 ), #1948, .F. ) ;
#1682 = CARTESIAN_POINT ( 'NONE',  ( -44.75000000000001421, 4.000000000000000000, 10.70000000000000817 ) ) ;
#1683 = EDGE_LOOP ( 'NONE', ( #128, #238, #1898, #1888 ) ) ;
#1684 = VERTEX_POINT ( 'NONE', #1036 ) ;
#1685 = ORIENTED_EDGE ( 'NONE', *, *, #1168, .T. ) ;
#1686 = DIRECTION ( 'NONE',  ( -0.000000000000000000, -1.000000000000000000, -0.000000000000000000 ) ) ;
#1687 = PRODUCT_RELATED_PRODUCT_CATEGORY ( 'part', '', ( #1538 ) ) ;
#1688 = ORIENTED_EDGE ( 'NONE', *, *, #890, .T. ) ;
#1689 = DIRECTION ( 'NONE',  ( -0.000000000000000000, -1.000000000000000000, -0.000000000000000000 ) ) ;
#1690 = LINE ( 'NONE', #1368, #1033 ) ;
#1691 = PLANE ( 'NONE',  #451 ) ;
#1692 = VECTOR ( 'NONE', #854, 1000.000000000000000 ) ;
#1693 = VERTEX_POINT ( 'NONE', #1809 ) ;
#1694 = VERTEX_POINT ( 'NONE', #1633 ) ;
#1695 = CARTESIAN_POINT ( 'NONE',  ( 38.80000000000001847, 6.000000000000000000, 7.099999999999996092 ) ) ;
#1696 = VERTEX_POINT ( 'NONE', #226 ) ;
#1697 = DIRECTION ( 'NONE',  ( -0.000000000000000000, -1.000000000000000000, -0.000000000000000000 ) ) ;
#1698 = DIRECTION ( 'NONE',  ( 0.000000000000000000, 0.000000000000000000, -1.000000000000000000 ) ) ;
#1699 = VECTOR ( 'NONE', #1269, 1000.000000000000000 ) ;
#1700 = AXIS2_PLACEMENT_3D ( 'NONE', #1351, #1198, #1840 ) ;
#1701 = DIRECTION ( 'NONE',  ( 1.000000000000000000, 0.000000000000000000, -1.832454376031838473E-16 ) ) ;
#1702 = CARTESIAN_POINT ( 'NONE',  ( -44.75000000000001421, 5.000000000000000000, -14.04999999999999538 ) ) ;
#1703 = VERTEX_POINT ( 'NONE', #392 ) ;
#1704 = AXIS2_PLACEMENT_3D ( 'NONE', #533, #84, #240 ) ;
#1705 = EDGE_LOOP ( 'NONE', ( #1665, #1224, #1642, #1067, #686, #927, #1536, #964 ) ) ;
#1706 = VERTEX_POINT ( 'NONE', #296 ) ;
#1707 = EDGE_CURVE ( 'NONE', #757, #1985, #741, .T. ) ;
#1708 = LINE ( 'NONE', #1387, #645 ) ;
#1709 = CARTESIAN_POINT ( 'NONE',  ( -37.67499999999999716, 5.000000000000000000, 3.649999999999998135 ) ) ;
#1710 = CARTESIAN_POINT ( 'NONE',  ( 17.65000000000001279, 4.799999999999998934, -7.900000000000002132 ) ) ;
#1711 = DIRECTION ( 'NONE',  ( 0.000000000000000000, 0.000000000000000000, 1.000000000000000000 ) ) ;
#1712 = DIRECTION ( 'NONE',  ( 0.000000000000000000, 1.000000000000000000, 0.000000000000000000 ) ) ;
#1713 = ORIENTED_EDGE ( 'NONE', *, *, #1135, .T. ) ;
#1714 = EDGE_CURVE ( 'NONE', #318, #1693, #763, .T. ) ;
#1715 = ADVANCED_FACE ( 'NONE', ( #1529 ), #1869, .T. ) ;
#1716 = VECTOR ( 'NONE', #116, 1000.000000000000000 ) ;
#1717 = ORIENTED_EDGE ( 'NONE', *, *, #1782, .T. ) ;
#1718 = ORIENTED_EDGE ( 'NONE', *, *, #248, .F. ) ;
#1719 = CARTESIAN_POINT ( 'NONE',  ( -44.75000000000001421, 4.000000000000000000, -10.70000000000000817 ) ) ;
#1720 = DIRECTION ( 'NONE',  ( -0.000000000000000000, 1.000000000000000000, -0.000000000000000000 ) ) ;
#1721 = FACE_OUTER_BOUND ( 'NONE', #1728, .T. ) ;
#1722 = EDGE_CURVE ( 'NONE', #1540, #1001, #457, .T. ) ;
#1723 = AXIS2_PLACEMENT_3D ( 'NONE', #1503, #459, #1491 ) ;
#1724 = CARTESIAN_POINT ( 'NONE',  ( 3.450000000000010392, -21.24335190124195805, -7.900000000000002132 ) ) ;
#1725 = DIRECTION ( 'NONE',  ( 0.000000000000000000, 0.000000000000000000, 1.000000000000000000 ) ) ;
#1726 = ORIENTED_EDGE ( 'NONE', *, *, #1825, .F. ) ;
#1727 = ORIENTED_EDGE ( 'NONE', *, *, #516, .T. ) ;
#1728 = EDGE_LOOP ( 'NONE', ( #229, #1263, #1235, #522 ) ) ;
#1729 = CARTESIAN_POINT ( 'NONE',  ( -20.29999999999999716, 5.000000000000000000, 10.05000000000000071 ) ) ;
#1730 = CARTESIAN_POINT ( 'NONE',  ( -37.67499999999999716, 5.000000000000000000, 0.000000000000000000 ) ) ;
#1731 = DIRECTION ( 'NONE',  ( 0.000000000000000000, -0.000000000000000000, 1.000000000000000000 ) ) ;
#1732 = EDGE_CURVE ( 'NONE', #1930, #749, #1830, .T. ) ;
#1733 = DIRECTION ( 'NONE',  ( -1.000000000000000000, 0.000000000000000000, 7.752954082577908637E-17 ) ) ;
#1734 = CARTESIAN_POINT ( 'NONE',  ( -17.69999999999999929, 3.000000000000000000, -7.099999999999999645 ) ) ;
#1735 = ORIENTED_EDGE ( 'NONE', *, *, #1707, .T. ) ;
#1736 = VECTOR ( 'NONE', #1603, 1000.000000000000000 ) ;
#1737 = ORIENTED_EDGE ( 'NONE', *, *, #524, .T. ) ;
#1738 = AXIS2_PLACEMENT_3D ( 'NONE', #1360, #917, #754 ) ;
#1739 = ORIENTED_EDGE ( 'NONE', *, *, #80, .T. ) ;
#1740 = PLANE ( 'NONE',  #1932 ) ;
#1741 = EDGE_CURVE ( 'NONE', #842, #1350, #823, .T. ) ;
#1742 = CARTESIAN_POINT ( 'NONE',  ( 44.75000000000001421, 0.000000000000000000, -12.75000000000000178 ) ) ;
#1743 = CARTESIAN_POINT ( 'NONE',  ( 17.65000000000001279, 3.000000000000000000, 7.099999999999996980 ) ) ;
#1744 = ADVANCED_FACE ( 'NONE', ( #1850 ), #120, .T. ) ;
#1745 = CARTESIAN_POINT ( 'NONE',  ( 17.65000000000001279, 4.799999999999998934, 7.899999999999999467 ) ) ;
#1746 = AXIS2_PLACEMENT_3D ( 'NONE', #954, #1127, #209 ) ;
#1747 = DIRECTION ( 'NONE',  ( -0.000000000000000000, -1.000000000000000000, -0.000000000000000000 ) ) ;
#1748 = EDGE_CURVE ( 'NONE', #1512, #1242, #561, .T. ) ;
#1749 = VERTEX_POINT ( 'NONE', #152 ) ;
#1750 = ORIENTED_EDGE ( 'NONE', *, *, #1659, .F. ) ;
#1751 = EDGE_CURVE ( 'NONE', #258, #1472, #131, .T. ) ;
#1752 = DIRECTION ( 'NONE',  ( -0.000000000000000000, -1.000000000000000000, -0.000000000000000000 ) ) ;
#1753 = DIRECTION ( 'NONE',  ( 0.000000000000000000, 0.000000000000000000, 1.000000000000000000 ) ) ;
#1754 = CARTESIAN_POINT ( 'NONE',  ( 24.60000000000001918, 4.799999999999998934, 7.899999999999997691 ) ) ;
#1755 = ADVANCED_FACE ( 'NONE', ( #601 ), #1550, .F. ) ;
#1756 = PLANE ( 'NONE',  #781 ) ;
#1757 = CYLINDRICAL_SURFACE ( 'NONE', #428, 1.299999999999993827 ) ;
#1758 = AXIS2_PLACEMENT_3D ( 'NONE', #523, #1442, #29 ) ;
#1759 = ORIENTED_EDGE ( 'NONE', *, *, #1412, .F. ) ;
#1760 = ORIENTED_EDGE ( 'NONE', *, *, #38, .T. ) ;
#1761 = DIRECTION ( 'NONE',  ( 0.000000000000000000, 0.000000000000000000, 1.000000000000000000 ) ) ;
#1762 = DIRECTION ( 'NONE',  ( 0.000000000000000000, 1.000000000000000000, -0.000000000000000000 ) ) ;
#1763 = DIRECTION ( 'NONE',  ( 0.000000000000000000, 0.000000000000000000, 1.000000000000000000 ) ) ;
#1764 = DIRECTION ( 'NONE',  ( 0.000000000000000000, 0.000000000000000000, -1.000000000000000000 ) ) ;
#1765 = PLANE ( 'NONE',  #992 ) ;
#1766 = COLOUR_RGB ( '',0.7921568627450980005, 0.8196078431372548767, 0.9333333333333333481 ) ;
#1767 = VERTEX_POINT ( 'NONE', #1710 ) ;
#1768 = EDGE_CURVE ( 'NONE', #676, #583, #1690, .T. ) ;
#1769 = ORIENTED_EDGE ( 'NONE', *, *, #649, .T. ) ;
#1770 = AXIS2_PLACEMENT_3D ( 'NONE', #1891, #1423, #633 ) ;
#1771 = CARTESIAN_POINT ( 'NONE',  ( 24.60000000000001918, 4.799999999999998934, -7.900000000000003908 ) ) ;
#1772 = EDGE_CURVE ( 'NONE', #1242, #1512, #1303, .T. ) ;
#1773 = MANIFOLD_SOLID_BREP ( 'Cut-Extrude3', #1838 ) ;
#1774 = VECTOR ( 'NONE', #1469, 1000.000000000000000 ) ;
#1775 = PLANE ( 'NONE',  #716 ) ;
#1776 = CARTESIAN_POINT ( 'NONE',  ( -17.69999999999999218, -21.24335190124195805, 7.900000000000000355 ) ) ;
#1777 = LINE ( 'NONE', #1867, #1441 ) ;
#1778 = LINE ( 'NONE', #699, #358 ) ;
#1779 = ORIENTED_EDGE ( 'NONE', *, *, #975, .F. ) ;
#1780 = EDGE_CURVE ( 'NONE', #769, #1982, #979, .T. ) ;
#1781 = ORIENTED_EDGE ( 'NONE', *, *, #41, .F. ) ;
#1782 = EDGE_CURVE ( 'NONE', #1373, #101, #1434, .T. ) ;
#1783 = CARTESIAN_POINT ( 'NONE',  ( -1.301042606982605912E-15, 6.000000000000000000, -7.100000000000003197 ) ) ;
#1784 = CARTESIAN_POINT ( 'NONE',  ( -44.75000000000001421, 6.000000000000000000, 14.79999999999999361 ) ) ;
#1785 = LINE ( 'NONE', #1477, #212 ) ;
#1786 = CARTESIAN_POINT ( 'NONE',  ( -44.75000000000001421, 4.000000000000000000, 12.75000000000000178 ) ) ;
#1787 = CARTESIAN_POINT ( 'NONE',  ( 4.336808689942016750E-16, 3.000000000000000000, 7.099999999999997868 ) ) ;
#1788 = ORIENTED_EDGE ( 'NONE', *, *, #1404, .F. ) ;
#1789 = ORIENTED_EDGE ( 'NONE', *, *, #262, .T. ) ;
#1790 = AXIS2_PLACEMENT_3D ( 'NONE', #2015, #1712, #1814 ) ;
#1791 = VERTEX_POINT ( 'NONE', #968 ) ;
#1792 = DIRECTION ( 'NONE',  ( -6.108181253439462399E-17, 0.000000000000000000, -1.000000000000000000 ) ) ;
#1793 = VECTOR ( 'NONE', #20, 1000.000000000000000 ) ;
#1794 = CARTESIAN_POINT ( 'NONE',  ( -44.75000000000001421, 4.000000000000000000, -12.75000000000000178 ) ) ;
#1795 = CARTESIAN_POINT ( 'NONE',  ( -17.69999999999999218, 4.799999999999998934, -7.899999999999999467 ) ) ;
#1796 = DIRECTION ( 'NONE',  ( 0.000000000000000000, 0.000000000000000000, 1.000000000000000000 ) ) ;
#1797 = LINE ( 'NONE', #545, #889 ) ;
#1798 = EDGE_LOOP ( 'NONE', ( #1856, #1008, #450, #429 ) ) ;
#1799 = ORIENTED_EDGE ( 'NONE', *, *, #1967, .T. ) ;
#1800 = EDGE_LOOP ( 'NONE', ( #1158, #1356, #1482, #1839 ) ) ;
#1801 = LINE ( 'NONE', #974, #1039 ) ;
#1802 = VECTOR ( 'NONE', #1118, 1000.000000000000000 ) ;
#1803 = DIRECTION ( 'NONE',  ( -0.000000000000000000, 1.000000000000000000, -0.000000000000000000 ) ) ;
#1804 = CARTESIAN_POINT ( 'NONE',  ( -49.79999999999999005, 5.000000000000000000, -12.75000000000000178 ) ) ;
#1805 = EDGE_CURVE ( 'NONE', #1749, #103, #759, .T. ) ;
#1806 = VECTOR ( 'NONE', #643, 1000.000000000000000 ) ;
#1807 = ADVANCED_FACE ( 'NONE', ( #1721 ), #796, .T. ) ;
#1808 = CARTESIAN_POINT ( 'NONE',  ( 3.450000000000010392, 4.799999999999998934, 7.899999999999999467 ) ) ;
#1809 = CARTESIAN_POINT ( 'NONE',  ( -44.75000000000001421, 0.000000000000000000, -17.79999999999998295 ) ) ;
#1810 = ADVANCED_FACE ( 'NONE', ( #314, #980 ), #942, .T. ) ;
#1811 = ORIENTED_EDGE ( 'NONE', *, *, #622, .T. ) ;
#1812 = ORIENTED_EDGE ( 'NONE', *, *, #1348, .F. ) ;
#1813 = ORIENTED_EDGE ( 'NONE', *, *, #987, .T. ) ;
#1814 = DIRECTION ( 'NONE',  ( 0.000000000000000000, 0.000000000000000000, 1.000000000000000000 ) ) ;
#1815 = AXIS2_PLACEMENT_3D ( 'NONE', #1100, #1939, #1907 ) ;
#1816 = CARTESIAN_POINT ( 'NONE',  ( -17.69999999999999929, 6.000000000000000000, 0.000000000000000000 ) ) ;
#1817 = DIRECTION ( 'NONE',  ( 1.000000000000000000, -0.000000000000000000, 0.000000000000000000 ) ) ;
#1818 = ORIENTED_EDGE ( 'NONE', *, *, #1879, .F. ) ;
#1819 = DIRECTION ( 'NONE',  ( -1.000000000000000000, 0.000000000000000000, 1.832454376031838473E-16 ) ) ;
#1820 = DIRECTION ( 'NONE',  ( -0.000000000000000000, 1.000000000000000000, -0.000000000000000000 ) ) ;
#1821 = ORIENTED_EDGE ( 'NONE', *, *, #1293, .F. ) ;
#1822 = ORIENTED_EDGE ( 'NONE', *, *, #430, .F. ) ;
#1823 = CARTESIAN_POINT ( 'NONE',  ( -17.69999999999999218, -21.24335190124195805, -7.899999999999999467 ) ) ;
#1824 = CIRCLE ( 'NONE', #1723, 3.649999999999998135 ) ;
#1825 = EDGE_CURVE ( 'NONE', #1405, #639, #466, .T. ) ;
#1826 = UNCERTAINTY_MEASURE_WITH_UNIT (LENGTH_MEASURE( 1.000000000000000082E-05 ), #1987, 'distance_accuracy_value', 'NONE');
#1827 = LINE ( 'NONE', #1335, #1237 ) ;
#1828 = ORIENTED_EDGE ( 'NONE', *, *, #1019, .T. ) ;
#1829 = CYLINDRICAL_SURFACE ( 'NONE', #1115, 8.925000000000000711 ) ;
#1830 = LINE ( 'NONE', #1046, #1881 ) ;
#1831 = VECTOR ( 'NONE', #1803, 1000.000000000000000 ) ;
#1832 = CARTESIAN_POINT ( 'NONE',  ( 44.75000000000001421, 4.000000000000000000, 10.70000000000000817 ) ) ;
#1833 = EDGE_LOOP ( 'NONE', ( #484, #1957, #957, #384 ) ) ;
#1834 = EDGE_LOOP ( 'NONE', ( #328, #170, #1566, #593 ) ) ;
#1835 = AXIS2_PLACEMENT_3D ( 'NONE', #110, #888, #1087 ) ;
#1836 = FACE_BOUND ( 'NONE', #1112, .T. ) ;
#1837 = ADVANCED_FACE ( 'NONE', ( #174 ), #1612, .F. ) ;
#1838 = CLOSED_SHELL ( 'NONE', ( #366, #1755, #228, #283, #439, #471, #1444, #201, #1866, #68, #582, #625, #153, #1807, #1194, #1164, #472, #1944, #1479, #2028, #495, #312, #1913, #587, #207, #1576, #1460, #771, #1935, #1744, #1558, #46, #1534, #1310, #711, #341, #199, #1201, #167, #1715, #1142, #1012, #1502, #504, #1681, #797, #990, #1810, #2019, #175, #99, #877, #1414, #1893, #565, #197, #1837, #996, #988, #1376, #928, #1364, #531, #824 ) ) ;
#1839 = ORIENTED_EDGE ( 'NONE', *, *, #224, .F. ) ;
#1840 = DIRECTION ( 'NONE',  ( 0.000000000000000000, 0.000000000000000000, 1.000000000000000000 ) ) ;
#1841 = AXIS2_PLACEMENT_3D ( 'NONE', #1730, #322, #1097 ) ;
#1842 = DIRECTION ( 'NONE',  ( 1.000000000000000000, 0.000000000000000000, -7.752954082577908637E-17 ) ) ;
#1843 = DIRECTION ( 'NONE',  ( 1.832454376031838473E-16, -0.000000000000000000, 1.000000000000000000 ) ) ;
#1844 = ORIENTED_EDGE ( 'NONE', *, *, #1200, .T. ) ;
#1845 = ORIENTED_EDGE ( 'NONE', *, *, #71, .T. ) ;
#1846 = EDGE_CURVE ( 'NONE', #1976, #1703, #1248, .T. ) ;
#1847 = DIRECTION ( 'NONE',  ( 0.000000000000000000, 0.000000000000000000, -1.000000000000000000 ) ) ;
#1848 = ORIENTED_EDGE ( 'NONE', *, *, #218, .F. ) ;
#1849 = DIRECTION ( 'NONE',  ( 0.000000000000000000, 0.000000000000000000, -1.000000000000000000 ) ) ;
#1850 = FACE_OUTER_BOUND ( 'NONE', #347, .T. ) ;
#1851 = CIRCLE ( 'NONE', #499, 5.049999999999995381 ) ;
#1852 = CARTESIAN_POINT ( 'NONE',  ( 24.60000000000001563, 3.000000000000000000, -7.100000000000007638 ) ) ;
#1853 = ORIENTED_EDGE ( 'NONE', *, *, #1772, .F. ) ;
#1854 = ORIENTED_EDGE ( 'NONE', *, *, #106, .F. ) ;
#1855 = CARTESIAN_POINT ( 'NONE',  ( 0.000000000000000000, 4.799999999999999822, 0.000000000000000000 ) ) ;
#1856 = ORIENTED_EDGE ( 'NONE', *, *, #657, .F. ) ;
#1857 = CARTESIAN_POINT ( 'NONE',  ( 24.60000000000001918, 4.799999999999998934, 7.099999999999996980 ) ) ;
#1858 = CARTESIAN_POINT ( 'NONE',  ( 44.75000000000001421, 4.000000000000000000, 12.75000000000000178 ) ) ;
#1859 = DIRECTION ( 'NONE',  ( 0.000000000000000000, 1.000000000000000000, 0.000000000000000000 ) ) ;
#1860 = CARTESIAN_POINT ( 'NONE',  ( 41.80000000000000426, 3.000000000000000000, 0.000000000000000000 ) ) ;
#1861 = CIRCLE ( 'NONE', #2026, 1.299999999999993827 ) ;
#1862 = ORIENTED_EDGE ( 'NONE', *, *, #1159, .T. ) ;
#1863 = ORIENTED_EDGE ( 'NONE', *, *, #1621, .F. ) ;
#1864 = VERTEX_POINT ( 'NONE', #1743 ) ;
#1865 = CARTESIAN_POINT ( 'NONE',  ( 44.75000000000001421, 0.000000000000000000, 17.79999999999999716 ) ) ;
#1866 = ADVANCED_FACE ( 'NONE', ( #2033 ), #1098, .F. ) ;
#1867 = CARTESIAN_POINT ( 'NONE',  ( -37.67499999999999716, 6.000000000000000000, 3.649999999999998135 ) ) ;
#1868 = EDGE_CURVE ( 'NONE', #638, #158, #1133, .T. ) ;
#1869 = PLANE ( 'NONE',  #188 ) ;
#1870 = EDGE_CURVE ( 'NONE', #44, #947, #305, .T. ) ;
#1871 = VECTOR ( 'NONE', #306, 1000.000000000000000 ) ;
#1872 = VECTOR ( 'NONE', #1446, 1000.000000000000000 ) ;
#1873 = CARTESIAN_POINT ( 'NONE',  ( 41.80000000000000426, 0.000000000000000000, 10.05000000000000071 ) ) ;
#1874 = CARTESIAN_POINT ( 'NONE',  ( 24.60000000000001563, 6.000000000000000000, 7.099999999999996980 ) ) ;
#1875 = ORIENTED_EDGE ( 'NONE', *, *, #269, .F. ) ;
#1876 = CIRCLE ( 'NONE', #1081, 1.299999999999993827 ) ;
#1877 = AXIS2_PLACEMENT_3D ( 'NONE', #1488, #64, #77 ) ;
#1878 = ORIENTED_EDGE ( 'NONE', *, *, #1438, .F. ) ;
#1879 = EDGE_CURVE ( 'NONE', #1472, #668, #961, .T. ) ;
#1880 = CARTESIAN_POINT ( 'NONE',  ( 3.450000000000010392, 6.000000000000000000, -7.900000000000002132 ) ) ;
#1881 = VECTOR ( 'NONE', #425, 1000.000000000000000 ) ;
#1882 = CARTESIAN_POINT ( 'NONE',  ( -44.75000000000001421, 5.000000000000000000, 14.04999999999999538 ) ) ;
#1883 = CARTESIAN_POINT ( 'NONE',  ( -17.69999999999999929, 6.000000000000000000, 7.099999999999998757 ) ) ;
#1884 = DIRECTION ( 'NONE',  ( 0.000000000000000000, 0.000000000000000000, 1.000000000000000000 ) ) ;
#1885 = LINE ( 'NONE', #730, #1526 ) ;
#1886 = EDGE_LOOP ( 'NONE', ( #608, #55, #2029, #530 ) ) ;
#1887 = ORIENTED_EDGE ( 'NONE', *, *, #770, .T. ) ;
#1888 = ORIENTED_EDGE ( 'NONE', *, *, #1448, .F. ) ;
#1889 = LINE ( 'NONE', #311, #2021 ) ;
#1890 = EDGE_CURVE ( 'NONE', #1001, #159, #1851, .T. ) ;
#1891 = CARTESIAN_POINT ( 'NONE',  ( -44.75000000000001421, 5.000000000000000000, 12.75000000000000178 ) ) ;
#1892 = CARTESIAN_POINT ( 'NONE',  ( 0.000000000000000000, 0.000000000000000000, 10.05000000000000071 ) ) ;
#1893 = ADVANCED_FACE ( 'NONE', ( #351 ), #1591, .T. ) ;
#1894 = CARTESIAN_POINT ( 'NONE',  ( 38.80000000000001847, 4.799999999999998934, 7.099999999999996980 ) ) ;
#1895 = FACE_BOUND ( 'NONE', #678, .T. ) ;
#1896 = EDGE_LOOP ( 'NONE', ( #912, #336, #1187, #707 ) ) ;
#1897 = AXIS2_PLACEMENT_3D ( 'NONE', #1365, #915, #1069 ) ;
#1898 = ORIENTED_EDGE ( 'NONE', *, *, #835, .F. ) ;
#1899 = EDGE_CURVE ( 'NONE', #669, #1271, #1223, .T. ) ;
#1900 = ORIENTED_EDGE ( 'NONE', *, *, #1380, .F. ) ;
#1901 = CARTESIAN_POINT ( 'NONE',  ( -44.75000000000001421, 5.000000000000000000, 17.80000000000000426 ) ) ;
#1902 = EDGE_CURVE ( 'NONE', #1148, #2017, #1602, .T. ) ;
#1903 = CARTESIAN_POINT ( 'NONE',  ( -44.75000000000001421, 0.000000000000000000, 12.75000000000000178 ) ) ;
#1904 = DIRECTION ( 'NONE',  ( 0.000000000000000000, 1.000000000000000000, -0.000000000000000000 ) ) ;
#1905 = EDGE_CURVE ( 'NONE', #758, #1749, #624, .T. ) ;
#1906 = LINE ( 'NONE', #1126, #848 ) ;
#1907 = DIRECTION ( 'NONE',  ( -2.721134864277344162E-16, 0.000000000000000000, 1.000000000000000000 ) ) ;
#1908 = AXIS2_PLACEMENT_3D ( 'NONE', #1182, #393, #1027 ) ;
#1909 = ORIENTED_EDGE ( 'NONE', *, *, #1071, .T. ) ;
#1910 = AXIS2_PLACEMENT_3D ( 'NONE', #63, #1468, #517 ) ;
#1911 = VERTEX_POINT ( 'NONE', #634 ) ;
#1912 = CIRCLE ( 'NONE', #1275, 1.299999999999993827 ) ;
#1913 = ADVANCED_FACE ( 'NONE', ( #233 ), #1631, .F. ) ;
#1914 = CARTESIAN_POINT ( 'NONE',  ( 44.75000000000001421, 0.000000000000000000, 12.75000000000000178 ) ) ;
#1915 = DIRECTION ( 'NONE',  ( -1.000000000000000000, 0.000000000000000000, 6.108181253439463631E-17 ) ) ;
#1916 = DIRECTION ( 'NONE',  ( 0.000000000000000000, 0.000000000000000000, -1.000000000000000000 ) ) ;
#1917 = FACE_OUTER_BOUND ( 'NONE', #178, .T. ) ;
#1918 = FACE_OUTER_BOUND ( 'NONE', #1333, .T. ) ;
#1919 = EDGE_CURVE ( 'NONE', #1183, #800, #1658, .T. ) ;
#1920 = EDGE_LOOP ( 'NONE', ( #1483, #118, #35, #1789 ) ) ;
#1921 = VERTEX_POINT ( 'NONE', #553 ) ;
#1922 = AXIS2_PLACEMENT_3D ( 'NONE', #331, #1447, #1763 ) ;
#1923 = CARTESIAN_POINT ( 'NONE',  ( -44.75000000000001421, 6.000000000000000000, -17.79999999999998295 ) ) ;
#1924 = FACE_OUTER_BOUND ( 'NONE', #1214, .T. ) ;
#1925 = DIRECTION ( 'NONE',  ( 0.000000000000000000, 0.000000000000000000, 1.000000000000000000 ) ) ;
#1926 = DIRECTION ( 'NONE',  ( 0.000000000000000000, -0.000000000000000000, 1.000000000000000000 ) ) ;
#1927 = LINE ( 'NONE', #184, #172 ) ;
#1928 = ORIENTED_EDGE ( 'NONE', *, *, #1051, .T. ) ;
#1929 = EDGE_CURVE ( 'NONE', #733, #1624, #1011, .T. ) ;
#1930 = VERTEX_POINT ( 'NONE', #400 ) ;
#1931 = LINE ( 'NONE', #695, #17 ) ;
#1932 = AXIS2_PLACEMENT_3D ( 'NONE', #329, #1557, #150 ) ;
#1933 = CARTESIAN_POINT ( 'NONE',  ( 17.65000000000001279, -21.24335190124195805, -7.900000000000002132 ) ) ;
#1934 = DIRECTION ( 'NONE',  ( 0.000000000000000000, 0.000000000000000000, 1.000000000000000000 ) ) ;
#1935 = ADVANCED_FACE ( 'NONE', ( #361 ), #1186, .T. ) ;
#1936 = EDGE_CURVE ( 'NONE', #749, #247, #241, .T. ) ;
#1937 = EDGE_CURVE ( 'NONE', #1911, #694, #706, .T. ) ;
#1938 = CARTESIAN_POINT ( 'NONE',  ( -37.67499999999999716, 6.000000000000000000, 0.000000000000000000 ) ) ;
#1939 = DIRECTION ( 'NONE',  ( -1.000000000000000000, 0.000000000000000000, -2.721134864277344162E-16 ) ) ;
#1940 = ORIENTED_EDGE ( 'NONE', *, *, #859, .T. ) ;
#1941 = ORIENTED_EDGE ( 'NONE', *, *, #442, .F. ) ;
#1942 = AXIS2_PLACEMENT_3D ( 'NONE', #1480, #208, #1954 ) ;
#1943 = CARTESIAN_POINT ( 'NONE',  ( 4.336808689942016750E-16, 6.000000000000000000, 7.099999999999998757 ) ) ;
#1944 = ADVANCED_FACE ( 'NONE', ( #856 ), #1032, .F. ) ;
#1945 = CARTESIAN_POINT ( 'NONE',  ( -3.499999999999997780, 6.000000000000000000, 7.900000000000000355 ) ) ;
#1946 = DIRECTION ( 'NONE',  ( 0.000000000000000000, 0.000000000000000000, -1.000000000000000000 ) ) ;
#1947 = LINE ( 'NONE', #242, #1546 ) ;
#1948 = CYLINDRICAL_SURFACE ( 'NONE', #1432, 2.049999999999992717 ) ;
#1949 = EDGE_LOOP ( 'NONE', ( #1396, #1989, #1863, #1037 ) ) ;
#1950 = ORIENTED_EDGE ( 'NONE', *, *, #802, .T. ) ;
#1951 = DIRECTION ( 'NONE',  ( -1.000000000000000000, 0.000000000000000000, 0.000000000000000000 ) ) ;
#1952 = CARTESIAN_POINT ( 'NONE',  ( -17.69999999999999218, 4.799999999999998934, 7.900000000000000355 ) ) ;
#1953 = CARTESIAN_POINT ( 'NONE',  ( -49.79999999999999005, 5.000000000000000000, 0.000000000000000000 ) ) ;
#1954 = DIRECTION ( 'NONE',  ( 0.000000000000000000, 0.000000000000000000, 1.000000000000000000 ) ) ;
#1955 = CARTESIAN_POINT ( 'NONE',  ( -20.29999999999999716, 0.000000000000000000, -10.05000000000000071 ) ) ;
#1956 = EDGE_LOOP ( 'NONE', ( #1280, #1462, #1670, #1821 ) ) ;
#1957 = ORIENTED_EDGE ( 'NONE', *, *, #1190, .F. ) ;
#1958 = EDGE_CURVE ( 'NONE', #1271, #669, #1421, .T. ) ;
#1959 = EDGE_LOOP ( 'NONE', ( #168, #1822, #876, #492 ) ) ;
#1960 = DIRECTION ( 'NONE',  ( 0.000000000000000000, 0.000000000000000000, -1.000000000000000000 ) ) ;
#1961 = AXIS2_PLACEMENT_3D ( 'NONE', #906, #1991, #1375 ) ;
#1962 = CARTESIAN_POINT ( 'NONE',  ( 24.60000000000001918, -21.24335190124195805, -7.900000000000003908 ) ) ;
#1963 = CARTESIAN_POINT ( 'NONE',  ( -44.75000000000001421, 5.000000000000000000, -12.75000000000000178 ) ) ;
#1964 = EDGE_CURVE ( 'NONE', #902, #1540, #1154, .T. ) ;
#1965 = LINE ( 'NONE', #709, #549 ) ;
#1966 = CARTESIAN_POINT ( 'NONE',  ( 44.75000000000001421, 6.000000000000000000, -12.75000000000000178 ) ) ;
#1967 = EDGE_CURVE ( 'NONE', #1472, #2040, #1785, .T. ) ;
#1968 = LINE ( 'NONE', #1498, #750 ) ;
#1969 = VERTEX_POINT ( 'NONE', #846 ) ;
#1970 = CARTESIAN_POINT ( 'NONE',  ( 0.000000000000000000, 4.799999999999999822, 0.000000000000000000 ) ) ;
#1971 = CIRCLE ( 'NONE', #948, 1.299999999999993827 ) ;
#1972 = CIRCLE ( 'NONE', #1181, 1.299999999999993827 ) ;
#1973 = LINE ( 'NONE', #1983, #773 ) ;
#1974 = FACE_OUTER_BOUND ( 'NONE', #1128, .T. ) ;
#1975 = CIRCLE ( 'NONE', #1704, 1.299999999999993827 ) ;
#1976 = VERTEX_POINT ( 'NONE', #1297 ) ;
#1977 = LINE ( 'NONE', #225, #1478 ) ;
#1978 = DIRECTION ( 'NONE',  ( -1.000000000000000000, 0.000000000000000000, -0.000000000000000000 ) ) ;
#1979 = VERTEX_POINT ( 'NONE', #40 ) ;
#1980 = ORIENTED_EDGE ( 'NONE', *, *, #262, .F. ) ;
#1981 = FACE_BOUND ( 'NONE', #335, .T. ) ;
#1982 = VERTEX_POINT ( 'NONE', #534 ) ;
#1983 = CARTESIAN_POINT ( 'NONE',  ( 49.80000000000001137, 5.000000000000000000, 12.75000000000000178 ) ) ;
#1984 = VECTOR ( 'NONE', #644, 1000.000000000000000 ) ;
#1985 = VERTEX_POINT ( 'NONE', #215 ) ;
#1986 = PLANE ( 'NONE',  #585 ) ;
#1987 =( LENGTH_UNIT ( ) NAMED_UNIT ( * ) SI_UNIT ( .MILLI., .METRE. ) );
#1988 = PLANE ( 'NONE',  #1179 ) ;
#1989 = ORIENTED_EDGE ( 'NONE', *, *, #1501, .T. ) ;
#1990 = EDGE_CURVE ( 'NONE', #538, #1979, #690, .T. ) ;
#1991 = DIRECTION ( 'NONE',  ( -0.000000000000000000, 0.000000000000000000, 1.000000000000000000 ) ) ;
#1992 = EDGE_LOOP ( 'NONE', ( #1676, #2042 ) ) ;
#1993 = LINE ( 'NONE', #723, #2035 ) ;
#1994 =( NAMED_UNIT ( * ) SI_UNIT ( $, .STERADIAN. ) SOLID_ANGLE_UNIT ( ) );
#1995 = EDGE_CURVE ( 'NONE', #78, #1985, #1467, .T. ) ;
#1996 = DIRECTION ( 'NONE',  ( 0.000000000000000000, 0.000000000000000000, -1.000000000000000000 ) ) ;
#1997 = EDGE_LOOP ( 'NONE', ( #96, #36, #396, #357 ) ) ;
#1998 = ORIENTED_EDGE ( 'NONE', *, *, #106, .T. ) ;
#1999 = EDGE_LOOP ( 'NONE', ( #886, #1564, #1000, #1545 ) ) ;
#2000 = DIRECTION ( 'NONE',  ( 0.000000000000000000, 0.000000000000000000, 1.000000000000000000 ) ) ;
#2001 = ORIENTED_EDGE ( 'NONE', *, *, #1438, .T. ) ;
#2002 = CARTESIAN_POINT ( 'NONE',  ( 17.65000000000001279, 6.000000000000000000, -7.900000000000002132 ) ) ;
#2003 = DIRECTION ( 'NONE',  ( 0.000000000000000000, 1.000000000000000000, 0.000000000000000000 ) ) ;
#2004 = CARTESIAN_POINT ( 'NONE',  ( -3.500000000000000888, 6.000000000000000000, -7.100000000000002309 ) ) ;
#2005 = VERTEX_POINT ( 'NONE', #515 ) ;
#2006 = ORIENTED_EDGE ( 'NONE', *, *, #1043, .F. ) ;
#2007 = ORIENTED_EDGE ( 'NONE', *, *, #835, .T. ) ;
#2008 = VECTOR ( 'NONE', #43, 1000.000000000000000 ) ;
#2009 = FACE_OUTER_BOUND ( 'NONE', #1833, .T. ) ;
#2010 = ORIENTED_EDGE ( 'NONE', *, *, #1967, .F. ) ;
#2011 = LINE ( 'NONE', #1549, #489 ) ;
#2012 = CARTESIAN_POINT ( 'NONE',  ( -4.140077480096600431E-15, 0.000000000000000000, -17.79999999999999361 ) ) ;
#2013 = VECTOR ( 'NONE', #681, 1000.000000000000000 ) ;
#2014 = LINE ( 'NONE', #2004, #353 ) ;
#2015 = CARTESIAN_POINT ( 'NONE',  ( -44.75000000000001421, 6.000000000000000000, -12.75000000000000178 ) ) ;
#2016 = ORIENTED_EDGE ( 'NONE', *, *, #1868, .F. ) ;
#2017 = VERTEX_POINT ( 'NONE', #1494 ) ;
#2018 = ORIENTED_EDGE ( 'NONE', *, *, #134, .T. ) ;
#2019 = ADVANCED_FACE ( 'NONE', ( #1974 ), #1144, .F. ) ;
#2020 = DIRECTION ( 'NONE',  ( -0.000000000000000000, -1.000000000000000000, -0.000000000000000000 ) ) ;
#2021 = VECTOR ( 'NONE', #939, 1000.000000000000000 ) ;
#2022 = DIRECTION ( 'NONE',  ( -0.000000000000000000, -1.000000000000000000, -0.000000000000000000 ) ) ;
#2023 = CARTESIAN_POINT ( 'NONE',  ( -44.75000000000001421, 4.000000000000000000, 12.75000000000000178 ) ) ;
#2024 = CARTESIAN_POINT ( 'NONE',  ( -17.69999999999999929, 6.000000000000000000, -7.099999999999999645 ) ) ;
#2025 = DIRECTION ( 'NONE',  ( 0.000000000000000000, 1.000000000000000000, 0.000000000000000000 ) ) ;
#2026 = AXIS2_PLACEMENT_3D ( 'NONE', #138, #875, #1196 ) ;
#2027 = ORIENTED_EDGE ( 'NONE', *, *, #1722, .T. ) ;
#2028 = ADVANCED_FACE ( 'NONE', ( #697 ), #1328, .F. ) ;
#2029 = ORIENTED_EDGE ( 'NONE', *, *, #253, .T. ) ;
#2030 = EDGE_LOOP ( 'NONE', ( #1192, #448 ) ) ;
#2031 = CARTESIAN_POINT ( 'NONE',  ( 49.80000000000001137, 6.000000000000000000, 12.75000000000000178 ) ) ;
#2032 = CARTESIAN_POINT ( 'NONE',  ( 4.336808689942016750E-16, 6.000000000000000000, 7.099999999999997868 ) ) ;
#2033 = FACE_OUTER_BOUND ( 'NONE', #438, .T. ) ;
#2034 = VECTOR ( 'NONE', #121, 1000.000000000000000 ) ;
#2035 = VECTOR ( 'NONE', #1210, 1000.000000000000000 ) ;
#2036 = CYLINDRICAL_SURFACE ( 'NONE', #546, 2.049999999999992717 ) ;
#2037 = LINE ( 'NONE', #469, #901 ) ;
#2038 = ORIENTED_EDGE ( 'NONE', *, *, #524, .F. ) ;
#2039 = VECTOR ( 'NONE', #243, 1000.000000000000000 ) ;
#2040 = VERTEX_POINT ( 'NONE', #543 ) ;
#2041 = EDGE_CURVE ( 'NONE', #293, #1254, #526, .T. ) ;
#2042 = ORIENTED_EDGE ( 'NONE', *, *, #38, .F. ) ;
#2043 = DIRECTION ( 'NONE',  ( 0.000000000000000000, 0.000000000000000000, -1.000000000000000000 ) ) ;
ENDSEC;
END-ISO-10303-21;
