ISO-10303-21;
HEADER;
FILE_DESCRIPTION (( 'STEP AP214' ),
    '1' );
FILE_NAME ('baseshell.STEP',
    '2026-07-29T18:20:18',
    ( '' ),
    ( '' ),
    'SwSTEP 2.0',
    'SolidWorks 2023',
    '' );
FILE_SCHEMA (( 'AUTOMOTIVE_DESIGN' ));
ENDSEC;

DATA;
#1 = FACE_OUTER_BOUND ( 'NONE', #1120, .T. ) ;
#2 = EDGE_CURVE ( 'NONE', #171, #736, #1297, .T. ) ;
#3 = ORIENTED_EDGE ( 'NONE', *, *, #378, .T. ) ;
#4 = ORIENTED_EDGE ( 'NONE', *, *, #751, .F. ) ;
#5 = ORIENTED_EDGE ( 'NONE', *, *, #1407, .F. ) ;
#6 = CARTESIAN_POINT ( 'NONE',  ( 20.00000000000000000, -11.00000000000000178, 0.000000000000000000 ) ) ;
#7 = LINE ( 'NONE', #1389, #1333 ) ;
#8 = EDGE_CURVE ( 'NONE', #584, #895, #1402, .T. ) ;
#9 = ORIENTED_EDGE ( 'NONE', *, *, #337, .F. ) ;
#10 = APPLICATION_CONTEXT ( 'automotive_design' ) ;
#11 = CARTESIAN_POINT ( 'NONE',  ( 0.000000000000000000, -13.00000000000000178, 0.000000000000000000 ) ) ;
#12 = CARTESIAN_POINT ( 'NONE',  ( 32.00000000000000000, -91.35202996254025720, 12.00000000000000178 ) ) ;
#13 = VECTOR ( 'NONE', #480, 1000.000000000000000 ) ;
#14 = EDGE_CURVE ( 'NONE', #661, #1013, #156, .T. ) ;
#15 = DIRECTION ( 'NONE',  ( 0.5000000000000062172, 0.000000000000000000, -0.8660254037844349329 ) ) ;
#16 = ORIENTED_EDGE ( 'NONE', *, *, #1198, .T. ) ;
#17 = VECTOR ( 'NONE', #1248, 999.9999999999998863 ) ;
#18 = CYLINDRICAL_SURFACE ( 'NONE', #345, 2.249999999999999112 ) ;
#19 = LINE ( 'NONE', #694, #1383 ) ;
#20 = ORIENTED_EDGE ( 'NONE', *, *, #750, .T. ) ;
#21 = CARTESIAN_POINT ( 'NONE',  ( -3.469446951953614189E-15, -11.00000000000000178, -2.249999999999994671 ) ) ;
#22 = PLANE ( 'NONE',  #262 ) ;
#23 = ORIENTED_EDGE ( 'NONE', *, *, #1426, .T. ) ;
#24 = ADVANCED_FACE ( 'NONE', ( #1207 ), #495, .F. ) ;
#25 = CARTESIAN_POINT ( 'NONE',  ( 20.00000000000000000, -13.00000000000000178, 2.249999999999999112 ) ) ;
#26 = DIRECTION ( 'NONE',  ( 0.000000000000000000, -1.000000000000000000, 0.000000000000000000 ) ) ;
#27 = VERTEX_POINT ( 'NONE', #611 ) ;
#28 = AXIS2_PLACEMENT_3D ( 'NONE', #983, #1299, #1202 ) ;
#29 = VECTOR ( 'NONE', #1098, 1000.000000000000000 ) ;
#30 = CIRCLE ( 'NONE', #1243, 1.250000000000001110 ) ;
#31 = LINE ( 'NONE', #715, #1028 ) ;
#32 = DIRECTION ( 'NONE',  ( -0.000000000000000000, 1.000000000000000000, -0.000000000000000000 ) ) ;
#33 = VERTEX_POINT ( 'NONE', #48 ) ;
#34 = DIRECTION ( 'NONE',  ( -0.000000000000000000, 1.000000000000000000, -0.000000000000000000 ) ) ;
#35 = VERTEX_POINT ( 'NONE', #851 ) ;
#36 = LINE ( 'NONE', #1158, #288 ) ;
#37 = CARTESIAN_POINT ( 'NONE',  ( -29.50000000000000355, -91.35202996254025720, -9.500000000000000000 ) ) ;
#38 = CARTESIAN_POINT ( 'NONE',  ( 20.00000000000000000, -3.000000000000000000, 0.000000000000000000 ) ) ;
#39 = ORIENTED_EDGE ( 'NONE', *, *, #796, .T. ) ;
#40 = FACE_OUTER_BOUND ( 'NONE', #714, .T. ) ;
#41 = ADVANCED_FACE ( 'NONE', ( #42 ), #58, .T. ) ;
#42 = FACE_OUTER_BOUND ( 'NONE', #148, .T. ) ;
#43 = LINE ( 'NONE', #1313, #1430 ) ;
#44 = LINE ( 'NONE', #368, #224 ) ;
#45 = ADVANCED_FACE ( 'NONE', ( #399 ), #1320, .F. ) ;
#46 = FACE_OUTER_BOUND ( 'NONE', #695, .T. ) ;
#47 = CYLINDRICAL_SURFACE ( 'NONE', #1286, 1.250000000000001110 ) ;
#48 = CARTESIAN_POINT ( 'NONE',  ( 28.05662432702594344, -15.00000000000000178, 6.999999999999992006 ) ) ;
#49 = VECTOR ( 'NONE', #298, 1000.000000000000000 ) ;
#50 = VECTOR ( 'NONE', #863, 1000.000000000000000 ) ;
#51 = LINE ( 'NONE', #1226, #267 ) ;
#52 = CIRCLE ( 'NONE', #1458, 2.249999999999999112 ) ;
#53 = ORIENTED_EDGE ( 'NONE', *, *, #912, .T. ) ;
#54 = CARTESIAN_POINT ( 'NONE',  ( -29.50000000000000355, -91.35202996254025720, 10.75000000000000000 ) ) ;
#55 = ADVANCED_FACE ( 'NONE', ( #46 ), #70, .F. ) ;
#56 = CARTESIAN_POINT ( 'NONE',  ( -26.61324865405186202, -5.000000000000000888, -9.500000000000023093 ) ) ;
#57 = DIRECTION ( 'NONE',  ( 0.000000000000000000, 0.000000000000000000, -1.000000000000000000 ) ) ;
#58 = PLANE ( 'NONE',  #931 ) ;
#59 = CARTESIAN_POINT ( 'NONE',  ( -26.61324865405186202, -5.000000000000000888, -9.500000000000023093 ) ) ;
#60 = VERTEX_POINT ( 'NONE', #1204 ) ;
#61 = ADVANCED_FACE ( 'NONE', ( #836 ), #1108, .T. ) ;
#62 = FACE_OUTER_BOUND ( 'NONE', #328, .T. ) ;
#63 = DIRECTION ( 'NONE',  ( 0.000000000000000000, 0.000000000000000000, -1.000000000000000000 ) ) ;
#64 = FACE_OUTER_BOUND ( 'NONE', #401, .T. ) ;
#65 = ORIENTED_EDGE ( 'NONE', *, *, #576, .F. ) ;
#66 = CARTESIAN_POINT ( 'NONE',  ( 28.05662432702594344, -5.000000000000000888, -6.999999999999992006 ) ) ;
#67 = ADVANCED_FACE ( 'NONE', ( #737, #607 ), #1079, .T. ) ;
#68 = EDGE_LOOP ( 'NONE', ( #839, #86, #186, #552 ) ) ;
#69 = DIRECTION ( 'NONE',  ( 0.4999999999999988898, 0.000000000000000000, 0.8660254037844392627 ) ) ;
#70 = CYLINDRICAL_SURFACE ( 'NONE', #361, 9.899494936611668905 ) ;
#71 = DIRECTION ( 'NONE',  ( 0.000000000000000000, 0.000000000000000000, -1.000000000000000000 ) ) ;
#72 = ORIENTED_EDGE ( 'NONE', *, *, #14, .F. ) ;
#73 = DIRECTION ( 'NONE',  ( -0.000000000000000000, 1.000000000000000000, -0.000000000000000000 ) ) ;
#74 = VECTOR ( 'NONE', #996, 999.9999999999998863 ) ;
#75 = VECTOR ( 'NONE', #1421, 1000.000000000000000 ) ;
#76 = VERTEX_POINT ( 'NONE', #293 ) ;
#77 = AXIS2_PLACEMENT_3D ( 'NONE', #953, #1103, #57 ) ;
#78 = CARTESIAN_POINT ( 'NONE',  ( 24.07355715851501543, -5.000000000000000888, 13.89887470582044671 ) ) ;
#79 = AXIS2_PLACEMENT_3D ( 'NONE', #1089, #1437, #407 ) ;
#80 = CARTESIAN_POINT ( 'NONE',  ( 26.61324865405186202, -5.000000000000000888, -9.500000000000023093 ) ) ;
#81 = DIRECTION ( 'NONE',  ( 0.4999999999999989453, 0.000000000000000000, -0.8660254037844392627 ) ) ;
#82 = VERTEX_POINT ( 'NONE', #1447 ) ;
#83 = EDGE_CURVE ( 'NONE', #748, #109, #263, .T. ) ;
#84 = EDGE_LOOP ( 'NONE', ( #569, #1085, #332, #1350 ) ) ;
#85 = DIRECTION ( 'NONE',  ( -0.000000000000000000, -0.000000000000000000, 1.000000000000000000 ) ) ;
#86 = ORIENTED_EDGE ( 'NONE', *, *, #1276, .T. ) ;
#87 = CARTESIAN_POINT ( 'NONE',  ( 28.05662432702593279, -5.000000000000004441, -12.00000000000000000 ) ) ;
#88 = DIRECTION ( 'NONE',  ( -1.000000000000000000, 0.000000000000000000, 0.000000000000000000 ) ) ;
#89 = FACE_OUTER_BOUND ( 'NONE', #728, .T. ) ;
#90 = LINE ( 'NONE', #420, #1029 ) ;
#91 = ORIENTED_EDGE ( 'NONE', *, *, #114, .T. ) ;
#92 = EDGE_CURVE ( 'NONE', #647, #174, #720, .T. ) ;
#93 = DIRECTION ( 'NONE',  ( -1.000000000000000000, 0.000000000000000000, -3.605555036969175364E-15 ) ) ;
#94 = ORIENTED_EDGE ( 'NONE', *, *, #1228, .F. ) ;
#95 = LINE ( 'NONE', #327, #17 ) ;
#96 = ORIENTED_EDGE ( 'NONE', *, *, #1235, .F. ) ;
#97 = LINE ( 'NONE', #1006, #928 ) ;
#98 = CARTESIAN_POINT ( 'NONE',  ( -19.99999999999999645, -11.00000000000000178, -8.673617379884035472E-16 ) ) ;
#99 = EDGE_CURVE ( 'NONE', #1119, #742, #385, .T. ) ;
#100 = VERTEX_POINT ( 'NONE', #848 ) ;
#101 = DIRECTION ( 'NONE',  ( 0.000000000000000000, 0.000000000000000000, -1.000000000000000000 ) ) ;
#102 = ORIENTED_EDGE ( 'NONE', *, *, #1172, .F. ) ;
#103 = FACE_OUTER_BOUND ( 'NONE', #1396, .T. ) ;
#104 = CARTESIAN_POINT ( 'NONE',  ( 0.000000000000000000, -13.00000000000000178, 0.000000000000000000 ) ) ;
#105 = CIRCLE ( 'NONE', #1425, 9.899494936611668905 ) ;
#106 = AXIS2_PLACEMENT_3D ( 'NONE', #858, #830, #286 ) ;
#107 = EDGE_CURVE ( 'NONE', #1163, #1416, #1189, .T. ) ;
#108 = CIRCLE ( 'NONE', #226, 2.249999999999999112 ) ;
#109 = VERTEX_POINT ( 'NONE', #1310 ) ;
#110 = ORIENTED_EDGE ( 'NONE', *, *, #8, .F. ) ;
#111 = EDGE_LOOP ( 'NONE', ( #1088, #110 ) ) ;
#112 = CARTESIAN_POINT ( 'NONE',  ( -31.99999999999999289, -3.000000000000000000, -12.00000000000000000 ) ) ;
#113 = CARTESIAN_POINT ( 'NONE',  ( -32.00000000000000000, -5.000000000000000888, 6.999999999999976907 ) ) ;
#114 = EDGE_CURVE ( 'NONE', #1301, #758, #1337, .T. ) ;
#115 = ORIENTED_EDGE ( 'NONE', *, *, #1442, .F. ) ;
#116 = PLANE ( 'NONE',  #977 ) ;
#117 = ADVANCED_FACE ( 'NONE', ( #755 ), #1433, .F. ) ;
#118 = CARTESIAN_POINT ( 'NONE',  ( -3.469446951953614189E-15, -11.00000000000000178, -2.249999999999994671 ) ) ;
#119 = FACE_OUTER_BOUND ( 'NONE', #456, .T. ) ;
#120 = ORIENTED_EDGE ( 'NONE', *, *, #1146, .T. ) ;
#121 = DIRECTION ( 'NONE',  ( 0.000000000000000000, 0.000000000000000000, -1.000000000000000000 ) ) ;
#122 = AXIS2_PLACEMENT_3D ( 'NONE', #1316, #1439, #1419 ) ;
#123 = AXIS2_PLACEMENT_3D ( 'NONE', #516, #404, #63 ) ;
#124 = FACE_OUTER_BOUND ( 'NONE', #1450, .T. ) ;
#125 = VECTOR ( 'NONE', #625, 1000.000000000000000 ) ;
#126 = AXIS2_PLACEMENT_3D ( 'NONE', #443, #1153, #318 ) ;
#127 = ORIENTED_EDGE ( 'NONE', *, *, #593, .T. ) ;
#128 = ADVANCED_FACE ( 'NONE', ( #729 ), #1223, .F. ) ;
#129 = DIRECTION ( 'NONE',  ( -0.000000000000000000, -1.000000000000000000, -0.000000000000000000 ) ) ;
#130 = FACE_BOUND ( 'NONE', #921, .T. ) ;
#131 = ORIENTED_EDGE ( 'NONE', *, *, #1072, .T. ) ;
#132 = CARTESIAN_POINT ( 'NONE',  ( -28.05662432702593279, -5.000000000000000888, -12.00000000000000355 ) ) ;
#133 = FACE_OUTER_BOUND ( 'NONE', #357, .T. ) ;
#134 = ORIENTED_EDGE ( 'NONE', *, *, #589, .F. ) ;
#135 = CARTESIAN_POINT ( 'NONE',  ( -19.99999999999999645, -91.35202996254025720, -9.899494936611668905 ) ) ;
#136 = CARTESIAN_POINT ( 'NONE',  ( -19.99999999999999645, -11.00000000000000178, -8.673617379884035472E-16 ) ) ;
#137 = DIRECTION ( 'NONE',  ( -0.000000000000000000, -1.000000000000000000, -0.000000000000000000 ) ) ;
#138 = VERTEX_POINT ( 'NONE', #857 ) ;
#139 = DIRECTION ( 'NONE',  ( 0.000000000000000000, -1.000000000000000000, -0.000000000000000000 ) ) ;
#140 = DIRECTION ( 'NONE',  ( -1.000000000000000000, -0.000000000000000000, -0.000000000000000000 ) ) ;
#141 = AXIS2_PLACEMENT_3D ( 'NONE', #197, #1126, #207 ) ;
#142 = AXIS2_PLACEMENT_3D ( 'NONE', #1004, #725, #619 ) ;
#143 = LINE ( 'NONE', #585, #799 ) ;
#144 = EDGE_CURVE ( 'NONE', #636, #1408, #278, .T. ) ;
#145 = CARTESIAN_POINT ( 'NONE',  ( 32.00000000000000000, -15.00000000000000178, -6.999999999999976907 ) ) ;
#146 = DIRECTION ( 'NONE',  ( 0.000000000000000000, 0.000000000000000000, 1.000000000000000000 ) ) ;
#147 = DIRECTION ( 'NONE',  ( 0.000000000000000000, 0.000000000000000000, 1.000000000000000000 ) ) ;
#148 = EDGE_LOOP ( 'NONE', ( #767, #1035, #460, #218 ) ) ;
#149 = DIRECTION ( 'NONE',  ( -0.5000000000000063283, 0.000000000000000000, 0.8660254037844350439 ) ) ;
#150 = DIRECTION ( 'NONE',  ( 0.000000000000000000, 0.000000000000000000, 1.000000000000000000 ) ) ;
#151 = CARTESIAN_POINT ( 'NONE',  ( -3.469446951953614189E-15, -3.000000000000000000, 9.899494936611672458 ) ) ;
#152 = EDGE_CURVE ( 'NONE', #178, #1030, #1452, .T. ) ;
#153 = DIRECTION ( 'NONE',  ( -0.000000000000000000, 1.000000000000000000, -0.000000000000000000 ) ) ;
#154 = CARTESIAN_POINT ( 'NONE',  ( 15.84631582256259819, -5.000000000000000888, -9.148874705820496445 ) ) ;
#155 = FACE_BOUND ( 'NONE', #1218, .T. ) ;
#156 = LINE ( 'NONE', #724, #821 ) ;
#157 = CARTESIAN_POINT ( 'NONE',  ( -19.99999999999999645, -11.00000000000000178, -8.673617379884035472E-16 ) ) ;
#158 = ORIENTED_EDGE ( 'NONE', *, *, #513, .F. ) ;
#159 = PLANE ( 'NONE',  #678 ) ;
#160 = DIRECTION ( 'NONE',  ( -0.5000000000000062172, 0.000000000000000000, -0.8660254037844349329 ) ) ;
#161 = CARTESIAN_POINT ( 'NONE',  ( -19.99999999999999645, -91.35202996254025720, 9.899494936611665352 ) ) ;
#162 = ORIENTED_EDGE ( 'NONE', *, *, #1315, .T. ) ;
#163 = CIRCLE ( 'NONE', #28, 2.250000000000000000 ) ;
#164 = AXIS2_PLACEMENT_3D ( 'NONE', #1311, #1319, #1434 ) ;
#165 = LINE ( 'NONE', #630, #1307 ) ;
#166 = VERTEX_POINT ( 'NONE', #1326 ) ;
#167 = DIRECTION ( 'NONE',  ( -0.000000000000000000, 1.000000000000000000, -0.000000000000000000 ) ) ;
#168 = CARTESIAN_POINT ( 'NONE',  ( -2.257108473223923835E-15, -11.00000000000000178, -9.899494936611661799 ) ) ;
#169 = CARTESIAN_POINT ( 'NONE',  ( -28.05662432702593279, -5.000000000000000888, -12.00000000000000355 ) ) ;
#170 = EDGE_CURVE ( 'NONE', #942, #1149, #1216, .T. ) ;
#171 = VERTEX_POINT ( 'NONE', #168 ) ;
#172 = EDGE_CURVE ( 'NONE', #865, #1138, #522, .T. ) ;
#173 = LINE ( 'NONE', #612, #807 ) ;
#174 = VERTEX_POINT ( 'NONE', #410 ) ;
#175 = CARTESIAN_POINT ( 'NONE',  ( 24.07355715851501543, -5.000000000000000888, -13.89887470582044671 ) ) ;
#176 = CARTESIAN_POINT ( 'NONE',  ( 20.00000000000000000, -11.00000000000000178, -2.249999999999999112 ) ) ;
#177 = CARTESIAN_POINT ( 'NONE',  ( 29.50000000000000355, -3.000000000000000000, 9.500000000000000000 ) ) ;
#178 = VERTEX_POINT ( 'NONE', #1465 ) ;
#179 = PRODUCT_DEFINITION_CONTEXT ( 'detailed design', #250, 'design' ) ;
#180 = CARTESIAN_POINT ( 'NONE',  ( 29.50000000000000355, -3.000000000000000000, 10.75000000000000000 ) ) ;
#181 = EDGE_LOOP ( 'NONE', ( #592, #1355 ) ) ;
#182 = CARTESIAN_POINT ( 'NONE',  ( 15.84631582256259819, -15.00000000000000178, -9.148874705820496445 ) ) ;
#183 = DIRECTION ( 'NONE',  ( 0.000000000000000000, 0.000000000000000000, -1.000000000000000000 ) ) ;
#184 = EDGE_CURVE ( 'NONE', #1347, #1041, #975, .T. ) ;
#185 = DIRECTION ( 'NONE',  ( 0.000000000000000000, 1.000000000000000000, 0.000000000000000000 ) ) ;
#186 = ORIENTED_EDGE ( 'NONE', *, *, #1027, .T. ) ;
#187 = ORIENTED_EDGE ( 'NONE', *, *, #1184, .F. ) ;
#188 = CARTESIAN_POINT ( 'NONE',  ( 28.05662432702594344, -15.00000000000000178, -6.999999999999992006 ) ) ;
#189 = AXIS2_PLACEMENT_3D ( 'NONE', #1185, #1417, #948 ) ;
#190 = VECTOR ( 'NONE', #285, 1000.000000000000000 ) ;
#191 = VECTOR ( 'NONE', #149, 999.9999999999998863 ) ;
#192 = VERTEX_POINT ( 'NONE', #1026 ) ;
#193 = AXIS2_PLACEMENT_3D ( 'NONE', #1012, #665, #1356 ) ;
#194 = DIRECTION ( 'NONE',  ( 1.000000000000000000, 0.000000000000000000, -3.605555036969175364E-15 ) ) ;
#195 = EDGE_CURVE ( 'NONE', #1201, #166, #681, .T. ) ;
#196 = AXIS2_PLACEMENT_3D ( 'NONE', #1367, #1137, #1256 ) ;
#197 = CARTESIAN_POINT ( 'NONE',  ( -19.99999999999999645, -13.00000000000000178, -8.673617379884035472E-16 ) ) ;
#198 = DIRECTION ( 'NONE',  ( 1.000000000000000000, 0.000000000000000000, 3.605555036969175364E-15 ) ) ;
#199 = ORIENTED_EDGE ( 'NONE', *, *, #686, .F. ) ;
#200 = CARTESIAN_POINT ( 'NONE',  ( 20.00000000000000000, -11.00000000000000178, 9.899494936611668905 ) ) ;
#201 = VERTEX_POINT ( 'NONE', #1116 ) ;
#202 = DIRECTION ( 'NONE',  ( -0.000000000000000000, 1.000000000000000000, -0.000000000000000000 ) ) ;
#203 = ORIENTED_EDGE ( 'NONE', *, *, #1361, .F. ) ;
#204 = FILL_AREA_STYLE ('',( #933 ) ) ;
#205 = EDGE_CURVE ( 'NONE', #109, #748, #316, .T. ) ;
#206 = DIRECTION ( 'NONE',  ( -0.000000000000000000, 1.000000000000000000, -0.000000000000000000 ) ) ;
#207 = DIRECTION ( 'NONE',  ( 0.000000000000000000, 0.000000000000000000, 1.000000000000000000 ) ) ;
#208 = DIRECTION ( 'NONE',  ( 0.000000000000000000, 1.000000000000000000, 0.000000000000000000 ) ) ;
#209 = DIRECTION ( 'NONE',  ( -1.000000000000000000, 0.000000000000000000, -3.605555036969175364E-15 ) ) ;
#210 = ORIENTED_EDGE ( 'NONE', *, *, #1124, .F. ) ;
#211 = DIRECTION ( 'NONE',  ( -0.000000000000000000, -1.000000000000000000, -0.000000000000000000 ) ) ;
#212 = VERTEX_POINT ( 'NONE', #216 ) ;
#213 = ADVANCED_FACE ( 'NONE', ( #299 ), #1230, .F. ) ;
#214 = DIRECTION ( 'NONE',  ( 0.000000000000000000, 1.000000000000000000, 0.000000000000000000 ) ) ;
#215 = FACE_OUTER_BOUND ( 'NONE', #913, .T. ) ;
#216 = CARTESIAN_POINT ( 'NONE',  ( 29.50000000000000355, -3.000000000000000000, 8.249999999999998224 ) ) ;
#217 = ORIENTED_EDGE ( 'NONE', *, *, #539, .F. ) ;
#218 = ORIENTED_EDGE ( 'NONE', *, *, #927, .T. ) ;
#219 = EDGE_CURVE ( 'NONE', #1461, #901, #649, .T. ) ;
#220 = PRODUCT_RELATED_PRODUCT_CATEGORY ( 'part', '', ( #1175 ) ) ;
#221 = EDGE_LOOP ( 'NONE', ( #340, #676, #16, #9 ) ) ;
#222 = CARTESIAN_POINT ( 'NONE',  ( 20.00000000000000000, -11.00000000000000178, 0.000000000000000000 ) ) ;
#223 = CARTESIAN_POINT ( 'NONE',  ( 0.000000000000000000, -5.000000000000000888, 0.000000000000000000 ) ) ;
#224 = VECTOR ( 'NONE', #856, 1000.000000000000000 ) ;
#225 = AXIS2_PLACEMENT_3D ( 'NONE', #769, #447, #307 ) ;
#226 = AXIS2_PLACEMENT_3D ( 'NONE', #6, #335, #1480 ) ;
#227 = ADVANCED_FACE ( 'NONE', ( #1135 ), #1371, .F. ) ;
#228 = ORIENTED_EDGE ( 'NONE', *, *, #1156, .F. ) ;
#229 = ADVANCED_FACE ( 'NONE', ( #1459 ), #1344, .F. ) ;
#230 = VERTEX_POINT ( 'NONE', #1007 ) ;
#231 = PLANE ( 'NONE',  #1070 ) ;
#232 = DIRECTION ( 'NONE',  ( 0.000000000000000000, -0.000000000000000000, -1.000000000000000000 ) ) ;
#233 = EDGE_LOOP ( 'NONE', ( #379, #1151, #102, #162 ) ) ;
#234 = DIRECTION ( 'NONE',  ( -0.000000000000000000, -1.000000000000000000, -0.000000000000000000 ) ) ;
#235 = DIRECTION ( 'NONE',  ( 0.000000000000000000, 0.000000000000000000, -1.000000000000000000 ) ) ;
#236 = DIRECTION ( 'NONE',  ( -0.000000000000000000, 1.000000000000000000, -0.000000000000000000 ) ) ;
#237 = EDGE_CURVE ( 'NONE', #1461, #801, #540, .T. ) ;
#238 = ORIENTED_EDGE ( 'NONE', *, *, #371, .T. ) ;
#239 = DIRECTION ( 'NONE',  ( 0.000000000000000000, 0.000000000000000000, 1.000000000000000000 ) ) ;
#240 = FACE_BOUND ( 'NONE', #876, .T. ) ;
#241 = AXIS2_PLACEMENT_3D ( 'NONE', #1441, #405, #959 ) ;
#242 = ORIENTED_EDGE ( 'NONE', *, *, #1148, .T. ) ;
#243 =( GEOMETRIC_REPRESENTATION_CONTEXT ( 3 ) GLOBAL_UNCERTAINTY_ASSIGNED_CONTEXT ( ( #920 ) ) GLOBAL_UNIT_ASSIGNED_CONTEXT ( ( #1014, #432, #667 ) ) REPRESENTATION_CONTEXT ( 'NONE', 'WORKASPACE' ) );
#244 = EDGE_CURVE ( 'NONE', #192, #1190, #599, .T. ) ;
#245 = CARTESIAN_POINT ( 'NONE',  ( -19.99999999999999645, -91.35202996254025720, -8.673617379884035472E-16 ) ) ;
#246 = PLANE ( 'NONE',  #974 ) ;
#247 = ORIENTED_EDGE ( 'NONE', *, *, #1177, .T. ) ;
#248 = FACE_OUTER_BOUND ( 'NONE', #1284, .T. ) ;
#249 = EDGE_CURVE ( 'NONE', #82, #60, #1454, .T. ) ;
#250 = APPLICATION_CONTEXT ( 'automotive_design' ) ;
#251 = CARTESIAN_POINT ( 'NONE',  ( 29.50000000000000355, -91.35202996254025720, -8.249999999999998224 ) ) ;
#252 = EDGE_LOOP ( 'NONE', ( #1414, #1348 ) ) ;
#253 = CARTESIAN_POINT ( 'NONE',  ( 0.000000000000000000, -5.000000000000000888, 0.000000000000000000 ) ) ;
#254 = ORIENTED_EDGE ( 'NONE', *, *, #610, .F. ) ;
#255 = CYLINDRICAL_SURFACE ( 'NONE', #1401, 9.899494936611665352 ) ;
#256 = ADVANCED_FACE ( 'NONE', ( #89, #434 ), #548, .T. ) ;
#257 = CARTESIAN_POINT ( 'NONE',  ( -32.00000000000000000, -5.000000000000000888, 12.00000000000000178 ) ) ;
#258 = DIRECTION ( 'NONE',  ( 0.000000000000000000, -0.000000000000000000, -1.000000000000000000 ) ) ;
#259 = AXIS2_PLACEMENT_3D ( 'NONE', #175, #641, #69 ) ;
#260 = ORIENTED_EDGE ( 'NONE', *, *, #478, .T. ) ;
#261 = DIRECTION ( 'NONE',  ( 0.000000000000000000, 1.000000000000000000, 0.000000000000000000 ) ) ;
#262 = AXIS2_PLACEMENT_3D ( 'NONE', #582, #1129, #93 ) ;
#263 = CIRCLE ( 'NONE', #1268, 9.899494936611668905 ) ;
#264 = VERTEX_POINT ( 'NONE', #898 ) ;
#265 = AXIS2_PLACEMENT_3D ( 'NONE', #1460, #185, #541 ) ;
#266 = EDGE_CURVE ( 'NONE', #1023, #965, #1359, .T. ) ;
#267 = VECTOR ( 'NONE', #1193, 1000.000000000000000 ) ;
#268 = CARTESIAN_POINT ( 'NONE',  ( 0.000000000000000000, -5.000000000000000888, 12.00000000000000178 ) ) ;
#269 = CARTESIAN_POINT ( 'NONE',  ( 24.07355715851501543, -15.00000000000000178, -13.89887470582044671 ) ) ;
#270 = ORIENTED_EDGE ( 'NONE', *, *, #704, .F. ) ;
#271 = DIRECTION ( 'NONE',  ( -0.000000000000000000, 1.000000000000000000, -0.000000000000000000 ) ) ;
#272 = CARTESIAN_POINT ( 'NONE',  ( -32.00000000000000000, -5.000000000000000888, 6.999999999999976907 ) ) ;
#273 = ORIENTED_EDGE ( 'NONE', *, *, #733, .F. ) ;
#274 = DIRECTION ( 'NONE',  ( 0.000000000000000000, 1.000000000000000000, 0.000000000000000000 ) ) ;
#275 = ORIENTED_EDGE ( 'NONE', *, *, #1228, .T. ) ;
#276 = FACE_OUTER_BOUND ( 'NONE', #295, .T. ) ;
#277 = ORIENTED_EDGE ( 'NONE', *, *, #927, .F. ) ;
#278 = LINE ( 'NONE', #56, #50 ) ;
#279 = DIRECTION ( 'NONE',  ( -0.000000000000000000, 0.000000000000000000, -1.000000000000000000 ) ) ;
#280 = CARTESIAN_POINT ( 'NONE',  ( 0.000000000000000000, -13.00000000000000178, 0.000000000000000000 ) ) ;
#281 = LINE ( 'NONE', #1429, #468 ) ;
#282 = VERTEX_POINT ( 'NONE', #272 ) ;
#283 = CARTESIAN_POINT ( 'NONE',  ( 32.00000000000000711, -3.000000000000000000, 0.000000000000000000 ) ) ;
#284 = EDGE_CURVE ( 'NONE', #801, #35, #1327, .T. ) ;
#285 = DIRECTION ( 'NONE',  ( -0.000000000000000000, 1.000000000000000000, -0.000000000000000000 ) ) ;
#286 = DIRECTION ( 'NONE',  ( 0.000000000000000000, 0.000000000000000000, -1.000000000000000000 ) ) ;
#287 = EDGE_LOOP ( 'NONE', ( #406, #421, #989, #120 ) ) ;
#288 = VECTOR ( 'NONE', #1281, 1000.000000000000000 ) ;
#289 = LINE ( 'NONE', #637, #488 ) ;
#290 = VECTOR ( 'NONE', #1403, 1000.000000000000000 ) ;
#291 = EDGE_LOOP ( 'NONE', ( #620, #855 ) ) ;
#292 = CARTESIAN_POINT ( 'NONE',  ( -29.50000000000000355, -91.35202996254025720, 8.249999999999998224 ) ) ;
#293 = CARTESIAN_POINT ( 'NONE',  ( 26.61324865405186202, -5.000000000000000888, 9.500000000000023093 ) ) ;
#294 = DIRECTION ( 'NONE',  ( 0.000000000000000000, 1.000000000000000000, 0.000000000000000000 ) ) ;
#295 = EDGE_LOOP ( 'NONE', ( #1453, #326, #91, #776 ) ) ;
#296 = CARTESIAN_POINT ( 'NONE',  ( -19.99999999999999645, -11.00000000000000178, -2.250000000000000000 ) ) ;
#297 = ORIENTED_EDGE ( 'NONE', *, *, #1287, .F. ) ;
#298 = DIRECTION ( 'NONE',  ( -0.000000000000000000, 1.000000000000000000, -0.000000000000000000 ) ) ;
#299 = FACE_OUTER_BOUND ( 'NONE', #287, .T. ) ;
#300 = LINE ( 'NONE', #756, #1186 ) ;
#301 = ORIENTED_EDGE ( 'NONE', *, *, #905, .T. ) ;
#302 = ORIENTED_EDGE ( 'NONE', *, *, #1340, .F. ) ;
#303 = LINE ( 'NONE', #1234, #950 ) ;
#304 = ADVANCED_FACE ( 'NONE', ( #1295, #155 ), #1087, .T. ) ;
#305 = ORIENTED_EDGE ( 'NONE', *, *, #741, .F. ) ;
#306 = DIRECTION ( 'NONE',  ( -0.000000000000000000, 1.000000000000000000, -0.000000000000000000 ) ) ;
#307 = DIRECTION ( 'NONE',  ( 0.000000000000000000, 0.000000000000000000, 1.000000000000000000 ) ) ;
#308 = LINE ( 'NONE', #1474, #1069 ) ;
#309 = ORIENTED_EDGE ( 'NONE', *, *, #244, .T. ) ;
#310 = ORIENTED_EDGE ( 'NONE', *, *, #1183, .T. ) ;
#311 = EDGE_CURVE ( 'NONE', #1263, #1047, #517, .T. ) ;
#312 = CARTESIAN_POINT ( 'NONE',  ( 20.00000000000000000, -3.000000000000000000, 9.899494936611668905 ) ) ;
#313 = VECTOR ( 'NONE', #194, 1000.000000000000000 ) ;
#314 = VECTOR ( 'NONE', #1096, 1000.000000000000000 ) ;
#315 = VECTOR ( 'NONE', #1277, 1000.000000000000000 ) ;
#316 = CIRCLE ( 'NONE', #1428, 9.899494936611668905 ) ;
#317 = ORIENTED_EDGE ( 'NONE', *, *, #1148, .F. ) ;
#318 = DIRECTION ( 'NONE',  ( 0.000000000000000000, 0.000000000000000000, -1.000000000000000000 ) ) ;
#319 = PRESENTATION_LAYER_ASSIGNMENT (  '', '', ( #1003 ) ) ;
#320 = PLANE ( 'NONE',  #259 ) ;
#321 = DIRECTION ( 'NONE',  ( 0.000000000000000000, 0.000000000000000000, -1.000000000000000000 ) ) ;
#322 = DIRECTION ( 'NONE',  ( 0.000000000000000000, 0.000000000000000000, 1.000000000000000000 ) ) ;
#323 = EDGE_LOOP ( 'NONE', ( #1332, #309 ) ) ;
#324 = CARTESIAN_POINT ( 'NONE',  ( -19.99999999999999645, -11.00000000000000178, 2.249999999999998224 ) ) ;
#325 = EDGE_CURVE ( 'NONE', #736, #537, #562, .T. ) ;
#326 = ORIENTED_EDGE ( 'NONE', *, *, #770, .T. ) ;
#327 = CARTESIAN_POINT ( 'NONE',  ( 15.84631582256259819, -15.00000000000000178, 9.148874705820496445 ) ) ;
#328 = EDGE_LOOP ( 'NONE', ( #908, #1420 ) ) ;
#329 = DIRECTION ( 'NONE',  ( 0.5000000000000063283, 0.000000000000000000, 0.8660254037844350439 ) ) ;
#330 = CARTESIAN_POINT ( 'NONE',  ( 20.00000000000000000, -3.000000000000000000, 0.000000000000000000 ) ) ;
#331 = ADVANCED_FACE ( 'NONE', ( #40 ), #47, .F. ) ;
#332 = ORIENTED_EDGE ( 'NONE', *, *, #452, .F. ) ;
#333 = ORIENTED_EDGE ( 'NONE', *, *, #99, .T. ) ;
#334 = ORIENTED_EDGE ( 'NONE', *, *, #1442, .T. ) ;
#335 = DIRECTION ( 'NONE',  ( 0.000000000000000000, 1.000000000000000000, 0.000000000000000000 ) ) ;
#336 = LINE ( 'NONE', #1266, #1482 ) ;
#337 = EDGE_CURVE ( 'NONE', #1201, #1347, #985, .T. ) ;
#338 = ORIENTED_EDGE ( 'NONE', *, *, #144, .T. ) ;
#339 = EDGE_LOOP ( 'NONE', ( #96, #753, #428, #961 ) ) ;
#340 = ORIENTED_EDGE ( 'NONE', *, *, #595, .F. ) ;
#341 = CIRCLE ( 'NONE', #716, 2.250000000000000000 ) ;
#342 = DIRECTION ( 'NONE',  ( 0.000000000000000000, 0.000000000000000000, -1.000000000000000000 ) ) ;
#343 = CARTESIAN_POINT ( 'NONE',  ( -29.50000000000000355, -5.000000000000000888, -8.249999999999998224 ) ) ;
#344 = AXIS2_PLACEMENT_3D ( 'NONE', #650, #1000, #198 ) ;
#345 = AXIS2_PLACEMENT_3D ( 'NONE', #1068, #471, #121 ) ;
#346 = ORIENTED_EDGE ( 'NONE', *, *, #1156, .T. ) ;
#347 = CARTESIAN_POINT ( 'NONE',  ( 29.50000000000000355, -3.000000000000000000, -8.249999999999998224 ) ) ;
#348 = FACE_OUTER_BOUND ( 'NONE', #721, .T. ) ;
#349 = EDGE_CURVE ( 'NONE', #230, #1145, #719, .T. ) ;
#350 = FACE_OUTER_BOUND ( 'NONE', #1377, .T. ) ;
#351 = ORIENTED_EDGE ( 'NONE', *, *, #1276, .F. ) ;
#352 = FACE_OUTER_BOUND ( 'NONE', #779, .T. ) ;
#353 = EDGE_CURVE ( 'NONE', #915, #27, #747, .T. ) ;
#354 = LINE ( 'NONE', #701, #1485 ) ;
#355 = EDGE_CURVE ( 'NONE', #1301, #100, #1241, .T. ) ;
#356 = LINE ( 'NONE', #1254, #1212 ) ;
#357 = EDGE_LOOP ( 'NONE', ( #1225, #638, #1009, #514 ) ) ;
#358 = ADVANCED_FACE ( 'NONE', ( #500 ), #864, .F. ) ;
#359 = LINE ( 'NONE', #822, #1141 ) ;
#360 = CIRCLE ( 'NONE', #1267, 1.250000000000001110 ) ;
#361 = AXIS2_PLACEMENT_3D ( 'NONE', #529, #966, #147 ) ;
#362 = CARTESIAN_POINT ( 'NONE',  ( 0.000000000000000000, -15.00000000000000178, 0.000000000000000000 ) ) ;
#363 = ORIENTED_EDGE ( 'NONE', *, *, #709, .T. ) ;
#364 = CIRCLE ( 'NONE', #581, 9.899494936611668905 ) ;
#365 = ADVANCED_FACE ( 'NONE', ( #380 ), #849, .T. ) ;
#366 = FACE_BOUND ( 'NONE', #1312, .T. ) ;
#367 = DIRECTION ( 'NONE',  ( 0.000000000000000000, 0.000000000000000000, 1.000000000000000000 ) ) ;
#368 = CARTESIAN_POINT ( 'NONE',  ( -24.07355715851501543, -5.000000000000000888, -13.89887470582044671 ) ) ;
#369 = ORIENTED_EDGE ( 'NONE', *, *, #83, .T. ) ;
#370 = PLANE ( 'NONE',  #823 ) ;
#371 = EDGE_CURVE ( 'NONE', #793, #1468, #838, .T. ) ;
#372 = EDGE_CURVE ( 'NONE', #1445, #373, #1486, .T. ) ;
#373 = VERTEX_POINT ( 'NONE', #1191 ) ;
#374 = DIRECTION ( 'NONE',  ( -0.000000000000000000, -1.000000000000000000, -0.000000000000000000 ) ) ;
#375 = APPLICATION_PROTOCOL_DEFINITION ( 'draft international standard', 'automotive_design', 1998, #250 ) ;
#376 = DIRECTION ( 'NONE',  ( 0.000000000000000000, -0.000000000000000000, 1.000000000000000000 ) ) ;
#377 = DIRECTION ( 'NONE',  ( -0.000000000000000000, 0.000000000000000000, 1.000000000000000000 ) ) ;
#378 = EDGE_CURVE ( 'NONE', #1149, #883, #1143, .T. ) ;
#379 = ORIENTED_EDGE ( 'NONE', *, *, #616, .T. ) ;
#380 = FACE_OUTER_BOUND ( 'NONE', #431, .T. ) ;
#381 = ORIENTED_EDGE ( 'NONE', *, *, #170, .T. ) ;
#382 = FACE_OUTER_BOUND ( 'NONE', #785, .T. ) ;
#383 = CARTESIAN_POINT ( 'NONE',  ( -29.50000000000000355, -5.000000000000000888, 10.75000000000000000 ) ) ;
#384 = ORIENTED_EDGE ( 'NONE', *, *, #470, .T. ) ;
#385 = LINE ( 'NONE', #984, #190 ) ;
#386 = VECTOR ( 'NONE', #1381, 1000.000000000000000 ) ;
#387 = VERTEX_POINT ( 'NONE', #169 ) ;
#388 = CARTESIAN_POINT ( 'NONE',  ( -15.84631582256259819, -5.000000000000000888, -9.148874705820496445 ) ) ;
#389 = AXIS2_PLACEMENT_3D ( 'NONE', #669, #783, #1239 ) ;
#390 = EDGE_LOOP ( 'NONE', ( #1357, #707, #1279, #302 ) ) ;
#391 = AXIS2_PLACEMENT_3D ( 'NONE', #451, #1275, #811 ) ;
#392 = AXIS2_PLACEMENT_3D ( 'NONE', #1101, #846, #1324 ) ;
#393 = DIRECTION ( 'NONE',  ( -0.000000000000000000, -1.000000000000000000, -0.000000000000000000 ) ) ;
#394 = EDGE_LOOP ( 'NONE', ( #1106, #952, #914, #664 ) ) ;
#395 = CARTESIAN_POINT ( 'NONE',  ( 20.00000000000000000, -11.00000000000000178, 0.000000000000000000 ) ) ;
#396 = ADVANCED_FACE ( 'NONE', ( #1423 ), #398, .F. ) ;
#397 = DIRECTION ( 'NONE',  ( 0.000000000000000000, 0.000000000000000000, 1.000000000000000000 ) ) ;
#398 = PLANE ( 'NONE',  #699 ) ;
#399 = FACE_OUTER_BOUND ( 'NONE', #1368, .T. ) ;
#400 = CARTESIAN_POINT ( 'NONE',  ( 20.00000000000000000, -11.00000000000000178, 0.000000000000000000 ) ) ;
#401 = EDGE_LOOP ( 'NONE', ( #687, #1002 ) ) ;
#402 = DIRECTION ( 'NONE',  ( 0.000000000000000000, 1.000000000000000000, 0.000000000000000000 ) ) ;
#403 = ORIENTED_EDGE ( 'NONE', *, *, #897, .T. ) ;
#404 = DIRECTION ( 'NONE',  ( -0.000000000000000000, 1.000000000000000000, -0.000000000000000000 ) ) ;
#405 = DIRECTION ( 'NONE',  ( 0.000000000000000000, 1.000000000000000000, 0.000000000000000000 ) ) ;
#406 = ORIENTED_EDGE ( 'NONE', *, *, #905, .F. ) ;
#407 = DIRECTION ( 'NONE',  ( 0.000000000000000000, 0.000000000000000000, 1.000000000000000000 ) ) ;
#408 = ORIENTED_EDGE ( 'NONE', *, *, #325, .T. ) ;
#409 = LINE ( 'NONE', #292, #49 ) ;
#410 = CARTESIAN_POINT ( 'NONE',  ( -28.05662432702594344, -15.00000000000000178, -6.999999999999992006 ) ) ;
#411 = FACE_OUTER_BOUND ( 'NONE', #469, .T. ) ;
#412 = EDGE_LOOP ( 'NONE', ( #363, #346, #1136, #417 ) ) ;
#413 = VECTOR ( 'NONE', #743, 1000.000000000000000 ) ;
#414 = AXIS2_PLACEMENT_3D ( 'NONE', #1345, #899, #322 ) ;
#415 = CARTESIAN_POINT ( 'NONE',  ( -29.50000000000000355, -5.000000000000000888, 9.500000000000000000 ) ) ;
#416 = COLOUR_RGB ( '',0.7921568627450980005, 0.8196078431372548767, 0.9333333333333333481 ) ;
#417 = ORIENTED_EDGE ( 'NONE', *, *, #840, .F. ) ;
#418 = LINE ( 'NONE', #78, #998 ) ;
#419 = CARTESIAN_POINT ( 'NONE',  ( -32.00000000000000000, -91.35202996254025720, 0.000000000000000000 ) ) ;
#420 = CARTESIAN_POINT ( 'NONE',  ( -32.00000000000000000, -5.000000000000000888, 0.000000000000000000 ) ) ;
#421 = ORIENTED_EDGE ( 'NONE', *, *, #1391, .F. ) ;
#422 = FACE_OUTER_BOUND ( 'NONE', #84, .T. ) ;
#423 = EDGE_LOOP ( 'NONE', ( #1021, #1424 ) ) ;
#424 = CARTESIAN_POINT ( 'NONE',  ( -29.50000000000000355, -91.35202996254025720, -9.500000000000000000 ) ) ;
#425 = DIRECTION ( 'NONE',  ( -0.4999999999999988898, 0.000000000000000000, -0.8660254037844392627 ) ) ;
#426 = CARTESIAN_POINT ( 'NONE',  ( -3.469446951953614189E-15, -11.00000000000000178, 5.204170427930421283E-15 ) ) ;
#427 = ADVANCED_FACE ( 'NONE', ( #64, #1409 ), #370, .T. ) ;
#428 = ORIENTED_EDGE ( 'NONE', *, *, #646, .T. ) ;
#429 = ORIENTED_EDGE ( 'NONE', *, *, #92, .T. ) ;
#430 = LINE ( 'NONE', #1349, #1053 ) ;
#431 = EDGE_LOOP ( 'NONE', ( #1122, #891, #997, #338 ) ) ;
#432 =( NAMED_UNIT ( * ) PLANE_ANGLE_UNIT ( ) SI_UNIT ( $, .RADIAN. ) );
#433 = CARTESIAN_POINT ( 'NONE',  ( 32.00000000000000711, -5.000000000000004441, 6.999999999999976907 ) ) ;
#434 = FACE_BOUND ( 'NONE', #1247, .T. ) ;
#435 = DIRECTION ( 'NONE',  ( -0.000000000000000000, -1.000000000000000000, -0.000000000000000000 ) ) ;
#436 = ORIENTED_EDGE ( 'NONE', *, *, #709, .F. ) ;
#437 = DIRECTION ( 'NONE',  ( -0.4999999999999989453, 0.000000000000000000, 0.8660254037844392627 ) ) ;
#438 = ORIENTED_EDGE ( 'NONE', *, *, #311, .F. ) ;
#439 = DIRECTION ( 'NONE',  ( 0.000000000000000000, 0.000000000000000000, -1.000000000000000000 ) ) ;
#440 = AXIS2_PLACEMENT_3D ( 'NONE', #1397, #490, #604 ) ;
#441 = AXIS2_PLACEMENT_3D ( 'NONE', #253, #139, #279 ) ;
#442 = ORIENTED_EDGE ( 'NONE', *, *, #558, .F. ) ;
#443 = CARTESIAN_POINT ( 'NONE',  ( -29.50000000000000355, -3.000000000000000000, -9.500000000000000000 ) ) ;
#444 = AXIS2_PLACEMENT_3D ( 'NONE', #671, #211, #439 ) ;
#445 = DIRECTION ( 'NONE',  ( -0.4999999999999989453, 0.000000000000000000, 0.8660254037844392627 ) ) ;
#446 = EDGE_CURVE ( 'NONE', #1119, #282, #90, .T. ) ;
#447 = DIRECTION ( 'NONE',  ( -0.000000000000000000, 1.000000000000000000, -0.000000000000000000 ) ) ;
#448 = ORIENTED_EDGE ( 'NONE', *, *, #355, .F. ) ;
#449 = ORIENTED_EDGE ( 'NONE', *, *, #219, .F. ) ;
#450 = VERTEX_POINT ( 'NONE', #1362 ) ;
#451 = CARTESIAN_POINT ( 'NONE',  ( -29.50000000000000355, -5.000000000000000888, -9.500000000000000000 ) ) ;
#452 = EDGE_CURVE ( 'NONE', #60, #82, #1001, .T. ) ;
#453 = FACE_BOUND ( 'NONE', #291, .T. ) ;
#454 = EDGE_CURVE ( 'NONE', #174, #1408, #1008, .T. ) ;
#455 = EDGE_LOOP ( 'NONE', ( #127, #1271, #1328, #954 ) ) ;
#456 = EDGE_LOOP ( 'NONE', ( #739, #670, #554, #247 ) ) ;
#457 = VERTEX_POINT ( 'NONE', #1017 ) ;
#458 = CARTESIAN_POINT ( 'NONE',  ( 20.00000000000000000, -11.00000000000000178, 2.249999999999999112 ) ) ;
#459 = LINE ( 'NONE', #685, #386 ) ;
#460 = ORIENTED_EDGE ( 'NONE', *, *, #483, .T. ) ;
#461 = EDGE_CURVE ( 'NONE', #1236, #33, #1127, .T. ) ;
#462 = AXIS2_PLACEMENT_3D ( 'NONE', #223, #1376, #232 ) ;
#463 = DIRECTION ( 'NONE',  ( 0.000000000000000000, -0.000000000000000000, -1.000000000000000000 ) ) ;
#464 = LINE ( 'NONE', #113, #900 ) ;
#465 = AXIS2_PLACEMENT_3D ( 'NONE', #590, #367, #1398 ) ;
#466 = AXIS2_PLACEMENT_3D ( 'NONE', #969, #261, #1217 ) ;
#467 = DIRECTION ( 'NONE',  ( 0.000000000000000000, -1.000000000000000000, 0.000000000000000000 ) ) ;
#468 = VECTOR ( 'NONE', #860, 1000.000000000000000 ) ;
#469 = EDGE_LOOP ( 'NONE', ( #134, #1059, #837, #557 ) ) ;
#470 = EDGE_CURVE ( 'NONE', #965, #1013, #308, .T. ) ;
#471 = DIRECTION ( 'NONE',  ( -0.000000000000000000, -1.000000000000000000, -0.000000000000000000 ) ) ;
#472 = DIRECTION ( 'NONE',  ( 0.000000000000000000, 0.000000000000000000, 1.000000000000000000 ) ) ;
#473 = ORIENTED_EDGE ( 'NONE', *, *, #524, .F. ) ;
#474 = ADVANCED_FACE ( 'NONE', ( #882 ), #1231, .F. ) ;
#475 = VERTEX_POINT ( 'NONE', #660 ) ;
#476 = FACE_OUTER_BOUND ( 'NONE', #221, .T. ) ;
#477 = PLANE ( 'NONE',  #485 ) ;
#478 = EDGE_CURVE ( 'NONE', #692, #537, #1109, .T. ) ;
#479 = EDGE_LOOP ( 'NONE', ( #982, #892, #1314, #1262 ) ) ;
#480 = DIRECTION ( 'NONE',  ( -0.000000000000000000, -1.000000000000000000, -0.000000000000000000 ) ) ;
#481 = CIRCLE ( 'NONE', #122, 9.899494936611668905 ) ;
#482 = CARTESIAN_POINT ( 'NONE',  ( -15.84631582256259819, -5.000000000000000888, -9.148874705820496445 ) ) ;
#483 = EDGE_CURVE ( 'NONE', #636, #387, #1252, .T. ) ;
#484 = ADVANCED_FACE ( 'NONE', ( #411 ), #523, .T. ) ;
#485 = AXIS2_PLACEMENT_3D ( 'NONE', #362, #467, #1365 ) ;
#486 = VECTOR ( 'NONE', #81, 1000.000000000000000 ) ;
#487 = ORIENTED_EDGE ( 'NONE', *, *, #887, .F. ) ;
#488 = VECTOR ( 'NONE', #1111, 1000.000000000000000 ) ;
#489 = ORIENTED_EDGE ( 'NONE', *, *, #14, .T. ) ;
#490 = DIRECTION ( 'NONE',  ( -0.000000000000000000, -1.000000000000000000, -0.000000000000000000 ) ) ;
#491 = EDGE_CURVE ( 'NONE', #201, #661, #873, .T. ) ;
#492 = CARTESIAN_POINT ( 'NONE',  ( 20.00000000000000000, -91.35202996254025720, 9.899494936611668905 ) ) ;
#493 = ORIENTED_EDGE ( 'NONE', *, *, #622, .T. ) ;
#494 = DIRECTION ( 'NONE',  ( 1.000000000000000000, 0.000000000000000000, 0.000000000000000000 ) ) ;
#495 = CYLINDRICAL_SURFACE ( 'NONE', #843, 9.899494936611665352 ) ;
#496 = LINE ( 'NONE', #1393, #947 ) ;
#497 = CARTESIAN_POINT ( 'NONE',  ( -3.193901422145459711E-15, -11.00000000000000178, 2.250000000000004885 ) ) ;
#498 = CARTESIAN_POINT ( 'NONE',  ( -28.05662432702594344, -5.000000000000000888, 6.999999999999992006 ) ) ;
#499 = ORIENTED_EDGE ( 'NONE', *, *, #478, .F. ) ;
#500 = FACE_OUTER_BOUND ( 'NONE', #390, .T. ) ;
#501 = EDGE_LOOP ( 'NONE', ( #829, #487, #1392, #986 ) ) ;
#502 = CARTESIAN_POINT ( 'NONE',  ( -2.523888525878383549E-14, -15.00000000000000178, 6.999999999999890754 ) ) ;
#503 = EDGE_CURVE ( 'NONE', #1233, #109, #300, .T. ) ;
#504 = DIRECTION ( 'NONE',  ( 0.000000000000000000, 0.000000000000000000, 1.000000000000000000 ) ) ;
#505 = DIRECTION ( 'NONE',  ( 0.000000000000000000, -1.000000000000000000, 0.000000000000000000 ) ) ;
#506 = VECTOR ( 'NONE', #88, 1000.000000000000000 ) ;
#507 = DIRECTION ( 'NONE',  ( 0.000000000000000000, -1.000000000000000000, 0.000000000000000000 ) ) ;
#508 = CIRCLE ( 'NONE', #1240, 2.249999999999999112 ) ;
#509 = VECTOR ( 'NONE', #1097, 1000.000000000000000 ) ;
#510 = EDGE_LOOP ( 'NONE', ( #1100, #651 ) ) ;
#511 = EDGE_CURVE ( 'NONE', #567, #212, #534, .T. ) ;
#512 = DIRECTION ( 'NONE',  ( -1.000000000000000000, 0.000000000000000000, -3.605555036969175364E-15 ) ) ;
#513 = EDGE_CURVE ( 'NONE', #883, #1149, #579, .T. ) ;
#514 = ORIENTED_EDGE ( 'NONE', *, *, #926, .F. ) ;
#515 = LINE ( 'NONE', #269, #1238 ) ;
#516 = CARTESIAN_POINT ( 'NONE',  ( -29.50000000000000355, -3.000000000000000000, 9.500000000000000000 ) ) ;
#517 = LINE ( 'NONE', #1205, #125 ) ;
#518 = ORIENTED_EDGE ( 'NONE', *, *, #1077, .T. ) ;
#519 = DIRECTION ( 'NONE',  ( 0.000000000000000000, 1.000000000000000000, 0.000000000000000000 ) ) ;
#520 = ORIENTED_EDGE ( 'NONE', *, *, #1448, .F. ) ;
#521 = CARTESIAN_POINT ( 'NONE',  ( -32.00000000000000000, -15.00000000000000178, -6.999999999999976907 ) ) ;
#522 = LINE ( 'NONE', #634, #1162 ) ;
#523 = PLANE ( 'NONE',  #344 ) ;
#524 = EDGE_CURVE ( 'NONE', #1257, #703, #1099, .T. ) ;
#525 = ORIENTED_EDGE ( 'NONE', *, *, #770, .F. ) ;
#526 = DIRECTION ( 'NONE',  ( 0.000000000000000000, 0.000000000000000000, -1.000000000000000000 ) ) ;
#527 = ORIENTED_EDGE ( 'NONE', *, *, #353, .T. ) ;
#528 = DIRECTION ( 'NONE',  ( -0.4999999999999989453, 0.000000000000000000, -0.8660254037844392627 ) ) ;
#529 = CARTESIAN_POINT ( 'NONE',  ( 20.00000000000000000, -91.35202996254025720, 0.000000000000000000 ) ) ;
#530 = ADVANCED_FACE ( 'NONE', ( #422 ), #645, .F. ) ;
#531 = DIRECTION ( 'NONE',  ( -0.5000000000000063283, 0.000000000000000000, -0.8660254037844350439 ) ) ;
#532 = AXIS2_PLACEMENT_3D ( 'NONE', #424, #888, #1370 ) ;
#533 = ORIENTED_EDGE ( 'NONE', *, *, #1039, .F. ) ;
#534 = CIRCLE ( 'NONE', #932, 1.250000000000001110 ) ;
#535 = FACE_OUTER_BOUND ( 'NONE', #993, .T. ) ;
#536 = AXIS2_PLACEMENT_3D ( 'NONE', #1321, #274, #1219 ) ;
#537 = VERTEX_POINT ( 'NONE', #151 ) ;
#538 = DIRECTION ( 'NONE',  ( 0.000000000000000000, 0.000000000000000000, 1.000000000000000000 ) ) ;
#539 = EDGE_CURVE ( 'NONE', #1011, #450, #934, .T. ) ;
#540 = LINE ( 'NONE', #889, #1118 ) ;
#541 = DIRECTION ( 'NONE',  ( 0.000000000000000000, 0.000000000000000000, 1.000000000000000000 ) ) ;
#542 = ORIENTED_EDGE ( 'NONE', *, *, #195, .T. ) ;
#543 = ORIENTED_EDGE ( 'NONE', *, *, #483, .F. ) ;
#544 = CARTESIAN_POINT ( 'NONE',  ( -2.257108473223923835E-15, -3.000000000000000000, -9.899494936611661799 ) ) ;
#545 = ORIENTED_EDGE ( 'NONE', *, *, #610, .T. ) ;
#546 = SURFACE_SIDE_STYLE ('',( #1388 ) ) ;
#547 = CARTESIAN_POINT ( 'NONE',  ( -3.469446951953614189E-15, -13.00000000000000178, 5.204170427930421283E-15 ) ) ;
#548 = PLANE ( 'NONE',  #845 ) ;
#549 = CARTESIAN_POINT ( 'NONE',  ( -24.07355715851501543, -15.00000000000000178, -13.89887470582044671 ) ) ;
#550 = VERTEX_POINT ( 'NONE', #1341 ) ;
#551 = DIRECTION ( 'NONE',  ( -0.000000000000000000, -1.000000000000000000, -0.000000000000000000 ) ) ;
#552 = ORIENTED_EDGE ( 'NONE', *, *, #1077, .F. ) ;
#553 = FACE_OUTER_BOUND ( 'NONE', #1130, .T. ) ;
#554 = ORIENTED_EDGE ( 'NONE', *, *, #266, .F. ) ;
#555 = CARTESIAN_POINT ( 'NONE',  ( 24.07355715851501543, -5.000000000000000888, -13.89887470582044671 ) ) ;
#556 = CARTESIAN_POINT ( 'NONE',  ( -24.07355715851501543, -5.000000000000000888, 13.89887470582044671 ) ) ;
#557 = ORIENTED_EDGE ( 'NONE', *, *, #461, .T. ) ;
#558 = EDGE_CURVE ( 'NONE', #35, #793, #173, .T. ) ;
#559 = VECTOR ( 'NONE', #528, 1000.000000000000000 ) ;
#560 = VECTOR ( 'NONE', #623, 1000.000000000000000 ) ;
#561 = PRODUCT_DEFINITION_FORMATION_WITH_SPECIFIED_SOURCE ( 'ANY', '', #1175, .NOT_KNOWN. ) ;
#562 = CIRCLE ( 'NONE', #1384, 9.899494936611667129 ) ;
#563 = ORIENTED_EDGE ( 'NONE', *, *, #751, .T. ) ;
#564 = CYLINDRICAL_SURFACE ( 'NONE', #1487, 1.250000000000001110 ) ;
#565 = VECTOR ( 'NONE', #129, 1000.000000000000000 ) ;
#566 = LINE ( 'NONE', #1358, #74 ) ;
#567 = VERTEX_POINT ( 'NONE', #180 ) ;
#568 = ORIENTED_EDGE ( 'NONE', *, *, #926, .T. ) ;
#569 = ORIENTED_EDGE ( 'NONE', *, *, #1483, .T. ) ;
#570 = FACE_OUTER_BOUND ( 'NONE', #233, .T. ) ;
#571 = DIRECTION ( 'NONE',  ( -0.000000000000000000, -1.000000000000000000, -0.000000000000000000 ) ) ;
#572 = ORIENTED_EDGE ( 'NONE', *, *, #1090, .F. ) ;
#573 = DIRECTION ( 'NONE',  ( -1.000000000000000000, 0.000000000000000000, 3.605555036969175364E-15 ) ) ;
#574 = DIRECTION ( 'NONE',  ( -0.000000000000000000, 1.000000000000000000, -0.000000000000000000 ) ) ;
#575 = DIRECTION ( 'NONE',  ( 0.8660254037844350439, -0.000000000000000000, 0.5000000000000063283 ) ) ;
#576 = EDGE_CURVE ( 'NONE', #1395, #1013, #43, .T. ) ;
#577 = ORIENTED_EDGE ( 'NONE', *, *, #939, .F. ) ;
#578 = FACE_OUTER_BOUND ( 'NONE', #861, .T. ) ;
#579 = CIRCLE ( 'NONE', #265, 2.249999999999999112 ) ;
#580 = EDGE_CURVE ( 'NONE', #373, #60, #987, .T. ) ;
#581 = AXIS2_PLACEMENT_3D ( 'NONE', #222, #214, #1369 ) ;
#582 = CARTESIAN_POINT ( 'NONE',  ( 2.523888525878383549E-14, -5.000000000000000888, -6.999999999999890754 ) ) ;
#583 = AXIS2_PLACEMENT_3D ( 'NONE', #104, #1107, #910 ) ;
#584 = VERTEX_POINT ( 'NONE', #854 ) ;
#585 = CARTESIAN_POINT ( 'NONE',  ( 29.50000000000000355, -91.35202996254025720, -10.75000000000000000 ) ) ;
#586 = CARTESIAN_POINT ( 'NONE',  ( -19.99999999999999645, -3.000000000000000000, 9.899494936611665352 ) ) ;
#587 = ORIENTED_EDGE ( 'NONE', *, *, #244, .F. ) ;
#588 = LINE ( 'NONE', #1076, #290 ) ;
#589 = EDGE_CURVE ( 'NONE', #1489, #33, #885, .T. ) ;
#590 = CARTESIAN_POINT ( 'NONE',  ( 0.000000000000000000, 0.000000000000000000, 0.000000000000000000 ) ) ;
#591 = PLANE ( 'NONE',  #774 ) ;
#592 = ORIENTED_EDGE ( 'NONE', *, *, #152, .F. ) ;
#593 = EDGE_CURVE ( 'NONE', #1416, #1395, #289, .T. ) ;
#594 = DIRECTION ( 'NONE',  ( 0.000000000000000000, 0.000000000000000000, 1.000000000000000000 ) ) ;
#595 = EDGE_CURVE ( 'NONE', #166, #1201, #723, .T. ) ;
#596 = APPLICATION_PROTOCOL_DEFINITION ( 'draft international standard', 'automotive_design', 1998, #10 ) ;
#597 = CARTESIAN_POINT ( 'NONE',  ( 32.00000000000000711, -3.000000000000000000, -11.99999999999999822 ) ) ;
#598 = AXIS2_PLACEMENT_3D ( 'NONE', #1394, #236, #1278 ) ;
#599 = CIRCLE ( 'NONE', #225, 1.250000000000001110 ) ;
#600 = VERTEX_POINT ( 'NONE', #759 ) ;
#601 = DIRECTION ( 'NONE',  ( 0.000000000000000000, 0.000000000000000000, -1.000000000000000000 ) ) ;
#602 = CIRCLE ( 'NONE', #391, 1.250000000000001110 ) ;
#603 = ORIENTED_EDGE ( 'NONE', *, *, #1340, .T. ) ;
#604 = DIRECTION ( 'NONE',  ( 0.000000000000000000, 0.000000000000000000, -1.000000000000000000 ) ) ;
#605 = PRODUCT_CONTEXT ( 'NONE', #10, 'mechanical' ) ;
#606 = CARTESIAN_POINT ( 'NONE',  ( -29.50000000000000355, -3.000000000000000000, 8.249999999999998224 ) ) ;
#607 = FACE_BOUND ( 'NONE', #323, .T. ) ;
#608 = ORIENTED_EDGE ( 'NONE', *, *, #887, .T. ) ;
#609 = DIRECTION ( 'NONE',  ( -0.8660254037844350439, 0.000000000000000000, -0.5000000000000063283 ) ) ;
#610 = EDGE_CURVE ( 'NONE', #201, #1132, #732, .T. ) ;
#611 = CARTESIAN_POINT ( 'NONE',  ( -3.193901422145459711E-15, -13.00000000000000178, 2.250000000000004885 ) ) ;
#612 = CARTESIAN_POINT ( 'NONE',  ( 32.00000000000000000, -5.000000000000000888, 0.000000000000000000 ) ) ;
#613 = FACE_OUTER_BOUND ( 'NONE', #734, .T. ) ;
#614 = CARTESIAN_POINT ( 'NONE',  ( -28.05662432702594344, -5.000000000000000888, -6.999999999999992006 ) ) ;
#615 = DIRECTION ( 'NONE',  ( -0.000000000000000000, 1.000000000000000000, -0.000000000000000000 ) ) ;
#616 = EDGE_CURVE ( 'NONE', #475, #1416, #51, .T. ) ;
#617 = DIRECTION ( 'NONE',  ( -0.000000000000000000, 1.000000000000000000, -0.000000000000000000 ) ) ;
#618 = ADVANCED_FACE ( 'NONE', ( #535 ), #878, .F. ) ;
#619 = DIRECTION ( 'NONE',  ( 0.000000000000000000, 0.000000000000000000, 1.000000000000000000 ) ) ;
#620 = ORIENTED_EDGE ( 'NONE', *, *, #539, .T. ) ;
#621 = LINE ( 'NONE', #54, #413 ) ;
#622 = EDGE_CURVE ( 'NONE', #1468, #703, #281, .T. ) ;
#623 = DIRECTION ( 'NONE',  ( -0.000000000000000000, -1.000000000000000000, -0.000000000000000000 ) ) ;
#624 = CIRCLE ( 'NONE', #1210, 9.899494936611667129 ) ;
#625 = DIRECTION ( 'NONE',  ( -0.000000000000000000, -1.000000000000000000, -0.000000000000000000 ) ) ;
#626 = AXIS2_PLACEMENT_3D ( 'NONE', #662, #1289, #1406 ) ;
#627 = AXIS2_PLACEMENT_3D ( 'NONE', #722, #1197, #746 ) ;
#628 = ORIENTED_EDGE ( 'NONE', *, *, #1208, .F. ) ;
#629 = VECTOR ( 'NONE', #841, 1000.000000000000000 ) ;
#630 = CARTESIAN_POINT ( 'NONE',  ( 15.84631582256259819, -5.000000000000000888, -9.148874705820496445 ) ) ;
#631 = ORIENTED_EDGE ( 'NONE', *, *, #284, .F. ) ;
#632 = LINE ( 'NONE', #251, #1331 ) ;
#633 = ADVANCED_FACE ( 'NONE', ( #1200 ), #981, .F. ) ;
#634 = CARTESIAN_POINT ( 'NONE',  ( 0.000000000000000000, -3.000000000000000000, -12.00000000000000000 ) ) ;
#635 = CARTESIAN_POINT ( 'NONE',  ( 15.84631582256259819, -5.000000000000000888, 9.148874705820496445 ) ) ;
#636 = VERTEX_POINT ( 'NONE', #59 ) ;
#637 = CARTESIAN_POINT ( 'NONE',  ( -24.07355715851501543, -15.00000000000000178, 13.89887470582044671 ) ) ;
#638 = ORIENTED_EDGE ( 'NONE', *, *, #172, .F. ) ;
#639 = EDGE_CURVE ( 'NONE', #942, #810, #52, .T. ) ;
#640 = PRODUCT_DEFINITION ( 'UNKNOWN', '', #561, #179 ) ;
#641 = DIRECTION ( 'NONE',  ( -0.8660254037844392627, 0.000000000000000000, 0.4999999999999988898 ) ) ;
#642 = DIRECTION ( 'NONE',  ( 0.000000000000000000, -1.000000000000000000, 0.000000000000000000 ) ) ;
#643 = DIRECTION ( 'NONE',  ( -0.000000000000000000, 1.000000000000000000, -0.000000000000000000 ) ) ;
#644 = VERTEX_POINT ( 'NONE', #1209 ) ;
#645 = CYLINDRICAL_SURFACE ( 'NONE', #1095, 2.249999999999999112 ) ;
#646 = EDGE_CURVE ( 'NONE', #76, #201, #165, .T. ) ;
#647 = VERTEX_POINT ( 'NONE', #866 ) ;
#648 = CARTESIAN_POINT ( 'NONE',  ( -32.00000000000000000, -5.000000000000000888, -6.999999999999976907 ) ) ;
#649 = LINE ( 'NONE', #80, #903 ) ;
#650 = CARTESIAN_POINT ( 'NONE',  ( -2.523888525878383549E-14, -5.000000000000000888, 6.999999999999890754 ) ) ;
#651 = ORIENTED_EDGE ( 'NONE', *, *, #1198, .F. ) ;
#652 = AXIS2_PLACEMENT_3D ( 'NONE', #280, #642, #258 ) ;
#653 = EDGE_LOOP ( 'NONE', ( #800, #4 ) ) ;
#654 = VECTOR ( 'NONE', #1462, 1000.000000000000000 ) ;
#655 = CARTESIAN_POINT ( 'NONE',  ( -3.469446951953614189E-15, -3.000000000000000000, 5.204170427930421283E-15 ) ) ;
#656 = AXIS2_PLACEMENT_3D ( 'NONE', #655, #1469, #101 ) ;
#657 = ORIENTED_EDGE ( 'NONE', *, *, #355, .T. ) ;
#658 = PLANE ( 'NONE',  #583 ) ;
#659 = DIRECTION ( 'NONE',  ( 0.8660254037844392627, 0.000000000000000000, -0.4999999999999988898 ) ) ;
#660 = CARTESIAN_POINT ( 'NONE',  ( -32.00000000000000000, -15.00000000000000178, 6.999999999999999112 ) ) ;
#661 = VERTEX_POINT ( 'NONE', #1329 ) ;
#662 = CARTESIAN_POINT ( 'NONE',  ( 0.000000000000000000, -91.35202996254025720, -12.00000000000000000 ) ) ;
#663 = ADVANCED_FACE ( 'NONE', ( #752 ), #788, .F. ) ;
#664 = ORIENTED_EDGE ( 'NONE', *, *, #249, .F. ) ;
#665 = DIRECTION ( 'NONE',  ( 0.000000000000000000, 1.000000000000000000, 0.000000000000000000 ) ) ;
#666 = ORIENTED_EDGE ( 'NONE', *, *, #1090, .T. ) ;
#667 =( NAMED_UNIT ( * ) SI_UNIT ( $, .STERADIAN. ) SOLID_ANGLE_UNIT ( ) );
#668 = FACE_OUTER_BOUND ( 'NONE', #1490, .T. ) ;
#669 = CARTESIAN_POINT ( 'NONE',  ( 29.50000000000000355, -91.35202996254025720, -9.500000000000000000 ) ) ;
#670 = ORIENTED_EDGE ( 'NONE', *, *, #470, .F. ) ;
#671 = CARTESIAN_POINT ( 'NONE',  ( -19.99999999999999645, -11.00000000000000178, -8.673617379884035472E-16 ) ) ;
#672 = ORIENTED_EDGE ( 'NONE', *, *, #172, .T. ) ;
#673 = PRESENTATION_STYLE_ASSIGNMENT (( #916 ) ) ;
#674 = CARTESIAN_POINT ( 'NONE',  ( 28.05662432702594344, -5.000000000000000888, -6.999999999999992006 ) ) ;
#675 = DIRECTION ( 'NONE',  ( 0.000000000000000000, 0.000000000000000000, -1.000000000000000000 ) ) ;
#676 = ORIENTED_EDGE ( 'NONE', *, *, #869, .T. ) ;
#677 = ORIENTED_EDGE ( 'NONE', *, *, #524, .T. ) ;
#678 = AXIS2_PLACEMENT_3D ( 'NONE', #395, #402, #376 ) ;
#679 = CLOSED_SHELL ( 'NONE', ( #530, #358, #919, #55, #988, #894, #117, #1222, #1309, #474, #213, #1418, #852, #1436, #633, #1056, #1386, #227, #331, #24, #128, #618, #1457, #1034, #874, #818, #427, #1330, #1160, #256, #663, #45, #1456, #229, #809, #1318, #1404, #365, #41, #960, #484, #708, #61, #304, #396, #1280, #1010, #67 ) ) ;
#680 = VECTOR ( 'NONE', #551, 1000.000000000000000 ) ;
#681 = CIRCLE ( 'NONE', #1049, 9.899494936611665352 ) ;
#682 = ORIENTED_EDGE ( 'NONE', *, *, #1287, .T. ) ;
#683 = DIRECTION ( 'NONE',  ( 0.000000000000000000, 0.000000000000000000, 1.000000000000000000 ) ) ;
#684 = VECTOR ( 'NONE', #1451, 1000.000000000000000 ) ;
#685 = CARTESIAN_POINT ( 'NONE',  ( -32.00000000000000000, -5.000000000000000888, 0.000000000000000000 ) ) ;
#686 = EDGE_CURVE ( 'NONE', #537, #736, #1336, .T. ) ;
#687 = ORIENTED_EDGE ( 'NONE', *, *, #741, .T. ) ;
#688 = ORIENTED_EDGE ( 'NONE', *, *, #646, .F. ) ;
#689 = LINE ( 'NONE', #1272, #1051 ) ;
#690 = DIRECTION ( 'NONE',  ( -1.000000000000000000, 0.000000000000000000, 0.000000000000000000 ) ) ;
#691 = DIRECTION ( 'NONE',  ( 1.000000000000000000, 0.000000000000000000, 3.605555036969175364E-15 ) ) ;
#692 = VERTEX_POINT ( 'NONE', #907 ) ;
#693 = DIRECTION ( 'NONE',  ( -0.000000000000000000, 1.000000000000000000, -0.000000000000000000 ) ) ;
#694 = CARTESIAN_POINT ( 'NONE',  ( -2.523888525878383549E-14, -5.000000000000000888, 6.999999999999890754 ) ) ;
#695 = EDGE_LOOP ( 'NONE', ( #1366, #1249, #929, #572 ) ) ;
#696 = VECTOR ( 'NONE', #329, 999.9999999999998863 ) ;
#697 = AXIS2_PLACEMENT_3D ( 'NONE', #1196, #1086, #397 ) ;
#698 = DIRECTION ( 'NONE',  ( -0.000000000000000000, 1.000000000000000000, -0.000000000000000000 ) ) ;
#699 = AXIS2_PLACEMENT_3D ( 'NONE', #635, #609, #1081 ) ;
#700 = CIRCLE ( 'NONE', #193, 9.899494936611667129 ) ;
#701 = CARTESIAN_POINT ( 'NONE',  ( -32.00000000000000000, -3.000000000000000000, 0.000000000000000000 ) ) ;
#702 = CARTESIAN_POINT ( 'NONE',  ( -26.61324865405186202, -15.00000000000000178, 9.500000000000023093 ) ) ;
#703 = VERTEX_POINT ( 'NONE', #188 ) ;
#704 = EDGE_CURVE ( 'NONE', #901, #884, #95, .T. ) ;
#705 = CYLINDRICAL_SURFACE ( 'NONE', #440, 2.249999999999999112 ) ;
#706 = FACE_BOUND ( 'NONE', #181, .T. ) ;
#707 = ORIENTED_EDGE ( 'NONE', *, *, #1124, .T. ) ;
#708 = ADVANCED_FACE ( 'NONE', ( #553 ), #766, .T. ) ;
#709 = EDGE_CURVE ( 'NONE', #1145, #230, #850, .T. ) ;
#710 = CYLINDRICAL_SURFACE ( 'NONE', #1161, 9.899494936611667129 ) ;
#711 = DIRECTION ( 'NONE',  ( -0.000000000000000000, 1.000000000000000000, -0.000000000000000000 ) ) ;
#712 = ORIENTED_EDGE ( 'NONE', *, *, #1483, .F. ) ;
#713 = CARTESIAN_POINT ( 'NONE',  ( -29.50000000000000355, -91.35202996254025720, 9.500000000000000000 ) ) ;
#714 = EDGE_LOOP ( 'NONE', ( #351, #217, #518, #1410 ) ) ;
#715 = CARTESIAN_POINT ( 'NONE',  ( -31.99999999999999289, -91.35202996254025720, -12.00000000000000000 ) ) ;
#716 = AXIS2_PLACEMENT_3D ( 'NONE', #547, #1455, #896 ) ;
#717 = CIRCLE ( 'NONE', #930, 1.250000000000001110 ) ;
#718 = CYLINDRICAL_SURFACE ( 'NONE', #745, 1.250000000000001110 ) ;
#719 = CIRCLE ( 'NONE', #77, 1.250000000000001110 ) ;
#720 = LINE ( 'NONE', #614, #75 ) ;
#721 = EDGE_LOOP ( 'NONE', ( #210, #1374, #603, #94 ) ) ;
#722 = CARTESIAN_POINT ( 'NONE',  ( -24.07355715851501543, -5.000000000000000888, -13.89887470582044671 ) ) ;
#723 = CIRCLE ( 'NONE', #536, 9.899494936611665352 ) ;
#724 = CARTESIAN_POINT ( 'NONE',  ( -32.00000000000000000, -15.00000000000000178, 12.00000000000000178 ) ) ;
#725 = DIRECTION ( 'NONE',  ( -0.000000000000000000, 1.000000000000000000, -0.000000000000000000 ) ) ;
#726 = EDGE_CURVE ( 'NONE', #35, #1138, #430, .T. ) ;
#727 = DIRECTION ( 'NONE',  ( -0.4999999999999989453, 0.000000000000000000, -0.8660254037844392627 ) ) ;
#728 = EDGE_LOOP ( 'NONE', ( #542, #1073 ) ) ;
#729 = FACE_OUTER_BOUND ( 'NONE', #1323, .T. ) ;
#730 = CARTESIAN_POINT ( 'NONE',  ( -3.469446951953614189E-15, -3.000000000000000000, 5.204170427930421283E-15 ) ) ;
#731 = ORIENTED_EDGE ( 'NONE', *, *, #446, .F. ) ;
#732 = LINE ( 'NONE', #268, #684 ) ;
#733 = EDGE_CURVE ( 'NONE', #1468, #1489, #303, .T. ) ;
#734 = EDGE_LOOP ( 'NONE', ( #493, #473, #1036, #238 ) ) ;
#735 = DIRECTION ( 'NONE',  ( 3.605555036969175364E-15, -0.000000000000000000, 1.000000000000000000 ) ) ;
#736 = VERTEX_POINT ( 'NONE', #544 ) ;
#737 = FACE_OUTER_BOUND ( 'NONE', #814, .T. ) ;
#738 = DIRECTION ( 'NONE',  ( 0.000000000000000000, 0.000000000000000000, 1.000000000000000000 ) ) ;
#739 = ORIENTED_EDGE ( 'NONE', *, *, #576, .T. ) ;
#740 = DIRECTION ( 'NONE',  ( 0.000000000000000000, 0.000000000000000000, 1.000000000000000000 ) ) ;
#741 = EDGE_CURVE ( 'NONE', #692, #171, #700, .T. ) ;
#742 = VERTEX_POINT ( 'NONE', #1131 ) ;
#743 = DIRECTION ( 'NONE',  ( -0.000000000000000000, 1.000000000000000000, -0.000000000000000000 ) ) ;
#744 = DIRECTION ( 'NONE',  ( 0.000000000000000000, 0.000000000000000000, 1.000000000000000000 ) ) ;
#745 = AXIS2_PLACEMENT_3D ( 'NONE', #37, #862, #504 ) ;
#746 = DIRECTION ( 'NONE',  ( -0.4999999999999988898, 0.000000000000000000, 0.8660254037844392627 ) ) ;
#747 = CIRCLE ( 'NONE', #241, 2.250000000000000000 ) ;
#748 = VERTEX_POINT ( 'NONE', #312 ) ;
#749 = VECTOR ( 'NONE', #512, 1000.000000000000000 ) ;
#750 = EDGE_CURVE ( 'NONE', #1244, #1489, #778, .T. ) ;
#751 = EDGE_CURVE ( 'NONE', #810, #942, #108, .T. ) ;
#752 = FACE_OUTER_BOUND ( 'NONE', #394, .T. ) ;
#753 = ORIENTED_EDGE ( 'NONE', *, *, #918, .F. ) ;
#754 = LINE ( 'NONE', #781, #506 ) ;
#755 = FACE_OUTER_BOUND ( 'NONE', #68, .T. ) ;
#756 = CARTESIAN_POINT ( 'NONE',  ( 20.00000000000000000, -91.35202996254025720, -9.899494936611668905 ) ) ;
#757 = EDGE_CURVE ( 'NONE', #793, #1257, #689, .T. ) ;
#758 = VERTEX_POINT ( 'NONE', #1380 ) ;
#759 = CARTESIAN_POINT ( 'NONE',  ( 29.50000000000000355, -3.000000000000000000, -10.75000000000000000 ) ) ;
#760 = ORIENTED_EDGE ( 'NONE', *, *, #452, .T. ) ;
#761 = CARTESIAN_POINT ( 'NONE',  ( -28.05662432702594344, -5.000000000000000888, 6.999999999999992006 ) ) ;
#762 = DIRECTION ( 'NONE',  ( 0.000000000000000000, 0.000000000000000000, 1.000000000000000000 ) ) ;
#763 = DIRECTION ( 'NONE',  ( 0.000000000000000000, 0.000000000000000000, -1.000000000000000000 ) ) ;
#764 = ORIENTED_EDGE ( 'NONE', *, *, #378, .F. ) ;
#765 = ORIENTED_EDGE ( 'NONE', *, *, #349, .F. ) ;
#766 = PLANE ( 'NONE',  #1363 ) ;
#767 = ORIENTED_EDGE ( 'NONE', *, *, #1261, .F. ) ;
#768 = CARTESIAN_POINT ( 'NONE',  ( 2.523888525878383549E-14, -5.000000000000000888, 6.999999999999890754 ) ) ;
#769 = CARTESIAN_POINT ( 'NONE',  ( 29.50000000000000355, -5.000000000000000888, -9.500000000000000000 ) ) ;
#770 = EDGE_CURVE ( 'NONE', #100, #1301, #602, .T. ) ;
#771 = CARTESIAN_POINT ( 'NONE',  ( -3.469446951953614189E-15, -91.35202996254025720, 9.899494936611672458 ) ) ;
#772 = ORIENTED_EDGE ( 'NONE', *, *, #1291, .F. ) ;
#773 = PLANE ( 'NONE',  #626 ) ;
#774 = AXIS2_PLACEMENT_3D ( 'NONE', #1063, #26, #951 ) ;
#775 = AXIS2_PLACEMENT_3D ( 'NONE', #881, #1260, #183 ) ;
#776 = ORIENTED_EDGE ( 'NONE', *, *, #1064, .T. ) ;
#777 = VECTOR ( 'NONE', #342, 1000.000000000000000 ) ;
#778 = LINE ( 'NONE', #1022, #906 ) ;
#779 = EDGE_LOOP ( 'NONE', ( #1005, #563, #381, #158 ) ) ;
#780 = CARTESIAN_POINT ( 'NONE',  ( -29.50000000000000355, -5.000000000000000888, 9.500000000000000000 ) ) ;
#781 = CARTESIAN_POINT ( 'NONE',  ( 0.000000000000000000, -5.000000000000000888, -12.00000000000000178 ) ) ;
#782 = EDGE_CURVE ( 'NONE', #450, #1011, #30, .T. ) ;
#783 = DIRECTION ( 'NONE',  ( -0.000000000000000000, 1.000000000000000000, -0.000000000000000000 ) ) ;
#784 = DIRECTION ( 'NONE',  ( -0.000000000000000000, 1.000000000000000000, -0.000000000000000000 ) ) ;
#785 = EDGE_LOOP ( 'NONE', ( #772, #1110, #543, #1112, #317 ) ) ;
#786 = CARTESIAN_POINT ( 'NONE',  ( -28.05662432702594344, -15.00000000000000178, 6.999999999999992006 ) ) ;
#787 = ORIENTED_EDGE ( 'NONE', *, *, #1448, .T. ) ;
#788 = CYLINDRICAL_SURFACE ( 'NONE', #444, 2.249999999999999112 ) ;
#789 = ORIENTED_EDGE ( 'NONE', *, *, #99, .F. ) ;
#790 = EDGE_CURVE ( 'NONE', #1233, #1378, #364, .T. ) ;
#791 = CARTESIAN_POINT ( 'NONE',  ( 28.05662432702594344, -5.000000000000000888, 6.999999999999992006 ) ) ;
#792 = DIRECTION ( 'NONE',  ( -0.000000000000000000, 1.000000000000000000, -0.000000000000000000 ) ) ;
#793 = VERTEX_POINT ( 'NONE', #1024 ) ;
#794 = EDGE_LOOP ( 'NONE', ( #1037, #5, #1463, #731, #333, #1373, #968, #1274 ) ) ;
#795 = ORIENTED_EDGE ( 'NONE', *, *, #733, .T. ) ;
#796 = EDGE_CURVE ( 'NONE', #1132, #1244, #924, .T. ) ;
#797 = DIRECTION ( 'NONE',  ( 0.000000000000000000, -1.000000000000000000, 0.000000000000000000 ) ) ;
#798 = DIRECTION ( 'NONE',  ( 0.000000000000000000, 0.000000000000000000, 1.000000000000000000 ) ) ;
#799 = VECTOR ( 'NONE', #833, 1000.000000000000000 ) ;
#800 = ORIENTED_EDGE ( 'NONE', *, *, #639, .F. ) ;
#801 = VERTEX_POINT ( 'NONE', #87 ) ;
#802 = VECTOR ( 'NONE', #991, 1000.000000000000000 ) ;
#803 = EDGE_CURVE ( 'NONE', #550, #758, #877, .T. ) ;
#804 = VECTOR ( 'NONE', #1338, 1000.000000000000000 ) ;
#805 = ORIENTED_EDGE ( 'NONE', *, *, #1168, .F. ) ;
#806 = CARTESIAN_POINT ( 'NONE',  ( 2.523888525878383549E-14, -5.000000000000000888, 6.999999999999890754 ) ) ;
#807 = VECTOR ( 'NONE', #1105, 1000.000000000000000 ) ;
#808 = CARTESIAN_POINT ( 'NONE',  ( 29.50000000000000355, -91.35202996254025720, 9.500000000000000000 ) ) ;
#809 = ADVANCED_FACE ( 'NONE', ( #570 ), #116, .F. ) ;
#810 = VERTEX_POINT ( 'NONE', #458 ) ;
#811 = DIRECTION ( 'NONE',  ( 0.000000000000000000, 0.000000000000000000, 1.000000000000000000 ) ) ;
#812 = CARTESIAN_POINT ( 'NONE',  ( -3.469446951953614189E-15, -11.00000000000000178, 5.204170427930421283E-15 ) ) ;
#813 = DIRECTION ( 'NONE',  ( -1.000000000000000000, 0.000000000000000000, 0.000000000000000000 ) ) ;
#814 = EDGE_LOOP ( 'NONE', ( #867, #1152, #1157, #943, #1294 ) ) ;
#815 = PRODUCT_DEFINITION_SHAPE ( 'NONE', 'NONE',  #640 ) ;
#816 = DIRECTION ( 'NONE',  ( 0.000000000000000000, -1.000000000000000000, 0.000000000000000000 ) ) ;
#817 = FACE_BOUND ( 'NONE', #510, .T. ) ;
#818 = ADVANCED_FACE ( 'NONE', ( #1042 ), #231, .F. ) ;
#819 = VERTEX_POINT ( 'NONE', #347 ) ;
#820 = VECTOR ( 'NONE', #137, 1000.000000000000000 ) ;
#821 = VECTOR ( 'NONE', #140, 1000.000000000000000 ) ;
#822 = CARTESIAN_POINT ( 'NONE',  ( -19.99999999999999645, -11.00000000000000178, 2.249999999999998224 ) ) ;
#823 = AXIS2_PLACEMENT_3D ( 'NONE', #426, #208, #1449 ) ;
#824 =( LENGTH_UNIT ( ) NAMED_UNIT ( * ) SI_UNIT ( .MILLI., .METRE. ) );
#825 = FACE_OUTER_BOUND ( 'NONE', #859, .T. ) ;
#826 = EDGE_LOOP ( 'NONE', ( #1290, #254, #688, #628, #203 ) ) ;
#827 = CARTESIAN_POINT ( 'NONE',  ( -28.05662432702593279, -5.000000000000000888, 12.00000000000000355 ) ) ;
#828 = DIRECTION ( 'NONE',  ( 1.000000000000000000, 0.000000000000000000, -3.605555036969175364E-15 ) ) ;
#829 = ORIENTED_EDGE ( 'NONE', *, *, #704, .T. ) ;
#830 = DIRECTION ( 'NONE',  ( -0.000000000000000000, -1.000000000000000000, -0.000000000000000000 ) ) ;
#831 = ORIENTED_EDGE ( 'NONE', *, *, #686, .T. ) ;
#832 = MANIFOLD_SOLID_BREP ( 'Mirror1', #679 ) ;
#833 = DIRECTION ( 'NONE',  ( -0.000000000000000000, 1.000000000000000000, -0.000000000000000000 ) ) ;
#834 = DIRECTION ( 'NONE',  ( 0.000000000000000000, 0.000000000000000000, 1.000000000000000000 ) ) ;
#835 = CARTESIAN_POINT ( 'NONE',  ( -2.523888525878383549E-14, -5.000000000000000888, -6.999999999999890754 ) ) ;
#836 = FACE_OUTER_BOUND ( 'NONE', #339, .T. ) ;
#837 = ORIENTED_EDGE ( 'NONE', *, *, #1361, .T. ) ;
#838 = LINE ( 'NONE', #979, #949 ) ;
#839 = ORIENTED_EDGE ( 'NONE', *, *, #782, .F. ) ;
#840 = EDGE_CURVE ( 'NONE', #1145, #567, #1258, .T. ) ;
#841 = DIRECTION ( 'NONE',  ( -0.000000000000000000, 1.000000000000000000, -0.000000000000000000 ) ) ;
#842 = VECTOR ( 'NONE', #1411, 1000.000000000000000 ) ;
#843 = AXIS2_PLACEMENT_3D ( 'NONE', #1192, #617, #150 ) ;
#844 =( GEOMETRIC_REPRESENTATION_CONTEXT ( 3 ) GLOBAL_UNCERTAINTY_ASSIGNED_CONTEXT ( ( #853 ) ) GLOBAL_UNIT_ASSIGNED_CONTEXT ( ( #824, #1282, #1187 ) ) REPRESENTATION_CONTEXT ( 'NONE', 'WORKASPACE' ) );
#845 = AXIS2_PLACEMENT_3D ( 'NONE', #1251, #1016, #1473 ) ;
#846 = DIRECTION ( 'NONE',  ( -0.000000000000000000, 1.000000000000000000, -0.000000000000000000 ) ) ;
#847 = AXIS2_PLACEMENT_3D ( 'NONE', #556, #659, #425 ) ;
#848 = CARTESIAN_POINT ( 'NONE',  ( -29.50000000000000355, -5.000000000000000888, -10.75000000000000000 ) ) ;
#849 = PLANE ( 'NONE',  #627 ) ;
#850 = CIRCLE ( 'NONE', #196, 1.250000000000001110 ) ;
#851 = CARTESIAN_POINT ( 'NONE',  ( 32.00000000000000000, -5.000000000000000888, -12.00000000000000178 ) ) ;
#852 = ADVANCED_FACE ( 'NONE', ( #103 ), #564, .F. ) ;
#853 = UNCERTAINTY_MEASURE_WITH_UNIT (LENGTH_MEASURE( 1.000000000000000082E-05 ), #824, 'distance_accuracy_value', 'NONE');
#854 = CARTESIAN_POINT ( 'NONE',  ( -3.193901422145459711E-15, -11.00000000000000178, 2.250000000000004885 ) ) ;
#855 = ORIENTED_EDGE ( 'NONE', *, *, #782, .T. ) ;
#856 = DIRECTION ( 'NONE',  ( 0.4999999999999989453, 0.000000000000000000, -0.8660254037844392627 ) ) ;
#857 = CARTESIAN_POINT ( 'NONE',  ( -32.00000000000000000, -5.000000000000000888, -12.00000000000000178 ) ) ;
#858 = CARTESIAN_POINT ( 'NONE',  ( -3.469446951953614189E-15, -11.00000000000000178, 5.204170427930421283E-15 ) ) ;
#859 = EDGE_LOOP ( 'NONE', ( #631, #608, #577, #277, #310, #53, #672, #1065 ) ) ;
#860 = DIRECTION ( 'NONE',  ( -1.000000000000000000, 0.000000000000000000, 3.605555036969175364E-15 ) ) ;
#861 = EDGE_LOOP ( 'NONE', ( #1232, #23, #764, #1055 ) ) ;
#862 = DIRECTION ( 'NONE',  ( -0.000000000000000000, 1.000000000000000000, -0.000000000000000000 ) ) ;
#863 = DIRECTION ( 'NONE',  ( -0.000000000000000000, -1.000000000000000000, -0.000000000000000000 ) ) ;
#864 = CYLINDRICAL_SURFACE ( 'NONE', #106, 2.250000000000000000 ) ;
#865 = VERTEX_POINT ( 'NONE', #112 ) ;
#866 = CARTESIAN_POINT ( 'NONE',  ( -28.05662432702594344, -5.000000000000000888, -6.999999999999992006 ) ) ;
#867 = ORIENTED_EDGE ( 'NONE', *, *, #558, .T. ) ;
#868 = DIRECTION ( 'NONE',  ( 0.000000000000000000, 1.000000000000000000, 0.000000000000000000 ) ) ;
#869 = EDGE_CURVE ( 'NONE', #166, #1041, #1305, .T. ) ;
#870 = CARTESIAN_POINT ( 'NONE',  ( -29.50000000000000355, -91.35202996254025720, -8.249999999999998224 ) ) ;
#871 = VECTOR ( 'NONE', #1432, 1000.000000000000000 ) ;
#872 = AXIS2_PLACEMENT_3D ( 'NONE', #1303, #1181, #1443 ) ;
#873 = LINE ( 'NONE', #1242, #804 ) ;
#874 = ADVANCED_FACE ( 'NONE', ( #352 ), #18, .F. ) ;
#875 = VECTOR ( 'NONE', #531, 999.9999999999998863 ) ;
#876 = EDGE_LOOP ( 'NONE', ( #1092, #1075 ) ) ;
#877 = CIRCLE ( 'NONE', #126, 1.250000000000001110 ) ;
#878 = CYLINDRICAL_SURFACE ( 'NONE', #142, 9.899494936611668905 ) ;
#879 = EDGE_LOOP ( 'NONE', ( #273, #1199, #442, #1195, #131, #297, #39, #20 ) ) ;
#880 = CARTESIAN_POINT ( 'NONE',  ( 2.523888525878383549E-14, -5.000000000000000888, -6.999999999999890754 ) ) ;
#881 = CARTESIAN_POINT ( 'NONE',  ( -19.99999999999999645, -3.000000000000000000, -8.673617379884035472E-16 ) ) ;
#882 = FACE_OUTER_BOUND ( 'NONE', #923, .T. ) ;
#883 = VERTEX_POINT ( 'NONE', #25 ) ;
#884 = VERTEX_POINT ( 'NONE', #944 ) ;
#885 = LINE ( 'NONE', #502, #749 ) ;
#886 = ORIENTED_EDGE ( 'NONE', *, *, #1039, .T. ) ;
#887 = EDGE_CURVE ( 'NONE', #801, #884, #1288, .T. ) ;
#888 = DIRECTION ( 'NONE',  ( -0.000000000000000000, 1.000000000000000000, -0.000000000000000000 ) ) ;
#889 = CARTESIAN_POINT ( 'NONE',  ( 15.84631582256259819, -5.000000000000000888, 9.148874705820496445 ) ) ;
#890 = DIRECTION ( 'NONE',  ( 0.000000000000000000, 0.000000000000000000, 1.000000000000000000 ) ) ;
#891 = ORIENTED_EDGE ( 'NONE', *, *, #92, .F. ) ;
#892 = ORIENTED_EDGE ( 'NONE', *, *, #195, .F. ) ;
#893 = CARTESIAN_POINT ( 'NONE',  ( 24.07355715851501543, -5.000000000000000888, 13.89887470582044671 ) ) ;
#894 = ADVANCED_FACE ( 'NONE', ( #476 ), #255, .F. ) ;
#895 = VERTEX_POINT ( 'NONE', #21 ) ;
#896 = DIRECTION ( 'NONE',  ( 0.000000000000000000, 0.000000000000000000, 1.000000000000000000 ) ) ;
#897 = EDGE_CURVE ( 'NONE', #1163, #1023, #588, .T. ) ;
#898 = CARTESIAN_POINT ( 'NONE',  ( 26.61324865405186202, -15.00000000000000178, 9.500000000000023093 ) ) ;
#899 = DIRECTION ( 'NONE',  ( -0.000000000000000000, 1.000000000000000000, -0.000000000000000000 ) ) ;
#900 = VECTOR ( 'NONE', #1273, 1000.000000000000000 ) ;
#901 = VERTEX_POINT ( 'NONE', #1167 ) ;
#902 = DIRECTION ( 'NONE',  ( 0.000000000000000000, 0.000000000000000000, -1.000000000000000000 ) ) ;
#903 = VECTOR ( 'NONE', #999, 1000.000000000000000 ) ;
#904 = ORIENTED_EDGE ( 'NONE', *, *, #1346, .T. ) ;
#905 = EDGE_CURVE ( 'NONE', #192, #600, #143, .T. ) ;
#906 = VECTOR ( 'NONE', #234, 1000.000000000000000 ) ;
#907 = CARTESIAN_POINT ( 'NONE',  ( -3.469446951953614189E-15, -11.00000000000000178, 9.899494936611672458 ) ) ;
#908 = ORIENTED_EDGE ( 'NONE', *, *, #1018, .T. ) ;
#909 = DIRECTION ( 'NONE',  ( -0.000000000000000000, 1.000000000000000000, -0.000000000000000000 ) ) ;
#910 = DIRECTION ( 'NONE',  ( 0.000000000000000000, -0.000000000000000000, -1.000000000000000000 ) ) ;
#911 = DIRECTION ( 'NONE',  ( 1.000000000000000000, 0.000000000000000000, 0.000000000000000000 ) ) ;
#912 = EDGE_CURVE ( 'NONE', #138, #865, #31, .T. ) ;
#913 = EDGE_LOOP ( 'NONE', ( #657, #1174, #1354, #1339 ) ) ;
#914 = ORIENTED_EDGE ( 'NONE', *, *, #580, .T. ) ;
#915 = VERTEX_POINT ( 'NONE', #1298 ) ;
#916 = SURFACE_STYLE_USAGE ( .BOTH. , #546 ) ;
#917 = CYLINDRICAL_SURFACE ( 'NONE', #1142, 2.250000000000000000 ) ;
#918 = EDGE_CURVE ( 'NONE', #76, #264, #496, .T. ) ;
#919 = ADVANCED_FACE ( 'NONE', ( #578 ), #705, .F. ) ;
#920 = UNCERTAINTY_MEASURE_WITH_UNIT (LENGTH_MEASURE( 1.000000000000000082E-05 ), #1014, 'distance_accuracy_value', 'NONE');
#921 = EDGE_LOOP ( 'NONE', ( #199, #1422 ) ) ;
#922 = ORIENTED_EDGE ( 'NONE', *, *, #1208, .T. ) ;
#923 = EDGE_LOOP ( 'NONE', ( #587, #301, #334, #1372 ) ) ;
#924 = LINE ( 'NONE', #1038, #777 ) ;
#925 = LINE ( 'NONE', #118, #315 ) ;
#926 = EDGE_CURVE ( 'NONE', #644, #742, #36, .T. ) ;
#927 = EDGE_CURVE ( 'NONE', #387, #457, #956, .T. ) ;
#928 = VECTOR ( 'NONE', #206, 1000.000000000000000 ) ;
#929 = ORIENTED_EDGE ( 'NONE', *, *, #205, .T. ) ;
#930 = AXIS2_PLACEMENT_3D ( 'NONE', #1159, #941, #472 ) ;
#931 = AXIS2_PLACEMENT_3D ( 'NONE', #970, #980, #1435 ) ;
#932 = AXIS2_PLACEMENT_3D ( 'NONE', #177, #643, #71 ) ;
#933 = FILL_AREA_STYLE_COLOUR ( '', #416 ) ;
#934 = CIRCLE ( 'NONE', #1387, 1.250000000000001110 ) ;
#935 = PLANE ( 'NONE',  #462 ) ;
#936 = FACE_BOUND ( 'NONE', #423, .T. ) ;
#937 = ORIENTED_EDGE ( 'NONE', *, *, #1261, .T. ) ;
#938 = CARTESIAN_POINT ( 'NONE',  ( 0.000000000000000000, -5.000000000000000888, 0.000000000000000000 ) ) ;
#939 = EDGE_CURVE ( 'NONE', #457, #884, #962, .T. ) ;
#940 = DIRECTION ( 'NONE',  ( 0.000000000000000000, 1.000000000000000000, 0.000000000000000000 ) ) ;
#941 = DIRECTION ( 'NONE',  ( -0.000000000000000000, 1.000000000000000000, -0.000000000000000000 ) ) ;
#942 = VERTEX_POINT ( 'NONE', #1061 ) ;
#943 = ORIENTED_EDGE ( 'NONE', *, *, #237, .T. ) ;
#944 = CARTESIAN_POINT ( 'NONE',  ( 28.05662432702593279, -15.00000000000000178, -12.00000000000000355 ) ) ;
#945 = CARTESIAN_POINT ( 'NONE',  ( -26.61324865405186202, -15.00000000000000178, -9.500000000000023093 ) ) ;
#946 = ORIENTED_EDGE ( 'NONE', *, *, #349, .T. ) ;
#947 = VECTOR ( 'NONE', #374, 1000.000000000000000 ) ;
#948 = DIRECTION ( 'NONE',  ( 0.000000000000000000, 0.000000000000000000, -1.000000000000000000 ) ) ;
#949 = VECTOR ( 'NONE', #1302, 1000.000000000000000 ) ;
#950 = VECTOR ( 'NONE', #85, 1000.000000000000000 ) ;
#951 = DIRECTION ( 'NONE',  ( 0.000000000000000000, -0.000000000000000000, -1.000000000000000000 ) ) ;
#952 = ORIENTED_EDGE ( 'NONE', *, *, #372, .T. ) ;
#953 = CARTESIAN_POINT ( 'NONE',  ( 29.50000000000000355, -5.000000000000000888, 9.500000000000000000 ) ) ;
#954 = ORIENTED_EDGE ( 'NONE', *, *, #107, .T. ) ;
#955 = EDGE_CURVE ( 'NONE', #212, #567, #1431, .T. ) ;
#956 = LINE ( 'NONE', #132, #13 ) ;
#957 = CARTESIAN_POINT ( 'NONE',  ( 29.50000000000000355, -3.000000000000000000, -9.500000000000000000 ) ) ;
#958 = ORIENTED_EDGE ( 'NONE', *, *, #1322, .T. ) ;
#959 = DIRECTION ( 'NONE',  ( 0.000000000000000000, 0.000000000000000000, 1.000000000000000000 ) ) ;
#960 = ADVANCED_FACE ( 'NONE', ( #382, #366 ), #1052, .T. ) ;
#961 = ORIENTED_EDGE ( 'NONE', *, *, #491, .T. ) ;
#962 = LINE ( 'NONE', #1171, #842 ) ;
#963 = SHAPE_DEFINITION_REPRESENTATION ( #815, #1206 ) ;
#964 = CARTESIAN_POINT ( 'NONE',  ( 32.00000000000000000, -5.000000000000000888, 12.00000000000000178 ) ) ;
#965 = VERTEX_POINT ( 'NONE', #827 ) ;
#966 = DIRECTION ( 'NONE',  ( -0.000000000000000000, 1.000000000000000000, -0.000000000000000000 ) ) ;
#967 = EDGE_CURVE ( 'NONE', #1445, #82, #359, .T. ) ;
#968 = ORIENTED_EDGE ( 'NONE', *, *, #912, .F. ) ;
#969 = CARTESIAN_POINT ( 'NONE',  ( -19.99999999999999645, -11.00000000000000178, -8.673617379884035472E-16 ) ) ;
#970 = CARTESIAN_POINT ( 'NONE',  ( -15.84631582256259819, -5.000000000000000888, 9.148874705820496445 ) ) ;
#971 = DIRECTION ( 'NONE',  ( -0.000000000000000000, -1.000000000000000000, -0.000000000000000000 ) ) ;
#972 = CIRCLE ( 'NONE', #1382, 1.250000000000001110 ) ;
#973 = AXIS2_PLACEMENT_3D ( 'NONE', #154, #1317, #160 ) ;
#974 = AXIS2_PLACEMENT_3D ( 'NONE', #1020, #1169, #813 ) ;
#975 = CIRCLE ( 'NONE', #775, 9.899494936611668905 ) ;
#976 = LINE ( 'NONE', #283, #871 ) ;
#977 = AXIS2_PLACEMENT_3D ( 'NONE', #806, #1375, #573 ) ;
#978 = DIRECTION ( 'NONE',  ( 0.000000000000000000, 0.000000000000000000, -1.000000000000000000 ) ) ;
#979 = CARTESIAN_POINT ( 'NONE',  ( 32.00000000000000000, -5.000000000000000888, -6.999999999999976907 ) ) ;
#980 = DIRECTION ( 'NONE',  ( -0.8660254037844350439, 0.000000000000000000, 0.5000000000000063283 ) ) ;
#981 = PLANE ( 'NONE',  #79 ) ;
#982 = ORIENTED_EDGE ( 'NONE', *, *, #869, .F. ) ;
#983 = CARTESIAN_POINT ( 'NONE',  ( -3.469446951953614189E-15, -11.00000000000000178, 5.204170427930421283E-15 ) ) ;
#984 = CARTESIAN_POINT ( 'NONE',  ( -32.00000000000000000, -91.35202996254025720, 12.00000000000000178 ) ) ;
#985 = LINE ( 'NONE', #161, #509 ) ;
#986 = ORIENTED_EDGE ( 'NONE', *, *, #219, .T. ) ;
#987 = LINE ( 'NONE', #296, #1147 ) ;
#988 = ADVANCED_FACE ( 'NONE', ( #248 ), #710, .F. ) ;
#989 = ORIENTED_EDGE ( 'NONE', *, *, #1115, .T. ) ;
#990 = CARTESIAN_POINT ( 'NONE',  ( -26.61324865405186202, -5.000000000000000888, 9.500000000000023093 ) ) ;
#991 = DIRECTION ( 'NONE',  ( -0.000000000000000000, -1.000000000000000000, -0.000000000000000000 ) ) ;
#992 = CARTESIAN_POINT ( 'NONE',  ( -15.84631582256259819, -5.000000000000000888, 9.148874705820496445 ) ) ;
#993 = EDGE_LOOP ( 'NONE', ( #1475, #1128, #666, #369 ) ) ;
#994 = DIRECTION ( 'NONE',  ( -0.5000000000000063283, 0.000000000000000000, 0.8660254037844350439 ) ) ;
#995 = ORIENTED_EDGE ( 'NONE', *, *, #454, .T. ) ;
#996 = DIRECTION ( 'NONE',  ( -0.5000000000000063283, 0.000000000000000000, -0.8660254037844350439 ) ) ;
#997 = ORIENTED_EDGE ( 'NONE', *, *, #1050, .T. ) ;
#998 = VECTOR ( 'NONE', #445, 1000.000000000000000 ) ;
#999 = DIRECTION ( 'NONE',  ( -0.000000000000000000, -1.000000000000000000, -0.000000000000000000 ) ) ;
#1000 = DIRECTION ( 'NONE',  ( -3.605555036969175364E-15, 0.000000000000000000, 1.000000000000000000 ) ) ;
#1001 = CIRCLE ( 'NONE', #1213, 2.249999999999999112 ) ;
#1002 = ORIENTED_EDGE ( 'NONE', *, *, #1168, .T. ) ;
#1003 = STYLED_ITEM ( 'NONE', ( #673 ), #832 ) ;
#1004 = CARTESIAN_POINT ( 'NONE',  ( 20.00000000000000000, -91.35202996254025720, 0.000000000000000000 ) ) ;
#1005 = ORIENTED_EDGE ( 'NONE', *, *, #1426, .F. ) ;
#1006 = CARTESIAN_POINT ( 'NONE',  ( 29.50000000000000355, -91.35202996254025720, 8.249999999999998224 ) ) ;
#1007 = CARTESIAN_POINT ( 'NONE',  ( 29.50000000000000355, -5.000000000000000888, 8.249999999999998224 ) ) ;
#1008 = LINE ( 'NONE', #549, #486 ) ;
#1009 = ORIENTED_EDGE ( 'NONE', *, *, #1471, .F. ) ;
#1010 = ADVANCED_FACE ( 'NONE', ( #613 ), #1078, .F. ) ;
#1011 = VERTEX_POINT ( 'NONE', #383 ) ;
#1012 = CARTESIAN_POINT ( 'NONE',  ( -3.469446951953614189E-15, -11.00000000000000178, 5.204170427930421283E-15 ) ) ;
#1013 = VERTEX_POINT ( 'NONE', #1084 ) ;
#1014 =( LENGTH_UNIT ( ) NAMED_UNIT ( * ) SI_UNIT ( .MILLI., .METRE. ) );
#1015 = CARTESIAN_POINT ( 'NONE',  ( 20.00000000000000000, -11.00000000000000178, -9.899494936611668905 ) ) ;
#1016 = DIRECTION ( 'NONE',  ( 0.000000000000000000, 1.000000000000000000, 0.000000000000000000 ) ) ;
#1017 = CARTESIAN_POINT ( 'NONE',  ( -28.05662432702593279, -15.00000000000000178, -12.00000000000000000 ) ) ;
#1018 = EDGE_CURVE ( 'NONE', #1378, #1233, #481, .T. ) ;
#1019 = ORIENTED_EDGE ( 'NONE', *, *, #1172, .T. ) ;
#1020 = CARTESIAN_POINT ( 'NONE',  ( 0.000000000000000000, -91.35202996254025720, 12.00000000000000178 ) ) ;
#1021 = ORIENTED_EDGE ( 'NONE', *, *, #83, .F. ) ;
#1022 = CARTESIAN_POINT ( 'NONE',  ( 32.00000000000000000, -5.000000000000000888, 6.999999999999976907 ) ) ;
#1023 = VERTEX_POINT ( 'NONE', #990 ) ;
#1024 = CARTESIAN_POINT ( 'NONE',  ( 32.00000000000000000, -5.000000000000000888, -6.999999999999976907 ) ) ;
#1025 = DIRECTION ( 'NONE',  ( 0.000000000000000000, 0.000000000000000000, -1.000000000000000000 ) ) ;
#1026 = CARTESIAN_POINT ( 'NONE',  ( 29.50000000000000355, -5.000000000000000888, -10.75000000000000000 ) ) ;
#1027 = EDGE_CURVE ( 'NONE', #1030, #178, #1285, .T. ) ;
#1028 = VECTOR ( 'NONE', #693, 1000.000000000000000 ) ;
#1029 = VECTOR ( 'NONE', #763, 1000.000000000000000 ) ;
#1030 = VERTEX_POINT ( 'NONE', #606 ) ;
#1031 = ORIENTED_EDGE ( 'NONE', *, *, #616, .F. ) ;
#1032 = DIRECTION ( 'NONE',  ( -0.000000000000000000, 1.000000000000000000, -0.000000000000000000 ) ) ;
#1033 = DIRECTION ( 'NONE',  ( -0.000000000000000000, 1.000000000000000000, -0.000000000000000000 ) ) ;
#1034 = ADVANCED_FACE ( 'NONE', ( #62, #1308 ), #159, .T. ) ;
#1035 = ORIENTED_EDGE ( 'NONE', *, *, #144, .F. ) ;
#1036 = ORIENTED_EDGE ( 'NONE', *, *, #757, .F. ) ;
#1037 = ORIENTED_EDGE ( 'NONE', *, *, #311, .T. ) ;
#1038 = CARTESIAN_POINT ( 'NONE',  ( 32.00000000000000000, -5.000000000000000888, 0.000000000000000000 ) ) ;
#1039 = EDGE_CURVE ( 'NONE', #703, #901, #515, .T. ) ;
#1040 = DIRECTION ( 'NONE',  ( 0.000000000000000000, 0.000000000000000000, -1.000000000000000000 ) ) ;
#1041 = VERTEX_POINT ( 'NONE', #1194 ) ;
#1042 = FACE_OUTER_BOUND ( 'NONE', #1488, .T. ) ;
#1043 = FACE_OUTER_BOUND ( 'NONE', #412, .T. ) ;
#1044 = CARTESIAN_POINT ( 'NONE',  ( -32.00000000000000000, -15.00000000000000178, 12.00000000000000178 ) ) ;
#1045 = VECTOR ( 'NONE', #1140, 1000.000000000000000 ) ;
#1046 = AXIS2_PLACEMENT_3D ( 'NONE', #1440, #271, #744 ) ;
#1047 = VERTEX_POINT ( 'NONE', #521 ) ;
#1048 = AXIS2_PLACEMENT_3D ( 'NONE', #482, #575, #15 ) ;
#1049 = AXIS2_PLACEMENT_3D ( 'NONE', #98, #1352, #762 ) ;
#1050 = EDGE_CURVE ( 'NONE', #647, #636, #44, .T. ) ;
#1051 = VECTOR ( 'NONE', #1133, 1000.000000000000000 ) ;
#1052 = PLANE ( 'NONE',  #1091 ) ;
#1053 = VECTOR ( 'NONE', #202, 1000.000000000000000 ) ;
#1054 = LINE ( 'NONE', #1390, #680 ) ;
#1055 = ORIENTED_EDGE ( 'NONE', *, *, #170, .F. ) ;
#1056 = ADVANCED_FACE ( 'NONE', ( #276 ), #718, .F. ) ;
#1057 = CARTESIAN_POINT ( 'NONE',  ( 28.05662432702593279, -5.000000000000000888, -12.00000000000000355 ) ) ;
#1058 = LINE ( 'NONE', #1044, #1164 ) ;
#1059 = ORIENTED_EDGE ( 'NONE', *, *, #750, .F. ) ;
#1060 = EDGE_CURVE ( 'NONE', #895, #584, #163, .T. ) ;
#1061 = CARTESIAN_POINT ( 'NONE',  ( 20.00000000000000000, -11.00000000000000178, -2.249999999999999112 ) ) ;
#1062 = CARTESIAN_POINT ( 'NONE',  ( 26.61324865405186202, -5.000000000000000888, -9.500000000000023093 ) ) ;
#1063 = CARTESIAN_POINT ( 'NONE',  ( 0.000000000000000000, -3.000000000000000000, 0.000000000000000000 ) ) ;
#1064 = EDGE_CURVE ( 'NONE', #758, #550, #972, .T. ) ;
#1065 = ORIENTED_EDGE ( 'NONE', *, *, #726, .F. ) ;
#1066 = AXIS2_PLACEMENT_3D ( 'NONE', #835, #735, #828 ) ;
#1067 = AXIS2_PLACEMENT_3D ( 'NONE', #1413, #505, #377 ) ;
#1068 = CARTESIAN_POINT ( 'NONE',  ( 20.00000000000000000, -11.00000000000000178, 0.000000000000000000 ) ) ;
#1069 = VECTOR ( 'NONE', #435, 1000.000000000000000 ) ;
#1070 = AXIS2_PLACEMENT_3D ( 'NONE', #11, #797, #463 ) ;
#1071 = CARTESIAN_POINT ( 'NONE',  ( 29.50000000000000355, -5.000000000000000888, 10.75000000000000000 ) ) ;
#1072 = EDGE_CURVE ( 'NONE', #1138, #644, #976, .T. ) ;
#1073 = ORIENTED_EDGE ( 'NONE', *, *, #595, .T. ) ;
#1074 = CARTESIAN_POINT ( 'NONE',  ( 0.000000000000000000, -5.000000000000000888, -12.00000000000000178 ) ) ;
#1075 = ORIENTED_EDGE ( 'NONE', *, *, #955, .F. ) ;
#1076 = CARTESIAN_POINT ( 'NONE',  ( -24.07355715851501543, -5.000000000000000888, 13.89887470582044671 ) ) ;
#1077 = EDGE_CURVE ( 'NONE', #1011, #178, #621, .T. ) ;
#1078 = PLANE ( 'NONE',  #1066 ) ;
#1079 = PLANE ( 'NONE',  #1067 ) ;
#1080 = ORIENTED_EDGE ( 'NONE', *, *, #593, .F. ) ;
#1081 = DIRECTION ( 'NONE',  ( -0.5000000000000062172, 0.000000000000000000, 0.8660254037844349329 ) ) ;
#1082 = ORIENTED_EDGE ( 'NONE', *, *, #918, .T. ) ;
#1083 = DIRECTION ( 'NONE',  ( 0.000000000000000000, 0.000000000000000000, -1.000000000000000000 ) ) ;
#1084 = CARTESIAN_POINT ( 'NONE',  ( -28.05662432702593279, -15.00000000000000178, 12.00000000000000355 ) ) ;
#1085 = ORIENTED_EDGE ( 'NONE', *, *, #967, .T. ) ;
#1086 = DIRECTION ( 'NONE',  ( -0.000000000000000000, 1.000000000000000000, -0.000000000000000000 ) ) ;
#1087 = PLANE ( 'NONE',  #441 ) ;
#1088 = ORIENTED_EDGE ( 'NONE', *, *, #1060, .F. ) ;
#1089 = CARTESIAN_POINT ( 'NONE',  ( 32.00000000000000711, -91.35202996254025720, 0.000000000000000000 ) ) ;
#1090 = EDGE_CURVE ( 'NONE', #1378, #748, #1214, .T. ) ;
#1091 = AXIS2_PLACEMENT_3D ( 'NONE', #938, #816, #239 ) ;
#1092 = ORIENTED_EDGE ( 'NONE', *, *, #511, .F. ) ;
#1093 = CIRCLE ( 'NONE', #598, 1.250000000000001110 ) ;
#1094 = CARTESIAN_POINT ( 'NONE',  ( -29.50000000000000355, -3.000000000000000000, -9.500000000000000000 ) ) ;
#1095 = AXIS2_PLACEMENT_3D ( 'NONE', #157, #393, #1083 ) ;
#1096 = DIRECTION ( 'NONE',  ( -0.000000000000000000, 1.000000000000000000, -0.000000000000000000 ) ) ;
#1097 = DIRECTION ( 'NONE',  ( -0.000000000000000000, 1.000000000000000000, -0.000000000000000000 ) ) ;
#1098 = DIRECTION ( 'NONE',  ( -0.000000000000000000, 1.000000000000000000, -0.000000000000000000 ) ) ;
#1099 = LINE ( 'NONE', #66, #654 ) ;
#1100 = ORIENTED_EDGE ( 'NONE', *, *, #184, .F. ) ;
#1101 = CARTESIAN_POINT ( 'NONE',  ( -29.50000000000000355, -3.000000000000000000, 9.500000000000000000 ) ) ;
#1102 = DIRECTION ( 'NONE',  ( 1.000000000000000000, 0.000000000000000000, 0.000000000000000000 ) ) ;
#1103 = DIRECTION ( 'NONE',  ( 0.000000000000000000, -1.000000000000000000, 0.000000000000000000 ) ) ;
#1104 = CARTESIAN_POINT ( 'NONE',  ( -2.257108473223923835E-15, -91.35202996254025720, -9.899494936611661799 ) ) ;
#1105 = DIRECTION ( 'NONE',  ( 0.000000000000000000, 0.000000000000000000, 1.000000000000000000 ) ) ;
#1106 = ORIENTED_EDGE ( 'NONE', *, *, #967, .F. ) ;
#1107 = DIRECTION ( 'NONE',  ( 0.000000000000000000, -1.000000000000000000, 0.000000000000000000 ) ) ;
#1108 = PLANE ( 'NONE',  #973 ) ;
#1109 = LINE ( 'NONE', #771, #1269 ) ;
#1110 = ORIENTED_EDGE ( 'NONE', *, *, #1183, .F. ) ;
#1111 = DIRECTION ( 'NONE',  ( 0.4999999999999989453, 0.000000000000000000, 0.8660254037844392627 ) ) ;
#1112 = ORIENTED_EDGE ( 'NONE', *, *, #1050, .F. ) ;
#1113 = LINE ( 'NONE', #12, #1114 ) ;
#1114 = VECTOR ( 'NONE', #1150, 1000.000000000000000 ) ;
#1115 = EDGE_CURVE ( 'NONE', #1190, #819, #632, .T. ) ;
#1116 = CARTESIAN_POINT ( 'NONE',  ( 28.05662432702593279, -5.000000000000000888, 12.00000000000000355 ) ) ;
#1117 = CARTESIAN_POINT ( 'NONE',  ( -19.99999999999999645, -13.00000000000000178, -8.673617379884035472E-16 ) ) ;
#1118 = VECTOR ( 'NONE', #1484, 999.9999999999998863 ) ;
#1119 = VERTEX_POINT ( 'NONE', #257 ) ;
#1120 = EDGE_LOOP ( 'NONE', ( #1264, #1019, #403, #1179, #958 ) ) ;
#1121 = DIRECTION ( 'NONE',  ( 0.4999999999999988898, 0.000000000000000000, -0.8660254037844392627 ) ) ;
#1122 = ORIENTED_EDGE ( 'NONE', *, *, #454, .F. ) ;
#1123 = DIRECTION ( 'NONE',  ( 0.000000000000000000, 0.000000000000000000, -1.000000000000000000 ) ) ;
#1124 = EDGE_CURVE ( 'NONE', #584, #27, #1178, .T. ) ;
#1125 = LINE ( 'NONE', #1351, #1182 ) ;
#1126 = DIRECTION ( 'NONE',  ( 0.000000000000000000, 1.000000000000000000, 0.000000000000000000 ) ) ;
#1127 = LINE ( 'NONE', #1466, #1334 ) ;
#1128 = ORIENTED_EDGE ( 'NONE', *, *, #1018, .F. ) ;
#1129 = DIRECTION ( 'NONE',  ( 3.605555036969175364E-15, 0.000000000000000000, -1.000000000000000000 ) ) ;
#1130 = EDGE_LOOP ( 'NONE', ( #1211, #1470, #922, #1082 ) ) ;
#1131 = CARTESIAN_POINT ( 'NONE',  ( -32.00000000000000000, -3.000000000000000000, 12.00000000000000178 ) ) ;
#1132 = VERTEX_POINT ( 'NONE', #964 ) ;
#1133 = DIRECTION ( 'NONE',  ( -1.000000000000000000, 0.000000000000000000, 3.605555036969175364E-15 ) ) ;
#1134 = CARTESIAN_POINT ( 'NONE',  ( -3.469446951953614189E-15, -11.00000000000000178, 5.204170427930421283E-15 ) ) ;
#1135 = FACE_OUTER_BOUND ( 'NONE', #794, .T. ) ;
#1136 = ORIENTED_EDGE ( 'NONE', *, *, #955, .T. ) ;
#1137 = DIRECTION ( 'NONE',  ( 0.000000000000000000, -1.000000000000000000, 0.000000000000000000 ) ) ;
#1138 = VERTEX_POINT ( 'NONE', #597 ) ;
#1139 = CARTESIAN_POINT ( 'NONE',  ( 29.50000000000000355, -91.35202996254025720, 10.75000000000000000 ) ) ;
#1140 = DIRECTION ( 'NONE',  ( 1.000000000000000000, 0.000000000000000000, 3.605555036969175364E-15 ) ) ;
#1141 = VECTOR ( 'NONE', #1292, 1000.000000000000000 ) ;
#1142 = AXIS2_PLACEMENT_3D ( 'NONE', #812, #571, #1040 ) ;
#1143 = CIRCLE ( 'NONE', #164, 2.249999999999999112 ) ;
#1144 = ORIENTED_EDGE ( 'NONE', *, *, #589, .T. ) ;
#1145 = VERTEX_POINT ( 'NONE', #1071 ) ;
#1146 = EDGE_CURVE ( 'NONE', #819, #600, #360, .T. ) ;
#1147 = VECTOR ( 'NONE', #971, 1000.000000000000000 ) ;
#1148 = EDGE_CURVE ( 'NONE', #1263, #647, #1250, .T. ) ;
#1149 = VERTEX_POINT ( 'NONE', #1464 ) ;
#1150 = DIRECTION ( 'NONE',  ( -0.000000000000000000, 1.000000000000000000, -0.000000000000000000 ) ) ;
#1151 = ORIENTED_EDGE ( 'NONE', *, *, #107, .F. ) ;
#1152 = ORIENTED_EDGE ( 'NONE', *, *, #757, .T. ) ;
#1153 = DIRECTION ( 'NONE',  ( -0.000000000000000000, 1.000000000000000000, -0.000000000000000000 ) ) ;
#1154 = CYLINDRICAL_SURFACE ( 'NONE', #1304, 1.250000000000001110 ) ;
#1155 = FACE_OUTER_BOUND ( 'NONE', #1270, .T. ) ;
#1156 = EDGE_CURVE ( 'NONE', #230, #212, #97, .T. ) ;
#1157 = ORIENTED_EDGE ( 'NONE', *, *, #1184, .T. ) ;
#1158 = CARTESIAN_POINT ( 'NONE',  ( 0.000000000000000000, -3.000000000000000000, 12.00000000000000178 ) ) ;
#1159 = CARTESIAN_POINT ( 'NONE',  ( 29.50000000000000355, -5.000000000000000888, -9.500000000000000000 ) ) ;
#1160 = ADVANCED_FACE ( 'NONE', ( #668 ), #658, .F. ) ;
#1161 = AXIS2_PLACEMENT_3D ( 'NONE', #1176, #153, #146 ) ;
#1162 = VECTOR ( 'NONE', #1102, 1000.000000000000000 ) ;
#1163 = VERTEX_POINT ( 'NONE', #761 ) ;
#1164 = VECTOR ( 'NONE', #902, 1000.000000000000000 ) ;
#1165 = AXIS2_PLACEMENT_3D ( 'NONE', #419, #911, #321 ) ;
#1166 = MECHANICAL_DESIGN_GEOMETRIC_PRESENTATION_REPRESENTATION (  '', ( #1003 ), #243 ) ;
#1167 = CARTESIAN_POINT ( 'NONE',  ( 26.61324865405186202, -15.00000000000000178, -9.500000000000023093 ) ) ;
#1168 = EDGE_CURVE ( 'NONE', #171, #692, #624, .T. ) ;
#1169 = DIRECTION ( 'NONE',  ( -0.000000000000000000, 0.000000000000000000, -1.000000000000000000 ) ) ;
#1170 = ORIENTED_EDGE ( 'NONE', *, *, #1146, .F. ) ;
#1171 = CARTESIAN_POINT ( 'NONE',  ( -32.00000000000000000, -15.00000000000000178, -12.00000000000000000 ) ) ;
#1172 = EDGE_CURVE ( 'NONE', #282, #1163, #1237, .T. ) ;
#1173 = FACE_BOUND ( 'NONE', #1342, .T. ) ;
#1174 = ORIENTED_EDGE ( 'NONE', *, *, #1296, .T. ) ;
#1175 = PRODUCT ( 'baseshell', 'baseshell', '', ( #605 ) ) ;
#1176 = CARTESIAN_POINT ( 'NONE',  ( -3.469446951953614189E-15, -91.35202996254025720, 5.204170427930421283E-15 ) ) ;
#1177 = EDGE_CURVE ( 'NONE', #1023, #1395, #1125, .T. ) ;
#1178 = LINE ( 'NONE', #497, #820 ) ;
#1179 = ORIENTED_EDGE ( 'NONE', *, *, #266, .T. ) ;
#1180 = CARTESIAN_POINT ( 'NONE',  ( -29.50000000000000355, -5.000000000000000888, -9.500000000000000000 ) ) ;
#1181 = DIRECTION ( 'NONE',  ( 0.000000000000000000, 1.000000000000000000, 0.000000000000000000 ) ) ;
#1182 = VECTOR ( 'NONE', #1343, 1000.000000000000000 ) ;
#1183 = EDGE_CURVE ( 'NONE', #387, #138, #754, .T. ) ;
#1184 = EDGE_CURVE ( 'NONE', #1257, #1461, #1446, .T. ) ;
#1185 = CARTESIAN_POINT ( 'NONE',  ( 29.50000000000000355, -3.000000000000000000, 9.500000000000000000 ) ) ;
#1186 = VECTOR ( 'NONE', #1224, 1000.000000000000000 ) ;
#1187 =( NAMED_UNIT ( * ) SI_UNIT ( $, .STERADIAN. ) SOLID_ANGLE_UNIT ( ) );
#1188 = DIRECTION ( 'NONE',  ( -0.000000000000000000, 1.000000000000000000, -0.000000000000000000 ) ) ;
#1189 = LINE ( 'NONE', #498, #560 ) ;
#1190 = VERTEX_POINT ( 'NONE', #1481 ) ;
#1191 = CARTESIAN_POINT ( 'NONE',  ( -19.99999999999999645, -11.00000000000000178, -2.250000000000000000 ) ) ;
#1192 = CARTESIAN_POINT ( 'NONE',  ( -19.99999999999999645, -91.35202996254025720, -8.673617379884035472E-16 ) ) ;
#1193 = DIRECTION ( 'NONE',  ( 1.000000000000000000, 0.000000000000000000, -3.605555036969175364E-15 ) ) ;
#1194 = CARTESIAN_POINT ( 'NONE',  ( -19.99999999999999645, -3.000000000000000000, -9.899494936611668905 ) ) ;
#1195 = ORIENTED_EDGE ( 'NONE', *, *, #726, .T. ) ;
#1196 = CARTESIAN_POINT ( 'NONE',  ( -3.469446951953614189E-15, -91.35202996254025720, 5.204170427930421283E-15 ) ) ;
#1197 = DIRECTION ( 'NONE',  ( -0.8660254037844392627, 0.000000000000000000, -0.4999999999999988898 ) ) ;
#1198 = EDGE_CURVE ( 'NONE', #1041, #1347, #105, .T. ) ;
#1199 = ORIENTED_EDGE ( 'NONE', *, *, #371, .F. ) ;
#1200 = FACE_OUTER_BOUND ( 'NONE', #879, .T. ) ;
#1201 = VERTEX_POINT ( 'NONE', #1259 ) ;
#1202 = DIRECTION ( 'NONE',  ( 0.000000000000000000, 0.000000000000000000, 1.000000000000000000 ) ) ;
#1203 = ORIENTED_EDGE ( 'NONE', *, *, #939, .T. ) ;
#1204 = CARTESIAN_POINT ( 'NONE',  ( -19.99999999999999645, -13.00000000000000178, -2.250000000000000000 ) ) ;
#1205 = CARTESIAN_POINT ( 'NONE',  ( -32.00000000000000000, -5.000000000000000888, -6.999999999999976907 ) ) ;
#1206 = ADVANCED_BREP_SHAPE_REPRESENTATION ( 'baseshell', ( #832, #465 ), #844 ) ;
#1207 = FACE_OUTER_BOUND ( 'NONE', #479, .T. ) ;
#1208 = EDGE_CURVE ( 'NONE', #1236, #76, #418, .T. ) ;
#1209 = CARTESIAN_POINT ( 'NONE',  ( 32.00000000000000000, -3.000000000000000000, 12.00000000000000178 ) ) ;
#1210 = AXIS2_PLACEMENT_3D ( 'NONE', #1134, #868, #538 ) ;
#1211 = ORIENTED_EDGE ( 'NONE', *, *, #1346, .F. ) ;
#1212 = VECTOR ( 'NONE', #691, 1000.000000000000000 ) ;
#1213 = AXIS2_PLACEMENT_3D ( 'NONE', #1117, #294, #890 ) ;
#1214 = LINE ( 'NONE', #492, #1245 ) ;
#1215 = VECTOR ( 'NONE', #1032, 1000.000000000000000 ) ;
#1216 = LINE ( 'NONE', #176, #802 ) ;
#1217 = DIRECTION ( 'NONE',  ( 0.000000000000000000, 0.000000000000000000, 1.000000000000000000 ) ) ;
#1218 = EDGE_LOOP ( 'NONE', ( #436, #765 ) ) ;
#1219 = DIRECTION ( 'NONE',  ( 0.000000000000000000, 0.000000000000000000, 1.000000000000000000 ) ) ;
#1220 = ORIENTED_EDGE ( 'NONE', *, *, #1407, .T. ) ;
#1221 = FACE_OUTER_BOUND ( 'NONE', #1438, .T. ) ;
#1222 = ADVANCED_FACE ( 'NONE', ( #215 ), #1229, .F. ) ;
#1223 = CYLINDRICAL_SURFACE ( 'NONE', #697, 9.899494936611667129 ) ;
#1224 = DIRECTION ( 'NONE',  ( -0.000000000000000000, 1.000000000000000000, -0.000000000000000000 ) ) ;
#1225 = ORIENTED_EDGE ( 'NONE', *, *, #1072, .F. ) ;
#1226 = CARTESIAN_POINT ( 'NONE',  ( 2.523888525878383549E-14, -15.00000000000000178, 6.999999999999890754 ) ) ;
#1227 = ORIENTED_EDGE ( 'NONE', *, *, #1235, .T. ) ;
#1228 = EDGE_CURVE ( 'NONE', #27, #915, #341, .T. ) ;
#1229 = CYLINDRICAL_SURFACE ( 'NONE', #532, 1.250000000000001110 ) ;
#1230 = CYLINDRICAL_SURFACE ( 'NONE', #389, 1.250000000000001110 ) ;
#1231 = CYLINDRICAL_SURFACE ( 'NONE', #414, 1.250000000000001110 ) ;
#1232 = ORIENTED_EDGE ( 'NONE', *, *, #639, .T. ) ;
#1233 = VERTEX_POINT ( 'NONE', #1015 ) ;
#1234 = CARTESIAN_POINT ( 'NONE',  ( 32.00000000000000711, -15.00000000000000178, 12.00000000000000178 ) ) ;
#1235 = EDGE_CURVE ( 'NONE', #264, #661, #1472, .T. ) ;
#1236 = VERTEX_POINT ( 'NONE', #791 ) ;
#1237 = LINE ( 'NONE', #768, #313 ) ;
#1238 = VECTOR ( 'NONE', #727, 1000.000000000000000 ) ;
#1239 = DIRECTION ( 'NONE',  ( 0.000000000000000000, 0.000000000000000000, 1.000000000000000000 ) ) ;
#1240 = AXIS2_PLACEMENT_3D ( 'NONE', #136, #940, #834 ) ;
#1241 = CIRCLE ( 'NONE', #1360, 1.250000000000001110 ) ;
#1242 = CARTESIAN_POINT ( 'NONE',  ( 28.05662432702593279, -5.000000000000000888, 12.00000000000000355 ) ) ;
#1243 = AXIS2_PLACEMENT_3D ( 'NONE', #780, #909, #1123 ) ;
#1244 = VERTEX_POINT ( 'NONE', #433 ) ;
#1245 = VECTOR ( 'NONE', #167, 1000.000000000000000 ) ;
#1246 = LINE ( 'NONE', #1476, #1427 ) ;
#1247 = EDGE_LOOP ( 'NONE', ( #712, #1479 ) ) ;
#1248 = DIRECTION ( 'NONE',  ( 0.5000000000000063283, 0.000000000000000000, -0.8660254037844350439 ) ) ;
#1249 = ORIENTED_EDGE ( 'NONE', *, *, #503, .T. ) ;
#1250 = LINE ( 'NONE', #880, #1045 ) ;
#1251 = CARTESIAN_POINT ( 'NONE',  ( -19.99999999999999645, -11.00000000000000178, -8.673617379884035472E-16 ) ) ;
#1252 = LINE ( 'NONE', #992, #875 ) ;
#1253 = ORIENTED_EDGE ( 'NONE', *, *, #1322, .F. ) ;
#1254 = CARTESIAN_POINT ( 'NONE',  ( 2.523888525878383549E-14, -15.00000000000000178, -6.999999999999890754 ) ) ;
#1255 = ORIENTED_EDGE ( 'NONE', *, *, #2, .T. ) ;
#1256 = DIRECTION ( 'NONE',  ( 0.000000000000000000, 0.000000000000000000, -1.000000000000000000 ) ) ;
#1257 = VERTEX_POINT ( 'NONE', #674 ) ;
#1258 = LINE ( 'NONE', #1139, #1215 ) ;
#1259 = CARTESIAN_POINT ( 'NONE',  ( -19.99999999999999645, -11.00000000000000178, 9.899494936611665352 ) ) ;
#1260 = DIRECTION ( 'NONE',  ( -0.000000000000000000, 1.000000000000000000, -0.000000000000000000 ) ) ;
#1261 = EDGE_CURVE ( 'NONE', #1408, #457, #566, .T. ) ;
#1262 = ORIENTED_EDGE ( 'NONE', *, *, #184, .T. ) ;
#1263 = VERTEX_POINT ( 'NONE', #648 ) ;
#1264 = ORIENTED_EDGE ( 'NONE', *, *, #446, .T. ) ;
#1265 = DIRECTION ( 'NONE',  ( -0.000000000000000000, 1.000000000000000000, -0.000000000000000000 ) ) ;
#1266 = CARTESIAN_POINT ( 'NONE',  ( -29.50000000000000355, -91.35202996254025720, -10.75000000000000000 ) ) ;
#1267 = AXIS2_PLACEMENT_3D ( 'NONE', #957, #32, #1412 ) ;
#1268 = AXIS2_PLACEMENT_3D ( 'NONE', #38, #1300, #978 ) ;
#1269 = VECTOR ( 'NONE', #784, 1000.000000000000000 ) ;
#1270 = EDGE_LOOP ( 'NONE', ( #270, #533, #1385, #795, #1144, #904, #1227, #489, #65, #1080, #1031, #1220, #787, #995, #937, #1203 ) ) ;
#1271 = ORIENTED_EDGE ( 'NONE', *, *, #1177, .F. ) ;
#1272 = CARTESIAN_POINT ( 'NONE',  ( -2.523888525878383549E-14, -5.000000000000000888, -6.999999999999890754 ) ) ;
#1273 = DIRECTION ( 'NONE',  ( -0.000000000000000000, -1.000000000000000000, -0.000000000000000000 ) ) ;
#1274 = ORIENTED_EDGE ( 'NONE', *, *, #1291, .T. ) ;
#1275 = DIRECTION ( 'NONE',  ( 0.000000000000000000, -1.000000000000000000, 0.000000000000000000 ) ) ;
#1276 = EDGE_CURVE ( 'NONE', #450, #1030, #409, .T. ) ;
#1277 = DIRECTION ( 'NONE',  ( -0.000000000000000000, -1.000000000000000000, -0.000000000000000000 ) ) ;
#1278 = DIRECTION ( 'NONE',  ( 0.000000000000000000, 0.000000000000000000, -1.000000000000000000 ) ) ;
#1279 = ORIENTED_EDGE ( 'NONE', *, *, #353, .F. ) ;
#1280 = ADVANCED_FACE ( 'NONE', ( #1221 ), #320, .F. ) ;
#1281 = DIRECTION ( 'NONE',  ( -1.000000000000000000, 0.000000000000000000, 0.000000000000000000 ) ) ;
#1282 =( NAMED_UNIT ( * ) PLANE_ANGLE_UNIT ( ) SI_UNIT ( $, .RADIAN. ) );
#1283 = FACE_BOUND ( 'NONE', #252, .T. ) ;
#1284 = EDGE_LOOP ( 'NONE', ( #805, #1255, #408, #499 ) ) ;
#1285 = CIRCLE ( 'NONE', #392, 1.250000000000001110 ) ;
#1286 = AXIS2_PLACEMENT_3D ( 'NONE', #713, #34, #738 ) ;
#1287 = EDGE_CURVE ( 'NONE', #1132, #644, #1113, .T. ) ;
#1288 = LINE ( 'NONE', #1057, #565 ) ;
#1289 = DIRECTION ( 'NONE',  ( -0.000000000000000000, 0.000000000000000000, 1.000000000000000000 ) ) ;
#1290 = ORIENTED_EDGE ( 'NONE', *, *, #796, .F. ) ;
#1291 = EDGE_CURVE ( 'NONE', #138, #1263, #459, .T. ) ;
#1292 = DIRECTION ( 'NONE',  ( -0.000000000000000000, -1.000000000000000000, -0.000000000000000000 ) ) ;
#1293 = DIRECTION ( 'NONE',  ( 0.000000000000000000, 0.000000000000000000, -1.000000000000000000 ) ) ;
#1294 = ORIENTED_EDGE ( 'NONE', *, *, #284, .T. ) ;
#1295 = FACE_OUTER_BOUND ( 'NONE', #826, .T. ) ;
#1296 = EDGE_CURVE ( 'NONE', #100, #550, #336, .T. ) ;
#1297 = LINE ( 'NONE', #1104, #29 ) ;
#1298 = CARTESIAN_POINT ( 'NONE',  ( -3.469446951953614189E-15, -13.00000000000000178, -2.249999999999994671 ) ) ;
#1299 = DIRECTION ( 'NONE',  ( 0.000000000000000000, 1.000000000000000000, 0.000000000000000000 ) ) ;
#1300 = DIRECTION ( 'NONE',  ( -0.000000000000000000, 1.000000000000000000, -0.000000000000000000 ) ) ;
#1301 = VERTEX_POINT ( 'NONE', #343 ) ;
#1302 = DIRECTION ( 'NONE',  ( -0.000000000000000000, -1.000000000000000000, -0.000000000000000000 ) ) ;
#1303 = CARTESIAN_POINT ( 'NONE',  ( -3.469446951953614189E-15, -11.00000000000000178, 5.204170427930421283E-15 ) ) ;
#1304 = AXIS2_PLACEMENT_3D ( 'NONE', #808, #574, #798 ) ;
#1305 = LINE ( 'NONE', #135, #629 ) ;
#1306 = VECTOR ( 'NONE', #494, 1000.000000000000000 ) ;
#1307 = VECTOR ( 'NONE', #1444, 999.9999999999998863 ) ;
#1308 = FACE_BOUND ( 'NONE', #653, .T. ) ;
#1309 = ADVANCED_FACE ( 'NONE', ( #1043 ), #1154, .F. ) ;
#1310 = CARTESIAN_POINT ( 'NONE',  ( 20.00000000000000000, -3.000000000000000000, -9.899494936611668905 ) ) ;
#1311 = CARTESIAN_POINT ( 'NONE',  ( 20.00000000000000000, -13.00000000000000178, 0.000000000000000000 ) ) ;
#1312 = EDGE_LOOP ( 'NONE', ( #448, #525 ) ) ;
#1313 = CARTESIAN_POINT ( 'NONE',  ( -15.84631582256259819, -15.00000000000000178, -9.148874705820496445 ) ) ;
#1314 = ORIENTED_EDGE ( 'NONE', *, *, #337, .T. ) ;
#1315 = EDGE_CURVE ( 'NONE', #282, #475, #464, .T. ) ;
#1316 = CARTESIAN_POINT ( 'NONE',  ( 20.00000000000000000, -11.00000000000000178, 0.000000000000000000 ) ) ;
#1317 = DIRECTION ( 'NONE',  ( 0.8660254037844350439, 0.000000000000000000, -0.5000000000000063283 ) ) ;
#1318 = ADVANCED_FACE ( 'NONE', ( #1, #453 ), #935, .T. ) ;
#1319 = DIRECTION ( 'NONE',  ( 0.000000000000000000, 1.000000000000000000, 0.000000000000000000 ) ) ;
#1320 = PLANE ( 'NONE',  #652 ) ;
#1321 = CARTESIAN_POINT ( 'NONE',  ( -19.99999999999999645, -11.00000000000000178, -8.673617379884035472E-16 ) ) ;
#1322 = EDGE_CURVE ( 'NONE', #965, #1119, #7, .T. ) ;
#1323 = EDGE_LOOP ( 'NONE', ( #1364, #305, #260, #831 ) ) ;
#1324 = DIRECTION ( 'NONE',  ( 0.000000000000000000, 0.000000000000000000, -1.000000000000000000 ) ) ;
#1325 = ORIENTED_EDGE ( 'NONE', *, *, #513, .T. ) ;
#1326 = CARTESIAN_POINT ( 'NONE',  ( -19.99999999999999645, -11.00000000000000178, -9.899494936611668905 ) ) ;
#1327 = LINE ( 'NONE', #1074, #1306 ) ;
#1328 = ORIENTED_EDGE ( 'NONE', *, *, #897, .F. ) ;
#1329 = CARTESIAN_POINT ( 'NONE',  ( 28.05662432702593279, -15.00000000000000178, 12.00000000000000355 ) ) ;
#1330 = ADVANCED_FACE ( 'NONE', ( #348 ), #917, .F. ) ;
#1331 = VECTOR ( 'NONE', #711, 1000.000000000000000 ) ;
#1332 = ORIENTED_EDGE ( 'NONE', *, *, #1391, .T. ) ;
#1333 = VECTOR ( 'NONE', #690, 1000.000000000000000 ) ;
#1334 = VECTOR ( 'NONE', #1353, 1000.000000000000000 ) ;
#1335 = CARTESIAN_POINT ( 'NONE',  ( -19.99999999999999645, -3.000000000000000000, -8.673617379884035472E-16 ) ) ;
#1336 = CIRCLE ( 'NONE', #656, 9.899494936611667129 ) ;
#1337 = LINE ( 'NONE', #870, #314 ) ;
#1338 = DIRECTION ( 'NONE',  ( -0.000000000000000000, -1.000000000000000000, -0.000000000000000000 ) ) ;
#1339 = ORIENTED_EDGE ( 'NONE', *, *, #114, .F. ) ;
#1340 = EDGE_CURVE ( 'NONE', #895, #915, #925, .T. ) ;
#1341 = CARTESIAN_POINT ( 'NONE',  ( -29.50000000000000355, -3.000000000000000000, -10.75000000000000000 ) ) ;
#1342 = EDGE_LOOP ( 'NONE', ( #1170, #115 ) ) ;
#1343 = DIRECTION ( 'NONE',  ( -0.000000000000000000, -1.000000000000000000, -0.000000000000000000 ) ) ;
#1344 = PLANE ( 'NONE',  #847 ) ;
#1345 = CARTESIAN_POINT ( 'NONE',  ( 29.50000000000000355, -91.35202996254025720, -9.500000000000000000 ) ) ;
#1346 = EDGE_CURVE ( 'NONE', #33, #264, #1246, .T. ) ;
#1347 = VERTEX_POINT ( 'NONE', #586 ) ;
#1348 = ORIENTED_EDGE ( 'NONE', *, *, #803, .F. ) ;
#1349 = CARTESIAN_POINT ( 'NONE',  ( 32.00000000000000711, -91.35202996254025720, -11.99999999999999822 ) ) ;
#1350 = ORIENTED_EDGE ( 'NONE', *, *, #580, .F. ) ;
#1351 = CARTESIAN_POINT ( 'NONE',  ( -26.61324865405186202, -5.000000000000000888, 9.500000000000023093 ) ) ;
#1352 = DIRECTION ( 'NONE',  ( 0.000000000000000000, 1.000000000000000000, 0.000000000000000000 ) ) ;
#1353 = DIRECTION ( 'NONE',  ( -0.000000000000000000, -1.000000000000000000, -0.000000000000000000 ) ) ;
#1354 = ORIENTED_EDGE ( 'NONE', *, *, #803, .T. ) ;
#1355 = ORIENTED_EDGE ( 'NONE', *, *, #1027, .F. ) ;
#1356 = DIRECTION ( 'NONE',  ( 0.000000000000000000, 0.000000000000000000, 1.000000000000000000 ) ) ;
#1357 = ORIENTED_EDGE ( 'NONE', *, *, #1060, .T. ) ;
#1358 = CARTESIAN_POINT ( 'NONE',  ( -15.84631582256259819, -15.00000000000000178, 9.148874705820496445 ) ) ;
#1359 = LINE ( 'NONE', #388, #191 ) ;
#1360 = AXIS2_PLACEMENT_3D ( 'NONE', #1180, #507, #1415 ) ;
#1361 = EDGE_CURVE ( 'NONE', #1244, #1236, #19, .T. ) ;
#1362 = CARTESIAN_POINT ( 'NONE',  ( -29.50000000000000355, -5.000000000000000888, 8.249999999999998224 ) ) ;
#1363 = AXIS2_PLACEMENT_3D ( 'NONE', #893, #1478, #1121 ) ;
#1364 = ORIENTED_EDGE ( 'NONE', *, *, #2, .F. ) ;
#1365 = DIRECTION ( 'NONE',  ( 0.000000000000000000, -0.000000000000000000, -1.000000000000000000 ) ) ;
#1366 = ORIENTED_EDGE ( 'NONE', *, *, #790, .F. ) ;
#1367 = CARTESIAN_POINT ( 'NONE',  ( 29.50000000000000355, -5.000000000000000888, 9.500000000000000000 ) ) ;
#1368 = EDGE_LOOP ( 'NONE', ( #760, #1400 ) ) ;
#1369 = DIRECTION ( 'NONE',  ( 0.000000000000000000, 0.000000000000000000, 1.000000000000000000 ) ) ;
#1370 = DIRECTION ( 'NONE',  ( 0.000000000000000000, 0.000000000000000000, 1.000000000000000000 ) ) ;
#1371 = PLANE ( 'NONE',  #1165 ) ;
#1372 = ORIENTED_EDGE ( 'NONE', *, *, #1115, .F. ) ;
#1373 = ORIENTED_EDGE ( 'NONE', *, *, #1471, .T. ) ;
#1374 = ORIENTED_EDGE ( 'NONE', *, *, #8, .T. ) ;
#1375 = DIRECTION ( 'NONE',  ( -3.605555036969175364E-15, 0.000000000000000000, -1.000000000000000000 ) ) ;
#1376 = DIRECTION ( 'NONE',  ( 0.000000000000000000, -1.000000000000000000, 0.000000000000000000 ) ) ;
#1377 = EDGE_LOOP ( 'NONE', ( #1477, #545, #682, #568, #789, #1253, #384, #72 ) ) ;
#1378 = VERTEX_POINT ( 'NONE', #200 ) ;
#1379 = ORIENTED_EDGE ( 'NONE', *, *, #840, .T. ) ;
#1380 = CARTESIAN_POINT ( 'NONE',  ( -29.50000000000000355, -3.000000000000000000, -8.249999999999998224 ) ) ;
#1381 = DIRECTION ( 'NONE',  ( 0.000000000000000000, 0.000000000000000000, 1.000000000000000000 ) ) ;
#1382 = AXIS2_PLACEMENT_3D ( 'NONE', #1094, #1188, #1293 ) ;
#1383 = VECTOR ( 'NONE', #209, 1000.000000000000000 ) ;
#1384 = AXIS2_PLACEMENT_3D ( 'NONE', #730, #615, #601 ) ;
#1385 = ORIENTED_EDGE ( 'NONE', *, *, #622, .F. ) ;
#1386 = ADVANCED_FACE ( 'NONE', ( #825 ), #773, .F. ) ;
#1387 = AXIS2_PLACEMENT_3D ( 'NONE', #415, #73, #526 ) ;
#1388 = SURFACE_STYLE_FILL_AREA ( #204 ) ;
#1389 = CARTESIAN_POINT ( 'NONE',  ( 0.000000000000000000, -5.000000000000000888, 12.00000000000000178 ) ) ;
#1390 = CARTESIAN_POINT ( 'NONE',  ( 20.00000000000000000, -11.00000000000000178, 2.249999999999999112 ) ) ;
#1391 = EDGE_CURVE ( 'NONE', #1190, #192, #717, .T. ) ;
#1392 = ORIENTED_EDGE ( 'NONE', *, *, #237, .F. ) ;
#1393 = CARTESIAN_POINT ( 'NONE',  ( 26.61324865405186202, -5.000000000000000888, 9.500000000000023093 ) ) ;
#1394 = CARTESIAN_POINT ( 'NONE',  ( 29.50000000000000355, -3.000000000000000000, -9.500000000000000000 ) ) ;
#1395 = VERTEX_POINT ( 'NONE', #702 ) ;
#1396 = EDGE_LOOP ( 'NONE', ( #228, #946, #1379, #1467 ) ) ;
#1397 = CARTESIAN_POINT ( 'NONE',  ( 20.00000000000000000, -11.00000000000000178, 0.000000000000000000 ) ) ;
#1398 = DIRECTION ( 'NONE',  ( 1.000000000000000000, 0.000000000000000000, 0.000000000000000000 ) ) ;
#1399 = PLANE ( 'NONE',  #1048 ) ;
#1400 = ORIENTED_EDGE ( 'NONE', *, *, #249, .T. ) ;
#1401 = AXIS2_PLACEMENT_3D ( 'NONE', #245, #698, #594 ) ;
#1402 = CIRCLE ( 'NONE', #872, 2.250000000000000000 ) ;
#1403 = DIRECTION ( 'NONE',  ( 0.4999999999999989453, 0.000000000000000000, 0.8660254037844392627 ) ) ;
#1404 = ADVANCED_FACE ( 'NONE', ( #124 ), #22, .T. ) ;
#1405 = CARTESIAN_POINT ( 'NONE',  ( 32.00000000000000000, -15.00000000000000178, 6.999999999999976907 ) ) ;
#1406 = DIRECTION ( 'NONE',  ( 1.000000000000000000, 0.000000000000000000, 0.000000000000000000 ) ) ;
#1407 = EDGE_CURVE ( 'NONE', #475, #1047, #1058, .T. ) ;
#1408 = VERTEX_POINT ( 'NONE', #945 ) ;
#1409 = FACE_BOUND ( 'NONE', #111, .T. ) ;
#1410 = ORIENTED_EDGE ( 'NONE', *, *, #152, .T. ) ;
#1411 = DIRECTION ( 'NONE',  ( 1.000000000000000000, 0.000000000000000000, 0.000000000000000000 ) ) ;
#1412 = DIRECTION ( 'NONE',  ( 0.000000000000000000, 0.000000000000000000, -1.000000000000000000 ) ) ;
#1413 = CARTESIAN_POINT ( 'NONE',  ( 0.000000000000000000, -5.000000000000000888, 0.000000000000000000 ) ) ;
#1414 = ORIENTED_EDGE ( 'NONE', *, *, #1064, .F. ) ;
#1415 = DIRECTION ( 'NONE',  ( 0.000000000000000000, 0.000000000000000000, 1.000000000000000000 ) ) ;
#1416 = VERTEX_POINT ( 'NONE', #786 ) ;
#1417 = DIRECTION ( 'NONE',  ( -0.000000000000000000, 1.000000000000000000, -0.000000000000000000 ) ) ;
#1418 = ADVANCED_FACE ( 'NONE', ( #1155 ), #477, .T. ) ;
#1419 = DIRECTION ( 'NONE',  ( 0.000000000000000000, 0.000000000000000000, 1.000000000000000000 ) ) ;
#1420 = ORIENTED_EDGE ( 'NONE', *, *, #790, .T. ) ;
#1421 = DIRECTION ( 'NONE',  ( -0.000000000000000000, -1.000000000000000000, -0.000000000000000000 ) ) ;
#1422 = ORIENTED_EDGE ( 'NONE', *, *, #325, .F. ) ;
#1423 = FACE_OUTER_BOUND ( 'NONE', #501, .T. ) ;
#1424 = ORIENTED_EDGE ( 'NONE', *, *, #205, .F. ) ;
#1425 = AXIS2_PLACEMENT_3D ( 'NONE', #1335, #306, #1025 ) ;
#1426 = EDGE_CURVE ( 'NONE', #810, #883, #1054, .T. ) ;
#1427 = VECTOR ( 'NONE', #437, 1000.000000000000000 ) ;
#1428 = AXIS2_PLACEMENT_3D ( 'NONE', #330, #792, #675 ) ;
#1429 = CARTESIAN_POINT ( 'NONE',  ( -2.523888525878383549E-14, -15.00000000000000178, -6.999999999999890754 ) ) ;
#1430 = VECTOR ( 'NONE', #994, 999.9999999999998863 ) ;
#1431 = CIRCLE ( 'NONE', #189, 1.250000000000001110 ) ;
#1432 = DIRECTION ( 'NONE',  ( -0.000000000000000000, 0.000000000000000000, 1.000000000000000000 ) ) ;
#1433 = CYLINDRICAL_SURFACE ( 'NONE', #1046, 1.250000000000001110 ) ;
#1434 = DIRECTION ( 'NONE',  ( 0.000000000000000000, 0.000000000000000000, 1.000000000000000000 ) ) ;
#1435 = DIRECTION ( 'NONE',  ( 0.5000000000000062172, 0.000000000000000000, 0.8660254037844349329 ) ) ;
#1436 = ADVANCED_FACE ( 'NONE', ( #350 ), #246, .F. ) ;
#1437 = DIRECTION ( 'NONE',  ( -1.000000000000000000, -0.000000000000000000, 0.000000000000000000 ) ) ;
#1438 = EDGE_LOOP ( 'NONE', ( #886, #449, #187, #677 ) ) ;
#1439 = DIRECTION ( 'NONE',  ( 0.000000000000000000, 1.000000000000000000, 0.000000000000000000 ) ) ;
#1440 = CARTESIAN_POINT ( 'NONE',  ( -29.50000000000000355, -91.35202996254025720, 9.500000000000000000 ) ) ;
#1441 = CARTESIAN_POINT ( 'NONE',  ( -3.469446951953614189E-15, -13.00000000000000178, 5.204170427930421283E-15 ) ) ;
#1442 = EDGE_CURVE ( 'NONE', #600, #819, #1093, .T. ) ;
#1443 = DIRECTION ( 'NONE',  ( 0.000000000000000000, 0.000000000000000000, 1.000000000000000000 ) ) ;
#1444 = DIRECTION ( 'NONE',  ( 0.5000000000000063283, 0.000000000000000000, 0.8660254037844350439 ) ) ;
#1445 = VERTEX_POINT ( 'NONE', #324 ) ;
#1446 = LINE ( 'NONE', #555, #559 ) ;
#1447 = CARTESIAN_POINT ( 'NONE',  ( -19.99999999999999645, -13.00000000000000178, 2.249999999999998224 ) ) ;
#1448 = EDGE_CURVE ( 'NONE', #1047, #174, #356, .T. ) ;
#1449 = DIRECTION ( 'NONE',  ( 0.000000000000000000, -0.000000000000000000, 1.000000000000000000 ) ) ;
#1450 = EDGE_LOOP ( 'NONE', ( #520, #438, #242, #429 ) ) ;
#1451 = DIRECTION ( 'NONE',  ( 1.000000000000000000, 0.000000000000000000, 0.000000000000000000 ) ) ;
#1452 = CIRCLE ( 'NONE', #123, 1.250000000000001110 ) ;
#1453 = ORIENTED_EDGE ( 'NONE', *, *, #1296, .F. ) ;
#1454 = CIRCLE ( 'NONE', #141, 2.249999999999999112 ) ;
#1455 = DIRECTION ( 'NONE',  ( 0.000000000000000000, 1.000000000000000000, 0.000000000000000000 ) ) ;
#1456 = ADVANCED_FACE ( 'NONE', ( #119 ), #1399, .F. ) ;
#1457 = ADVANCED_FACE ( 'NONE', ( #936, #130, #817, #706, #1283, #240, #1173, #133 ), #591, .F. ) ;
#1458 = AXIS2_PLACEMENT_3D ( 'NONE', #400, #519, #740 ) ;
#1459 = FACE_OUTER_BOUND ( 'NONE', #455, .T. ) ;
#1460 = CARTESIAN_POINT ( 'NONE',  ( 20.00000000000000000, -13.00000000000000178, 0.000000000000000000 ) ) ;
#1461 = VERTEX_POINT ( 'NONE', #1062 ) ;
#1462 = DIRECTION ( 'NONE',  ( -0.000000000000000000, -1.000000000000000000, -0.000000000000000000 ) ) ;
#1463 = ORIENTED_EDGE ( 'NONE', *, *, #1315, .F. ) ;
#1464 = CARTESIAN_POINT ( 'NONE',  ( 20.00000000000000000, -13.00000000000000178, -2.249999999999999112 ) ) ;
#1465 = CARTESIAN_POINT ( 'NONE',  ( -29.50000000000000355, -3.000000000000000000, 10.75000000000000000 ) ) ;
#1466 = CARTESIAN_POINT ( 'NONE',  ( 28.05662432702594344, -5.000000000000000888, 6.999999999999992006 ) ) ;
#1467 = ORIENTED_EDGE ( 'NONE', *, *, #511, .T. ) ;
#1468 = VERTEX_POINT ( 'NONE', #145 ) ;
#1469 = DIRECTION ( 'NONE',  ( -0.000000000000000000, 1.000000000000000000, -0.000000000000000000 ) ) ;
#1470 = ORIENTED_EDGE ( 'NONE', *, *, #461, .F. ) ;
#1471 = EDGE_CURVE ( 'NONE', #742, #865, #354, .T. ) ;
#1472 = LINE ( 'NONE', #182, #696 ) ;
#1473 = DIRECTION ( 'NONE',  ( 0.000000000000000000, -0.000000000000000000, 1.000000000000000000 ) ) ;
#1474 = CARTESIAN_POINT ( 'NONE',  ( -28.05662432702593279, -5.000000000000000888, 12.00000000000000355 ) ) ;
#1475 = ORIENTED_EDGE ( 'NONE', *, *, #503, .F. ) ;
#1476 = CARTESIAN_POINT ( 'NONE',  ( 24.07355715851501543, -15.00000000000000178, 13.89887470582044671 ) ) ;
#1477 = ORIENTED_EDGE ( 'NONE', *, *, #491, .F. ) ;
#1478 = DIRECTION ( 'NONE',  ( 0.8660254037844392627, -0.000000000000000000, 0.4999999999999988898 ) ) ;
#1479 = ORIENTED_EDGE ( 'NONE', *, *, #372, .F. ) ;
#1480 = DIRECTION ( 'NONE',  ( 0.000000000000000000, 0.000000000000000000, 1.000000000000000000 ) ) ;
#1481 = CARTESIAN_POINT ( 'NONE',  ( 29.50000000000000355, -5.000000000000000888, -8.249999999999998224 ) ) ;
#1482 = VECTOR ( 'NONE', #1033, 1000.000000000000000 ) ;
#1483 = EDGE_CURVE ( 'NONE', #373, #1445, #508, .T. ) ;
#1484 = DIRECTION ( 'NONE',  ( 0.5000000000000063283, 0.000000000000000000, -0.8660254037844350439 ) ) ;
#1485 = VECTOR ( 'NONE', #235, 1000.000000000000000 ) ;
#1486 = CIRCLE ( 'NONE', #466, 2.249999999999999112 ) ;
#1487 = AXIS2_PLACEMENT_3D ( 'NONE', #1491, #1265, #683 ) ;
#1488 = EDGE_LOOP ( 'NONE', ( #3, #1325 ) ) ;
#1489 = VERTEX_POINT ( 'NONE', #1405 ) ;
#1490 = EDGE_LOOP ( 'NONE', ( #527, #275 ) ) ;
#1491 = CARTESIAN_POINT ( 'NONE',  ( 29.50000000000000355, -91.35202996254025720, 9.500000000000000000 ) ) ;
ENDSEC;
END-ISO-10303-21;
