ISO-10303-21;
HEADER;
FILE_DESCRIPTION (( 'STEP AP214' ),
    '1' );
FILE_NAME ('baseshell.STEP',
    '2026-07-29T18:19:41',
    ( '' ),
    ( '' ),
    'SwSTEP 2.0',
    'SolidWorks 2023',
    '' );
FILE_SCHEMA (( 'AUTOMOTIVE_DESIGN' ));
ENDSEC;

DATA;
#1 = VERTEX_POINT ( 'NONE', #327 ) ;
#2 = CARTESIAN_POINT ( 'NONE',  ( -19.99999999999999645, -11.00000000000000178, 2.249999999999998224 ) ) ;
#3 = EDGE_CURVE ( 'NONE', #834, #1392, #214, .T. ) ;
#4 = EDGE_LOOP ( 'NONE', ( #797, #1433, #1245, #840 ) ) ;
#5 = DIRECTION ( 'NONE',  ( 0.000000000000000000, -1.000000000000000000, 0.000000000000000000 ) ) ;
#6 = EDGE_CURVE ( 'NONE', #480, #1351, #632, .T. ) ;
#7 = EDGE_LOOP ( 'NONE', ( #1468, #890 ) ) ;
#8 = DIRECTION ( 'NONE',  ( 0.000000000000000000, 1.000000000000000000, 0.000000000000000000 ) ) ;
#9 = AXIS2_PLACEMENT_3D ( 'NONE', #1437, #1094, #624 ) ;
#10 = VECTOR ( 'NONE', #1427, 1000.000000000000000 ) ;
#11 = AXIS2_PLACEMENT_3D ( 'NONE', #830, #243, #497 ) ;
#12 = VECTOR ( 'NONE', #986, 1000.000000000000000 ) ;
#13 = ORIENTED_EDGE ( 'NONE', *, *, #100, .F. ) ;
#14 = CARTESIAN_POINT ( 'NONE',  ( 20.00000000000000000, -11.00000000000000178, 0.000000000000000000 ) ) ;
#15 = ADVANCED_FACE ( 'NONE', ( #24, #1411 ), #1171, .T. ) ;
#16 = DIRECTION ( 'NONE',  ( 0.000000000000000000, 0.000000000000000000, -1.000000000000000000 ) ) ;
#17 = ORIENTED_EDGE ( 'NONE', *, *, #968, .T. ) ;
#18 = DIRECTION ( 'NONE',  ( -1.000000000000000000, 0.000000000000000000, 0.000000000000000000 ) ) ;
#19 = CARTESIAN_POINT ( 'NONE',  ( -29.50000000000000355, -5.000000000000000888, 8.249999999999998224 ) ) ;
#20 = FACE_BOUND ( 'NONE', #1108, .T. ) ;
#21 = CARTESIAN_POINT ( 'NONE',  ( -32.00000000000000000, -15.00000000000000178, -6.999999999999976907 ) ) ;
#22 = ORIENTED_EDGE ( 'NONE', *, *, #671, .T. ) ;
#23 = CARTESIAN_POINT ( 'NONE',  ( -19.99999999999999645, -91.35202996254025720, -8.673617379884035472E-16 ) ) ;
#24 = FACE_OUTER_BOUND ( 'NONE', #523, .T. ) ;
#25 = FACE_OUTER_BOUND ( 'NONE', #595, .T. ) ;
#26 = DIRECTION ( 'NONE',  ( -0.000000000000000000, 1.000000000000000000, -0.000000000000000000 ) ) ;
#27 = ORIENTED_EDGE ( 'NONE', *, *, #434, .F. ) ;
#28 = ADVANCED_FACE ( 'NONE', ( #587 ), #1189, .F. ) ;
#29 = CYLINDRICAL_SURFACE ( 'NONE', #11, 1.250000000000001110 ) ;
#30 = EDGE_LOOP ( 'NONE', ( #290, #319, #66, #1191, #1416, #1043, #305, #240 ) ) ;
#31 = EDGE_CURVE ( 'NONE', #1491, #264, #124, .T. ) ;
#32 = AXIS2_PLACEMENT_3D ( 'NONE', #1288, #946, #715 ) ;
#33 = DIRECTION ( 'NONE',  ( 0.000000000000000000, 0.000000000000000000, 1.000000000000000000 ) ) ;
#34 = VECTOR ( 'NONE', #1377, 1000.000000000000000 ) ;
#35 = CARTESIAN_POINT ( 'NONE',  ( 29.50000000000000355, -3.000000000000000000, -10.75000000000000000 ) ) ;
#36 = ADVANCED_FACE ( 'NONE', ( #956 ), #615, .F. ) ;
#37 = ORIENTED_EDGE ( 'NONE', *, *, #990, .T. ) ;
#38 = CIRCLE ( 'NONE', #1187, 1.250000000000001110 ) ;
#39 = DIRECTION ( 'NONE',  ( 0.000000000000000000, 0.000000000000000000, 1.000000000000000000 ) ) ;
#40 = ORIENTED_EDGE ( 'NONE', *, *, #475, .T. ) ;
#41 = DIRECTION ( 'NONE',  ( 0.000000000000000000, 1.000000000000000000, 0.000000000000000000 ) ) ;
#42 = LINE ( 'NONE', #957, #393 ) ;
#43 = VERTEX_POINT ( 'NONE', #727 ) ;
#44 = DIRECTION ( 'NONE',  ( 0.000000000000000000, 1.000000000000000000, 0.000000000000000000 ) ) ;
#45 = PLANE ( 'NONE',  #700 ) ;
#46 = VERTEX_POINT ( 'NONE', #703 ) ;
#47 = EDGE_CURVE ( 'NONE', #1, #954, #1165, .T. ) ;
#48 = LINE ( 'NONE', #927, #147 ) ;
#49 = PRESENTATION_STYLE_ASSIGNMENT (( #1105 ) ) ;
#50 = VERTEX_POINT ( 'NONE', #134 ) ;
#51 = EDGE_CURVE ( 'NONE', #315, #834, #717, .T. ) ;
#52 = DIRECTION ( 'NONE',  ( 0.000000000000000000, 0.000000000000000000, 1.000000000000000000 ) ) ;
#53 = DIRECTION ( 'NONE',  ( -1.000000000000000000, 0.000000000000000000, 3.605555036969175364E-15 ) ) ;
#54 = ORIENTED_EDGE ( 'NONE', *, *, #272, .T. ) ;
#55 = CYLINDRICAL_SURFACE ( 'NONE', #181, 9.899494936611668905 ) ;
#56 = CARTESIAN_POINT ( 'NONE',  ( 28.05662432702594344, -5.000000000000000888, 6.999999999999992006 ) ) ;
#57 = CARTESIAN_POINT ( 'NONE',  ( 20.00000000000000000, -11.00000000000000178, -2.249999999999999112 ) ) ;
#58 = AXIS2_PLACEMENT_3D ( 'NONE', #76, #737, #69 ) ;
#59 = AXIS2_PLACEMENT_3D ( 'NONE', #313, #294, #178 ) ;
#60 = CARTESIAN_POINT ( 'NONE',  ( -3.193901422145459711E-15, -11.00000000000000178, 2.250000000000004885 ) ) ;
#61 = ORIENTED_EDGE ( 'NONE', *, *, #1260, .T. ) ;
#62 = DIRECTION ( 'NONE',  ( -0.5000000000000062172, 0.000000000000000000, -0.8660254037844349329 ) ) ;
#63 = AXIS2_PLACEMENT_3D ( 'NONE', #184, #1340, #81 ) ;
#64 = CARTESIAN_POINT ( 'NONE',  ( -24.07355715851501543, -5.000000000000000888, -13.89887470582044671 ) ) ;
#65 = AXIS2_PLACEMENT_3D ( 'NONE', #1448, #1219, #854 ) ;
#66 = ORIENTED_EDGE ( 'NONE', *, *, #968, .F. ) ;
#67 = FACE_OUTER_BOUND ( 'NONE', #138, .T. ) ;
#68 = DIRECTION ( 'NONE',  ( -0.000000000000000000, -1.000000000000000000, -0.000000000000000000 ) ) ;
#69 = DIRECTION ( 'NONE',  ( 0.000000000000000000, 0.000000000000000000, -1.000000000000000000 ) ) ;
#70 = DIRECTION ( 'NONE',  ( -0.000000000000000000, -1.000000000000000000, -0.000000000000000000 ) ) ;
#71 = VERTEX_POINT ( 'NONE', #494 ) ;
#72 = CARTESIAN_POINT ( 'NONE',  ( -2.257108473223923835E-15, -11.00000000000000178, -9.899494936611661799 ) ) ;
#73 = ORIENTED_EDGE ( 'NONE', *, *, #342, .F. ) ;
#74 = DIRECTION ( 'NONE',  ( 0.000000000000000000, 0.000000000000000000, 1.000000000000000000 ) ) ;
#75 = FACE_OUTER_BOUND ( 'NONE', #952, .T. ) ;
#76 = CARTESIAN_POINT ( 'NONE',  ( -29.50000000000000355, -3.000000000000000000, -9.500000000000000000 ) ) ;
#77 = VERTEX_POINT ( 'NONE', #19 ) ;
#78 = LINE ( 'NONE', #536, #1066 ) ;
#79 = ORIENTED_EDGE ( 'NONE', *, *, #846, .F. ) ;
#80 = ADVANCED_FACE ( 'NONE', ( #1177, #260 ), #709, .T. ) ;
#81 = DIRECTION ( 'NONE',  ( 0.000000000000000000, 0.000000000000000000, 1.000000000000000000 ) ) ;
#82 = EDGE_CURVE ( 'NONE', #686, #1351, #1157, .T. ) ;
#83 = EDGE_CURVE ( 'NONE', #309, #1149, #1457, .T. ) ;
#84 = CARTESIAN_POINT ( 'NONE',  ( 0.000000000000000000, -5.000000000000000888, 0.000000000000000000 ) ) ;
#85 = PLANE ( 'NONE',  #59 ) ;
#86 = VERTEX_POINT ( 'NONE', #1304 ) ;
#87 = AXIS2_PLACEMENT_3D ( 'NONE', #1190, #934, #1397 ) ;
#88 = ORIENTED_EDGE ( 'NONE', *, *, #119, .T. ) ;
#89 = VECTOR ( 'NONE', #602, 1000.000000000000000 ) ;
#90 = AXIS2_PLACEMENT_3D ( 'NONE', #1420, #1327, #612 ) ;
#91 = DIRECTION ( 'NONE',  ( -0.4999999999999989453, 0.000000000000000000, -0.8660254037844392627 ) ) ;
#92 = CIRCLE ( 'NONE', #1311, 2.249999999999999112 ) ;
#93 = DIRECTION ( 'NONE',  ( -0.000000000000000000, 1.000000000000000000, -0.000000000000000000 ) ) ;
#94 = EDGE_LOOP ( 'NONE', ( #1414, #1153, #1400, #805 ) ) ;
#95 = EDGE_LOOP ( 'NONE', ( #659, #788, #1049, #760, #37, #1248, #428, #829, #374, #183, #390, #219, #1292, #716, #453, #1106 ) ) ;
#96 = CARTESIAN_POINT ( 'NONE',  ( -26.61324865405186202, -15.00000000000000178, 9.500000000000023093 ) ) ;
#97 = LINE ( 'NONE', #1131, #1336 ) ;
#98 = PRODUCT_RELATED_PRODUCT_CATEGORY ( 'part', '', ( #1089 ) ) ;
#99 = EDGE_LOOP ( 'NONE', ( #352, #503 ) ) ;
#100 = EDGE_CURVE ( 'NONE', #309, #489, #1417, .T. ) ;
#101 = ORIENTED_EDGE ( 'NONE', *, *, #440, .F. ) ;
#102 = DIRECTION ( 'NONE',  ( 1.000000000000000000, 0.000000000000000000, -3.605555036969175364E-15 ) ) ;
#103 = DIRECTION ( 'NONE',  ( 0.000000000000000000, 1.000000000000000000, 0.000000000000000000 ) ) ;
#104 = EDGE_LOOP ( 'NONE', ( #674, #965, #512, #398 ) ) ;
#105 = ORIENTED_EDGE ( 'NONE', *, *, #239, .T. ) ;
#106 = VECTOR ( 'NONE', #1126, 999.9999999999998863 ) ;
#107 = CYLINDRICAL_SURFACE ( 'NONE', #126, 1.250000000000001110 ) ;
#108 = CIRCLE ( 'NONE', #330, 1.250000000000001110 ) ;
#109 = AXIS2_PLACEMENT_3D ( 'NONE', #464, #920, #690 ) ;
#110 = ORIENTED_EDGE ( 'NONE', *, *, #711, .F. ) ;
#111 = CARTESIAN_POINT ( 'NONE',  ( -24.07355715851501543, -5.000000000000000888, 13.89887470582044671 ) ) ;
#112 = VERTEX_POINT ( 'NONE', #363 ) ;
#113 = CARTESIAN_POINT ( 'NONE',  ( 28.05662432702594344, -5.000000000000000888, -6.999999999999992006 ) ) ;
#114 = EDGE_CURVE ( 'NONE', #463, #164, #159, .T. ) ;
#115 = VERTEX_POINT ( 'NONE', #1074 ) ;
#116 = CARTESIAN_POINT ( 'NONE',  ( -29.50000000000000355, -91.35202996254025720, -9.500000000000000000 ) ) ;
#117 = EDGE_LOOP ( 'NONE', ( #1199, #647 ) ) ;
#118 = DIRECTION ( 'NONE',  ( 0.000000000000000000, 0.000000000000000000, 1.000000000000000000 ) ) ;
#119 = EDGE_CURVE ( 'NONE', #1227, #1455, #48, .T. ) ;
#120 = VERTEX_POINT ( 'NONE', #694 ) ;
#121 = FACE_BOUND ( 'NONE', #242, .T. ) ;
#122 = ORIENTED_EDGE ( 'NONE', *, *, #306, .T. ) ;
#123 = DIRECTION ( 'NONE',  ( -1.000000000000000000, 0.000000000000000000, 3.605555036969175364E-15 ) ) ;
#124 = CIRCLE ( 'NONE', #1059, 2.250000000000000000 ) ;
#125 = AXIS2_PLACEMENT_3D ( 'NONE', #473, #1404, #16 ) ;
#126 = AXIS2_PLACEMENT_3D ( 'NONE', #910, #662, #118 ) ;
#127 = AXIS2_PLACEMENT_3D ( 'NONE', #559, #1019, #906 ) ;
#128 = FACE_BOUND ( 'NONE', #1489, .T. ) ;
#129 = CARTESIAN_POINT ( 'NONE',  ( 28.05662432702593279, -5.000000000000000888, 12.00000000000000355 ) ) ;
#130 = APPLICATION_CONTEXT ( 'automotive_design' ) ;
#131 = LINE ( 'NONE', #267, #205 ) ;
#132 = EDGE_LOOP ( 'NONE', ( #452, #418, #997, #366 ) ) ;
#133 = CARTESIAN_POINT ( 'NONE',  ( 29.50000000000000355, -5.000000000000000888, 9.500000000000000000 ) ) ;
#134 = CARTESIAN_POINT ( 'NONE',  ( -3.469446951953614189E-15, -3.000000000000000000, 9.899494936611672458 ) ) ;
#135 = EDGE_CURVE ( 'NONE', #216, #1371, #1052, .T. ) ;
#136 = DIRECTION ( 'NONE',  ( 0.000000000000000000, 0.000000000000000000, -1.000000000000000000 ) ) ;
#137 = DIRECTION ( 'NONE',  ( -0.000000000000000000, 1.000000000000000000, -0.000000000000000000 ) ) ;
#138 = EDGE_LOOP ( 'NONE', ( #677, #1344, #40, #908 ) ) ;
#139 = ADVANCED_FACE ( 'NONE', ( #1282, #128 ), #477, .T. ) ;
#140 = CARTESIAN_POINT ( 'NONE',  ( -28.05662432702593279, -15.00000000000000178, 12.00000000000000355 ) ) ;
#141 = ORIENTED_EDGE ( 'NONE', *, *, #251, .T. ) ;
#142 = CARTESIAN_POINT ( 'NONE',  ( -28.05662432702593279, -5.000000000000000888, -12.00000000000000355 ) ) ;
#143 = DIRECTION ( 'NONE',  ( 0.8660254037844392627, -0.000000000000000000, 0.4999999999999988898 ) ) ;
#144 = ORIENTED_EDGE ( 'NONE', *, *, #894, .T. ) ;
#145 = CARTESIAN_POINT ( 'NONE',  ( -26.61324865405186202, -5.000000000000000888, -9.500000000000023093 ) ) ;
#146 = ORIENTED_EDGE ( 'NONE', *, *, #926, .F. ) ;
#147 = VECTOR ( 'NONE', #356, 1000.000000000000000 ) ;
#148 = VECTOR ( 'NONE', #246, 1000.000000000000000 ) ;
#149 = DIRECTION ( 'NONE',  ( 0.000000000000000000, 1.000000000000000000, 0.000000000000000000 ) ) ;
#150 = VECTOR ( 'NONE', #770, 1000.000000000000000 ) ;
#151 = CARTESIAN_POINT ( 'NONE',  ( 15.84631582256259819, -5.000000000000000888, 9.148874705820496445 ) ) ;
#152 = ORIENTED_EDGE ( 'NONE', *, *, #1033, .F. ) ;
#153 = AXIS2_PLACEMENT_3D ( 'NONE', #744, #762, #867 ) ;
#154 = FACE_OUTER_BOUND ( 'NONE', #1018, .T. ) ;
#155 = CARTESIAN_POINT ( 'NONE',  ( -19.99999999999999645, -91.35202996254025720, -8.673617379884035472E-16 ) ) ;
#156 = ORIENTED_EDGE ( 'NONE', *, *, #894, .F. ) ;
#157 = EDGE_CURVE ( 'NONE', #71, #1024, #1216, .T. ) ;
#158 = EDGE_CURVE ( 'NONE', #614, #548, #443, .T. ) ;
#159 = LINE ( 'NONE', #592, #1235 ) ;
#160 = DIRECTION ( 'NONE',  ( -0.000000000000000000, -1.000000000000000000, -0.000000000000000000 ) ) ;
#161 = ORIENTED_EDGE ( 'NONE', *, *, #114, .F. ) ;
#162 = DIRECTION ( 'NONE',  ( 0.000000000000000000, -0.000000000000000000, 1.000000000000000000 ) ) ;
#163 = DIRECTION ( 'NONE',  ( -0.8660254037844350439, 0.000000000000000000, -0.5000000000000063283 ) ) ;
#164 = VERTEX_POINT ( 'NONE', #421 ) ;
#165 = PLANE ( 'NONE',  #232 ) ;
#166 = CARTESIAN_POINT ( 'NONE',  ( -3.469446951953614189E-15, -3.000000000000000000, 5.204170427930421283E-15 ) ) ;
#167 = DIRECTION ( 'NONE',  ( 0.000000000000000000, 1.000000000000000000, 0.000000000000000000 ) ) ;
#168 = EDGE_CURVE ( 'NONE', #77, #1300, #175, .T. ) ;
#169 = EDGE_LOOP ( 'NONE', ( #146, #329 ) ) ;
#170 = CARTESIAN_POINT ( 'NONE',  ( -2.523888525878383549E-14, -15.00000000000000178, -6.999999999999890754 ) ) ;
#171 = LINE ( 'NONE', #969, #902 ) ;
#172 = ORIENTED_EDGE ( 'NONE', *, *, #524, .T. ) ;
#173 = CARTESIAN_POINT ( 'NONE',  ( -29.50000000000000355, -3.000000000000000000, 9.500000000000000000 ) ) ;
#174 = DIRECTION ( 'NONE',  ( 0.000000000000000000, 0.000000000000000000, 1.000000000000000000 ) ) ;
#175 = LINE ( 'NONE', #868, #998 ) ;
#176 = VECTOR ( 'NONE', #1464, 1000.000000000000000 ) ;
#177 = AXIS2_PLACEMENT_3D ( 'NONE', #705, #137, #833 ) ;
#178 = DIRECTION ( 'NONE',  ( -0.000000000000000000, 0.000000000000000000, 1.000000000000000000 ) ) ;
#179 = ORIENTED_EDGE ( 'NONE', *, *, #461, .T. ) ;
#180 = PLANE ( 'NONE',  #276 ) ;
#181 = AXIS2_PLACEMENT_3D ( 'NONE', #1221, #429, #74 ) ;
#182 = VECTOR ( 'NONE', #1042, 1000.000000000000000 ) ;
#183 = ORIENTED_EDGE ( 'NONE', *, *, #670, .F. ) ;
#184 = CARTESIAN_POINT ( 'NONE',  ( -3.469446951953614189E-15, -11.00000000000000178, 5.204170427930421283E-15 ) ) ;
#185 = FACE_OUTER_BOUND ( 'NONE', #30, .T. ) ;
#186 = DIRECTION ( 'NONE',  ( 0.000000000000000000, 0.000000000000000000, 1.000000000000000000 ) ) ;
#187 = EDGE_CURVE ( 'NONE', #264, #1491, #561, .T. ) ;
#188 = LINE ( 'NONE', #888, #1116 ) ;
#189 = EDGE_LOOP ( 'NONE', ( #1129, #575 ) ) ;
#190 = CARTESIAN_POINT ( 'NONE',  ( -15.84631582256259819, -15.00000000000000178, 9.148874705820496445 ) ) ;
#191 = EDGE_CURVE ( 'NONE', #1455, #562, #763, .T. ) ;
#192 = EDGE_LOOP ( 'NONE', ( #1449, #1365, #749, #1055 ) ) ;
#193 = EDGE_CURVE ( 'NONE', #489, #470, #899, .T. ) ;
#194 = LINE ( 'NONE', #1203, #517 ) ;
#195 = DIRECTION ( 'NONE',  ( 0.000000000000000000, 0.000000000000000000, -1.000000000000000000 ) ) ;
#196 = ORIENTED_EDGE ( 'NONE', *, *, #1272, .F. ) ;
#197 = DIRECTION ( 'NONE',  ( -0.4999999999999988898, 0.000000000000000000, -0.8660254037844392627 ) ) ;
#198 = EDGE_LOOP ( 'NONE', ( #909, #780, #1326, #903 ) ) ;
#199 = CARTESIAN_POINT ( 'NONE',  ( -29.50000000000000355, -3.000000000000000000, 9.500000000000000000 ) ) ;
#200 = LINE ( 'NONE', #430, #751 ) ;
#201 = CARTESIAN_POINT ( 'NONE',  ( -26.61324865405186202, -5.000000000000000888, 9.500000000000023093 ) ) ;
#202 = AXIS2_PLACEMENT_3D ( 'NONE', #1445, #103, #1125 ) ;
#203 = ORIENTED_EDGE ( 'NONE', *, *, #187, .T. ) ;
#204 = APPLICATION_PROTOCOL_DEFINITION ( 'draft international standard', 'automotive_design', 1998, #130 ) ;
#205 = VECTOR ( 'NONE', #1054, 1000.000000000000000 ) ;
#206 = VERTEX_POINT ( 'NONE', #644 ) ;
#207 = AXIS2_PLACEMENT_3D ( 'NONE', #419, #282, #886 ) ;
#208 = AXIS2_PLACEMENT_3D ( 'NONE', #1098, #960, #307 ) ;
#209 = CARTESIAN_POINT ( 'NONE',  ( -32.00000000000000000, -91.35202996254025720, 12.00000000000000178 ) ) ;
#210 = UNCERTAINTY_MEASURE_WITH_UNIT (LENGTH_MEASURE( 1.000000000000000082E-05 ), #789, 'distance_accuracy_value', 'NONE');
#211 = EDGE_CURVE ( 'NONE', #1428, #1270, #285, .T. ) ;
#212 = DIRECTION ( 'NONE',  ( -0.000000000000000000, 1.000000000000000000, -0.000000000000000000 ) ) ;
#213 = ADVANCED_FACE ( 'NONE', ( #878 ), #1324, .F. ) ;
#214 = LINE ( 'NONE', #664, #106 ) ;
#215 =( NAMED_UNIT ( * ) PLANE_ANGLE_UNIT ( ) SI_UNIT ( $, .RADIAN. ) );
#216 = VERTEX_POINT ( 'NONE', #851 ) ;
#217 = CARTESIAN_POINT ( 'NONE',  ( -32.00000000000000000, -5.000000000000000888, 6.999999999999976907 ) ) ;
#218 = CARTESIAN_POINT ( 'NONE',  ( -19.99999999999999645, -3.000000000000000000, -9.899494936611668905 ) ) ;
#219 = ORIENTED_EDGE ( 'NONE', *, *, #876, .T. ) ;
#220 =( NAMED_UNIT ( * ) SI_UNIT ( $, .STERADIAN. ) SOLID_ANGLE_UNIT ( ) );
#221 = ORIENTED_EDGE ( 'NONE', *, *, #1034, .T. ) ;
#222 = DIRECTION ( 'NONE',  ( -0.000000000000000000, 1.000000000000000000, -0.000000000000000000 ) ) ;
#223 = CYLINDRICAL_SURFACE ( 'NONE', #945, 2.249999999999999112 ) ;
#224 = ORIENTED_EDGE ( 'NONE', *, *, #604, .F. ) ;
#225 = ADVANCED_FACE ( 'NONE', ( #507 ), #1197, .F. ) ;
#226 = DIRECTION ( 'NONE',  ( 1.000000000000000000, 0.000000000000000000, 0.000000000000000000 ) ) ;
#227 = VERTEX_POINT ( 'NONE', #1342 ) ;
#228 = AXIS2_PLACEMENT_3D ( 'NONE', #950, #1275, #33 ) ;
#229 = EDGE_CURVE ( 'NONE', #1061, #836, #317, .T. ) ;
#230 = DIRECTION ( 'NONE',  ( 0.000000000000000000, 0.000000000000000000, 1.000000000000000000 ) ) ;
#231 =( GEOMETRIC_REPRESENTATION_CONTEXT ( 3 ) GLOBAL_UNCERTAINTY_ASSIGNED_CONTEXT ( ( #1474 ) ) GLOBAL_UNIT_ASSIGNED_CONTEXT ( ( #746, #534, #318 ) ) REPRESENTATION_CONTEXT ( 'NONE', 'WORKASPACE' ) );
#232 = AXIS2_PLACEMENT_3D ( 'NONE', #454, #1032, #791 ) ;
#233 = AXIS2_PLACEMENT_3D ( 'NONE', #1215, #1103, #991 ) ;
#234 = VERTEX_POINT ( 'NONE', #887 ) ;
#235 = LINE ( 'NONE', #593, #547 ) ;
#236 = EDGE_CURVE ( 'NONE', #919, #836, #312, .T. ) ;
#237 = ORIENTED_EDGE ( 'NONE', *, *, #83, .F. ) ;
#238 = CARTESIAN_POINT ( 'NONE',  ( 32.00000000000000000, -5.000000000000000888, 0.000000000000000000 ) ) ;
#239 = EDGE_CURVE ( 'NONE', #1181, #112, #200, .T. ) ;
#240 = ORIENTED_EDGE ( 'NONE', *, *, #229, .T. ) ;
#241 = CARTESIAN_POINT ( 'NONE',  ( 24.07355715851501543, -5.000000000000000888, 13.89887470582044671 ) ) ;
#242 = EDGE_LOOP ( 'NONE', ( #844, #1168 ) ) ;
#243 = DIRECTION ( 'NONE',  ( -0.000000000000000000, 1.000000000000000000, -0.000000000000000000 ) ) ;
#244 = DIRECTION ( 'NONE',  ( 0.000000000000000000, 0.000000000000000000, 1.000000000000000000 ) ) ;
#245 = DIRECTION ( 'NONE',  ( 0.000000000000000000, 0.000000000000000000, 1.000000000000000000 ) ) ;
#246 = DIRECTION ( 'NONE',  ( -0.000000000000000000, 1.000000000000000000, -0.000000000000000000 ) ) ;
#247 = EDGE_LOOP ( 'NONE', ( #889, #1133, #885, #680, #958, #569, #401, #1218 ) ) ;
#248 = CARTESIAN_POINT ( 'NONE',  ( -28.05662432702593279, -5.000000000000000888, 12.00000000000000355 ) ) ;
#249 = PRODUCT_DEFINITION_SHAPE ( 'NONE', 'NONE',  #1009 ) ;
#250 = AXIS2_PLACEMENT_3D ( 'NONE', #488, #821, #1184 ) ;
#251 = EDGE_CURVE ( 'NONE', #463, #259, #518, .T. ) ;
#252 = AXIS2_PLACEMENT_3D ( 'NONE', #263, #8, #355 ) ;
#253 = CARTESIAN_POINT ( 'NONE',  ( 0.000000000000000000, -13.00000000000000178, 0.000000000000000000 ) ) ;
#254 = FACE_BOUND ( 'NONE', #823, .T. ) ;
#255 = EDGE_CURVE ( 'NONE', #948, #447, #301, .T. ) ;
#256 = CARTESIAN_POINT ( 'NONE',  ( -19.99999999999999645, -11.00000000000000178, -8.673617379884035472E-16 ) ) ;
#257 = ORIENTED_EDGE ( 'NONE', *, *, #1127, .F. ) ;
#258 = CARTESIAN_POINT ( 'NONE',  ( -32.00000000000000000, -5.000000000000000888, 12.00000000000000178 ) ) ;
#259 = VERTEX_POINT ( 'NONE', #1424 ) ;
#260 = FACE_BOUND ( 'NONE', #1070, .T. ) ;
#261 = CARTESIAN_POINT ( 'NONE',  ( 29.50000000000000355, -3.000000000000000000, 9.500000000000000000 ) ) ;
#262 = EDGE_LOOP ( 'NONE', ( #110, #237, #1186, #376 ) ) ;
#263 = CARTESIAN_POINT ( 'NONE',  ( 20.00000000000000000, -11.00000000000000178, 0.000000000000000000 ) ) ;
#264 = VERTEX_POINT ( 'NONE', #395 ) ;
#265 = DIRECTION ( 'NONE',  ( -0.000000000000000000, -1.000000000000000000, -0.000000000000000000 ) ) ;
#266 = EDGE_CURVE ( 'NONE', #487, #1065, #302, .T. ) ;
#267 = CARTESIAN_POINT ( 'NONE',  ( 32.00000000000000711, -3.000000000000000000, 0.000000000000000000 ) ) ;
#268 = ORIENTED_EDGE ( 'NONE', *, *, #211, .T. ) ;
#269 = LINE ( 'NONE', #170, #1485 ) ;
#270 = DIRECTION ( 'NONE',  ( 0.4999999999999989453, 0.000000000000000000, 0.8660254037844392627 ) ) ;
#271 = ORIENTED_EDGE ( 'NONE', *, *, #764, .T. ) ;
#272 = EDGE_CURVE ( 'NONE', #354, #1372, #917, .T. ) ;
#273 = VECTOR ( 'NONE', #18, 1000.000000000000000 ) ;
#274 = VECTOR ( 'NONE', #476, 1000.000000000000000 ) ;
#275 = DIRECTION ( 'NONE',  ( -0.000000000000000000, 1.000000000000000000, -0.000000000000000000 ) ) ;
#276 = AXIS2_PLACEMENT_3D ( 'NONE', #387, #884, #1318 ) ;
#277 = CARTESIAN_POINT ( 'NONE',  ( 28.05662432702593279, -5.000000000000000888, 12.00000000000000355 ) ) ;
#278 = ORIENTED_EDGE ( 'NONE', *, *, #1067, .T. ) ;
#279 = CARTESIAN_POINT ( 'NONE',  ( -3.469446951953614189E-15, -11.00000000000000178, 5.204170427930421283E-15 ) ) ;
#280 = CARTESIAN_POINT ( 'NONE',  ( -29.50000000000000355, -5.000000000000000888, 10.75000000000000000 ) ) ;
#281 = VERTEX_POINT ( 'NONE', #57 ) ;
#282 = DIRECTION ( 'NONE',  ( 0.000000000000000000, 1.000000000000000000, 0.000000000000000000 ) ) ;
#283 = EDGE_CURVE ( 'NONE', #1351, #480, #842, .T. ) ;
#284 = PLANE ( 'NONE',  #755 ) ;
#285 = LINE ( 'NONE', #984, #721 ) ;
#286 = LINE ( 'NONE', #738, #1022 ) ;
#287 = ORIENTED_EDGE ( 'NONE', *, *, #1323, .F. ) ;
#288 = CARTESIAN_POINT ( 'NONE',  ( 28.05662432702593279, -15.00000000000000178, 12.00000000000000355 ) ) ;
#289 = DIRECTION ( 'NONE',  ( 0.000000000000000000, -1.000000000000000000, 0.000000000000000000 ) ) ;
#290 = ORIENTED_EDGE ( 'NONE', *, *, #236, .F. ) ;
#291 = CARTESIAN_POINT ( 'NONE',  ( -28.05662432702593279, -15.00000000000000178, -12.00000000000000000 ) ) ;
#292 = DIRECTION ( 'NONE',  ( -0.5000000000000063283, 0.000000000000000000, 0.8660254037844350439 ) ) ;
#293 = CARTESIAN_POINT ( 'NONE',  ( 32.00000000000000711, -15.00000000000000178, 12.00000000000000178 ) ) ;
#294 = DIRECTION ( 'NONE',  ( 0.000000000000000000, -1.000000000000000000, 0.000000000000000000 ) ) ;
#295 = ORIENTED_EDGE ( 'NONE', *, *, #1012, .F. ) ;
#296 = PLANE ( 'NONE',  #660 ) ;
#297 = EDGE_LOOP ( 'NONE', ( #61, #1243, #1194, #813 ) ) ;
#298 = DIRECTION ( 'NONE',  ( 0.000000000000000000, 0.000000000000000000, -1.000000000000000000 ) ) ;
#299 = CARTESIAN_POINT ( 'NONE',  ( -15.84631582256259819, -15.00000000000000178, -9.148874705820496445 ) ) ;
#300 = EDGE_CURVE ( 'NONE', #1061, #1181, #97, .T. ) ;
#301 = LINE ( 'NONE', #636, #582 ) ;
#302 = CIRCLE ( 'NONE', #1135, 2.249999999999999112 ) ;
#303 = EDGE_CURVE ( 'NONE', #409, #43, #792, .T. ) ;
#304 = VECTOR ( 'NONE', #424, 1000.000000000000000 ) ;
#305 = ORIENTED_EDGE ( 'NONE', *, *, #1035, .T. ) ;
#306 = EDGE_CURVE ( 'NONE', #470, #489, #875, .T. ) ;
#307 = DIRECTION ( 'NONE',  ( 0.000000000000000000, 0.000000000000000000, -1.000000000000000000 ) ) ;
#308 = CIRCLE ( 'NONE', #491, 1.250000000000001110 ) ;
#309 = VERTEX_POINT ( 'NONE', #560 ) ;
#310 = DIRECTION ( 'NONE',  ( 0.000000000000000000, 0.000000000000000000, -1.000000000000000000 ) ) ;
#311 = CARTESIAN_POINT ( 'NONE',  ( 32.00000000000000711, -91.35202996254025720, 0.000000000000000000 ) ) ;
#312 = LINE ( 'NONE', #293, #1401 ) ;
#313 = CARTESIAN_POINT ( 'NONE',  ( 0.000000000000000000, -5.000000000000000888, 0.000000000000000000 ) ) ;
#314 = ORIENTED_EDGE ( 'NONE', *, *, #988, .T. ) ;
#315 = VERTEX_POINT ( 'NONE', #1251 ) ;
#316 = LINE ( 'NONE', #525, #1160 ) ;
#317 = LINE ( 'NONE', #1230, #176 ) ;
#318 =( NAMED_UNIT ( * ) SI_UNIT ( $, .STERADIAN. ) SOLID_ANGLE_UNIT ( ) );
#319 = ORIENTED_EDGE ( 'NONE', *, *, #759, .F. ) ;
#320 = FACE_OUTER_BOUND ( 'NONE', #95, .T. ) ;
#321 = EDGE_CURVE ( 'NONE', #652, #1170, #663, .T. ) ;
#322 = ORIENTED_EDGE ( 'NONE', *, *, #431, .T. ) ;
#323 = DIRECTION ( 'NONE',  ( 0.000000000000000000, 0.000000000000000000, -1.000000000000000000 ) ) ;
#324 = ADVANCED_FACE ( 'NONE', ( #1362 ), #223, .F. ) ;
#325 = DIRECTION ( 'NONE',  ( -0.4999999999999989453, 0.000000000000000000, -0.8660254037844392627 ) ) ;
#326 = VECTOR ( 'NONE', #275, 1000.000000000000000 ) ;
#327 = CARTESIAN_POINT ( 'NONE',  ( -28.05662432702593279, -5.000000000000000888, -12.00000000000000355 ) ) ;
#328 = FACE_OUTER_BOUND ( 'NONE', #198, .T. ) ;
#329 = ORIENTED_EDGE ( 'NONE', *, *, #1409, .F. ) ;
#330 = AXIS2_PLACEMENT_3D ( 'NONE', #133, #937, #1441 ) ;
#331 = AXIS2_PLACEMENT_3D ( 'NONE', #928, #816, #1152 ) ;
#332 = CYLINDRICAL_SURFACE ( 'NONE', #701, 9.899494936611668905 ) ;
#333 = DIRECTION ( 'NONE',  ( 0.000000000000000000, 0.000000000000000000, 1.000000000000000000 ) ) ;
#334 = ORIENTED_EDGE ( 'NONE', *, *, #360, .F. ) ;
#335 = DIRECTION ( 'NONE',  ( 0.000000000000000000, 0.000000000000000000, 1.000000000000000000 ) ) ;
#336 = ORIENTED_EDGE ( 'NONE', *, *, #1146, .T. ) ;
#337 = DIRECTION ( 'NONE',  ( -0.000000000000000000, -1.000000000000000000, -0.000000000000000000 ) ) ;
#338 = CYLINDRICAL_SURFACE ( 'NONE', #563, 1.250000000000001110 ) ;
#339 = ORIENTED_EDGE ( 'NONE', *, *, #272, .F. ) ;
#340 = ORIENTED_EDGE ( 'NONE', *, *, #1239, .T. ) ;
#341 = CARTESIAN_POINT ( 'NONE',  ( 32.00000000000000711, -91.35202996254025720, -11.99999999999999822 ) ) ;
#342 = EDGE_CURVE ( 'NONE', #1392, #672, #786, .T. ) ;
#343 = ADVANCED_FACE ( 'NONE', ( #1008 ), #338, .F. ) ;
#344 = ORIENTED_EDGE ( 'NONE', *, *, #346, .T. ) ;
#345 = FACE_OUTER_BOUND ( 'NONE', #4, .T. ) ;
#346 = EDGE_CURVE ( 'NONE', #548, #614, #1482, .T. ) ;
#347 = ORIENTED_EDGE ( 'NONE', *, *, #936, .T. ) ;
#348 = AXIS2_PLACEMENT_3D ( 'NONE', #256, #479, #1161 ) ;
#349 = CARTESIAN_POINT ( 'NONE',  ( -29.50000000000000355, -5.000000000000000888, 9.500000000000000000 ) ) ;
#350 = VECTOR ( 'NONE', #1486, 1000.000000000000000 ) ;
#351 = AXIS2_PLACEMENT_3D ( 'NONE', #653, #1030, #335 ) ;
#352 = ORIENTED_EDGE ( 'NONE', *, *, #6, .T. ) ;
#353 = CARTESIAN_POINT ( 'NONE',  ( -32.00000000000000000, -5.000000000000000888, 6.999999999999976907 ) ) ;
#354 = VERTEX_POINT ( 'NONE', #218 ) ;
#355 = DIRECTION ( 'NONE',  ( 0.000000000000000000, 0.000000000000000000, 1.000000000000000000 ) ) ;
#356 = DIRECTION ( 'NONE',  ( 0.4999999999999989453, 0.000000000000000000, 0.8660254037844392627 ) ) ;
#357 = DIRECTION ( 'NONE',  ( -1.000000000000000000, 0.000000000000000000, 0.000000000000000000 ) ) ;
#358 = FILL_AREA_STYLE_COLOUR ( '', #1156 ) ;
#359 = ORIENTED_EDGE ( 'NONE', *, *, #158, .T. ) ;
#360 = EDGE_CURVE ( 'NONE', #509, #1097, #1021, .T. ) ;
#361 = DIRECTION ( 'NONE',  ( 0.000000000000000000, 0.000000000000000000, 1.000000000000000000 ) ) ;
#362 = ADVANCED_FACE ( 'NONE', ( #451 ), #892, .T. ) ;
#363 = CARTESIAN_POINT ( 'NONE',  ( 28.05662432702594344, -15.00000000000000178, 6.999999999999992006 ) ) ;
#364 = LINE ( 'NONE', #1047, #1406 ) ;
#365 = CARTESIAN_POINT ( 'NONE',  ( -32.00000000000000000, -5.000000000000000888, 0.000000000000000000 ) ) ;
#366 = ORIENTED_EDGE ( 'NONE', *, *, #492, .T. ) ;
#367 = CYLINDRICAL_SURFACE ( 'NONE', #32, 2.249999999999999112 ) ;
#368 = ORIENTED_EDGE ( 'NONE', *, *, #769, .F. ) ;
#369 = AXIS2_PLACEMENT_3D ( 'NONE', #1058, #1403, #378 ) ;
#370 = VECTOR ( 'NONE', #1180, 1000.000000000000000 ) ;
#371 = AXIS2_PLACEMENT_3D ( 'NONE', #980, #1319, #982 ) ;
#372 = CARTESIAN_POINT ( 'NONE',  ( 0.000000000000000000, -5.000000000000000888, 0.000000000000000000 ) ) ;
#373 = LINE ( 'NONE', #379, #1305 ) ;
#374 = ORIENTED_EDGE ( 'NONE', *, *, #1260, .F. ) ;
#375 = CARTESIAN_POINT ( 'NONE',  ( 29.50000000000000355, -5.000000000000000888, 10.75000000000000000 ) ) ;
#376 = ORIENTED_EDGE ( 'NONE', *, *, #193, .T. ) ;
#377 = EDGE_CURVE ( 'NONE', #1227, #1349, #373, .T. ) ;
#378 = DIRECTION ( 'NONE',  ( -1.000000000000000000, 0.000000000000000000, 0.000000000000000000 ) ) ;
#379 = CARTESIAN_POINT ( 'NONE',  ( -28.05662432702594344, -5.000000000000000888, 6.999999999999992006 ) ) ;
#380 = ORIENTED_EDGE ( 'NONE', *, *, #135, .T. ) ;
#381 = EDGE_CURVE ( 'NONE', #895, #1334, #584, .T. ) ;
#382 = CYLINDRICAL_SURFACE ( 'NONE', #394, 9.899494936611665352 ) ;
#383 = VERTEX_POINT ( 'NONE', #1167 ) ;
#384 = CARTESIAN_POINT ( 'NONE',  ( 20.00000000000000000, -91.35202996254025720, 9.899494936611668905 ) ) ;
#385 = LINE ( 'NONE', #1069, #370 ) ;
#386 = VERTEX_POINT ( 'NONE', #277 ) ;
#387 = CARTESIAN_POINT ( 'NONE',  ( -15.84631582256259819, -5.000000000000000888, -9.148874705820496445 ) ) ;
#388 = ADVANCED_FACE ( 'NONE', ( #599 ), #1291, .F. ) ;
#389 = DIRECTION ( 'NONE',  ( -3.605555036969175364E-15, 0.000000000000000000, 1.000000000000000000 ) ) ;
#390 = ORIENTED_EDGE ( 'NONE', *, *, #936, .F. ) ;
#391 = AXIS2_PLACEMENT_3D ( 'NONE', #253, #826, #484 ) ;
#392 = DIRECTION ( 'NONE',  ( -0.000000000000000000, -1.000000000000000000, -0.000000000000000000 ) ) ;
#393 = VECTOR ( 'NONE', #502, 999.9999999999998863 ) ;
#394 = AXIS2_PLACEMENT_3D ( 'NONE', #23, #1063, #39 ) ;
#395 = CARTESIAN_POINT ( 'NONE',  ( -3.469446951953614189E-15, -13.00000000000000178, -2.249999999999994671 ) ) ;
#396 = AXIS2_PLACEMENT_3D ( 'NONE', #436, #1373, #896 ) ;
#397 = CARTESIAN_POINT ( 'NONE',  ( 0.000000000000000000, -5.000000000000000888, 12.00000000000000178 ) ) ;
#398 = ORIENTED_EDGE ( 'NONE', *, *, #1144, .T. ) ;
#399 = CARTESIAN_POINT ( 'NONE',  ( -19.99999999999999645, -3.000000000000000000, 9.899494936611665352 ) ) ;
#400 = DIRECTION ( 'NONE',  ( 1.000000000000000000, 0.000000000000000000, 0.000000000000000000 ) ) ;
#401 = ORIENTED_EDGE ( 'NONE', *, *, #809, .T. ) ;
#402 = LINE ( 'NONE', #1228, #1381 ) ;
#403 = CARTESIAN_POINT ( 'NONE',  ( 15.84631582256259819, -5.000000000000000888, -9.148874705820496445 ) ) ;
#404 = DIRECTION ( 'NONE',  ( 0.000000000000000000, 0.000000000000000000, 1.000000000000000000 ) ) ;
#405 = LINE ( 'NONE', #60, #901 ) ;
#406 = VERTEX_POINT ( 'NONE', #1277 ) ;
#407 = FACE_BOUND ( 'NONE', #189, .T. ) ;
#408 = FACE_OUTER_BOUND ( 'NONE', #1088, .T. ) ;
#409 = VERTEX_POINT ( 'NONE', #594 ) ;
#410 = EDGE_CURVE ( 'NONE', #895, #354, #1299, .T. ) ;
#411 = LINE ( 'NONE', #1347, #150 ) ;
#412 = LINE ( 'NONE', #299, #1119 ) ;
#413 = EDGE_CURVE ( 'NONE', #77, #773, #820, .T. ) ;
#414 = CARTESIAN_POINT ( 'NONE',  ( 20.00000000000000000, -3.000000000000000000, 0.000000000000000000 ) ) ;
#415 = LINE ( 'NONE', #638, #304 ) ;
#416 = ORIENTED_EDGE ( 'NONE', *, *, #542, .T. ) ;
#417 = LINE ( 'NONE', #529, #12 ) ;
#418 = ORIENTED_EDGE ( 'NONE', *, *, #1483, .F. ) ;
#419 = CARTESIAN_POINT ( 'NONE',  ( -3.469446951953614189E-15, -11.00000000000000178, 5.204170427930421283E-15 ) ) ;
#420 = CARTESIAN_POINT ( 'NONE',  ( -3.193901422145459711E-15, -11.00000000000000178, 2.250000000000004885 ) ) ;
#421 = CARTESIAN_POINT ( 'NONE',  ( 28.05662432702593279, -15.00000000000000178, -12.00000000000000355 ) ) ;
#422 = VECTOR ( 'NONE', #609, 1000.000000000000000 ) ;
#423 = VECTOR ( 'NONE', #325, 1000.000000000000000 ) ;
#424 = DIRECTION ( 'NONE',  ( -0.000000000000000000, 1.000000000000000000, -0.000000000000000000 ) ) ;
#425 = ORIENTED_EDGE ( 'NONE', *, *, #82, .F. ) ;
#426 = FACE_OUTER_BOUND ( 'NONE', #94, .T. ) ;
#427 = VECTOR ( 'NONE', #91, 1000.000000000000000 ) ;
#428 = ORIENTED_EDGE ( 'NONE', *, *, #3, .T. ) ;
#429 = DIRECTION ( 'NONE',  ( -0.000000000000000000, 1.000000000000000000, -0.000000000000000000 ) ) ;
#430 = CARTESIAN_POINT ( 'NONE',  ( 28.05662432702594344, -5.000000000000000888, 6.999999999999992006 ) ) ;
#431 = EDGE_CURVE ( 'NONE', #1202, #948, #1285, .T. ) ;
#432 = LINE ( 'NONE', #201, #1379 ) ;
#433 = ORIENTED_EDGE ( 'NONE', *, *, #1099, .T. ) ;
#434 = EDGE_CURVE ( 'NONE', #978, #1024, #131, .T. ) ;
#435 = ORIENTED_EDGE ( 'NONE', *, *, #1117, .T. ) ;
#436 = CARTESIAN_POINT ( 'NONE',  ( -3.469446951953614189E-15, -11.00000000000000178, 5.204170427930421283E-15 ) ) ;
#437 = CARTESIAN_POINT ( 'NONE',  ( 29.50000000000000355, -91.35202996254025720, 8.249999999999998224 ) ) ;
#438 = ORIENTED_EDGE ( 'NONE', *, *, #303, .T. ) ;
#439 = ORIENTED_EDGE ( 'NONE', *, *, #501, .T. ) ;
#440 = EDGE_CURVE ( 'NONE', #383, #1097, #1459, .T. ) ;
#441 = CARTESIAN_POINT ( 'NONE',  ( 20.00000000000000000, -91.35202996254025720, 0.000000000000000000 ) ) ;
#442 = DIRECTION ( 'NONE',  ( -1.000000000000000000, -0.000000000000000000, -0.000000000000000000 ) ) ;
#443 = CIRCLE ( 'NONE', #58, 1.250000000000001110 ) ;
#444 = ORIENTED_EDGE ( 'NONE', *, *, #283, .F. ) ;
#445 = DIRECTION ( 'NONE',  ( 0.000000000000000000, -1.000000000000000000, 0.000000000000000000 ) ) ;
#446 = CIRCLE ( 'NONE', #252, 9.899494936611668905 ) ;
#447 = VERTEX_POINT ( 'NONE', #21 ) ;
#448 = AXIS2_PLACEMENT_3D ( 'NONE', #1079, #289, #741 ) ;
#449 = VECTOR ( 'NONE', #740, 999.9999999999998863 ) ;
#450 = CARTESIAN_POINT ( 'NONE',  ( -19.99999999999999645, -91.35202996254025720, 9.899494936611665352 ) ) ;
#451 = FACE_OUTER_BOUND ( 'NONE', #641, .T. ) ;
#452 = ORIENTED_EDGE ( 'NONE', *, *, #410, .F. ) ;
#453 = ORIENTED_EDGE ( 'NONE', *, *, #1394, .T. ) ;
#454 = CARTESIAN_POINT ( 'NONE',  ( -15.84631582256259819, -5.000000000000000888, 9.148874705820496445 ) ) ;
#455 = ADVANCED_FACE ( 'NONE', ( #943 ), #486, .F. ) ;
#456 = ADVANCED_FACE ( 'NONE', ( #828 ), #712, .T. ) ;
#457 = EDGE_CURVE ( 'NONE', #115, #463, #1418, .T. ) ;
#458 = ORIENTED_EDGE ( 'NONE', *, *, #898, .T. ) ;
#459 = CYLINDRICAL_SURFACE ( 'NONE', #1462, 2.250000000000000000 ) ;
#460 = VERTEX_POINT ( 'NONE', #35 ) ;
#461 = EDGE_CURVE ( 'NONE', #234, #611, #1425, .T. ) ;
#462 = DIRECTION ( 'NONE',  ( -0.000000000000000000, 1.000000000000000000, -0.000000000000000000 ) ) ;
#463 = VERTEX_POINT ( 'NONE', #839 ) ;
#464 = CARTESIAN_POINT ( 'NONE',  ( -2.523888525878383549E-14, -5.000000000000000888, -6.999999999999890754 ) ) ;
#465 = VECTOR ( 'NONE', #500, 1000.000000000000000 ) ;
#466 = ORIENTED_EDGE ( 'NONE', *, *, #1209, .T. ) ;
#467 = FACE_OUTER_BOUND ( 'NONE', #732, .T. ) ;
#468 = VECTOR ( 'NONE', #916, 1000.000000000000000 ) ;
#469 = VECTOR ( 'NONE', #1322, 1000.000000000000000 ) ;
#470 = VERTEX_POINT ( 'NONE', #728 ) ;
#471 = EDGE_CURVE ( 'NONE', #112, #834, #385, .T. ) ;
#472 = LINE ( 'NONE', #1082, #182 ) ;
#473 = CARTESIAN_POINT ( 'NONE',  ( -3.469446951953614189E-15, -11.00000000000000178, 5.204170427930421283E-15 ) ) ;
#474 = ORIENTED_EDGE ( 'NONE', *, *, #1323, .T. ) ;
#475 = EDGE_CURVE ( 'NONE', #1371, #1, #42, .T. ) ;
#476 = DIRECTION ( 'NONE',  ( -0.000000000000000000, -1.000000000000000000, -0.000000000000000000 ) ) ;
#477 = PLANE ( 'NONE',  #817 ) ;
#478 = FACE_BOUND ( 'NONE', #1249, .T. ) ;
#479 = DIRECTION ( 'NONE',  ( 0.000000000000000000, 1.000000000000000000, 0.000000000000000000 ) ) ;
#480 = VERTEX_POINT ( 'NONE', #1306 ) ;
#481 = MANIFOLD_SOLID_BREP ( 'Mirror1', #1378 ) ;
#482 = CYLINDRICAL_SURFACE ( 'NONE', #918, 9.899494936611665352 ) ;
#483 = ORIENTED_EDGE ( 'NONE', *, *, #1298, .T. ) ;
#484 = DIRECTION ( 'NONE',  ( 0.000000000000000000, -0.000000000000000000, -1.000000000000000000 ) ) ;
#485 = CARTESIAN_POINT ( 'NONE',  ( 28.05662432702594344, -5.000000000000000888, -6.999999999999992006 ) ) ;
#486 = CYLINDRICAL_SURFACE ( 'NONE', #125, 2.250000000000000000 ) ;
#487 = VERTEX_POINT ( 'NONE', #772 ) ;
#488 = CARTESIAN_POINT ( 'NONE',  ( 0.000000000000000000, -13.00000000000000178, 0.000000000000000000 ) ) ;
#489 = VERTEX_POINT ( 'NONE', #994 ) ;
#490 = VECTOR ( 'NONE', #964, 999.9999999999998863 ) ;
#491 = AXIS2_PLACEMENT_3D ( 'NONE', #1366, #222, #323 ) ;
#492 = EDGE_CURVE ( 'NONE', #1372, #354, #1179, .T. ) ;
#493 = AXIS2_PLACEMENT_3D ( 'NONE', #311, #1451, #174 ) ;
#494 = CARTESIAN_POINT ( 'NONE',  ( 32.00000000000000000, -5.000000000000000888, 12.00000000000000178 ) ) ;
#495 = CARTESIAN_POINT ( 'NONE',  ( 29.50000000000000355, -5.000000000000000888, -9.500000000000000000 ) ) ;
#496 = EDGE_LOOP ( 'NONE', ( #334, #1026, #600, #1257 ) ) ;
#497 = DIRECTION ( 'NONE',  ( 0.000000000000000000, 0.000000000000000000, 1.000000000000000000 ) ) ;
#498 = ORIENTED_EDGE ( 'NONE', *, *, #1159, .F. ) ;
#499 = ADVANCED_FACE ( 'NONE', ( #1076 ), #1217, .F. ) ;
#500 = DIRECTION ( 'NONE',  ( -0.000000000000000000, -1.000000000000000000, -0.000000000000000000 ) ) ;
#501 = EDGE_CURVE ( 'NONE', #1472, #548, #415, .T. ) ;
#502 = DIRECTION ( 'NONE',  ( -0.5000000000000063283, 0.000000000000000000, -0.8660254037844350439 ) ) ;
#503 = ORIENTED_EDGE ( 'NONE', *, *, #283, .T. ) ;
#504 = CYLINDRICAL_SURFACE ( 'NONE', #65, 1.250000000000001110 ) ;
#505 = DIRECTION ( 'NONE',  ( -3.605555036969175364E-15, 0.000000000000000000, -1.000000000000000000 ) ) ;
#506 = ORIENTED_EDGE ( 'NONE', *, *, #1434, .T. ) ;
#507 = FACE_OUTER_BOUND ( 'NONE', #654, .T. ) ;
#508 = DIRECTION ( 'NONE',  ( -0.000000000000000000, -1.000000000000000000, -0.000000000000000000 ) ) ;
#509 = VERTEX_POINT ( 'NONE', #977 ) ;
#510 = CARTESIAN_POINT ( 'NONE',  ( -26.61324865405186202, -5.000000000000000888, 9.500000000000023093 ) ) ;
#511 = PLANE ( 'NONE',  #1284 ) ;
#512 = ORIENTED_EDGE ( 'NONE', *, *, #1272, .T. ) ;
#513 = FACE_OUTER_BOUND ( 'NONE', #1307, .T. ) ;
#514 = VECTOR ( 'NONE', #658, 1000.000000000000000 ) ;
#515 = CARTESIAN_POINT ( 'NONE',  ( 20.00000000000000000, -11.00000000000000178, -2.249999999999999112 ) ) ;
#516 = AXIS2_PLACEMENT_3D ( 'NONE', #625, #1446, #765 ) ;
#517 = VECTOR ( 'NONE', #1091, 1000.000000000000000 ) ;
#518 = LINE ( 'NONE', #1222, #942 ) ;
#519 = VECTOR ( 'NONE', #1093, 999.9999999999998863 ) ;
#520 = ORIENTED_EDGE ( 'NONE', *, *, #710, .T. ) ;
#521 = CYLINDRICAL_SURFACE ( 'NONE', #90, 1.250000000000001110 ) ;
#522 = DIRECTION ( 'NONE',  ( -0.4999999999999988898, 0.000000000000000000, 0.8660254037844392627 ) ) ;
#523 = EDGE_LOOP ( 'NONE', ( #882, #684, #88, #1289, #768 ) ) ;
#524 = EDGE_CURVE ( 'NONE', #1100, #50, #881, .T. ) ;
#525 = CARTESIAN_POINT ( 'NONE',  ( -32.00000000000000000, -15.00000000000000178, 12.00000000000000178 ) ) ;
#526 = CARTESIAN_POINT ( 'NONE',  ( -29.50000000000000355, -3.000000000000000000, 8.249999999999998224 ) ) ;
#527 = DIRECTION ( 'NONE',  ( 0.000000000000000000, 0.000000000000000000, 1.000000000000000000 ) ) ;
#528 = ORIENTED_EDGE ( 'NONE', *, *, #255, .T. ) ;
#529 = CARTESIAN_POINT ( 'NONE',  ( 29.50000000000000355, -91.35202996254025720, -10.75000000000000000 ) ) ;
#530 = ORIENTED_EDGE ( 'NONE', *, *, #673, .F. ) ;
#531 = LINE ( 'NONE', #648, #427 ) ;
#532 = LINE ( 'NONE', #515, #1163 ) ;
#533 = DIRECTION ( 'NONE',  ( -0.000000000000000000, 1.000000000000000000, -0.000000000000000000 ) ) ;
#534 =( NAMED_UNIT ( * ) PLANE_ANGLE_UNIT ( ) SI_UNIT ( $, .RADIAN. ) );
#535 = ORIENTED_EDGE ( 'NONE', *, *, #1453, .F. ) ;
#536 = CARTESIAN_POINT ( 'NONE',  ( -29.50000000000000355, -91.35202996254025720, 10.75000000000000000 ) ) ;
#537 = ADVANCED_BREP_SHAPE_REPRESENTATION ( 'baseshell_\X2\9ed88ba4\X0\', ( #481, #1242 ), #1363 ) ;
#538 = EDGE_LOOP ( 'NONE', ( #17, #783, #458, #944, #141 ) ) ;
#539 = LINE ( 'NONE', #1109, #753 ) ;
#540 = EDGE_CURVE ( 'NONE', #447, #1085, #1223, .T. ) ;
#541 = DIRECTION ( 'NONE',  ( -0.000000000000000000, 1.000000000000000000, -0.000000000000000000 ) ) ;
#542 = EDGE_CURVE ( 'NONE', #120, #1419, #861, .T. ) ;
#543 = VECTOR ( 'NONE', #123, 1000.000000000000000 ) ;
#544 = LINE ( 'NONE', #1004, #490 ) ;
#545 = ORIENTED_EDGE ( 'NONE', *, *, #1146, .F. ) ;
#546 = VECTOR ( 'NONE', #699, 1000.000000000000000 ) ;
#547 = VECTOR ( 'NONE', #1037, 1000.000000000000000 ) ;
#548 = VERTEX_POINT ( 'NONE', #651 ) ;
#549 = CARTESIAN_POINT ( 'NONE',  ( 0.000000000000000000, -5.000000000000000888, 0.000000000000000000 ) ) ;
#550 = DIRECTION ( 'NONE',  ( -1.000000000000000000, 0.000000000000000000, -3.605555036969175364E-15 ) ) ;
#551 = ORIENTED_EDGE ( 'NONE', *, *, #858, .T. ) ;
#552 = EDGE_CURVE ( 'NONE', #216, #1085, #1231, .T. ) ;
#553 = ORIENTED_EDGE ( 'NONE', *, *, #657, .F. ) ;
#554 = CARTESIAN_POINT ( 'NONE',  ( 32.00000000000000000, -3.000000000000000000, 12.00000000000000178 ) ) ;
#555 = CARTESIAN_POINT ( 'NONE',  ( -32.00000000000000000, -5.000000000000000888, 0.000000000000000000 ) ) ;
#556 = FACE_OUTER_BOUND ( 'NONE', #99, .T. ) ;
#557 = ORIENTED_EDGE ( 'NONE', *, *, #955, .T. ) ;
#558 = ORIENTED_EDGE ( 'NONE', *, *, #135, .F. ) ;
#559 = CARTESIAN_POINT ( 'NONE',  ( -19.99999999999999645, -13.00000000000000178, -8.673617379884035472E-16 ) ) ;
#560 = CARTESIAN_POINT ( 'NONE',  ( 20.00000000000000000, -11.00000000000000178, 9.899494936611668905 ) ) ;
#561 = CIRCLE ( 'NONE', #1280, 2.250000000000000000 ) ;
#562 = VERTEX_POINT ( 'NONE', #869 ) ;
#563 = AXIS2_PLACEMENT_3D ( 'NONE', #1369, #900, #333 ) ;
#564 = EDGE_CURVE ( 'NONE', #1303, #1491, #405, .T. ) ;
#565 = EDGE_LOOP ( 'NONE', ( #766, #1005, #935, #1041 ) ) ;
#566 = CIRCLE ( 'NONE', #1090, 1.250000000000001110 ) ;
#567 = LINE ( 'NONE', #450, #949 ) ;
#568 = ADVANCED_FACE ( 'NONE', ( #756, #1325 ), #85, .T. ) ;
#569 = ORIENTED_EDGE ( 'NONE', *, *, #733, .T. ) ;
#570 = CARTESIAN_POINT ( 'NONE',  ( -3.469446951953614189E-15, -11.00000000000000178, -2.249999999999994671 ) ) ;
#571 = ORIENTED_EDGE ( 'NONE', *, *, #988, .F. ) ;
#572 = LINE ( 'NONE', #238, #1064 ) ;
#573 = ORIENTED_EDGE ( 'NONE', *, *, #990, .F. ) ;
#574 = DIRECTION ( 'NONE',  ( -0.000000000000000000, 1.000000000000000000, -0.000000000000000000 ) ) ;
#575 = ORIENTED_EDGE ( 'NONE', *, *, #838, .F. ) ;
#576 = DIRECTION ( 'NONE',  ( 0.000000000000000000, 1.000000000000000000, 0.000000000000000000 ) ) ;
#577 = ORIENTED_EDGE ( 'NONE', *, *, #229, .F. ) ;
#578 = EDGE_CURVE ( 'NONE', #43, #164, #544, .T. ) ;
#579 = EDGE_LOOP ( 'NONE', ( #925, #144, #359, #1286 ) ) ;
#580 = DIRECTION ( 'NONE',  ( 0.000000000000000000, 0.000000000000000000, 1.000000000000000000 ) ) ;
#581 = EDGE_CURVE ( 'NONE', #667, #383, #188, .T. ) ;
#582 = VECTOR ( 'NONE', #976, 1000.000000000000000 ) ;
#583 = ORIENTED_EDGE ( 'NONE', *, *, #1370, .F. ) ;
#584 = CIRCLE ( 'NONE', #348, 9.899494936611665352 ) ;
#585 = LINE ( 'NONE', #1045, #274 ) ;
#586 = CIRCLE ( 'NONE', #207, 2.250000000000000000 ) ;
#587 = FACE_OUTER_BOUND ( 'NONE', #1139, .T. ) ;
#588 = CARTESIAN_POINT ( 'NONE',  ( -32.00000000000000000, -5.000000000000000888, -12.00000000000000178 ) ) ;
#589 = SURFACE_STYLE_FILL_AREA ( #812 ) ;
#590 = ORIENTED_EDGE ( 'NONE', *, *, #346, .F. ) ;
#591 = LINE ( 'NONE', #1399, #778 ) ;
#592 = CARTESIAN_POINT ( 'NONE',  ( 28.05662432702593279, -5.000000000000000888, -12.00000000000000355 ) ) ;
#593 = CARTESIAN_POINT ( 'NONE',  ( 29.50000000000000355, -91.35202996254025720, -8.249999999999998224 ) ) ;
#594 = CARTESIAN_POINT ( 'NONE',  ( 28.05662432702594344, -15.00000000000000178, -6.999999999999992006 ) ) ;
#595 = EDGE_LOOP ( 'NONE', ( #27, #981, #661, #553 ) ) ;
#596 = CARTESIAN_POINT ( 'NONE',  ( -29.50000000000000355, -5.000000000000000888, -9.500000000000000000 ) ) ;
#597 = ORIENTED_EDGE ( 'NONE', *, *, #1453, .T. ) ;
#598 = CARTESIAN_POINT ( 'NONE',  ( -3.469446951953614189E-15, -13.00000000000000178, 5.204170427930421283E-15 ) ) ;
#599 = FACE_OUTER_BOUND ( 'NONE', #747, .T. ) ;
#600 = ORIENTED_EDGE ( 'NONE', *, *, #581, .T. ) ;
#601 = EDGE_CURVE ( 'NONE', #1455, #1038, #432, .T. ) ;
#602 = DIRECTION ( 'NONE',  ( -0.000000000000000000, 1.000000000000000000, -0.000000000000000000 ) ) ;
#603 = ORIENTED_EDGE ( 'NONE', *, *, #898, .F. ) ;
#604 = EDGE_CURVE ( 'NONE', #562, #652, #1198, .T. ) ;
#605 = AXIS2_PLACEMENT_3D ( 'NONE', #1354, #143, #818 ) ;
#606 = EDGE_CURVE ( 'NONE', #115, #43, #286, .T. ) ;
#607 = AXIS2_PLACEMENT_3D ( 'NONE', #199, #873, #298 ) ;
#608 = VECTOR ( 'NONE', #1196, 1000.000000000000000 ) ;
#609 = DIRECTION ( 'NONE',  ( -0.000000000000000000, -1.000000000000000000, -0.000000000000000000 ) ) ;
#610 = DIRECTION ( 'NONE',  ( 3.605555036969175364E-15, 0.000000000000000000, -1.000000000000000000 ) ) ;
#611 = VERTEX_POINT ( 'NONE', #1128 ) ;
#612 = DIRECTION ( 'NONE',  ( 0.000000000000000000, 0.000000000000000000, 1.000000000000000000 ) ) ;
#613 = CARTESIAN_POINT ( 'NONE',  ( 0.000000000000000000, -3.000000000000000000, 12.00000000000000178 ) ) ;
#614 = VERTEX_POINT ( 'NONE', #1017 ) ;
#615 = PLANE ( 'NONE',  #391 ) ;
#616 = CARTESIAN_POINT ( 'NONE',  ( -19.99999999999999645, -91.35202996254025720, -9.899494936611668905 ) ) ;
#617 = ORIENTED_EDGE ( 'NONE', *, *, #158, .F. ) ;
#618 = CARTESIAN_POINT ( 'NONE',  ( 29.50000000000000355, -5.000000000000000888, -9.500000000000000000 ) ) ;
#619 = PLANE ( 'NONE',  #448 ) ;
#620 = EDGE_LOOP ( 'NONE', ( #1224, #1458, #172, #1317 ) ) ;
#621 = DIRECTION ( 'NONE',  ( -0.000000000000000000, 1.000000000000000000, -0.000000000000000000 ) ) ;
#622 = FACE_OUTER_BOUND ( 'NONE', #579, .T. ) ;
#623 = ADVANCED_FACE ( 'NONE', ( #556 ), #1271, .F. ) ;
#624 = DIRECTION ( 'NONE',  ( 0.000000000000000000, 0.000000000000000000, -1.000000000000000000 ) ) ;
#625 = CARTESIAN_POINT ( 'NONE',  ( 29.50000000000000355, -91.35202996254025720, -9.500000000000000000 ) ) ;
#626 = EDGE_LOOP ( 'NONE', ( #729, #1254, #122, #13 ) ) ;
#627 = ADVANCED_FACE ( 'NONE', ( #467 ), #482, .F. ) ;
#628 = CARTESIAN_POINT ( 'NONE',  ( 15.84631582256259819, -5.000000000000000888, -9.148874705820496445 ) ) ;
#629 = CARTESIAN_POINT ( 'NONE',  ( 32.00000000000000000, -15.00000000000000178, 6.999999999999976907 ) ) ;
#630 = ORIENTED_EDGE ( 'NONE', *, *, #581, .F. ) ;
#631 = LINE ( 'NONE', #655, #1118 ) ;
#632 = CIRCLE ( 'NONE', #228, 2.249999999999999112 ) ;
#633 = CARTESIAN_POINT ( 'NONE',  ( -2.257108473223923835E-15, -3.000000000000000000, -9.899494936611661799 ) ) ;
#634 = VECTOR ( 'NONE', #442, 1000.000000000000000 ) ;
#635 = AXIS2_PLACEMENT_3D ( 'NONE', #973, #1081, #761 ) ;
#636 = CARTESIAN_POINT ( 'NONE',  ( -32.00000000000000000, -5.000000000000000888, -6.999999999999976907 ) ) ;
#637 = AXIS2_PLACEMENT_3D ( 'NONE', #279, #1192, #1200 ) ;
#638 = CARTESIAN_POINT ( 'NONE',  ( -29.50000000000000355, -91.35202996254025720, -8.249999999999998224 ) ) ;
#639 = ORIENTED_EDGE ( 'NONE', *, *, #82, .T. ) ;
#640 = CARTESIAN_POINT ( 'NONE',  ( -31.99999999999999289, -3.000000000000000000, -12.00000000000000000 ) ) ;
#641 = EDGE_LOOP ( 'NONE', ( #1382, #708, #1123, #795 ) ) ;
#642 = CARTESIAN_POINT ( 'NONE',  ( 32.00000000000000711, -3.000000000000000000, -11.99999999999999822 ) ) ;
#643 = LINE ( 'NONE', #403, #519 ) ;
#644 = CARTESIAN_POINT ( 'NONE',  ( -32.00000000000000000, -15.00000000000000178, 6.999999999999999112 ) ) ;
#645 = ORIENTED_EDGE ( 'NONE', *, *, #1352, .F. ) ;
#646 = DIRECTION ( 'NONE',  ( 0.000000000000000000, 0.000000000000000000, 1.000000000000000000 ) ) ;
#647 = ORIENTED_EDGE ( 'NONE', *, *, #381, .T. ) ;
#648 = CARTESIAN_POINT ( 'NONE',  ( 24.07355715851501543, -5.000000000000000888, -13.89887470582044671 ) ) ;
#649 = ADVANCED_FACE ( 'NONE', ( #1164 ), #367, .F. ) ;
#650 = DIRECTION ( 'NONE',  ( -0.5000000000000063283, 0.000000000000000000, 0.8660254037844350439 ) ) ;
#651 = CARTESIAN_POINT ( 'NONE',  ( -29.50000000000000355, -3.000000000000000000, -8.249999999999998224 ) ) ;
#652 = VERTEX_POINT ( 'NONE', #258 ) ;
#653 = CARTESIAN_POINT ( 'NONE',  ( -19.99999999999999645, -11.00000000000000178, -8.673617379884035472E-16 ) ) ;
#654 = EDGE_LOOP ( 'NONE', ( #1029, #800, #1268, #551 ) ) ;
#655 = CARTESIAN_POINT ( 'NONE',  ( -2.523888525878383549E-14, -15.00000000000000178, 6.999999999999890754 ) ) ;
#656 = AXIS2_PLACEMENT_3D ( 'NONE', #1104, #533, #1348 ) ;
#657 = EDGE_CURVE ( 'NONE', #1024, #120, #1407, .T. ) ;
#658 = DIRECTION ( 'NONE',  ( -0.000000000000000000, 1.000000000000000000, -0.000000000000000000 ) ) ;
#659 = ORIENTED_EDGE ( 'NONE', *, *, #578, .F. ) ;
#660 = AXIS2_PLACEMENT_3D ( 'NONE', #1071, #748, #162 ) ;
#661 = ORIENTED_EDGE ( 'NONE', *, *, #542, .F. ) ;
#662 = DIRECTION ( 'NONE',  ( -0.000000000000000000, 1.000000000000000000, -0.000000000000000000 ) ) ;
#663 = LINE ( 'NONE', #555, #1183 ) ;
#664 = CARTESIAN_POINT ( 'NONE',  ( 15.84631582256259819, -15.00000000000000178, -9.148874705820496445 ) ) ;
#665 = APPLICATION_PROTOCOL_DEFINITION ( 'draft international standard', 'automotive_design', 1998, #911 ) ;
#666 = DIRECTION ( 'NONE',  ( -0.000000000000000000, -1.000000000000000000, -0.000000000000000000 ) ) ;
#667 = VERTEX_POINT ( 'NONE', #375 ) ;
#668 = FACE_OUTER_BOUND ( 'NONE', #262, .T. ) ;
#669 = CARTESIAN_POINT ( 'NONE',  ( 24.07355715851501543, -15.00000000000000178, -13.89887470582044671 ) ) ;
#670 = EDGE_CURVE ( 'NONE', #1349, #1038, #591, .T. ) ;
#671 = EDGE_CURVE ( 'NONE', #1149, #309, #446, .T. ) ;
#672 = VERTEX_POINT ( 'NONE', #140 ) ;
#673 = EDGE_CURVE ( 'NONE', #1472, #1471, #566, .T. ) ;
#674 = ORIENTED_EDGE ( 'NONE', *, *, #3, .F. ) ;
#675 = CARTESIAN_POINT ( 'NONE',  ( -26.61324865405186202, -15.00000000000000178, -9.500000000000023093 ) ) ;
#676 = CARTESIAN_POINT ( 'NONE',  ( -19.99999999999999645, -11.00000000000000178, -8.673617379884035472E-16 ) ) ;
#677 = ORIENTED_EDGE ( 'NONE', *, *, #1394, .F. ) ;
#678 = PLANE ( 'NONE',  #1265 ) ;
#679 = VECTOR ( 'NONE', #1316, 1000.000000000000000 ) ;
#680 = ORIENTED_EDGE ( 'NONE', *, *, #47, .F. ) ;
#681 = AXIS2_PLACEMENT_3D ( 'NONE', #1236, #462, #683 ) ;
#682 = AXIS2_PLACEMENT_3D ( 'NONE', #618, #1078, #52 ) ;
#683 = DIRECTION ( 'NONE',  ( 0.000000000000000000, 0.000000000000000000, -1.000000000000000000 ) ) ;
#684 = ORIENTED_EDGE ( 'NONE', *, *, #1012, .T. ) ;
#685 = DIRECTION ( 'NONE',  ( 0.4999999999999988898, 0.000000000000000000, 0.8660254037844392627 ) ) ;
#686 = VERTEX_POINT ( 'NONE', #1056 ) ;
#687 = CYLINDRICAL_SURFACE ( 'NONE', #1238, 2.249999999999999112 ) ;
#688 = ADVANCED_FACE ( 'NONE', ( #924 ), #29, .F. ) ;
#689 = ORIENTED_EDGE ( 'NONE', *, *, #1035, .F. ) ;
#690 = DIRECTION ( 'NONE',  ( 1.000000000000000000, 0.000000000000000000, -3.605555036969175364E-15 ) ) ;
#691 = ORIENTED_EDGE ( 'NONE', *, *, #461, .F. ) ;
#692 = DIRECTION ( 'NONE',  ( -0.000000000000000000, 1.000000000000000000, -0.000000000000000000 ) ) ;
#693 = ADVANCED_FACE ( 'NONE', ( #1294 ), #1174, .F. ) ;
#694 = CARTESIAN_POINT ( 'NONE',  ( -32.00000000000000000, -3.000000000000000000, 12.00000000000000178 ) ) ;
#695 = CARTESIAN_POINT ( 'NONE',  ( -28.05662432702594344, -5.000000000000000888, 6.999999999999992006 ) ) ;
#696 = DIRECTION ( 'NONE',  ( 0.000000000000000000, 0.000000000000000000, -1.000000000000000000 ) ) ;
#697 = EDGE_LOOP ( 'NONE', ( #1346, #179 ) ) ;
#698 = AXIS2_PLACEMENT_3D ( 'NONE', #951, #610, #929 ) ;
#699 = DIRECTION ( 'NONE',  ( -0.000000000000000000, -1.000000000000000000, -0.000000000000000000 ) ) ;
#700 = AXIS2_PLACEMENT_3D ( 'NONE', #1431, #505, #53 ) ;
#701 = AXIS2_PLACEMENT_3D ( 'NONE', #441, #1124, #1014 ) ;
#702 = PRODUCT_DEFINITION_FORMATION_WITH_SPECIFIED_SOURCE ( 'Symmetric', '', #1089, .NOT_KNOWN. ) ;
#703 = CARTESIAN_POINT ( 'NONE',  ( -19.99999999999999645, -13.00000000000000178, -2.250000000000000000 ) ) ;
#704 = DIRECTION ( 'NONE',  ( -0.000000000000000000, -1.000000000000000000, -0.000000000000000000 ) ) ;
#705 = CARTESIAN_POINT ( 'NONE',  ( -29.50000000000000355, -5.000000000000000888, 9.500000000000000000 ) ) ;
#706 = EDGE_LOOP ( 'NONE', ( #995, #22 ) ) ;
#707 = DIRECTION ( 'NONE',  ( 0.000000000000000000, -1.000000000000000000, 0.000000000000000000 ) ) ;
#708 = ORIENTED_EDGE ( 'NONE', *, *, #239, .F. ) ;
#709 = PLANE ( 'NONE',  #776 ) ;
#710 = EDGE_CURVE ( 'NONE', #1371, #1010, #1051, .T. ) ;
#711 = EDGE_CURVE ( 'NONE', #1149, #470, #1393, .T. ) ;
#712 = PLANE ( 'NONE',  #698 ) ;
#713 = ORIENTED_EDGE ( 'NONE', *, *, #1121, .F. ) ;
#714 = ADVANCED_FACE ( 'NONE', ( #1302 ), #382, .F. ) ;
#715 = DIRECTION ( 'NONE',  ( 0.000000000000000000, 0.000000000000000000, -1.000000000000000000 ) ) ;
#716 = ORIENTED_EDGE ( 'NONE', *, *, #939, .T. ) ;
#717 = LINE ( 'NONE', #1290, #465 ) ;
#718 = DIRECTION ( 'NONE',  ( 0.000000000000000000, 0.000000000000000000, 1.000000000000000000 ) ) ;
#719 = EDGE_LOOP ( 'NONE', ( #203, #807 ) ) ;
#720 = PLANE ( 'NONE',  #1044 ) ;
#721 = VECTOR ( 'NONE', #993, 1000.000000000000000 ) ;
#722 = CARTESIAN_POINT ( 'NONE',  ( 0.000000000000000000, -91.35202996254025720, -12.00000000000000000 ) ) ;
#723 = ORIENTED_EDGE ( 'NONE', *, *, #300, .T. ) ;
#724 = AXIS2_PLACEMENT_3D ( 'NONE', #173, #734, #310 ) ;
#725 = VECTOR ( 'NONE', #392, 1000.000000000000000 ) ;
#726 = CIRCLE ( 'NONE', #127, 2.249999999999999112 ) ;
#727 = CARTESIAN_POINT ( 'NONE',  ( 26.61324865405186202, -15.00000000000000178, -9.500000000000023093 ) ) ;
#728 = CARTESIAN_POINT ( 'NONE',  ( 20.00000000000000000, -3.000000000000000000, -9.899494936611668905 ) ) ;
#729 = ORIENTED_EDGE ( 'NONE', *, *, #671, .F. ) ;
#730 = LINE ( 'NONE', #190, #449 ) ;
#731 = FACE_OUTER_BOUND ( 'NONE', #1031, .T. ) ;
#732 = EDGE_LOOP ( 'NONE', ( #1442, #1208, #54, #713 ) ) ;
#733 = EDGE_CURVE ( 'NONE', #1202, #1419, #953, .T. ) ;
#734 = DIRECTION ( 'NONE',  ( -0.000000000000000000, 1.000000000000000000, -0.000000000000000000 ) ) ;
#735 = DIRECTION ( 'NONE',  ( -0.8660254037844392627, 0.000000000000000000, 0.4999999999999988898 ) ) ;
#736 = EDGE_CURVE ( 'NONE', #227, #1112, #835, .T. ) ;
#737 = DIRECTION ( 'NONE',  ( -0.000000000000000000, 1.000000000000000000, -0.000000000000000000 ) ) ;
#738 = CARTESIAN_POINT ( 'NONE',  ( 26.61324865405186202, -5.000000000000000888, -9.500000000000023093 ) ) ;
#739 = ORIENTED_EDGE ( 'NONE', *, *, #1368, .T. ) ;
#740 = DIRECTION ( 'NONE',  ( -0.5000000000000063283, 0.000000000000000000, -0.8660254037844350439 ) ) ;
#741 = DIRECTION ( 'NONE',  ( 0.000000000000000000, -0.000000000000000000, -1.000000000000000000 ) ) ;
#742 = EDGE_LOOP ( 'NONE', ( #590, #617 ) ) ;
#743 = FACE_BOUND ( 'NONE', #1329, .T. ) ;
#744 = CARTESIAN_POINT ( 'NONE',  ( -3.469446951953614189E-15, -91.35202996254025720, 5.204170427930421283E-15 ) ) ;
#745 = DIRECTION ( 'NONE',  ( -0.000000000000000000, -0.000000000000000000, 1.000000000000000000 ) ) ;
#746 =( LENGTH_UNIT ( ) NAMED_UNIT ( * ) SI_UNIT ( .MILLI., .METRE. ) );
#747 = EDGE_LOOP ( 'NONE', ( #528, #1439, #257, #1320, #872, #416, #1266, #322 ) ) ;
#748 = DIRECTION ( 'NONE',  ( 0.000000000000000000, 1.000000000000000000, 0.000000000000000000 ) ) ;
#749 = ORIENTED_EDGE ( 'NONE', *, *, #187, .F. ) ;
#750 = LINE ( 'NONE', #1213, #1380 ) ;
#751 = VECTOR ( 'NONE', #1332, 1000.000000000000000 ) ;
#752 = LINE ( 'NONE', #983, #782 ) ;
#753 = VECTOR ( 'NONE', #1313, 1000.000000000000000 ) ;
#754 = CARTESIAN_POINT ( 'NONE',  ( -3.469446951953614189E-15, -91.35202996254025720, 5.204170427930421283E-15 ) ) ;
#755 = AXIS2_PLACEMENT_3D ( 'NONE', #1269, #735, #685 ) ;
#756 = FACE_OUTER_BOUND ( 'NONE', #538, .T. ) ;
#757 = ORIENTED_EDGE ( 'NONE', *, *, #300, .F. ) ;
#758 = CARTESIAN_POINT ( 'NONE',  ( -19.99999999999999645, -13.00000000000000178, -8.673617379884035472E-16 ) ) ;
#759 = EDGE_CURVE ( 'NONE', #227, #919, #585, .T. ) ;
#760 = ORIENTED_EDGE ( 'NONE', *, *, #236, .T. ) ;
#761 = DIRECTION ( 'NONE',  ( 0.000000000000000000, 0.000000000000000000, -1.000000000000000000 ) ) ;
#762 = DIRECTION ( 'NONE',  ( -0.000000000000000000, 1.000000000000000000, -0.000000000000000000 ) ) ;
#763 = LINE ( 'NONE', #1452, #1178 ) ;
#764 = EDGE_CURVE ( 'NONE', #562, #672, #814, .T. ) ;
#765 = DIRECTION ( 'NONE',  ( 0.000000000000000000, 0.000000000000000000, 1.000000000000000000 ) ) ;
#766 = ORIENTED_EDGE ( 'NONE', *, *, #540, .F. ) ;
#767 = SHAPE_DEFINITION_REPRESENTATION ( #249, #537 ) ;
#768 = ORIENTED_EDGE ( 'NONE', *, *, #604, .T. ) ;
#769 = EDGE_CURVE ( 'NONE', #509, #667, #108, .T. ) ;
#770 = DIRECTION ( 'NONE',  ( 1.000000000000000000, 0.000000000000000000, -3.605555036969175364E-15 ) ) ;
#771 = DIRECTION ( 'NONE',  ( 0.000000000000000000, -1.000000000000000000, 0.000000000000000000 ) ) ;
#772 = CARTESIAN_POINT ( 'NONE',  ( -19.99999999999999645, -11.00000000000000178, -2.250000000000000000 ) ) ;
#773 = VERTEX_POINT ( 'NONE', #280 ) ;
#774 = ORIENTED_EDGE ( 'NONE', *, *, #955, .F. ) ;
#775 = LINE ( 'NONE', #1258, #1023 ) ;
#776 = AXIS2_PLACEMENT_3D ( 'NONE', #932, #1395, #837 ) ;
#777 = DIRECTION ( 'NONE',  ( 0.000000000000000000, 0.000000000000000000, -1.000000000000000000 ) ) ;
#778 = VECTOR ( 'NONE', #270, 1000.000000000000000 ) ;
#779 = CIRCLE ( 'NONE', #972, 2.249999999999999112 ) ;
#780 = ORIENTED_EDGE ( 'NONE', *, *, #1409, .T. ) ;
#781 = CARTESIAN_POINT ( 'NONE',  ( -3.193901422145459711E-15, -13.00000000000000178, 2.250000000000004885 ) ) ;
#782 = VECTOR ( 'NONE', #68, 1000.000000000000000 ) ;
#783 = ORIENTED_EDGE ( 'NONE', *, *, #736, .T. ) ;
#784 = DIRECTION ( 'NONE',  ( -0.000000000000000000, 1.000000000000000000, -0.000000000000000000 ) ) ;
#785 = ADVANCED_FACE ( 'NONE', ( #1087 ), #619, .F. ) ;
#786 = LINE ( 'NONE', #1475, #634 ) ;
#787 = ADVANCED_FACE ( 'NONE', ( #408 ), #1072, .F. ) ;
#788 = ORIENTED_EDGE ( 'NONE', *, *, #303, .F. ) ;
#789 =( LENGTH_UNIT ( ) NAMED_UNIT ( * ) SI_UNIT ( .MILLI., .METRE. ) );
#790 = EDGE_LOOP ( 'NONE', ( #347, #1408, #295, #970 ) ) ;
#791 = DIRECTION ( 'NONE',  ( 0.5000000000000062172, 0.000000000000000000, 0.8660254037844349329 ) ) ;
#792 = LINE ( 'NONE', #669, #423 ) ;
#793 = ORIENTED_EDGE ( 'NONE', *, *, #266, .T. ) ;
#794 = CARTESIAN_POINT ( 'NONE',  ( -3.469446951953614189E-15, -11.00000000000000178, 5.204170427930421283E-15 ) ) ;
#795 = ORIENTED_EDGE ( 'NONE', *, *, #51, .T. ) ;
#796 = CARTESIAN_POINT ( 'NONE',  ( -28.05662432702594344, -15.00000000000000178, -6.999999999999992006 ) ) ;
#797 = ORIENTED_EDGE ( 'NONE', *, *, #1410, .T. ) ;
#798 = PLANE ( 'NONE',  #109 ) ;
#799 = MECHANICAL_DESIGN_GEOMETRIC_PRESENTATION_REPRESENTATION (  '', ( #1062 ), #231 ) ;
#800 = ORIENTED_EDGE ( 'NONE', *, *, #1426, .F. ) ;
#801 = AXIS2_PLACEMENT_3D ( 'NONE', #1421, #389, #1193 ) ;
#802 = ADVANCED_FACE ( 'NONE', ( #1201 ), #45, .F. ) ;
#803 = AXIS2_PLACEMENT_3D ( 'NONE', #628, #1086, #62 ) ;
#804 = DIRECTION ( 'NONE',  ( 0.000000000000000000, 0.000000000000000000, -1.000000000000000000 ) ) ;
#805 = ORIENTED_EDGE ( 'NONE', *, *, #377, .T. ) ;
#806 = CYLINDRICAL_SURFACE ( 'NONE', #1385, 2.249999999999999112 ) ;
#807 = ORIENTED_EDGE ( 'NONE', *, *, #31, .T. ) ;
#808 = DIRECTION ( 'NONE',  ( -0.000000000000000000, -1.000000000000000000, -0.000000000000000000 ) ) ;
#809 = EDGE_CURVE ( 'NONE', #1419, #978, #171, .T. ) ;
#810 = CARTESIAN_POINT ( 'NONE',  ( -24.07355715851501543, -5.000000000000000888, -13.89887470582044671 ) ) ;
#811 = LINE ( 'NONE', #241, #608 ) ;
#812 = FILL_AREA_STYLE ('',( #358 ) ) ;
#813 = ORIENTED_EDGE ( 'NONE', *, *, #601, .T. ) ;
#814 = LINE ( 'NONE', #248, #546 ) ;
#815 = DIRECTION ( 'NONE',  ( -0.000000000000000000, -1.000000000000000000, -0.000000000000000000 ) ) ;
#816 = DIRECTION ( 'NONE',  ( 0.000000000000000000, -1.000000000000000000, 0.000000000000000000 ) ) ;
#817 = AXIS2_PLACEMENT_3D ( 'NONE', #84, #771, #186 ) ;
#818 = DIRECTION ( 'NONE',  ( 0.4999999999999988898, 0.000000000000000000, -0.8660254037844392627 ) ) ;
#819 = EDGE_LOOP ( 'NONE', ( #433, #639, #1122, #856 ) ) ;
#820 = CIRCLE ( 'NONE', #177, 1.250000000000001110 ) ;
#821 = DIRECTION ( 'NONE',  ( 0.000000000000000000, -1.000000000000000000, 0.000000000000000000 ) ) ;
#822 = CIRCLE ( 'NONE', #63, 9.899494936611667129 ) ;
#823 = EDGE_LOOP ( 'NONE', ( #774, #571 ) ) ;
#824 = CIRCLE ( 'NONE', #682, 1.250000000000001110 ) ;
#825 = ADVANCED_FACE ( 'NONE', ( #731 ), #961, .T. ) ;
#826 = DIRECTION ( 'NONE',  ( 0.000000000000000000, -1.000000000000000000, 0.000000000000000000 ) ) ;
#827 = ADVANCED_FACE ( 'NONE', ( #1328 ), #511, .T. ) ;
#828 = FACE_OUTER_BOUND ( 'NONE', #565, .T. ) ;
#829 = ORIENTED_EDGE ( 'NONE', *, *, #342, .T. ) ;
#830 = CARTESIAN_POINT ( 'NONE',  ( 29.50000000000000355, -91.35202996254025720, 9.500000000000000000 ) ) ;
#831 = ORIENTED_EDGE ( 'NONE', *, *, #606, .T. ) ;
#832 = DIRECTION ( 'NONE',  ( 0.000000000000000000, -1.000000000000000000, 0.000000000000000000 ) ) ;
#833 = DIRECTION ( 'NONE',  ( 0.000000000000000000, 0.000000000000000000, -1.000000000000000000 ) ) ;
#834 = VERTEX_POINT ( 'NONE', #855 ) ;
#835 = LINE ( 'NONE', #1154, #543 ) ;
#836 = VERTEX_POINT ( 'NONE', #629 ) ;
#837 = DIRECTION ( 'NONE',  ( 0.000000000000000000, -0.000000000000000000, 1.000000000000000000 ) ) ;
#838 = EDGE_CURVE ( 'NONE', #1065, #487, #947, .T. ) ;
#839 = CARTESIAN_POINT ( 'NONE',  ( 28.05662432702593279, -5.000000000000004441, -12.00000000000000000 ) ) ;
#840 = ORIENTED_EDGE ( 'NONE', *, *, #759, .T. ) ;
#841 = CARTESIAN_POINT ( 'NONE',  ( 20.00000000000000000, -11.00000000000000178, 0.000000000000000000 ) ) ;
#842 = CIRCLE ( 'NONE', #202, 2.249999999999999112 ) ;
#843 = DIRECTION ( 'NONE',  ( -0.8660254037844392627, 0.000000000000000000, -0.4999999999999988898 ) ) ;
#844 = ORIENTED_EDGE ( 'NONE', *, *, #193, .F. ) ;
#845 = PRESENTATION_LAYER_ASSIGNMENT (  '', '', ( #1062 ) ) ;
#846 = EDGE_CURVE ( 'NONE', #948, #216, #1007, .T. ) ;
#847 = VECTOR ( 'NONE', #1330, 1000.000000000000000 ) ;
#848 = DIRECTION ( 'NONE',  ( 0.000000000000000000, -1.000000000000000000, -0.000000000000000000 ) ) ;
#849 = VECTOR ( 'NONE', #1130, 1000.000000000000000 ) ;
#850 = FACE_BOUND ( 'NONE', #1422, .T. ) ;
#851 = CARTESIAN_POINT ( 'NONE',  ( -28.05662432702594344, -5.000000000000000888, -6.999999999999992006 ) ) ;
#852 = DIRECTION ( 'NONE',  ( 1.000000000000000000, 0.000000000000000000, 3.605555036969175364E-15 ) ) ;
#853 = EDGE_LOOP ( 'NONE', ( #278, #1073 ) ) ;
#854 = DIRECTION ( 'NONE',  ( 0.000000000000000000, 0.000000000000000000, 1.000000000000000000 ) ) ;
#855 = CARTESIAN_POINT ( 'NONE',  ( 26.61324865405186202, -15.00000000000000178, 9.500000000000023093 ) ) ;
#856 = ORIENTED_EDGE ( 'NONE', *, *, #1298, .F. ) ;
#857 = DIRECTION ( 'NONE',  ( 0.000000000000000000, 0.000000000000000000, -1.000000000000000000 ) ) ;
#858 = EDGE_CURVE ( 'NONE', #406, #460, #1484, .T. ) ;
#859 = CARTESIAN_POINT ( 'NONE',  ( -19.99999999999999645, -11.00000000000000178, 2.249999999999998224 ) ) ;
#860 = DIRECTION ( 'NONE',  ( -0.000000000000000000, 1.000000000000000000, -0.000000000000000000 ) ) ;
#861 = LINE ( 'NONE', #1096, #10 ) ;
#862 = ORIENTED_EDGE ( 'NONE', *, *, #1034, .F. ) ;
#863 = CARTESIAN_POINT ( 'NONE',  ( -26.61324865405186202, -5.000000000000000888, -9.500000000000023093 ) ) ;
#864 = DIRECTION ( 'NONE',  ( -0.5000000000000062172, 0.000000000000000000, 0.8660254037844349329 ) ) ;
#865 = EDGE_LOOP ( 'NONE', ( #425, #915, #483, #444 ) ) ;
#866 = DIRECTION ( 'NONE',  ( 0.4999999999999989453, 0.000000000000000000, -0.8660254037844392627 ) ) ;
#867 = DIRECTION ( 'NONE',  ( 0.000000000000000000, 0.000000000000000000, 1.000000000000000000 ) ) ;
#868 = CARTESIAN_POINT ( 'NONE',  ( -29.50000000000000355, -91.35202996254025720, 8.249999999999998224 ) ) ;
#869 = CARTESIAN_POINT ( 'NONE',  ( -28.05662432702593279, -5.000000000000000888, 12.00000000000000355 ) ) ;
#870 = EDGE_LOOP ( 'NONE', ( #905, #498, #1151, #558, #79 ) ) ;
#871 = CARTESIAN_POINT ( 'NONE',  ( -28.05662432702594344, -15.00000000000000178, 6.999999999999992006 ) ) ;
#872 = ORIENTED_EDGE ( 'NONE', *, *, #1033, .T. ) ;
#873 = DIRECTION ( 'NONE',  ( -0.000000000000000000, 1.000000000000000000, -0.000000000000000000 ) ) ;
#874 = LINE ( 'NONE', #859, #469 ) ;
#875 = CIRCLE ( 'NONE', #1402, 9.899494936611668905 ) ;
#876 = EDGE_CURVE ( 'NONE', #206, #447, #316, .T. ) ;
#877 = AXIS2_PLACEMENT_3D ( 'NONE', #722, #1279, #1388 ) ;
#878 = FACE_OUTER_BOUND ( 'NONE', #620, .T. ) ;
#879 = EDGE_CURVE ( 'NONE', #1100, #1428, #822, .T. ) ;
#880 = CIRCLE ( 'NONE', #1025, 1.250000000000001110 ) ;
#881 = LINE ( 'NONE', #1084, #1360 ) ;
#882 = ORIENTED_EDGE ( 'NONE', *, *, #321, .T. ) ;
#883 = EDGE_CURVE ( 'NONE', #954, #164, #539, .T. ) ;
#884 = DIRECTION ( 'NONE',  ( 0.8660254037844350439, -0.000000000000000000, 0.5000000000000063283 ) ) ;
#885 = ORIENTED_EDGE ( 'NONE', *, *, #883, .F. ) ;
#886 = DIRECTION ( 'NONE',  ( 0.000000000000000000, 0.000000000000000000, 1.000000000000000000 ) ) ;
#887 = CARTESIAN_POINT ( 'NONE',  ( 29.50000000000000355, -5.000000000000000888, -10.75000000000000000 ) ) ;
#888 = CARTESIAN_POINT ( 'NONE',  ( 29.50000000000000355, -91.35202996254025720, 10.75000000000000000 ) ) ;
#889 = ORIENTED_EDGE ( 'NONE', *, *, #251, .F. ) ;
#890 = ORIENTED_EDGE ( 'NONE', *, *, #1209, .F. ) ;
#891 = CARTESIAN_POINT ( 'NONE',  ( 29.50000000000000355, -3.000000000000000000, 8.249999999999998224 ) ) ;
#892 = PLANE ( 'NONE',  #605 ) ;
#893 = EDGE_LOOP ( 'NONE', ( #1036, #923, #314, #535 ) ) ;
#894 = EDGE_CURVE ( 'NONE', #1471, #614, #999, .T. ) ;
#895 = VERTEX_POINT ( 'NONE', #1461 ) ;
#896 = DIRECTION ( 'NONE',  ( 0.000000000000000000, 0.000000000000000000, 1.000000000000000000 ) ) ;
#897 = PRODUCT_DEFINITION_CONTEXT ( 'detailed design', #911, 'design' ) ;
#898 = EDGE_CURVE ( 'NONE', #1112, #115, #531, .T. ) ;
#899 = CIRCLE ( 'NONE', #1114, 9.899494936611668905 ) ;
#900 = DIRECTION ( 'NONE',  ( -0.000000000000000000, 1.000000000000000000, -0.000000000000000000 ) ) ;
#901 = VECTOR ( 'NONE', #1207, 1000.000000000000000 ) ;
#902 = VECTOR ( 'NONE', #400, 1000.000000000000000 ) ;
#903 = ORIENTED_EDGE ( 'NONE', *, *, #31, .F. ) ;
#904 = AXIS2_PLACEMENT_3D ( 'NONE', #758, #996, #646 ) ;
#905 = ORIENTED_EDGE ( 'NONE', *, *, #431, .F. ) ;
#906 = DIRECTION ( 'NONE',  ( 0.000000000000000000, 0.000000000000000000, 1.000000000000000000 ) ) ;
#907 = DIRECTION ( 'NONE',  ( 0.000000000000000000, 0.000000000000000000, -1.000000000000000000 ) ) ;
#908 = ORIENTED_EDGE ( 'NONE', *, *, #47, .T. ) ;
#909 = ORIENTED_EDGE ( 'NONE', *, *, #564, .F. ) ;
#910 = CARTESIAN_POINT ( 'NONE',  ( -29.50000000000000355, -91.35202996254025720, 9.500000000000000000 ) ) ;
#911 = APPLICATION_CONTEXT ( 'automotive_design' ) ;
#912 = ORIENTED_EDGE ( 'NONE', *, *, #524, .F. ) ;
#913 = PLANE ( 'NONE',  #331 ) ;
#914 = ADVANCED_FACE ( 'NONE', ( #1435 ), #55, .F. ) ;
#915 = ORIENTED_EDGE ( 'NONE', *, *, #1352, .T. ) ;
#916 = DIRECTION ( 'NONE',  ( -0.000000000000000000, 1.000000000000000000, -0.000000000000000000 ) ) ;
#917 = CIRCLE ( 'NONE', #9, 9.899494936611668905 ) ;
#918 = AXIS2_PLACEMENT_3D ( 'NONE', #155, #1169, #361 ) ;
#919 = VERTEX_POINT ( 'NONE', #1469 ) ;
#920 = DIRECTION ( 'NONE',  ( 3.605555036969175364E-15, -0.000000000000000000, 1.000000000000000000 ) ) ;
#921 = VECTOR ( 'NONE', #692, 1000.000000000000000 ) ;
#922 = ADVANCED_FACE ( 'NONE', ( #513, #743 ), #1450, .T. ) ;
#923 = ORIENTED_EDGE ( 'NONE', *, *, #168, .T. ) ;
#924 = FACE_OUTER_BOUND ( 'NONE', #496, .T. ) ;
#925 = ORIENTED_EDGE ( 'NONE', *, *, #673, .T. ) ;
#926 = EDGE_CURVE ( 'NONE', #1466, #1303, #586, .T. ) ;
#927 = CARTESIAN_POINT ( 'NONE',  ( -24.07355715851501543, -5.000000000000000888, 13.89887470582044671 ) ) ;
#928 = CARTESIAN_POINT ( 'NONE',  ( 0.000000000000000000, -3.000000000000000000, 0.000000000000000000 ) ) ;
#929 = DIRECTION ( 'NONE',  ( -1.000000000000000000, 0.000000000000000000, -3.605555036969175364E-15 ) ) ;
#930 = ORIENTED_EDGE ( 'NONE', *, *, #959, .T. ) ;
#931 = DIRECTION ( 'NONE',  ( 0.000000000000000000, 0.000000000000000000, 1.000000000000000000 ) ) ;
#932 = CARTESIAN_POINT ( 'NONE',  ( 20.00000000000000000, -11.00000000000000178, 0.000000000000000000 ) ) ;
#933 = LINE ( 'NONE', #485, #1141 ) ;
#934 = DIRECTION ( 'NONE',  ( 1.000000000000000000, 0.000000000000000000, 0.000000000000000000 ) ) ;
#935 = ORIENTED_EDGE ( 'NONE', *, *, #846, .T. ) ;
#936 = EDGE_CURVE ( 'NONE', #206, #1349, #411, .T. ) ;
#937 = DIRECTION ( 'NONE',  ( 0.000000000000000000, -1.000000000000000000, 0.000000000000000000 ) ) ;
#938 = ORIENTED_EDGE ( 'NONE', *, *, #1176, .F. ) ;
#939 = EDGE_CURVE ( 'NONE', #1085, #1010, #402, .T. ) ;
#940 = CARTESIAN_POINT ( 'NONE',  ( 20.00000000000000000, -11.00000000000000178, 2.249999999999999112 ) ) ;
#941 = CARTESIAN_POINT ( 'NONE',  ( 20.00000000000000000, -11.00000000000000178, -9.899494936611668905 ) ) ;
#942 = VECTOR ( 'NONE', #963, 1000.000000000000000 ) ;
#943 = FACE_OUTER_BOUND ( 'NONE', #192, .T. ) ;
#944 = ORIENTED_EDGE ( 'NONE', *, *, #457, .T. ) ;
#945 = AXIS2_PLACEMENT_3D ( 'NONE', #676, #1470, #907 ) ;
#946 = DIRECTION ( 'NONE',  ( -0.000000000000000000, -1.000000000000000000, -0.000000000000000000 ) ) ;
#947 = CIRCLE ( 'NONE', #371, 2.249999999999999112 ) ;
#948 = VERTEX_POINT ( 'NONE', #1321 ) ;
#949 = VECTOR ( 'NONE', #784, 1000.000000000000000 ) ;
#950 = CARTESIAN_POINT ( 'NONE',  ( 20.00000000000000000, -13.00000000000000178, 0.000000000000000000 ) ) ;
#951 = CARTESIAN_POINT ( 'NONE',  ( 2.523888525878383549E-14, -5.000000000000000888, -6.999999999999890754 ) ) ;
#952 = EDGE_LOOP ( 'NONE', ( #1479, #435 ) ) ;
#953 = LINE ( 'NONE', #1415, #921 ) ;
#954 = VERTEX_POINT ( 'NONE', #291 ) ;
#955 = EDGE_CURVE ( 'NONE', #1143, #1300, #1001, .T. ) ;
#956 = FACE_OUTER_BOUND ( 'NONE', #719, .T. ) ;
#957 = CARTESIAN_POINT ( 'NONE',  ( -15.84631582256259819, -5.000000000000000888, 9.148874705820496445 ) ) ;
#958 = ORIENTED_EDGE ( 'NONE', *, *, #1159, .T. ) ;
#959 = EDGE_CURVE ( 'NONE', #386, #71, #194, .T. ) ;
#960 = DIRECTION ( 'NONE',  ( 0.000000000000000000, -1.000000000000000000, 0.000000000000000000 ) ) ;
#961 = PLANE ( 'NONE',  #801 ) ;
#962 = ORIENTED_EDGE ( 'NONE', *, *, #1067, .F. ) ;
#963 = DIRECTION ( 'NONE',  ( 1.000000000000000000, 0.000000000000000000, 0.000000000000000000 ) ) ;
#964 = DIRECTION ( 'NONE',  ( 0.5000000000000063283, 0.000000000000000000, -0.8660254037844350439 ) ) ;
#965 = ORIENTED_EDGE ( 'NONE', *, *, #51, .F. ) ;
#966 = CARTESIAN_POINT ( 'NONE',  ( 20.00000000000000000, -13.00000000000000178, 2.249999999999999112 ) ) ;
#967 = VECTOR ( 'NONE', #1046, 1000.000000000000000 ) ;
#968 = EDGE_CURVE ( 'NONE', #259, #227, #750, .T. ) ;
#969 = CARTESIAN_POINT ( 'NONE',  ( 0.000000000000000000, -3.000000000000000000, -12.00000000000000000 ) ) ;
#970 = ORIENTED_EDGE ( 'NONE', *, *, #1127, .T. ) ;
#971 = AXIS2_PLACEMENT_3D ( 'NONE', #1247, #93, #1136 ) ;
#972 = AXIS2_PLACEMENT_3D ( 'NONE', #1039, #576, #230 ) ;
#973 = CARTESIAN_POINT ( 'NONE',  ( 29.50000000000000355, -3.000000000000000000, -9.500000000000000000 ) ) ;
#974 = CIRCLE ( 'NONE', #904, 2.249999999999999112 ) ;
#975 = FACE_BOUND ( 'NONE', #169, .T. ) ;
#976 = DIRECTION ( 'NONE',  ( -0.000000000000000000, -1.000000000000000000, -0.000000000000000000 ) ) ;
#977 = CARTESIAN_POINT ( 'NONE',  ( 29.50000000000000355, -5.000000000000000888, 8.249999999999998224 ) ) ;
#978 = VERTEX_POINT ( 'NONE', #642 ) ;
#979 = FACE_OUTER_BOUND ( 'NONE', #297, .T. ) ;
#980 = CARTESIAN_POINT ( 'NONE',  ( -19.99999999999999645, -11.00000000000000178, -8.673617379884035472E-16 ) ) ;
#981 = ORIENTED_EDGE ( 'NONE', *, *, #809, .F. ) ;
#982 = DIRECTION ( 'NONE',  ( 0.000000000000000000, 0.000000000000000000, 1.000000000000000000 ) ) ;
#983 = CARTESIAN_POINT ( 'NONE',  ( -3.469446951953614189E-15, -11.00000000000000178, -2.249999999999994671 ) ) ;
#984 = CARTESIAN_POINT ( 'NONE',  ( -2.257108473223923835E-15, -91.35202996254025720, -9.899494936611661799 ) ) ;
#985 = ORIENTED_EDGE ( 'NONE', *, *, #552, .F. ) ;
#986 = DIRECTION ( 'NONE',  ( -0.000000000000000000, 1.000000000000000000, -0.000000000000000000 ) ) ;
#987 = EDGE_LOOP ( 'NONE', ( #287, #1398, #1312, #1386 ) ) ;
#988 = EDGE_CURVE ( 'NONE', #1300, #1143, #1460, .T. ) ;
#989 = CARTESIAN_POINT ( 'NONE',  ( 2.523888525878383549E-14, -5.000000000000000888, -6.999999999999890754 ) ) ;
#990 = EDGE_CURVE ( 'NONE', #836, #112, #631, .T. ) ;
#991 = DIRECTION ( 'NONE',  ( 0.000000000000000000, -0.000000000000000000, 1.000000000000000000 ) ) ;
#992 = ADVANCED_FACE ( 'NONE', ( #67 ), #165, .T. ) ;
#993 = DIRECTION ( 'NONE',  ( -0.000000000000000000, 1.000000000000000000, -0.000000000000000000 ) ) ;
#994 = CARTESIAN_POINT ( 'NONE',  ( 20.00000000000000000, -3.000000000000000000, 9.899494936611668905 ) ) ;
#995 = ORIENTED_EDGE ( 'NONE', *, *, #83, .T. ) ;
#996 = DIRECTION ( 'NONE',  ( 0.000000000000000000, 1.000000000000000000, 0.000000000000000000 ) ) ;
#997 = ORIENTED_EDGE ( 'NONE', *, *, #1121, .T. ) ;
#998 = VECTOR ( 'NONE', #541, 1000.000000000000000 ) ;
#999 = LINE ( 'NONE', #1102, #1339 ) ;
#1000 = AXIS2_PLACEMENT_3D ( 'NONE', #1391, #1454, #1111 ) ;
#1001 = CIRCLE ( 'NONE', #607, 1.250000000000001110 ) ;
#1002 = DIRECTION ( 'NONE',  ( -0.000000000000000000, 1.000000000000000000, -0.000000000000000000 ) ) ;
#1003 = CIRCLE ( 'NONE', #351, 9.899494936611665352 ) ;
#1004 = CARTESIAN_POINT ( 'NONE',  ( 15.84631582256259819, -15.00000000000000178, 9.148874705820496445 ) ) ;
#1005 = ORIENTED_EDGE ( 'NONE', *, *, #255, .F. ) ;
#1006 = ORIENTED_EDGE ( 'NONE', *, *, #1144, .F. ) ;
#1007 = LINE ( 'NONE', #989, #847 ) ;
#1008 = FACE_OUTER_BOUND ( 'NONE', #1232, .T. ) ;
#1009 = PRODUCT_DEFINITION ( 'General', '', #702, #897 ) ;
#1010 = VERTEX_POINT ( 'NONE', #675 ) ;
#1011 = CARTESIAN_POINT ( 'NONE',  ( 0.000000000000000000, 0.000000000000000000, 0.000000000000000000 ) ) ;
#1012 = EDGE_CURVE ( 'NONE', #1170, #1227, #775, .T. ) ;
#1013 = ORIENTED_EDGE ( 'NONE', *, *, #1117, .F. ) ;
#1014 = DIRECTION ( 'NONE',  ( 0.000000000000000000, 0.000000000000000000, 1.000000000000000000 ) ) ;
#1015 = DIRECTION ( 'NONE',  ( 0.000000000000000000, 0.000000000000000000, -1.000000000000000000 ) ) ;
#1016 = ORIENTED_EDGE ( 'NONE', *, *, #360, .T. ) ;
#1017 = CARTESIAN_POINT ( 'NONE',  ( -29.50000000000000355, -3.000000000000000000, -10.75000000000000000 ) ) ;
#1018 = EDGE_LOOP ( 'NONE', ( #739, #1016, #221, #630 ) ) ;
#1019 = DIRECTION ( 'NONE',  ( 0.000000000000000000, 1.000000000000000000, 0.000000000000000000 ) ) ;
#1020 = AXIS2_PLACEMENT_3D ( 'NONE', #754, #860, #404 ) ;
#1021 = LINE ( 'NONE', #437, #350 ) ;
#1022 = VECTOR ( 'NONE', #666, 1000.000000000000000 ) ;
#1023 = VECTOR ( 'NONE', #102, 1000.000000000000000 ) ;
#1024 = VERTEX_POINT ( 'NONE', #554 ) ;
#1025 = AXIS2_PLACEMENT_3D ( 'NONE', #1390, #1283, #1314 ) ;
#1026 = ORIENTED_EDGE ( 'NONE', *, *, #769, .T. ) ;
#1027 = FACE_OUTER_BOUND ( 'NONE', #1476, .T. ) ;
#1028 = EDGE_CURVE ( 'NONE', #50, #1270, #1212, .T. ) ;
#1029 = ORIENTED_EDGE ( 'NONE', *, *, #1434, .F. ) ;
#1030 = DIRECTION ( 'NONE',  ( 0.000000000000000000, 1.000000000000000000, 0.000000000000000000 ) ) ;
#1031 = EDGE_LOOP ( 'NONE', ( #573, #577, #723, #105 ) ) ;
#1032 = DIRECTION ( 'NONE',  ( -0.8660254037844350439, 0.000000000000000000, 0.5000000000000063283 ) ) ;
#1033 = EDGE_CURVE ( 'NONE', #652, #120, #1481, .T. ) ;
#1034 = EDGE_CURVE ( 'NONE', #1097, #383, #308, .T. ) ;
#1035 = EDGE_CURVE ( 'NONE', #71, #1061, #572, .T. ) ;
#1036 = ORIENTED_EDGE ( 'NONE', *, *, #413, .F. ) ;
#1037 = DIRECTION ( 'NONE',  ( -0.000000000000000000, 1.000000000000000000, -0.000000000000000000 ) ) ;
#1038 = VERTEX_POINT ( 'NONE', #96 ) ;
#1039 = CARTESIAN_POINT ( 'NONE',  ( 20.00000000000000000, -11.00000000000000178, 0.000000000000000000 ) ) ;
#1040 = VECTOR ( 'NONE', #1060, 999.9999999999998863 ) ;
#1041 = ORIENTED_EDGE ( 'NONE', *, *, #552, .T. ) ;
#1042 = DIRECTION ( 'NONE',  ( -0.000000000000000000, -1.000000000000000000, -0.000000000000000000 ) ) ;
#1043 = ORIENTED_EDGE ( 'NONE', *, *, #157, .F. ) ;
#1044 = AXIS2_PLACEMENT_3D ( 'NONE', #111, #1244, #197 ) ;
#1045 = CARTESIAN_POINT ( 'NONE',  ( 32.00000000000000000, -5.000000000000000888, -6.999999999999976907 ) ) ;
#1046 = DIRECTION ( 'NONE',  ( 0.4999999999999989453, 0.000000000000000000, -0.8660254037844392627 ) ) ;
#1047 = CARTESIAN_POINT ( 'NONE',  ( 0.000000000000000000, -5.000000000000000888, -12.00000000000000178 ) ) ;
#1048 = SURFACE_SIDE_STYLE ('',( #589 ) ) ;
#1049 = ORIENTED_EDGE ( 'NONE', *, *, #1410, .F. ) ;
#1050 = EDGE_CURVE ( 'NONE', #259, #978, #1250, .T. ) ;
#1051 = LINE ( 'NONE', #145, #1185 ) ;
#1052 = LINE ( 'NONE', #810, #967 ) ;
#1053 = FACE_BOUND ( 'NONE', #742, .T. ) ;
#1054 = DIRECTION ( 'NONE',  ( -0.000000000000000000, 0.000000000000000000, 1.000000000000000000 ) ) ;
#1055 = ORIENTED_EDGE ( 'NONE', *, *, #1297, .F. ) ;
#1056 = CARTESIAN_POINT ( 'NONE',  ( 20.00000000000000000, -11.00000000000000178, 2.249999999999999112 ) ) ;
#1057 = EDGE_LOOP ( 'NONE', ( #1211, #985, #380, #520 ) ) ;
#1058 = CARTESIAN_POINT ( 'NONE',  ( 0.000000000000000000, -91.35202996254025720, 12.00000000000000178 ) ) ;
#1059 = AXIS2_PLACEMENT_3D ( 'NONE', #598, #149, #244 ) ;
#1060 = DIRECTION ( 'NONE',  ( 0.5000000000000063283, 0.000000000000000000, -0.8660254037844350439 ) ) ;
#1061 = VERTEX_POINT ( 'NONE', #1353 ) ;
#1062 = STYLED_ITEM ( 'NONE', ( #49 ), #481 ) ;
#1063 = DIRECTION ( 'NONE',  ( -0.000000000000000000, 1.000000000000000000, -0.000000000000000000 ) ) ;
#1064 = VECTOR ( 'NONE', #1359, 1000.000000000000000 ) ;
#1065 = VERTEX_POINT ( 'NONE', #2 ) ;
#1066 = VECTOR ( 'NONE', #1456, 1000.000000000000000 ) ;
#1067 = EDGE_CURVE ( 'NONE', #773, #77, #1430, .T. ) ;
#1068 = CARTESIAN_POINT ( 'NONE',  ( 20.00000000000000000, -11.00000000000000178, 0.000000000000000000 ) ) ;
#1069 = CARTESIAN_POINT ( 'NONE',  ( 24.07355715851501543, -15.00000000000000178, 13.89887470582044671 ) ) ;
#1070 = EDGE_LOOP ( 'NONE', ( #1405, #645 ) ) ;
#1071 = CARTESIAN_POINT ( 'NONE',  ( -19.99999999999999645, -11.00000000000000178, -8.673617379884035472E-16 ) ) ;
#1072 = PLANE ( 'NONE',  #1262 ) ;
#1073 = ORIENTED_EDGE ( 'NONE', *, *, #413, .T. ) ;
#1074 = CARTESIAN_POINT ( 'NONE',  ( 26.61324865405186202, -5.000000000000000888, -9.500000000000023093 ) ) ;
#1075 = ADVANCED_FACE ( 'NONE', ( #1267 ), #687, .F. ) ;
#1076 = FACE_OUTER_BOUND ( 'NONE', #1147, .T. ) ;
#1077 = ORIENTED_EDGE ( 'NONE', *, *, #492, .F. ) ;
#1078 = DIRECTION ( 'NONE',  ( -0.000000000000000000, 1.000000000000000000, -0.000000000000000000 ) ) ;
#1079 = CARTESIAN_POINT ( 'NONE',  ( 0.000000000000000000, -13.00000000000000178, 0.000000000000000000 ) ) ;
#1080 = ORIENTED_EDGE ( 'NONE', *, *, #1229, .F. ) ;
#1081 = DIRECTION ( 'NONE',  ( -0.000000000000000000, 1.000000000000000000, -0.000000000000000000 ) ) ;
#1082 = CARTESIAN_POINT ( 'NONE',  ( -19.99999999999999645, -11.00000000000000178, -2.250000000000000000 ) ) ;
#1083 = DIRECTION ( 'NONE',  ( 0.000000000000000000, 0.000000000000000000, 1.000000000000000000 ) ) ;
#1084 = CARTESIAN_POINT ( 'NONE',  ( -3.469446951953614189E-15, -91.35202996254025720, 9.899494936611672458 ) ) ;
#1085 = VERTEX_POINT ( 'NONE', #796 ) ;
#1086 = DIRECTION ( 'NONE',  ( 0.8660254037844350439, 0.000000000000000000, -0.5000000000000063283 ) ) ;
#1087 = FACE_OUTER_BOUND ( 'NONE', #1132, .T. ) ;
#1088 = EDGE_LOOP ( 'NONE', ( #1337, #161, #1278, #831 ) ) ;
#1089 = PRODUCT ( 'baseshell_\X2\9ed88ba4\X0\', 'baseshell_\X2\9ed88ba4\X0\', '', ( #1488 ) ) ;
#1090 = AXIS2_PLACEMENT_3D ( 'NONE', #596, #707, #931 ) ;
#1091 = DIRECTION ( 'NONE',  ( 1.000000000000000000, 0.000000000000000000, 0.000000000000000000 ) ) ;
#1092 = CIRCLE ( 'NONE', #1287, 9.899494936611667129 ) ;
#1093 = DIRECTION ( 'NONE',  ( 0.5000000000000063283, 0.000000000000000000, 0.8660254037844350439 ) ) ;
#1094 = DIRECTION ( 'NONE',  ( -0.000000000000000000, 1.000000000000000000, -0.000000000000000000 ) ) ;
#1095 = ADVANCED_FACE ( 'NONE', ( #1027 ), #107, .F. ) ;
#1096 = CARTESIAN_POINT ( 'NONE',  ( -32.00000000000000000, -3.000000000000000000, 0.000000000000000000 ) ) ;
#1097 = VERTEX_POINT ( 'NONE', #891 ) ;
#1098 = CARTESIAN_POINT ( 'NONE',  ( 29.50000000000000355, -5.000000000000000888, 9.500000000000000000 ) ) ;
#1099 = EDGE_CURVE ( 'NONE', #281, #686, #779, .T. ) ;
#1100 = VERTEX_POINT ( 'NONE', #1145 ) ;
#1101 = ADVANCED_FACE ( 'NONE', ( #668 ), #332, .F. ) ;
#1102 = CARTESIAN_POINT ( 'NONE',  ( -29.50000000000000355, -91.35202996254025720, -10.75000000000000000 ) ) ;
#1103 = DIRECTION ( 'NONE',  ( 0.000000000000000000, 1.000000000000000000, 0.000000000000000000 ) ) ;
#1104 = CARTESIAN_POINT ( 'NONE',  ( 29.50000000000000355, -91.35202996254025720, -9.500000000000000000 ) ) ;
#1105 = SURFACE_STYLE_USAGE ( .BOTH. , #1048 ) ;
#1106 = ORIENTED_EDGE ( 'NONE', *, *, #883, .T. ) ;
#1107 = FACE_OUTER_BOUND ( 'NONE', #117, .T. ) ;
#1108 = EDGE_LOOP ( 'NONE', ( #1077, #339 ) ) ;
#1109 = CARTESIAN_POINT ( 'NONE',  ( -32.00000000000000000, -15.00000000000000178, -12.00000000000000000 ) ) ;
#1110 = CARTESIAN_POINT ( 'NONE',  ( -3.469446951953614189E-15, -13.00000000000000178, 5.204170427930421283E-15 ) ) ;
#1111 = DIRECTION ( 'NONE',  ( 0.000000000000000000, 0.000000000000000000, -1.000000000000000000 ) ) ;
#1112 = VERTEX_POINT ( 'NONE', #113 ) ;
#1113 = ORIENTED_EDGE ( 'NONE', *, *, #1142, .T. ) ;
#1114 = AXIS2_PLACEMENT_3D ( 'NONE', #414, #1002, #195 ) ;
#1115 = DIRECTION ( 'NONE',  ( 0.000000000000000000, 0.000000000000000000, 1.000000000000000000 ) ) ;
#1116 = VECTOR ( 'NONE', #1465, 1000.000000000000000 ) ;
#1117 = EDGE_CURVE ( 'NONE', #1428, #1100, #1214, .T. ) ;
#1118 = VECTOR ( 'NONE', #1195, 1000.000000000000000 ) ;
#1119 = VECTOR ( 'NONE', #292, 999.9999999999998863 ) ;
#1120 = DIRECTION ( 'NONE',  ( 0.000000000000000000, 1.000000000000000000, 0.000000000000000000 ) ) ;
#1121 = EDGE_CURVE ( 'NONE', #1334, #1372, #567, .T. ) ;
#1122 = ORIENTED_EDGE ( 'NONE', *, *, #6, .F. ) ;
#1123 = ORIENTED_EDGE ( 'NONE', *, *, #1229, .T. ) ;
#1124 = DIRECTION ( 'NONE',  ( -0.000000000000000000, 1.000000000000000000, -0.000000000000000000 ) ) ;
#1125 = DIRECTION ( 'NONE',  ( 0.000000000000000000, 0.000000000000000000, 1.000000000000000000 ) ) ;
#1126 = DIRECTION ( 'NONE',  ( 0.5000000000000063283, 0.000000000000000000, 0.8660254037844350439 ) ) ;
#1127 = EDGE_CURVE ( 'NONE', #1170, #206, #1246, .T. ) ;
#1128 = CARTESIAN_POINT ( 'NONE',  ( 29.50000000000000355, -5.000000000000000888, -8.249999999999998224 ) ) ;
#1129 = ORIENTED_EDGE ( 'NONE', *, *, #266, .F. ) ;
#1130 = DIRECTION ( 'NONE',  ( -0.000000000000000000, -1.000000000000000000, -0.000000000000000000 ) ) ;
#1131 = CARTESIAN_POINT ( 'NONE',  ( -2.523888525878383549E-14, -5.000000000000000888, 6.999999999999890754 ) ) ;
#1132 = EDGE_LOOP ( 'NONE', ( #1175, #1113 ) ) ;
#1133 = ORIENTED_EDGE ( 'NONE', *, *, #114, .T. ) ;
#1134 = DIRECTION ( 'NONE',  ( 0.000000000000000000, 0.000000000000000000, -1.000000000000000000 ) ) ;
#1135 = AXIS2_PLACEMENT_3D ( 'NONE', #1315, #167, #1083 ) ;
#1136 = DIRECTION ( 'NONE',  ( 0.000000000000000000, 0.000000000000000000, -1.000000000000000000 ) ) ;
#1137 = VECTOR ( 'NONE', #852, 1000.000000000000000 ) ;
#1138 = AXIS2_PLACEMENT_3D ( 'NONE', #549, #848, #1443 ) ;
#1139 = EDGE_LOOP ( 'NONE', ( #1006, #930, #1234, #1357, #152, #224, #271, #73 ) ) ;
#1140 = DIRECTION ( 'NONE',  ( 0.000000000000000000, 0.000000000000000000, 1.000000000000000000 ) ) ;
#1141 = VECTOR ( 'NONE', #1396, 1000.000000000000000 ) ;
#1142 = EDGE_CURVE ( 'NONE', #86, #46, #726, .T. ) ;
#1143 = VERTEX_POINT ( 'NONE', #1490 ) ;
#1144 = EDGE_CURVE ( 'NONE', #386, #1392, #1158, .T. ) ;
#1145 = CARTESIAN_POINT ( 'NONE',  ( -3.469446951953614189E-15, -11.00000000000000178, 9.899494936611672458 ) ) ;
#1146 = EDGE_CURVE ( 'NONE', #1471, #1472, #38, .T. ) ;
#1147 = EDGE_LOOP ( 'NONE', ( #691, #506, #466, #938 ) ) ;
#1148 = FACE_OUTER_BOUND ( 'NONE', #1295, .T. ) ;
#1149 = VERTEX_POINT ( 'NONE', #941 ) ;
#1150 = DIRECTION ( 'NONE',  ( -0.000000000000000000, 1.000000000000000000, -0.000000000000000000 ) ) ;
#1151 = ORIENTED_EDGE ( 'NONE', *, *, #475, .F. ) ;
#1152 = DIRECTION ( 'NONE',  ( 0.000000000000000000, -0.000000000000000000, -1.000000000000000000 ) ) ;
#1153 = ORIENTED_EDGE ( 'NONE', *, *, #601, .F. ) ;
#1154 = CARTESIAN_POINT ( 'NONE',  ( -2.523888525878383549E-14, -5.000000000000000888, -6.999999999999890754 ) ) ;
#1155 = EDGE_CURVE ( 'NONE', #487, #46, #472, .T. ) ;
#1156 = COLOUR_RGB ( '',0.7921568627450980005, 0.8196078431372548767, 0.9333333333333333481 ) ;
#1157 = LINE ( 'NONE', #940, #422 ) ;
#1158 = LINE ( 'NONE', #129, #725 ) ;
#1159 = EDGE_CURVE ( 'NONE', #1, #1202, #364, .T. ) ;
#1160 = VECTOR ( 'NONE', #857, 1000.000000000000000 ) ;
#1161 = DIRECTION ( 'NONE',  ( 0.000000000000000000, 0.000000000000000000, 1.000000000000000000 ) ) ;
#1162 = EDGE_LOOP ( 'NONE', ( #793, #474, #583, #1220 ) ) ;
#1163 = VECTOR ( 'NONE', #1444, 1000.000000000000000 ) ;
#1164 = FACE_OUTER_BOUND ( 'NONE', #865, .T. ) ;
#1165 = LINE ( 'NONE', #142, #1358 ) ;
#1166 = FACE_BOUND ( 'NONE', #7, .T. ) ;
#1167 = CARTESIAN_POINT ( 'NONE',  ( 29.50000000000000355, -3.000000000000000000, 10.75000000000000000 ) ) ;
#1168 = ORIENTED_EDGE ( 'NONE', *, *, #306, .F. ) ;
#1169 = DIRECTION ( 'NONE',  ( -0.000000000000000000, 1.000000000000000000, -0.000000000000000000 ) ) ;
#1170 = VERTEX_POINT ( 'NONE', #353 ) ;
#1171 = PLANE ( 'NONE',  #1480 ) ;
#1172 = DIRECTION ( 'NONE',  ( 0.000000000000000000, 0.000000000000000000, 1.000000000000000000 ) ) ;
#1173 = ORIENTED_EDGE ( 'NONE', *, *, #606, .F. ) ;
#1174 = PLANE ( 'NONE',  #877 ) ;
#1175 = ORIENTED_EDGE ( 'NONE', *, *, #1370, .T. ) ;
#1176 = EDGE_CURVE ( 'NONE', #611, #406, #235, .T. ) ;
#1177 = FACE_OUTER_BOUND ( 'NONE', #706, .T. ) ;
#1178 = VECTOR ( 'NONE', #650, 999.9999999999998863 ) ;
#1179 = CIRCLE ( 'NONE', #1000, 9.899494936611668905 ) ;
#1180 = DIRECTION ( 'NONE',  ( -0.4999999999999989453, 0.000000000000000000, 0.8660254037844392627 ) ) ;
#1181 = VERTEX_POINT ( 'NONE', #56 ) ;
#1182 = CARTESIAN_POINT ( 'NONE',  ( -19.99999999999999645, -11.00000000000000178, 9.899494936611665352 ) ) ;
#1183 = VECTOR ( 'NONE', #1015, 1000.000000000000000 ) ;
#1184 = DIRECTION ( 'NONE',  ( 0.000000000000000000, -0.000000000000000000, -1.000000000000000000 ) ) ;
#1185 = VECTOR ( 'NONE', #808, 1000.000000000000000 ) ;
#1186 = ORIENTED_EDGE ( 'NONE', *, *, #100, .T. ) ;
#1187 = AXIS2_PLACEMENT_3D ( 'NONE', #1264, #5, #580 ) ;
#1188 = ADVANCED_FACE ( 'NONE', ( #1384 ), #806, .F. ) ;
#1189 = PLANE ( 'NONE',  #369 ) ;
#1190 = CARTESIAN_POINT ( 'NONE',  ( -32.00000000000000000, -91.35202996254025720, 0.000000000000000000 ) ) ;
#1191 = ORIENTED_EDGE ( 'NONE', *, *, #1050, .T. ) ;
#1192 = DIRECTION ( 'NONE',  ( 0.000000000000000000, 1.000000000000000000, 0.000000000000000000 ) ) ;
#1193 = DIRECTION ( 'NONE',  ( 1.000000000000000000, 0.000000000000000000, 3.605555036969175364E-15 ) ) ;
#1194 = ORIENTED_EDGE ( 'NONE', *, *, #191, .F. ) ;
#1195 = DIRECTION ( 'NONE',  ( -1.000000000000000000, 0.000000000000000000, -3.605555036969175364E-15 ) ) ;
#1196 = DIRECTION ( 'NONE',  ( -0.4999999999999989453, 0.000000000000000000, 0.8660254037844392627 ) ) ;
#1197 = CYLINDRICAL_SURFACE ( 'NONE', #656, 1.250000000000001110 ) ;
#1198 = LINE ( 'NONE', #397, #679 ) ;
#1199 = ORIENTED_EDGE ( 'NONE', *, *, #1483, .T. ) ;
#1200 = DIRECTION ( 'NONE',  ( 0.000000000000000000, 0.000000000000000000, 1.000000000000000000 ) ) ;
#1201 = FACE_OUTER_BOUND ( 'NONE', #790, .T. ) ;
#1202 = VERTEX_POINT ( 'NONE', #588 ) ;
#1203 = CARTESIAN_POINT ( 'NONE',  ( 0.000000000000000000, -5.000000000000000888, 12.00000000000000178 ) ) ;
#1204 = CYLINDRICAL_SURFACE ( 'NONE', #153, 9.899494936611667129 ) ;
#1205 = ADVANCED_FACE ( 'NONE', ( #121, #850, #20, #254, #1053, #478, #1166, #25 ), #913, .F. ) ;
#1206 = CARTESIAN_POINT ( 'NONE',  ( 32.00000000000000000, -91.35202996254025720, 12.00000000000000178 ) ) ;
#1207 = DIRECTION ( 'NONE',  ( -0.000000000000000000, -1.000000000000000000, -0.000000000000000000 ) ) ;
#1208 = ORIENTED_EDGE ( 'NONE', *, *, #410, .T. ) ;
#1209 = EDGE_CURVE ( 'NONE', #460, #406, #880, .T. ) ;
#1210 = FACE_OUTER_BOUND ( 'NONE', #893, .T. ) ;
#1211 = ORIENTED_EDGE ( 'NONE', *, *, #939, .F. ) ;
#1212 = CIRCLE ( 'NONE', #681, 9.899494936611667129 ) ;
#1213 = CARTESIAN_POINT ( 'NONE',  ( 32.00000000000000000, -5.000000000000000888, 0.000000000000000000 ) ) ;
#1214 = CIRCLE ( 'NONE', #396, 9.899494936611667129 ) ;
#1215 = CARTESIAN_POINT ( 'NONE',  ( -3.469446951953614189E-15, -11.00000000000000178, 5.204170427930421283E-15 ) ) ;
#1216 = LINE ( 'NONE', #1206, #514 ) ;
#1217 = CYLINDRICAL_SURFACE ( 'NONE', #516, 1.250000000000001110 ) ;
#1218 = ORIENTED_EDGE ( 'NONE', *, *, #1050, .F. ) ;
#1219 = DIRECTION ( 'NONE',  ( -0.000000000000000000, 1.000000000000000000, -0.000000000000000000 ) ) ;
#1220 = ORIENTED_EDGE ( 'NONE', *, *, #1155, .F. ) ;
#1221 = CARTESIAN_POINT ( 'NONE',  ( 20.00000000000000000, -91.35202996254025720, 0.000000000000000000 ) ) ;
#1222 = CARTESIAN_POINT ( 'NONE',  ( 0.000000000000000000, -5.000000000000000888, -12.00000000000000178 ) ) ;
#1223 = LINE ( 'NONE', #1333, #1137 ) ;
#1224 = ORIENTED_EDGE ( 'NONE', *, *, #211, .F. ) ;
#1225 = CARTESIAN_POINT ( 'NONE',  ( -29.50000000000000355, -5.000000000000000888, -8.249999999999998224 ) ) ;
#1226 = ADVANCED_FACE ( 'NONE', ( #1148 ), #284, .F. ) ;
#1227 = VERTEX_POINT ( 'NONE', #695 ) ;
#1228 = CARTESIAN_POINT ( 'NONE',  ( -24.07355715851501543, -15.00000000000000178, -13.89887470582044671 ) ) ;
#1229 = EDGE_CURVE ( 'NONE', #1181, #315, #811, .T. ) ;
#1230 = CARTESIAN_POINT ( 'NONE',  ( 32.00000000000000000, -5.000000000000000888, 6.999999999999976907 ) ) ;
#1231 = LINE ( 'NONE', #1438, #1237 ) ;
#1232 = EDGE_LOOP ( 'NONE', ( #156, #336, #439, #344 ) ) ;
#1233 = DIRECTION ( 'NONE',  ( -0.000000000000000000, -1.000000000000000000, -0.000000000000000000 ) ) ;
#1234 = ORIENTED_EDGE ( 'NONE', *, *, #157, .T. ) ;
#1235 = VECTOR ( 'NONE', #815, 1000.000000000000000 ) ;
#1236 = CARTESIAN_POINT ( 'NONE',  ( -3.469446951953614189E-15, -3.000000000000000000, 5.204170427930421283E-15 ) ) ;
#1237 = VECTOR ( 'NONE', #70, 1000.000000000000000 ) ;
#1238 = AXIS2_PLACEMENT_3D ( 'NONE', #1473, #337, #1134 ) ;
#1239 = EDGE_CURVE ( 'NONE', #1112, #409, #933, .T. ) ;
#1240 = AXIS2_PLACEMENT_3D ( 'NONE', #116, #574, #245 ) ;
#1241 = CARTESIAN_POINT ( 'NONE',  ( 20.00000000000000000, -3.000000000000000000, 0.000000000000000000 ) ) ;
#1242 = AXIS2_PLACEMENT_3D ( 'NONE', #1011, #1140, #226 ) ;
#1243 = ORIENTED_EDGE ( 'NONE', *, *, #764, .F. ) ;
#1244 = DIRECTION ( 'NONE',  ( 0.8660254037844392627, 0.000000000000000000, -0.4999999999999988898 ) ) ;
#1245 = ORIENTED_EDGE ( 'NONE', *, *, #736, .F. ) ;
#1246 = LINE ( 'NONE', #217, #849 ) ;
#1247 = CARTESIAN_POINT ( 'NONE',  ( -29.50000000000000355, -3.000000000000000000, -9.500000000000000000 ) ) ;
#1248 = ORIENTED_EDGE ( 'NONE', *, *, #471, .T. ) ;
#1249 = EDGE_LOOP ( 'NONE', ( #101, #862 ) ) ;
#1250 = LINE ( 'NONE', #341, #34 ) ;
#1251 = CARTESIAN_POINT ( 'NONE',  ( 26.61324865405186202, -5.000000000000000888, 9.500000000000023093 ) ) ;
#1252 = EDGE_CURVE ( 'NONE', #1270, #50, #1092, .T. ) ;
#1253 = ADVANCED_FACE ( 'NONE', ( #622 ), #1375, .F. ) ;
#1254 = ORIENTED_EDGE ( 'NONE', *, *, #711, .T. ) ;
#1255 = CARTESIAN_POINT ( 'NONE',  ( 0.000000000000000000, -15.00000000000000178, 0.000000000000000000 ) ) ;
#1256 = ADVANCED_FACE ( 'NONE', ( #345 ), #798, .F. ) ;
#1257 = ORIENTED_EDGE ( 'NONE', *, *, #440, .T. ) ;
#1258 = CARTESIAN_POINT ( 'NONE',  ( 2.523888525878383549E-14, -5.000000000000000888, 6.999999999999890754 ) ) ;
#1259 = AXIS2_PLACEMENT_3D ( 'NONE', #1068, #41, #1389 ) ;
#1260 = EDGE_CURVE ( 'NONE', #1038, #672, #412, .T. ) ;
#1261 = VECTOR ( 'NONE', #1172, 1000.000000000000000 ) ;
#1262 = AXIS2_PLACEMENT_3D ( 'NONE', #1310, #163, #864 ) ;
#1263 = ORIENTED_EDGE ( 'NONE', *, *, #1252, .F. ) ;
#1264 = CARTESIAN_POINT ( 'NONE',  ( -29.50000000000000355, -5.000000000000000888, -9.500000000000000000 ) ) ;
#1265 = AXIS2_PLACEMENT_3D ( 'NONE', #1255, #445, #1356 ) ;
#1266 = ORIENTED_EDGE ( 'NONE', *, *, #733, .F. ) ;
#1267 = FACE_OUTER_BOUND ( 'NONE', #1162, .T. ) ;
#1268 = ORIENTED_EDGE ( 'NONE', *, *, #1176, .T. ) ;
#1269 = CARTESIAN_POINT ( 'NONE',  ( 24.07355715851501543, -5.000000000000000888, -13.89887470582044671 ) ) ;
#1270 = VERTEX_POINT ( 'NONE', #633 ) ;
#1271 = PLANE ( 'NONE',  #250 ) ;
#1272 = EDGE_CURVE ( 'NONE', #315, #386, #643, .T. ) ;
#1273 = CARTESIAN_POINT ( 'NONE',  ( 20.00000000000000000, -91.35202996254025720, -9.899494936611668905 ) ) ;
#1274 = ADVANCED_FACE ( 'NONE', ( #1341 ), #1204, .F. ) ;
#1275 = DIRECTION ( 'NONE',  ( 0.000000000000000000, 1.000000000000000000, 0.000000000000000000 ) ) ;
#1276 = DIRECTION ( 'NONE',  ( -0.000000000000000000, 1.000000000000000000, -0.000000000000000000 ) ) ;
#1277 = CARTESIAN_POINT ( 'NONE',  ( 29.50000000000000355, -3.000000000000000000, -8.249999999999998224 ) ) ;
#1278 = ORIENTED_EDGE ( 'NONE', *, *, #457, .F. ) ;
#1279 = DIRECTION ( 'NONE',  ( -0.000000000000000000, 0.000000000000000000, 1.000000000000000000 ) ) ;
#1280 = AXIS2_PLACEMENT_3D ( 'NONE', #1110, #1120, #527 ) ;
#1281 = AXIS2_PLACEMENT_3D ( 'NONE', #495, #1413, #718 ) ;
#1282 = FACE_OUTER_BOUND ( 'NONE', #870, .T. ) ;
#1283 = DIRECTION ( 'NONE',  ( -0.000000000000000000, 1.000000000000000000, -0.000000000000000000 ) ) ;
#1284 = AXIS2_PLACEMENT_3D ( 'NONE', #64, #843, #522 ) ;
#1285 = LINE ( 'NONE', #365, #1261 ) ;
#1286 = ORIENTED_EDGE ( 'NONE', *, *, #501, .F. ) ;
#1287 = AXIS2_PLACEMENT_3D ( 'NONE', #166, #1276, #136 ) ;
#1288 = CARTESIAN_POINT ( 'NONE',  ( 20.00000000000000000, -11.00000000000000178, 0.000000000000000000 ) ) ;
#1289 = ORIENTED_EDGE ( 'NONE', *, *, #191, .T. ) ;
#1290 = CARTESIAN_POINT ( 'NONE',  ( 26.61324865405186202, -5.000000000000000888, 9.500000000000023093 ) ) ;
#1291 = PLANE ( 'NONE',  #87 ) ;
#1292 = ORIENTED_EDGE ( 'NONE', *, *, #540, .T. ) ;
#1293 = ADVANCED_FACE ( 'NONE', ( #185 ), #1331, .F. ) ;
#1294 = FACE_OUTER_BOUND ( 'NONE', #247, .T. ) ;
#1295 = EDGE_LOOP ( 'NONE', ( #438, #1173, #603, #340 ) ) ;
#1296 = DIRECTION ( 'NONE',  ( 0.000000000000000000, -0.000000000000000000, -1.000000000000000000 ) ) ;
#1297 = EDGE_CURVE ( 'NONE', #1466, #264, #752, .T. ) ;
#1298 = EDGE_CURVE ( 'NONE', #281, #480, #532, .T. ) ;
#1299 = LINE ( 'NONE', #616, #148 ) ;
#1300 = VERTEX_POINT ( 'NONE', #526 ) ;
#1301 = ADVANCED_FACE ( 'NONE', ( #75, #975 ), #1436, .T. ) ;
#1302 = FACE_OUTER_BOUND ( 'NONE', #132, .T. ) ;
#1303 = VERTEX_POINT ( 'NONE', #420 ) ;
#1304 = CARTESIAN_POINT ( 'NONE',  ( -19.99999999999999645, -13.00000000000000178, 2.249999999999998224 ) ) ;
#1305 = VECTOR ( 'NONE', #160, 1000.000000000000000 ) ;
#1306 = CARTESIAN_POINT ( 'NONE',  ( 20.00000000000000000, -13.00000000000000178, -2.249999999999999112 ) ) ;
#1307 = EDGE_LOOP ( 'NONE', ( #689, #1374, #196, #1080, #757 ) ) ;
#1308 = FACE_OUTER_BOUND ( 'NONE', #104, .T. ) ;
#1309 = AXIS2_PLACEMENT_3D ( 'NONE', #349, #1150, #804 ) ;
#1310 = CARTESIAN_POINT ( 'NONE',  ( 15.84631582256259819, -5.000000000000000888, 9.148874705820496445 ) ) ;
#1311 = AXIS2_PLACEMENT_3D ( 'NONE', #841, #44, #1429 ) ;
#1312 = ORIENTED_EDGE ( 'NONE', *, *, #1155, .T. ) ;
#1313 = DIRECTION ( 'NONE',  ( 1.000000000000000000, 0.000000000000000000, 0.000000000000000000 ) ) ;
#1314 = DIRECTION ( 'NONE',  ( 0.000000000000000000, 0.000000000000000000, -1.000000000000000000 ) ) ;
#1315 = CARTESIAN_POINT ( 'NONE',  ( -19.99999999999999645, -11.00000000000000178, -8.673617379884035472E-16 ) ) ;
#1316 = DIRECTION ( 'NONE',  ( -1.000000000000000000, 0.000000000000000000, 0.000000000000000000 ) ) ;
#1317 = ORIENTED_EDGE ( 'NONE', *, *, #1028, .T. ) ;
#1318 = DIRECTION ( 'NONE',  ( 0.5000000000000062172, 0.000000000000000000, -0.8660254037844349329 ) ) ;
#1319 = DIRECTION ( 'NONE',  ( 0.000000000000000000, 1.000000000000000000, 0.000000000000000000 ) ) ;
#1320 = ORIENTED_EDGE ( 'NONE', *, *, #321, .F. ) ;
#1321 = CARTESIAN_POINT ( 'NONE',  ( -32.00000000000000000, -5.000000000000000888, -6.999999999999976907 ) ) ;
#1322 = DIRECTION ( 'NONE',  ( -0.000000000000000000, -1.000000000000000000, -0.000000000000000000 ) ) ;
#1323 = EDGE_CURVE ( 'NONE', #1065, #86, #874, .T. ) ;
#1324 = CYLINDRICAL_SURFACE ( 'NONE', #1020, 9.899494936611667129 ) ;
#1325 = FACE_BOUND ( 'NONE', #697, .T. ) ;
#1326 = ORIENTED_EDGE ( 'NONE', *, *, #1297, .T. ) ;
#1327 = DIRECTION ( 'NONE',  ( -0.000000000000000000, 1.000000000000000000, -0.000000000000000000 ) ) ;
#1328 = FACE_OUTER_BOUND ( 'NONE', #1057, .T. ) ;
#1329 = EDGE_LOOP ( 'NONE', ( #1487, #368 ) ) ;
#1330 = DIRECTION ( 'NONE',  ( 1.000000000000000000, 0.000000000000000000, 3.605555036969175364E-15 ) ) ;
#1331 = PLANE ( 'NONE',  #493 ) ;
#1332 = DIRECTION ( 'NONE',  ( -0.000000000000000000, -1.000000000000000000, -0.000000000000000000 ) ) ;
#1333 = CARTESIAN_POINT ( 'NONE',  ( 2.523888525878383549E-14, -15.00000000000000178, -6.999999999999890754 ) ) ;
#1334 = VERTEX_POINT ( 'NONE', #1182 ) ;
#1335 = PLANE ( 'NONE',  #803 ) ;
#1336 = VECTOR ( 'NONE', #550, 1000.000000000000000 ) ;
#1337 = ORIENTED_EDGE ( 'NONE', *, *, #578, .T. ) ;
#1338 = AXIS2_PLACEMENT_3D ( 'NONE', #261, #26, #696 ) ;
#1339 = VECTOR ( 'NONE', #621, 1000.000000000000000 ) ;
#1340 = DIRECTION ( 'NONE',  ( 0.000000000000000000, 1.000000000000000000, 0.000000000000000000 ) ) ;
#1341 = FACE_OUTER_BOUND ( 'NONE', #1376, .T. ) ;
#1342 = CARTESIAN_POINT ( 'NONE',  ( 32.00000000000000000, -5.000000000000000888, -6.999999999999976907 ) ) ;
#1343 = DIRECTION ( 'NONE',  ( -0.000000000000000000, 1.000000000000000000, -0.000000000000000000 ) ) ;
#1344 = ORIENTED_EDGE ( 'NONE', *, *, #710, .F. ) ;
#1345 = ADVANCED_FACE ( 'NONE', ( #154 ), #504, .F. ) ;
#1346 = ORIENTED_EDGE ( 'NONE', *, *, #1426, .T. ) ;
#1347 = CARTESIAN_POINT ( 'NONE',  ( 2.523888525878383549E-14, -15.00000000000000178, 6.999999999999890754 ) ) ;
#1348 = DIRECTION ( 'NONE',  ( 0.000000000000000000, 0.000000000000000000, 1.000000000000000000 ) ) ;
#1349 = VERTEX_POINT ( 'NONE', #871 ) ;
#1350 = DIRECTION ( 'NONE',  ( 0.000000000000000000, 0.000000000000000000, -1.000000000000000000 ) ) ;
#1351 = VERTEX_POINT ( 'NONE', #966 ) ;
#1352 = EDGE_CURVE ( 'NONE', #686, #281, #92, .T. ) ;
#1353 = CARTESIAN_POINT ( 'NONE',  ( 32.00000000000000711, -5.000000000000004441, 6.999999999999976907 ) ) ;
#1354 = CARTESIAN_POINT ( 'NONE',  ( 24.07355715851501543, -5.000000000000000888, 13.89887470582044671 ) ) ;
#1355 = ORIENTED_EDGE ( 'NONE', *, *, #1028, .F. ) ;
#1356 = DIRECTION ( 'NONE',  ( 0.000000000000000000, -0.000000000000000000, -1.000000000000000000 ) ) ;
#1357 = ORIENTED_EDGE ( 'NONE', *, *, #657, .T. ) ;
#1358 = VECTOR ( 'NONE', #265, 1000.000000000000000 ) ;
#1359 = DIRECTION ( 'NONE',  ( 0.000000000000000000, 0.000000000000000000, -1.000000000000000000 ) ) ;
#1360 = VECTOR ( 'NONE', #1343, 1000.000000000000000 ) ;
#1361 = CIRCLE ( 'NONE', #208, 1.250000000000001110 ) ;
#1362 = FACE_OUTER_BOUND ( 'NONE', #987, .T. ) ;
#1363 =( GEOMETRIC_REPRESENTATION_CONTEXT ( 3 ) GLOBAL_UNCERTAINTY_ASSIGNED_CONTEXT ( ( #210 ) ) GLOBAL_UNIT_ASSIGNED_CONTEXT ( ( #789, #215, #220 ) ) REPRESENTATION_CONTEXT ( 'NONE', 'WORKASPACE' ) );
#1364 = ORIENTED_EDGE ( 'NONE', *, *, #1252, .T. ) ;
#1365 = ORIENTED_EDGE ( 'NONE', *, *, #564, .T. ) ;
#1366 = CARTESIAN_POINT ( 'NONE',  ( 29.50000000000000355, -3.000000000000000000, 9.500000000000000000 ) ) ;
#1367 = ADVANCED_FACE ( 'NONE', ( #1308 ), #1335, .T. ) ;
#1368 = EDGE_CURVE ( 'NONE', #667, #509, #1361, .T. ) ;
#1369 = CARTESIAN_POINT ( 'NONE',  ( -29.50000000000000355, -91.35202996254025720, -9.500000000000000000 ) ) ;
#1370 = EDGE_CURVE ( 'NONE', #46, #86, #974, .T. ) ;
#1371 = VERTEX_POINT ( 'NONE', #863 ) ;
#1372 = VERTEX_POINT ( 'NONE', #399 ) ;
#1373 = DIRECTION ( 'NONE',  ( 0.000000000000000000, 1.000000000000000000, 0.000000000000000000 ) ) ;
#1374 = ORIENTED_EDGE ( 'NONE', *, *, #959, .F. ) ;
#1375 = CYLINDRICAL_SURFACE ( 'NONE', #1240, 1.250000000000001110 ) ;
#1376 = EDGE_LOOP ( 'NONE', ( #1013, #268, #1364, #912 ) ) ;
#1377 = DIRECTION ( 'NONE',  ( -0.000000000000000000, 1.000000000000000000, -0.000000000000000000 ) ) ;
#1378 = CLOSED_SHELL ( 'NONE', ( #1075, #455, #1188, #914, #1274, #627, #1383, #1253, #1345, #499, #225, #1478, #688, #28, #1293, #343, #693, #388, #1095, #714, #213, #1101, #1205, #80, #649, #623, #1301, #1467, #36, #1412, #324, #785, #1387, #1463, #802, #15, #456, #827, #992, #139, #825, #362, #1367, #922, #787, #1226, #1256, #568 ) ) ;
#1379 = VECTOR ( 'NONE', #508, 1000.000000000000000 ) ;
#1380 = VECTOR ( 'NONE', #1115, 1000.000000000000000 ) ;
#1381 = VECTOR ( 'NONE', #866, 1000.000000000000000 ) ;
#1382 = ORIENTED_EDGE ( 'NONE', *, *, #471, .F. ) ;
#1383 = ADVANCED_FACE ( 'NONE', ( #1210 ), #521, .F. ) ;
#1384 = FACE_OUTER_BOUND ( 'NONE', #819, .T. ) ;
#1385 = AXIS2_PLACEMENT_3D ( 'NONE', #14, #704, #1423 ) ;
#1386 = ORIENTED_EDGE ( 'NONE', *, *, #1142, .F. ) ;
#1387 = ADVANCED_FACE ( 'NONE', ( #979 ), #180, .F. ) ;
#1388 = DIRECTION ( 'NONE',  ( 1.000000000000000000, 0.000000000000000000, 0.000000000000000000 ) ) ;
#1389 = DIRECTION ( 'NONE',  ( 0.000000000000000000, 0.000000000000000000, 1.000000000000000000 ) ) ;
#1390 = CARTESIAN_POINT ( 'NONE',  ( 29.50000000000000355, -3.000000000000000000, -9.500000000000000000 ) ) ;
#1391 = CARTESIAN_POINT ( 'NONE',  ( -19.99999999999999645, -3.000000000000000000, -8.673617379884035472E-16 ) ) ;
#1392 = VERTEX_POINT ( 'NONE', #288 ) ;
#1393 = LINE ( 'NONE', #1273, #89 ) ;
#1394 = EDGE_CURVE ( 'NONE', #1010, #954, #730, .T. ) ;
#1395 = DIRECTION ( 'NONE',  ( 0.000000000000000000, 1.000000000000000000, 0.000000000000000000 ) ) ;
#1396 = DIRECTION ( 'NONE',  ( -0.000000000000000000, -1.000000000000000000, -0.000000000000000000 ) ) ;
#1397 = DIRECTION ( 'NONE',  ( 0.000000000000000000, 0.000000000000000000, -1.000000000000000000 ) ) ;
#1398 = ORIENTED_EDGE ( 'NONE', *, *, #838, .T. ) ;
#1399 = CARTESIAN_POINT ( 'NONE',  ( -24.07355715851501543, -15.00000000000000178, 13.89887470582044671 ) ) ;
#1400 = ORIENTED_EDGE ( 'NONE', *, *, #119, .F. ) ;
#1401 = VECTOR ( 'NONE', #745, 1000.000000000000000 ) ;
#1402 = AXIS2_PLACEMENT_3D ( 'NONE', #1241, #212, #777 ) ;
#1403 = DIRECTION ( 'NONE',  ( -0.000000000000000000, 0.000000000000000000, -1.000000000000000000 ) ) ;
#1404 = DIRECTION ( 'NONE',  ( -0.000000000000000000, -1.000000000000000000, -0.000000000000000000 ) ) ;
#1405 = ORIENTED_EDGE ( 'NONE', *, *, #1099, .F. ) ;
#1406 = VECTOR ( 'NONE', #357, 1000.000000000000000 ) ;
#1407 = LINE ( 'NONE', #613, #273 ) ;
#1408 = ORIENTED_EDGE ( 'NONE', *, *, #377, .F. ) ;
#1409 = EDGE_CURVE ( 'NONE', #1303, #1466, #1432, .T. ) ;
#1410 = EDGE_CURVE ( 'NONE', #919, #409, #269, .T. ) ;
#1411 = FACE_BOUND ( 'NONE', #853, .T. ) ;
#1412 = ADVANCED_FACE ( 'NONE', ( #1107, #407 ), #296, .T. ) ;
#1413 = DIRECTION ( 'NONE',  ( -0.000000000000000000, 1.000000000000000000, -0.000000000000000000 ) ) ;
#1414 = ORIENTED_EDGE ( 'NONE', *, *, #670, .T. ) ;
#1415 = CARTESIAN_POINT ( 'NONE',  ( -31.99999999999999289, -91.35202996254025720, -12.00000000000000000 ) ) ;
#1416 = ORIENTED_EDGE ( 'NONE', *, *, #434, .T. ) ;
#1417 = LINE ( 'NONE', #384, #326 ) ;
#1418 = LINE ( 'NONE', #151, #1040 ) ;
#1419 = VERTEX_POINT ( 'NONE', #640 ) ;
#1420 = CARTESIAN_POINT ( 'NONE',  ( -29.50000000000000355, -91.35202996254025720, 9.500000000000000000 ) ) ;
#1421 = CARTESIAN_POINT ( 'NONE',  ( -2.523888525878383549E-14, -5.000000000000000888, 6.999999999999890754 ) ) ;
#1422 = EDGE_LOOP ( 'NONE', ( #1355, #1263 ) ) ;
#1423 = DIRECTION ( 'NONE',  ( 0.000000000000000000, 0.000000000000000000, -1.000000000000000000 ) ) ;
#1424 = CARTESIAN_POINT ( 'NONE',  ( 32.00000000000000000, -5.000000000000000888, -12.00000000000000178 ) ) ;
#1425 = CIRCLE ( 'NONE', #1281, 1.250000000000001110 ) ;
#1426 = EDGE_CURVE ( 'NONE', #611, #234, #824, .T. ) ;
#1427 = DIRECTION ( 'NONE',  ( 0.000000000000000000, 0.000000000000000000, -1.000000000000000000 ) ) ;
#1428 = VERTEX_POINT ( 'NONE', #72 ) ;
#1429 = DIRECTION ( 'NONE',  ( 0.000000000000000000, 0.000000000000000000, 1.000000000000000000 ) ) ;
#1430 = CIRCLE ( 'NONE', #1309, 1.250000000000001110 ) ;
#1431 = CARTESIAN_POINT ( 'NONE',  ( 2.523888525878383549E-14, -5.000000000000000888, 6.999999999999890754 ) ) ;
#1432 = CIRCLE ( 'NONE', #637, 2.250000000000000000 ) ;
#1433 = ORIENTED_EDGE ( 'NONE', *, *, #1239, .F. ) ;
#1434 = EDGE_CURVE ( 'NONE', #234, #460, #417, .T. ) ;
#1435 = FACE_OUTER_BOUND ( 'NONE', #626, .T. ) ;
#1436 = PLANE ( 'NONE',  #233 ) ;
#1437 = CARTESIAN_POINT ( 'NONE',  ( -19.99999999999999645, -3.000000000000000000, -8.673617379884035472E-16 ) ) ;
#1438 = CARTESIAN_POINT ( 'NONE',  ( -28.05662432702594344, -5.000000000000000888, -6.999999999999992006 ) ) ;
#1439 = ORIENTED_EDGE ( 'NONE', *, *, #876, .F. ) ;
#1440 = DIRECTION ( 'NONE',  ( -1.000000000000000000, 0.000000000000000000, 3.605555036969175364E-15 ) ) ;
#1441 = DIRECTION ( 'NONE',  ( 0.000000000000000000, 0.000000000000000000, -1.000000000000000000 ) ) ;
#1442 = ORIENTED_EDGE ( 'NONE', *, *, #381, .F. ) ;
#1443 = DIRECTION ( 'NONE',  ( -0.000000000000000000, 0.000000000000000000, -1.000000000000000000 ) ) ;
#1444 = DIRECTION ( 'NONE',  ( -0.000000000000000000, -1.000000000000000000, -0.000000000000000000 ) ) ;
#1445 = CARTESIAN_POINT ( 'NONE',  ( 20.00000000000000000, -13.00000000000000178, 0.000000000000000000 ) ) ;
#1446 = DIRECTION ( 'NONE',  ( -0.000000000000000000, 1.000000000000000000, -0.000000000000000000 ) ) ;
#1447 = ORIENTED_EDGE ( 'NONE', *, *, #168, .F. ) ;
#1448 = CARTESIAN_POINT ( 'NONE',  ( 29.50000000000000355, -91.35202996254025720, 9.500000000000000000 ) ) ;
#1449 = ORIENTED_EDGE ( 'NONE', *, *, #926, .T. ) ;
#1450 = PLANE ( 'NONE',  #1138 ) ;
#1451 = DIRECTION ( 'NONE',  ( -1.000000000000000000, -0.000000000000000000, 0.000000000000000000 ) ) ;
#1452 = CARTESIAN_POINT ( 'NONE',  ( -15.84631582256259819, -5.000000000000000888, -9.148874705820496445 ) ) ;
#1453 = EDGE_CURVE ( 'NONE', #773, #1143, #78, .T. ) ;
#1454 = DIRECTION ( 'NONE',  ( -0.000000000000000000, 1.000000000000000000, -0.000000000000000000 ) ) ;
#1455 = VERTEX_POINT ( 'NONE', #510 ) ;
#1456 = DIRECTION ( 'NONE',  ( -0.000000000000000000, 1.000000000000000000, -0.000000000000000000 ) ) ;
#1457 = CIRCLE ( 'NONE', #1259, 9.899494936611668905 ) ;
#1458 = ORIENTED_EDGE ( 'NONE', *, *, #879, .F. ) ;
#1459 = CIRCLE ( 'NONE', #1338, 1.250000000000001110 ) ;
#1460 = CIRCLE ( 'NONE', #724, 1.250000000000001110 ) ;
#1461 = CARTESIAN_POINT ( 'NONE',  ( -19.99999999999999645, -11.00000000000000178, -9.899494936611668905 ) ) ;
#1462 = AXIS2_PLACEMENT_3D ( 'NONE', #794, #1233, #1350 ) ;
#1463 = ADVANCED_FACE ( 'NONE', ( #426 ), #720, .F. ) ;
#1464 = DIRECTION ( 'NONE',  ( -0.000000000000000000, -1.000000000000000000, -0.000000000000000000 ) ) ;
#1465 = DIRECTION ( 'NONE',  ( -0.000000000000000000, 1.000000000000000000, -0.000000000000000000 ) ) ;
#1466 = VERTEX_POINT ( 'NONE', #570 ) ;
#1467 = ADVANCED_FACE ( 'NONE', ( #328 ), #459, .F. ) ;
#1468 = ORIENTED_EDGE ( 'NONE', *, *, #858, .F. ) ;
#1469 = CARTESIAN_POINT ( 'NONE',  ( 32.00000000000000000, -15.00000000000000178, -6.999999999999976907 ) ) ;
#1470 = DIRECTION ( 'NONE',  ( -0.000000000000000000, -1.000000000000000000, -0.000000000000000000 ) ) ;
#1471 = VERTEX_POINT ( 'NONE', #1477 ) ;
#1472 = VERTEX_POINT ( 'NONE', #1225 ) ;
#1473 = CARTESIAN_POINT ( 'NONE',  ( -19.99999999999999645, -11.00000000000000178, -8.673617379884035472E-16 ) ) ;
#1474 = UNCERTAINTY_MEASURE_WITH_UNIT (LENGTH_MEASURE( 1.000000000000000082E-05 ), #746, 'distance_accuracy_value', 'NONE');
#1475 = CARTESIAN_POINT ( 'NONE',  ( -32.00000000000000000, -15.00000000000000178, 12.00000000000000178 ) ) ;
#1476 = EDGE_LOOP ( 'NONE', ( #1447, #962, #597, #557 ) ) ;
#1477 = CARTESIAN_POINT ( 'NONE',  ( -29.50000000000000355, -5.000000000000000888, -10.75000000000000000 ) ) ;
#1478 = ADVANCED_FACE ( 'NONE', ( #320 ), #678, .T. ) ;
#1479 = ORIENTED_EDGE ( 'NONE', *, *, #879, .T. ) ;
#1480 = AXIS2_PLACEMENT_3D ( 'NONE', #372, #832, #1296 ) ;
#1481 = LINE ( 'NONE', #209, #468 ) ;
#1482 = CIRCLE ( 'NONE', #971, 1.250000000000001110 ) ;
#1483 = EDGE_CURVE ( 'NONE', #1334, #895, #1003, .T. ) ;
#1484 = CIRCLE ( 'NONE', #635, 1.250000000000001110 ) ;
#1485 = VECTOR ( 'NONE', #1440, 1000.000000000000000 ) ;
#1486 = DIRECTION ( 'NONE',  ( -0.000000000000000000, 1.000000000000000000, -0.000000000000000000 ) ) ;
#1487 = ORIENTED_EDGE ( 'NONE', *, *, #1368, .F. ) ;
#1488 = PRODUCT_CONTEXT ( 'NONE', #130, 'mechanical' ) ;
#1489 = EDGE_LOOP ( 'NONE', ( #530, #545 ) ) ;
#1490 = CARTESIAN_POINT ( 'NONE',  ( -29.50000000000000355, -3.000000000000000000, 10.75000000000000000 ) ) ;
#1491 = VERTEX_POINT ( 'NONE', #781 ) ;
ENDSEC;
END-ISO-10303-21;
