ISO-10303-21;
HEADER;
FILE_DESCRIPTION (( 'STEP AP214' ),
    '1' );
FILE_NAME ('spring+piezo.STEP',
    '2026-07-29T18:20:36',
    ( '' ),
    ( '' ),
    'SwSTEP 2.0',
    'SolidWorks 2023',
    '' );
FILE_SCHEMA (( 'AUTOMOTIVE_DESIGN' ));
ENDSEC;

DATA;
#1 = ORIENTED_EDGE ( 'NONE', *, *, #2468, .T. ) ;
#2 = VECTOR ( 'NONE', #1372, 1000.000000000000000 ) ;
#3 = DIRECTION ( 'NONE',  ( 0.000000000000000000, 1.000000000000000000, -0.000000000000000000 ) ) ;
#4 = AXIS2_PLACEMENT_3D ( 'NONE', #1590, #1530, #4164 ) ;
#5 = DIRECTION ( 'NONE',  ( 1.000000000000000000, 0.000000000000000000, -3.469446951953612611E-15 ) ) ;
#6 = CARTESIAN_POINT ( 'NONE',  ( 4.000000000000000000, 1.300000000000000044, 2.749999999999998668 ) ) ;
#7 = VERTEX_POINT ( 'NONE', #2717 ) ;
#8 = ORIENTED_EDGE ( 'NONE', *, *, #2823, .F. ) ;
#9 = CARTESIAN_POINT ( 'NONE',  ( -6.000000000000000000, 1.300000000000000044, -2.750000000000000888 ) ) ;
#10 = DIRECTION ( 'NONE',  ( 0.000000000000000000, 1.000000000000000000, 0.000000000000000000 ) ) ;
#11 = CARTESIAN_POINT ( 'NONE',  ( 4.000000000000000000, 1.300000000000000044, 0.000000000000000000 ) ) ;
#12 = PLANE ( 'NONE',  #3555 ) ;
#13 = ORIENTED_EDGE ( 'NONE', *, *, #665, .T. ) ;
#14 = DIRECTION ( 'NONE',  ( 0.000000000000000000, -0.000000000000000000, 1.000000000000000000 ) ) ;
#15 = ORIENTED_EDGE ( 'NONE', *, *, #1196, .F. ) ;
#16 = EDGE_CURVE ( 'NONE', #3511, #2123, #1109, .T. ) ;
#17 = ADVANCED_FACE ( 'NONE', ( #2127 ), #3665, .T. ) ;
#18 = EDGE_CURVE ( 'NONE', #2266, #1074, #510, .T. ) ;
#19 = CARTESIAN_POINT ( 'NONE',  ( 6.209741421002015649, 0.000000000000000000, 4.720075368496982726 ) ) ;
#20 = CARTESIAN_POINT ( 'NONE',  ( -6.982962677686266711E-15, 0.000000000000000000, -2.000000000000000000 ) ) ;
#21 = ORIENTED_EDGE ( 'NONE', *, *, #2294, .T. ) ;
#22 = ORIENTED_EDGE ( 'NONE', *, *, #1604, .F. ) ;
#23 = DIRECTION ( 'NONE',  ( 0.000000000000000000, 1.000000000000000000, 0.000000000000000000 ) ) ;
#24 = DIRECTION ( 'NONE',  ( 0.000000000000000000, 1.000000000000000000, 0.000000000000000000 ) ) ;
#25 = CARTESIAN_POINT ( 'NONE',  ( -4.000000000000000888, 3.621320343559645494, -4.750000000000000888 ) ) ;
#26 = EDGE_LOOP ( 'NONE', ( #3597, #277, #405, #317 ) ) ;
#27 = EDGE_CURVE ( 'NONE', #3326, #1993, #1470, .T. ) ;
#28 = LINE ( 'NONE', #1007, #1887 ) ;
#29 = CARTESIAN_POINT ( 'NONE',  ( 0.000000000000000000, 1.300000000000000044, 0.000000000000000000 ) ) ;
#30 = EDGE_LOOP ( 'NONE', ( #1555, #2491 ) ) ;
#31 = ORIENTED_EDGE ( 'NONE', *, *, #3583, .T. ) ;
#32 = EDGE_CURVE ( 'NONE', #2295, #631, #3488, .T. ) ;
#33 = DIRECTION ( 'NONE',  ( 0.000000000000000000, 1.000000000000000000, 0.000000000000000000 ) ) ;
#34 = LINE ( 'NONE', #2993, #524 ) ;
#35 = ORIENTED_EDGE ( 'NONE', *, *, #1176, .F. ) ;
#36 = DIRECTION ( 'NONE',  ( 0.000000000000000000, 1.000000000000000000, 0.000000000000000000 ) ) ;
#37 = ORIENTED_EDGE ( 'NONE', *, *, #2516, .T. ) ;
#38 = VECTOR ( 'NONE', #496, 1000.000000000000000 ) ;
#39 = CARTESIAN_POINT ( 'NONE',  ( 1.999999999999993117, 0.000000000000000000, -2.000000000000007550 ) ) ;
#40 = DIRECTION ( 'NONE',  ( 0.000000000000000000, 1.000000000000000000, 0.000000000000000000 ) ) ;
#41 = VERTEX_POINT ( 'NONE', #1782 ) ;
#42 = ORIENTED_EDGE ( 'NONE', *, *, #2530, .F. ) ;
#43 = AXIS2_PLACEMENT_3D ( 'NONE', #3026, #187, #430 ) ;
#44 = DIRECTION ( 'NONE',  ( 0.000000000000000000, 0.000000000000000000, 1.000000000000000000 ) ) ;
#45 = CARTESIAN_POINT ( 'NONE',  ( 8.000000000000000000, 1.300000000000000044, 2.000000000000000000 ) ) ;
#46 = CARTESIAN_POINT ( 'NONE',  ( -7.403640400275624422, 3.621320343559645494, 2.454813398897494281 ) ) ;
#47 = DIRECTION ( 'NONE',  ( -0.000000000000000000, -1.000000000000000000, -0.000000000000000000 ) ) ;
#48 = CIRCLE ( 'NONE', #2693, 9.699494936611660734 ) ;
#49 = EDGE_LOOP ( 'NONE', ( #2939, #1044 ) ) ;
#50 = AXIS2_PLACEMENT_3D ( 'NONE', #1377, #3273, #333 ) ;
#51 = LINE ( 'NONE', #2594, #540 ) ;
#52 = DIRECTION ( 'NONE',  ( 0.000000000000000000, 0.000000000000000000, 1.000000000000000000 ) ) ;
#53 = ORIENTED_EDGE ( 'NONE', *, *, #3727, .T. ) ;
#54 = CIRCLE ( 'NONE', #3782, 0.7500000000000006661 ) ;
#55 = AXIS2_PLACEMENT_3D ( 'NONE', #178, #226, #3740 ) ;
#56 = ORIENTED_EDGE ( 'NONE', *, *, #395, .F. ) ;
#57 = CIRCLE ( 'NONE', #2432, 0.7500000000000002220 ) ;
#58 = CIRCLE ( 'NONE', #4120, 0.7499999999999984457 ) ;
#59 = CARTESIAN_POINT ( 'NONE',  ( -7.999999999999979572, 1.300000000000000044, 2.000000000000084821 ) ) ;
#60 = CARTESIAN_POINT ( 'NONE',  ( -6.000000000000000000, 1.300000000000000044, 0.000000000000000000 ) ) ;
#61 = VERTEX_POINT ( 'NONE', #3684 ) ;
#62 = CARTESIAN_POINT ( 'NONE',  ( -1.318054248161414810, 1.300000000000000044, -7.687830187959653117 ) ) ;
#63 = ORIENTED_EDGE ( 'NONE', *, *, #3739, .F. ) ;
#64 = AXIS2_PLACEMENT_3D ( 'NONE', #4121, #567, #1858 ) ;
#65 = VECTOR ( 'NONE', #2050, 1000.000000000000000 ) ;
#66 = LINE ( 'NONE', #1021, #3913 ) ;
#67 = CARTESIAN_POINT ( 'NONE',  ( -5.999999999999958256, 3.621320343559645494, 4.000000000000063061 ) ) ;
#68 = ORIENTED_EDGE ( 'NONE', *, *, #3976, .T. ) ;
#69 = ORIENTED_EDGE ( 'NONE', *, *, #3351, .F. ) ;
#70 = AXIS2_PLACEMENT_3D ( 'NONE', #626, #3532, #4171 ) ;
#71 = DIRECTION ( 'NONE',  ( 0.000000000000000000, 1.000000000000000000, 0.000000000000000000 ) ) ;
#72 = DIRECTION ( 'NONE',  ( -0.000000000000000000, -1.000000000000000000, -0.000000000000000000 ) ) ;
#73 = DIRECTION ( 'NONE',  ( 1.000000000000000000, 0.000000000000000000, -3.469446951953619316E-15 ) ) ;
#74 = ORIENTED_EDGE ( 'NONE', *, *, #1986, .F. ) ;
#75 = AXIS2_PLACEMENT_3D ( 'NONE', #3706, #3093, #198 ) ;
#76 = ORIENTED_EDGE ( 'NONE', *, *, #2462, .F. ) ;
#77 = AXIS2_PLACEMENT_3D ( 'NONE', #2839, #2559, #2478 ) ;
#78 = CYLINDRICAL_SURFACE ( 'NONE', #2303, 0.7499999999999988898 ) ;
#79 = EDGE_CURVE ( 'NONE', #1416, #3021, #2104, .T. ) ;
#80 = CYLINDRICAL_SURFACE ( 'NONE', #50, 0.7500000000000006661 ) ;
#81 = VERTEX_POINT ( 'NONE', #4021 ) ;
#82 = ORIENTED_EDGE ( 'NONE', *, *, #3413, .T. ) ;
#83 = DIRECTION ( 'NONE',  ( 0.000000000000000000, 0.000000000000000000, 1.000000000000000000 ) ) ;
#84 = CARTESIAN_POINT ( 'NONE',  ( 1.999999999999979128, 1.300000000000000044, -5.250000000000006217 ) ) ;
#85 = CARTESIAN_POINT ( 'NONE',  ( -6.000000000000000888, 0.000000000000000000, -3.249999999999999112 ) ) ;
#86 = EDGE_LOOP ( 'NONE', ( #278, #3270, #3265, #4015 ) ) ;
#87 = EDGE_CURVE ( 'NONE', #3021, #1327, #2609, .T. ) ;
#88 = DIRECTION ( 'NONE',  ( 0.000000000000000000, 0.000000000000000000, -1.000000000000000000 ) ) ;
#89 = DIRECTION ( 'NONE',  ( -0.000000000000000000, -1.000000000000000000, -0.000000000000000000 ) ) ;
#90 = VERTEX_POINT ( 'NONE', #2061 ) ;
#91 = ORIENTED_EDGE ( 'NONE', *, *, #3845, .T. ) ;
#92 = EDGE_CURVE ( 'NONE', #370, #163, #316, .T. ) ;
#93 = CARTESIAN_POINT ( 'NONE',  ( 4.000000000000000888, 1.300000000000000044, 6.000000000000000000 ) ) ;
#94 = CARTESIAN_POINT ( 'NONE',  ( -2.000000000000000888, 0.000000000000000000, -6.750000000000000888 ) ) ;
#95 = CARTESIAN_POINT ( 'NONE',  ( 4.000000000000000000, 0.000000000000000000, 0.000000000000000000 ) ) ;
#96 = LINE ( 'NONE', #3377, #2908 ) ;
#97 = ORIENTED_EDGE ( 'NONE', *, *, #2276, .T. ) ;
#98 = EDGE_CURVE ( 'NONE', #2539, #2580, #1403, .T. ) ;
#99 = CARTESIAN_POINT ( 'NONE',  ( -5.999999999999979572, 0.000000000000000000, 2.000000000000063949 ) ) ;
#100 = DIRECTION ( 'NONE',  ( 0.000000000000000000, 1.000000000000000000, 0.000000000000000000 ) ) ;
#101 = VERTEX_POINT ( 'NONE', #855 ) ;
#102 = VERTEX_POINT ( 'NONE', #1125 ) ;
#103 = ADVANCED_FACE ( 'NONE', ( #1492 ), #1464, .T. ) ;
#104 = EDGE_CURVE ( 'NONE', #1120, #3754, #2417, .T. ) ;
#105 = DIRECTION ( 'NONE',  ( -0.000000000000000000, -1.000000000000000000, -0.000000000000000000 ) ) ;
#106 = CARTESIAN_POINT ( 'NONE',  ( 1.999999999999986233, 1.300000000000000044, -4.750000000000006217 ) ) ;
#107 = DIRECTION ( 'NONE',  ( 0.000000000000000000, 0.000000000000000000, 1.000000000000000000 ) ) ;
#108 = ORIENTED_EDGE ( 'NONE', *, *, #4034, .T. ) ;
#109 = DIRECTION ( 'NONE',  ( -0.000000000000000000, -1.000000000000000000, -0.000000000000000000 ) ) ;
#110 = CARTESIAN_POINT ( 'NONE',  ( -2.000000000000000444, 0.000000000000000000, -4.750000000000000888 ) ) ;
#111 = ORIENTED_EDGE ( 'NONE', *, *, #18, .F. ) ;
#112 = ORIENTED_EDGE ( 'NONE', *, *, #1460, .F. ) ;
#113 = CARTESIAN_POINT ( 'NONE',  ( -5.999999999999958256, 1.300000000000000044, 4.000000000000063061 ) ) ;
#114 = CARTESIAN_POINT ( 'NONE',  ( 6.000000000000000000, 0.000000000000000000, -0.7500000000000003331 ) ) ;
#115 = CARTESIAN_POINT ( 'NONE',  ( 0.000000000000000000, 0.000000000000000000, 0.000000000000000000 ) ) ;
#116 = EDGE_LOOP ( 'NONE', ( #654, #1223 ) ) ;
#117 = AXIS2_PLACEMENT_3D ( 'NONE', #4084, #1971, #1943 ) ;
#118 = EDGE_CURVE ( 'NONE', #3441, #2598, #929, .T. ) ;
#119 = EDGE_LOOP ( 'NONE', ( #1081, #152 ) ) ;
#120 = ORIENTED_EDGE ( 'NONE', *, *, #3830, .F. ) ;
#121 = AXIS2_PLACEMENT_3D ( 'NONE', #2265, #362, #2671 ) ;
#122 = AXIS2_PLACEMENT_3D ( 'NONE', #2606, #2548, #1302 ) ;
#123 = DIRECTION ( 'NONE',  ( 0.000000000000000000, 0.000000000000000000, 1.000000000000000000 ) ) ;
#124 = CARTESIAN_POINT ( 'NONE',  ( 0.000000000000000000, 1.300000000000000044, 0.000000000000000000 ) ) ;
#125 = AXIS2_PLACEMENT_3D ( 'NONE', #914, #3846, #894 ) ;
#126 = AXIS2_PLACEMENT_3D ( 'NONE', #2388, #2657, #439 ) ;
#127 = CARTESIAN_POINT ( 'NONE',  ( -6.209741421001973904, 3.621320343559645494, 4.720075368497038681 ) ) ;
#128 = DIRECTION ( 'NONE',  ( -0.000000000000000000, -1.000000000000000000, -0.000000000000000000 ) ) ;
#129 = CIRCLE ( 'NONE', #3232, 0.7500000000000002220 ) ;
#130 = AXIS2_PLACEMENT_3D ( 'NONE', #1723, #2357, #3263 ) ;
#131 = DIRECTION ( 'NONE',  ( 0.000000000000000000, 0.000000000000000000, 1.000000000000000000 ) ) ;
#132 = PLANE ( 'NONE',  #2509 ) ;
#133 = EDGE_CURVE ( 'NONE', #3676, #2156, #1258, .T. ) ;
#134 = AXIS2_PLACEMENT_3D ( 'NONE', #3762, #245, #3481 ) ;
#135 = ORIENTED_EDGE ( 'NONE', *, *, #3797, .T. ) ;
#136 = ORIENTED_EDGE ( 'NONE', *, *, #2468, .F. ) ;
#137 = AXIS2_PLACEMENT_3D ( 'NONE', #181, #908, #4098 ) ;
#138 = DIRECTION ( 'NONE',  ( 0.000000000000000000, 1.000000000000000000, -0.000000000000000000 ) ) ;
#139 = DIRECTION ( 'NONE',  ( 0.000000000000000000, 0.000000000000000000, -1.000000000000000000 ) ) ;
#140 = EDGE_LOOP ( 'NONE', ( #410, #2323, #292, #3924 ) ) ;
#141 = CIRCLE ( 'NONE', #2108, 0.7500000000000003331 ) ;
#142 = EDGE_CURVE ( 'NONE', #3006, #984, #3766, .T. ) ;
#143 = AXIS2_PLACEMENT_3D ( 'NONE', #3353, #434, #2721 ) ;
#144 = LINE ( 'NONE', #1443, #3380 ) ;
#145 = ORIENTED_EDGE ( 'NONE', *, *, #3294, .T. ) ;
#146 = VERTEX_POINT ( 'NONE', #3029 ) ;
#147 = AXIS2_PLACEMENT_3D ( 'NONE', #3122, #1466, #575 ) ;
#148 = DIRECTION ( 'NONE',  ( 0.000000000000000000, 0.000000000000000000, -1.000000000000000000 ) ) ;
#149 = CARTESIAN_POINT ( 'NONE',  ( 2.755455298081544285E-16, -1.500000000000000000, -2.250000000000000000 ) ) ;
#150 = AXIS2_PLACEMENT_3D ( 'NONE', #2679, #1115, #3620 ) ;
#151 = DIRECTION ( 'NONE',  ( 0.000000000000000000, 0.000000000000000000, 1.000000000000000000 ) ) ;
#152 = ORIENTED_EDGE ( 'NONE', *, *, #1596, .T. ) ;
#153 = EDGE_CURVE ( 'NONE', #2857, #4152, #1846, .T. ) ;
#154 = CARTESIAN_POINT ( 'NONE',  ( 0.000000000000000000, 1.300000000000000044, 0.000000000000000000 ) ) ;
#155 = DIRECTION ( 'NONE',  ( -0.000000000000000000, -1.000000000000000000, -0.000000000000000000 ) ) ;
#156 = EDGE_LOOP ( 'NONE', ( #2505, #2310, #2988, #2970 ) ) ;
#157 = EDGE_LOOP ( 'NONE', ( #4016, #3244, #505, #2464 ) ) ;
#158 = EDGE_CURVE ( 'NONE', #146, #3081, #3293, .T. ) ;
#159 = EDGE_CURVE ( 'NONE', #1650, #3876, #218, .T. ) ;
#160 = ADVANCED_FACE ( 'NONE', ( #2164 ), #2800, .T. ) ;
#161 = CARTESIAN_POINT ( 'NONE',  ( 2.999999999999995559, 1.500000000000000000, 7.200000000000006395 ) ) ;
#162 = CARTESIAN_POINT ( 'NONE',  ( -3.999999999999979128, 0.000000000000000000, 2.750000000000043077 ) ) ;
#163 = VERTEX_POINT ( 'NONE', #2309 ) ;
#164 = ADVANCED_FACE ( 'NONE', ( #2349 ), #3870, .T. ) ;
#165 = SURFACE_SIDE_STYLE ('',( #4014 ) ) ;
#166 = ADVANCED_FACE ( 'NONE', ( #2579 ), #3955, .T. ) ;
#167 = ORIENTED_EDGE ( 'NONE', *, *, #1285, .T. ) ;
#168 = VERTEX_POINT ( 'NONE', #972 ) ;
#169 = DIRECTION ( 'NONE',  ( -0.000000000000000000, -1.000000000000000000, -0.000000000000000000 ) ) ;
#170 = CARTESIAN_POINT ( 'NONE',  ( 0.000000000000000000, 1.500000000000000000, 0.000000000000000000 ) ) ;
#171 = DIRECTION ( 'NONE',  ( 0.000000000000000000, 1.000000000000000000, 0.000000000000000000 ) ) ;
#172 = ORIENTED_EDGE ( 'NONE', *, *, #2477, .T. ) ;
#173 = EDGE_CURVE ( 'NONE', #2580, #2352, #3566, .T. ) ;
#174 = DIRECTION ( 'NONE',  ( 0.000000000000000000, 1.000000000000000000, 0.000000000000000000 ) ) ;
#175 = CYLINDRICAL_SURFACE ( 'NONE', #75, 0.7500000000000006661 ) ;
#176 = ORIENTED_EDGE ( 'NONE', *, *, #3599, .T. ) ;
#177 = VERTEX_POINT ( 'NONE', #755 ) ;
#178 = CARTESIAN_POINT ( 'NONE',  ( 0.000000000000000000, 1.300000000000000044, 0.000000000000000000 ) ) ;
#179 = FACE_OUTER_BOUND ( 'NONE', #432, .T. ) ;
#180 = ORIENTED_EDGE ( 'NONE', *, *, #1220, .T. ) ;
#181 = CARTESIAN_POINT ( 'NONE',  ( -4.000000000000000888, 3.621320343559645494, -6.000000000000000000 ) ) ;
#182 = VECTOR ( 'NONE', #1515, 1000.000000000000000 ) ;
#183 = ORIENTED_EDGE ( 'NONE', *, *, #2114, .T. ) ;
#184 = ORIENTED_EDGE ( 'NONE', *, *, #471, .F. ) ;
#185 = CIRCLE ( 'NONE', #3091, 0.7499999999999984457 ) ;
#186 = CARTESIAN_POINT ( 'NONE',  ( 1.999999999999993117, 3.621320343559645494, -1.250000000000007105 ) ) ;
#187 = DIRECTION ( 'NONE',  ( 0.000000000000000000, 1.000000000000000000, 0.000000000000000000 ) ) ;
#188 = DIRECTION ( 'NONE',  ( 0.000000000000000000, 1.000000000000000000, -0.000000000000000000 ) ) ;
#189 = CIRCLE ( 'NONE', #1266, 0.7500000000000006661 ) ;
#190 = CIRCLE ( 'NONE', #1205, 0.7499999999999988898 ) ;
#191 = CARTESIAN_POINT ( 'NONE',  ( 4.000000000000000000, 3.621320343559645494, -0.7500000000000003331 ) ) ;
#192 = VERTEX_POINT ( 'NONE', #313 ) ;
#193 = UNCERTAINTY_MEASURE_WITH_UNIT (LENGTH_MEASURE( 1.000000000000000082E-05 ), #2021, 'distance_accuracy_value', 'NONE');
#194 = AXIS2_PLACEMENT_3D ( 'NONE', #3906, #3609, #2029 ) ;
#195 = CIRCLE ( 'NONE', #750, 0.7500000000000002220 ) ;
#196 = DIRECTION ( 'NONE',  ( 0.000000000000000000, 1.000000000000000000, 0.000000000000000000 ) ) ;
#197 = DIRECTION ( 'NONE',  ( -0.000000000000000000, -1.000000000000000000, -0.000000000000000000 ) ) ;
#198 = DIRECTION ( 'NONE',  ( 0.000000000000000000, 0.000000000000000000, -1.000000000000000000 ) ) ;
#199 = ORIENTED_EDGE ( 'NONE', *, *, #1798, .T. ) ;
#200 = ORIENTED_EDGE ( 'NONE', *, *, #752, .T. ) ;
#201 = AXIS2_PLACEMENT_3D ( 'NONE', #1991, #1970, #1380 ) ;
#202 = AXIS2_PLACEMENT_3D ( 'NONE', #4047, #3770, #2144 ) ;
#203 = AXIS2_PLACEMENT_3D ( 'NONE', #3068, #2688, #4018 ) ;
#204 = CARTESIAN_POINT ( 'NONE',  ( 0.000000000000000000, 1.300000000000000044, 0.000000000000000000 ) ) ;
#205 = PLANE ( 'NONE',  #4126 ) ;
#206 = ORIENTED_EDGE ( 'NONE', *, *, #2982, .F. ) ;
#207 = CYLINDRICAL_SURFACE ( 'NONE', #266, 0.7499999999999984457 ) ;
#208 = VECTOR ( 'NONE', #2810, 1000.000000000000000 ) ;
#209 = ORIENTED_EDGE ( 'NONE', *, *, #1008, .T. ) ;
#210 = VERTEX_POINT ( 'NONE', #2669 ) ;
#211 = AXIS2_PLACEMENT_3D ( 'NONE', #1336, #409, #2625 ) ;
#212 = EDGE_CURVE ( 'NONE', #4109, #1184, #2828, .T. ) ;
#213 = EDGE_CURVE ( 'NONE', #1653, #2270, #4169, .T. ) ;
#214 = CARTESIAN_POINT ( 'NONE',  ( 3.999999999999986233, 1.300000000000000044, -4.000000000000015099 ) ) ;
#215 = DIRECTION ( 'NONE',  ( 0.000000000000000000, 1.000000000000000000, 0.000000000000000000 ) ) ;
#216 = DIRECTION ( 'NONE',  ( 0.000000000000000000, 0.000000000000000000, -1.000000000000000000 ) ) ;
#217 = CIRCLE ( 'NONE', #1972, 0.7500000000000002220 ) ;
#218 = LINE ( 'NONE', #875, #182 ) ;
#219 = AXIS2_PLACEMENT_3D ( 'NONE', #2547, #1319, #2271 ) ;
#220 = DIRECTION ( 'NONE',  ( 0.000000000000000000, 0.000000000000000000, 1.000000000000000000 ) ) ;
#221 = DIRECTION ( 'NONE',  ( 0.000000000000000000, 0.000000000000000000, 1.000000000000000000 ) ) ;
#222 = DIRECTION ( 'NONE',  ( 1.000000000000000000, 0.000000000000000000, -3.469446951953611033E-15 ) ) ;
#223 = ORIENTED_EDGE ( 'NONE', *, *, #2727, .T. ) ;
#224 = EDGE_CURVE ( 'NONE', #3287, #1118, #2151, .T. ) ;
#225 = ORIENTED_EDGE ( 'NONE', *, *, #3418, .F. ) ;
#226 = DIRECTION ( 'NONE',  ( 0.000000000000000000, 1.000000000000000000, 0.000000000000000000 ) ) ;
#227 = DIRECTION ( 'NONE',  ( 0.000000000000000000, 1.000000000000000000, 0.000000000000000000 ) ) ;
#228 = ORIENTED_EDGE ( 'NONE', *, *, #3857, .T. ) ;
#229 = CARTESIAN_POINT ( 'NONE',  ( -2.999999999999994671, 1.500000000000000000, 7.200000000000006395 ) ) ;
#230 = VERTEX_POINT ( 'NONE', #2597 ) ;
#231 = ADVANCED_FACE ( 'NONE', ( #1992 ), #3613, .T. ) ;
#232 = DIRECTION ( 'NONE',  ( 0.000000000000000000, 0.000000000000000000, 1.000000000000000000 ) ) ;
#233 = DIRECTION ( 'NONE',  ( 0.000000000000000000, 1.000000000000000000, 0.000000000000000000 ) ) ;
#234 = CARTESIAN_POINT ( 'NONE',  ( -2.000000000000000888, 0.000000000000000000, -8.000000000000000000 ) ) ;
#235 = FACE_BOUND ( 'NONE', #1754, .T. ) ;
#236 = DIRECTION ( 'NONE',  ( 0.000000000000000000, 0.000000000000000000, 1.000000000000000000 ) ) ;
#237 = DIRECTION ( 'NONE',  ( -0.000000000000000000, -1.000000000000000000, -0.000000000000000000 ) ) ;
#238 = ORIENTED_EDGE ( 'NONE', *, *, #3153, .F. ) ;
#239 = VERTEX_POINT ( 'NONE', #2008 ) ;
#240 = CARTESIAN_POINT ( 'NONE',  ( -2.094888803305880013E-14, 0.000000000000000000, -6.000000000000000000 ) ) ;
#241 = CYLINDRICAL_SURFACE ( 'NONE', #3448, 0.7500000000000002220 ) ;
#242 = ORIENTED_EDGE ( 'NONE', *, *, #1349, .T. ) ;
#243 = DIRECTION ( 'NONE',  ( 0.000000000000000000, 0.000000000000000000, 1.000000000000000000 ) ) ;
#244 = EDGE_LOOP ( 'NONE', ( #2157, #2791, #657, #1641 ) ) ;
#245 = DIRECTION ( 'NONE',  ( 0.000000000000000000, 1.000000000000000000, 0.000000000000000000 ) ) ;
#246 = CARTESIAN_POINT ( 'NONE',  ( 0.000000000000000000, 1.300000000000000044, 0.000000000000000000 ) ) ;
#247 = AXIS2_PLACEMENT_3D ( 'NONE', #4005, #470, #3750 ) ;
#248 = DIRECTION ( 'NONE',  ( 0.000000000000000000, -1.000000000000000000, 0.000000000000000000 ) ) ;
#249 = CARTESIAN_POINT ( 'NONE',  ( -1.396592535537253342E-14, 0.000000000000000000, -4.000000000000000000 ) ) ;
#250 = AXIS2_PLACEMENT_3D ( 'NONE', #3509, #917, #1247 ) ;
#251 = CIRCLE ( 'NONE', #932, 0.7500000000000003331 ) ;
#252 = LINE ( 'NONE', #2519, #3162 ) ;
#253 = DIRECTION ( 'NONE',  ( 0.000000000000000000, 0.000000000000000000, 1.000000000000000000 ) ) ;
#254 = ORIENTED_EDGE ( 'NONE', *, *, #2040, .F. ) ;
#255 = ORIENTED_EDGE ( 'NONE', *, *, #704, .T. ) ;
#256 = AXIS2_PLACEMENT_3D ( 'NONE', #1669, #716, #2918 ) ;
#257 = ADVANCED_FACE ( 'NONE', ( #402 ), #1381, .T. ) ;
#258 = CARTESIAN_POINT ( 'NONE',  ( 1.999999999999972244, 0.000000000000000000, -8.000000000000007105 ) ) ;
#259 = DIRECTION ( 'NONE',  ( 0.000000000000000000, -0.000000000000000000, 1.000000000000000000 ) ) ;
#260 = AXIS2_PLACEMENT_3D ( 'NONE', #589, #2186, #1551 ) ;
#261 = CIRCLE ( 'NONE', #1683, 0.7500000000000003331 ) ;
#262 = EDGE_LOOP ( 'NONE', ( #1452, #2779, #1835, #2883 ) ) ;
#263 = FACE_OUTER_BOUND ( 'NONE', #2463, .T. ) ;
#264 = DIRECTION ( 'NONE',  ( 0.000000000000000000, 0.000000000000000000, 1.000000000000000000 ) ) ;
#265 = ORIENTED_EDGE ( 'NONE', *, *, #3867, .F. ) ;
#266 = AXIS2_PLACEMENT_3D ( 'NONE', #4078, #3145, #3419 ) ;
#267 = EDGE_CURVE ( 'NONE', #1184, #1725, #34, .T. ) ;
#268 = AXIS2_PLACEMENT_3D ( 'NONE', #2259, #966, #2633 ) ;
#269 = DIRECTION ( 'NONE',  ( 0.000000000000000000, 1.000000000000000000, 0.000000000000000000 ) ) ;
#270 = DIRECTION ( 'NONE',  ( 0.000000000000000000, 1.000000000000000000, 0.000000000000000000 ) ) ;
#271 = CIRCLE ( 'NONE', #830, 0.7500000000000006661 ) ;
#272 = ADVANCED_FACE ( 'NONE', ( #701 ), #3543, .T. ) ;
#273 = CARTESIAN_POINT ( 'NONE',  ( 0.000000000000000000, 1.300000000000000044, 0.000000000000000000 ) ) ;
#274 = CARTESIAN_POINT ( 'NONE',  ( -6.745354732844144330, 1.300000000000000044, -3.916655400733789705 ) ) ;
#275 = AXIS2_PLACEMENT_3D ( 'NONE', #2332, #2082, #3600 ) ;
#276 = FACE_OUTER_BOUND ( 'NONE', #2927, .T. ) ;
#277 = ORIENTED_EDGE ( 'NONE', *, *, #2946, .T. ) ;
#278 = ORIENTED_EDGE ( 'NONE', *, *, #2153, .F. ) ;
#279 = EDGE_CURVE ( 'NONE', #779, #1050, #376, .T. ) ;
#280 = AXIS2_PLACEMENT_3D ( 'NONE', #2842, #918, #253 ) ;
#281 = CARTESIAN_POINT ( 'NONE',  ( -7.403640400275624422, 1.300000000000000044, 2.454813398897494281 ) ) ;
#282 = DIRECTION ( 'NONE',  ( -0.000000000000000000, -1.000000000000000000, -0.000000000000000000 ) ) ;
#283 = AXIS2_PLACEMENT_3D ( 'NONE', #618, #1516, #572 ) ;
#284 = VERTEX_POINT ( 'NONE', #84 ) ;
#285 = EDGE_LOOP ( 'NONE', ( #996, #3340, #783, #1526 ) ) ;
#286 = EDGE_CURVE ( 'NONE', #1993, #3326, #2550, .T. ) ;
#287 = EDGE_CURVE ( 'NONE', #2869, #41, #1334, .T. ) ;
#288 = ADVANCED_FACE ( 'NONE', ( #1633 ), #12, .T. ) ;
#289 = FACE_OUTER_BOUND ( 'NONE', #3355, .T. ) ;
#290 = CARTESIAN_POINT ( 'NONE',  ( 6.000000000000000000, 3.621320343559645494, 2.000000000000000000 ) ) ;
#291 = DIRECTION ( 'NONE',  ( 0.000000000000000000, 1.000000000000000000, -0.000000000000000000 ) ) ;
#292 = ORIENTED_EDGE ( 'NONE', *, *, #2076, .T. ) ;
#293 = EDGE_CURVE ( 'NONE', #3893, #1809, #870, .T. ) ;
#294 = ORIENTED_EDGE ( 'NONE', *, *, #2172, .T. ) ;
#295 = ADVANCED_FACE ( 'NONE', ( #1780 ), #1123, .T. ) ;
#296 = FACE_OUTER_BOUND ( 'NONE', #1965, .T. ) ;
#297 = FACE_OUTER_BOUND ( 'NONE', #1164, .T. ) ;
#298 = DIRECTION ( 'NONE',  ( 0.000000000000000000, 1.000000000000000000, 0.000000000000000000 ) ) ;
#299 = FACE_BOUND ( 'NONE', #1311, .T. ) ;
#300 = CARTESIAN_POINT ( 'NONE',  ( -3.999999999999958256, 0.000000000000000000, 4.750000000000044409 ) ) ;
#301 = EDGE_CURVE ( 'NONE', #3652, #535, #2489, .T. ) ;
#302 = ORIENTED_EDGE ( 'NONE', *, *, #789, .F. ) ;
#303 = CARTESIAN_POINT ( 'NONE',  ( 3.999999999999993339, 3.621320343559645494, -2.750000000000014655 ) ) ;
#304 = DIRECTION ( 'NONE',  ( 0.000000000000000000, 0.000000000000000000, 1.000000000000000000 ) ) ;
#305 = ORIENTED_EDGE ( 'NONE', *, *, #2853, .F. ) ;
#306 = DIRECTION ( 'NONE',  ( 0.000000000000000000, 0.000000000000000000, -1.000000000000000000 ) ) ;
#307 = FACE_OUTER_BOUND ( 'NONE', #1059, .T. ) ;
#308 = DIRECTION ( 'NONE',  ( 0.000000000000000000, 0.000000000000000000, 1.000000000000000000 ) ) ;
#309 = ORIENTED_EDGE ( 'NONE', *, *, #98, .F. ) ;
#310 = CARTESIAN_POINT ( 'NONE',  ( 6.000000000000000000, 1.300000000000000044, 1.249999999999999556 ) ) ;
#311 = CARTESIAN_POINT ( 'NONE',  ( 5.999999999999992895, 0.000000000000000000, -1.250000000000021538 ) ) ;
#312 = DIRECTION ( 'NONE',  ( -0.000000000000000000, -1.000000000000000000, -0.000000000000000000 ) ) ;
#313 = CARTESIAN_POINT ( 'NONE',  ( -3.999999999999958256, 1.300000000000000044, 3.250000000000041300 ) ) ;
#314 = ORIENTED_EDGE ( 'NONE', *, *, #925, .T. ) ;
#315 = CARTESIAN_POINT ( 'NONE',  ( -2.000000000000000444, 3.621320343559645494, -1.249999999999999778 ) ) ;
#316 = CIRCLE ( 'NONE', #3089, 0.7500000000000003331 ) ;
#317 = ORIENTED_EDGE ( 'NONE', *, *, #3294, .F. ) ;
#318 = DIRECTION ( 'NONE',  ( 0.000000000000000000, -0.000000000000000000, 1.000000000000000000 ) ) ;
#319 = CARTESIAN_POINT ( 'NONE',  ( 2.755455298081544285E-16, -3.500000000000000000, -2.250000000000000000 ) ) ;
#320 = EDGE_LOOP ( 'NONE', ( #3325, #3443, #4148, #2604 ) ) ;
#321 = AXIS2_PLACEMENT_3D ( 'NONE', #4071, #2459, #1111 ) ;
#322 = CIRCLE ( 'NONE', #2760, 0.7500000000000006661 ) ;
#323 = DIRECTION ( 'NONE',  ( -0.000000000000000000, 1.000000000000000000, -0.000000000000000000 ) ) ;
#324 = VECTOR ( 'NONE', #2378, 1000.000000000000000 ) ;
#325 = AXIS2_PLACEMENT_3D ( 'NONE', #1179, #3376, #1503 ) ;
#326 = DIRECTION ( 'NONE',  ( -0.000000000000000000, -1.000000000000000000, -0.000000000000000000 ) ) ;
#327 = CARTESIAN_POINT ( 'NONE',  ( -2.000000000000000444, 3.621320343559645494, -2.000000000000000000 ) ) ;
#328 = EDGE_LOOP ( 'NONE', ( #1696, #1421, #2649, #979 ) ) ;
#329 = AXIS2_PLACEMENT_3D ( 'NONE', #1122, #429, #4001 ) ;
#330 = CIRCLE ( 'NONE', #1006, 0.7500000000000015543 ) ;
#331 = FACE_OUTER_BOUND ( 'NONE', #1458, .T. ) ;
#332 = CIRCLE ( 'NONE', #2707, 0.7500000000000003331 ) ;
#333 = DIRECTION ( 'NONE',  ( 0.000000000000000000, 0.000000000000000000, -1.000000000000000000 ) ) ;
#334 = EDGE_CURVE ( 'NONE', #3441, #3812, #3700, .T. ) ;
#335 = AXIS2_PLACEMENT_3D ( 'NONE', #3538, #291, #2242 ) ;
#336 = EDGE_CURVE ( 'NONE', #1701, #2135, #993, .T. ) ;
#337 = DIRECTION ( 'NONE',  ( 0.000000000000000000, 0.000000000000000000, 1.000000000000000000 ) ) ;
#338 = DIRECTION ( 'NONE',  ( 0.000000000000000000, 0.000000000000000000, 1.000000000000000000 ) ) ;
#339 = ORIENTED_EDGE ( 'NONE', *, *, #1460, .T. ) ;
#340 = CYLINDRICAL_SURFACE ( 'NONE', #121, 0.7500000000000002220 ) ;
#341 = ORIENTED_EDGE ( 'NONE', *, *, #3465, .F. ) ;
#342 = AXIS2_PLACEMENT_3D ( 'NONE', #2443, #4108, #3453 ) ;
#344 = EDGE_CURVE ( 'NONE', #3812, #479, #2087, .T. ) ;
#343 = CARTESIAN_POINT ( 'NONE',  ( -3.999999999999979128, 0.000000000000000000, 1.250000000000042188 ) ) ;
#345 = LINE ( 'NONE', #1595, #1224 ) ;
#346 = ORIENTED_EDGE ( 'NONE', *, *, #489, .T. ) ;
#347 = VERTEX_POINT ( 'NONE', #149 ) ;
#348 = AXIS2_PLACEMENT_3D ( 'NONE', #3649, #3751, #2680 ) ;
#349 = DIRECTION ( 'NONE',  ( 0.000000000000000000, 0.000000000000000000, -1.000000000000000000 ) ) ;
#350 = CIRCLE ( 'NONE', #2724, 0.7500000000000015543 ) ;
#351 = CARTESIAN_POINT ( 'NONE',  ( 0.000000000000000000, 1.300000000000000044, 0.000000000000000000 ) ) ;
#352 = CARTESIAN_POINT ( 'NONE',  ( -2.000000000000000444, 3.621320343559645494, -4.000000000000000000 ) ) ;
#353 = ORIENTED_EDGE ( 'NONE', *, *, #344, .F. ) ;
#354 = ADVANCED_FACE ( 'NONE', ( #4002 ), #2125, .T. ) ;
#355 = CARTESIAN_POINT ( 'NONE',  ( -2.000000000000000444, 3.621320343559645494, -2.750000000000000444 ) ) ;
#356 = CARTESIAN_POINT ( 'NONE',  ( 7.767343750000005542, 1.300000000000000044, 0.7130014511457464232 ) ) ;
#357 = EDGE_LOOP ( 'NONE', ( #1743, #3360, #3354, #3805 ) ) ;
#358 = ORIENTED_EDGE ( 'NONE', *, *, #3592, .F. ) ;
#359 = CARTESIAN_POINT ( 'NONE',  ( -4.000000000000000000, 0.000000000000000000, -0.7500000000000003331 ) ) ;
#360 = CARTESIAN_POINT ( 'NONE',  ( -3.999999999999958256, 3.621320343559645494, 4.000000000000042633 ) ) ;
#361 = ORIENTED_EDGE ( 'NONE', *, *, #3356, .T. ) ;
#362 = DIRECTION ( 'NONE',  ( -0.000000000000000000, -1.000000000000000000, -0.000000000000000000 ) ) ;
#363 = ORIENTED_EDGE ( 'NONE', *, *, #1607, .T. ) ;
#364 = DIRECTION ( 'NONE',  ( -0.000000000000000000, -1.000000000000000000, -0.000000000000000000 ) ) ;
#365 = DIRECTION ( 'NONE',  ( 0.000000000000000000, -0.000000000000000000, 1.000000000000000000 ) ) ;
#366 = ORIENTED_EDGE ( 'NONE', *, *, #482, .T. ) ;
#367 = ORIENTED_EDGE ( 'NONE', *, *, #1910, .F. ) ;
#368 = DIRECTION ( 'NONE',  ( 0.000000000000000000, 0.000000000000000000, 1.000000000000000000 ) ) ;
#369 = CARTESIAN_POINT ( 'NONE',  ( -6.891114167750215349E-15, 1.300000000000000044, -1.249999999999999556 ) ) ;
#370 = VERTEX_POINT ( 'NONE', #1447 ) ;
#371 = CARTESIAN_POINT ( 'NONE',  ( 1.999999999999993117, 0.000000000000000000, -1.250000000000006883 ) ) ;
#372 = DIRECTION ( 'NONE',  ( -0.000000000000000000, -1.000000000000000000, -0.000000000000000000 ) ) ;
#373 = EDGE_LOOP ( 'NONE', ( #3335, #3773 ) ) ;
#374 = ORIENTED_EDGE ( 'NONE', *, *, #2584, .F. ) ;
#375 = DIRECTION ( 'NONE',  ( 0.000000000000000000, 0.000000000000000000, 1.000000000000000000 ) ) ;
#376 = LINE ( 'NONE', #3235, #3626 ) ;
#377 = ORIENTED_EDGE ( 'NONE', *, *, #16, .F. ) ;
#378 = FACE_OUTER_BOUND ( 'NONE', #3184, .T. ) ;
#379 = VERTEX_POINT ( 'NONE', #814 ) ;
#380 = DIRECTION ( 'NONE',  ( -0.000000000000000000, -1.000000000000000000, -0.000000000000000000 ) ) ;
#381 = DIRECTION ( 'NONE',  ( 0.1036060842594564158, 0.000000000000000000, 0.9946184088907777943 ) ) ;
#382 = ORIENTED_EDGE ( 'NONE', *, *, #4118, .F. ) ;
#383 = ORIENTED_EDGE ( 'NONE', *, *, #212, .F. ) ;
#384 = AXIS2_PLACEMENT_3D ( 'NONE', #1488, #2714, #2751 ) ;
#385 = EDGE_CURVE ( 'NONE', #2123, #2333, #251, .T. ) ;
#386 = DIRECTION ( 'NONE',  ( 1.000000000000000000, 0.000000000000000000, -3.469446951953612611E-15 ) ) ;
#387 = CARTESIAN_POINT ( 'NONE',  ( 3.999999999999986233, 1.300000000000000044, -3.250000000000013767 ) ) ;
#388 = DIRECTION ( 'NONE',  ( 0.000000000000000000, 0.000000000000000000, 1.000000000000000000 ) ) ;
#389 = CARTESIAN_POINT ( 'NONE',  ( 5.999999999999986677, 0.000000000000000000, -4.000000000000022204 ) ) ;
#390 = AXIS2_PLACEMENT_3D ( 'NONE', #1823, #817, #4066 ) ;
#391 = ORIENTED_EDGE ( 'NONE', *, *, #3646, .F. ) ;
#392 = CIRCLE ( 'NONE', #325, 7.800000000000004263 ) ;
#393 = DIRECTION ( 'NONE',  ( 0.000000000000000000, 0.000000000000000000, 1.000000000000000000 ) ) ;
#394 = DIRECTION ( 'NONE',  ( 0.000000000000000000, 0.000000000000000000, 1.000000000000000000 ) ) ;
#395 = EDGE_CURVE ( 'NONE', #718, #1327, #3069, .T. ) ;
#396 = ORIENTED_EDGE ( 'NONE', *, *, #2052, .T. ) ;
#397 = AXIS2_PLACEMENT_3D ( 'NONE', #3344, #1394, #2686 ) ;
#398 = AXIS2_PLACEMENT_3D ( 'NONE', #3333, #1046, #1366 ) ;
#399 = ORIENTED_EDGE ( 'NONE', *, *, #3727, .F. ) ;
#400 = VECTOR ( 'NONE', #3132, 1000.000000000000000 ) ;
#401 = DIRECTION ( 'NONE',  ( 0.000000000000000000, 0.000000000000000000, 1.000000000000000000 ) ) ;
#402 = FACE_OUTER_BOUND ( 'NONE', #1642, .T. ) ;
#403 = ORIENTED_EDGE ( 'NONE', *, *, #3530, .T. ) ;
#404 = CARTESIAN_POINT ( 'NONE',  ( 0.000000000000000000, 1.300000000000000044, 0.000000000000000000 ) ) ;
#405 = ORIENTED_EDGE ( 'NONE', *, *, #3867, .T. ) ;
#406 = AXIS2_PLACEMENT_3D ( 'NONE', #3693, #1796, #1056 ) ;
#407 = AXIS2_PLACEMENT_3D ( 'NONE', #440, #3020, #787 ) ;
#408 = LINE ( 'NONE', #1659, #3713 ) ;
#409 = DIRECTION ( 'NONE',  ( 0.000000000000000000, 1.000000000000000000, 0.000000000000000000 ) ) ;
#410 = ORIENTED_EDGE ( 'NONE', *, *, #3744, .F. ) ;
#411 = ADVANCED_FACE ( 'NONE', ( #2776 ), #2101, .F. ) ;
#412 = ORIENTED_EDGE ( 'NONE', *, *, #2356, .T. ) ;
#413 = VECTOR ( 'NONE', #3515, 1000.000000000000000 ) ;
#414 = DIRECTION ( 'NONE',  ( -0.000000000000000000, -1.000000000000000000, -0.000000000000000000 ) ) ;
#415 = CARTESIAN_POINT ( 'NONE',  ( 5.718151000632894387, 3.621320343559645494, -5.304973999367113002 ) ) ;
#416 = DIRECTION ( 'NONE',  ( 0.000000000000000000, 1.000000000000000000, 0.000000000000000000 ) ) ;
#417 = EDGE_LOOP ( 'NONE', ( #980, #4099 ) ) ;
#418 = AXIS2_PLACEMENT_3D ( 'NONE', #2741, #822, #1193 ) ;
#419 = ORIENTED_EDGE ( 'NONE', *, *, #3535, .T. ) ;
#420 = EDGE_CURVE ( 'NONE', #850, #7, #1462, .T. ) ;
#421 = EDGE_CURVE ( 'NONE', #2483, #3378, #1873, .T. ) ;
#422 = AXIS2_PLACEMENT_3D ( 'NONE', #3536, #1982, #666 ) ;
#423 = DIRECTION ( 'NONE',  ( 0.000000000000000000, 1.000000000000000000, 0.000000000000000000 ) ) ;
#424 = DIRECTION ( 'NONE',  ( -0.000000000000000000, -1.000000000000000000, -0.000000000000000000 ) ) ;
#425 = EDGE_CURVE ( 'NONE', #882, #1975, #3490, .T. ) ;
#426 = ORIENTED_EDGE ( 'NONE', *, *, #4159, .F. ) ;
#427 = ORIENTED_EDGE ( 'NONE', *, *, #2526, .T. ) ;
#428 = EDGE_CURVE ( 'NONE', #1407, #2345, #3296, .T. ) ;
#429 = DIRECTION ( 'NONE',  ( 0.000000000000000000, 1.000000000000000000, 0.000000000000000000 ) ) ;
#430 = DIRECTION ( 'NONE',  ( 0.000000000000000000, 0.000000000000000000, 1.000000000000000000 ) ) ;
#431 = CARTESIAN_POINT ( 'NONE',  ( -3.999999999999979128, 1.300000000000000044, 2.000000000000042633 ) ) ;
#432 = EDGE_LOOP ( 'NONE', ( #733, #2083, #991, #1773 ) ) ;
#433 = CARTESIAN_POINT ( 'NONE',  ( -2.999999999999994671, 1.500000000000000000, 7.200000000000006395 ) ) ;
#434 = DIRECTION ( 'NONE',  ( 0.000000000000000000, 1.000000000000000000, 0.000000000000000000 ) ) ;
#435 = EDGE_CURVE ( 'NONE', #919, #3075, #185, .T. ) ;
#436 = ORIENTED_EDGE ( 'NONE', *, *, #435, .T. ) ;
#437 = ORIENTED_EDGE ( 'NONE', *, *, #2229, .F. ) ;
#438 = CARTESIAN_POINT ( 'NONE',  ( 7.767343750000003766, 3.621320343559645494, 0.7130014511457506421 ) ) ;
#439 = DIRECTION ( 'NONE',  ( 0.000000000000000000, 0.000000000000000000, 1.000000000000000000 ) ) ;
#440 = CARTESIAN_POINT ( 'NONE',  ( 1.999999999999979128, 3.621320343559645494, -6.000000000000007105 ) ) ;
#441 = ORIENTED_EDGE ( 'NONE', *, *, #605, .F. ) ;
#442 =( LENGTH_UNIT ( ) NAMED_UNIT ( * ) SI_UNIT ( .MILLI., .METRE. ) );
#443 = EDGE_LOOP ( 'NONE', ( #426, #8, #2706, #1909 ) ) ;
#444 = ORIENTED_EDGE ( 'NONE', *, *, #1318, .T. ) ;
#445 = EDGE_CURVE ( 'NONE', #1369, #3266, #1261, .T. ) ;
#446 = DIRECTION ( 'NONE',  ( 0.000000000000000000, 1.000000000000000000, 0.000000000000000000 ) ) ;
#447 = DIRECTION ( 'NONE',  ( -0.000000000000000000, -1.000000000000000000, -0.000000000000000000 ) ) ;
#448 = LINE ( 'NONE', #127, #1340 ) ;
#449 = DIRECTION ( 'NONE',  ( -0.000000000000000000, -1.000000000000000000, -0.000000000000000000 ) ) ;
#450 = ORIENTED_EDGE ( 'NONE', *, *, #2894, .F. ) ;
#451 = PLANE ( 'NONE',  #2013 ) ;
#452 = DIRECTION ( 'NONE',  ( 0.000000000000000000, 0.000000000000000000, -1.000000000000000000 ) ) ;
#453 = ORIENTED_EDGE ( 'NONE', *, *, #2097, .T. ) ;
#454 = ORIENTED_EDGE ( 'NONE', *, *, #385, .T. ) ;
#455 =( NAMED_UNIT ( * ) PLANE_ANGLE_UNIT ( ) SI_UNIT ( $, .RADIAN. ) );
#456 = DIRECTION ( 'NONE',  ( 0.000000000000000000, 0.000000000000000000, -1.000000000000000000 ) ) ;
#457 = CARTESIAN_POINT ( 'NONE',  ( -4.000000000000000888, 1.300000000000000044, -3.249999999999999112 ) ) ;
#458 = VERTEX_POINT ( 'NONE', #106 ) ;
#459 = VECTOR ( 'NONE', #128, 1000.000000000000000 ) ;
#460 = VECTOR ( 'NONE', #197, 1000.000000000000000 ) ;
#461 =( NAMED_UNIT ( * ) SI_UNIT ( $, .STERADIAN. ) SOLID_ANGLE_UNIT ( ) );
#462 = ORIENTED_EDGE ( 'NONE', *, *, #3666, .T. ) ;
#463 = ORIENTED_EDGE ( 'NONE', *, *, #3282, .F. ) ;
#464 = PLANE ( 'NONE',  #2563 ) ;
#465 = DIRECTION ( 'NONE',  ( -0.000000000000000000, -1.000000000000000000, -0.000000000000000000 ) ) ;
#466 = CIRCLE ( 'NONE', #2833, 0.7500000000000003331 ) ;
#467 = AXIS2_PLACEMENT_3D ( 'NONE', #542, #501, #4075 ) ;
#468 = DIRECTION ( 'NONE',  ( 0.000000000000000000, 0.000000000000000000, -1.000000000000000000 ) ) ;
#469 = ADVANCED_FACE ( 'NONE', ( #2396 ), #1398, .T. ) ;
#470 = DIRECTION ( 'NONE',  ( 0.000000000000000000, 1.000000000000000000, 0.000000000000000000 ) ) ;
#471 = EDGE_CURVE ( 'NONE', #3477, #2880, #3682, .T. ) ;
#472 = EDGE_CURVE ( 'NONE', #3893, #2402, #3537, .T. ) ;
#473 = CIRCLE ( 'NONE', #1952, 7.800000000000004263 ) ;
#474 = AXIS2_PLACEMENT_3D ( 'NONE', #2191, #3475, #1868 ) ;
#475 = DIRECTION ( 'NONE',  ( 0.000000000000000000, 1.000000000000000000, 0.000000000000000000 ) ) ;
#476 = CARTESIAN_POINT ( 'NONE',  ( -6.000000000000000000, 0.000000000000000000, 0.000000000000000000 ) ) ;
#477 = CIRCLE ( 'NONE', #1622, 0.7500000000000006661 ) ;
#478 = ORIENTED_EDGE ( 'NONE', *, *, #2115, .F. ) ;
#479 = VERTEX_POINT ( 'NONE', #948 ) ;
#480 = COLOUR_RGB ( '',0.7921568627450980005, 0.8196078431372548767, 0.9333333333333333481 ) ;
#481 = ADVANCED_FACE ( 'NONE', ( #1278 ), #3836, .T. ) ;
#482 = EDGE_CURVE ( 'NONE', #2095, #4152, #4112, .T. ) ;
#483 = CARTESIAN_POINT ( 'NONE',  ( 5.999999999999986677, 0.000000000000000000, -4.000000000000022204 ) ) ;
#484 = DIRECTION ( 'NONE',  ( 0.000000000000000000, 0.000000000000000000, 1.000000000000000000 ) ) ;
#485 = ORIENTED_EDGE ( 'NONE', *, *, #1293, .F. ) ;
#486 = AXIS2_PLACEMENT_3D ( 'NONE', #4095, #1198, #2487 ) ;
#487 = AXIS2_PLACEMENT_3D ( 'NONE', #20, #1315, #1912 ) ;
#488 = DIRECTION ( 'NONE',  ( 0.000000000000000000, -0.000000000000000000, 1.000000000000000000 ) ) ;
#489 = EDGE_CURVE ( 'NONE', #1184, #4109, #1415, .T. ) ;
#490 = ORIENTED_EDGE ( 'NONE', *, *, #3473, .F. ) ;
#491 = ORIENTED_EDGE ( 'NONE', *, *, #594, .T. ) ;
#492 = AXIS2_PLACEMENT_3D ( 'NONE', #3808, #915, #3483 ) ;
#493 = CYLINDRICAL_SURFACE ( 'NONE', #2498, 0.7500000000000002220 ) ;
#494 = DIRECTION ( 'NONE',  ( 0.000000000000000000, 0.000000000000000000, -1.000000000000000000 ) ) ;
#495 = PLANE ( 'NONE',  #390 ) ;
#496 = DIRECTION ( 'NONE',  ( 0.1036060842594565823, 0.000000000000000000, -0.9946184088907777943 ) ) ;
#497 = DIRECTION ( 'NONE',  ( -0.000000000000000000, -1.000000000000000000, -0.000000000000000000 ) ) ;
#498 = CARTESIAN_POINT ( 'NONE',  ( 2.782089406222294059, 1.500000000000000000, 9.291941700265931914 ) ) ;
#499 = EDGE_LOOP ( 'NONE', ( #2677, #3556, #2422, #184 ) ) ;
#500 = ORIENTED_EDGE ( 'NONE', *, *, #2846, .F. ) ;
#501 = DIRECTION ( 'NONE',  ( 0.000000000000000000, 1.000000000000000000, 0.000000000000000000 ) ) ;
#502 = CARTESIAN_POINT ( 'NONE',  ( 5.999999999999992895, 3.621320343559645494, -2.000000000000021760 ) ) ;
#503 = EDGE_LOOP ( 'NONE', ( #3629, #463 ) ) ;
#504 = CARTESIAN_POINT ( 'NONE',  ( 0.000000000000000000, 0.000000000000000000, 0.000000000000000000 ) ) ;
#505 = ORIENTED_EDGE ( 'NONE', *, *, #1842, .T. ) ;
#506 = ORIENTED_EDGE ( 'NONE', *, *, #2206, .T. ) ;
#507 = CARTESIAN_POINT ( 'NONE',  ( 0.000000000000000000, -3.500000000000000000, -9.699494936611660734 ) ) ;
#508 = DIRECTION ( 'NONE',  ( 0.000000000000000000, 1.000000000000000000, 0.000000000000000000 ) ) ;
#509 = DIRECTION ( 'NONE',  ( -0.000000000000000000, -1.000000000000000000, -0.000000000000000000 ) ) ;
#510 = LINE ( 'NONE', #2398, #38 ) ;
#511 = CYLINDRICAL_SURFACE ( 'NONE', #833, 0.7500000000000003331 ) ;
#512 = DIRECTION ( 'NONE',  ( 0.000000000000000000, 1.000000000000000000, 0.000000000000000000 ) ) ;
#513 = LINE ( 'NONE', #4024, #2983 ) ;
#514 = ORIENTED_EDGE ( 'NONE', *, *, #2650, .F. ) ;
#515 = VERTEX_POINT ( 'NONE', #4178 ) ;
#516 = LINE ( 'NONE', #2465, #2093 ) ;
#517 = FACE_OUTER_BOUND ( 'NONE', #2870, .T. ) ;
#518 = ORIENTED_EDGE ( 'NONE', *, *, #2865, .T. ) ;
#519 = ADVANCED_FACE ( 'NONE', ( #1933 ), #2910, .T. ) ;
#520 = EDGE_CURVE ( 'NONE', #230, #779, #322, .T. ) ;
#521 = CARTESIAN_POINT ( 'NONE',  ( -6.000000000000000000, 3.621320343559645494, 0.000000000000000000 ) ) ;
#522 = VERTEX_POINT ( 'NONE', #3763 ) ;
#523 = EDGE_LOOP ( 'NONE', ( #56, #2204, #2913, #684 ) ) ;
#524 = VECTOR ( 'NONE', #3634, 1000.000000000000000 ) ;
#525 = EDGE_CURVE ( 'NONE', #1459, #3876, #190, .T. ) ;
#526 = DIRECTION ( 'NONE',  ( 0.000000000000000000, 1.000000000000000000, 0.000000000000000000 ) ) ;
#527 = DIRECTION ( 'NONE',  ( 0.000000000000000000, 0.000000000000000000, 1.000000000000000000 ) ) ;
#528 = LINE ( 'NONE', #1448, #2699 ) ;
#529 = AXIS2_PLACEMENT_3D ( 'NONE', #3485, #591, #2620 ) ;
#530 = ORIENTED_EDGE ( 'NONE', *, *, #717, .T. ) ;
#531 = VECTOR ( 'NONE', #2632, 1000.000000000000000 ) ;
#532 = CARTESIAN_POINT ( 'NONE',  ( 3.999999999999993339, 0.000000000000000000, -2.000000000000014211 ) ) ;
#533 = DIRECTION ( 'NONE',  ( 0.000000000000000000, 0.000000000000000000, -1.000000000000000000 ) ) ;
#534 = CARTESIAN_POINT ( 'NONE',  ( 6.000000000000000888, 3.621320343559645494, 4.750000000000000888 ) ) ;
#535 = VERTEX_POINT ( 'NONE', #4156 ) ;
#536 = EDGE_CURVE ( 'NONE', #3412, #3923, #3495, .T. ) ;
#537 = ORIENTED_EDGE ( 'NONE', *, *, #98, .T. ) ;
#538 = CIRCLE ( 'NONE', #397, 0.7500000000000002220 ) ;
#539 = VECTOR ( 'NONE', #858, 1000.000000000000000 ) ;
#540 = VECTOR ( 'NONE', #2890, 1000.000000000000000 ) ;
#541 = EDGE_CURVE ( 'NONE', #866, #1483, #1945, .T. ) ;
#542 = CARTESIAN_POINT ( 'NONE',  ( 0.000000000000000000, 1.300000000000000044, 0.000000000000000000 ) ) ;
#543 = DIRECTION ( 'NONE',  ( 0.000000000000000000, 0.000000000000000000, -1.000000000000000000 ) ) ;
#544 = ORIENTED_EDGE ( 'NONE', *, *, #2531, .T. ) ;
#545 = DIRECTION ( 'NONE',  ( -0.000000000000000000, 1.000000000000000000, -0.000000000000000000 ) ) ;
#546 = ADVANCED_FACE ( 'NONE', ( #2241 ), #1821, .T. ) ;
#547 = AXIS2_PLACEMENT_3D ( 'NONE', #2192, #3757, #1473 ) ;
#548 = ADVANCED_FACE ( 'NONE', ( #2590 ), #3222, .T. ) ;
#549 = ORIENTED_EDGE ( 'NONE', *, *, #482, .F. ) ;
#550 = EDGE_LOOP ( 'NONE', ( #3259, #3760 ) ) ;
#551 = CIRCLE ( 'NONE', #1836, 0.7500000000000003331 ) ;
#552 = DIRECTION ( 'NONE',  ( 0.000000000000000000, 0.000000000000000000, 1.000000000000000000 ) ) ;
#553 = FACE_OUTER_BOUND ( 'NONE', #157, .T. ) ;
#554 = CIRCLE ( 'NONE', #2915, 0.7500000000000006661 ) ;
#555 = DIRECTION ( 'NONE',  ( 0.000000000000000000, 1.000000000000000000, 0.000000000000000000 ) ) ;
#556 = CIRCLE ( 'NONE', #2120, 0.7500000000000003331 ) ;
#557 = DIRECTION ( 'NONE',  ( -0.000000000000000000, -1.000000000000000000, -0.000000000000000000 ) ) ;
#558 = FACE_BOUND ( 'NONE', #4172, .T. ) ;
#559 = DIRECTION ( 'NONE',  ( -0.000000000000000000, -1.000000000000000000, -0.000000000000000000 ) ) ;
#560 = CARTESIAN_POINT ( 'NONE',  ( -1.396592535537253342E-14, 0.000000000000000000, -4.750000000000000888 ) ) ;
#561 = EDGE_LOOP ( 'NONE', ( #4132, #671, #518, #2138 ) ) ;
#562 = EDGE_LOOP ( 'NONE', ( #1474, #2193 ) ) ;
#563 = ADVANCED_FACE ( 'NONE', ( #3203 ), #1255, .T. ) ;
#564 = CARTESIAN_POINT ( 'NONE',  ( 4.000000000000000888, 0.000000000000000000, 6.000000000000000000 ) ) ;
#565 = DIRECTION ( 'NONE',  ( -0.000000000000000000, -1.000000000000000000, -0.000000000000000000 ) ) ;
#566 = ORIENTED_EDGE ( 'NONE', *, *, #4143, .F. ) ;
#567 = DIRECTION ( 'NONE',  ( 0.000000000000000000, 1.000000000000000000, 0.000000000000000000 ) ) ;
#568 = ORIENTED_EDGE ( 'NONE', *, *, #3513, .T. ) ;
#569 = CARTESIAN_POINT ( 'NONE',  ( 6.000000000000000888, 0.000000000000000000, 3.249999999999999112 ) ) ;
#570 = CARTESIAN_POINT ( 'NONE',  ( 0.000000000000000000, 1.300000000000000044, 0.000000000000000000 ) ) ;
#571 = ADVANCED_FACE ( 'NONE', ( #307 ), #1320, .T. ) ;
#572 = DIRECTION ( 'NONE',  ( 0.000000000000000000, 0.000000000000000000, 1.000000000000000000 ) ) ;
#573 = CARTESIAN_POINT ( 'NONE',  ( -7.687830187959637129, 0.000000000000000000, 1.318054248161490971 ) ) ;
#574 = DIRECTION ( 'NONE',  ( 0.000000000000000000, 0.000000000000000000, 1.000000000000000000 ) ) ;
#575 = DIRECTION ( 'NONE',  ( 0.000000000000000000, 0.000000000000000000, 1.000000000000000000 ) ) ;
#576 = ORIENTED_EDGE ( 'NONE', *, *, #1805, .T. ) ;
#577 = ORIENTED_EDGE ( 'NONE', *, *, #2639, .F. ) ;
#579 = EDGE_CURVE ( 'NONE', #3016, #1575, #741, .T. ) ;
#578 = DIRECTION ( 'NONE',  ( 0.000000000000000000, 0.000000000000000000, 1.000000000000000000 ) ) ;
#580 = CYLINDRICAL_SURFACE ( 'NONE', #683, 0.7500000000000015543 ) ;
#581 = EDGE_LOOP ( 'NONE', ( #3123, #3017 ) ) ;
#582 = CARTESIAN_POINT ( 'NONE',  ( 3.916655400733802583, 1.300000000000000044, 6.745354732844137224 ) ) ;
#583 = ORIENTED_EDGE ( 'NONE', *, *, #3283, .T. ) ;
#584 = AXIS2_PLACEMENT_3D ( 'NONE', #1086, #1824, #1762 ) ;
#585 = DIRECTION ( 'NONE',  ( 0.000000000000000000, 1.000000000000000000, 0.000000000000000000 ) ) ;
#586 = EDGE_CURVE ( 'NONE', #3001, #1212, #1549, .T. ) ;
#587 = CARTESIAN_POINT ( 'NONE',  ( 0.000000000000000000, -3.500000000000000000, 0.000000000000000000 ) ) ;
#588 = CARTESIAN_POINT ( 'NONE',  ( 5.999999999999992895, 1.300000000000000044, -2.750000000000021760 ) ) ;
#589 = CARTESIAN_POINT ( 'NONE',  ( 0.000000000000000000, 1.300000000000000044, 0.000000000000000000 ) ) ;
#590 = CIRCLE ( 'NONE', #1678, 7.800000000000004263 ) ;
#591 = DIRECTION ( 'NONE',  ( 0.000000000000000000, 1.000000000000000000, -0.000000000000000000 ) ) ;
#592 = CARTESIAN_POINT ( 'NONE',  ( 0.000000000000000000, 0.000000000000000000, 0.000000000000000000 ) ) ;
#593 = EDGE_CURVE ( 'NONE', #3096, #663, #1896, .T. ) ;
#594 = EDGE_CURVE ( 'NONE', #3679, #3016, #1709, .T. ) ;
#595 = EDGE_CURVE ( 'NONE', #370, #596, #3004, .T. ) ;
#596 = VERTEX_POINT ( 'NONE', #114 ) ;
#597 = ORIENTED_EDGE ( 'NONE', *, *, #2852, .F. ) ;
#598 = AXIS2_PLACEMENT_3D ( 'NONE', #1963, #747, #1286 ) ;
#599 = CIRCLE ( 'NONE', #2426, 0.7500000000000003331 ) ;
#600 = CARTESIAN_POINT ( 'NONE',  ( 0.000000000000000000, -3.500000000000000000, 2.250000000000000000 ) ) ;
#601 = CARTESIAN_POINT ( 'NONE',  ( -5.718151000632913039, 0.000000000000000000, -5.304973999367091686 ) ) ;
#602 = CIRCLE ( 'NONE', #2895, 0.7500000000000002220 ) ;
#603 = AXIS2_PLACEMENT_3D ( 'NONE', #3311, #2651, #3616 ) ;
#604 = ORIENTED_EDGE ( 'NONE', *, *, #3113, .T. ) ;
#605 = EDGE_CURVE ( 'NONE', #1327, #3021, #261, .T. ) ;
#606 = AXIS2_PLACEMENT_3D ( 'NONE', #3820, #1226, #232 ) ;
#607 = AXIS2_PLACEMENT_3D ( 'NONE', #39, #1996, #2063 ) ;
#608 = CARTESIAN_POINT ( 'NONE',  ( 4.720075368496956081, 1.300000000000000044, -6.209741421002030748 ) ) ;
#609 = CARTESIAN_POINT ( 'NONE',  ( 5.999999999999986677, 0.000000000000000000, -4.000000000000022204 ) ) ;
#610 = CARTESIAN_POINT ( 'NONE',  ( 0.000000000000000000, 1.300000000000000044, 0.000000000000000000 ) ) ;
#611 = VERTEX_POINT ( 'NONE', #1097 ) ;
#612 = AXIS2_PLACEMENT_3D ( 'NONE', #1478, #2793, #2451 ) ;
#613 = CIRCLE ( 'NONE', #1222, 0.7499999999999981126 ) ;
#614 = DIRECTION ( 'NONE',  ( -0.000000000000000000, -1.000000000000000000, -0.000000000000000000 ) ) ;
#615 = EDGE_CURVE ( 'NONE', #3378, #2483, #745, .T. ) ;
#616 = CARTESIAN_POINT ( 'NONE',  ( -6.000000000000000888, 3.621320343559645494, -4.000000000000000000 ) ) ;
#617 = CIRCLE ( 'NONE', #2379, 2.250000000000000000 ) ;
#618 = CARTESIAN_POINT ( 'NONE',  ( -5.999999999999958256, 1.300000000000000044, 4.000000000000063061 ) ) ;
#619 = FACE_OUTER_BOUND ( 'NONE', #2723, .T. ) ;
#620 = VECTOR ( 'NONE', #2520, 1000.000000000000000 ) ;
#621 = CARTESIAN_POINT ( 'NONE',  ( 4.000000000000000000, 0.000000000000000000, 0.7500000000000003331 ) ) ;
#622 = ORIENTED_EDGE ( 'NONE', *, *, #1055, .F. ) ;
#623 = ORIENTED_EDGE ( 'NONE', *, *, #536, .T. ) ;
#624 = AXIS2_PLACEMENT_3D ( 'NONE', #691, #2854, #3496 ) ;
#625 = DIRECTION ( 'NONE',  ( 0.000000000000000000, 0.000000000000000000, 1.000000000000000000 ) ) ;
#626 = CARTESIAN_POINT ( 'NONE',  ( 0.000000000000000000, -3.500000000000000000, 0.000000000000000000 ) ) ;
#627 = ORIENTED_EDGE ( 'NONE', *, *, #2115, .T. ) ;
#628 = CARTESIAN_POINT ( 'NONE',  ( -6.000000000000000888, 0.000000000000000000, -6.000000000000000000 ) ) ;
#629 = DIRECTION ( 'NONE',  ( 0.000000000000000000, 1.000000000000000000, 0.000000000000000000 ) ) ;
#630 = CARTESIAN_POINT ( 'NONE',  ( 0.7130014511457235526, 3.621320343559645494, -7.767343750000006430 ) ) ;
#631 = VERTEX_POINT ( 'NONE', #2025 ) ;
#632 = CARTESIAN_POINT ( 'NONE',  ( -7.403640400275651068, 0.000000000000000000, -2.454813398897415677 ) ) ;
#633 = DIRECTION ( 'NONE',  ( -0.000000000000000000, -1.000000000000000000, -0.000000000000000000 ) ) ;
#634 = CYLINDRICAL_SURFACE ( 'NONE', #2428, 0.7499999999999984457 ) ;
#635 = FACE_BOUND ( 'NONE', #2923, .T. ) ;
#636 = CARTESIAN_POINT ( 'NONE',  ( 4.720075368496961410, 3.621320343559645494, -6.209741421002032524 ) ) ;
#637 = ORIENTED_EDGE ( 'NONE', *, *, #2946, .F. ) ;
#638 = LINE ( 'NONE', #303, #4046 ) ;
#639 = CARTESIAN_POINT ( 'NONE',  ( -4.000000000000000000, 0.000000000000000000, -1.250000000000001554 ) ) ;
#640 = VERTEX_POINT ( 'NONE', #1746 ) ;
#641 = FACE_OUTER_BOUND ( 'NONE', #550, .T. ) ;
#642 = DIRECTION ( 'NONE',  ( 0.000000000000000000, 1.000000000000000000, -0.000000000000000000 ) ) ;
#643 = FACE_OUTER_BOUND ( 'NONE', #3493, .T. ) ;
#644 = EDGE_CURVE ( 'NONE', #3412, #1677, #3604, .T. ) ;
#645 = VERTEX_POINT ( 'NONE', #3968 ) ;
#646 = EDGE_CURVE ( 'NONE', #663, #2350, #2892, .T. ) ;
#647 = VERTEX_POINT ( 'NONE', #2338 ) ;
#648 = DIRECTION ( 'NONE',  ( 0.000000000000000000, 1.000000000000000000, 0.000000000000000000 ) ) ;
#649 = FACE_OUTER_BOUND ( 'NONE', #1597, .T. ) ;
#650 = UNCERTAINTY_MEASURE_WITH_UNIT (LENGTH_MEASURE( 1.000000000000000082E-05 ), #442, 'distance_accuracy_value', 'NONE');
#651 = ADVANCED_FACE ( 'NONE', ( #3019 ), #2070, .T. ) ;
#652 = CARTESIAN_POINT ( 'NONE',  ( 0.000000000000000000, 1.300000000000000044, 0.000000000000000000 ) ) ;
#653 = DIRECTION ( 'NONE',  ( -0.000000000000000000, -1.000000000000000000, -0.000000000000000000 ) ) ;
#654 = ORIENTED_EDGE ( 'NONE', *, *, #3911, .T. ) ;
#655 = CYLINDRICAL_SURFACE ( 'NONE', #2614, 0.7500000000000011102 ) ;
#656 = AXIS2_PLACEMENT_3D ( 'NONE', #3886, #1673, #2960 ) ;
#657 = ORIENTED_EDGE ( 'NONE', *, *, #3911, .F. ) ;
#658 = AXIS2_PLACEMENT_3D ( 'NONE', #795, #2414, #2078 ) ;
#659 = LINE ( 'NONE', #2234, #3984 ) ;
#660 = LINE ( 'NONE', #1298, #1093 ) ;
#661 = ADVANCED_FACE ( 'NONE', ( #3290 ), #3338, .T. ) ;
#662 = ORIENTED_EDGE ( 'NONE', *, *, #2408, .F. ) ;
#663 = VERTEX_POINT ( 'NONE', #1438 ) ;
#664 = AXIS2_PLACEMENT_3D ( 'NONE', #3685, #3369, #1764 ) ;
#665 = EDGE_CURVE ( 'NONE', #824, #210, #1071, .T. ) ;
#666 = DIRECTION ( 'NONE',  ( 1.000000000000000000, 0.000000000000000000, -3.469446951953613006E-15 ) ) ;
#667 = VECTOR ( 'NONE', #372, 1000.000000000000000 ) ;
#668 = AXIS2_PLACEMENT_3D ( 'NONE', #3358, #138, #388 ) ;
#669 = DIRECTION ( 'NONE',  ( 0.000000000000000000, 0.000000000000000000, 1.000000000000000000 ) ) ;
#670 = LINE ( 'NONE', #630, #2440 ) ;
#671 = ORIENTED_EDGE ( 'NONE', *, *, #1045, .T. ) ;
#672 = AXIS2_PLACEMENT_3D ( 'NONE', #3800, #4149, #1617 ) ;
#673 = CARTESIAN_POINT ( 'NONE',  ( -6.209741421002013873, 1.300000000000000044, -4.720075368496977397 ) ) ;
#674 = CIRCLE ( 'NONE', #1556, 0.7500000000000003331 ) ;
#675 = CARTESIAN_POINT ( 'NONE',  ( 6.209741421002006767, 3.621320343559645494, -4.720075368496996049 ) ) ;
#676 = ORIENTED_EDGE ( 'NONE', *, *, #1584, .T. ) ;
#677 = EDGE_CURVE ( 'NONE', #1212, #3001, #1271, .T. ) ;
#678 = CIRCLE ( 'NONE', #2503, 7.800000000000004263 ) ;
#679 = DIRECTION ( 'NONE',  ( 0.000000000000000000, 1.000000000000000000, 0.000000000000000000 ) ) ;
#680 = DIRECTION ( 'NONE',  ( 0.000000000000000000, 0.000000000000000000, 1.000000000000000000 ) ) ;
#681 = EDGE_LOOP ( 'NONE', ( #450, #2434 ) ) ;
#682 = FACE_OUTER_BOUND ( 'NONE', #3141, .T. ) ;
#683 = AXIS2_PLACEMENT_3D ( 'NONE', #828, #3143, #543 ) ;
#684 = ORIENTED_EDGE ( 'NONE', *, *, #87, .T. ) ;
#685 = VECTOR ( 'NONE', #1951, 1000.000000000000000 ) ;
#686 = DIRECTION ( 'NONE',  ( 0.000000000000000000, 0.000000000000000000, 1.000000000000000000 ) ) ;
#687 = CARTESIAN_POINT ( 'NONE',  ( 6.000000000000000888, 3.621320343559645494, 3.249999999999999112 ) ) ;
#688 = ORIENTED_EDGE ( 'NONE', *, *, #3570, .F. ) ;
#689 = ORIENTED_EDGE ( 'NONE', *, *, #3047, .T. ) ;
#690 = CIRCLE ( 'NONE', #3660, 0.7500000000000006661 ) ;
#691 = CARTESIAN_POINT ( 'NONE',  ( 0.000000000000000000, 1.300000000000000044, 0.000000000000000000 ) ) ;
#692 = AXIS2_PLACEMENT_3D ( 'NONE', #273, #3848, #1230 ) ;
#693 = DIRECTION ( 'NONE',  ( 0.000000000000000000, 0.000000000000000000, -1.000000000000000000 ) ) ;
#694 = CYLINDRICAL_SURFACE ( 'NONE', #1501, 0.7500000000000002220 ) ;
#695 = ORIENTED_EDGE ( 'NONE', *, *, #789, .T. ) ;
#696 = CARTESIAN_POINT ( 'NONE',  ( 4.000000000000000888, 1.300000000000000044, 3.249999999999999112 ) ) ;
#697 = FACE_OUTER_BOUND ( 'NONE', #561, .T. ) ;
#698 = EDGE_LOOP ( 'NONE', ( #3695, #209, #2664, #2796 ) ) ;
#699 = ORIENTED_EDGE ( 'NONE', *, *, #267, .T. ) ;
#700 = DIRECTION ( 'NONE',  ( 0.000000000000000000, -0.000000000000000000, 1.000000000000000000 ) ) ;
#701 = FACE_OUTER_BOUND ( 'NONE', #802, .T. ) ;
#702 = ORIENTED_EDGE ( 'NONE', *, *, #798, .F. ) ;
#703 = FACE_OUTER_BOUND ( 'NONE', #562, .T. ) ;
#704 = EDGE_CURVE ( 'NONE', #718, #1416, #2623, .T. ) ;
#705 = VERTEX_POINT ( 'NONE', #2300 ) ;
#706 = CARTESIAN_POINT ( 'NONE',  ( -3.999999999999958256, 1.300000000000000044, 4.000000000000042633 ) ) ;
#707 = DIRECTION ( 'NONE',  ( 0.000000000000000000, -1.000000000000000000, 0.000000000000000000 ) ) ;
#708 = EDGE_LOOP ( 'NONE', ( #21, #2075, #1744, #568 ) ) ;
#709 = VERTEX_POINT ( 'NONE', #3622 ) ;
#710 = ADVANCED_FACE ( 'NONE', ( #3927 ), #1663, .T. ) ;
#711 = DIRECTION ( 'NONE',  ( 0.000000000000000000, 0.000000000000000000, -1.000000000000000000 ) ) ;
#712 = CARTESIAN_POINT ( 'NONE',  ( 6.000000000000000000, 3.621320343559645494, -0.7500000000000003331 ) ) ;
#713 = DIRECTION ( 'NONE',  ( 0.000000000000000000, 0.000000000000000000, -1.000000000000000000 ) ) ;
#714 = VERTEX_POINT ( 'NONE', #2318 ) ;
#715 = DIRECTION ( 'NONE',  ( 0.000000000000000000, 0.000000000000000000, 1.000000000000000000 ) ) ;
#716 = DIRECTION ( 'NONE',  ( -0.000000000000000000, -1.000000000000000000, -0.000000000000000000 ) ) ;
#717 = EDGE_CURVE ( 'NONE', #1280, #1677, #2291, .T. ) ;
#718 = VERTEX_POINT ( 'NONE', #2049 ) ;
#719 = ORIENTED_EDGE ( 'NONE', *, *, #2391, .F. ) ;
#720 = EDGE_CURVE ( 'NONE', #1023, #882, #3268, .T. ) ;
#721 = CARTESIAN_POINT ( 'NONE',  ( 5.999999999999979572, 0.000000000000000000, -6.000000000000022204 ) ) ;
#722 = DIRECTION ( 'NONE',  ( 0.000000000000000000, 0.000000000000000000, -1.000000000000000000 ) ) ;
#723 = ORIENTED_EDGE ( 'NONE', *, *, #3113, .F. ) ;
#724 = CARTESIAN_POINT ( 'NONE',  ( 0.000000000000000000, 1.300000000000000044, 0.000000000000000000 ) ) ;
#725 = ORIENTED_EDGE ( 'NONE', *, *, #1358, .F. ) ;
#726 = EDGE_CURVE ( 'NONE', #3206, #3411, #1687, .T. ) ;
#727 = EDGE_CURVE ( 'NONE', #824, #1092, #2700, .T. ) ;
#728 = ADVANCED_FACE ( 'NONE', ( #1472 ), #1156, .T. ) ;
#729 = AXIS2_PLACEMENT_3D ( 'NONE', #1449, #2738, #1169 ) ;
#730 = CARTESIAN_POINT ( 'NONE',  ( -6.891114167750215349E-15, 0.000000000000000000, -1.249999999999999556 ) ) ;
#731 = DIRECTION ( 'NONE',  ( 0.000000000000000000, 1.000000000000000000, -0.000000000000000000 ) ) ;
#732 = ORIENTED_EDGE ( 'NONE', *, *, #3736, .T. ) ;
#733 = ORIENTED_EDGE ( 'NONE', *, *, #3356, .F. ) ;
#734 = EDGE_CURVE ( 'NONE', #3901, #3006, #1833, .T. ) ;
#735 = DIRECTION ( 'NONE',  ( -0.000000000000000000, -1.000000000000000000, -0.000000000000000000 ) ) ;
#736 = CARTESIAN_POINT ( 'NONE',  ( -4.720075368496917889, 3.621320343559645494, 6.209741421002065387 ) ) ;
#737 = DIRECTION ( 'NONE',  ( 0.000000000000000000, 1.000000000000000000, 0.000000000000000000 ) ) ;
#738 = CARTESIAN_POINT ( 'NONE',  ( -2.000000000000000444, 3.621320343559645494, -2.000000000000000000 ) ) ;
#739 = ORIENTED_EDGE ( 'NONE', *, *, #3731, .F. ) ;
#740 = VECTOR ( 'NONE', #936, 1000.000000000000000 ) ;
#741 = CIRCLE ( 'NONE', #3632, 0.7500000000000002220 ) ;
#742 = ORIENTED_EDGE ( 'NONE', *, *, #862, .F. ) ;
#743 = EDGE_CURVE ( 'NONE', #2811, #714, #816, .T. ) ;
#744 = AXIS2_PLACEMENT_3D ( 'NONE', #3933, #2954, #3561 ) ;
#745 = CIRCLE ( 'NONE', #126, 0.7500000000000002220 ) ;
#746 = SURFACE_STYLE_USAGE ( .BOTH. , #165 ) ;
#747 = DIRECTION ( 'NONE',  ( 0.000000000000000000, 1.000000000000000000, 0.000000000000000000 ) ) ;
#748 = ORIENTED_EDGE ( 'NONE', *, *, #3590, .F. ) ;
#749 = AXIS2_PLACEMENT_3D ( 'NONE', #3469, #3792, #1863 ) ;
#750 = AXIS2_PLACEMENT_3D ( 'NONE', #3829, #904, #2523 ) ;
#751 = ORIENTED_EDGE ( 'NONE', *, *, #301, .F. ) ;
#752 = EDGE_CURVE ( 'NONE', #2758, #1840, #2834, .T. ) ;
#753 = AXIS2_PLACEMENT_3D ( 'NONE', #1397, #2735, #2376 ) ;
#754 = DIRECTION ( 'NONE',  ( 0.000000000000000000, 1.000000000000000000, 0.000000000000000000 ) ) ;
#755 = CARTESIAN_POINT ( 'NONE',  ( -6.982962677686266711E-15, 1.300000000000000044, -2.750000000000000888 ) ) ;
#756 = ORIENTED_EDGE ( 'NONE', *, *, #2583, .T. ) ;
#757 = LINE ( 'NONE', #3596, #3898 ) ;
#758 = VERTEX_POINT ( 'NONE', #3756 ) ;
#759 = MECHANICAL_DESIGN_GEOMETRIC_PRESENTATION_REPRESENTATION (  '', ( #2903 ), #2773 ) ;
#760 = AXIS2_PLACEMENT_3D ( 'NONE', #352, #1321, #2886 ) ;
#761 = DIRECTION ( 'NONE',  ( 0.000000000000000000, -0.000000000000000000, 1.000000000000000000 ) ) ;
#762 = DIRECTION ( 'NONE',  ( -0.000000000000000000, -1.000000000000000000, -0.000000000000000000 ) ) ;
#763 = ORIENTED_EDGE ( 'NONE', *, *, #3729, .F. ) ;
#764 = VERTEX_POINT ( 'NONE', #1197 ) ;
#765 = AXIS2_PLACEMENT_3D ( 'NONE', #1660, #1251, #2524 ) ;
#766 = DIRECTION ( 'NONE',  ( 0.000000000000000000, 0.000000000000000000, 1.000000000000000000 ) ) ;
#767 = DIRECTION ( 'NONE',  ( 0.000000000000000000, 0.000000000000000000, -1.000000000000000000 ) ) ;
#768 = CARTESIAN_POINT ( 'NONE',  ( -2.000000000000000444, 3.621320343559645494, -4.000000000000000000 ) ) ;
#769 = CYLINDRICAL_SURFACE ( 'NONE', #3919, 0.7500000000000006661 ) ;
#770 = AXIS2_PLACEMENT_3D ( 'NONE', #2420, #1850, #4089 ) ;
#771 = EDGE_LOOP ( 'NONE', ( #3002, #4009, #2742, #2887 ) ) ;
#772 = DIRECTION ( 'NONE',  ( 0.000000000000000000, 0.000000000000000000, -1.000000000000000000 ) ) ;
#773 = DIRECTION ( 'NONE',  ( 0.000000000000000000, -0.000000000000000000, 1.000000000000000000 ) ) ;
#774 = ORIENTED_EDGE ( 'NONE', *, *, #334, .F. ) ;
#775 = ORIENTED_EDGE ( 'NONE', *, *, #1273, .F. ) ;
#776 = DIRECTION ( 'NONE',  ( -0.000000000000000000, -1.000000000000000000, -0.000000000000000000 ) ) ;
#777 = DIRECTION ( 'NONE',  ( 0.000000000000000000, 0.000000000000000000, -1.000000000000000000 ) ) ;
#778 = DIRECTION ( 'NONE',  ( -0.000000000000000000, -1.000000000000000000, -0.000000000000000000 ) ) ;
#779 = VERTEX_POINT ( 'NONE', #2116 ) ;
#780 = CARTESIAN_POINT ( 'NONE',  ( -5.999999999999937828, 3.621320343559645494, 6.000000000000063061 ) ) ;
#781 = DIRECTION ( 'NONE',  ( 0.000000000000000000, -0.000000000000000000, 1.000000000000000000 ) ) ;
#782 = ORIENTED_EDGE ( 'NONE', *, *, #3830, .T. ) ;
#783 = ORIENTED_EDGE ( 'NONE', *, *, #3965, .T. ) ;
#784 = DIRECTION ( 'NONE',  ( 0.000000000000000000, 0.000000000000000000, 1.000000000000000000 ) ) ;
#785 = CARTESIAN_POINT ( 'NONE',  ( 5.999999999999986677, 0.000000000000000000, -4.750000000000020428 ) ) ;
#786 = DIRECTION ( 'NONE',  ( -0.000000000000000000, -1.000000000000000000, -0.000000000000000000 ) ) ;
#787 = DIRECTION ( 'NONE',  ( 0.000000000000000000, 0.000000000000000000, -1.000000000000000000 ) ) ;
#788 = ORIENTED_EDGE ( 'NONE', *, *, #3922, .F. ) ;
#789 = EDGE_CURVE ( 'NONE', #1998, #1520, #3437, .T. ) ;
#790 = ADVANCED_FACE ( 'NONE', ( #2133 ), #1811, .T. ) ;
#791 = EDGE_CURVE ( 'NONE', #2359, #2880, #392, .T. ) ;
#792 = ORIENTED_EDGE ( 'NONE', *, *, #3839, .T. ) ;
#793 = VERTEX_POINT ( 'NONE', #827 ) ;
#794 = CARTESIAN_POINT ( 'NONE',  ( 0.000000000000000000, -1.500000000000000000, 0.000000000000000000 ) ) ;
#795 = CARTESIAN_POINT ( 'NONE',  ( -1.396592535537253342E-14, 0.000000000000000000, -4.000000000000000000 ) ) ;
#796 = CARTESIAN_POINT ( 'NONE',  ( 3.999999999999986233, 0.000000000000000000, -4.750000000000015987 ) ) ;
#797 = DIRECTION ( 'NONE',  ( 0.000000000000000000, 0.000000000000000000, 1.000000000000000000 ) ) ;
#798 = EDGE_CURVE ( 'NONE', #2641, #3826, #2222, .T. ) ;
#799 = PLANE ( 'NONE',  #2024 ) ;
#800 = CARTESIAN_POINT ( 'NONE',  ( -7.687830187959651340, 3.621320343559645494, -1.318054248161409703 ) ) ;
#801 = ORIENTED_EDGE ( 'NONE', *, *, #3522, .F. ) ;
#802 = EDGE_LOOP ( 'NONE', ( #367, #975, #2453, #2286 ) ) ;
#803 = AXIS2_PLACEMENT_3D ( 'NONE', #3071, #3728, #3368 ) ;
#804 = EDGE_CURVE ( 'NONE', #3876, #3998, #4177, .T. ) ;
#805 = CARTESIAN_POINT ( 'NONE',  ( -2.999999999999994671, 0.000000000000000000, 7.200000000000006395 ) ) ;
#806 = CARTESIAN_POINT ( 'NONE',  ( 1.999999999999986233, 3.621320343559645494, -4.750000000000006217 ) ) ;
#807 = ORIENTED_EDGE ( 'NONE', *, *, #3107, .T. ) ;
#808 = AXIS2_PLACEMENT_3D ( 'NONE', #818, #2457, #797 ) ;
#809 = VECTOR ( 'NONE', #2690, 1000.000000000000000 ) ;
#810 = VERTEX_POINT ( 'NONE', #3415 ) ;
#811 = EDGE_LOOP ( 'NONE', ( #2334, #2269, #2406, #2504 ) ) ;
#812 = AXIS2_PLACEMENT_3D ( 'NONE', #3821, #3194, #1587 ) ;
#813 = FACE_OUTER_BOUND ( 'NONE', #2711, .T. ) ;
#814 = CARTESIAN_POINT ( 'NONE',  ( -2.000000000000000444, 0.000000000000000000, -2.750000000000000444 ) ) ;
#815 = CIRCLE ( 'NONE', #1342, 0.7500000000000002220 ) ;
#816 = CIRCLE ( 'NONE', #3374, 0.7500000000000006661 ) ;
#817 = DIRECTION ( 'NONE',  ( 0.9946184088907777943, 0.000000000000000000, -0.1036060842594564019 ) ) ;
#818 = CARTESIAN_POINT ( 'NONE',  ( 4.000000000000000000, 0.000000000000000000, 0.000000000000000000 ) ) ;
#819 = CIRCLE ( 'NONE', #3375, 7.800000000000004263 ) ;
#820 = AXIS2_PLACEMENT_3D ( 'NONE', #3961, #1065, #686 ) ;
#821 = DIRECTION ( 'NONE',  ( -0.000000000000000000, -1.000000000000000000, -0.000000000000000000 ) ) ;
#822 = DIRECTION ( 'NONE',  ( -0.000000000000000000, -1.000000000000000000, -0.000000000000000000 ) ) ;
#823 = AXIS2_PLACEMENT_3D ( 'NONE', #1605, #3950, #1102 ) ;
#824 = VERTEX_POINT ( 'NONE', #2788 ) ;
#825 = VERTEX_POINT ( 'NONE', #2175 ) ;
#826 = CIRCLE ( 'NONE', #1565, 0.7500000000000003331 ) ;
#827 = CARTESIAN_POINT ( 'NONE',  ( -5.999999999999979572, 1.300000000000000044, 2.750000000000063949 ) ) ;
#828 = CARTESIAN_POINT ( 'NONE',  ( -3.999999999999937828, 3.621320343559645494, 6.000000000000042633 ) ) ;
#829 = ORIENTED_EDGE ( 'NONE', *, *, #1658, .F. ) ;
#830 = AXIS2_PLACEMENT_3D ( 'NONE', #1386, #3987, #2145 ) ;
#831 = ORIENTED_EDGE ( 'NONE', *, *, #1346, .T. ) ;
#832 = ORIENTED_EDGE ( 'NONE', *, *, #336, .F. ) ;
#833 = AXIS2_PLACEMENT_3D ( 'NONE', #2702, #3945, #2337 ) ;
#834 = FACE_OUTER_BOUND ( 'NONE', #1649, .T. ) ;
#835 = DIRECTION ( 'NONE',  ( 0.000000000000000000, 0.000000000000000000, -1.000000000000000000 ) ) ;
#836 = CIRCLE ( 'NONE', #1511, 0.7500000000000015543 ) ;
#837 = PLANE ( 'NONE',  #1948 ) ;
#838 = DIRECTION ( 'NONE',  ( 0.000000000000000000, 0.000000000000000000, 1.000000000000000000 ) ) ;
#839 = DIRECTION ( 'NONE',  ( 0.000000000000000000, -0.000000000000000000, 1.000000000000000000 ) ) ;
#840 = DIRECTION ( 'NONE',  ( -0.000000000000000000, -1.000000000000000000, -0.000000000000000000 ) ) ;
#841 = EDGE_CURVE ( 'NONE', #3940, #3227, #516, .T. ) ;
#842 = ORIENTED_EDGE ( 'NONE', *, *, #3591, .F. ) ;
#843 = VERTEX_POINT ( 'NONE', #3099 ) ;
#844 = DIRECTION ( 'NONE',  ( 0.000000000000000000, 1.000000000000000000, 0.000000000000000000 ) ) ;
#845 = FACE_OUTER_BOUND ( 'NONE', #1162, .T. ) ;
#846 = ORIENTED_EDGE ( 'NONE', *, *, #1502, .T. ) ;
#847 = EDGE_CURVE ( 'NONE', #3060, #1540, #1881, .T. ) ;
#848 = CARTESIAN_POINT ( 'NONE',  ( 2.755455298081544285E-16, -3.500000000000000000, -2.250000000000000000 ) ) ;
#849 = ORIENTED_EDGE ( 'NONE', *, *, #541, .T. ) ;
#850 = VERTEX_POINT ( 'NONE', #805 ) ;
#851 = CARTESIAN_POINT ( 'NONE',  ( -7.767343750000003766, 1.300000000000000044, 0.7130014511457506421 ) ) ;
#852 = ADVANCED_FACE ( 'NONE', ( #2447 ), #3434, .T. ) ;
#853 = DIRECTION ( 'NONE',  ( 0.000000000000000000, 1.000000000000000000, 0.000000000000000000 ) ) ;
#854 = CARTESIAN_POINT ( 'NONE',  ( 6.000000000000000000, 1.300000000000000044, 0.000000000000000000 ) ) ;
#855 = CARTESIAN_POINT ( 'NONE',  ( -6.982962677686266711E-15, 0.000000000000000000, -2.750000000000000888 ) ) ;
#856 = EDGE_CURVE ( 'NONE', #4152, #2095, #599, .T. ) ;
#857 = LINE ( 'NONE', #3926, #2 ) ;
#858 = DIRECTION ( 'NONE',  ( -0.000000000000000000, -1.000000000000000000, -0.000000000000000000 ) ) ;
#859 = CARTESIAN_POINT ( 'NONE',  ( 3.999999999999986233, 0.000000000000000000, -4.000000000000015099 ) ) ;
#860 = ORIENTED_EDGE ( 'NONE', *, *, #1409, .T. ) ;
#861 = ORIENTED_EDGE ( 'NONE', *, *, #4174, .F. ) ;
#862 = EDGE_CURVE ( 'NONE', #3472, #645, #2962, .T. ) ;
#863 = EDGE_CURVE ( 'NONE', #2393, #1074, #3062, .T. ) ;
#864 = DIRECTION ( 'NONE',  ( 0.000000000000000000, 0.000000000000000000, -1.000000000000000000 ) ) ;
#865 = FACE_OUTER_BOUND ( 'NONE', #1817, .T. ) ;
#866 = VERTEX_POINT ( 'NONE', #2744 ) ;
#867 = FACE_OUTER_BOUND ( 'NONE', #26, .T. ) ;
#868 = ORIENTED_EDGE ( 'NONE', *, *, #87, .F. ) ;
#869 = ORIENTED_EDGE ( 'NONE', *, *, #3744, .T. ) ;
#870 = CIRCLE ( 'NONE', #1676, 7.800000000000004263 ) ;
#871 = DIRECTION ( 'NONE',  ( -0.000000000000000000, -1.000000000000000000, -0.000000000000000000 ) ) ;
#872 = DIRECTION ( 'NONE',  ( 0.000000000000000000, 0.000000000000000000, -1.000000000000000000 ) ) ;
#873 = CARTESIAN_POINT ( 'NONE',  ( -4.000000000000000000, 3.621320343559645494, 0.000000000000000000 ) ) ;
#874 = AXIS2_PLACEMENT_3D ( 'NONE', #3545, #1974, #3260 ) ;
#875 = CARTESIAN_POINT ( 'NONE',  ( 5.999999999999986677, 3.621320343559645494, -4.750000000000019540 ) ) ;
#876 = ADVANCED_FACE ( 'NONE', ( #2254 ), #3814, .T. ) ;
#877 = DIRECTION ( 'NONE',  ( 1.000000000000000000, 0.000000000000000000, -3.469446951953613006E-15 ) ) ;
#878 = FACE_BOUND ( 'NONE', #1105, .T. ) ;
#879 = LINE ( 'NONE', #2442, #1351 ) ;
#880 = DIRECTION ( 'NONE',  ( -0.000000000000000000, -1.000000000000000000, -0.000000000000000000 ) ) ;
#881 = ORIENTED_EDGE ( 'NONE', *, *, #2362, .F. ) ;
#882 = VERTEX_POINT ( 'NONE', #1891 ) ;
#883 = AXIS2_PLACEMENT_3D ( 'NONE', #2007, #2263, #83 ) ;
#884 = AXIS2_PLACEMENT_3D ( 'NONE', #2413, #105, #2395 ) ;
#885 = DIRECTION ( 'NONE',  ( 0.000000000000000000, 1.000000000000000000, 0.000000000000000000 ) ) ;
#886 = CARTESIAN_POINT ( 'NONE',  ( 1.999999999999993117, 0.000000000000000000, -2.750000000000007550 ) ) ;
#887 = VERTEX_POINT ( 'NONE', #600 ) ;
#888 = CIRCLE ( 'NONE', #2370, 7.800000000000004263 ) ;
#889 = DIRECTION ( 'NONE',  ( 0.000000000000000000, -1.000000000000000000, 0.000000000000000000 ) ) ;
#890 = EDGE_CURVE ( 'NONE', #2613, #714, #638, .T. ) ;
#891 = EDGE_LOOP ( 'NONE', ( #3601, #623 ) ) ;
#892 = CIRCLE ( 'NONE', #3249, 0.7500000000000006661 ) ;
#893 = PLANE ( 'NONE',  #3239 ) ;
#894 = DIRECTION ( 'NONE',  ( 0.000000000000000000, 0.000000000000000000, -1.000000000000000000 ) ) ;
#895 = CIRCLE ( 'NONE', #3185, 0.7500000000000002220 ) ;
#896 = ORIENTED_EDGE ( 'NONE', *, *, #3210, .F. ) ;
#897 = VECTOR ( 'NONE', #557, 1000.000000000000000 ) ;
#898 = DIRECTION ( 'NONE',  ( 0.000000000000000000, 1.000000000000000000, 0.000000000000000000 ) ) ;
#899 = DIRECTION ( 'NONE',  ( 0.000000000000000000, 1.000000000000000000, 0.000000000000000000 ) ) ;
#900 = DIRECTION ( 'NONE',  ( -0.000000000000000000, -1.000000000000000000, -0.000000000000000000 ) ) ;
#901 = DIRECTION ( 'NONE',  ( -1.000000000000000000, 0.000000000000000000, 1.040834085586085834E-14 ) ) ;
#902 = ORIENTED_EDGE ( 'NONE', *, *, #2802, .T. ) ;
#903 = VERTEX_POINT ( 'NONE', #4113 ) ;
#904 = DIRECTION ( 'NONE',  ( 0.000000000000000000, 1.000000000000000000, 0.000000000000000000 ) ) ;
#905 = DIRECTION ( 'NONE',  ( 0.000000000000000000, 1.000000000000000000, 0.000000000000000000 ) ) ;
#906 = VERTEX_POINT ( 'NONE', #2565 ) ;
#907 = EDGE_CURVE ( 'NONE', #843, #2266, #3306, .T. ) ;
#908 = DIRECTION ( 'NONE',  ( -0.000000000000000000, -1.000000000000000000, -0.000000000000000000 ) ) ;
#909 = ORIENTED_EDGE ( 'NONE', *, *, #1318, .F. ) ;
#910 = ADVANCED_FACE ( 'NONE', ( #1929 ), #1577, .T. ) ;
#911 = EDGE_CURVE ( 'NONE', #90, #2765, #195, .T. ) ;
#912 = EDGE_CURVE ( 'NONE', #903, #1114, #2896, .T. ) ;
#913 = LINE ( 'NONE', #3193, #3313 ) ;
#914 = CARTESIAN_POINT ( 'NONE',  ( -2.000000000000000888, 3.621320343559645494, -6.000000000000000000 ) ) ;
#915 = DIRECTION ( 'NONE',  ( -0.000000000000000000, -1.000000000000000000, -0.000000000000000000 ) ) ;
#916 = FACE_BOUND ( 'NONE', #3438, .T. ) ;
#917 = DIRECTION ( 'NONE',  ( 0.000000000000000000, 1.000000000000000000, 0.000000000000000000 ) ) ;
#918 = DIRECTION ( 'NONE',  ( 0.000000000000000000, 1.000000000000000000, 0.000000000000000000 ) ) ;
#919 = VERTEX_POINT ( 'NONE', #2506 ) ;
#920 = EDGE_CURVE ( 'NONE', #458, #709, #58, .T. ) ;
#921 = ORIENTED_EDGE ( 'NONE', *, *, #541, .F. ) ;
#922 = DIRECTION ( 'NONE',  ( 0.000000000000000000, 0.000000000000000000, 1.000000000000000000 ) ) ;
#923 = CARTESIAN_POINT ( 'NONE',  ( -6.209741421001973016, 0.000000000000000000, 4.720075368497037793 ) ) ;
#924 = VERTEX_POINT ( 'NONE', #2867 ) ;
#925 = EDGE_CURVE ( 'NONE', #1661, #2359, #659, .T. ) ;
#926 = LINE ( 'NONE', #3834, #4003 ) ;
#927 = DIRECTION ( 'NONE',  ( -0.000000000000000000, -1.000000000000000000, -0.000000000000000000 ) ) ;
#928 = ORIENTED_EDGE ( 'NONE', *, *, #3261, .F. ) ;
#929 = CIRCLE ( 'NONE', #2952, 0.7500000000000006661 ) ;
#930 = CARTESIAN_POINT ( 'NONE',  ( -2.000000000000000444, 1.300000000000000044, -2.000000000000000000 ) ) ;
#931 = CYLINDRICAL_SURFACE ( 'NONE', #3979, 0.7499999999999981126 ) ;
#932 = AXIS2_PLACEMENT_3D ( 'NONE', #1760, #3085, #1428 ) ;
#933 = CARTESIAN_POINT ( 'NONE',  ( -2.094888803305880013E-14, 1.300000000000000044, -6.000000000000000000 ) ) ;
#934 = FACE_BOUND ( 'NONE', #3401, .T. ) ;
#935 = CIRCLE ( 'NONE', #2221, 0.7499999999999984457 ) ;
#936 = DIRECTION ( 'NONE',  ( -0.000000000000000000, -1.000000000000000000, -0.000000000000000000 ) ) ;
#937 = ORIENTED_EDGE ( 'NONE', *, *, #158, .F. ) ;
#938 = EDGE_LOOP ( 'NONE', ( #1521, #1776 ) ) ;
#939 = AXIS2_PLACEMENT_3D ( 'NONE', #587, #3790, #2197 ) ;
#940 = AXIS2_PLACEMENT_3D ( 'NONE', #1854, #3142, #1131 ) ;
#941 = DIRECTION ( 'NONE',  ( -0.000000000000000000, -1.000000000000000000, -0.000000000000000000 ) ) ;
#942 = CARTESIAN_POINT ( 'NONE',  ( 6.745354732844122125, 3.621320343559645494, -3.916655400733826120 ) ) ;
#943 = CIRCLE ( 'NONE', #1755, 7.800000000000004263 ) ;
#944 = AXIS2_PLACEMENT_3D ( 'NONE', #2168, #2740, #533 ) ;
#945 = EDGE_LOOP ( 'NONE', ( #751, #254 ) ) ;
#946 = CIRCLE ( 'NONE', #203, 7.800000000000004263 ) ;
#947 = CARTESIAN_POINT ( 'NONE',  ( 0.7130014511457192228, 1.300000000000000044, -7.767343750000007319 ) ) ;
#948 = CARTESIAN_POINT ( 'NONE',  ( -2.000000000000000888, 0.000000000000000000, -5.249999999999999112 ) ) ;
#949 = DIRECTION ( 'NONE',  ( 0.000000000000000000, 1.000000000000000000, 0.000000000000000000 ) ) ;
#950 = ORIENTED_EDGE ( 'NONE', *, *, #4017, .T. ) ;
#951 = CIRCLE ( 'NONE', #1763, 9.699494936611660734 ) ;
#952 = DIRECTION ( 'NONE',  ( 0.000000000000000000, 0.000000000000000000, 1.000000000000000000 ) ) ;
#953 = CARTESIAN_POINT ( 'NONE',  ( -4.000000000000000000, 0.000000000000000000, 0.7500000000000003331 ) ) ;
#954 = DIRECTION ( 'NONE',  ( 0.000000000000000000, 1.000000000000000000, 0.000000000000000000 ) ) ;
#955 = FACE_BOUND ( 'NONE', #4022, .T. ) ;
#956 = AXIS2_PLACEMENT_3D ( 'NONE', #45, #1172, #1028 ) ;
#957 = LINE ( 'NONE', #315, #3097 ) ;
#958 = ORIENTED_EDGE ( 'NONE', *, *, #1420, .T. ) ;
#959 = EDGE_CURVE ( 'NONE', #4180, #2402, #3040, .T. ) ;
#960 = ADVANCED_FACE ( 'NONE', ( #1911 ), #3216, .T. ) ;
#961 = DIRECTION ( 'NONE',  ( -0.000000000000000000, -1.000000000000000000, -0.000000000000000000 ) ) ;
#962 = CARTESIAN_POINT ( 'NONE',  ( 0.000000000000000000, 1.500000000000000000, 0.000000000000000000 ) ) ;
#963 = ORIENTED_EDGE ( 'NONE', *, *, #3845, .F. ) ;
#964 = CARTESIAN_POINT ( 'NONE',  ( 0.000000000000000000, -3.500000000000000000, 0.000000000000000000 ) ) ;
#965 = DIRECTION ( 'NONE',  ( 0.000000000000000000, 1.000000000000000000, 0.000000000000000000 ) ) ;
#966 = DIRECTION ( 'NONE',  ( -0.000000000000000000, -1.000000000000000000, -0.000000000000000000 ) ) ;
#967 = ORIENTED_EDGE ( 'NONE', *, *, #1045, .F. ) ;
#968 = EDGE_CURVE ( 'NONE', #3082, #3254, #2837, .T. ) ;
#969 = DIRECTION ( 'NONE',  ( 0.000000000000000000, 1.000000000000000000, 0.000000000000000000 ) ) ;
#970 = CARTESIAN_POINT ( 'NONE',  ( -7.687830187959651340, 1.300000000000000044, -1.318054248161409703 ) ) ;
#971 = DIRECTION ( 'NONE',  ( 0.000000000000000000, 1.000000000000000000, 0.000000000000000000 ) ) ;
#972 = CARTESIAN_POINT ( 'NONE',  ( -5.999999999999979572, 0.000000000000000000, 2.750000000000063949 ) ) ;
#973 = ORIENTED_EDGE ( 'NONE', *, *, #2347, .T. ) ;
#974 = CARTESIAN_POINT ( 'NONE',  ( 4.000000000000000000, 1.300000000000000044, 2.000000000000000000 ) ) ;
#975 = ORIENTED_EDGE ( 'NONE', *, *, #3607, .T. ) ;
#976 = EDGE_CURVE ( 'NONE', #2619, #3679, #1557, .T. ) ;
#977 = DIRECTION ( 'NONE',  ( 0.000000000000000000, 1.000000000000000000, 0.000000000000000000 ) ) ;
#978 = PLANE ( 'NONE',  #3723 ) ;
#979 = ORIENTED_EDGE ( 'NONE', *, *, #3153, .T. ) ;
#980 = ORIENTED_EDGE ( 'NONE', *, *, #920, .T. ) ;
#981 = CARTESIAN_POINT ( 'NONE',  ( 6.745354732844122125, 0.000000000000000000, -3.916655400733826120 ) ) ;
#982 = CARTESIAN_POINT ( 'NONE',  ( -6.745354732844095480, 3.621320343559645494, 3.916655400733872749 ) ) ;
#983 = CARTESIAN_POINT ( 'NONE',  ( -6.000000000000000000, 3.621320343559645494, 0.7500000000000003331 ) ) ;
#984 = VERTEX_POINT ( 'NONE', #343 ) ;
#985 = CARTESIAN_POINT ( 'NONE',  ( -6.000000000000000888, 1.300000000000000044, -3.249999999999999112 ) ) ;
#986 = CARTESIAN_POINT ( 'NONE',  ( -6.891114167750215349E-15, 3.621320343559645494, -1.249999999999999778 ) ) ;
#987 = CARTESIAN_POINT ( 'NONE',  ( 5.999999999999992895, 1.300000000000000044, -2.000000000000021760 ) ) ;
#988 = CARTESIAN_POINT ( 'NONE',  ( -4.000000000000000888, 1.300000000000000044, -6.000000000000000000 ) ) ;
#989 = ORIENTED_EDGE ( 'NONE', *, *, #3106, .T. ) ;
#990 = DIRECTION ( 'NONE',  ( 0.000000000000000000, 0.000000000000000000, 1.000000000000000000 ) ) ;
#991 = ORIENTED_EDGE ( 'NONE', *, *, #2530, .T. ) ;
#992 = AXIS2_PLACEMENT_3D ( 'NONE', #1268, #3197, #4190 ) ;
#993 = CIRCLE ( 'NONE', #3367, 0.7500000000000003331 ) ;
#994 = FACE_OUTER_BOUND ( 'NONE', #417, .T. ) ;
#995 = CARTESIAN_POINT ( 'NONE',  ( -4.000000000000000888, 0.000000000000000000, -3.249999999999999112 ) ) ;
#996 = ORIENTED_EDGE ( 'NONE', *, *, #1596, .F. ) ;
#997 = ORIENTED_EDGE ( 'NONE', *, *, #2019, .F. ) ;
#998 = AXIS2_PLACEMENT_3D ( 'NONE', #1010, #2640, #52 ) ;
#999 = DIRECTION ( 'NONE',  ( -0.000000000000000000, -1.000000000000000000, -0.000000000000000000 ) ) ;
#1000 = CIRCLE ( 'NONE', #3563, 7.800000000000004263 ) ;
#1001 = AXIS2_PLACEMENT_3D ( 'NONE', #768, #1002, #1412 ) ;
#1002 = DIRECTION ( 'NONE',  ( -0.000000000000000000, -1.000000000000000000, -0.000000000000000000 ) ) ;
#1003 = CARTESIAN_POINT ( 'NONE',  ( 0.000000000000000000, -1.500000000000000000, 0.000000000000000000 ) ) ;
#1004 = ORIENTED_EDGE ( 'NONE', *, *, #3408, .T. ) ;
#1005 = CIRCLE ( 'NONE', #2369, 0.7500000000000002220 ) ;
#1006 = AXIS2_PLACEMENT_3D ( 'NONE', #706, #1089, #2382 ) ;
#1007 = CARTESIAN_POINT ( 'NONE',  ( 3.916655400733802583, 3.621320343559645494, 6.745354732844136336 ) ) ;
#1008 = EDGE_CURVE ( 'NONE', #3382, #2811, #1272, .T. ) ;
#1009 = CIRCLE ( 'NONE', #2836, 0.7500000000000006661 ) ;
#1010 = CARTESIAN_POINT ( 'NONE',  ( 7.999999999999992895, 1.300000000000000044, -2.000000000000028866 ) ) ;
#1011 = EDGE_LOOP ( 'NONE', ( #1602, #1614, #1456, #909 ) ) ;
#1012 = EDGE_LOOP ( 'NONE', ( #3755, #2208 ) ) ;
#1013 = ADVANCED_BREP_SHAPE_REPRESENTATION ( 'spring+piezo', ( #2718, #150 ), #1976 ) ;
#1014 = CARTESIAN_POINT ( 'NONE',  ( 5.999999999999992895, 0.000000000000000000, -2.000000000000021760 ) ) ;
#1015 = DIRECTION ( 'NONE',  ( 0.000000000000000000, 0.000000000000000000, -1.000000000000000000 ) ) ;
#1016 = ORIENTED_EDGE ( 'NONE', *, *, #421, .F. ) ;
#1017 = CARTESIAN_POINT ( 'NONE',  ( 0.000000000000000000, 1.500000000000000000, -9.699494936611660734 ) ) ;
#1018 = EDGE_LOOP ( 'NONE', ( #3275, #860 ) ) ;
#1019 = ADVANCED_FACE ( 'NONE', ( #1559 ), #2585, .T. ) ;
#1020 = AXIS2_PLACEMENT_3D ( 'NONE', #2207, #40, #304 ) ;
#1021 = CARTESIAN_POINT ( 'NONE',  ( -6.000000000000000000, 3.621320343559645494, -0.7500000000000003331 ) ) ;
#1022 = CARTESIAN_POINT ( 'NONE',  ( -2.000000000000000888, 1.300000000000000044, -6.750000000000000888 ) ) ;
#1023 = VERTEX_POINT ( 'NONE', #281 ) ;
#1024 = EDGE_LOOP ( 'NONE', ( #353, #2629 ) ) ;
#1025 = EDGE_CURVE ( 'NONE', #984, #3006, #3783, .T. ) ;
#1026 = APPLICATION_PROTOCOL_DEFINITION ( 'draft international standard', 'automotive_design', 1998, #2219 ) ;
#1027 = AXIS2_PLACEMENT_3D ( 'NONE', #964, #323, #2909 ) ;
#1028 = DIRECTION ( 'NONE',  ( 0.000000000000000000, 0.000000000000000000, 1.000000000000000000 ) ) ;
#1029 = CARTESIAN_POINT ( 'NONE',  ( 4.000000000000000000, 3.621320343559645494, 2.000000000000000000 ) ) ;
#1030 = CARTESIAN_POINT ( 'NONE',  ( 4.000000000000000888, 1.300000000000000044, 4.000000000000000000 ) ) ;
#1031 = ORIENTED_EDGE ( 'NONE', *, *, #118, .T. ) ;
#1032 = ADVANCED_FACE ( 'NONE', ( #3491 ), #2847, .T. ) ;
#1033 = CARTESIAN_POINT ( 'NONE',  ( 3.999999999999993339, 1.300000000000000044, -2.750000000000014655 ) ) ;
#1034 = DIRECTION ( 'NONE',  ( 0.000000000000000000, 1.000000000000000000, 0.000000000000000000 ) ) ;
#1035 = ORIENTED_EDGE ( 'NONE', *, *, #4139, .T. ) ;
#1036 = ORIENTED_EDGE ( 'NONE', *, *, #727, .F. ) ;
#1037 = EDGE_CURVE ( 'NONE', #2697, #192, #330, .T. ) ;
#1038 = EDGE_CURVE ( 'NONE', #3075, #919, #1954, .T. ) ;
#1039 = EDGE_CURVE ( 'NONE', #2956, #177, #2496, .T. ) ;
#1040 = CARTESIAN_POINT ( 'NONE',  ( 1.999999999999972244, 1.300000000000000044, -8.000000000000007105 ) ) ;
#1041 = DIRECTION ( 'NONE',  ( 0.000000000000000000, 0.000000000000000000, -1.000000000000000000 ) ) ;
#1042 = VERTEX_POINT ( 'NONE', #730 ) ;
#1043 = FACE_OUTER_BOUND ( 'NONE', #1444, .T. ) ;
#1044 = ORIENTED_EDGE ( 'NONE', *, *, #1037, .T. ) ;
#1045 = EDGE_CURVE ( 'NONE', #3378, #81, #2624, .T. ) ;
#1047 = EDGE_CURVE ( 'NONE', #1524, #2831, #408, .T. ) ;
#1046 = DIRECTION ( 'NONE',  ( 0.000000000000000000, 1.000000000000000000, 0.000000000000000000 ) ) ;
#1048 = FACE_OUTER_BOUND ( 'NONE', #3487, .T. ) ;
#1049 = ORIENTED_EDGE ( 'NONE', *, *, #2174, .F. ) ;
#1050 = VERTEX_POINT ( 'NONE', #19 ) ;
#1051 = CYLINDRICAL_SURFACE ( 'NONE', #1702, 0.7499999999999981126 ) ;
#1052 = DIRECTION ( 'NONE',  ( 0.000000000000000000, 0.000000000000000000, 1.000000000000000000 ) ) ;
#1053 = DIRECTION ( 'NONE',  ( -0.000000000000000000, -1.000000000000000000, -0.000000000000000000 ) ) ;
#1054 = ORIENTED_EDGE ( 'NONE', *, *, #4167, .F. ) ;
#1055 = EDGE_CURVE ( 'NONE', #3935, #3319, #3014, .T. ) ;
#1056 = DIRECTION ( 'NONE',  ( 0.000000000000000000, 0.000000000000000000, -1.000000000000000000 ) ) ;
#1057 = LINE ( 'NONE', #3628, #667 ) ;
#1058 = EDGE_LOOP ( 'NONE', ( #1, #1919, #1401, #111 ) ) ;
#1059 = EDGE_LOOP ( 'NONE', ( #4050, #3630, #3547, #774 ) ) ;
#1060 = FACE_OUTER_BOUND ( 'NONE', #3124, .T. ) ;
#1061 = CARTESIAN_POINT ( 'NONE',  ( 6.000000000000000000, 3.621320343559645494, 0.000000000000000000 ) ) ;
#1062 = ORIENTED_EDGE ( 'NONE', *, *, #3218, .F. ) ;
#1063 = PLANE ( 'NONE',  #3975 ) ;
#1064 = VERTEX_POINT ( 'NONE', #433 ) ;
#1065 = DIRECTION ( 'NONE',  ( 0.000000000000000000, 1.000000000000000000, 0.000000000000000000 ) ) ;
#1066 = PLANE ( 'NONE',  #143 ) ;
#1067 = ORIENTED_EDGE ( 'NONE', *, *, #293, .F. ) ;
#1068 = ORIENTED_EDGE ( 'NONE', *, *, #425, .T. ) ;
#1069 = DIRECTION ( 'NONE',  ( 0.000000000000000000, 1.000000000000000000, 0.000000000000000000 ) ) ;
#1070 = CARTESIAN_POINT ( 'NONE',  ( -4.000000000000000888, 0.000000000000000000, -6.000000000000000000 ) ) ;
#1071 = LINE ( 'NONE', #415, #3711 ) ;
#1072 = LINE ( 'NONE', #806, #3245 ) ;
#1073 = AXIS2_PLACEMENT_3D ( 'NONE', #1592, #2581, #1849 ) ;
#1074 = VERTEX_POINT ( 'NONE', #2942 ) ;
#1075 = AXIS2_PLACEMENT_3D ( 'NONE', #616, #1548, #2838 ) ;
#1076 = CYLINDRICAL_SURFACE ( 'NONE', #1562, 0.7500000000000003331 ) ;
#1077 = DIRECTION ( 'NONE',  ( 0.000000000000000000, 1.000000000000000000, 0.000000000000000000 ) ) ;
#1078 = ORIENTED_EDGE ( 'NONE', *, *, #907, .F. ) ;
#1079 = AXIS2_PLACEMENT_3D ( 'NONE', #3661, #1166, #4064 ) ;
#1080 = AXIS2_PLACEMENT_3D ( 'NONE', #258, #3159, #2267 ) ;
#1081 = ORIENTED_EDGE ( 'NONE', *, *, #92, .T. ) ;
#1082 = VECTOR ( 'NONE', #3445, 1000.000000000000000 ) ;
#1083 = DIRECTION ( 'NONE',  ( 0.000000000000000000, 0.000000000000000000, 1.000000000000000000 ) ) ;
#1084 = DIRECTION ( 'NONE',  ( 0.000000000000000000, 1.000000000000000000, 0.000000000000000000 ) ) ;
#1085 = CARTESIAN_POINT ( 'NONE',  ( 0.000000000000000000, -3.500000000000000000, 0.000000000000000000 ) ) ;
#1086 = CARTESIAN_POINT ( 'NONE',  ( 3.999999999999986233, 1.300000000000000044, -4.000000000000015099 ) ) ;
#1087 = CIRCLE ( 'NONE', #335, 0.7500000000000015543 ) ;
#1088 = VECTOR ( 'NONE', #1279, 1000.000000000000000 ) ;
#1089 = DIRECTION ( 'NONE',  ( 0.000000000000000000, 1.000000000000000000, 0.000000000000000000 ) ) ;
#1090 = DIRECTION ( 'NONE',  ( 0.000000000000000000, 1.000000000000000000, 0.000000000000000000 ) ) ;
#1091 = ORIENTED_EDGE ( 'NONE', *, *, #4044, .T. ) ;
#1092 = VERTEX_POINT ( 'NONE', #1314 ) ;
#1093 = VECTOR ( 'NONE', #4150, 1000.000000000000000 ) ;
#1094 = ADVANCED_FACE ( 'NONE', ( #1335 ), #2998, .T. ) ;
#1095 = ADVANCED_FACE ( 'NONE', ( #2313 ), #3641, .T. ) ;
#1096 = DIRECTION ( 'NONE',  ( 0.000000000000000000, 1.000000000000000000, 0.000000000000000000 ) ) ;
#1097 = CARTESIAN_POINT ( 'NONE',  ( -1.396592535537253342E-14, 1.300000000000000044, -4.750000000000000888 ) ) ;
#1098 = DIRECTION ( 'NONE',  ( 0.000000000000000000, 0.000000000000000000, 1.000000000000000000 ) ) ;
#1099 = AXIS2_PLACEMENT_3D ( 'NONE', #859, #2188, #222 ) ;
#1100 = ORIENTED_EDGE ( 'NONE', *, *, #1493, .T. ) ;
#1101 = CIRCLE ( 'NONE', #3459, 0.7499999999999988898 ) ;
#1102 = DIRECTION ( 'NONE',  ( 0.000000000000000000, 0.000000000000000000, 1.000000000000000000 ) ) ;
#1103 = ADVANCED_FACE ( 'NONE', ( #994 ), #3986, .T. ) ;
#1104 = VERTEX_POINT ( 'NONE', #2968 ) ;
#1105 = EDGE_LOOP ( 'NONE', ( #2634, #1851 ) ) ;
#1106 = DIRECTION ( 'NONE',  ( 0.000000000000000000, 1.000000000000000000, 0.000000000000000000 ) ) ;
#1107 = CARTESIAN_POINT ( 'NONE',  ( -3.999999999999958256, 0.000000000000000000, 4.000000000000042633 ) ) ;
#1108 = FACE_OUTER_BOUND ( 'NONE', #708, .T. ) ;
#1109 = LINE ( 'NONE', #2753, #3694 ) ;
#1110 = EDGE_CURVE ( 'NONE', #3227, #2592, #4052, .T. ) ;
#1111 = DIRECTION ( 'NONE',  ( 0.000000000000000000, -0.000000000000000000, 1.000000000000000000 ) ) ;
#1112 = LINE ( 'NONE', #800, #2038 ) ;
#1113 = ORIENTED_EDGE ( 'NONE', *, *, #1183, .F. ) ;
#1114 = VERTEX_POINT ( 'NONE', #2292 ) ;
#1115 = DIRECTION ( 'NONE',  ( 0.000000000000000000, 0.000000000000000000, 1.000000000000000000 ) ) ;
#1116 = CARTESIAN_POINT ( 'NONE',  ( -2.000000000000000444, 0.000000000000000000, -4.000000000000000000 ) ) ;
#1117 = CARTESIAN_POINT ( 'NONE',  ( 5.304973999367072146, 0.000000000000000000, -5.718151000632931691 ) ) ;
#1118 = VERTEX_POINT ( 'NONE', #3920 ) ;
#1119 = DIRECTION ( 'NONE',  ( 0.000000000000000000, 1.000000000000000000, 0.000000000000000000 ) ) ;
#1120 = VERTEX_POINT ( 'NONE', #1639 ) ;
#1121 = EDGE_LOOP ( 'NONE', ( #3949, #4110 ) ) ;
#1122 = CARTESIAN_POINT ( 'NONE',  ( 4.000000000000000000, 1.300000000000000044, 2.000000000000000000 ) ) ;
#1123 = CYLINDRICAL_SURFACE ( 'NONE', #1939, 0.7500000000000002220 ) ;
#1124 = CARTESIAN_POINT ( 'NONE',  ( 6.000000000000000888, 3.621320343559645494, 4.000000000000000000 ) ) ;
#1125 = CARTESIAN_POINT ( 'NONE',  ( -3.916655400733802583, 0.000000000000000000, -6.745354732844136336 ) ) ;
#1126 = CYLINDRICAL_SURFACE ( 'NONE', #944, 9.699494936611660734 ) ;
#1127 = CARTESIAN_POINT ( 'NONE',  ( -7.767343750000003766, 3.621320343559645494, 0.7130014511457506421 ) ) ;
#1128 = EDGE_LOOP ( 'NONE', ( #1665, #2582 ) ) ;
#1129 = EDGE_LOOP ( 'NONE', ( #500, #437, #3989, #849 ) ) ;
#1130 = AXIS2_PLACEMENT_3D ( 'NONE', #3055, #1804, #2778 ) ;
#1131 = DIRECTION ( 'NONE',  ( 0.000000000000000000, -0.000000000000000000, 1.000000000000000000 ) ) ;
#1132 = DIRECTION ( 'NONE',  ( 0.000000000000000000, 0.000000000000000000, 1.000000000000000000 ) ) ;
#1133 = ORIENTED_EDGE ( 'NONE', *, *, #3888, .T. ) ;
#1134 = AXIS2_PLACEMENT_3D ( 'NONE', #2437, #2736, #4065 ) ;
#1135 = CIRCLE ( 'NONE', #4055, 7.800000000000004263 ) ;
#1136 = AXIS2_PLACEMENT_3D ( 'NONE', #2474, #965, #3424 ) ;
#1137 =( NAMED_UNIT ( * ) PLANE_ANGLE_UNIT ( ) SI_UNIT ( $, .RADIAN. ) );
#1138 = ORIENTED_EDGE ( 'NONE', *, *, #3736, .F. ) ;
#1139 = ORIENTED_EDGE ( 'NONE', *, *, #1038, .F. ) ;
#1140 = AXIS2_PLACEMENT_3D ( 'NONE', #1116, #2088, #1770 ) ;
#1141 = EDGE_CURVE ( 'NONE', #41, #1269, #66, .T. ) ;
#1142 = PLANE ( 'NONE',  #1079 ) ;
#1143 = DIRECTION ( 'NONE',  ( 0.000000000000000000, 0.000000000000000000, 1.000000000000000000 ) ) ;
#1144 = AXIS2_PLACEMENT_3D ( 'NONE', #721, #679, #2578 ) ;
#1145 = AXIS2_PLACEMENT_3D ( 'NONE', #3241, #2824, #1214 ) ;
#1146 = CARTESIAN_POINT ( 'NONE',  ( 5.999999999999986677, 1.300000000000000044, -4.750000000000020428 ) ) ;
#1147 = CARTESIAN_POINT ( 'NONE',  ( 6.000000000000000000, 1.300000000000000044, 0.000000000000000000 ) ) ;
#1148 = AXIS2_PLACEMENT_3D ( 'NONE', #1801, #446, #1736 ) ;
#1149 = DIRECTION ( 'NONE',  ( 0.000000000000000000, 1.000000000000000000, 0.000000000000000000 ) ) ;
#1150 = CARTESIAN_POINT ( 'NONE',  ( -7.767343750000003766, 0.000000000000000000, 0.7130014511457506421 ) ) ;
#1151 = CIRCLE ( 'NONE', #823, 7.800000000000004263 ) ;
#1152 = ORIENTED_EDGE ( 'NONE', *, *, #1921, .T. ) ;
#1153 = EDGE_CURVE ( 'NONE', #793, #3952, #2223, .T. ) ;
#1154 = ORIENTED_EDGE ( 'NONE', *, *, #1915, .T. ) ;
#1155 = AXIS2_PLACEMENT_3D ( 'NONE', #389, #416, #73 ) ;
#1156 = CYLINDRICAL_SURFACE ( 'NONE', #1616, 0.7500000000000003331 ) ;
#1157 = DIRECTION ( 'NONE',  ( 0.000000000000000000, 0.000000000000000000, -1.000000000000000000 ) ) ;
#1158 = ORIENTED_EDGE ( 'NONE', *, *, #2584, .T. ) ;
#1159 = EDGE_CURVE ( 'NONE', #611, #758, #2628, .T. ) ;
#1160 = AXIS2_PLACEMENT_3D ( 'NONE', #1684, #2048, #3316 ) ;
#1161 = CARTESIAN_POINT ( 'NONE',  ( 3.999999999999993339, 0.000000000000000000, -1.250000000000013989 ) ) ;
#1162 = EDGE_LOOP ( 'NONE', ( #112, #2297, #454, #1195 ) ) ;
#1163 = EDGE_CURVE ( 'NONE', #709, #458, #2296, .T. ) ;
#1164 = EDGE_LOOP ( 'NONE', ( #2488, #3361, #3816, #1731 ) ) ;
#1165 = CIRCLE ( 'NONE', #3255, 0.7500000000000002220 ) ;
#1166 = DIRECTION ( 'NONE',  ( 0.000000000000000000, 1.000000000000000000, 0.000000000000000000 ) ) ;
#1167 = DIRECTION ( 'NONE',  ( 0.000000000000000000, 0.000000000000000000, 1.000000000000000000 ) ) ;
#1168 = DIRECTION ( 'NONE',  ( -0.000000000000000000, -1.000000000000000000, -0.000000000000000000 ) ) ;
#1169 = DIRECTION ( 'NONE',  ( 0.000000000000000000, 0.000000000000000000, 1.000000000000000000 ) ) ;
#1170 = ADVANCED_FACE ( 'NONE', ( #3598 ), #3284, .T. ) ;
#1171 = ADVANCED_FACE ( 'NONE', ( #3390 ), #1126, .T. ) ;
#1172 = DIRECTION ( 'NONE',  ( 0.000000000000000000, 1.000000000000000000, 0.000000000000000000 ) ) ;
#1173 = CARTESIAN_POINT ( 'NONE',  ( 5.999999999999992895, 3.621320343559645494, -2.750000000000021760 ) ) ;
#1174 = LINE ( 'NONE', #2110, #1631 ) ;
#1175 = ORIENTED_EDGE ( 'NONE', *, *, #2981, .F. ) ;
#1176 = EDGE_CURVE ( 'NONE', #758, #611, #2365, .T. ) ;
#1177 = ORIENTED_EDGE ( 'NONE', *, *, #1783, .T. ) ;
#1178 = EDGE_CURVE ( 'NONE', #2051, #1998, #879, .T. ) ;
#1179 = CARTESIAN_POINT ( 'NONE',  ( 0.000000000000000000, 0.000000000000000000, 0.000000000000000000 ) ) ;
#1180 = CARTESIAN_POINT ( 'NONE',  ( -4.000000000000000000, 0.000000000000000000, 0.000000000000000000 ) ) ;
#1181 = ORIENTED_EDGE ( 'NONE', *, *, #2423, .F. ) ;
#1182 = CARTESIAN_POINT ( 'NONE',  ( 0.000000000000000000, 1.300000000000000044, 0.000000000000000000 ) ) ;
#1183 = EDGE_CURVE ( 'NONE', #3923, #1280, #1784, .T. ) ;
#1184 = VERTEX_POINT ( 'NONE', #3429 ) ;
#1185 = ORIENTED_EDGE ( 'NONE', *, *, #2534, .F. ) ;
#1186 = CARTESIAN_POINT ( 'NONE',  ( -6.000000000000000888, 0.000000000000000000, -4.750000000000001776 ) ) ;
#1187 = DIRECTION ( 'NONE',  ( 0.000000000000000000, 1.000000000000000000, 0.000000000000000000 ) ) ;
#1188 = DIRECTION ( 'NONE',  ( 0.000000000000000000, 0.000000000000000000, -1.000000000000000000 ) ) ;
#1189 = DIRECTION ( 'NONE',  ( 0.000000000000000000, 0.000000000000000000, 1.000000000000000000 ) ) ;
#1190 = DIRECTION ( 'NONE',  ( 0.000000000000000000, 1.000000000000000000, 0.000000000000000000 ) ) ;
#1191 = FACE_BOUND ( 'NONE', #1024, .T. ) ;
#1192 = FACE_OUTER_BOUND ( 'NONE', #49, .T. ) ;
#1193 = DIRECTION ( 'NONE',  ( 0.000000000000000000, 0.000000000000000000, -1.000000000000000000 ) ) ;
#1194 = ORIENTED_EDGE ( 'NONE', *, *, #3878, .F. ) ;
#1195 = ORIENTED_EDGE ( 'NONE', *, *, #2979, .F. ) ;
#1196 = EDGE_CURVE ( 'NONE', #1317, #850, #1490, .T. ) ;
#1197 = CARTESIAN_POINT ( 'NONE',  ( 7.403640400275642186, 1.300000000000000044, -2.454813398897442767 ) ) ;
#1198 = DIRECTION ( 'NONE',  ( 0.000000000000000000, 1.000000000000000000, 0.000000000000000000 ) ) ;
#1199 = ORIENTED_EDGE ( 'NONE', *, *, #3729, .T. ) ;
#1200 = CARTESIAN_POINT ( 'NONE',  ( -3.999999999999958256, 3.621320343559645494, 3.250000000000041300 ) ) ;
#1201 = ORIENTED_EDGE ( 'NONE', *, *, #2583, .F. ) ;
#1202 = AXIS2_PLACEMENT_3D ( 'NONE', #1698, #4188, #1289 ) ;
#1203 = FACE_OUTER_BOUND ( 'NONE', #3716, .T. ) ;
#1204 = FACE_OUTER_BOUND ( 'NONE', #2746, .T. ) ;
#1205 = AXIS2_PLACEMENT_3D ( 'NONE', #609, #24, #2272 ) ;
#1206 = AXIS2_PLACEMENT_3D ( 'NONE', #3386, #3349, #1781 ) ;
#1207 = CYLINDRICAL_SURFACE ( 'NONE', #492, 0.7500000000000015543 ) ;
#1208 = PLANE ( 'NONE',  #3309 ) ;
#1209 = DIRECTION ( 'NONE',  ( 0.000000000000000000, 1.000000000000000000, 0.000000000000000000 ) ) ;
#1210 = LINE ( 'NONE', #3073, #1700 ) ;
#1211 = VERTEX_POINT ( 'NONE', #2480 ) ;
#1212 = VERTEX_POINT ( 'NONE', #3072 ) ;
#1213 = AXIS2_PLACEMENT_3D ( 'NONE', #2278, #1938, #2306 ) ;
#1214 = DIRECTION ( 'NONE',  ( 0.000000000000000000, 0.000000000000000000, -1.000000000000000000 ) ) ;
#1215 = CARTESIAN_POINT ( 'NONE',  ( 4.000000000000000000, 1.300000000000000044, 1.250000000000001554 ) ) ;
#1216 = VERTEX_POINT ( 'NONE', #3733 ) ;
#1217 = ADVANCED_FACE ( 'NONE', ( #2109 ), #799, .T. ) ;
#1218 = ADVANCED_FACE ( 'NONE', ( #1192 ), #3752, .T. ) ;
#1219 = AXIS2_PLACEMENT_3D ( 'NONE', #99, #3045, #2121 ) ;
#1220 = EDGE_CURVE ( 'NONE', #640, #1544, #2081, .T. ) ;
#1221 = CARTESIAN_POINT ( 'NONE',  ( -3.999999999999958256, 1.300000000000000044, 4.000000000000042633 ) ) ;
#1222 = AXIS2_PLACEMENT_3D ( 'NONE', #1344, #3520, #1934 ) ;
#1223 = ORIENTED_EDGE ( 'NONE', *, *, #2236, .T. ) ;
#1224 = VECTOR ( 'NONE', #3815, 1000.000000000000000 ) ;
#1225 = ADVANCED_FACE ( 'NONE', ( #1450 ), #451, .T. ) ;
#1226 = DIRECTION ( 'NONE',  ( 0.000000000000000000, 1.000000000000000000, 0.000000000000000000 ) ) ;
#1227 = DIRECTION ( 'NONE',  ( 0.000000000000000000, 0.000000000000000000, -1.000000000000000000 ) ) ;
#1228 = VECTOR ( 'NONE', #2947, 1000.000000000000000 ) ;
#1229 = AXIS2_PLACEMENT_3D ( 'NONE', #933, #1572, #2224 ) ;
#1230 = DIRECTION ( 'NONE',  ( 0.000000000000000000, 0.000000000000000000, 1.000000000000000000 ) ) ;
#1231 = CYLINDRICAL_SURFACE ( 'NONE', #3983, 0.7500000000000002220 ) ;
#1232 = FACE_OUTER_BOUND ( 'NONE', #3314, .T. ) ;
#1233 = DIRECTION ( 'NONE',  ( 0.000000000000000000, 0.000000000000000000, 1.000000000000000000 ) ) ;
#1234 = ORIENTED_EDGE ( 'NONE', *, *, #159, .T. ) ;
#1235 = EDGE_CURVE ( 'NONE', #645, #3472, #189, .T. ) ;
#1236 = VERTEX_POINT ( 'NONE', #4023 ) ;
#1237 = DIRECTION ( 'NONE',  ( 0.000000000000000000, 0.000000000000000000, -1.000000000000000000 ) ) ;
#1238 = CARTESIAN_POINT ( 'NONE',  ( -4.000000000000000000, 0.000000000000000000, -2.000000000000000000 ) ) ;
#1239 = EDGE_LOOP ( 'NONE', ( #1355, #3454, #1810, #206 ) ) ;
#1240 = DIRECTION ( 'NONE',  ( 0.000000000000000000, -0.000000000000000000, 1.000000000000000000 ) ) ;
#1241 = DIRECTION ( 'NONE',  ( -0.000000000000000000, -1.000000000000000000, -0.000000000000000000 ) ) ;
#1242 = VERTEX_POINT ( 'NONE', #3121 ) ;
#1243 = CYLINDRICAL_SURFACE ( 'NONE', #1758, 0.7500000000000003331 ) ;
#1244 = DIRECTION ( 'NONE',  ( 0.000000000000000000, 0.000000000000000000, 1.000000000000000000 ) ) ;
#1245 = DIRECTION ( 'NONE',  ( 0.000000000000000000, 0.000000000000000000, -1.000000000000000000 ) ) ;
#1246 = FACE_BOUND ( 'NONE', #3140, .T. ) ;
#1247 = DIRECTION ( 'NONE',  ( 0.000000000000000000, -0.000000000000000000, 1.000000000000000000 ) ) ;
#1248 = ORIENTED_EDGE ( 'NONE', *, *, #3646, .T. ) ;
#1249 = VERTEX_POINT ( 'NONE', #2129 ) ;
#1250 = CARTESIAN_POINT ( 'NONE',  ( 0.000000000000000000, 1.300000000000000044, 0.000000000000000000 ) ) ;
#1251 = DIRECTION ( 'NONE',  ( 0.000000000000000000, 1.000000000000000000, 0.000000000000000000 ) ) ;
#1252 = EDGE_LOOP ( 'NONE', ( #3624, #1670, #2039, #3707 ) ) ;
#1253 = ORIENTED_EDGE ( 'NONE', *, *, #3888, .F. ) ;
#1254 = CARTESIAN_POINT ( 'NONE',  ( 6.000000000000000888, 0.000000000000000000, 4.750000000000001776 ) ) ;
#1255 = PLANE ( 'NONE',  #1477 ) ;
#1256 = LINE ( 'NONE', #983, #3321 ) ;
#1257 = EDGE_LOOP ( 'NONE', ( #3067, #1424, #2119, #3956 ) ) ;
#1258 = CIRCLE ( 'NONE', #1130, 0.7500000000000006661 ) ;
#1259 = DIRECTION ( 'NONE',  ( 0.000000000000000000, 1.000000000000000000, 0.000000000000000000 ) ) ;
#1260 = DIRECTION ( 'NONE',  ( 0.000000000000000000, 1.000000000000000000, 0.000000000000000000 ) ) ;
#1261 = CIRCLE ( 'NONE', #2354, 0.7500000000000006661 ) ;
#1262 = EDGE_CURVE ( 'NONE', #3916, #3060, #3057, .T. ) ;
#1263 = EDGE_CURVE ( 'NONE', #1467, #2928, #48, .T. ) ;
#1264 = CARTESIAN_POINT ( 'NONE',  ( 1.999999999999993117, 0.000000000000000000, -2.000000000000007550 ) ) ;
#1265 = DIRECTION ( 'NONE',  ( 0.000000000000000000, 1.000000000000000000, 0.000000000000000000 ) ) ;
#1266 = AXIS2_PLACEMENT_3D ( 'NONE', #2782, #475, #1827 ) ;
#1267 = AXIS2_PLACEMENT_3D ( 'NONE', #3189, #3896, #872 ) ;
#1268 = CARTESIAN_POINT ( 'NONE',  ( -8.000000000000000000, 3.621320343559645494, 0.000000000000000000 ) ) ;
#1269 = VERTEX_POINT ( 'NONE', #3032 ) ;
#1270 = CIRCLE ( 'NONE', #3635, 0.7500000000000006661 ) ;
#1271 = CIRCLE ( 'NONE', #3909, 0.7500000000000011102 ) ;
#1273 = EDGE_CURVE ( 'NONE', #1236, #4158, #1135, .T. ) ;
#1272 = LINE ( 'NONE', #1297, #3233 ) ;
#1274 = DIRECTION ( 'NONE',  ( 0.000000000000000000, 0.000000000000000000, 1.000000000000000000 ) ) ;
#1275 = CIRCLE ( 'NONE', #749, 7.800000000000004263 ) ;
#1276 = ORIENTED_EDGE ( 'NONE', *, *, #804, .F. ) ;
#1277 = CARTESIAN_POINT ( 'NONE',  ( -6.000000000000000888, 3.621320343559645494, -4.000000000000000000 ) ) ;
#1278 = FACE_OUTER_BOUND ( 'NONE', #2822, .T. ) ;
#1279 = DIRECTION ( 'NONE',  ( -0.000000000000000000, -1.000000000000000000, -0.000000000000000000 ) ) ;
#1280 = VERTEX_POINT ( 'NONE', #1433 ) ;
#1281 = AXIS2_PLACEMENT_3D ( 'NONE', #2319, #3864, #3881 ) ;
#1282 = ADVANCED_FACE ( 'NONE', ( #1496 ), #2399, .T. ) ;
#1283 = CIRCLE ( 'NONE', #2106, 0.7500000000000003331 ) ;
#1284 = DIRECTION ( 'NONE',  ( 0.000000000000000000, 1.000000000000000000, 0.000000000000000000 ) ) ;
#1285 = EDGE_CURVE ( 'NONE', #2051, #2539, #4173, .T. ) ;
#1286 = DIRECTION ( 'NONE',  ( 0.000000000000000000, 0.000000000000000000, 1.000000000000000000 ) ) ;
#1287 = VECTOR ( 'NONE', #1979, 1000.000000000000000 ) ;
#1288 = DIRECTION ( 'NONE',  ( 0.000000000000000000, 1.000000000000000000, 0.000000000000000000 ) ) ;
#1289 = DIRECTION ( 'NONE',  ( 0.000000000000000000, 0.000000000000000000, -1.000000000000000000 ) ) ;
#1290 = AXIS2_PLACEMENT_3D ( 'NONE', #2877, #3119, #1245 ) ;
#1291 = EDGE_LOOP ( 'NONE', ( #2046, #1152, #3882, #2757 ) ) ;
#1292 = CARTESIAN_POINT ( 'NONE',  ( 1.999999999999972244, 3.621320343559645494, -8.000000000000007105 ) ) ;
#1293 = EDGE_CURVE ( 'NONE', #647, #1379, #2552, .T. ) ;
#1294 = ADVANCED_FACE ( 'NONE', ( #276 ), #1552, .T. ) ;
#1295 = ORIENTED_EDGE ( 'NONE', *, *, #727, .T. ) ;
#1296 = CIRCLE ( 'NONE', #77, 0.7500000000000003331 ) ;
#1297 = CARTESIAN_POINT ( 'NONE',  ( 3.999999999999993339, 3.621320343559645494, -1.250000000000014211 ) ) ;
#1298 = CARTESIAN_POINT ( 'NONE',  ( -6.000000000000000000, 3.621320343559645494, -2.750000000000000444 ) ) ;
#1299 = ORIENTED_EDGE ( 'NONE', *, *, #4151, .F. ) ;
#1300 = ORIENTED_EDGE ( 'NONE', *, *, #293, .T. ) ;
#1301 = CARTESIAN_POINT ( 'NONE',  ( -3.999999999999958256, 3.621320343559645494, 4.750000000000044409 ) ) ;
#1302 = DIRECTION ( 'NONE',  ( 0.000000000000000000, 0.000000000000000000, -1.000000000000000000 ) ) ;
#1303 = DIRECTION ( 'NONE',  ( 0.000000000000000000, 0.000000000000000000, -1.000000000000000000 ) ) ;
#1304 = ORIENTED_EDGE ( 'NONE', *, *, #4160, .T. ) ;
#1305 = ORIENTED_EDGE ( 'NONE', *, *, #1471, .F. ) ;
#1306 = DIRECTION ( 'NONE',  ( -0.000000000000000000, -1.000000000000000000, -0.000000000000000000 ) ) ;
#1307 = ADVANCED_FACE ( 'NONE', ( #2819 ), #1574, .T. ) ;
#1308 = CYLINDRICAL_SURFACE ( 'NONE', #3778, 0.7500000000000002220 ) ;
#1309 = CARTESIAN_POINT ( 'NONE',  ( -4.720075368496917889, 0.000000000000000000, 6.209741421002065387 ) ) ;
#1310 = DIRECTION ( 'NONE',  ( -0.000000000000000000, -1.000000000000000000, -0.000000000000000000 ) ) ;
#1311 = EDGE_LOOP ( 'NONE', ( #2316, #1253 ) ) ;
#1312 = CARTESIAN_POINT ( 'NONE',  ( 6.000000000000000888, 3.621320343559645494, 4.000000000000000000 ) ) ;
#1313 = EDGE_LOOP ( 'NONE', ( #4012, #1406 ) ) ;
#1314 = CARTESIAN_POINT ( 'NONE',  ( 5.304973999367072146, 1.300000000000000044, -5.718151000632931691 ) ) ;
#1315 = DIRECTION ( 'NONE',  ( 0.000000000000000000, 1.000000000000000000, 0.000000000000000000 ) ) ;
#1316 = EDGE_LOOP ( 'NONE', ( #869, #1295 ) ) ;
#1317 = VERTEX_POINT ( 'NONE', #2879 ) ;
#1318 = EDGE_CURVE ( 'NONE', #631, #1118, #3528, .T. ) ;
#1319 = DIRECTION ( 'NONE',  ( 0.000000000000000000, 1.000000000000000000, 0.000000000000000000 ) ) ;
#1320 = CYLINDRICAL_SURFACE ( 'NONE', #1267, 0.7500000000000006661 ) ;
#1321 = DIRECTION ( 'NONE',  ( -0.000000000000000000, -1.000000000000000000, -0.000000000000000000 ) ) ;
#1322 = ORIENTED_EDGE ( 'NONE', *, *, #2832, .F. ) ;
#1323 = DIRECTION ( 'NONE',  ( 0.000000000000000000, 0.000000000000000000, 1.000000000000000000 ) ) ;
#1324 = CARTESIAN_POINT ( 'NONE',  ( -2.000000000000000444, 1.300000000000000044, -4.000000000000000000 ) ) ;
#1325 = ADVANCED_FACE ( 'NONE', ( #2538 ), #3825, .T. ) ;
#1326 = ORIENTED_EDGE ( 'NONE', *, *, #3822, .F. ) ;
#1327 = VERTEX_POINT ( 'NONE', #621 ) ;
#1328 = PLANE ( 'NONE',  #1422 ) ;
#1329 = DIRECTION ( 'NONE',  ( -0.000000000000000000, -1.000000000000000000, -0.000000000000000000 ) ) ;
#1330 = ORIENTED_EDGE ( 'NONE', *, *, #579, .T. ) ;
#1331 = DIRECTION ( 'NONE',  ( 0.000000000000000000, 0.000000000000000000, 1.000000000000000000 ) ) ;
#1332 = ORIENTED_EDGE ( 'NONE', *, *, #2540, .T. ) ;
#1333 = CIRCLE ( 'NONE', #3702, 7.800000000000004263 ) ;
#1334 = CIRCLE ( 'NONE', #2754, 0.7500000000000003331 ) ;
#1335 = FACE_OUTER_BOUND ( 'NONE', #1011, .T. ) ;
#1336 = CARTESIAN_POINT ( 'NONE',  ( 6.000000000000000000, 1.300000000000000044, 2.000000000000000000 ) ) ;
#1337 = ORIENTED_EDGE ( 'NONE', *, *, #420, .T. ) ;
#1338 = ADVANCED_FACE ( 'NONE', ( #3850 ), #2252, .T. ) ;
#1339 = ORIENTED_EDGE ( 'NONE', *, *, #920, .F. ) ;
#1340 = VECTOR ( 'NONE', #1429, 1000.000000000000000 ) ;
#1341 = CARTESIAN_POINT ( 'NONE',  ( 6.209741421002006767, 1.300000000000000044, -4.720075368496996049 ) ) ;
#1342 = AXIS2_PLACEMENT_3D ( 'NONE', #987, #971, #3869 ) ;
#1343 = DIRECTION ( 'NONE',  ( -0.000000000000000000, -1.000000000000000000, -0.000000000000000000 ) ) ;
#1344 = CARTESIAN_POINT ( 'NONE',  ( -5.999999999999958256, 1.300000000000000044, 4.000000000000063061 ) ) ;
#1345 = ORIENTED_EDGE ( 'NONE', *, *, #841, .F. ) ;
#1346 = EDGE_CURVE ( 'NONE', #4109, #2062, #1864, .T. ) ;
#1347 = ORIENTED_EDGE ( 'NONE', *, *, #4167, .T. ) ;
#1348 = EDGE_CURVE ( 'NONE', #2944, #3250, #2889, .T. ) ;
#1349 = EDGE_CURVE ( 'NONE', #2765, #3308, #957, .T. ) ;
#1350 = AXIS2_PLACEMENT_3D ( 'NONE', #3905, #2933, #2916 ) ;
#1351 = VECTOR ( 'NONE', #497, 1000.000000000000000 ) ;
#1352 = CARTESIAN_POINT ( 'NONE',  ( 3.999999999999986233, 3.621320343559645494, -4.750000000000015987 ) ) ;
#1353 = AXIS2_PLACEMENT_3D ( 'NONE', #2662, #3627, #488 ) ;
#1354 = FACE_OUTER_BOUND ( 'NONE', #357, .T. ) ;
#1355 = ORIENTED_EDGE ( 'NONE', *, *, #1967, .F. ) ;
#1356 = ORIENTED_EDGE ( 'NONE', *, *, #3107, .F. ) ;
#1357 = VECTOR ( 'NONE', #3416, 1000.000000000000000 ) ;
#1358 = EDGE_CURVE ( 'NONE', #239, #4180, #1944, .T. ) ;
#1359 = ADVANCED_FACE ( 'NONE', ( #1232 ), #1613, .T. ) ;
#1360 = CARTESIAN_POINT ( 'NONE',  ( 0.000000000000000000, 1.300000000000000044, 0.000000000000000000 ) ) ;
#1361 = DIRECTION ( 'NONE',  ( 0.000000000000000000, 1.000000000000000000, 0.000000000000000000 ) ) ;
#1362 = DIRECTION ( 'NONE',  ( -0.000000000000000000, -1.000000000000000000, -0.000000000000000000 ) ) ;
#1363 = VECTOR ( 'NONE', #282, 1000.000000000000000 ) ;
#1364 = ORIENTED_EDGE ( 'NONE', *, *, #395, .T. ) ;
#1365 = CIRCLE ( 'NONE', #770, 0.7500000000000006661 ) ;
#1366 = DIRECTION ( 'NONE',  ( 0.000000000000000000, 0.000000000000000000, 1.000000000000000000 ) ) ;
#1367 = DIRECTION ( 'NONE',  ( -0.000000000000000000, -1.000000000000000000, -0.000000000000000000 ) ) ;
#1368 = ORIENTED_EDGE ( 'NONE', *, *, #856, .T. ) ;
#1369 = VERTEX_POINT ( 'NONE', #300 ) ;
#1370 = VECTOR ( 'NONE', #3577, 1000.000000000000000 ) ;
#1371 = CIRCLE ( 'NONE', #219, 0.7499999999999984457 ) ;
#1372 = DIRECTION ( 'NONE',  ( -0.000000000000000000, -1.000000000000000000, -0.000000000000000000 ) ) ;
#1373 = DIRECTION ( 'NONE',  ( -0.000000000000000000, -1.000000000000000000, -0.000000000000000000 ) ) ;
#1374 = CARTESIAN_POINT ( 'NONE',  ( -4.000000000000000000, 1.300000000000000044, -0.7500000000000003331 ) ) ;
#1375 = EDGE_LOOP ( 'NONE', ( #1800, #3346, #3516, #2036 ) ) ;
#1376 = CARTESIAN_POINT ( 'NONE',  ( 1.999999999999986233, 3.621320343559645494, -4.000000000000007105 ) ) ;
#1377 = CARTESIAN_POINT ( 'NONE',  ( 1.999999999999979128, 3.621320343559645494, -6.000000000000007105 ) ) ;
#1378 = EDGE_LOOP ( 'NONE', ( #719, #242, #576, #3828 ) ) ;
#1379 = VERTEX_POINT ( 'NONE', #2841 ) ;
#1380 = DIRECTION ( 'NONE',  ( 0.000000000000000000, 0.000000000000000000, 1.000000000000000000 ) ) ;
#1381 = CYLINDRICAL_SURFACE ( 'NONE', #2691, 0.7500000000000003331 ) ;
#1382 = VERTEX_POINT ( 'NONE', #3177 ) ;
#1383 = FACE_OUTER_BOUND ( 'NONE', #3455, .T. ) ;
#1384 = EDGE_LOOP ( 'NONE', ( #3803, #3110, #2608, #1626 ) ) ;
#1385 = DIRECTION ( 'NONE',  ( 0.000000000000000000, 1.000000000000000000, 0.000000000000000000 ) ) ;
#1386 = CARTESIAN_POINT ( 'NONE',  ( -6.000000000000000888, 0.000000000000000000, -4.000000000000000000 ) ) ;
#1387 = ORIENTED_EDGE ( 'NONE', *, *, #2281, .T. ) ;
#1388 = ORIENTED_EDGE ( 'NONE', *, *, #2105, .T. ) ;
#1389 = DIRECTION ( 'NONE',  ( 0.000000000000000000, 1.000000000000000000, 0.000000000000000000 ) ) ;
#1390 = CARTESIAN_POINT ( 'NONE',  ( 7.687830187959651340, 3.621320343559645494, 1.318054248161409703 ) ) ;
#1391 = LINE ( 'NONE', #3651, #65 ) ;
#1392 = ORIENTED_EDGE ( 'NONE', *, *, #2477, .F. ) ;
#1393 = DIRECTION ( 'NONE',  ( 0.000000000000000000, 0.000000000000000000, -1.000000000000000000 ) ) ;
#1394 = DIRECTION ( 'NONE',  ( 0.000000000000000000, 1.000000000000000000, 0.000000000000000000 ) ) ;
#1395 = EDGE_LOOP ( 'NONE', ( #4062, #2545, #3619, #2771 ) ) ;
#1396 = ORIENTED_EDGE ( 'NONE', *, *, #1285, .F. ) ;
#1397 = CARTESIAN_POINT ( 'NONE',  ( -4.000000000000000000, 1.300000000000000044, -2.000000000000000000 ) ) ;
#1398 = PLANE ( 'NONE',  #3226 ) ;
#1399 = PLANE ( 'NONE',  #3031 ) ;
#1400 = EDGE_CURVE ( 'NONE', #3074, #230, #3631, .T. ) ;
#1401 = ORIENTED_EDGE ( 'NONE', *, *, #863, .T. ) ;
#1402 = EDGE_CURVE ( 'NONE', #3024, #2062, #1814, .T. ) ;
#1403 = CIRCLE ( 'NONE', #803, 0.7500000000000011102 ) ;
#1404 = CARTESIAN_POINT ( 'NONE',  ( 0.000000000000000000, 1.300000000000000044, 0.000000000000000000 ) ) ;
#1405 = FACE_OUTER_BOUND ( 'NONE', #3671, .T. ) ;
#1406 = ORIENTED_EDGE ( 'NONE', *, *, #1766, .T. ) ;
#1407 = VERTEX_POINT ( 'NONE', #3452 ) ;
#1408 = AXIS2_PLACEMENT_3D ( 'NONE', #3304, #2326, #3915 ) ;
#1409 = EDGE_CURVE ( 'NONE', #515, #3935, #3774, .T. ) ;
#1410 = EDGE_CURVE ( 'NONE', #3758, #984, #252, .T. ) ;
#1411 = DIRECTION ( 'NONE',  ( 0.000000000000000000, 0.000000000000000000, 1.000000000000000000 ) ) ;
#1412 = DIRECTION ( 'NONE',  ( 0.000000000000000000, 0.000000000000000000, -1.000000000000000000 ) ) ;
#1413 = CARTESIAN_POINT ( 'NONE',  ( 6.000000000000000888, 1.300000000000000044, 3.249999999999999112 ) ) ;
#1414 = AXIS2_PLACEMENT_3D ( 'NONE', #2187, #1908, #1926 ) ;
#1415 = CIRCLE ( 'NONE', #1136, 0.7500000000000015543 ) ;
#1416 = VERTEX_POINT ( 'NONE', #2201 ) ;
#1417 = VECTOR ( 'NONE', #633, 1000.000000000000000 ) ;
#1418 = AXIS2_PLACEMENT_3D ( 'NONE', #1029, #3674, #456 ) ;
#1419 = FILL_AREA_STYLE ('',( #3323 ) ) ;
#1420 = EDGE_CURVE ( 'NONE', #2231, #906, #3366, .T. ) ;
#1421 = ORIENTED_EDGE ( 'NONE', *, *, #2675, .F. ) ;
#1422 = AXIS2_PLACEMENT_3D ( 'NONE', #652, #33, #2959 ) ;
#1423 = AXIS2_PLACEMENT_3D ( 'NONE', #1950, #2881, #625 ) ;
#1424 = ORIENTED_EDGE ( 'NONE', *, *, #3698, .F. ) ;
#1425 = CIRCLE ( 'NONE', #1690, 0.7500000000000006661 ) ;
#1426 = ADVANCED_FACE ( 'NONE', ( #682 ), #1063, .T. ) ;
#1427 = CARTESIAN_POINT ( 'NONE',  ( -4.000000000000000888, 0.000000000000000000, -4.750000000000000888 ) ) ;
#1428 = DIRECTION ( 'NONE',  ( 1.000000000000000000, 0.000000000000000000, -4.625929269271483744E-15 ) ) ;
#1429 = DIRECTION ( 'NONE',  ( -0.000000000000000000, -1.000000000000000000, -0.000000000000000000 ) ) ;
#1430 = DIRECTION ( 'NONE',  ( 0.000000000000000000, 0.000000000000000000, 1.000000000000000000 ) ) ;
#1431 = CIRCLE ( 'NONE', #3174, 7.800000000000004263 ) ;
#1432 = CIRCLE ( 'NONE', #4191, 7.800000000000004263 ) ;
#1433 = CARTESIAN_POINT ( 'NONE',  ( 5.999999999999992895, 0.000000000000000000, -2.750000000000021760 ) ) ;
#1434 = CARTESIAN_POINT ( 'NONE',  ( 7.687830187959648676, 1.300000000000000044, -1.318054248161441455 ) ) ;
#1435 = ORIENTED_EDGE ( 'NONE', *, *, #435, .F. ) ;
#1436 = EDGE_LOOP ( 'NONE', ( #4092, #3129, #3639, #1113 ) ) ;
#1437 = VECTOR ( 'NONE', #840, 1000.000000000000000 ) ;
#1438 = CARTESIAN_POINT ( 'NONE',  ( 6.745354732844144330, 0.000000000000000000, 3.916655400733789705 ) ) ;
#1439 = CYLINDRICAL_SURFACE ( 'NONE', #1894, 0.7500000000000002220 ) ;
#1440 = CIRCLE ( 'NONE', #3799, 2.250000000000000000 ) ;
#1441 = ORIENTED_EDGE ( 'NONE', *, *, #4139, .F. ) ;
#1442 = AXIS2_PLACEMENT_3D ( 'NONE', #2240, #2589, #2605 ) ;
#1443 = CARTESIAN_POINT ( 'NONE',  ( -2.454813398897416565, 3.621320343559645494, -7.403640400275651068 ) ) ;
#1444 = EDGE_LOOP ( 'NONE', ( #2470, #2372 ) ) ;
#1445 = ORIENTED_EDGE ( 'NONE', *, *, #3106, .F. ) ;
#1446 = CARTESIAN_POINT ( 'NONE',  ( 1.999999999999993117, 1.300000000000000044, -2.000000000000007550 ) ) ;
#1447 = CARTESIAN_POINT ( 'NONE',  ( 6.000000000000000000, 1.300000000000000044, -0.7500000000000003331 ) ) ;
#1448 = CARTESIAN_POINT ( 'NONE',  ( -5.304973999367092574, 3.621320343559645494, -5.718151000632912151 ) ) ;
#1449 = CARTESIAN_POINT ( 'NONE',  ( 0.000000000000000000, 1.300000000000000044, 0.000000000000000000 ) ) ;
#1450 = FACE_OUTER_BOUND ( 'NONE', #2173, .T. ) ;
#1451 = FACE_OUTER_BOUND ( 'NONE', #1291, .T. ) ;
#1452 = ORIENTED_EDGE ( 'NONE', *, *, #287, .F. ) ;
#1453 = ORIENTED_EDGE ( 'NONE', *, *, #2852, .T. ) ;
#1454 = DIRECTION ( 'NONE',  ( 0.000000000000000000, -1.000000000000000000, 0.000000000000000000 ) ) ;
#1455 = DIRECTION ( 'NONE',  ( -0.000000000000000000, -1.000000000000000000, -0.000000000000000000 ) ) ;
#1456 = ORIENTED_EDGE ( 'NONE', *, *, #3973, .T. ) ;
#1457 = EDGE_CURVE ( 'NONE', #3901, #3758, #2154, .T. ) ;
#1458 = EDGE_LOOP ( 'NONE', ( #801, #1666, #3480, #15, #3990, #2907, #2600, #3696, #688, #3995, #444, #3785, #1787, #1067, #3894, #1185, #4192, #597, #3059, #2324, #3161, #2997, #1777, #2137, #490, #2244, #1973, #963, #3611, #74, #2786, #514, #622, #2315, #363, #4096, #637, #3934, #145, #3243, #2864, #2190, #3692, #1899, #377, #3602 ) ) ;
#1459 = VERTEX_POINT ( 'NONE', #3981 ) ;
#1460 = EDGE_CURVE ( 'NONE', #3511, #4093, #2279, .T. ) ;
#1461 = CARTESIAN_POINT ( 'NONE',  ( -5.304973999367032178, 1.300000000000000044, 5.718151000632968994 ) ) ;
#1462 = LINE ( 'NONE', #1737, #3158 ) ;
#1463 = DIRECTION ( 'NONE',  ( 0.000000000000000000, -0.000000000000000000, 1.000000000000000000 ) ) ;
#1464 = PLANE ( 'NONE',  #1871 ) ;
#1465 = DIRECTION ( 'NONE',  ( 0.000000000000000000, 1.000000000000000000, 0.000000000000000000 ) ) ;
#1466 = DIRECTION ( 'NONE',  ( 0.000000000000000000, 1.000000000000000000, 0.000000000000000000 ) ) ;
#1467 = VERTEX_POINT ( 'NONE', #1017 ) ;
#1468 = EDGE_CURVE ( 'NONE', #3539, #2393, #757, .T. ) ;
#1469 = ORIENTED_EDGE ( 'NONE', *, *, #1263, .F. ) ;
#1470 = CIRCLE ( 'NONE', #729, 7.800000000000004263 ) ;
#1471 = EDGE_CURVE ( 'NONE', #3539, #1467, #1875, .T. ) ;
#1472 = FACE_OUTER_BOUND ( 'NONE', #285, .T. ) ;
#1473 = DIRECTION ( 'NONE',  ( 0.000000000000000000, 0.000000000000000000, 1.000000000000000000 ) ) ;
#1474 = ORIENTED_EDGE ( 'NONE', *, *, #2329, .T. ) ;
#1475 = AXIS2_PLACEMENT_3D ( 'NONE', #124, #3329, #1167 ) ;
#1476 = EDGE_LOOP ( 'NONE', ( #1248, #3417 ) ) ;
#1477 = AXIS2_PLACEMENT_3D ( 'NONE', #351, #1917, #1644 ) ;
#1478 = CARTESIAN_POINT ( 'NONE',  ( -6.982962677686266711E-15, 3.621320343559645494, -2.000000000000000000 ) ) ;
#1479 = ADVANCED_FACE ( 'NONE', ( #3889 ), #340, .T. ) ;
#1480 = ADVANCED_FACE ( 'NONE', ( #703 ), #1399, .T. ) ;
#1481 = ADVANCED_FACE ( 'NONE', ( #378 ), #655, .T. ) ;
#1482 = ORIENTED_EDGE ( 'NONE', *, *, #1008, .F. ) ;
#1483 = VERTEX_POINT ( 'NONE', #3957 ) ;
#1484 = CIRCLE ( 'NONE', #2090, 0.7500000000000015543 ) ;
#1485 = AXIS2_PLACEMENT_3D ( 'NONE', #204, #2404, #3714 ) ;
#1486 = CARTESIAN_POINT ( 'NONE',  ( -4.000000000000000000, 1.300000000000000044, 0.000000000000000000 ) ) ;
#1487 = ADVANCED_FACE ( 'NONE', ( #3237 ), #3279, .T. ) ;
#1488 = CARTESIAN_POINT ( 'NONE',  ( -7.999999999999979572, 0.000000000000000000, 2.000000000000084821 ) ) ;
#1489 = AXIS2_PLACEMENT_3D ( 'NONE', #1040, #1672, #337 ) ;
#1490 = CIRCLE ( 'NONE', #3841, 7.800000000000004263 ) ;
#1491 = FACE_OUTER_BOUND ( 'NONE', #2627, .T. ) ;
#1492 = FACE_OUTER_BOUND ( 'NONE', #1121, .T. ) ;
#1493 = EDGE_CURVE ( 'NONE', #3001, #3388, #2940, .T. ) ;
#1494 = VECTOR ( 'NONE', #3843, 1000.000000000000000 ) ;
#1495 = DIRECTION ( 'NONE',  ( 0.000000000000000000, 0.000000000000000000, 1.000000000000000000 ) ) ;
#1496 = FACE_OUTER_BOUND ( 'NONE', #3610, .T. ) ;
#1497 = CARTESIAN_POINT ( 'NONE',  ( -3.999999999999937828, 0.000000000000000000, 5.250000000000040856 ) ) ;
#1498 = AXIS2_PLACEMENT_3D ( 'NONE', #504, #3971, #3022 ) ;
#1499 = ORIENTED_EDGE ( 'NONE', *, *, #1025, .F. ) ;
#1500 = ORIENTED_EDGE ( 'NONE', *, *, #3392, .T. ) ;
#1501 = AXIS2_PLACEMENT_3D ( 'NONE', #327, #3605, #1303 ) ;
#1502 = EDGE_CURVE ( 'NONE', #3477, #764, #1333, .T. ) ;
#1503 = DIRECTION ( 'NONE',  ( 0.000000000000000000, 0.000000000000000000, 1.000000000000000000 ) ) ;
#1504 = FACE_OUTER_BOUND ( 'NONE', #811, .T. ) ;
#1505 = EDGE_LOOP ( 'NONE', ( #309, #2603, #419, #1999 ) ) ;
#1506 = CIRCLE ( 'NONE', #342, 0.7499999999999984457 ) ;
#1507 = CIRCLE ( 'NONE', #3251, 0.7499999999999981126 ) ;
#1508 = CARTESIAN_POINT ( 'NONE',  ( -1.318054248161410591, 0.000000000000000000, -7.687830187959651340 ) ) ;
#1509 = ORIENTED_EDGE ( 'NONE', *, *, #2347, .F. ) ;
#1510 = ORIENTED_EDGE ( 'NONE', *, *, #2484, .F. ) ;
#1511 = AXIS2_PLACEMENT_3D ( 'NONE', #3175, #2166, #4127 ) ;
#1512 = LINE ( 'NONE', #2797, #1082 ) ;
#1513 = DIRECTION ( 'NONE',  ( 0.000000000000000000, 1.000000000000000000, -0.000000000000000000 ) ) ;
#1514 = LINE ( 'NONE', #3726, #324 ) ;
#1515 = DIRECTION ( 'NONE',  ( -0.000000000000000000, -1.000000000000000000, -0.000000000000000000 ) ) ;
#1516 = DIRECTION ( 'NONE',  ( 0.000000000000000000, 1.000000000000000000, 0.000000000000000000 ) ) ;
#1517 = FACE_BOUND ( 'NONE', #3890, .T. ) ;
#1518 = DIRECTION ( 'NONE',  ( 0.000000000000000000, 1.000000000000000000, 0.000000000000000000 ) ) ;
#1519 = DIRECTION ( 'NONE',  ( -0.000000000000000000, -1.000000000000000000, -0.000000000000000000 ) ) ;
#1520 = VERTEX_POINT ( 'NONE', #85 ) ;
#1521 = ORIENTED_EDGE ( 'NONE', *, *, #2965, .F. ) ;
#1522 = DIRECTION ( 'NONE',  ( -0.000000000000000000, -1.000000000000000000, -0.000000000000000000 ) ) ;
#1523 = LINE ( 'NONE', #2448, #2636 ) ;
#1524 = VERTEX_POINT ( 'NONE', #62 ) ;
#1525 = LINE ( 'NONE', #2180, #2564 ) ;
#1526 = ORIENTED_EDGE ( 'NONE', *, *, #595, .F. ) ;
#1527 = CARTESIAN_POINT ( 'NONE',  ( 0.000000000000000000, 1.300000000000000044, 0.000000000000000000 ) ) ;
#1528 = DIRECTION ( 'NONE',  ( 0.000000000000000000, 1.000000000000000000, 0.000000000000000000 ) ) ;
#1529 = ORIENTED_EDGE ( 'NONE', *, *, #847, .F. ) ;
#1530 = DIRECTION ( 'NONE',  ( 0.000000000000000000, 1.000000000000000000, 0.000000000000000000 ) ) ;
#1531 = FACE_BOUND ( 'NONE', #1953, .T. ) ;
#1532 = DIRECTION ( 'NONE',  ( 0.000000000000000000, 1.000000000000000000, -0.000000000000000000 ) ) ;
#1533 = CARTESIAN_POINT ( 'NONE',  ( -3.999999999999958256, 0.000000000000000000, 4.000000000000042633 ) ) ;
#1534 = ADVANCED_FACE ( 'NONE', ( #1383 ), #1994, .T. ) ;
#1535 = EDGE_CURVE ( 'NONE', #705, #1064, #590, .T. ) ;
#1536 = ORIENTED_EDGE ( 'NONE', *, *, #911, .F. ) ;
#1537 = VERTEX_POINT ( 'NONE', #2288 ) ;
#1538 = DIRECTION ( 'NONE',  ( 0.000000000000000000, 1.000000000000000000, 0.000000000000000000 ) ) ;
#1539 = DIRECTION ( 'NONE',  ( -0.000000000000000000, -1.000000000000000000, -0.000000000000000000 ) ) ;
#1540 = VERTEX_POINT ( 'NONE', #2648 ) ;
#1541 = ADVANCED_FACE ( 'NONE', ( #1043 ), #2328, .T. ) ;
#1542 = ADVANCED_FACE ( 'NONE', ( #1108 ), #495, .T. ) ;
#1543 = DIRECTION ( 'NONE',  ( 0.000000000000000000, 1.000000000000000000, 0.000000000000000000 ) ) ;
#1544 = VERTEX_POINT ( 'NONE', #2737 ) ;
#1545 = VECTOR ( 'NONE', #1329, 1000.000000000000000 ) ;
#1546 = CARTESIAN_POINT ( 'NONE',  ( 1.999999999999993117, 1.300000000000000044, -1.250000000000006883 ) ) ;
#1547 = EDGE_CURVE ( 'NONE', #2508, #906, #2799, .T. ) ;
#1548 = DIRECTION ( 'NONE',  ( -0.000000000000000000, -1.000000000000000000, -0.000000000000000000 ) ) ;
#1549 = CIRCLE ( 'NONE', #1752, 0.7500000000000011102 ) ;
#1550 = DIRECTION ( 'NONE',  ( 0.000000000000000000, -0.000000000000000000, -1.000000000000000000 ) ) ;
#1551 = DIRECTION ( 'NONE',  ( 0.000000000000000000, -0.000000000000000000, 1.000000000000000000 ) ) ;
#1552 = PLANE ( 'NONE',  #250 ) ;
#1553 = CARTESIAN_POINT ( 'NONE',  ( 6.000000000000000000, 3.621320343559645494, 0.7500000000000003331 ) ) ;
#1554 = EDGE_LOOP ( 'NONE', ( #2698, #2678 ) ) ;
#1555 = ORIENTED_EDGE ( 'NONE', *, *, #717, .F. ) ;
#1556 = AXIS2_PLACEMENT_3D ( 'NONE', #3747, #585, #2161 ) ;
#1557 = CIRCLE ( 'NONE', #3104, 7.800000000000004263 ) ;
#1558 = VECTOR ( 'NONE', #545, 1000.000000000000000 ) ;
#1559 = FACE_OUTER_BOUND ( 'NONE', #4068, .T. ) ;
#1560 = CARTESIAN_POINT ( 'NONE',  ( 0.000000000000000000, 1.500000000000000000, -9.699494936611660734 ) ) ;
#1561 = ORIENTED_EDGE ( 'NONE', *, *, #2103, .T. ) ;
#1562 = AXIS2_PLACEMENT_3D ( 'NONE', #521, #2528, #2510 ) ;
#1563 = FACE_OUTER_BOUND ( 'NONE', #2995, .T. ) ;
#1564 = FACE_OUTER_BOUND ( 'NONE', #3191, .T. ) ;
#1565 = AXIS2_PLACEMENT_3D ( 'NONE', #1180, #2134, #3077 ) ;
#1566 = ORIENTED_EDGE ( 'NONE', *, *, #959, .F. ) ;
#1567 = AXIS2_PLACEMENT_3D ( 'NONE', #476, #1090, #2383 ) ;
#1568 = DIRECTION ( 'NONE',  ( 0.000000000000000000, 0.000000000000000000, 1.000000000000000000 ) ) ;
#1569 = FACE_OUTER_BOUND ( 'NONE', #1505, .T. ) ;
#1570 = AXIS2_PLACEMENT_3D ( 'NONE', #1728, #1389, #711 ) ;
#1571 = AXIS2_PLACEMENT_3D ( 'NONE', #1643, #23, #349 ) ;
#1572 = DIRECTION ( 'NONE',  ( 0.000000000000000000, 1.000000000000000000, 0.000000000000000000 ) ) ;
#1573 = CARTESIAN_POINT ( 'NONE',  ( -6.745354732844144330, 0.000000000000000000, -3.916655400733789705 ) ) ;
#1574 = CYLINDRICAL_SURFACE ( 'NONE', #3433, 0.7500000000000006661 ) ;
#1575 = VERTEX_POINT ( 'NONE', #2438 ) ;
#1576 = ORIENTED_EDGE ( 'NONE', *, *, #1055, .T. ) ;
#1577 = CYLINDRICAL_SURFACE ( 'NONE', #1686, 0.7500000000000006661 ) ;
#1578 = CARTESIAN_POINT ( 'NONE',  ( -6.000000000000000000, 1.300000000000000044, -1.249999999999999556 ) ) ;
#1579 = VERTEX_POINT ( 'NONE', #3365 ) ;
#1580 = ORIENTED_EDGE ( 'NONE', *, *, #3985, .F. ) ;
#1581 = LINE ( 'NONE', #2871, #3802 ) ;
#1582 = DIRECTION ( 'NONE',  ( 0.000000000000000000, 1.000000000000000000, 0.000000000000000000 ) ) ;
#1583 = CARTESIAN_POINT ( 'NONE',  ( -5.999999999999979572, 0.000000000000000000, 2.000000000000063949 ) ) ;
#1584 = EDGE_CURVE ( 'NONE', #1483, #866, #935, .T. ) ;
#1585 = ORIENTED_EDGE ( 'NONE', *, *, #142, .T. ) ;
#1586 = DIRECTION ( 'NONE',  ( -0.000000000000000000, -1.000000000000000000, -0.000000000000000000 ) ) ;
#1587 = DIRECTION ( 'NONE',  ( 0.000000000000000000, -0.000000000000000000, 1.000000000000000000 ) ) ;
#1588 = EDGE_CURVE ( 'NONE', #709, #3075, #2456, .T. ) ;
#1589 = PRODUCT_RELATED_PRODUCT_CATEGORY ( 'part', '', ( #2888 ) ) ;
#1590 = CARTESIAN_POINT ( 'NONE',  ( 0.000000000000000000, 1.300000000000000044, 0.000000000000000000 ) ) ;
#1591 = FACE_BOUND ( 'NONE', #3201, .T. ) ;
#1592 = CARTESIAN_POINT ( 'NONE',  ( 6.000000000000000888, 1.300000000000000044, 4.000000000000000000 ) ) ;
#1593 = EDGE_LOOP ( 'NONE', ( #341, #2482 ) ) ;
#1594 = CARTESIAN_POINT ( 'NONE',  ( 0.000000000000000000, 1.300000000000000044, 0.000000000000000000 ) ) ;
#1595 = CARTESIAN_POINT ( 'NONE',  ( 7.403640400275651068, 3.621320343559645494, 2.454813398897415677 ) ) ;
#1596 = EDGE_CURVE ( 'NONE', #163, #370, #2961, .T. ) ;
#1597 = EDGE_LOOP ( 'NONE', ( #2588, #1322, #3842, #3669 ) ) ;
#1598 = ADVANCED_FACE ( 'NONE', ( #1491 ), #1761, .T. ) ;
#1599 = CARTESIAN_POINT ( 'NONE',  ( 4.000000000000000000, 3.621320343559645494, 1.250000000000001554 ) ) ;
#1600 = CARTESIAN_POINT ( 'NONE',  ( -2.094888803305880013E-14, 0.000000000000000000, -6.000000000000000000 ) ) ;
#1601 = CYLINDRICAL_SURFACE ( 'NONE', #760, 0.7500000000000006661 ) ;
#1602 = ORIENTED_EDGE ( 'NONE', *, *, #32, .F. ) ;
#1603 = ADVANCED_FACE ( 'NONE', ( #1738 ), #837, .T. ) ;
#1604 = EDGE_CURVE ( 'NONE', #1092, #3024, #1514, .T. ) ;
#1605 = CARTESIAN_POINT ( 'NONE',  ( 0.000000000000000000, 0.000000000000000000, 0.000000000000000000 ) ) ;
#1606 = CARTESIAN_POINT ( 'NONE',  ( 8.000000000000000000, 3.621320343559645494, 0.000000000000000000 ) ) ;
#1607 = EDGE_CURVE ( 'NONE', #515, #3254, #528, .T. ) ;
#1608 = DIRECTION ( 'NONE',  ( 0.000000000000000000, 0.000000000000000000, -1.000000000000000000 ) ) ;
#1609 = CARTESIAN_POINT ( 'NONE',  ( 0.000000000000000000, 1.300000000000000044, 0.000000000000000000 ) ) ;
#1610 = AXIS2_PLACEMENT_3D ( 'NONE', #4166, #3872, #236 ) ;
#1611 = ORIENTED_EDGE ( 'NONE', *, *, #2362, .T. ) ;
#1612 = AXIS2_PLACEMENT_3D ( 'NONE', #3519, #1582, #3880 ) ;
#1613 = CYLINDRICAL_SURFACE ( 'NONE', #992, 0.7500000000000003331 ) ;
#1614 = ORIENTED_EDGE ( 'NONE', *, *, #3570, .T. ) ;
#1615 = VECTOR ( 'NONE', #424, 1000.000000000000000 ) ;
#1616 = AXIS2_PLACEMENT_3D ( 'NONE', #3396, #1522, #2809 ) ;
#1617 = DIRECTION ( 'NONE',  ( -1.000000000000000000, 0.000000000000000000, 1.040834085586085834E-14 ) ) ;
#1618 = DIRECTION ( 'NONE',  ( -0.000000000000000000, -1.000000000000000000, -0.000000000000000000 ) ) ;
#1619 = AXIS2_PLACEMENT_3D ( 'NONE', #3633, #754, #3403 ) ;
#1620 = ORIENTED_EDGE ( 'NONE', *, *, #2894, .T. ) ;
#1621 = ADVANCED_FACE ( 'NONE', ( #2141 ), #2715, .F. ) ;
#1622 = AXIS2_PLACEMENT_3D ( 'NONE', #2953, #648, #1936 ) ;
#1623 = DIRECTION ( 'NONE',  ( 0.000000000000000000, 0.000000000000000000, -1.000000000000000000 ) ) ;
#1624 = CARTESIAN_POINT ( 'NONE',  ( -6.000000000000000000, 3.621320343559645494, -2.000000000000000000 ) ) ;
#1625 = CARTESIAN_POINT ( 'NONE',  ( -2.782089406222293615, 1.500000000000000000, 9.291941700265931914 ) ) ;
#1626 = ORIENTED_EDGE ( 'NONE', *, *, #3878, .T. ) ;
#1627 = CIRCLE ( 'NONE', #1498, 7.800000000000004263 ) ;
#1628 = AXIS2_PLACEMENT_3D ( 'NONE', #1238, #3397, #3128 ) ;
#1629 = CARTESIAN_POINT ( 'NONE',  ( 0.000000000000000000, 0.000000000000000000, 0.000000000000000000 ) ) ;
#1630 = PLANE ( 'NONE',  #1685 ) ;
#1631 = VECTOR ( 'NONE', #237, 1000.000000000000000 ) ;
#1632 = PLANE ( 'NONE',  #4119 ) ;
#1633 = FACE_OUTER_BOUND ( 'NONE', #3102, .T. ) ;
#1634 = AXIS2_PLACEMENT_3D ( 'NONE', #2975, #196, #1495 ) ;
#1635 = ORIENTED_EDGE ( 'NONE', *, *, #1535, .F. ) ;
#1636 = DIRECTION ( 'NONE',  ( 0.000000000000000000, 0.000000000000000000, -1.000000000000000000 ) ) ;
#1637 = ADVANCED_FACE ( 'NONE', ( #3027 ), #3425, .T. ) ;
#1638 = ORIENTED_EDGE ( 'NONE', *, *, #2153, .T. ) ;
#1639 = CARTESIAN_POINT ( 'NONE',  ( 3.999999999999986233, 1.300000000000000044, -4.750000000000015987 ) ) ;
#1640 = CARTESIAN_POINT ( 'NONE',  ( 0.000000000000000000, 1.300000000000000044, 0.000000000000000000 ) ) ;
#1641 = ORIENTED_EDGE ( 'NONE', *, *, #2795, .F. ) ;
#1642 = EDGE_LOOP ( 'NONE', ( #2044, #3521, #2085, #3394 ) ) ;
#1643 = CARTESIAN_POINT ( 'NONE',  ( -8.000000000000000000, 0.000000000000000000, -2.000000000000000000 ) ) ;
#1644 = DIRECTION ( 'NONE',  ( 0.000000000000000000, -0.000000000000000000, 1.000000000000000000 ) ) ;
#1645 = CARTESIAN_POINT ( 'NONE',  ( -6.000000000000000000, 1.300000000000000044, 0.7500000000000003331 ) ) ;
#1646 = ORIENTED_EDGE ( 'NONE', *, *, #520, .F. ) ;
#1647 = CARTESIAN_POINT ( 'NONE',  ( -2.000000000000000888, 1.300000000000000044, -6.000000000000000000 ) ) ;
#1648 = CARTESIAN_POINT ( 'NONE',  ( 0.000000000000000000, 0.000000000000000000, 0.000000000000000000 ) ) ;
#1649 = EDGE_LOOP ( 'NONE', ( #1768, #1980 ) ) ;
#1650 = VERTEX_POINT ( 'NONE', #1146 ) ;
#1651 = DIRECTION ( 'NONE',  ( -0.000000000000000000, -1.000000000000000000, -0.000000000000000000 ) ) ;
#1652 = DIRECTION ( 'NONE',  ( -0.000000000000000000, -1.000000000000000000, -0.000000000000000000 ) ) ;
#1653 = VERTEX_POINT ( 'NONE', #796 ) ;
#1654 = DIRECTION ( 'NONE',  ( -0.9946184088907777943, 0.000000000000000000, -0.1036060842594565962 ) ) ;
#1655 = VERTEX_POINT ( 'NONE', #3053 ) ;
#1656 = ADVANCED_FACE ( 'NONE', ( #2415 ), #2777, .T. ) ;
#1657 = EDGE_CURVE ( 'NONE', #1809, #3287, #448, .T. ) ;
#1658 = EDGE_CURVE ( 'NONE', #2352, #3796, #2763, .T. ) ;
#1659 = CARTESIAN_POINT ( 'NONE',  ( -1.318054248161410591, 3.621320343559645494, -7.687830187959651340 ) ) ;
#1660 = CARTESIAN_POINT ( 'NONE',  ( 0.000000000000000000, 0.000000000000000000, 0.000000000000000000 ) ) ;
#1661 = VERTEX_POINT ( 'NONE', #4004 ) ;
#1662 = EDGE_LOOP ( 'NONE', ( #2553, #604, #2003, #1356 ) ) ;
#1663 = CYLINDRICAL_SURFACE ( 'NONE', #1949, 0.7500000000000011102 ) ;
#1664 = LINE ( 'NONE', #25, #1088 ) ;
#1665 = ORIENTED_EDGE ( 'NONE', *, *, #286, .T. ) ;
#1666 = ORIENTED_EDGE ( 'NONE', *, *, #1535, .T. ) ;
#1667 = EDGE_CURVE ( 'NONE', #1216, #102, #2018, .T. ) ;
#1668 = CARTESIAN_POINT ( 'NONE',  ( 0.000000000000000000, 0.000000000000000000, 0.000000000000000000 ) ) ;
#1669 = CARTESIAN_POINT ( 'NONE',  ( 6.000000000000000888, 3.621320343559645494, 4.000000000000000000 ) ) ;
#1670 = ORIENTED_EDGE ( 'NONE', *, *, #173, .T. ) ;
#1671 = ORIENTED_EDGE ( 'NONE', *, *, #2971, .T. ) ;
#1672 = DIRECTION ( 'NONE',  ( 0.000000000000000000, 1.000000000000000000, 0.000000000000000000 ) ) ;
#1673 = DIRECTION ( 'NONE',  ( 0.000000000000000000, 1.000000000000000000, 0.000000000000000000 ) ) ;
#1674 = EDGE_LOOP ( 'NONE', ( #950, #2111, #200 ) ) ;
#1675 = DIRECTION ( 'NONE',  ( 0.000000000000000000, 1.000000000000000000, 0.000000000000000000 ) ) ;
#1676 = AXIS2_PLACEMENT_3D ( 'NONE', #3385, #4019, #1143 ) ;
#1677 = VERTEX_POINT ( 'NONE', #311 ) ;
#1678 = AXIS2_PLACEMENT_3D ( 'NONE', #2311, #2922, #990 ) ;
#1679 = DIRECTION ( 'NONE',  ( 0.000000000000000000, 0.000000000000000000, -1.000000000000000000 ) ) ;
#1680 = DIRECTION ( 'NONE',  ( 0.000000000000000000, -1.000000000000000000, 0.000000000000000000 ) ) ;
#1681 = ORIENTED_EDGE ( 'NONE', *, *, #4118, .T. ) ;
#1682 = VERTEX_POINT ( 'NONE', #1845 ) ;
#1683 = AXIS2_PLACEMENT_3D ( 'NONE', #95, #3041, #1052 ) ;
#1684 = CARTESIAN_POINT ( 'NONE',  ( 6.000000000000000000, 3.621320343559645494, 2.000000000000000000 ) ) ;
#1685 = AXIS2_PLACEMENT_3D ( 'NONE', #29, #10, #2595 ) ;
#1686 = AXIS2_PLACEMENT_3D ( 'NONE', #2543, #3874, #1237 ) ;
#1687 = LINE ( 'NONE', #2976, #2493 ) ;
#1688 = FACE_OUTER_BOUND ( 'NONE', #1955, .T. ) ;
#1689 = ORIENTED_EDGE ( 'NONE', *, *, #344, .T. ) ;
#1690 = AXIS2_PLACEMENT_3D ( 'NONE', #2533, #4124, #552 ) ;
#1691 = AXIS2_PLACEMENT_3D ( 'NONE', #3331, #1654, #2963 ) ;
#1692 = DIRECTION ( 'NONE',  ( 0.000000000000000000, 0.000000000000000000, -1.000000000000000000 ) ) ;
#1693 = AXIS2_PLACEMENT_3D ( 'NONE', #610, #3080, #3928 ) ;
#1694 = DIRECTION ( 'NONE',  ( 0.000000000000000000, 1.000000000000000000, 0.000000000000000000 ) ) ;
#1695 = ORIENTED_EDGE ( 'NONE', *, *, #3038, .F. ) ;
#1696 = ORIENTED_EDGE ( 'NONE', *, *, #2914, .F. ) ;
#1697 = CARTESIAN_POINT ( 'NONE',  ( 1.999999999999979128, 1.300000000000000044, -6.750000000000007994 ) ) ;
#1698 = CARTESIAN_POINT ( 'NONE',  ( -1.396592535537253342E-14, 3.621320343559645494, -4.000000000000000000 ) ) ;
#1699 = CARTESIAN_POINT ( 'NONE',  ( 0.000000000000000000, 1.500000000000000000, 0.000000000000000000 ) ) ;
#1700 = VECTOR ( 'NONE', #880, 1000.000000000000000 ) ;
#1701 = VERTEX_POINT ( 'NONE', #953 ) ;
#1702 = AXIS2_PLACEMENT_3D ( 'NONE', #3018, #414, #767 ) ;
#1703 = CARTESIAN_POINT ( 'NONE',  ( -5.718151000632913039, 3.621320343559645494, -5.304973999367091686 ) ) ;
#1704 = LINE ( 'NONE', #3285, #3451 ) ;
#1705 = EDGE_LOOP ( 'NONE', ( #4147, #2653, #3568, #1689 ) ) ;
#1706 = EDGE_LOOP ( 'NONE', ( #2032, #2017, #1585, #3371 ) ) ;
#1707 = SHAPE_DEFINITION_REPRESENTATION ( #1940, #1013 ) ;
#1708 = LINE ( 'NONE', #438, #1837 ) ;
#1709 = LINE ( 'NONE', #1390, #2764 ) ;
#1710 = CARTESIAN_POINT ( 'NONE',  ( 5.999999999999979572, 3.621320343559645494, -6.000000000000022204 ) ) ;
#1711 = ORIENTED_EDGE ( 'NONE', *, *, #2409, .T. ) ;
#1712 = LINE ( 'NONE', #3379, #3847 ) ;
#1713 = ADVANCED_FACE ( 'NONE', ( #3524 ), #2248, .T. ) ;
#1714 = ADVANCED_FACE ( 'NONE', ( #1204 ), #2816, .T. ) ;
#1715 = DIRECTION ( 'NONE',  ( 0.000000000000000000, 0.000000000000000000, 1.000000000000000000 ) ) ;
#1716 = ORIENTED_EDGE ( 'NONE', *, *, #267, .F. ) ;
#1717 = EDGE_LOOP ( 'NONE', ( #1509, #788, #3838, #462 ) ) ;
#1718 = DIRECTION ( 'NONE',  ( 0.000000000000000000, -1.000000000000000000, 0.000000000000000000 ) ) ;
#1719 = DIRECTION ( 'NONE',  ( 0.1036060842594564158, 0.000000000000000000, 0.9946184088907777943 ) ) ;
#1720 = DIRECTION ( 'NONE',  ( 0.000000000000000000, 1.000000000000000000, 0.000000000000000000 ) ) ;
#1721 = ORIENTED_EDGE ( 'NONE', *, *, #2534, .T. ) ;
#1722 = ADVANCED_FACE ( 'NONE', ( #3148 ), #3133, .T. ) ;
#1723 = CARTESIAN_POINT ( 'NONE',  ( 1.999999999999986233, 0.000000000000000000, -4.000000000000007105 ) ) ;
#1724 = CARTESIAN_POINT ( 'NONE',  ( 0.000000000000000000, 1.300000000000000044, 0.000000000000000000 ) ) ;
#1725 = VERTEX_POINT ( 'NONE', #4162 ) ;
#1726 = ORIENTED_EDGE ( 'NONE', *, *, #1410, .T. ) ;
#1727 = EDGE_CURVE ( 'NONE', #177, #101, #1903, .T. ) ;
#1728 = CARTESIAN_POINT ( 'NONE',  ( -2.000000000000000444, 0.000000000000000000, -2.000000000000000000 ) ) ;
#1729 = DIRECTION ( 'NONE',  ( -0.000000000000000000, -1.000000000000000000, -0.000000000000000000 ) ) ;
#1730 = FACE_OUTER_BOUND ( 'NONE', #4058, .T. ) ;
#1731 = ORIENTED_EDGE ( 'NONE', *, *, #3126, .F. ) ;
#1732 = ADVANCED_FACE ( 'NONE', ( #3209 ), #3482, .T. ) ;
#1733 = DIRECTION ( 'NONE',  ( 0.000000000000000000, 0.000000000000000000, 1.000000000000000000 ) ) ;
#1734 = ORIENTED_EDGE ( 'NONE', *, *, #677, .T. ) ;
#1735 = EDGE_LOOP ( 'NONE', ( #3332, #1638, #2427, #1299 ) ) ;
#1736 = DIRECTION ( 'NONE',  ( 0.000000000000000000, 0.000000000000000000, 1.000000000000000000 ) ) ;
#1737 = CARTESIAN_POINT ( 'NONE',  ( -3.709746672391582845, 0.000000000000000000, 0.3864319450407913692 ) ) ;
#1738 = FACE_OUTER_BOUND ( 'NONE', #1981, .T. ) ;
#1739 = DIRECTION ( 'NONE',  ( -1.000000000000000000, 0.000000000000000000, 1.040834085586083310E-14 ) ) ;
#1740 = AXIS2_PLACEMENT_3D ( 'NONE', #3982, #3703, #3407 ) ;
#1741 = DIRECTION ( 'NONE',  ( 0.000000000000000000, 0.000000000000000000, 1.000000000000000000 ) ) ;
#1742 = FACE_OUTER_BOUND ( 'NONE', #3501, .T. ) ;
#1743 = ORIENTED_EDGE ( 'NONE', *, *, #2418, .F. ) ;
#1744 = ORIENTED_EDGE ( 'NONE', *, *, #2813, .F. ) ;
#1745 = AXIS2_PLACEMENT_3D ( 'NONE', #988, #2920, #338 ) ;
#1746 = CARTESIAN_POINT ( 'NONE',  ( 5.304973999367094351, 1.300000000000000044, 5.718151000632913039 ) ) ;
#1747 = CARTESIAN_POINT ( 'NONE',  ( 6.745354732844144330, 1.300000000000000044, 3.916655400733789705 ) ) ;
#1748 = CIRCLE ( 'NONE', #2285, 7.800000000000004263 ) ;
#1749 = VECTOR ( 'NONE', #3863, 1000.000000000000000 ) ;
#1750 = ORIENTED_EDGE ( 'NONE', *, *, #2650, .T. ) ;
#1751 = CIRCLE ( 'NONE', #744, 0.7500000000000015543 ) ;
#1752 = AXIS2_PLACEMENT_3D ( 'NONE', #4082, #1187, #3499 ) ;
#1753 = DIRECTION ( 'NONE',  ( -0.000000000000000000, -1.000000000000000000, -0.000000000000000000 ) ) ;
#1754 = EDGE_LOOP ( 'NONE', ( #2341, #3421 ) ) ;
#1755 = AXIS2_PLACEMENT_3D ( 'NONE', #4087, #1848, #3196 ) ;
#1756 = AXIS2_PLACEMENT_3D ( 'NONE', #2601, #2925, #2674 ) ;
#1757 = ORIENTED_EDGE ( 'NONE', *, *, #525, .F. ) ;
#1758 = AXIS2_PLACEMENT_3D ( 'NONE', #2196, #871, #2875 ) ;
#1759 = CARTESIAN_POINT ( 'NONE',  ( 3.999999999999986233, 0.000000000000000000, -3.250000000000013767 ) ) ;
#1760 = CARTESIAN_POINT ( 'NONE',  ( -2.793185071074506684E-14, 0.000000000000000000, -8.000000000000000000 ) ) ;
#1761 = CYLINDRICAL_SURFACE ( 'NONE', #3436, 0.7500000000000011102 ) ;
#1762 = DIRECTION ( 'NONE',  ( 0.000000000000000000, 0.000000000000000000, 1.000000000000000000 ) ) ;
#1763 = AXIS2_PLACEMENT_3D ( 'NONE', #1668, #3523, #2554 ) ;
#1764 = DIRECTION ( 'NONE',  ( 0.000000000000000000, 0.000000000000000000, 1.000000000000000000 ) ) ;
#1765 = CYLINDRICAL_SURFACE ( 'NONE', #4193, 0.7500000000000002220 ) ;
#1766 = EDGE_CURVE ( 'NONE', #1853, #1661, #1879, .T. ) ;
#1767 = ORIENTED_EDGE ( 'NONE', *, *, #3427, .T. ) ;
#1768 = ORIENTED_EDGE ( 'NONE', *, *, #1967, .T. ) ;
#1769 = CIRCLE ( 'NONE', #1020, 0.7499999999999984457 ) ;
#1770 = DIRECTION ( 'NONE',  ( 0.000000000000000000, 0.000000000000000000, -1.000000000000000000 ) ) ;
#1771 = DIRECTION ( 'NONE',  ( -0.000000000000000000, -1.000000000000000000, -0.000000000000000000 ) ) ;
#1772 = CIRCLE ( 'NONE', #3188, 0.7499999999999988898 ) ;
#1773 = ORIENTED_EDGE ( 'NONE', *, *, #213, .T. ) ;
#1774 = EDGE_CURVE ( 'NONE', #3935, #515, #1484, .T. ) ;
#1775 = CARTESIAN_POINT ( 'NONE',  ( -6.000000000000000000, 1.300000000000000044, 0.000000000000000000 ) ) ;
#1776 = ORIENTED_EDGE ( 'NONE', *, *, #3965, .F. ) ;
#1777 = ORIENTED_EDGE ( 'NONE', *, *, #1843, .T. ) ;
#1778 = DIRECTION ( 'NONE',  ( -0.000000000000000000, -1.000000000000000000, -0.000000000000000000 ) ) ;
#1779 = ADVANCED_FACE ( 'NONE', ( #3505 ), #2497, .T. ) ;
#1780 = FACE_OUTER_BOUND ( 'NONE', #2146, .T. ) ;
#1781 = DIRECTION ( 'NONE',  ( 0.000000000000000000, -0.000000000000000000, 1.000000000000000000 ) ) ;
#1782 = CARTESIAN_POINT ( 'NONE',  ( -6.000000000000000000, 1.300000000000000044, -0.7500000000000003331 ) ) ;
#1783 = EDGE_CURVE ( 'NONE', #2749, #887, #1818, .T. ) ;
#1784 = LINE ( 'NONE', #1173, #539 ) ;
#1785 = DIRECTION ( 'NONE',  ( -0.000000000000000000, -1.000000000000000000, -0.000000000000000000 ) ) ;
#1786 = ORIENTED_EDGE ( 'NONE', *, *, #32, .T. ) ;
#1787 = ORIENTED_EDGE ( 'NONE', *, *, #1657, .F. ) ;
#1788 = ADVANCED_FACE ( 'NONE', ( #553 ), #931, .T. ) ;
#1789 = ADVANCED_FACE ( 'NONE', ( #297 ), #2184, .T. ) ;
#1790 = EDGE_CURVE ( 'NONE', #1655, #3511, #1748, .T. ) ;
#1791 = DIRECTION ( 'NONE',  ( -0.000000000000000000, -1.000000000000000000, -0.000000000000000000 ) ) ;
#1792 = CARTESIAN_POINT ( 'NONE',  ( -5.304973999367092574, 0.000000000000000000, -5.718151000632912151 ) ) ;
#1793 = ORIENTED_EDGE ( 'NONE', *, *, #1110, .T. ) ;
#1794 = ORIENTED_EDGE ( 'NONE', *, *, #3295, .T. ) ;
#1795 = ADVANCED_FACE ( 'NONE', ( #1569 ), #2860, .T. ) ;
#1796 = DIRECTION ( 'NONE',  ( -0.000000000000000000, -1.000000000000000000, -0.000000000000000000 ) ) ;
#1797 = ADVANCED_FACE ( 'NONE', ( #4125 ), #2515, .T. ) ;
#1798 = EDGE_CURVE ( 'NONE', #2067, #2156, #4111, .T. ) ;
#1799 = VERTEX_POINT ( 'NONE', #2262 ) ;
#1800 = ORIENTED_EDGE ( 'NONE', *, *, #2832, .T. ) ;
#1801 = CARTESIAN_POINT ( 'NONE',  ( -2.000000000000000888, 1.300000000000000044, -8.000000000000000000 ) ) ;
#1802 = DIRECTION ( 'NONE',  ( 0.000000000000000000, 0.000000000000000000, -1.000000000000000000 ) ) ;
#1803 = DIRECTION ( 'NONE',  ( 0.000000000000000000, 0.000000000000000000, 1.000000000000000000 ) ) ;
#1804 = DIRECTION ( 'NONE',  ( 0.000000000000000000, 1.000000000000000000, 0.000000000000000000 ) ) ;
#1805 = EDGE_CURVE ( 'NONE', #3308, #379, #3036, .T. ) ;
#1806 = LINE ( 'NONE', #736, #1228 ) ;
#1807 = CARTESIAN_POINT ( 'NONE',  ( 0.000000000000000000, 0.000000000000000000, 0.000000000000000000 ) ) ;
#1808 = DIRECTION ( 'NONE',  ( 0.000000000000000000, 1.000000000000000000, 0.000000000000000000 ) ) ;
#1809 = VERTEX_POINT ( 'NONE', #2343 ) ;
#1810 = ORIENTED_EDGE ( 'NONE', *, *, #4032, .T. ) ;
#1811 = PLANE ( 'NONE',  #3562 ) ;
#1812 = CARTESIAN_POINT ( 'NONE',  ( -2.793185071074506684E-14, 3.621320343559645494, -8.000000000000000000 ) ) ;
#1813 = VERTEX_POINT ( 'NONE', #2576 ) ;
#1814 = CIRCLE ( 'NONE', #1610, 7.800000000000004263 ) ;
#1815 = DIRECTION ( 'NONE',  ( 0.000000000000000000, 1.000000000000000000, 0.000000000000000000 ) ) ;
#1816 = ORIENTED_EDGE ( 'NONE', *, *, #2774, .T. ) ;
#1817 = EDGE_LOOP ( 'NONE', ( #4168, #3720, #1068, #2692 ) ) ;
#1818 = CIRCLE ( 'NONE', #939, 2.250000000000000000 ) ;
#1819 = VECTOR ( 'NONE', #1343, 1000.000000000000000 ) ;
#1820 = DIRECTION ( 'NONE',  ( -0.000000000000000000, -1.000000000000000000, -0.000000000000000000 ) ) ;
#1821 = CYLINDRICAL_SURFACE ( 'NONE', #122, 0.7500000000000011102 ) ;
#1822 = AXIS2_PLACEMENT_3D ( 'NONE', #3936, #2283, #3212 ) ;
#1823 = CARTESIAN_POINT ( 'NONE',  ( -3.709746672391582845, 1.500000000000000000, 0.3864319450407913692 ) ) ;
#1824 = DIRECTION ( 'NONE',  ( 0.000000000000000000, 1.000000000000000000, 0.000000000000000000 ) ) ;
#1825 = AXIS2_PLACEMENT_3D ( 'NONE', #1860, #1586, #2514 ) ;
#1826 = FACE_OUTER_BOUND ( 'NONE', #3645, .T. ) ;
#1827 = DIRECTION ( 'NONE',  ( 0.000000000000000000, 0.000000000000000000, -1.000000000000000000 ) ) ;
#1828 = LINE ( 'NONE', #1127, #3997 ) ;
#1829 = CIRCLE ( 'NONE', #1219, 0.7500000000000006661 ) ;
#1830 = ORIENTED_EDGE ( 'NONE', *, *, #2281, .F. ) ;
#1831 = VERTEX_POINT ( 'NONE', #970 ) ;
#1832 = CIRCLE ( 'NONE', #547, 0.7500000000000002220 ) ;
#1833 = LINE ( 'NONE', #3076, #3169 ) ;
#1834 = CARTESIAN_POINT ( 'NONE',  ( -6.000000000000000000, 0.000000000000000000, 0.7500000000000003331 ) ) ;
#1835 = ORIENTED_EDGE ( 'NONE', *, *, #3418, .T. ) ;
#1836 = AXIS2_PLACEMENT_3D ( 'NONE', #2676, #731, #3033 ) ;
#1837 = VECTOR ( 'NONE', #3337, 1000.000000000000000 ) ;
#1838 = FACE_OUTER_BOUND ( 'NONE', #2195, .T. ) ;
#1839 = EDGE_LOOP ( 'NONE', ( #167, #537, #3474, #2849 ) ) ;
#1840 = VERTEX_POINT ( 'NONE', #3230 ) ;
#1841 = CIRCLE ( 'NONE', #422, 0.7500000000000002220 ) ;
#1842 = EDGE_CURVE ( 'NONE', #3826, #1459, #2985, .T. ) ;
#1843 = EDGE_CURVE ( 'NONE', #1407, #3658, #1057, .T. ) ;
#1844 = PLANE ( 'NONE',  #2626 ) ;
#1845 = CARTESIAN_POINT ( 'NONE',  ( 0.000000000000000000, -1.500000000000000000, 2.250000000000000000 ) ) ;
#1846 = LINE ( 'NONE', #2476, #2485 ) ;
#1847 = DIRECTION ( 'NONE',  ( 0.000000000000000000, 0.000000000000000000, 1.000000000000000000 ) ) ;
#1848 = DIRECTION ( 'NONE',  ( 0.000000000000000000, 1.000000000000000000, 0.000000000000000000 ) ) ;
#1849 = DIRECTION ( 'NONE',  ( 0.000000000000000000, 0.000000000000000000, 1.000000000000000000 ) ) ;
#1850 = DIRECTION ( 'NONE',  ( 0.000000000000000000, 1.000000000000000000, 0.000000000000000000 ) ) ;
#1851 = ORIENTED_EDGE ( 'NONE', *, *, #3648, .F. ) ;
#1852 = ADVANCED_FACE ( 'NONE', ( #697 ), #1308, .T. ) ;
#1853 = VERTEX_POINT ( 'NONE', #356 ) ;
#1854 = CARTESIAN_POINT ( 'NONE',  ( 0.000000000000000000, 1.300000000000000044, 0.000000000000000000 ) ) ;
#1855 = DIRECTION ( 'NONE',  ( 0.000000000000000000, 0.000000000000000000, -1.000000000000000000 ) ) ;
#1856 = EDGE_LOOP ( 'NONE', ( #2722, #1576, #1681, #4103 ) ) ;
#1857 = EDGE_CURVE ( 'NONE', #764, #3477, #3165, .T. ) ;
#1858 = DIRECTION ( 'NONE',  ( 0.000000000000000000, -0.000000000000000000, 1.000000000000000000 ) ) ;
#1859 = ORIENTED_EDGE ( 'NONE', *, *, #2228, .T. ) ;
#1860 = CARTESIAN_POINT ( 'NONE',  ( -1.396592535537253342E-14, 3.621320343559645494, -4.000000000000000000 ) ) ;
#1861 = DIRECTION ( 'NONE',  ( 0.000000000000000000, 0.000000000000000000, 1.000000000000000000 ) ) ;
#1862 = CARTESIAN_POINT ( 'NONE',  ( -5.999999999999979572, 1.300000000000000044, 1.250000000000063505 ) ) ;
#1863 = DIRECTION ( 'NONE',  ( 0.000000000000000000, 0.000000000000000000, 1.000000000000000000 ) ) ;
#1864 = LINE ( 'NONE', #636, #740 ) ;
#1865 = CARTESIAN_POINT ( 'NONE',  ( -5.999999999999958256, 0.000000000000000000, 4.000000000000063061 ) ) ;
#1866 = EDGE_LOOP ( 'NONE', ( #2203, #4117 ) ) ;
#1867 = ORIENTED_EDGE ( 'NONE', *, *, #1910, .T. ) ;
#1868 = DIRECTION ( 'NONE',  ( -1.000000000000000000, 0.000000000000000000, 1.040834085586083310E-14 ) ) ;
#1869 = DIRECTION ( 'NONE',  ( 0.000000000000000000, 0.000000000000000000, -1.000000000000000000 ) ) ;
#1870 = ORIENTED_EDGE ( 'NONE', *, *, #2971, .F. ) ;
#1871 = AXIS2_PLACEMENT_3D ( 'NONE', #4042, #3426, #4067 ) ;
#1872 = CYLINDRICAL_SURFACE ( 'NONE', #612, 0.7500000000000002220 ) ;
#1873 = CIRCLE ( 'NONE', #43, 0.7500000000000002220 ) ;
#1874 = VERTEX_POINT ( 'NONE', #2663 ) ;
#1875 = CIRCLE ( 'NONE', #3225, 9.699494936611660734 ) ;
#1876 = AXIS2_PLACEMENT_3D ( 'NONE', #1600, #629, #5 ) ;
#1877 = CYLINDRICAL_SURFACE ( 'NONE', #1825, 0.7500000000000006661 ) ;
#1878 = CARTESIAN_POINT ( 'NONE',  ( 5.999999999999986677, 3.621320343559645494, -4.000000000000022204 ) ) ;
#1879 = CIRCLE ( 'NONE', #4176, 7.800000000000004263 ) ;
#1880 = VECTOR ( 'NONE', #3277, 1000.000000000000000 ) ;
#1881 = CIRCLE ( 'NONE', #2429, 0.7499999999999988898 ) ;
#1882 = CARTESIAN_POINT ( 'NONE',  ( 0.000000000000000000, -3.500000000000000000, 0.000000000000000000 ) ) ;
#1883 = FACE_OUTER_BOUND ( 'NONE', #3779, .T. ) ;
#1884 = DIRECTION ( 'NONE',  ( -0.000000000000000000, -1.000000000000000000, -0.000000000000000000 ) ) ;
#1885 = ORIENTED_EDGE ( 'NONE', *, *, #1502, .F. ) ;
#1886 = ORIENTED_EDGE ( 'NONE', *, *, #3839, .F. ) ;
#1887 = VECTOR ( 'NONE', #2246, 1000.000000000000000 ) ;
#1888 = AXIS2_PLACEMENT_3D ( 'NONE', #1404, #1385, #761 ) ;
#1889 = ADVANCED_FACE ( 'NONE', ( #1354 ), #80, .T. ) ;
#1890 = CIRCLE ( 'NONE', #3240, 0.7500000000000006661 ) ;
#1891 = CARTESIAN_POINT ( 'NONE',  ( -7.403640400275623534, 0.000000000000000000, 2.454813398897493393 ) ) ;
#1892 = CARTESIAN_POINT ( 'NONE',  ( -3.916655400733802583, 3.621320343559645494, -6.745354732844136336 ) ) ;
#1893 = ORIENTED_EDGE ( 'NONE', *, *, #2335, .T. ) ;
#1894 = AXIS2_PLACEMENT_3D ( 'NONE', #738, #1053, #713 ) ;
#1895 = DIRECTION ( 'NONE',  ( 0.000000000000000000, 0.000000000000000000, -1.000000000000000000 ) ) ;
#1896 = LINE ( 'NONE', #3946, #3037 ) ;
#1897 = LINE ( 'NONE', #4157, #3653 ) ;
#1898 = AXIS2_PLACEMENT_3D ( 'NONE', #1640, #1930, #365 ) ;
#1899 = ORIENTED_EDGE ( 'NONE', *, *, #3721, .F. ) ;
#1900 = ADVANCED_FACE ( 'NONE', ( #649 ), #3951, .T. ) ;
#1901 = CIRCLE ( 'NONE', #2989, 7.800000000000004263 ) ;
#1902 = CARTESIAN_POINT ( 'NONE',  ( -4.000000000000000000, 0.000000000000000000, -2.749999999999998668 ) ) ;
#1903 = LINE ( 'NONE', #1923, #1417 ) ;
#1904 = AXIS2_PLACEMENT_3D ( 'NONE', #93, #2068, #766 ) ;
#1905 = EDGE_CURVE ( 'NONE', #1874, #1831, #4045, .T. ) ;
#1906 = FACE_OUTER_BOUND ( 'NONE', #3013, .T. ) ;
#1907 = CARTESIAN_POINT ( 'NONE',  ( -8.000000000000000000, 1.300000000000000044, 0.000000000000000000 ) ) ;
#1908 = DIRECTION ( 'NONE',  ( 0.000000000000000000, 1.000000000000000000, 0.000000000000000000 ) ) ;
#1909 = ORIENTED_EDGE ( 'NONE', *, *, #3591, .T. ) ;
#1910 = EDGE_CURVE ( 'NONE', #3144, #1537, #1751, .T. ) ;
#1911 = FACE_OUTER_BOUND ( 'NONE', #3858, .T. ) ;
#1912 = DIRECTION ( 'NONE',  ( 1.000000000000000000, 0.000000000000000000, -3.469446951953612611E-15 ) ) ;
#1913 = ORIENTED_EDGE ( 'NONE', *, *, #1857, .T. ) ;
#1914 = EDGE_CURVE ( 'NONE', #1236, #2880, #1270, .T. ) ;
#1915 = EDGE_CURVE ( 'NONE', #1579, #3146, #3908, .T. ) ;
#1916 = DIRECTION ( 'NONE',  ( 0.000000000000000000, 1.000000000000000000, 0.000000000000000000 ) ) ;
#1917 = DIRECTION ( 'NONE',  ( 0.000000000000000000, 1.000000000000000000, 0.000000000000000000 ) ) ;
#1918 = CARTESIAN_POINT ( 'NONE',  ( 6.000000000000000000, 0.000000000000000000, 0.000000000000000000 ) ) ;
#1919 = ORIENTED_EDGE ( 'NONE', *, *, #1468, .T. ) ;
#1920 = ADVANCED_FACE ( 'NONE', ( #2891 ), #2322, .T. ) ;
#1921 = EDGE_CURVE ( 'NONE', #2956, #1042, #4185, .T. ) ;
#1922 = CARTESIAN_POINT ( 'NONE',  ( 6.745354732844123014, 1.300000000000000044, -3.916655400733826120 ) ) ;
#1923 = CARTESIAN_POINT ( 'NONE',  ( -6.982962677686266711E-15, 3.621320343559645494, -2.750000000000000444 ) ) ;
#1924 = CARTESIAN_POINT ( 'NONE',  ( -5.999999999999958256, 3.621320343559645494, 4.000000000000063061 ) ) ;
#1925 = DIRECTION ( 'NONE',  ( -0.000000000000000000, -1.000000000000000000, -0.000000000000000000 ) ) ;
#1926 = DIRECTION ( 'NONE',  ( -1.000000000000000000, 0.000000000000000000, 1.040834085586085834E-14 ) ) ;
#1927 = ADVANCED_FACE ( 'NONE', ( #3868 ), #1630, .T. ) ;
#1928 = ORIENTED_EDGE ( 'NONE', *, *, #1914, .F. ) ;
#1929 = FACE_OUTER_BOUND ( 'NONE', #2941, .T. ) ;
#1930 = DIRECTION ( 'NONE',  ( 0.000000000000000000, 1.000000000000000000, 0.000000000000000000 ) ) ;
#1931 = ORIENTED_EDGE ( 'NONE', *, *, #1358, .T. ) ;
#1932 = DIRECTION ( 'NONE',  ( 0.000000000000000000, 0.000000000000000000, 1.000000000000000000 ) ) ;
#1933 = FACE_OUTER_BOUND ( 'NONE', #2131, .T. ) ;
#1934 = DIRECTION ( 'NONE',  ( 0.000000000000000000, 0.000000000000000000, 1.000000000000000000 ) ) ;
#1935 = ORIENTED_EDGE ( 'NONE', *, *, #3211, .T. ) ;
#1936 = DIRECTION ( 'NONE',  ( 0.000000000000000000, 0.000000000000000000, 1.000000000000000000 ) ) ;
#1937 = EDGE_CURVE ( 'NONE', #3687, #1975, #473, .T. ) ;
#1938 = DIRECTION ( 'NONE',  ( -0.000000000000000000, -1.000000000000000000, -0.000000000000000000 ) ) ;
#1939 = AXIS2_PLACEMENT_3D ( 'NONE', #3405, #4039, #777 ) ;
#1940 = PRODUCT_DEFINITION_SHAPE ( 'NONE', 'NONE',  #2991 ) ;
#1941 = APPLICATION_CONTEXT ( 'automotive_design' ) ;
#1942 = LINE ( 'NONE', #3954, #2364 ) ;
#1943 = DIRECTION ( 'NONE',  ( 0.000000000000000000, 0.000000000000000000, -1.000000000000000000 ) ) ;
#1944 = CIRCLE ( 'NONE', #1414, 0.7499999999999988898 ) ;
#1945 = CIRCLE ( 'NONE', #3558, 0.7499999999999984457 ) ;
#1946 = CARTESIAN_POINT ( 'NONE',  ( 1.999999999999986233, 3.621320343559645494, -4.000000000000007105 ) ) ;
#1947 = ORIENTED_EDGE ( 'NONE', *, *, #1263, .T. ) ;
#1948 = AXIS2_PLACEMENT_3D ( 'NONE', #2126, #171, #1463 ) ;
#1949 = AXIS2_PLACEMENT_3D ( 'NONE', #3650, #3578, #693 ) ;
#1950 = CARTESIAN_POINT ( 'NONE',  ( 0.000000000000000000, 0.000000000000000000, 0.000000000000000000 ) ) ;
#1951 = DIRECTION ( 'NONE',  ( -0.000000000000000000, -1.000000000000000000, -0.000000000000000000 ) ) ;
#1952 = AXIS2_PLACEMENT_3D ( 'NONE', #1648, #2934, #3008 ) ;
#1953 = EDGE_LOOP ( 'NONE', ( #868, #441 ) ) ;
#1954 = CIRCLE ( 'NONE', #130, 0.7499999999999984457 ) ;
#1955 = EDGE_LOOP ( 'NONE', ( #76, #361, #3432, #42 ) ) ;
#1956 = CIRCLE ( 'NONE', #2232, 2.250000000000000000 ) ;
#1957 = DIRECTION ( 'NONE',  ( 0.000000000000000000, 1.000000000000000000, 0.000000000000000000 ) ) ;
#1958 = DIRECTION ( 'NONE',  ( 0.000000000000000000, 0.000000000000000000, 1.000000000000000000 ) ) ;
#1959 = DIRECTION ( 'NONE',  ( 0.000000000000000000, 1.000000000000000000, -0.000000000000000000 ) ) ;
#1960 = ORIENTED_EDGE ( 'NONE', *, *, #1400, .F. ) ;
#1961 = VECTOR ( 'NONE', #3554, 1000.000000000000000 ) ;
#1962 = DIRECTION ( 'NONE',  ( -0.000000000000000000, -1.000000000000000000, -0.000000000000000000 ) ) ;
#1963 = CARTESIAN_POINT ( 'NONE',  ( 0.000000000000000000, 1.300000000000000044, 0.000000000000000000 ) ) ;
#1964 = EDGE_LOOP ( 'NONE', ( #1347, #3873 ) ) ;
#1965 = EDGE_LOOP ( 'NONE', ( #3964, #1364, #3431, #2302 ) ) ;
#1966 = VECTOR ( 'NONE', #2848, 1000.000000000000000 ) ;
#1967 = EDGE_CURVE ( 'NONE', #1831, #1874, #538, .T. ) ;
#1968 = ADVANCED_FACE ( 'NONE', ( #3972 ), #3656, .T. ) ;
#1969 = EDGE_CURVE ( 'NONE', #631, #2295, #1000, .T. ) ;
#1970 = DIRECTION ( 'NONE',  ( 0.000000000000000000, 1.000000000000000000, 0.000000000000000000 ) ) ;
#1971 = DIRECTION ( 'NONE',  ( -0.000000000000000000, -1.000000000000000000, -0.000000000000000000 ) ) ;
#1972 = AXIS2_PLACEMENT_3D ( 'NONE', #3486, #3152, #1233 ) ;
#1973 = ORIENTED_EDGE ( 'NONE', *, *, #2982, .T. ) ;
#1974 = DIRECTION ( 'NONE',  ( 0.000000000000000000, 1.000000000000000000, 0.000000000000000000 ) ) ;
#1975 = VERTEX_POINT ( 'NONE', #573 ) ;
#1976 =( GEOMETRIC_REPRESENTATION_CONTEXT ( 3 ) GLOBAL_UNCERTAINTY_ASSIGNED_CONTEXT ( ( #193 ) ) GLOBAL_UNIT_ASSIGNED_CONTEXT ( ( #2021, #455, #2403 ) ) REPRESENTATION_CONTEXT ( 'NONE', 'WORKASPACE' ) );
#1978 = ADVANCED_FACE ( 'NONE', ( #619 ), #3484, .T. ) ;
#1977 = DIRECTION ( 'NONE',  ( 0.000000000000000000, 0.000000000000000000, -1.000000000000000000 ) ) ;
#1979 = DIRECTION ( 'NONE',  ( -0.000000000000000000, -1.000000000000000000, -0.000000000000000000 ) ) ;
#1980 = ORIENTED_EDGE ( 'NONE', *, *, #1905, .T. ) ;
#1981 = EDGE_LOOP ( 'NONE', ( #1611, #3462 ) ) ;
#1982 = DIRECTION ( 'NONE',  ( 0.000000000000000000, 1.000000000000000000, 0.000000000000000000 ) ) ;
#1983 = CARTESIAN_POINT ( 'NONE',  ( 5.999999999999992895, 0.000000000000000000, -2.000000000000021760 ) ) ;
#1984 = CARTESIAN_POINT ( 'NONE',  ( -4.720075368496973844, 3.621320343559645494, -6.209741421002023642 ) ) ;
#1985 = ORIENTED_EDGE ( 'NONE', *, *, #1183, .T. ) ;
#1986 = EDGE_CURVE ( 'NONE', #2562, #2051, #1275, .T. ) ;
#1987 = CARTESIAN_POINT ( 'NONE',  ( 5.999999999999986677, 1.300000000000000044, -4.000000000000022204 ) ) ;
#1988 = DIRECTION ( 'NONE',  ( 0.000000000000000000, 0.000000000000000000, -1.000000000000000000 ) ) ;
#1989 = ORIENTED_EDGE ( 'NONE', *, *, #3590, .T. ) ;
#1990 = ORIENTED_EDGE ( 'NONE', *, *, #1273, .T. ) ;
#1991 = CARTESIAN_POINT ( 'NONE',  ( 0.000000000000000000, 0.000000000000000000, 0.000000000000000000 ) ) ;
#1992 = FACE_OUTER_BOUND ( 'NONE', #2012, .T. ) ;
#1993 = VERTEX_POINT ( 'NONE', #2518 ) ;
#1994 = CYLINDRICAL_SURFACE ( 'NONE', #3494, 0.7499999999999988898 ) ;
#1995 = ORIENTED_EDGE ( 'NONE', *, *, #3135, .F. ) ;
#1996 = DIRECTION ( 'NONE',  ( 0.000000000000000000, 1.000000000000000000, 0.000000000000000000 ) ) ;
#1997 = CARTESIAN_POINT ( 'NONE',  ( -0.7130014511457777315, 1.300000000000000044, -7.767343750000001101 ) ) ;
#1998 = VERTEX_POINT ( 'NONE', #1573 ) ;
#1999 = ORIENTED_EDGE ( 'NONE', *, *, #173, .F. ) ;
#2000 = CARTESIAN_POINT ( 'NONE',  ( -3.999999999999979128, 1.300000000000000044, 1.250000000000042188 ) ) ;
#2001 = DIRECTION ( 'NONE',  ( 0.000000000000000000, 1.000000000000000000, 0.000000000000000000 ) ) ;
#2002 = CARTESIAN_POINT ( 'NONE',  ( 7.687830187959651340, 0.000000000000000000, 1.318054248161409703 ) ) ;
#2003 = ORIENTED_EDGE ( 'NONE', *, *, #912, .T. ) ;
#2004 = CARTESIAN_POINT ( 'NONE',  ( -2.000000000000000888, 1.300000000000000044, -5.249999999999999112 ) ) ;
#2005 = DIRECTION ( 'NONE',  ( 1.000000000000000000, 0.000000000000000000, -3.469446951953611033E-15 ) ) ;
#2006 = ORIENTED_EDGE ( 'NONE', *, *, #959, .T. ) ;
#2007 = CARTESIAN_POINT ( 'NONE',  ( 6.000000000000000888, 0.000000000000000000, 4.000000000000000000 ) ) ;
#2008 = CARTESIAN_POINT ( 'NONE',  ( -5.999999999999958256, 0.000000000000000000, 4.750000000000062172 ) ) ;
#2009 = ORIENTED_EDGE ( 'NONE', *, *, #1262, .T. ) ;
#2010 = DIRECTION ( 'NONE',  ( 0.000000000000000000, 1.000000000000000000, 0.000000000000000000 ) ) ;
#2011 = AXIS2_PLACEMENT_3D ( 'NONE', #3725, #3662, #835 ) ;
#2012 = EDGE_LOOP ( 'NONE', ( #2733, #2452, #2845, #2373 ) ) ;
#2013 = AXIS2_PLACEMENT_3D ( 'NONE', #154, #1149, #839 ) ;
#2014 = DIRECTION ( 'NONE',  ( -0.000000000000000000, -1.000000000000000000, -0.000000000000000000 ) ) ;
#2015 = DIRECTION ( 'NONE',  ( -0.000000000000000000, -1.000000000000000000, -0.000000000000000000 ) ) ;
#2016 = ORIENTED_EDGE ( 'NONE', *, *, #1667, .T. ) ;
#2017 = ORIENTED_EDGE ( 'NONE', *, *, #734, .T. ) ;
#2018 = CIRCLE ( 'NONE', #3101, 7.800000000000004263 ) ;
#2019 = EDGE_CURVE ( 'NONE', #2345, #1407, #4051, .T. ) ;
#2020 = ADVANCED_FACE ( 'NONE', ( #3824 ), #2862, .T. ) ;
#2021 =( LENGTH_UNIT ( ) NAMED_UNIT ( * ) SI_UNIT ( .MILLI., .METRE. ) );
#2022 = CYLINDRICAL_SURFACE ( 'NONE', #1160, 0.7500000000000002220 ) ;
#2023 = CIRCLE ( 'NONE', #201, 7.800000000000004263 ) ;
#2024 = AXIS2_PLACEMENT_3D ( 'NONE', #4006, #174, #2755 ) ;
#2025 = CARTESIAN_POINT ( 'NONE',  ( -5.718151000632857972, 1.300000000000000044, 5.304973999367153858 ) ) ;
#2026 = DIRECTION ( 'NONE',  ( -0.000000000000000000, -1.000000000000000000, -0.000000000000000000 ) ) ;
#2027 = ORIENTED_EDGE ( 'NONE', *, *, #2905, .T. ) ;
#2028 = CIRCLE ( 'NONE', #2843, 0.7499999999999984457 ) ;
#2029 = DIRECTION ( 'NONE',  ( 0.000000000000000000, 0.000000000000000000, 1.000000000000000000 ) ) ;
#2030 = ADVANCED_FACE ( 'NONE', ( #1883 ), #3150, .T. ) ;
#2031 = ORIENTED_EDGE ( 'NONE', *, *, #153, .F. ) ;
#2032 = ORIENTED_EDGE ( 'NONE', *, *, #1457, .F. ) ;
#2033 = AXIS2_PLACEMENT_3D ( 'NONE', #4029, #3623, #1132 ) ;
#2034 = DIRECTION ( 'NONE',  ( 0.000000000000000000, 0.000000000000000000, -1.000000000000000000 ) ) ;
#2035 = DIRECTION ( 'NONE',  ( 0.000000000000000000, 1.000000000000000000, 0.000000000000000000 ) ) ;
#2036 = ORIENTED_EDGE ( 'NONE', *, *, #4027, .T. ) ;
#2037 = DIRECTION ( 'NONE',  ( 0.1036060842594565823, 0.000000000000000000, -0.9946184088907777943 ) ) ;
#2038 = VECTOR ( 'NONE', #3962, 1000.000000000000000 ) ;
#2039 = ORIENTED_EDGE ( 'NONE', *, *, #1658, .T. ) ;
#2040 = EDGE_CURVE ( 'NONE', #535, #3652, #3640, .T. ) ;
#2041 = CIRCLE ( 'NONE', #2381, 0.7500000000000002220 ) ;
#2042 = DIRECTION ( 'NONE',  ( -0.000000000000000000, -1.000000000000000000, -0.000000000000000000 ) ) ;
#2043 = CARTESIAN_POINT ( 'NONE',  ( 5.999999999999992895, 1.300000000000000044, -1.250000000000021538 ) ) ;
#2044 = ORIENTED_EDGE ( 'NONE', *, *, #3708, .F. ) ;
#2045 = ADVANCED_FACE ( 'NONE', ( #4128 ), #1231, .T. ) ;
#2046 = ORIENTED_EDGE ( 'NONE', *, *, #1039, .F. ) ;
#2047 = CARTESIAN_POINT ( 'NONE',  ( -6.982962677686266711E-15, 0.000000000000000000, -2.000000000000000000 ) ) ;
#2048 = DIRECTION ( 'NONE',  ( -0.000000000000000000, -1.000000000000000000, -0.000000000000000000 ) ) ;
#2049 = CARTESIAN_POINT ( 'NONE',  ( 4.000000000000000000, 1.300000000000000044, 0.7500000000000003331 ) ) ;
#2050 = DIRECTION ( 'NONE',  ( -0.000000000000000000, -1.000000000000000000, -0.000000000000000000 ) ) ;
#2051 = VERTEX_POINT ( 'NONE', #274 ) ;
#2052 = EDGE_CURVE ( 'NONE', #663, #1575, #943, .T. ) ;
#2053 = ADVANCED_FACE ( 'NONE', ( #3137, #3809, #4145, #4106, #934, #955, #1191, #2251, #916, #2200, #558, #1246, #878, #2537, #3527, #299, #1591, #235, #4165, #2560, #3849, #635, #1517, #3450, #2167, #1531 ), #1208, .T. ) ;
#2054 = FACE_OUTER_BOUND ( 'NONE', #3574, .T. ) ;
#2055 = CARTESIAN_POINT ( 'NONE',  ( 0.000000000000000000, 1.300000000000000044, 0.000000000000000000 ) ) ;
#2056 = VERTEX_POINT ( 'NONE', #2348 ) ;
#2057 = ORIENTED_EDGE ( 'NONE', *, *, #3657, .F. ) ;
#2058 = LINE ( 'NONE', #3347, #3044 ) ;
#2059 = DIRECTION ( 'NONE',  ( -0.000000000000000000, -1.000000000000000000, -0.000000000000000000 ) ) ;
#2060 = CARTESIAN_POINT ( 'NONE',  ( 4.000000000000000888, 3.621320343559645494, 3.249999999999999112 ) ) ;
#2061 = CARTESIAN_POINT ( 'NONE',  ( -2.000000000000000444, 1.300000000000000044, -2.750000000000000888 ) ) ;
#2062 = VERTEX_POINT ( 'NONE', #3234 ) ;
#2063 = DIRECTION ( 'NONE',  ( 1.000000000000000000, 0.000000000000000000, -3.469446951953613006E-15 ) ) ;
#2064 = DIRECTION ( 'NONE',  ( 0.000000000000000000, 0.000000000000000000, -1.000000000000000000 ) ) ;
#2065 = ADVANCED_FACE ( 'NONE', ( #1060 ), #1632, .T. ) ;
#2066 = ORIENTED_EDGE ( 'NONE', *, *, #1468, .F. ) ;
#2067 = VERTEX_POINT ( 'NONE', #3542 ) ;
#2068 = DIRECTION ( 'NONE',  ( 0.000000000000000000, 1.000000000000000000, 0.000000000000000000 ) ) ;
#2069 = LINE ( 'NONE', #2780, #3859 ) ;
#2070 = CYLINDRICAL_SURFACE ( 'NONE', #1001, 0.7500000000000006661 ) ;
#2071 = LINE ( 'NONE', #3359, #208 ) ;
#2072 = ORIENTED_EDGE ( 'NONE', *, *, #3513, .F. ) ;
#2073 = DIRECTION ( 'NONE',  ( -0.000000000000000000, -1.000000000000000000, -0.000000000000000000 ) ) ;
#2074 = ORIENTED_EDGE ( 'NONE', *, *, #743, .F. ) ;
#2075 = ORIENTED_EDGE ( 'NONE', *, *, #420, .F. ) ;
#2076 = EDGE_CURVE ( 'NONE', #3024, #210, #2622, .T. ) ;
#2077 = FACE_OUTER_BOUND ( 'NONE', #2951, .T. ) ;
#2078 = DIRECTION ( 'NONE',  ( 1.000000000000000000, 0.000000000000000000, -3.469446951953612611E-15 ) ) ;
#2079 = CARTESIAN_POINT ( 'NONE',  ( -2.000000000000000888, 3.621320343559645494, -8.000000000000000000 ) ) ;
#2080 = ORIENTED_EDGE ( 'NONE', *, *, #3900, .T. ) ;
#2081 = LINE ( 'NONE', #2419, #460 ) ;
#2082 = DIRECTION ( 'NONE',  ( -0.000000000000000000, -1.000000000000000000, -0.000000000000000000 ) ) ;
#2083 = ORIENTED_EDGE ( 'NONE', *, *, #104, .F. ) ;
#2084 = ADVANCED_FACE ( 'NONE', ( #4187 ), #2937, .T. ) ;
#2085 = ORIENTED_EDGE ( 'NONE', *, *, #595, .T. ) ;
#2086 = AXIS2_PLACEMENT_3D ( 'NONE', #4129, #1532, #3214 ) ;
#2087 = CIRCLE ( 'NONE', #2011, 0.7500000000000006661 ) ;
#2088 = DIRECTION ( 'NONE',  ( 0.000000000000000000, 1.000000000000000000, 0.000000000000000000 ) ) ;
#2089 = CARTESIAN_POINT ( 'NONE',  ( 4.000000000000000888, 0.000000000000000000, 5.250000000000000888 ) ) ;
#2090 = AXIS2_PLACEMENT_3D ( 'NONE', #4102, #1260, #2163 ) ;
#2091 = ORIENTED_EDGE ( 'NONE', *, *, #1937, .T. ) ;
#2092 = AXIS2_PLACEMENT_3D ( 'NONE', #2055, #1077, #773 ) ;
#2093 = VECTOR ( 'NONE', #1791, 1000.000000000000000 ) ;
#2094 = PRESENTATION_STYLE_ASSIGNMENT (( #746 ) ) ;
#2095 = VERTEX_POINT ( 'NONE', #3565 ) ;
#2096 = CIRCLE ( 'NONE', #1350, 0.7500000000000006661 ) ;
#2097 = EDGE_CURVE ( 'NONE', #825, #2056, #3373, .T. ) ;
#2098 = VECTOR ( 'NONE', #364, 1000.000000000000000 ) ;
#2099 = ORIENTED_EDGE ( 'NONE', *, *, #726, .F. ) ;
#2100 = CARTESIAN_POINT ( 'NONE',  ( 0.000000000000000000, 1.300000000000000044, 0.000000000000000000 ) ) ;
#2101 = CYLINDRICAL_SURFACE ( 'NONE', #3697, 7.800000000000004263 ) ;
#2102 = DIRECTION ( 'NONE',  ( -0.000000000000000000, 1.000000000000000000, -0.000000000000000000 ) ) ;
#2103 = EDGE_CURVE ( 'NONE', #4037, #1050, #2703, .T. ) ;
#2104 = LINE ( 'NONE', #191, #459 ) ;
#2105 = EDGE_CURVE ( 'NONE', #1416, #718, #4181, .T. ) ;
#2106 = AXIS2_PLACEMENT_3D ( 'NONE', #2825, #905, #1157 ) ;
#2107 = ADVANCED_FACE ( 'NONE', ( #3914 ), #1328, .T. ) ;
#2108 = AXIS2_PLACEMENT_3D ( 'NONE', #1918, #1959, #2949 ) ;
#2109 = FACE_OUTER_BOUND ( 'NONE', #2390, .T. ) ;
#2110 = CARTESIAN_POINT ( 'NONE',  ( -5.999999999999958256, 3.621320343559645494, 3.250000000000064837 ) ) ;
#2111 = ORIENTED_EDGE ( 'NONE', *, *, #4174, .T. ) ;
#2112 = ORIENTED_EDGE ( 'NONE', *, *, #4032, .F. ) ;
#2113 = AXIS2_PLACEMENT_3D ( 'NONE', #3921, #1680, #2064 ) ;
#2114 = EDGE_CURVE ( 'NONE', #1023, #3064, #129, .T. ) ;
#2115 = EDGE_CURVE ( 'NONE', #2814, #1544, #2023, .T. ) ;
#2116 = CARTESIAN_POINT ( 'NONE',  ( 6.209741421002013873, 1.300000000000000044, 4.720075368496977397 ) ) ;
#2117 = DIRECTION ( 'NONE',  ( 0.000000000000000000, 1.000000000000000000, 0.000000000000000000 ) ) ;
#2118 = AXIS2_PLACEMENT_3D ( 'NONE', #3410, #1808, #2481 ) ;
#2119 = ORIENTED_EDGE ( 'NONE', *, *, #1727, .T. ) ;
#2120 = AXIS2_PLACEMENT_3D ( 'NONE', #2047, #1069, #386 ) ;
#2121 = DIRECTION ( 'NONE',  ( -1.000000000000000000, 0.000000000000000000, 1.040834085586083310E-14 ) ) ;
#2122 = EDGE_LOOP ( 'NONE', ( #3256, #2416, #2431, #1445 ) ) ;
#2123 = VERTEX_POINT ( 'NONE', #3885 ) ;
#2124 = DIRECTION ( 'NONE',  ( 0.000000000000000000, 0.000000000000000000, -1.000000000000000000 ) ) ;
#2125 = CYLINDRICAL_SURFACE ( 'NONE', #1134, 0.7499999999999988898 ) ;
#2126 = CARTESIAN_POINT ( 'NONE',  ( 0.000000000000000000, 1.300000000000000044, 0.000000000000000000 ) ) ;
#2127 = FACE_OUTER_BOUND ( 'NONE', #1316, .T. ) ;
#2128 = ORIENTED_EDGE ( 'NONE', *, *, #912, .F. ) ;
#2129 = CARTESIAN_POINT ( 'NONE',  ( 6.000000000000000000, 0.000000000000000000, 0.7500000000000003331 ) ) ;
#2130 = CARTESIAN_POINT ( 'NONE',  ( 4.720075368496973844, 3.621320343559645494, 6.209741421002023642 ) ) ;
#2131 = EDGE_LOOP ( 'NONE', ( #2635, #3224, #3078, #2171 ) ) ;
#2132 = ORIENTED_EDGE ( 'NONE', *, *, #471, .T. ) ;
#2133 = FACE_OUTER_BOUND ( 'NONE', #2987, .T. ) ;
#2134 = DIRECTION ( 'NONE',  ( 0.000000000000000000, 1.000000000000000000, 0.000000000000000000 ) ) ;
#2135 = VERTEX_POINT ( 'NONE', #359 ) ;
#2136 = DIRECTION ( 'NONE',  ( -0.000000000000000000, -1.000000000000000000, -0.000000000000000000 ) ) ;
#2137 = ORIENTED_EDGE ( 'NONE', *, *, #2276, .F. ) ;
#2138 = ORIENTED_EDGE ( 'NONE', *, *, #3276, .F. ) ;
#2139 = CARTESIAN_POINT ( 'NONE',  ( 7.767343750000003766, 0.000000000000000000, -0.7130014511457506421 ) ) ;
#2140 = DIRECTION ( 'NONE',  ( 0.000000000000000000, 1.000000000000000000, 0.000000000000000000 ) ) ;
#2141 = FACE_OUTER_BOUND ( 'NONE', #244, .T. ) ;
#2142 = CARTESIAN_POINT ( 'NONE',  ( -3.999999999999979128, 0.000000000000000000, 2.000000000000042633 ) ) ;
#2143 = DIRECTION ( 'NONE',  ( -0.000000000000000000, -1.000000000000000000, -0.000000000000000000 ) ) ;
#2144 = DIRECTION ( 'NONE',  ( 0.000000000000000000, -0.000000000000000000, 1.000000000000000000 ) ) ;
#2145 = DIRECTION ( 'NONE',  ( 0.000000000000000000, 0.000000000000000000, -1.000000000000000000 ) ) ;
#2146 = EDGE_LOOP ( 'NONE', ( #3865, #3034, #1985, #530 ) ) ;
#2147 = EDGE_LOOP ( 'NONE', ( #3236, #172 ) ) ;
#2148 = CARTESIAN_POINT ( 'NONE',  ( 0.000000000000000000, 1.300000000000000044, 0.000000000000000000 ) ) ;
#2149 = CARTESIAN_POINT ( 'NONE',  ( -7.999999999999979572, 3.621320343559645494, 2.000000000000084821 ) ) ;
#2150 = ORIENTED_EDGE ( 'NONE', *, *, #2103, .F. ) ;
#2151 = CIRCLE ( 'NONE', #3899, 7.800000000000004263 ) ;
#2152 = EDGE_CURVE ( 'NONE', #3923, #3412, #815, .T. ) ;
#2153 = EDGE_CURVE ( 'NONE', #1579, #645, #1942, .T. ) ;
#2154 = CIRCLE ( 'NONE', #2958, 0.7500000000000002220 ) ;
#2155 = LINE ( 'NONE', #229, #3717 ) ;
#2156 = VERTEX_POINT ( 'NONE', #1309 ) ;
#2157 = ORIENTED_EDGE ( 'NONE', *, *, #3465, .T. ) ;
#2158 = AXIS2_PLACEMENT_3D ( 'NONE', #1085, #2102, #1803 ) ;
#2159 = AXIS2_PLACEMENT_3D ( 'NONE', #4056, #3776, #864 ) ;
#2160 = EDGE_CURVE ( 'NONE', #1677, #1280, #54, .T. ) ;
#2161 = DIRECTION ( 'NONE',  ( 0.000000000000000000, 0.000000000000000000, -1.000000000000000000 ) ) ;
#2162 = CIRCLE ( 'NONE', #329, 0.7499999999999984457 ) ;
#2163 = DIRECTION ( 'NONE',  ( 0.000000000000000000, 0.000000000000000000, 1.000000000000000000 ) ) ;
#2164 = FACE_OUTER_BOUND ( 'NONE', #2978, .T. ) ;
#2165 = AXIS2_PLACEMENT_3D ( 'NONE', #3252, #3866, #1692 ) ;
#2166 = DIRECTION ( 'NONE',  ( 0.000000000000000000, 1.000000000000000000, 0.000000000000000000 ) ) ;
#2167 = FACE_BOUND ( 'NONE', #938, .T. ) ;
#2168 = CARTESIAN_POINT ( 'NONE',  ( 0.000000000000000000, 1.500000000000000000, 0.000000000000000000 ) ) ;
#2169 = CARTESIAN_POINT ( 'NONE',  ( -6.209741421002015649, 3.621320343559645494, -4.720075368496982726 ) ) ;
#2170 = VECTOR ( 'NONE', #2136, 1000.000000000000000 ) ;
#2171 = ORIENTED_EDGE ( 'NONE', *, *, #2541, .T. ) ;
#2172 = EDGE_CURVE ( 'NONE', #758, #535, #2644, .T. ) ;
#2173 = EDGE_LOOP ( 'NONE', ( #403, #2080 ) ) ;
#2174 = EDGE_CURVE ( 'NONE', #1661, #1853, #466, .T. ) ;
#2175 = CARTESIAN_POINT ( 'NONE',  ( 1.318054248161382835, 1.300000000000000044, -7.687830187959654893 ) ) ;
#2176 = CYLINDRICAL_SURFACE ( 'NONE', #3054, 0.7500000000000006661 ) ;
#2177 = EDGE_LOOP ( 'NONE', ( #739, #2074 ) ) ;
#2178 = CIRCLE ( 'NONE', #3387, 7.800000000000004263 ) ;
#2179 = CIRCLE ( 'NONE', #1570, 0.7500000000000002220 ) ;
#2180 = CARTESIAN_POINT ( 'NONE',  ( 4.000000000000000000, 3.621320343559645494, 2.749999999999998668 ) ) ;
#2181 = ORIENTED_EDGE ( 'NONE', *, *, #1766, .F. ) ;
#2182 = CIRCLE ( 'NONE', #1442, 0.7500000000000002220 ) ;
#2183 = DIRECTION ( 'NONE',  ( 0.000000000000000000, 1.000000000000000000, 0.000000000000000000 ) ) ;
#2184 = CYLINDRICAL_SURFACE ( 'NONE', #2361, 0.7499999999999984457 ) ;
#2185 = CARTESIAN_POINT ( 'NONE',  ( -6.745354732844096368, 1.300000000000000044, 3.916655400733872749 ) ) ;
#2186 = DIRECTION ( 'NONE',  ( 0.000000000000000000, 1.000000000000000000, 0.000000000000000000 ) ) ;
#2187 = CARTESIAN_POINT ( 'NONE',  ( -5.999999999999958256, 0.000000000000000000, 4.000000000000063061 ) ) ;
#2188 = DIRECTION ( 'NONE',  ( 0.000000000000000000, 1.000000000000000000, 0.000000000000000000 ) ) ;
#2189 = VERTEX_POINT ( 'NONE', #1697 ) ;
#2190 = ORIENTED_EDGE ( 'NONE', *, *, #2725, .F. ) ;
#2191 = CARTESIAN_POINT ( 'NONE',  ( -3.999999999999979128, 0.000000000000000000, 2.000000000000042633 ) ) ;
#2192 = CARTESIAN_POINT ( 'NONE',  ( 3.999999999999993339, 1.300000000000000044, -2.000000000000014211 ) ) ;
#2193 = ORIENTED_EDGE ( 'NONE', *, *, #2725, .T. ) ;
#2194 = FACE_OUTER_BOUND ( 'NONE', #891, .T. ) ;
#2195 = EDGE_LOOP ( 'NONE', ( #2730, #2360, #676, #566 ) ) ;
#2196 = CARTESIAN_POINT ( 'NONE',  ( 4.000000000000000000, 3.621320343559645494, 0.000000000000000000 ) ) ;
#2197 = DIRECTION ( 'NONE',  ( 0.000000000000000000, 0.000000000000000000, -1.000000000000000000 ) ) ;
#2198 = ADVANCED_FACE ( 'NONE', ( #2992 ), #634, .T. ) ;
#2199 = CARTESIAN_POINT ( 'NONE',  ( 8.000000000000000000, 3.621320343559645494, 2.000000000000000000 ) ) ;
#2200 = FACE_BOUND ( 'NONE', #1012, .T. ) ;
#2201 = CARTESIAN_POINT ( 'NONE',  ( 4.000000000000000000, 1.300000000000000044, -0.7500000000000003331 ) ) ;
#2202 = LINE ( 'NONE', #1553, #620 ) ;
#2203 = ORIENTED_EDGE ( 'NONE', *, *, #3857, .F. ) ;
#2204 = ORIENTED_EDGE ( 'NONE', *, *, #2105, .F. ) ;
#2206 = EDGE_CURVE ( 'NONE', #3315, #81, #602, .T. ) ;
#2205 = DIRECTION ( 'NONE',  ( 0.000000000000000000, 1.000000000000000000, 0.000000000000000000 ) ) ;
#2207 = CARTESIAN_POINT ( 'NONE',  ( 5.999999999999986677, 1.300000000000000044, -4.000000000000022204 ) ) ;
#2208 = ORIENTED_EDGE ( 'NONE', *, *, #2865, .F. ) ;
#2209 = CLOSED_SHELL ( 'NONE', ( #1621, #272, #546, #1479, #3420, #1779, #2659, #1795, #4091, #910, #651, #571, #2917, #1789, #1852, #1325, #1714, #3095, #2282, #2726, #3730, #3220, #3463, #2732, #3118, #3028, #2375, #3677, #1598, #1481, #3525, #3079, #2801, #3788, #728, #2355, #411, #1171, #2214, #2084, #2511, #2053, #3860, #852, #257, #1927, #1732, #3343, #3958, #3342, #519, #1225, #661, #103, #354, #3414, #710, #1294, #1900, #1338, #2247, #790, #2772, #469, #231, #1656, #3670, #1603, #3228, #2858, #1307, #2227, #1889, #1282, #1534, #1103, #160, #563, #295, #2851, #2045, #1968, #1788, #2030, #2924, #2344, #3267, #4101, #3903, #1217, #3098, #17, #1920, #288, #2739, #1541, #1359, #1426, #1032, #2239, #548, #4097, #3478, #4090, #3083, #876, #1713, #2065, #1637, #1480, #2785, #1797, #2990, #3205, #1170, #960, #1095, #1722, #4033, #2667, #1019, #2020, #3164, #2107, #2198, #2473, #1978, #3464, #164, #1218, #3171, #481, #1094, #166, #1542, #1487, #3960, #4154, #3000 ) ) ;
#2210 = DIRECTION ( 'NONE',  ( 0.000000000000000000, 1.000000000000000000, 0.000000000000000000 ) ) ;
#2211 = DIRECTION ( 'NONE',  ( -0.000000000000000000, -1.000000000000000000, -0.000000000000000000 ) ) ;
#2212 = CARTESIAN_POINT ( 'NONE',  ( 4.720075368496973844, 0.000000000000000000, 6.209741421002023642 ) ) ;
#2213 = ORIENTED_EDGE ( 'NONE', *, *, #428, .T. ) ;
#2214 = ADVANCED_FACE ( 'NONE', ( #3363 ), #1142, .T. ) ;
#2215 = AXIS2_PLACEMENT_3D ( 'NONE', #724, #2010, #3307 ) ;
#2216 = AXIS2_PLACEMENT_3D ( 'NONE', #3553, #2140, #669 ) ;
#2217 = DIRECTION ( 'NONE',  ( 0.000000000000000000, 1.000000000000000000, 0.000000000000000000 ) ) ;
#2218 = EDGE_CURVE ( 'NONE', #3940, #2346, #3840, .T. ) ;
#2219 = APPLICATION_CONTEXT ( 'automotive_design' ) ;
#2220 = DIRECTION ( 'NONE',  ( 0.000000000000000000, 0.000000000000000000, -1.000000000000000000 ) ) ;
#2221 = AXIS2_PLACEMENT_3D ( 'NONE', #3070, #188, #4020 ) ;
#2222 = CIRCLE ( 'NONE', #467, 7.800000000000004263 ) ;
#2223 = CIRCLE ( 'NONE', #398, 0.7500000000000002220 ) ;
#2224 = DIRECTION ( 'NONE',  ( 0.000000000000000000, 0.000000000000000000, 1.000000000000000000 ) ) ;
#2225 = CARTESIAN_POINT ( 'NONE',  ( 7.999999999999992895, 3.621320343559645494, -2.000000000000028866 ) ) ;
#2226 = DIRECTION ( 'NONE',  ( 0.000000000000000000, 0.000000000000000000, 1.000000000000000000 ) ) ;
#2227 = ADVANCED_FACE ( 'NONE', ( #813 ), #2713, .T. ) ;
#2228 = EDGE_CURVE ( 'NONE', #1650, #2522, #2558, .T. ) ;
#2229 = EDGE_CURVE ( 'NONE', #3250, #2944, #2162, .T. ) ;
#2230 = ORIENTED_EDGE ( 'NONE', *, *, #3781, .F. ) ;
#2231 = VERTEX_POINT ( 'NONE', #3328 ) ;
#2232 = AXIS2_PLACEMENT_3D ( 'NONE', #794, #1718, #148 ) ;
#2233 = CIRCLE ( 'NONE', #3571, 0.7500000000000003331 ) ;
#2234 = CARTESIAN_POINT ( 'NONE',  ( 7.767343750000003766, 3.621320343559645494, -0.7130014511457506421 ) ) ;
#2235 = DIRECTION ( 'NONE',  ( 0.000000000000000000, 1.000000000000000000, 0.000000000000000000 ) ) ;
#2236 = EDGE_CURVE ( 'NONE', #347, #1682, #1956, .T. ) ;
#2237 = ORIENTED_EDGE ( 'NONE', *, *, #863, .F. ) ;
#2238 = AXIS2_PLACEMENT_3D ( 'NONE', #2367, #2026, #3318 ) ;
#2239 = ADVANCED_FACE ( 'NONE', ( #834 ), #464, .T. ) ;
#2240 = CARTESIAN_POINT ( 'NONE',  ( 1.999999999999979128, 0.000000000000000000, -6.000000000000007105 ) ) ;
#2241 = FACE_OUTER_BOUND ( 'NONE', #1395, .T. ) ;
#2242 = DIRECTION ( 'NONE',  ( 0.000000000000000000, 0.000000000000000000, 1.000000000000000000 ) ) ;
#2243 = VECTOR ( 'NONE', #3892, 1000.000000000000000 ) ;
#2244 = ORIENTED_EDGE ( 'NONE', *, *, #1905, .F. ) ;
#2245 = CIRCLE ( 'NONE', #2646, 0.7500000000000006661 ) ;
#2246 = DIRECTION ( 'NONE',  ( -0.000000000000000000, -1.000000000000000000, -0.000000000000000000 ) ) ;
#2247 = ADVANCED_FACE ( 'NONE', ( #2077 ), #3010, .T. ) ;
#2248 = CYLINDRICAL_SURFACE ( 'NONE', #125, 0.7500000000000006661 ) ;
#2249 = AXIS2_PLACEMENT_3D ( 'NONE', #3552, #3202, #1895 ) ;
#2250 = CARTESIAN_POINT ( 'NONE',  ( 5.999999999999986677, 0.000000000000000000, -3.250000000000023093 ) ) ;
#2251 = FACE_BOUND ( 'NONE', #1866, .T. ) ;
#2252 = PLANE ( 'NONE',  #3301 ) ;
#2253 = ORIENTED_EDGE ( 'NONE', *, *, #856, .F. ) ;
#2254 = FACE_OUTER_BOUND ( 'NONE', #3274, .T. ) ;
#2255 = DIRECTION ( 'NONE',  ( 0.000000000000000000, 1.000000000000000000, 0.000000000000000000 ) ) ;
#2256 = ORIENTED_EDGE ( 'NONE', *, *, #976, .F. ) ;
#2257 = CYLINDRICAL_SURFACE ( 'NONE', #2249, 0.7500000000000015543 ) ;
#2258 = DIRECTION ( 'NONE',  ( -0.000000000000000000, -1.000000000000000000, -0.000000000000000000 ) ) ;
#2259 = CARTESIAN_POINT ( 'NONE',  ( 3.999999999999993339, 3.621320343559645494, -2.000000000000014211 ) ) ;
#2260 = EDGE_LOOP ( 'NONE', ( #1913, #846 ) ) ;
#2261 = LINE ( 'NONE', #1352, #3988 ) ;
#2262 = CARTESIAN_POINT ( 'NONE',  ( 5.718151000632913039, 1.300000000000000044, 5.304973999367091686 ) ) ;
#2263 = DIRECTION ( 'NONE',  ( 0.000000000000000000, 1.000000000000000000, -0.000000000000000000 ) ) ;
#2264 = CARTESIAN_POINT ( 'NONE',  ( -6.000000000000000888, 3.621320343559645494, -4.750000000000000888 ) ) ;
#2265 = CARTESIAN_POINT ( 'NONE',  ( -3.999999999999979128, 3.621320343559645494, 2.000000000000042633 ) ) ;
#2266 = VERTEX_POINT ( 'NONE', #3977 ) ;
#2267 = DIRECTION ( 'NONE',  ( 1.000000000000000000, 0.000000000000000000, -4.625929269271484533E-15 ) ) ;
#2268 = LINE ( 'NONE', #1892, #2441 ) ;
#2269 = ORIENTED_EDGE ( 'NONE', *, *, #2526, .F. ) ;
#2270 = VERTEX_POINT ( 'NONE', #1759 ) ;
#2271 = DIRECTION ( 'NONE',  ( 0.000000000000000000, 0.000000000000000000, 1.000000000000000000 ) ) ;
#2272 = DIRECTION ( 'NONE',  ( 1.000000000000000000, 0.000000000000000000, -3.469446951953619316E-15 ) ) ;
#2273 = DIRECTION ( 'NONE',  ( -0.000000000000000000, -1.000000000000000000, -0.000000000000000000 ) ) ;
#2274 = EDGE_CURVE ( 'NONE', #3206, #522, #4123, .T. ) ;
#2275 = ORIENTED_EDGE ( 'NONE', *, *, #2408, .T. ) ;
#2276 = EDGE_CURVE ( 'NONE', #1104, #3658, #946, .T. ) ;
#2277 = DIRECTION ( 'NONE',  ( 0.000000000000000000, 1.000000000000000000, -0.000000000000000000 ) ) ;
#2278 = CARTESIAN_POINT ( 'NONE',  ( -4.000000000000000000, 3.621320343559645494, 0.000000000000000000 ) ) ;
#2279 = CIRCLE ( 'NONE', #874, 0.7500000000000006661 ) ;
#2280 = VECTOR ( 'NONE', #465, 1000.000000000000000 ) ;
#2281 = EDGE_CURVE ( 'NONE', #2346, #2592, #3699, .T. ) ;
#2282 = ADVANCED_FACE ( 'NONE', ( #3384 ), #493, .T. ) ;
#2283 = DIRECTION ( 'NONE',  ( -0.000000000000000000, -1.000000000000000000, -0.000000000000000000 ) ) ;
#2284 = DIRECTION ( 'NONE',  ( 0.000000000000000000, 1.000000000000000000, 0.000000000000000000 ) ) ;
#2285 = AXIS2_PLACEMENT_3D ( 'NONE', #570, #270, #1861 ) ;
#2286 = ORIENTED_EDGE ( 'NONE', *, *, #3780, .F. ) ;
#2287 = AXIS2_PLACEMENT_3D ( 'NONE', #1624, #2211, #3247 ) ;
#2288 = CARTESIAN_POINT ( 'NONE',  ( -4.720075368496912560, 1.300000000000000044, 6.209741421002063611 ) ) ;
#2289 = ORIENTED_EDGE ( 'NONE', *, *, #2356, .F. ) ;
#2290 = AXIS2_PLACEMENT_3D ( 'NONE', #11, #1288, #3257 ) ;
#2291 = CIRCLE ( 'NONE', #3637, 0.7500000000000006661 ) ;
#2292 = CARTESIAN_POINT ( 'NONE',  ( 2.454813398897389476, 0.000000000000000000, -7.403640400275659061 ) ) ;
#2293 = LINE ( 'NONE', #687, #1287 ) ;
#2294 = EDGE_CURVE ( 'NONE', #2928, #7, #2058, .T. ) ;
#2295 = VERTEX_POINT ( 'NONE', #1461 ) ;
#2296 = CIRCLE ( 'NONE', #820, 0.7499999999999984457 ) ;
#2297 = ORIENTED_EDGE ( 'NONE', *, *, #16, .T. ) ;
#2298 = CIRCLE ( 'NONE', #4054, 0.7500000000000015543 ) ;
#2299 = CARTESIAN_POINT ( 'NONE',  ( 4.000000000000000888, 0.000000000000000000, 4.000000000000000000 ) ) ;
#2300 = CARTESIAN_POINT ( 'NONE',  ( 0.000000000000000000, 1.500000000000000000, -7.800000000000004263 ) ) ;
#2301 = DIRECTION ( 'NONE',  ( 0.000000000000000000, 1.000000000000000000, 0.000000000000000000 ) ) ;
#2302 = ORIENTED_EDGE ( 'NONE', *, *, #79, .F. ) ;
#2303 = AXIS2_PLACEMENT_3D ( 'NONE', #1376, #3007, #1393 ) ;
#2304 = CIRCLE ( 'NONE', #1628, 0.7499999999999984457 ) ;
#2305 = DIRECTION ( 'NONE',  ( 0.000000000000000000, 1.000000000000000000, 0.000000000000000000 ) ) ;
#2306 = DIRECTION ( 'NONE',  ( 0.000000000000000000, 0.000000000000000000, -1.000000000000000000 ) ) ;
#2307 = ORIENTED_EDGE ( 'NONE', *, *, #3351, .T. ) ;
#2308 = DIRECTION ( 'NONE',  ( 0.000000000000000000, 1.000000000000000000, 0.000000000000000000 ) ) ;
#2309 = CARTESIAN_POINT ( 'NONE',  ( 6.000000000000000000, 1.300000000000000044, 0.7500000000000003331 ) ) ;
#2310 = ORIENTED_EDGE ( 'NONE', *, *, #4017, .F. ) ;
#2311 = CARTESIAN_POINT ( 'NONE',  ( 0.000000000000000000, 1.500000000000000000, 0.000000000000000000 ) ) ;
#2312 = ORIENTED_EDGE ( 'NONE', *, *, #3413, .F. ) ;
#2313 = FACE_OUTER_BOUND ( 'NONE', #2660, .T. ) ;
#2314 = DIRECTION ( 'NONE',  ( -0.000000000000000000, -1.000000000000000000, -0.000000000000000000 ) ) ;
#2315 = ORIENTED_EDGE ( 'NONE', *, *, #1409, .F. ) ;
#2316 = ORIENTED_EDGE ( 'NONE', *, *, #1110, .F. ) ;
#2317 = DIRECTION ( 'NONE',  ( 0.000000000000000000, 1.000000000000000000, 0.000000000000000000 ) ) ;
#2318 = CARTESIAN_POINT ( 'NONE',  ( 3.999999999999993339, 0.000000000000000000, -2.750000000000014655 ) ) ;
#2319 = CARTESIAN_POINT ( 'NONE',  ( -6.000000000000000000, 0.000000000000000000, -2.000000000000000000 ) ) ;
#2320 = EDGE_LOOP ( 'NONE', ( #183, #1453 ) ) ;
#2321 = CARTESIAN_POINT ( 'NONE',  ( 7.403640400275653732, 1.300000000000000044, 2.454813398897413457 ) ) ;
#2322 = CYLINDRICAL_SURFACE ( 'NONE', #1213, 0.7500000000000003331 ) ;
#2323 = ORIENTED_EDGE ( 'NONE', *, *, #1604, .T. ) ;
#2324 = ORIENTED_EDGE ( 'NONE', *, *, #1937, .F. ) ;
#2325 = DIRECTION ( 'NONE',  ( 1.000000000000000000, 0.000000000000000000, -3.469446951953611033E-15 ) ) ;
#2326 = DIRECTION ( 'NONE',  ( 0.000000000000000000, 1.000000000000000000, 0.000000000000000000 ) ) ;
#2327 = VERTEX_POINT ( 'NONE', #507 ) ;
#2328 = PLANE ( 'NONE',  #2215 ) ;
#2329 = EDGE_CURVE ( 'NONE', #3320, #1524, #3643, .T. ) ;
#2330 = ORIENTED_EDGE ( 'NONE', *, *, #3581, .F. ) ;
#2331 = CARTESIAN_POINT ( 'NONE',  ( -6.000000000000000000, 3.621320343559645494, -1.249999999999999778 ) ) ;
#2332 = CARTESIAN_POINT ( 'NONE',  ( -4.000000000000000000, 3.621320343559645494, -2.000000000000000000 ) ) ;
#2333 = VERTEX_POINT ( 'NONE', #3025 ) ;
#2334 = ORIENTED_EDGE ( 'NONE', *, *, #3607, .F. ) ;
#2335 = EDGE_CURVE ( 'NONE', #3081, #146, #332, .T. ) ;
#2336 = PRODUCT_CONTEXT ( 'NONE', #1941, 'mechanical' ) ;
#2337 = DIRECTION ( 'NONE',  ( 0.000000000000000000, 0.000000000000000000, -1.000000000000000000 ) ) ;
#2338 = CARTESIAN_POINT ( 'NONE',  ( 6.000000000000000000, 0.000000000000000000, 2.750000000000000888 ) ) ;
#2339 = CYLINDRICAL_SURFACE ( 'NONE', #4061, 0.7499999999999988898 ) ;
#2340 = VERTEX_POINT ( 'NONE', #1427 ) ;
#2341 = ORIENTED_EDGE ( 'NONE', *, *, #4043, .F. ) ;
#2342 = CYLINDRICAL_SURFACE ( 'NONE', #406, 0.7500000000000002220 ) ;
#2343 = CARTESIAN_POINT ( 'NONE',  ( -6.209741421001973904, 1.300000000000000044, 4.720075368497038681 ) ) ;
#2344 = ADVANCED_FACE ( 'NONE', ( #2454 ), #893, .T. ) ;
#2345 = VERTEX_POINT ( 'NONE', #851 ) ;
#2346 = VERTEX_POINT ( 'NONE', #1546 ) ;
#2347 = EDGE_CURVE ( 'NONE', #924, #239, #4141, .T. ) ;
#2348 = CARTESIAN_POINT ( 'NONE',  ( 2.454813398897387700, 1.300000000000000044, -7.403640400275661726 ) ) ;
#2349 = FACE_OUTER_BOUND ( 'NONE', #443, .T. ) ;
#2350 = VERTEX_POINT ( 'NONE', #569 ) ;
#2351 = DIRECTION ( 'NONE',  ( 0.000000000000000000, -0.000000000000000000, 1.000000000000000000 ) ) ;
#2352 = VERTEX_POINT ( 'NONE', #1186 ) ;
#2353 = AXIS2_PLACEMENT_3D ( 'NONE', #3794, #3470, #574 ) ;
#2354 = AXIS2_PLACEMENT_3D ( 'NONE', #1107, #853, #3011 ) ;
#2355 = ADVANCED_FACE ( 'NONE', ( #296 ), #1243, .T. ) ;
#2356 = EDGE_CURVE ( 'NONE', #2350, #4037, #1425, .T. ) ;
#2357 = DIRECTION ( 'NONE',  ( 0.000000000000000000, 1.000000000000000000, 0.000000000000000000 ) ) ;
#2358 = FACE_OUTER_BOUND ( 'NONE', #3167, .T. ) ;
#2359 = VERTEX_POINT ( 'NONE', #2139 ) ;
#2360 = ORIENTED_EDGE ( 'NONE', *, *, #2846, .T. ) ;
#2361 = AXIS2_PLACEMENT_3D ( 'NONE', #2535, #2475, #3467 ) ;
#2362 = EDGE_CURVE ( 'NONE', #2950, #2857, #3109, .T. ) ;
#2363 = CARTESIAN_POINT ( 'NONE',  ( -3.916655400733719539, 1.300000000000000044, 6.745354732844185186 ) ) ;
#2364 = VECTOR ( 'NONE', #1651, 1000.000000000000000 ) ;
#2365 = CIRCLE ( 'NONE', #3310, 0.7500000000000002220 ) ;
#2366 = DIRECTION ( 'NONE',  ( 0.000000000000000000, 0.000000000000000000, 1.000000000000000000 ) ) ;
#2367 = CARTESIAN_POINT ( 'NONE',  ( 3.999999999999986233, 3.621320343559645494, -4.000000000000015099 ) ) ;
#2368 = ORIENTED_EDGE ( 'NONE', *, *, #2684, .F. ) ;
#2369 = AXIS2_PLACEMENT_3D ( 'NONE', #2575, #969, #1323 ) ;
#2370 = AXIS2_PLACEMENT_3D ( 'NONE', #2984, #1259, #952 ) ;
#2371 = CARTESIAN_POINT ( 'NONE',  ( 0.000000000000000000, 1.300000000000000044, 0.000000000000000000 ) ) ;
#2372 = ORIENTED_EDGE ( 'NONE', *, *, #287, .T. ) ;
#2373 = ORIENTED_EDGE ( 'NONE', *, *, #301, .T. ) ;
#2374 = CIRCLE ( 'NONE', #2568, 0.7500000000000006661 ) ;
#2375 = ADVANCED_FACE ( 'NONE', ( #2472 ), #1877, .T. ) ;
#2376 = DIRECTION ( 'NONE',  ( 0.000000000000000000, 0.000000000000000000, 1.000000000000000000 ) ) ;
#2377 = DIRECTION ( 'NONE',  ( 0.000000000000000000, -0.000000000000000000, 1.000000000000000000 ) ) ;
#2378 = DIRECTION ( 'NONE',  ( -0.000000000000000000, -1.000000000000000000, -0.000000000000000000 ) ) ;
#2379 = AXIS2_PLACEMENT_3D ( 'NONE', #2696, #707, #3015 ) ;
#2380 = DIRECTION ( 'NONE',  ( 0.000000000000000000, 1.000000000000000000, 0.000000000000000000 ) ) ;
#2381 = AXIS2_PLACEMENT_3D ( 'NONE', #3136, #954, #220 ) ;
#2382 = DIRECTION ( 'NONE',  ( 0.000000000000000000, 0.000000000000000000, 1.000000000000000000 ) ) ;
#2383 = DIRECTION ( 'NONE',  ( 0.000000000000000000, 0.000000000000000000, -1.000000000000000000 ) ) ;
#2384 = ORIENTED_EDGE ( 'NONE', *, *, #911, .T. ) ;
#2385 = ORIENTED_EDGE ( 'NONE', *, *, #2666, .F. ) ;
#2386 = CIRCLE ( 'NONE', #2577, 0.7500000000000006661 ) ;
#2387 = FACE_OUTER_BOUND ( 'NONE', #4189, .T. ) ;
#2388 = CARTESIAN_POINT ( 'NONE',  ( -6.000000000000000000, 1.300000000000000044, -2.000000000000000000 ) ) ;
#2389 = DIRECTION ( 'NONE',  ( 0.000000000000000000, 0.000000000000000000, -1.000000000000000000 ) ) ;
#2390 = EDGE_LOOP ( 'NONE', ( #346, #2899 ) ) ;
#2391 = EDGE_CURVE ( 'NONE', #2765, #90, #57, .T. ) ;
#2392 = DIRECTION ( 'NONE',  ( -0.000000000000000000, -1.000000000000000000, -0.000000000000000000 ) ) ;
#2393 = VERTEX_POINT ( 'NONE', #3147 ) ;
#2394 = ORIENTED_EDGE ( 'NONE', *, *, #594, .F. ) ;
#2395 = DIRECTION ( 'NONE',  ( 0.000000000000000000, 0.000000000000000000, -1.000000000000000000 ) ) ;
#2396 = FACE_OUTER_BOUND ( 'NONE', #1554, .T. ) ;
#2397 = CARTESIAN_POINT ( 'NONE',  ( 0.000000000000000000, 0.000000000000000000, 0.000000000000000000 ) ) ;
#2398 = CARTESIAN_POINT ( 'NONE',  ( 3.709746672391584177, 0.000000000000000000, 0.3864319450407920908 ) ) ;
#2399 = PLANE ( 'NONE',  #321 ) ;
#2400 = CARTESIAN_POINT ( 'NONE',  ( -3.709746672391582845, 1.500000000000000000, 0.3864319450407913692 ) ) ;
#2401 = EDGE_LOOP ( 'NONE', ( #967, #1016, #2665, #506 ) ) ;
#2402 = VERTEX_POINT ( 'NONE', #4161 ) ;
#2403 =( NAMED_UNIT ( * ) SI_UNIT ( $, .STERADIAN. ) SOLID_ANGLE_UNIT ( ) );
#2404 = DIRECTION ( 'NONE',  ( 0.000000000000000000, 1.000000000000000000, 0.000000000000000000 ) ) ;
#2405 = FACE_OUTER_BOUND ( 'NONE', #2612, .T. ) ;
#2406 = ORIENTED_EDGE ( 'NONE', *, *, #3560, .T. ) ;
#2407 = PLANE ( 'NONE',  #1353 ) ;
#2408 = EDGE_CURVE ( 'NONE', #2950, #2095, #3466, .T. ) ;
#2409 = EDGE_CURVE ( 'NONE', #1799, #640, #2298, .T. ) ;
#2410 = EDGE_CURVE ( 'NONE', #479, #3812, #4184, .T. ) ;
#2411 = VERTEX_POINT ( 'NONE', #1902 ) ;
#2412 = ORIENTED_EDGE ( 'NONE', *, *, #3038, .T. ) ;
#2413 = CARTESIAN_POINT ( 'NONE',  ( 6.000000000000000888, 3.621320343559645494, 6.000000000000000000 ) ) ;
#2414 = DIRECTION ( 'NONE',  ( 0.000000000000000000, 1.000000000000000000, 0.000000000000000000 ) ) ;
#2415 = FACE_OUTER_BOUND ( 'NONE', #373, .T. ) ;
#2416 = ORIENTED_EDGE ( 'NONE', *, *, #1588, .T. ) ;
#2417 = CIRCLE ( 'NONE', #584, 0.7500000000000011102 ) ;
#2418 = EDGE_CURVE ( 'NONE', #284, #1242, #913, .T. ) ;
#2419 = CARTESIAN_POINT ( 'NONE',  ( 5.304973999367092574, 3.621320343559645494, 5.718151000632912151 ) ) ;
#2420 = CARTESIAN_POINT ( 'NONE',  ( 4.000000000000000888, 1.300000000000000044, 4.000000000000000000 ) ) ;
#2421 = ORIENTED_EDGE ( 'NONE', *, *, #3852, .F. ) ;
#2422 = ORIENTED_EDGE ( 'NONE', *, *, #1914, .T. ) ;
#2423 = EDGE_CURVE ( 'NONE', #3687, #3658, #674, .T. ) ;
#2424 = CARTESIAN_POINT ( 'NONE',  ( 3.999999999999993339, 0.000000000000000000, -2.000000000000014211 ) ) ;
#2425 = CARTESIAN_POINT ( 'NONE',  ( -4.720075368496973844, 0.000000000000000000, -6.209741421002023642 ) ) ;
#2426 = AXIS2_PLACEMENT_3D ( 'NONE', #240, #1538, #4010 ) ;
#2427 = ORIENTED_EDGE ( 'NONE', *, *, #1235, .T. ) ;
#2428 = AXIS2_PLACEMENT_3D ( 'NONE', #1924, #312, #1608 ) ;
#2429 = AXIS2_PLACEMENT_3D ( 'NONE', #564, #2761, #3690 ) ;
#2430 = CARTESIAN_POINT ( 'NONE',  ( 0.000000000000000000, 1.300000000000000044, 0.000000000000000000 ) ) ;
#2431 = ORIENTED_EDGE ( 'NONE', *, *, #1038, .T. ) ;
#2432 = AXIS2_PLACEMENT_3D ( 'NONE', #930, #2217, #3503 ) ;
#2433 = AXIS2_PLACEMENT_3D ( 'NONE', #3891, #2695, #88 ) ;
#2434 = ORIENTED_EDGE ( 'NONE', *, *, #2727, .F. ) ;
#2435 = AXIS2_PLACEMENT_3D ( 'NONE', #1182, #1543, #2469 ) ;
#2436 = DIRECTION ( 'NONE',  ( 0.000000000000000000, 1.000000000000000000, 0.000000000000000000 ) ) ;
#2437 = CARTESIAN_POINT ( 'NONE',  ( 4.000000000000000888, 3.621320343559645494, 6.000000000000000000 ) ) ;
#2438 = CARTESIAN_POINT ( 'NONE',  ( 7.403640400275651068, 0.000000000000000000, 2.454813398897415677 ) ) ;
#2439 = DIRECTION ( 'NONE',  ( 0.000000000000000000, 1.000000000000000000, 0.000000000000000000 ) ) ;
#2440 = VECTOR ( 'NONE', #3190, 1000.000000000000000 ) ;
#2441 = VECTOR ( 'NONE', #1618, 1000.000000000000000 ) ;
#2442 = CARTESIAN_POINT ( 'NONE',  ( -6.745354732844144330, 3.621320343559645494, -3.916655400733789705 ) ) ;
#2443 = CARTESIAN_POINT ( 'NONE',  ( -4.000000000000000000, 0.000000000000000000, -2.000000000000000000 ) ) ;
#2444 = EDGE_LOOP ( 'NONE', ( #1062, #2057, #3108, #1035 ) ) ;
#2445 = ORIENTED_EDGE ( 'NONE', *, *, #3218, .T. ) ;
#2446 = VECTOR ( 'NONE', #1519, 1000.000000000000000 ) ;
#2447 = FACE_OUTER_BOUND ( 'NONE', #3422, .T. ) ;
#2448 = CARTESIAN_POINT ( 'NONE',  ( 7.403640400275642186, 3.621320343559645494, -2.454813398897442767 ) ) ;
#2449 = CIRCLE ( 'NONE', #1904, 0.7499999999999988898 ) ;
#2450 = ORIENTED_EDGE ( 'NONE', *, *, #2076, .F. ) ;
#2451 = DIRECTION ( 'NONE',  ( 0.000000000000000000, 0.000000000000000000, -1.000000000000000000 ) ) ;
#2452 = ORIENTED_EDGE ( 'NONE', *, *, #1159, .F. ) ;
#2453 = ORIENTED_EDGE ( 'NONE', *, *, #133, .T. ) ;
#2454 = FACE_OUTER_BOUND ( 'NONE', #1964, .T. ) ;
#2455 = CARTESIAN_POINT ( 'NONE',  ( 1.999999999999986233, 0.000000000000000000, -4.000000000000007105 ) ) ;
#2456 = LINE ( 'NONE', #3749, #3305 ) ;
#2457 = DIRECTION ( 'NONE',  ( 0.000000000000000000, 1.000000000000000000, -0.000000000000000000 ) ) ;
#2458 = FACE_OUTER_BOUND ( 'NONE', #3381, .T. ) ;
#2459 = DIRECTION ( 'NONE',  ( 0.000000000000000000, 1.000000000000000000, 0.000000000000000000 ) ) ;
#2460 = LINE ( 'NONE', #4048, #2446 ) ;
#2461 = EDGE_CURVE ( 'NONE', #2189, #1813, #3112, .T. ) ;
#2462 = EDGE_CURVE ( 'NONE', #3754, #1120, #3712, .T. ) ;
#2463 = EDGE_LOOP ( 'NONE', ( #108, #3722 ) ) ;
#2464 = ORIENTED_EDGE ( 'NONE', *, *, #525, .T. ) ;
#2465 = CARTESIAN_POINT ( 'NONE',  ( 1.999999999999993117, 3.621320343559645494, -2.750000000000007550 ) ) ;
#2466 = DIRECTION ( 'NONE',  ( -0.000000000000000000, -1.000000000000000000, -0.000000000000000000 ) ) ;
#2467 = ORIENTED_EDGE ( 'NONE', *, *, #2391, .T. ) ;
#2468 = EDGE_CURVE ( 'NONE', #2266, #3539, #1512, .T. ) ;
#2469 = DIRECTION ( 'NONE',  ( 0.000000000000000000, 0.000000000000000000, 1.000000000000000000 ) ) ;
#2470 = ORIENTED_EDGE ( 'NONE', *, *, #2675, .T. ) ;
#2471 = EDGE_LOOP ( 'NONE', ( #2099, #2808, #3088, #1989 ) ) ;
#2472 = FACE_OUTER_BOUND ( 'NONE', #3974, .T. ) ;
#2473 = ADVANCED_FACE ( 'NONE', ( #1203 ), #1844, .T. ) ;
#2474 = CARTESIAN_POINT ( 'NONE',  ( 3.999999999999979128, 1.300000000000000044, -6.000000000000015099 ) ) ;
#2475 = DIRECTION ( 'NONE',  ( -0.000000000000000000, -1.000000000000000000, -0.000000000000000000 ) ) ;
#2476 = CARTESIAN_POINT ( 'NONE',  ( -2.085703952312274877E-14, 3.621320343559645494, -5.249999999999999112 ) ) ;
#2477 = EDGE_CURVE ( 'NONE', #2346, #3940, #1005, .T. ) ;
#2478 = DIRECTION ( 'NONE',  ( 0.000000000000000000, 0.000000000000000000, 1.000000000000000000 ) ) ;
#2479 = DIRECTION ( 'NONE',  ( 0.000000000000000000, 1.000000000000000000, 0.000000000000000000 ) ) ;
#2480 = CARTESIAN_POINT ( 'NONE',  ( 1.187845542746743048E-15, -3.500000000000000000, 9.699494936611660734 ) ) ;
#2481 = DIRECTION ( 'NONE',  ( 0.000000000000000000, 0.000000000000000000, 1.000000000000000000 ) ) ;
#2482 = ORIENTED_EDGE ( 'NONE', *, *, #1783, .F. ) ;
#2483 = VERTEX_POINT ( 'NONE', #9 ) ;
#2484 = EDGE_CURVE ( 'NONE', #793, #168, #51, .T. ) ;
#2485 = VECTOR ( 'NONE', #3765, 1000.000000000000000 ) ;
#2486 = DIRECTION ( 'NONE',  ( 0.000000000000000000, -0.000000000000000000, 1.000000000000000000 ) ) ;
#2487 = DIRECTION ( 'NONE',  ( 0.000000000000000000, 0.000000000000000000, 1.000000000000000000 ) ) ;
#2488 = ORIENTED_EDGE ( 'NONE', *, *, #2274, .F. ) ;
#2489 = CIRCLE ( 'NONE', #658, 0.7500000000000003331 ) ;
#2490 = FACE_OUTER_BOUND ( 'NONE', #1257, .T. ) ;
#2491 = ORIENTED_EDGE ( 'NONE', *, *, #2160, .F. ) ;
#2492 = AXIS2_PLACEMENT_3D ( 'NONE', #854, #3115, #3701 ) ;
#2493 = VECTOR ( 'NONE', #1373, 1000.000000000000000 ) ;
#2494 = DIRECTION ( 'NONE',  ( 0.000000000000000000, -0.000000000000000000, 1.000000000000000000 ) ) ;
#2495 = AXIS2_PLACEMENT_3D ( 'NONE', #1324, #3253, #394 ) ;
#2496 = CIRCLE ( 'NONE', #603, 0.7500000000000002220 ) ;
#2497 = CYLINDRICAL_SURFACE ( 'NONE', #3704, 0.7499999999999984457 ) ;
#2498 = AXIS2_PLACEMENT_3D ( 'NONE', #4038, #1778, #2124 ) ;
#2499 = CARTESIAN_POINT ( 'NONE',  ( -7.687830187959637129, 3.621320343559645494, 1.318054248161490971 ) ) ;
#2500 = CARTESIAN_POINT ( 'NONE',  ( 0.000000000000000000, 0.000000000000000000, 0.000000000000000000 ) ) ;
#2501 = DIRECTION ( 'NONE',  ( 0.000000000000000000, -0.000000000000000000, 1.000000000000000000 ) ) ;
#2502 = DIRECTION ( 'NONE',  ( 0.000000000000000000, 1.000000000000000000, 0.000000000000000000 ) ) ;
#2503 = AXIS2_PLACEMENT_3D ( 'NONE', #3341, #1119, #3678 ) ;
#2504 = ORIENTED_EDGE ( 'NONE', *, *, #2546, .T. ) ;
#2505 = ORIENTED_EDGE ( 'NONE', *, *, #1262, .F. ) ;
#2506 = CARTESIAN_POINT ( 'NONE',  ( 1.999999999999986233, 0.000000000000000000, -4.750000000000006217 ) ) ;
#2507 = LINE ( 'NONE', #1560, #1966 ) ;
#2508 = VERTEX_POINT ( 'NONE', #696 ) ;
#2509 = AXIS2_PLACEMENT_3D ( 'NONE', #1724, #4007, #781 ) ;
#2510 = DIRECTION ( 'NONE',  ( 0.000000000000000000, 0.000000000000000000, -1.000000000000000000 ) ) ;
#2511 = ADVANCED_FACE ( 'NONE', ( #331 ), #2610, .F. ) ;
#2512 = ORIENTED_EDGE ( 'NONE', *, *, #3288, .T. ) ;
#2513 = CIRCLE ( 'NONE', #692, 7.800000000000004263 ) ;
#2514 = DIRECTION ( 'NONE',  ( 0.000000000000000000, 0.000000000000000000, -1.000000000000000000 ) ) ;
#2515 = PLANE ( 'NONE',  #812 ) ;
#2516 = EDGE_CURVE ( 'NONE', #284, #2189, #477, .T. ) ;
#2517 = DIRECTION ( 'NONE',  ( 0.000000000000000000, 0.000000000000000000, -1.000000000000000000 ) ) ;
#2518 = CARTESIAN_POINT ( 'NONE',  ( -4.720075368496973844, 1.300000000000000044, -6.209741421002023642 ) ) ;
#2519 = CARTESIAN_POINT ( 'NONE',  ( -3.999999999999979128, 3.621320343559645494, 1.250000000000042411 ) ) ;
#2520 = DIRECTION ( 'NONE',  ( -0.000000000000000000, -1.000000000000000000, -0.000000000000000000 ) ) ;
#2521 = ORIENTED_EDGE ( 'NONE', *, *, #421, .T. ) ;
#2522 = VERTEX_POINT ( 'NONE', #3608 ) ;
#2523 = DIRECTION ( 'NONE',  ( 0.000000000000000000, 0.000000000000000000, 1.000000000000000000 ) ) ;
#2524 = DIRECTION ( 'NONE',  ( 0.000000000000000000, 0.000000000000000000, 1.000000000000000000 ) ) ;
#2525 = ORIENTED_EDGE ( 'NONE', *, *, #2893, .T. ) ;
#2526 = EDGE_CURVE ( 'NONE', #3735, #3144, #2902, .T. ) ;
#2527 = PLANE ( 'NONE',  #624 ) ;
#2528 = DIRECTION ( 'NONE',  ( -0.000000000000000000, -1.000000000000000000, -0.000000000000000000 ) ) ;
#2529 = ORIENTED_EDGE ( 'NONE', *, *, #3030, .F. ) ;
#2530 = EDGE_CURVE ( 'NONE', #1120, #1653, #2261, .T. ) ;
#2531 = EDGE_CURVE ( 'NONE', #90, #379, #3883, .T. ) ;
#2532 = EDGE_CURVE ( 'NONE', #2598, #3441, #1009, .T. ) ;
#2533 = CARTESIAN_POINT ( 'NONE',  ( 6.000000000000000888, 0.000000000000000000, 4.000000000000000000 ) ) ;
#2534 = EDGE_CURVE ( 'NONE', #882, #2402, #819, .T. ) ;
#2535 = CARTESIAN_POINT ( 'NONE',  ( -4.000000000000000000, 3.621320343559645494, -2.000000000000000000 ) ) ;
#2536 = DIRECTION ( 'NONE',  ( 0.000000000000000000, 0.000000000000000000, -1.000000000000000000 ) ) ;
#2537 = FACE_BOUND ( 'NONE', #2177, .T. ) ;
#2538 = FACE_OUTER_BOUND ( 'NONE', #262, .T. ) ;
#2539 = VERTEX_POINT ( 'NONE', #985 ) ;
#2540 = EDGE_CURVE ( 'NONE', #1799, #61, #4183, .T. ) ;
#2541 = EDGE_CURVE ( 'NONE', #1379, #647, #3172, .T. ) ;
#2542 = ORIENTED_EDGE ( 'NONE', *, *, #336, .T. ) ;
#2543 = CARTESIAN_POINT ( 'NONE',  ( -4.000000000000000888, 3.621320343559645494, -4.000000000000000000 ) ) ;
#2544 = LINE ( 'NONE', #942, #413 ) ;
#2545 = ORIENTED_EDGE ( 'NONE', *, *, #4159, .T. ) ;
#2546 = EDGE_CURVE ( 'NONE', #1317, #3676, #2096, .T. ) ;
#2547 = CARTESIAN_POINT ( 'NONE',  ( -4.000000000000000000, 1.300000000000000044, -2.000000000000000000 ) ) ;
#2548 = DIRECTION ( 'NONE',  ( -0.000000000000000000, -1.000000000000000000, -0.000000000000000000 ) ) ;
#2549 = DIRECTION ( 'NONE',  ( -0.000000000000000000, -1.000000000000000000, -0.000000000000000000 ) ) ;
#2550 = CIRCLE ( 'NONE', #1745, 0.7499999999999988898 ) ;
#2551 = ORIENTED_EDGE ( 'NONE', *, *, #646, .F. ) ;
#2552 = CIRCLE ( 'NONE', #2086, 0.7500000000000002220 ) ;
#2553 = ORIENTED_EDGE ( 'NONE', *, *, #2097, .F. ) ;
#2554 = DIRECTION ( 'NONE',  ( 0.000000000000000000, 0.000000000000000000, 1.000000000000000000 ) ) ;
#2555 = CARTESIAN_POINT ( 'NONE',  ( -5.999999999999958256, 3.621320343559645494, 4.000000000000063061 ) ) ;
#2556 = AXIS2_PLACEMENT_3D ( 'NONE', #2752, #3406, #4040 ) ;
#2557 = AXIS2_PLACEMENT_3D ( 'NONE', #3514, #2904, #3531 ) ;
#2558 = CIRCLE ( 'NONE', #1619, 0.7499999999999984457 ) ;
#2559 = DIRECTION ( 'NONE',  ( 0.000000000000000000, 1.000000000000000000, -0.000000000000000000 ) ) ;
#2560 = FACE_BOUND ( 'NONE', #945, .T. ) ;
#2561 = DIRECTION ( 'NONE',  ( -0.000000000000000000, -1.000000000000000000, -0.000000000000000000 ) ) ;
#2562 = VERTEX_POINT ( 'NONE', #673 ) ;
#2563 = AXIS2_PLACEMENT_3D ( 'NONE', #2100, #3681, #3084 ) ;
#2564 = VECTOR ( 'NONE', #1241, 1000.000000000000000 ) ;
#2565 = CARTESIAN_POINT ( 'NONE',  ( 4.000000000000000888, 0.000000000000000000, 3.249999999999999112 ) ) ;
#2566 = DIRECTION ( 'NONE',  ( 0.000000000000000000, 1.000000000000000000, 0.000000000000000000 ) ) ;
#2567 = VERTEX_POINT ( 'NONE', #632 ) ;
#2568 = AXIS2_PLACEMENT_3D ( 'NONE', #1030, #949, #308 ) ;
#2569 = CARTESIAN_POINT ( 'NONE',  ( 0.000000000000000000, 1.300000000000000044, 0.000000000000000000 ) ) ;
#2570 = CARTESIAN_POINT ( 'NONE',  ( 4.000000000000000000, 0.000000000000000000, 2.000000000000000000 ) ) ;
#2571 = FACE_OUTER_BOUND ( 'NONE', #86, .T. ) ;
#2572 = AXIS2_PLACEMENT_3D ( 'NONE', #2943, #2235, #1274 ) ;
#2573 = ORIENTED_EDGE ( 'NONE', *, *, #1235, .F. ) ;
#2574 = CIRCLE ( 'NONE', #3389, 7.800000000000004263 ) ;
#2575 = CARTESIAN_POINT ( 'NONE',  ( 1.999999999999993117, 1.300000000000000044, -2.000000000000007550 ) ) ;
#2576 = CARTESIAN_POINT ( 'NONE',  ( 1.999999999999979128, 0.000000000000000000, -6.750000000000007994 ) ) ;
#2577 = AXIS2_PLACEMENT_3D ( 'NONE', #2299, #3, #1932 ) ;
#2578 = DIRECTION ( 'NONE',  ( 1.000000000000000000, 0.000000000000000000, -3.469446951953607089E-15 ) ) ;
#2579 = FACE_OUTER_BOUND ( 'NONE', #3180, .T. ) ;
#2580 = VERTEX_POINT ( 'NONE', #3559 ) ;
#2581 = DIRECTION ( 'NONE',  ( 0.000000000000000000, 1.000000000000000000, 0.000000000000000000 ) ) ;
#2582 = ORIENTED_EDGE ( 'NONE', *, *, #27, .T. ) ;
#2583 = EDGE_CURVE ( 'NONE', #2758, #1540, #28, .T. ) ;
#2584 = EDGE_CURVE ( 'NONE', #2522, #2641, #2028, .T. ) ;
#2585 = CYLINDRICAL_SURFACE ( 'NONE', #1145, 0.7500000000000002220 ) ;
#2586 = CARTESIAN_POINT ( 'NONE',  ( -2.454813398897416565, 1.300000000000000044, -7.403640400275651068 ) ) ;
#2587 = ORIENTED_EDGE ( 'NONE', *, *, #2593, .F. ) ;
#2588 = ORIENTED_EDGE ( 'NONE', *, *, #3392, .F. ) ;
#2589 = DIRECTION ( 'NONE',  ( 0.000000000000000000, 1.000000000000000000, 0.000000000000000000 ) ) ;
#2590 = FACE_OUTER_BOUND ( 'NONE', #2401, .T. ) ;
#2591 = CARTESIAN_POINT ( 'NONE',  ( 1.187845542746743048E-15, 1.500000000000000000, 9.699494936611660734 ) ) ;
#2592 = VERTEX_POINT ( 'NONE', #371 ) ;
#2593 = EDGE_CURVE ( 'NONE', #7, #843, #951, .T. ) ;
#2594 = CARTESIAN_POINT ( 'NONE',  ( -5.999999999999979572, 3.621320343559645494, 2.750000000000063949 ) ) ;
#2595 = DIRECTION ( 'NONE',  ( 0.000000000000000000, -0.000000000000000000, 1.000000000000000000 ) ) ;
#2596 = DIRECTION ( 'NONE',  ( 0.000000000000000000, 1.000000000000000000, -0.000000000000000000 ) ) ;
#2597 = CARTESIAN_POINT ( 'NONE',  ( 6.000000000000000888, 1.300000000000000044, 4.750000000000001776 ) ) ;
#2598 = VERTEX_POINT ( 'NONE', #2004 ) ;
#2599 = DIRECTION ( 'NONE',  ( -0.000000000000000000, -1.000000000000000000, -0.000000000000000000 ) ) ;
#2600 = ORIENTED_EDGE ( 'NONE', *, *, #3780, .T. ) ;
#2601 = CARTESIAN_POINT ( 'NONE',  ( -1.396592535537253342E-14, 1.300000000000000044, -4.000000000000000000 ) ) ;
#2602 = PLANE ( 'NONE',  #1898 ) ;
#2603 = ORIENTED_EDGE ( 'NONE', *, *, #3852, .T. ) ;
#2604 = ORIENTED_EDGE ( 'NONE', *, *, #3207, .T. ) ;
#2605 = DIRECTION ( 'NONE',  ( 1.000000000000000000, 0.000000000000000000, -3.469446951953613006E-15 ) ) ;
#2606 = CARTESIAN_POINT ( 'NONE',  ( -3.999999999999958256, 3.621320343559645494, 4.000000000000042633 ) ) ;
#2607 = FACE_OUTER_BOUND ( 'NONE', #116, .T. ) ;
#2608 = ORIENTED_EDGE ( 'NONE', *, *, #2981, .T. ) ;
#2609 = CIRCLE ( 'NONE', #808, 0.7500000000000003331 ) ;
#2610 = CYLINDRICAL_SURFACE ( 'NONE', #2165, 7.800000000000004263 ) ;
#2611 = CARTESIAN_POINT ( 'NONE',  ( -2.000000000000000444, 0.000000000000000000, -2.000000000000000000 ) ) ;
#2612 = EDGE_LOOP ( 'NONE', ( #1580, #3772, #1368, #662 ) ) ;
#2613 = VERTEX_POINT ( 'NONE', #1033 ) ;
#2614 = AXIS2_PLACEMENT_3D ( 'NONE', #1312, #2599, #3917 ) ;
#2615 = VECTOR ( 'NONE', #447, 1000.000000000000000 ) ;
#2616 = DIRECTION ( 'NONE',  ( 0.000000000000000000, 1.000000000000000000, 0.000000000000000000 ) ) ;
#2617 = DIRECTION ( 'NONE',  ( 0.000000000000000000, 0.000000000000000000, 1.000000000000000000 ) ) ;
#2618 = AXIS2_PLACEMENT_3D ( 'NONE', #2079, #3086, #468 ) ;
#2619 = VERTEX_POINT ( 'NONE', #2321 ) ;
#2620 = DIRECTION ( 'NONE',  ( 0.000000000000000000, 0.000000000000000000, 1.000000000000000000 ) ) ;
#2621 = ORIENTED_EDGE ( 'NONE', *, *, #425, .F. ) ;
#2622 = CIRCLE ( 'NONE', #1144, 0.7500000000000015543 ) ;
#2623 = CIRCLE ( 'NONE', #3980, 0.7500000000000003331 ) ;
#2624 = LINE ( 'NONE', #2331, #2098 ) ;
#2625 = DIRECTION ( 'NONE',  ( 0.000000000000000000, 0.000000000000000000, 1.000000000000000000 ) ) ;
#2626 = AXIS2_PLACEMENT_3D ( 'NONE', #2815, #2183, #2494 ) ;
#2627 = EDGE_LOOP ( 'NONE', ( #1646, #176, #1561, #2935 ) ) ;
#2628 = CIRCLE ( 'NONE', #1756, 0.7500000000000002220 ) ;
#2629 = ORIENTED_EDGE ( 'NONE', *, *, #2410, .F. ) ;
#2630 = VECTOR ( 'NONE', #927, 1000.000000000000000 ) ;
#2631 = DIRECTION ( 'NONE',  ( 0.000000000000000000, 1.000000000000000000, 0.000000000000000000 ) ) ;
#2632 = DIRECTION ( 'NONE',  ( -0.000000000000000000, -1.000000000000000000, -0.000000000000000000 ) ) ;
#2633 = DIRECTION ( 'NONE',  ( 0.000000000000000000, 0.000000000000000000, -1.000000000000000000 ) ) ;
#2634 = ORIENTED_EDGE ( 'NONE', *, *, #213, .F. ) ;
#2635 = ORIENTED_EDGE ( 'NONE', *, *, #2802, .F. ) ;
#2636 = VECTOR ( 'NONE', #2466, 1000.000000000000000 ) ;
#2637 = CIRCLE ( 'NONE', #70, 9.699494936611660734 ) ;
#2638 = DIRECTION ( 'NONE',  ( 0.000000000000000000, 0.000000000000000000, 1.000000000000000000 ) ) ;
#2639 = EDGE_CURVE ( 'NONE', #4093, #1655, #888, .T. ) ;
#2640 = DIRECTION ( 'NONE',  ( 0.000000000000000000, 1.000000000000000000, 0.000000000000000000 ) ) ;
#2641 = VERTEX_POINT ( 'NONE', #1922 ) ;
#2642 = VERTEX_POINT ( 'NONE', #310 ) ;
#2643 = VECTOR ( 'NONE', #381, 1000.000000000000000 ) ;
#2644 = LINE ( 'NONE', #3593, #1880 ) ;
#2645 = DIRECTION ( 'NONE',  ( 0.000000000000000000, 0.000000000000000000, 1.000000000000000000 ) ) ;
#2646 = AXIS2_PLACEMENT_3D ( 'NONE', #3090, #3003, #3992 ) ;
#2647 = EDGE_LOOP ( 'NONE', ( #1049, #314, #1767, #1138 ) ) ;
#2648 = CARTESIAN_POINT ( 'NONE',  ( 3.916655400733802583, 0.000000000000000000, 6.745354732844136336 ) ) ;
#2649 = ORIENTED_EDGE ( 'NONE', *, *, #1141, .T. ) ;
#2650 = EDGE_CURVE ( 'NONE', #3319, #3796, #1151, .T. ) ;
#2651 = DIRECTION ( 'NONE',  ( 0.000000000000000000, 1.000000000000000000, 0.000000000000000000 ) ) ;
#2652 = CYLINDRICAL_SURFACE ( 'NONE', #275, 0.7499999999999984457 ) ;
#2653 = ORIENTED_EDGE ( 'NONE', *, *, #118, .F. ) ;
#2654 = ORIENTED_EDGE ( 'NONE', *, *, #586, .T. ) ;
#2655 = CARTESIAN_POINT ( 'NONE',  ( -5.999999999999958256, 0.000000000000000000, 3.250000000000064837 ) ) ;
#2656 = FACE_OUTER_BOUND ( 'NONE', #523, .T. ) ;
#2657 = DIRECTION ( 'NONE',  ( 0.000000000000000000, 1.000000000000000000, 0.000000000000000000 ) ) ;
#2658 = DIRECTION ( 'NONE',  ( 0.000000000000000000, 0.000000000000000000, -1.000000000000000000 ) ) ;
#2659 = ADVANCED_FACE ( 'NONE', ( #2054 ), #2342, .T. ) ;
#2660 = EDGE_LOOP ( 'NONE', ( #2421, #1396, #2670, #695 ) ) ;
#2661 = EDGE_CURVE ( 'NONE', #3320, #1216, #144, .T. ) ;
#2662 = CARTESIAN_POINT ( 'NONE',  ( 0.000000000000000000, 1.300000000000000044, 0.000000000000000000 ) ) ;
#2663 = CARTESIAN_POINT ( 'NONE',  ( -7.403640400275653732, 1.300000000000000044, -2.454813398897413457 ) ) ;
#2664 = ORIENTED_EDGE ( 'NONE', *, *, #743, .T. ) ;
#2665 = ORIENTED_EDGE ( 'NONE', *, *, #3276, .T. ) ;
#2666 = EDGE_CURVE ( 'NONE', #61, #1050, #678, .T. ) ;
#2667 = ADVANCED_FACE ( 'NONE', ( #2708 ), #2407, .T. ) ;
#2668 = DIRECTION ( 'NONE',  ( 0.000000000000000000, 0.000000000000000000, 1.000000000000000000 ) ) ;
#2669 = CARTESIAN_POINT ( 'NONE',  ( 5.718151000632894387, 0.000000000000000000, -5.304973999367113002 ) ) ;
#2670 = ORIENTED_EDGE ( 'NONE', *, *, #1178, .T. ) ;
#2671 = DIRECTION ( 'NONE',  ( 0.000000000000000000, 0.000000000000000000, -1.000000000000000000 ) ) ;
#2672 = ORIENTED_EDGE ( 'NONE', *, *, #968, .T. ) ;
#2673 = EDGE_CURVE ( 'NONE', #1725, #1114, #1627, .T. ) ;
#2675 = EDGE_CURVE ( 'NONE', #41, #2869, #2233, .T. ) ;
#2674 = DIRECTION ( 'NONE',  ( 0.000000000000000000, 0.000000000000000000, 1.000000000000000000 ) ) ;
#2676 = CARTESIAN_POINT ( 'NONE',  ( 8.000000000000000000, 0.000000000000000000, 0.000000000000000000 ) ) ;
#2677 = ORIENTED_EDGE ( 'NONE', *, *, #1857, .F. ) ;
#2678 = ORIENTED_EDGE ( 'NONE', *, *, #1039, .T. ) ;
#2679 = CARTESIAN_POINT ( 'NONE',  ( 0.000000000000000000, 0.000000000000000000, 0.000000000000000000 ) ) ;
#2680 = DIRECTION ( 'NONE',  ( 0.000000000000000000, 0.000000000000000000, 1.000000000000000000 ) ) ;
#2681 = DIRECTION ( 'NONE',  ( -0.000000000000000000, -1.000000000000000000, -0.000000000000000000 ) ) ;
#2682 = DIRECTION ( 'NONE',  ( -0.000000000000000000, -1.000000000000000000, -0.000000000000000000 ) ) ;
#2683 = ORIENTED_EDGE ( 'NONE', *, *, #3535, .F. ) ;
#2684 = EDGE_CURVE ( 'NONE', #611, #3652, #1712, .T. ) ;
#2685 = FACE_OUTER_BOUND ( 'NONE', #328, .T. ) ;
#2686 = DIRECTION ( 'NONE',  ( 0.000000000000000000, 0.000000000000000000, 1.000000000000000000 ) ) ;
#2687 = ORIENTED_EDGE ( 'NONE', *, *, #1293, .T. ) ;
#2688 = DIRECTION ( 'NONE',  ( 0.000000000000000000, 1.000000000000000000, 0.000000000000000000 ) ) ;
#2689 = DIRECTION ( 'NONE',  ( 0.000000000000000000, 1.000000000000000000, 0.000000000000000000 ) ) ;
#2690 = DIRECTION ( 'NONE',  ( -0.000000000000000000, -1.000000000000000000, -0.000000000000000000 ) ) ;
#2691 = AXIS2_PLACEMENT_3D ( 'NONE', #1061, #1310, #1015 ) ;
#2692 = ORIENTED_EDGE ( 'NONE', *, *, #4013, .F. ) ;
#2693 = AXIS2_PLACEMENT_3D ( 'NONE', #3409, #512, #1741 ) ;
#2694 = AXIS2_PLACEMENT_3D ( 'NONE', #290, #2258, #2885 ) ;
#2695 = DIRECTION ( 'NONE',  ( -0.000000000000000000, -1.000000000000000000, -0.000000000000000000 ) ) ;
#2696 = CARTESIAN_POINT ( 'NONE',  ( 0.000000000000000000, -3.500000000000000000, 0.000000000000000000 ) ) ;
#2697 = VERTEX_POINT ( 'NONE', #2731 ) ;
#2698 = ORIENTED_EDGE ( 'NONE', *, *, #3698, .T. ) ;
#2699 = VECTOR ( 'NONE', #778, 1000.000000000000000 ) ;
#2700 = CIRCLE ( 'NONE', #1485, 7.800000000000004263 ) ;
#2701 = CARTESIAN_POINT ( 'NONE',  ( -2.000000000000000444, 1.300000000000000044, -4.000000000000000000 ) ) ;
#2702 = CARTESIAN_POINT ( 'NONE',  ( 4.000000000000000000, 3.621320343559645494, 0.000000000000000000 ) ) ;
#2703 = CIRCLE ( 'NONE', #883, 0.7500000000000006661 ) ;
#2704 = CARTESIAN_POINT ( 'NONE',  ( -4.000000000000000888, 1.300000000000000044, -4.000000000000000000 ) ) ;
#2705 = CARTESIAN_POINT ( 'NONE',  ( 4.000000000000000888, 3.621320343559645494, 6.000000000000000000 ) ) ;
#2706 = ORIENTED_EDGE ( 'NONE', *, *, #2792, .T. ) ;
#2707 = AXIS2_PLACEMENT_3D ( 'NONE', #1486, #2775, #123 ) ;
#2708 = FACE_OUTER_BOUND ( 'NONE', #1018, .T. ) ;
#2709 = CIRCLE ( 'NONE', #3851, 0.7500000000000006661 ) ;
#2710 = ORIENTED_EDGE ( 'NONE', *, *, #18, .T. ) ;
#2711 = EDGE_LOOP ( 'NONE', ( #453, #53 ) ) ;
#2712 = VECTOR ( 'NONE', #2549, 1000.000000000000000 ) ;
#2713 = PLANE ( 'NONE',  #3502 ) ;
#2714 = DIRECTION ( 'NONE',  ( 0.000000000000000000, 1.000000000000000000, 0.000000000000000000 ) ) ;
#2715 = CYLINDRICAL_SURFACE ( 'NONE', #2158, 2.250000000000000000 ) ;
#2716 = CIRCLE ( 'NONE', #2572, 0.7500000000000011102 ) ;
#2717 = CARTESIAN_POINT ( 'NONE',  ( -2.782089406222293615, 0.000000000000000000, 9.291941700265931914 ) ) ;
#2718 = MANIFOLD_SOLID_BREP ( 'Boss-Extrude3', #2209 ) ;
#2719 = CIRCLE ( 'NONE', #147, 0.7500000000000002220 ) ;
#2720 = CARTESIAN_POINT ( 'NONE',  ( 0.000000000000000000, 0.000000000000000000, 0.000000000000000000 ) ) ;
#2721 = DIRECTION ( 'NONE',  ( 0.000000000000000000, -0.000000000000000000, 1.000000000000000000 ) ) ;
#2722 = ORIENTED_EDGE ( 'NONE', *, *, #1774, .F. ) ;
#2723 = EDGE_LOOP ( 'NONE', ( #3659, #763, #1726, #3595 ) ) ;
#2724 = AXIS2_PLACEMENT_3D ( 'NONE', #628, #1916, #306 ) ;
#2725 = EDGE_CURVE ( 'NONE', #1524, #3320, #3444, .T. ) ;
#2726 = ADVANCED_FACE ( 'NONE', ( #2747 ), #4031, .T. ) ;
#2727 = EDGE_CURVE ( 'NONE', #168, #3636, #1829, .T. ) ;
#2728 = CARTESIAN_POINT ( 'NONE',  ( 4.000000000000000000, 1.300000000000000044, 0.000000000000000000 ) ) ;
#2729 = CARTESIAN_POINT ( 'NONE',  ( 4.000000000000000000, 0.000000000000000000, -0.7500000000000003331 ) ) ;
#2730 = ORIENTED_EDGE ( 'NONE', *, *, #1348, .F. ) ;
#2731 = CARTESIAN_POINT ( 'NONE',  ( -3.999999999999958256, 1.300000000000000044, 4.750000000000044409 ) ) ;
#2732 = ADVANCED_FACE ( 'NONE', ( #3400 ), #78, .T. ) ;
#2733 = ORIENTED_EDGE ( 'NONE', *, *, #2172, .F. ) ;
#2734 = EDGE_LOOP ( 'NONE', ( #2031, #881, #2275, #366 ) ) ;
#2735 = DIRECTION ( 'NONE',  ( 0.000000000000000000, 1.000000000000000000, 0.000000000000000000 ) ) ;
#2736 = DIRECTION ( 'NONE',  ( -0.000000000000000000, -1.000000000000000000, -0.000000000000000000 ) ) ;
#2737 = CARTESIAN_POINT ( 'NONE',  ( 5.304973999367092574, 0.000000000000000000, 5.718151000632912151 ) ) ;
#2738 = DIRECTION ( 'NONE',  ( 0.000000000000000000, 1.000000000000000000, 0.000000000000000000 ) ) ;
#2739 = ADVANCED_FACE ( 'NONE', ( #2685 ), #1076, .T. ) ;
#2740 = DIRECTION ( 'NONE',  ( -0.000000000000000000, -1.000000000000000000, -0.000000000000000000 ) ) ;
#2741 = CARTESIAN_POINT ( 'NONE',  ( -6.982962677686266711E-15, 3.621320343559645494, -2.000000000000000000 ) ) ;
#2742 = ORIENTED_EDGE ( 'NONE', *, *, #3902, .T. ) ;
#2743 = ORIENTED_EDGE ( 'NONE', *, *, #1457, .T. ) ;
#2744 = CARTESIAN_POINT ( 'NONE',  ( 4.000000000000000000, 0.000000000000000000, 1.250000000000001554 ) ) ;
#2745 = DIRECTION ( 'NONE',  ( 0.000000000000000000, 1.000000000000000000, 0.000000000000000000 ) ) ;
#2746 = EDGE_LOOP ( 'NONE', ( #937, #1794, #2542, #2784 ) ) ;
#2747 = FACE_OUTER_BOUND ( 'NONE', #3575, .T. ) ;
#2748 = ORIENTED_EDGE ( 'NONE', *, *, #1349, .F. ) ;
#2749 = VERTEX_POINT ( 'NONE', #848 ) ;
#2750 = CARTESIAN_POINT ( 'NONE',  ( 0.000000000000000000, 1.300000000000000044, 0.000000000000000000 ) ) ;
#2751 = DIRECTION ( 'NONE',  ( -1.000000000000000000, 0.000000000000000000, 1.040834085586083310E-14 ) ) ;
#2752 = CARTESIAN_POINT ( 'NONE',  ( -6.000000000000000888, 0.000000000000000000, -4.000000000000000000 ) ) ;
#2753 = CARTESIAN_POINT ( 'NONE',  ( -0.7130014511457777315, 3.621320343559645494, -7.767343750000001101 ) ) ;
#2754 = AXIS2_PLACEMENT_3D ( 'NONE', #60, #1361, #2645 ) ;
#2755 = DIRECTION ( 'NONE',  ( 0.000000000000000000, -0.000000000000000000, 1.000000000000000000 ) ) ;
#2756 = CYLINDRICAL_SURFACE ( 'NONE', #418, 0.7500000000000002220 ) ;
#2757 = ORIENTED_EDGE ( 'NONE', *, *, #1727, .F. ) ;
#2758 = VERTEX_POINT ( 'NONE', #582 ) ;
#2759 = VECTOR ( 'NONE', #1168, 1000.000000000000000 ) ;
#2760 = AXIS2_PLACEMENT_3D ( 'NONE', #2872, #215, #1958 ) ;
#2761 = DIRECTION ( 'NONE',  ( 0.000000000000000000, 1.000000000000000000, -0.000000000000000000 ) ) ;
#2762 = CYLINDRICAL_SURFACE ( 'NONE', #3580, 0.7500000000000015543 ) ;
#2763 = CIRCLE ( 'NONE', #2556, 0.7500000000000006661 ) ;
#2764 = VECTOR ( 'NONE', #1729, 1000.000000000000000 ) ;
#2765 = VERTEX_POINT ( 'NONE', #3743 ) ;
#2766 = AXIS2_PLACEMENT_3D ( 'NONE', #3768, #1265, #3508 ) ;
#2767 = AXIS2_PLACEMENT_3D ( 'NONE', #3941, #380, #1679 ) ;
#2768 = LINE ( 'NONE', #1200, #2170 ) ;
#2769 = ORIENTED_EDGE ( 'NONE', *, *, #2218, .F. ) ;
#2770 = VECTOR ( 'NONE', #614, 1000.000000000000000 ) ;
#2771 = ORIENTED_EDGE ( 'NONE', *, *, #2792, .F. ) ;
#2772 = ADVANCED_FACE ( 'NONE', ( #2490 ), #1872, .T. ) ;
#2773 =( GEOMETRIC_REPRESENTATION_CONTEXT ( 3 ) GLOBAL_UNCERTAINTY_ASSIGNED_CONTEXT ( ( #650 ) ) GLOBAL_UNIT_ASSIGNED_CONTEXT ( ( #442, #1137, #461 ) ) REPRESENTATION_CONTEXT ( 'NONE', 'WORKASPACE' ) );
#2774 = EDGE_CURVE ( 'NONE', #903, #2333, #1431, .T. ) ;
#2775 = DIRECTION ( 'NONE',  ( 0.000000000000000000, 1.000000000000000000, 0.000000000000000000 ) ) ;
#2776 = FACE_OUTER_BOUND ( 'NONE', #3286, .T. ) ;
#2777 = PLANE ( 'NONE',  #1206 ) ;
#2778 = DIRECTION ( 'NONE',  ( -1.000000000000000000, 0.000000000000000000, 1.040834085586083310E-14 ) ) ;
#2779 = ORIENTED_EDGE ( 'NONE', *, *, #2914, .T. ) ;
#2780 = CARTESIAN_POINT ( 'NONE',  ( -6.000000000000000888, 3.621320343559645494, -3.249999999999999112 ) ) ;
#2781 = CIRCLE ( 'NONE', #1567, 0.7500000000000003331 ) ;
#2782 = CARTESIAN_POINT ( 'NONE',  ( -2.000000000000000444, 0.000000000000000000, -4.000000000000000000 ) ) ;
#2783 = DIRECTION ( 'NONE',  ( -0.000000000000000000, -1.000000000000000000, -0.000000000000000000 ) ) ;
#2784 = ORIENTED_EDGE ( 'NONE', *, *, #3534, .F. ) ;
#2785 = ADVANCED_FACE ( 'NONE', ( #867 ), #4138, .T. ) ;
#2786 = ORIENTED_EDGE ( 'NONE', *, *, #3546, .T. ) ;
#2787 = CIRCLE ( 'NONE', #280, 7.800000000000004263 ) ;
#2788 = CARTESIAN_POINT ( 'NONE',  ( 5.718151000632895276, 1.300000000000000044, -5.304973999367113890 ) ) ;
#2789 = CARTESIAN_POINT ( 'NONE',  ( -2.000000000000000444, 1.300000000000000044, -4.750000000000000888 ) ) ;
#2790 = CIRCLE ( 'NONE', #3395, 0.7500000000000002220 ) ;
#2791 = ORIENTED_EDGE ( 'NONE', *, *, #3302, .T. ) ;
#2792 = EDGE_CURVE ( 'NONE', #192, #3266, #2768, .T. ) ;
#2793 = DIRECTION ( 'NONE',  ( -0.000000000000000000, -1.000000000000000000, -0.000000000000000000 ) ) ;
#2794 = ORIENTED_EDGE ( 'NONE', *, *, #586, .F. ) ;
#2795 = EDGE_CURVE ( 'NONE', #887, #1682, #3784, .T. ) ;
#2796 = ORIENTED_EDGE ( 'NONE', *, *, #890, .F. ) ;
#2797 = CARTESIAN_POINT ( 'NONE',  ( 2.782089406222293171, 1.500000000000000000, 9.291941700265930137 ) ) ;
#2798 = DIRECTION ( 'NONE',  ( 0.000000000000000000, 0.000000000000000000, 1.000000000000000000 ) ) ;
#2799 = LINE ( 'NONE', #2060, #2759 ) ;
#2800 = CYLINDRICAL_SURFACE ( 'NONE', #117, 0.7500000000000002220 ) ;
#2801 = ADVANCED_FACE ( 'NONE', ( #1838 ), #207, .T. ) ;
#2802 = EDGE_CURVE ( 'NONE', #1382, #647, #3166, .T. ) ;
#2803 = CARTESIAN_POINT ( 'NONE',  ( -5.718151000632913039, 1.300000000000000044, -5.304973999367091686 ) ) ;
#2804 = DIRECTION ( 'NONE',  ( 0.000000000000000000, 0.000000000000000000, 1.000000000000000000 ) ) ;
#2805 = CARTESIAN_POINT ( 'NONE',  ( -1.396592535537253342E-14, 1.300000000000000044, -4.000000000000000000 ) ) ;
#2806 = CARTESIAN_POINT ( 'NONE',  ( -7.767343750000003766, 0.000000000000000000, -0.7130014511457506421 ) ) ;
#2807 = ORIENTED_EDGE ( 'NONE', *, *, #472, .F. ) ;
#2808 = ORIENTED_EDGE ( 'NONE', *, *, #4034, .F. ) ;
#2809 = DIRECTION ( 'NONE',  ( 0.000000000000000000, 0.000000000000000000, -1.000000000000000000 ) ) ;
#2810 = DIRECTION ( 'NONE',  ( -0.000000000000000000, -1.000000000000000000, -0.000000000000000000 ) ) ;
#2811 = VERTEX_POINT ( 'NONE', #1161 ) ;
#2812 = DIRECTION ( 'NONE',  ( 0.000000000000000000, 1.000000000000000000, 0.000000000000000000 ) ) ;
#2813 = EDGE_CURVE ( 'NONE', #1064, #850, #2155, .T. ) ;
#2814 = VERTEX_POINT ( 'NONE', #2212 ) ;
#2815 = CARTESIAN_POINT ( 'NONE',  ( 0.000000000000000000, 1.300000000000000044, 0.000000000000000000 ) ) ;
#2816 = CYLINDRICAL_SURFACE ( 'NONE', #4115, 0.7500000000000003331 ) ;
#2817 = PLANE ( 'NONE',  #3663 ) ;
#2818 = CARTESIAN_POINT ( 'NONE',  ( -3.999999999999979128, 3.621320343559645494, 2.000000000000042633 ) ) ;
#2819 = FACE_OUTER_BOUND ( 'NONE', #1662, .T. ) ;
#2820 = CARTESIAN_POINT ( 'NONE',  ( -5.999999999999958256, 1.300000000000000044, 3.250000000000064837 ) ) ;
#2821 = ORIENTED_EDGE ( 'NONE', *, *, #3404, .T. ) ;
#2822 = EDGE_LOOP ( 'NONE', ( #427, #1867, #68 ) ) ;
#2823 = EDGE_CURVE ( 'NONE', #192, #2697, #4186, .T. ) ;
#2824 = DIRECTION ( 'NONE',  ( -0.000000000000000000, -1.000000000000000000, -0.000000000000000000 ) ) ;
#2825 = CARTESIAN_POINT ( 'NONE',  ( -6.000000000000000000, 0.000000000000000000, 0.000000000000000000 ) ) ;
#2826 = ORIENTED_EDGE ( 'NONE', *, *, #804, .T. ) ;
#2827 = AXIS2_PLACEMENT_3D ( 'NONE', #2900, #900, #4107 ) ;
#2828 = CIRCLE ( 'NONE', #3163, 7.800000000000004263 ) ;
#2829 = AXIS2_PLACEMENT_3D ( 'NONE', #1606, #3807, #2876 ) ;
#2830 = PLANE ( 'NONE',  #64 ) ;
#2831 = VERTEX_POINT ( 'NONE', #1508 ) ;
#2832 = EDGE_CURVE ( 'NONE', #3096, #3074, #1890, .T. ) ;
#2833 = AXIS2_PLACEMENT_3D ( 'NONE', #3612, #3303, #401 ) ;
#2834 = CIRCLE ( 'NONE', #55, 7.800000000000004263 ) ;
#2835 = CARTESIAN_POINT ( 'NONE',  ( -5.999999999999958256, 3.621320343559645494, 4.750000000000061284 ) ) ;
#2836 = AXIS2_PLACEMENT_3D ( 'NONE', #1647, #3297, #393 ) ;
#2837 = CIRCLE ( 'NONE', #1423, 7.800000000000004263 ) ;
#2838 = DIRECTION ( 'NONE',  ( 0.000000000000000000, 0.000000000000000000, -1.000000000000000000 ) ) ;
#2839 = CARTESIAN_POINT ( 'NONE',  ( 6.000000000000000000, 0.000000000000000000, 0.000000000000000000 ) ) ;
#2840 = DIRECTION ( 'NONE',  ( 1.000000000000000000, 0.000000000000000000, -3.469446951953612611E-15 ) ) ;
#2841 = CARTESIAN_POINT ( 'NONE',  ( 6.000000000000000000, 0.000000000000000000, 1.249999999999999556 ) ) ;
#2842 = CARTESIAN_POINT ( 'NONE',  ( 0.000000000000000000, 1.300000000000000044, 0.000000000000000000 ) ) ;
#2843 = AXIS2_PLACEMENT_3D ( 'NONE', #1987, #2305, #3272 ) ;
#2844 = ORIENTED_EDGE ( 'NONE', *, *, #3731, .T. ) ;
#2845 = ORIENTED_EDGE ( 'NONE', *, *, #2684, .T. ) ;
#2846 = EDGE_CURVE ( 'NONE', #2944, #1483, #1525, .T. ) ;
#2847 = CYLINDRICAL_SURFACE ( 'NONE', #4182, 0.7500000000000002220 ) ;
#2848 = DIRECTION ( 'NONE',  ( -0.000000000000000000, -1.000000000000000000, -0.000000000000000000 ) ) ;
#2849 = ORIENTED_EDGE ( 'NONE', *, *, #1986, .T. ) ;
#2850 = AXIS2_PLACEMENT_3D ( 'NONE', #502, #4135, #3777 ) ;
#2851 = ADVANCED_FACE ( 'NONE', ( #2194 ), #2830, .T. ) ;
#2852 = EDGE_CURVE ( 'NONE', #3064, #1023, #2973, .T. ) ;
#2853 = EDGE_CURVE ( 'NONE', #2814, #3060, #3506, .T. ) ;
#2854 = DIRECTION ( 'NONE',  ( 0.000000000000000000, 1.000000000000000000, 0.000000000000000000 ) ) ;
#2855 = CIRCLE ( 'NONE', #283, 0.7499999999999981126 ) ;
#2856 = CARTESIAN_POINT ( 'NONE',  ( 0.000000000000000000, 0.000000000000000000, 0.000000000000000000 ) ) ;
#2857 = VERTEX_POINT ( 'NONE', #3500 ) ;
#2858 = ADVANCED_FACE ( 'NONE', ( #1564 ), #3759, .T. ) ;
#2859 = DIRECTION ( 'NONE',  ( 0.000000000000000000, 1.000000000000000000, 0.000000000000000000 ) ) ;
#2860 = CYLINDRICAL_SURFACE ( 'NONE', #1075, 0.7500000000000006661 ) ;
#2861 = LINE ( 'NONE', #2499, #897 ) ;
#2862 = PLANE ( 'NONE',  #260 ) ;
#2863 = DIRECTION ( 'NONE',  ( 0.000000000000000000, 0.000000000000000000, -1.000000000000000000 ) ) ;
#2864 = ORIENTED_EDGE ( 'NONE', *, *, #2661, .F. ) ;
#2865 = EDGE_CURVE ( 'NONE', #81, #3315, #3111, .T. ) ;
#2866 = ORIENTED_EDGE ( 'NONE', *, *, #841, .T. ) ;
#2867 = CARTESIAN_POINT ( 'NONE',  ( -5.999999999999958256, 1.300000000000000044, 4.750000000000062172 ) ) ;
#2868 = CARTESIAN_POINT ( 'NONE',  ( 3.999999999999993339, 1.300000000000000044, -1.250000000000013989 ) ) ;
#2869 = VERTEX_POINT ( 'NONE', #1645 ) ;
#2870 = EDGE_LOOP ( 'NONE', ( #1304, #1154 ) ) ;
#2871 = CARTESIAN_POINT ( 'NONE',  ( -2.000000000000000444, 3.621320343559645494, -4.750000000000000888 ) ) ;
#2872 = CARTESIAN_POINT ( 'NONE',  ( 6.000000000000000888, 1.300000000000000044, 4.000000000000000000 ) ) ;
#2873 = LINE ( 'NONE', #2591, #2712 ) ;
#2874 = EDGE_LOOP ( 'NONE', ( #3292, #3544, #1091, #3198 ) ) ;
#2875 = DIRECTION ( 'NONE',  ( 0.000000000000000000, 0.000000000000000000, -1.000000000000000000 ) ) ;
#2876 = DIRECTION ( 'NONE',  ( 0.000000000000000000, 0.000000000000000000, -1.000000000000000000 ) ) ;
#2877 = CARTESIAN_POINT ( 'NONE',  ( -4.000000000000000888, 0.000000000000000000, -4.000000000000000000 ) ) ;
#2878 = DIRECTION ( 'NONE',  ( 0.000000000000000000, 0.000000000000000000, -1.000000000000000000 ) ) ;
#2879 = CARTESIAN_POINT ( 'NONE',  ( -3.916655400733731529, 0.000000000000000000, 6.745354732844178081 ) ) ;
#2880 = VERTEX_POINT ( 'NONE', #2911 ) ;
#2881 = DIRECTION ( 'NONE',  ( 0.000000000000000000, 1.000000000000000000, 0.000000000000000000 ) ) ;
#2882 = CARTESIAN_POINT ( 'NONE',  ( -4.000000000000000000, 3.621320343559645494, 0.7500000000000003331 ) ) ;
#2883 = ORIENTED_EDGE ( 'NONE', *, *, #1141, .F. ) ;
#2884 = PLANE ( 'NONE',  #3588 ) ;
#2885 = DIRECTION ( 'NONE',  ( 0.000000000000000000, 0.000000000000000000, -1.000000000000000000 ) ) ;
#2886 = DIRECTION ( 'NONE',  ( 0.000000000000000000, 0.000000000000000000, -1.000000000000000000 ) ) ;
#2887 = ORIENTED_EDGE ( 'NONE', *, *, #1047, .F. ) ;
#2888 = PRODUCT ( 'spring+piezo', 'spring+piezo', '', ( #2336 ) ) ;
#2889 = CIRCLE ( 'NONE', #4041, 0.7499999999999984457 ) ;
#2890 = DIRECTION ( 'NONE',  ( -0.000000000000000000, -1.000000000000000000, -0.000000000000000000 ) ) ;
#2891 = FACE_OUTER_BOUND ( 'NONE', #320, .T. ) ;
#2892 = CIRCLE ( 'NONE', #668, 0.7500000000000006661 ) ;
#2893 = EDGE_CURVE ( 'NONE', #61, #1544, #1087, .T. ) ;
#2894 = EDGE_CURVE ( 'NONE', #3636, #168, #2709, .T. ) ;
#2895 = AXIS2_PLACEMENT_3D ( 'NONE', #2897, #2436, #2034 ) ;
#2896 = CIRCLE ( 'NONE', #1080, 0.7500000000000002220 ) ;
#2897 = CARTESIAN_POINT ( 'NONE',  ( -6.000000000000000000, 0.000000000000000000, -2.000000000000000000 ) ) ;
#2898 = CARTESIAN_POINT ( 'NONE',  ( 0.000000000000000000, 0.000000000000000000, 0.000000000000000000 ) ) ;
#2899 = ORIENTED_EDGE ( 'NONE', *, *, #212, .T. ) ;
#2900 = CARTESIAN_POINT ( 'NONE',  ( -6.000000000000000000, 3.621320343559645494, 0.000000000000000000 ) ) ;
#2901 = ORIENTED_EDGE ( 'NONE', *, *, #3900, .F. ) ;
#2902 = CIRCLE ( 'NONE', #3442, 0.7500000000000015543 ) ;
#2903 = STYLED_ITEM ( 'NONE', ( #2094 ), #2718 ) ;
#2905 = EDGE_CURVE ( 'NONE', #3615, #3893, #613, .T. ) ;
#2904 = DIRECTION ( 'NONE',  ( 0.000000000000000000, 1.000000000000000000, 0.000000000000000000 ) ) ;
#2906 = LINE ( 'NONE', #2882, #685 ) ;
#2907 = ORIENTED_EDGE ( 'NONE', *, *, #3976, .F. ) ;
#2908 = VECTOR ( 'NONE', #1771, 1000.000000000000000 ) ;
#2909 = DIRECTION ( 'NONE',  ( 0.000000000000000000, 0.000000000000000000, 1.000000000000000000 ) ) ;
#2910 = CYLINDRICAL_SURFACE ( 'NONE', #2694, 0.7500000000000002220 ) ;
#2911 = CARTESIAN_POINT ( 'NONE',  ( 7.687830187959646899, 0.000000000000000000, -1.318054248161437458 ) ) ;
#2912 = AXIS2_PLACEMENT_3D ( 'NONE', #3686, #762, #3370 ) ;
#2913 = ORIENTED_EDGE ( 'NONE', *, *, #79, .T. ) ;
#2914 = EDGE_CURVE ( 'NONE', #2869, #3134, #1256, .T. ) ;
#2915 = AXIS2_PLACEMENT_3D ( 'NONE', #234, #1190, #2517 ) ;
#2916 = DIRECTION ( 'NONE',  ( -1.000000000000000000, 0.000000000000000000, 1.040834085586083310E-14 ) ) ;
#2917 = ADVANCED_FACE ( 'NONE', ( #3223 ), #694, .T. ) ;
#2918 = DIRECTION ( 'NONE',  ( 0.000000000000000000, 0.000000000000000000, -1.000000000000000000 ) ) ;
#2919 = DIRECTION ( 'NONE',  ( 0.000000000000000000, 1.000000000000000000, 0.000000000000000000 ) ) ;
#2920 = DIRECTION ( 'NONE',  ( 0.000000000000000000, 1.000000000000000000, 0.000000000000000000 ) ) ;
#2921 = ORIENTED_EDGE ( 'NONE', *, *, #593, .F. ) ;
#2922 = DIRECTION ( 'NONE',  ( 0.000000000000000000, 1.000000000000000000, 0.000000000000000000 ) ) ;
#2923 = EDGE_LOOP ( 'NONE', ( #1441, #3262 ) ) ;
#2924 = ADVANCED_FACE ( 'NONE', ( #643 ), #3837, .T. ) ;
#2925 = DIRECTION ( 'NONE',  ( 0.000000000000000000, 1.000000000000000000, 0.000000000000000000 ) ) ;
#2926 = LINE ( 'NONE', #3549, #1363 ) ;
#2927 = EDGE_LOOP ( 'NONE', ( #3336, #3944 ) ) ;
#2928 = VERTEX_POINT ( 'NONE', #1625 ) ;
#2929 = FACE_OUTER_BOUND ( 'NONE', #1856, .T. ) ;
#2930 = CARTESIAN_POINT ( 'NONE',  ( 7.687830187959646899, 3.621320343559645494, -1.318054248161437458 ) ) ;
#2931 = DIRECTION ( 'NONE',  ( -1.000000000000000000, 0.000000000000000000, 1.040834085586083310E-14 ) ) ;
#2932 = ORIENTED_EDGE ( 'NONE', *, *, #1969, .T. ) ;
#2933 = DIRECTION ( 'NONE',  ( 0.000000000000000000, 1.000000000000000000, 0.000000000000000000 ) ) ;
#2934 = DIRECTION ( 'NONE',  ( 0.000000000000000000, 1.000000000000000000, 0.000000000000000000 ) ) ;
#2935 = ORIENTED_EDGE ( 'NONE', *, *, #279, .F. ) ;
#2936 = ORIENTED_EDGE ( 'NONE', *, *, #1402, .F. ) ;
#2937 = CYLINDRICAL_SURFACE ( 'NONE', #1822, 9.699494936611660734 ) ;
#2938 = CARTESIAN_POINT ( 'NONE',  ( -3.999999999999937828, 3.621320343559645494, 6.000000000000042633 ) ) ;
#2939 = ORIENTED_EDGE ( 'NONE', *, *, #2823, .T. ) ;
#2940 = LINE ( 'NONE', #2996, #809 ) ;
#2941 = EDGE_LOOP ( 'NONE', ( #2794, #1100, #3853, #1175 ) ) ;
#2942 = CARTESIAN_POINT ( 'NONE',  ( 2.999999999999995559, 0.000000000000000000, 7.200000000000006395 ) ) ;
#2943 = CARTESIAN_POINT ( 'NONE',  ( -6.000000000000000888, 1.300000000000000044, -4.000000000000000000 ) ) ;
#2944 = VERTEX_POINT ( 'NONE', #6 ) ;
#2945 = EDGE_LOOP ( 'NONE', ( #1499, #3798 ) ) ;
#2946 = EDGE_CURVE ( 'NONE', #1993, #3082, #3248, .T. ) ;
#2947 = DIRECTION ( 'NONE',  ( -0.000000000000000000, -1.000000000000000000, -0.000000000000000000 ) ) ;
#2948 = DIRECTION ( 'NONE',  ( 1.000000000000000000, 0.000000000000000000, -3.469446951953611033E-15 ) ) ;
#2949 = DIRECTION ( 'NONE',  ( 0.000000000000000000, 0.000000000000000000, 1.000000000000000000 ) ) ;
#2950 = VERTEX_POINT ( 'NONE', #3269 ) ;
#2951 = EDGE_LOOP ( 'NONE', ( #4049, #1332, #2525, #3035 ) ) ;
#2952 = AXIS2_PLACEMENT_3D ( 'NONE', #3116, #2380, #838 ) ;
#2953 = CARTESIAN_POINT ( 'NONE',  ( 1.999999999999979128, 1.300000000000000044, -6.000000000000007105 ) ) ;
#2954 = DIRECTION ( 'NONE',  ( 0.000000000000000000, 1.000000000000000000, 0.000000000000000000 ) ) ;
#2955 = EDGE_CURVE ( 'NONE', #843, #1211, #2873, .T. ) ;
#2956 = VERTEX_POINT ( 'NONE', #369 ) ;
#2957 = ORIENTED_EDGE ( 'NONE', *, *, #445, .F. ) ;
#2958 = AXIS2_PLACEMENT_3D ( 'NONE', #431, #3638, #3939 ) ;
#2959 = DIRECTION ( 'NONE',  ( 0.000000000000000000, -0.000000000000000000, 1.000000000000000000 ) ) ;
#2960 = DIRECTION ( 'NONE',  ( 0.000000000000000000, -0.000000000000000000, 1.000000000000000000 ) ) ;
#2961 = CIRCLE ( 'NONE', #2492, 0.7500000000000003331 ) ;
#2962 = CIRCLE ( 'NONE', #1140, 0.7500000000000006661 ) ;
#2963 = DIRECTION ( 'NONE',  ( -0.1036060842594565823, 0.000000000000000000, 0.9946184088907776832 ) ) ;
#2964 = ORIENTED_EDGE ( 'NONE', *, *, #752, .F. ) ;
#2965 = EDGE_CURVE ( 'NONE', #596, #1249, #141, .T. ) ;
#2966 = AXIS2_PLACEMENT_3D ( 'NONE', #1446, #1106, #1083 ) ;
#2967 = AXIS2_PLACEMENT_3D ( 'NONE', #780, #109, #3572 ) ;
#2968 = CARTESIAN_POINT ( 'NONE',  ( -7.687830187959651340, 0.000000000000000000, -1.318054248161409703 ) ) ;
#2969 = FACE_OUTER_BOUND ( 'NONE', #1674, .T. ) ;
#2970 = ORIENTED_EDGE ( 'NONE', *, *, #2853, .T. ) ;
#2971 = EDGE_CURVE ( 'NONE', #2522, #3998, #1897, .T. ) ;
#2972 = ORIENTED_EDGE ( 'NONE', *, *, #3522, .T. ) ;
#2973 = CIRCLE ( 'NONE', #2435, 7.800000000000004263 ) ;
#2974 = DIRECTION ( 'NONE',  ( 0.000000000000000000, 1.000000000000000000, 0.000000000000000000 ) ) ;
#2975 = CARTESIAN_POINT ( 'NONE',  ( 0.000000000000000000, 1.300000000000000044, 0.000000000000000000 ) ) ;
#2976 = CARTESIAN_POINT ( 'NONE',  ( -4.000000000000000000, 3.621320343559645494, -1.250000000000001554 ) ) ;
#2977 = CYLINDRICAL_SURFACE ( 'NONE', #3178, 0.7500000000000015543 ) ;
#2978 = EDGE_LOOP ( 'NONE', ( #1830, #2769, #2866, #1793 ) ) ;
#2979 = EDGE_CURVE ( 'NONE', #4093, #2333, #670, .T. ) ;
#2980 = ORIENTED_EDGE ( 'NONE', *, *, #1584, .F. ) ;
#2981 = EDGE_CURVE ( 'NONE', #1212, #2340, #1664, .T. ) ;
#2982 = EDGE_CURVE ( 'NONE', #1874, #2567, #3204, .T. ) ;
#2983 = VECTOR ( 'NONE', #3795, 1000.000000000000000 ) ;
#2984 = CARTESIAN_POINT ( 'NONE',  ( 0.000000000000000000, 1.300000000000000044, 0.000000000000000000 ) ) ;
#2985 = LINE ( 'NONE', #675, #1615 ) ;
#2986 = EDGE_CURVE ( 'NONE', #810, #2508, #2374, .T. ) ;
#2987 = EDGE_LOOP ( 'NONE', ( #1711, #3271 ) ) ;
#2988 = ORIENTED_EDGE ( 'NONE', *, *, #3592, .T. ) ;
#2989 = AXIS2_PLACEMENT_3D ( 'NONE', #592, #4130, #3811 ) ;
#2990 = ADVANCED_FACE ( 'NONE', ( #2571 ), #1601, .T. ) ;
#2991 = PRODUCT_DEFINITION ( 'UNKNOWN', '', #4069, #4085 ) ;
#2992 = FACE_OUTER_BOUND ( 'NONE', #1717, .T. ) ;
#2993 = CARTESIAN_POINT ( 'NONE',  ( 3.916655400733766168, 3.621320343559645494, -6.745354732844157652 ) ) ;
#2994 = CIRCLE ( 'NONE', #1571, 0.7500000000000002220 ) ;
#2995 = EDGE_LOOP ( 'NONE', ( #3393, #1177, #3043, #3644 ) ) ;
#2996 = CARTESIAN_POINT ( 'NONE',  ( -4.000000000000000888, 3.621320343559645494, -3.249999999999999112 ) ) ;
#2997 = ORIENTED_EDGE ( 'NONE', *, *, #428, .F. ) ;
#2998 = CYLINDRICAL_SURFACE ( 'NONE', #2967, 0.7500000000000015543 ) ;
#2999 = CYLINDRICAL_SURFACE ( 'NONE', #3654, 0.7499999999999984457 ) ;
#3000 = ADVANCED_FACE ( 'NONE', ( #2607 ), #3897, .F. ) ;
#3001 = VERTEX_POINT ( 'NONE', #457 ) ;
#3002 = ORIENTED_EDGE ( 'NONE', *, *, #2329, .F. ) ;
#3003 = DIRECTION ( 'NONE',  ( 0.000000000000000000, 1.000000000000000000, 0.000000000000000000 ) ) ;
#3004 = LINE ( 'NONE', #712, #531 ) ;
#3005 = DIRECTION ( 'NONE',  ( -0.000000000000000000, -1.000000000000000000, -0.000000000000000000 ) ) ;
#3006 = VERTEX_POINT ( 'NONE', #162 ) ;
#3007 = DIRECTION ( 'NONE',  ( -0.000000000000000000, -1.000000000000000000, -0.000000000000000000 ) ) ;
#3008 = DIRECTION ( 'NONE',  ( 0.000000000000000000, 0.000000000000000000, 1.000000000000000000 ) ) ;
#3009 = ORIENTED_EDGE ( 'NONE', *, *, #3408, .F. ) ;
#3010 = CYLINDRICAL_SURFACE ( 'NONE', #884, 0.7500000000000015543 ) ;
#3011 = DIRECTION ( 'NONE',  ( -1.000000000000000000, 0.000000000000000000, 1.040834085586083310E-14 ) ) ;
#3012 = CARTESIAN_POINT ( 'NONE',  ( 0.000000000000000000, 1.300000000000000044, 0.000000000000000000 ) ) ;
#3013 = EDGE_LOOP ( 'NONE', ( #3832, #699, #135, #3918 ) ) ;
#3014 = LINE ( 'NONE', #1703, #3564 ) ;
#3015 = DIRECTION ( 'NONE',  ( 0.000000000000000000, 0.000000000000000000, -1.000000000000000000 ) ) ;
#3016 = VERTEX_POINT ( 'NONE', #2002 ) ;
#3017 = ORIENTED_EDGE ( 'NONE', *, *, #976, .T. ) ;
#3018 = CARTESIAN_POINT ( 'NONE',  ( 5.999999999999986677, 3.621320343559645494, -4.000000000000022204 ) ) ;
#3019 = FACE_OUTER_BOUND ( 'NONE', #1735, .T. ) ;
#3020 = DIRECTION ( 'NONE',  ( -0.000000000000000000, -1.000000000000000000, -0.000000000000000000 ) ) ;
#3021 = VERTEX_POINT ( 'NONE', #2729 ) ;
#3022 = DIRECTION ( 'NONE',  ( 0.000000000000000000, 0.000000000000000000, 1.000000000000000000 ) ) ;
#3023 = ORIENTED_EDGE ( 'NONE', *, *, #1196, .T. ) ;
#3024 = VERTEX_POINT ( 'NONE', #1117 ) ;
#3025 = CARTESIAN_POINT ( 'NONE',  ( 0.7130014511457235526, 0.000000000000000000, -7.767343750000006430 ) ) ;
#3026 = CARTESIAN_POINT ( 'NONE',  ( -6.000000000000000000, 1.300000000000000044, -2.000000000000000000 ) ) ;
#3027 = FACE_OUTER_BOUND ( 'NONE', #771, .T. ) ;
#3028 = ADVANCED_FACE ( 'NONE', ( #2405 ), #769, .T. ) ;
#3029 = CARTESIAN_POINT ( 'NONE',  ( -4.000000000000000000, 1.300000000000000044, 0.7500000000000003331 ) ) ;
#3030 = EDGE_CURVE ( 'NONE', #3016, #3970, #1432, .T. ) ;
#3031 = AXIS2_PLACEMENT_3D ( 'NONE', #3614, #1720, #14 ) ;
#3032 = CARTESIAN_POINT ( 'NONE',  ( -6.000000000000000000, 0.000000000000000000, -0.7500000000000003331 ) ) ;
#3033 = DIRECTION ( 'NONE',  ( 0.000000000000000000, 0.000000000000000000, 1.000000000000000000 ) ) ;
#3034 = ORIENTED_EDGE ( 'NONE', *, *, #2152, .F. ) ;
#3035 = ORIENTED_EDGE ( 'NONE', *, *, #1220, .F. ) ;
#3036 = CIRCLE ( 'NONE', #3497, 0.7500000000000002220 ) ;
#3037 = VECTOR ( 'NONE', #786, 1000.000000000000000 ) ;
#3038 = EDGE_CURVE ( 'NONE', #3998, #4158, #3050, .T. ) ;
#3039 = AXIS2_PLACEMENT_3D ( 'NONE', #1907, #2479, #2804 ) ;
#3040 = CIRCLE ( 'NONE', #672, 0.7499999999999988898 ) ;
#3041 = DIRECTION ( 'NONE',  ( 0.000000000000000000, 1.000000000000000000, -0.000000000000000000 ) ) ;
#3042 = DIRECTION ( 'NONE',  ( 0.000000000000000000, 1.000000000000000000, -0.000000000000000000 ) ) ;
#3043 = ORIENTED_EDGE ( 'NONE', *, *, #2795, .T. ) ;
#3044 = VECTOR ( 'NONE', #169, 1000.000000000000000 ) ;
#3045 = DIRECTION ( 'NONE',  ( 0.000000000000000000, 1.000000000000000000, 0.000000000000000000 ) ) ;
#3046 = AXIS2_PLACEMENT_3D ( 'NONE', #2430, #423, #1733 ) ;
#3047 = EDGE_CURVE ( 'NONE', #1074, #1540, #3383, .T. ) ;
#3048 = ORIENTED_EDGE ( 'NONE', *, *, #279, .T. ) ;
#3049 = ORIENTED_EDGE ( 'NONE', *, *, #2228, .F. ) ;
#3050 = CIRCLE ( 'NONE', #1155, 0.7499999999999988898 ) ;
#3051 = DIRECTION ( 'NONE',  ( 0.000000000000000000, 1.000000000000000000, 0.000000000000000000 ) ) ;
#3052 = CARTESIAN_POINT ( 'NONE',  ( 4.000000000000000000, 3.621320343559645494, 0.7500000000000003331 ) ) ;
#3053 = CARTESIAN_POINT ( 'NONE',  ( 0.000000000000000000, 1.300000000000000044, -7.800000000000004263 ) ) ;
#3054 = AXIS2_PLACEMENT_3D ( 'NONE', #1812, #565, #1855 ) ;
#3055 = CARTESIAN_POINT ( 'NONE',  ( -3.999999999999937828, 0.000000000000000000, 6.000000000000042633 ) ) ;
#3056 = CIRCLE ( 'NONE', #348, 0.7500000000000015543 ) ;
#3057 = LINE ( 'NONE', #3705, #3557 ) ;
#3058 = LINE ( 'NONE', #2400, #2643 ) ;
#3059 = ORIENTED_EDGE ( 'NONE', *, *, #4013, .T. ) ;
#3060 = VERTEX_POINT ( 'NONE', #2089 ) ;
#3061 = CIRCLE ( 'NONE', #1229, 0.7500000000000006661 ) ;
#3062 = LINE ( 'NONE', #161, #3498 ) ;
#3063 = FACE_OUTER_BOUND ( 'NONE', #2874, .T. ) ;
#3064 = VERTEX_POINT ( 'NONE', #3947 ) ;
#3065 = DIRECTION ( 'NONE',  ( 0.000000000000000000, 1.000000000000000000, 0.000000000000000000 ) ) ;
#3066 = ORIENTED_EDGE ( 'NONE', *, *, #2294, .F. ) ;
#3067 = ORIENTED_EDGE ( 'NONE', *, *, #1921, .F. ) ;
#3068 = CARTESIAN_POINT ( 'NONE',  ( 0.000000000000000000, 0.000000000000000000, 0.000000000000000000 ) ) ;
#3069 = LINE ( 'NONE', #3052, #2615 ) ;
#3070 = CARTESIAN_POINT ( 'NONE',  ( 4.000000000000000000, 0.000000000000000000, 2.000000000000000000 ) ) ;
#3071 = CARTESIAN_POINT ( 'NONE',  ( -6.000000000000000888, 1.300000000000000044, -4.000000000000000000 ) ) ;
#3072 = CARTESIAN_POINT ( 'NONE',  ( -4.000000000000000888, 1.300000000000000044, -4.750000000000001776 ) ) ;
#3073 = CARTESIAN_POINT ( 'NONE',  ( -5.304973999367032178, 3.621320343559645494, 5.718151000632968994 ) ) ;
#3074 = VERTEX_POINT ( 'NONE', #1413 ) ;
#3075 = VERTEX_POINT ( 'NONE', #4011 ) ;
#3076 = CARTESIAN_POINT ( 'NONE',  ( -3.999999999999979128, 3.621320343559645494, 2.750000000000042633 ) ) ;
#3077 = DIRECTION ( 'NONE',  ( 0.000000000000000000, 0.000000000000000000, -1.000000000000000000 ) ) ;
#3078 = ORIENTED_EDGE ( 'NONE', *, *, #3739, .T. ) ;
#3079 = ADVANCED_FACE ( 'NONE', ( #1730 ), #2339, .T. ) ;
#3080 = DIRECTION ( 'NONE',  ( 0.000000000000000000, 1.000000000000000000, 0.000000000000000000 ) ) ;
#3081 = VERTEX_POINT ( 'NONE', #1374 ) ;
#3082 = VERTEX_POINT ( 'NONE', #2425 ) ;
#3083 = ADVANCED_FACE ( 'NONE', ( #3691 ), #1439, .T. ) ;
#3084 = DIRECTION ( 'NONE',  ( 0.000000000000000000, -0.000000000000000000, 1.000000000000000000 ) ) ;
#3085 = DIRECTION ( 'NONE',  ( 0.000000000000000000, 1.000000000000000000, 0.000000000000000000 ) ) ;
#3086 = DIRECTION ( 'NONE',  ( -0.000000000000000000, -1.000000000000000000, -0.000000000000000000 ) ) ;
#3087 = ORIENTED_EDGE ( 'NONE', *, *, #2673, .F. ) ;
#3088 = ORIENTED_EDGE ( 'NONE', *, *, #3126, .T. ) ;
#3089 = AXIS2_PLACEMENT_3D ( 'NONE', #1147, #2439, #1430 ) ;
#3090 = CARTESIAN_POINT ( 'NONE',  ( 3.999999999999979128, 0.000000000000000000, -6.000000000000015099 ) ) ;
#3091 = AXIS2_PLACEMENT_3D ( 'NONE', #2455, #2689, #3748 ) ;
#3092 = DIRECTION ( 'NONE',  ( 0.000000000000000000, 1.000000000000000000, 0.000000000000000000 ) ) ;
#3093 = DIRECTION ( 'NONE',  ( -0.000000000000000000, -1.000000000000000000, -0.000000000000000000 ) ) ;
#3094 = ORIENTED_EDGE ( 'NONE', *, *, #3797, .F. ) ;
#3095 = ADVANCED_FACE ( 'NONE', ( #1688 ), #3994, .T. ) ;
#3096 = VERTEX_POINT ( 'NONE', #1747 ) ;
#3097 = VECTOR ( 'NONE', #1884, 1000.000000000000000 ) ;
#3098 = ADVANCED_FACE ( 'NONE', ( #3675 ), #2977, .T. ) ;
#3099 = CARTESIAN_POINT ( 'NONE',  ( 1.187845542746743048E-15, 0.000000000000000000, 9.699494936611660734 ) ) ;
#3100 = CARTESIAN_POINT ( 'NONE',  ( -4.000000000000000888, 0.000000000000000000, -4.000000000000000000 ) ) ;
#3101 = AXIS2_PLACEMENT_3D ( 'NONE', #2397, #3683, #151 ) ;
#3102 = EDGE_LOOP ( 'NONE', ( #1893, #3959 ) ) ;
#3103 = AXIS2_PLACEMENT_3D ( 'NONE', #249, #899, #2840 ) ;
#3104 = AXIS2_PLACEMENT_3D ( 'NONE', #1594, #4194, #922 ) ;
#3105 = DIRECTION ( 'NONE',  ( 0.000000000000000000, 1.000000000000000000, 0.000000000000000000 ) ) ;
#3106 = EDGE_CURVE ( 'NONE', #458, #919, #1072, .T. ) ;
#3107 = EDGE_CURVE ( 'NONE', #2056, #1114, #96, .T. ) ;
#3108 = ORIENTED_EDGE ( 'NONE', *, *, #1547, .T. ) ;
#3109 = CIRCLE ( 'NONE', #606, 0.7500000000000006661 ) ;
#3110 = ORIENTED_EDGE ( 'NONE', *, *, #677, .F. ) ;
#3111 = CIRCLE ( 'NONE', #1281, 0.7500000000000002220 ) ;
#3112 = LINE ( 'NONE', #4100, #3786 ) ;
#3113 = EDGE_CURVE ( 'NONE', #825, #903, #1391, .T. ) ;
#3114 = CARTESIAN_POINT ( 'NONE',  ( 8.000000000000000000, 0.000000000000000000, 2.000000000000000000 ) ) ;
#3115 = DIRECTION ( 'NONE',  ( 0.000000000000000000, 1.000000000000000000, 0.000000000000000000 ) ) ;
#3116 = CARTESIAN_POINT ( 'NONE',  ( -2.000000000000000888, 1.300000000000000044, -6.000000000000000000 ) ) ;
#3117 = CIRCLE ( 'NONE', #3719, 0.7500000000000006661 ) ;
#3118 = ADVANCED_FACE ( 'NONE', ( #3063 ), #3339, .T. ) ;
#3119 = DIRECTION ( 'NONE',  ( 0.000000000000000000, 1.000000000000000000, 0.000000000000000000 ) ) ;
#3120 = CIRCLE ( 'NONE', #2113, 9.699494936611660734 ) ;
#3121 = CARTESIAN_POINT ( 'NONE',  ( 1.999999999999979128, 0.000000000000000000, -5.250000000000006217 ) ) ;
#3122 = CARTESIAN_POINT ( 'NONE',  ( -5.999999999999979572, 1.300000000000000044, 2.000000000000063949 ) ) ;
#3123 = ORIENTED_EDGE ( 'NONE', *, *, #3822, .T. ) ;
#3124 = EDGE_LOOP ( 'NONE', ( #1031, #3907 ) ) ;
#3125 = CIRCLE ( 'NONE', #956, 0.7500000000000002220 ) ;
#3126 = EDGE_CURVE ( 'NONE', #522, #2411, #2071, .T. ) ;
#3127 = DIRECTION ( 'NONE',  ( 1.000000000000000000, 0.000000000000000000, -3.469446951953619316E-15 ) ) ;
#3128 = DIRECTION ( 'NONE',  ( 0.000000000000000000, 0.000000000000000000, -1.000000000000000000 ) ) ;
#3129 = ORIENTED_EDGE ( 'NONE', *, *, #644, .T. ) ;
#3130 = CARTESIAN_POINT ( 'NONE',  ( 6.000000000000000888, 1.300000000000000044, 4.000000000000000000 ) ) ;
#3131 = ORIENTED_EDGE ( 'NONE', *, *, #2986, .F. ) ;
#3132 = DIRECTION ( 'NONE',  ( -0.000000000000000000, -1.000000000000000000, -0.000000000000000000 ) ) ;
#3133 = PLANE ( 'NONE',  #3904 ) ;
#3134 = VERTEX_POINT ( 'NONE', #1834 ) ;
#3135 = EDGE_CURVE ( 'NONE', #3388, #2340, #3117, .T. ) ;
#3136 = CARTESIAN_POINT ( 'NONE',  ( 6.000000000000000000, 1.300000000000000044, 2.000000000000000000 ) ) ;
#3137 = FACE_OUTER_BOUND ( 'NONE', #4080, .T. ) ;
#3138 = DIRECTION ( 'NONE',  ( 0.000000000000000000, 1.000000000000000000, 0.000000000000000000 ) ) ;
#3139 = LINE ( 'NONE', #534, #3793 ) ;
#3140 = EDGE_LOOP ( 'NONE', ( #4136, #832 ) ) ;
#3141 = EDGE_LOOP ( 'NONE', ( #3533, #2213 ) ) ;
#3142 = DIRECTION ( 'NONE',  ( 0.000000000000000000, 1.000000000000000000, 0.000000000000000000 ) ) ;
#3143 = DIRECTION ( 'NONE',  ( -0.000000000000000000, -1.000000000000000000, -0.000000000000000000 ) ) ;
#3144 = VERTEX_POINT ( 'NONE', #4057 ) ;
#3145 = DIRECTION ( 'NONE',  ( -0.000000000000000000, -1.000000000000000000, -0.000000000000000000 ) ) ;
#3146 = VERTEX_POINT ( 'NONE', #2789 ) ;
#3147 = CARTESIAN_POINT ( 'NONE',  ( 2.999999999999995559, 1.500000000000000000, 7.200000000000006395 ) ) ;
#3148 = FACE_OUTER_BOUND ( 'NONE', #1839, .T. ) ;
#3149 = FACE_BOUND ( 'NONE', #1593, .T. ) ;
#3150 = PLANE ( 'NONE',  #2766 ) ;
#3151 = CARTESIAN_POINT ( 'NONE',  ( 0.000000000000000000, 1.300000000000000044, 0.000000000000000000 ) ) ;
#3152 = DIRECTION ( 'NONE',  ( 0.000000000000000000, 1.000000000000000000, 0.000000000000000000 ) ) ;
#3153 = EDGE_CURVE ( 'NONE', #1269, #3134, #1283, .T. ) ;
#3154 = EDGE_CURVE ( 'NONE', #3382, #2613, #1832, .T. ) ;
#3155 = EDGE_CURVE ( 'NONE', #764, #1236, #1523, .T. ) ;
#3156 = ORIENTED_EDGE ( 'NONE', *, *, #2666, .T. ) ;
#3157 = ORIENTED_EDGE ( 'NONE', *, *, #847, .T. ) ;
#3158 = VECTOR ( 'NONE', #1719, 1000.000000000000000 ) ;
#3159 = DIRECTION ( 'NONE',  ( 0.000000000000000000, 1.000000000000000000, 0.000000000000000000 ) ) ;
#3160 = CARTESIAN_POINT ( 'NONE',  ( 4.000000000000000888, 3.621320343559645494, 4.750000000000000888 ) ) ;
#3161 = ORIENTED_EDGE ( 'NONE', *, *, #3583, .F. ) ;
#3162 = VECTOR ( 'NONE', #3810, 1000.000000000000000 ) ;
#3163 = AXIS2_PLACEMENT_3D ( 'NONE', #1609, #2035, #680 ) ;
#3164 = ADVANCED_FACE ( 'NONE', ( #865 ), #241, .T. ) ;
#3165 = CIRCLE ( 'NONE', #998, 0.7500000000000002220 ) ;
#3166 = LINE ( 'NONE', #3818, #2630 ) ;
#3167 = EDGE_LOOP ( 'NONE', ( #120, #973, #1931, #2330 ) ) ;
#3168 = VECTOR ( 'NONE', #3884, 1000.000000000000000 ) ;
#3169 = VECTOR ( 'NONE', #4094, 1000.000000000000000 ) ;
#3170 = DIRECTION ( 'NONE',  ( -0.000000000000000000, -1.000000000000000000, -0.000000000000000000 ) ) ;
#3171 = ADVANCED_FACE ( 'NONE', ( #1504 ), #580, .T. ) ;
#3172 = CIRCLE ( 'NONE', #3844, 0.7500000000000002220 ) ;
#3173 = DIRECTION ( 'NONE',  ( -0.000000000000000000, -1.000000000000000000, -0.000000000000000000 ) ) ;
#3174 = AXIS2_PLACEMENT_3D ( 'NONE', #2856, #2812, #3804 ) ;
#3175 = CARTESIAN_POINT ( 'NONE',  ( -5.999999999999937828, 0.000000000000000000, 6.000000000000063061 ) ) ;
#3176 = DIRECTION ( 'NONE',  ( -0.000000000000000000, -1.000000000000000000, -0.000000000000000000 ) ) ;
#3177 = CARTESIAN_POINT ( 'NONE',  ( 6.000000000000000000, 1.300000000000000044, 2.750000000000000888 ) ) ;
#3178 = AXIS2_PLACEMENT_3D ( 'NONE', #1710, #3969, #2389 ) ;
#3179 = ORIENTED_EDGE ( 'NONE', *, *, #2905, .F. ) ;
#3180 = EDGE_LOOP ( 'NONE', ( #1786, #2932 ) ) ;
#3181 = VECTOR ( 'NONE', #1785, 1000.000000000000000 ) ;
#3182 = DIRECTION ( 'NONE',  ( 0.000000000000000000, 0.000000000000000000, 1.000000000000000000 ) ) ;
#3183 = DIRECTION ( 'NONE',  ( 0.000000000000000000, -0.000000000000000000, 1.000000000000000000 ) ) ;
#3184 = EDGE_LOOP ( 'NONE', ( #4079, #1960, #1500, #412 ) ) ;
#3185 = AXIS2_PLACEMENT_3D ( 'NONE', #1264, #898, #877 ) ;
#3186 = ORIENTED_EDGE ( 'NONE', *, *, #3404, .F. ) ;
#3187 = FACE_OUTER_BOUND ( 'NONE', #1252, .T. ) ;
#3188 = AXIS2_PLACEMENT_3D ( 'NONE', #1070, #1096, #3673 ) ;
#3189 = CARTESIAN_POINT ( 'NONE',  ( -2.000000000000000888, 3.621320343559645494, -6.000000000000000000 ) ) ;
#3190 = DIRECTION ( 'NONE',  ( -0.000000000000000000, -1.000000000000000000, -0.000000000000000000 ) ) ;
#3191 = EDGE_LOOP ( 'NONE', ( #339, #4008, #3589 ) ) ;
#3192 = CIRCLE ( 'NONE', #4, 7.800000000000004263 ) ;
#3193 = CARTESIAN_POINT ( 'NONE',  ( 1.999999999999979128, 3.621320343559645494, -5.250000000000006217 ) ) ;
#3194 = DIRECTION ( 'NONE',  ( 0.000000000000000000, 1.000000000000000000, 0.000000000000000000 ) ) ;
#3195 = CARTESIAN_POINT ( 'NONE',  ( 7.767343750000003766, 0.000000000000000000, 0.7130014511457506421 ) ) ;
#3196 = DIRECTION ( 'NONE',  ( 0.000000000000000000, 0.000000000000000000, 1.000000000000000000 ) ) ;
#3197 = DIRECTION ( 'NONE',  ( -0.000000000000000000, -1.000000000000000000, -0.000000000000000000 ) ) ;
#3198 = ORIENTED_EDGE ( 'NONE', *, *, #2461, .F. ) ;
#3199 = DIRECTION ( 'NONE',  ( 0.000000000000000000, 1.000000000000000000, -0.000000000000000000 ) ) ;
#3200 = CARTESIAN_POINT ( 'NONE',  ( 0.000000000000000000, 1.300000000000000044, 0.000000000000000000 ) ) ;
#3201 = EDGE_LOOP ( 'NONE', ( #1435, #1139 ) ) ;
#3202 = DIRECTION ( 'NONE',  ( -0.000000000000000000, -1.000000000000000000, -0.000000000000000000 ) ) ;
#3203 = FACE_OUTER_BOUND ( 'NONE', #2147, .T. ) ;
#3204 = LINE ( 'NONE', #4179, #3576 ) ;
#3205 = ADVANCED_FACE ( 'NONE', ( #517 ), #205, .T. ) ;
#3206 = VERTEX_POINT ( 'NONE', #4076 ) ;
#3207 = EDGE_CURVE ( 'NONE', #2135, #1701, #826, .T. ) ;
#3208 = DIRECTION ( 'NONE',  ( 0.000000000000000000, 0.000000000000000000, 1.000000000000000000 ) ) ;
#3209 = FACE_OUTER_BOUND ( 'NONE', #2647, .T. ) ;
#3210 = EDGE_CURVE ( 'NONE', #3411, #2411, #2304, .T. ) ;
#3211 = EDGE_CURVE ( 'NONE', #2189, #284, #3925, .T. ) ;
#3212 = DIRECTION ( 'NONE',  ( 0.000000000000000000, 0.000000000000000000, -1.000000000000000000 ) ) ;
#3213 = DIRECTION ( 'NONE',  ( 0.000000000000000000, 0.000000000000000000, -1.000000000000000000 ) ) ;
#3214 = DIRECTION ( 'NONE',  ( 0.000000000000000000, 0.000000000000000000, 1.000000000000000000 ) ) ;
#3215 = ORIENTED_EDGE ( 'NONE', *, *, #3902, .F. ) ;
#3216 = PLANE ( 'NONE',  #3439 ) ;
#3217 = DIRECTION ( 'NONE',  ( 0.000000000000000000, 0.000000000000000000, 1.000000000000000000 ) ) ;
#3218 = EDGE_CURVE ( 'NONE', #810, #2231, #4114, .T. ) ;
#3219 = ORIENTED_EDGE ( 'NONE', *, *, #3155, .F. ) ;
#3220 = ADVANCED_FACE ( 'NONE', ( #3458 ), #3476, .T. ) ;
#3221 = CARTESIAN_POINT ( 'NONE',  ( -2.085703952312274877E-14, 0.000000000000000000, -5.249999999999999112 ) ) ;
#3222 = CYLINDRICAL_SURFACE ( 'NONE', #2287, 0.7500000000000002220 ) ;
#3223 = FACE_OUTER_BOUND ( 'NONE', #1378, .T. ) ;
#3224 = ORIENTED_EDGE ( 'NONE', *, *, #3530, .F. ) ;
#3225 = AXIS2_PLACEMENT_3D ( 'NONE', #1699, #1675, #107 ) ;
#3226 = AXIS2_PLACEMENT_3D ( 'NONE', #3978, #1084, #2377 ) ;
#3227 = VERTEX_POINT ( 'NONE', #886 ) ;
#3228 = ADVANCED_FACE ( 'NONE', ( #845 ), #2176, .T. ) ;
#3229 = DIRECTION ( 'NONE',  ( 0.000000000000000000, 1.000000000000000000, 0.000000000000000000 ) ) ;
#3230 = CARTESIAN_POINT ( 'NONE',  ( 4.720075368496973844, 1.300000000000000044, 6.209741421002023642 ) ) ;
#3231 = VECTOR ( 'NONE', #2681, 1000.000000000000000 ) ;
#3232 = AXIS2_PLACEMENT_3D ( 'NONE', #59, #2616, #2668 ) ;
#3233 = VECTOR ( 'NONE', #961, 1000.000000000000000 ) ;
#3234 = CARTESIAN_POINT ( 'NONE',  ( 4.720075368496961410, 0.000000000000000000, -6.209741421002032524 ) ) ;
#3235 = CARTESIAN_POINT ( 'NONE',  ( 6.209741421002015649, 3.621320343559645494, 4.720075368496982726 ) ) ;
#3236 = ORIENTED_EDGE ( 'NONE', *, *, #2218, .T. ) ;
#3237 = FACE_OUTER_BOUND ( 'NONE', #1058, .T. ) ;
#3238 = ORIENTED_EDGE ( 'NONE', *, *, #2546, .F. ) ;
#3239 = AXIS2_PLACEMENT_3D ( 'NONE', #1527, #2859, #3423 ) ;
#3240 = AXIS2_PLACEMENT_3D ( 'NONE', #3130, #1815, #243 ) ;
#3241 = CARTESIAN_POINT ( 'NONE',  ( -5.999999999999979572, 3.621320343559645494, 2.000000000000063949 ) ) ;
#3242 = LINE ( 'NONE', #319, #2243 ) ;
#3243 = ORIENTED_EDGE ( 'NONE', *, *, #1667, .F. ) ;
#3244 = ORIENTED_EDGE ( 'NONE', *, *, #3283, .F. ) ;
#3245 = VECTOR ( 'NONE', #3005, 1000.000000000000000 ) ;
#3246 = DIRECTION ( 'NONE',  ( -0.000000000000000000, -1.000000000000000000, -0.000000000000000000 ) ) ;
#3247 = DIRECTION ( 'NONE',  ( 0.000000000000000000, 0.000000000000000000, -1.000000000000000000 ) ) ;
#3248 = LINE ( 'NONE', #1984, #1961 ) ;
#3249 = AXIS2_PLACEMENT_3D ( 'NONE', #1533, #3430, #3471 ) ;
#3250 = VERTEX_POINT ( 'NONE', #1215 ) ;
#3251 = AXIS2_PLACEMENT_3D ( 'NONE', #113, #71, #1411 ) ;
#3252 = CARTESIAN_POINT ( 'NONE',  ( 0.000000000000000000, 1.500000000000000000, 0.000000000000000000 ) ) ;
#3253 = DIRECTION ( 'NONE',  ( 0.000000000000000000, 1.000000000000000000, 0.000000000000000000 ) ) ;
#3254 = VERTEX_POINT ( 'NONE', #1792 ) ;
#3255 = AXIS2_PLACEMENT_3D ( 'NONE', #3966, #3672, #784 ) ;
#3256 = ORIENTED_EDGE ( 'NONE', *, *, #1163, .F. ) ;
#3257 = DIRECTION ( 'NONE',  ( 0.000000000000000000, 0.000000000000000000, 1.000000000000000000 ) ) ;
#3258 = DIRECTION ( 'NONE',  ( 0.000000000000000000, -0.000000000000000000, 1.000000000000000000 ) ) ;
#3259 = ORIENTED_EDGE ( 'NONE', *, *, #104, .T. ) ;
#3260 = DIRECTION ( 'NONE',  ( 0.000000000000000000, 0.000000000000000000, 1.000000000000000000 ) ) ;
#3261 = EDGE_CURVE ( 'NONE', #1467, #2327, #2507, .T. ) ;
#3262 = ORIENTED_EDGE ( 'NONE', *, *, #1420, .F. ) ;
#3263 = DIRECTION ( 'NONE',  ( 1.000000000000000000, 0.000000000000000000, -3.469446951953621289E-15 ) ) ;
#3264 = CARTESIAN_POINT ( 'NONE',  ( -3.916655400733802583, 1.300000000000000044, -6.745354732844137224 ) ) ;
#3265 = ORIENTED_EDGE ( 'NONE', *, *, #4151, .T. ) ;
#3266 = VERTEX_POINT ( 'NONE', #3715 ) ;
#3267 = ADVANCED_FACE ( 'NONE', ( #179 ), #2762, .T. ) ;
#3268 = LINE ( 'NONE', #46, #1819 ) ;
#3269 = CARTESIAN_POINT ( 'NONE',  ( -2.094888803305880013E-14, 1.300000000000000044, -6.750000000000000888 ) ) ;
#3270 = ORIENTED_EDGE ( 'NONE', *, *, #4160, .F. ) ;
#3271 = ORIENTED_EDGE ( 'NONE', *, *, #3781, .T. ) ;
#3272 = DIRECTION ( 'NONE',  ( 0.000000000000000000, 0.000000000000000000, 1.000000000000000000 ) ) ;
#3273 = DIRECTION ( 'NONE',  ( -0.000000000000000000, -1.000000000000000000, -0.000000000000000000 ) ) ;
#3274 = EDGE_LOOP ( 'NONE', ( #2384, #2467 ) ) ;
#3275 = ORIENTED_EDGE ( 'NONE', *, *, #1774, .T. ) ;
#3276 = EDGE_CURVE ( 'NONE', #2483, #3315, #660, .T. ) ;
#3277 = DIRECTION ( 'NONE',  ( -0.000000000000000000, -1.000000000000000000, -0.000000000000000000 ) ) ;
#3278 = DIRECTION ( 'NONE',  ( -0.000000000000000000, -1.000000000000000000, -0.000000000000000000 ) ) ;
#3279 = PLANE ( 'NONE',  #1691 ) ;
#3280 = ORIENTED_EDGE ( 'NONE', *, *, #1402, .T. ) ;
#3281 = EDGE_CURVE ( 'NONE', #2580, #2562, #2716, .T. ) ;
#3282 = EDGE_CURVE ( 'NONE', #1042, #101, #3322, .T. ) ;
#3283 = EDGE_CURVE ( 'NONE', #3826, #1650, #1769, .T. ) ;
#3284 = CYLINDRICAL_SURFACE ( 'NONE', #2767, 0.7500000000000006661 ) ;
#3285 = CARTESIAN_POINT ( 'NONE',  ( -4.000000000000000000, 3.621320343559645494, -0.7500000000000003331 ) ) ;
#3286 = EDGE_LOOP ( 'NONE', ( #1004, #2972, #577, #3819, #4026, #723, #399, #807, #3087, #1716, #383, #831, #2936, #22, #1036, #13, #69, #3299, #702, #3362, #775, #3219, #1885, #2132, #4063, #3618, #2181, #732, #2529, #2394, #2256, #2512, #3688, #2921, #4036, #3048, #2385, #3737, #2230, #180, #478, #358, #2964, #756, #3745, #2237 ) ) ;
#3287 = VERTEX_POINT ( 'NONE', #923 ) ;
#3288 = EDGE_CURVE ( 'NONE', #2619, #1575, #345, .T. ) ;
#3289 = CARTESIAN_POINT ( 'NONE',  ( 6.000000000000000000, 3.621320343559645494, 1.249999999999999778 ) ) ;
#3290 = FACE_OUTER_BOUND ( 'NONE', #1129, .T. ) ;
#3291 = CARTESIAN_POINT ( 'NONE',  ( -2.094888803305880013E-14, 3.621320343559645494, -6.000000000000000000 ) ) ;
#3292 = ORIENTED_EDGE ( 'NONE', *, *, #2516, .F. ) ;
#3293 = CIRCLE ( 'NONE', #3827, 0.7500000000000003331 ) ;
#3294 = EDGE_CURVE ( 'NONE', #3326, #102, #2268, .T. ) ;
#3295 = EDGE_CURVE ( 'NONE', #146, #1701, #2906, .T. ) ;
#3296 = CIRCLE ( 'NONE', #1475, 7.800000000000004263 ) ;
#3297 = DIRECTION ( 'NONE',  ( 0.000000000000000000, 1.000000000000000000, 0.000000000000000000 ) ) ;
#3298 = DIRECTION ( 'NONE',  ( 0.000000000000000000, 0.000000000000000000, -1.000000000000000000 ) ) ;
#3299 = ORIENTED_EDGE ( 'NONE', *, *, #1842, .F. ) ;
#3300 = ORIENTED_EDGE ( 'NONE', *, *, #224, .T. ) ;
#3301 = AXIS2_PLACEMENT_3D ( 'NONE', #3151, #1209, #2501 ) ;
#3302 = EDGE_CURVE ( 'NONE', #2749, #347, #3242, .T. ) ;
#3303 = DIRECTION ( 'NONE',  ( 0.000000000000000000, 1.000000000000000000, 0.000000000000000000 ) ) ;
#3304 = CARTESIAN_POINT ( 'NONE',  ( 3.999999999999986233, 0.000000000000000000, -4.000000000000015099 ) ) ;
#3305 = VECTOR ( 'NONE', #509, 1000.000000000000000 ) ;
#3306 = CIRCLE ( 'NONE', #3835, 9.699494936611660734 ) ;
#3307 = DIRECTION ( 'NONE',  ( 0.000000000000000000, -0.000000000000000000, 1.000000000000000000 ) ) ;
#3308 = VERTEX_POINT ( 'NONE', #3831 ) ;
#3309 = AXIS2_PLACEMENT_3D ( 'NONE', #2500, #2596, #375 ) ;
#3310 = AXIS2_PLACEMENT_3D ( 'NONE', #2805, #1465, #221 ) ;
#3311 = CARTESIAN_POINT ( 'NONE',  ( -6.982962677686266711E-15, 1.300000000000000044, -2.000000000000000000 ) ) ;
#3312 = CYLINDRICAL_SURFACE ( 'NONE', #2912, 0.7500000000000011102 ) ;
#3313 = VECTOR ( 'NONE', #1820, 1000.000000000000000 ) ;
#3314 = EDGE_LOOP ( 'NONE', ( #997, #31, #3510, #3887 ) ) ;
#3315 = VERTEX_POINT ( 'NONE', #3856 ) ;
#3316 = DIRECTION ( 'NONE',  ( 0.000000000000000000, 0.000000000000000000, -1.000000000000000000 ) ) ;
#3317 = DIRECTION ( 'NONE',  ( 0.000000000000000000, 1.000000000000000000, 0.000000000000000000 ) ) ;
#3318 = DIRECTION ( 'NONE',  ( 0.000000000000000000, 0.000000000000000000, -1.000000000000000000 ) ) ;
#3319 = VERTEX_POINT ( 'NONE', #601 ) ;
#3320 = VERTEX_POINT ( 'NONE', #2586 ) ;
#3321 = VECTOR ( 'NONE', #3579, 1000.000000000000000 ) ;
#3322 = CIRCLE ( 'NONE', #487, 0.7500000000000003331 ) ;
#3323 = FILL_AREA_STYLE_COLOUR ( '', #480 ) ;
#3324 = CARTESIAN_POINT ( 'NONE',  ( 7.999999999999992895, 0.000000000000000000, -2.000000000000028866 ) ) ;
#3325 = ORIENTED_EDGE ( 'NONE', *, *, #3295, .F. ) ;
#3326 = VERTEX_POINT ( 'NONE', #3264 ) ;
#3327 = CIRCLE ( 'NONE', #2118, 0.7500000000000002220 ) ;
#3328 = CARTESIAN_POINT ( 'NONE',  ( 4.000000000000000888, 0.000000000000000000, 4.750000000000001776 ) ) ;
#3329 = DIRECTION ( 'NONE',  ( 0.000000000000000000, 1.000000000000000000, 0.000000000000000000 ) ) ;
#3330 = AXIS2_PLACEMENT_3D ( 'NONE', #2199, #3791, #4144 ) ;
#3331 = CARTESIAN_POINT ( 'NONE',  ( 3.709746672391584177, 1.500000000000000000, 0.3864319450407920908 ) ) ;
#3332 = ORIENTED_EDGE ( 'NONE', *, *, #1915, .F. ) ;
#3333 = CARTESIAN_POINT ( 'NONE',  ( -5.999999999999979572, 1.300000000000000044, 2.000000000000063949 ) ) ;
#3334 = CARTESIAN_POINT ( 'NONE',  ( 1.999999999999993117, 3.621320343559645494, -2.000000000000007550 ) ) ;
#3335 = ORIENTED_EDGE ( 'NONE', *, *, #1159, .T. ) ;
#3336 = ORIENTED_EDGE ( 'NONE', *, *, #3657, .T. ) ;
#3337 = DIRECTION ( 'NONE',  ( -0.000000000000000000, -1.000000000000000000, -0.000000000000000000 ) ) ;
#3338 = CYLINDRICAL_SURFACE ( 'NONE', #1418, 0.7499999999999984457 ) ;
#3339 = CYLINDRICAL_SURFACE ( 'NONE', #407, 0.7500000000000006661 ) ;
#3340 = ORIENTED_EDGE ( 'NONE', *, *, #3708, .T. ) ;
#3341 = CARTESIAN_POINT ( 'NONE',  ( 0.000000000000000000, 0.000000000000000000, 0.000000000000000000 ) ) ;
#3342 = ADVANCED_FACE ( 'NONE', ( #3875 ), #2602, .T. ) ;
#3343 = ADVANCED_FACE ( 'NONE', ( #3573 ), #978, .T. ) ;
#3344 = CARTESIAN_POINT ( 'NONE',  ( -8.000000000000000000, 1.300000000000000044, -2.000000000000000000 ) ) ;
#3345 = ORIENTED_EDGE ( 'NONE', *, *, #3399, .F. ) ;
#3346 = ORIENTED_EDGE ( 'NONE', *, *, #1400, .T. ) ;
#3347 = CARTESIAN_POINT ( 'NONE',  ( -2.782089406222294059, 1.500000000000000000, 9.291941700265931914 ) ) ;
#3348 = CARTESIAN_POINT ( 'NONE',  ( -4.000000000000000000, 0.000000000000000000, 0.000000000000000000 ) ) ;
#3349 = DIRECTION ( 'NONE',  ( 0.000000000000000000, 1.000000000000000000, 0.000000000000000000 ) ) ;
#3350 = DIRECTION ( 'NONE',  ( 0.000000000000000000, 1.000000000000000000, 0.000000000000000000 ) ) ;
#3351 = EDGE_CURVE ( 'NONE', #1459, #210, #3929, .T. ) ;
#3352 = DIRECTION ( 'NONE',  ( -0.000000000000000000, -1.000000000000000000, -0.000000000000000000 ) ) ;
#3353 = CARTESIAN_POINT ( 'NONE',  ( 0.000000000000000000, 1.300000000000000044, 0.000000000000000000 ) ) ;
#3354 = ORIENTED_EDGE ( 'NONE', *, *, #2461, .T. ) ;
#3355 = EDGE_LOOP ( 'NONE', ( #2521, #4153 ) ) ;
#3356 = EDGE_CURVE ( 'NONE', #3754, #2270, #2926, .T. ) ;
#3357 = CARTESIAN_POINT ( 'NONE',  ( 0.000000000000000000, 0.000000000000000000, 0.000000000000000000 ) ) ;
#3358 = CARTESIAN_POINT ( 'NONE',  ( 6.000000000000000888, 0.000000000000000000, 4.000000000000000000 ) ) ;
#3359 = CARTESIAN_POINT ( 'NONE',  ( -4.000000000000000000, 3.621320343559645494, -2.749999999999998668 ) ) ;
#3360 = ORIENTED_EDGE ( 'NONE', *, *, #3211, .F. ) ;
#3361 = ORIENTED_EDGE ( 'NONE', *, *, #726, .T. ) ;
#3362 = ORIENTED_EDGE ( 'NONE', *, *, #3399, .T. ) ;
#3363 = FACE_OUTER_BOUND ( 'NONE', #3625, .T. ) ;
#3364 = CARTESIAN_POINT ( 'NONE',  ( -2.000000000000000888, 3.621320343559645494, -6.750000000000000888 ) ) ;
#3365 = CARTESIAN_POINT ( 'NONE',  ( -2.000000000000000444, 1.300000000000000044, -3.249999999999999556 ) ) ;
#3366 = CIRCLE ( 'NONE', #529, 0.7500000000000006661 ) ;
#3367 = AXIS2_PLACEMENT_3D ( 'NONE', #3348, #508, #1802 ) ;
#3368 = DIRECTION ( 'NONE',  ( 0.000000000000000000, 0.000000000000000000, 1.000000000000000000 ) ) ;
#3369 = DIRECTION ( 'NONE',  ( 0.000000000000000000, 1.000000000000000000, 0.000000000000000000 ) ) ;
#3370 = DIRECTION ( 'NONE',  ( 0.000000000000000000, 0.000000000000000000, -1.000000000000000000 ) ) ;
#3371 = ORIENTED_EDGE ( 'NONE', *, *, #1410, .F. ) ;
#3372 = ORIENTED_EDGE ( 'NONE', *, *, #3922, .T. ) ;
#3373 = CIRCLE ( 'NONE', #1489, 0.7500000000000006661 ) ;
#3374 = AXIS2_PLACEMENT_3D ( 'NONE', #2424, #844, #3457 ) ;
#3375 = AXIS2_PLACEMENT_3D ( 'NONE', #1629, #3229, #715 ) ;
#3376 = DIRECTION ( 'NONE',  ( 0.000000000000000000, 1.000000000000000000, 0.000000000000000000 ) ) ;
#3377 = CARTESIAN_POINT ( 'NONE',  ( 2.454813398897389476, 3.621320343559645494, -7.403640400275659061 ) ) ;
#3378 = VERTEX_POINT ( 'NONE', #1578 ) ;
#3379 = CARTESIAN_POINT ( 'NONE',  ( -1.396592535537253342E-14, 3.621320343559645494, -4.750000000000000888 ) ) ;
#3380 = VECTOR ( 'NONE', #2073, 1000.000000000000000 ) ;
#3381 = EDGE_LOOP ( 'NONE', ( #1870, #3049, #1234, #2826 ) ) ;
#3382 = VERTEX_POINT ( 'NONE', #2868 ) ;
#3383 = CIRCLE ( 'NONE', #2033, 7.800000000000004263 ) ;
#3384 = FACE_OUTER_BOUND ( 'NONE', #698, .T. ) ;
#3385 = CARTESIAN_POINT ( 'NONE',  ( 0.000000000000000000, 1.300000000000000044, 0.000000000000000000 ) ) ;
#3386 = CARTESIAN_POINT ( 'NONE',  ( 0.000000000000000000, 1.300000000000000044, 0.000000000000000000 ) ) ;
#3387 = AXIS2_PLACEMENT_3D ( 'NONE', #962, #2255, #3217 ) ;
#3388 = VERTEX_POINT ( 'NONE', #995 ) ;
#3389 = AXIS2_PLACEMENT_3D ( 'NONE', #3357, #2317, #3603 ) ;
#3390 = FACE_OUTER_BOUND ( 'NONE', #3709, .T. ) ;
#3391 = CARTESIAN_POINT ( 'NONE',  ( 7.687830187959651340, 1.300000000000000044, 1.318054248161409703 ) ) ;
#3392 = EDGE_CURVE ( 'NONE', #3074, #2350, #2293, .T. ) ;
#3393 = ORIENTED_EDGE ( 'NONE', *, *, #3302, .F. ) ;
#3394 = ORIENTED_EDGE ( 'NONE', *, *, #2965, .T. ) ;
#3395 = AXIS2_PLACEMENT_3D ( 'NONE', #2701, #2974, #44 ) ;
#3396 = CARTESIAN_POINT ( 'NONE',  ( 6.000000000000000000, 3.621320343559645494, 0.000000000000000000 ) ) ;
#3397 = DIRECTION ( 'NONE',  ( 0.000000000000000000, 1.000000000000000000, 0.000000000000000000 ) ) ;
#3398 = EDGE_LOOP ( 'NONE', ( #842, #2957 ) ) ;
#3399 = EDGE_CURVE ( 'NONE', #2641, #4158, #2544, .T. ) ;
#3400 = FACE_OUTER_BOUND ( 'NONE', #2122, .T. ) ;
#3401 = EDGE_LOOP ( 'NONE', ( #1194, #1995 ) ) ;
#3402 = ORIENTED_EDGE ( 'NONE', *, *, #579, .F. ) ;
#3403 = DIRECTION ( 'NONE',  ( 0.000000000000000000, 0.000000000000000000, 1.000000000000000000 ) ) ;
#3404 = EDGE_CURVE ( 'NONE', #1211, #2327, #2637, .T. ) ;
#3405 = CARTESIAN_POINT ( 'NONE',  ( 5.999999999999992895, 3.621320343559645494, -2.000000000000021760 ) ) ;
#3406 = DIRECTION ( 'NONE',  ( 0.000000000000000000, 1.000000000000000000, 0.000000000000000000 ) ) ;
#3407 = DIRECTION ( 'NONE',  ( 0.000000000000000000, 0.000000000000000000, 1.000000000000000000 ) ) ;
#3408 = EDGE_CURVE ( 'NONE', #2393, #705, #2178, .T. ) ;
#3409 = CARTESIAN_POINT ( 'NONE',  ( 0.000000000000000000, 1.500000000000000000, 0.000000000000000000 ) ) ;
#3410 = CARTESIAN_POINT ( 'NONE',  ( -6.982962677686266711E-15, 1.300000000000000044, -2.000000000000000000 ) ) ;
#3411 = VERTEX_POINT ( 'NONE', #639 ) ;
#3412 = VERTEX_POINT ( 'NONE', #2043 ) ;
#3413 = EDGE_CURVE ( 'NONE', #2327, #1211, #3120, .T. ) ;
#3414 = ADVANCED_FACE ( 'NONE', ( #2969 ), #1066, .T. ) ;
#3415 = CARTESIAN_POINT ( 'NONE',  ( 4.000000000000000888, 1.300000000000000044, 4.750000000000001776 ) ) ;
#3416 = DIRECTION ( 'NONE',  ( -0.000000000000000000, -1.000000000000000000, -0.000000000000000000 ) ) ;
#3417 = ORIENTED_EDGE ( 'NONE', *, *, #1153, .T. ) ;
#3418 = EDGE_CURVE ( 'NONE', #3134, #1269, #2781, .T. ) ;
#3419 = DIRECTION ( 'NONE',  ( 0.000000000000000000, 0.000000000000000000, -1.000000000000000000 ) ) ;
#3420 = ADVANCED_FACE ( 'NONE', ( #2358 ), #2999, .T. ) ;
#3421 = ORIENTED_EDGE ( 'NONE', *, *, #4044, .F. ) ;
#3422 = EDGE_LOOP ( 'NONE', ( #1388, #255 ) ) ;
#3423 = DIRECTION ( 'NONE',  ( 0.000000000000000000, -0.000000000000000000, 1.000000000000000000 ) ) ;
#3424 = DIRECTION ( 'NONE',  ( 0.000000000000000000, 0.000000000000000000, 1.000000000000000000 ) ) ;
#3425 = CYLINDRICAL_SURFACE ( 'NONE', #2618, 0.7500000000000006661 ) ;
#3426 = DIRECTION ( 'NONE',  ( 0.000000000000000000, 1.000000000000000000, 0.000000000000000000 ) ) ;
#3427 = EDGE_CURVE ( 'NONE', #2359, #3970, #551, .T. ) ;
#3428 = DIRECTION ( 'NONE',  ( -0.000000000000000000, -1.000000000000000000, -0.000000000000000000 ) ) ;
#3429 = CARTESIAN_POINT ( 'NONE',  ( 3.916655400733766168, 1.300000000000000044, -6.745354732844157652 ) ) ;
#3430 = DIRECTION ( 'NONE',  ( 0.000000000000000000, 1.000000000000000000, 0.000000000000000000 ) ) ;
#3431 = ORIENTED_EDGE ( 'NONE', *, *, #605, .T. ) ;
#3432 = ORIENTED_EDGE ( 'NONE', *, *, #3648, .T. ) ;
#3433 = AXIS2_PLACEMENT_3D ( 'NONE', #1292, #2561, #2863 ) ;
#3434 = PLANE ( 'NONE',  #940 ) ;
#3435 = CARTESIAN_POINT ( 'NONE',  ( 0.000000000000000000, 1.300000000000000044, 0.000000000000000000 ) ) ;
#3436 = AXIS2_PLACEMENT_3D ( 'NONE', #1124, #3664, #216 ) ;
#3437 = CIRCLE ( 'NONE', #2159, 0.7500000000000006661 ) ;
#3438 = EDGE_LOOP ( 'NONE', ( #748, #896 ) ) ;
#3439 = AXIS2_PLACEMENT_3D ( 'NONE', #1250, #2205, #318 ) ;
#3440 = DIRECTION ( 'NONE',  ( 0.000000000000000000, 0.000000000000000000, 1.000000000000000000 ) ) ;
#3441 = VERTEX_POINT ( 'NONE', #1022 ) ;
#3442 = AXIS2_PLACEMENT_3D ( 'NONE', #3585, #1284, #2638 ) ;
#3443 = ORIENTED_EDGE ( 'NONE', *, *, #2335, .F. ) ;
#3444 = CIRCLE ( 'NONE', #3046, 7.800000000000004263 ) ;
#3445 = DIRECTION ( 'NONE',  ( 0.000000000000000000, 1.000000000000000000, 0.000000000000000000 ) ) ;
#3446 = DIRECTION ( 'NONE',  ( 0.000000000000000000, -0.000000000000000000, 1.000000000000000000 ) ) ;
#3447 = CARTESIAN_POINT ( 'NONE',  ( -4.000000000000000000, 1.300000000000000044, 0.000000000000000000 ) ) ;
#3448 = AXIS2_PLACEMENT_3D ( 'NONE', #2149, #1539, #1869 ) ;
#3449 = CYLINDRICAL_SURFACE ( 'NONE', #3330, 0.7500000000000002220 ) ;
#3450 = FACE_BOUND ( 'NONE', #4122, .T. ) ;
#3451 = VECTOR ( 'NONE', #89, 1000.000000000000000 ) ;
#3452 = CARTESIAN_POINT ( 'NONE',  ( -7.767343750000005542, 1.300000000000000044, -0.7130014511457464232 ) ) ;
#3453 = DIRECTION ( 'NONE',  ( 0.000000000000000000, 0.000000000000000000, -1.000000000000000000 ) ) ;
#3454 = ORIENTED_EDGE ( 'NONE', *, *, #3473, .T. ) ;
#3455 = EDGE_LOOP ( 'NONE', ( #4074, #1339, #989, #436 ) ) ;
#3456 = CIRCLE ( 'NONE', #1099, 0.7500000000000006661 ) ;
#3457 = DIRECTION ( 'NONE',  ( 1.000000000000000000, 0.000000000000000000, -3.469446951953611033E-15 ) ) ;
#3458 = FACE_OUTER_BOUND ( 'NONE', #1436, .T. ) ;
#3459 = AXIS2_PLACEMENT_3D ( 'NONE', #3507, #298, #1847 ) ;
#3460 = ORIENTED_EDGE ( 'NONE', *, *, #3666, .F. ) ;
#3461 = CARTESIAN_POINT ( 'NONE',  ( 0.000000000000000000, -3.500000000000000000, 2.250000000000000000 ) ) ;
#3462 = ORIENTED_EDGE ( 'NONE', *, *, #3985, .T. ) ;
#3463 = ADVANCED_FACE ( 'NONE', ( #1742 ), #1765, .T. ) ;
#3464 = ADVANCED_FACE ( 'NONE', ( #1048 ), #132, .T. ) ;
#3465 = EDGE_CURVE ( 'NONE', #887, #2749, #617, .T. ) ;
#3466 = LINE ( 'NONE', #4081, #2770 ) ;
#3467 = DIRECTION ( 'NONE',  ( 0.000000000000000000, 0.000000000000000000, -1.000000000000000000 ) ) ;
#3468 = CARTESIAN_POINT ( 'NONE',  ( 4.000000000000000888, 1.300000000000000044, 5.250000000000000888 ) ) ;
#3469 = CARTESIAN_POINT ( 'NONE',  ( 0.000000000000000000, 1.300000000000000044, 0.000000000000000000 ) ) ;
#3470 = DIRECTION ( 'NONE',  ( 0.000000000000000000, 1.000000000000000000, 0.000000000000000000 ) ) ;
#3471 = DIRECTION ( 'NONE',  ( -1.000000000000000000, 0.000000000000000000, 1.040834085586083310E-14 ) ) ;
#3472 = VERTEX_POINT ( 'NONE', #110 ) ;
#3473 = EDGE_CURVE ( 'NONE', #1831, #1104, #1112, .T. ) ;
#3474 = ORIENTED_EDGE ( 'NONE', *, *, #3281, .T. ) ;
#3475 = DIRECTION ( 'NONE',  ( 0.000000000000000000, 1.000000000000000000, 0.000000000000000000 ) ) ;
#3476 = CYLINDRICAL_SURFACE ( 'NONE', #2850, 0.7500000000000002220 ) ;
#3477 = VERTEX_POINT ( 'NONE', #1434 ) ;
#3478 = ADVANCED_FACE ( 'NONE', ( #3642 ), #2652, .T. ) ;
#3479 = CARTESIAN_POINT ( 'NONE',  ( 4.000000000000000888, 0.000000000000000000, 6.000000000000000000 ) ) ;
#3480 = ORIENTED_EDGE ( 'NONE', *, *, #2813, .T. ) ;
#3481 = DIRECTION ( 'NONE',  ( 0.000000000000000000, 0.000000000000000000, -1.000000000000000000 ) ) ;
#3482 = CYLINDRICAL_SURFACE ( 'NONE', #2829, 0.7500000000000003331 ) ;
#3483 = DIRECTION ( 'NONE',  ( 0.000000000000000000, 0.000000000000000000, -1.000000000000000000 ) ) ;
#3484 = CYLINDRICAL_SURFACE ( 'NONE', #3710, 0.7500000000000002220 ) ;
#3485 = CARTESIAN_POINT ( 'NONE',  ( 4.000000000000000888, 0.000000000000000000, 4.000000000000000000 ) ) ;
#3486 = CARTESIAN_POINT ( 'NONE',  ( -3.999999999999979128, 1.300000000000000044, 2.000000000000042633 ) ) ;
#3487 = EDGE_LOOP ( 'NONE', ( #1199, #2743 ) ) ;
#3488 = CIRCLE ( 'NONE', #1740, 0.7500000000000015543 ) ;
#3489 = EDGE_LOOP ( 'NONE', ( #4140, #2587, #3066, #1469, #4030, #3186 ) ) ;
#3490 = CIRCLE ( 'NONE', #384, 0.7500000000000006661 ) ;
#3491 = FACE_OUTER_BOUND ( 'NONE', #1239, .T. ) ;
#3492 = DIRECTION ( 'NONE',  ( 0.000000000000000000, 0.000000000000000000, -1.000000000000000000 ) ) ;
#3493 = EDGE_LOOP ( 'NONE', ( #1482, #1054, #3871, #2844 ) ) ;
#3494 = AXIS2_PLACEMENT_3D ( 'NONE', #1946, #1362, #1636 ) ;
#3495 = CIRCLE ( 'NONE', #2216, 0.7500000000000002220 ) ;
#3496 = DIRECTION ( 'NONE',  ( 0.000000000000000000, -0.000000000000000000, 1.000000000000000000 ) ) ;
#3497 = AXIS2_PLACEMENT_3D ( 'NONE', #2611, #1694, #1988 ) ;
#3498 = VECTOR ( 'NONE', #1454, 1000.000000000000000 ) ;
#3499 = DIRECTION ( 'NONE',  ( 0.000000000000000000, 0.000000000000000000, 1.000000000000000000 ) ) ;
#3500 = CARTESIAN_POINT ( 'NONE',  ( -2.085703952312274877E-14, 1.300000000000000044, -5.249999999999999112 ) ) ;
#3501 = EDGE_LOOP ( 'NONE', ( #1392, #1387, #1133, #1345 ) ) ;
#3502 = AXIS2_PLACEMENT_3D ( 'NONE', #2750, #3051, #3724 ) ;
#3503 = DIRECTION ( 'NONE',  ( 0.000000000000000000, 0.000000000000000000, 1.000000000000000000 ) ) ;
#3504 = VECTOR ( 'NONE', #776, 1000.000000000000000 ) ;
#3505 = FACE_OUTER_BOUND ( 'NONE', #3680, .T. ) ;
#3506 = CIRCLE ( 'NONE', #3787, 0.7499999999999988898 ) ;
#3507 = CARTESIAN_POINT ( 'NONE',  ( 4.000000000000000888, 1.300000000000000044, 6.000000000000000000 ) ) ;
#3508 = DIRECTION ( 'NONE',  ( 0.000000000000000000, -0.000000000000000000, 1.000000000000000000 ) ) ;
#3509 = CARTESIAN_POINT ( 'NONE',  ( 0.000000000000000000, 1.300000000000000044, 0.000000000000000000 ) ) ;
#3510 = ORIENTED_EDGE ( 'NONE', *, *, #2423, .T. ) ;
#3511 = VERTEX_POINT ( 'NONE', #1997 ) ;
#3512 = VECTOR ( 'NONE', #2015, 1000.000000000000000 ) ;
#3513 = EDGE_CURVE ( 'NONE', #1064, #2928, #3058, .T. ) ;
#3514 = CARTESIAN_POINT ( 'NONE',  ( 0.000000000000000000, 1.300000000000000044, 0.000000000000000000 ) ) ;
#3515 = DIRECTION ( 'NONE',  ( -0.000000000000000000, -1.000000000000000000, -0.000000000000000000 ) ) ;
#3516 = ORIENTED_EDGE ( 'NONE', *, *, #520, .T. ) ;
#3517 = AXIS2_PLACEMENT_3D ( 'NONE', #1865, #2502, #901 ) ;
#3518 = CARTESIAN_POINT ( 'NONE',  ( 0.000000000000000000, 1.300000000000000044, 0.000000000000000000 ) ) ;
#3519 = CARTESIAN_POINT ( 'NONE',  ( 0.000000000000000000, 1.300000000000000044, 0.000000000000000000 ) ) ;
#3520 = DIRECTION ( 'NONE',  ( 0.000000000000000000, 1.000000000000000000, 0.000000000000000000 ) ) ;
#3521 = ORIENTED_EDGE ( 'NONE', *, *, #92, .F. ) ;
#3522 = EDGE_CURVE ( 'NONE', #705, #1655, #3668, .T. ) ;
#3523 = DIRECTION ( 'NONE',  ( 0.000000000000000000, 1.000000000000000000, -0.000000000000000000 ) ) ;
#3524 = FACE_OUTER_BOUND ( 'NONE', #1705, .T. ) ;
#3525 = ADVANCED_FACE ( 'NONE', ( #1405 ), #3312, .T. ) ;
#3526 = CARTESIAN_POINT ( 'NONE',  ( -3.999999999999979128, 1.300000000000000044, 2.750000000000043077 ) ) ;
#3527 = FACE_BOUND ( 'NONE', #30, .T. ) ;
#3528 = LINE ( 'NONE', #4146, #3833 ) ;
#3529 = EDGE_LOOP ( 'NONE', ( #549, #2253 ) ) ;
#3530 = EDGE_CURVE ( 'NONE', #2642, #1382, #3854, .T. ) ;
#3531 = DIRECTION ( 'NONE',  ( 0.000000000000000000, -0.000000000000000000, 1.000000000000000000 ) ) ;
#3532 = DIRECTION ( 'NONE',  ( 0.000000000000000000, -1.000000000000000000, 0.000000000000000000 ) ) ;
#3533 = ORIENTED_EDGE ( 'NONE', *, *, #2019, .T. ) ;
#3534 = EDGE_CURVE ( 'NONE', #3081, #2135, #1704, .T. ) ;
#3535 = EDGE_CURVE ( 'NONE', #1520, #2352, #271, .T. ) ;
#3536 = CARTESIAN_POINT ( 'NONE',  ( 1.999999999999979128, 0.000000000000000000, -6.000000000000007105 ) ) ;
#3537 = LINE ( 'NONE', #982, #1749 ) ;
#3538 = CARTESIAN_POINT ( 'NONE',  ( 6.000000000000000888, 0.000000000000000000, 6.000000000000000000 ) ) ;
#3539 = VERTEX_POINT ( 'NONE', #498 ) ;
#3540 = CARTESIAN_POINT ( 'NONE',  ( 5.718151000632913039, 3.621320343559645494, 5.304973999367091686 ) ) ;
#3541 = CARTESIAN_POINT ( 'NONE',  ( -6.000000000000000000, 3.621320343559645494, -2.000000000000000000 ) ) ;
#3542 = CARTESIAN_POINT ( 'NONE',  ( -5.304973999367032178, 0.000000000000000000, 5.718151000632968994 ) ) ;
#3543 = CYLINDRICAL_SURFACE ( 'NONE', #3769, 0.7500000000000015543 ) ;
#3544 = ORIENTED_EDGE ( 'NONE', *, *, #2418, .T. ) ;
#3545 = CARTESIAN_POINT ( 'NONE',  ( -2.793185071074506684E-14, 1.300000000000000044, -8.000000000000000000 ) ) ;
#3546 = EDGE_CURVE ( 'NONE', #2562, #3796, #3753, .T. ) ;
#3547 = ORIENTED_EDGE ( 'NONE', *, *, #2410, .T. ) ;
#3548 = DIRECTION ( 'NONE',  ( -0.000000000000000000, -1.000000000000000000, -0.000000000000000000 ) ) ;
#3549 = CARTESIAN_POINT ( 'NONE',  ( 3.999999999999986233, 3.621320343559645494, -3.250000000000013767 ) ) ;
#3550 = ORIENTED_EDGE ( 'NONE', *, *, #1153, .F. ) ;
#3551 = ORIENTED_EDGE ( 'NONE', *, *, #907, .T. ) ;
#3552 = CARTESIAN_POINT ( 'NONE',  ( -6.000000000000000888, 3.621320343559645494, -6.000000000000000000 ) ) ;
#3553 = CARTESIAN_POINT ( 'NONE',  ( 5.999999999999992895, 1.300000000000000044, -2.000000000000021760 ) ) ;
#3554 = DIRECTION ( 'NONE',  ( -0.000000000000000000, -1.000000000000000000, -0.000000000000000000 ) ) ;
#3555 = AXIS2_PLACEMENT_3D ( 'NONE', #3937, #2284, #3258 ) ;
#3556 = ORIENTED_EDGE ( 'NONE', *, *, #3155, .T. ) ;
#3557 = VECTOR ( 'NONE', #821, 1000.000000000000000 ) ;
#3558 = AXIS2_PLACEMENT_3D ( 'NONE', #2570, #642, #527 ) ;
#3559 = CARTESIAN_POINT ( 'NONE',  ( -6.000000000000000888, 1.300000000000000044, -4.750000000000001776 ) ) ;
#3560 = EDGE_CURVE ( 'NONE', #3735, #1317, #513, .T. ) ;
#3561 = DIRECTION ( 'NONE',  ( 0.000000000000000000, 0.000000000000000000, 1.000000000000000000 ) ) ;
#3562 = AXIS2_PLACEMENT_3D ( 'NONE', #2148, #4028, #2486 ) ;
#3563 = AXIS2_PLACEMENT_3D ( 'NONE', #2371, #100, #1715 ) ;
#3564 = VECTOR ( 'NONE', #3667, 1000.000000000000000 ) ;
#3565 = CARTESIAN_POINT ( 'NONE',  ( -2.094888803305880013E-14, 0.000000000000000000, -6.750000000000000888 ) ) ;
#3566 = LINE ( 'NONE', #2264, #1545 ) ;
#3567 = DIRECTION ( 'NONE',  ( 0.000000000000000000, 1.000000000000000000, 0.000000000000000000 ) ) ;
#3568 = ORIENTED_EDGE ( 'NONE', *, *, #334, .T. ) ;
#3569 = AXIS2_PLACEMENT_3D ( 'NONE', #214, #269, #1568 ) ;
#3570 = EDGE_CURVE ( 'NONE', #2295, #2067, #1210, .T. ) ;
#3571 = AXIS2_PLACEMENT_3D ( 'NONE', #1775, #3065, #3655 ) ;
#3572 = DIRECTION ( 'NONE',  ( 0.000000000000000000, 0.000000000000000000, -1.000000000000000000 ) ) ;
#3573 = FACE_OUTER_BOUND ( 'NONE', #1313, .T. ) ;
#3574 = EDGE_LOOP ( 'NONE', ( #3550, #3761, #223, #1886 ) ) ;
#3575 = EDGE_LOOP ( 'NONE', ( #374, #1671, #2412, #3345 ) ) ;
#3576 = VECTOR ( 'NONE', #47, 1000.000000000000000 ) ;
#3577 = DIRECTION ( 'NONE',  ( -0.000000000000000000, -1.000000000000000000, -0.000000000000000000 ) ) ;
#3578 = DIRECTION ( 'NONE',  ( -0.000000000000000000, -1.000000000000000000, -0.000000000000000000 ) ) ;
#3579 = DIRECTION ( 'NONE',  ( -0.000000000000000000, -1.000000000000000000, -0.000000000000000000 ) ) ;
#3580 = AXIS2_PLACEMENT_3D ( 'NONE', #3741, #4195, #3492 ) ;
#3581 = EDGE_CURVE ( 'NONE', #3615, #4180, #1174, .T. ) ;
#3582 = ORIENTED_EDGE ( 'NONE', *, *, #791, .T. ) ;
#3583 = EDGE_CURVE ( 'NONE', #2345, #3687, #1828, .T. ) ;
#3584 = CIRCLE ( 'NONE', #1634, 7.800000000000004263 ) ;
#3585 = CARTESIAN_POINT ( 'NONE',  ( -3.999999999999937828, 1.300000000000000044, 6.000000000000042633 ) ) ;
#3586 = DIRECTION ( 'NONE',  ( -0.000000000000000000, -1.000000000000000000, -0.000000000000000000 ) ) ;
#3587 = ORIENTED_EDGE ( 'NONE', *, *, #1547, .F. ) ;
#3588 = AXIS2_PLACEMENT_3D ( 'NONE', #3518, #1957, #1240 ) ;
#3589 = ORIENTED_EDGE ( 'NONE', *, *, #1790, .T. ) ;
#3590 = EDGE_CURVE ( 'NONE', #2411, #3411, #1506, .T. ) ;
#3591 = EDGE_CURVE ( 'NONE', #3266, #1369, #892, .T. ) ;
#3592 = EDGE_CURVE ( 'NONE', #1840, #2814, #3734, .T. ) ;
#3593 = CARTESIAN_POINT ( 'NONE',  ( -1.387407684543648206E-14, 3.621320343559645494, -3.250000000000000000 ) ) ;
#3594 = DIRECTION ( 'NONE',  ( 0.000000000000000000, 1.000000000000000000, 0.000000000000000000 ) ) ;
#3595 = ORIENTED_EDGE ( 'NONE', *, *, #1025, .T. ) ;
#3596 = CARTESIAN_POINT ( 'NONE',  ( 3.709746672391584177, 1.500000000000000000, 0.3864319450407920908 ) ) ;
#3597 = ORIENTED_EDGE ( 'NONE', *, *, #286, .F. ) ;
#3599 = EDGE_CURVE ( 'NONE', #230, #4037, #3139, .T. ) ;
#3598 = FACE_OUTER_BOUND ( 'NONE', #1384, .T. ) ;
#3600 = DIRECTION ( 'NONE',  ( 0.000000000000000000, 0.000000000000000000, -1.000000000000000000 ) ) ;
#3601 = ORIENTED_EDGE ( 'NONE', *, *, #2152, .T. ) ;
#3602 = ORIENTED_EDGE ( 'NONE', *, *, #1790, .F. ) ;
#3603 = DIRECTION ( 'NONE',  ( 0.000000000000000000, 0.000000000000000000, 1.000000000000000000 ) ) ;
#3604 = LINE ( 'NONE', #3993, #3231 ) ;
#3605 = DIRECTION ( 'NONE',  ( -0.000000000000000000, -1.000000000000000000, -0.000000000000000000 ) ) ;
#3606 = ORIENTED_EDGE ( 'NONE', *, *, #3721, .T. ) ;
#3607 = EDGE_CURVE ( 'NONE', #3144, #3676, #2460, .T. ) ;
#3608 = CARTESIAN_POINT ( 'NONE',  ( 5.999999999999986677, 1.300000000000000044, -3.250000000000023093 ) ) ;
#3609 = DIRECTION ( 'NONE',  ( 0.000000000000000000, 1.000000000000000000, 0.000000000000000000 ) ) ;
#3610 = EDGE_LOOP ( 'NONE', ( #1935, #37 ) ) ;
#3611 = ORIENTED_EDGE ( 'NONE', *, *, #1178, .F. ) ;
#3612 = CARTESIAN_POINT ( 'NONE',  ( 8.000000000000000000, 1.300000000000000044, 0.000000000000000000 ) ) ;
#3613 = CYLINDRICAL_SURFACE ( 'NONE', #1202, 0.7500000000000006661 ) ;
#3614 = CARTESIAN_POINT ( 'NONE',  ( 0.000000000000000000, 1.300000000000000044, 0.000000000000000000 ) ) ;
#3615 = VERTEX_POINT ( 'NONE', #2820 ) ;
#3616 = DIRECTION ( 'NONE',  ( 0.000000000000000000, 0.000000000000000000, 1.000000000000000000 ) ) ;
#3617 = CARTESIAN_POINT ( 'NONE',  ( 0.000000000000000000, 1.500000000000000000, -7.800000000000004263 ) ) ;
#3618 = ORIENTED_EDGE ( 'NONE', *, *, #925, .F. ) ;
#3619 = ORIENTED_EDGE ( 'NONE', *, *, #445, .T. ) ;
#3620 = DIRECTION ( 'NONE',  ( 1.000000000000000000, 0.000000000000000000, 0.000000000000000000 ) ) ;
#3621 = CARTESIAN_POINT ( 'NONE',  ( -6.209741421002015649, 0.000000000000000000, -4.720075368496982726 ) ) ;
#3622 = CARTESIAN_POINT ( 'NONE',  ( 1.999999999999986233, 1.300000000000000044, -3.250000000000008438 ) ) ;
#3623 = DIRECTION ( 'NONE',  ( 0.000000000000000000, 1.000000000000000000, 0.000000000000000000 ) ) ;
#3624 = ORIENTED_EDGE ( 'NONE', *, *, #3281, .F. ) ;
#3625 = EDGE_LOOP ( 'NONE', ( #3009, #2066, #3742, #1947, #2072, #1635 ) ) ;
#3626 = VECTOR ( 'NONE', #653, 1000.000000000000000 ) ;
#3627 = DIRECTION ( 'NONE',  ( 0.000000000000000000, 1.000000000000000000, 0.000000000000000000 ) ) ;
#3628 = CARTESIAN_POINT ( 'NONE',  ( -7.767343750000003766, 3.621320343559645494, -0.7130014511457506421 ) ) ;
#3629 = ORIENTED_EDGE ( 'NONE', *, *, #4163, .F. ) ;
#3630 = ORIENTED_EDGE ( 'NONE', *, *, #4053, .T. ) ;
#3631 = CIRCLE ( 'NONE', #1073, 0.7500000000000006661 ) ;
#3632 = AXIS2_PLACEMENT_3D ( 'NONE', #3114, #1513, #2798 ) ;
#3633 = CARTESIAN_POINT ( 'NONE',  ( 5.999999999999986677, 1.300000000000000044, -4.000000000000022204 ) ) ;
#3634 = DIRECTION ( 'NONE',  ( -0.000000000000000000, -1.000000000000000000, -0.000000000000000000 ) ) ;
#3635 = AXIS2_PLACEMENT_3D ( 'NONE', #3324, #1034, #2005 ) ;
#3636 = VERTEX_POINT ( 'NONE', #4072 ) ;
#3637 = AXIS2_PLACEMENT_3D ( 'NONE', #1983, #737, #2948 ) ;
#3638 = DIRECTION ( 'NONE',  ( 0.000000000000000000, 1.000000000000000000, 0.000000000000000000 ) ) ;
#3639 = ORIENTED_EDGE ( 'NONE', *, *, #2160, .T. ) ;
#3640 = CIRCLE ( 'NONE', #3103, 0.7500000000000003331 ) ;
#3641 = CYLINDRICAL_SURFACE ( 'NONE', #2433, 0.7500000000000006661 ) ;
#3642 = FACE_OUTER_BOUND ( 'NONE', #2471, .T. ) ;
#3643 = CIRCLE ( 'NONE', #1148, 0.7500000000000006661 ) ;
#3644 = ORIENTED_EDGE ( 'NONE', *, *, #2236, .F. ) ;
#3645 = EDGE_LOOP ( 'NONE', ( #82, #2821 ) ) ;
#3646 = EDGE_CURVE ( 'NONE', #3952, #793, #2719, .T. ) ;
#3647 = PRESENTATION_LAYER_ASSIGNMENT (  '', '', ( #2903 ) ) ;
#3648 = EDGE_CURVE ( 'NONE', #2270, #1653, #3456, .T. ) ;
#3649 = CARTESIAN_POINT ( 'NONE',  ( 5.999999999999979572, 1.300000000000000044, -6.000000000000022204 ) ) ;
#3650 = CARTESIAN_POINT ( 'NONE',  ( 4.000000000000000888, 3.621320343559645494, 4.000000000000000000 ) ) ;
#3651 = CARTESIAN_POINT ( 'NONE',  ( 1.318054248161382835, 3.621320343559645494, -7.687830187959654893 ) ) ;
#3652 = VERTEX_POINT ( 'NONE', #560 ) ;
#3653 = VECTOR ( 'NONE', #2273, 1000.000000000000000 ) ;
#3654 = AXIS2_PLACEMENT_3D ( 'NONE', #67, #1367, #452 ) ;
#3655 = DIRECTION ( 'NONE',  ( 0.000000000000000000, 0.000000000000000000, 1.000000000000000000 ) ) ;
#3656 = PLANE ( 'NONE',  #2092 ) ;
#3657 = EDGE_CURVE ( 'NONE', #2508, #810, #1365, .T. ) ;
#3658 = VERTEX_POINT ( 'NONE', #2806 ) ;
#3659 = ORIENTED_EDGE ( 'NONE', *, *, #734, .F. ) ;
#3660 = AXIS2_PLACEMENT_3D ( 'NONE', #532, #2631, #3967 ) ;
#3661 = CARTESIAN_POINT ( 'NONE',  ( 0.000000000000000000, 1.500000000000000000, 0.000000000000000000 ) ) ;
#3662 = DIRECTION ( 'NONE',  ( 0.000000000000000000, 1.000000000000000000, 0.000000000000000000 ) ) ;
#3663 = AXIS2_PLACEMENT_3D ( 'NONE', #1882, #248, #1550 ) ;
#3664 = DIRECTION ( 'NONE',  ( -0.000000000000000000, -1.000000000000000000, -0.000000000000000000 ) ) ;
#3665 = PLANE ( 'NONE',  #247 ) ;
#3666 = EDGE_CURVE ( 'NONE', #3287, #239, #4000, .T. ) ;
#3667 = DIRECTION ( 'NONE',  ( -0.000000000000000000, -1.000000000000000000, -0.000000000000000000 ) ) ;
#3668 = LINE ( 'NONE', #3617, #3512 ) ;
#3669 = ORIENTED_EDGE ( 'NONE', *, *, #646, .T. ) ;
#3670 = ADVANCED_FACE ( 'NONE', ( #3771 ), #175, .T. ) ;
#3671 = EDGE_LOOP ( 'NONE', ( #3131, #2445, #958, #3587 ) ) ;
#3672 = DIRECTION ( 'NONE',  ( 0.000000000000000000, 1.000000000000000000, 0.000000000000000000 ) ) ;
#3673 = DIRECTION ( 'NONE',  ( 0.000000000000000000, 0.000000000000000000, -1.000000000000000000 ) ) ;
#3674 = DIRECTION ( 'NONE',  ( -0.000000000000000000, -1.000000000000000000, -0.000000000000000000 ) ) ;
#3675 = FACE_OUTER_BOUND ( 'NONE', #140, .T. ) ;
#3676 = VERTEX_POINT ( 'NONE', #1497 ) ;
#3677 = ADVANCED_FACE ( 'NONE', ( #1451 ), #2756, .T. ) ;
#3678 = DIRECTION ( 'NONE',  ( 0.000000000000000000, 0.000000000000000000, 1.000000000000000000 ) ) ;
#3679 = VERTEX_POINT ( 'NONE', #3391 ) ;
#3680 = EDGE_LOOP ( 'NONE', ( #3179, #3953, #2006, #2807 ) ) ;
#3681 = DIRECTION ( 'NONE',  ( 0.000000000000000000, 1.000000000000000000, 0.000000000000000000 ) ) ;
#3682 = LINE ( 'NONE', #2930, #3775 ) ;
#3683 = DIRECTION ( 'NONE',  ( 0.000000000000000000, 1.000000000000000000, 0.000000000000000000 ) ) ;
#3684 = CARTESIAN_POINT ( 'NONE',  ( 5.718151000632913039, 0.000000000000000000, 5.304973999367091686 ) ) ;
#3685 = CARTESIAN_POINT ( 'NONE',  ( -6.000000000000000888, 1.300000000000000044, -4.000000000000000000 ) ) ;
#3686 = CARTESIAN_POINT ( 'NONE',  ( 4.000000000000000888, 3.621320343559645494, 4.000000000000000000 ) ) ;
#3687 = VERTEX_POINT ( 'NONE', #1150 ) ;
#3688 = ORIENTED_EDGE ( 'NONE', *, *, #2052, .F. ) ;
#3689 = APPLICATION_PROTOCOL_DEFINITION ( 'draft international standard', 'automotive_design', 1998, #1941 ) ;
#3690 = DIRECTION ( 'NONE',  ( 0.000000000000000000, 0.000000000000000000, 1.000000000000000000 ) ) ;
#3691 = FACE_OUTER_BOUND ( 'NONE', #3948, .T. ) ;
#3692 = ORIENTED_EDGE ( 'NONE', *, *, #1047, .T. ) ;
#3693 = CARTESIAN_POINT ( 'NONE',  ( -5.999999999999979572, 3.621320343559645494, 2.000000000000063949 ) ) ;
#3694 = VECTOR ( 'NONE', #449, 1000.000000000000000 ) ;
#3695 = ORIENTED_EDGE ( 'NONE', *, *, #3154, .F. ) ;
#3696 = ORIENTED_EDGE ( 'NONE', *, *, #1798, .F. ) ;
#3697 = AXIS2_PLACEMENT_3D ( 'NONE', #170, #2059, #494 ) ;
#3698 = EDGE_CURVE ( 'NONE', #177, #2956, #3327, .T. ) ;
#3699 = LINE ( 'NONE', #186, #3504 ) ;
#3700 = LINE ( 'NONE', #3364, #2280 ) ;
#3701 = DIRECTION ( 'NONE',  ( 0.000000000000000000, 0.000000000000000000, 1.000000000000000000 ) ) ;
#3702 = AXIS2_PLACEMENT_3D ( 'NONE', #3012, #36, #1331 ) ;
#3703 = DIRECTION ( 'NONE',  ( 0.000000000000000000, 1.000000000000000000, 0.000000000000000000 ) ) ;
#3704 = AXIS2_PLACEMENT_3D ( 'NONE', #2555, #4083, #1188 ) ;
#3705 = CARTESIAN_POINT ( 'NONE',  ( 4.000000000000000888, 3.621320343559645494, 5.250000000000000888 ) ) ;
#3706 = CARTESIAN_POINT ( 'NONE',  ( -2.094888803305880013E-14, 3.621320343559645494, -6.000000000000000000 ) ) ;
#3707 = ORIENTED_EDGE ( 'NONE', *, *, #3546, .F. ) ;
#3708 = EDGE_CURVE ( 'NONE', #163, #1249, #2202, .T. ) ;
#3709 = EDGE_LOOP ( 'NONE', ( #1078, #3877, #2312, #928, #1305, #136 ) ) ;
#3710 = AXIS2_PLACEMENT_3D ( 'NONE', #2818, #1925, #3213 ) ;
#3711 = VECTOR ( 'NONE', #72, 1000.000000000000000 ) ;
#3712 = CIRCLE ( 'NONE', #3569, 0.7500000000000011102 ) ;
#3713 = VECTOR ( 'NONE', #3352, 1000.000000000000000 ) ;
#3714 = DIRECTION ( 'NONE',  ( 0.000000000000000000, 0.000000000000000000, 1.000000000000000000 ) ) ;
#3715 = CARTESIAN_POINT ( 'NONE',  ( -3.999999999999958256, 0.000000000000000000, 3.250000000000041300 ) ) ;
#3716 = EDGE_LOOP ( 'NONE', ( #3372, #782, #2027, #1300 ) ) ;
#3717 = VECTOR ( 'NONE', #889, 1000.000000000000000 ) ;
#3718 = CARTESIAN_POINT ( 'NONE',  ( 5.999999999999986677, 3.621320343559645494, -4.000000000000022204 ) ) ;
#3719 = AXIS2_PLACEMENT_3D ( 'NONE', #3100, #227, #3801 ) ;
#3720 = ORIENTED_EDGE ( 'NONE', *, *, #720, .T. ) ;
#3721 = EDGE_CURVE ( 'NONE', #2123, #2831, #1901, .T. ) ;
#3722 = ORIENTED_EDGE ( 'NONE', *, *, #2274, .T. ) ;
#3723 = AXIS2_PLACEMENT_3D ( 'NONE', #3200, #2566, #3183 ) ;
#3724 = DIRECTION ( 'NONE',  ( 0.000000000000000000, -0.000000000000000000, 1.000000000000000000 ) ) ;
#3725 = CARTESIAN_POINT ( 'NONE',  ( -2.000000000000000888, 0.000000000000000000, -6.000000000000000000 ) ) ;
#3726 = CARTESIAN_POINT ( 'NONE',  ( 5.304973999367072146, 3.621320343559645494, -5.718151000632931691 ) ) ;
#3727 = EDGE_CURVE ( 'NONE', #2056, #825, #2787, .T. ) ;
#3728 = DIRECTION ( 'NONE',  ( 0.000000000000000000, 1.000000000000000000, 0.000000000000000000 ) ) ;
#3729 = EDGE_CURVE ( 'NONE', #3758, #3901, #217, .T. ) ;
#3730 = ADVANCED_FACE ( 'NONE', ( #2458 ), #1051, .T. ) ;
#3731 = EDGE_CURVE ( 'NONE', #714, #2811, #690, .T. ) ;
#3732 = AXIS2_PLACEMENT_3D ( 'NONE', #1277, #999, #1623 ) ;
#3733 = CARTESIAN_POINT ( 'NONE',  ( -2.454813398897416565, 0.000000000000000000, -7.403640400275651068 ) ) ;
#3734 = LINE ( 'NONE', #2130, #1437 ) ;
#3735 = VERTEX_POINT ( 'NONE', #2363 ) ;
#3736 = EDGE_CURVE ( 'NONE', #1853, #3970, #1708, .T. ) ;
#3737 = ORIENTED_EDGE ( 'NONE', *, *, #2540, .F. ) ;
#3738 = AXIS2_PLACEMENT_3D ( 'NONE', #2569, #2210, #3895 ) ;
#3739 = EDGE_CURVE ( 'NONE', #2642, #1379, #4070, .T. ) ;
#3740 = DIRECTION ( 'NONE',  ( 0.000000000000000000, 0.000000000000000000, 1.000000000000000000 ) ) ;
#3741 = CARTESIAN_POINT ( 'NONE',  ( 3.999999999999986233, 3.621320343559645494, -4.000000000000015099 ) ) ;
#3742 = ORIENTED_EDGE ( 'NONE', *, *, #1471, .T. ) ;
#3743 = CARTESIAN_POINT ( 'NONE',  ( -2.000000000000000444, 1.300000000000000044, -1.249999999999999556 ) ) ;
#3744 = EDGE_CURVE ( 'NONE', #1092, #824, #3056, .T. ) ;
#3745 = ORIENTED_EDGE ( 'NONE', *, *, #3047, .F. ) ;
#3746 = ORIENTED_EDGE ( 'NONE', *, *, #2893, .F. ) ;
#3747 = CARTESIAN_POINT ( 'NONE',  ( -8.000000000000000000, 0.000000000000000000, 0.000000000000000000 ) ) ;
#3748 = DIRECTION ( 'NONE',  ( 1.000000000000000000, 0.000000000000000000, -3.469446951953621289E-15 ) ) ;
#3749 = CARTESIAN_POINT ( 'NONE',  ( 1.999999999999986233, 3.621320343559645494, -3.250000000000008438 ) ) ;
#3750 = DIRECTION ( 'NONE',  ( 0.000000000000000000, -0.000000000000000000, 1.000000000000000000 ) ) ;
#3751 = DIRECTION ( 'NONE',  ( 0.000000000000000000, 1.000000000000000000, 0.000000000000000000 ) ) ;
#3752 = PLANE ( 'NONE',  #202 ) ;
#3753 = LINE ( 'NONE', #2169, #3181 ) ;
#3754 = VERTEX_POINT ( 'NONE', #387 ) ;
#3755 = ORIENTED_EDGE ( 'NONE', *, *, #2206, .F. ) ;
#3756 = CARTESIAN_POINT ( 'NONE',  ( -1.387407684543648206E-14, 1.300000000000000044, -3.249999999999999556 ) ) ;
#3757 = DIRECTION ( 'NONE',  ( 0.000000000000000000, 1.000000000000000000, 0.000000000000000000 ) ) ;
#3758 = VERTEX_POINT ( 'NONE', #2000 ) ;
#3759 = PLANE ( 'NONE',  #1693 ) ;
#3760 = ORIENTED_EDGE ( 'NONE', *, *, #2462, .T. ) ;
#3761 = ORIENTED_EDGE ( 'NONE', *, *, #2484, .T. ) ;
#3762 = CARTESIAN_POINT ( 'NONE',  ( -2.000000000000000888, 0.000000000000000000, -6.000000000000000000 ) ) ;
#3763 = CARTESIAN_POINT ( 'NONE',  ( -4.000000000000000000, 1.300000000000000044, -2.749999999999998668 ) ) ;
#3764 = DIRECTION ( 'NONE',  ( -0.000000000000000000, -1.000000000000000000, -0.000000000000000000 ) ) ;
#3765 = DIRECTION ( 'NONE',  ( -0.000000000000000000, -1.000000000000000000, -0.000000000000000000 ) ) ;
#3766 = CIRCLE ( 'NONE', #4035, 0.7500000000000006661 ) ;
#3767 = CARTESIAN_POINT ( 'NONE',  ( 0.000000000000000000, -1.500000000000000000, 0.000000000000000000 ) ) ;
#3768 = CARTESIAN_POINT ( 'NONE',  ( 0.000000000000000000, 1.300000000000000044, 0.000000000000000000 ) ) ;
#3769 = AXIS2_PLACEMENT_3D ( 'NONE', #2938, #3278, #722 ) ;
#3770 = DIRECTION ( 'NONE',  ( 0.000000000000000000, 1.000000000000000000, 0.000000000000000000 ) ) ;
#3771 = FACE_OUTER_BOUND ( 'NONE', #2734, .T. ) ;
#3772 = ORIENTED_EDGE ( 'NONE', *, *, #153, .T. ) ;
#3773 = ORIENTED_EDGE ( 'NONE', *, *, #1176, .T. ) ;
#3774 = CIRCLE ( 'NONE', #2353, 7.800000000000004263 ) ;
#3775 = VECTOR ( 'NONE', #326, 1000.000000000000000 ) ;
#3776 = DIRECTION ( 'NONE',  ( 0.000000000000000000, 1.000000000000000000, 0.000000000000000000 ) ) ;
#3777 = DIRECTION ( 'NONE',  ( 0.000000000000000000, 0.000000000000000000, -1.000000000000000000 ) ) ;
#3778 = AXIS2_PLACEMENT_3D ( 'NONE', #3541, #3586, #3298 ) ;
#3779 = EDGE_LOOP ( 'NONE', ( #583, #1859, #1158, #3910 ) ) ;
#3780 = EDGE_CURVE ( 'NONE', #1537, #2156, #1806, .T. ) ;
#3781 = EDGE_CURVE ( 'NONE', #640, #1799, #3584, .T. ) ;
#3782 = AXIS2_PLACEMENT_3D ( 'NONE', #1014, #2308, #2325 ) ;
#3783 = CIRCLE ( 'NONE', #474, 0.7500000000000006661 ) ;
#3784 = LINE ( 'NONE', #3461, #1558 ) ;
#3785 = ORIENTED_EDGE ( 'NONE', *, *, #224, .F. ) ;
#3786 = VECTOR ( 'NONE', #3170, 1000.000000000000000 ) ;
#3787 = AXIS2_PLACEMENT_3D ( 'NONE', #3479, #4060, #3440 ) ;
#3788 = ADVANCED_FACE ( 'NONE', ( #2387 ), #2022, .T. ) ;
#3789 = DIRECTION ( 'NONE',  ( 0.000000000000000000, 0.000000000000000000, 1.000000000000000000 ) ) ;
#3790 = DIRECTION ( 'NONE',  ( 0.000000000000000000, -1.000000000000000000, 0.000000000000000000 ) ) ;
#3791 = DIRECTION ( 'NONE',  ( -0.000000000000000000, -1.000000000000000000, -0.000000000000000000 ) ) ;
#3792 = DIRECTION ( 'NONE',  ( 0.000000000000000000, 1.000000000000000000, 0.000000000000000000 ) ) ;
#3793 = VECTOR ( 'NONE', #155, 1000.000000000000000 ) ;
#3794 = CARTESIAN_POINT ( 'NONE',  ( 0.000000000000000000, 1.300000000000000044, 0.000000000000000000 ) ) ;
#3795 = DIRECTION ( 'NONE',  ( -0.000000000000000000, -1.000000000000000000, -0.000000000000000000 ) ) ;
#3796 = VERTEX_POINT ( 'NONE', #3621 ) ;
#3797 = EDGE_CURVE ( 'NONE', #1725, #2062, #2245, .T. ) ;
#3798 = ORIENTED_EDGE ( 'NONE', *, *, #142, .F. ) ;
#3799 = AXIS2_PLACEMENT_3D ( 'NONE', #3767, #4086, #2536 ) ;
#3800 = CARTESIAN_POINT ( 'NONE',  ( -5.999999999999958256, 0.000000000000000000, 4.000000000000063061 ) ) ;
#3801 = DIRECTION ( 'NONE',  ( 0.000000000000000000, 0.000000000000000000, -1.000000000000000000 ) ) ;
#3802 = VECTOR ( 'NONE', #3246, 1000.000000000000000 ) ;
#3803 = ORIENTED_EDGE ( 'NONE', *, *, #1493, .F. ) ;
#3804 = DIRECTION ( 'NONE',  ( 0.000000000000000000, 0.000000000000000000, 1.000000000000000000 ) ) ;
#3805 = ORIENTED_EDGE ( 'NONE', *, *, #4043, .T. ) ;
#3806 = CARTESIAN_POINT ( 'NONE',  ( 6.000000000000000888, 1.300000000000000044, 6.000000000000000000 ) ) ;
#3807 = DIRECTION ( 'NONE',  ( -0.000000000000000000, -1.000000000000000000, -0.000000000000000000 ) ) ;
#3808 = CARTESIAN_POINT ( 'NONE',  ( 3.999999999999979128, 3.621320343559645494, -6.000000000000015099 ) ) ;
#3809 = FACE_BOUND ( 'NONE', #3398, .T. ) ;
#3810 = DIRECTION ( 'NONE',  ( -0.000000000000000000, -1.000000000000000000, -0.000000000000000000 ) ) ;
#3811 = DIRECTION ( 'NONE',  ( 0.000000000000000000, 0.000000000000000000, 1.000000000000000000 ) ) ;
#3812 = VERTEX_POINT ( 'NONE', #94 ) ;
#3813 = ORIENTED_EDGE ( 'NONE', *, *, #2593, .T. ) ;
#3814 = PLANE ( 'NONE',  #2557 ) ;
#3815 = DIRECTION ( 'NONE',  ( -0.000000000000000000, -1.000000000000000000, -0.000000000000000000 ) ) ;
#3816 = ORIENTED_EDGE ( 'NONE', *, *, #3210, .T. ) ;
#3817 = DIRECTION ( 'NONE',  ( -0.000000000000000000, -1.000000000000000000, -0.000000000000000000 ) ) ;
#3818 = CARTESIAN_POINT ( 'NONE',  ( 6.000000000000000000, 3.621320343559645494, 2.750000000000000444 ) ) ;
#3819 = ORIENTED_EDGE ( 'NONE', *, *, #2979, .T. ) ;
#3820 = CARTESIAN_POINT ( 'NONE',  ( -2.094888803305880013E-14, 1.300000000000000044, -6.000000000000000000 ) ) ;
#3821 = CARTESIAN_POINT ( 'NONE',  ( 0.000000000000000000, 1.300000000000000044, 0.000000000000000000 ) ) ;
#3822 = EDGE_CURVE ( 'NONE', #3679, #2619, #3125, .T. ) ;
#3823 = CARTESIAN_POINT ( 'NONE',  ( 1.999999999999993117, 1.300000000000000044, -2.750000000000007550 ) ) ;
#3824 = FACE_OUTER_BOUND ( 'NONE', #1476, .T. ) ;
#3825 = CYLINDRICAL_SURFACE ( 'NONE', #2827, 0.7500000000000003331 ) ;
#3826 = VERTEX_POINT ( 'NONE', #1341 ) ;
#3827 = AXIS2_PLACEMENT_3D ( 'NONE', #3447, #555, #1189 ) ;
#3828 = ORIENTED_EDGE ( 'NONE', *, *, #2531, .F. ) ;
#3830 = EDGE_CURVE ( 'NONE', #924, #3615, #1507, .T. ) ;
#3829 = CARTESIAN_POINT ( 'NONE',  ( -2.000000000000000444, 1.300000000000000044, -2.000000000000000000 ) ) ;
#3831 = CARTESIAN_POINT ( 'NONE',  ( -2.000000000000000444, 0.000000000000000000, -1.249999999999999556 ) ) ;
#3832 = ORIENTED_EDGE ( 'NONE', *, *, #489, .F. ) ;
#3833 = VECTOR ( 'NONE', #559, 1000.000000000000000 ) ;
#3834 = CARTESIAN_POINT ( 'NONE',  ( -2.000000000000000888, 3.621320343559645494, -5.249999999999999112 ) ) ;
#3835 = AXIS2_PLACEMENT_3D ( 'NONE', #3855, #3199, #3182 ) ;
#3836 = PLANE ( 'NONE',  #1612 ) ;
#3837 = CYLINDRICAL_SURFACE ( 'NONE', #268, 0.7500000000000002220 ) ;
#3838 = ORIENTED_EDGE ( 'NONE', *, *, #1657, .T. ) ;
#3839 = EDGE_CURVE ( 'NONE', #3952, #3636, #857, .T. ) ;
#3840 = CIRCLE ( 'NONE', #2966, 0.7500000000000002220 ) ;
#3841 = AXIS2_PLACEMENT_3D ( 'NONE', #2720, #1518, #4088 ) ;
#3842 = ORIENTED_EDGE ( 'NONE', *, *, #593, .T. ) ;
#3843 = DIRECTION ( 'NONE',  ( -0.000000000000000000, -1.000000000000000000, -0.000000000000000000 ) ) ;
#3844 = AXIS2_PLACEMENT_3D ( 'NONE', #3932, #2277, #3208 ) ;
#3845 = EDGE_CURVE ( 'NONE', #1998, #2567, #2574, .T. ) ;
#3846 = DIRECTION ( 'NONE',  ( -0.000000000000000000, -1.000000000000000000, -0.000000000000000000 ) ) ;
#3847 = VECTOR ( 'NONE', #2392, 1000.000000000000000 ) ;
#3848 = DIRECTION ( 'NONE',  ( 0.000000000000000000, 1.000000000000000000, 0.000000000000000000 ) ) ;
#3849 = FACE_BOUND ( 'NONE', #503, .T. ) ;
#3850 = FACE_OUTER_BOUND ( 'NONE', #1375, .T. ) ;
#3851 = AXIS2_PLACEMENT_3D ( 'NONE', #1583, #2301, #2931 ) ;
#3852 = EDGE_CURVE ( 'NONE', #2539, #1520, #2069, .T. ) ;
#3853 = ORIENTED_EDGE ( 'NONE', *, *, #3135, .T. ) ;
#3854 = CIRCLE ( 'NONE', #211, 0.7500000000000002220 ) ;
#3855 = CARTESIAN_POINT ( 'NONE',  ( 0.000000000000000000, 0.000000000000000000, 0.000000000000000000 ) ) ;
#3856 = CARTESIAN_POINT ( 'NONE',  ( -6.000000000000000000, 0.000000000000000000, -2.750000000000000444 ) ) ;
#3857 = EDGE_CURVE ( 'NONE', #379, #3308, #2179, .T. ) ;
#3858 = EDGE_LOOP ( 'NONE', ( #1734, #2654 ) ) ;
#3859 = VECTOR ( 'NONE', #3428, 1000.000000000000000 ) ;
#3860 = ADVANCED_FACE ( 'NONE', ( #2656 ), #511, .T. ) ;
#3861 = LINE ( 'NONE', #1301, #3862 ) ;
#3862 = VECTOR ( 'NONE', #735, 1000.000000000000000 ) ;
#3863 = DIRECTION ( 'NONE',  ( -0.000000000000000000, -1.000000000000000000, -0.000000000000000000 ) ) ;
#3864 = DIRECTION ( 'NONE',  ( 0.000000000000000000, 1.000000000000000000, 0.000000000000000000 ) ) ;
#3865 = ORIENTED_EDGE ( 'NONE', *, *, #644, .F. ) ;
#3866 = DIRECTION ( 'NONE',  ( -0.000000000000000000, -1.000000000000000000, -0.000000000000000000 ) ) ;
#3867 = EDGE_CURVE ( 'NONE', #3082, #102, #1772, .T. ) ;
#3868 = FACE_OUTER_BOUND ( 'NONE', #119, .T. ) ;
#3869 = DIRECTION ( 'NONE',  ( 0.000000000000000000, 0.000000000000000000, 1.000000000000000000 ) ) ;
#3870 = CYLINDRICAL_SURFACE ( 'NONE', #4104, 0.7500000000000011102 ) ;
#3871 = ORIENTED_EDGE ( 'NONE', *, *, #890, .T. ) ;
#3872 = DIRECTION ( 'NONE',  ( 0.000000000000000000, 1.000000000000000000, 0.000000000000000000 ) ) ;
#3873 = ORIENTED_EDGE ( 'NONE', *, *, #3154, .T. ) ;
#3874 = DIRECTION ( 'NONE',  ( -0.000000000000000000, -1.000000000000000000, -0.000000000000000000 ) ) ;
#3875 = FACE_OUTER_BOUND ( 'NONE', #581, .T. ) ;
#3876 = VERTEX_POINT ( 'NONE', #785 ) ;
#3877 = ORIENTED_EDGE ( 'NONE', *, *, #2955, .T. ) ;
#3878 = EDGE_CURVE ( 'NONE', #2340, #3388, #4133, .T. ) ;
#3879 = CYLINDRICAL_SURFACE ( 'NONE', #3732, 0.7500000000000006661 ) ;
#3880 = DIRECTION ( 'NONE',  ( 0.000000000000000000, -0.000000000000000000, 1.000000000000000000 ) ) ;
#3881 = DIRECTION ( 'NONE',  ( 0.000000000000000000, 0.000000000000000000, -1.000000000000000000 ) ) ;
#3882 = ORIENTED_EDGE ( 'NONE', *, *, #3282, .T. ) ;
#3883 = LINE ( 'NONE', #355, #1494 ) ;
#3884 = DIRECTION ( 'NONE',  ( -0.000000000000000000, -1.000000000000000000, -0.000000000000000000 ) ) ;
#3885 = CARTESIAN_POINT ( 'NONE',  ( -0.7130014511457776205, 0.000000000000000000, -7.767343750000001101 ) ) ;
#3886 = CARTESIAN_POINT ( 'NONE',  ( 0.000000000000000000, 1.300000000000000044, 0.000000000000000000 ) ) ;
#3887 = ORIENTED_EDGE ( 'NONE', *, *, #1843, .F. ) ;
#3888 = EDGE_CURVE ( 'NONE', #2592, #3227, #895, .T. ) ;
#3889 = FACE_OUTER_BOUND ( 'NONE', #1706, .T. ) ;
#3890 = EDGE_LOOP ( 'NONE', ( #921, #2980 ) ) ;
#3891 = CARTESIAN_POINT ( 'NONE',  ( -6.000000000000000888, 3.621320343559645494, -4.000000000000000000 ) ) ;
#3892 = DIRECTION ( 'NONE',  ( -0.000000000000000000, 1.000000000000000000, -0.000000000000000000 ) ) ;
#3893 = VERTEX_POINT ( 'NONE', #2185 ) ;
#3894 = ORIENTED_EDGE ( 'NONE', *, *, #472, .T. ) ;
#3895 = DIRECTION ( 'NONE',  ( 0.000000000000000000, -0.000000000000000000, 1.000000000000000000 ) ) ;
#3896 = DIRECTION ( 'NONE',  ( -0.000000000000000000, -1.000000000000000000, -0.000000000000000000 ) ) ;
#3897 = PLANE ( 'NONE',  #3996 ) ;
#3898 = VECTOR ( 'NONE', #2037, 1000.000000000000000 ) ;
#3899 = AXIS2_PLACEMENT_3D ( 'NONE', #2898, #3594, #2617 ) ;
#3900 = EDGE_CURVE ( 'NONE', #1382, #2642, #2041, .T. ) ;
#3901 = VERTEX_POINT ( 'NONE', #3526 ) ;
#3902 = EDGE_CURVE ( 'NONE', #1216, #2831, #554, .T. ) ;
#3903 = ADVANCED_FACE ( 'NONE', ( #1906 ), #1207, .T. ) ;
#3904 = AXIS2_PLACEMENT_3D ( 'NONE', #246, #233, #3446 ) ;
#3905 = CARTESIAN_POINT ( 'NONE',  ( -3.999999999999937828, 0.000000000000000000, 6.000000000000042633 ) ) ;
#3906 = CARTESIAN_POINT ( 'NONE',  ( 0.000000000000000000, 0.000000000000000000, 0.000000000000000000 ) ) ;
#3907 = ORIENTED_EDGE ( 'NONE', *, *, #2532, .T. ) ;
#3908 = CIRCLE ( 'NONE', #2495, 0.7500000000000002220 ) ;
#3909 = AXIS2_PLACEMENT_3D ( 'NONE', #2704, #3317, #368 ) ;
#3910 = ORIENTED_EDGE ( 'NONE', *, *, #798, .T. ) ;
#3911 = EDGE_CURVE ( 'NONE', #1682, #347, #1440, .T. ) ;
#3912 = VECTOR ( 'NONE', #1306, 1000.000000000000000 ) ;
#3913 = VECTOR ( 'NONE', #2042, 1000.000000000000000 ) ;
#3914 = FACE_OUTER_BOUND ( 'NONE', #2320, .T. ) ;
#3915 = DIRECTION ( 'NONE',  ( 1.000000000000000000, 0.000000000000000000, -3.469446951953611033E-15 ) ) ;
#3916 = VERTEX_POINT ( 'NONE', #3468 ) ;
#3917 = DIRECTION ( 'NONE',  ( 0.000000000000000000, 0.000000000000000000, -1.000000000000000000 ) ) ;
#3918 = ORIENTED_EDGE ( 'NONE', *, *, #1346, .F. ) ;
#3919 = AXIS2_PLACEMENT_3D ( 'NONE', #3291, #1455, #2658 ) ;
#3920 = CARTESIAN_POINT ( 'NONE',  ( -5.718151000632857084, 0.000000000000000000, 5.304973999367152970 ) ) ;
#3921 = CARTESIAN_POINT ( 'NONE',  ( 0.000000000000000000, -3.500000000000000000, 0.000000000000000000 ) ) ;
#3922 = EDGE_CURVE ( 'NONE', #1809, #924, #2855, .T. ) ;
#3923 = VERTEX_POINT ( 'NONE', #588 ) ;
#3924 = ORIENTED_EDGE ( 'NONE', *, *, #665, .F. ) ;
#3925 = CIRCLE ( 'NONE', #486, 0.7500000000000006661 ) ;
#3926 = CARTESIAN_POINT ( 'NONE',  ( -5.999999999999979572, 3.621320343559645494, 1.250000000000063505 ) ) ;
#3927 = FACE_OUTER_BOUND ( 'NONE', #2444, .T. ) ;
#3928 = DIRECTION ( 'NONE',  ( 0.000000000000000000, -0.000000000000000000, 1.000000000000000000 ) ) ;
#3929 = CIRCLE ( 'NONE', #765, 7.800000000000004263 ) ;
#3930 = ORIENTED_EDGE ( 'NONE', *, *, #2673, .T. ) ;
#3931 = VECTOR ( 'NONE', #2143, 1000.000000000000000 ) ;
#3932 = CARTESIAN_POINT ( 'NONE',  ( 6.000000000000000000, 0.000000000000000000, 2.000000000000000000 ) ) ;
#3933 = CARTESIAN_POINT ( 'NONE',  ( -3.999999999999937828, 1.300000000000000044, 6.000000000000042633 ) ) ;
#3934 = ORIENTED_EDGE ( 'NONE', *, *, #27, .F. ) ;
#3935 = VERTEX_POINT ( 'NONE', #2803 ) ;
#3936 = CARTESIAN_POINT ( 'NONE',  ( 0.000000000000000000, 1.500000000000000000, 0.000000000000000000 ) ) ;
#3937 = CARTESIAN_POINT ( 'NONE',  ( 0.000000000000000000, 1.300000000000000044, 0.000000000000000000 ) ) ;
#3938 = ORIENTED_EDGE ( 'NONE', *, *, #3973, .F. ) ;
#3939 = DIRECTION ( 'NONE',  ( 0.000000000000000000, 0.000000000000000000, 1.000000000000000000 ) ) ;
#3940 = VERTEX_POINT ( 'NONE', #3823 ) ;
#3941 = CARTESIAN_POINT ( 'NONE',  ( -4.000000000000000888, 3.621320343559645494, -4.000000000000000000 ) ) ;
#3942 = DIRECTION ( 'NONE',  ( 0.000000000000000000, 0.000000000000000000, -1.000000000000000000 ) ) ;
#3943 = ORIENTED_EDGE ( 'NONE', *, *, #3288, .F. ) ;
#3944 = ORIENTED_EDGE ( 'NONE', *, *, #2986, .T. ) ;
#3945 = DIRECTION ( 'NONE',  ( -0.000000000000000000, -1.000000000000000000, -0.000000000000000000 ) ) ;
#3946 = CARTESIAN_POINT ( 'NONE',  ( 6.745354732844144330, 3.621320343559645494, 3.916655400733789705 ) ) ;
#3947 = CARTESIAN_POINT ( 'NONE',  ( -7.687830187959638906, 1.300000000000000044, 1.318054248161495190 ) ) ;
#3948 = EDGE_LOOP ( 'NONE', ( #2748, #1536, #544, #228 ) ) ;
#3949 = ORIENTED_EDGE ( 'NONE', *, *, #2229, .T. ) ;
#3950 = DIRECTION ( 'NONE',  ( 0.000000000000000000, 1.000000000000000000, 0.000000000000000000 ) ) ;
#3951 = CYLINDRICAL_SURFACE ( 'NONE', #256, 0.7500000000000011102 ) ;
#3952 = VERTEX_POINT ( 'NONE', #1862 ) ;
#3953 = ORIENTED_EDGE ( 'NONE', *, *, #3581, .T. ) ;
#3954 = CARTESIAN_POINT ( 'NONE',  ( -2.000000000000000444, 3.621320343559645494, -3.250000000000000000 ) ) ;
#3955 = PLANE ( 'NONE',  #656 ) ;
#3956 = ORIENTED_EDGE ( 'NONE', *, *, #4163, .T. ) ;
#3957 = CARTESIAN_POINT ( 'NONE',  ( 4.000000000000000000, 0.000000000000000000, 2.749999999999998668 ) ) ;
#3958 = ADVANCED_FACE ( 'NONE', ( #4105 ), #3449, .T. ) ;
#3959 = ORIENTED_EDGE ( 'NONE', *, *, #158, .T. ) ;
#3960 = ADVANCED_FACE ( 'NONE', ( #1826, #3149 ), #2817, .T. ) ;
#3961 = CARTESIAN_POINT ( 'NONE',  ( 1.999999999999986233, 1.300000000000000044, -4.000000000000007105 ) ) ;
#3962 = DIRECTION ( 'NONE',  ( -0.000000000000000000, -1.000000000000000000, -0.000000000000000000 ) ) ;
#3963 = ORIENTED_EDGE ( 'NONE', *, *, #2541, .F. ) ;
#3964 = ORIENTED_EDGE ( 'NONE', *, *, #704, .F. ) ;
#3965 = EDGE_CURVE ( 'NONE', #1249, #596, #1296, .T. ) ;
#3966 = CARTESIAN_POINT ( 'NONE',  ( 3.999999999999993339, 1.300000000000000044, -2.000000000000014211 ) ) ;
#3967 = DIRECTION ( 'NONE',  ( 1.000000000000000000, 0.000000000000000000, -3.469446951953611033E-15 ) ) ;
#3968 = CARTESIAN_POINT ( 'NONE',  ( -2.000000000000000444, 0.000000000000000000, -3.249999999999999556 ) ) ;
#3969 = DIRECTION ( 'NONE',  ( -0.000000000000000000, -1.000000000000000000, -0.000000000000000000 ) ) ;
#3970 = VERTEX_POINT ( 'NONE', #3195 ) ;
#3971 = DIRECTION ( 'NONE',  ( 0.000000000000000000, 1.000000000000000000, 0.000000000000000000 ) ) ;
#3972 = FACE_OUTER_BOUND ( 'NONE', #2260, .T. ) ;
#3973 = EDGE_CURVE ( 'NONE', #2067, #1118, #836, .T. ) ;
#3974 = EDGE_LOOP ( 'NONE', ( #35, #294, #4196, #2368 ) ) ;
#3975 = AXIS2_PLACEMENT_3D ( 'NONE', #404, #3567, #2351 ) ;
#3976 = EDGE_CURVE ( 'NONE', #1537, #3735, #2513, .T. ) ;
#3977 = CARTESIAN_POINT ( 'NONE',  ( 2.782089406222294059, 0.000000000000000000, 9.291941700265931914 ) ) ;
#3978 = CARTESIAN_POINT ( 'NONE',  ( 0.000000000000000000, 1.300000000000000044, 0.000000000000000000 ) ) ;
#3979 = AXIS2_PLACEMENT_3D ( 'NONE', #1878, #3173, #2220 ) ;
#3980 = AXIS2_PLACEMENT_3D ( 'NONE', #2728, #2001, #2366 ) ;
#3981 = CARTESIAN_POINT ( 'NONE',  ( 6.209741421002015649, 0.000000000000000000, -4.720075368496982726 ) ) ;
#3982 = CARTESIAN_POINT ( 'NONE',  ( -5.999999999999937828, 1.300000000000000044, 6.000000000000063061 ) ) ;
#3983 = AXIS2_PLACEMENT_3D ( 'NONE', #2225, #3176, #2878 ) ;
#3984 = VECTOR ( 'NONE', #941, 1000.000000000000000 ) ;
#3985 = EDGE_CURVE ( 'NONE', #2857, #2950, #3061, .T. ) ;
#3986 = PLANE ( 'NONE',  #1888 ) ;
#3987 = DIRECTION ( 'NONE',  ( 0.000000000000000000, 1.000000000000000000, 0.000000000000000000 ) ) ;
#3988 = VECTOR ( 'NONE', #1962, 1000.000000000000000 ) ;
#3989 = ORIENTED_EDGE ( 'NONE', *, *, #4143, .T. ) ;
#3990 = ORIENTED_EDGE ( 'NONE', *, *, #3560, .F. ) ;
#3991 = AXIS2_PLACEMENT_3D ( 'NONE', #1221, #3105, #264 ) ;
#3992 = DIRECTION ( 'NONE',  ( 1.000000000000000000, 0.000000000000000000, -3.469446951953611033E-15 ) ) ;
#3993 = CARTESIAN_POINT ( 'NONE',  ( 5.999999999999992895, 3.621320343559645494, -1.250000000000021538 ) ) ;
#3994 = CYLINDRICAL_SURFACE ( 'NONE', #2238, 0.7500000000000015543 ) ;
#3995 = ORIENTED_EDGE ( 'NONE', *, *, #1969, .F. ) ;
#3996 = AXIS2_PLACEMENT_3D ( 'NONE', #1003, #3042, #484 ) ;
#3997 = VECTOR ( 'NONE', #2783, 1000.000000000000000 ) ;
#3998 = VERTEX_POINT ( 'NONE', #2250 ) ;
#3999 = EDGE_LOOP ( 'NONE', ( #1326, #491, #1330, #3943 ) ) ;
#4000 = CIRCLE ( 'NONE', #3517, 0.7499999999999988898 ) ;
#4001 = DIRECTION ( 'NONE',  ( 0.000000000000000000, 0.000000000000000000, 1.000000000000000000 ) ) ;
#4002 = FACE_OUTER_BOUND ( 'NONE', #156, .T. ) ;
#4003 = VECTOR ( 'NONE', #3817, 1000.000000000000000 ) ;
#4004 = CARTESIAN_POINT ( 'NONE',  ( 7.767343750000003766, 1.300000000000000044, -0.7130014511457506421 ) ) ;
#4005 = CARTESIAN_POINT ( 'NONE',  ( 0.000000000000000000, 1.300000000000000044, 0.000000000000000000 ) ) ;
#4006 = CARTESIAN_POINT ( 'NONE',  ( 0.000000000000000000, 1.300000000000000044, 0.000000000000000000 ) ) ;
#4007 = DIRECTION ( 'NONE',  ( 0.000000000000000000, 1.000000000000000000, 0.000000000000000000 ) ) ;
#4008 = ORIENTED_EDGE ( 'NONE', *, *, #2639, .T. ) ;
#4009 = ORIENTED_EDGE ( 'NONE', *, *, #2661, .T. ) ;
#4010 = DIRECTION ( 'NONE',  ( 1.000000000000000000, 0.000000000000000000, -3.469446951953612611E-15 ) ) ;
#4011 = CARTESIAN_POINT ( 'NONE',  ( 1.999999999999986233, 0.000000000000000000, -3.250000000000008438 ) ) ;
#4012 = ORIENTED_EDGE ( 'NONE', *, *, #2174, .T. ) ;
#4013 = EDGE_CURVE ( 'NONE', #3064, #1975, #2861, .T. ) ;
#4014 = SURFACE_STYLE_FILL_AREA ( #1419 ) ;
#4015 = ORIENTED_EDGE ( 'NONE', *, *, #862, .T. ) ;
#4016 = ORIENTED_EDGE ( 'NONE', *, *, #159, .F. ) ;
#4017 = EDGE_CURVE ( 'NONE', #1840, #3916, #1101, .T. ) ;
#4018 = DIRECTION ( 'NONE',  ( 0.000000000000000000, 0.000000000000000000, 1.000000000000000000 ) ) ;
#4019 = DIRECTION ( 'NONE',  ( 0.000000000000000000, 1.000000000000000000, 0.000000000000000000 ) ) ;
#4020 = DIRECTION ( 'NONE',  ( 0.000000000000000000, 0.000000000000000000, 1.000000000000000000 ) ) ;
#4021 = CARTESIAN_POINT ( 'NONE',  ( -6.000000000000000000, 0.000000000000000000, -1.249999999999999556 ) ) ;
#4022 = EDGE_LOOP ( 'NONE', ( #742, #2573 ) ) ;
#4023 = CARTESIAN_POINT ( 'NONE',  ( 7.403640400275642186, 0.000000000000000000, -2.454813398897442767 ) ) ;
#4024 = CARTESIAN_POINT ( 'NONE',  ( -3.916655400733719539, 3.621320343559645494, 6.745354732844185186 ) ) ;
#4025 = ORIENTED_EDGE ( 'NONE', *, *, #385, .F. ) ;
#4026 = ORIENTED_EDGE ( 'NONE', *, *, #2774, .F. ) ;
#4027 = EDGE_CURVE ( 'NONE', #779, #3096, #3192, .T. ) ;
#4028 = DIRECTION ( 'NONE',  ( 0.000000000000000000, 1.000000000000000000, 0.000000000000000000 ) ) ;
#4029 = CARTESIAN_POINT ( 'NONE',  ( 0.000000000000000000, 0.000000000000000000, 0.000000000000000000 ) ) ;
#4030 = ORIENTED_EDGE ( 'NONE', *, *, #3261, .T. ) ;
#4031 = CYLINDRICAL_SURFACE ( 'NONE', #4059, 0.7499999999999981126 ) ;
#4032 = EDGE_CURVE ( 'NONE', #1104, #2567, #2994, .T. ) ;
#4033 = ADVANCED_FACE ( 'NONE', ( #2929 ), #2257, .T. ) ;
#4034 = EDGE_CURVE ( 'NONE', #522, #3206, #1371, .T. ) ;
#4035 = AXIS2_PLACEMENT_3D ( 'NONE', #2142, #3350, #1739 ) ;
#4036 = ORIENTED_EDGE ( 'NONE', *, *, #4027, .F. ) ;
#4037 = VERTEX_POINT ( 'NONE', #1254 ) ;
#4038 = CARTESIAN_POINT ( 'NONE',  ( 3.999999999999993339, 3.621320343559645494, -2.000000000000014211 ) ) ;
#4039 = DIRECTION ( 'NONE',  ( -0.000000000000000000, -1.000000000000000000, -0.000000000000000000 ) ) ;
#4040 = DIRECTION ( 'NONE',  ( 0.000000000000000000, 0.000000000000000000, -1.000000000000000000 ) ) ;
#4041 = AXIS2_PLACEMENT_3D ( 'NONE', #974, #3138, #2226 ) ;
#4042 = CARTESIAN_POINT ( 'NONE',  ( 0.000000000000000000, 1.300000000000000044, 0.000000000000000000 ) ) ;
#4043 = EDGE_CURVE ( 'NONE', #1813, #1242, #2182, .T. ) ;
#4044 = EDGE_CURVE ( 'NONE', #1242, #1813, #1841, .T. ) ;
#4045 = CIRCLE ( 'NONE', #598, 7.800000000000004263 ) ;
#4046 = VECTOR ( 'NONE', #3548, 1000.000000000000000 ) ;
#4047 = CARTESIAN_POINT ( 'NONE',  ( 0.000000000000000000, 1.300000000000000044, 0.000000000000000000 ) ) ;
#4048 = CARTESIAN_POINT ( 'NONE',  ( -3.999999999999937828, 3.621320343559645494, 5.250000000000040856 ) ) ;
#4049 = ORIENTED_EDGE ( 'NONE', *, *, #2409, .F. ) ;
#4050 = ORIENTED_EDGE ( 'NONE', *, *, #2532, .F. ) ;
#4051 = CIRCLE ( 'NONE', #3039, 0.7500000000000003331 ) ;
#4052 = CIRCLE ( 'NONE', #607, 0.7500000000000002220 ) ;
#4053 = EDGE_CURVE ( 'NONE', #2598, #479, #926, .T. ) ;
#4054 = AXIS2_PLACEMENT_3D ( 'NONE', #3806, #526, #3789 ) ;
#4055 = AXIS2_PLACEMENT_3D ( 'NONE', #1807, #3092, #131 ) ;
#4056 = CARTESIAN_POINT ( 'NONE',  ( -6.000000000000000888, 0.000000000000000000, -4.000000000000000000 ) ) ;
#4057 = CARTESIAN_POINT ( 'NONE',  ( -3.999999999999937828, 1.300000000000000044, 5.250000000000040856 ) ) ;
#4058 = EDGE_LOOP ( 'NONE', ( #861, #2009, #3157, #1201 ) ) ;
#4059 = AXIS2_PLACEMENT_3D ( 'NONE', #3718, #1753, #772 ) ;
#4060 = DIRECTION ( 'NONE',  ( 0.000000000000000000, 1.000000000000000000, -0.000000000000000000 ) ) ;
#4061 = AXIS2_PLACEMENT_3D ( 'NONE', #2705, #2682, #139 ) ;
#4062 = ORIENTED_EDGE ( 'NONE', *, *, #1037, .F. ) ;
#4063 = ORIENTED_EDGE ( 'NONE', *, *, #791, .F. ) ;
#4064 = DIRECTION ( 'NONE',  ( 0.000000000000000000, -0.000000000000000000, 1.000000000000000000 ) ) ;
#4065 = DIRECTION ( 'NONE',  ( 0.000000000000000000, 0.000000000000000000, -1.000000000000000000 ) ) ;
#4066 = DIRECTION ( 'NONE',  ( -0.1036060842594564019, 0.000000000000000000, -0.9946184088907777943 ) ) ;
#4067 = DIRECTION ( 'NONE',  ( 0.000000000000000000, -0.000000000000000000, 1.000000000000000000 ) ) ;
#4068 = EDGE_LOOP ( 'NONE', ( #1510, #391, #792, #1620 ) ) ;
#4069 = PRODUCT_DEFINITION_FORMATION_WITH_SPECIFIED_SOURCE ( 'ANY', '', #2888, .NOT_KNOWN. ) ;
#4070 = LINE ( 'NONE', #3289, #3931 ) ;
#4071 = CARTESIAN_POINT ( 'NONE',  ( 0.000000000000000000, 1.300000000000000044, 0.000000000000000000 ) ) ;
#4072 = CARTESIAN_POINT ( 'NONE',  ( -5.999999999999979572, 0.000000000000000000, 1.250000000000063505 ) ) ;
#4073 = ORIENTED_EDGE ( 'NONE', *, *, #133, .F. ) ;
#4074 = ORIENTED_EDGE ( 'NONE', *, *, #1588, .F. ) ;
#4075 = DIRECTION ( 'NONE',  ( 0.000000000000000000, 0.000000000000000000, 1.000000000000000000 ) ) ;
#4076 = CARTESIAN_POINT ( 'NONE',  ( -4.000000000000000000, 1.300000000000000044, -1.250000000000001554 ) ) ;
#4077 = ORIENTED_EDGE ( 'NONE', *, *, #3427, .F. ) ;
#4078 = CARTESIAN_POINT ( 'NONE',  ( 4.000000000000000000, 3.621320343559645494, 2.000000000000000000 ) ) ;
#4079 = ORIENTED_EDGE ( 'NONE', *, *, #3599, .F. ) ;
#4080 = EDGE_LOOP ( 'NONE', ( #2710, #689, #1529, #305, #627, #3746, #3156, #2150, #2289, #2551, #396, #3402, #4131, #4077, #3582, #1928, #1990, #1695, #1276, #1757, #2307, #2450, #3280, #3094, #3930, #2128, #1816, #4025, #3606, #3215, #2016, #265, #2672, #382, #1750, #829, #2683, #302, #91, #2112, #97, #1181, #2091, #2621, #1721, #1566, #725, #3460, #3300, #3938, #199, #4073, #3238, #3023, #1337, #3813, #3551 ) ) ;
#4081 = CARTESIAN_POINT ( 'NONE',  ( -2.094888803305880013E-14, 3.621320343559645494, -6.750000000000000888 ) ) ;
#4082 = CARTESIAN_POINT ( 'NONE',  ( -4.000000000000000888, 1.300000000000000044, -4.000000000000000000 ) ) ;
#4083 = DIRECTION ( 'NONE',  ( -0.000000000000000000, -1.000000000000000000, -0.000000000000000000 ) ) ;
#4084 = CARTESIAN_POINT ( 'NONE',  ( 1.999999999999993117, 3.621320343559645494, -2.000000000000007550 ) ) ;
#4085 = PRODUCT_DEFINITION_CONTEXT ( 'detailed design', #2219, 'design' ) ;
#4086 = DIRECTION ( 'NONE',  ( 0.000000000000000000, -1.000000000000000000, 0.000000000000000000 ) ) ;
#4087 = CARTESIAN_POINT ( 'NONE',  ( 0.000000000000000000, 0.000000000000000000, 0.000000000000000000 ) ) ;
#4088 = DIRECTION ( 'NONE',  ( 0.000000000000000000, 0.000000000000000000, 1.000000000000000000 ) ) ;
#4089 = DIRECTION ( 'NONE',  ( 0.000000000000000000, 0.000000000000000000, 1.000000000000000000 ) ) ;
#4090 = ADVANCED_FACE ( 'NONE', ( #263 ), #2884, .T. ) ;
#4091 = ADVANCED_FACE ( 'NONE', ( #3187 ), #3879, .T. ) ;
#4092 = ORIENTED_EDGE ( 'NONE', *, *, #536, .F. ) ;
#4093 = VERTEX_POINT ( 'NONE', #947 ) ;
#4094 = DIRECTION ( 'NONE',  ( -0.000000000000000000, -1.000000000000000000, -0.000000000000000000 ) ) ;
#4095 = CARTESIAN_POINT ( 'NONE',  ( 1.999999999999979128, 1.300000000000000044, -6.000000000000007105 ) ) ;
#4096 = ORIENTED_EDGE ( 'NONE', *, *, #968, .F. ) ;
#4097 = ADVANCED_FACE ( 'NONE', ( #289 ), #4137, .T. ) ;
#4098 = DIRECTION ( 'NONE',  ( 0.000000000000000000, 0.000000000000000000, -1.000000000000000000 ) ) ;
#4099 = ORIENTED_EDGE ( 'NONE', *, *, #1163, .T. ) ;
#4100 = CARTESIAN_POINT ( 'NONE',  ( 1.999999999999979128, 3.621320343559645494, -6.750000000000007994 ) ) ;
#4101 = ADVANCED_FACE ( 'NONE', ( #641 ), #2527, .T. ) ;
#4102 = CARTESIAN_POINT ( 'NONE',  ( -6.000000000000000888, 1.300000000000000044, -6.000000000000000000 ) ) ;
#4103 = ORIENTED_EDGE ( 'NONE', *, *, #1607, .F. ) ;
#4104 = AXIS2_PLACEMENT_3D ( 'NONE', #360, #1652, #1041 ) ;
#4105 = FACE_OUTER_BOUND ( 'NONE', #3999, .T. ) ;
#4106 = FACE_BOUND ( 'NONE', #681, .T. ) ;
#4107 = DIRECTION ( 'NONE',  ( 0.000000000000000000, 0.000000000000000000, -1.000000000000000000 ) ) ;
#4108 = DIRECTION ( 'NONE',  ( 0.000000000000000000, 1.000000000000000000, 0.000000000000000000 ) ) ;
#4109 = VERTEX_POINT ( 'NONE', #608 ) ;
#4110 = ORIENTED_EDGE ( 'NONE', *, *, #1348, .T. ) ;
#4111 = CIRCLE ( 'NONE', #194, 7.800000000000004263 ) ;
#4112 = CIRCLE ( 'NONE', #1876, 0.7500000000000003331 ) ;
#4113 = CARTESIAN_POINT ( 'NONE',  ( 1.318054248161383724, 0.000000000000000000, -7.687830187959656669 ) ) ;
#4114 = LINE ( 'NONE', #3160, #1357 ) ;
#4115 = AXIS2_PLACEMENT_3D ( 'NONE', #873, #3764, #1227 ) ;
#4116 = AXIS2_PLACEMENT_3D ( 'NONE', #483, #885, #3127 ) ;
#4117 = ORIENTED_EDGE ( 'NONE', *, *, #1805, .F. ) ;
#4118 = EDGE_CURVE ( 'NONE', #3319, #3254, #350, .T. ) ;
#4119 = AXIS2_PLACEMENT_3D ( 'NONE', #1360, #2919, #700 ) ;
#4120 = AXIS2_PLACEMENT_3D ( 'NONE', #4170, #977, #578 ) ;
#4121 = CARTESIAN_POINT ( 'NONE',  ( 0.000000000000000000, 1.300000000000000044, 0.000000000000000000 ) ) ;
#4122 = EDGE_LOOP ( 'NONE', ( #3963, #485 ) ) ;
#4123 = CIRCLE ( 'NONE', #753, 0.7499999999999984457 ) ;
#4124 = DIRECTION ( 'NONE',  ( 0.000000000000000000, 1.000000000000000000, -0.000000000000000000 ) ) ;
#4125 = FACE_OUTER_BOUND ( 'NONE', #1128, .T. ) ;
#4126 = AXIS2_PLACEMENT_3D ( 'NONE', #3435, #2117, #259 ) ;
#4127 = DIRECTION ( 'NONE',  ( -1.000000000000000000, 0.000000000000000000, 1.040834085586082048E-14 ) ) ;
#4128 = FACE_OUTER_BOUND ( 'NONE', #499, .T. ) ;
#4129 = CARTESIAN_POINT ( 'NONE',  ( 6.000000000000000000, 0.000000000000000000, 2.000000000000000000 ) ) ;
#4130 = DIRECTION ( 'NONE',  ( 0.000000000000000000, 1.000000000000000000, 0.000000000000000000 ) ) ;
#4131 = ORIENTED_EDGE ( 'NONE', *, *, #3030, .T. ) ;
#4132 = ORIENTED_EDGE ( 'NONE', *, *, #615, .F. ) ;
#4133 = CIRCLE ( 'NONE', #1290, 0.7500000000000006661 ) ;
#4134 = CARTESIAN_POINT ( 'NONE',  ( -8.000000000000000000, 3.621320343559645494, -2.000000000000000000 ) ) ;
#4135 = DIRECTION ( 'NONE',  ( -0.000000000000000000, -1.000000000000000000, -0.000000000000000000 ) ) ;
#4136 = ORIENTED_EDGE ( 'NONE', *, *, #3207, .F. ) ;
#4137 = PLANE ( 'NONE',  #3738 ) ;
#4138 = CYLINDRICAL_SURFACE ( 'NONE', #137, 0.7499999999999988898 ) ;
#4139 = EDGE_CURVE ( 'NONE', #906, #2231, #2386, .T. ) ;
#4140 = ORIENTED_EDGE ( 'NONE', *, *, #2955, .F. ) ;
#4141 = LINE ( 'NONE', #2835, #400 ) ;
#4142 = CARTESIAN_POINT ( 'NONE',  ( 0.000000000000000000, 1.300000000000000044, 0.000000000000000000 ) ) ;
#4143 = EDGE_CURVE ( 'NONE', #3250, #866, #4155, .T. ) ;
#4144 = DIRECTION ( 'NONE',  ( 0.000000000000000000, 0.000000000000000000, -1.000000000000000000 ) ) ;
#4145 = FACE_BOUND ( 'NONE', #2945, .T. ) ;
#4146 = CARTESIAN_POINT ( 'NONE',  ( -5.718151000632857084, 3.621320343559645494, 5.304973999367152970 ) ) ;
#4147 = ORIENTED_EDGE ( 'NONE', *, *, #4053, .F. ) ;
#4148 = ORIENTED_EDGE ( 'NONE', *, *, #3534, .T. ) ;
#4149 = DIRECTION ( 'NONE',  ( 0.000000000000000000, 1.000000000000000000, 0.000000000000000000 ) ) ;
#4150 = DIRECTION ( 'NONE',  ( -0.000000000000000000, -1.000000000000000000, -0.000000000000000000 ) ) ;
#4151 = EDGE_CURVE ( 'NONE', #3146, #3472, #1581, .T. ) ;
#4152 = VERTEX_POINT ( 'NONE', #3221 ) ;
#4153 = ORIENTED_EDGE ( 'NONE', *, *, #615, .T. ) ;
#4154 = ADVANCED_FACE ( 'NONE', ( #1563 ), #4175, .F. ) ;
#4155 = LINE ( 'NONE', #1599, #1370 ) ;
#4156 = CARTESIAN_POINT ( 'NONE',  ( -1.387407684543648206E-14, 0.000000000000000000, -3.249999999999999556 ) ) ;
#4157 = CARTESIAN_POINT ( 'NONE',  ( 5.999999999999986677, 3.621320343559645494, -3.250000000000023093 ) ) ;
#4158 = VERTEX_POINT ( 'NONE', #981 ) ;
#4159 = EDGE_CURVE ( 'NONE', #2697, #1369, #3861, .T. ) ;
#4160 = EDGE_CURVE ( 'NONE', #3146, #1579, #2790, .T. ) ;
#4161 = CARTESIAN_POINT ( 'NONE',  ( -6.745354732844095480, 0.000000000000000000, 3.916655400733872749 ) ) ;
#4162 = CARTESIAN_POINT ( 'NONE',  ( 3.916655400733778603, 0.000000000000000000, -6.745354732844151435 ) ) ;
#4163 = EDGE_CURVE ( 'NONE', #101, #1042, #556, .T. ) ;
#4164 = DIRECTION ( 'NONE',  ( 0.000000000000000000, 0.000000000000000000, 1.000000000000000000 ) ) ;
#4165 = FACE_BOUND ( 'NONE', #3529, .T. ) ;
#4166 = CARTESIAN_POINT ( 'NONE',  ( 0.000000000000000000, 0.000000000000000000, 0.000000000000000000 ) ) ;
#4167 = EDGE_CURVE ( 'NONE', #2613, #3382, #1165, .T. ) ;
#4168 = ORIENTED_EDGE ( 'NONE', *, *, #2114, .F. ) ;
#4169 = CIRCLE ( 'NONE', #1408, 0.7500000000000006661 ) ;
#4170 = CARTESIAN_POINT ( 'NONE',  ( 1.999999999999986233, 1.300000000000000044, -4.000000000000007105 ) ) ;
#4171 = DIRECTION ( 'NONE',  ( 0.000000000000000000, 0.000000000000000000, -1.000000000000000000 ) ) ;
#4172 = EDGE_LOOP ( 'NONE', ( #238, #225 ) ) ;
#4173 = CIRCLE ( 'NONE', #664, 0.7500000000000011102 ) ;
#4174 = EDGE_CURVE ( 'NONE', #3916, #2758, #2449, .T. ) ;
#4175 = CYLINDRICAL_SURFACE ( 'NONE', #1027, 2.250000000000000000 ) ;
#4176 = AXIS2_PLACEMENT_3D ( 'NONE', #4142, #1528, #1244 ) ;
#4177 = CIRCLE ( 'NONE', #4116, 0.7499999999999988898 ) ;
#4178 = CARTESIAN_POINT ( 'NONE',  ( -5.304973999367094351, 1.300000000000000044, -5.718151000632913039 ) ) ;
#4179 = CARTESIAN_POINT ( 'NONE',  ( -7.403640400275651068, 3.621320343559645494, -2.454813398897415677 ) ) ;
#4180 = VERTEX_POINT ( 'NONE', #2655 ) ;
#4181 = CIRCLE ( 'NONE', #2290, 0.7500000000000003331 ) ;
#4182 = AXIS2_PLACEMENT_3D ( 'NONE', #4134, #2014, #1977 ) ;
#4183 = LINE ( 'NONE', #3540, #3912 ) ;
#4184 = CIRCLE ( 'NONE', #134, 0.7500000000000006661 ) ;
#4185 = LINE ( 'NONE', #986, #3168 ) ;
#4186 = CIRCLE ( 'NONE', #3991, 0.7500000000000015543 ) ;
#4187 = FACE_OUTER_BOUND ( 'NONE', #3489, .T. ) ;
#4188 = DIRECTION ( 'NONE',  ( -0.000000000000000000, -1.000000000000000000, -0.000000000000000000 ) ) ;
#4189 = EDGE_LOOP ( 'NONE', ( #2901, #902, #2687, #63 ) ) ;
#4190 = DIRECTION ( 'NONE',  ( 0.000000000000000000, 0.000000000000000000, -1.000000000000000000 ) ) ;
#4191 = AXIS2_PLACEMENT_3D ( 'NONE', #115, #2745, #1098 ) ;
#4192 = ORIENTED_EDGE ( 'NONE', *, *, #720, .F. ) ;
#4193 = AXIS2_PLACEMENT_3D ( 'NONE', #3334, #2314, #3942 ) ;
#4194 = DIRECTION ( 'NONE',  ( 0.000000000000000000, 1.000000000000000000, 0.000000000000000000 ) ) ;
#4195 = DIRECTION ( 'NONE',  ( -0.000000000000000000, -1.000000000000000000, -0.000000000000000000 ) ) ;
#4196 = ORIENTED_EDGE ( 'NONE', *, *, #2040, .T. ) ;
ENDSEC;
END-ISO-10303-21;
