ISO-10303-21;
HEADER;
FILE_DESCRIPTION (( 'STEP AP214' ),
    '1' );
FILE_NAME ('topshell.STEP',
    '2026-07-29T18:19:41',
    ( '' ),
    ( '' ),
    'SwSTEP 2.0',
    'SolidWorks 2023',
    '' );
FILE_SCHEMA (( 'AUTOMOTIVE_DESIGN' ));
ENDSEC;

DATA;
#1 = VERTEX_POINT ( 'NONE', #1581 ) ;
#2 = CARTESIAN_POINT ( 'NONE',  ( -19.99999999999999645, 0.000000000000000000, -8.673617379884035472E-16 ) ) ;
#3 = ADVANCED_FACE ( 'NONE', ( #1342 ), #95, .F. ) ;
#4 = DIRECTION ( 'NONE',  ( 0.000000000000000000, 1.000000000000000000, 0.000000000000000000 ) ) ;
#5 = ORIENTED_EDGE ( 'NONE', *, *, #927, .T. ) ;
#6 = DIRECTION ( 'NONE',  ( -1.000000000000000000, 0.000000000000000000, 0.000000000000000000 ) ) ;
#7 = ADVANCED_FACE ( 'NONE', ( #465 ), #1244, .F. ) ;
#8 = VERTEX_POINT ( 'NONE', #699 ) ;
#9 = PLANE ( 'NONE',  #1430 ) ;
#10 = VECTOR ( 'NONE', #1235, 1000.000000000000000 ) ;
#11 = PRODUCT ( 'topshell_\X2\9ed88ba4\X0\', 'topshell_\X2\9ed88ba4\X0\', '', ( #1176 ) ) ;
#12 = VECTOR ( 'NONE', #135, 1000.000000000000000 ) ;
#13 = CARTESIAN_POINT ( 'NONE',  ( 29.50000000000000355, 4.599999999999999645, 9.500000000000000000 ) ) ;
#14 = VECTOR ( 'NONE', #544, 1000.000000000000000 ) ;
#15 = ORIENTED_EDGE ( 'NONE', *, *, #798, .T. ) ;
#16 = LINE ( 'NONE', #1279, #12 ) ;
#17 = AXIS2_PLACEMENT_3D ( 'NONE', #402, #507, #876 ) ;
#18 = EDGE_CURVE ( 'NONE', #1141, #804, #481, .T. ) ;
#19 = FACE_OUTER_BOUND ( 'NONE', #1403, .T. ) ;
#20 = EDGE_LOOP ( 'NONE', ( #172, #972, #1476, #1554 ) ) ;
#21 = DIRECTION ( 'NONE',  ( 0.000000000000000000, 1.000000000000000000, 0.000000000000000000 ) ) ;
#22 = CARTESIAN_POINT ( 'NONE',  ( -7.000000000000000000, 4.599999999999999645, 7.000000000000001776 ) ) ;
#23 = ORIENTED_EDGE ( 'NONE', *, *, #342, .F. ) ;
#24 = CARTESIAN_POINT ( 'NONE',  ( -17.49999999999999645, -3.000000000000000000, -5.059610138265686307E-15 ) ) ;
#25 = CARTESIAN_POINT ( 'NONE',  ( -7.000000000000000000, 4.599999999999999645, 7.000000000000001776 ) ) ;
#26 = ORIENTED_EDGE ( 'NONE', *, *, #927, .F. ) ;
#27 = CARTESIAN_POINT ( 'NONE',  ( 7.000000000000000000, 4.599999999999999645, 7.000000000000001776 ) ) ;
#28 = SHAPE_DEFINITION_REPRESENTATION ( #204, #258 ) ;
#29 = VERTEX_POINT ( 'NONE', #1333 ) ;
#30 = LINE ( 'NONE', #24, #418 ) ;
#31 = CARTESIAN_POINT ( 'NONE',  ( -7.000000000000000000, 0.000000000000000000, -6.999999999999998224 ) ) ;
#32 = ORIENTED_EDGE ( 'NONE', *, *, #1583, .T. ) ;
#33 = EDGE_CURVE ( 'NONE', #354, #1312, #1220, .T. ) ;
#34 = LINE ( 'NONE', #1421, #14 ) ;
#35 = ORIENTED_EDGE ( 'NONE', *, *, #981, .T. ) ;
#36 = ADVANCED_FACE ( 'NONE', ( #980 ), #719, .F. ) ;
#37 = CARTESIAN_POINT ( 'NONE',  ( -12.99999999999999822, 4.599999999999999645, 7.000000000000000000 ) ) ;
#38 = VECTOR ( 'NONE', #600, 1000.000000000000000 ) ;
#39 = EDGE_LOOP ( 'NONE', ( #428, #625, #903, #1481 ) ) ;
#40 = PRESENTATION_LAYER_ASSIGNMENT (  '', '', ( #146 ) ) ;
#41 = CARTESIAN_POINT ( 'NONE',  ( -22.49999999999999645, -3.000000000000000000, 12.00000000000000178 ) ) ;
#42 = EDGE_CURVE ( 'NONE', #406, #1436, #498, .T. ) ;
#43 = ORIENTED_EDGE ( 'NONE', *, *, #1376, .F. ) ;
#44 = AXIS2_PLACEMENT_3D ( 'NONE', #2, #747, #1389 ) ;
#45 = AXIS2_PLACEMENT_3D ( 'NONE', #386, #1526, #1006 ) ;
#46 = CARTESIAN_POINT ( 'NONE',  ( -29.50000000000000355, -3.000000000000000000, 9.500000000000000000 ) ) ;
#47 = ORIENTED_EDGE ( 'NONE', *, *, #1174, .T. ) ;
#48 = DIRECTION ( 'NONE',  ( 0.000000000000000000, 1.000000000000000000, 0.000000000000000000 ) ) ;
#49 = EDGE_LOOP ( 'NONE', ( #1429, #331, #805, #889 ) ) ;
#50 = CARTESIAN_POINT ( 'NONE',  ( 29.50000000000000355, -3.000000000000000000, -8.249999999999998224 ) ) ;
#51 = DIRECTION ( 'NONE',  ( -0.000000000000000000, -1.000000000000000000, -0.000000000000000000 ) ) ;
#52 = EDGE_CURVE ( 'NONE', #1090, #974, #455, .T. ) ;
#53 = ORIENTED_EDGE ( 'NONE', *, *, #873, .T. ) ;
#54 = DIRECTION ( 'NONE',  ( -0.000000000000000000, -1.000000000000000000, -0.000000000000000000 ) ) ;
#55 = ORIENTED_EDGE ( 'NONE', *, *, #513, .T. ) ;
#56 = EDGE_CURVE ( 'NONE', #610, #177, #962, .T. ) ;
#57 = CARTESIAN_POINT ( 'NONE',  ( 7.000000000000000000, 4.599999999999999645, -6.999999999999998224 ) ) ;
#58 = DIRECTION ( 'NONE',  ( 0.000000000000000000, 1.000000000000000000, 0.000000000000000000 ) ) ;
#59 = ORIENTED_EDGE ( 'NONE', *, *, #678, .T. ) ;
#60 = CARTESIAN_POINT ( 'NONE',  ( 29.50000000000000355, 4.599999999999999645, -7.400000000000016342 ) ) ;
#61 = UNCERTAINTY_MEASURE_WITH_UNIT (LENGTH_MEASURE( 1.000000000000000082E-05 ), #813, 'distance_accuracy_value', 'NONE');
#62 = DIRECTION ( 'NONE',  ( 2.478176394252581634E-16, 0.000000000000000000, -1.000000000000000000 ) ) ;
#63 = CARTESIAN_POINT ( 'NONE',  ( 29.50000000000000355, 3.750000000000000888, 10.75000000000000000 ) ) ;
#64 = EDGE_CURVE ( 'NONE', #414, #1182, #350, .T. ) ;
#65 = AXIS2_PLACEMENT_3D ( 'NONE', #446, #970, #1479 ) ;
#66 = AXIS2_PLACEMENT_3D ( 'NONE', #916, #663, #549 ) ;
#67 = LINE ( 'NONE', #456, #1424 ) ;
#68 = ORIENTED_EDGE ( 'NONE', *, *, #1521, .T. ) ;
#69 = LINE ( 'NONE', #1336, #419 ) ;
#70 = AXIS2_PLACEMENT_3D ( 'NONE', #1586, #80, #1073 ) ;
#71 = CARTESIAN_POINT ( 'NONE',  ( -19.99999999999999645, 0.000000000000000000, -8.673617379884035472E-16 ) ) ;
#72 = AXIS2_PLACEMENT_3D ( 'NONE', #1025, #1398, #897 ) ;
#73 = ORIENTED_EDGE ( 'NONE', *, *, #1072, .F. ) ;
#74 = CIRCLE ( 'NONE', #45, 9.899494936611668905 ) ;
#75 = CARTESIAN_POINT ( 'NONE',  ( 7.000000000000000000, 0.000000000000000000, 7.000000000000001776 ) ) ;
#76 = DIRECTION ( 'NONE',  ( 0.000000000000000000, 0.000000000000000000, 1.000000000000000000 ) ) ;
#77 = CARTESIAN_POINT ( 'NONE',  ( -29.50000000000000355, 4.599999999999999645, -9.500000000000000000 ) ) ;
#78 = CARTESIAN_POINT ( 'NONE',  ( -29.50000000000000355, 3.750000000000000888, 8.249999999999998224 ) ) ;
#79 = VERTEX_POINT ( 'NONE', #954 ) ;
#80 = DIRECTION ( 'NONE',  ( 0.000000000000000000, 1.000000000000000000, 0.000000000000000000 ) ) ;
#81 = ORIENTED_EDGE ( 'NONE', *, *, #1274, .T. ) ;
#82 = DIRECTION ( 'NONE',  ( -0.000000000000000000, 1.000000000000000000, -0.000000000000000000 ) ) ;
#83 = PLANE ( 'NONE',  #810 ) ;
#84 = CARTESIAN_POINT ( 'NONE',  ( 13.00000000000000178, 4.599999999999999645, 7.000000000000000000 ) ) ;
#85 = CARTESIAN_POINT ( 'NONE',  ( 17.50000000000000000, -3.000000000000000000, 12.00000000000000178 ) ) ;
#86 = ORIENTED_EDGE ( 'NONE', *, *, #1413, .F. ) ;
#87 = FACE_OUTER_BOUND ( 'NONE', #777, .T. ) ;
#88 = ORIENTED_EDGE ( 'NONE', *, *, #1154, .T. ) ;
#89 = EDGE_CURVE ( 'NONE', #1436, #618, #322, .T. ) ;
#90 = CARTESIAN_POINT ( 'NONE',  ( -29.50000000000000355, 4.599999999999999645, -7.400000000000016342 ) ) ;
#91 = ADVANCED_FACE ( 'NONE', ( #599 ), #1615, .F. ) ;
#92 = ADVANCED_FACE ( 'NONE', ( #1106 ), #570, .T. ) ;
#93 = LINE ( 'NONE', #833, #1003 ) ;
#94 = CARTESIAN_POINT ( 'NONE',  ( 0.000000000000000000, 0.000000000000000000, 0.000000000000000000 ) ) ;
#95 = CONICAL_SURFACE ( 'NONE', #1531, 1.250000000000001110, 0.7853981633974507215 ) ;
#96 = VERTEX_POINT ( 'NONE', #1208 ) ;
#97 = CARTESIAN_POINT ( 'NONE',  ( -3.469446951953614189E-15, -3.000000000000000000, 5.204170427930421283E-15 ) ) ;
#98 = CIRCLE ( 'NONE', #526, 1.250000000000001110 ) ;
#99 = EDGE_LOOP ( 'NONE', ( #1069, #499 ) ) ;
#100 =( GEOMETRIC_REPRESENTATION_CONTEXT ( 3 ) GLOBAL_UNCERTAINTY_ASSIGNED_CONTEXT ( ( #236 ) ) GLOBAL_UNIT_ASSIGNED_CONTEXT ( ( #1482, #216, #738 ) ) REPRESENTATION_CONTEXT ( 'NONE', 'WORKASPACE' ) );
#101 = VECTOR ( 'NONE', #695, 1000.000000000000000 ) ;
#102 = LINE ( 'NONE', #210, #101 ) ;
#103 = VECTOR ( 'NONE', #1392, 1000.000000000000000 ) ;
#104 = CARTESIAN_POINT ( 'NONE',  ( -29.50000000000000355, -3.000000000000000000, -9.500000000000000000 ) ) ;
#105 = VERTEX_POINT ( 'NONE', #1490 ) ;
#106 = DIRECTION ( 'NONE',  ( 0.000000000000000000, 0.000000000000000000, 1.000000000000000000 ) ) ;
#107 = ORIENTED_EDGE ( 'NONE', *, *, #1519, .T. ) ;
#108 = CARTESIAN_POINT ( 'NONE',  ( 22.50000000000000000, -3.000000000000000000, 6.505213034913022660E-15 ) ) ;
#109 = CARTESIAN_POINT ( 'NONE',  ( -26.99999999999998934, 0.000000000000000000, -7.000000000000000000 ) ) ;
#110 = EDGE_CURVE ( 'NONE', #830, #1329, #581, .T. ) ;
#111 = ORIENTED_EDGE ( 'NONE', *, *, #1227, .T. ) ;
#112 = DIRECTION ( 'NONE',  ( 1.000000000000000000, 0.000000000000000000, 0.000000000000000000 ) ) ;
#113 = EDGE_CURVE ( 'NONE', #1237, #1057, #93, .T. ) ;
#114 = EDGE_LOOP ( 'NONE', ( #312, #860 ) ) ;
#115 = CARTESIAN_POINT ( 'NONE',  ( 32.00000000000000711, 4.599999999999999645, -12.00000000000000000 ) ) ;
#116 = CARTESIAN_POINT ( 'NONE',  ( 27.00000000000000000, 4.599999999999999645, 7.000000000000000000 ) ) ;
#117 = DIRECTION ( 'NONE',  ( -2.891205793294678326E-16, 0.000000000000000000, 1.000000000000000000 ) ) ;
#118 = ORIENTED_EDGE ( 'NONE', *, *, #1621, .F. ) ;
#119 = FACE_OUTER_BOUND ( 'NONE', #1205, .T. ) ;
#120 = ORIENTED_EDGE ( 'NONE', *, *, #110, .F. ) ;
#121 = CONICAL_SURFACE ( 'NONE', #1055, 1.250000000000001110, 0.7853981633974466137 ) ;
#122 = CARTESIAN_POINT ( 'NONE',  ( -22.49999999999999645, -3.000000000000000000, 9.578622030334008386 ) ) ;
#123 = AXIS2_PLACEMENT_3D ( 'NONE', #584, #983, #720 ) ;
#124 = AXIS2_PLACEMENT_3D ( 'NONE', #1261, #1142, #509 ) ;
#125 = CIRCLE ( 'NONE', #44, 9.899494936611668905 ) ;
#126 = LINE ( 'NONE', #1408, #1166 ) ;
#127 = EDGE_LOOP ( 'NONE', ( #421, #1252, #673, #1394 ) ) ;
#128 = CYLINDRICAL_SURFACE ( 'NONE', #788, 1.250000000000001110 ) ;
#129 = ORIENTED_EDGE ( 'NONE', *, *, #1197, .T. ) ;
#130 = ADVANCED_FACE ( 'NONE', ( #1622 ), #990, .F. ) ;
#131 = DIRECTION ( 'NONE',  ( 0.000000000000000000, 0.000000000000000000, -1.000000000000000000 ) ) ;
#132 = EDGE_CURVE ( 'NONE', #491, #1024, #1076, .T. ) ;
#133 = CARTESIAN_POINT ( 'NONE',  ( 29.50000000000000355, 4.599999999999999645, 9.500000000000000000 ) ) ;
#134 = ORIENTED_EDGE ( 'NONE', *, *, #1638, .T. ) ;
#135 = DIRECTION ( 'NONE',  ( 0.000000000000000000, 0.000000000000000000, -1.000000000000000000 ) ) ;
#136 = ORIENTED_EDGE ( 'NONE', *, *, #89, .T. ) ;
#137 = DIRECTION ( 'NONE',  ( 0.000000000000000000, -1.000000000000000000, 0.000000000000000000 ) ) ;
#138 = EDGE_CURVE ( 'NONE', #354, #1508, #1137, .T. ) ;
#139 = ADVANCED_FACE ( 'NONE', ( #489 ), #996, .T. ) ;
#140 = PLANE ( 'NONE',  #898 ) ;
#141 = ORIENTED_EDGE ( 'NONE', *, *, #1253, .F. ) ;
#142 = CARTESIAN_POINT ( 'NONE',  ( -29.50000000000000355, 4.599999999999999645, -9.500000000000000000 ) ) ;
#143 = ORIENTED_EDGE ( 'NONE', *, *, #749, .T. ) ;
#144 = CARTESIAN_POINT ( 'NONE',  ( -2.499999999999998668, -3.000000000000000000, 12.00000000000000178 ) ) ;
#145 = VECTOR ( 'NONE', #851, 1000.000000000000000 ) ;
#146 = STYLED_ITEM ( 'NONE', ( #1474 ), #829 ) ;
#147 = DIRECTION ( 'NONE',  ( 8.659560562354953812E-17, 0.7071067811865457964, -0.7071067811865492381 ) ) ;
#148 = AXIS2_PLACEMENT_3D ( 'NONE', #459, #1588, #439 ) ;
#149 = VERTEX_POINT ( 'NONE', #1646 ) ;
#150 = DIRECTION ( 'NONE',  ( 0.000000000000000000, 0.7071067811865457964, 0.7071067811865492381 ) ) ;
#151 = VECTOR ( 'NONE', #790, 1000.000000000000000 ) ;
#152 = CARTESIAN_POINT ( 'NONE',  ( -32.00000000000000000, 4.599999999999999645, 12.00000000000000178 ) ) ;
#153 = ORIENTED_EDGE ( 'NONE', *, *, #519, .F. ) ;
#154 = DIRECTION ( 'NONE',  ( 0.000000000000000000, 0.000000000000000000, 1.000000000000000000 ) ) ;
#155 = ORIENTED_EDGE ( 'NONE', *, *, #1103, .F. ) ;
#156 = EDGE_CURVE ( 'NONE', #815, #8, #1520, .T. ) ;
#157 = CARTESIAN_POINT ( 'NONE',  ( -26.99999999999998934, 0.000000000000000000, 7.000000000000000000 ) ) ;
#158 = DIRECTION ( 'NONE',  ( -0.000000000000000000, -1.000000000000000000, -0.000000000000000000 ) ) ;
#159 = VERTEX_POINT ( 'NONE', #496 ) ;
#160 = EDGE_CURVE ( 'NONE', #177, #1308, #472, .T. ) ;
#161 = DIRECTION ( 'NONE',  ( 0.000000000000000000, -0.000000000000000000, 1.000000000000000000 ) ) ;
#162 = ORIENTED_EDGE ( 'NONE', *, *, #924, .T. ) ;
#163 = CARTESIAN_POINT ( 'NONE',  ( 7.000000000000000000, 4.599999999999999645, -6.999999999999998224 ) ) ;
#164 = EDGE_LOOP ( 'NONE', ( #493, #460, #1411, #203 ) ) ;
#165 = FACE_BOUND ( 'NONE', #246, .T. ) ;
#166 = ORIENTED_EDGE ( 'NONE', *, *, #1050, .F. ) ;
#167 = CARTESIAN_POINT ( 'NONE',  ( 0.000000000000000000, 0.000000000000000000, 0.000000000000000000 ) ) ;
#168 = AXIS2_PLACEMENT_3D ( 'NONE', #1077, #483, #859 ) ;
#169 = VERTEX_POINT ( 'NONE', #881 ) ;
#170 = VECTOR ( 'NONE', #597, 1000.000000000000000 ) ;
#171 = CARTESIAN_POINT ( 'NONE',  ( 29.50000000000000355, 4.599999999999999645, -8.249999999999998224 ) ) ;
#172 = ORIENTED_EDGE ( 'NONE', *, *, #1643, .F. ) ;
#173 = VECTOR ( 'NONE', #226, 1000.000000000000000 ) ;
#174 = LINE ( 'NONE', #566, #206 ) ;
#175 = VECTOR ( 'NONE', #1148, 1000.000000000000000 ) ;
#176 = FACE_BOUND ( 'NONE', #1590, .T. ) ;
#177 = VERTEX_POINT ( 'NONE', #1258 ) ;
#178 = EDGE_CURVE ( 'NONE', #1436, #406, #441, .T. ) ;
#179 = EDGE_CURVE ( 'NONE', #1124, #1636, #524, .T. ) ;
#180 = CARTESIAN_POINT ( 'NONE',  ( 29.50000000000000355, 3.750000000000021760, -8.249999999999998224 ) ) ;
#181 = ORIENTED_EDGE ( 'NONE', *, *, #1023, .F. ) ;
#182 = CARTESIAN_POINT ( 'NONE',  ( -12.99999999999999822, 4.599999999999999645, 7.000000000000000000 ) ) ;
#183 = EDGE_LOOP ( 'NONE', ( #1569, #1559 ) ) ;
#184 = DIRECTION ( 'NONE',  ( -0.000000000000000000, 1.000000000000000000, -0.000000000000000000 ) ) ;
#185 = CARTESIAN_POINT ( 'NONE',  ( -29.50000000000000355, -3.000000000000000000, -10.75000000000000000 ) ) ;
#186 = ORIENTED_EDGE ( 'NONE', *, *, #335, .T. ) ;
#187 = CARTESIAN_POINT ( 'NONE',  ( -32.00000000000000000, 4.599999999999999645, -12.00000000000000000 ) ) ;
#188 = EDGE_CURVE ( 'NONE', #29, #1124, #748, .T. ) ;
#189 = PLANE ( 'NONE',  #201 ) ;
#190 = LINE ( 'NONE', #1323, #1118 ) ;
#191 = DIRECTION ( 'NONE',  ( 1.000000000000000000, 0.000000000000000000, 0.000000000000000000 ) ) ;
#192 = EDGE_CURVE ( 'NONE', #96, #223, #1378, .T. ) ;
#193 = DIRECTION ( 'NONE',  ( -0.000000000000000000, 1.000000000000000000, -0.000000000000000000 ) ) ;
#194 = ORIENTED_EDGE ( 'NONE', *, *, #985, .F. ) ;
#195 = DIRECTION ( 'NONE',  ( 0.000000000000000000, 0.000000000000000000, -1.000000000000000000 ) ) ;
#196 = DIRECTION ( 'NONE',  ( 0.000000000000000000, -0.000000000000000000, 1.000000000000000000 ) ) ;
#197 = ORIENTED_EDGE ( 'NONE', *, *, #269, .F. ) ;
#198 = DIRECTION ( 'NONE',  ( -0.000000000000000000, -1.000000000000000000, -0.000000000000000000 ) ) ;
#199 = DIRECTION ( 'NONE',  ( 0.000000000000000000, 0.000000000000000000, 1.000000000000000000 ) ) ;
#200 = DIRECTION ( 'NONE',  ( 0.000000000000000000, 0.000000000000000000, -1.000000000000000000 ) ) ;
#201 = AXIS2_PLACEMENT_3D ( 'NONE', #412, #265, #696 ) ;
#202 = DIRECTION ( 'NONE',  ( -1.000000000000000000, 0.000000000000000000, 0.000000000000000000 ) ) ;
#203 = ORIENTED_EDGE ( 'NONE', *, *, #978, .F. ) ;
#204 = PRODUCT_DEFINITION_SHAPE ( 'NONE', 'NONE',  #902 ) ;
#205 = DIRECTION ( 'NONE',  ( 0.000000000000000000, 0.000000000000000000, 1.000000000000000000 ) ) ;
#206 = VECTOR ( 'NONE', #586, 1000.000000000000000 ) ;
#207 = AXIS2_PLACEMENT_3D ( 'NONE', #259, #1001, #1509 ) ;
#208 = ORIENTED_EDGE ( 'NONE', *, *, #1611, .F. ) ;
#209 = AXIS2_PLACEMENT_3D ( 'NONE', #912, #1299, #1550 ) ;
#210 = CARTESIAN_POINT ( 'NONE',  ( -32.00000000000000000, 0.000000000000000000, 12.00000000000000178 ) ) ;
#211 = FACE_OUTER_BOUND ( 'NONE', #631, .T. ) ;
#212 = DIRECTION ( 'NONE',  ( 0.000000000000000000, 0.000000000000000000, 1.000000000000000000 ) ) ;
#213 = ADVANCED_FACE ( 'NONE', ( #617 ), #1390, .F. ) ;
#214 = DIRECTION ( 'NONE',  ( 0.000000000000000000, 0.000000000000000000, 1.000000000000000000 ) ) ;
#215 = ORIENTED_EDGE ( 'NONE', *, *, #1002, .T. ) ;
#216 =( NAMED_UNIT ( * ) PLANE_ANGLE_UNIT ( ) SI_UNIT ( $, .RADIAN. ) );
#217 = EDGE_CURVE ( 'NONE', #1417, #1024, #1136, .T. ) ;
#218 = VERTEX_POINT ( 'NONE', #109 ) ;
#219 = EDGE_CURVE ( 'NONE', #403, #807, #1056, .T. ) ;
#220 = DIRECTION ( 'NONE',  ( 0.000000000000000000, -1.000000000000000000, 0.000000000000000000 ) ) ;
#221 = DIRECTION ( 'NONE',  ( -0.000000000000000000, -1.000000000000000000, -0.000000000000000000 ) ) ;
#222 = LINE ( 'NONE', #609, #1617 ) ;
#223 = VERTEX_POINT ( 'NONE', #31 ) ;
#224 = DIRECTION ( 'NONE',  ( -0.000000000000000000, -1.000000000000000000, -0.000000000000000000 ) ) ;
#225 = ORIENTED_EDGE ( 'NONE', *, *, #802, .F. ) ;
#226 = DIRECTION ( 'NONE',  ( -0.000000000000000000, -1.000000000000000000, -0.000000000000000000 ) ) ;
#227 = CARTESIAN_POINT ( 'NONE',  ( -29.50000000000000355, 4.599999999999999645, -8.249999999999998224 ) ) ;
#228 = DIRECTION ( 'NONE',  ( -1.000000000000000000, 0.000000000000000000, 0.000000000000000000 ) ) ;
#229 = VECTOR ( 'NONE', #238, 1000.000000000000000 ) ;
#230 = ORIENTED_EDGE ( 'NONE', *, *, #560, .F. ) ;
#231 = CARTESIAN_POINT ( 'NONE',  ( -2.499999999999998668, -0.000000000000000000, 0.000000000000000000 ) ) ;
#232 = ORIENTED_EDGE ( 'NONE', *, *, #1147, .F. ) ;
#233 = VECTOR ( 'NONE', #325, 1000.000000000000000 ) ;
#234 = VECTOR ( 'NONE', #1020, 1000.000000000000000 ) ;
#235 = CARTESIAN_POINT ( 'NONE',  ( -7.000000000000000000, 4.599999999999999645, 7.000000000000001776 ) ) ;
#236 = UNCERTAINTY_MEASURE_WITH_UNIT (LENGTH_MEASURE( 1.000000000000000082E-05 ), #1482, 'distance_accuracy_value', 'NONE');
#237 = EDGE_CURVE ( 'NONE', #223, #1078, #668, .T. ) ;
#238 = DIRECTION ( 'NONE',  ( -0.000000000000000000, -1.000000000000000000, -0.000000000000000000 ) ) ;
#239 = EDGE_CURVE ( 'NONE', #479, #218, #690, .T. ) ;
#240 = ORIENTED_EDGE ( 'NONE', *, *, #633, .T. ) ;
#241 = CARTESIAN_POINT ( 'NONE',  ( -29.50000000000000355, 4.599999999999999645, 9.500000000000000000 ) ) ;
#242 = ORIENTED_EDGE ( 'NONE', *, *, #387, .T. ) ;
#243 = CARTESIAN_POINT ( 'NONE',  ( -32.00000000000000000, -3.000000000000000000, 12.00000000000000178 ) ) ;
#244 = DIRECTION ( 'NONE',  ( 0.000000000000000000, 0.000000000000000000, -1.000000000000000000 ) ) ;
#245 = FACE_BOUND ( 'NONE', #366, .T. ) ;
#246 = EDGE_LOOP ( 'NONE', ( #1260, #449 ) ) ;
#247 = DIRECTION ( 'NONE',  ( 0.000000000000000000, -1.000000000000000000, 0.000000000000000000 ) ) ;
#248 = ORIENTED_EDGE ( 'NONE', *, *, #1101, .F. ) ;
#249 = FACE_OUTER_BOUND ( 'NONE', #1448, .T. ) ;
#250 = CARTESIAN_POINT ( 'NONE',  ( -22.49999999999999645, -3.000000000000000000, 0.000000000000000000 ) ) ;
#251 = DIRECTION ( 'NONE',  ( 0.000000000000000000, 1.000000000000000000, 0.000000000000000000 ) ) ;
#252 = VERTEX_POINT ( 'NONE', #25 ) ;
#253 = ADVANCED_FACE ( 'NONE', ( #19 ), #121, .F. ) ;
#254 = CARTESIAN_POINT ( 'NONE',  ( -17.50000000000000000, -3.000000000000000000, 9.578622030334010162 ) ) ;
#255 = ORIENTED_EDGE ( 'NONE', *, *, #1103, .T. ) ;
#256 = VECTOR ( 'NONE', #592, 999.9999999999998863 ) ;
#257 = EDGE_CURVE ( 'NONE', #626, #218, #839, .T. ) ;
#258 = ADVANCED_BREP_SHAPE_REPRESENTATION ( 'topshell_\X2\9ed88ba4\X0\', ( #829, #986 ), #923 ) ;
#259 = CARTESIAN_POINT ( 'NONE',  ( -3.469446951953614189E-15, 0.000000000000000000, 5.204170427930421283E-15 ) ) ;
#260 = VECTOR ( 'NONE', #816, 1000.000000000000000 ) ;
#261 = CIRCLE ( 'NONE', #1188, 9.899494936611668905 ) ;
#262 = AXIS2_PLACEMENT_3D ( 'NONE', #1167, #274, #675 ) ;
#263 = PLANE ( 'NONE',  #1379 ) ;
#264 = ORIENTED_EDGE ( 'NONE', *, *, #64, .T. ) ;
#265 = DIRECTION ( 'NONE',  ( 0.000000000000000000, 1.000000000000000000, 0.000000000000000000 ) ) ;
#266 = EDGE_CURVE ( 'NONE', #223, #96, #841, .T. ) ;
#267 = ORIENTED_EDGE ( 'NONE', *, *, #589, .F. ) ;
#268 = CARTESIAN_POINT ( 'NONE',  ( 20.00000000000000000, 0.000000000000000000, 0.000000000000000000 ) ) ;
#269 = EDGE_CURVE ( 'NONE', #1295, #618, #98, .T. ) ;
#270 = CARTESIAN_POINT ( 'NONE',  ( 29.50000000000000355, 4.599999999999999645, -11.59999999999998366 ) ) ;
#271 = ORIENTED_EDGE ( 'NONE', *, *, #563, .T. ) ;
#272 = CARTESIAN_POINT ( 'NONE',  ( 27.00000000000000000, 0.000000000000000000, 7.000000000000000000 ) ) ;
#273 = VERTEX_POINT ( 'NONE', #1172 ) ;
#274 = DIRECTION ( 'NONE',  ( 0.000000000000000000, 1.000000000000000000, 0.000000000000000000 ) ) ;
#275 = LINE ( 'NONE', #1401, #951 ) ;
#276 = VERTEX_POINT ( 'NONE', #152 ) ;
#277 = CARTESIAN_POINT ( 'NONE',  ( 27.00000000000000000, 0.000000000000000000, -7.000000000000000000 ) ) ;
#278 = FACE_OUTER_BOUND ( 'NONE', #1100, .T. ) ;
#279 = ORIENTED_EDGE ( 'NONE', *, *, #512, .F. ) ;
#280 = LINE ( 'NONE', #1187, #1296 ) ;
#281 = VECTOR ( 'NONE', #1604, 1000.000000000000000 ) ;
#282 = CONICAL_SURFACE ( 'NONE', #1214, 1.250000000000001110, 0.7853981633974507215 ) ;
#283 = ADVANCED_FACE ( 'NONE', ( #278 ), #1449, .F. ) ;
#284 = COLOUR_RGB ( '',0.7921568627450980005, 0.8196078431372548767, 0.9333333333333333481 ) ;
#285 = DIRECTION ( 'NONE',  ( -0.000000000000000000, -1.000000000000000000, -0.000000000000000000 ) ) ;
#286 = VECTOR ( 'NONE', #1257, 1000.000000000000000 ) ;
#287 = VERTEX_POINT ( 'NONE', #163 ) ;
#288 = DIRECTION ( 'NONE',  ( 0.000000000000000000, 0.000000000000000000, -1.000000000000000000 ) ) ;
#289 = EDGE_CURVE ( 'NONE', #610, #29, #806, .T. ) ;
#290 = VECTOR ( 'NONE', #1068, 1000.000000000000000 ) ;
#291 = LINE ( 'NONE', #793, #1005 ) ;
#292 = EDGE_LOOP ( 'NONE', ( #242, #1194, #381, #801 ) ) ;
#293 = DIRECTION ( 'NONE',  ( -0.000000000000000000, 1.000000000000000000, -0.000000000000000000 ) ) ;
#294 = ORIENTED_EDGE ( 'NONE', *, *, #1200, .T. ) ;
#295 = DIRECTION ( 'NONE',  ( 0.000000000000000000, 0.000000000000000000, 1.000000000000000000 ) ) ;
#296 = ORIENTED_EDGE ( 'NONE', *, *, #407, .T. ) ;
#297 = DIRECTION ( 'NONE',  ( 0.000000000000000000, 1.000000000000000000, 0.000000000000000000 ) ) ;
#298 = EDGE_LOOP ( 'NONE', ( #1049, #1577, #531, #967 ) ) ;
#299 = LINE ( 'NONE', #803, #982 ) ;
#300 = ORIENTED_EDGE ( 'NONE', *, *, #1396, .T. ) ;
#301 = CARTESIAN_POINT ( 'NONE',  ( 0.000000000000000000, 0.000000000000000000, 0.000000000000000000 ) ) ;
#302 = EDGE_LOOP ( 'NONE', ( #315, #1018, #621, #1344 ) ) ;
#303 = EDGE_CURVE ( 'NONE', #383, #522, #1315, .T. ) ;
#304 = CARTESIAN_POINT ( 'NONE',  ( -7.000000000000000000, 0.000000000000000000, -6.999999999999998224 ) ) ;
#305 = ORIENTED_EDGE ( 'NONE', *, *, #113, .F. ) ;
#306 = PLANE ( 'NONE',  #70 ) ;
#307 = DIRECTION ( 'NONE',  ( 1.000000000000000000, 0.000000000000000000, 0.000000000000000000 ) ) ;
#308 = EDGE_CURVE ( 'NONE', #276, #1237, #413, .T. ) ;
#309 = AXIS2_PLACEMENT_3D ( 'NONE', #961, #840, #598 ) ;
#310 = LINE ( 'NONE', #1460, #659 ) ;
#311 = AXIS2_PLACEMENT_3D ( 'NONE', #808, #573, #451 ) ;
#312 = ORIENTED_EDGE ( 'NONE', *, *, #237, .T. ) ;
#313 = CIRCLE ( 'NONE', #1115, 1.250000000000001110 ) ;
#314 = DIRECTION ( 'NONE',  ( 1.000000000000000000, 0.000000000000000000, 0.000000000000000000 ) ) ;
#315 = ORIENTED_EDGE ( 'NONE', *, *, #192, .F. ) ;
#316 = DIRECTION ( 'NONE',  ( -0.000000000000000000, -1.000000000000000000, -0.000000000000000000 ) ) ;
#317 = AXIS2_PLACEMENT_3D ( 'NONE', #750, #781, #1259 ) ;
#318 = DIRECTION ( 'NONE',  ( 1.000000000000000000, 0.000000000000000000, 0.000000000000000000 ) ) ;
#319 = DIRECTION ( 'NONE',  ( 0.000000000000000000, 0.000000000000000000, -1.000000000000000000 ) ) ;
#320 = EDGE_CURVE ( 'NONE', #287, #1262, #291, .T. ) ;
#321 = DIRECTION ( 'NONE',  ( 0.000000000000000000, 0.000000000000000000, 1.000000000000000000 ) ) ;
#322 = LINE ( 'NONE', #726, #145 ) ;
#323 = CYLINDRICAL_SURFACE ( 'NONE', #443, 9.899494936611665352 ) ;
#324 = ORIENTED_EDGE ( 'NONE', *, *, #1154, .F. ) ;
#325 = DIRECTION ( 'NONE',  ( 0.000000000000000000, 0.000000000000000000, 1.000000000000000000 ) ) ;
#326 = DIRECTION ( 'NONE',  ( 0.000000000000000000, 1.000000000000000000, 0.000000000000000000 ) ) ;
#327 = DIRECTION ( 'NONE',  ( -2.891205793294676847E-16, 0.000000000000000000, 1.000000000000000000 ) ) ;
#328 = DIRECTION ( 'NONE',  ( 0.000000000000000000, 0.000000000000000000, 1.000000000000000000 ) ) ;
#329 = CARTESIAN_POINT ( 'NONE',  ( 17.50000000000000000, -3.000000000000000000, 9.578622030334011939 ) ) ;
#330 = DIRECTION ( 'NONE',  ( 0.000000000000000000, 1.000000000000000000, 0.000000000000000000 ) ) ;
#331 = ORIENTED_EDGE ( 'NONE', *, *, #1437, .F. ) ;
#332 = ORIENTED_EDGE ( 'NONE', *, *, #873, .F. ) ;
#333 = DIRECTION ( 'NONE',  ( 0.000000000000000000, -1.000000000000000000, 0.000000000000000000 ) ) ;
#334 = LINE ( 'NONE', #976, #1083 ) ;
#335 = EDGE_CURVE ( 'NONE', #974, #1308, #934, .T. ) ;
#336 = CARTESIAN_POINT ( 'NONE',  ( 27.00000000000000000, 4.599999999999999645, -7.000000000000000000 ) ) ;
#337 = AXIS2_PLACEMENT_3D ( 'NONE', #1610, #191, #356 ) ;
#338 = ADVANCED_FACE ( 'NONE', ( #1576 ), #282, .F. ) ;
#339 = VECTOR ( 'NONE', #399, 1000.000000000000000 ) ;
#340 = CARTESIAN_POINT ( 'NONE',  ( 17.50000000000000000, -3.000000000000000000, 9.578622030334011939 ) ) ;
#341 = ORIENTED_EDGE ( 'NONE', *, *, #1567, .T. ) ;
#342 = EDGE_CURVE ( 'NONE', #1078, #1371, #1307, .T. ) ;
#343 = CYLINDRICAL_SURFACE ( 'NONE', #1084, 1.250000000000001110 ) ;
#344 = AXIS2_PLACEMENT_3D ( 'NONE', #376, #878, #861 ) ;
#345 = VECTOR ( 'NONE', #372, 1000.000000000000000 ) ;
#346 = ORIENTED_EDGE ( 'NONE', *, *, #1391, .F. ) ;
#347 = AXIS2_PLACEMENT_3D ( 'NONE', #167, #410, #1574 ) ;
#348 = DIRECTION ( 'NONE',  ( 0.000000000000000000, 0.000000000000000000, 1.000000000000000000 ) ) ;
#349 = LINE ( 'NONE', #1352, #445 ) ;
#350 = LINE ( 'NONE', #329, #1240 ) ;
#351 = CARTESIAN_POINT ( 'NONE',  ( 0.000000000000000000, 0.000000000000000000, 0.000000000000000000 ) ) ;
#352 = ORIENTED_EDGE ( 'NONE', *, *, #924, .F. ) ;
#353 = DIRECTION ( 'NONE',  ( 0.000000000000000000, 0.000000000000000000, -1.000000000000000000 ) ) ;
#354 = VERTEX_POINT ( 'NONE', #429 ) ;
#355 = DIRECTION ( 'NONE',  ( 1.000000000000000000, 0.000000000000000000, 0.000000000000000000 ) ) ;
#356 = DIRECTION ( 'NONE',  ( 0.000000000000000000, 0.000000000000000000, -1.000000000000000000 ) ) ;
#357 = CYLINDRICAL_SURFACE ( 'NONE', #168, 1.250000000000001110 ) ;
#358 = VERTEX_POINT ( 'NONE', #182 ) ;
#359 = LINE ( 'NONE', #1387, #949 ) ;
#360 = EDGE_CURVE ( 'NONE', #1572, #785, #1444, .T. ) ;
#361 = VERTEX_POINT ( 'NONE', #683 ) ;
#362 = DIRECTION ( 'NONE',  ( 0.000000000000000000, -0.000000000000000000, 1.000000000000000000 ) ) ;
#363 = ADVANCED_FACE ( 'NONE', ( #435 ), #1193, .F. ) ;
#364 = DIRECTION ( 'NONE',  ( 0.000000000000000000, 0.000000000000000000, 1.000000000000000000 ) ) ;
#365 = VECTOR ( 'NONE', #1070, 1000.000000000000000 ) ;
#366 = EDGE_LOOP ( 'NONE', ( #994, #55 ) ) ;
#367 = CARTESIAN_POINT ( 'NONE',  ( 29.50000000000000355, 3.750000000000000888, 9.500000000000000000 ) ) ;
#368 = AXIS2_PLACEMENT_3D ( 'NONE', #351, #330, #1107 ) ;
#369 = EDGE_LOOP ( 'NONE', ( #1466, #518, #1639, #684 ) ) ;
#370 = AXIS2_PLACEMENT_3D ( 'NONE', #641, #1381, #1502 ) ;
#371 = CIRCLE ( 'NONE', #17, 9.899494936611667129 ) ;
#372 = DIRECTION ( 'NONE',  ( -0.000000000000000000, -1.000000000000000000, -0.000000000000000000 ) ) ;
#373 = DIRECTION ( 'NONE',  ( 1.000000000000000000, 0.000000000000000000, -0.000000000000000000 ) ) ;
#374 = CARTESIAN_POINT ( 'NONE',  ( 29.50000000000000355, 3.750000000000021760, -10.75000000000000000 ) ) ;
#375 = ORIENTED_EDGE ( 'NONE', *, *, #608, .T. ) ;
#376 = CARTESIAN_POINT ( 'NONE',  ( 29.50000000000000355, 4.599999999999999645, -9.500000000000000000 ) ) ;
#377 = EDGE_LOOP ( 'NONE', ( #759, #594, #755, #1434 ) ) ;
#378 = CARTESIAN_POINT ( 'NONE',  ( -29.50000000000000355, -3.000000000000000000, -9.500000000000000000 ) ) ;
#379 = CARTESIAN_POINT ( 'NONE',  ( -26.99999999999998934, 4.599999999999999645, -7.000000000000000000 ) ) ;
#380 = CARTESIAN_POINT ( 'NONE',  ( 29.50000000000000355, 3.750000000000000888, 9.500000000000000000 ) ) ;
#381 = ORIENTED_EDGE ( 'NONE', *, *, #431, .F. ) ;
#382 = CARTESIAN_POINT ( 'NONE',  ( 29.50000000000000355, 3.750000000000021760, -9.500000000000000000 ) ) ;
#383 = VERTEX_POINT ( 'NONE', #1097 ) ;
#384 = DIRECTION ( 'NONE',  ( -2.891205793294676847E-16, 0.000000000000000000, 1.000000000000000000 ) ) ;
#385 = ADVANCED_FACE ( 'NONE', ( #474 ), #1480, .F. ) ;
#386 = CARTESIAN_POINT ( 'NONE',  ( 20.00000000000000000, 0.000000000000000000, 0.000000000000000000 ) ) ;
#387 = EDGE_CURVE ( 'NONE', #169, #522, #67, .T. ) ;
#388 = VERTEX_POINT ( 'NONE', #700 ) ;
#389 = LINE ( 'NONE', #272, #339 ) ;
#390 = EDGE_CURVE ( 'NONE', #1, #785, #786, .T. ) ;
#391 = ORIENTED_EDGE ( 'NONE', *, *, #512, .T. ) ;
#392 = AXIS2_PLACEMENT_3D ( 'NONE', #914, #901, #952 ) ;
#393 = DIRECTION ( 'NONE',  ( 0.000000000000000000, 1.000000000000000000, 0.000000000000000000 ) ) ;
#394 = VECTOR ( 'NONE', #1178, 1000.000000000000000 ) ;
#395 = CIRCLE ( 'NONE', #613, 1.250000000000001110 ) ;
#396 = AXIS2_PLACEMENT_3D ( 'NONE', #397, #497, #515 ) ;
#397 = CARTESIAN_POINT ( 'NONE',  ( 29.50000000000000355, 3.750000000000000888, 9.500000000000000000 ) ) ;
#398 = ORIENTED_EDGE ( 'NONE', *, *, #751, .F. ) ;
#399 = DIRECTION ( 'NONE',  ( 0.000000000000000000, 0.000000000000000000, -1.000000000000000000 ) ) ;
#400 = ORIENTED_EDGE ( 'NONE', *, *, #1491, .F. ) ;
#401 = FACE_BOUND ( 'NONE', #910, .T. ) ;
#402 = CARTESIAN_POINT ( 'NONE',  ( -3.469446951953614189E-15, 0.000000000000000000, 5.204170427930421283E-15 ) ) ;
#403 = VERTEX_POINT ( 'NONE', #963 ) ;
#404 = CARTESIAN_POINT ( 'NONE',  ( -22.49999999999999645, 0.000000000000000000, 12.00000000000000178 ) ) ;
#405 = DIRECTION ( 'NONE',  ( -0.000000000000000000, 1.000000000000000000, -0.000000000000000000 ) ) ;
#406 = VERTEX_POINT ( 'NONE', #78 ) ;
#407 = EDGE_CURVE ( 'NONE', #1182, #1649, #1209, .T. ) ;
#408 = DIRECTION ( 'NONE',  ( 0.000000000000000000, 0.000000000000000000, 1.000000000000000000 ) ) ;
#409 = EDGE_CURVE ( 'NONE', #1141, #1269, #593, .T. ) ;
#410 = DIRECTION ( 'NONE',  ( 0.000000000000000000, 1.000000000000000000, 0.000000000000000000 ) ) ;
#411 = ORIENTED_EDGE ( 'NONE', *, *, #360, .F. ) ;
#412 = CARTESIAN_POINT ( 'NONE',  ( 0.000000000000000000, 0.000000000000000000, 0.000000000000000000 ) ) ;
#413 = LINE ( 'NONE', #1428, #947 ) ;
#414 = VERTEX_POINT ( 'NONE', #340 ) ;
#415 = PLANE ( 'NONE',  #262 ) ;
#416 = ORIENTED_EDGE ( 'NONE', *, *, #289, .F. ) ;
#417 = AXIS2_PLACEMENT_3D ( 'NONE', #104, #742, #1251 ) ;
#418 = VECTOR ( 'NONE', #1331, 1000.000000000000000 ) ;
#419 = VECTOR ( 'NONE', #1464, 1000.000000000000000 ) ;
#420 = VECTOR ( 'NONE', #1555, 1000.000000000000000 ) ;
#421 = ORIENTED_EDGE ( 'NONE', *, *, #1170, .F. ) ;
#422 = AXIS2_PLACEMENT_3D ( 'NONE', #1039, #4, #521 ) ;
#423 = DIRECTION ( 'NONE',  ( -0.000000000000000000, 1.000000000000000000, -0.000000000000000000 ) ) ;
#424 = ORIENTED_EDGE ( 'NONE', *, *, #513, .F. ) ;
#425 = FACE_OUTER_BOUND ( 'NONE', #669, .T. ) ;
#426 = ADVANCED_FACE ( 'NONE', ( #825 ), #1472, .T. ) ;
#427 = PLANE ( 'NONE',  #347 ) ;
#428 = ORIENTED_EDGE ( 'NONE', *, *, #676, .F. ) ;
#429 = CARTESIAN_POINT ( 'NONE',  ( 29.50000000000000355, 3.750000000000000888, 10.75000000000000000 ) ) ;
#430 = ORIENTED_EDGE ( 'NONE', *, *, #239, .F. ) ;
#431 = EDGE_CURVE ( 'NONE', #1226, #383, #1368, .T. ) ;
#432 = FACE_OUTER_BOUND ( 'NONE', #377, .T. ) ;
#433 = EDGE_LOOP ( 'NONE', ( #1290, #208, #1180, #1285, #568, #166, #375, #1409, #737, #120, #1151, #475, #1335, #1165, #155, #400 ) ) ;
#434 = ADVANCED_FACE ( 'NONE', ( #834 ), #845, .F. ) ;
#435 = FACE_OUTER_BOUND ( 'NONE', #525, .T. ) ;
#436 = EDGE_LOOP ( 'NONE', ( #1514, #705, #1463, #153 ) ) ;
#437 = DIRECTION ( 'NONE',  ( -0.000000000000000000, -1.000000000000000000, -0.000000000000000000 ) ) ;
#438 = ADVANCED_FACE ( 'NONE', ( #1354 ), #466, .F. ) ;
#439 = DIRECTION ( 'NONE',  ( 0.000000000000000000, 0.000000000000000000, 1.000000000000000000 ) ) ;
#440 = ORIENTED_EDGE ( 'NONE', *, *, #589, .T. ) ;
#441 = CIRCLE ( 'NONE', #915, 1.250000000000001110 ) ;
#442 = FACE_OUTER_BOUND ( 'NONE', #1523, .T. ) ;
#443 = AXIS2_PLACEMENT_3D ( 'NONE', #1334, #193, #745 ) ;
#444 = LINE ( 'NONE', #37, #290 ) ;
#445 = VECTOR ( 'NONE', #1489, 999.9999999999998863 ) ;
#446 = CARTESIAN_POINT ( 'NONE',  ( -29.50000000000000355, 3.750000000000000888, 9.500000000000000000 ) ) ;
#447 = AXIS2_PLACEMENT_3D ( 'NONE', #756, #362, #772 ) ;
#448 = CARTESIAN_POINT ( 'NONE',  ( -29.50000000000000355, 3.750000000000021760, -8.249999999999998224 ) ) ;
#449 = ORIENTED_EDGE ( 'NONE', *, *, #1413, .T. ) ;
#450 = PRODUCT_DEFINITION_FORMATION_WITH_SPECIFIED_SOURCE ( 'Symmetric', '', #11, .NOT_KNOWN. ) ;
#451 = DIRECTION ( 'NONE',  ( -1.000000000000000000, 0.000000000000000000, -0.000000000000000000 ) ) ;
#452 = CARTESIAN_POINT ( 'NONE',  ( 2.500000000000002220, 0.000000000000000000, 12.00000000000000178 ) ) ;
#453 = CARTESIAN_POINT ( 'NONE',  ( 32.00000000000000000, -3.000000000000000000, 12.00000000000000178 ) ) ;
#454 = DIRECTION ( 'NONE',  ( 1.000000000000000000, 0.000000000000000000, -0.000000000000000000 ) ) ;
#455 = LINE ( 'NONE', #336, #1313 ) ;
#456 = CARTESIAN_POINT ( 'NONE',  ( -22.49999999999999645, -0.000000000000000000, 0.000000000000000000 ) ) ;
#457 = ORIENTED_EDGE ( 'NONE', *, *, #431, .T. ) ;
#458 = PLANE ( 'NONE',  #311 ) ;
#459 = CARTESIAN_POINT ( 'NONE',  ( 32.00000000000000711, 4.599999999999999645, 12.00000000000000178 ) ) ;
#460 = ORIENTED_EDGE ( 'NONE', *, *, #725, .F. ) ;
#461 = EDGE_CURVE ( 'NONE', #830, #1649, #1584, .T. ) ;
#462 = CARTESIAN_POINT ( 'NONE',  ( -29.50000000000000355, -3.000000000000000000, -8.249999999999998224 ) ) ;
#463 = CARTESIAN_POINT ( 'NONE',  ( 29.50000000000000355, 4.599999999999999645, 9.500000000000000000 ) ) ;
#464 = EDGE_CURVE ( 'NONE', #1382, #479, #1360, .T. ) ;
#465 = FACE_OUTER_BOUND ( 'NONE', #826, .T. ) ;
#466 = PLANE ( 'NONE',  #709 ) ;
#467 = EDGE_LOOP ( 'NONE', ( #661, #835, #746, #424 ) ) ;
#468 = VERTEX_POINT ( 'NONE', #1236 ) ;
#469 = DIRECTION ( 'NONE',  ( 0.000000000000000000, 0.000000000000000000, -1.000000000000000000 ) ) ;
#470 = PLANE ( 'NONE',  #1374 ) ;
#471 = CARTESIAN_POINT ( 'NONE',  ( -2.499999999999998668, -3.000000000000000000, 9.578622030334017268 ) ) ;
#472 = CIRCLE ( 'NONE', #1080, 9.899494936611668905 ) ;
#473 = AXIS2_PLACEMENT_3D ( 'NONE', #991, #228, #713 ) ;
#474 = FACE_OUTER_BOUND ( 'NONE', #183, .T. ) ;
#475 = ORIENTED_EDGE ( 'NONE', *, *, #985, .T. ) ;
#476 = DIRECTION ( 'NONE',  ( 0.000000000000000000, 0.000000000000000000, -1.000000000000000000 ) ) ;
#477 = VECTOR ( 'NONE', #1395, 1000.000000000000000 ) ;
#478 = AXIS2_PLACEMENT_3D ( 'NONE', #945, #51, #1454 ) ;
#479 = VERTEX_POINT ( 'NONE', #727 ) ;
#480 = DIRECTION ( 'NONE',  ( -1.000000000000000000, 0.000000000000000000, -0.000000000000000000 ) ) ;
#481 = LINE ( 'NONE', #471, #281 ) ;
#482 = EDGE_CURVE ( 'NONE', #1262, #223, #222, .T. ) ;
#483 = DIRECTION ( 'NONE',  ( -0.000000000000000000, -1.000000000000000000, -0.000000000000000000 ) ) ;
#484 = ORIENTED_EDGE ( 'NONE', *, *, #999, .F. ) ;
#485 = DIRECTION ( 'NONE',  ( 0.000000000000000000, 0.000000000000000000, 1.000000000000000000 ) ) ;
#486 = EDGE_CURVE ( 'NONE', #149, #516, #1596, .T. ) ;
#487 = ORIENTED_EDGE ( 'NONE', *, *, #1287, .F. ) ;
#488 = PLANE ( 'NONE',  #1271 ) ;
#489 = FACE_OUTER_BOUND ( 'NONE', #1451, .T. ) ;
#490 = ADVANCED_FACE ( 'NONE', ( #1500 ), #357, .F. ) ;
#491 = VERTEX_POINT ( 'NONE', #448 ) ;
#492 = CYLINDRICAL_SURFACE ( 'NONE', #344, 1.250000000000001110 ) ;
#493 = ORIENTED_EDGE ( 'NONE', *, *, #1130, .F. ) ;
#494 = ADVANCED_FACE ( 'NONE', ( #1462 ), #323, .F. ) ;
#495 = CARTESIAN_POINT ( 'NONE',  ( 22.49999999999999289, 0.000000000000000000, 12.00000000000000178 ) ) ;
#496 = CARTESIAN_POINT ( 'NONE',  ( 22.49999999999999645, -3.000000000000000000, 9.578622030334011939 ) ) ;
#497 = DIRECTION ( 'NONE',  ( 0.000000000000000000, 1.000000000000000000, 0.000000000000000000 ) ) ;
#498 = CIRCLE ( 'NONE', #65, 1.250000000000001110 ) ;
#499 = ORIENTED_EDGE ( 'NONE', *, *, #1147, .T. ) ;
#500 = CARTESIAN_POINT ( 'NONE',  ( 17.50000000000000000, -3.000000000000000000, 12.00000000000000178 ) ) ;
#501 = VERTEX_POINT ( 'NONE', #1255 ) ;
#502 = CIRCLE ( 'NONE', #1427, 9.899494936611667129 ) ;
#503 = AXIS2_PLACEMENT_3D ( 'NONE', #809, #1414, #936 ) ;
#504 = DIRECTION ( 'NONE',  ( 0.000000000000000000, 0.000000000000000000, 1.000000000000000000 ) ) ;
#505 = CONICAL_SURFACE ( 'NONE', #1035, 1.250000000000001110, 0.7853981633974466137 ) ;
#506 = DIRECTION ( 'NONE',  ( 0.000000000000000000, 1.000000000000000000, 0.000000000000000000 ) ) ;
#507 = DIRECTION ( 'NONE',  ( 0.000000000000000000, -1.000000000000000000, 0.000000000000000000 ) ) ;
#508 = ORIENTED_EDGE ( 'NONE', *, *, #42, .F. ) ;
#509 = DIRECTION ( 'NONE',  ( 0.000000000000000000, 0.000000000000000000, 1.000000000000000000 ) ) ;
#510 = VERTEX_POINT ( 'NONE', #1133 ) ;
#511 = CARTESIAN_POINT ( 'NONE',  ( -26.99999999999998934, 4.599999999999999645, -7.000000000000000000 ) ) ;
#512 = EDGE_CURVE ( 'NONE', #1636, #1131, #624, .T. ) ;
#513 = EDGE_CURVE ( 'NONE', #1508, #664, #866, .T. ) ;
#514 = ADVANCED_FACE ( 'NONE', ( #548 ), #667, .F. ) ;
#515 = DIRECTION ( 'NONE',  ( 0.000000000000000000, 0.000000000000000000, 1.000000000000000000 ) ) ;
#516 = VERTEX_POINT ( 'NONE', #822 ) ;
#517 = CARTESIAN_POINT ( 'NONE',  ( -2.499999999999998668, 0.000000000000000000, 12.00000000000000178 ) ) ;
#518 = ORIENTED_EDGE ( 'NONE', *, *, #138, .T. ) ;
#519 = EDGE_CURVE ( 'NONE', #491, #1108, #1171, .T. ) ;
#520 = CARTESIAN_POINT ( 'NONE',  ( -7.000000000000000000, 4.599999999999999645, 7.000000000000001776 ) ) ;
#521 = DIRECTION ( 'NONE',  ( 0.000000000000000000, 0.000000000000000000, 1.000000000000000000 ) ) ;
#522 = VERTEX_POINT ( 'NONE', #404 ) ;
#523 = LINE ( 'NONE', #1158, #1266 ) ;
#524 = CIRCLE ( 'NONE', #944, 9.899494936611668905 ) ;
#525 = EDGE_LOOP ( 'NONE', ( #535, #1493, #162, #1613, #1456, #324, #893, #1585 ) ) ;
#526 = AXIS2_PLACEMENT_3D ( 'NONE', #784, #423, #1419 ) ;
#527 = FACE_OUTER_BOUND ( 'NONE', #1177, .T. ) ;
#528 = AXIS2_PLACEMENT_3D ( 'NONE', #1254, #112, #1655 ) ;
#529 = AXIS2_PLACEMENT_3D ( 'NONE', #1652, #863, #1373 ) ;
#530 = DIRECTION ( 'NONE',  ( 0.000000000000000000, 1.000000000000000000, 0.000000000000000000 ) ) ;
#531 = ORIENTED_EDGE ( 'NONE', *, *, #560, .T. ) ;
#532 = EDGE_CURVE ( 'NONE', #510, #287, #16, .T. ) ;
#533 = CYLINDRICAL_SURFACE ( 'NONE', #392, 9.899494936611668905 ) ;
#534 = DIRECTION ( 'NONE',  ( 0.000000000000000000, 1.000000000000000000, 0.000000000000000000 ) ) ;
#535 = ORIENTED_EDGE ( 'NONE', *, *, #1470, .F. ) ;
#536 = ADVANCED_FACE ( 'NONE', ( #540 ), #189, .F. ) ;
#537 = CARTESIAN_POINT ( 'NONE',  ( -7.000000000000000000, 4.599999999999999645, -6.999999999999998224 ) ) ;
#538 =( NAMED_UNIT ( * ) PLANE_ANGLE_UNIT ( ) SI_UNIT ( $, .RADIAN. ) );
#539 = EDGE_LOOP ( 'NONE', ( #929, #15 ) ) ;
#540 = FACE_OUTER_BOUND ( 'NONE', #1516, .T. ) ;
#541 = ADVANCED_FACE ( 'NONE', ( #646 ), #1418, .F. ) ;
#542 = CARTESIAN_POINT ( 'NONE',  ( -19.99999999999999645, 0.000000000000000000, -8.673617379884035472E-16 ) ) ;
#543 = ORIENTED_EDGE ( 'NONE', *, *, #461, .F. ) ;
#544 = DIRECTION ( 'NONE',  ( 1.000000000000000000, 0.000000000000000000, 0.000000000000000000 ) ) ;
#545 = ORIENTED_EDGE ( 'NONE', *, *, #981, .F. ) ;
#546 = CARTESIAN_POINT ( 'NONE',  ( 22.49999999999999645, 0.000000000000000000, 9.578622030334011939 ) ) ;
#547 = ORIENTED_EDGE ( 'NONE', *, *, #132, .T. ) ;
#548 = FACE_OUTER_BOUND ( 'NONE', #565, .T. ) ;
#549 = DIRECTION ( 'NONE',  ( 0.000000000000000000, 0.000000000000000000, -1.000000000000000000 ) ) ;
#550 = EDGE_LOOP ( 'NONE', ( #23, #1316, #556, #271 ) ) ;
#551 = DIRECTION ( 'NONE',  ( 1.000000000000000000, 0.000000000000000000, -0.000000000000000000 ) ) ;
#552 = VECTOR ( 'NONE', #1343, 1000.000000000000000 ) ;
#553 = CIRCLE ( 'NONE', #1486, 9.899494936611668905 ) ;
#554 = EDGE_CURVE ( 'NONE', #501, #479, #652, .T. ) ;
#555 = VECTOR ( 'NONE', #1633, 1000.000000000000000 ) ;
#556 = ORIENTED_EDGE ( 'NONE', *, *, #1643, .T. ) ;
#557 = DIRECTION ( 'NONE',  ( -0.000000000000000000, -1.000000000000000000, -0.000000000000000000 ) ) ;
#558 = ORIENTED_EDGE ( 'NONE', *, *, #999, .T. ) ;
#559 = FACE_BOUND ( 'NONE', #99, .T. ) ;
#560 = EDGE_CURVE ( 'NONE', #1420, #468, #30, .T. ) ;
#561 = CARTESIAN_POINT ( 'NONE',  ( 22.49999999999999645, -3.000000000000000000, 9.578622030334011939 ) ) ;
#562 = ORIENTED_EDGE ( 'NONE', *, *, #1242, .T. ) ;
#563 = EDGE_CURVE ( 'NONE', #510, #1371, #1580, .T. ) ;
#564 = CARTESIAN_POINT ( 'NONE',  ( -3.469446951953614189E-15, -3.000000000000000000, 5.204170427930421283E-15 ) ) ;
#565 = EDGE_LOOP ( 'NONE', ( #642, #1213, #1053, #1575 ) ) ;
#566 = CARTESIAN_POINT ( 'NONE',  ( -29.50000000000000355, 4.599999999999999645, 8.249999999999998224 ) ) ;
#567 = CARTESIAN_POINT ( 'NONE',  ( 0.000000000000000000, 0.000000000000000000, 0.000000000000000000 ) ) ;
#568 = ORIENTED_EDGE ( 'NONE', *, *, #1442, .F. ) ;
#569 = APPLICATION_PROTOCOL_DEFINITION ( 'draft international standard', 'automotive_design', 1998, #943 ) ;
#570 = PLANE ( 'NONE',  #337 ) ;
#571 = DIRECTION ( 'NONE',  ( 0.000000000000000000, 0.000000000000000000, 1.000000000000000000 ) ) ;
#572 = ORIENTED_EDGE ( 'NONE', *, *, #779, .F. ) ;
#573 = DIRECTION ( 'NONE',  ( 0.000000000000000000, 0.000000000000000000, -1.000000000000000000 ) ) ;
#574 = DIRECTION ( 'NONE',  ( 0.000000000000000000, 0.7071067811865457964, 0.7071067811865492381 ) ) ;
#575 = EDGE_LOOP ( 'NONE', ( #225, #1597, #558, #134, #1149, #1280, #1016, #1324 ) ) ;
#576 = DIRECTION ( 'NONE',  ( -1.000000000000000000, 0.000000000000000000, 0.000000000000000000 ) ) ;
#577 = CLOSED_SHELL ( 'NONE', ( #1549, #1504, #338, #283, #7, #130, #490, #754, #536, #1393, #541, #890, #385, #1566, #653, #36, #438, #771, #1625, #1322, #1311, #1067, #773, #1400, #638, #847, #1225, #1341, #1363, #92, #1123, #1245, #1221, #1276, #1272, #426, #139, #895, #702, #939, #514, #253, #91, #1536, #3, #619, #1126, #649, #363, #434, #1105, #494, #213, #1189, #1499 ) ) ;
#578 = DIRECTION ( 'NONE',  ( 0.000000000000000000, 0.000000000000000000, -1.000000000000000000 ) ) ;
#579 = VECTOR ( 'NONE', #1089, 1000.000000000000000 ) ;
#580 = VECTOR ( 'NONE', #316, 1000.000000000000000 ) ;
#581 = LINE ( 'NONE', #1359, #10 ) ;
#582 = CIRCLE ( 'NONE', #1488, 9.899494936611667129 ) ;
#583 = EDGE_CURVE ( 'NONE', #1124, #79, #389, .T. ) ;
#584 = CARTESIAN_POINT ( 'NONE',  ( 29.50000000000000355, -3.000000000000000000, -9.500000000000000000 ) ) ;
#585 = VERTEX_POINT ( 'NONE', #769 ) ;
#586 = DIRECTION ( 'NONE',  ( -0.000000000000000000, -1.000000000000000000, -0.000000000000000000 ) ) ;
#587 = CARTESIAN_POINT ( 'NONE',  ( 32.00000000000000711, -3.000000000000000000, -11.99999999999999822 ) ) ;
#588 = ORIENTED_EDGE ( 'NONE', *, *, #1242, .F. ) ;
#589 = EDGE_CURVE ( 'NONE', #79, #1308, #1426, .T. ) ;
#590 = LINE ( 'NONE', #724, #1533 ) ;
#591 = CARTESIAN_POINT ( 'NONE',  ( 2.499999999999998668, -3.000000000000000000, 0.000000000000000000 ) ) ;
#592 = DIRECTION ( 'NONE',  ( 0.000000000000000000, 0.7071067811865487940, 0.7071067811865463515 ) ) ;
#593 = LINE ( 'NONE', #1605, #579 ) ;
#594 = ORIENTED_EDGE ( 'NONE', *, *, #56, .F. ) ;
#595 = LINE ( 'NONE', #57, #736 ) ;
#596 = ORIENTED_EDGE ( 'NONE', *, *, #798, .F. ) ;
#597 = DIRECTION ( 'NONE',  ( 0.000000000000000000, 0.000000000000000000, -1.000000000000000000 ) ) ;
#598 = DIRECTION ( 'NONE',  ( 0.000000000000000000, 0.000000000000000000, -1.000000000000000000 ) ) ;
#599 = FACE_OUTER_BOUND ( 'NONE', #164, .T. ) ;
#600 = DIRECTION ( 'NONE',  ( -0.000000000000000000, 1.000000000000000000, -0.000000000000000000 ) ) ;
#601 = ORIENTED_EDGE ( 'NONE', *, *, #1570, .F. ) ;
#602 = LINE ( 'NONE', #1356, #233 ) ;
#603 = EDGE_LOOP ( 'NONE', ( #1029, #215 ) ) ;
#604 = FACE_OUTER_BOUND ( 'NONE', #614, .T. ) ;
#605 = EDGE_CURVE ( 'NONE', #29, #1090, #523, .T. ) ;
#606 = DIRECTION ( 'NONE',  ( 0.000000000000000000, 1.000000000000000000, 0.000000000000000000 ) ) ;
#607 = VECTOR ( 'NONE', #1492, 1000.000000000000000 ) ;
#608 = EDGE_CURVE ( 'NONE', #1269, #885, #1404, .T. ) ;
#609 = CARTESIAN_POINT ( 'NONE',  ( -7.000000000000000000, 4.599999999999999645, -6.999999999999998224 ) ) ;
#610 = VERTEX_POINT ( 'NONE', #1537 ) ;
#611 = DIRECTION ( 'NONE',  ( 0.000000000000000000, -1.000000000000000000, 0.000000000000000000 ) ) ;
#612 = VECTOR ( 'NONE', #355, 1000.000000000000000 ) ;
#613 = AXIS2_PLACEMENT_3D ( 'NONE', #46, #293, #1298 ) ;
#614 = EDGE_LOOP ( 'NONE', ( #1364, #634, #1173, #1524 ) ) ;
#615 = CIRCLE ( 'NONE', #1144, 2.099999999999997868 ) ;
#616 = CARTESIAN_POINT ( 'NONE',  ( 27.00000000000000000, 0.000000000000000000, 7.000000000000000000 ) ) ;
#617 = FACE_OUTER_BOUND ( 'NONE', #292, .T. ) ;
#618 = VERTEX_POINT ( 'NONE', #792 ) ;
#619 = ADVANCED_FACE ( 'NONE', ( #776 ), #533, .F. ) ;
#620 = FACE_OUTER_BOUND ( 'NONE', #1369, .T. ) ;
#621 = ORIENTED_EDGE ( 'NONE', *, *, #320, .T. ) ;
#622 = LINE ( 'NONE', #1160, #1511 ) ;
#623 = DIRECTION ( 'NONE',  ( 0.000000000000000000, -0.000000000000000000, 1.000000000000000000 ) ) ;
#624 = LINE ( 'NONE', #1412, #1162 ) ;
#625 = ORIENTED_EDGE ( 'NONE', *, *, #335, .F. ) ;
#626 = VERTEX_POINT ( 'NONE', #157 ) ;
#627 = DIRECTION ( 'NONE',  ( -0.000000000000000000, 1.000000000000000000, -0.000000000000000000 ) ) ;
#628 = CARTESIAN_POINT ( 'NONE',  ( 7.000000000000000000, 0.000000000000000000, -6.999999999999998224 ) ) ;
#629 = LINE ( 'NONE', #374, #1377 ) ;
#630 = VECTOR ( 'NONE', #1629, 1000.000000000000000 ) ;
#631 = EDGE_LOOP ( 'NONE', ( #817, #687 ) ) ;
#632 = DIRECTION ( 'NONE',  ( -0.000000000000000000, 1.000000000000000000, -0.000000000000000000 ) ) ;
#633 = EDGE_CURVE ( 'NONE', #807, #1386, #1041, .T. ) ;
#634 = ORIENTED_EDGE ( 'NONE', *, *, #1366, .F. ) ;
#635 = CIRCLE ( 'NONE', #1560, 9.899494936611668905 ) ;
#636 = VECTOR ( 'NONE', #1337, 999.9999999999998863 ) ;
#637 = DIRECTION ( 'NONE',  ( 0.000000000000000000, 0.000000000000000000, 1.000000000000000000 ) ) ;
#638 = ADVANCED_FACE ( 'NONE', ( #442 ), #1207, .F. ) ;
#639 = DIRECTION ( 'NONE',  ( 0.000000000000000000, 0.000000000000000000, 1.000000000000000000 ) ) ;
#640 = ORIENTED_EDGE ( 'NONE', *, *, #780, .T. ) ;
#641 = CARTESIAN_POINT ( 'NONE',  ( -29.50000000000000355, 3.750000000000021760, -9.500000000000000000 ) ) ;
#642 = ORIENTED_EDGE ( 'NONE', *, *, #132, .F. ) ;
#643 = DIRECTION ( 'NONE',  ( -1.000000000000000000, 0.000000000000000000, -0.000000000000000000 ) ) ;
#644 = DIRECTION ( 'NONE',  ( 0.000000000000000000, 0.000000000000000000, 1.000000000000000000 ) ) ;
#645 = ORIENTED_EDGE ( 'NONE', *, *, #697, .T. ) ;
#646 = FACE_OUTER_BOUND ( 'NONE', #603, .T. ) ;
#647 = ORIENTED_EDGE ( 'NONE', *, *, #605, .F. ) ;
#648 = CARTESIAN_POINT ( 'NONE',  ( -29.50000000000000355, 3.750000000000021760, -10.75000000000000000 ) ) ;
#649 = ADVANCED_FACE ( 'NONE', ( #1095 ), #470, .T. ) ;
#650 = CARTESIAN_POINT ( 'NONE',  ( 0.000000000000000000, 0.000000000000000000, 0.000000000000000000 ) ) ;
#651 = ORIENTED_EDGE ( 'NONE', *, *, #1446, .F. ) ;
#652 = LINE ( 'NONE', #1054, #892 ) ;
#653 = ADVANCED_FACE ( 'NONE', ( #211 ), #83, .F. ) ;
#654 = ORIENTED_EDGE ( 'NONE', *, *, #948, .T. ) ;
#655 = CIRCLE ( 'NONE', #309, 9.899494936611668905 ) ;
#656 = CARTESIAN_POINT ( 'NONE',  ( 0.000000000000000000, 4.599999999999999645, 0.000000000000000000 ) ) ;
#657 = VECTOR ( 'NONE', #818, 1000.000000000000000 ) ;
#658 = VECTOR ( 'NONE', #1019, 1000.000000000000000 ) ;
#659 = VECTOR ( 'NONE', #1557, 1000.000000000000000 ) ;
#660 = FACE_OUTER_BOUND ( 'NONE', #1247, .T. ) ;
#661 = ORIENTED_EDGE ( 'NONE', *, *, #138, .F. ) ;
#662 = CARTESIAN_POINT ( 'NONE',  ( 7.000000000000000000, 4.599999999999999645, 7.000000000000001776 ) ) ;
#663 = DIRECTION ( 'NONE',  ( 0.000000000000000000, -1.000000000000000000, 0.000000000000000000 ) ) ;
#664 = VERTEX_POINT ( 'NONE', #1603 ) ;
#665 = CARTESIAN_POINT ( 'NONE',  ( -29.50000000000000355, -3.000000000000000000, 8.249999999999998224 ) ) ;
#666 = ORIENTED_EDGE ( 'NONE', *, *, #407, .F. ) ;
#667 = CYLINDRICAL_SURFACE ( 'NONE', #1138, 1.250000000000001110 ) ;
#668 = LINE ( 'NONE', #304, #365 ) ;
#669 = EDGE_LOOP ( 'NONE', ( #1527, #941, #1601, #770 ) ) ;
#670 = FACE_BOUND ( 'NONE', #1606, .T. ) ;
#671 = ORIENTED_EDGE ( 'NONE', *, *, #1415, .T. ) ;
#672 = CARTESIAN_POINT ( 'NONE',  ( 2.499999999999998668, -3.000000000000000000, 9.578622030334013715 ) ) ;
#673 = ORIENTED_EDGE ( 'NONE', *, *, #1518, .F. ) ;
#674 = EDGE_CURVE ( 'NONE', #1226, #1420, #655, .T. ) ;
#675 = DIRECTION ( 'NONE',  ( 0.000000000000000000, -0.000000000000000000, 1.000000000000000000 ) ) ;
#676 = EDGE_CURVE ( 'NONE', #1308, #177, #1469, .T. ) ;
#677 = VECTOR ( 'NONE', #571, 1000.000000000000000 ) ;
#678 = EDGE_CURVE ( 'NONE', #1262, #252, #334, .T. ) ;
#679 = CIRCLE ( 'NONE', #1060, 1.250000000000001110 ) ;
#680 = APPLICATION_PROTOCOL_DEFINITION ( 'draft international standard', 'automotive_design', 1998, #1037 ) ;
#681 = AXIS2_PLACEMENT_3D ( 'NONE', #1593, #82, #1602 ) ;
#682 = ORIENTED_EDGE ( 'NONE', *, *, #409, .F. ) ;
#683 = CARTESIAN_POINT ( 'NONE',  ( 29.50000000000000355, 3.750000000000021760, -10.75000000000000000 ) ) ;
#684 = ORIENTED_EDGE ( 'NONE', *, *, #1591, .F. ) ;
#685 = CARTESIAN_POINT ( 'NONE',  ( 2.499999999999998668, 0.000000000000000000, 9.578622030334013715 ) ) ;
#686 = PLANE ( 'NONE',  #1455 ) ;
#687 = ORIENTED_EDGE ( 'NONE', *, *, #266, .T. ) ;
#688 = DIRECTION ( 'NONE',  ( -1.000000000000000000, 0.000000000000000000, 0.000000000000000000 ) ) ;
#689 = ORIENTED_EDGE ( 'NONE', *, *, #178, .F. ) ;
#690 = LINE ( 'NONE', #1435, #888 ) ;
#691 = ORIENTED_EDGE ( 'NONE', *, *, #633, .F. ) ;
#692 = CARTESIAN_POINT ( 'NONE',  ( -32.00000000000000000, 0.000000000000000000, 12.00000000000000178 ) ) ;
#693 = LINE ( 'NONE', #1465, #1538 ) ;
#694 = EDGE_LOOP ( 'NONE', ( #141, #588, #1163, #1202 ) ) ;
#695 = DIRECTION ( 'NONE',  ( 1.000000000000000000, 0.000000000000000000, 0.000000000000000000 ) ) ;
#696 = DIRECTION ( 'NONE',  ( 0.000000000000000000, -0.000000000000000000, 1.000000000000000000 ) ) ;
#697 = EDGE_CURVE ( 'NONE', #1436, #1233, #349, .T. ) ;
#698 = FACE_OUTER_BOUND ( 'NONE', #1210, .T. ) ;
#699 = CARTESIAN_POINT ( 'NONE',  ( -26.99999999999998934, 4.599999999999999645, 7.000000000000000000 ) ) ;
#700 = CARTESIAN_POINT ( 'NONE',  ( -29.50000000000000355, 4.599999999999999645, -11.59999999999998366 ) ) ;
#701 = ORIENTED_EDGE ( 'NONE', *, *, #188, .F. ) ;
#702 = ADVANCED_FACE ( 'NONE', ( #969 ), #850, .F. ) ;
#703 = FILL_AREA_STYLE ('',( #827 ) ) ;
#704 = CARTESIAN_POINT ( 'NONE',  ( 29.50000000000000355, 3.750000000000021760, -8.249999999999998224 ) ) ;
#705 = ORIENTED_EDGE ( 'NONE', *, *, #1130, .T. ) ;
#706 = DIRECTION ( 'NONE',  ( 0.000000000000000000, 0.000000000000000000, -1.000000000000000000 ) ) ;
#707 = VECTOR ( 'NONE', #1595, 1000.000000000000000 ) ;
#708 = LINE ( 'NONE', #1478, #1268 ) ;
#709 = AXIS2_PLACEMENT_3D ( 'NONE', #94, #1231, #955 ) ;
#710 = VECTOR ( 'NONE', #485, 1000.000000000000000 ) ;
#711 = DIRECTION ( 'NONE',  ( 0.000000000000000000, 1.000000000000000000, 0.000000000000000000 ) ) ;
#712 = AXIS2_PLACEMENT_3D ( 'NONE', #1330, #1146, #637 ) ;
#713 = DIRECTION ( 'NONE',  ( 0.000000000000000000, 0.000000000000000000, 1.000000000000000000 ) ) ;
#714 = EDGE_LOOP ( 'NONE', ( #487, #935, #398, #118 ) ) ;
#715 = CARTESIAN_POINT ( 'NONE',  ( 29.50000000000000355, -3.000000000000000000, -9.500000000000000000 ) ) ;
#716 = ORIENTED_EDGE ( 'NONE', *, *, #18, .T. ) ;
#717 = LINE ( 'NONE', #975, #812 ) ;
#718 = DIRECTION ( 'NONE',  ( 0.000000000000000000, 1.000000000000000000, 0.000000000000000000 ) ) ;
#719 = PLANE ( 'NONE',  #864 ) ;
#720 = DIRECTION ( 'NONE',  ( 0.000000000000000000, 0.000000000000000000, -1.000000000000000000 ) ) ;
#721 = ORIENTED_EDGE ( 'NONE', *, *, #1038, .T. ) ;
#722 = DIRECTION ( 'NONE',  ( 0.000000000000000000, -1.000000000000000000, 0.000000000000000000 ) ) ;
#723 = ORIENTED_EDGE ( 'NONE', *, *, #217, .T. ) ;
#724 = CARTESIAN_POINT ( 'NONE',  ( 0.000000000000000000, -3.000000000000000000, 12.00000000000000178 ) ) ;
#725 = EDGE_CURVE ( 'NONE', #491, #984, #920, .T. ) ;
#726 = CARTESIAN_POINT ( 'NONE',  ( -29.50000000000000355, 4.599999999999999645, 10.75000000000000000 ) ) ;
#727 = CARTESIAN_POINT ( 'NONE',  ( -12.99999999999999467, 0.000000000000000000, -7.000000000000000000 ) ) ;
#728 = EDGE_LOOP ( 'NONE', ( #691, #1273, #1627, #294 ) ) ;
#729 = DIRECTION ( 'NONE',  ( 0.000000000000000000, 0.000000000000000000, -1.000000000000000000 ) ) ;
#730 = EDGE_LOOP ( 'NONE', ( #1199, #81 ) ) ;
#731 = EDGE_CURVE ( 'NONE', #1256, #1131, #708, .T. ) ;
#732 = PLANE ( 'NONE',  #1645 ) ;
#733 = AXIS2_PLACEMENT_3D ( 'NONE', #77, #221, #200 ) ;
#734 = EDGE_CURVE ( 'NONE', #585, #1380, #1224, .T. ) ;
#735 = DIRECTION ( 'NONE',  ( -0.000000000000000000, 1.000000000000000000, -0.000000000000000000 ) ) ;
#736 = VECTOR ( 'NONE', #437, 1000.000000000000000 ) ;
#737 = ORIENTED_EDGE ( 'NONE', *, *, #1200, .F. ) ;
#738 =( NAMED_UNIT ( * ) SI_UNIT ( $, .STERADIAN. ) SOLID_ANGLE_UNIT ( ) );
#739 = AXIS2_PLACEMENT_3D ( 'NONE', #27, #1542, #408 ) ;
#740 = ORIENTED_EDGE ( 'NONE', *, *, #1072, .T. ) ;
#741 = CARTESIAN_POINT ( 'NONE',  ( 17.50000000000000000, 0.000000000000000000, 9.578622030334011939 ) ) ;
#742 = DIRECTION ( 'NONE',  ( -0.000000000000000000, 1.000000000000000000, -0.000000000000000000 ) ) ;
#743 = ORIENTED_EDGE ( 'NONE', *, *, #1470, .T. ) ;
#744 = CARTESIAN_POINT ( 'NONE',  ( -26.99999999999998934, 0.000000000000000000, 7.000000000000000000 ) ) ;
#745 = DIRECTION ( 'NONE',  ( 0.000000000000000000, 0.000000000000000000, 1.000000000000000000 ) ) ;
#746 = ORIENTED_EDGE ( 'NONE', *, *, #1591, .T. ) ;
#747 = DIRECTION ( 'NONE',  ( 0.000000000000000000, -1.000000000000000000, 0.000000000000000000 ) ) ;
#748 = LINE ( 'NONE', #116, #229 ) ;
#749 = EDGE_CURVE ( 'NONE', #406, #1295, #174, .T. ) ;
#750 = CARTESIAN_POINT ( 'NONE',  ( -29.50000000000000355, 4.599999999999999645, -9.500000000000000000 ) ) ;
#751 = EDGE_CURVE ( 'NONE', #1382, #815, #69, .T. ) ;
#752 = ORIENTED_EDGE ( 'NONE', *, *, #922, .T. ) ;
#753 = DIRECTION ( 'NONE',  ( 0.000000000000000000, 0.000000000000000000, -1.000000000000000000 ) ) ;
#754 = ADVANCED_FACE ( 'NONE', ( #1327 ), #343, .F. ) ;
#755 = ORIENTED_EDGE ( 'NONE', *, *, #289, .T. ) ;
#756 = CARTESIAN_POINT ( 'NONE',  ( -12.99999999999999467, 4.599999999999999645, -7.000000000000000000 ) ) ;
#757 = DIRECTION ( 'NONE',  ( -1.000000000000000000, 0.000000000000000000, 0.000000000000000000 ) ) ;
#758 = FACE_OUTER_BOUND ( 'NONE', #917, .T. ) ;
#759 = ORIENTED_EDGE ( 'NONE', *, *, #1415, .F. ) ;
#760 = DIRECTION ( 'NONE',  ( 0.000000000000000000, 1.000000000000000000, 0.000000000000000000 ) ) ;
#761 = AXIS2_PLACEMENT_3D ( 'NONE', #1546, #534, #1184 ) ;
#762 = EDGE_LOOP ( 'NONE', ( #545, #846, #181, #43 ) ) ;
#763 = AXIS2_PLACEMENT_3D ( 'NONE', #463, #1087, #578 ) ;
#764 = AXIS2_PLACEMENT_3D ( 'NONE', #1281, #393, #504 ) ;
#765 = DIRECTION ( 'NONE',  ( -0.000000000000000000, -1.000000000000000000, -0.000000000000000000 ) ) ;
#766 = AXIS2_PLACEMENT_3D ( 'NONE', #13, #1522, #767 ) ;
#767 = DIRECTION ( 'NONE',  ( 0.000000000000000000, 0.000000000000000000, 1.000000000000000000 ) ) ;
#768 = EDGE_LOOP ( 'NONE', ( #883, #136, #197, #1357 ) ) ;
#769 = CARTESIAN_POINT ( 'NONE',  ( 32.00000000000000711, 4.599999999999999645, -12.00000000000000000 ) ) ;
#770 = ORIENTED_EDGE ( 'NONE', *, *, #820, .T. ) ;
#771 = ADVANCED_FACE ( 'NONE', ( #87 ), #306, .F. ) ;
#772 = DIRECTION ( 'NONE',  ( 1.000000000000000000, 0.000000000000000000, -0.000000000000000000 ) ) ;
#773 = ADVANCED_FACE ( 'NONE', ( #1346 ), #458, .F. ) ;
#774 = FACE_OUTER_BOUND ( 'NONE', #114, .T. ) ;
#775 = ORIENTED_EDGE ( 'NONE', *, *, #905, .T. ) ;
#776 = FACE_OUTER_BOUND ( 'NONE', #575, .T. ) ;
#777 = EDGE_LOOP ( 'NONE', ( #1445, #997 ) ) ;
#778 = CARTESIAN_POINT ( 'NONE',  ( 29.50000000000000355, 4.599999999999999645, 11.59999999999999787 ) ) ;
#779 = EDGE_CURVE ( 'NONE', #974, #610, #1109, .T. ) ;
#780 = EDGE_CURVE ( 'NONE', #414, #830, #602, .T. ) ;
#781 = DIRECTION ( 'NONE',  ( -0.000000000000000000, -1.000000000000000000, -0.000000000000000000 ) ) ;
#782 = ORIENTED_EDGE ( 'NONE', *, *, #751, .T. ) ;
#783 = DIRECTION ( 'NONE',  ( 0.000000000000000000, 0.000000000000000000, -1.000000000000000000 ) ) ;
#784 = CARTESIAN_POINT ( 'NONE',  ( -29.50000000000000355, -3.000000000000000000, 9.500000000000000000 ) ) ;
#785 = VERTEX_POINT ( 'NONE', #50 ) ;
#786 = CIRCLE ( 'NONE', #123, 1.250000000000001110 ) ;
#787 = CARTESIAN_POINT ( 'NONE',  ( 2.499999999999998668, -3.000000000000000000, 12.00000000000000178 ) ) ;
#788 = AXIS2_PLACEMENT_3D ( 'NONE', #241, #224, #353 ) ;
#789 = AXIS2_PLACEMENT_3D ( 'NONE', #108, #1530, #384 ) ;
#790 = DIRECTION ( 'NONE',  ( 1.000000000000000000, 0.000000000000000000, 0.000000000000000000 ) ) ;
#791 = ORIENTED_EDGE ( 'NONE', *, *, #409, .T. ) ;
#792 = CARTESIAN_POINT ( 'NONE',  ( -29.50000000000000355, -3.000000000000000000, 10.75000000000000000 ) ) ;
#793 = CARTESIAN_POINT ( 'NONE',  ( 7.000000000000000000, 4.599999999999999645, -6.999999999999998224 ) ) ;
#794 = EDGE_LOOP ( 'NONE', ( #1425, #391, #194, #666, #837, #671 ) ) ;
#795 = PLANE ( 'NONE',  #1321 ) ;
#796 = ORIENTED_EDGE ( 'NONE', *, *, #1396, .F. ) ;
#797 = ORIENTED_EDGE ( 'NONE', *, *, #486, .F. ) ;
#798 = EDGE_CURVE ( 'NONE', #785, #1, #1140, .T. ) ;
#799 = EDGE_CURVE ( 'NONE', #522, #1310, #1203, .T. ) ;
#800 = DIRECTION ( 'NONE',  ( 0.000000000000000000, 0.000000000000000000, 1.000000000000000000 ) ) ;
#801 = ORIENTED_EDGE ( 'NONE', *, *, #852, .T. ) ;
#802 = EDGE_CURVE ( 'NONE', #1182, #177, #1320, .T. ) ;
#803 = CARTESIAN_POINT ( 'NONE',  ( -26.99999999999998934, 4.599999999999999645, 7.000000000000000000 ) ) ;
#804 = VERTEX_POINT ( 'NONE', #1317 ) ;
#805 = ORIENTED_EDGE ( 'NONE', *, *, #1621, .T. ) ;
#806 = LINE ( 'NONE', #1294, #1186 ) ;
#807 = VERTEX_POINT ( 'NONE', #685 ) ;
#808 = CARTESIAN_POINT ( 'NONE',  ( -32.00000000000000000, 4.599999999999999645, 12.00000000000000178 ) ) ;
#809 = CARTESIAN_POINT ( 'NONE',  ( 13.00000000000000178, 4.599999999999999645, 7.000000000000000000 ) ) ;
#810 = AXIS2_PLACEMENT_3D ( 'NONE', #1218, #718, #1229 ) ;
#811 = AXIS2_PLACEMENT_3D ( 'NONE', #1195, #722, #195 ) ;
#812 = VECTOR ( 'NONE', #1241, 1000.000000000000000 ) ;
#813 =( LENGTH_UNIT ( ) NAMED_UNIT ( * ) SI_UNIT ( .MILLI., .METRE. ) );
#814 = AXIS2_PLACEMENT_3D ( 'NONE', #71, #828, #1328 ) ;
#815 = VERTEX_POINT ( 'NONE', #1578 ) ;
#816 = DIRECTION ( 'NONE',  ( -0.000000000000000000, -1.000000000000000000, -0.000000000000000000 ) ) ;
#817 = ORIENTED_EDGE ( 'NONE', *, *, #192, .T. ) ;
#818 = DIRECTION ( 'NONE',  ( 1.000000000000000000, 0.000000000000000000, 0.000000000000000000 ) ) ;
#819 = CARTESIAN_POINT ( 'NONE',  ( -17.50000000000000000, -3.000000000000000000, 9.578622030334010162 ) ) ;
#820 = EDGE_CURVE ( 'NONE', #287, #96, #595, .T. ) ;
#821 = PLANE ( 'NONE',  #712 ) ;
#822 = CARTESIAN_POINT ( 'NONE',  ( 29.50000000000000355, 4.599999999999999645, 7.400000000000002132 ) ) ;
#823 = EDGE_CURVE ( 'NONE', #984, #1417, #1211, .T. ) ;
#824 = DIRECTION ( 'NONE',  ( 0.000000000000000000, 0.000000000000000000, 1.000000000000000000 ) ) ;
#825 = FACE_OUTER_BOUND ( 'NONE', #1473, .T. ) ;
#826 = EDGE_LOOP ( 'NONE', ( #1397, #547, #913, #1388 ) ) ;
#827 = FILL_AREA_STYLE_COLOUR ( '', #284 ) ;
#828 = DIRECTION ( 'NONE',  ( 0.000000000000000000, -1.000000000000000000, 0.000000000000000000 ) ) ;
#829 = MANIFOLD_SOLID_BREP ( 'Boss-Extrude2', #577 ) ;
#830 = VERTEX_POINT ( 'NONE', #500 ) ;
#831 = LINE ( 'NONE', #1339, #1113 ) ;
#832 = CARTESIAN_POINT ( 'NONE',  ( -29.50000000000000355, 3.750000000000021760, -9.500000000000000000 ) ) ;
#833 = CARTESIAN_POINT ( 'NONE',  ( -32.00000000000000000, -3.000000000000000000, 0.000000000000000000 ) ) ;
#834 = FACE_OUTER_BOUND ( 'NONE', #1305, .T. ) ;
#835 = ORIENTED_EDGE ( 'NONE', *, *, #856, .T. ) ;
#836 = CARTESIAN_POINT ( 'NONE',  ( 13.00000000000000178, 4.599999999999999645, -7.000000000000000000 ) ) ;
#837 = ORIENTED_EDGE ( 'NONE', *, *, #802, .T. ) ;
#838 = CARTESIAN_POINT ( 'NONE',  ( -19.99999999999999645, 0.000000000000000000, -8.673617379884035472E-16 ) ) ;
#839 = CIRCLE ( 'NONE', #1289, 9.899494936611668905 ) ;
#840 = DIRECTION ( 'NONE',  ( 0.000000000000000000, -1.000000000000000000, 0.000000000000000000 ) ) ;
#841 = CIRCLE ( 'NONE', #66, 9.899494936611667129 ) ;
#842 = CIRCLE ( 'NONE', #124, 2.099999999999983658 ) ;
#843 = DIRECTION ( 'NONE',  ( -0.000000000000000000, -1.000000000000000000, -0.000000000000000000 ) ) ;
#844 = CIRCLE ( 'NONE', #896, 1.250000000000001110 ) ;
#845 = PLANE ( 'NONE',  #1028 ) ;
#846 = ORIENTED_EDGE ( 'NONE', *, *, #1467, .T. ) ;
#847 = ADVANCED_FACE ( 'NONE', ( #1079 ), #998, .T. ) ;
#848 = ORIENTED_EDGE ( 'NONE', *, *, #905, .F. ) ;
#849 = CARTESIAN_POINT ( 'NONE',  ( -17.49999999999999645, -3.000000000000000000, -5.059610138265686307E-15 ) ) ;
#850 = CYLINDRICAL_SURFACE ( 'NONE', #763, 1.250000000000001110 ) ;
#851 = DIRECTION ( 'NONE',  ( -0.000000000000000000, -1.000000000000000000, -0.000000000000000000 ) ) ;
#852 = EDGE_CURVE ( 'NONE', #1226, #169, #359, .T. ) ;
#853 = CARTESIAN_POINT ( 'NONE',  ( -22.49999999999999645, -3.000000000000000000, 0.000000000000000000 ) ) ;
#854 = ORIENTED_EDGE ( 'NONE', *, *, #33, .T. ) ;
#855 = ORIENTED_EDGE ( 'NONE', *, *, #1541, .T. ) ;
#856 = EDGE_CURVE ( 'NONE', #354, #149, #1587, .T. ) ;
#857 = LINE ( 'NONE', #968, #173 ) ;
#858 = DIRECTION ( 'NONE',  ( -0.000000000000000000, -1.000000000000000000, -0.000000000000000000 ) ) ;
#859 = DIRECTION ( 'NONE',  ( 0.000000000000000000, 0.000000000000000000, -1.000000000000000000 ) ) ;
#860 = ORIENTED_EDGE ( 'NONE', *, *, #1081, .T. ) ;
#861 = DIRECTION ( 'NONE',  ( 0.000000000000000000, 0.000000000000000000, -1.000000000000000000 ) ) ;
#862 = ORIENTED_EDGE ( 'NONE', *, *, #605, .T. ) ;
#863 = DIRECTION ( 'NONE',  ( 0.000000000000000000, -1.000000000000000000, 0.000000000000000000 ) ) ;
#864 = AXIS2_PLACEMENT_3D ( 'NONE', #1096, #1230, #1471 ) ;
#865 = DIRECTION ( 'NONE',  ( 0.000000000000000000, 0.000000000000000000, -1.000000000000000000 ) ) ;
#866 = CIRCLE ( 'NONE', #918, 1.250000000000001110 ) ;
#867 = AXIS2_PLACEMENT_3D ( 'NONE', #367, #869, #106 ) ;
#868 = ORIENTED_EDGE ( 'NONE', *, *, #464, .F. ) ;
#869 = DIRECTION ( 'NONE',  ( 0.000000000000000000, 1.000000000000000000, 0.000000000000000000 ) ) ;
#870 = CIRCLE ( 'NONE', #681, 1.250000000000001110 ) ;
#871 = EDGE_LOOP ( 'NONE', ( #1283, #1117, #1433, #654, #1306, #1529, #1169, #1630 ) ) ;
#872 = DIRECTION ( 'NONE',  ( 0.000000000000000000, 0.000000000000000000, 1.000000000000000000 ) ) ;
#873 = EDGE_CURVE ( 'NONE', #273, #585, #1248, .T. ) ;
#874 = DIRECTION ( 'NONE',  ( 0.000000000000000000, -1.000000000000000000, 0.000000000000000000 ) ) ;
#875 = EDGE_CURVE ( 'NONE', #984, #491, #1453, .T. ) ;
#876 = DIRECTION ( 'NONE',  ( 0.000000000000000000, 0.000000000000000000, -1.000000000000000000 ) ) ;
#877 = VERTEX_POINT ( 'NONE', #1119 ) ;
#878 = DIRECTION ( 'NONE',  ( -0.000000000000000000, -1.000000000000000000, -0.000000000000000000 ) ) ;
#879 = ORIENTED_EDGE ( 'NONE', *, *, #697, .F. ) ;
#880 = LINE ( 'NONE', #115, #555 ) ;
#881 = CARTESIAN_POINT ( 'NONE',  ( -22.49999999999999645, 0.000000000000000000, 9.578622030334008386 ) ) ;
#882 = LINE ( 'NONE', #1267, #103 ) ;
#883 = ORIENTED_EDGE ( 'NONE', *, *, #42, .T. ) ;
#884 = DIRECTION ( 'NONE',  ( 0.000000000000000000, -0.000000000000000000, 1.000000000000000000 ) ) ;
#885 = VERTEX_POINT ( 'NONE', #517 ) ;
#886 = PLANE ( 'NONE',  #72 ) ;
#887 = LINE ( 'NONE', #1282, #175 ) ;
#888 = VECTOR ( 'NONE', #1450, 1000.000000000000000 ) ;
#889 = ORIENTED_EDGE ( 'NONE', *, *, #464, .T. ) ;
#890 = ADVANCED_FACE ( 'NONE', ( #119 ), #1631, .F. ) ;
#891 = CARTESIAN_POINT ( 'NONE',  ( -29.50000000000000355, 3.750000000000021760, -8.249999999999998224 ) ) ;
#892 = VECTOR ( 'NONE', #62, 1000.000000000000000 ) ;
#893 = ORIENTED_EDGE ( 'NONE', *, *, #266, .F. ) ;
#894 = VECTOR ( 'NONE', #1150, 1000.000000000000000 ) ;
#895 = ADVANCED_FACE ( 'NONE', ( #620 ), #128, .F. ) ;
#896 = AXIS2_PLACEMENT_3D ( 'NONE', #1092, #58, #1600 ) ;
#897 = DIRECTION ( 'NONE',  ( -2.478176394252581634E-16, 0.000000000000000000, 1.000000000000000000 ) ) ;
#898 = AXIS2_PLACEMENT_3D ( 'NONE', #650, #530, #1416 ) ;
#899 = CARTESIAN_POINT ( 'NONE',  ( 29.50000000000000355, -3.000000000000000000, 10.75000000000000000 ) ) ;
#900 = ORIENTED_EDGE ( 'NONE', *, *, #1032, .T. ) ;
#901 = DIRECTION ( 'NONE',  ( -0.000000000000000000, 1.000000000000000000, -0.000000000000000000 ) ) ;
#902 = PRODUCT_DEFINITION ( 'General', '', #450, #1634 ) ;
#903 = ORIENTED_EDGE ( 'NONE', *, *, #779, .T. ) ;
#904 = PLANE ( 'NONE',  #503 ) ;
#905 = EDGE_CURVE ( 'NONE', #361, #1, #1637, .T. ) ;
#906 = CARTESIAN_POINT ( 'NONE',  ( 0.000000000000000000, -3.000000000000000000, 0.000000000000000000 ) ) ;
#907 = ORIENTED_EDGE ( 'NONE', *, *, #360, .T. ) ;
#908 = DIRECTION ( 'NONE',  ( -0.000000000000000000, -1.000000000000000000, -0.000000000000000000 ) ) ;
#909 = DIRECTION ( 'NONE',  ( 0.000000000000000000, 0.000000000000000000, 1.000000000000000000 ) ) ;
#910 = EDGE_LOOP ( 'NONE', ( #416, #572, #1134, #647 ) ) ;
#911 = FACE_OUTER_BOUND ( 'NONE', #1223, .T. ) ;
#912 = CARTESIAN_POINT ( 'NONE',  ( -29.50000000000000355, 4.599999999999999645, 9.500000000000000000 ) ) ;
#913 = ORIENTED_EDGE ( 'NONE', *, *, #217, .F. ) ;
#914 = CARTESIAN_POINT ( 'NONE',  ( 20.00000000000000000, -3.000000000000000000, 0.000000000000000000 ) ) ;
#915 = AXIS2_PLACEMENT_3D ( 'NONE', #1129, #506, #1004 ) ;
#916 = CARTESIAN_POINT ( 'NONE',  ( -3.469446951953614189E-15, 0.000000000000000000, 5.204170427930421283E-15 ) ) ;
#917 = EDGE_LOOP ( 'NONE', ( #797, #1278, #854, #1355 ) ) ;
#918 = AXIS2_PLACEMENT_3D ( 'NONE', #1164, #1284, #783 ) ;
#919 = FACE_OUTER_BOUND ( 'NONE', #302, .T. ) ;
#920 = CIRCLE ( 'NONE', #1007, 1.250000000000001110 ) ;
#921 = CIRCLE ( 'NONE', #207, 9.899494936611667129 ) ;
#922 = EDGE_CURVE ( 'NONE', #626, #501, #1125, .T. ) ;
#923 =( GEOMETRIC_REPRESENTATION_CONTEXT ( 3 ) GLOBAL_UNCERTAINTY_ASSIGNED_CONTEXT ( ( #61 ) ) GLOBAL_UNIT_ASSIGNED_CONTEXT ( ( #813, #538, #1198 ) ) REPRESENTATION_CONTEXT ( 'NONE', 'WORKASPACE' ) );
#924 = EDGE_CURVE ( 'NONE', #1141, #403, #502, .T. ) ;
#925 = LINE ( 'NONE', #561, #1592 ) ;
#926 = ORIENTED_EDGE ( 'NONE', *, *, #1292, .T. ) ;
#927 = EDGE_CURVE ( 'NONE', #804, #885, #1626, .T. ) ;
#928 = CARTESIAN_POINT ( 'NONE',  ( 13.00000000000000178, 4.599999999999999645, -7.000000000000000000 ) ) ;
#929 = ORIENTED_EDGE ( 'NONE', *, *, #390, .T. ) ;
#930 = DIRECTION ( 'NONE',  ( -0.000000000000000000, -1.000000000000000000, -0.000000000000000000 ) ) ;
#931 = ORIENTED_EDGE ( 'NONE', *, *, #731, .T. ) ;
#932 = LINE ( 'NONE', #22, #151 ) ;
#933 = ORIENTED_EDGE ( 'NONE', *, *, #390, .F. ) ;
#934 = LINE ( 'NONE', #928, #977 ) ;
#935 = ORIENTED_EDGE ( 'NONE', *, *, #156, .F. ) ;
#936 = DIRECTION ( 'NONE',  ( -1.000000000000000000, 0.000000000000000000, -0.000000000000000000 ) ) ;
#937 = LINE ( 'NONE', #1568, #1011 ) ;
#938 = ORIENTED_EDGE ( 'NONE', *, *, #734, .F. ) ;
#939 = ADVANCED_FACE ( 'NONE', ( #1515 ), #492, .F. ) ;
#940 = DIRECTION ( 'NONE',  ( -0.000000000000000000, 1.000000000000000000, -0.000000000000000000 ) ) ;
#941 = ORIENTED_EDGE ( 'NONE', *, *, #563, .F. ) ;
#942 = CARTESIAN_POINT ( 'NONE',  ( 32.00000000000000711, 4.599999999999999645, -12.00000000000000000 ) ) ;
#943 = APPLICATION_CONTEXT ( 'automotive_design' ) ;
#944 = AXIS2_PLACEMENT_3D ( 'NONE', #1384, #1512, #244 ) ;
#945 = CARTESIAN_POINT ( 'NONE',  ( -29.50000000000000355, 4.599999999999999645, 9.500000000000000000 ) ) ;
#946 = EDGE_LOOP ( 'NONE', ( #279, #1021, #721, #931 ) ) ;
#947 = VECTOR ( 'NONE', #158, 1000.000000000000000 ) ;
#948 = EDGE_CURVE ( 'NONE', #1420, #105, #1370, .T. ) ;
#949 = VECTOR ( 'NONE', #1362, 1000.000000000000000 ) ;
#950 = CARTESIAN_POINT ( 'NONE',  ( -26.99999999999998934, 4.599999999999999645, 7.000000000000000000 ) ) ;
#951 = VECTOR ( 'NONE', #117, 1000.000000000000000 ) ;
#952 = DIRECTION ( 'NONE',  ( 0.000000000000000000, 0.000000000000000000, 1.000000000000000000 ) ) ;
#953 = CARTESIAN_POINT ( 'NONE',  ( 17.50000000000000000, 0.000000000000000000, 12.00000000000000178 ) ) ;
#954 = CARTESIAN_POINT ( 'NONE',  ( 27.00000000000000000, 0.000000000000000000, -7.000000000000000000 ) ) ;
#955 = DIRECTION ( 'NONE',  ( 0.000000000000000000, -0.000000000000000000, 1.000000000000000000 ) ) ;
#956 = ORIENTED_EDGE ( 'NONE', *, *, #1345, .F. ) ;
#957 = SURFACE_SIDE_STYLE ('',( #965 ) ) ;
#958 = PLANE ( 'NONE',  #1620 ) ;
#959 = FACE_OUTER_BOUND ( 'NONE', #1441, .T. ) ;
#960 = EDGE_CURVE ( 'NONE', #479, #501, #635, .T. ) ;
#961 = CARTESIAN_POINT ( 'NONE',  ( -19.99999999999999645, -3.000000000000000000, -8.673617379884035472E-16 ) ) ;
#962 = LINE ( 'NONE', #84, #1483 ) ;
#963 = CARTESIAN_POINT ( 'NONE',  ( 2.499999999999998668, -3.000000000000000000, 9.578622030334013715 ) ) ;
#964 = ORIENTED_EDGE ( 'NONE', *, *, #1391, .T. ) ;
#965 = SURFACE_STYLE_FILL_AREA ( #703 ) ;
#966 = CARTESIAN_POINT ( 'NONE',  ( -12.99999999999999467, 4.599999999999999645, -7.000000000000000000 ) ) ;
#967 = ORIENTED_EDGE ( 'NONE', *, *, #1442, .T. ) ;
#968 = CARTESIAN_POINT ( 'NONE',  ( -32.00000000000000000, 4.599999999999999645, -12.00000000000000000 ) ) ;
#969 = FACE_OUTER_BOUND ( 'NONE', #467, .T. ) ;
#970 = DIRECTION ( 'NONE',  ( 0.000000000000000000, 1.000000000000000000, 0.000000000000000000 ) ) ;
#971 = CARTESIAN_POINT ( 'NONE',  ( 17.50000000000000000, 0.000000000000000000, 0.000000000000000000 ) ) ;
#972 = ORIENTED_EDGE ( 'NONE', *, *, #678, .F. ) ;
#973 = DIRECTION ( 'NONE',  ( -0.000000000000000000, -1.000000000000000000, -0.000000000000000000 ) ) ;
#974 = VERTEX_POINT ( 'NONE', #993 ) ;
#975 = CARTESIAN_POINT ( 'NONE',  ( 32.00000000000000711, 4.599999999999999645, 12.00000000000000178 ) ) ;
#976 = CARTESIAN_POINT ( 'NONE',  ( -7.000000000000000000, 4.599999999999999645, -6.999999999999998224 ) ) ;
#977 = VECTOR ( 'NONE', #557, 1000.000000000000000 ) ;
#978 = EDGE_CURVE ( 'NONE', #388, #1108, #842, .T. ) ;
#979 = VECTOR ( 'NONE', #632, 1000.000000000000000 ) ;
#980 = FACE_OUTER_BOUND ( 'NONE', #1239, .T. ) ;
#981 = EDGE_CURVE ( 'NONE', #361, #1572, #679, .T. ) ;
#982 = VECTOR ( 'NONE', #307, 1000.000000000000000 ) ;
#983 = DIRECTION ( 'NONE',  ( -0.000000000000000000, 1.000000000000000000, -0.000000000000000000 ) ) ;
#984 = VERTEX_POINT ( 'NONE', #1497 ) ;
#985 = EDGE_CURVE ( 'NONE', #1649, #1131, #1206, .T. ) ;
#986 = AXIS2_PLACEMENT_3D ( 'NONE', #301, #295, #1332 ) ;
#987 = DIRECTION ( 'NONE',  ( 0.000000000000000000, 0.000000000000000000, -1.000000000000000000 ) ) ;
#988 = VERTEX_POINT ( 'NONE', #1234 ) ;
#989 = CARTESIAN_POINT ( 'NONE',  ( -31.99999999999999289, -3.000000000000000000, -12.00000000000000000 ) ) ;
#990 = CYLINDRICAL_SURFACE ( 'NONE', #1026, 1.250000000000001110 ) ;
#991 = CARTESIAN_POINT ( 'NONE',  ( 27.00000000000000000, 4.599999999999999645, 7.000000000000000000 ) ) ;
#992 = EDGE_LOOP ( 'NONE', ( #1632, #796, #1562, #232 ) ) ;
#993 = CARTESIAN_POINT ( 'NONE',  ( 13.00000000000000178, 4.599999999999999645, -7.000000000000000000 ) ) ;
#994 = ORIENTED_EDGE ( 'NONE', *, *, #1052, .T. ) ;
#995 = DIRECTION ( 'NONE',  ( 0.000000000000000000, 0.000000000000000000, -1.000000000000000000 ) ) ;
#996 = PLANE ( 'NONE',  #1264 ) ;
#997 = ORIENTED_EDGE ( 'NONE', *, *, #1153, .T. ) ;
#998 = PLANE ( 'NONE',  #528 ) ;
#999 = EDGE_CURVE ( 'NONE', #414, #159, #553, .T. ) ;
#1000 = EDGE_LOOP ( 'NONE', ( #411, #300, #775, #596 ) ) ;
#1001 = DIRECTION ( 'NONE',  ( 0.000000000000000000, -1.000000000000000000, 0.000000000000000000 ) ) ;
#1002 = EDGE_CURVE ( 'NONE', #218, #479, #261, .T. ) ;
#1003 = VECTOR ( 'NONE', #1114, 1000.000000000000000 ) ;
#1004 = DIRECTION ( 'NONE',  ( 0.000000000000000000, 0.000000000000000000, 1.000000000000000000 ) ) ;
#1005 = VECTOR ( 'NONE', #1302, 1000.000000000000000 ) ;
#1006 = DIRECTION ( 'NONE',  ( 0.000000000000000000, 0.000000000000000000, -1.000000000000000000 ) ) ;
#1007 = AXIS2_PLACEMENT_3D ( 'NONE', #832, #1340, #199 ) ;
#1008 = EDGE_LOOP ( 'NONE', ( #35, #907, #933, #848 ) ) ;
#1009 = DIRECTION ( 'NONE',  ( 0.000000000000000000, 0.000000000000000000, -1.000000000000000000 ) ) ;
#1010 = AXIS2_PLACEMENT_3D ( 'NONE', #950, #1619, #480 ) ;
#1011 = VECTOR ( 'NONE', #285, 1000.000000000000000 ) ;
#1012 = ORIENTED_EDGE ( 'NONE', *, *, #1253, .T. ) ;
#1013 = CARTESIAN_POINT ( 'NONE',  ( 29.50000000000000355, 4.599999999999999645, -9.500000000000000000 ) ) ;
#1014 = DIRECTION ( 'NONE',  ( -1.000000000000000000, 0.000000000000000000, 0.000000000000000000 ) ) ;
#1015 = FACE_BOUND ( 'NONE', #1110, .T. ) ;
#1016 = ORIENTED_EDGE ( 'NONE', *, *, #1521, .F. ) ;
#1017 = CARTESIAN_POINT ( 'NONE',  ( -19.99999999999999645, 0.000000000000000000, -8.673617379884035472E-16 ) ) ;
#1018 = ORIENTED_EDGE ( 'NONE', *, *, #820, .F. ) ;
#1019 = DIRECTION ( 'NONE',  ( -0.000000000000000000, -1.000000000000000000, -0.000000000000000000 ) ) ;
#1020 = DIRECTION ( 'NONE',  ( -0.000000000000000000, -1.000000000000000000, -0.000000000000000000 ) ) ;
#1021 = ORIENTED_EDGE ( 'NONE', *, *, #1638, .F. ) ;
#1022 = CARTESIAN_POINT ( 'NONE',  ( 32.00000000000000711, 4.599999999999999645, -12.00000000000000000 ) ) ;
#1023 = EDGE_CURVE ( 'NONE', #1071, #1565, #1402, .T. ) ;
#1024 = VERTEX_POINT ( 'NONE', #462 ) ;
#1025 = CARTESIAN_POINT ( 'NONE',  ( -12.99999999999999822, 4.599999999999999645, 7.000000000000000000 ) ) ;
#1026 = AXIS2_PLACEMENT_3D ( 'NONE', #1498, #858, #1088 ) ;
#1027 = FACE_BOUND ( 'NONE', #539, .T. ) ;
#1028 = AXIS2_PLACEMENT_3D ( 'NONE', #1201, #202, #1222 ) ;
#1029 = ORIENTED_EDGE ( 'NONE', *, *, #239, .T. ) ;
#1030 = CARTESIAN_POINT ( 'NONE',  ( -2.499999999999998668, -3.000000000000000000, 12.00000000000000178 ) ) ;
#1031 = AXIS2_PLACEMENT_3D ( 'NONE', #715, #1614, #987 ) ;
#1032 = EDGE_CURVE ( 'NONE', #1371, #96, #1102, .T. ) ;
#1033 = ORIENTED_EDGE ( 'NONE', *, *, #1038, .F. ) ;
#1034 = AXIS2_PLACEMENT_3D ( 'NONE', #1013, #765, #872 ) ;
#1035 = AXIS2_PLACEMENT_3D ( 'NONE', #380, #251, #1277 ) ;
#1036 = DIRECTION ( 'NONE',  ( 0.000000000000000000, -0.000000000000000000, 1.000000000000000000 ) ) ;
#1037 = APPLICATION_CONTEXT ( 'automotive_design' ) ;
#1038 = EDGE_CURVE ( 'NONE', #159, #1256, #831, .T. ) ;
#1039 = CARTESIAN_POINT ( 'NONE',  ( 29.50000000000000355, 3.750000000000021760, -9.500000000000000000 ) ) ;
#1040 = ORIENTED_EDGE ( 'NONE', *, *, #1292, .F. ) ;
#1041 = LINE ( 'NONE', #1301, #1485 ) ;
#1042 = DIRECTION ( 'NONE',  ( 0.000000000000000000, -1.000000000000000000, 0.000000000000000000 ) ) ;
#1043 = ORIENTED_EDGE ( 'NONE', *, *, #1495, .F. ) ;
#1044 = CARTESIAN_POINT ( 'NONE',  ( 27.00000000000000000, 4.599999999999999645, -7.000000000000000000 ) ) ;
#1045 = DIRECTION ( 'NONE',  ( -1.000000000000000000, 0.000000000000000000, 0.000000000000000000 ) ) ;
#1046 = ORIENTED_EDGE ( 'NONE', *, *, #1197, .F. ) ;
#1047 = DIRECTION ( 'NONE',  ( -0.000000000000000000, -1.000000000000000000, -0.000000000000000000 ) ) ;
#1048 = DIRECTION ( 'NONE',  ( 0.000000000000000000, 0.000000000000000000, -1.000000000000000000 ) ) ;
#1049 = ORIENTED_EDGE ( 'NONE', *, *, #1443, .F. ) ;
#1050 = EDGE_CURVE ( 'NONE', #1269, #468, #590, .T. ) ;
#1051 = LINE ( 'NONE', #1044, #420 ) ;
#1052 = EDGE_CURVE ( 'NONE', #664, #1508, #870, .T. ) ;
#1053 = ORIENTED_EDGE ( 'NONE', *, *, #823, .T. ) ;
#1054 = CARTESIAN_POINT ( 'NONE',  ( -12.99999999999999822, 0.000000000000000000, 7.000000000000000000 ) ) ;
#1055 = AXIS2_PLACEMENT_3D ( 'NONE', #1561, #48, #909 ) ;
#1056 = LINE ( 'NONE', #672, #1556 ) ;
#1057 = VERTEX_POINT ( 'NONE', #989 ) ;
#1058 = VECTOR ( 'NONE', #1553, 1000.000000000000000 ) ;
#1059 = LINE ( 'NONE', #1564, #1351 ) ;
#1060 = AXIS2_PLACEMENT_3D ( 'NONE', #382, #760, #1270 ) ;
#1061 = AXIS2_PLACEMENT_3D ( 'NONE', #268, #137, #1128 ) ;
#1062 = CARTESIAN_POINT ( 'NONE',  ( 0.000000000000000000, -3.000000000000000000, 12.00000000000000178 ) ) ;
#1063 = ORIENTED_EDGE ( 'NONE', *, *, #387, .F. ) ;
#1064 = CARTESIAN_POINT ( 'NONE',  ( -7.000000000000000000, 0.000000000000000000, 7.000000000000001776 ) ) ;
#1065 = VERTEX_POINT ( 'NONE', #453 ) ;
#1066 = FACE_BOUND ( 'NONE', #714, .T. ) ;
#1067 = ADVANCED_FACE ( 'NONE', ( #959 ), #732, .F. ) ;
#1068 = DIRECTION ( 'NONE',  ( 2.478176394252581634E-16, 0.000000000000000000, -1.000000000000000000 ) ) ;
#1069 = ORIENTED_EDGE ( 'NONE', *, *, #1023, .T. ) ;
#1070 = DIRECTION ( 'NONE',  ( 0.000000000000000000, 0.000000000000000000, 1.000000000000000000 ) ) ;
#1071 = VERTEX_POINT ( 'NONE', #60 ) ;
#1072 = EDGE_CURVE ( 'NONE', #988, #1057, #857, .T. ) ;
#1073 = DIRECTION ( 'NONE',  ( 0.000000000000000000, -0.000000000000000000, 1.000000000000000000 ) ) ;
#1074 = LINE ( 'NONE', #1212, #636 ) ;
#1075 = ORIENTED_EDGE ( 'NONE', *, *, #1050, .T. ) ;
#1076 = LINE ( 'NONE', #227, #707 ) ;
#1077 = CARTESIAN_POINT ( 'NONE',  ( 29.50000000000000355, 4.599999999999999645, 9.500000000000000000 ) ) ;
#1078 = VERTEX_POINT ( 'NONE', #1608 ) ;
#1079 = FACE_OUTER_BOUND ( 'NONE', #1303, .T. ) ;
#1080 = AXIS2_PLACEMENT_3D ( 'NONE', #1265, #874, #865 ) ;
#1081 = EDGE_CURVE ( 'NONE', #1078, #223, #582, .T. ) ;
#1082 = LINE ( 'NONE', #704, #1190 ) ;
#1083 = VECTOR ( 'NONE', #328, 1000.000000000000000 ) ;
#1084 = AXIS2_PLACEMENT_3D ( 'NONE', #1091, #1598, #476 ) ;
#1085 = DIRECTION ( 'NONE',  ( 0.000000000000000000, -1.000000000000000000, 0.000000000000000000 ) ) ;
#1086 = CIRCLE ( 'NONE', #1034, 2.099999999999983658 ) ;
#1087 = DIRECTION ( 'NONE',  ( -0.000000000000000000, -1.000000000000000000, -0.000000000000000000 ) ) ;
#1088 = DIRECTION ( 'NONE',  ( 0.000000000000000000, 0.000000000000000000, -1.000000000000000000 ) ) ;
#1089 = DIRECTION ( 'NONE',  ( 0.000000000000000000, 0.000000000000000000, 1.000000000000000000 ) ) ;
#1090 = VERTEX_POINT ( 'NONE', #1350 ) ;
#1091 = CARTESIAN_POINT ( 'NONE',  ( -29.50000000000000355, 4.599999999999999645, 9.500000000000000000 ) ) ;
#1092 = CARTESIAN_POINT ( 'NONE',  ( 29.50000000000000355, 3.750000000000021760, -9.500000000000000000 ) ) ;
#1093 = ORIENTED_EDGE ( 'NONE', *, *, #780, .F. ) ;
#1094 = CARTESIAN_POINT ( 'NONE',  ( -32.00000000000000000, 0.000000000000000000, 12.00000000000000178 ) ) ;
#1095 = FACE_OUTER_BOUND ( 'NONE', #728, .T. ) ;
#1096 = CARTESIAN_POINT ( 'NONE',  ( 0.000000000000000000, 0.000000000000000000, 0.000000000000000000 ) ) ;
#1097 = CARTESIAN_POINT ( 'NONE',  ( -22.49999999999999645, -3.000000000000000000, 12.00000000000000178 ) ) ;
#1098 = ORIENTED_EDGE ( 'NONE', *, *, #178, .T. ) ;
#1099 = SURFACE_STYLE_USAGE ( .BOTH. , #957 ) ;
#1100 = EDGE_LOOP ( 'NONE', ( #508, #964, #601, #879 ) ) ;
#1101 = EDGE_CURVE ( 'NONE', #885, #1386, #102, .T. ) ;
#1102 = LINE ( 'NONE', #75, #170 ) ;
#1103 = EDGE_CURVE ( 'NONE', #273, #1065, #717, .T. ) ;
#1104 = DIRECTION ( 'NONE',  ( 0.000000000000000000, 0.000000000000000000, 1.000000000000000000 ) ) ;
#1105 = ADVANCED_FACE ( 'NONE', ( #1228 ), #1487, .T. ) ;
#1106 = FACE_OUTER_BOUND ( 'NONE', #694, .T. ) ;
#1107 = DIRECTION ( 'NONE',  ( 0.000000000000000000, -0.000000000000000000, 1.000000000000000000 ) ) ;
#1108 = VERTEX_POINT ( 'NONE', #90 ) ;
#1109 = LINE ( 'NONE', #836, #1375 ) ;
#1110 = EDGE_LOOP ( 'NONE', ( #723, #47 ) ) ;
#1111 = PLANE ( 'NONE',  #1010 ) ;
#1112 = VECTOR ( 'NONE', #6, 1000.000000000000000 ) ;
#1113 = VECTOR ( 'NONE', #327, 1000.000000000000000 ) ;
#1114 = DIRECTION ( 'NONE',  ( 0.000000000000000000, 0.000000000000000000, -1.000000000000000000 ) ) ;
#1115 = AXIS2_PLACEMENT_3D ( 'NONE', #378, #627, #995 ) ;
#1116 = CARTESIAN_POINT ( 'NONE',  ( 29.50000000000000355, 3.750000000000000888, 8.249999999999998224 ) ) ;
#1117 = ORIENTED_EDGE ( 'NONE', *, *, #852, .F. ) ;
#1118 = VECTOR ( 'NONE', #1045, 1000.000000000000000 ) ;
#1119 = CARTESIAN_POINT ( 'NONE',  ( -29.50000000000000355, 4.599999999999999645, 7.400000000000002132 ) ) ;
#1120 = ORIENTED_EDGE ( 'NONE', *, *, #1583, .F. ) ;
#1121 = CARTESIAN_POINT ( 'NONE',  ( 29.50000000000000355, 4.599999999999999645, -9.500000000000000000 ) ) ;
#1122 = DIRECTION ( 'NONE',  ( 0.000000000000000000, 0.000000000000000000, 1.000000000000000000 ) ) ;
#1123 = ADVANCED_FACE ( 'NONE', ( #604 ), #1111, .T. ) ;
#1124 = VERTEX_POINT ( 'NONE', #616 ) ;
#1125 = LINE ( 'NONE', #744, #477 ) ;
#1126 = ADVANCED_FACE ( 'NONE', ( #1458 ), #821, .F. ) ;
#1127 = ORIENTED_EDGE ( 'NONE', *, *, #257, .T. ) ;
#1128 = DIRECTION ( 'NONE',  ( 0.000000000000000000, 0.000000000000000000, -1.000000000000000000 ) ) ;
#1129 = CARTESIAN_POINT ( 'NONE',  ( -29.50000000000000355, 3.750000000000000888, 9.500000000000000000 ) ) ;
#1130 = EDGE_CURVE ( 'NONE', #984, #388, #1407, .T. ) ;
#1131 = VERTEX_POINT ( 'NONE', #495 ) ;
#1132 = CARTESIAN_POINT ( 'NONE',  ( 0.000000000000000000, 0.000000000000000000, 0.000000000000000000 ) ) ;
#1133 = CARTESIAN_POINT ( 'NONE',  ( 7.000000000000000000, 4.599999999999999645, 7.000000000000001776 ) ) ;
#1134 = ORIENTED_EDGE ( 'NONE', *, *, #52, .F. ) ;
#1135 = DIRECTION ( 'NONE',  ( -0.000000000000000000, 1.000000000000000000, -0.000000000000000000 ) ) ;
#1136 = CIRCLE ( 'NONE', #417, 1.250000000000001110 ) ;
#1137 = LINE ( 'NONE', #1635, #630 ) ;
#1138 = AXIS2_PLACEMENT_3D ( 'NONE', #142, #908, #288 ) ;
#1139 = FACE_BOUND ( 'NONE', #730, .T. ) ;
#1140 = CIRCLE ( 'NONE', #1031, 1.250000000000001110 ) ;
#1141 = VERTEX_POINT ( 'NONE', #1505 ) ;
#1142 = DIRECTION ( 'NONE',  ( -0.000000000000000000, -1.000000000000000000, -0.000000000000000000 ) ) ;
#1143 = CIRCLE ( 'NONE', #529, 9.899494936611667129 ) ;
#1144 = AXIS2_PLACEMENT_3D ( 'NONE', #133, #1543, #644 ) ;
#1145 = ORIENTED_EDGE ( 'NONE', *, *, #799, .F. ) ;
#1146 = DIRECTION ( 'NONE',  ( -1.000000000000000000, 0.000000000000000000, 0.000000000000000000 ) ) ;
#1147 = EDGE_CURVE ( 'NONE', #1565, #1071, #1086, .T. ) ;
#1148 = DIRECTION ( 'NONE',  ( 0.000000000000000000, 0.000000000000000000, 1.000000000000000000 ) ) ;
#1149 = ORIENTED_EDGE ( 'NONE', *, *, #179, .F. ) ;
#1150 = DIRECTION ( 'NONE',  ( -0.000000000000000000, -1.000000000000000000, -0.000000000000000000 ) ) ;
#1151 = ORIENTED_EDGE ( 'NONE', *, *, #461, .T. ) ;
#1152 = LINE ( 'NONE', #511, #658 ) ;
#1153 = EDGE_CURVE ( 'NONE', #79, #1124, #1243, .T. ) ;
#1154 = EDGE_CURVE ( 'NONE', #96, #1371, #921, .T. ) ;
#1155 = EDGE_CURVE ( 'NONE', #252, #1078, #1517, .T. ) ;
#1156 = FACE_OUTER_BOUND ( 'NONE', #762, .T. ) ;
#1157 = EDGE_LOOP ( 'NONE', ( #296, #543, #1093, #264 ) ) ;
#1158 = CARTESIAN_POINT ( 'NONE',  ( 27.00000000000000000, 4.599999999999999645, 7.000000000000000000 ) ) ;
#1159 = ORIENTED_EDGE ( 'NONE', *, *, #1345, .T. ) ;
#1160 = CARTESIAN_POINT ( 'NONE',  ( 2.499999999999998668, -3.000000000000000000, 12.00000000000000178 ) ) ;
#1161 = DIRECTION ( 'NONE',  ( 1.000000000000000000, 0.000000000000000000, 0.000000000000000000 ) ) ;
#1162 = VECTOR ( 'NONE', #1459, 1000.000000000000000 ) ;
#1163 = ORIENTED_EDGE ( 'NONE', *, *, #156, .T. ) ;
#1164 = CARTESIAN_POINT ( 'NONE',  ( 29.50000000000000355, -3.000000000000000000, 9.500000000000000000 ) ) ;
#1165 = ORIENTED_EDGE ( 'NONE', *, *, #1567, .F. ) ;
#1166 = VECTOR ( 'NONE', #639, 1000.000000000000000 ) ;
#1167 = CARTESIAN_POINT ( 'NONE',  ( 0.000000000000000000, 0.000000000000000000, 0.000000000000000000 ) ) ;
#1168 = FACE_OUTER_BOUND ( 'NONE', #127, .T. ) ;
#1169 = ORIENTED_EDGE ( 'NONE', *, *, #1002, .F. ) ;
#1170 = EDGE_CURVE ( 'NONE', #149, #354, #1563, .T. ) ;
#1171 = LINE ( 'NONE', #891, #1318 ) ;
#1172 = CARTESIAN_POINT ( 'NONE',  ( 32.00000000000000711, 4.599999999999999645, 12.00000000000000178 ) ) ;
#1173 = ORIENTED_EDGE ( 'NONE', *, *, #1287, .T. ) ;
#1174 = EDGE_CURVE ( 'NONE', #1024, #1417, #313, .T. ) ;
#1175 = CARTESIAN_POINT ( 'NONE',  ( -17.50000000000000000, 0.000000000000000000, 12.00000000000000178 ) ) ;
#1176 = PRODUCT_CONTEXT ( 'NONE', #943, 'mechanical' ) ;
#1177 = EDGE_LOOP ( 'NONE', ( #1654, #1624 ) ) ;
#1178 = DIRECTION ( 'NONE',  ( -0.000000000000000000, 1.000000000000000000, -0.000000000000000000 ) ) ;
#1179 = CARTESIAN_POINT ( 'NONE',  ( -29.50000000000000355, 3.750000000000021760, -9.500000000000000000 ) ) ;
#1180 = ORIENTED_EDGE ( 'NONE', *, *, #303, .T. ) ;
#1181 = CARTESIAN_POINT ( 'NONE',  ( 13.00000000000000178, 4.599999999999999645, -7.000000000000000000 ) ) ;
#1182 = VERTEX_POINT ( 'NONE', #741 ) ;
#1183 = AXIS2_PLACEMENT_3D ( 'NONE', #1461, #606, #824 ) ;
#1184 = DIRECTION ( 'NONE',  ( 0.000000000000000000, 0.000000000000000000, 1.000000000000000000 ) ) ;
#1185 = ORIENTED_EDGE ( 'NONE', *, *, #89, .F. ) ;
#1186 = VECTOR ( 'NONE', #314, 1000.000000000000000 ) ;
#1187 = CARTESIAN_POINT ( 'NONE',  ( -26.99999999999998934, 0.000000000000000000, -7.000000000000000000 ) ) ;
#1188 = AXIS2_PLACEMENT_3D ( 'NONE', #838, #220, #706 ) ;
#1189 = ADVANCED_FACE ( 'NONE', ( #1275 ), #1250, .T. ) ;
#1190 = VECTOR ( 'NONE', #574, 1000.000000000000000 ) ;
#1191 = EDGE_CURVE ( 'NONE', #169, #626, #125, .T. ) ;
#1192 = ORIENTED_EDGE ( 'NONE', *, *, #113, .T. ) ;
#1193 = CYLINDRICAL_SURFACE ( 'NONE', #1510, 9.899494936611667129 ) ;
#1194 = ORIENTED_EDGE ( 'NONE', *, *, #303, .F. ) ;
#1195 = CARTESIAN_POINT ( 'NONE',  ( 20.00000000000000000, 0.000000000000000000, 0.000000000000000000 ) ) ;
#1196 = FACE_OUTER_BOUND ( 'NONE', #1544, .T. ) ;
#1197 = EDGE_CURVE ( 'NONE', #585, #988, #880, .T. ) ;
#1198 =( NAMED_UNIT ( * ) SI_UNIT ( $, .STERADIAN. ) SOLID_ANGLE_UNIT ( ) );
#1199 = ORIENTED_EDGE ( 'NONE', *, *, #269, .T. ) ;
#1200 = EDGE_CURVE ( 'NONE', #1329, #1386, #622, .T. ) ;
#1201 = CARTESIAN_POINT ( 'NONE',  ( -2.499999999999998668, -3.000000000000000000, 0.000000000000000000 ) ) ;
#1202 = ORIENTED_EDGE ( 'NONE', *, *, #1366, .T. ) ;
#1203 = LINE ( 'NONE', #692, #657 ) ;
#1204 = CARTESIAN_POINT ( 'NONE',  ( -29.50000000000000355, 3.750000000000000888, 10.75000000000000000 ) ) ;
#1205 = EDGE_LOOP ( 'NONE', ( #26, #743, #1496, #111, #240, #248 ) ) ;
#1206 = LINE ( 'NONE', #1094, #612 ) ;
#1207 = PLANE ( 'NONE',  #1314 ) ;
#1208 = CARTESIAN_POINT ( 'NONE',  ( 7.000000000000000000, 0.000000000000000000, -6.999999999999998224 ) ) ;
#1209 = LINE ( 'NONE', #971, #552 ) ;
#1210 = EDGE_LOOP ( 'NONE', ( #440, #68 ) ) ;
#1211 = LINE ( 'NONE', #1452, #580 ) ;
#1212 = CARTESIAN_POINT ( 'NONE',  ( -29.50000000000000355, 3.750000000000000888, 8.249999999999998224 ) ) ;
#1213 = ORIENTED_EDGE ( 'NONE', *, *, #725, .T. ) ;
#1214 = AXIS2_PLACEMENT_3D ( 'NONE', #1179, #297, #800 ) ;
#1215 = MECHANICAL_DESIGN_GEOMETRIC_PRESENTATION_REPRESENTATION (  '', ( #146 ), #100 ) ;
#1216 = CARTESIAN_POINT ( 'NONE',  ( 20.00000000000000000, -3.000000000000000000, 0.000000000000000000 ) ) ;
#1217 = AXIS2_PLACEMENT_3D ( 'NONE', #849, #1628, #1358 ) ;
#1218 = CARTESIAN_POINT ( 'NONE',  ( 0.000000000000000000, 0.000000000000000000, 0.000000000000000000 ) ) ;
#1219 = CIRCLE ( 'NONE', #317, 2.099999999999983658 ) ;
#1220 = LINE ( 'NONE', #63, #256 ) ;
#1221 = ADVANCED_FACE ( 'NONE', ( #249 ), #1641, .T. ) ;
#1222 = DIRECTION ( 'NONE',  ( 0.000000000000000000, 0.000000000000000000, 1.000000000000000000 ) ) ;
#1223 = EDGE_LOOP ( 'NONE', ( #1232, #1300, #53, #129 ) ) ;
#1224 = LINE ( 'NONE', #942, #1293 ) ;
#1225 = ADVANCED_FACE ( 'NONE', ( #1263 ), #488, .T. ) ;
#1226 = VERTEX_POINT ( 'NONE', #122 ) ;
#1227 = EDGE_CURVE ( 'NONE', #1371, #807, #1143, .T. ) ;
#1228 = FACE_OUTER_BOUND ( 'NONE', #298, .T. ) ;
#1229 = DIRECTION ( 'NONE',  ( 0.000000000000000000, -0.000000000000000000, 1.000000000000000000 ) ) ;
#1230 = DIRECTION ( 'NONE',  ( 0.000000000000000000, 1.000000000000000000, 0.000000000000000000 ) ) ;
#1231 = DIRECTION ( 'NONE',  ( 0.000000000000000000, 1.000000000000000000, 0.000000000000000000 ) ) ;
#1232 = ORIENTED_EDGE ( 'NONE', *, *, #1446, .T. ) ;
#1233 = VERTEX_POINT ( 'NONE', #1383 ) ;
#1234 = CARTESIAN_POINT ( 'NONE',  ( -32.00000000000000000, 4.599999999999999645, -12.00000000000000000 ) ) ;
#1235 = DIRECTION ( 'NONE',  ( -1.000000000000000000, 0.000000000000000000, 0.000000000000000000 ) ) ;
#1236 = CARTESIAN_POINT ( 'NONE',  ( -17.50000000000000000, -3.000000000000000000, 12.00000000000000178 ) ) ;
#1237 = VERTEX_POINT ( 'NONE', #243 ) ;
#1238 = CARTESIAN_POINT ( 'NONE',  ( 29.50000000000000355, 4.599999999999999645, -10.75000000000000000 ) ) ;
#1239 = EDGE_LOOP ( 'NONE', ( #900, #88 ) ) ;
#1240 = VECTOR ( 'NONE', #735, 1000.000000000000000 ) ;
#1241 = DIRECTION ( 'NONE',  ( -0.000000000000000000, -1.000000000000000000, -0.000000000000000000 ) ) ;
#1242 = EDGE_CURVE ( 'NONE', #815, #218, #1152, .T. ) ;
#1243 = CIRCLE ( 'NONE', #1061, 9.899494936611668905 ) ;
#1244 = CYLINDRICAL_SURFACE ( 'NONE', #733, 1.250000000000001110 ) ;
#1245 = ADVANCED_FACE ( 'NONE', ( #1525 ), #886, .T. ) ;
#1246 = VECTOR ( 'NONE', #688, 1000.000000000000000 ) ;
#1247 = EDGE_LOOP ( 'NONE', ( #484, #640, #1361, #1043, #352, #791, #1075, #230, #1249, #457, #1540, #1192, #1159, #32, #341, #1033 ) ) ;
#1248 = LINE ( 'NONE', #1650, #1349 ) ;
#1249 = ORIENTED_EDGE ( 'NONE', *, *, #674, .F. ) ;
#1250 = PLANE ( 'NONE',  #789 ) ;
#1251 = DIRECTION ( 'NONE',  ( 0.000000000000000000, 0.000000000000000000, -1.000000000000000000 ) ) ;
#1252 = ORIENTED_EDGE ( 'NONE', *, *, #486, .T. ) ;
#1253 = EDGE_CURVE ( 'NONE', #218, #626, #280, .T. ) ;
#1254 = CARTESIAN_POINT ( 'NONE',  ( -7.000000000000000000, 4.599999999999999645, -6.999999999999998224 ) ) ;
#1255 = CARTESIAN_POINT ( 'NONE',  ( -12.99999999999999822, 0.000000000000000000, 7.000000000000000000 ) ) ;
#1256 = VERTEX_POINT ( 'NONE', #1286 ) ;
#1257 = DIRECTION ( 'NONE',  ( 8.659560562354953812E-17, 0.7071067811865457964, -0.7071067811865492381 ) ) ;
#1258 = CARTESIAN_POINT ( 'NONE',  ( 13.00000000000000178, 0.000000000000000000, 7.000000000000000000 ) ) ;
#1259 = DIRECTION ( 'NONE',  ( 0.000000000000000000, 0.000000000000000000, 1.000000000000000000 ) ) ;
#1260 = ORIENTED_EDGE ( 'NONE', *, *, #1570, .T. ) ;
#1261 = CARTESIAN_POINT ( 'NONE',  ( -29.50000000000000355, 4.599999999999999645, -9.500000000000000000 ) ) ;
#1262 = VERTEX_POINT ( 'NONE', #537 ) ;
#1263 = FACE_OUTER_BOUND ( 'NONE', #550, .T. ) ;
#1264 = AXIS2_PLACEMENT_3D ( 'NONE', #1506, #623, #373 ) ;
#1265 = CARTESIAN_POINT ( 'NONE',  ( 20.00000000000000000, 0.000000000000000000, 0.000000000000000000 ) ) ;
#1266 = VECTOR ( 'NONE', #1552, 1000.000000000000000 ) ;
#1267 = CARTESIAN_POINT ( 'NONE',  ( -17.50000000000000000, -3.000000000000000000, 12.00000000000000178 ) ) ;
#1268 = VECTOR ( 'NONE', #184, 1000.000000000000000 ) ;
#1269 = VERTEX_POINT ( 'NONE', #144 ) ;
#1270 = DIRECTION ( 'NONE',  ( 0.000000000000000000, 0.000000000000000000, 1.000000000000000000 ) ) ;
#1271 = AXIS2_PLACEMENT_3D ( 'NONE', #520, #131, #643 ) ;
#1272 = ADVANCED_FACE ( 'NONE', ( #432 ), #904, .T. ) ;
#1273 = ORIENTED_EDGE ( 'NONE', *, *, #219, .F. ) ;
#1274 = EDGE_CURVE ( 'NONE', #618, #1295, #395, .T. ) ;
#1275 = FACE_OUTER_BOUND ( 'NONE', #946, .T. ) ;
#1276 = ADVANCED_FACE ( 'NONE', ( #1447 ), #9, .T. ) ;
#1277 = DIRECTION ( 'NONE',  ( 0.000000000000000000, 0.000000000000000000, 1.000000000000000000 ) ) ;
#1278 = ORIENTED_EDGE ( 'NONE', *, *, #856, .F. ) ;
#1279 = CARTESIAN_POINT ( 'NONE',  ( 7.000000000000000000, 4.599999999999999645, 7.000000000000001776 ) ) ;
#1280 = ORIENTED_EDGE ( 'NONE', *, *, #1153, .F. ) ;
#1281 = CARTESIAN_POINT ( 'NONE',  ( 29.50000000000000355, 3.750000000000000888, 9.500000000000000000 ) ) ;
#1282 = CARTESIAN_POINT ( 'NONE',  ( 2.499999999999998668, -3.000000000000000000, 0.000000000000000000 ) ) ;
#1283 = ORIENTED_EDGE ( 'NONE', *, *, #1191, .F. ) ;
#1284 = DIRECTION ( 'NONE',  ( -0.000000000000000000, 1.000000000000000000, -0.000000000000000000 ) ) ;
#1285 = ORIENTED_EDGE ( 'NONE', *, *, #799, .T. ) ;
#1286 = CARTESIAN_POINT ( 'NONE',  ( 22.49999999999999645, -3.000000000000000000, 12.00000000000000178 ) ) ;
#1287 = EDGE_CURVE ( 'NONE', #8, #358, #299, .T. ) ;
#1288 = CARTESIAN_POINT ( 'NONE',  ( -32.00000000000000000, 4.599999999999999645, 12.00000000000000178 ) ) ;
#1289 = AXIS2_PLACEMENT_3D ( 'NONE', #542, #1042, #1048 ) ;
#1290 = ORIENTED_EDGE ( 'NONE', *, *, #308, .T. ) ;
#1291 = DIRECTION ( 'NONE',  ( 0.000000000000000000, -0.000000000000000000, 1.000000000000000000 ) ) ;
#1292 = EDGE_CURVE ( 'NONE', #1090, #79, #1051, .T. ) ;
#1293 = VECTOR ( 'NONE', #973, 1000.000000000000000 ) ;
#1294 = CARTESIAN_POINT ( 'NONE',  ( 13.00000000000000178, 4.599999999999999645, 7.000000000000000000 ) ) ;
#1295 = VERTEX_POINT ( 'NONE', #665 ) ;
#1296 = VECTOR ( 'NONE', #154, 1000.000000000000000 ) ;
#1297 = CONICAL_SURFACE ( 'NONE', #396, 1.250000000000001110, 0.7853981633974466137 ) ;
#1298 = DIRECTION ( 'NONE',  ( 0.000000000000000000, 0.000000000000000000, -1.000000000000000000 ) ) ;
#1299 = DIRECTION ( 'NONE',  ( -0.000000000000000000, -1.000000000000000000, -0.000000000000000000 ) ) ;
#1300 = ORIENTED_EDGE ( 'NONE', *, *, #1491, .T. ) ;
#1301 = CARTESIAN_POINT ( 'NONE',  ( 2.499999999999998668, 0.000000000000000000, 0.000000000000000000 ) ) ;
#1302 = DIRECTION ( 'NONE',  ( -1.000000000000000000, 0.000000000000000000, 0.000000000000000000 ) ) ;
#1303 = EDGE_LOOP ( 'NONE', ( #1616, #1535, #59, #1338 ) ) ;
#1304 = CARTESIAN_POINT ( 'NONE',  ( 7.000000000000000000, 4.599999999999999645, -6.999999999999998224 ) ) ;
#1305 = EDGE_LOOP ( 'NONE', ( #5, #1551, #682, #716 ) ) ;
#1306 = ORIENTED_EDGE ( 'NONE', *, *, #1422, .F. ) ;
#1307 = LINE ( 'NONE', #1064, #1532 ) ;
#1308 = VERTEX_POINT ( 'NONE', #1309 ) ;
#1309 = CARTESIAN_POINT ( 'NONE',  ( 13.00000000000000178, 0.000000000000000000, -7.000000000000000000 ) ) ;
#1310 = VERTEX_POINT ( 'NONE', #1175 ) ;
#1311 = ADVANCED_FACE ( 'NONE', ( #527 ), #415, .F. ) ;
#1312 = VERTEX_POINT ( 'NONE', #778 ) ;
#1313 = VECTOR ( 'NONE', #1367, 1000.000000000000000 ) ;
#1314 = AXIS2_PLACEMENT_3D ( 'NONE', #1022, #1528, #454 ) ;
#1315 = LINE ( 'NONE', #41, #1058 ) ;
#1316 = ORIENTED_EDGE ( 'NONE', *, *, #1155, .F. ) ;
#1317 = CARTESIAN_POINT ( 'NONE',  ( -2.499999999999998668, 0.000000000000000000, 9.578622030334017268 ) ) ;
#1318 = VECTOR ( 'NONE', #150, 1000.000000000000000 ) ;
#1319 = DIRECTION ( 'NONE',  ( 1.000000000000000000, 0.000000000000000000, 0.000000000000000000 ) ) ;
#1320 = CIRCLE ( 'NONE', #811, 9.899494936611668905 ) ;
#1321 = AXIS2_PLACEMENT_3D ( 'NONE', #1304, #161, #551 ) ;
#1322 = ADVANCED_FACE ( 'NONE', ( #165, #670, #176, #559, #911, #1432, #1066, #401 ), #686, .T. ) ;
#1323 = CARTESIAN_POINT ( 'NONE',  ( 0.000000000000000000, -3.000000000000000000, 12.00000000000000178 ) ) ;
#1324 = ORIENTED_EDGE ( 'NONE', *, *, #160, .F. ) ;
#1325 = DIRECTION ( 'NONE',  ( 0.000000000000000000, 0.000000000000000000, 1.000000000000000000 ) ) ;
#1326 = ORIENTED_EDGE ( 'NONE', *, *, #1518, .T. ) ;
#1327 = FACE_OUTER_BOUND ( 'NONE', #768, .T. ) ;
#1328 = DIRECTION ( 'NONE',  ( 0.000000000000000000, 0.000000000000000000, -1.000000000000000000 ) ) ;
#1329 = VERTEX_POINT ( 'NONE', #787 ) ;
#1330 = CARTESIAN_POINT ( 'NONE',  ( 17.50000000000000000, -3.000000000000000000, 0.000000000000000000 ) ) ;
#1331 = DIRECTION ( 'NONE',  ( -2.891205793294678326E-16, 0.000000000000000000, 1.000000000000000000 ) ) ;
#1332 = DIRECTION ( 'NONE',  ( 1.000000000000000000, 0.000000000000000000, 0.000000000000000000 ) ) ;
#1333 = CARTESIAN_POINT ( 'NONE',  ( 27.00000000000000000, 4.599999999999999645, 7.000000000000000000 ) ) ;
#1334 = CARTESIAN_POINT ( 'NONE',  ( -19.99999999999999645, -3.000000000000000000, -8.673617379884035472E-16 ) ) ;
#1335 = ORIENTED_EDGE ( 'NONE', *, *, #731, .F. ) ;
#1336 = CARTESIAN_POINT ( 'NONE',  ( -12.99999999999999467, 4.599999999999999645, -7.000000000000000000 ) ) ;
#1337 = DIRECTION ( 'NONE',  ( 8.659560562354919300E-17, 0.7071067811865487940, -0.7071067811865463515 ) ) ;
#1338 = ORIENTED_EDGE ( 'NONE', *, *, #1155, .T. ) ;
#1339 = CARTESIAN_POINT ( 'NONE',  ( 22.50000000000000000, -3.000000000000000000, 6.505213034913022660E-15 ) ) ;
#1340 = DIRECTION ( 'NONE',  ( 0.000000000000000000, 1.000000000000000000, 0.000000000000000000 ) ) ;
#1341 = ADVANCED_FACE ( 'NONE', ( #425 ), #1548, .T. ) ;
#1342 = FACE_OUTER_BOUND ( 'NONE', #992, .T. ) ;
#1343 = DIRECTION ( 'NONE',  ( 0.000000000000000000, 0.000000000000000000, 1.000000000000000000 ) ) ;
#1344 = ORIENTED_EDGE ( 'NONE', *, *, #482, .T. ) ;
#1345 = EDGE_CURVE ( 'NONE', #1057, #1380, #34, .T. ) ;
#1346 = FACE_OUTER_BOUND ( 'NONE', #433, .T. ) ;
#1347 = ORIENTED_EDGE ( 'NONE', *, *, #978, .T. ) ;
#1348 = VECTOR ( 'NONE', #1047, 1000.000000000000000 ) ;
#1349 = VECTOR ( 'NONE', #729, 1000.000000000000000 ) ;
#1350 = CARTESIAN_POINT ( 'NONE',  ( 27.00000000000000000, 4.599999999999999645, -7.000000000000000000 ) ) ;
#1351 = VECTOR ( 'NONE', #930, 1000.000000000000000 ) ;
#1352 = CARTESIAN_POINT ( 'NONE',  ( -29.50000000000000355, 3.750000000000000888, 10.75000000000000000 ) ) ;
#1353 = CARTESIAN_POINT ( 'NONE',  ( 29.50000000000000355, 3.750000000000021760, -9.500000000000000000 ) ) ;
#1354 = FACE_OUTER_BOUND ( 'NONE', #794, .T. ) ;
#1355 = ORIENTED_EDGE ( 'NONE', *, *, #1541, .F. ) ;
#1356 = CARTESIAN_POINT ( 'NONE',  ( 17.50000000000000000, -3.000000000000000000, 0.000000000000000000 ) ) ;
#1357 = ORIENTED_EDGE ( 'NONE', *, *, #749, .F. ) ;
#1358 = DIRECTION ( 'NONE',  ( -2.891205793294678326E-16, 0.000000000000000000, 1.000000000000000000 ) ) ;
#1359 = CARTESIAN_POINT ( 'NONE',  ( 0.000000000000000000, -3.000000000000000000, 12.00000000000000178 ) ) ;
#1360 = LINE ( 'NONE', #1612, #607 ) ;
#1361 = ORIENTED_EDGE ( 'NONE', *, *, #110, .T. ) ;
#1362 = DIRECTION ( 'NONE',  ( -0.000000000000000000, 1.000000000000000000, -0.000000000000000000 ) ) ;
#1363 = ADVANCED_FACE ( 'NONE', ( #919 ), #795, .T. ) ;
#1364 = ORIENTED_EDGE ( 'NONE', *, *, #922, .F. ) ;
#1365 = DIRECTION ( 'NONE',  ( 0.000000000000000000, 0.000000000000000000, -1.000000000000000000 ) ) ;
#1366 = EDGE_CURVE ( 'NONE', #8, #626, #1059, .T. ) ;
#1367 = DIRECTION ( 'NONE',  ( -1.000000000000000000, 0.000000000000000000, 0.000000000000000000 ) ) ;
#1368 = LINE ( 'NONE', #853, #677 ) ;
#1369 = EDGE_LOOP ( 'NONE', ( #1185, #1098, #143, #1547 ) ) ;
#1370 = LINE ( 'NONE', #254, #979 ) ;
#1371 = VERTEX_POINT ( 'NONE', #1438 ) ;
#1372 = AXIS2_PLACEMENT_3D ( 'NONE', #250, #757, #1122 ) ;
#1373 = DIRECTION ( 'NONE',  ( 0.000000000000000000, 0.000000000000000000, -1.000000000000000000 ) ) ;
#1374 = AXIS2_PLACEMENT_3D ( 'NONE', #591, #1594, #1104 ) ;
#1375 = VECTOR ( 'NONE', #205, 1000.000000000000000 ) ;
#1376 = EDGE_CURVE ( 'NONE', #1572, #1071, #1082, .T. ) ;
#1377 = VECTOR ( 'NONE', #147, 1000.000000000000000 ) ;
#1378 = LINE ( 'NONE', #628, #1399 ) ;
#1379 = AXIS2_PLACEMENT_3D ( 'NONE', #906, #1534, #1653 ) ;
#1380 = VERTEX_POINT ( 'NONE', #587 ) ;
#1381 = DIRECTION ( 'NONE',  ( 0.000000000000000000, 1.000000000000000000, 0.000000000000000000 ) ) ;
#1382 = VERTEX_POINT ( 'NONE', #966 ) ;
#1383 = CARTESIAN_POINT ( 'NONE',  ( -29.50000000000000355, 4.599999999999999645, 11.59999999999999787 ) ) ;
#1384 = CARTESIAN_POINT ( 'NONE',  ( 20.00000000000000000, 0.000000000000000000, 0.000000000000000000 ) ) ;
#1385 = LINE ( 'NONE', #1288, #1431 ) ;
#1386 = VERTEX_POINT ( 'NONE', #452 ) ;
#1387 = CARTESIAN_POINT ( 'NONE',  ( -22.49999999999999645, -3.000000000000000000, 9.578622030334008386 ) ) ;
#1388 = ORIENTED_EDGE ( 'NONE', *, *, #823, .F. ) ;
#1389 = DIRECTION ( 'NONE',  ( 0.000000000000000000, 0.000000000000000000, -1.000000000000000000 ) ) ;
#1390 = PLANE ( 'NONE',  #1372 ) ;
#1391 = EDGE_CURVE ( 'NONE', #406, #877, #1074, .T. ) ;
#1392 = DIRECTION ( 'NONE',  ( -0.000000000000000000, 1.000000000000000000, -0.000000000000000000 ) ) ;
#1393 = ADVANCED_FACE ( 'NONE', ( #1579 ), #958, .F. ) ;
#1394 = ORIENTED_EDGE ( 'NONE', *, *, #33, .F. ) ;
#1395 = DIRECTION ( 'NONE',  ( 1.000000000000000000, 0.000000000000000000, 0.000000000000000000 ) ) ;
#1396 = EDGE_CURVE ( 'NONE', #1572, #361, #844, .T. ) ;
#1397 = ORIENTED_EDGE ( 'NONE', *, *, #875, .T. ) ;
#1398 = DIRECTION ( 'NONE',  ( -1.000000000000000000, 0.000000000000000000, -2.478176394252581634E-16 ) ) ;
#1399 = VECTOR ( 'NONE', #1014, 1000.000000000000000 ) ;
#1400 = ADVANCED_FACE ( 'NONE', ( #1196 ), #1475, .F. ) ;
#1401 = CARTESIAN_POINT ( 'NONE',  ( -17.49999999999999645, -0.000000000000000000, -5.059610138265686307E-15 ) ) ;
#1402 = CIRCLE ( 'NONE', #1618, 2.099999999999983658 ) ;
#1403 = EDGE_LOOP ( 'NONE', ( #346, #689, #645, #86 ) ) ;
#1404 = LINE ( 'NONE', #1030, #394 ) ;
#1405 = CIRCLE ( 'NONE', #478, 2.099999999999997868 ) ;
#1406 = ORIENTED_EDGE ( 'NONE', *, *, #52, .T. ) ;
#1407 = LINE ( 'NONE', #648, #286 ) ;
#1408 = CARTESIAN_POINT ( 'NONE',  ( -32.00000000000000000, 4.599999999999999645, -12.00000000000000000 ) ) ;
#1409 = ORIENTED_EDGE ( 'NONE', *, *, #1101, .T. ) ;
#1410 = CARTESIAN_POINT ( 'NONE',  ( 0.000000000000000000, 0.000000000000000000, 0.000000000000000000 ) ) ;
#1411 = ORIENTED_EDGE ( 'NONE', *, *, #519, .T. ) ;
#1412 = CARTESIAN_POINT ( 'NONE',  ( 22.50000000000000000, 0.000000000000000000, 6.505213034913022660E-15 ) ) ;
#1413 = EDGE_CURVE ( 'NONE', #877, #1233, #1405, .T. ) ;
#1414 = DIRECTION ( 'NONE',  ( 0.000000000000000000, 0.000000000000000000, -1.000000000000000000 ) ) ;
#1415 = EDGE_CURVE ( 'NONE', #177, #1124, #693, .T. ) ;
#1416 = DIRECTION ( 'NONE',  ( 0.000000000000000000, -0.000000000000000000, 1.000000000000000000 ) ) ;
#1417 = VERTEX_POINT ( 'NONE', #185 ) ;
#1418 = PLANE ( 'NONE',  #1558 ) ;
#1419 = DIRECTION ( 'NONE',  ( 0.000000000000000000, 0.000000000000000000, -1.000000000000000000 ) ) ;
#1420 = VERTEX_POINT ( 'NONE', #819 ) ;
#1421 = CARTESIAN_POINT ( 'NONE',  ( 0.000000000000000000, -3.000000000000000000, -12.00000000000000000 ) ) ;
#1422 = EDGE_CURVE ( 'NONE', #501, #105, #1589, .T. ) ;
#1423 = LINE ( 'NONE', #1062, #1246 ) ;
#1424 = VECTOR ( 'NONE', #214, 1000.000000000000000 ) ;
#1425 = ORIENTED_EDGE ( 'NONE', *, *, #179, .T. ) ;
#1426 = LINE ( 'NONE', #277, #1112 ) ;
#1427 = AXIS2_PLACEMENT_3D ( 'NONE', #97, #611, #1009 ) ;
#1428 = CARTESIAN_POINT ( 'NONE',  ( -32.00000000000000000, 4.599999999999999645, 12.00000000000000178 ) ) ;
#1429 = ORIENTED_EDGE ( 'NONE', *, *, #554, .F. ) ;
#1430 = AXIS2_PLACEMENT_3D ( 'NONE', #1181, #1319, #1573 ) ;
#1431 = VECTOR ( 'NONE', #1161, 1000.000000000000000 ) ;
#1432 = FACE_BOUND ( 'NONE', #20, .T. ) ;
#1433 = ORIENTED_EDGE ( 'NONE', *, *, #674, .T. ) ;
#1434 = ORIENTED_EDGE ( 'NONE', *, *, #188, .T. ) ;
#1435 = CARTESIAN_POINT ( 'NONE',  ( -12.99999999999999467, 0.000000000000000000, -7.000000000000000000 ) ) ;
#1436 = VERTEX_POINT ( 'NONE', #1204 ) ;
#1437 = EDGE_CURVE ( 'NONE', #358, #501, #1648, .T. ) ;
#1438 = CARTESIAN_POINT ( 'NONE',  ( 7.000000000000000000, 0.000000000000000000, 7.000000000000001776 ) ) ;
#1439 = ORIENTED_EDGE ( 'NONE', *, *, #583, .F. ) ;
#1440 = DIRECTION ( 'NONE',  ( -0.000000000000000000, 1.000000000000000000, -0.000000000000000000 ) ) ;
#1441 = EDGE_LOOP ( 'NONE', ( #740, #305, #1507, #651 ) ) ;
#1442 = EDGE_CURVE ( 'NONE', #468, #1310, #882, .T. ) ;
#1443 = EDGE_CURVE ( 'NONE', #105, #1310, #275, .T. ) ;
#1444 = LINE ( 'NONE', #171, #260 ) ;
#1445 = ORIENTED_EDGE ( 'NONE', *, *, #583, .T. ) ;
#1446 = EDGE_CURVE ( 'NONE', #988, #276, #126, .T. ) ;
#1447 = FACE_OUTER_BOUND ( 'NONE', #39, .T. ) ;
#1448 = EDGE_LOOP ( 'NONE', ( #430, #868, #782, #562 ) ) ;
#1449 = CONICAL_SURFACE ( 'NONE', #761, 1.250000000000001110, 0.7853981633974466137 ) ;
#1450 = DIRECTION ( 'NONE',  ( -1.000000000000000000, 0.000000000000000000, 0.000000000000000000 ) ) ;
#1451 = EDGE_LOOP ( 'NONE', ( #267, #1040, #1406, #186 ) ) ;
#1452 = CARTESIAN_POINT ( 'NONE',  ( -29.50000000000000355, 4.599999999999999645, -10.75000000000000000 ) ) ;
#1453 = CIRCLE ( 'NONE', #370, 1.250000000000001110 ) ;
#1454 = DIRECTION ( 'NONE',  ( 0.000000000000000000, 0.000000000000000000, 1.000000000000000000 ) ) ;
#1455 = AXIS2_PLACEMENT_3D ( 'NONE', #656, #21, #1036 ) ;
#1456 = ORIENTED_EDGE ( 'NONE', *, *, #1227, .F. ) ;
#1457 = CIRCLE ( 'NONE', #766, 2.099999999999997868 ) ;
#1458 = FACE_OUTER_BOUND ( 'NONE', #1157, .T. ) ;
#1459 = DIRECTION ( 'NONE',  ( -2.891205793294676847E-16, 0.000000000000000000, 1.000000000000000000 ) ) ;
#1460 = CARTESIAN_POINT ( 'NONE',  ( 32.00000000000000711, -3.000000000000000000, 0.000000000000000000 ) ) ;
#1461 = CARTESIAN_POINT ( 'NONE',  ( -29.50000000000000355, 3.750000000000021760, -9.500000000000000000 ) ) ;
#1462 = FACE_OUTER_BOUND ( 'NONE', #871, .T. ) ;
#1463 = ORIENTED_EDGE ( 'NONE', *, *, #1519, .F. ) ;
#1464 = DIRECTION ( 'NONE',  ( -1.000000000000000000, 0.000000000000000000, 0.000000000000000000 ) ) ;
#1465 = CARTESIAN_POINT ( 'NONE',  ( 13.00000000000000178, 0.000000000000000000, 7.000000000000000000 ) ) ;
#1466 = ORIENTED_EDGE ( 'NONE', *, *, #1170, .T. ) ;
#1467 = EDGE_CURVE ( 'NONE', #361, #1565, #629, .T. ) ;
#1468 = DIRECTION ( 'NONE',  ( 1.000000000000000000, 0.000000000000000000, 0.000000000000000000 ) ) ;
#1469 = LINE ( 'NONE', #1609, #1582 ) ;
#1470 = EDGE_CURVE ( 'NONE', #804, #1078, #371, .T. ) ;
#1471 = DIRECTION ( 'NONE',  ( 0.000000000000000000, -0.000000000000000000, 1.000000000000000000 ) ) ;
#1472 = PLANE ( 'NONE',  #473 ) ;
#1473 = EDGE_LOOP ( 'NONE', ( #1439, #701, #862, #926 ) ) ;
#1474 = PRESENTATION_STYLE_ASSIGNMENT (( #1099 ) ) ;
#1475 = PLANE ( 'NONE',  #148 ) ;
#1476 = ORIENTED_EDGE ( 'NONE', *, *, #320, .F. ) ;
#1477 = CARTESIAN_POINT ( 'NONE',  ( -3.469446951953614189E-15, 0.000000000000000000, 5.204170427930421283E-15 ) ) ;
#1478 = CARTESIAN_POINT ( 'NONE',  ( 22.49999999999999645, -3.000000000000000000, 12.00000000000000178 ) ) ;
#1479 = DIRECTION ( 'NONE',  ( 0.000000000000000000, 0.000000000000000000, 1.000000000000000000 ) ) ;
#1480 = PLANE ( 'NONE',  #368 ) ;
#1481 = ORIENTED_EDGE ( 'NONE', *, *, #56, .T. ) ;
#1482 =( LENGTH_UNIT ( ) NAMED_UNIT ( * ) SI_UNIT ( .MILLI., .METRE. ) );
#1483 = VECTOR ( 'NONE', #843, 1000.000000000000000 ) ;
#1484 = EDGE_LOOP ( 'NONE', ( #1012, #1127 ) ) ;
#1485 = VECTOR ( 'NONE', #321, 1000.000000000000000 ) ;
#1486 = AXIS2_PLACEMENT_3D ( 'NONE', #1216, #1085, #1365 ) ;
#1487 = PLANE ( 'NONE',  #1217 ) ;
#1488 = AXIS2_PLACEMENT_3D ( 'NONE', #1477, #333, #469 ) ;
#1489 = DIRECTION ( 'NONE',  ( 0.000000000000000000, 0.7071067811865487940, 0.7071067811865463515 ) ) ;
#1490 = CARTESIAN_POINT ( 'NONE',  ( -17.50000000000000000, 0.000000000000000000, 9.578622030334010162 ) ) ;
#1491 = EDGE_CURVE ( 'NONE', #276, #273, #1385, .T. ) ;
#1492 = DIRECTION ( 'NONE',  ( -0.000000000000000000, -1.000000000000000000, -0.000000000000000000 ) ) ;
#1493 = ORIENTED_EDGE ( 'NONE', *, *, #18, .F. ) ;
#1494 = DIRECTION ( 'NONE',  ( 0.000000000000000000, 1.000000000000000000, 0.000000000000000000 ) ) ;
#1495 = EDGE_CURVE ( 'NONE', #403, #1329, #887, .T. ) ;
#1496 = ORIENTED_EDGE ( 'NONE', *, *, #342, .T. ) ;
#1497 = CARTESIAN_POINT ( 'NONE',  ( -29.50000000000000355, 3.750000000000021760, -10.75000000000000000 ) ) ;
#1498 = CARTESIAN_POINT ( 'NONE',  ( 29.50000000000000355, 4.599999999999999645, -9.500000000000000000 ) ) ;
#1499 = ADVANCED_FACE ( 'NONE', ( #660, #1139, #1027, #1015, #245 ), #263, .T. ) ;
#1500 = FACE_OUTER_BOUND ( 'NONE', #369, .T. ) ;
#1501 = ORIENTED_EDGE ( 'NONE', *, *, #1443, .T. ) ;
#1502 = DIRECTION ( 'NONE',  ( 0.000000000000000000, 0.000000000000000000, 1.000000000000000000 ) ) ;
#1503 = ORIENTED_EDGE ( 'NONE', *, *, #734, .T. ) ;
#1504 = ADVANCED_FACE ( 'NONE', ( #1168 ), #1297, .F. ) ;
#1505 = CARTESIAN_POINT ( 'NONE',  ( -2.499999999999998668, -3.000000000000000000, 9.578622030334017268 ) ) ;
#1506 = CARTESIAN_POINT ( 'NONE',  ( 27.00000000000000000, 4.599999999999999645, -7.000000000000000000 ) ) ;
#1507 = ORIENTED_EDGE ( 'NONE', *, *, #308, .F. ) ;
#1508 = VERTEX_POINT ( 'NONE', #899 ) ;
#1509 = DIRECTION ( 'NONE',  ( 0.000000000000000000, 0.000000000000000000, -1.000000000000000000 ) ) ;
#1510 = AXIS2_PLACEMENT_3D ( 'NONE', #564, #940, #1325 ) ;
#1511 = VECTOR ( 'NONE', #1135, 1000.000000000000000 ) ;
#1512 = DIRECTION ( 'NONE',  ( 0.000000000000000000, -1.000000000000000000, 0.000000000000000000 ) ) ;
#1513 = CARTESIAN_POINT ( 'NONE',  ( -12.99999999999999822, 4.599999999999999645, 7.000000000000000000 ) ) ;
#1514 = ORIENTED_EDGE ( 'NONE', *, *, #875, .F. ) ;
#1515 = FACE_OUTER_BOUND ( 'NONE', #1000, .T. ) ;
#1516 = EDGE_LOOP ( 'NONE', ( #1063, #1651, #752, #1607, #1501, #1145 ) ) ;
#1517 = LINE ( 'NONE', #235, #345 ) ;
#1518 = EDGE_CURVE ( 'NONE', #1312, #516, #1457, .T. ) ;
#1519 = EDGE_CURVE ( 'NONE', #1108, #388, #1219, .T. ) ;
#1520 = LINE ( 'NONE', #379, #1640 ) ;
#1521 = EDGE_CURVE ( 'NONE', #1308, #79, #74, .T. ) ;
#1522 = DIRECTION ( 'NONE',  ( -0.000000000000000000, -1.000000000000000000, -0.000000000000000000 ) ) ;
#1523 = EDGE_LOOP ( 'NONE', ( #1503, #956, #73, #1046 ) ) ;
#1524 = ORIENTED_EDGE ( 'NONE', *, *, #1437, .T. ) ;
#1525 = FACE_OUTER_BOUND ( 'NONE', #49, .T. ) ;
#1526 = DIRECTION ( 'NONE',  ( 0.000000000000000000, -1.000000000000000000, 0.000000000000000000 ) ) ;
#1527 = ORIENTED_EDGE ( 'NONE', *, *, #1032, .F. ) ;
#1528 = DIRECTION ( 'NONE',  ( 0.000000000000000000, -0.000000000000000000, 1.000000000000000000 ) ) ;
#1529 = ORIENTED_EDGE ( 'NONE', *, *, #960, .F. ) ;
#1530 = DIRECTION ( 'NONE',  ( -1.000000000000000000, 0.000000000000000000, -2.891205793294676847E-16 ) ) ;
#1531 = AXIS2_PLACEMENT_3D ( 'NONE', #1353, #711, #212 ) ;
#1532 = VECTOR ( 'NONE', #1571, 1000.000000000000000 ) ;
#1533 = VECTOR ( 'NONE', #576, 1000.000000000000000 ) ;
#1534 = DIRECTION ( 'NONE',  ( 0.000000000000000000, -1.000000000000000000, 0.000000000000000000 ) ) ;
#1535 = ORIENTED_EDGE ( 'NONE', *, *, #482, .F. ) ;
#1536 = ADVANCED_FACE ( 'NONE', ( #758 ), #505, .F. ) ;
#1537 = CARTESIAN_POINT ( 'NONE',  ( 13.00000000000000178, 4.599999999999999645, 7.000000000000000000 ) ) ;
#1538 = VECTOR ( 'NONE', #318, 1000.000000000000000 ) ;
#1539 = CIRCLE ( 'NONE', #209, 2.099999999999997868 ) ;
#1540 = ORIENTED_EDGE ( 'NONE', *, *, #1611, .T. ) ;
#1541 = EDGE_CURVE ( 'NONE', #516, #1312, #615, .T. ) ;
#1542 = DIRECTION ( 'NONE',  ( -1.000000000000000000, 0.000000000000000000, 0.000000000000000000 ) ) ;
#1543 = DIRECTION ( 'NONE',  ( -0.000000000000000000, -1.000000000000000000, -0.000000000000000000 ) ) ;
#1544 = EDGE_LOOP ( 'NONE', ( #255, #1120, #938, #332 ) ) ;
#1545 = DIRECTION ( 'NONE',  ( 0.000000000000000000, 1.000000000000000000, 0.000000000000000000 ) ) ;
#1546 = CARTESIAN_POINT ( 'NONE',  ( -29.50000000000000355, 3.750000000000000888, 9.500000000000000000 ) ) ;
#1547 = ORIENTED_EDGE ( 'NONE', *, *, #1274, .F. ) ;
#1548 = PLANE ( 'NONE',  #739 ) ;
#1549 = ADVANCED_FACE ( 'NONE', ( #1156 ), #1647, .F. ) ;
#1550 = DIRECTION ( 'NONE',  ( 0.000000000000000000, 0.000000000000000000, 1.000000000000000000 ) ) ;
#1551 = ORIENTED_EDGE ( 'NONE', *, *, #608, .F. ) ;
#1552 = DIRECTION ( 'NONE',  ( 0.000000000000000000, 0.000000000000000000, -1.000000000000000000 ) ) ;
#1553 = DIRECTION ( 'NONE',  ( -0.000000000000000000, 1.000000000000000000, -0.000000000000000000 ) ) ;
#1554 = ORIENTED_EDGE ( 'NONE', *, *, #532, .F. ) ;
#1555 = DIRECTION ( 'NONE',  ( -0.000000000000000000, -1.000000000000000000, -0.000000000000000000 ) ) ;
#1556 = VECTOR ( 'NONE', #405, 1000.000000000000000 ) ;
#1557 = DIRECTION ( 'NONE',  ( -0.000000000000000000, 0.000000000000000000, 1.000000000000000000 ) ) ;
#1558 = AXIS2_PLACEMENT_3D ( 'NONE', #1410, #1545, #1291 ) ;
#1559 = ORIENTED_EDGE ( 'NONE', *, *, #960, .T. ) ;
#1560 = AXIS2_PLACEMENT_3D ( 'NONE', #1017, #247, #753 ) ;
#1561 = CARTESIAN_POINT ( 'NONE',  ( -29.50000000000000355, 3.750000000000000888, 9.500000000000000000 ) ) ;
#1562 = ORIENTED_EDGE ( 'NONE', *, *, #1376, .T. ) ;
#1563 = CIRCLE ( 'NONE', #764, 1.250000000000001110 ) ;
#1564 = CARTESIAN_POINT ( 'NONE',  ( -26.99999999999998934, 4.599999999999999645, 7.000000000000000000 ) ) ;
#1565 = VERTEX_POINT ( 'NONE', #270 ) ;
#1566 = ADVANCED_FACE ( 'NONE', ( #774 ), #140, .F. ) ;
#1567 = EDGE_CURVE ( 'NONE', #1065, #1256, #190, .T. ) ;
#1568 = CARTESIAN_POINT ( 'NONE',  ( 29.50000000000000355, 4.599999999999999645, 8.249999999999998224 ) ) ;
#1569 = ORIENTED_EDGE ( 'NONE', *, *, #554, .T. ) ;
#1570 = EDGE_CURVE ( 'NONE', #1233, #877, #1539, .T. ) ;
#1571 = DIRECTION ( 'NONE',  ( 1.000000000000000000, 0.000000000000000000, 0.000000000000000000 ) ) ;
#1572 = VERTEX_POINT ( 'NONE', #180 ) ;
#1573 = DIRECTION ( 'NONE',  ( 0.000000000000000000, 0.000000000000000000, -1.000000000000000000 ) ) ;
#1574 = DIRECTION ( 'NONE',  ( 0.000000000000000000, -0.000000000000000000, 1.000000000000000000 ) ) ;
#1575 = ORIENTED_EDGE ( 'NONE', *, *, #1174, .F. ) ;
#1576 = FACE_OUTER_BOUND ( 'NONE', #436, .T. ) ;
#1577 = ORIENTED_EDGE ( 'NONE', *, *, #948, .F. ) ;
#1578 = CARTESIAN_POINT ( 'NONE',  ( -26.99999999999998934, 4.599999999999999645, -7.000000000000000000 ) ) ;
#1579 = FACE_OUTER_BOUND ( 'NONE', #1484, .T. ) ;
#1580 = LINE ( 'NONE', #662, #1348 ) ;
#1581 = CARTESIAN_POINT ( 'NONE',  ( 29.50000000000000355, -3.000000000000000000, -10.75000000000000000 ) ) ;
#1582 = VECTOR ( 'NONE', #76, 1000.000000000000000 ) ;
#1583 = EDGE_CURVE ( 'NONE', #1380, #1065, #310, .T. ) ;
#1584 = LINE ( 'NONE', #85, #38 ) ;
#1585 = ORIENTED_EDGE ( 'NONE', *, *, #1081, .F. ) ;
#1586 = CARTESIAN_POINT ( 'NONE',  ( 0.000000000000000000, 0.000000000000000000, 0.000000000000000000 ) ) ;
#1587 = CIRCLE ( 'NONE', #867, 1.250000000000001110 ) ;
#1588 = DIRECTION ( 'NONE',  ( -1.000000000000000000, 0.000000000000000000, 0.000000000000000000 ) ) ;
#1589 = CIRCLE ( 'NONE', #814, 9.899494936611668905 ) ;
#1590 = EDGE_LOOP ( 'NONE', ( #1326, #855 ) ) ;
#1591 = EDGE_CURVE ( 'NONE', #149, #664, #937, .T. ) ;
#1592 = VECTOR ( 'NONE', #1440, 1000.000000000000000 ) ;
#1593 = CARTESIAN_POINT ( 'NONE',  ( 29.50000000000000355, -3.000000000000000000, 9.500000000000000000 ) ) ;
#1594 = DIRECTION ( 'NONE',  ( -1.000000000000000000, 0.000000000000000000, 0.000000000000000000 ) ) ;
#1595 = DIRECTION ( 'NONE',  ( -0.000000000000000000, -1.000000000000000000, -0.000000000000000000 ) ) ;
#1596 = LINE ( 'NONE', #1116, #1642 ) ;
#1597 = ORIENTED_EDGE ( 'NONE', *, *, #64, .F. ) ;
#1598 = DIRECTION ( 'NONE',  ( -0.000000000000000000, -1.000000000000000000, -0.000000000000000000 ) ) ;
#1599 = PRODUCT_RELATED_PRODUCT_CATEGORY ( 'part', '', ( #11 ) ) ;
#1600 = DIRECTION ( 'NONE',  ( 0.000000000000000000, 0.000000000000000000, 1.000000000000000000 ) ) ;
#1601 = ORIENTED_EDGE ( 'NONE', *, *, #532, .T. ) ;
#1602 = DIRECTION ( 'NONE',  ( 0.000000000000000000, 0.000000000000000000, -1.000000000000000000 ) ) ;
#1603 = CARTESIAN_POINT ( 'NONE',  ( 29.50000000000000355, -3.000000000000000000, 8.249999999999998224 ) ) ;
#1604 = DIRECTION ( 'NONE',  ( -0.000000000000000000, 1.000000000000000000, -0.000000000000000000 ) ) ;
#1605 = CARTESIAN_POINT ( 'NONE',  ( -2.499999999999998668, -3.000000000000000000, 0.000000000000000000 ) ) ;
#1606 = EDGE_LOOP ( 'NONE', ( #107, #1347 ) ) ;
#1607 = ORIENTED_EDGE ( 'NONE', *, *, #1422, .T. ) ;
#1608 = CARTESIAN_POINT ( 'NONE',  ( -7.000000000000000000, 0.000000000000000000, 7.000000000000001776 ) ) ;
#1609 = CARTESIAN_POINT ( 'NONE',  ( 13.00000000000000178, 0.000000000000000000, -7.000000000000000000 ) ) ;
#1610 = CARTESIAN_POINT ( 'NONE',  ( -26.99999999999998934, 4.599999999999999645, -7.000000000000000000 ) ) ;
#1611 = EDGE_CURVE ( 'NONE', #383, #1237, #1423, .T. ) ;
#1612 = CARTESIAN_POINT ( 'NONE',  ( -12.99999999999999467, 4.599999999999999645, -7.000000000000000000 ) ) ;
#1613 = ORIENTED_EDGE ( 'NONE', *, *, #219, .T. ) ;
#1614 = DIRECTION ( 'NONE',  ( -0.000000000000000000, 1.000000000000000000, -0.000000000000000000 ) ) ;
#1615 = CONICAL_SURFACE ( 'NONE', #1183, 1.250000000000001110, 0.7853981633974507215 ) ;
#1616 = ORIENTED_EDGE ( 'NONE', *, *, #237, .F. ) ;
#1617 = VECTOR ( 'NONE', #54, 1000.000000000000000 ) ;
#1618 = AXIS2_PLACEMENT_3D ( 'NONE', #1121, #198, #348 ) ;
#1619 = DIRECTION ( 'NONE',  ( 0.000000000000000000, 0.000000000000000000, -1.000000000000000000 ) ) ;
#1620 = AXIS2_PLACEMENT_3D ( 'NONE', #567, #326, #196 ) ;
#1621 = EDGE_CURVE ( 'NONE', #358, #1382, #444, .T. ) ;
#1622 = FACE_OUTER_BOUND ( 'NONE', #1008, .T. ) ;
#1623 = DIRECTION ( 'NONE',  ( 8.659560562354919300E-17, 0.7071067811865487940, -0.7071067811865463515 ) ) ;
#1624 = ORIENTED_EDGE ( 'NONE', *, *, #160, .T. ) ;
#1625 = ADVANCED_FACE ( 'NONE', ( #698 ), #427, .F. ) ;
#1626 = LINE ( 'NONE', #231, #710 ) ;
#1627 = ORIENTED_EDGE ( 'NONE', *, *, #1495, .T. ) ;
#1628 = DIRECTION ( 'NONE',  ( -1.000000000000000000, 0.000000000000000000, -2.891205793294678326E-16 ) ) ;
#1629 = DIRECTION ( 'NONE',  ( -0.000000000000000000, -1.000000000000000000, -0.000000000000000000 ) ) ;
#1630 = ORIENTED_EDGE ( 'NONE', *, *, #257, .F. ) ;
#1631 = PLANE ( 'NONE',  #1644 ) ;
#1632 = ORIENTED_EDGE ( 'NONE', *, *, #1467, .F. ) ;
#1633 = DIRECTION ( 'NONE',  ( -1.000000000000000000, 0.000000000000000000, 0.000000000000000000 ) ) ;
#1634 = PRODUCT_DEFINITION_CONTEXT ( 'detailed design', #1037, 'design' ) ;
#1635 = CARTESIAN_POINT ( 'NONE',  ( 29.50000000000000355, 4.599999999999999645, 10.75000000000000000 ) ) ;
#1636 = VERTEX_POINT ( 'NONE', #546 ) ;
#1637 = LINE ( 'NONE', #1238, #894 ) ;
#1638 = EDGE_CURVE ( 'NONE', #159, #1636, #925, .T. ) ;
#1639 = ORIENTED_EDGE ( 'NONE', *, *, #1052, .F. ) ;
#1640 = VECTOR ( 'NONE', #364, 1000.000000000000000 ) ;
#1641 = PLANE ( 'NONE',  #447 ) ;
#1642 = VECTOR ( 'NONE', #1623, 999.9999999999998863 ) ;
#1643 = EDGE_CURVE ( 'NONE', #252, #510, #932, .T. ) ;
#1644 = AXIS2_PLACEMENT_3D ( 'NONE', #1132, #1494, #884 ) ;
#1645 = AXIS2_PLACEMENT_3D ( 'NONE', #187, #1468, #319 ) ;
#1646 = CARTESIAN_POINT ( 'NONE',  ( 29.50000000000000355, 3.750000000000000888, 8.249999999999998224 ) ) ;
#1647 = CONICAL_SURFACE ( 'NONE', #422, 1.250000000000001110, 0.7853981633974507215 ) ;
#1648 = LINE ( 'NONE', #1513, #234 ) ;
#1649 = VERTEX_POINT ( 'NONE', #953 ) ;
#1650 = CARTESIAN_POINT ( 'NONE',  ( 32.00000000000000711, 4.599999999999999645, 12.00000000000000178 ) ) ;
#1651 = ORIENTED_EDGE ( 'NONE', *, *, #1191, .T. ) ;
#1652 = CARTESIAN_POINT ( 'NONE',  ( -3.469446951953614189E-15, 0.000000000000000000, 5.204170427930421283E-15 ) ) ;
#1653 = DIRECTION ( 'NONE',  ( 0.000000000000000000, -0.000000000000000000, -1.000000000000000000 ) ) ;
#1654 = ORIENTED_EDGE ( 'NONE', *, *, #676, .T. ) ;
#1655 = DIRECTION ( 'NONE',  ( 0.000000000000000000, 0.000000000000000000, -1.000000000000000000 ) ) ;
ENDSEC;
END-ISO-10303-21;
