ISO-10303-21;
HEADER;

/* File generated by SOLIDWORKS MBD Version 2017 */

FILE_DESCRIPTION(('HOOPS Exchange Step'),'2;1');

FILE_NAME('C:\\Users\\redne\\Documents\\GrabCAD\\Ethan''s Solidworks Projects\\StandardParts\\Misc\\12V5AH SLA BATTERY WKDC12-5F.STP',
'2018-03-17T17:00:29+17:00',
('redne'),
('Unknown organisation'),
'HOOPS Exchange 9.2',
'SOLIDWORKS MBD',
'Unknown authorisation');

FILE_SCHEMA( ('AP242_MANAGED_MODEL_BASED_3D_ENGINEERING_MIM_LF {1 0 10303 442 1 1 4 }') );

ENDSEC;

DATA;
#3=(NAMED_UNIT(*)PLANE_ANGLE_UNIT()SI_UNIT($,.RADIAN.));
#4=PLANE_ANGLE_MEASURE_WITH_UNIT(PLANE_ANGLE_MEASURE(0.0174532925),#3);
#5=(CONVERSION_BASED_UNIT('DEGREE',#4)NAMED_UNIT(#6)PLANE_ANGLE_UNIT());
#6=DIMENSIONAL_EXPONENTS(0.,0.,0.,0.,0.,0.,0.);
#7=(NAMED_UNIT(*)SI_UNIT($,.STERADIAN.)SOLID_ANGLE_UNIT());
#8=(LENGTH_UNIT()NAMED_UNIT(*)SI_UNIT(.MILLI.,.METRE.));
#9=UNCERTAINTY_MEASURE_WITH_UNIT(LENGTH_MEASURE(1.000000E-003),#8,'DISTANCE_ACCURACY_VALUE','Maximum Tolerance applied to model');
#10=(GEOMETRIC_REPRESENTATION_CONTEXT(3)GLOBAL_UNCERTAINTY_ASSIGNED_CONTEXT((#9))GLOBAL_UNIT_ASSIGNED_CONTEXT((#8,#5,#7))REPRESENTATION_CONTEXT('','Default'));
#12=CARTESIAN_POINT('',(0.0,0.0,0.0));
#13=DIRECTION('',(0.0,0.0,1.0));
#14=DIRECTION('',(1.0,0.0,0.0));
#15=AXIS2_PLACEMENT_3D('',#12,#13,#14);
#21=CARTESIAN_POINT('',(44.958,101.092,35.052));
#22=DIRECTION('',(-1.0,0.0,0.0));
#23=DIRECTION('',(0.0,0.0,1.0));
#24=AXIS2_PLACEMENT_3D('',#21,#22,#23);
#25=PLANE('',#24);
#26=CARTESIAN_POINT('',(44.958,81.407,33.782));
#27=VERTEX_POINT('',#26);
#28=CARTESIAN_POINT('',(44.958,2.54,33.782));
#29=VERTEX_POINT('',#28);
#30=CARTESIAN_POINT('',(44.958,81.407,33.782));
#31=DIRECTION('',(0.0,-1.0,0.0));
#32=VECTOR('',#31,78.867);
#33=LINE('',#30,#32);
#34=EDGE_CURVE('',#27,#29,#33,.T.);
#35=ORIENTED_EDGE('',*,*,#34,.T.);
#36=CARTESIAN_POINT('',(44.958,2.54,-33.782));
#37=VERTEX_POINT('',#36);
#38=CARTESIAN_POINT('',(44.958,2.54,33.782));
#39=DIRECTION('',(0.0,0.0,-1.0));
#40=VECTOR('',#39,67.564);
#41=LINE('',#38,#40);
#42=EDGE_CURVE('',#29,#37,#41,.T.);
#43=ORIENTED_EDGE('',*,*,#42,.T.);
#44=CARTESIAN_POINT('',(44.958,81.407,-33.782));
#45=VERTEX_POINT('',#44);
#46=CARTESIAN_POINT('',(44.958,2.54,-33.782));
#47=DIRECTION('',(-0.0,1.0,0.0));
#48=VECTOR('',#47,78.867);
#49=LINE('',#46,#48);
#50=EDGE_CURVE('',#37,#45,#49,.T.);
#51=ORIENTED_EDGE('',*,*,#50,.T.);
#52=CARTESIAN_POINT('',(44.958,81.407,33.782));
#53=DIRECTION('',(0.0,0.0,-1.0));
#54=VECTOR('',#53,67.564);
#55=LINE('',#52,#54);
#56=EDGE_CURVE('',#27,#45,#55,.T.);
#57=ORIENTED_EDGE('',*,*,#56,.F.);
#58=EDGE_LOOP('',(#35,#43,#51,#57));
#59=FACE_BOUND('',#58,.T.);
#60=ADVANCED_FACE('',(#59),#25,.F.);
#61=CARTESIAN_POINT('',(42.418,6.50521303E-016,32.512));
#62=CARTESIAN_POINT('',(42.418,6.50521303E-016,32.512));
#63=CARTESIAN_POINT('',(42.418,6.50521303E-016,32.512));
#64=CARTESIAN_POINT('',(43.0848382,6.50521303E-016,32.8454191));
#65=CARTESIAN_POINT('',(42.9134144,0.000183878234,33.0074144));
#66=CARTESIAN_POINT('',(42.7514191,6.50521303E-016,33.1788382));
#67=CARTESIAN_POINT('',(43.7438461,0.273743697,33.1749231));
#68=CARTESIAN_POINT('',(43.4582181,0.132270711,33.5522181));
#69=CARTESIAN_POINT('',(43.0809231,0.273743697,33.8378461));
#70=CARTESIAN_POINT('',(44.4491538,0.979051315,33.5275769));
#71=CARTESIAN_POINT('',(44.1741954,0.622150014,34.2681954));
#72=CARTESIAN_POINT('',(43.4335769,0.979051315,34.5431538));
#73=CARTESIAN_POINT('',(44.6374174,1.26080782,33.6217087));
#74=CARTESIAN_POINT('',(44.4208622,0.866767566,34.5148622));
#75=CARTESIAN_POINT('',(43.5277087,1.26080782,34.7314174));
#76=CARTESIAN_POINT('',(44.8918906,1.87516035,33.7489453));
#77=CARTESIAN_POINT('',(44.8249995,1.57406691,34.9189995));
#78=CARTESIAN_POINT('',(43.6549453,1.87516035,34.9858906));
#79=CARTESIAN_POINT('',(44.958,2.20751481,33.782));
#80=CARTESIAN_POINT('',(44.958,2.04127242,35.052));
#81=CARTESIAN_POINT('',(43.688,2.20751481,35.052));
#82=CARTESIAN_POINT('',(44.958,2.54,33.782));
#83=CARTESIAN_POINT('',(44.958,2.54,35.052));
#84=CARTESIAN_POINT('',(43.688,2.54,35.052));
#85=(BOUNDED_SURFACE()
B_SPLINE_SURFACE(3,2,((#61,#62,#63),(#64,#65,#66),(#67,#68,#69),(#70,#71,#72),(#73,#74,#75),(#76,#77,#78),(#79,#80,#81),(#82,#83,#84)),.UNSPECIFIED.,.F.,.F.,.U.)
B_SPLINE_SURFACE_WITH_KNOTS((4,2,2,4),(3,3),(1.57079633,2.35619449,2.74889357,3.14159265),(0.0,1.0),.UNSPECIFIED.)
GEOMETRIC_REPRESENTATION_ITEM()
RATIONAL_B_SPLINE_SURFACE(((1.0,1.0,1.0),(1.0,1.0026755,1.0),(1.0,0.941600358,1.0),(1.0,0.828237927,1.0),(1.0,0.787678509,1.0),(1.0,0.726551731,1.0),(1.0,0.707106781,1.0),(1.0,0.707106781,1.0)))
REPRESENTATION_ITEM('')
SURFACE()
);
#86=CARTESIAN_POINT('',(43.688,2.54,35.052));
#87=VERTEX_POINT('',#86);
#88=CARTESIAN_POINT('',(43.688,2.54,33.782));
#89=DIRECTION('',(0.0,1.0,0.0));
#90=DIRECTION('',(-5.46369599E-015,0.0,1.0));
#91=AXIS2_PLACEMENT_3D('',#88,#89,#90);
#92=CIRCLE('',#91,1.27);
#93=EDGE_CURVE('',#87,#29,#92,.T.);
#94=ORIENTED_EDGE('',*,*,#93,.F.);
#95=CARTESIAN_POINT('',(42.418,0.0,32.512));
#96=VERTEX_POINT('',#95);
#97=CARTESIAN_POINT('',(42.418,2.54,32.512));
#98=DIRECTION('',(0.894427191,0.0,-0.447213595));
#99=DIRECTION('',(-0.447213595,0.0,-0.894427191));
#100=AXIS2_PLACEMENT_3D('',#97,#98,#99);
#101=ELLIPSE('',#100,2.83980633,2.54);
#102=EDGE_CURVE('',#87,#96,#101,.T.);
#103=ORIENTED_EDGE('',*,*,#102,.T.);
#104=CARTESIAN_POINT('',(42.418,2.54,32.512));
#105=DIRECTION('',(-0.447213595,0.0,0.894427191));
#106=DIRECTION('',(-0.894427191,0.0,-0.447213595));
#107=AXIS2_PLACEMENT_3D('',#104,#105,#106);
#108=ELLIPSE('',#107,2.83980633,2.54);
#109=EDGE_CURVE('',#96,#29,#108,.T.);
#110=ORIENTED_EDGE('',*,*,#109,.T.);
#111=EDGE_LOOP('',(#94,#103,#110));
#112=FACE_BOUND('',#111,.T.);
#113=ADVANCED_FACE('',(#112),#85,.T.);
#114=CARTESIAN_POINT('',(-44.958,101.092,35.052));
#115=DIRECTION('',(0.0,0.0,-1.0));
#116=DIRECTION('',(-1.0,0.0,0.0));
#117=AXIS2_PLACEMENT_3D('',#114,#115,#116);
#118=PLANE('',#117);
#119=CARTESIAN_POINT('',(-43.688,81.407,35.052));
#120=VERTEX_POINT('',#119);
#121=CARTESIAN_POINT('',(-43.688,2.54,35.052));
#122=VERTEX_POINT('',#121);
#123=CARTESIAN_POINT('',(-43.688,81.407,35.052));
#124=DIRECTION('',(0.0,-1.0,0.0));
#125=VECTOR('',#124,78.867);
#126=LINE('',#123,#125);
#127=EDGE_CURVE('',#120,#122,#126,.T.);
#128=ORIENTED_EDGE('',*,*,#127,.T.);
#129=CARTESIAN_POINT('',(-43.688,2.54,35.052));
#130=DIRECTION('',(1.0,0.0,0.0));
#131=VECTOR('',#130,87.376);
#132=LINE('',#129,#131);
#133=EDGE_CURVE('',#122,#87,#132,.T.);
#134=ORIENTED_EDGE('',*,*,#133,.T.);
#135=CARTESIAN_POINT('',(43.688,81.407,35.052));
#136=VERTEX_POINT('',#135);
#137=CARTESIAN_POINT('',(43.688,2.54,35.052));
#138=DIRECTION('',(-0.0,1.0,0.0));
#139=VECTOR('',#138,78.867);
#140=LINE('',#137,#139);
#141=EDGE_CURVE('',#87,#136,#140,.T.);
#142=ORIENTED_EDGE('',*,*,#141,.T.);
#143=CARTESIAN_POINT('',(-43.688,81.407,35.052));
#144=DIRECTION('',(1.0,0.0,0.0));
#145=VECTOR('',#144,87.376);
#146=LINE('',#143,#145);
#147=EDGE_CURVE('',#120,#136,#146,.T.);
#148=ORIENTED_EDGE('',*,*,#147,.F.);
#149=EDGE_LOOP('',(#128,#134,#142,#148));
#150=FACE_BOUND('',#149,.T.);
#151=ADVANCED_FACE('',(#150),#118,.F.);
#152=CARTESIAN_POINT('',(-43.688,101.092,-33.782));
#153=DIRECTION('',(0.0,-1.0,0.0));
#154=DIRECTION('',(0.0,0.0,-1.0));
#155=AXIS2_PLACEMENT_3D('',#152,#153,#154);
#156=CYLINDRICAL_SURFACE('',#155,1.27);
#157=CARTESIAN_POINT('',(-43.688,2.54,-35.052));
#158=VERTEX_POINT('',#157);
#159=CARTESIAN_POINT('',(-43.688,81.407,-35.052));
#160=VERTEX_POINT('',#159);
#161=CARTESIAN_POINT('',(-43.688,2.54,-35.052));
#162=DIRECTION('',(-0.0,1.0,0.0));
#163=VECTOR('',#162,78.867);
#164=LINE('',#161,#163);
#165=EDGE_CURVE('',#158,#160,#164,.T.);
#166=ORIENTED_EDGE('',*,*,#165,.F.);
#167=CARTESIAN_POINT('',(-44.958,2.54,-33.782));
#168=VERTEX_POINT('',#167);
#169=CARTESIAN_POINT('',(-43.688,2.54,-33.782));
#170=DIRECTION('',(0.0,1.0,0.0));
#171=DIRECTION('',(0.0,0.0,-1.0));
#172=AXIS2_PLACEMENT_3D('',#169,#170,#171);
#173=CIRCLE('',#172,1.27);
#174=EDGE_CURVE('',#158,#168,#173,.T.);
#175=ORIENTED_EDGE('',*,*,#174,.T.);
#176=CARTESIAN_POINT('',(-44.958,81.407,-33.782));
#177=VERTEX_POINT('',#176);
#178=CARTESIAN_POINT('',(-44.958,81.407,-33.782));
#179=DIRECTION('',(0.0,-1.0,0.0));
#180=VECTOR('',#179,78.867);
#181=LINE('',#178,#180);
#182=EDGE_CURVE('',#177,#168,#181,.T.);
#183=ORIENTED_EDGE('',*,*,#182,.F.);
#184=CARTESIAN_POINT('',(-43.688,81.407,-33.782));
#185=DIRECTION('',(0.0,1.0,0.0));
#186=DIRECTION('',(5.46369599E-015,0.0,-1.0));
#187=AXIS2_PLACEMENT_3D('',#184,#185,#186);
#188=CIRCLE('',#187,1.27);
#189=EDGE_CURVE('',#160,#177,#188,.T.);
#190=ORIENTED_EDGE('',*,*,#189,.F.);
#191=EDGE_LOOP('',(#166,#175,#183,#190));
#192=FACE_BOUND('',#191,.T.);
#193=ADVANCED_FACE('',(#192),#156,.T.);
#194=CARTESIAN_POINT('',(-44.958,101.092,-35.052));
#195=DIRECTION('',(0.0,0.0,1.0));
#196=DIRECTION('',(1.0,0.0,-0.0));
#197=AXIS2_PLACEMENT_3D('',#194,#195,#196);
#198=PLANE('',#197);
#199=CARTESIAN_POINT('',(43.688,81.407,-35.052));
#200=VERTEX_POINT('',#199);
#201=CARTESIAN_POINT('',(43.688,2.54,-35.052));
#202=VERTEX_POINT('',#201);
#203=CARTESIAN_POINT('',(43.688,81.407,-35.052));
#204=DIRECTION('',(0.0,-1.0,0.0));
#205=VECTOR('',#204,78.867);
#206=LINE('',#203,#205);
#207=EDGE_CURVE('',#200,#202,#206,.T.);
#208=ORIENTED_EDGE('',*,*,#207,.T.);
#209=CARTESIAN_POINT('',(43.688,2.54,-35.052));
#210=DIRECTION('',(-1.0,0.0,0.0));
#211=VECTOR('',#210,87.376);
#212=LINE('',#209,#211);
#213=EDGE_CURVE('',#202,#158,#212,.T.);
#214=ORIENTED_EDGE('',*,*,#213,.T.);
#215=ORIENTED_EDGE('',*,*,#165,.T.);
#216=CARTESIAN_POINT('',(43.688,81.407,-35.052));
#217=DIRECTION('',(-1.0,0.0,0.0));
#218=VECTOR('',#217,87.376);
#219=LINE('',#216,#218);
#220=EDGE_CURVE('',#200,#160,#219,.T.);
#221=ORIENTED_EDGE('',*,*,#220,.F.);
#222=EDGE_LOOP('',(#208,#214,#215,#221));
#223=FACE_BOUND('',#222,.T.);
#224=ADVANCED_FACE('',(#223),#198,.F.);
#225=CARTESIAN_POINT('',(43.688,101.092,33.782));
#226=DIRECTION('',(0.0,-1.0,0.0));
#227=DIRECTION('',(0.0,0.0,-1.0));
#228=AXIS2_PLACEMENT_3D('',#225,#226,#227);
#229=CYLINDRICAL_SURFACE('',#228,1.27);
#230=ORIENTED_EDGE('',*,*,#141,.F.);
#231=ORIENTED_EDGE('',*,*,#93,.T.);
#232=ORIENTED_EDGE('',*,*,#34,.F.);
#233=CARTESIAN_POINT('',(43.688,81.407,33.782));
#234=DIRECTION('',(0.0,1.0,0.0));
#235=DIRECTION('',(-5.46369599E-015,0.0,1.0));
#236=AXIS2_PLACEMENT_3D('',#233,#234,#235);
#237=CIRCLE('',#236,1.27);
#238=EDGE_CURVE('',#136,#27,#237,.T.);
#239=ORIENTED_EDGE('',*,*,#238,.F.);
#240=EDGE_LOOP('',(#230,#231,#232,#239));
#241=FACE_BOUND('',#240,.T.);
#242=ADVANCED_FACE('',(#241),#229,.T.);
#243=CARTESIAN_POINT('',(-43.688,101.092,33.782));
#244=DIRECTION('',(0.0,-1.0,0.0));
#245=DIRECTION('',(0.0,0.0,-1.0));
#246=AXIS2_PLACEMENT_3D('',#243,#244,#245);
#247=CYLINDRICAL_SURFACE('',#246,1.27);
#248=CARTESIAN_POINT('',(-44.958,2.54,33.782));
#249=VERTEX_POINT('',#248);
#250=CARTESIAN_POINT('',(-44.958,81.407,33.782));
#251=VERTEX_POINT('',#250);
#252=CARTESIAN_POINT('',(-44.958,2.54,33.782));
#253=DIRECTION('',(-0.0,1.0,0.0));
#254=VECTOR('',#253,78.867);
#255=LINE('',#252,#254);
#256=EDGE_CURVE('',#249,#251,#255,.T.);
#257=ORIENTED_EDGE('',*,*,#256,.F.);
#258=CARTESIAN_POINT('',(-43.688,2.54,33.782));
#259=DIRECTION('',(0.0,1.0,0.0));
#260=DIRECTION('',(-1.0,0.0,0.0));
#261=AXIS2_PLACEMENT_3D('',#258,#259,#260);
#262=CIRCLE('',#261,1.27);
#263=EDGE_CURVE('',#249,#122,#262,.T.);
#264=ORIENTED_EDGE('',*,*,#263,.T.);
#265=ORIENTED_EDGE('',*,*,#127,.F.);
#266=CARTESIAN_POINT('',(-43.688,81.407,33.782));
#267=DIRECTION('',(0.0,1.0,0.0));
#268=DIRECTION('',(-1.0,0.0,-5.46369599E-015));
#269=AXIS2_PLACEMENT_3D('',#266,#267,#268);
#270=CIRCLE('',#269,1.27);
#271=EDGE_CURVE('',#251,#120,#270,.T.);
#272=ORIENTED_EDGE('',*,*,#271,.F.);
#273=EDGE_LOOP('',(#257,#264,#265,#272));
#274=FACE_BOUND('',#273,.T.);
#275=ADVANCED_FACE('',(#274),#247,.T.);
#276=CARTESIAN_POINT('',(-44.958,101.092,35.052));
#277=DIRECTION('',(1.0,0.0,0.0));
#278=DIRECTION('',(0.0,0.0,-1.0));
#279=AXIS2_PLACEMENT_3D('',#276,#277,#278);
#280=PLANE('',#279);
#281=ORIENTED_EDGE('',*,*,#182,.T.);
#282=CARTESIAN_POINT('',(-44.958,2.54,-33.782));
#283=DIRECTION('',(0.0,-0.0,1.0));
#284=VECTOR('',#283,67.564);
#285=LINE('',#282,#284);
#286=EDGE_CURVE('',#168,#249,#285,.T.);
#287=ORIENTED_EDGE('',*,*,#286,.T.);
#288=ORIENTED_EDGE('',*,*,#256,.T.);
#289=CARTESIAN_POINT('',(-44.958,81.407,-33.782));
#290=DIRECTION('',(0.0,-0.0,1.0));
#291=VECTOR('',#290,67.564);
#292=LINE('',#289,#291);
#293=EDGE_CURVE('',#177,#251,#292,.T.);
#294=ORIENTED_EDGE('',*,*,#293,.F.);
#295=EDGE_LOOP('',(#281,#287,#288,#294));
#296=FACE_BOUND('',#295,.T.);
#297=ADVANCED_FACE('',(#296),#280,.F.);
#298=CARTESIAN_POINT('',(-42.418,6.50521303E-016,-32.512));
#299=CARTESIAN_POINT('',(-42.418,6.50521303E-016,-32.512));
#300=CARTESIAN_POINT('',(-42.418,6.50521303E-016,-32.512));
#301=CARTESIAN_POINT('',(-43.0848382,6.50521303E-016,-32.8454191));
#302=CARTESIAN_POINT('',(-42.9134144,0.000183878234,-33.0074144));
#303=CARTESIAN_POINT('',(-42.7514191,6.50521303E-016,-33.1788382));
#304=CARTESIAN_POINT('',(-43.7438461,0.273743697,-33.1749231));
#305=CARTESIAN_POINT('',(-43.4582181,0.132270711,-33.5522181));
#306=CARTESIAN_POINT('',(-43.0809231,0.273743697,-33.8378461));
#307=CARTESIAN_POINT('',(-44.4491538,0.979051315,-33.5275769));
#308=CARTESIAN_POINT('',(-44.1741954,0.622150014,-34.2681954));
#309=CARTESIAN_POINT('',(-43.4335769,0.979051315,-34.5431538));
#310=CARTESIAN_POINT('',(-44.6374174,1.26080782,-33.6217087));
#311=CARTESIAN_POINT('',(-44.4208622,0.866767566,-34.5148622));
#312=CARTESIAN_POINT('',(-43.5277087,1.26080782,-34.7314174));
#313=CARTESIAN_POINT('',(-44.8918906,1.87516035,-33.7489453));
#314=CARTESIAN_POINT('',(-44.8249995,1.57406691,-34.9189995));
#315=CARTESIAN_POINT('',(-43.6549453,1.87516035,-34.9858906));
#316=CARTESIAN_POINT('',(-44.958,2.20751481,-33.782));
#317=CARTESIAN_POINT('',(-44.958,2.04127242,-35.052));
#318=CARTESIAN_POINT('',(-43.688,2.20751481,-35.052));
#319=CARTESIAN_POINT('',(-44.958,2.54,-33.782));
#320=CARTESIAN_POINT('',(-44.958,2.54,-35.052));
#321=CARTESIAN_POINT('',(-43.688,2.54,-35.052));
#322=(BOUNDED_SURFACE()
B_SPLINE_SURFACE(3,2,((#298,#299,#300),(#301,#302,#303),(#304,#305,#306),(#307,#308,#309),(#310,#311,#312),(#313,#314,#315),(#316,#317,#318),(#319,#320,#321)),.UNSPECIFIED.,.F.,.F.,.U.)
B_SPLINE_SURFACE_WITH_KNOTS((4,2,2,4),(3,3),(1.57079633,2.35619449,2.74889357,3.14159265),(0.0,1.0),.UNSPECIFIED.)
GEOMETRIC_REPRESENTATION_ITEM()
RATIONAL_B_SPLINE_SURFACE(((1.0,1.0,1.0),(1.0,1.0026755,1.0),(1.0,0.941600358,1.0),(1.0,0.828237927,1.0),(1.0,0.787678509,1.0),(1.0,0.726551731,1.0),(1.0,0.707106781,1.0),(1.0,0.707106781,1.0)))
REPRESENTATION_ITEM('')
SURFACE()
);
#323=CARTESIAN_POINT('',(-42.418,0.0,-32.512));
#324=VERTEX_POINT('',#323);
#325=CARTESIAN_POINT('',(-42.418,2.54,-32.512));
#326=DIRECTION('',(-0.447213595,0.0,0.894427191));
#327=DIRECTION('',(0.894427191,0.0,0.447213595));
#328=AXIS2_PLACEMENT_3D('',#325,#326,#327);
#329=ELLIPSE('',#328,2.83980633,2.54);
#330=EDGE_CURVE('',#168,#324,#329,.T.);
#331=ORIENTED_EDGE('',*,*,#330,.F.);
#332=ORIENTED_EDGE('',*,*,#174,.F.);
#333=CARTESIAN_POINT('',(-42.418,2.54,-32.512));
#334=DIRECTION('',(0.894427191,0.0,-0.447213595));
#335=DIRECTION('',(0.447213595,0.0,0.894427191));
#336=AXIS2_PLACEMENT_3D('',#333,#334,#335);
#337=ELLIPSE('',#336,2.83980633,2.54);
#338=EDGE_CURVE('',#324,#158,#337,.T.);
#339=ORIENTED_EDGE('',*,*,#338,.F.);
#340=EDGE_LOOP('',(#331,#332,#339));
#341=FACE_BOUND('',#340,.T.);
#342=ADVANCED_FACE('',(#341),#322,.T.);
#343=CARTESIAN_POINT('',(43.688,101.092,-33.782));
#344=DIRECTION('',(0.0,-1.0,0.0));
#345=DIRECTION('',(0.0,0.0,-1.0));
#346=AXIS2_PLACEMENT_3D('',#343,#344,#345);
#347=CYLINDRICAL_SURFACE('',#346,1.27);
#348=ORIENTED_EDGE('',*,*,#50,.F.);
#349=CARTESIAN_POINT('',(43.688,2.54,-33.782));
#350=DIRECTION('',(-0.0,1.0,0.0));
#351=DIRECTION('',(1.0,0.0,5.46369599E-015));
#352=AXIS2_PLACEMENT_3D('',#349,#350,#351);
#353=CIRCLE('',#352,1.27);
#354=EDGE_CURVE('',#37,#202,#353,.T.);
#355=ORIENTED_EDGE('',*,*,#354,.T.);
#356=ORIENTED_EDGE('',*,*,#207,.F.);
#357=CARTESIAN_POINT('',(43.688,81.407,-33.782));
#358=DIRECTION('',(-0.0,1.0,0.0));
#359=DIRECTION('',(1.0,0.0,5.46369599E-015));
#360=AXIS2_PLACEMENT_3D('',#357,#358,#359);
#361=CIRCLE('',#360,1.27);
#362=EDGE_CURVE('',#45,#200,#361,.T.);
#363=ORIENTED_EDGE('',*,*,#362,.F.);
#364=EDGE_LOOP('',(#348,#355,#356,#363));
#365=FACE_BOUND('',#364,.T.);
#366=ADVANCED_FACE('',(#365),#347,.T.);
#367=CARTESIAN_POINT('',(42.418,6.50521303E-016,-32.512));
#368=CARTESIAN_POINT('',(42.418,6.50521303E-016,-32.512));
#369=CARTESIAN_POINT('',(42.418,6.50521303E-016,-32.512));
#370=CARTESIAN_POINT('',(42.7514191,6.50521303E-016,-33.1788382));
#371=CARTESIAN_POINT('',(42.9134144,0.000183878234,-33.0074144));
#372=CARTESIAN_POINT('',(43.0848382,6.50521303E-016,-32.8454191));
#373=CARTESIAN_POINT('',(43.0809231,0.273743697,-33.8378461));
#374=CARTESIAN_POINT('',(43.4582181,0.132270711,-33.5522181));
#375=CARTESIAN_POINT('',(43.7438461,0.273743697,-33.1749231));
#376=CARTESIAN_POINT('',(43.4335769,0.979051315,-34.5431538));
#377=CARTESIAN_POINT('',(44.1741954,0.622150014,-34.2681954));
#378=CARTESIAN_POINT('',(44.4491538,0.979051315,-33.5275769));
#379=CARTESIAN_POINT('',(43.5277087,1.26080782,-34.7314174));
#380=CARTESIAN_POINT('',(44.4208622,0.866767566,-34.5148622));
#381=CARTESIAN_POINT('',(44.6374174,1.26080782,-33.6217087));
#382=CARTESIAN_POINT('',(43.6549453,1.87516035,-34.9858906));
#383=CARTESIAN_POINT('',(44.8249995,1.57406691,-34.9189995));
#384=CARTESIAN_POINT('',(44.8918906,1.87516035,-33.7489453));
#385=CARTESIAN_POINT('',(43.688,2.20751481,-35.052));
#386=CARTESIAN_POINT('',(44.958,2.04127242,-35.052));
#387=CARTESIAN_POINT('',(44.958,2.20751481,-33.782));
#388=CARTESIAN_POINT('',(43.688,2.54,-35.052));
#389=CARTESIAN_POINT('',(44.958,2.54,-35.052));
#390=CARTESIAN_POINT('',(44.958,2.54,-33.782));
#391=(BOUNDED_SURFACE()
B_SPLINE_SURFACE(3,2,((#367,#368,#369),(#370,#371,#372),(#373,#374,#375),(#376,#377,#378),(#379,#380,#381),(#382,#383,#384),(#385,#386,#387),(#388,#389,#390)),.UNSPECIFIED.,.F.,.F.,.U.)
B_SPLINE_SURFACE_WITH_KNOTS((4,2,2,4),(3,3),(1.57079633,2.35619449,2.74889357,3.14159265),(0.0,1.0),.UNSPECIFIED.)
GEOMETRIC_REPRESENTATION_ITEM()
RATIONAL_B_SPLINE_SURFACE(((1.0,1.0,1.0),(1.0,1.0026755,1.0),(1.0,0.941600358,1.0),(1.0,0.828237927,1.0),(1.0,0.787678509,1.0),(1.0,0.726551731,1.0),(1.0,0.707106781,1.0),(1.0,0.707106781,1.0)))
REPRESENTATION_ITEM('')
SURFACE()
);
#392=CARTESIAN_POINT('',(42.418,0.0,-32.512));
#393=VERTEX_POINT('',#392);
#394=CARTESIAN_POINT('',(42.418,2.54,-32.512));
#395=DIRECTION('',(0.894427191,0.0,0.447213595));
#396=DIRECTION('',(-0.447213595,0.0,0.894427191));
#397=AXIS2_PLACEMENT_3D('',#394,#395,#396);
#398=ELLIPSE('',#397,2.83980633,2.54);
#399=EDGE_CURVE('',#393,#202,#398,.T.);
#400=ORIENTED_EDGE('',*,*,#399,.T.);
#401=ORIENTED_EDGE('',*,*,#354,.F.);
#402=CARTESIAN_POINT('',(42.418,2.54,-32.512));
#403=DIRECTION('',(0.447213595,0.0,0.894427191));
#404=DIRECTION('',(-0.894427191,0.0,0.447213595));
#405=AXIS2_PLACEMENT_3D('',#402,#403,#404);
#406=ELLIPSE('',#405,2.83980633,2.54);
#407=EDGE_CURVE('',#393,#37,#406,.T.);
#408=ORIENTED_EDGE('',*,*,#407,.F.);
#409=EDGE_LOOP('',(#400,#401,#408));
#410=FACE_BOUND('',#409,.T.);
#411=ADVANCED_FACE('',(#410),#391,.T.);
#412=CARTESIAN_POINT('',(-44.958,2.54,-32.512));
#413=DIRECTION('',(1.0,0.0,0.0));
#414=DIRECTION('',(0.0,0.0,-1.0));
#415=AXIS2_PLACEMENT_3D('',#412,#413,#414);
#416=CYLINDRICAL_SURFACE('',#415,2.54);
#417=ORIENTED_EDGE('',*,*,#338,.T.);
#418=ORIENTED_EDGE('',*,*,#213,.F.);
#419=ORIENTED_EDGE('',*,*,#399,.F.);
#420=CARTESIAN_POINT('',(-42.418,0.0,-32.512));
#421=DIRECTION('',(1.0,0.0,0.0));
#422=VECTOR('',#421,84.836);
#423=LINE('',#420,#422);
#424=EDGE_CURVE('',#324,#393,#423,.T.);
#425=ORIENTED_EDGE('',*,*,#424,.F.);
#426=EDGE_LOOP('',(#417,#418,#419,#425));
#427=FACE_BOUND('',#426,.T.);
#428=ADVANCED_FACE('',(#427),#416,.T.);
#429=CARTESIAN_POINT('',(-44.958,2.54,32.512));
#430=DIRECTION('',(-1.0,0.0,0.0));
#431=DIRECTION('',(0.0,0.0,1.0));
#432=AXIS2_PLACEMENT_3D('',#429,#430,#431);
#433=CYLINDRICAL_SURFACE('',#432,2.54);
#434=CARTESIAN_POINT('',(-42.418,0.0,32.512));
#435=VERTEX_POINT('',#434);
#436=CARTESIAN_POINT('',(-42.418,2.54,32.512));
#437=DIRECTION('',(0.894427191,0.0,0.447213595));
#438=DIRECTION('',(0.447213595,0.0,-0.894427191));
#439=AXIS2_PLACEMENT_3D('',#436,#437,#438);
#440=ELLIPSE('',#439,2.83980633,2.54);
#441=EDGE_CURVE('',#122,#435,#440,.T.);
#442=ORIENTED_EDGE('',*,*,#441,.T.);
#443=CARTESIAN_POINT('',(42.418,0.0,32.512));
#444=DIRECTION('',(-1.0,0.0,0.0));
#445=VECTOR('',#444,84.836);
#446=LINE('',#443,#445);
#447=EDGE_CURVE('',#96,#435,#446,.T.);
#448=ORIENTED_EDGE('',*,*,#447,.F.);
#449=ORIENTED_EDGE('',*,*,#102,.F.);
#450=ORIENTED_EDGE('',*,*,#133,.F.);
#451=EDGE_LOOP('',(#442,#448,#449,#450));
#452=FACE_BOUND('',#451,.T.);
#453=ADVANCED_FACE('',(#452),#433,.T.);
#454=CARTESIAN_POINT('',(-42.418,2.54,35.052));
#455=DIRECTION('',(0.0,0.0,-1.0));
#456=DIRECTION('',(-1.0,0.0,0.0));
#457=AXIS2_PLACEMENT_3D('',#454,#455,#456);
#458=CYLINDRICAL_SURFACE('',#457,2.54);
#459=ORIENTED_EDGE('',*,*,#330,.T.);
#460=CARTESIAN_POINT('',(-42.418,0.0,32.512));
#461=DIRECTION('',(0.0,0.0,-1.0));
#462=VECTOR('',#461,65.024);
#463=LINE('',#460,#462);
#464=EDGE_CURVE('',#435,#324,#463,.T.);
#465=ORIENTED_EDGE('',*,*,#464,.F.);
#466=CARTESIAN_POINT('',(-42.418,2.54,32.512));
#467=DIRECTION('',(0.447213595,0.0,0.894427191));
#468=DIRECTION('',(0.894427191,0.0,-0.447213595));
#469=AXIS2_PLACEMENT_3D('',#466,#467,#468);
#470=ELLIPSE('',#469,2.83980633,2.54);
#471=EDGE_CURVE('',#249,#435,#470,.T.);
#472=ORIENTED_EDGE('',*,*,#471,.F.);
#473=ORIENTED_EDGE('',*,*,#286,.F.);
#474=EDGE_LOOP('',(#459,#465,#472,#473));
#475=FACE_BOUND('',#474,.T.);
#476=ADVANCED_FACE('',(#475),#458,.T.);
#477=CARTESIAN_POINT('',(-42.418,6.50521303E-016,32.512));
#478=CARTESIAN_POINT('',(-42.418,6.50521303E-016,32.512));
#479=CARTESIAN_POINT('',(-42.418,6.50521303E-016,32.512));
#480=CARTESIAN_POINT('',(-42.7514191,6.50521303E-016,33.1788382));
#481=CARTESIAN_POINT('',(-42.9134144,0.000183878234,33.0074144));
#482=CARTESIAN_POINT('',(-43.0848382,6.50521303E-016,32.8454191));
#483=CARTESIAN_POINT('',(-43.0809231,0.273743697,33.8378461));
#484=CARTESIAN_POINT('',(-43.4582181,0.132270711,33.5522181));
#485=CARTESIAN_POINT('',(-43.7438461,0.273743697,33.1749231));
#486=CARTESIAN_POINT('',(-43.4335769,0.979051315,34.5431538));
#487=CARTESIAN_POINT('',(-44.1741954,0.622150014,34.2681954));
#488=CARTESIAN_POINT('',(-44.4491538,0.979051315,33.5275769));
#489=CARTESIAN_POINT('',(-43.5277087,1.26080782,34.7314174));
#490=CARTESIAN_POINT('',(-44.4208622,0.866767566,34.5148622));
#491=CARTESIAN_POINT('',(-44.6374174,1.26080782,33.6217087));
#492=CARTESIAN_POINT('',(-43.6549453,1.87516035,34.9858906));
#493=CARTESIAN_POINT('',(-44.8249995,1.57406691,34.9189995));
#494=CARTESIAN_POINT('',(-44.8918906,1.87516035,33.7489453));
#495=CARTESIAN_POINT('',(-43.688,2.20751481,35.052));
#496=CARTESIAN_POINT('',(-44.958,2.04127242,35.052));
#497=CARTESIAN_POINT('',(-44.958,2.20751481,33.782));
#498=CARTESIAN_POINT('',(-43.688,2.54,35.052));
#499=CARTESIAN_POINT('',(-44.958,2.54,35.052));
#500=CARTESIAN_POINT('',(-44.958,2.54,33.782));
#501=(BOUNDED_SURFACE()
B_SPLINE_SURFACE(3,2,((#477,#478,#479),(#480,#481,#482),(#483,#484,#485),(#486,#487,#488),(#489,#490,#491),(#492,#493,#494),(#495,#496,#497),(#498,#499,#500)),.UNSPECIFIED.,.F.,.F.,.U.)
B_SPLINE_SURFACE_WITH_KNOTS((4,2,2,4),(3,3),(1.57079633,2.35619449,2.74889357,3.14159265),(0.0,1.0),.UNSPECIFIED.)
GEOMETRIC_REPRESENTATION_ITEM()
RATIONAL_B_SPLINE_SURFACE(((1.0,1.0,1.0),(1.0,1.0026755,1.0),(1.0,0.941600358,1.0),(1.0,0.828237927,1.0),(1.0,0.787678509,1.0),(1.0,0.726551731,1.0),(1.0,0.707106781,1.0),(1.0,0.707106781,1.0)))
REPRESENTATION_ITEM('')
SURFACE()
);
#502=ORIENTED_EDGE('',*,*,#263,.F.);
#503=ORIENTED_EDGE('',*,*,#471,.T.);
#504=ORIENTED_EDGE('',*,*,#441,.F.);
#505=EDGE_LOOP('',(#502,#503,#504));
#506=FACE_BOUND('',#505,.T.);
#507=ADVANCED_FACE('',(#506),#501,.T.);
#508=CARTESIAN_POINT('',(-44.958,81.407,33.782));
#509=DIRECTION('',(0.0,1.0,0.0));
#510=DIRECTION('',(0.0,-0.0,1.0));
#511=AXIS2_PLACEMENT_3D('',#508,#509,#510);
#512=PLANE('',#511);
#513=ORIENTED_EDGE('',*,*,#293,.T.);
#514=ORIENTED_EDGE('',*,*,#271,.T.);
#515=ORIENTED_EDGE('',*,*,#147,.T.);
#516=ORIENTED_EDGE('',*,*,#238,.T.);
#517=ORIENTED_EDGE('',*,*,#56,.T.);
#518=ORIENTED_EDGE('',*,*,#362,.T.);
#519=ORIENTED_EDGE('',*,*,#220,.T.);
#520=ORIENTED_EDGE('',*,*,#189,.T.);
#521=EDGE_LOOP('',(#513,#514,#515,#516,#517,#518,#519,#520));
#522=FACE_BOUND('',#521,.T.);
#523=ADVANCED_FACE('',(#522),#512,.T.);
#524=CARTESIAN_POINT('',(0.0,0.0,0.0));
#525=DIRECTION('',(0.0,-1.0,0.0));
#526=DIRECTION('',(0.0,0.0,-1.0));
#527=AXIS2_PLACEMENT_3D('',#524,#525,#526);
#528=PLANE('',#527);
#529=ORIENTED_EDGE('',*,*,#424,.T.);
#530=CARTESIAN_POINT('',(42.418,0.0,-32.512));
#531=DIRECTION('',(0.0,-0.0,1.0));
#532=VECTOR('',#531,65.024);
#533=LINE('',#530,#532);
#534=EDGE_CURVE('',#393,#96,#533,.T.);
#535=ORIENTED_EDGE('',*,*,#534,.T.);
#536=ORIENTED_EDGE('',*,*,#447,.T.);
#537=ORIENTED_EDGE('',*,*,#464,.T.);
#538=EDGE_LOOP('',(#529,#535,#536,#537));
#539=FACE_BOUND('',#538,.T.);
#540=ADVANCED_FACE('',(#539),#528,.T.);
#541=CARTESIAN_POINT('',(42.418,2.54,35.052));
#542=DIRECTION('',(0.0,0.0,1.0));
#543=DIRECTION('',(1.0,0.0,-0.0));
#544=AXIS2_PLACEMENT_3D('',#541,#542,#543);
#545=CYLINDRICAL_SURFACE('',#544,2.54);
#546=ORIENTED_EDGE('',*,*,#407,.T.);
#547=ORIENTED_EDGE('',*,*,#42,.F.);
#548=ORIENTED_EDGE('',*,*,#109,.F.);
#549=ORIENTED_EDGE('',*,*,#534,.F.);
#550=EDGE_LOOP('',(#546,#547,#548,#549));
#551=FACE_BOUND('',#550,.T.);
#552=ADVANCED_FACE('',(#551),#545,.T.);
#553=CLOSED_SHELL('',(#60,#113,#151,#193,#224,#242,#275,#297,#342,#366,#411,#428,#453,#476,#507,#523,#540,#552));
#554=MANIFOLD_SOLID_BREP('Split1[2]',#553);
#555=COLOUR_RGB('',0.61490196,0.61490196,0.61490196);
#556=FILL_AREA_STYLE_COLOUR('',#555);
#557=FILL_AREA_STYLE('',(#556));
#558=SURFACE_STYLE_FILL_AREA(#557);
#559=SURFACE_SIDE_STYLE('',(#558));
#560=SURFACE_STYLE_USAGE(.BOTH.,#559);
#561=PRESENTATION_STYLE_ASSIGNMENT((#560));
#20=STYLED_ITEM('',(#561),#554);
#563=CARTESIAN_POINT('',(0.0,0.0,23.222));
#564=DIRECTION('',(0.0,0.0,-1.0));
#565=DIRECTION('',(-1.0,0.0,0.0));
#566=AXIS2_PLACEMENT_3D('',#563,#564,#565);
#567=PLANE('',#566);
#568=CARTESIAN_POINT('',(-41.30675,102.4255,23.222));
#569=VERTEX_POINT('',#568);
#570=CARTESIAN_POINT('',(-41.30675,100.838,23.222));
#571=VERTEX_POINT('',#570);
#572=CARTESIAN_POINT('',(-41.30675,102.4255,23.222));
#573=DIRECTION('',(0.0,-1.0,0.0));
#574=VECTOR('',#573,1.5875);
#575=LINE('',#572,#574);
#576=EDGE_CURVE('',#569,#571,#575,.T.);
#577=ORIENTED_EDGE('',*,*,#576,.F.);
#578=CARTESIAN_POINT('',(-33.36925,102.4255,23.222));
#579=VERTEX_POINT('',#578);
#580=CARTESIAN_POINT('',(-41.30675,102.4255,23.222));
#581=DIRECTION('',(1.0,0.0,0.0));
#582=VECTOR('',#581,7.9375);
#583=LINE('',#580,#582);
#584=EDGE_CURVE('',#569,#579,#583,.T.);
#585=ORIENTED_EDGE('',*,*,#584,.T.);
#586=CARTESIAN_POINT('',(-33.36925,100.838,23.222));
#587=VERTEX_POINT('',#586);
#588=CARTESIAN_POINT('',(-33.36925,100.838,23.222));
#589=DIRECTION('',(-0.0,1.0,0.0));
#590=VECTOR('',#589,1.5875);
#591=LINE('',#588,#590);
#592=EDGE_CURVE('',#587,#579,#591,.T.);
#593=ORIENTED_EDGE('',*,*,#592,.F.);
#594=CARTESIAN_POINT('',(-41.30675,100.838,23.222));
#595=DIRECTION('',(1.0,0.0,0.0));
#596=VECTOR('',#595,7.9375);
#597=LINE('',#594,#596);
#598=EDGE_CURVE('',#571,#587,#597,.T.);
#599=ORIENTED_EDGE('',*,*,#598,.F.);
#600=EDGE_LOOP('',(#577,#585,#593,#599));
#601=FACE_BOUND('',#600,.T.);
#602=ADVANCED_FACE('',(#601),#567,.T.);
#603=CARTESIAN_POINT('',(-41.30675,103.161557,25.893467));
#604=DIRECTION('',(1.0,0.0,0.0));
#605=DIRECTION('',(0.0,-0.965925826,-0.258819045));
#606=AXIS2_PLACEMENT_3D('',#603,#604,#605);
#607=PLANE('',#606);
#608=CARTESIAN_POINT('',(-41.30675,103.682911,20.8567826));
#609=VERTEX_POINT('',#608);
#610=CARTESIAN_POINT('',(-41.30675,103.210567,22.6195973));
#611=VERTEX_POINT('',#610);
#612=CARTESIAN_POINT('',(-41.30675,103.682911,20.8567826));
#613=DIRECTION('',(0.0,-0.258819045,0.965925826));
#614=VECTOR('',#613,1.825);
#615=LINE('',#612,#614);
#616=EDGE_CURVE('',#609,#611,#615,.T.);
#617=ORIENTED_EDGE('',*,*,#616,.T.);
#618=CARTESIAN_POINT('',(-41.30675,102.4255,22.4092393));
#619=DIRECTION('',(1.0,0.0,-0.0));
#620=DIRECTION('',(0.0,0.965925826,0.258819045));
#621=AXIS2_PLACEMENT_3D('',#618,#619,#620);
#622=CIRCLE('',#621,0.812760666);
#623=EDGE_CURVE('',#611,#569,#622,.T.);
#624=ORIENTED_EDGE('',*,*,#623,.T.);
#625=ORIENTED_EDGE('',*,*,#576,.T.);
#626=CARTESIAN_POINT('',(-41.30675,100.838,24.022));
#627=VERTEX_POINT('',#626);
#628=CARTESIAN_POINT('',(-41.30675,100.838,24.022));
#629=DIRECTION('',(0.0,0.0,-1.0));
#630=VECTOR('',#629,0.8);
#631=LINE('',#628,#630);
#632=EDGE_CURVE('',#627,#571,#631,.T.);
#633=ORIENTED_EDGE('',*,*,#632,.F.);
#634=CARTESIAN_POINT('',(-41.30675,102.4255,24.022));
#635=VERTEX_POINT('',#634);
#636=CARTESIAN_POINT('',(-41.30675,102.4255,24.022));
#637=DIRECTION('',(0.0,-1.0,0.0));
#638=VECTOR('',#637,1.5875);
#639=LINE('',#636,#638);
#640=EDGE_CURVE('',#635,#627,#639,.T.);
#641=ORIENTED_EDGE('',*,*,#640,.F.);
#642=CARTESIAN_POINT('',(-41.30675,103.983307,22.8266525));
#643=VERTEX_POINT('',#642);
#644=CARTESIAN_POINT('',(-41.30675,102.4255,22.4092393));
#645=DIRECTION('',(1.0,0.0,-0.0));
#646=DIRECTION('',(0.0,0.965925826,0.258819045));
#647=AXIS2_PLACEMENT_3D('',#644,#645,#646);
#648=CIRCLE('',#647,1.61276067);
#649=EDGE_CURVE('',#643,#635,#648,.T.);
#650=ORIENTED_EDGE('',*,*,#649,.F.);
#651=CARTESIAN_POINT('',(-41.30675,104.455652,21.0638379));
#652=VERTEX_POINT('',#651);
#653=CARTESIAN_POINT('',(-41.30675,104.455652,21.0638379));
#654=DIRECTION('',(0.0,-0.258819045,0.965925826));
#655=VECTOR('',#654,1.825);
#656=LINE('',#653,#655);
#657=EDGE_CURVE('',#652,#643,#656,.T.);
#658=ORIENTED_EDGE('',*,*,#657,.F.);
#659=CARTESIAN_POINT('',(-41.30675,104.455652,21.0638379));
#660=DIRECTION('',(0.0,-0.965925826,-0.258819045));
#661=VECTOR('',#660,0.8);
#662=LINE('',#659,#661);
#663=EDGE_CURVE('',#652,#609,#662,.T.);
#664=ORIENTED_EDGE('',*,*,#663,.T.);
#665=EDGE_LOOP('',(#617,#624,#625,#633,#641,#650,#658,#664));
#666=FACE_BOUND('',#665,.T.);
#667=ADVANCED_FACE('',(#666),#607,.F.);
#668=CARTESIAN_POINT('',(-33.36925,103.161557,25.893467));
#669=DIRECTION('',(-1.0,0.0,0.0));
#670=DIRECTION('',(0.0,0.965925826,0.258819045));
#671=AXIS2_PLACEMENT_3D('',#668,#669,#670);
#672=PLANE('',#671);
#673=CARTESIAN_POINT('',(-33.36925,103.983307,22.8266525));
#674=VERTEX_POINT('',#673);
#675=CARTESIAN_POINT('',(-33.36925,104.455652,21.0638379));
#676=VERTEX_POINT('',#675);
#677=CARTESIAN_POINT('',(-33.36925,103.983307,22.8266525));
#678=DIRECTION('',(0.0,0.258819045,-0.965925826));
#679=VECTOR('',#678,1.825);
#680=LINE('',#677,#679);
#681=EDGE_CURVE('',#674,#676,#680,.T.);
#682=ORIENTED_EDGE('',*,*,#681,.F.);
#683=CARTESIAN_POINT('',(-33.36925,102.4255,24.022));
#684=VERTEX_POINT('',#683);
#685=CARTESIAN_POINT('',(-33.36925,102.4255,22.4092393));
#686=DIRECTION('',(-1.0,0.0,0.0));
#687=DIRECTION('',(0.0,0.0,1.0));
#688=AXIS2_PLACEMENT_3D('',#685,#686,#687);
#689=CIRCLE('',#688,1.61276067);
#690=EDGE_CURVE('',#684,#674,#689,.T.);
#691=ORIENTED_EDGE('',*,*,#690,.F.);
#692=CARTESIAN_POINT('',(-33.36925,100.838,24.022));
#693=VERTEX_POINT('',#692);
#694=CARTESIAN_POINT('',(-33.36925,100.838,24.022));
#695=DIRECTION('',(-0.0,1.0,0.0));
#696=VECTOR('',#695,1.5875);
#697=LINE('',#694,#696);
#698=EDGE_CURVE('',#693,#684,#697,.T.);
#699=ORIENTED_EDGE('',*,*,#698,.F.);
#700=CARTESIAN_POINT('',(-33.36925,100.838,24.022));
#701=DIRECTION('',(0.0,0.0,-1.0));
#702=VECTOR('',#701,0.8);
#703=LINE('',#700,#702);
#704=EDGE_CURVE('',#693,#587,#703,.T.);
#705=ORIENTED_EDGE('',*,*,#704,.T.);
#706=ORIENTED_EDGE('',*,*,#592,.T.);
#707=CARTESIAN_POINT('',(-33.36925,103.210567,22.6195973));
#708=VERTEX_POINT('',#707);
#709=CARTESIAN_POINT('',(-33.36925,102.4255,22.4092393));
#710=DIRECTION('',(-1.0,0.0,0.0));
#711=DIRECTION('',(0.0,0.0,1.0));
#712=AXIS2_PLACEMENT_3D('',#709,#710,#711);
#713=CIRCLE('',#712,0.812760666);
#714=EDGE_CURVE('',#579,#708,#713,.T.);
#715=ORIENTED_EDGE('',*,*,#714,.T.);
#716=CARTESIAN_POINT('',(-33.36925,103.682911,20.8567826));
#717=VERTEX_POINT('',#716);
#718=CARTESIAN_POINT('',(-33.36925,103.210567,22.6195973));
#719=DIRECTION('',(0.0,0.258819045,-0.965925826));
#720=VECTOR('',#719,1.825);
#721=LINE('',#718,#720);
#722=EDGE_CURVE('',#708,#717,#721,.T.);
#723=ORIENTED_EDGE('',*,*,#722,.T.);
#724=CARTESIAN_POINT('',(-33.36925,104.455652,21.0638379));
#725=DIRECTION('',(0.0,-0.965925826,-0.258819045));
#726=VECTOR('',#725,0.8);
#727=LINE('',#724,#726);
#728=EDGE_CURVE('',#676,#717,#727,.T.);
#729=ORIENTED_EDGE('',*,*,#728,.F.);
#730=EDGE_LOOP('',(#682,#691,#699,#705,#706,#715,#723,#729));
#731=FACE_BOUND('',#730,.T.);
#732=ADVANCED_FACE('',(#731),#672,.F.);
#733=CARTESIAN_POINT('',(-33.36925,102.4255,22.4092393));
#734=DIRECTION('',(-1.0,0.0,0.0));
#735=DIRECTION('',(0.0,1.0,0.0));
#736=AXIS2_PLACEMENT_3D('',#733,#734,#735);
#737=CYLINDRICAL_SURFACE('',#736,0.812760666);
#738=ORIENTED_EDGE('',*,*,#623,.F.);
#739=CARTESIAN_POINT('',(-41.30675,103.210567,22.6195973));
#740=DIRECTION('',(1.0,0.0,0.0));
#741=VECTOR('',#740,7.9375);
#742=LINE('',#739,#741);
#743=EDGE_CURVE('',#611,#708,#742,.T.);
#744=ORIENTED_EDGE('',*,*,#743,.T.);
#745=ORIENTED_EDGE('',*,*,#714,.F.);
#746=ORIENTED_EDGE('',*,*,#584,.F.);
#747=EDGE_LOOP('',(#738,#744,#745,#746));
#748=FACE_BOUND('',#747,.T.);
#749=ADVANCED_FACE('',(#748),#737,.F.);
#750=CARTESIAN_POINT('',(0.0,77.0627618,123.295495));
#751=DIRECTION('',(-0.0,-0.965925826,-0.258819045));
#752=DIRECTION('',(-1.0,0.0,0.0));
#753=AXIS2_PLACEMENT_3D('',#750,#751,#752);
#754=PLANE('',#753);
#755=CARTESIAN_POINT('',(-36.588,104.895644,19.421764));
#756=VERTEX_POINT('',#755);
#757=CARTESIAN_POINT('',(-36.588,105.672101,16.5239865));
#758=VERTEX_POINT('',#757);
#759=CARTESIAN_POINT('',(-36.588,104.895644,19.421764));
#760=DIRECTION('',(0.0,0.258819045,-0.965925826));
#761=VECTOR('',#760,3.0);
#762=LINE('',#759,#761);
#763=EDGE_CURVE('',#756,#758,#762,.T.);
#764=ORIENTED_EDGE('',*,*,#763,.F.);
#765=CARTESIAN_POINT('',(-38.088,104.895644,19.421764));
#766=VERTEX_POINT('',#765);
#767=CARTESIAN_POINT('',(-38.088,104.895644,19.421764));
#768=DIRECTION('',(1.0,9.57822877E-015,-3.57464364E-014));
#769=VECTOR('',#768,1.5);
#770=LINE('',#767,#769);
#771=EDGE_CURVE('',#766,#756,#770,.T.);
#772=ORIENTED_EDGE('',*,*,#771,.F.);
#773=CARTESIAN_POINT('',(-38.088,105.672101,16.5239865));
#774=VERTEX_POINT('',#773);
#775=CARTESIAN_POINT('',(-38.088,105.672101,16.5239865));
#776=DIRECTION('',(0.0,-0.258819045,0.965925826));
#777=VECTOR('',#776,3.0);
#778=LINE('',#775,#777);
#779=EDGE_CURVE('',#774,#766,#778,.T.);
#780=ORIENTED_EDGE('',*,*,#779,.F.);
#781=CARTESIAN_POINT('',(-36.588,105.672101,16.5239865));
#782=DIRECTION('',(-1.0,-9.57822877E-015,3.57464364E-014));
#783=VECTOR('',#782,1.5);
#784=LINE('',#781,#783);
#785=EDGE_CURVE('',#758,#774,#784,.T.);
#786=ORIENTED_EDGE('',*,*,#785,.F.);
#787=EDGE_LOOP('',(#764,#772,#780,#786));
#788=FACE_BOUND('',#787,.T.);
#789=ORIENTED_EDGE('',*,*,#657,.T.);
#790=CARTESIAN_POINT('',(-41.30675,103.983307,22.8266525));
#791=DIRECTION('',(1.0,0.0,0.0));
#792=VECTOR('',#791,7.9375);
#793=LINE('',#790,#792);
#794=EDGE_CURVE('',#643,#674,#793,.T.);
#795=ORIENTED_EDGE('',*,*,#794,.T.);
#796=ORIENTED_EDGE('',*,*,#681,.T.);
#797=CARTESIAN_POINT('',(-34.963,104.455652,21.0638379));
#798=VERTEX_POINT('',#797);
#799=CARTESIAN_POINT('',(-33.36925,104.455652,21.0638379));
#800=DIRECTION('',(-1.0,0.0,0.0));
#801=VECTOR('',#800,1.59375);
#802=LINE('',#799,#801);
#803=EDGE_CURVE('',#676,#798,#802,.T.);
#804=ORIENTED_EDGE('',*,*,#803,.T.);
#805=CARTESIAN_POINT('',(-34.963,106.073271,15.0268015));
#806=VERTEX_POINT('',#805);
#807=CARTESIAN_POINT('',(-34.963,104.455652,21.0638379));
#808=DIRECTION('',(0.0,0.258819045,-0.965925826));
#809=VECTOR('',#808,6.25);
#810=LINE('',#807,#809);
#811=EDGE_CURVE('',#798,#806,#810,.T.);
#812=ORIENTED_EDGE('',*,*,#811,.T.);
#813=CARTESIAN_POINT('',(-35.963,106.33209,14.0608756));
#814=VERTEX_POINT('',#813);
#815=CARTESIAN_POINT('',(-34.963,106.073271,15.0268015));
#816=DIRECTION('',(-0.707106781,0.183012702,-0.683012702));
#817=VECTOR('',#816,1.41421356);
#818=LINE('',#815,#817);
#819=EDGE_CURVE('',#806,#814,#818,.T.);
#820=ORIENTED_EDGE('',*,*,#819,.T.);
#821=CARTESIAN_POINT('',(-38.713,106.33209,14.0608756));
#822=VERTEX_POINT('',#821);
#823=CARTESIAN_POINT('',(-35.963,106.33209,14.0608756));
#824=DIRECTION('',(-1.0,0.0,0.0));
#825=VECTOR('',#824,2.75);
#826=LINE('',#823,#825);
#827=EDGE_CURVE('',#814,#822,#826,.T.);
#828=ORIENTED_EDGE('',*,*,#827,.T.);
#829=CARTESIAN_POINT('',(-39.713,106.073271,15.0268015));
#830=VERTEX_POINT('',#829);
#831=CARTESIAN_POINT('',(-38.713,106.33209,14.0608756));
#832=DIRECTION('',(-0.707106781,-0.183012702,0.683012702));
#833=VECTOR('',#832,1.41421356);
#834=LINE('',#831,#833);
#835=EDGE_CURVE('',#822,#830,#834,.T.);
#836=ORIENTED_EDGE('',*,*,#835,.T.);
#837=CARTESIAN_POINT('',(-39.713,104.455652,21.0638379));
#838=VERTEX_POINT('',#837);
#839=CARTESIAN_POINT('',(-39.713,106.073271,15.0268015));
#840=DIRECTION('',(0.0,-0.258819045,0.965925826));
#841=VECTOR('',#840,6.25);
#842=LINE('',#839,#841);
#843=EDGE_CURVE('',#830,#838,#842,.T.);
#844=ORIENTED_EDGE('',*,*,#843,.T.);
#845=CARTESIAN_POINT('',(-39.713,104.455652,21.0638379));
#846=DIRECTION('',(-1.0,0.0,0.0));
#847=VECTOR('',#846,1.59375);
#848=LINE('',#845,#847);
#849=EDGE_CURVE('',#838,#652,#848,.T.);
#850=ORIENTED_EDGE('',*,*,#849,.T.);
#851=EDGE_LOOP('',(#789,#795,#796,#804,#812,#820,#828,#836,#844,#850));
#852=FACE_BOUND('',#851,.T.);
#853=ADVANCED_FACE('',(#788,#852),#754,.F.);
#854=CARTESIAN_POINT('',(-41.30675,104.455652,21.0638379));
#855=DIRECTION('',(0.0,-0.258819045,0.965925826));
#856=DIRECTION('',(0.0,-0.965925826,-0.258819045));
#857=AXIS2_PLACEMENT_3D('',#854,#855,#856);
#858=PLANE('',#857);
#859=CARTESIAN_POINT('',(-39.713,103.682911,20.8567826));
#860=VERTEX_POINT('',#859);
#861=CARTESIAN_POINT('',(-39.713,103.682911,20.8567826));
#862=DIRECTION('',(-1.0,0.0,0.0));
#863=VECTOR('',#862,1.59375);
#864=LINE('',#861,#863);
#865=EDGE_CURVE('',#860,#609,#864,.T.);
#866=ORIENTED_EDGE('',*,*,#865,.T.);
#867=ORIENTED_EDGE('',*,*,#663,.F.);
#868=ORIENTED_EDGE('',*,*,#849,.F.);
#869=CARTESIAN_POINT('',(-39.713,104.455652,21.0638379));
#870=DIRECTION('',(0.0,-0.965925826,-0.258819045));
#871=VECTOR('',#870,0.8);
#872=LINE('',#869,#871);
#873=EDGE_CURVE('',#838,#860,#872,.T.);
#874=ORIENTED_EDGE('',*,*,#873,.T.);
#875=EDGE_LOOP('',(#866,#867,#868,#874));
#876=FACE_BOUND('',#875,.T.);
#877=ADVANCED_FACE('',(#876),#858,.F.);
#878=CARTESIAN_POINT('',(0.0,0.0,24.022));
#879=DIRECTION('',(0.0,0.0,-1.0));
#880=DIRECTION('',(-1.0,0.0,0.0));
#881=AXIS2_PLACEMENT_3D('',#878,#879,#880);
#882=PLANE('',#881);
#883=CARTESIAN_POINT('',(-41.30675,102.4255,24.022));
#884=DIRECTION('',(1.0,0.0,0.0));
#885=VECTOR('',#884,7.9375);
#886=LINE('',#883,#885);
#887=EDGE_CURVE('',#635,#684,#886,.T.);
#888=ORIENTED_EDGE('',*,*,#887,.F.);
#889=ORIENTED_EDGE('',*,*,#640,.T.);
#890=CARTESIAN_POINT('',(-41.30675,100.838,24.022));
#891=DIRECTION('',(1.0,0.0,0.0));
#892=VECTOR('',#891,7.9375);
#893=LINE('',#890,#892);
#894=EDGE_CURVE('',#627,#693,#893,.T.);
#895=ORIENTED_EDGE('',*,*,#894,.T.);
#896=ORIENTED_EDGE('',*,*,#698,.T.);
#897=EDGE_LOOP('',(#888,#889,#895,#896));
#898=FACE_BOUND('',#897,.T.);
#899=ADVANCED_FACE('',(#898),#882,.F.);
#900=CARTESIAN_POINT('',(-38.088,105.672101,16.5239865));
#901=DIRECTION('',(3.7006073E-014,-0.258819045,0.965925826));
#902=DIRECTION('',(1.0,9.57567359E-015,-3.57457119E-014));
#903=AXIS2_PLACEMENT_3D('',#900,#901,#902);
#904=PLANE('',#903);
#905=CARTESIAN_POINT('',(-36.588,104.899361,16.3169313));
#906=VERTEX_POINT('',#905);
#907=CARTESIAN_POINT('',(-38.088,104.899361,16.3169313));
#908=VERTEX_POINT('',#907);
#909=CARTESIAN_POINT('',(-36.588,104.899361,16.3169313));
#910=DIRECTION('',(-1.0,-9.57822877E-015,3.57464364E-014));
#911=VECTOR('',#910,1.5);
#912=LINE('',#909,#911);
#913=EDGE_CURVE('',#906,#908,#912,.T.);
#914=ORIENTED_EDGE('',*,*,#913,.F.);
#915=CARTESIAN_POINT('',(-36.588,105.672101,16.5239865));
#916=DIRECTION('',(0.0,-0.965925826,-0.258819045));
#917=VECTOR('',#916,0.8);
#918=LINE('',#915,#917);
#919=EDGE_CURVE('',#758,#906,#918,.T.);
#920=ORIENTED_EDGE('',*,*,#919,.F.);
#921=ORIENTED_EDGE('',*,*,#785,.T.);
#922=CARTESIAN_POINT('',(-38.088,105.672101,16.5239865));
#923=DIRECTION('',(0.0,-0.965925826,-0.258819045));
#924=VECTOR('',#923,0.8);
#925=LINE('',#922,#924);
#926=EDGE_CURVE('',#774,#908,#925,.T.);
#927=ORIENTED_EDGE('',*,*,#926,.T.);
#928=EDGE_LOOP('',(#914,#920,#921,#927));
#929=FACE_BOUND('',#928,.T.);
#930=ADVANCED_FACE('',(#929),#904,.T.);
#931=CARTESIAN_POINT('',(-38.713,106.33209,14.0608756));
#932=DIRECTION('',(0.0,-0.258819045,0.965925826));
#933=DIRECTION('',(0.0,-0.965925826,-0.258819045));
#934=AXIS2_PLACEMENT_3D('',#931,#932,#933);
#935=PLANE('',#934);
#936=CARTESIAN_POINT('',(-35.963,105.559349,13.8538204));
#937=VERTEX_POINT('',#936);
#938=CARTESIAN_POINT('',(-38.713,105.559349,13.8538204));
#939=VERTEX_POINT('',#938);
#940=CARTESIAN_POINT('',(-35.963,105.559349,13.8538204));
#941=DIRECTION('',(-1.0,0.0,0.0));
#942=VECTOR('',#941,2.75);
#943=LINE('',#940,#942);
#944=EDGE_CURVE('',#937,#939,#943,.T.);
#945=ORIENTED_EDGE('',*,*,#944,.T.);
#946=CARTESIAN_POINT('',(-38.713,106.33209,14.0608756));
#947=DIRECTION('',(0.0,-0.965925826,-0.258819045));
#948=VECTOR('',#947,0.8);
#949=LINE('',#946,#948);
#950=EDGE_CURVE('',#822,#939,#949,.T.);
#951=ORIENTED_EDGE('',*,*,#950,.F.);
#952=ORIENTED_EDGE('',*,*,#827,.F.);
#953=CARTESIAN_POINT('',(-35.963,106.33209,14.0608756));
#954=DIRECTION('',(0.0,-0.965925826,-0.258819045));
#955=VECTOR('',#954,0.8);
#956=LINE('',#953,#955);
#957=EDGE_CURVE('',#814,#937,#956,.T.);
#958=ORIENTED_EDGE('',*,*,#957,.T.);
#959=EDGE_LOOP('',(#945,#951,#952,#958));
#960=FACE_BOUND('',#959,.T.);
#961=ADVANCED_FACE('',(#960),#935,.F.);
#962=CARTESIAN_POINT('',(-35.963,106.33209,14.0608756));
#963=DIRECTION('',(-0.707106781,-0.183012702,0.683012702));
#964=DIRECTION('',(0.707106781,-0.183012702,0.683012702));
#965=AXIS2_PLACEMENT_3D('',#962,#963,#964);
#966=PLANE('',#965);
#967=CARTESIAN_POINT('',(-34.963,105.30053,14.8197462));
#968=VERTEX_POINT('',#967);
#969=CARTESIAN_POINT('',(-34.963,105.30053,14.8197462));
#970=DIRECTION('',(-0.707106781,0.183012702,-0.683012702));
#971=VECTOR('',#970,1.41421356);
#972=LINE('',#969,#971);
#973=EDGE_CURVE('',#968,#937,#972,.T.);
#974=ORIENTED_EDGE('',*,*,#973,.T.);
#975=ORIENTED_EDGE('',*,*,#957,.F.);
#976=ORIENTED_EDGE('',*,*,#819,.F.);
#977=CARTESIAN_POINT('',(-34.963,106.073271,15.0268015));
#978=DIRECTION('',(0.0,-0.965925826,-0.258819045));
#979=VECTOR('',#978,0.8);
#980=LINE('',#977,#979);
#981=EDGE_CURVE('',#806,#968,#980,.T.);
#982=ORIENTED_EDGE('',*,*,#981,.T.);
#983=EDGE_LOOP('',(#974,#975,#976,#982));
#984=FACE_BOUND('',#983,.T.);
#985=ADVANCED_FACE('',(#984),#966,.F.);
#986=CARTESIAN_POINT('',(-38.088,104.895644,19.421764));
#987=DIRECTION('',(1.0,0.0,0.0));
#988=DIRECTION('',(0.0,-0.965925826,-0.258819045));
#989=AXIS2_PLACEMENT_3D('',#986,#987,#988);
#990=PLANE('',#989);
#991=CARTESIAN_POINT('',(-38.088,104.122904,19.2147087));
#992=VERTEX_POINT('',#991);
#993=CARTESIAN_POINT('',(-38.088,104.899361,16.3169313));
#994=DIRECTION('',(0.0,-0.258819045,0.965925826));
#995=VECTOR('',#994,3.0);
#996=LINE('',#993,#995);
#997=EDGE_CURVE('',#908,#992,#996,.T.);
#998=ORIENTED_EDGE('',*,*,#997,.F.);
#999=ORIENTED_EDGE('',*,*,#926,.F.);
#1000=ORIENTED_EDGE('',*,*,#779,.T.);
#1001=CARTESIAN_POINT('',(-38.088,104.895644,19.421764));
#1002=DIRECTION('',(0.0,-0.965925826,-0.258819045));
#1003=VECTOR('',#1002,0.8);
#1004=LINE('',#1001,#1003);
#1005=EDGE_CURVE('',#766,#992,#1004,.T.);
#1006=ORIENTED_EDGE('',*,*,#1005,.T.);
#1007=EDGE_LOOP('',(#998,#999,#1000,#1006));
#1008=FACE_BOUND('',#1007,.T.);
#1009=ADVANCED_FACE('',(#1008),#990,.T.);
#1010=CARTESIAN_POINT('',(-39.713,104.455652,21.0638379));
#1011=DIRECTION('',(1.0,0.0,0.0));
#1012=DIRECTION('',(0.0,-0.965925826,-0.258819045));
#1013=AXIS2_PLACEMENT_3D('',#1010,#1011,#1012);
#1014=PLANE('',#1013);
#1015=CARTESIAN_POINT('',(-39.713,105.30053,14.8197462));
#1016=VERTEX_POINT('',#1015);
#1017=CARTESIAN_POINT('',(-39.713,105.30053,14.8197462));
#1018=DIRECTION('',(0.0,-0.258819045,0.965925826));
#1019=VECTOR('',#1018,6.25);
#1020=LINE('',#1017,#1019);
#1021=EDGE_CURVE('',#1016,#860,#1020,.T.);
#1022=ORIENTED_EDGE('',*,*,#1021,.T.);
#1023=ORIENTED_EDGE('',*,*,#873,.F.);
#1024=ORIENTED_EDGE('',*,*,#843,.F.);
#1025=CARTESIAN_POINT('',(-39.713,106.073271,15.0268015));
#1026=DIRECTION('',(0.0,-0.965925826,-0.258819045));
#1027=VECTOR('',#1026,0.8);
#1028=LINE('',#1025,#1027);
#1029=EDGE_CURVE('',#830,#1016,#1028,.T.);
#1030=ORIENTED_EDGE('',*,*,#1029,.T.);
#1031=EDGE_LOOP('',(#1022,#1023,#1024,#1030));
#1032=FACE_BOUND('',#1031,.T.);
#1033=ADVANCED_FACE('',(#1032),#1014,.F.);
#1034=CARTESIAN_POINT('',(-38.088,104.895644,19.421764));
#1035=DIRECTION('',(-3.7006073E-014,0.258819045,-0.965925826));
#1036=DIRECTION('',(-1.0,-9.57567359E-015,3.57457119E-014));
#1037=AXIS2_PLACEMENT_3D('',#1034,#1035,#1036);
#1038=PLANE('',#1037);
#1039=CARTESIAN_POINT('',(-36.588,104.122904,19.2147087));
#1040=VERTEX_POINT('',#1039);
#1041=CARTESIAN_POINT('',(-38.088,104.122904,19.2147087));
#1042=DIRECTION('',(1.0,9.57822877E-015,-3.57464364E-014));
#1043=VECTOR('',#1042,1.5);
#1044=LINE('',#1041,#1043);
#1045=EDGE_CURVE('',#992,#1040,#1044,.T.);
#1046=ORIENTED_EDGE('',*,*,#1045,.F.);
#1047=ORIENTED_EDGE('',*,*,#1005,.F.);
#1048=ORIENTED_EDGE('',*,*,#771,.T.);
#1049=CARTESIAN_POINT('',(-36.588,104.895644,19.421764));
#1050=DIRECTION('',(0.0,-0.965925826,-0.258819045));
#1051=VECTOR('',#1050,0.8);
#1052=LINE('',#1049,#1051);
#1053=EDGE_CURVE('',#756,#1040,#1052,.T.);
#1054=ORIENTED_EDGE('',*,*,#1053,.T.);
#1055=EDGE_LOOP('',(#1046,#1047,#1048,#1054));
#1056=FACE_BOUND('',#1055,.T.);
#1057=ADVANCED_FACE('',(#1056),#1038,.T.);
#1058=CARTESIAN_POINT('',(-33.36925,102.4255,22.4092393));
#1059=DIRECTION('',(-1.0,0.0,0.0));
#1060=DIRECTION('',(0.0,1.0,0.0));
#1061=AXIS2_PLACEMENT_3D('',#1058,#1059,#1060);
#1062=CYLINDRICAL_SURFACE('',#1061,1.61276067);
#1063=ORIENTED_EDGE('',*,*,#794,.F.);
#1064=ORIENTED_EDGE('',*,*,#649,.T.);
#1065=ORIENTED_EDGE('',*,*,#887,.T.);
#1066=ORIENTED_EDGE('',*,*,#690,.T.);
#1067=EDGE_LOOP('',(#1063,#1064,#1065,#1066));
#1068=FACE_BOUND('',#1067,.T.);
#1069=ADVANCED_FACE('',(#1068),#1062,.T.);
#1070=CARTESIAN_POINT('',(-34.963,104.455652,21.0638379));
#1071=DIRECTION('',(0.0,-0.258819045,0.965925826));
#1072=DIRECTION('',(0.0,-0.965925826,-0.258819045));
#1073=AXIS2_PLACEMENT_3D('',#1070,#1071,#1072);
#1074=PLANE('',#1073);
#1075=CARTESIAN_POINT('',(-34.963,103.682911,20.8567826));
#1076=VERTEX_POINT('',#1075);
#1077=CARTESIAN_POINT('',(-33.36925,103.682911,20.8567826));
#1078=DIRECTION('',(-1.0,0.0,0.0));
#1079=VECTOR('',#1078,1.59375);
#1080=LINE('',#1077,#1079);
#1081=EDGE_CURVE('',#717,#1076,#1080,.T.);
#1082=ORIENTED_EDGE('',*,*,#1081,.T.);
#1083=CARTESIAN_POINT('',(-34.963,104.455652,21.0638379));
#1084=DIRECTION('',(0.0,-0.965925826,-0.258819045));
#1085=VECTOR('',#1084,0.8);
#1086=LINE('',#1083,#1085);
#1087=EDGE_CURVE('',#798,#1076,#1086,.T.);
#1088=ORIENTED_EDGE('',*,*,#1087,.F.);
#1089=ORIENTED_EDGE('',*,*,#803,.F.);
#1090=ORIENTED_EDGE('',*,*,#728,.T.);
#1091=EDGE_LOOP('',(#1082,#1088,#1089,#1090));
#1092=FACE_BOUND('',#1091,.T.);
#1093=ADVANCED_FACE('',(#1092),#1074,.F.);
#1094=CARTESIAN_POINT('',(-39.713,106.073271,15.0268015));
#1095=DIRECTION('',(0.707106781,-0.183012702,0.683012702));
#1096=DIRECTION('',(0.707106781,0.183012702,-0.683012702));
#1097=AXIS2_PLACEMENT_3D('',#1094,#1095,#1096);
#1098=PLANE('',#1097);
#1099=CARTESIAN_POINT('',(-38.713,105.559349,13.8538204));
#1100=DIRECTION('',(-0.707106781,-0.183012702,0.683012702));
#1101=VECTOR('',#1100,1.41421356);
#1102=LINE('',#1099,#1101);
#1103=EDGE_CURVE('',#939,#1016,#1102,.T.);
#1104=ORIENTED_EDGE('',*,*,#1103,.T.);
#1105=ORIENTED_EDGE('',*,*,#1029,.F.);
#1106=ORIENTED_EDGE('',*,*,#835,.F.);
#1107=ORIENTED_EDGE('',*,*,#950,.T.);
#1108=EDGE_LOOP('',(#1104,#1105,#1106,#1107));
#1109=FACE_BOUND('',#1108,.T.);
#1110=ADVANCED_FACE('',(#1109),#1098,.F.);
#1111=CARTESIAN_POINT('',(-36.588,104.895644,19.421764));
#1112=DIRECTION('',(-1.0,0.0,0.0));
#1113=DIRECTION('',(0.0,0.965925826,0.258819045));
#1114=AXIS2_PLACEMENT_3D('',#1111,#1112,#1113);
#1115=PLANE('',#1114);
#1116=CARTESIAN_POINT('',(-36.588,104.122904,19.2147087));
#1117=DIRECTION('',(0.0,0.258819045,-0.965925826));
#1118=VECTOR('',#1117,3.0);
#1119=LINE('',#1116,#1118);
#1120=EDGE_CURVE('',#1040,#906,#1119,.T.);
#1121=ORIENTED_EDGE('',*,*,#1120,.F.);
#1122=ORIENTED_EDGE('',*,*,#1053,.F.);
#1123=ORIENTED_EDGE('',*,*,#763,.T.);
#1124=ORIENTED_EDGE('',*,*,#919,.T.);
#1125=EDGE_LOOP('',(#1121,#1122,#1123,#1124));
#1126=FACE_BOUND('',#1125,.T.);
#1127=ADVANCED_FACE('',(#1126),#1115,.T.);
#1128=CARTESIAN_POINT('',(-41.30675,100.838,24.022));
#1129=DIRECTION('',(0.0,1.0,0.0));
#1130=DIRECTION('',(0.0,-0.0,1.0));
#1131=AXIS2_PLACEMENT_3D('',#1128,#1129,#1130);
#1132=PLANE('',#1131);
#1133=ORIENTED_EDGE('',*,*,#598,.T.);
#1134=ORIENTED_EDGE('',*,*,#704,.F.);
#1135=ORIENTED_EDGE('',*,*,#894,.F.);
#1136=ORIENTED_EDGE('',*,*,#632,.T.);
#1137=EDGE_LOOP('',(#1133,#1134,#1135,#1136));
#1138=FACE_BOUND('',#1137,.T.);
#1139=ADVANCED_FACE('',(#1138),#1132,.F.);
#1140=CARTESIAN_POINT('',(-34.963,104.455652,21.0638379));
#1141=DIRECTION('',(-1.0,0.0,0.0));
#1142=DIRECTION('',(0.0,0.965925826,0.258819045));
#1143=AXIS2_PLACEMENT_3D('',#1140,#1141,#1142);
#1144=PLANE('',#1143);
#1145=CARTESIAN_POINT('',(-34.963,103.682911,20.8567826));
#1146=DIRECTION('',(0.0,0.258819045,-0.965925826));
#1147=VECTOR('',#1146,6.25);
#1148=LINE('',#1145,#1147);
#1149=EDGE_CURVE('',#1076,#968,#1148,.T.);
#1150=ORIENTED_EDGE('',*,*,#1149,.T.);
#1151=ORIENTED_EDGE('',*,*,#981,.F.);
#1152=ORIENTED_EDGE('',*,*,#811,.F.);
#1153=ORIENTED_EDGE('',*,*,#1087,.T.);
#1154=EDGE_LOOP('',(#1150,#1151,#1152,#1153));
#1155=FACE_BOUND('',#1154,.T.);
#1156=ADVANCED_FACE('',(#1155),#1144,.F.);
#1157=CARTESIAN_POINT('',(0.0,76.2900212,123.08844));
#1158=DIRECTION('',(-0.0,-0.965925826,-0.258819045));
#1159=DIRECTION('',(-1.0,0.0,0.0));
#1160=AXIS2_PLACEMENT_3D('',#1157,#1158,#1159);
#1161=PLANE('',#1160);
#1162=ORIENTED_EDGE('',*,*,#743,.F.);
#1163=ORIENTED_EDGE('',*,*,#616,.F.);
#1164=ORIENTED_EDGE('',*,*,#865,.F.);
#1165=ORIENTED_EDGE('',*,*,#1021,.F.);
#1166=ORIENTED_EDGE('',*,*,#1103,.F.);
#1167=ORIENTED_EDGE('',*,*,#944,.F.);
#1168=ORIENTED_EDGE('',*,*,#973,.F.);
#1169=ORIENTED_EDGE('',*,*,#1149,.F.);
#1170=ORIENTED_EDGE('',*,*,#1081,.F.);
#1171=ORIENTED_EDGE('',*,*,#722,.F.);
#1172=EDGE_LOOP('',(#1162,#1163,#1164,#1165,#1166,#1167,#1168,#1169,#1170,#1171));
#1173=FACE_BOUND('',#1172,.T.);
#1174=ORIENTED_EDGE('',*,*,#1045,.T.);
#1175=ORIENTED_EDGE('',*,*,#1120,.T.);
#1176=ORIENTED_EDGE('',*,*,#913,.T.);
#1177=ORIENTED_EDGE('',*,*,#997,.T.);
#1178=EDGE_LOOP('',(#1174,#1175,#1176,#1177));
#1179=FACE_BOUND('',#1178,.T.);
#1180=ADVANCED_FACE('',(#1173,#1179),#1161,.T.);
#1181=CLOSED_SHELL('',(#602,#667,#732,#749,#853,#877,#899,#930,#961,#985,#1009,#1033,#1057,#1069,#1093,#1110,#1127,#1139,#1156,#1180));
#1182=MANIFOLD_SOLID_BREP('Mirror1[2]',#1181);
#1183=COLOUR_RGB('',0.690196097,0.611764729,0.529411793);
#1184=FILL_AREA_STYLE_COLOUR('',#1183);
#1185=FILL_AREA_STYLE('',(#1184));
#1186=SURFACE_STYLE_FILL_AREA(#1185);
#1187=SURFACE_SIDE_STYLE('',(#1186));
#1188=SURFACE_STYLE_USAGE(.BOTH.,#1187);
#1189=PRESENTATION_STYLE_ASSIGNMENT((#1188));
#562=STYLED_ITEM('',(#1189),#1182);
#1191=CARTESIAN_POINT('',(43.688,100.838,33.782));
#1192=DIRECTION('',(0.0,0.0,1.0));
#1193=DIRECTION('',(-1.0,0.0,0.0));
#1194=AXIS2_PLACEMENT_3D('',#1191,#1192,#1193);
#1195=PLANE('',#1194);
#1196=CARTESIAN_POINT('',(43.688,101.092,33.782));
#1197=VERTEX_POINT('',#1196);
#1198=CARTESIAN_POINT('',(30.988,101.092,33.782));
#1199=VERTEX_POINT('',#1198);
#1200=CARTESIAN_POINT('',(43.688,101.092,33.782));
#1201=DIRECTION('',(-1.0,0.0,0.0));
#1202=VECTOR('',#1201,12.7);
#1203=LINE('',#1200,#1202);
#1204=EDGE_CURVE('',#1197,#1199,#1203,.T.);
#1205=ORIENTED_EDGE('',*,*,#1204,.F.);
#1206=CARTESIAN_POINT('',(43.688,100.838,33.782));
#1207=VERTEX_POINT('',#1206);
#1208=CARTESIAN_POINT('',(43.688,100.838,33.782));
#1209=DIRECTION('',(-0.0,1.0,0.0));
#1210=VECTOR('',#1209,0.254);
#1211=LINE('',#1208,#1210);
#1212=EDGE_CURVE('',#1207,#1197,#1211,.T.);
#1213=ORIENTED_EDGE('',*,*,#1212,.F.);
#1214=CARTESIAN_POINT('',(30.988,100.838,33.782));
#1215=VERTEX_POINT('',#1214);
#1216=CARTESIAN_POINT('',(43.688,100.838,33.782));
#1217=DIRECTION('',(-1.0,0.0,0.0));
#1218=VECTOR('',#1217,12.7);
#1219=LINE('',#1216,#1218);
#1220=EDGE_CURVE('',#1207,#1215,#1219,.T.);
#1221=ORIENTED_EDGE('',*,*,#1220,.T.);
#1222=CARTESIAN_POINT('',(30.988,100.838,33.782));
#1223=DIRECTION('',(-0.0,1.0,0.0));
#1224=VECTOR('',#1223,0.254);
#1225=LINE('',#1222,#1224);
#1226=EDGE_CURVE('',#1215,#1199,#1225,.T.);
#1227=ORIENTED_EDGE('',*,*,#1226,.T.);
#1228=EDGE_LOOP('',(#1205,#1213,#1221,#1227));
#1229=FACE_BOUND('',#1228,.T.);
#1230=ADVANCED_FACE('',(#1229),#1195,.F.);
#1231=CARTESIAN_POINT('',(43.688,99.822,-33.782));
#1232=DIRECTION('',(0.0,0.0,1.0));
#1233=DIRECTION('',(1.0,0.0,-0.0));
#1234=AXIS2_PLACEMENT_3D('',#1231,#1232,#1233);
#1235=SPHERICAL_SURFACE('',#1234,1.27);
#1236=CARTESIAN_POINT('',(43.688,101.092,-33.782));
#1237=VERTEX_POINT('',#1236);
#1238=CARTESIAN_POINT('',(44.958,99.822,-33.782));
#1239=VERTEX_POINT('',#1238);
#1240=CARTESIAN_POINT('',(43.688,99.822,-33.782));
#1241=DIRECTION('',(0.0,0.0,-1.0));
#1242=DIRECTION('',(0.0,1.0,0.0));
#1243=AXIS2_PLACEMENT_3D('',#1240,#1241,#1242);
#1244=CIRCLE('',#1243,1.27);
#1245=EDGE_CURVE('',#1237,#1239,#1244,.T.);
#1246=ORIENTED_EDGE('',*,*,#1245,.T.);
#1247=CARTESIAN_POINT('',(43.688,99.822,-35.052));
#1248=VERTEX_POINT('',#1247);
#1249=CARTESIAN_POINT('',(43.688,99.822,-33.782));
#1250=DIRECTION('',(-0.0,1.0,0.0));
#1251=DIRECTION('',(1.0,0.0,0.0));
#1252=AXIS2_PLACEMENT_3D('',#1249,#1250,#1251);
#1253=CIRCLE('',#1252,1.27);
#1254=EDGE_CURVE('',#1239,#1248,#1253,.T.);
#1255=ORIENTED_EDGE('',*,*,#1254,.T.);
#1256=CARTESIAN_POINT('',(43.688,99.822,-33.782));
#1257=DIRECTION('',(-1.0,5.46369599E-015,0.0));
#1258=DIRECTION('',(5.46369599E-015,1.0,0.0));
#1259=AXIS2_PLACEMENT_3D('',#1256,#1257,#1258);
#1260=CIRCLE('',#1259,1.27);
#1261=EDGE_CURVE('',#1237,#1248,#1260,.T.);
#1262=ORIENTED_EDGE('',*,*,#1261,.F.);
#1263=EDGE_LOOP('',(#1246,#1255,#1262));
#1264=FACE_BOUND('',#1263,.T.);
#1265=ADVANCED_FACE('',(#1264),#1235,.T.);
#1266=CARTESIAN_POINT('',(-43.688,99.822,33.782));
#1267=DIRECTION('',(0.0,0.0,1.0));
#1268=DIRECTION('',(1.0,0.0,-0.0));
#1269=AXIS2_PLACEMENT_3D('',#1266,#1267,#1268);
#1270=SPHERICAL_SURFACE('',#1269,1.27);
#1271=CARTESIAN_POINT('',(-44.958,99.822,33.782));
#1272=VERTEX_POINT('',#1271);
#1273=CARTESIAN_POINT('',(-43.688,101.092,33.782));
#1274=VERTEX_POINT('',#1273);
#1275=CARTESIAN_POINT('',(-43.688,99.822,33.782));
#1276=DIRECTION('',(0.0,0.0,-1.0));
#1277=DIRECTION('',(-1.0,0.0,0.0));
#1278=AXIS2_PLACEMENT_3D('',#1275,#1276,#1277);
#1279=CIRCLE('',#1278,1.27);
#1280=EDGE_CURVE('',#1272,#1274,#1279,.T.);
#1281=ORIENTED_EDGE('',*,*,#1280,.F.);
#1282=CARTESIAN_POINT('',(-43.688,99.822,35.052));
#1283=VERTEX_POINT('',#1282);
#1284=CARTESIAN_POINT('',(-43.688,99.822,33.782));
#1285=DIRECTION('',(0.0,1.0,0.0));
#1286=DIRECTION('',(-1.0,0.0,0.0));
#1287=AXIS2_PLACEMENT_3D('',#1284,#1285,#1286);
#1288=CIRCLE('',#1287,1.27);
#1289=EDGE_CURVE('',#1272,#1283,#1288,.T.);
#1290=ORIENTED_EDGE('',*,*,#1289,.T.);
#1291=CARTESIAN_POINT('',(-43.688,99.822,33.782));
#1292=DIRECTION('',(-1.0,0.0,0.0));
#1293=DIRECTION('',(0.0,0.0,1.0));
#1294=AXIS2_PLACEMENT_3D('',#1291,#1292,#1293);
#1295=CIRCLE('',#1294,1.27);
#1296=EDGE_CURVE('',#1283,#1274,#1295,.T.);
#1297=ORIENTED_EDGE('',*,*,#1296,.T.);
#1298=EDGE_LOOP('',(#1281,#1290,#1297));
#1299=FACE_BOUND('',#1298,.T.);
#1300=ADVANCED_FACE('',(#1299),#1270,.T.);
#1301=CARTESIAN_POINT('',(-30.988,100.838,33.782));
#1302=DIRECTION('',(1.0,0.0,0.0));
#1303=DIRECTION('',(0.0,0.0,-1.0));
#1304=AXIS2_PLACEMENT_3D('',#1301,#1302,#1303);
#1305=PLANE('',#1304);
#1306=CARTESIAN_POINT('',(-30.988,101.092,33.782));
#1307=VERTEX_POINT('',#1306);
#1308=CARTESIAN_POINT('',(-30.988,101.092,21.082));
#1309=VERTEX_POINT('',#1308);
#1310=CARTESIAN_POINT('',(-30.988,101.092,33.782));
#1311=DIRECTION('',(0.0,0.0,-1.0));
#1312=VECTOR('',#1311,12.7);
#1313=LINE('',#1310,#1312);
#1314=EDGE_CURVE('',#1307,#1309,#1313,.T.);
#1315=ORIENTED_EDGE('',*,*,#1314,.T.);
#1316=CARTESIAN_POINT('',(-30.988,100.838,21.082));
#1317=VERTEX_POINT('',#1316);
#1318=CARTESIAN_POINT('',(-30.988,100.838,21.082));
#1319=DIRECTION('',(-0.0,1.0,0.0));
#1320=VECTOR('',#1319,0.254);
#1321=LINE('',#1318,#1320);
#1322=EDGE_CURVE('',#1317,#1309,#1321,.T.);
#1323=ORIENTED_EDGE('',*,*,#1322,.F.);
#1324=CARTESIAN_POINT('',(-30.988,100.838,33.782));
#1325=VERTEX_POINT('',#1324);
#1326=CARTESIAN_POINT('',(-30.988,100.838,33.782));
#1327=DIRECTION('',(0.0,0.0,-1.0));
#1328=VECTOR('',#1327,12.7);
#1329=LINE('',#1326,#1328);
#1330=EDGE_CURVE('',#1325,#1317,#1329,.T.);
#1331=ORIENTED_EDGE('',*,*,#1330,.F.);
#1332=CARTESIAN_POINT('',(-30.988,100.838,33.782));
#1333=DIRECTION('',(-0.0,1.0,0.0));
#1334=VECTOR('',#1333,0.254);
#1335=LINE('',#1332,#1334);
#1336=EDGE_CURVE('',#1325,#1307,#1335,.T.);
#1337=ORIENTED_EDGE('',*,*,#1336,.T.);
#1338=EDGE_LOOP('',(#1315,#1323,#1331,#1337));
#1339=FACE_BOUND('',#1338,.T.);
#1340=ADVANCED_FACE('',(#1339),#1305,.F.);
#1341=CARTESIAN_POINT('',(30.988,100.838,33.782));
#1342=DIRECTION('',(-1.0,0.0,0.0));
#1343=DIRECTION('',(0.0,0.0,-1.0));
#1344=AXIS2_PLACEMENT_3D('',#1341,#1342,#1343);
#1345=PLANE('',#1344);
#1346=CARTESIAN_POINT('',(30.988,101.092,21.082));
#1347=VERTEX_POINT('',#1346);
#1348=CARTESIAN_POINT('',(30.988,101.092,33.782));
#1349=DIRECTION('',(0.0,0.0,-1.0));
#1350=VECTOR('',#1349,12.7);
#1351=LINE('',#1348,#1350);
#1352=EDGE_CURVE('',#1199,#1347,#1351,.T.);
#1353=ORIENTED_EDGE('',*,*,#1352,.F.);
#1354=ORIENTED_EDGE('',*,*,#1226,.F.);
#1355=CARTESIAN_POINT('',(30.988,100.838,21.082));
#1356=VERTEX_POINT('',#1355);
#1357=CARTESIAN_POINT('',(30.988,100.838,33.782));
#1358=DIRECTION('',(0.0,0.0,-1.0));
#1359=VECTOR('',#1358,12.7);
#1360=LINE('',#1357,#1359);
#1361=EDGE_CURVE('',#1215,#1356,#1360,.T.);
#1362=ORIENTED_EDGE('',*,*,#1361,.T.);
#1363=CARTESIAN_POINT('',(30.988,100.838,21.082));
#1364=DIRECTION('',(-0.0,1.0,0.0));
#1365=VECTOR('',#1364,0.254);
#1366=LINE('',#1363,#1365);
#1367=EDGE_CURVE('',#1356,#1347,#1366,.T.);
#1368=ORIENTED_EDGE('',*,*,#1367,.T.);
#1369=EDGE_LOOP('',(#1353,#1354,#1362,#1368));
#1370=FACE_BOUND('',#1369,.T.);
#1371=ADVANCED_FACE('',(#1370),#1345,.F.);
#1372=CARTESIAN_POINT('',(43.688,100.838,33.782));
#1373=DIRECTION('',(-1.0,0.0,0.0));
#1374=DIRECTION('',(0.0,0.0,-1.0));
#1375=AXIS2_PLACEMENT_3D('',#1372,#1373,#1374);
#1376=PLANE('',#1375);
#1377=CARTESIAN_POINT('',(43.688,101.092,21.082));
#1378=VERTEX_POINT('',#1377);
#1379=CARTESIAN_POINT('',(43.688,101.092,33.782));
#1380=DIRECTION('',(0.0,0.0,-1.0));
#1381=VECTOR('',#1380,12.7);
#1382=LINE('',#1379,#1381);
#1383=EDGE_CURVE('',#1197,#1378,#1382,.T.);
#1384=ORIENTED_EDGE('',*,*,#1383,.T.);
#1385=CARTESIAN_POINT('',(43.688,100.838,21.082));
#1386=VERTEX_POINT('',#1385);
#1387=CARTESIAN_POINT('',(43.688,100.838,21.082));
#1388=DIRECTION('',(-0.0,1.0,0.0));
#1389=VECTOR('',#1388,0.254);
#1390=LINE('',#1387,#1389);
#1391=EDGE_CURVE('',#1386,#1378,#1390,.T.);
#1392=ORIENTED_EDGE('',*,*,#1391,.F.);
#1393=CARTESIAN_POINT('',(43.688,100.838,33.782));
#1394=DIRECTION('',(0.0,0.0,-1.0));
#1395=VECTOR('',#1394,12.7);
#1396=LINE('',#1393,#1395);
#1397=EDGE_CURVE('',#1207,#1386,#1396,.T.);
#1398=ORIENTED_EDGE('',*,*,#1397,.F.);
#1399=ORIENTED_EDGE('',*,*,#1212,.T.);
#1400=EDGE_LOOP('',(#1384,#1392,#1398,#1399));
#1401=FACE_BOUND('',#1400,.T.);
#1402=ADVANCED_FACE('',(#1401),#1376,.T.);
#1403=CARTESIAN_POINT('',(-43.688,100.838,33.782));
#1404=DIRECTION('',(0.0,0.0,1.0));
#1405=DIRECTION('',(1.0,0.0,-0.0));
#1406=AXIS2_PLACEMENT_3D('',#1403,#1404,#1405);
#1407=PLANE('',#1406);
#1408=CARTESIAN_POINT('',(-43.688,101.092,33.782));
#1409=DIRECTION('',(1.0,0.0,0.0));
#1410=VECTOR('',#1409,12.7);
#1411=LINE('',#1408,#1410);
#1412=EDGE_CURVE('',#1274,#1307,#1411,.T.);
#1413=ORIENTED_EDGE('',*,*,#1412,.T.);
#1414=ORIENTED_EDGE('',*,*,#1336,.F.);
#1415=CARTESIAN_POINT('',(-43.688,100.838,33.782));
#1416=VERTEX_POINT('',#1415);
#1417=CARTESIAN_POINT('',(-43.688,100.838,33.782));
#1418=DIRECTION('',(1.0,0.0,0.0));
#1419=VECTOR('',#1418,12.7);
#1420=LINE('',#1417,#1419);
#1421=EDGE_CURVE('',#1416,#1325,#1420,.T.);
#1422=ORIENTED_EDGE('',*,*,#1421,.F.);
#1423=CARTESIAN_POINT('',(-43.688,100.838,33.782));
#1424=DIRECTION('',(-0.0,1.0,0.0));
#1425=VECTOR('',#1424,0.254);
#1426=LINE('',#1423,#1425);
#1427=EDGE_CURVE('',#1416,#1274,#1426,.T.);
#1428=ORIENTED_EDGE('',*,*,#1427,.T.);
#1429=EDGE_LOOP('',(#1413,#1414,#1422,#1428));
#1430=FACE_BOUND('',#1429,.T.);
#1431=ADVANCED_FACE('',(#1430),#1407,.F.);
#1432=CARTESIAN_POINT('',(43.688,99.822,0.0));
#1433=DIRECTION('',(0.0,0.0,-1.0));
#1434=DIRECTION('',(-1.0,0.0,0.0));
#1435=AXIS2_PLACEMENT_3D('',#1432,#1433,#1434);
#1436=CYLINDRICAL_SURFACE('',#1435,1.27);
#1437=CARTESIAN_POINT('',(44.958,99.822,33.782));
#1438=VERTEX_POINT('',#1437);
#1439=CARTESIAN_POINT('',(43.688,99.822,33.782));
#1440=DIRECTION('',(0.0,0.0,-1.0));
#1441=DIRECTION('',(0.0,1.0,0.0));
#1442=AXIS2_PLACEMENT_3D('',#1439,#1440,#1441);
#1443=CIRCLE('',#1442,1.27);
#1444=EDGE_CURVE('',#1197,#1438,#1443,.T.);
#1445=ORIENTED_EDGE('',*,*,#1444,.T.);
#1446=CARTESIAN_POINT('',(44.958,99.822,-33.782));
#1447=DIRECTION('',(0.0,-0.0,1.0));
#1448=VECTOR('',#1447,67.564);
#1449=LINE('',#1446,#1448);
#1450=EDGE_CURVE('',#1239,#1438,#1449,.T.);
#1451=ORIENTED_EDGE('',*,*,#1450,.F.);
#1452=ORIENTED_EDGE('',*,*,#1245,.F.);
#1453=CARTESIAN_POINT('',(43.688,101.092,21.082));
#1454=DIRECTION('',(0.0,0.0,-1.0));
#1455=VECTOR('',#1454,54.864);
#1456=LINE('',#1453,#1455);
#1457=EDGE_CURVE('',#1378,#1237,#1456,.T.);
#1458=ORIENTED_EDGE('',*,*,#1457,.F.);
#1459=ORIENTED_EDGE('',*,*,#1383,.F.);
#1460=EDGE_LOOP('',(#1445,#1451,#1452,#1458,#1459));
#1461=FACE_BOUND('',#1460,.T.);
#1462=ADVANCED_FACE('',(#1461),#1436,.T.);
#1463=CARTESIAN_POINT('',(-43.688,99.822,0.0));
#1464=DIRECTION('',(0.0,0.0,1.0));
#1465=DIRECTION('',(1.0,0.0,-0.0));
#1466=AXIS2_PLACEMENT_3D('',#1463,#1464,#1465);
#1467=CYLINDRICAL_SURFACE('',#1466,1.27);
#1468=CARTESIAN_POINT('',(-44.958,99.822,-33.782));
#1469=VERTEX_POINT('',#1468);
#1470=CARTESIAN_POINT('',(-43.688,101.092,-33.782));
#1471=VERTEX_POINT('',#1470);
#1472=CARTESIAN_POINT('',(-43.688,99.822,-33.782));
#1473=DIRECTION('',(-0.0,-5.46369599E-015,-1.0));
#1474=DIRECTION('',(-1.0,0.0,0.0));
#1475=AXIS2_PLACEMENT_3D('',#1472,#1473,#1474);
#1476=CIRCLE('',#1475,1.27);
#1477=EDGE_CURVE('',#1469,#1471,#1476,.T.);
#1478=ORIENTED_EDGE('',*,*,#1477,.F.);
#1479=CARTESIAN_POINT('',(-44.958,99.822,33.782));
#1480=DIRECTION('',(0.0,0.0,-1.0));
#1481=VECTOR('',#1480,67.564);
#1482=LINE('',#1479,#1481);
#1483=EDGE_CURVE('',#1272,#1469,#1482,.T.);
#1484=ORIENTED_EDGE('',*,*,#1483,.F.);
#1485=ORIENTED_EDGE('',*,*,#1280,.T.);
#1486=CARTESIAN_POINT('',(-43.688,101.092,21.082));
#1487=VERTEX_POINT('',#1486);
#1488=CARTESIAN_POINT('',(-43.688,101.092,33.782));
#1489=DIRECTION('',(0.0,0.0,-1.0));
#1490=VECTOR('',#1489,12.7);
#1491=LINE('',#1488,#1490);
#1492=EDGE_CURVE('',#1274,#1487,#1491,.T.);
#1493=ORIENTED_EDGE('',*,*,#1492,.T.);
#1494=CARTESIAN_POINT('',(-43.688,101.092,-33.782));
#1495=DIRECTION('',(0.0,-0.0,1.0));
#1496=VECTOR('',#1495,54.864);
#1497=LINE('',#1494,#1496);
#1498=EDGE_CURVE('',#1471,#1487,#1497,.T.);
#1499=ORIENTED_EDGE('',*,*,#1498,.F.);
#1500=EDGE_LOOP('',(#1478,#1484,#1485,#1493,#1499));
#1501=FACE_BOUND('',#1500,.T.);
#1502=ADVANCED_FACE('',(#1501),#1467,.T.);
#1503=CARTESIAN_POINT('',(-43.688,99.822,-33.782));
#1504=DIRECTION('',(0.0,0.0,1.0));
#1505=DIRECTION('',(1.0,0.0,-0.0));
#1506=AXIS2_PLACEMENT_3D('',#1503,#1504,#1505);
#1507=SPHERICAL_SURFACE('',#1506,1.27);
#1508=CARTESIAN_POINT('',(-43.688,99.822,-35.052));
#1509=VERTEX_POINT('',#1508);
#1510=CARTESIAN_POINT('',(-43.688,99.822,-33.782));
#1511=DIRECTION('',(-1.0,0.0,0.0));
#1512=DIRECTION('',(0.0,1.0,0.0));
#1513=AXIS2_PLACEMENT_3D('',#1510,#1511,#1512);
#1514=CIRCLE('',#1513,1.27);
#1515=EDGE_CURVE('',#1471,#1509,#1514,.T.);
#1516=ORIENTED_EDGE('',*,*,#1515,.T.);
#1517=CARTESIAN_POINT('',(-43.688,99.822,-33.782));
#1518=DIRECTION('',(0.0,-1.0,0.0));
#1519=DIRECTION('',(-1.0,0.0,5.46369599E-015));
#1520=AXIS2_PLACEMENT_3D('',#1517,#1518,#1519);
#1521=CIRCLE('',#1520,1.27);
#1522=EDGE_CURVE('',#1469,#1509,#1521,.T.);
#1523=ORIENTED_EDGE('',*,*,#1522,.F.);
#1524=ORIENTED_EDGE('',*,*,#1477,.T.);
#1525=EDGE_LOOP('',(#1516,#1523,#1524));
#1526=FACE_BOUND('',#1525,.T.);
#1527=ADVANCED_FACE('',(#1526),#1507,.T.);
#1528=CARTESIAN_POINT('',(-43.688,100.838,21.082));
#1529=DIRECTION('',(0.0,0.0,1.0));
#1530=DIRECTION('',(1.0,0.0,-0.0));
#1531=AXIS2_PLACEMENT_3D('',#1528,#1529,#1530);
#1532=PLANE('',#1531);
#1533=CARTESIAN_POINT('',(-43.688,101.092,21.082));
#1534=DIRECTION('',(1.0,0.0,0.0));
#1535=VECTOR('',#1534,12.7);
#1536=LINE('',#1533,#1535);
#1537=EDGE_CURVE('',#1487,#1309,#1536,.T.);
#1538=ORIENTED_EDGE('',*,*,#1537,.F.);
#1539=CARTESIAN_POINT('',(-43.688,100.838,21.082));
#1540=VERTEX_POINT('',#1539);
#1541=CARTESIAN_POINT('',(-43.688,100.838,21.082));
#1542=DIRECTION('',(-0.0,1.0,0.0));
#1543=VECTOR('',#1542,0.254);
#1544=LINE('',#1541,#1543);
#1545=EDGE_CURVE('',#1540,#1487,#1544,.T.);
#1546=ORIENTED_EDGE('',*,*,#1545,.F.);
#1547=CARTESIAN_POINT('',(-43.688,100.838,21.082));
#1548=DIRECTION('',(1.0,0.0,0.0));
#1549=VECTOR('',#1548,12.7);
#1550=LINE('',#1547,#1549);
#1551=EDGE_CURVE('',#1540,#1317,#1550,.T.);
#1552=ORIENTED_EDGE('',*,*,#1551,.T.);
#1553=ORIENTED_EDGE('',*,*,#1322,.T.);
#1554=EDGE_LOOP('',(#1538,#1546,#1552,#1553));
#1555=FACE_BOUND('',#1554,.T.);
#1556=ADVANCED_FACE('',(#1555),#1532,.T.);
#1557=CARTESIAN_POINT('',(0.0,100.838,0.0));
#1558=DIRECTION('',(0.0,-1.0,0.0));
#1559=DIRECTION('',(0.0,0.0,-1.0));
#1560=AXIS2_PLACEMENT_3D('',#1557,#1558,#1559);
#1561=PLANE('',#1560);
#1562=CARTESIAN_POINT('',(-43.688,100.838,33.782));
#1563=DIRECTION('',(0.0,0.0,-1.0));
#1564=VECTOR('',#1563,12.7);
#1565=LINE('',#1562,#1564);
#1566=EDGE_CURVE('',#1416,#1540,#1565,.T.);
#1567=ORIENTED_EDGE('',*,*,#1566,.F.);
#1568=ORIENTED_EDGE('',*,*,#1421,.T.);
#1569=ORIENTED_EDGE('',*,*,#1330,.T.);
#1570=ORIENTED_EDGE('',*,*,#1551,.F.);
#1571=EDGE_LOOP('',(#1567,#1568,#1569,#1570));
#1572=FACE_BOUND('',#1571,.T.);
#1573=ADVANCED_FACE('',(#1572),#1561,.F.);
#1574=CARTESIAN_POINT('',(0.0,99.822,-33.782));
#1575=DIRECTION('',(-1.0,0.0,0.0));
#1576=DIRECTION('',(0.0,0.0,1.0));
#1577=AXIS2_PLACEMENT_3D('',#1574,#1575,#1576);
#1578=CYLINDRICAL_SURFACE('',#1577,1.27);
#1579=ORIENTED_EDGE('',*,*,#1261,.T.);
#1580=CARTESIAN_POINT('',(-43.688,99.822,-35.052));
#1581=DIRECTION('',(1.0,0.0,0.0));
#1582=VECTOR('',#1581,87.376);
#1583=LINE('',#1580,#1582);
#1584=EDGE_CURVE('',#1509,#1248,#1583,.T.);
#1585=ORIENTED_EDGE('',*,*,#1584,.F.);
#1586=ORIENTED_EDGE('',*,*,#1515,.F.);
#1587=CARTESIAN_POINT('',(43.688,101.092,-33.782));
#1588=DIRECTION('',(-1.0,0.0,0.0));
#1589=VECTOR('',#1588,87.376);
#1590=LINE('',#1587,#1589);
#1591=EDGE_CURVE('',#1237,#1471,#1590,.T.);
#1592=ORIENTED_EDGE('',*,*,#1591,.F.);
#1593=EDGE_LOOP('',(#1579,#1585,#1586,#1592));
#1594=FACE_BOUND('',#1593,.T.);
#1595=ADVANCED_FACE('',(#1594),#1578,.T.);
#1596=CARTESIAN_POINT('',(-43.688,101.092,-33.782));
#1597=DIRECTION('',(0.0,-1.0,0.0));
#1598=DIRECTION('',(0.0,0.0,-1.0));
#1599=AXIS2_PLACEMENT_3D('',#1596,#1597,#1598);
#1600=CYLINDRICAL_SURFACE('',#1599,1.27);
#1601=ORIENTED_EDGE('',*,*,#1522,.T.);
#1602=CARTESIAN_POINT('',(-43.688,82.677,-35.052));
#1603=VERTEX_POINT('',#1602);
#1604=CARTESIAN_POINT('',(-43.688,82.677,-35.052));
#1605=DIRECTION('',(-0.0,1.0,0.0));
#1606=VECTOR('',#1605,17.145);
#1607=LINE('',#1604,#1606);
#1608=EDGE_CURVE('',#1603,#1509,#1607,.T.);
#1609=ORIENTED_EDGE('',*,*,#1608,.F.);
#1610=CARTESIAN_POINT('',(-44.958,82.677,-33.782));
#1611=VERTEX_POINT('',#1610);
#1612=CARTESIAN_POINT('',(-43.688,82.677,-33.782));
#1613=DIRECTION('',(0.0,-1.0,0.0));
#1614=DIRECTION('',(-1.0,0.0,0.0));
#1615=AXIS2_PLACEMENT_3D('',#1612,#1613,#1614);
#1616=CIRCLE('',#1615,1.27);
#1617=EDGE_CURVE('',#1611,#1603,#1616,.T.);
#1618=ORIENTED_EDGE('',*,*,#1617,.F.);
#1619=CARTESIAN_POINT('',(-44.958,99.822,-33.782));
#1620=DIRECTION('',(0.0,-1.0,0.0));
#1621=VECTOR('',#1620,17.145);
#1622=LINE('',#1619,#1621);
#1623=EDGE_CURVE('',#1469,#1611,#1622,.T.);
#1624=ORIENTED_EDGE('',*,*,#1623,.F.);
#1625=EDGE_LOOP('',(#1601,#1609,#1618,#1624));
#1626=FACE_BOUND('',#1625,.T.);
#1627=ADVANCED_FACE('',(#1626),#1600,.T.);
#1628=CARTESIAN_POINT('',(-44.958,101.092,35.052));
#1629=DIRECTION('',(1.0,0.0,0.0));
#1630=DIRECTION('',(0.0,0.0,-1.0));
#1631=AXIS2_PLACEMENT_3D('',#1628,#1629,#1630);
#1632=PLANE('',#1631);
#1633=ORIENTED_EDGE('',*,*,#1483,.T.);
#1634=ORIENTED_EDGE('',*,*,#1623,.T.);
#1635=CARTESIAN_POINT('',(-44.958,82.677,33.782));
#1636=VERTEX_POINT('',#1635);
#1637=CARTESIAN_POINT('',(-44.958,82.677,-33.782));
#1638=DIRECTION('',(0.0,-0.0,1.0));
#1639=VECTOR('',#1638,67.564);
#1640=LINE('',#1637,#1639);
#1641=EDGE_CURVE('',#1611,#1636,#1640,.T.);
#1642=ORIENTED_EDGE('',*,*,#1641,.T.);
#1643=CARTESIAN_POINT('',(-44.958,82.677,33.782));
#1644=DIRECTION('',(-0.0,1.0,0.0));
#1645=VECTOR('',#1644,17.145);
#1646=LINE('',#1643,#1645);
#1647=EDGE_CURVE('',#1636,#1272,#1646,.T.);
#1648=ORIENTED_EDGE('',*,*,#1647,.T.);
#1649=EDGE_LOOP('',(#1633,#1634,#1642,#1648));
#1650=FACE_BOUND('',#1649,.T.);
#1651=ADVANCED_FACE('',(#1650),#1632,.F.);
#1652=CARTESIAN_POINT('',(-44.958,101.092,-35.052));
#1653=DIRECTION('',(0.0,0.0,1.0));
#1654=DIRECTION('',(1.0,0.0,-0.0));
#1655=AXIS2_PLACEMENT_3D('',#1652,#1653,#1654);
#1656=PLANE('',#1655);
#1657=CARTESIAN_POINT('',(43.688,82.677,-35.052));
#1658=VERTEX_POINT('',#1657);
#1659=CARTESIAN_POINT('',(43.688,82.677,-35.052));
#1660=DIRECTION('',(-1.0,0.0,0.0));
#1661=VECTOR('',#1660,87.376);
#1662=LINE('',#1659,#1661);
#1663=EDGE_CURVE('',#1658,#1603,#1662,.T.);
#1664=ORIENTED_EDGE('',*,*,#1663,.T.);
#1665=ORIENTED_EDGE('',*,*,#1608,.T.);
#1666=ORIENTED_EDGE('',*,*,#1584,.T.);
#1667=CARTESIAN_POINT('',(43.688,99.822,-35.052));
#1668=DIRECTION('',(0.0,-1.0,0.0));
#1669=VECTOR('',#1668,17.145);
#1670=LINE('',#1667,#1669);
#1671=EDGE_CURVE('',#1248,#1658,#1670,.T.);
#1672=ORIENTED_EDGE('',*,*,#1671,.T.);
#1673=EDGE_LOOP('',(#1664,#1665,#1666,#1672));
#1674=FACE_BOUND('',#1673,.T.);
#1675=ADVANCED_FACE('',(#1674),#1656,.F.);
#1676=CARTESIAN_POINT('',(-43.688,101.092,33.782));
#1677=DIRECTION('',(0.0,-1.0,0.0));
#1678=DIRECTION('',(0.0,0.0,-1.0));
#1679=AXIS2_PLACEMENT_3D('',#1676,#1677,#1678);
#1680=CYLINDRICAL_SURFACE('',#1679,1.27);
#1681=CARTESIAN_POINT('',(-43.688,82.677,35.052));
#1682=VERTEX_POINT('',#1681);
#1683=CARTESIAN_POINT('',(-43.688,82.677,33.782));
#1684=DIRECTION('',(0.0,-1.0,0.0));
#1685=DIRECTION('',(0.0,0.0,1.0));
#1686=AXIS2_PLACEMENT_3D('',#1683,#1684,#1685);
#1687=CIRCLE('',#1686,1.27);
#1688=EDGE_CURVE('',#1682,#1636,#1687,.T.);
#1689=ORIENTED_EDGE('',*,*,#1688,.F.);
#1690=CARTESIAN_POINT('',(-43.688,99.822,35.052));
#1691=DIRECTION('',(0.0,-1.0,0.0));
#1692=VECTOR('',#1691,17.145);
#1693=LINE('',#1690,#1692);
#1694=EDGE_CURVE('',#1283,#1682,#1693,.T.);
#1695=ORIENTED_EDGE('',*,*,#1694,.F.);
#1696=ORIENTED_EDGE('',*,*,#1289,.F.);
#1697=ORIENTED_EDGE('',*,*,#1647,.F.);
#1698=EDGE_LOOP('',(#1689,#1695,#1696,#1697));
#1699=FACE_BOUND('',#1698,.T.);
#1700=ADVANCED_FACE('',(#1699),#1680,.T.);
#1701=CARTESIAN_POINT('',(44.958,101.092,35.052));
#1702=DIRECTION('',(-1.0,0.0,0.0));
#1703=DIRECTION('',(0.0,0.0,1.0));
#1704=AXIS2_PLACEMENT_3D('',#1701,#1702,#1703);
#1705=PLANE('',#1704);
#1706=CARTESIAN_POINT('',(44.958,82.677,33.782));
#1707=VERTEX_POINT('',#1706);
#1708=CARTESIAN_POINT('',(44.958,82.677,-33.782));
#1709=VERTEX_POINT('',#1708);
#1710=CARTESIAN_POINT('',(44.958,82.677,33.782));
#1711=DIRECTION('',(0.0,0.0,-1.0));
#1712=VECTOR('',#1711,67.564);
#1713=LINE('',#1710,#1712);
#1714=EDGE_CURVE('',#1707,#1709,#1713,.T.);
#1715=ORIENTED_EDGE('',*,*,#1714,.T.);
#1716=CARTESIAN_POINT('',(44.958,82.677,-33.782));
#1717=DIRECTION('',(-0.0,1.0,0.0));
#1718=VECTOR('',#1717,17.145);
#1719=LINE('',#1716,#1718);
#1720=EDGE_CURVE('',#1709,#1239,#1719,.T.);
#1721=ORIENTED_EDGE('',*,*,#1720,.T.);
#1722=ORIENTED_EDGE('',*,*,#1450,.T.);
#1723=CARTESIAN_POINT('',(44.958,99.822,33.782));
#1724=DIRECTION('',(0.0,-1.0,0.0));
#1725=VECTOR('',#1724,17.145);
#1726=LINE('',#1723,#1725);
#1727=EDGE_CURVE('',#1438,#1707,#1726,.T.);
#1728=ORIENTED_EDGE('',*,*,#1727,.T.);
#1729=EDGE_LOOP('',(#1715,#1721,#1722,#1728));
#1730=FACE_BOUND('',#1729,.T.);
#1731=ADVANCED_FACE('',(#1730),#1705,.F.);
#1732=CARTESIAN_POINT('',(43.688,101.092,33.782));
#1733=DIRECTION('',(0.0,-1.0,0.0));
#1734=DIRECTION('',(0.0,0.0,-1.0));
#1735=AXIS2_PLACEMENT_3D('',#1732,#1733,#1734);
#1736=CYLINDRICAL_SURFACE('',#1735,1.27);
#1737=CARTESIAN_POINT('',(43.688,99.822,35.052));
#1738=VERTEX_POINT('',#1737);
#1739=CARTESIAN_POINT('',(43.688,99.822,33.782));
#1740=DIRECTION('',(0.0,1.0,0.0));
#1741=DIRECTION('',(0.0,-0.0,1.0));
#1742=AXIS2_PLACEMENT_3D('',#1739,#1740,#1741);
#1743=CIRCLE('',#1742,1.27);
#1744=EDGE_CURVE('',#1738,#1438,#1743,.T.);
#1745=ORIENTED_EDGE('',*,*,#1744,.F.);
#1746=CARTESIAN_POINT('',(43.688,82.677,35.052));
#1747=VERTEX_POINT('',#1746);
#1748=CARTESIAN_POINT('',(43.688,82.677,35.052));
#1749=DIRECTION('',(-0.0,1.0,0.0));
#1750=VECTOR('',#1749,17.145);
#1751=LINE('',#1748,#1750);
#1752=EDGE_CURVE('',#1747,#1738,#1751,.T.);
#1753=ORIENTED_EDGE('',*,*,#1752,.F.);
#1754=CARTESIAN_POINT('',(43.688,82.677,33.782));
#1755=DIRECTION('',(0.0,-1.0,0.0));
#1756=DIRECTION('',(1.0,0.0,0.0));
#1757=AXIS2_PLACEMENT_3D('',#1754,#1755,#1756);
#1758=CIRCLE('',#1757,1.27);
#1759=EDGE_CURVE('',#1707,#1747,#1758,.T.);
#1760=ORIENTED_EDGE('',*,*,#1759,.F.);
#1761=ORIENTED_EDGE('',*,*,#1727,.F.);
#1762=EDGE_LOOP('',(#1745,#1753,#1760,#1761));
#1763=FACE_BOUND('',#1762,.T.);
#1764=ADVANCED_FACE('',(#1763),#1736,.T.);
#1765=CARTESIAN_POINT('',(43.688,101.092,-33.782));
#1766=DIRECTION('',(0.0,-1.0,0.0));
#1767=DIRECTION('',(0.0,0.0,-1.0));
#1768=AXIS2_PLACEMENT_3D('',#1765,#1766,#1767);
#1769=CYLINDRICAL_SURFACE('',#1768,1.27);
#1770=CARTESIAN_POINT('',(43.688,82.677,-33.782));
#1771=DIRECTION('',(0.0,-1.0,0.0));
#1772=DIRECTION('',(0.0,0.0,-1.0));
#1773=AXIS2_PLACEMENT_3D('',#1770,#1771,#1772);
#1774=CIRCLE('',#1773,1.27);
#1775=EDGE_CURVE('',#1658,#1709,#1774,.T.);
#1776=ORIENTED_EDGE('',*,*,#1775,.F.);
#1777=ORIENTED_EDGE('',*,*,#1671,.F.);
#1778=ORIENTED_EDGE('',*,*,#1254,.F.);
#1779=ORIENTED_EDGE('',*,*,#1720,.F.);
#1780=EDGE_LOOP('',(#1776,#1777,#1778,#1779));
#1781=FACE_BOUND('',#1780,.T.);
#1782=ADVANCED_FACE('',(#1781),#1769,.T.);
#1783=CARTESIAN_POINT('',(-44.958,101.092,35.052));
#1784=DIRECTION('',(0.0,0.0,-1.0));
#1785=DIRECTION('',(-1.0,0.0,0.0));
#1786=AXIS2_PLACEMENT_3D('',#1783,#1784,#1785);
#1787=PLANE('',#1786);
#1788=CARTESIAN_POINT('',(-43.688,82.677,35.052));
#1789=DIRECTION('',(1.0,0.0,0.0));
#1790=VECTOR('',#1789,87.376);
#1791=LINE('',#1788,#1790);
#1792=EDGE_CURVE('',#1682,#1747,#1791,.T.);
#1793=ORIENTED_EDGE('',*,*,#1792,.T.);
#1794=ORIENTED_EDGE('',*,*,#1752,.T.);
#1795=CARTESIAN_POINT('',(43.688,99.822,35.052));
#1796=DIRECTION('',(-1.0,0.0,0.0));
#1797=VECTOR('',#1796,87.376);
#1798=LINE('',#1795,#1797);
#1799=EDGE_CURVE('',#1738,#1283,#1798,.T.);
#1800=ORIENTED_EDGE('',*,*,#1799,.T.);
#1801=ORIENTED_EDGE('',*,*,#1694,.T.);
#1802=EDGE_LOOP('',(#1793,#1794,#1800,#1801));
#1803=FACE_BOUND('',#1802,.T.);
#1804=ADVANCED_FACE('',(#1803),#1787,.F.);
#1805=CARTESIAN_POINT('',(0.0,99.822,33.782));
#1806=DIRECTION('',(1.0,0.0,0.0));
#1807=DIRECTION('',(0.0,0.0,-1.0));
#1808=AXIS2_PLACEMENT_3D('',#1805,#1806,#1807);
#1809=CYLINDRICAL_SURFACE('',#1808,1.27);
#1810=ORIENTED_EDGE('',*,*,#1296,.F.);
#1811=ORIENTED_EDGE('',*,*,#1799,.F.);
#1812=CARTESIAN_POINT('',(43.688,99.822,33.782));
#1813=DIRECTION('',(-1.0,0.0,0.0));
#1814=DIRECTION('',(0.0,0.0,1.0));
#1815=AXIS2_PLACEMENT_3D('',#1812,#1813,#1814);
#1816=CIRCLE('',#1815,1.27);
#1817=EDGE_CURVE('',#1738,#1197,#1816,.T.);
#1818=ORIENTED_EDGE('',*,*,#1817,.T.);
#1819=ORIENTED_EDGE('',*,*,#1204,.T.);
#1820=CARTESIAN_POINT('',(-30.988,101.092,33.782));
#1821=DIRECTION('',(1.0,0.0,0.0));
#1822=VECTOR('',#1821,61.976);
#1823=LINE('',#1820,#1822);
#1824=EDGE_CURVE('',#1307,#1199,#1823,.T.);
#1825=ORIENTED_EDGE('',*,*,#1824,.F.);
#1826=ORIENTED_EDGE('',*,*,#1412,.F.);
#1827=EDGE_LOOP('',(#1810,#1811,#1818,#1819,#1825,#1826));
#1828=FACE_BOUND('',#1827,.T.);
#1829=ADVANCED_FACE('',(#1828),#1809,.T.);
#1830=CARTESIAN_POINT('',(0.0,101.092,0.0));
#1831=DIRECTION('',(0.0,-1.0,0.0));
#1832=DIRECTION('',(0.0,0.0,-1.0));
#1833=AXIS2_PLACEMENT_3D('',#1830,#1831,#1832);
#1834=PLANE('',#1833);
#1835=CARTESIAN_POINT('',(43.688,101.092,21.082));
#1836=DIRECTION('',(-1.0,0.0,0.0));
#1837=VECTOR('',#1836,12.7);
#1838=LINE('',#1835,#1837);
#1839=EDGE_CURVE('',#1378,#1347,#1838,.T.);
#1840=ORIENTED_EDGE('',*,*,#1839,.F.);
#1841=ORIENTED_EDGE('',*,*,#1457,.T.);
#1842=ORIENTED_EDGE('',*,*,#1591,.T.);
#1843=ORIENTED_EDGE('',*,*,#1498,.T.);
#1844=ORIENTED_EDGE('',*,*,#1537,.T.);
#1845=ORIENTED_EDGE('',*,*,#1314,.F.);
#1846=ORIENTED_EDGE('',*,*,#1824,.T.);
#1847=ORIENTED_EDGE('',*,*,#1352,.T.);
#1848=EDGE_LOOP('',(#1840,#1841,#1842,#1843,#1844,#1845,#1846,#1847));
#1849=FACE_BOUND('',#1848,.T.);
#1850=ADVANCED_FACE('',(#1849),#1834,.F.);
#1851=CARTESIAN_POINT('',(43.688,99.822,33.782));
#1852=DIRECTION('',(0.0,0.0,1.0));
#1853=DIRECTION('',(1.0,0.0,-0.0));
#1854=AXIS2_PLACEMENT_3D('',#1851,#1852,#1853);
#1855=SPHERICAL_SURFACE('',#1854,1.27);
#1856=ORIENTED_EDGE('',*,*,#1817,.F.);
#1857=ORIENTED_EDGE('',*,*,#1744,.T.);
#1858=ORIENTED_EDGE('',*,*,#1444,.F.);
#1859=EDGE_LOOP('',(#1856,#1857,#1858));
#1860=FACE_BOUND('',#1859,.T.);
#1861=ADVANCED_FACE('',(#1860),#1855,.T.);
#1862=CARTESIAN_POINT('',(-43.688,100.838,33.782));
#1863=DIRECTION('',(1.0,0.0,0.0));
#1864=DIRECTION('',(0.0,0.0,-1.0));
#1865=AXIS2_PLACEMENT_3D('',#1862,#1863,#1864);
#1866=PLANE('',#1865);
#1867=ORIENTED_EDGE('',*,*,#1492,.F.);
#1868=ORIENTED_EDGE('',*,*,#1427,.F.);
#1869=ORIENTED_EDGE('',*,*,#1566,.T.);
#1870=ORIENTED_EDGE('',*,*,#1545,.T.);
#1871=EDGE_LOOP('',(#1867,#1868,#1869,#1870));
#1872=FACE_BOUND('',#1871,.T.);
#1873=ADVANCED_FACE('',(#1872),#1866,.T.);
#1874=CARTESIAN_POINT('',(43.688,100.838,21.082));
#1875=DIRECTION('',(0.0,0.0,1.0));
#1876=DIRECTION('',(-1.0,0.0,0.0));
#1877=AXIS2_PLACEMENT_3D('',#1874,#1875,#1876);
#1878=PLANE('',#1877);
#1879=ORIENTED_EDGE('',*,*,#1839,.T.);
#1880=ORIENTED_EDGE('',*,*,#1367,.F.);
#1881=CARTESIAN_POINT('',(43.688,100.838,21.082));
#1882=DIRECTION('',(-1.0,0.0,0.0));
#1883=VECTOR('',#1882,12.7);
#1884=LINE('',#1881,#1883);
#1885=EDGE_CURVE('',#1386,#1356,#1884,.T.);
#1886=ORIENTED_EDGE('',*,*,#1885,.F.);
#1887=ORIENTED_EDGE('',*,*,#1391,.T.);
#1888=EDGE_LOOP('',(#1879,#1880,#1886,#1887));
#1889=FACE_BOUND('',#1888,.T.);
#1890=ADVANCED_FACE('',(#1889),#1878,.T.);
#1891=CARTESIAN_POINT('',(0.0,82.677,0.0));
#1892=DIRECTION('',(0.0,1.0,0.0));
#1893=DIRECTION('',(0.0,-0.0,1.0));
#1894=AXIS2_PLACEMENT_3D('',#1891,#1892,#1893);
#1895=PLANE('',#1894);
#1896=CARTESIAN_POINT('',(-43.688,82.677,-32.512));
#1897=VERTEX_POINT('',#1896);
#1898=CARTESIAN_POINT('',(-43.688,82.677,32.512));
#1899=VERTEX_POINT('',#1898);
#1900=CARTESIAN_POINT('',(-43.688,82.677,-32.512));
#1901=DIRECTION('',(0.0,-0.0,1.0));
#1902=VECTOR('',#1901,65.024);
#1903=LINE('',#1900,#1902);
#1904=EDGE_CURVE('',#1897,#1899,#1903,.T.);
#1905=ORIENTED_EDGE('',*,*,#1904,.T.);
#1906=CARTESIAN_POINT('',(-42.418,82.677,33.782));
#1907=VERTEX_POINT('',#1906);
#1908=CARTESIAN_POINT('',(-42.418,82.677,32.512));
#1909=DIRECTION('',(0.0,1.0,0.0));
#1910=DIRECTION('',(-1.0,0.0,0.0));
#1911=AXIS2_PLACEMENT_3D('',#1908,#1909,#1910);
#1912=CIRCLE('',#1911,1.27);
#1913=EDGE_CURVE('',#1899,#1907,#1912,.T.);
#1914=ORIENTED_EDGE('',*,*,#1913,.T.);
#1915=CARTESIAN_POINT('',(42.418,82.677,33.782));
#1916=VERTEX_POINT('',#1915);
#1917=CARTESIAN_POINT('',(-42.418,82.677,33.782));
#1918=DIRECTION('',(1.0,0.0,0.0));
#1919=VECTOR('',#1918,84.836);
#1920=LINE('',#1917,#1919);
#1921=EDGE_CURVE('',#1907,#1916,#1920,.T.);
#1922=ORIENTED_EDGE('',*,*,#1921,.T.);
#1923=CARTESIAN_POINT('',(43.688,82.677,32.512));
#1924=VERTEX_POINT('',#1923);
#1925=CARTESIAN_POINT('',(42.418,82.677,32.512));
#1926=DIRECTION('',(0.0,1.0,0.0));
#1927=DIRECTION('',(0.0,-0.0,1.0));
#1928=AXIS2_PLACEMENT_3D('',#1925,#1926,#1927);
#1929=CIRCLE('',#1928,1.27);
#1930=EDGE_CURVE('',#1916,#1924,#1929,.T.);
#1931=ORIENTED_EDGE('',*,*,#1930,.T.);
#1932=CARTESIAN_POINT('',(43.688,82.677,-32.512));
#1933=VERTEX_POINT('',#1932);
#1934=CARTESIAN_POINT('',(43.688,82.677,32.512));
#1935=DIRECTION('',(0.0,0.0,-1.0));
#1936=VECTOR('',#1935,65.024);
#1937=LINE('',#1934,#1936);
#1938=EDGE_CURVE('',#1924,#1933,#1937,.T.);
#1939=ORIENTED_EDGE('',*,*,#1938,.T.);
#1940=CARTESIAN_POINT('',(42.418,82.677,-33.782));
#1941=VERTEX_POINT('',#1940);
#1942=CARTESIAN_POINT('',(42.418,82.677,-32.512));
#1943=DIRECTION('',(-0.0,1.0,0.0));
#1944=DIRECTION('',(1.0,0.0,0.0));
#1945=AXIS2_PLACEMENT_3D('',#1942,#1943,#1944);
#1946=CIRCLE('',#1945,1.27);
#1947=EDGE_CURVE('',#1933,#1941,#1946,.T.);
#1948=ORIENTED_EDGE('',*,*,#1947,.T.);
#1949=CARTESIAN_POINT('',(-42.418,82.677,-33.782));
#1950=VERTEX_POINT('',#1949);
#1951=CARTESIAN_POINT('',(42.418,82.677,-33.782));
#1952=DIRECTION('',(-1.0,0.0,0.0));
#1953=VECTOR('',#1952,84.836);
#1954=LINE('',#1951,#1953);
#1955=EDGE_CURVE('',#1941,#1950,#1954,.T.);
#1956=ORIENTED_EDGE('',*,*,#1955,.T.);
#1957=CARTESIAN_POINT('',(-42.418,82.677,-32.512));
#1958=DIRECTION('',(0.0,1.0,0.0));
#1959=DIRECTION('',(0.0,0.0,-1.0));
#1960=AXIS2_PLACEMENT_3D('',#1957,#1958,#1959);
#1961=CIRCLE('',#1960,1.27);
#1962=EDGE_CURVE('',#1950,#1897,#1961,.T.);
#1963=ORIENTED_EDGE('',*,*,#1962,.T.);
#1964=EDGE_LOOP('',(#1905,#1914,#1922,#1931,#1939,#1948,#1956,#1963));
#1965=FACE_BOUND('',#1964,.T.);
#1966=ORIENTED_EDGE('',*,*,#1641,.F.);
#1967=ORIENTED_EDGE('',*,*,#1617,.T.);
#1968=ORIENTED_EDGE('',*,*,#1663,.F.);
#1969=ORIENTED_EDGE('',*,*,#1775,.T.);
#1970=ORIENTED_EDGE('',*,*,#1714,.F.);
#1971=ORIENTED_EDGE('',*,*,#1759,.T.);
#1972=ORIENTED_EDGE('',*,*,#1792,.F.);
#1973=ORIENTED_EDGE('',*,*,#1688,.T.);
#1974=EDGE_LOOP('',(#1966,#1967,#1968,#1969,#1970,#1971,#1972,#1973));
#1975=FACE_BOUND('',#1974,.T.);
#1976=ADVANCED_FACE('',(#1965,#1975),#1895,.F.);
#1977=CARTESIAN_POINT('',(-43.688,81.407,-35.052));
#1978=DIRECTION('',(-1.0,0.0,0.0));
#1979=DIRECTION('',(0.0,0.0,1.0));
#1980=AXIS2_PLACEMENT_3D('',#1977,#1978,#1979);
#1981=PLANE('',#1980);
#1982=ORIENTED_EDGE('',*,*,#1904,.F.);
#1983=CARTESIAN_POINT('',(-43.688,81.407,-32.512));
#1984=VERTEX_POINT('',#1983);
#1985=CARTESIAN_POINT('',(-43.688,82.677,-32.512));
#1986=DIRECTION('',(0.0,-1.0,0.0));
#1987=VECTOR('',#1986,1.27);
#1988=LINE('',#1985,#1987);
#1989=EDGE_CURVE('',#1897,#1984,#1988,.T.);
#1990=ORIENTED_EDGE('',*,*,#1989,.T.);
#1991=CARTESIAN_POINT('',(-43.688,81.407,32.512));
#1992=VERTEX_POINT('',#1991);
#1993=CARTESIAN_POINT('',(-43.688,81.407,-32.512));
#1994=DIRECTION('',(0.0,-0.0,1.0));
#1995=VECTOR('',#1994,65.024);
#1996=LINE('',#1993,#1995);
#1997=EDGE_CURVE('',#1984,#1992,#1996,.T.);
#1998=ORIENTED_EDGE('',*,*,#1997,.T.);
#1999=CARTESIAN_POINT('',(-43.688,81.407,32.512));
#2000=DIRECTION('',(-0.0,1.0,0.0));
#2001=VECTOR('',#2000,1.27);
#2002=LINE('',#1999,#2001);
#2003=EDGE_CURVE('',#1992,#1899,#2002,.T.);
#2004=ORIENTED_EDGE('',*,*,#2003,.T.);
#2005=EDGE_LOOP('',(#1982,#1990,#1998,#2004));
#2006=FACE_BOUND('',#2005,.T.);
#2007=ADVANCED_FACE('',(#2006),#1981,.T.);
#2008=CARTESIAN_POINT('',(44.958,81.407,-33.782));
#2009=DIRECTION('',(0.0,0.0,-1.0));
#2010=DIRECTION('',(-1.0,0.0,0.0));
#2011=AXIS2_PLACEMENT_3D('',#2008,#2009,#2010);
#2012=PLANE('',#2011);
#2013=CARTESIAN_POINT('',(42.418,81.407,-33.782));
#2014=VERTEX_POINT('',#2013);
#2015=CARTESIAN_POINT('',(-42.418,81.407,-33.782));
#2016=VERTEX_POINT('',#2015);
#2017=CARTESIAN_POINT('',(42.418,81.407,-33.782));
#2018=DIRECTION('',(-1.0,0.0,0.0));
#2019=VECTOR('',#2018,84.836);
#2020=LINE('',#2017,#2019);
#2021=EDGE_CURVE('',#2014,#2016,#2020,.T.);
#2022=ORIENTED_EDGE('',*,*,#2021,.T.);
#2023=CARTESIAN_POINT('',(-42.418,81.407,-33.782));
#2024=DIRECTION('',(-0.0,1.0,0.0));
#2025=VECTOR('',#2024,1.27);
#2026=LINE('',#2023,#2025);
#2027=EDGE_CURVE('',#2016,#1950,#2026,.T.);
#2028=ORIENTED_EDGE('',*,*,#2027,.T.);
#2029=ORIENTED_EDGE('',*,*,#1955,.F.);
#2030=CARTESIAN_POINT('',(42.418,82.677,-33.782));
#2031=DIRECTION('',(0.0,-1.0,0.0));
#2032=VECTOR('',#2031,1.27);
#2033=LINE('',#2030,#2032);
#2034=EDGE_CURVE('',#1941,#2014,#2033,.T.);
#2035=ORIENTED_EDGE('',*,*,#2034,.T.);
#2036=EDGE_LOOP('',(#2022,#2028,#2029,#2035));
#2037=FACE_BOUND('',#2036,.T.);
#2038=ADVANCED_FACE('',(#2037),#2012,.T.);
#2039=CARTESIAN_POINT('',(-44.958,81.407,33.782));
#2040=DIRECTION('',(0.0,1.0,0.0));
#2041=DIRECTION('',(0.0,-0.0,1.0));
#2042=AXIS2_PLACEMENT_3D('',#2039,#2040,#2041);
#2043=PLANE('',#2042);
#2044=CARTESIAN_POINT('',(43.688,81.407,-32.512));
#2045=VERTEX_POINT('',#2044);
#2046=CARTESIAN_POINT('',(42.418,81.407,-32.512));
#2047=DIRECTION('',(0.0,-1.0,0.0));
#2048=DIRECTION('',(0.0,0.0,-1.0));
#2049=AXIS2_PLACEMENT_3D('',#2046,#2047,#2048);
#2050=CIRCLE('',#2049,1.27);
#2051=EDGE_CURVE('',#2014,#2045,#2050,.T.);
#2052=ORIENTED_EDGE('',*,*,#2051,.T.);
#2053=CARTESIAN_POINT('',(43.688,81.407,32.512));
#2054=VERTEX_POINT('',#2053);
#2055=CARTESIAN_POINT('',(43.688,81.407,32.512));
#2056=DIRECTION('',(0.0,0.0,-1.0));
#2057=VECTOR('',#2056,65.024);
#2058=LINE('',#2055,#2057);
#2059=EDGE_CURVE('',#2054,#2045,#2058,.T.);
#2060=ORIENTED_EDGE('',*,*,#2059,.F.);
#2061=CARTESIAN_POINT('',(42.418,81.407,33.782));
#2062=VERTEX_POINT('',#2061);
#2063=CARTESIAN_POINT('',(42.418,81.407,32.512));
#2064=DIRECTION('',(0.0,-1.0,0.0));
#2065=DIRECTION('',(1.0,0.0,0.0));
#2066=AXIS2_PLACEMENT_3D('',#2063,#2064,#2065);
#2067=CIRCLE('',#2066,1.27);
#2068=EDGE_CURVE('',#2054,#2062,#2067,.T.);
#2069=ORIENTED_EDGE('',*,*,#2068,.T.);
#2070=CARTESIAN_POINT('',(-42.418,81.407,33.782));
#2071=VERTEX_POINT('',#2070);
#2072=CARTESIAN_POINT('',(-42.418,81.407,33.782));
#2073=DIRECTION('',(1.0,0.0,0.0));
#2074=VECTOR('',#2073,84.836);
#2075=LINE('',#2072,#2074);
#2076=EDGE_CURVE('',#2071,#2062,#2075,.T.);
#2077=ORIENTED_EDGE('',*,*,#2076,.F.);
#2078=CARTESIAN_POINT('',(-42.418,81.407,32.512));
#2079=DIRECTION('',(0.0,-1.0,0.0));
#2080=DIRECTION('',(0.0,0.0,1.0));
#2081=AXIS2_PLACEMENT_3D('',#2078,#2079,#2080);
#2082=CIRCLE('',#2081,1.27);
#2083=EDGE_CURVE('',#2071,#1992,#2082,.T.);
#2084=ORIENTED_EDGE('',*,*,#2083,.T.);
#2085=ORIENTED_EDGE('',*,*,#1997,.F.);
#2086=CARTESIAN_POINT('',(-42.418,81.407,-32.512));
#2087=DIRECTION('',(0.0,-1.0,0.0));
#2088=DIRECTION('',(-1.0,0.0,0.0));
#2089=AXIS2_PLACEMENT_3D('',#2086,#2087,#2088);
#2090=CIRCLE('',#2089,1.27);
#2091=EDGE_CURVE('',#1984,#2016,#2090,.T.);
#2092=ORIENTED_EDGE('',*,*,#2091,.T.);
#2093=ORIENTED_EDGE('',*,*,#2021,.F.);
#2094=EDGE_LOOP('',(#2052,#2060,#2069,#2077,#2084,#2085,#2092,#2093));
#2095=FACE_BOUND('',#2094,.T.);
#2096=ADVANCED_FACE('',(#2095),#2043,.F.);
#2097=CARTESIAN_POINT('',(-44.958,81.407,33.782));
#2098=DIRECTION('',(0.0,0.0,1.0));
#2099=DIRECTION('',(1.0,0.0,-0.0));
#2100=AXIS2_PLACEMENT_3D('',#2097,#2098,#2099);
#2101=PLANE('',#2100);
#2102=ORIENTED_EDGE('',*,*,#2076,.T.);
#2103=CARTESIAN_POINT('',(42.418,81.407,33.782));
#2104=DIRECTION('',(-0.0,1.0,0.0));
#2105=VECTOR('',#2104,1.27);
#2106=LINE('',#2103,#2105);
#2107=EDGE_CURVE('',#2062,#1916,#2106,.T.);
#2108=ORIENTED_EDGE('',*,*,#2107,.T.);
#2109=ORIENTED_EDGE('',*,*,#1921,.F.);
#2110=CARTESIAN_POINT('',(-42.418,82.677,33.782));
#2111=DIRECTION('',(0.0,-1.0,0.0));
#2112=VECTOR('',#2111,1.27);
#2113=LINE('',#2110,#2112);
#2114=EDGE_CURVE('',#1907,#2071,#2113,.T.);
#2115=ORIENTED_EDGE('',*,*,#2114,.T.);
#2116=EDGE_LOOP('',(#2102,#2108,#2109,#2115));
#2117=FACE_BOUND('',#2116,.T.);
#2118=ADVANCED_FACE('',(#2117),#2101,.T.);
#2119=CARTESIAN_POINT('',(42.418,81.407,32.512));
#2120=DIRECTION('',(0.0,1.0,0.0));
#2121=DIRECTION('',(0.0,-0.0,1.0));
#2122=AXIS2_PLACEMENT_3D('',#2119,#2120,#2121);
#2123=CYLINDRICAL_SURFACE('',#2122,1.27);
#2124=ORIENTED_EDGE('',*,*,#2068,.F.);
#2125=CARTESIAN_POINT('',(43.688,82.677,32.512));
#2126=DIRECTION('',(0.0,-1.0,0.0));
#2127=VECTOR('',#2126,1.27);
#2128=LINE('',#2125,#2127);
#2129=EDGE_CURVE('',#1924,#2054,#2128,.T.);
#2130=ORIENTED_EDGE('',*,*,#2129,.F.);
#2131=ORIENTED_EDGE('',*,*,#1930,.F.);
#2132=ORIENTED_EDGE('',*,*,#2107,.F.);
#2133=EDGE_LOOP('',(#2124,#2130,#2131,#2132));
#2134=FACE_BOUND('',#2133,.T.);
#2135=ADVANCED_FACE('',(#2134),#2123,.T.);
#2136=CARTESIAN_POINT('',(-42.418,81.407,-32.512));
#2137=DIRECTION('',(0.0,1.0,0.0));
#2138=DIRECTION('',(0.0,-0.0,1.0));
#2139=AXIS2_PLACEMENT_3D('',#2136,#2137,#2138);
#2140=CYLINDRICAL_SURFACE('',#2139,1.27);
#2141=ORIENTED_EDGE('',*,*,#2091,.F.);
#2142=ORIENTED_EDGE('',*,*,#1989,.F.);
#2143=ORIENTED_EDGE('',*,*,#1962,.F.);
#2144=ORIENTED_EDGE('',*,*,#2027,.F.);
#2145=EDGE_LOOP('',(#2141,#2142,#2143,#2144));
#2146=FACE_BOUND('',#2145,.T.);
#2147=ADVANCED_FACE('',(#2146),#2140,.T.);
#2148=CARTESIAN_POINT('',(-42.418,81.407,32.512));
#2149=DIRECTION('',(0.0,1.0,0.0));
#2150=DIRECTION('',(0.0,-0.0,1.0));
#2151=AXIS2_PLACEMENT_3D('',#2148,#2149,#2150);
#2152=CYLINDRICAL_SURFACE('',#2151,1.27);
#2153=ORIENTED_EDGE('',*,*,#2083,.F.);
#2154=ORIENTED_EDGE('',*,*,#2114,.F.);
#2155=ORIENTED_EDGE('',*,*,#1913,.F.);
#2156=ORIENTED_EDGE('',*,*,#2003,.F.);
#2157=EDGE_LOOP('',(#2153,#2154,#2155,#2156));
#2158=FACE_BOUND('',#2157,.T.);
#2159=ADVANCED_FACE('',(#2158),#2152,.T.);
#2160=CARTESIAN_POINT('',(43.688,100.838,21.082));
#2161=DIRECTION('',(0.0,1.0,0.0));
#2162=DIRECTION('',(0.0,-0.0,1.0));
#2163=AXIS2_PLACEMENT_3D('',#2160,#2161,#2162);
#2164=PLANE('',#2163);
#2165=ORIENTED_EDGE('',*,*,#1397,.T.);
#2166=ORIENTED_EDGE('',*,*,#1885,.T.);
#2167=ORIENTED_EDGE('',*,*,#1361,.F.);
#2168=ORIENTED_EDGE('',*,*,#1220,.F.);
#2169=EDGE_LOOP('',(#2165,#2166,#2167,#2168));
#2170=FACE_BOUND('',#2169,.T.);
#2171=ADVANCED_FACE('',(#2170),#2164,.T.);
#2172=CARTESIAN_POINT('',(42.418,81.407,-32.512));
#2173=DIRECTION('',(0.0,1.0,0.0));
#2174=DIRECTION('',(0.0,-0.0,1.0));
#2175=AXIS2_PLACEMENT_3D('',#2172,#2173,#2174);
#2176=CYLINDRICAL_SURFACE('',#2175,1.27);
#2177=ORIENTED_EDGE('',*,*,#2051,.F.);
#2178=ORIENTED_EDGE('',*,*,#2034,.F.);
#2179=ORIENTED_EDGE('',*,*,#1947,.F.);
#2180=CARTESIAN_POINT('',(43.688,81.407,-32.512));
#2181=DIRECTION('',(-0.0,1.0,0.0));
#2182=VECTOR('',#2181,1.27);
#2183=LINE('',#2180,#2182);
#2184=EDGE_CURVE('',#2045,#1933,#2183,.T.);
#2185=ORIENTED_EDGE('',*,*,#2184,.F.);
#2186=EDGE_LOOP('',(#2177,#2178,#2179,#2185));
#2187=FACE_BOUND('',#2186,.T.);
#2188=ADVANCED_FACE('',(#2187),#2176,.T.);
#2189=CARTESIAN_POINT('',(43.688,81.407,35.052));
#2190=DIRECTION('',(1.0,0.0,0.0));
#2191=DIRECTION('',(0.0,0.0,-1.0));
#2192=AXIS2_PLACEMENT_3D('',#2189,#2190,#2191);
#2193=PLANE('',#2192);
#2194=ORIENTED_EDGE('',*,*,#2059,.T.);
#2195=ORIENTED_EDGE('',*,*,#2184,.T.);
#2196=ORIENTED_EDGE('',*,*,#1938,.F.);
#2197=ORIENTED_EDGE('',*,*,#2129,.T.);
#2198=EDGE_LOOP('',(#2194,#2195,#2196,#2197));
#2199=FACE_BOUND('',#2198,.T.);
#2200=ADVANCED_FACE('',(#2199),#2193,.T.);
#2201=CLOSED_SHELL('',(#1230,#1265,#1300,#1340,#1371,#1402,#1431,#1462,#1502,#1527,#1556,#1573,#1595,#1627,#1651,#1675,#1700,#1731,#1764,#1782,#1804,#1829,#1850,#1861,#1873,#1890,
#1976,#2007,#2038,#2096,#2118,#2135,#2147,#2159,#2171,#2188,#2200));
#2202=MANIFOLD_SOLID_BREP('Split2[2]',#2201);
#2203=COLOUR_RGB('',0.172941178,0.172941178,0.172941178);
#2204=FILL_AREA_STYLE_COLOUR('',#2203);
#2205=FILL_AREA_STYLE('',(#2204));
#2206=SURFACE_STYLE_FILL_AREA(#2205);
#2207=SURFACE_SIDE_STYLE('',(#2206));
#2208=SURFACE_STYLE_USAGE(.BOTH.,#2207);
#2209=PRESENTATION_STYLE_ASSIGNMENT((#2208));
#1190=STYLED_ITEM('',(#2209),#2202);
#2211=CARTESIAN_POINT('',(34.963,104.455652,21.0638379));
#2212=DIRECTION('',(0.0,-0.258819045,0.965925826));
#2213=DIRECTION('',(0.0,-0.965925826,-0.258819045));
#2214=AXIS2_PLACEMENT_3D('',#2211,#2212,#2213);
#2215=PLANE('',#2214);
#2216=CARTESIAN_POINT('',(33.36925,103.682911,20.8567826));
#2217=VERTEX_POINT('',#2216);
#2218=CARTESIAN_POINT('',(34.963,103.682911,20.8567826));
#2219=VERTEX_POINT('',#2218);
#2220=CARTESIAN_POINT('',(33.36925,103.682911,20.8567826));
#2221=DIRECTION('',(1.0,0.0,0.0));
#2222=VECTOR('',#2221,1.59375);
#2223=LINE('',#2220,#2222);
#2224=EDGE_CURVE('',#2217,#2219,#2223,.T.);
#2225=ORIENTED_EDGE('',*,*,#2224,.F.);
#2226=CARTESIAN_POINT('',(33.36925,104.455652,21.0638379));
#2227=VERTEX_POINT('',#2226);
#2228=CARTESIAN_POINT('',(33.36925,104.455652,21.0638379));
#2229=DIRECTION('',(0.0,-0.965925826,-0.258819045));
#2230=VECTOR('',#2229,0.8);
#2231=LINE('',#2228,#2230);
#2232=EDGE_CURVE('',#2227,#2217,#2231,.T.);
#2233=ORIENTED_EDGE('',*,*,#2232,.F.);
#2234=CARTESIAN_POINT('',(34.963,104.455652,21.0638379));
#2235=VERTEX_POINT('',#2234);
#2236=CARTESIAN_POINT('',(33.36925,104.455652,21.0638379));
#2237=DIRECTION('',(1.0,0.0,0.0));
#2238=VECTOR('',#2237,1.59375);
#2239=LINE('',#2236,#2238);
#2240=EDGE_CURVE('',#2227,#2235,#2239,.T.);
#2241=ORIENTED_EDGE('',*,*,#2240,.T.);
#2242=CARTESIAN_POINT('',(34.963,104.455652,21.0638379));
#2243=DIRECTION('',(0.0,-0.965925826,-0.258819045));
#2244=VECTOR('',#2243,0.8);
#2245=LINE('',#2242,#2244);
#2246=EDGE_CURVE('',#2235,#2219,#2245,.T.);
#2247=ORIENTED_EDGE('',*,*,#2246,.T.);
#2248=EDGE_LOOP('',(#2225,#2233,#2241,#2247));
#2249=FACE_BOUND('',#2248,.T.);
#2250=ADVANCED_FACE('',(#2249),#2215,.F.);
#2251=CARTESIAN_POINT('',(0.0,77.0627618,123.295495));
#2252=DIRECTION('',(0.0,-0.965925826,-0.258819045));
#2253=DIRECTION('',(1.0,0.0,0.0));
#2254=AXIS2_PLACEMENT_3D('',#2251,#2252,#2253);
#2255=PLANE('',#2254);
#2256=CARTESIAN_POINT('',(36.588,104.895644,19.421764));
#2257=VERTEX_POINT('',#2256);
#2258=CARTESIAN_POINT('',(36.588,105.672101,16.5239865));
#2259=VERTEX_POINT('',#2258);
#2260=CARTESIAN_POINT('',(36.588,104.895644,19.421764));
#2261=DIRECTION('',(0.0,0.258819045,-0.965925826));
#2262=VECTOR('',#2261,3.0);
#2263=LINE('',#2260,#2262);
#2264=EDGE_CURVE('',#2257,#2259,#2263,.T.);
#2265=ORIENTED_EDGE('',*,*,#2264,.T.);
#2266=CARTESIAN_POINT('',(38.088,105.672101,16.5239865));
#2267=VERTEX_POINT('',#2266);
#2268=CARTESIAN_POINT('',(36.588,105.672101,16.5239865));
#2269=DIRECTION('',(1.0,-9.57822877E-015,3.57464364E-014));
#2270=VECTOR('',#2269,1.5);
#2271=LINE('',#2268,#2270);
#2272=EDGE_CURVE('',#2259,#2267,#2271,.T.);
#2273=ORIENTED_EDGE('',*,*,#2272,.T.);
#2274=CARTESIAN_POINT('',(38.088,104.895644,19.421764));
#2275=VERTEX_POINT('',#2274);
#2276=CARTESIAN_POINT('',(38.088,105.672101,16.5239865));
#2277=DIRECTION('',(0.0,-0.258819045,0.965925826));
#2278=VECTOR('',#2277,3.0);
#2279=LINE('',#2276,#2278);
#2280=EDGE_CURVE('',#2267,#2275,#2279,.T.);
#2281=ORIENTED_EDGE('',*,*,#2280,.T.);
#2282=CARTESIAN_POINT('',(38.088,104.895644,19.421764));
#2283=DIRECTION('',(-1.0,9.57822877E-015,-3.57464364E-014));
#2284=VECTOR('',#2283,1.5);
#2285=LINE('',#2282,#2284);
#2286=EDGE_CURVE('',#2275,#2257,#2285,.T.);
#2287=ORIENTED_EDGE('',*,*,#2286,.T.);
#2288=EDGE_LOOP('',(#2265,#2273,#2281,#2287));
#2289=FACE_BOUND('',#2288,.T.);
#2290=CARTESIAN_POINT('',(41.30675,104.455652,21.0638379));
#2291=VERTEX_POINT('',#2290);
#2292=CARTESIAN_POINT('',(41.30675,103.983307,22.8266525));
#2293=VERTEX_POINT('',#2292);
#2294=CARTESIAN_POINT('',(41.30675,104.455652,21.0638379));
#2295=DIRECTION('',(0.0,-0.258819045,0.965925826));
#2296=VECTOR('',#2295,1.825);
#2297=LINE('',#2294,#2296);
#2298=EDGE_CURVE('',#2291,#2293,#2297,.T.);
#2299=ORIENTED_EDGE('',*,*,#2298,.F.);
#2300=CARTESIAN_POINT('',(39.713,104.455652,21.0638379));
#2301=VERTEX_POINT('',#2300);
#2302=CARTESIAN_POINT('',(39.713,104.455652,21.0638379));
#2303=DIRECTION('',(1.0,0.0,0.0));
#2304=VECTOR('',#2303,1.59375);
#2305=LINE('',#2302,#2304);
#2306=EDGE_CURVE('',#2301,#2291,#2305,.T.);
#2307=ORIENTED_EDGE('',*,*,#2306,.F.);
#2308=CARTESIAN_POINT('',(39.713,106.073271,15.0268015));
#2309=VERTEX_POINT('',#2308);
#2310=CARTESIAN_POINT('',(39.713,106.073271,15.0268015));
#2311=DIRECTION('',(0.0,-0.258819045,0.965925826));
#2312=VECTOR('',#2311,6.25);
#2313=LINE('',#2310,#2312);
#2314=EDGE_CURVE('',#2309,#2301,#2313,.T.);
#2315=ORIENTED_EDGE('',*,*,#2314,.F.);
#2316=CARTESIAN_POINT('',(38.713,106.33209,14.0608756));
#2317=VERTEX_POINT('',#2316);
#2318=CARTESIAN_POINT('',(38.713,106.33209,14.0608756));
#2319=DIRECTION('',(0.707106781,-0.183012702,0.683012702));
#2320=VECTOR('',#2319,1.41421356);
#2321=LINE('',#2318,#2320);
#2322=EDGE_CURVE('',#2317,#2309,#2321,.T.);
#2323=ORIENTED_EDGE('',*,*,#2322,.F.);
#2324=CARTESIAN_POINT('',(35.963,106.33209,14.0608756));
#2325=VERTEX_POINT('',#2324);
#2326=CARTESIAN_POINT('',(35.963,106.33209,14.0608756));
#2327=DIRECTION('',(1.0,0.0,0.0));
#2328=VECTOR('',#2327,2.75);
#2329=LINE('',#2326,#2328);
#2330=EDGE_CURVE('',#2325,#2317,#2329,.T.);
#2331=ORIENTED_EDGE('',*,*,#2330,.F.);
#2332=CARTESIAN_POINT('',(34.963,106.073271,15.0268015));
#2333=VERTEX_POINT('',#2332);
#2334=CARTESIAN_POINT('',(34.963,106.073271,15.0268015));
#2335=DIRECTION('',(0.707106781,0.183012702,-0.683012702));
#2336=VECTOR('',#2335,1.41421356);
#2337=LINE('',#2334,#2336);
#2338=EDGE_CURVE('',#2333,#2325,#2337,.T.);
#2339=ORIENTED_EDGE('',*,*,#2338,.F.);
#2340=CARTESIAN_POINT('',(34.963,104.455652,21.0638379));
#2341=DIRECTION('',(0.0,0.258819045,-0.965925826));
#2342=VECTOR('',#2341,6.25);
#2343=LINE('',#2340,#2342);
#2344=EDGE_CURVE('',#2235,#2333,#2343,.T.);
#2345=ORIENTED_EDGE('',*,*,#2344,.F.);
#2346=ORIENTED_EDGE('',*,*,#2240,.F.);
#2347=CARTESIAN_POINT('',(33.36925,103.983307,22.8266525));
#2348=VERTEX_POINT('',#2347);
#2349=CARTESIAN_POINT('',(33.36925,103.983307,22.8266525));
#2350=DIRECTION('',(0.0,0.258819045,-0.965925826));
#2351=VECTOR('',#2350,1.825);
#2352=LINE('',#2349,#2351);
#2353=EDGE_CURVE('',#2348,#2227,#2352,.T.);
#2354=ORIENTED_EDGE('',*,*,#2353,.F.);
#2355=CARTESIAN_POINT('',(41.30675,103.983307,22.8266525));
#2356=DIRECTION('',(-1.0,0.0,0.0));
#2357=VECTOR('',#2356,7.9375);
#2358=LINE('',#2355,#2357);
#2359=EDGE_CURVE('',#2293,#2348,#2358,.T.);
#2360=ORIENTED_EDGE('',*,*,#2359,.F.);
#2361=EDGE_LOOP('',(#2299,#2307,#2315,#2323,#2331,#2339,#2345,#2346,#2354,#2360));
#2362=FACE_BOUND('',#2361,.T.);
#2363=ADVANCED_FACE('',(#2289,#2362),#2255,.F.);
#2364=CARTESIAN_POINT('',(41.30675,103.161557,25.893467));
#2365=DIRECTION('',(-1.0,-0.0,0.0));
#2366=DIRECTION('',(0.0,-0.965925826,-0.258819045));
#2367=AXIS2_PLACEMENT_3D('',#2364,#2365,#2366);
#2368=PLANE('',#2367);
#2369=CARTESIAN_POINT('',(41.30675,103.682911,20.8567826));
#2370=VERTEX_POINT('',#2369);
#2371=CARTESIAN_POINT('',(41.30675,103.210567,22.6195973));
#2372=VERTEX_POINT('',#2371);
#2373=CARTESIAN_POINT('',(41.30675,103.682911,20.8567826));
#2374=DIRECTION('',(0.0,-0.258819045,0.965925826));
#2375=VECTOR('',#2374,1.825);
#2376=LINE('',#2373,#2375);
#2377=EDGE_CURVE('',#2370,#2372,#2376,.T.);
#2378=ORIENTED_EDGE('',*,*,#2377,.F.);
#2379=CARTESIAN_POINT('',(41.30675,104.455652,21.0638379));
#2380=DIRECTION('',(0.0,-0.965925826,-0.258819045));
#2381=VECTOR('',#2380,0.8);
#2382=LINE('',#2379,#2381);
#2383=EDGE_CURVE('',#2291,#2370,#2382,.T.);
#2384=ORIENTED_EDGE('',*,*,#2383,.F.);
#2385=ORIENTED_EDGE('',*,*,#2298,.T.);
#2386=CARTESIAN_POINT('',(41.30675,102.4255,24.022));
#2387=VERTEX_POINT('',#2386);
#2388=CARTESIAN_POINT('',(41.30675,102.4255,22.4092393));
#2389=DIRECTION('',(1.0,0.0,-0.0));
#2390=DIRECTION('',(0.0,0.965925826,0.258819045));
#2391=AXIS2_PLACEMENT_3D('',#2388,#2389,#2390);
#2392=CIRCLE('',#2391,1.61276067);
#2393=EDGE_CURVE('',#2293,#2387,#2392,.T.);
#2394=ORIENTED_EDGE('',*,*,#2393,.T.);
#2395=CARTESIAN_POINT('',(41.30675,100.838,24.022));
#2396=VERTEX_POINT('',#2395);
#2397=CARTESIAN_POINT('',(41.30675,102.4255,24.022));
#2398=DIRECTION('',(0.0,-1.0,0.0));
#2399=VECTOR('',#2398,1.5875);
#2400=LINE('',#2397,#2399);
#2401=EDGE_CURVE('',#2387,#2396,#2400,.T.);
#2402=ORIENTED_EDGE('',*,*,#2401,.T.);
#2403=CARTESIAN_POINT('',(41.30675,100.838,23.222));
#2404=VERTEX_POINT('',#2403);
#2405=CARTESIAN_POINT('',(41.30675,100.838,24.022));
#2406=DIRECTION('',(0.0,0.0,-1.0));
#2407=VECTOR('',#2406,0.8);
#2408=LINE('',#2405,#2407);
#2409=EDGE_CURVE('',#2396,#2404,#2408,.T.);
#2410=ORIENTED_EDGE('',*,*,#2409,.T.);
#2411=CARTESIAN_POINT('',(41.30675,102.4255,23.222));
#2412=VERTEX_POINT('',#2411);
#2413=CARTESIAN_POINT('',(41.30675,102.4255,23.222));
#2414=DIRECTION('',(0.0,-1.0,0.0));
#2415=VECTOR('',#2414,1.5875);
#2416=LINE('',#2413,#2415);
#2417=EDGE_CURVE('',#2412,#2404,#2416,.T.);
#2418=ORIENTED_EDGE('',*,*,#2417,.F.);
#2419=CARTESIAN_POINT('',(41.30675,102.4255,22.4092393));
#2420=DIRECTION('',(1.0,0.0,-0.0));
#2421=DIRECTION('',(0.0,0.965925826,0.258819045));
#2422=AXIS2_PLACEMENT_3D('',#2419,#2420,#2421);
#2423=CIRCLE('',#2422,0.812760666);
#2424=EDGE_CURVE('',#2372,#2412,#2423,.T.);
#2425=ORIENTED_EDGE('',*,*,#2424,.F.);
#2426=EDGE_LOOP('',(#2378,#2384,#2385,#2394,#2402,#2410,#2418,#2425));
#2427=FACE_BOUND('',#2426,.T.);
#2428=ADVANCED_FACE('',(#2427),#2368,.F.);
#2429=CARTESIAN_POINT('',(33.36925,103.161557,25.893467));
#2430=DIRECTION('',(1.0,0.0,-0.0));
#2431=DIRECTION('',(0.0,0.965925826,0.258819045));
#2432=AXIS2_PLACEMENT_3D('',#2429,#2430,#2431);
#2433=PLANE('',#2432);
#2434=ORIENTED_EDGE('',*,*,#2353,.T.);
#2435=ORIENTED_EDGE('',*,*,#2232,.T.);
#2436=CARTESIAN_POINT('',(33.36925,103.210567,22.6195973));
#2437=VERTEX_POINT('',#2436);
#2438=CARTESIAN_POINT('',(33.36925,103.210567,22.6195973));
#2439=DIRECTION('',(0.0,0.258819045,-0.965925826));
#2440=VECTOR('',#2439,1.825);
#2441=LINE('',#2438,#2440);
#2442=EDGE_CURVE('',#2437,#2217,#2441,.T.);
#2443=ORIENTED_EDGE('',*,*,#2442,.F.);
#2444=CARTESIAN_POINT('',(33.36925,102.4255,23.222));
#2445=VERTEX_POINT('',#2444);
#2446=CARTESIAN_POINT('',(33.36925,102.4255,22.4092393));
#2447=DIRECTION('',(-1.0,0.0,0.0));
#2448=DIRECTION('',(0.0,0.0,1.0));
#2449=AXIS2_PLACEMENT_3D('',#2446,#2447,#2448);
#2450=CIRCLE('',#2449,0.812760666);
#2451=EDGE_CURVE('',#2445,#2437,#2450,.T.);
#2452=ORIENTED_EDGE('',*,*,#2451,.F.);
#2453=CARTESIAN_POINT('',(33.36925,100.838,23.222));
#2454=VERTEX_POINT('',#2453);
#2455=CARTESIAN_POINT('',(33.36925,100.838,23.222));
#2456=DIRECTION('',(-0.0,1.0,0.0));
#2457=VECTOR('',#2456,1.5875);
#2458=LINE('',#2455,#2457);
#2459=EDGE_CURVE('',#2454,#2445,#2458,.T.);
#2460=ORIENTED_EDGE('',*,*,#2459,.F.);
#2461=CARTESIAN_POINT('',(33.36925,100.838,24.022));
#2462=VERTEX_POINT('',#2461);
#2463=CARTESIAN_POINT('',(33.36925,100.838,24.022));
#2464=DIRECTION('',(0.0,0.0,-1.0));
#2465=VECTOR('',#2464,0.8);
#2466=LINE('',#2463,#2465);
#2467=EDGE_CURVE('',#2462,#2454,#2466,.T.);
#2468=ORIENTED_EDGE('',*,*,#2467,.F.);
#2469=CARTESIAN_POINT('',(33.36925,102.4255,24.022));
#2470=VERTEX_POINT('',#2469);
#2471=CARTESIAN_POINT('',(33.36925,100.838,24.022));
#2472=DIRECTION('',(-0.0,1.0,0.0));
#2473=VECTOR('',#2472,1.5875);
#2474=LINE('',#2471,#2473);
#2475=EDGE_CURVE('',#2462,#2470,#2474,.T.);
#2476=ORIENTED_EDGE('',*,*,#2475,.T.);
#2477=CARTESIAN_POINT('',(33.36925,102.4255,22.4092393));
#2478=DIRECTION('',(-1.0,0.0,0.0));
#2479=DIRECTION('',(0.0,0.0,1.0));
#2480=AXIS2_PLACEMENT_3D('',#2477,#2478,#2479);
#2481=CIRCLE('',#2480,1.61276067);
#2482=EDGE_CURVE('',#2470,#2348,#2481,.T.);
#2483=ORIENTED_EDGE('',*,*,#2482,.T.);
#2484=EDGE_LOOP('',(#2434,#2435,#2443,#2452,#2460,#2468,#2476,#2483));
#2485=FACE_BOUND('',#2484,.T.);
#2486=ADVANCED_FACE('',(#2485),#2433,.F.);
#2487=CARTESIAN_POINT('',(0.0,76.2900212,123.08844));
#2488=DIRECTION('',(0.0,-0.965925826,-0.258819045));
#2489=DIRECTION('',(1.0,0.0,0.0));
#2490=AXIS2_PLACEMENT_3D('',#2487,#2488,#2489);
#2491=PLANE('',#2490);
#2492=CARTESIAN_POINT('',(41.30675,103.210567,22.6195973));
#2493=DIRECTION('',(-1.0,0.0,0.0));
#2494=VECTOR('',#2493,7.9375);
#2495=LINE('',#2492,#2494);
#2496=EDGE_CURVE('',#2372,#2437,#2495,.T.);
#2497=ORIENTED_EDGE('',*,*,#2496,.T.);
#2498=ORIENTED_EDGE('',*,*,#2442,.T.);
#2499=ORIENTED_EDGE('',*,*,#2224,.T.);
#2500=CARTESIAN_POINT('',(34.963,105.30053,14.8197462));
#2501=VERTEX_POINT('',#2500);
#2502=CARTESIAN_POINT('',(34.963,103.682911,20.8567826));
#2503=DIRECTION('',(0.0,0.258819045,-0.965925826));
#2504=VECTOR('',#2503,6.25);
#2505=LINE('',#2502,#2504);
#2506=EDGE_CURVE('',#2219,#2501,#2505,.T.);
#2507=ORIENTED_EDGE('',*,*,#2506,.T.);
#2508=CARTESIAN_POINT('',(35.963,105.559349,13.8538204));
#2509=VERTEX_POINT('',#2508);
#2510=CARTESIAN_POINT('',(34.963,105.30053,14.8197462));
#2511=DIRECTION('',(0.707106781,0.183012702,-0.683012702));
#2512=VECTOR('',#2511,1.41421356);
#2513=LINE('',#2510,#2512);
#2514=EDGE_CURVE('',#2501,#2509,#2513,.T.);
#2515=ORIENTED_EDGE('',*,*,#2514,.T.);
#2516=CARTESIAN_POINT('',(38.713,105.559349,13.8538204));
#2517=VERTEX_POINT('',#2516);
#2518=CARTESIAN_POINT('',(35.963,105.559349,13.8538204));
#2519=DIRECTION('',(1.0,0.0,0.0));
#2520=VECTOR('',#2519,2.75);
#2521=LINE('',#2518,#2520);
#2522=EDGE_CURVE('',#2509,#2517,#2521,.T.);
#2523=ORIENTED_EDGE('',*,*,#2522,.T.);
#2524=CARTESIAN_POINT('',(39.713,105.30053,14.8197462));
#2525=VERTEX_POINT('',#2524);
#2526=CARTESIAN_POINT('',(38.713,105.559349,13.8538204));
#2527=DIRECTION('',(0.707106781,-0.183012702,0.683012702));
#2528=VECTOR('',#2527,1.41421356);
#2529=LINE('',#2526,#2528);
#2530=EDGE_CURVE('',#2517,#2525,#2529,.T.);
#2531=ORIENTED_EDGE('',*,*,#2530,.T.);
#2532=CARTESIAN_POINT('',(39.713,103.682911,20.8567826));
#2533=VERTEX_POINT('',#2532);
#2534=CARTESIAN_POINT('',(39.713,105.30053,14.8197462));
#2535=DIRECTION('',(0.0,-0.258819045,0.965925826));
#2536=VECTOR('',#2535,6.25);
#2537=LINE('',#2534,#2536);
#2538=EDGE_CURVE('',#2525,#2533,#2537,.T.);
#2539=ORIENTED_EDGE('',*,*,#2538,.T.);
#2540=CARTESIAN_POINT('',(39.713,103.682911,20.8567826));
#2541=DIRECTION('',(1.0,0.0,0.0));
#2542=VECTOR('',#2541,1.59375);
#2543=LINE('',#2540,#2542);
#2544=EDGE_CURVE('',#2533,#2370,#2543,.T.);
#2545=ORIENTED_EDGE('',*,*,#2544,.T.);
#2546=ORIENTED_EDGE('',*,*,#2377,.T.);
#2547=EDGE_LOOP('',(#2497,#2498,#2499,#2507,#2515,#2523,#2531,#2539,#2545,#2546));
#2548=FACE_BOUND('',#2547,.T.);
#2549=CARTESIAN_POINT('',(38.088,104.122904,19.2147087));
#2550=VERTEX_POINT('',#2549);
#2551=CARTESIAN_POINT('',(36.588,104.122904,19.2147087));
#2552=VERTEX_POINT('',#2551);
#2553=CARTESIAN_POINT('',(38.088,104.122904,19.2147087));
#2554=DIRECTION('',(-1.0,9.57822877E-015,-3.57464364E-014));
#2555=VECTOR('',#2554,1.5);
#2556=LINE('',#2553,#2555);
#2557=EDGE_CURVE('',#2550,#2552,#2556,.T.);
#2558=ORIENTED_EDGE('',*,*,#2557,.F.);
#2559=CARTESIAN_POINT('',(38.088,104.899361,16.3169313));
#2560=VERTEX_POINT('',#2559);
#2561=CARTESIAN_POINT('',(38.088,104.899361,16.3169313));
#2562=DIRECTION('',(0.0,-0.258819045,0.965925826));
#2563=VECTOR('',#2562,3.0);
#2564=LINE('',#2561,#2563);
#2565=EDGE_CURVE('',#2560,#2550,#2564,.T.);
#2566=ORIENTED_EDGE('',*,*,#2565,.F.);
#2567=CARTESIAN_POINT('',(36.588,104.899361,16.3169313));
#2568=VERTEX_POINT('',#2567);
#2569=CARTESIAN_POINT('',(36.588,104.899361,16.3169313));
#2570=DIRECTION('',(1.0,-9.57822877E-015,3.57464364E-014));
#2571=VECTOR('',#2570,1.5);
#2572=LINE('',#2569,#2571);
#2573=EDGE_CURVE('',#2568,#2560,#2572,.T.);
#2574=ORIENTED_EDGE('',*,*,#2573,.F.);
#2575=CARTESIAN_POINT('',(36.588,104.122904,19.2147087));
#2576=DIRECTION('',(0.0,0.258819045,-0.965925826));
#2577=VECTOR('',#2576,3.0);
#2578=LINE('',#2575,#2577);
#2579=EDGE_CURVE('',#2552,#2568,#2578,.T.);
#2580=ORIENTED_EDGE('',*,*,#2579,.F.);
#2581=EDGE_LOOP('',(#2558,#2566,#2574,#2580));
#2582=FACE_BOUND('',#2581,.T.);
#2583=ADVANCED_FACE('',(#2548,#2582),#2491,.T.);
#2584=CARTESIAN_POINT('',(33.36925,102.4255,22.4092393));
#2585=DIRECTION('',(1.0,0.0,0.0));
#2586=DIRECTION('',(-0.0,1.0,0.0));
#2587=AXIS2_PLACEMENT_3D('',#2584,#2585,#2586);
#2588=CYLINDRICAL_SURFACE('',#2587,1.61276067);
#2589=ORIENTED_EDGE('',*,*,#2359,.T.);
#2590=ORIENTED_EDGE('',*,*,#2482,.F.);
#2591=CARTESIAN_POINT('',(41.30675,102.4255,24.022));
#2592=DIRECTION('',(-1.0,0.0,0.0));
#2593=VECTOR('',#2592,7.9375);
#2594=LINE('',#2591,#2593);
#2595=EDGE_CURVE('',#2387,#2470,#2594,.T.);
#2596=ORIENTED_EDGE('',*,*,#2595,.F.);
#2597=ORIENTED_EDGE('',*,*,#2393,.F.);
#2598=EDGE_LOOP('',(#2589,#2590,#2596,#2597));
#2599=FACE_BOUND('',#2598,.T.);
#2600=ADVANCED_FACE('',(#2599),#2588,.T.);
#2601=CARTESIAN_POINT('',(36.588,104.895644,19.421764));
#2602=DIRECTION('',(1.0,0.0,-0.0));
#2603=DIRECTION('',(0.0,0.965925826,0.258819045));
#2604=AXIS2_PLACEMENT_3D('',#2601,#2602,#2603);
#2605=PLANE('',#2604);
#2606=ORIENTED_EDGE('',*,*,#2579,.T.);
#2607=CARTESIAN_POINT('',(36.588,105.672101,16.5239865));
#2608=DIRECTION('',(0.0,-0.965925826,-0.258819045));
#2609=VECTOR('',#2608,0.8);
#2610=LINE('',#2607,#2609);
#2611=EDGE_CURVE('',#2259,#2568,#2610,.T.);
#2612=ORIENTED_EDGE('',*,*,#2611,.F.);
#2613=ORIENTED_EDGE('',*,*,#2264,.F.);
#2614=CARTESIAN_POINT('',(36.588,104.895644,19.421764));
#2615=DIRECTION('',(0.0,-0.965925826,-0.258819045));
#2616=VECTOR('',#2615,0.8);
#2617=LINE('',#2614,#2616);
#2618=EDGE_CURVE('',#2257,#2552,#2617,.T.);
#2619=ORIENTED_EDGE('',*,*,#2618,.T.);
#2620=EDGE_LOOP('',(#2606,#2612,#2613,#2619));
#2621=FACE_BOUND('',#2620,.T.);
#2622=ADVANCED_FACE('',(#2621),#2605,.T.);
#2623=CARTESIAN_POINT('',(38.088,105.672101,16.5239865));
#2624=DIRECTION('',(-3.7006073E-014,-0.258819045,0.965925826));
#2625=DIRECTION('',(-1.0,9.57567359E-015,-3.57457119E-014));
#2626=AXIS2_PLACEMENT_3D('',#2623,#2624,#2625);
#2627=PLANE('',#2626);
#2628=ORIENTED_EDGE('',*,*,#2573,.T.);
#2629=CARTESIAN_POINT('',(38.088,105.672101,16.5239865));
#2630=DIRECTION('',(0.0,-0.965925826,-0.258819045));
#2631=VECTOR('',#2630,0.8);
#2632=LINE('',#2629,#2631);
#2633=EDGE_CURVE('',#2267,#2560,#2632,.T.);
#2634=ORIENTED_EDGE('',*,*,#2633,.F.);
#2635=ORIENTED_EDGE('',*,*,#2272,.F.);
#2636=ORIENTED_EDGE('',*,*,#2611,.T.);
#2637=EDGE_LOOP('',(#2628,#2634,#2635,#2636));
#2638=FACE_BOUND('',#2637,.T.);
#2639=ADVANCED_FACE('',(#2638),#2627,.T.);
#2640=CARTESIAN_POINT('',(38.088,104.895644,19.421764));
#2641=DIRECTION('',(-1.0,-0.0,0.0));
#2642=DIRECTION('',(0.0,-0.965925826,-0.258819045));
#2643=AXIS2_PLACEMENT_3D('',#2640,#2641,#2642);
#2644=PLANE('',#2643);
#2645=ORIENTED_EDGE('',*,*,#2565,.T.);
#2646=CARTESIAN_POINT('',(38.088,104.895644,19.421764));
#2647=DIRECTION('',(0.0,-0.965925826,-0.258819045));
#2648=VECTOR('',#2647,0.8);
#2649=LINE('',#2646,#2648);
#2650=EDGE_CURVE('',#2275,#2550,#2649,.T.);
#2651=ORIENTED_EDGE('',*,*,#2650,.F.);
#2652=ORIENTED_EDGE('',*,*,#2280,.F.);
#2653=ORIENTED_EDGE('',*,*,#2633,.T.);
#2654=EDGE_LOOP('',(#2645,#2651,#2652,#2653));
#2655=FACE_BOUND('',#2654,.T.);
#2656=ADVANCED_FACE('',(#2655),#2644,.T.);
#2657=CARTESIAN_POINT('',(0.0,0.0,24.022));
#2658=DIRECTION('',(0.0,0.0,-1.0));
#2659=DIRECTION('',(1.0,0.0,0.0));
#2660=AXIS2_PLACEMENT_3D('',#2657,#2658,#2659);
#2661=PLANE('',#2660);
#2662=ORIENTED_EDGE('',*,*,#2595,.T.);
#2663=ORIENTED_EDGE('',*,*,#2475,.F.);
#2664=CARTESIAN_POINT('',(41.30675,100.838,24.022));
#2665=DIRECTION('',(-1.0,0.0,0.0));
#2666=VECTOR('',#2665,7.9375);
#2667=LINE('',#2664,#2666);
#2668=EDGE_CURVE('',#2396,#2462,#2667,.T.);
#2669=ORIENTED_EDGE('',*,*,#2668,.F.);
#2670=ORIENTED_EDGE('',*,*,#2401,.F.);
#2671=EDGE_LOOP('',(#2662,#2663,#2669,#2670));
#2672=FACE_BOUND('',#2671,.T.);
#2673=ADVANCED_FACE('',(#2672),#2661,.F.);
#2674=CARTESIAN_POINT('',(33.36925,102.4255,22.4092393));
#2675=DIRECTION('',(1.0,0.0,0.0));
#2676=DIRECTION('',(-0.0,1.0,0.0));
#2677=AXIS2_PLACEMENT_3D('',#2674,#2675,#2676);
#2678=CYLINDRICAL_SURFACE('',#2677,0.812760666);
#2679=ORIENTED_EDGE('',*,*,#2424,.T.);
#2680=CARTESIAN_POINT('',(41.30675,102.4255,23.222));
#2681=DIRECTION('',(-1.0,0.0,0.0));
#2682=VECTOR('',#2681,7.9375);
#2683=LINE('',#2680,#2682);
#2684=EDGE_CURVE('',#2412,#2445,#2683,.T.);
#2685=ORIENTED_EDGE('',*,*,#2684,.T.);
#2686=ORIENTED_EDGE('',*,*,#2451,.T.);
#2687=ORIENTED_EDGE('',*,*,#2496,.F.);
#2688=EDGE_LOOP('',(#2679,#2685,#2686,#2687));
#2689=FACE_BOUND('',#2688,.T.);
#2690=ADVANCED_FACE('',(#2689),#2678,.F.);
#2691=CARTESIAN_POINT('',(0.0,0.0,23.222));
#2692=DIRECTION('',(0.0,0.0,-1.0));
#2693=DIRECTION('',(1.0,0.0,0.0));
#2694=AXIS2_PLACEMENT_3D('',#2691,#2692,#2693);
#2695=PLANE('',#2694);
#2696=ORIENTED_EDGE('',*,*,#2417,.T.);
#2697=CARTESIAN_POINT('',(41.30675,100.838,23.222));
#2698=DIRECTION('',(-1.0,0.0,0.0));
#2699=VECTOR('',#2698,7.9375);
#2700=LINE('',#2697,#2699);
#2701=EDGE_CURVE('',#2404,#2454,#2700,.T.);
#2702=ORIENTED_EDGE('',*,*,#2701,.T.);
#2703=ORIENTED_EDGE('',*,*,#2459,.T.);
#2704=ORIENTED_EDGE('',*,*,#2684,.F.);
#2705=EDGE_LOOP('',(#2696,#2702,#2703,#2704));
#2706=FACE_BOUND('',#2705,.T.);
#2707=ADVANCED_FACE('',(#2706),#2695,.T.);
#2708=CARTESIAN_POINT('',(41.30675,104.455652,21.0638379));
#2709=DIRECTION('',(0.0,-0.258819045,0.965925826));
#2710=DIRECTION('',(0.0,-0.965925826,-0.258819045));
#2711=AXIS2_PLACEMENT_3D('',#2708,#2709,#2710);
#2712=PLANE('',#2711);
#2713=ORIENTED_EDGE('',*,*,#2544,.F.);
#2714=CARTESIAN_POINT('',(39.713,104.455652,21.0638379));
#2715=DIRECTION('',(0.0,-0.965925826,-0.258819045));
#2716=VECTOR('',#2715,0.8);
#2717=LINE('',#2714,#2716);
#2718=EDGE_CURVE('',#2301,#2533,#2717,.T.);
#2719=ORIENTED_EDGE('',*,*,#2718,.F.);
#2720=ORIENTED_EDGE('',*,*,#2306,.T.);
#2721=ORIENTED_EDGE('',*,*,#2383,.T.);
#2722=EDGE_LOOP('',(#2713,#2719,#2720,#2721));
#2723=FACE_BOUND('',#2722,.T.);
#2724=ADVANCED_FACE('',(#2723),#2712,.F.);
#2725=CARTESIAN_POINT('',(43.688,100.838,21.082));
#2726=DIRECTION('',(0.0,1.0,0.0));
#2727=DIRECTION('',(0.0,-0.0,1.0));
#2728=AXIS2_PLACEMENT_3D('',#2725,#2726,#2727);
#2729=PLANE('',#2728);
#2730=ORIENTED_EDGE('',*,*,#2467,.T.);
#2731=ORIENTED_EDGE('',*,*,#2701,.F.);
#2732=ORIENTED_EDGE('',*,*,#2409,.F.);
#2733=ORIENTED_EDGE('',*,*,#2668,.T.);
#2734=EDGE_LOOP('',(#2730,#2731,#2732,#2733));
#2735=FACE_BOUND('',#2734,.T.);
#2736=ADVANCED_FACE('',(#2735),#2729,.F.);
#2737=CARTESIAN_POINT('',(38.088,104.895644,19.421764));
#2738=DIRECTION('',(3.7006073E-014,0.258819045,-0.965925826));
#2739=DIRECTION('',(1.0,-9.57567359E-015,3.57457119E-014));
#2740=AXIS2_PLACEMENT_3D('',#2737,#2738,#2739);
#2741=PLANE('',#2740);
#2742=ORIENTED_EDGE('',*,*,#2557,.T.);
#2743=ORIENTED_EDGE('',*,*,#2618,.F.);
#2744=ORIENTED_EDGE('',*,*,#2286,.F.);
#2745=ORIENTED_EDGE('',*,*,#2650,.T.);
#2746=EDGE_LOOP('',(#2742,#2743,#2744,#2745));
#2747=FACE_BOUND('',#2746,.T.);
#2748=ADVANCED_FACE('',(#2747),#2741,.T.);
#2749=CARTESIAN_POINT('',(39.713,104.455652,21.0638379));
#2750=DIRECTION('',(-1.0,-0.0,0.0));
#2751=DIRECTION('',(0.0,-0.965925826,-0.258819045));
#2752=AXIS2_PLACEMENT_3D('',#2749,#2750,#2751);
#2753=PLANE('',#2752);
#2754=ORIENTED_EDGE('',*,*,#2538,.F.);
#2755=CARTESIAN_POINT('',(39.713,106.073271,15.0268015));
#2756=DIRECTION('',(0.0,-0.965925826,-0.258819045));
#2757=VECTOR('',#2756,0.8);
#2758=LINE('',#2755,#2757);
#2759=EDGE_CURVE('',#2309,#2525,#2758,.T.);
#2760=ORIENTED_EDGE('',*,*,#2759,.F.);
#2761=ORIENTED_EDGE('',*,*,#2314,.T.);
#2762=ORIENTED_EDGE('',*,*,#2718,.T.);
#2763=EDGE_LOOP('',(#2754,#2760,#2761,#2762));
#2764=FACE_BOUND('',#2763,.T.);
#2765=ADVANCED_FACE('',(#2764),#2753,.F.);
#2766=CARTESIAN_POINT('',(39.713,106.073271,15.0268015));
#2767=DIRECTION('',(-0.707106781,-0.183012702,0.683012702));
#2768=DIRECTION('',(-0.707106781,0.183012702,-0.683012702));
#2769=AXIS2_PLACEMENT_3D('',#2766,#2767,#2768);
#2770=PLANE('',#2769);
#2771=ORIENTED_EDGE('',*,*,#2530,.F.);
#2772=CARTESIAN_POINT('',(38.713,106.33209,14.0608756));
#2773=DIRECTION('',(0.0,-0.965925826,-0.258819045));
#2774=VECTOR('',#2773,0.8);
#2775=LINE('',#2772,#2774);
#2776=EDGE_CURVE('',#2317,#2517,#2775,.T.);
#2777=ORIENTED_EDGE('',*,*,#2776,.F.);
#2778=ORIENTED_EDGE('',*,*,#2322,.T.);
#2779=ORIENTED_EDGE('',*,*,#2759,.T.);
#2780=EDGE_LOOP('',(#2771,#2777,#2778,#2779));
#2781=FACE_BOUND('',#2780,.T.);
#2782=ADVANCED_FACE('',(#2781),#2770,.F.);
#2783=CARTESIAN_POINT('',(38.713,106.33209,14.0608756));
#2784=DIRECTION('',(0.0,-0.258819045,0.965925826));
#2785=DIRECTION('',(0.0,-0.965925826,-0.258819045));
#2786=AXIS2_PLACEMENT_3D('',#2783,#2784,#2785);
#2787=PLANE('',#2786);
#2788=ORIENTED_EDGE('',*,*,#2522,.F.);
#2789=CARTESIAN_POINT('',(35.963,106.33209,14.0608756));
#2790=DIRECTION('',(0.0,-0.965925826,-0.258819045));
#2791=VECTOR('',#2790,0.8);
#2792=LINE('',#2789,#2791);
#2793=EDGE_CURVE('',#2325,#2509,#2792,.T.);
#2794=ORIENTED_EDGE('',*,*,#2793,.F.);
#2795=ORIENTED_EDGE('',*,*,#2330,.T.);
#2796=ORIENTED_EDGE('',*,*,#2776,.T.);
#2797=EDGE_LOOP('',(#2788,#2794,#2795,#2796));
#2798=FACE_BOUND('',#2797,.T.);
#2799=ADVANCED_FACE('',(#2798),#2787,.F.);
#2800=CARTESIAN_POINT('',(35.963,106.33209,14.0608756));
#2801=DIRECTION('',(0.707106781,-0.183012702,0.683012702));
#2802=DIRECTION('',(-0.707106781,-0.183012702,0.683012702));
#2803=AXIS2_PLACEMENT_3D('',#2800,#2801,#2802);
#2804=PLANE('',#2803);
#2805=ORIENTED_EDGE('',*,*,#2514,.F.);
#2806=CARTESIAN_POINT('',(34.963,106.073271,15.0268015));
#2807=DIRECTION('',(0.0,-0.965925826,-0.258819045));
#2808=VECTOR('',#2807,0.8);
#2809=LINE('',#2806,#2808);
#2810=EDGE_CURVE('',#2333,#2501,#2809,.T.);
#2811=ORIENTED_EDGE('',*,*,#2810,.F.);
#2812=ORIENTED_EDGE('',*,*,#2338,.T.);
#2813=ORIENTED_EDGE('',*,*,#2793,.T.);
#2814=EDGE_LOOP('',(#2805,#2811,#2812,#2813));
#2815=FACE_BOUND('',#2814,.T.);
#2816=ADVANCED_FACE('',(#2815),#2804,.F.);
#2817=CARTESIAN_POINT('',(34.963,104.455652,21.0638379));
#2818=DIRECTION('',(1.0,0.0,-0.0));
#2819=DIRECTION('',(0.0,0.965925826,0.258819045));
#2820=AXIS2_PLACEMENT_3D('',#2817,#2818,#2819);
#2821=PLANE('',#2820);
#2822=ORIENTED_EDGE('',*,*,#2506,.F.);
#2823=ORIENTED_EDGE('',*,*,#2246,.F.);
#2824=ORIENTED_EDGE('',*,*,#2344,.T.);
#2825=ORIENTED_EDGE('',*,*,#2810,.T.);
#2826=EDGE_LOOP('',(#2822,#2823,#2824,#2825));
#2827=FACE_BOUND('',#2826,.T.);
#2828=ADVANCED_FACE('',(#2827),#2821,.F.);
#2829=CLOSED_SHELL('',(#2250,#2363,#2428,#2486,#2583,#2600,#2622,#2639,#2656,#2673,#2690,#2707,#2724,#2736,#2748,#2765,#2782,#2799,#2816,#2828));
#2830=MANIFOLD_SOLID_BREP('Split2[1]',#2829);
#2210=STYLED_ITEM('',(#1189),#2830);
#16=SHAPE_REPRESENTATION('Default',(#15),#10);
#2831=ADVANCED_BREP_SHAPE_REPRESENTATION('Default',(#554,#1182,#2202,#2830),#10);
#2832=SHAPE_REPRESENTATION_RELATIONSHIP('','',#16,#2831);
#2833=APPLICATION_CONTEXT('Managed model based 3d engineering');
#2834=APPLICATION_PROTOCOL_DEFINITION('international standard','ap242_managed_model_based_3d_engineering',2013,#2833);
#2835=PRODUCT_CONTEXT('',#2833,'mechanical');
#2836=PRODUCT_DEFINITION_CONTEXT('part definition',#2833,'design');
#18=PRODUCT('Default','Default','',(#2835));
#2837=PRODUCT_RELATED_PRODUCT_CATEGORY('part','',(#18));
#2838=PRODUCT_DEFINITION_FORMATION_WITH_SPECIFIED_SOURCE('','',#18,.NOT_KNOWN.);
#19=PRODUCT_DEFINITION('design','',#2838,#2836);
#17=PRODUCT_DEFINITION_SHAPE('','',#19);
#2839=SHAPE_DEFINITION_REPRESENTATION(#17,#16);
#11=DRAUGHTING_MODEL('',(),#10);
#2841=CARTESIAN_POINT('',(0.0,53.1660461,0.0));
#2842=DIRECTION('',(0.315233289,0.33752425,0.886964122));
#2843=DIRECTION('',(0.942258856,-1.50585108E-009,-0.334885426));
#2844=AXIS2_PLACEMENT_3D('Current Model View',#2841,#2842,#2843);
#2845=CARTESIAN_POINT('',(-196.5343,-112.831112,547.41413));
#2846=DIRECTION('',(0.315233289,0.33752425,0.886964122));
#2847=DIRECTION('',(0.942258856,-1.50585108E-009,-0.334885426));
#2848=AXIS2_PLACEMENT_3D('Current Model View',#2845,#2846,#2847);
#2850=CARTESIAN_POINT('Current Model View',(145.927944,244.061198,472.438739));
#2851=PLANAR_BOX('',351.646698,351.646698,#2848);
#2849=VIEW_VOLUME(.PARALLEL.,#2850,0.0,0.0,.F.,0.0,.F.,.F.,#2851);
#2840=CAMERA_MODEL_D3('Current Model View',#2844,#2849);
#2852=DRAUGHTING_MODEL('Current Model View',(#2840),#10);
#2853=MECHANICAL_DESIGN_AND_DRAUGHTING_RELATIONSHIP('Current Model View','',#2852,#11);
#2854=PRESENTATION_LAYER_ASSIGNMENT('0','0',(#554,#554,#1182,#1182,#2202,#2202,#2830,#2830));
#1=MECHANICAL_DESIGN_GEOMETRIC_PRESENTATION_REPRESENTATION('',(#20,#562,#1190,#2210),#10);
ENDSEC;
END-ISO-10303-21;
