ISO-10303-21;
HEADER;
FILE_DESCRIPTION (( 'STEP AP214' ),
    '1' );
FILE_NAME ('cap.STEP',
    '2026-08-05T06:57:50',
    ( '' ),
    ( '' ),
    'SwSTEP 2.0',
    'SolidWorks 2023',
    '' );
FILE_SCHEMA (( 'AUTOMOTIVE_DESIGN' ));
ENDSEC;

DATA;
#1 = VERTEX_POINT ( 'NONE', #2074 ) ;
#2 = EDGE_CURVE ( 'NONE', #339, #6699, #673, .T. ) ;
#3 = DIRECTION ( 'NONE',  ( 0.000000000000000000, 0.000000000000000000, 1.000000000000000000 ) ) ;
#4 = CARTESIAN_POINT ( 'NONE',  ( 6.242692900426339619, 2.255681435097325771, 7.812463274735163665 ) ) ;
#5 = CARTESIAN_POINT ( 'NONE',  ( -1.260587625341245133, 8.000000000000000000, 2.043718524445536477 ) ) ;
#6 = CIRCLE ( 'NONE', #3261, 0.4999999999999995559 ) ;
#7 = EDGE_CURVE ( 'NONE', #3175, #2817, #792, .T. ) ;
#8 = CIRCLE ( 'NONE', #3728, 9.500000000000000000 ) ;
#9 = CARTESIAN_POINT ( 'NONE',  ( 8.840214275616579798, 2.279592747210292369, 4.462380288428944297 ) ) ;
#10 = DIRECTION ( 'NONE',  ( -0.000000000000000000, 1.000000000000000000, -0.000000000000000000 ) ) ;
#11 = FACE_OUTER_BOUND ( 'NONE', #7080, .T. ) ;
#12 = ORIENTED_EDGE ( 'NONE', *, *, #6077, .F. ) ;
#13 = CYLINDRICAL_SURFACE ( 'NONE', #1059, 0.5000000000000004441 ) ;
#14 = EDGE_LOOP ( 'NONE', ( #6188, #6232, #5099, #2826 ) ) ;
#16 = EDGE_CURVE ( 'NONE', #1768, #5728, #4855, .T. ) ;
#15 = VECTOR ( 'NONE', #521, 1000.000000000000000 ) ;
#17 = AXIS2_PLACEMENT_3D ( 'NONE', #1868, #5744, #4652 ) ;
#18 = CARTESIAN_POINT ( 'NONE',  ( 4.335404163388677290, 2.048970607329219540, -9.012158091705517293 ) ) ;
#19 = CARTESIAN_POINT ( 'NONE',  ( 6.245516373440833213, 2.248135892564179450, 7.810231214632278096 ) ) ;
#20 = LINE ( 'NONE', #489, #2462 ) ;
#21 = CARTESIAN_POINT ( 'NONE',  ( -9.157360018292973081, 2.134291405717182677, -3.607854241819043573 ) ) ;
#22 = VECTOR ( 'NONE', #4003, 1000.000000000000000 ) ;
#23 = AXIS2_PLACEMENT_3D ( 'NONE', #210, #982, #1525 ) ;
#24 = CARTESIAN_POINT ( 'NONE',  ( 0.8789046367422000960, 2.438027874578145848, -9.885393342147601459 ) ) ;
#25 = ORIENTED_EDGE ( 'NONE', *, *, #5027, .F. ) ;
#26 = CARTESIAN_POINT ( 'NONE',  ( -2.873880099894592810, 2.410376625841652576, 9.579266306900080963 ) ) ;
#27 = ORIENTED_EDGE ( 'NONE', *, *, #6880, .F. ) ;
#28 = AXIS2_PLACEMENT_3D ( 'NONE', #43, #1176, #3392 ) ;
#29 = DIRECTION ( 'NONE',  ( 0.000000000000000000, 0.000000000000000000, 1.000000000000000000 ) ) ;
#30 = DIRECTION ( 'NONE',  ( 0.000000000000000000, 0.000000000000000000, 1.000000000000000000 ) ) ;
#31 = DIRECTION ( 'NONE',  ( -0.06224953160690815251, 0.000000000000000000, 0.9980606173047409380 ) ) ;
#32 = CARTESIAN_POINT ( 'NONE',  ( -6.205888851312687748, 10.00000000000000000, 7.841361078610836088 ) ) ;
#33 = ORIENTED_EDGE ( 'NONE', *, *, #2406, .F. ) ;
#34 = DIRECTION ( 'NONE',  ( -0.000000000000000000, 1.000000000000000000, 0.000000000000000000 ) ) ;
#35 = CARTESIAN_POINT ( 'NONE',  ( 0.000000000000000000, 10.00000000000000000, 0.000000000000000000 ) ) ;
#36 = CYLINDRICAL_SURFACE ( 'NONE', #6744, 2.000000000000000000 ) ;
#37 = CARTESIAN_POINT ( 'NONE',  ( 7.750301822741197277, 2.500000000000000444, -6.320945456729077705 ) ) ;
#38 = DIRECTION ( 'NONE',  ( 0.000000000000000000, 1.000000000000000000, 0.000000000000000000 ) ) ;
#39 = VERTEX_POINT ( 'NONE', #2757 ) ;
#40 = EDGE_CURVE ( 'NONE', #667, #5067, #3879, .T. ) ;
#41 = CARTESIAN_POINT ( 'NONE',  ( -3.035713346348801966, 2.181049877636620948, -9.529018551434017326 ) ) ;
#42 = CARTESIAN_POINT ( 'NONE',  ( 9.436260398347604550, 2.500000000000000000, 1.098630827246665165 ) ) ;
#43 = CARTESIAN_POINT ( 'NONE',  ( 0.000000000000000000, 0.000000000000000000, 0.000000000000000000 ) ) ;
#44 = CARTESIAN_POINT ( 'NONE',  ( 9.469254802398170412, 2.438513403071537411, 2.970974267493266208 ) ) ;
#45 = EDGE_CURVE ( 'NONE', #3521, #5056, #3230, .T. ) ;
#46 = CARTESIAN_POINT ( 'NONE',  ( 9.885393354405117350, 2.500000000000000444, -0.8789046617971488784 ) ) ;
#47 = ORIENTED_EDGE ( 'NONE', *, *, #4736, .F. ) ;
#48 = DIRECTION ( 'NONE',  ( 0.2732734718790877926, -0.000000000000000000, 0.9619363854055783536 ) ) ;
#49 = ORIENTED_EDGE ( 'NONE', *, *, #3483, .F. ) ;
#50 = ADVANCED_FACE ( 'NONE', ( #6556 ), #6091, .T. ) ;
#51 = CARTESIAN_POINT ( 'NONE',  ( 4.594978287206100909, 2.500000000000000444, -8.796570338259684263 ) ) ;
#52 = DIRECTION ( 'NONE',  ( 0.000000000000000000, 1.000000000000000000, 0.000000000000000000 ) ) ;
#53 = EDGE_CURVE ( 'NONE', #6624, #1125, #3776, .T. ) ;
#54 = CARTESIAN_POINT ( 'NONE',  ( 2.548403532281087180, 8.000000000000000000, -1.851523544721291881 ) ) ;
#55 = LINE ( 'NONE', #5094, #6243 ) ;
#56 = ORIENTED_EDGE ( 'NONE', *, *, #4885, .T. ) ;
#57 = DIRECTION ( 'NONE',  ( 0.000000000000000000, 0.000000000000000000, 1.000000000000000000 ) ) ;
#58 = ORIENTED_EDGE ( 'NONE', *, *, #7145, .F. ) ;
#59 = CARTESIAN_POINT ( 'NONE',  ( 7.611508121969646545, 2.500000000000000444, -6.368549229222910668 ) ) ;
#60 = VERTEX_POINT ( 'NONE', #5437 ) ;
#61 = DIRECTION ( 'NONE',  ( 1.000000000000000000, 0.000000000000000000, 0.000000000000000000 ) ) ;
#62 = CARTESIAN_POINT ( 'NONE',  ( -9.376782963239405078, 2.242932669926582800, 3.154135701372582812 ) ) ;
#63 = CARTESIAN_POINT ( 'NONE',  ( -7.750301799340684639, 2.409665417632252282, 6.320945485302116751 ) ) ;
#64 = DIRECTION ( 'NONE',  ( -0.5249775667251639355, 0.000000000000000000, 0.8511160640214271433 ) ) ;
#65 = DIRECTION ( 'NONE',  ( 0.000000000000000000, 0.000000000000000000, 1.000000000000000000 ) ) ;
#66 = CIRCLE ( 'NONE', #6088, 10.00000000000000000 ) ;
#67 = VERTEX_POINT ( 'NONE', #1563 ) ;
#68 = DIRECTION ( 'NONE',  ( -0.6472324890273781772, 0.000000000000000000, -0.7622926637108773384 ) ) ;
#69 = CARTESIAN_POINT ( 'NONE',  ( 1.098630827246567243, 10.00000000000000000, 9.436260398347616984 ) ) ;
#70 = VECTOR ( 'NONE', #76, 1000.000000000000000 ) ;
#71 = DIRECTION ( 'NONE',  ( 0.000000000000000000, -1.000000000000000000, 0.000000000000000000 ) ) ;
#72 = CARTESIAN_POINT ( 'NONE',  ( 4.869582161062490755, 2.371852820628066905, 8.734252662744644624 ) ) ;
#73 = FACE_OUTER_BOUND ( 'NONE', #6647, .T. ) ;
#74 = AXIS2_PLACEMENT_3D ( 'NONE', #3025, #1939, #6422 ) ;
#75 = ORIENTED_EDGE ( 'NONE', *, *, #3906, .F. ) ;
#76 = DIRECTION ( 'NONE',  ( -0.8511160640214288087, 0.000000000000000000, 0.5249775667251612710 ) ) ;
#77 = LINE ( 'NONE', #3963, #4758 ) ;
#78 = DIRECTION ( 'NONE',  ( 0.000000000000000000, -1.000000000000000000, 0.000000000000000000 ) ) ;
#79 = CARTESIAN_POINT ( 'NONE',  ( -9.287931484318800557, 1.768641139221959202, -3.708174382605541108 ) ) ;
#80 = CARTESIAN_POINT ( 'NONE',  ( 9.999989585984216944, 1.986052934431125072, -0.1144902525311860125 ) ) ;
#81 = VERTEX_POINT ( 'NONE', #2792 ) ;
#82 = DIRECTION ( 'NONE',  ( 0.000000000000000000, -1.000000000000000000, 0.000000000000000000 ) ) ;
#83 = ORIENTED_EDGE ( 'NONE', *, *, #6401, .F. ) ;
#84 = CARTESIAN_POINT ( 'NONE',  ( 3.943572702702348831, 1.768515498480387249, -9.190454985892341000 ) ) ;
#85 = DIRECTION ( 'NONE',  ( 0.000000000000000000, 0.000000000000000000, 1.000000000000000000 ) ) ;
#86 = CARTESIAN_POINT ( 'NONE',  ( 1.098630827246563912, 2.500000000000000444, 9.436260398347616984 ) ) ;
#87 = DIRECTION ( 'NONE',  ( -0.7622926637108773384, 0.000000000000000000, 0.6472324890273781772 ) ) ;
#88 = EDGE_CURVE ( 'NONE', #825, #3931, #434, .T. ) ;
#89 = CARTESIAN_POINT ( 'NONE',  ( 9.036978801079094126, 1.827366529454476751, -4.283506727573431760 ) ) ;
#90 = EDGE_LOOP ( 'NONE', ( #6763, #3769, #4324, #5870 ) ) ;
#91 = CARTESIAN_POINT ( 'NONE',  ( -3.859535732301746513, 2.134257748930245224, 9.053095584707927301 ) ) ;
#92 = ADVANCED_FACE ( 'NONE', ( #2725 ), #5980, .T. ) ;
#93 = ORIENTED_EDGE ( 'NONE', *, *, #6349, .F. ) ;
#94 = CARTESIAN_POINT ( 'NONE',  ( 0.1251721026587797880, 1.768578062440337106, -10.00000000000000178 ) ) ;
#95 = CARTESIAN_POINT ( 'NONE',  ( -9.469254843656234044, 2.500000000000000444, 2.970974231079531513 ) ) ;
#96 = DIRECTION ( 'NONE',  ( 0.2732734718790845174, -0.000000000000000000, 0.9619363854055794638 ) ) ;
#97 = ADVANCED_FACE ( 'NONE', ( #2692 ), #3197, .T. ) ;
#98 = FACE_OUTER_BOUND ( 'NONE', #1895, .T. ) ;
#99 = CARTESIAN_POINT ( 'NONE',  ( -5.895594408746999804, 9.500000000000000000, -7.449293024680337716 ) ) ;
#100 = EDGE_CURVE ( 'NONE', #6285, #279, #1126, .T. ) ;
#101 = ORIENTED_EDGE ( 'NONE', *, *, #314, .F. ) ;
#102 = TOROIDAL_SURFACE ( 'NONE', #1848, 9.500000000000000000, 0.5000000000000000000 ) ;
#103 = CYLINDRICAL_SURFACE ( 'NONE', #3697, 2.000000000000000000 ) ;
#104 = DIRECTION ( 'NONE',  ( 0.000000000000000000, 1.000000000000000000, 0.000000000000000000 ) ) ;
#105 = TOROIDAL_SURFACE ( 'NONE', #5912, 1.500000000000000000, 0.5000000000000000000 ) ;
#106 = CARTESIAN_POINT ( 'NONE',  ( 7.587297981928800006, 2.377840714399305888, -6.389449519739522465 ) ) ;
#107 = CARTESIAN_POINT ( 'NONE',  ( -0.4397714266284739049, 0.000000000000000000, -2.776607510986325522 ) ) ;
#108 = ORIENTED_EDGE ( 'NONE', *, *, #4893, .T. ) ;
#109 = FACE_OUTER_BOUND ( 'NONE', #1877, .T. ) ;
#110 = AXIS2_PLACEMENT_3D ( 'NONE', #3116, #2471, #3587 ) ;
#111 = CARTESIAN_POINT ( 'NONE',  ( 7.152017281988623409, 1.986052934431205008, 6.990103614099604457 ) ) ;
#112 = CARTESIAN_POINT ( 'NONE',  ( -9.255897283380161156, 2.164715090713932089, -3.398190578544709517 ) ) ;
#113 = AXIS2_PLACEMENT_3D ( 'NONE', #5351, #7087, #7118 ) ;
#114 = CARTESIAN_POINT ( 'NONE',  ( -3.375677278608769871, 2.162257393931940275, -9.266469839472858183 ) ) ;
#115 = ORIENTED_EDGE ( 'NONE', *, *, #4387, .T. ) ;
#116 = DIRECTION ( 'NONE',  ( -0.000000000000000000, -1.000000000000000000, 0.000000000000000000 ) ) ;
#117 = EDGE_LOOP ( 'NONE', ( #3878, #4888, #1775, #1728 ) ) ;
#118 = CARTESIAN_POINT ( 'NONE',  ( -3.361212337356648039, 1.827366529454479416, 9.419005646007503785 ) ) ;
#119 = TOROIDAL_SURFACE ( 'NONE', #938, 2.500000000000000000, 0.5000000000000000000 ) ;
#120 = DIRECTION ( 'NONE',  ( 0.7497524964563330174, 0.000000000000000000, -0.6617183646064964675 ) ) ;
#121 = AXIS2_PLACEMENT_3D ( 'NONE', #178, #2907, #6202 ) ;
#122 = LINE ( 'NONE', #1796, #5927 ) ;
#123 = CARTESIAN_POINT ( 'NONE',  ( 9.184850993605167666E-16, -4.000000000000000000, 7.500000000000015099 ) ) ;
#124 = CARTESIAN_POINT ( 'NONE',  ( 9.619363854055793084, 2.500000000000000000, -2.732734718790841288 ) ) ;
#125 = EDGE_LOOP ( 'NONE', ( #6134, #3335, #217, #3830 ) ) ;
#126 = CIRCLE ( 'NONE', #4064, 9.500000000000000000 ) ;
#127 = CARTESIAN_POINT ( 'NONE',  ( 4.470479223992320783, 2.500000000000000444, -10.79269157286916858 ) ) ;
#128 = ORIENTED_EDGE ( 'NONE', *, *, #140, .F. ) ;
#129 = EDGE_CURVE ( 'NONE', #2856, #3224, #7172, .T. ) ;
#130 = VECTOR ( 'NONE', #1145, 1000.000000000000114 ) ;
#131 = VECTOR ( 'NONE', #1325, 1000.000000000000000 ) ;
#132 = CARTESIAN_POINT ( 'NONE',  ( -6.368549238272159130, 2.438027874578160947, -7.611508095585688416 ) ) ;
#133 = CARTESIAN_POINT ( 'NONE',  ( -10.00001319358364960, 1.768515498480505599, -0.1263512459987440606 ) ) ;
#134 = DIRECTION ( 'NONE',  ( -0.000000000000000000, -1.000000000000000000, -0.000000000000000000 ) ) ;
#135 = ADVANCED_FACE ( 'NONE', ( #3746 ), #5952, .F. ) ;
#136 = EDGE_LOOP ( 'NONE', ( #4861, #5126, #196 ) ) ;
#137 = ORIENTED_EDGE ( 'NONE', *, *, #2279, .T. ) ;
#138 = VECTOR ( 'NONE', #441, 1000.000000000000114 ) ;
#139 = DIRECTION ( 'NONE',  ( 0.000000000000000000, 0.000000000000000000, 1.000000000000000000 ) ) ;
#140 = EDGE_CURVE ( 'NONE', #4934, #5208, #5421, .T. ) ;
#141 = DIRECTION ( 'NONE',  ( 0.000000000000000000, 0.000000000000000000, 1.000000000000000000 ) ) ;
#142 = AXIS2_PLACEMENT_3D ( 'NONE', #5008, #2867, #141 ) ;
#143 = CARTESIAN_POINT ( 'NONE',  ( 7.750301799340621578, 2.409665417632374407, -6.320945485302276623 ) ) ;
#144 = FACE_OUTER_BOUND ( 'NONE', #6813, .T. ) ;
#145 = EDGE_LOOP ( 'NONE', ( #4835, #4512, #2598, #1097 ) ) ;
#146 = CARTESIAN_POINT ( 'NONE',  ( 0.000000000000000000, 9.500000000000000000, 0.000000000000000000 ) ) ;
#147 = ORIENTED_EDGE ( 'NONE', *, *, #2594, .T. ) ;
#148 = CARTESIAN_POINT ( 'NONE',  ( -1.098630827246567465, 2.500000000000000444, -9.436260398347616984 ) ) ;
#149 = PLANE ( 'NONE',  #6960 ) ;
#150 = DIRECTION ( 'NONE',  ( 0.9932905682471188102, 0.000000000000000000, -0.1156453502364700042 ) ) ;
#151 = CARTESIAN_POINT ( 'NONE',  ( -9.053095584707852694, 2.134257748930293186, -3.859535732301795807 ) ) ;
#152 = CARTESIAN_POINT ( 'NONE',  ( 9.985235750618219441, 2.048970607329061444, 0.5565875801684294633 ) ) ;
#153 = ORIENTED_EDGE ( 'NONE', *, *, #7054, .F. ) ;
#154 = DIRECTION ( 'NONE',  ( 0.000000000000000000, -1.000000000000000000, 0.000000000000000000 ) ) ;
#155 = EDGE_LOOP ( 'NONE', ( #3078, #738, #6882, #652 ) ) ;
#156 = CARTESIAN_POINT ( 'NONE',  ( -4.391979800034192749, 1.863989508453882893, 8.984615682879235621 ) ) ;
#157 = CARTESIAN_POINT ( 'NONE',  ( -1.851523544721291881, 0.000000000000000000, -2.548403532281083628 ) ) ;
#158 = DIRECTION ( 'NONE',  ( 0.000000000000000000, 0.000000000000000000, 1.000000000000000000 ) ) ;
#159 = CARTESIAN_POINT ( 'NONE',  ( -6.367050236799704166, 2.051666420109250932, 7.711477259033419962 ) ) ;
#160 = ORIENTED_EDGE ( 'NONE', *, *, #761, .T. ) ;
#161 = CARTESIAN_POINT ( 'NONE',  ( -0.3438832672704887350, 2.147338236543219203, -9.848084524819210372 ) ) ;
#162 = ORIENTED_EDGE ( 'NONE', *, *, #1078, .T. ) ;
#163 = CARTESIAN_POINT ( 'NONE',  ( -11.68192517863507618, 2.500000000000000444, -4.083818128530453922E-14 ) ) ;
#164 = ORIENTED_EDGE ( 'NONE', *, *, #6123, .F. ) ;
#165 = DIRECTION ( 'NONE',  ( -1.258604051642406670E-15, 1.000000000000000000, 9.960970772803778582E-16 ) ) ;
#166 = CARTESIAN_POINT ( 'NONE',  ( 9.469254843656191412, 2.500000000000000444, 2.970974231079661632 ) ) ;
#167 = FACE_OUTER_BOUND ( 'NONE', #5195, .T. ) ;
#168 = SPHERICAL_SURFACE ( 'NONE', #1500, 0.5000000000000000000 ) ;
#169 = ORIENTED_EDGE ( 'NONE', *, *, #4466, .F. ) ;
#170 = ADVANCED_FACE ( 'NONE', ( #2904 ), #3448, .T. ) ;
#171 = ORIENTED_EDGE ( 'NONE', *, *, #2586, .F. ) ;
#172 = FACE_OUTER_BOUND ( 'NONE', #4340, .T. ) ;
#173 = EDGE_CURVE ( 'NONE', #5056, #4461, #1272, .T. ) ;
#174 = CARTESIAN_POINT ( 'NONE',  ( -0.1263512459987051473, 1.768515498480492054, 10.00001319358364960 ) ) ;
#175 = CARTESIAN_POINT ( 'NONE',  ( -4.470479223992169793, 9.500000000000000000, -8.792691572869230754 ) ) ;
#176 = CARTESIAN_POINT ( 'NONE',  ( 4.470479223992089857, 10.00001200000000168, 10.79269157286926628 ) ) ;
#177 = EDGE_CURVE ( 'NONE', #1918, #5396, #5074, .T. ) ;
#178 = CARTESIAN_POINT ( 'NONE',  ( -8.260368511126690905, 10.00001200000000168, -8.260368511126776170 ) ) ;
#179 = EDGE_LOOP ( 'NONE', ( #1160, #4768, #606, #560, #3542, #273, #2505, #3783, #6824, #1141, #4098, #5170, #4103, #1483, #169, #2219, #5177, #6325, #47, #5044, #3206, #6930, #3629, #7091, #5256, #5452, #1960, #3287, #1635, #7179, #2157, #6765, #1353, #1269, #1288, #4650, #5612, #786, #237, #2052 ) ) ;
#180 = CARTESIAN_POINT ( 'NONE',  ( -7.611508121969555951, 2.500000000000000444, -6.368549229223018138 ) ) ;
#181 = CARTESIAN_POINT ( 'NONE',  ( 2.776607510986325966, 8.000000000000000000, -0.4397714266284734608 ) ) ;
#182 = PLANE ( 'NONE',  #6975 ) ;
#183 = CARTESIAN_POINT ( 'NONE',  ( -9.438170773037191097, 2.048945620300734127, -3.306919296390250285 ) ) ;
#184 = EDGE_CURVE ( 'NONE', #5263, #1801, #5145, .T. ) ;
#185 = LINE ( 'NONE', #2517, #4635 ) ;
#186 = VECTOR ( 'NONE', #202, 1000.000000000000000 ) ;
#187 = CIRCLE ( 'NONE', #4240, 2.000000000000000000 ) ;
#188 = ORIENTED_EDGE ( 'NONE', *, *, #2500, .T. ) ;
#189 = DIRECTION ( 'NONE',  ( 0.000000000000000000, -1.000000000000000000, 0.000000000000000000 ) ) ;
#190 = ORIENTED_EDGE ( 'NONE', *, *, #4353, .T. ) ;
#191 = ADVANCED_FACE ( 'NONE', ( #5588 ), #5112, .T. ) ;
#192 = CARTESIAN_POINT ( 'NONE',  ( -0.8789046617972524622, 2.500000000000000444, -9.885393354405108468 ) ) ;
#193 = CARTESIAN_POINT ( 'NONE',  ( -9.436260398347620537, 10.00001200000000168, 1.098630827246531272 ) ) ;
#194 = CARTESIAN_POINT ( 'NONE',  ( -6.368549229222990604, 9.500000000000000000, 7.611508121969579932 ) ) ;
#195 = CARTESIAN_POINT ( 'NONE',  ( -6.891903876640106397, 1.779361857681295067, 7.246866680950660999 ) ) ;
#196 = ORIENTED_EDGE ( 'NONE', *, *, #2466, .F. ) ;
#197 = FACE_OUTER_BOUND ( 'NONE', #4348, .T. ) ;
#198 = EDGE_LOOP ( 'NONE', ( #917, #3686, #3138, #3655 ) ) ;
#199 = CARTESIAN_POINT ( 'NONE',  ( -4.391160136452671559, 2.240934156756719364, 8.863491263196756620 ) ) ;
#200 = ORIENTED_EDGE ( 'NONE', *, *, #4394, .F. ) ;
#201 = CARTESIAN_POINT ( 'NONE',  ( 4.869582161062681713, 9.500000000000000000, -8.734252662744541595 ) ) ;
#202 = DIRECTION ( 'NONE',  ( 0.000000000000000000, 1.000000000000000000, -0.000000000000000000 ) ) ;
#203 = LINE ( 'NONE', #6307, #6119 ) ;
#204 = LINE ( 'NONE', #755, #2901 ) ;
#205 = ORIENTED_EDGE ( 'NONE', *, *, #1210, .F. ) ;
#206 = ORIENTED_EDGE ( 'NONE', *, *, #2305, .F. ) ;
#207 = CARTESIAN_POINT ( 'NONE',  ( 5.095752233843723986E-17, 2.500000000000000444, -11.68192517863507618 ) ) ;
#208 = AXIS2_PLACEMENT_3D ( 'NONE', #4452, #7170, #4416 ) ;
#209 = FACE_OUTER_BOUND ( 'NONE', #90, .T. ) ;
#210 = CARTESIAN_POINT ( 'NONE',  ( 9.138395661353003518, 9.500000000000000000, -2.596097982851298891 ) ) ;
#211 = LINE ( 'NONE', #4638, #288 ) ;
#212 = DIRECTION ( 'NONE',  ( 0.7497524964563370142, -6.044921658253631677E-15, 0.6617183646064920266 ) ) ;
#213 = ORIENTED_EDGE ( 'NONE', *, *, #6255, .T. ) ;
#214 = CIRCLE ( 'NONE', #6582, 0.5000000000000004441 ) ;
#215 = FACE_OUTER_BOUND ( 'NONE', #1415, .T. ) ;
#216 = TOROIDAL_SURFACE ( 'NONE', #5545, 1.500000000000000000, 0.5000000000000000000 ) ;
#217 = ORIENTED_EDGE ( 'NONE', *, *, #891, .T. ) ;
#218 = CARTESIAN_POINT ( 'NONE',  ( -5.095752233843723986E-17, 10.00001200000000168, 11.68192517863507618 ) ) ;
#219 = ADVANCED_FACE ( 'NONE', ( #172 ), #103, .F. ) ;
#220 = CARTESIAN_POINT ( 'NONE',  ( 4.286263797015701589E-16, 0.000000000000000000, 3.499999999999972022 ) ) ;
#221 = CARTESIAN_POINT ( 'NONE',  ( -8.805704254427018540, 2.409665417632274487, -4.741424089088003058 ) ) ;
#222 = EDGE_CURVE ( 'NONE', #5888, #1496, #6691, .T. ) ;
#223 = LINE ( 'NONE', #1821, #6485 ) ;
#224 = EDGE_CURVE ( 'NONE', #6273, #1832, #1313, .T. ) ;
#225 = VERTEX_POINT ( 'NONE', #4525 ) ;
#226 = DIRECTION ( 'NONE',  ( 0.000000000000000000, -1.000000000000000000, 0.000000000000000000 ) ) ;
#227 = VECTOR ( 'NONE', #4774, 1000.000000000000000 ) ;
#228 = EDGE_LOOP ( 'NONE', ( #2763, #6173, #2378, #871, #2301, #3167, #4837, #56, #5012, #2070, #5987, #5668, #6364, #4264, #1324, #1866, #2269, #5752, #2459, #3985, #3352, #381, #160, #2886, #6797, #3979, #4942, #712, #1575, #1905, #6394, #2071, #1403, #4848, #5604, #6309, #3589, #3085, #369, #2138 ) ) ;
#229 = DIRECTION ( 'NONE',  ( 0.9716864685947451674, 0.000000000000000000, 0.2362740077746034173 ) ) ;
#230 = DIRECTION ( 'NONE',  ( -0.8511160640214272544, 0.000000000000000000, -0.5249775667251637135 ) ) ;
#231 = EDGE_CURVE ( 'NONE', #3297, #339, #556, .T. ) ;
#232 = AXIS2_PLACEMENT_3D ( 'NONE', #5664, #6322, #6290 ) ;
#233 = CARTESIAN_POINT ( 'NONE',  ( 1.554148821017839577, 8.000000000000000000, 1.830433831214388851 ) ) ;
#234 = DIRECTION ( 'NONE',  ( 8.673617379884035472E-16, 0.000000000000000000, 1.000000000000000000 ) ) ;
#235 = VERTEX_POINT ( 'NONE', #5005 ) ;
#236 = CARTESIAN_POINT ( 'NONE',  ( -4.591460142829396851, 2.181049877636753287, 8.884607128713257751 ) ) ;
#237 = ORIENTED_EDGE ( 'NONE', *, *, #5379, .F. ) ;
#238 = VECTOR ( 'NONE', #3178, 1000.000000000000000 ) ;
#239 = AXIS2_PLACEMENT_3D ( 'NONE', #1596, #6594, #3811 ) ;
#240 = CARTESIAN_POINT ( 'NONE',  ( -2.394357833393303103, 8.000000000000000000, 0.1814307967061945803 ) ) ;
#241 = CARTESIAN_POINT ( 'NONE',  ( -2.596097982851399255, 10.00001200000000168, 9.138395661352976873 ) ) ;
#242 = AXIS2_PLACEMENT_3D ( 'NONE', #1320, #3531, #5738 ) ;
#243 = CIRCLE ( 'NONE', #1636, 2.499999999999999556 ) ;
#244 = CARTESIAN_POINT ( 'NONE',  ( -0.1253416906952652954, 1.768578062440355092, -9.999999999999998224 ) ) ;
#245 = VERTEX_POINT ( 'NONE', #760 ) ;
#246 = ORIENTED_EDGE ( 'NONE', *, *, #5100, .F. ) ;
#247 = AXIS2_PLACEMENT_3D ( 'NONE', #538, #6129, #2253 ) ;
#248 = CARTESIAN_POINT ( 'NONE',  ( 0.7402789226335256823, 2.279919447647817510, 9.875015954859554412 ) ) ;
#249 = DIRECTION ( 'NONE',  ( -0.4869582161062742665, -0.000000000000000000, 0.8734252662744508289 ) ) ;
#250 = CARTESIAN_POINT ( 'NONE',  ( -8.796570338259732225, 2.500000000000000444, 4.594978287206011203 ) ) ;
#251 = AXIS2_PLACEMENT_3D ( 'NONE', #1365, #3574, #5786 ) ;
#252 = TOROIDAL_SURFACE ( 'NONE', #3503, 9.500000000000000000, 0.5000000000000000000 ) ;
#253 = CARTESIAN_POINT ( 'NONE',  ( 2.995828026329736549, 8.000000000000000000, -0.9734035322810845603 ) ) ;
#254 = ORIENTED_EDGE ( 'NONE', *, *, #5061, .F. ) ;
#255 = AXIS2_PLACEMENT_3D ( 'NONE', #3779, #4898, #3304 ) ;
#256 = DIRECTION ( 'NONE',  ( 0.000000000000000000, 0.000000000000000000, 1.000000000000000000 ) ) ;
#257 = CARTESIAN_POINT ( 'NONE',  ( 3.035713346348732244, 2.181049877636675571, 9.529018551433933837 ) ) ;
#258 = DIRECTION ( 'NONE',  ( 0.000000000000000000, 1.000000000000000000, 0.000000000000000000 ) ) ;
#259 = DIRECTION ( 'NONE',  ( -0.000000000000000000, -1.000000000000000000, 0.000000000000000000 ) ) ;
#260 = ORIENTED_EDGE ( 'NONE', *, *, #1346, .F. ) ;
#261 = ADVANCED_FACE ( 'NONE', ( #3949 ), #682, .T. ) ;
#262 = VERTEX_POINT ( 'NONE', #2252 ) ;
#263 = CARTESIAN_POINT ( 'NONE',  ( -0.1251721026587786223, 1.768578062440336884, 10.00000000000000178 ) ) ;
#264 = CARTESIAN_POINT ( 'NONE',  ( 10.00001269301925255, 1.768517871363070704, 0.1242363894205153474 ) ) ;
#265 = CARTESIAN_POINT ( 'NONE',  ( 0.000000000000000000, 8.000000000000000000, 0.000000000000000000 ) ) ;
#266 = ADVANCED_FACE ( 'NONE', ( #4454 ), #3913, .T. ) ;
#267 = FACE_OUTER_BOUND ( 'NONE', #3109, .T. ) ;
#268 = ORIENTED_EDGE ( 'NONE', *, *, #4212, .F. ) ;
#269 = DIRECTION ( 'NONE',  ( -0.1156453502364798158, 0.000000000000000000, 0.9932905682471177000 ) ) ;
#270 = EDGE_LOOP ( 'NONE', ( #27, #2558, #3004, #4625 ) ) ;
#271 = EDGE_CURVE ( 'NONE', #6105, #1660, #321, .T. ) ;
#272 = DIRECTION ( 'NONE',  ( 0.000000000000000000, 1.000000000000000000, 0.000000000000000000 ) ) ;
#273 = ORIENTED_EDGE ( 'NONE', *, *, #1075, .F. ) ;
#274 = FACE_OUTER_BOUND ( 'NONE', #5393, .T. ) ;
#275 = CARTESIAN_POINT ( 'NONE',  ( 4.058000729357116754, 1.779448407880940497, -9.140450790375654222 ) ) ;
#276 = DIRECTION ( 'NONE',  ( -0.6472324890273780662, 0.000000000000000000, -0.7622926637108774495 ) ) ;
#277 = CARTESIAN_POINT ( 'NONE',  ( 6.378947770805419637, 2.414533010808960878, 7.599467116825914914 ) ) ;
#278 = ORIENTED_EDGE ( 'NONE', *, *, #761, .F. ) ;
#279 = VERTEX_POINT ( 'NONE', #3374 ) ;
#280 = EDGE_CURVE ( 'NONE', #5056, #5158, #1629, .T. ) ;
#281 = DIRECTION ( 'NONE',  ( 0.9716864685947452784, 0.000000000000000000, 0.2362740077746028344 ) ) ;
#282 = LINE ( 'NONE', #1930, #2961 ) ;
#283 = CARTESIAN_POINT ( 'NONE',  ( -8.734252704685893320, 2.377026804319511299, 4.869582085835207685 ) ) ;
#284 = LINE ( 'NONE', #6889, #2330 ) ;
#285 = EDGE_LOOP ( 'NONE', ( #5289, #2660, #1194, #5378 ) ) ;
#286 = ORIENTED_EDGE ( 'NONE', *, *, #1153, .F. ) ;
#287 = CARTESIAN_POINT ( 'NONE',  ( -4.392294266126667956, 1.864094386502768597, -8.984463655236304191 ) ) ;
#288 = VECTOR ( 'NONE', #1901, 1000.000000000000000 ) ;
#289 = CARTESIAN_POINT ( 'NONE',  ( 4.290897008128930601, 1.829430187479168746, 9.033499448847578606 ) ) ;
#290 = DIRECTION ( 'NONE',  ( -0.000000000000000000, 1.000000000000000000, 0.000000000000000000 ) ) ;
#291 = CARTESIAN_POINT ( 'NONE',  ( 9.990691563217543703, 2.024215165943680006, 0.4485839205771500748 ) ) ;
#292 = ORIENTED_EDGE ( 'NONE', *, *, #5111, .T. ) ;
#293 = LINE ( 'NONE', #6292, #1534 ) ;
#294 = ORIENTED_EDGE ( 'NONE', *, *, #2226, .F. ) ;
#295 = CARTESIAN_POINT ( 'NONE',  ( -2.732734718790878148, 2.500000000000000000, -9.619363854055782426 ) ) ;
#296 = DIRECTION ( 'NONE',  ( 1.000000000000000000, 6.071532165918819308E-15, -4.212971753347070581E-29 ) ) ;
#297 = CARTESIAN_POINT ( 'NONE',  ( -9.529937051748250454, 1.975903690497191389, -3.032018450179212898 ) ) ;
#298 = AXIS2_PLACEMENT_3D ( 'NONE', #6459, #3680, #2521 ) ;
#299 = CARTESIAN_POINT ( 'NONE',  ( -6.619703835945475845, 1.864094386502769929, 7.496156162786368427 ) ) ;
#300 = VERTEX_POINT ( 'NONE', #1806 ) ;
#301 = CARTESIAN_POINT ( 'NONE',  ( -1.098630827246563912, 9.500000000000000000, -9.436260398347616984 ) ) ;
#302 = ORIENTED_EDGE ( 'NONE', *, *, #4099, .F. ) ;
#303 = DIRECTION ( 'NONE',  ( -0.000000000000000000, 1.000000000000000000, -0.000000000000000000 ) ) ;
#304 = ORIENTED_EDGE ( 'NONE', *, *, #1600, .T. ) ;
#305 = CARTESIAN_POINT ( 'NONE',  ( -2.043718524445536477, 8.000000000000000000, -1.260587625341246021 ) ) ;
#306 = ADVANCED_FACE ( 'NONE', ( #6741 ), #1778, .T. ) ;
#307 = CARTESIAN_POINT ( 'NONE',  ( 2.931332810158201685, 2.051666420109249156, -9.561040643706663289 ) ) ;
#308 = DIRECTION ( 'NONE',  ( 0.000000000000000000, 1.000000000000000000, 0.000000000000000000 ) ) ;
#310 = EDGE_CURVE ( 'NONE', #3918, #1660, #6985, .T. ) ;
#309 = FACE_OUTER_BOUND ( 'NONE', #5719, .T. ) ;
#311 = ORIENTED_EDGE ( 'NONE', *, *, #3730, .F. ) ;
#312 = EDGE_LOOP ( 'NONE', ( #5281, #6079, #2205, #3845 ) ) ;
#313 = ADVANCED_FACE ( 'NONE', ( #6848 ), #5314, .T. ) ;
#314 = EDGE_CURVE ( 'NONE', #6719, #2893, #5166, .T. ) ;
#315 = CARTESIAN_POINT ( 'NONE',  ( -0.4960991014861228510, 2.183709232977782300, 9.857561987693552297 ) ) ;
#316 = CARTESIAN_POINT ( 'NONE',  ( -6.368549229222938202, 10.00001200000000168, -7.611508121969626117 ) ) ;
#318 = EDGE_CURVE ( 'NONE', #3315, #1086, #2078, .T. ) ;
#317 = LINE ( 'NONE', #4164, #5789 ) ;
#319 = DIRECTION ( 'NONE',  ( 0.000000000000000000, 0.000000000000000000, 1.000000000000000000 ) ) ;
#320 = ORIENTED_EDGE ( 'NONE', *, *, #1522, .T. ) ;
#321 = CIRCLE ( 'NONE', #4374, 0.5000000000000004441 ) ;
#322 = CARTESIAN_POINT ( 'NONE',  ( -4.594978287205980116, 2.456931832095656798, -8.796570338259748212 ) ) ;
#323 = CARTESIAN_POINT ( 'NONE',  ( 4.829485086827489226, 2.257089604130834815, 8.756818408900290507 ) ) ;
#324 = AXIS2_PLACEMENT_3D ( 'NONE', #1008, #3188, #2645 ) ;
#325 = CARTESIAN_POINT ( 'NONE',  ( -6.368549229222938202, 9.500000000000000000, -7.611508121969626117 ) ) ;
#326 = DIRECTION ( 'NONE',  ( 0.000000000000000000, 0.000000000000000000, 1.000000000000000000 ) ) ;
#327 = EDGE_LOOP ( 'NONE', ( #5288, #6821 ) ) ;
#328 = CARTESIAN_POINT ( 'NONE',  ( -1.987831504145221917, 8.000000000000000000, 1.987831504145224581 ) ) ;
#329 = VERTEX_POINT ( 'NONE', #1445 ) ;
#330 = CARTESIAN_POINT ( 'NONE',  ( -4.230707568575075683, 2.183694385698110807, -8.917333680704873089 ) ) ;
#331 = VECTOR ( 'NONE', #1811, 1000.000000000000000 ) ;
#332 = CARTESIAN_POINT ( 'NONE',  ( 9.981420327383220936, 1.864094386502767264, -0.6197453836958368711 ) ) ;
#333 = DIRECTION ( 'NONE',  ( 0.000000000000000000, 0.000000000000000000, 1.000000000000000000 ) ) ;
#334 = CARTESIAN_POINT ( 'NONE',  ( -9.880520895452910679, 2.343771222574625668, -0.8133254559658219529 ) ) ;
#335 = CIRCLE ( 'NONE', #1973, 2.500000000000000444 ) ;
#336 = DIRECTION ( 'NONE',  ( -0.4869582161062701031, 0.000000000000000000, 0.8734252662744531603 ) ) ;
#337 = EDGE_LOOP ( 'NONE', ( #1369, #7021, #6637, #3189 ) ) ;
#338 = LINE ( 'NONE', #5833, #1171 ) ;
#339 = VERTEX_POINT ( 'NONE', #6471 ) ;
#340 = DIRECTION ( 'NONE',  ( -0.7497524964563451189, 0.000000000000000000, 0.6617183646064827007 ) ) ;
#341 = AXIS2_PLACEMENT_3D ( 'NONE', #4198, #3082, #2970 ) ;
#342 = CARTESIAN_POINT ( 'NONE',  ( 8.796570334834241223, 2.438513403071532526, -4.594978232283735586 ) ) ;
#343 = CARTESIAN_POINT ( 'NONE',  ( 9.287931484318765030, 1.768641139222073999, 3.708174382605638808 ) ) ;
#344 = FACE_OUTER_BOUND ( 'NONE', #4354, .T. ) ;
#345 = SPHERICAL_SURFACE ( 'NONE', #1859, 0.5000000000000000000 ) ;
#346 = VERTEX_POINT ( 'NONE', #3218 ) ;
#347 = AXIS2_PLACEMENT_3D ( 'NONE', #6465, #5894, #5416 ) ;
#348 = VERTEX_POINT ( 'NONE', #1578 ) ;
#349 = ADVANCED_FACE ( 'NONE', ( #3657 ), #7092, .T. ) ;
#350 = VECTOR ( 'NONE', #6184, 1000.000000000000000 ) ;
#351 = AXIS2_PLACEMENT_3D ( 'NONE', #2168, #2748, #876 ) ;
#352 = CARTESIAN_POINT ( 'NONE',  ( -7.812951749604181373, 2.257089604130808613, -6.242081368317869305 ) ) ;
#353 = EDGE_CURVE ( 'NONE', #1083, #4756, #3008, .T. ) ;
#354 = DIRECTION ( 'NONE',  ( 0.7841361078610840085, -3.513359530602672422E-15, 0.6205888851312685306 ) ) ;
#355 = DIRECTION ( 'NONE',  ( -0.000000000000000000, -1.000000000000000000, -0.000000000000000000 ) ) ;
#356 = CARTESIAN_POINT ( 'NONE',  ( 9.424708236607845180, 2.314666110110169761, 3.059262728102271733 ) ) ;
#357 = AXIS2_PLACEMENT_3D ( 'NONE', #847, #806, #3022 ) ;
#358 = ADVANCED_FACE ( 'NONE', ( #5899 ), #6703, .F. ) ;
#359 = AXIS2_PLACEMENT_3D ( 'NONE', #6788, #4469, #3397 ) ;
#360 = ORIENTED_EDGE ( 'NONE', *, *, #6684, .T. ) ;
#361 = CARTESIAN_POINT ( 'NONE',  ( -7.611508121969555951, 9.500000000000000000, -6.368549229223018138 ) ) ;
#362 = CARTESIAN_POINT ( 'NONE',  ( 4.512470218131240607, 2.127336489724643176, 8.925099472239383047 ) ) ;
#364 = EDGE_CURVE ( 'NONE', #2928, #6622, #3585, .T. ) ;
#363 = VECTOR ( 'NONE', #1887, 999.9999999999998863 ) ;
#365 = COLOUR_RGB ( '',0.7921568627450980005, 0.8196078431372548767, 0.9333333333333333481 ) ;
#366 = DIRECTION ( 'NONE',  ( 0.000000000000000000, -1.000000000000000000, 0.000000000000000000 ) ) ;
#367 = VERTEX_POINT ( 'NONE', #5357 ) ;
#368 = CARTESIAN_POINT ( 'NONE',  ( 8.796570338259767752, 10.00001200000000168, -4.594978287205941925 ) ) ;
#369 = ORIENTED_EDGE ( 'NONE', *, *, #5630, .T. ) ;
#370 = CARTESIAN_POINT ( 'NONE',  ( -6.502380906176199460, 2.242932669926582356, -7.455982384190906309 ) ) ;
#371 = ORIENTED_EDGE ( 'NONE', *, *, #438, .F. ) ;
#372 = TOROIDAL_SURFACE ( 'NONE', #4423, 1.500000000000000000, 0.5000000000000000000 ) ;
#373 = CARTESIAN_POINT ( 'NONE',  ( -4.707037444963837025, 2.322848788353837790, -8.824244412177549179 ) ) ;
#374 = ADVANCED_FACE ( 'NONE', ( #2607 ), #216, .F. ) ;
#375 = SPHERICAL_SURFACE ( 'NONE', #5339, 0.5000000000000000000 ) ;
#376 = CARTESIAN_POINT ( 'NONE',  ( -2.394357833393300439, 8.000000000000000000, -0.1814307967061967453 ) ) ;
#377 = DIRECTION ( 'NONE',  ( 0.000000000000000000, 0.000000000000000000, 1.000000000000000000 ) ) ;
#378 = LINE ( 'NONE', #2127, #6711 ) ;
#379 = ORIENTED_EDGE ( 'NONE', *, *, #222, .F. ) ;
#380 = CARTESIAN_POINT ( 'NONE',  ( -8.734252662744591333, 2.371852820628066461, 4.869582161062591119 ) ) ;
#381 = ORIENTED_EDGE ( 'NONE', *, *, #6652, .T. ) ;
#382 = CARTESIAN_POINT ( 'NONE',  ( 4.086428952008176019, 2.147342056939914201, 8.966837034307449272 ) ) ;
#383 = CARTESIAN_POINT ( 'NONE',  ( 9.532757696805477465, 1.981868317978659810, -3.023139038583047000 ) ) ;
#384 = CARTESIAN_POINT ( 'NONE',  ( 9.012158091705398277, 2.048970607329219984, 4.335404163388600907 ) ) ;
#385 = DIRECTION ( 'NONE',  ( 0.2732734718790853501, 0.000000000000000000, 0.9619363854055790197 ) ) ;
#386 = ORIENTED_EDGE ( 'NONE', *, *, #6520, .T. ) ;
#387 = CARTESIAN_POINT ( 'NONE',  ( -0.2552196072240471847, 1.779716818039843274, -9.997538315944970222 ) ) ;
#388 = ORIENTED_EDGE ( 'NONE', *, *, #3907, .F. ) ;
#389 = ORIENTED_EDGE ( 'NONE', *, *, #1961, .F. ) ;
#390 = B_SPLINE_CURVE_WITH_KNOTS ( 'NONE', 3,
 ( #4061, #2944, #686, #2906, #6706, #5550, #3416, #1781, #3380, #2255, #579, #6745, #5117, #4458, #5148, #2365, #2835, #650 ),
 .UNSPECIFIED., .F., .F.,
 ( 4, 2, 2, 2, 2, 2, 2, 2, 4 ),
 ( 0.000000000000000000, 0.0001297744646122147303, 0.0002595489292244294605, 0.0005190978584488580537, 0.001038195716897715457, 0.001557293575346572643, 0.001816842504571001670, 0.001946616969183216292, 0.002076391433795430480 ),
 .UNSPECIFIED. ) ;
#391 = DIRECTION ( 'NONE',  ( 0.000000000000000000, 1.000000000000000000, 0.000000000000000000 ) ) ;
#392 = CARTESIAN_POINT ( 'NONE',  ( -6.368549229222990604, 2.500000000000000444, 7.611508121969580820 ) ) ;
#393 = EDGE_CURVE ( 'NONE', #2928, #706, #7053, .T. ) ;
#394 = CARTESIAN_POINT ( 'NONE',  ( -9.401861085319795919, 2.024215165943836325, 3.408834636278210706 ) ) ;
#395 = VERTEX_POINT ( 'NONE', #6511 ) ;
#396 = EDGE_CURVE ( 'NONE', #3637, #5133, #803, .T. ) ;
#397 = CARTESIAN_POINT ( 'NONE',  ( 0.000000000000000000, 9.500000000000000000, 7.543744331762958666 ) ) ;
#398 = CARTESIAN_POINT ( 'NONE',  ( 9.619363854055736240, 2.371852820628066905, 2.732734718791040240 ) ) ;
#399 = EDGE_CURVE ( 'NONE', #5574, #5208, #6470, .T. ) ;
#400 = CARTESIAN_POINT ( 'NONE',  ( 7.230516001408448190, 1.992783053389767689, -6.908873745391244547 ) ) ;
#401 = CARTESIAN_POINT ( 'NONE',  ( -2.732734718790876816, 9.500000000000000000, -9.619363854055782426 ) ) ;
#402 = ORIENTED_EDGE ( 'NONE', *, *, #2367, .T. ) ;
#403 = LINE ( 'NONE', #4247, #2227 ) ;
#404 = VERTEX_POINT ( 'NONE', #5492 ) ;
#405 = ADVANCED_FACE ( 'NONE', ( #5057 ), #1978, .T. ) ;
#406 = CARTESIAN_POINT ( 'NONE',  ( -4.741424057449101781, 2.410376625841669451, -8.805704271354025892 ) ) ;
#407 = VECTOR ( 'NONE', #6734, 1000.000000000000114 ) ;
#408 = CARTESIAN_POINT ( 'NONE',  ( 7.750301776586734803, 2.410376625841651688, 6.320945513048449094 ) ) ;
#409 = DIRECTION ( 'NONE',  ( -0.000000000000000000, -1.000000000000000000, -0.000000000000000000 ) ) ;
#410 = EDGE_CURVE ( 'NONE', #1766, #3931, #4272, .T. ) ;
#411 = FACE_OUTER_BOUND ( 'NONE', #4889, .T. ) ;
#412 = CARTESIAN_POINT ( 'NONE',  ( 10.79269157286925029, 2.500000000000000444, -4.470479223992127160 ) ) ;
#413 = ORIENTED_EDGE ( 'NONE', *, *, #3119, .T. ) ;
#414 = DIRECTION ( 'NONE',  ( 0.000000000000000000, 0.000000000000000000, 1.000000000000000000 ) ) ;
#415 = ORIENTED_EDGE ( 'NONE', *, *, #4871, .T. ) ;
#416 = CARTESIAN_POINT ( 'NONE',  ( 8.297540029607398893, 9.500000000000000000, -4.626103053009395616 ) ) ;
#417 = VECTOR ( 'NONE', #6534, 1000.000000000000000 ) ;
#418 = CARTESIAN_POINT ( 'NONE',  ( 8.829327179896866440, 2.059838893144258165, -4.695612462786778352 ) ) ;
#419 = CARTESIAN_POINT ( 'NONE',  ( -4.470479223992246176, 2.500000000000000444, 10.79269157286920411 ) ) ;
#420 = CARTESIAN_POINT ( 'NONE',  ( 0.2048726159298309979, 2.139924804626961219, -9.843397292504308282 ) ) ;
#421 = EDGE_LOOP ( 'NONE', ( #6973, #732, #1360, #3247 ) ) ;
#422 = AXIS2_PLACEMENT_3D ( 'NONE', #5581, #610, #3409 ) ;
#423 = EDGE_LOOP ( 'NONE', ( #294, #1267, #628, #6323 ) ) ;
#424 = CIRCLE ( 'NONE', #1006, 0.5000000000000000000 ) ;
#425 = EDGE_CURVE ( 'NONE', #3118, #5619, #4910, .T. ) ;
#426 = CARTESIAN_POINT ( 'NONE',  ( -0.7396982729253619437, 2.279592747210311021, 9.874972037550541870 ) ) ;
#427 = DIRECTION ( 'NONE',  ( 0.4394523308986230670, 3.472460256734617152E-15, 0.8982659121149856318 ) ) ;
#428 = CARTESIAN_POINT ( 'NONE',  ( -9.406354823611767557, 2.279592747210354542, 3.095596099249457556 ) ) ;
#429 = VERTEX_POINT ( 'NONE', #2923 ) ;
#430 = DIRECTION ( 'NONE',  ( 0.000000000000000000, 0.000000000000000000, 1.000000000000000000 ) ) ;
#431 = CARTESIAN_POINT ( 'NONE',  ( 2.873880065552347318, 2.409665417632346429, 9.579266317305071610 ) ) ;
#432 = CARTESIAN_POINT ( 'NONE',  ( 6.242081368317972334, 2.257089604130941840, -7.812951749604096108 ) ) ;
#433 = DIRECTION ( 'NONE',  ( 0.000000000000000000, 0.000000000000000000, 1.000000000000000000 ) ) ;
#434 = CIRCLE ( 'NONE', #3457, 0.5000000000000004441 ) ;
#435 = VERTEX_POINT ( 'NONE', #3463 ) ;
#436 = FILL_AREA_STYLE_COLOUR ( '', #365 ) ;
#437 = EDGE_LOOP ( 'NONE', ( #2814, #2286, #6251, #260 ) ) ;
#438 = EDGE_CURVE ( 'NONE', #2930, #1441, #4311, .T. ) ;
#439 = DIRECTION ( 'NONE',  ( 0.000000000000000000, 1.000000000000000000, 0.000000000000000000 ) ) ;
#440 = CIRCLE ( 'NONE', #4265, 0.5000000000000003331 ) ;
#441 = DIRECTION ( 'NONE',  ( 0.3799932884734135152, 0.000000000000000000, -0.9249892435672758539 ) ) ;
#442 = EDGE_CURVE ( 'NONE', #3920, #5646, #5610, .T. ) ;
#443 = DIRECTION ( 'NONE',  ( -0.000000000000000000, 1.000000000000000000, -0.000000000000000000 ) ) ;
#444 = B_SPLINE_CURVE_WITH_KNOTS ( 'NONE', 3,
 ( #517, #380, #1002, #2063, #3246, #2605, #3216, #5418, #3725, #447, #1072, #4802, #6540, #2670, #4874, #4256, #5935, #970 ),
 .UNSPECIFIED., .F., .F.,
 ( 4, 2, 2, 2, 2, 2, 2, 2, 4 ),
 ( 8.673617379884035472E-19, 0.0003765522689820498454, 0.0007531045379640988234, 0.001129656806946147856, 0.001506209075928196780, 0.001882761344910245703, 0.002259313613892294844, 0.002635865882874343768, 0.003012418151856392692 ),
 .UNSPECIFIED. ) ;
#445 = DIRECTION ( 'NONE',  ( 0.000000000000000000, 0.000000000000000000, 1.000000000000000000 ) ) ;
#446 = EDGE_LOOP ( 'NONE', ( #4673, #4692, #402, #7156 ) ) ;
#447 = CARTESIAN_POINT ( 'NONE',  ( -9.286350259861624323, 1.768517871363069371, 3.712059723680429357 ) ) ;
#448 = CIRCLE ( 'NONE', #5081, 7.456920242929495402 ) ;
#449 = ORIENTED_EDGE ( 'NONE', *, *, #2053, .F. ) ;
#450 = EDGE_CURVE ( 'NONE', #5133, #6803, #1827, .T. ) ;
#451 = CARTESIAN_POINT ( 'NONE',  ( 5.095752233843723986E-17, 9.500000000000000000, -11.68192517863507618 ) ) ;
#452 = LINE ( 'NONE', #4881, #2787 ) ;
#453 = CARTESIAN_POINT ( 'NONE',  ( 2.043718524445535589, 8.000000000000000000, -1.260587625341240248 ) ) ;
#454 = AXIS2_PLACEMENT_3D ( 'NONE', #1200, #4590, #1845 ) ;
#455 = LINE ( 'NONE', #1481, #3003 ) ;
#456 = CARTESIAN_POINT ( 'NONE',  ( 0.8470067704477868276, 2.377840714399286348, -9.883052937361805235 ) ) ;
#457 = ORIENTED_EDGE ( 'NONE', *, *, #3867, .F. ) ;
#458 = ORIENTED_EDGE ( 'NONE', *, *, #2972, .T. ) ;
#459 = CARTESIAN_POINT ( 'NONE',  ( -7.421242497277455996, 1.829430187479181180, -6.703810052746303150 ) ) ;
#460 = CARTESIAN_POINT ( 'NONE',  ( -6.320945513048473963, 2.410376625841633924, 7.750301776586639768 ) ) ;
#461 = VECTOR ( 'NONE', #4970, 999.9999999999998863 ) ;
#462 = CARTESIAN_POINT ( 'NONE',  ( -9.579266327989099494, 2.500000000000000888, 2.873880030200249180 ) ) ;
#463 = DIRECTION ( 'NONE',  ( 0.9971414314842892423, 0.000000000000000000, 0.07555769727474859199 ) ) ;
#464 = VECTOR ( 'NONE', #1187, 1000.000000000000000 ) ;
#465 = CIRCLE ( 'NONE', #3026, 0.5000000000000001110 ) ;
#466 = CARTESIAN_POINT ( 'NONE',  ( 0.8789046617972535724, 9.500000000000000000, -9.885393354405108468 ) ) ;
#467 = CARTESIAN_POINT ( 'NONE',  ( 11.68192517863507618, 9.500000000000000000, 1.224126288112367485E-13 ) ) ;
#468 = CARTESIAN_POINT ( 'NONE',  ( 8.734252662744630413, 9.500000000000000000, -4.869582161062521841 ) ) ;
#469 = VECTOR ( 'NONE', #6526, 1000.000000000000000 ) ;
#470 = VERTEX_POINT ( 'NONE', #5746 ) ;
#471 = CIRCLE ( 'NONE', #949, 0.5000000000000004441 ) ;
#472 = DIRECTION ( 'NONE',  ( 0.000000000000000000, 0.000000000000000000, 1.000000000000000000 ) ) ;
#473 = EDGE_LOOP ( 'NONE', ( #6299, #4045 ) ) ;
#474 = CARTESIAN_POINT ( 'NONE',  ( -3.932605539365103375, 1.986052934431283390, -9.194972181005374168 ) ) ;
#475 = AXIS2_PLACEMENT_3D ( 'NONE', #86, #2304, #1222 ) ;
#476 = LINE ( 'NONE', #997, #238 ) ;
#477 = AXIS2_PLACEMENT_3D ( 'NONE', #5302, #5779, #3609 ) ;
#478 = CARTESIAN_POINT ( 'NONE',  ( 2.333234819276247318, 8.000000000000000000, 0.5673463196692628552 ) ) ;
#479 = DIRECTION ( 'NONE',  ( 0.000000000000000000, 1.000000000000000000, 0.000000000000000000 ) ) ;
#480 = EDGE_CURVE ( 'NONE', #5676, #470, #5198, .T. ) ;
#481 = DIRECTION ( 'NONE',  ( -0.000000000000000000, -1.000000000000000000, 0.000000000000000000 ) ) ;
#482 = VERTEX_POINT ( 'NONE', #192 ) ;
#483 = AXIS2_PLACEMENT_3D ( 'NONE', #6400, #5858, #888 ) ;
#484 = CARTESIAN_POINT ( 'NONE',  ( -5.095752233843723986E-17, 2.500000000000000444, 11.68192517863507618 ) ) ;
#485 = ORIENTED_EDGE ( 'NONE', *, *, #2723, .T. ) ;
#486 = CARTESIAN_POINT ( 'NONE',  ( 4.869582161062680825, 2.500000000000000888, -8.734252662744541595 ) ) ;
#487 = EDGE_CURVE ( 'NONE', #5646, #6624, #2671, .T. ) ;
#488 = CARTESIAN_POINT ( 'NONE',  ( 7.711477259033354237, 2.051666420109249156, 6.367050236799784102 ) ) ;
#489 = CARTESIAN_POINT ( 'NONE',  ( -2.221104420305847427, 0.000000000000000000, 0.9124482025973577048 ) ) ;
#490 = AXIS2_PLACEMENT_3D ( 'NONE', #1094, #3272, #4929 ) ;
#491 = CARTESIAN_POINT ( 'NONE',  ( -6.205888851312687748, 2.500000000000000444, 7.841361078610836088 ) ) ;
#492 = EDGE_CURVE ( 'NONE', #1832, #5263, #187, .T. ) ;
#493 = CARTESIAN_POINT ( 'NONE',  ( 0.2556751587878142717, 1.779849606445690569, -9.997513869602437708 ) ) ;
#494 = VERTEX_POINT ( 'NONE', #5161 ) ;
#495 = CARTESIAN_POINT ( 'NONE',  ( -7.449293024680316400, 9.500000000000000000, 5.895594408747025561 ) ) ;
#496 = EDGE_CURVE ( 'NONE', #6164, #2021, #1236, .T. ) ;
#497 = ORIENTED_EDGE ( 'NONE', *, *, #1570, .T. ) ;
#498 = CARTESIAN_POINT ( 'NONE',  ( -7.506146992169966836, 2.279919447647891229, -6.459234499842984256 ) ) ;
#499 = CARTESIAN_POINT ( 'NONE',  ( -6.980243915062825266, 1.768641139222087100, 7.161872897185546094 ) ) ;
#500 = EDGE_CURVE ( 'NONE', #5644, #4157, #5130, .T. ) ;
#501 = CARTESIAN_POINT ( 'NONE',  ( -9.287160042897129486, 1.768515498480465853, 3.710106042531321702 ) ) ;
#502 = CARTESIAN_POINT ( 'NONE',  ( 9.469254843656253584, 2.500000000000000444, -2.970974231079463568 ) ) ;
#503 = EDGE_CURVE ( 'NONE', #1086, #67, #5632, .T. ) ;
#504 = ORIENTED_EDGE ( 'NONE', *, *, #5322, .T. ) ;
#505 = DIRECTION ( 'NONE',  ( 0.000000000000000000, -1.000000000000000000, 0.000000000000000000 ) ) ;
#506 = CARTESIAN_POINT ( 'NONE',  ( 2.777795937255560510, 2.255681435097326659, 9.606750064360248587 ) ) ;
#507 = CARTESIAN_POINT ( 'NONE',  ( 6.360301573036697853, 2.059838893144178229, -7.717017477650998103 ) ) ;
#508 = CYLINDRICAL_SURFACE ( 'NONE', #121, 2.000000000000000000 ) ;
#509 = VERTEX_POINT ( 'NONE', #1870 ) ;
#510 = CARTESIAN_POINT ( 'NONE',  ( 1.224646799147353256E-15, 10.00000000000000000, 10.00000000000000000 ) ) ;
#511 = DIRECTION ( 'NONE',  ( 0.000000000000000000, 1.000000000000000000, 0.000000000000000000 ) ) ;
#512 = DIRECTION ( 'NONE',  ( 0.000000000000000000, 0.000000000000000000, 1.000000000000000000 ) ) ;
#513 = CARTESIAN_POINT ( 'NONE',  ( 9.297069126686189122, 2.183694385698144558, 3.313945104773045269 ) ) ;
#514 = DIRECTION ( 'NONE',  ( 0.000000000000000000, 0.000000000000000000, -1.000000000000000000 ) ) ;
#515 = CARTESIAN_POINT ( 'NONE',  ( 9.949874371066208312, 2.500000000000000888, -1.010707579139138224 ) ) ;
#516 = VERTEX_POINT ( 'NONE', #6294 ) ;
#517 = CARTESIAN_POINT ( 'NONE',  ( -8.734252662744593110, 2.500000000000000444, 4.869582161062587566 ) ) ;
#518 = ORIENTED_EDGE ( 'NONE', *, *, #442, .F. ) ;
#519 = DIRECTION ( 'NONE',  ( 0.000000000000000000, 1.000000000000000000, 0.000000000000000000 ) ) ;
#520 = CARTESIAN_POINT ( 'NONE',  ( -9.932905682471171005, 2.500000000000001776, -1.156453502364840125 ) ) ;
#521 = DIRECTION ( 'NONE',  ( 0.000000000000000000, -1.000000000000000000, 0.000000000000000000 ) ) ;
#522 = DIRECTION ( 'NONE',  ( -0.000000000000000000, 1.000000000000000000, 0.000000000000000000 ) ) ;
#523 = CARTESIAN_POINT ( 'NONE',  ( 7.611508121969515983, 2.456216401094831969, 6.368549229223073205 ) ) ;
#524 = ORIENTED_EDGE ( 'NONE', *, *, #4604, .F. ) ;
#525 = CARTESIAN_POINT ( 'NONE',  ( 8.860697562244178371, 2.242932669926582800, 4.400076075798003750 ) ) ;
#526 = ORIENTED_EDGE ( 'NONE', *, *, #2950, .T. ) ;
#527 = ADVANCED_FACE ( 'NONE', ( #4249, #1981 ), #3177, .T. ) ;
#528 = FACE_OUTER_BOUND ( 'NONE', #6982, .T. ) ;
#529 = DIRECTION ( 'NONE',  ( -1.594314457810246227E-15, 1.000000000000000000, -1.856204616801320909E-16 ) ) ;
#530 = AXIS2_PLACEMENT_3D ( 'NONE', #6852, #1421, #3089 ) ;
#531 = CARTESIAN_POINT ( 'NONE',  ( -9.563339329250508669, 2.059185488125369279, 2.923754083661892711 ) ) ;
#532 = VECTOR ( 'NONE', #6204, 1000.000000000000000 ) ;
#533 = EDGE_CURVE ( 'NONE', #4031, #3491, #3784, .T. ) ;
#534 = EDGE_CURVE ( 'NONE', #542, #329, #2634, .T. ) ;
#535 = DIRECTION ( 'NONE',  ( 0.000000000000000000, 1.000000000000000000, 0.000000000000000000 ) ) ;
#536 = DIRECTION ( 'NONE',  ( 0.000000000000000000, 1.000000000000000000, 0.000000000000000000 ) ) ;
#537 = ADVANCED_FACE ( 'NONE', ( #5380 ), #996, .T. ) ;
#538 = CARTESIAN_POINT ( 'NONE',  ( 2.596097982851462760, 9.500000000000000000, -9.138395661352957333 ) ) ;
#539 = DIRECTION ( 'NONE',  ( -0.000000000000000000, -1.000000000000000000, -0.000000000000000000 ) ) ;
#540 = CARTESIAN_POINT ( 'NONE',  ( 7.160420963995097310, 1.768515498480453418, -6.981733318280782363 ) ) ;
#541 = EDGE_CURVE ( 'NONE', #482, #963, #5962, .T. ) ;
#542 = VERTEX_POINT ( 'NONE', #1436 ) ;
#543 = CARTESIAN_POINT ( 'NONE',  ( -2.394357833393300439, 0.000000000000000000, -0.1814307967061967453 ) ) ;
#544 = ORIENTED_EDGE ( 'NONE', *, *, #5762, .T. ) ;
#545 = DIRECTION ( 'NONE',  ( 0.000000000000000000, 0.000000000000000000, 1.000000000000000000 ) ) ;
#546 = CARTESIAN_POINT ( 'NONE',  ( 5.095752233843723986E-17, 2.500000000000000444, -11.68192517863507618 ) ) ;
#547 = LINE ( 'NONE', #655, #2008 ) ;
#548 = CARTESIAN_POINT ( 'NONE',  ( -0.7805779098894857215, 2.314916786199594512, 9.878046053678069427 ) ) ;
#549 = CARTESIAN_POINT ( 'NONE',  ( -9.885393354405110244, 2.500000000000000444, 0.8789046617972166020 ) ) ;
#550 = CARTESIAN_POINT ( 'NONE',  ( 9.954167761667841674, 2.059838893144232408, -0.9593430162964025065 ) ) ;
#551 = ORIENTED_EDGE ( 'NONE', *, *, #1934, .T. ) ;
#552 = CARTESIAN_POINT ( 'NONE',  ( 4.594978287206101797, 10.00001200000000168, -8.796570338259684263 ) ) ;
#553 = ORIENTED_EDGE ( 'NONE', *, *, #1438, .F. ) ;
#554 = CARTESIAN_POINT ( 'NONE',  ( 4.694895751422043517, 2.059185488125264474, -8.829708429580126250 ) ) ;
#555 = CIRCLE ( 'NONE', #4607, 9.500000000000000000 ) ;
#556 = CIRCLE ( 'NONE', #7035, 0.4999999999999993894 ) ;
#557 = CARTESIAN_POINT ( 'NONE',  ( -9.883052937361798129, 2.377840714399283240, -0.8470067704478088100 ) ) ;
#558 = CARTESIAN_POINT ( 'NONE',  ( 9.619363854055793084, 2.500000000000000444, -2.732734718790841733 ) ) ;
#559 = FACE_OUTER_BOUND ( 'NONE', #1724, .T. ) ;
#560 = ORIENTED_EDGE ( 'NONE', *, *, #3166, .F. ) ;
#561 = AXIS2_PLACEMENT_3D ( 'NONE', #1040, #3253, #2098 ) ;
#562 = FACE_OUTER_BOUND ( 'NONE', #696, .T. ) ;
#563 = ORIENTED_EDGE ( 'NONE', *, *, #4786, .F. ) ;
#564 = CARTESIAN_POINT ( 'NONE',  ( 8.827410336412130576, 2.314916786199594956, 4.501324523359382823 ) ) ;
#565 = ORIENTED_EDGE ( 'NONE', *, *, #100, .F. ) ;
#566 = TOROIDAL_SURFACE ( 'NONE', #6939, 2.500000000000000000, 0.5000000000000000000 ) ;
#567 = LINE ( 'NONE', #2896, #3543 ) ;
#568 = CARTESIAN_POINT ( 'NONE',  ( -7.841361051494608603, 2.376055744299526484, 6.205888885575004288 ) ) ;
#569 = CARTESIAN_POINT ( 'NONE',  ( -2.776607510986326410, 8.000000000000000000, -0.4397714266284708517 ) ) ;
#570 = DIRECTION ( 'NONE',  ( -0.3244301945785758590, -5.485471655787211466E-15, 0.9459096409518762405 ) ) ;
#571 = EDGE_CURVE ( 'NONE', #1069, #1397, #5412, .T. ) ;
#572 = CIRCLE ( 'NONE', #5209, 10.00000000000000000 ) ;
#573 = ORIENTED_EDGE ( 'NONE', *, *, #6305, .T. ) ;
#574 = CARTESIAN_POINT ( 'NONE',  ( -4.626103053009483546, 9.500000000000000000, 8.297540029607350931 ) ) ;
#575 = EDGE_CURVE ( 'NONE', #5832, #6810, #6359, .T. ) ;
#576 = FACE_OUTER_BOUND ( 'NONE', #473, .T. ) ;
#577 = AXIS2_PLACEMENT_3D ( 'NONE', #3652, #4581, #234 ) ;
#578 = FACE_OUTER_BOUND ( 'NONE', #6095, .T. ) ;
#579 = CARTESIAN_POINT ( 'NONE',  ( 9.848085864831427116, 2.147342056939914201, -0.3439080960747555871 ) ) ;
#580 = ORIENTED_EDGE ( 'NONE', *, *, #3248, .T. ) ;
#581 = ADVANCED_FACE ( 'NONE', ( #5345 ), #4011, .T. ) ;
#582 = LINE ( 'NONE', #4426, #4285 ) ;
#583 = VECTOR ( 'NONE', #4546, 1000.000000000000000 ) ;
#584 = CIRCLE ( 'NONE', #7068, 2.000000000000000000 ) ;
#585 = EDGE_LOOP ( 'NONE', ( #2120, #3664, #3821, #5039 ) ) ;
#586 = CARTESIAN_POINT ( 'NONE',  ( -3.615968364881947839, 1.992783053389794556, -9.324037261860089743 ) ) ;
#587 = CARTESIAN_POINT ( 'NONE',  ( 6.886989335206966878, 2.134257748930227905, 7.030215759954880461 ) ) ;
#588 = AXIS2_PLACEMENT_3D ( 'NONE', #4628, #3880, #789 ) ;
#589 = VECTOR ( 'NONE', #3326, 1000.000000000000000 ) ;
#590 = CARTESIAN_POINT ( 'NONE',  ( 8.884607128713208013, 2.181049877636674239, 4.591460142829648206 ) ) ;
#591 = CARTESIAN_POINT ( 'NONE',  ( 0.000000000000000000, 10.00000000000000000, 0.000000000000000000 ) ) ;
#592 = CARTESIAN_POINT ( 'NONE',  ( 9.932905682471186992, 2.500000000000000444, -1.156453502364702013 ) ) ;
#593 = ORIENTED_EDGE ( 'NONE', *, *, #2226, .T. ) ;
#594 = CARTESIAN_POINT ( 'NONE',  ( 0.9124482025973557064, 0.000000000000000000, -2.221104420305846538 ) ) ;
#595 = VERTEX_POINT ( 'NONE', #3646 ) ;
#596 = EDGE_CURVE ( 'NONE', #7100, #3092, #2054, .T. ) ;
#597 = AXIS2_PLACEMENT_3D ( 'NONE', #858, #3616, #5306 ) ;
#598 = VECTOR ( 'NONE', #6646, 1000.000000000000000 ) ;
#599 = CARTESIAN_POINT ( 'NONE',  ( 2.911304966065387134, 2.322848788353921279, -9.568061159331183063 ) ) ;
#600 = LINE ( 'NONE', #3897, #464 ) ;
#601 = DIRECTION ( 'NONE',  ( 0.5249775667251619371, 0.000000000000000000, 0.8511160640214283646 ) ) ;
#602 = CARTESIAN_POINT ( 'NONE',  ( -7.841361078610813884, 2.500000000000000444, -6.205888851312715282 ) ) ;
#603 = CIRCLE ( 'NONE', #6507, 0.5000000000000007772 ) ;
#604 = VECTOR ( 'NONE', #189, 1000.000000000000000 ) ;
#605 = CARTESIAN_POINT ( 'NONE',  ( 9.332714570764943929, 1.779448407880940719, -3.593834903188170227 ) ) ;
#606 = ORIENTED_EDGE ( 'NONE', *, *, #4828, .F. ) ;
#607 = CARTESIAN_POINT ( 'NONE',  ( -3.943572702702282218, 1.768515498480444093, 9.190454985892365869 ) ) ;
#608 = ORIENTED_EDGE ( 'NONE', *, *, #2452, .T. ) ;
#609 = CIRCLE ( 'NONE', #7095, 2.500000000000000444 ) ;
#610 = DIRECTION ( 'NONE',  ( -1.000000000000000000, 0.000000000000000000, 0.000000000000000000 ) ) ;
#611 = CARTESIAN_POINT ( 'NONE',  ( 4.626103053009367194, 9.500000000000000000, 8.297540029607414880 ) ) ;
#612 = CARTESIAN_POINT ( 'NONE',  ( 0.000000000000000000, -4.000000000000000000, 0.000000000000000000 ) ) ;
#613 = VERTEX_POINT ( 'NONE', #3717 ) ;
#614 = DIRECTION ( 'NONE',  ( 0.000000000000000000, 0.000000000000000000, 1.000000000000000000 ) ) ;
#615 = DIRECTION ( 'NONE',  ( 0.9249892435672766311, 0.000000000000000000, -0.3799932884734116278 ) ) ;
#616 = CARTESIAN_POINT ( 'NONE',  ( 8.882927013875237421, 1.975531022569853912, 4.594171655381798836 ) ) ;
#617 = CARTESIAN_POINT ( 'NONE',  ( 4.687911366387641721, 2.051666420109251376, 8.833441982342685961 ) ) ;
#618 = ORIENTED_EDGE ( 'NONE', *, *, #3238, .T. ) ;
#619 = CARTESIAN_POINT ( 'NONE',  ( -1.830433831214388851, 8.000000000000000000, 1.554148821017839577 ) ) ;
#620 = VERTEX_POINT ( 'NONE', #295 ) ;
#621 = CARTESIAN_POINT ( 'NONE',  ( -3.945484083995279612, 1.768641139222087100, -9.189634587520462361 ) ) ;
#622 = CARTESIAN_POINT ( 'NONE',  ( 6.682430624000177843, 2.164537838121700641, 7.249987813959687166 ) ) ;
#623 = ADVANCED_FACE ( 'NONE', ( #7040 ), #6186, .T. ) ;
#624 = LINE ( 'NONE', #5049, #6854 ) ;
#625 = CARTESIAN_POINT ( 'NONE',  ( 9.619363854055736240, 2.500000000000000444, 2.732734718791043349 ) ) ;
#626 = EDGE_CURVE ( 'NONE', #6699, #4408, #4704, .T. ) ;
#627 = CARTESIAN_POINT ( 'NONE',  ( -2.970974231079499983, 2.423344562805407776, -9.469254843656241150 ) ) ;
#628 = ORIENTED_EDGE ( 'NONE', *, *, #3289, .T. ) ;
#629 = EDGE_CURVE ( 'NONE', #5646, #3135, #3278, .T. ) ;
#630 = DIRECTION ( 'NONE',  ( -0.000000000000000000, -1.000000000000000000, -0.000000000000000000 ) ) ;
#631 = ORIENTED_EDGE ( 'NONE', *, *, #3730, .T. ) ;
#632 = CARTESIAN_POINT ( 'NONE',  ( 3.407532819979178562, 2.024441704241363382, -9.402344393979104709 ) ) ;
#633 = CARTESIAN_POINT ( 'NONE',  ( -5.095752233843723986E-17, 9.500000000000000000, 11.68192517863507618 ) ) ;
#634 = EDGE_CURVE ( 'NONE', #3713, #5932, #3207, .T. ) ;
#635 = LINE ( 'NONE', #3434, #1417 ) ;
#636 = ADVANCED_FACE ( 'NONE', ( #5445 ), #2976, .T. ) ;
#637 = DIRECTION ( 'NONE',  ( 0.000000000000000000, 0.000000000000000000, 1.000000000000000000 ) ) ;
#638 = CARTESIAN_POINT ( 'NONE',  ( 0.000000000000000000, 10.00000000000000000, 0.000000000000000000 ) ) ;
#639 = ORIENTED_EDGE ( 'NONE', *, *, #5092, .T. ) ;
#640 = CARTESIAN_POINT ( 'NONE',  ( -9.932905682471179887, 2.500000000000000444, 1.156453502364769514 ) ) ;
#641 = ORIENTED_EDGE ( 'NONE', *, *, #3435, .T. ) ;
#642 = CARTESIAN_POINT ( 'NONE',  ( -1.098630827246564134, 10.00001200000000168, -9.436260398347616984 ) ) ;
#643 = CARTESIAN_POINT ( 'NONE',  ( -9.851765289569891948, 2.164715090713980938, 0.4025598189324449128 ) ) ;
#644 = CARTESIAN_POINT ( 'NONE',  ( -1.098630827246567909, 9.500000000000000000, 9.436260398347616984 ) ) ;
#645 = LINE ( 'NONE', #2173, #1720 ) ;
#646 = EDGE_LOOP ( 'NONE', ( #4557, #1649, #4323, #1912 ) ) ;
#647 = DIRECTION ( 'NONE',  ( 0.000000000000000000, 0.000000000000000000, -1.000000000000000000 ) ) ;
#648 = VECTOR ( 'NONE', #6398, 1000.000000000000000 ) ;
#649 = DIRECTION ( 'NONE',  ( -1.000000000000000000, -1.734723475976807094E-15, 0.000000000000000000 ) ) ;
#650 = CARTESIAN_POINT ( 'NONE',  ( 9.885393354405117350, 2.500000000000000444, -0.8789046617971486564 ) ) ;
#651 = CARTESIAN_POINT ( 'NONE',  ( 2.333234819276243766, 8.000000000000000000, -0.5673463196692560828 ) ) ;
#652 = ORIENTED_EDGE ( 'NONE', *, *, #721, .T. ) ;
#653 = DIRECTION ( 'NONE',  ( -0.000000000000000000, -1.000000000000000000, -0.000000000000000000 ) ) ;
#654 = CARTESIAN_POINT ( 'NONE',  ( 7.104936358681892550, 2.139858412045548164, 6.815700865711557199 ) ) ;
#655 = CARTESIAN_POINT ( 'NONE',  ( 0.9734035322810874469, 8.000000000000000000, 2.995828026329733884 ) ) ;
#656 = CARTESIAN_POINT ( 'NONE',  ( -9.469254802397802706, 2.438513403071532526, -2.970974267493550425 ) ) ;
#657 = CARTESIAN_POINT ( 'NONE',  ( -3.787546339441111076, 2.130118263026635539, -9.081194165735075430 ) ) ;
#658 = VERTEX_POINT ( 'NONE', #2701 ) ;
#659 = EDGE_CURVE ( 'NONE', #6164, #4982, #4749, .T. ) ;
#660 = DIRECTION ( 'NONE',  ( 0.000000000000000000, -1.000000000000000000, 0.000000000000000000 ) ) ;
#661 = ORIENTED_EDGE ( 'NONE', *, *, #4885, .F. ) ;
#662 = CARTESIAN_POINT ( 'NONE',  ( 1.552006135520455375E-13, 1.768578062440346432, 10.00000000000000000 ) ) ;
#663 = CARTESIAN_POINT ( 'NONE',  ( -1.098630827246566799, 2.500000000000000000, 9.936260398347616984 ) ) ;
#664 = CARTESIAN_POINT ( 'NONE',  ( 8.796570338259767752, 2.500000000000000444, -4.594978287205941925 ) ) ;
#665 = ADVANCED_FACE ( 'NONE', ( #6174 ), #5874, .T. ) ;
#666 = CARTESIAN_POINT ( 'NONE',  ( 1.987831504145222361, 0.000000000000000000, -1.987831504145223693 ) ) ;
#667 = VERTEX_POINT ( 'NONE', #180 ) ;
#668 = CARTESIAN_POINT ( 'NONE',  ( 9.560831454120878092, 2.051189550670913242, -2.932010965673017111 ) ) ;
#669 = ORIENTED_EDGE ( 'NONE', *, *, #6387, .F. ) ;
#670 = EDGE_CURVE ( 'NONE', #5619, #2729, #6749, .T. ) ;
#671 = CARTESIAN_POINT ( 'NONE',  ( -2.999062447596668513, 2.378544800988983798, 9.455131112420895434 ) ) ;
#672 = ORIENTED_EDGE ( 'NONE', *, *, #1609, .T. ) ;
#673 = CIRCLE ( 'NONE', #7158, 2.500000000000000444 ) ;
#674 = EDGE_CURVE ( 'NONE', #3175, #613, #5626, .T. ) ;
#675 = AXIS2_PLACEMENT_3D ( 'NONE', #3081, #830, #3050 ) ;
#676 = CARTESIAN_POINT ( 'NONE',  ( -8.796570338259730448, 2.456216401094830637, 4.594978287206010314 ) ) ;
#677 = CARTESIAN_POINT ( 'NONE',  ( -9.138395661352985755, 9.500000000000000000, 2.596097982851365504 ) ) ;
#678 = CARTESIAN_POINT ( 'NONE',  ( 8.297540029607398893, 2.500000000000000444, -4.626103053009395616 ) ) ;
#679 = ORIENTED_EDGE ( 'NONE', *, *, #1388, .T. ) ;
#680 = ORIENTED_EDGE ( 'NONE', *, *, #3467, .T. ) ;
#681 = TOROIDAL_SURFACE ( 'NONE', #5197, 2.500000000000000000, 0.5000000000000000000 ) ;
#682 = CYLINDRICAL_SURFACE ( 'NONE', #6573, 0.4999999999999995559 ) ;
#683 = EDGE_CURVE ( 'NONE', #882, #348, #6779, .T. ) ;
#684 = FACE_OUTER_BOUND ( 'NONE', #4687, .T. ) ;
#685 = CIRCLE ( 'NONE', #1617, 9.500000000000000000 ) ;
#686 = CARTESIAN_POINT ( 'NONE',  ( 9.884231957283109438, 2.414533010808960434, 0.8630375061404477188 ) ) ;
#687 = CARTESIAN_POINT ( 'NONE',  ( 9.619363854055794860, 10.00000000000000000, -2.732734718790841288 ) ) ;
#688 = ORIENTED_EDGE ( 'NONE', *, *, #6213, .F. ) ;
#689 = CARTESIAN_POINT ( 'NONE',  ( 9.436260398347627643, 2.500000000000000444, -1.098630827246465103 ) ) ;
#690 = CIRCLE ( 'NONE', #6482, 0.4999999999999996669 ) ;
#691 = CARTESIAN_POINT ( 'NONE',  ( 6.991427348825518528, 1.985975370094173131, 7.150722883170837818 ) ) ;
#692 = CARTESIAN_POINT ( 'NONE',  ( 2.776607510986325522, 8.000000000000000000, 0.4397714266284721840 ) ) ;
#693 = CARTESIAN_POINT ( 'NONE',  ( -8.863491263196708658, 2.240934156756771767, -4.391160136452656459 ) ) ;
#694 = CIRCLE ( 'NONE', #6140, 0.5000000000000007772 ) ;
#695 = DIRECTION ( 'NONE',  ( 0.06224953160691333587, 0.000000000000000000, -0.9980606173047406049 ) ) ;
#696 = EDGE_LOOP ( 'NONE', ( #2167, #5387, #524, #1894 ) ) ;
#697 = CARTESIAN_POINT ( 'NONE',  ( -9.138395661352985755, 10.00000000000000000, 2.596097982851365060 ) ) ;
#698 = ORIENTED_EDGE ( 'NONE', *, *, #6209, .T. ) ;
#699 = CARTESIAN_POINT ( 'NONE',  ( -1.156453502364807928, 2.500000000000000000, 9.932905682471176334 ) ) ;
#700 = TOROIDAL_SURFACE ( 'NONE', #4752, 2.500000000000000000, 0.5000000000000000000 ) ;
#701 = LINE ( 'NONE', #5162, #2446 ) ;
#702 = VECTOR ( 'NONE', #1855, 1000.000000000000000 ) ;
#703 = LINE ( 'NONE', #5091, #5118 ) ;
#704 = EDGE_CURVE ( 'NONE', #2376, #5997, #1815, .T. ) ;
#705 = CARTESIAN_POINT ( 'NONE',  ( 7.449293024680356368, 10.00000000000000000, -5.895594408746973158 ) ) ;
#706 = VERTEX_POINT ( 'NONE', #5660 ) ;
#707 = CARTESIAN_POINT ( 'NONE',  ( 4.470479223992320783, 2.500000000000000444, -10.79269157286916858 ) ) ;
#708 = ORIENTED_EDGE ( 'NONE', *, *, #6478, .F. ) ;
#709 = CIRCLE ( 'NONE', #357, 10.00000000000000000 ) ;
#711 = CARTESIAN_POINT ( 'NONE',  ( -3.035051535613007001, 2.181508697813397735, 9.529230687413267731 ) ) ;
#710 = AXIS2_PLACEMENT_3D ( 'NONE', #5524, #630, #3353 ) ;
#712 = ORIENTED_EDGE ( 'NONE', *, *, #5151, .T. ) ;
#713 = EDGE_CURVE ( 'NONE', #4033, #2910, #6329, .T. ) ;
#714 =( NAMED_UNIT ( * ) PLANE_ANGLE_UNIT ( ) SI_UNIT ( $, .RADIAN. ) );
#715 = AXIS2_PLACEMENT_3D ( 'NONE', #1656, #6544, #4367 ) ;
#716 = EDGE_CURVE ( 'NONE', #3471, #804, #424, .T. ) ;
#717 = AXIS2_PLACEMENT_3D ( 'NONE', #5399, #427, #4956 ) ;
#718 = CARTESIAN_POINT ( 'NONE',  ( -8.297540029607333167, 2.500000000000000000, -4.626103053009515520 ) ) ;
#719 = CARTESIAN_POINT ( 'NONE',  ( -7.505705356597196953, 2.279592747210247961, 6.459614026961975952 ) ) ;
#721 = EDGE_CURVE ( 'NONE', #5158, #1061, #6815, .T. ) ;
#720 = CARTESIAN_POINT ( 'NONE',  ( -10.79269157286918812, 9.500000000000000000, -4.470479223992283480 ) ) ;
#722 = VERTEX_POINT ( 'NONE', #5702 ) ;
#723 = ORIENTED_EDGE ( 'NONE', *, *, #1241, .T. ) ;
#724 = TOROIDAL_SURFACE ( 'NONE', #955, 1.500000000000000000, 0.5000000000000000000 ) ;
#725 = DIRECTION ( 'NONE',  ( 0.000000000000000000, 0.000000000000000000, -1.000000000000000000 ) ) ;
#726 = ADVANCED_FACE ( 'NONE', ( #109 ), #1785, .T. ) ;
#727 = CARTESIAN_POINT ( 'NONE',  ( -5.095752233843723986E-17, 2.500000000000000444, 11.68192517863507618 ) ) ;
#728 = CIRCLE ( 'NONE', #3745, 0.5000000000000000000 ) ;
#730 = EDGE_CURVE ( 'NONE', #3663, #667, #6447, .T. ) ;
#729 = DIRECTION ( 'NONE',  ( 9.960970772803800276E-16, -1.000000000000000000, 1.258604051642383990E-15 ) ) ;
#731 = CARTESIAN_POINT ( 'NONE',  ( 4.470479223992089857, 10.00001200000000168, 8.792691572869266281 ) ) ;
#732 = ORIENTED_EDGE ( 'NONE', *, *, #6883, .F. ) ;
#733 = CARTESIAN_POINT ( 'NONE',  ( 0.9124482025973564836, 8.000000000000000000, 2.221104420305848315 ) ) ;
#734 = CARTESIAN_POINT ( 'NONE',  ( 6.360928075381012903, 2.059185488125345298, 7.716501220627695723 ) ) ;
#735 = DIRECTION ( 'NONE',  ( 0.000000000000000000, 0.000000000000000000, 1.000000000000000000 ) ) ;
#736 = CARTESIAN_POINT ( 'NONE',  ( -9.469254843656210952, 2.500000000000000444, -2.970974231079604344 ) ) ;
#737 = CARTESIAN_POINT ( 'NONE',  ( 9.885393354405099586, 2.500000000000000444, 0.8789046617973564901 ) ) ;
#738 = ORIENTED_EDGE ( 'NONE', *, *, #173, .F. ) ;
#739 = B_SPLINE_CURVE_WITH_KNOTS ( 'NONE', 3,
 ( #3595, #94, #1886, #4012, #5682, #6228, #6838, #2314, #3514, #6798 ),
 .UNSPECIFIED., .F., .F.,
 ( 4, 2, 2, 2, 4 ),
 ( 0.001507228720538741950, 0.001883526078368157183, 0.002259823436197572200, 0.002636120794026986999, 0.003012418151856402666 ),
 .UNSPECIFIED. ) ;
#740 = DIRECTION ( 'NONE',  ( -1.000000000000000000, -1.734723475976808672E-15, 0.000000000000000000 ) ) ;
#741 = ORIENTED_EDGE ( 'NONE', *, *, #5054, .T. ) ;
#742 = CARTESIAN_POINT ( 'NONE',  ( 0.6191899973696596282, 1.863884028547774463, 9.981455889014991811 ) ) ;
#743 = DIRECTION ( 'NONE',  ( -0.5249775667251633804, 0.000000000000000000, 0.8511160640214274764 ) ) ;
#744 = LINE ( 'NONE', #2959, #2691 ) ;
#745 = CARTESIAN_POINT ( 'NONE',  ( -7.414766135587722573, 1.827040335878405086, 6.710920482711986601 ) ) ;
#746 = ORIENTED_EDGE ( 'NONE', *, *, #4390, .F. ) ;
#747 = DIRECTION ( 'NONE',  ( -0.9932905682471177000, 0.000000000000000000, -0.1156453502364798158 ) ) ;
#748 = EDGE_LOOP ( 'NONE', ( #2393, #5271, #2939, #1791 ) ) ;
#749 = CARTESIAN_POINT ( 'NONE',  ( -4.828799771687340758, 2.255681435097431908, 8.757196459659413179 ) ) ;
#750 = ORIENTED_EDGE ( 'NONE', *, *, #6073, .F. ) ;
#751 = DIRECTION ( 'NONE',  ( -0.000000000000000000, 1.000000000000000000, -0.000000000000000000 ) ) ;
#752 = DIRECTION ( 'NONE',  ( 0.000000000000000000, 0.000000000000000000, 1.000000000000000000 ) ) ;
#753 = CARTESIAN_POINT ( 'NONE',  ( 2.780286464852470107, 2.249819565270343880, -9.606051082930953555 ) ) ;
#754 = CARTESIAN_POINT ( 'NONE',  ( -1.260587625341245133, 8.000000000000000000, 2.043718524445536477 ) ) ;
#755 = CARTESIAN_POINT ( 'NONE',  ( -9.932905682471174558, 10.00000000000000000, -1.156453502364842123 ) ) ;
#756 = VERTEX_POINT ( 'NONE', #4067 ) ;
#757 = ORIENTED_EDGE ( 'NONE', *, *, #2717, .F. ) ;
#758 = EDGE_CURVE ( 'NONE', #482, #5257, #889, .T. ) ;
#759 = CIRCLE ( 'NONE', #530, 0.5000000000000000000 ) ;
#760 = CARTESIAN_POINT ( 'NONE',  ( -4.470479223992246176, 2.500000000000000444, 8.792691572869204109 ) ) ;
#761 = EDGE_CURVE ( 'NONE', #6263, #5342, #5153, .T. ) ;
#762 = CARTESIAN_POINT ( 'NONE',  ( -0.5565875801683264346, 2.048970607329061000, 9.985235750618226547 ) ) ;
#763 = EDGE_CURVE ( 'NONE', #60, #2376, #3961, .T. ) ;
#764 = LINE ( 'NONE', #5471, #3391 ) ;
#765 = CIRCLE ( 'NONE', #4346, 0.5000000000000000000 ) ;
#766 = FACE_OUTER_BOUND ( 'NONE', #2772, .T. ) ;
#767 = DIRECTION ( 'NONE',  ( -0.6617183646064924707, 0.000000000000000000, 0.7497524964563367922 ) ) ;
#768 = CARTESIAN_POINT ( 'NONE',  ( -2.548403532281084960, 0.000000000000000000, -1.851523544721290326 ) ) ;
#769 = ADVANCED_FACE ( 'NONE', ( #5001 ), #6087, .T. ) ;
#770 = VERTEX_POINT ( 'NONE', #502 ) ;
#771 = CARTESIAN_POINT ( 'NONE',  ( -3.247483976280344464, 1.863989508453880450, -9.458681375157443227 ) ) ;
#772 = CARTESIAN_POINT ( 'NONE',  ( 6.205888851312742815, 2.500000000000000444, -7.841361078610791679 ) ) ;
#773 = CARTESIAN_POINT ( 'NONE',  ( -9.579266327989076402, 2.500000000000000444, -2.873880030200321123 ) ) ;
#774 = CARTESIAN_POINT ( 'NONE',  ( 9.965382407647410901, 2.181049877636648482, 0.8419640990704068129 ) ) ;
#775 = CIRCLE ( 'NONE', #5755, 2.500000000000000000 ) ;
#776 = VECTOR ( 'NONE', #2294, 1000.000000000000000 ) ;
#777 = EDGE_LOOP ( 'NONE', ( #5822, #1740, #2328 ) ) ;
#778 = LINE ( 'NONE', #3570, #5587 ) ;
#779 = ORIENTED_EDGE ( 'NONE', *, *, #3988, .F. ) ;
#780 = CARTESIAN_POINT ( 'NONE',  ( -1.156453502364807484, 2.372106879883455033, 9.932905682471176334 ) ) ;
#781 = LINE ( 'NONE', #1872, #4058 ) ;
#782 = CARTESIAN_POINT ( 'NONE',  ( -8.297540029607363365, 9.500000000000000000, 4.626103053009459565 ) ) ;
#783 = CYLINDRICAL_SURFACE ( 'NONE', #5318, 0.5000000000000004441 ) ;
#784 = EDGE_LOOP ( 'NONE', ( #25, #5659, #4141, #4754 ) ) ;
#785 = DIRECTION ( 'NONE',  ( 1.000000000000000000, -0.000000000000000000, 0.000000000000000000 ) ) ;
#786 = ORIENTED_EDGE ( 'NONE', *, *, #4402, .F. ) ;
#787 = CARTESIAN_POINT ( 'NONE',  ( -4.869582161062615100, 2.500000000000000444, 8.734252662744577123 ) ) ;
#788 = VERTEX_POINT ( 'NONE', #1738 ) ;
#789 = DIRECTION ( 'NONE',  ( 0.000000000000000000, 0.000000000000000000, 1.000000000000000000 ) ) ;
#790 = FACE_OUTER_BOUND ( 'NONE', #5165, .T. ) ;
#791 = DIRECTION ( 'NONE',  ( 0.000000000000000000, 1.000000000000000000, 0.000000000000000000 ) ) ;
#792 = CIRCLE ( 'NONE', #5892, 0.5000000000000000000 ) ;
#793 = ORIENTED_EDGE ( 'NONE', *, *, #7037, .F. ) ;
#794 = ORIENTED_EDGE ( 'NONE', *, *, #596, .F. ) ;
#795 = AXIS2_PLACEMENT_3D ( 'NONE', #5361, #6576, #2712 ) ;
#796 = FACE_OUTER_BOUND ( 'NONE', #1707, .T. ) ;
#797 = CARTESIAN_POINT ( 'NONE',  ( 8.860921141133129453, 2.242561475665995729, -4.399397064220080367 ) ) ;
#798 = EDGE_CURVE ( 'NONE', #1397, #5396, #6554, .T. ) ;
#799 = CARTESIAN_POINT ( 'NONE',  ( 1.156453502364807262, 10.00000000000000000, -9.932905682471178110 ) ) ;
#800 = CARTESIAN_POINT ( 'NONE',  ( -8.796570334834193261, 2.438513403071551622, 4.594978232283564168 ) ) ;
#801 = AXIS2_PLACEMENT_3D ( 'NONE', #5734, #1137, #3487 ) ;
#802 = DIRECTION ( 'NONE',  ( -0.000000000000000000, 1.000000000000000000, -0.000000000000000000 ) ) ;
#803 = CIRCLE ( 'NONE', #2426, 2.000000000000000000 ) ;
#804 = VERTEX_POINT ( 'NONE', #6162 ) ;
#805 = ADVANCED_FACE ( 'NONE', ( #3266 ), #3672, .T. ) ;
#806 = DIRECTION ( 'NONE',  ( -0.000000000000000000, -1.000000000000000000, -0.000000000000000000 ) ) ;
#807 = AXIS2_PLACEMENT_3D ( 'NONE', #6031, #212, #767 ) ;
#808 = CARTESIAN_POINT ( 'NONE',  ( 4.707037444963767747, 2.322848788353865768, 8.824244412177586483 ) ) ;
#809 = ADVANCED_FACE ( 'NONE', ( #4377 ), #6055, .T. ) ;
#810 = DIRECTION ( 'NONE',  ( 0.4394523308986297283, 0.000000000000000000, -0.8982659121149824122 ) ) ;
#811 = CARTESIAN_POINT ( 'NONE',  ( 9.869222397742518638, 2.240934156756762885, 0.6649917147100672388 ) ) ;
#812 = ORIENTED_EDGE ( 'NONE', *, *, #2972, .F. ) ;
#813 = DIRECTION ( 'NONE',  ( 0.000000000000000000, 0.000000000000000000, 1.000000000000000000 ) ) ;
#814 = CIRCLE ( 'NONE', #577, 2.000000000000000000 ) ;
#815 = ORIENTED_EDGE ( 'NONE', *, *, #2215, .T. ) ;
#816 = DIRECTION ( 'NONE',  ( 0.000000000000000000, 0.000000000000000000, 1.000000000000000000 ) ) ;
#817 = CARTESIAN_POINT ( 'NONE',  ( 9.885393354405117350, 10.00001200000000168, -0.8789046617971484343 ) ) ;
#818 = CARTESIAN_POINT ( 'NONE',  ( 9.138395661352950228, 9.500000000000000000, 2.596097982851489849 ) ) ;
#819 = AXIS2_PLACEMENT_3D ( 'NONE', #2017, #3134, #5851 ) ;
#820 = CARTESIAN_POINT ( 'NONE',  ( 8.297540029607397116, 10.00001200000000168, -4.626103053009394728 ) ) ;
#821 = ORIENTED_EDGE ( 'NONE', *, *, #3523, .F. ) ;
#822 = DIRECTION ( 'NONE',  ( -0.000000000000000000, -1.000000000000000000, -0.000000000000000000 ) ) ;
#823 = ORIENTED_EDGE ( 'NONE', *, *, #534, .F. ) ;
#824 = DIRECTION ( 'NONE',  ( -0.000000000000000000, -1.000000000000000000, -0.000000000000000000 ) ) ;
#825 = VERTEX_POINT ( 'NONE', #6586 ) ;
#826 = VECTOR ( 'NONE', #439, 1000.000000000000000 ) ;
#827 = CIRCLE ( 'NONE', #6270, 0.4999999999999995559 ) ;
#828 = DIRECTION ( 'NONE',  ( 0.5249775667251633804, 0.000000000000000000, -0.8511160640214274764 ) ) ;
#829 = CARTESIAN_POINT ( 'NONE',  ( -3.059262728102180695, 2.314666110110171537, 9.424708236607877154 ) ) ;
#830 = DIRECTION ( 'NONE',  ( -6.018531076210100830E-30, -1.734723475976805517E-15, 1.000000000000000000 ) ) ;
#831 = VECTOR ( 'NONE', #3846, 1000.000000000000114 ) ;
#832 = VECTOR ( 'NONE', #116, 1000.000000000000000 ) ;
#833 = DIRECTION ( 'NONE',  ( 0.9980606173047422702, 0.000000000000000000, -0.06224953160688720399 ) ) ;
#834 = ORIENTED_EDGE ( 'NONE', *, *, #2839, .F. ) ;
#835 = EDGE_LOOP ( 'NONE', ( #485, #4931, #5691, #5820, #4134 ) ) ;
#836 = B_SPLINE_CURVE_WITH_KNOTS ( 'NONE', 3,
 ( #6668, #72, #2290, #617, #1706, #1810, #3916, #4019, #2868, #5076, #6132, #3989, #6201, #4595, #1238, #6237, #1275, #3486 ),
 .UNSPECIFIED., .F., .F.,
 ( 4, 2, 2, 2, 2, 2, 2, 2, 4 ),
 ( 0.000000000000000000, 0.0003765522689820470265, 0.0007531045379640940530, 0.001129656806946141134, 0.001506209075928188106, 0.001882761344910235078, 0.002259313613892282267, 0.002635865882874329023, 0.003012418151856376212 ),
 .UNSPECIFIED. ) ;
#837 = AXIS2_PLACEMENT_3D ( 'NONE', #2710, #6001, #3220 ) ;
#838 = AXIS2_PLACEMENT_3D ( 'NONE', #6864, #2955, #813 ) ;
#839 = CARTESIAN_POINT ( 'NONE',  ( -0.2048726159298339677, 2.139924804626961219, 9.843397292504308282 ) ) ;
#840 = CARTESIAN_POINT ( 'NONE',  ( 1.098630827246563912, 2.500000000000000444, 9.436260398347616984 ) ) ;
#841 = CARTESIAN_POINT ( 'NONE',  ( 2.995828026329736549, 0.000000000000000000, 0.9734035322810841162 ) ) ;
#842 = DIRECTION ( 'NONE',  ( -0.000000000000000000, -1.000000000000000000, -0.000000000000000000 ) ) ;
#843 = TOROIDAL_SURFACE ( 'NONE', #3625, 2.500000000000000000, 0.5000000000000000000 ) ;
#844 = CARTESIAN_POINT ( 'NONE',  ( 0.000000000000000000, 10.00000000000000000, 0.000000000000000000 ) ) ;
#845 = VERTEX_POINT ( 'NONE', #1590 ) ;
#846 = CIRCLE ( 'NONE', #490, 0.5000000000000000000 ) ;
#847 = CARTESIAN_POINT ( 'NONE',  ( 0.000000000000000000, 9.500000000000000000, 0.000000000000000000 ) ) ;
#848 = CARTESIAN_POINT ( 'NONE',  ( 4.230707568575009070, 2.183694385698093487, 8.917333680704919274 ) ) ;
#849 = CARTESIAN_POINT ( 'NONE',  ( 3.927602912776536392, 2.134680221663709965, -9.025794880588263069 ) ) ;
#850 = CARTESIAN_POINT ( 'NONE',  ( 9.436260398347604550, 9.500000000000000000, 1.098630827246665165 ) ) ;
#851 = ORIENTED_EDGE ( 'NONE', *, *, #4963, .F. ) ;
#852 = CARTESIAN_POINT ( 'NONE',  ( 7.841361078610904478, 10.00000000000000000, -6.205888851312604260 ) ) ;
#853 = EDGE_LOOP ( 'NONE', ( #3480, #4254, #3308 ) ) ;
#854 = EDGE_CURVE ( 'NONE', #470, #1130, #4486, .T. ) ;
#855 = CARTESIAN_POINT ( 'NONE',  ( -4.695612462786774799, 2.059838893144310124, -8.829327179896871769 ) ) ;
#856 = LINE ( 'NONE', #4112, #5105 ) ;
#857 = ADVANCED_FACE ( 'NONE', ( #3371 ), #1962, .T. ) ;
#858 = CARTESIAN_POINT ( 'NONE',  ( 0.000000000000000000, 9.500000000000000000, 0.000000000000000000 ) ) ;
#859 = FACE_OUTER_BOUND ( 'NONE', #2747, .T. ) ;
#860 = CARTESIAN_POINT ( 'NONE',  ( 2.596097982851268249, 9.500000000000000000, 9.138395661353010624 ) ) ;
#861 = ORIENTED_EDGE ( 'NONE', *, *, #6315, .F. ) ;
#862 = DIRECTION ( 'NONE',  ( -0.000000000000000000, 1.000000000000000000, 0.000000000000000000 ) ) ;
#863 = ORIENTED_EDGE ( 'NONE', *, *, #1087, .T. ) ;
#864 = ADVANCED_FACE ( 'NONE', ( #6698 ), #6012, .T. ) ;
#865 = ADVANCED_FACE ( 'NONE', ( #1050 ), #5536, .T. ) ;
#866 = DIRECTION ( 'NONE',  ( 0.8511160640214274764, 0.000000000000000000, 0.5249775667251633804 ) ) ;
#867 = CARTESIAN_POINT ( 'NONE',  ( 2.732734718791013595, 2.500000000000000444, -9.619363854055745122 ) ) ;
#868 = SPHERICAL_SURFACE ( 'NONE', #675, 0.5000000000000000000 ) ;
#869 = CARTESIAN_POINT ( 'NONE',  ( -0.6191899973696586290, 1.863884028547774463, -9.981455889014993588 ) ) ;
#870 = VERTEX_POINT ( 'NONE', #1158 ) ;
#871 = ORIENTED_EDGE ( 'NONE', *, *, #3948, .T. ) ;
#872 = DIRECTION ( 'NONE',  ( -0.000000000000000000, -1.000000000000000000, 0.000000000000000000 ) ) ;
#873 = CARTESIAN_POINT ( 'NONE',  ( 1.098630827246564134, 10.00001200000000168, 9.936260398347616984 ) ) ;
#874 = DIRECTION ( 'NONE',  ( -0.7497524964563334615, 3.469446951953612611E-15, -0.6617183646064960234 ) ) ;
#875 = LINE ( 'NONE', #4781, #6131 ) ;
#876 = DIRECTION ( 'NONE',  ( 0.000000000000000000, 0.000000000000000000, 1.000000000000000000 ) ) ;
#877 = ORIENTED_EDGE ( 'NONE', *, *, #7131, .T. ) ;
#878 = CARTESIAN_POINT ( 'NONE',  ( 4.626103053009547494, 9.500000000000000000, -8.297540029607313627 ) ) ;
#879 = CARTESIAN_POINT ( 'NONE',  ( 4.035844149635339662, 1.992695579455263655, 9.150139654457440486 ) ) ;
#880 = DIRECTION ( 'NONE',  ( 0.000000000000000000, -1.000000000000000000, 0.000000000000000000 ) ) ;
#881 = LINE ( 'NONE', #7112, #2565 ) ;
#882 = VERTEX_POINT ( 'NONE', #3412 ) ;
#883 = CARTESIAN_POINT ( 'NONE',  ( -6.205888851312630905, 10.00000000000000000, -7.841361078610883162 ) ) ;
#884 = PRODUCT_DEFINITION_CONTEXT ( 'detailed design', #4599, 'design' ) ;
#885 = EDGE_LOOP ( 'NONE', ( #3147, #304 ) ) ;
#886 = CARTESIAN_POINT ( 'NONE',  ( -4.741424121641779621, 2.500000000000000000, -8.805704236984286837 ) ) ;
#887 = DIRECTION ( 'NONE',  ( -7.993605777301127091E-15, 0.000000000000000000, 1.000000000000000000 ) ) ;
#888 = DIRECTION ( 'NONE',  ( 0.9932905682471174780, 0.000000000000000000, 0.1156453502364819669 ) ) ;
#889 = CIRCLE ( 'NONE', #6786, 0.5000000000000004441 ) ;
#890 = DIRECTION ( 'NONE',  ( -0.000000000000000000, -1.000000000000000000, -0.000000000000000000 ) ) ;
#891 = EDGE_CURVE ( 'NONE', #1326, #81, #1603, .T. ) ;
#892 = CARTESIAN_POINT ( 'NONE',  ( 4.626103053009545718, 9.500000000000000000, -8.297540029607313627 ) ) ;
#893 = ORIENTED_EDGE ( 'NONE', *, *, #6652, .F. ) ;
#894 = CARTESIAN_POINT ( 'NONE',  ( -4.470479223992169793, 10.00000000000000000, -10.79269157286923075 ) ) ;
#895 = ORIENTED_EDGE ( 'NONE', *, *, #353, .F. ) ;
#896 = CARTESIAN_POINT ( 'NONE',  ( 3.154135701372484668, 2.242932669926582800, 9.376782963239440605 ) ) ;
#897 = EDGE_CURVE ( 'NONE', #6941, #225, #645, .T. ) ;
#898 = CARTESIAN_POINT ( 'NONE',  ( 9.421228362309031823, 1.829075679051594960, -3.355012593856866676 ) ) ;
#899 = CARTESIAN_POINT ( 'NONE',  ( 9.190454985892348105, 1.768515498480401016, 3.943572702702330623 ) ) ;
#900 = CARTESIAN_POINT ( 'NONE',  ( 0.000000000000000000, 9.500000000000000000, 0.000000000000000000 ) ) ;
#901 = EDGE_CURVE ( 'NONE', #2900, #3713, #2422, .T. ) ;
#902 = FACE_OUTER_BOUND ( 'NONE', #7036, .T. ) ;
#903 = EDGE_LOOP ( 'NONE', ( #278, #4909, #7166, #5862 ) ) ;
#904 = ORIENTED_EDGE ( 'NONE', *, *, #5408, .F. ) ;
#905 = CARTESIAN_POINT ( 'NONE',  ( 0.1284310849190170023, 1.768641139221981184, 9.999986698273103158 ) ) ;
#906 = CARTESIAN_POINT ( 'NONE',  ( 9.026369566624447671, 2.134291405717181789, -3.924093166778580333 ) ) ;
#907 = CARTESIAN_POINT ( 'NONE',  ( -9.955022261424865349, 2.051666420109250044, 0.9506534642318815731 ) ) ;
#908 = DIRECTION ( 'NONE',  ( 0.000000000000000000, 0.000000000000000000, 1.000000000000000000 ) ) ;
#909 = EDGE_CURVE ( 'NONE', #595, #6895, #4150, .T. ) ;
#910 = ORIENTED_EDGE ( 'NONE', *, *, #1961, .T. ) ;
#911 = CLOSED_SHELL ( 'NONE', ( #2536, #1161, #6871, #3815, #3472, #2005, #805, #944, #2985, #1557, #2095, #5726, #7148, #6023, #1170, #219, #2055, #3337, #527, #4928, #5115, #1742, #1562, #4439, #135, #5681, #6525, #2556, #3825, #2589, #3035, #3302, #2796, #6391, #7044, #2313, #2934, #6380, #358, #5242, #1527, #3555, #5250, #6067, #2240, #5147, #1205, #2942, #4341, #5251, #374, #5768, #5948, #864, #857, #2981, #405, #4389, #537, #6969, #5557, #987, #3958, #349, #7009, #2892, #2265, #1475, #5108, #1463, #2196, #6908, #4343, #5368, #6595, #5374, #865, #1261, #809, #4169, #1732, #5735, #636, #4739, #623, #2088, #2324, #2644, #3872, #5853, #4701, #3861, #266, #3023, #2363, #5144, #4175, #3739, #6589, #2631, #6617, #6742, #3828, #6561, #5186, #4118, #7139, #2719, #50, #1022, #2402, #5813, #6750, #1484, #5326, #4832, #941, #1982, #313, #261, #1881, #3387, #769, #3460, #5336, #97, #4261, #1779, #5295, #6206, #4484, #4792, #4800, #1817, #3066, #6962, #3028, #3121, #581, #2273, #1875, #2174, #5991, #6530, #4659, #3211, #4347, #3243, #5592, #2011, #2530, #1885, #6697, #1084, #4227, #1018, #4516, #3428, #2765, #665, #1594, #170, #4919, #6438, #5690, #5535, #5721, #3617, #5983, #4028, #4838, #5502, #2752, #2989, #4709, #7137, #1442, #1308, #1296, #1250, #2638, #2503, #3383, #2059, #5827, #5686, #1921, #4034, #191, #306, #726, #6876, #6405, #3328, #1245, #5859, #5871, #3611, #3645, #2176, #3690, #6163, #6707, #2620, #6527, #92, #5333, #2494, #4270 ) ) ;
#912 = CARTESIAN_POINT ( 'NONE',  ( 2.995828026329736549, 8.000000000000000000, 0.9734035322810841162 ) ) ;
#913 = CARTESIAN_POINT ( 'NONE',  ( 3.577627445398981809, 2.139924804626892385, 9.172514644783548832 ) ) ;
#914 = VECTOR ( 'NONE', #4121, 1000.000000000000000 ) ;
#915 = CARTESIAN_POINT ( 'NONE',  ( -1.098630827246566799, 10.00000000000000000, 9.436260398347616984 ) ) ;
#916 = CARTESIAN_POINT ( 'NONE',  ( -5.895594408747053095, 10.00001200000000168, 7.449293024680295083 ) ) ;
#917 = ORIENTED_EDGE ( 'NONE', *, *, #5641, .F. ) ;
#918 = CARTESIAN_POINT ( 'NONE',  ( -6.378947770805471151, 2.414533010808959990, -7.599467116825871393 ) ) ;
#919 = ORIENTED_EDGE ( 'NONE', *, *, #3128, .T. ) ;
#920 = CARTESIAN_POINT ( 'NONE',  ( -4.462933545236089650, 2.279919447647872133, -8.840032644896218983 ) ) ;
#921 = CIRCLE ( 'NONE', #3583, 0.5000000000000004441 ) ;
#922 = CARTESIAN_POINT ( 'NONE',  ( 9.997620538913139399, 1.779361857681295067, -0.2509966059968983809 ) ) ;
#923 = DIRECTION ( 'NONE',  ( 0.000000000000000000, 0.000000000000000000, 1.000000000000000000 ) ) ;
#924 = CARTESIAN_POINT ( 'NONE',  ( 0.000000000000000000, 9.992403876506100957, 0.000000000000000000 ) ) ;
#925 = AXIS2_PLACEMENT_3D ( 'NONE', #3773, #5038, #64 ) ;
#926 = CARTESIAN_POINT ( 'NONE',  ( 4.470479223992320783, 10.00001200000000168, -10.79269157286916858 ) ) ;
#927 = ORIENTED_EDGE ( 'NONE', *, *, #6168, .T. ) ;
#928 = DIRECTION ( 'NONE',  ( 0.3244301945785795227, 0.000000000000000000, -0.9459096409518750193 ) ) ;
#929 = VERTEX_POINT ( 'NONE', #6629 ) ;
#930 = B_SPLINE_CURVE_WITH_KNOTS ( 'NONE', 3,
 ( #2161, #5422, #3290, #488, #5971, #6512, #7093, #2675, #4366, #2741, #6074, #6543, #4986, #6574, #4404, #19, #2709, #4946 ),
 .UNSPECIFIED., .F., .F.,
 ( 4, 2, 2, 2, 2, 2, 2, 2, 4 ),
 ( 4.336808689942017255E-19, 0.0003765522689820487070, 0.0007531045379640969803, 0.001129656806946144820, 0.001506209075928192876, 0.001882761344910240716, 0.002259313613892288339, 0.002635865882874336395, 0.003012418151856384452 ),
 .UNSPECIFIED. ) ;
#931 = EDGE_CURVE ( 'NONE', #2350, #5152, #2755, .T. ) ;
#932 = CONICAL_SURFACE ( 'NONE', #6016, 7.500000000000000000, 1.396263401595466691 ) ;
#933 = CARTESIAN_POINT ( 'NONE',  ( 9.189634587520492559, 1.768641139221982073, -3.945484083995213442 ) ) ;
#934 = CARTESIAN_POINT ( 'NONE',  ( 8.980379107744491662, 1.867418461490486736, 4.400639730061438826 ) ) ;
#935 = DIRECTION ( 'NONE',  ( 0.000000000000000000, 0.000000000000000000, 1.000000000000000000 ) ) ;
#936 = CARTESIAN_POINT ( 'NONE',  ( -0.2045203784392654045, 2.139858412045515301, -9.843376979806516047 ) ) ;
#937 = ORIENTED_EDGE ( 'NONE', *, *, #2364, .T. ) ;
#938 = AXIS2_PLACEMENT_3D ( 'NONE', #4937, #965, #4358 ) ;
#939 = CIRCLE ( 'NONE', #113, 0.4999999999999998335 ) ;
#940 = EDGE_LOOP ( 'NONE', ( #1444, #4694, #2339, #5594 ) ) ;
#941 = ADVANCED_FACE ( 'NONE', ( #4924 ), #4959, .T. ) ;
#942 = AXIS2_PLACEMENT_3D ( 'NONE', #5883, #5154, #2404 ) ;
#943 = AXIS2_PLACEMENT_3D ( 'NONE', #4206, #6418, #908 ) ;
#944 = ADVANCED_FACE ( 'NONE', ( #167 ), #1379, .T. ) ;
#945 = FACE_OUTER_BOUND ( 'NONE', #2862, .T. ) ;
#946 = CARTESIAN_POINT ( 'NONE',  ( -2.394357833393303103, 0.000000000000000000, 0.1814307967061945803 ) ) ;
#947 = CARTESIAN_POINT ( 'NONE',  ( -9.932905682471183439, 2.371852820628066905, 1.156453502364772845 ) ) ;
#948 = CIRCLE ( 'NONE', #475, 0.5000000000000004441 ) ;
#949 = AXIS2_PLACEMENT_3D ( 'NONE', #3822, #6034, #5490 ) ;
#950 = ORIENTED_EDGE ( 'NONE', *, *, #4522, .F. ) ;
#951 = EDGE_CURVE ( 'NONE', #2312, #235, #2390, .T. ) ;
#952 = CARTESIAN_POINT ( 'NONE',  ( -6.368549229222990604, 10.00001200000000168, 7.611508121969579932 ) ) ;
#953 = EDGE_CURVE ( 'NONE', #3303, #1757, #4094, .T. ) ;
#954 = DIRECTION ( 'NONE',  ( 0.000000000000000000, 1.000000000000000000, 0.000000000000000000 ) ) ;
#955 = AXIS2_PLACEMENT_3D ( 'NONE', #7085, #3787, #2188 ) ;
#956 = CARTESIAN_POINT ( 'NONE',  ( 4.207349046297417239, 2.179149717452383950, -8.925411688466436289 ) ) ;
#957 = EDGE_CURVE ( 'NONE', #1, #2159, #3627, .T. ) ;
#958 = VERTEX_POINT ( 'NONE', #1923 ) ;
#959 = CYLINDRICAL_SURFACE ( 'NONE', #1626, 2.000000000000000000 ) ;
#960 = VERTEX_POINT ( 'NONE', #5174 ) ;
#961 =( BOUNDED_SURFACE ( )  B_SPLINE_SURFACE ( 3, 2, ( 
 ( #250, #6314, #1350 ),
 ( #800, #5261, #283 ),
 ( #4708, #6920, #4894 ),
 ( #2754, #1123, #5979 ),
 ( #1627, #4817, #4315 ),
 ( #3841, #983, #5950 ),
 ( #5436, #7069, #5472 ),
 ( #6053, #4376, #2143 ),
 ( #1015, #2616, #7169 ),
 ( #5400, #1090, #501 ),
 ( #6585, #7029, #6086 ),
 ( #3802, #394, #2722 ),
 ( #6011, #3195, #3300 ),
 ( #4345, #3265, #5505 ),
 ( #428, #6553, #531 ),
 ( #3228, #4415, #1589 ),
 ( #1665, #1049, #4958 ),
 ( #4922, #462, #2690 ) ),
 .UNSPECIFIED., .F., .F., .F. ) 
 B_SPLINE_SURFACE_WITH_KNOTS ( ( 4, 2, 2, 2, 2, 2, 2, 2, 4 ),
 ( 3, 3 ),
 ( 0.000000000000000000, 0.0003645422052340796569, 0.0007290844104681593139, 0.001093626615702239079, 0.001458168820936318628, 0.001822711026170398393, 0.002187253231404478158, 0.002551795436638557707, 0.002916337641872637255 ),
 ( 0.000000000000000000, 1.000000000000000000 ),
 .UNSPECIFIED. ) 
 GEOMETRIC_REPRESENTATION_ITEM ( )  RATIONAL_B_SPLINE_SURFACE ( (
 ( 1.000000000000000000, 0.9595359398070241186, 1.000000000000000000),
 ( 1.000000000000000000, 0.9595833763010224171, 1.000000000000000000),
 ( 1.000000000000000000, 0.9570685609626671253, 1.000000000000000000),
 ( 1.000000000000000000, 0.9488880332095436243, 1.000000000000000000),
 ( 1.000000000000000000, 0.9432547151588545065, 1.000000000000000000),
 ( 1.000000000000000000, 0.9321826025349281286, 1.000000000000000000),
 ( 1.000000000000000000, 0.9268523530654825260, 1.000000000000000000),
 ( 1.000000000000000000, 0.9192073681285225506, 1.000000000000000000),
 ( 1.000000000000000000, 0.9170514797511168936, 1.000000000000000000),
 ( 1.000000000000000000, 0.9170288608893517601, 1.000000000000000000),
 ( 1.000000000000000000, 0.9192260099103566340, 1.000000000000000000),
 ( 1.000000000000000000, 0.9267996068666188858, 1.000000000000000000),
 ( 1.000000000000000000, 0.9321812854749548238, 1.000000000000000000),
 ( 1.000000000000000000, 0.9432160661325971196, 1.000000000000000000),
 ( 1.000000000000000000, 0.9488445939140058849, 1.000000000000000000),
 ( 1.000000000000000000, 0.9570263305978975454, 1.000000000000000000),
 ( 1.000000000000000000, 0.9595878455023130194, 1.000000000000000000),
 ( 1.000000000000000000, 0.9595359398070242296, 1.000000000000000000) ) ) 
 REPRESENTATION_ITEM ( '' )  SURFACE ( )  );
#962 = CARTESIAN_POINT ( 'NONE',  ( -7.393314632472657522, 2.212746796842762542, -6.556373006456586161 ) ) ;
#963 = VERTEX_POINT ( 'NONE', #4732 ) ;
#964 = AXIS2_PLACEMENT_3D ( 'NONE', #6138, #5082, #2913 ) ;
#965 = DIRECTION ( 'NONE',  ( 0.000000000000000000, 1.000000000000000000, 0.000000000000000000 ) ) ;
#966 = CARTESIAN_POINT ( 'NONE',  ( -9.458796236486628928, 1.864094386502770817, -3.247154115396697183 ) ) ;
#967 = CARTESIAN_POINT ( 'NONE',  ( -8.297540029607333167, 9.500000000000000000, -4.626103053009513744 ) ) ;
#968 = CARTESIAN_POINT ( 'NONE',  ( -7.841361078610813884, 2.500000000000000444, -6.205888851312715282 ) ) ;
#969 = ORIENTED_EDGE ( 'NONE', *, *, #7145, .T. ) ;
#970 = CARTESIAN_POINT ( 'NONE',  ( -9.619363854055777097, 2.500000000000000000, 2.732734718790907902 ) ) ;
#971 = ORIENTED_EDGE ( 'NONE', *, *, #2065, .F. ) ;
#972 = CARTESIAN_POINT ( 'NONE',  ( 3.451496558927992897, 2.147145517465061548, 9.229789989832733355 ) ) ;
#973 = DIRECTION ( 'NONE',  ( 0.000000000000000000, 0.000000000000000000, 1.000000000000000000 ) ) ;
#974 = FACE_OUTER_BOUND ( 'NONE', #2791, .T. ) ;
#975 = CARTESIAN_POINT ( 'NONE',  ( 2.970974231079632766, 9.500000000000000000, -9.469254843656200293 ) ) ;
#976 = EDGE_LOOP ( 'NONE', ( #1310, #6225, #1456 ) ) ;
#977 = CARTESIAN_POINT ( 'NONE',  ( 0.1126389525482404258, 1.985975370094277270, -10.00001032960337710 ) ) ;
#978 = ORIENTED_EDGE ( 'NONE', *, *, #2750, .F. ) ;
#979 = ORIENTED_EDGE ( 'NONE', *, *, #957, .F. ) ;
#980 = B_SPLINE_CURVE_WITH_KNOTS ( 'NONE', 3,
 ( #2383, #5643, #5096, #6654, #5530, #5030, #89, #1691, #2781, #3361, #605, #2823, #2277, #4477, #668, #6686, #6151, #124 ),
 .UNSPECIFIED., .F., .F.,
 ( 4, 2, 2, 2, 2, 2, 2, 2, 4 ),
 ( 8.673617379884035472E-19, 0.0003765522689820503333, 0.0007531045379640997992, 0.001129656806946149374, 0.001506209075928198731, 0.001882761344910248089, 0.002259313613892297880, 0.002635865882874346804, 0.003012418151856395727 ),
 .UNSPECIFIED. ) ;
#981 = CARTESIAN_POINT ( 'NONE',  ( -1.010707542388656011, 2.409665417632327333, 9.949874374723600923 ) ) ;
#982 = DIRECTION ( 'NONE',  ( 1.000000000000000000, -3.469446951953611033E-15, -1.203706215242021287E-29 ) ) ;
#983 = CARTESIAN_POINT ( 'NONE',  ( -9.012139614925446907, 2.048945620300810067, 4.335449496297137273 ) ) ;
#984 = EDGE_CURVE ( 'NONE', #2352, #4809, #440, .T. ) ;
#985 = CARTESIAN_POINT ( 'NONE',  ( 11.68192517863507618, 10.00001200000000168, 1.224126288112367485E-13 ) ) ;
#986 = B_SPLINE_CURVE_WITH_KNOTS ( 'NONE', 3,
 ( #95, #3329, #6694, #6660, #2317, #62, #2282, #1734, #5537, #3941, #1772, #3981, #1229, #6194, #1663, #5649, #676, #2532 ),
 .UNSPECIFIED., .F., .F.,
 ( 4, 2, 2, 2, 2, 2, 2, 2, 4 ),
 ( 0.000000000000000000, 0.0001297744646122148116, 0.0002595489292244296232, 0.0005190978584488607642, 0.001038195716897722613, 0.001557293575346583919, 0.001816842504571012946, 0.001946616969183226483, 0.002076391433795440021 ),
 .UNSPECIFIED. ) ;
#987 = ADVANCED_FACE ( 'NONE', ( #4629 ), #7162, .T. ) ;
#988 = CARTESIAN_POINT ( 'NONE',  ( 2.970974231079632766, 2.500000000000000444, -9.469254843656200293 ) ) ;
#989 = CARTESIAN_POINT ( 'NONE',  ( 9.332649232411188933, 1.779361857681294401, 3.594033116304668152 ) ) ;
#990 = CARTESIAN_POINT ( 'NONE',  ( 0.3433454435212772160, 2.147149294247280515, -9.848045944669637564 ) ) ;
#991 = EDGE_CURVE ( 'NONE', #1799, #1980, #6805, .T. ) ;
#992 = FACE_OUTER_BOUND ( 'NONE', #3237, .T. ) ;
#993 = ORIENTED_EDGE ( 'NONE', *, *, #2238, .F. ) ;
#994 = CARTESIAN_POINT ( 'NONE',  ( -7.206828043569139197, 2.147342056939915533, -6.720468549890235899 ) ) ;
#995 = ORIENTED_EDGE ( 'NONE', *, *, #410, .F. ) ;
#996 = SPHERICAL_SURFACE ( 'NONE', #2162, 0.5000000000000000000 ) ;
#997 = CARTESIAN_POINT ( 'NONE',  ( 2.333234819276247318, 8.000000000000000000, 0.5673463196692628552 ) ) ;
#998 = FACE_OUTER_BOUND ( 'NONE', #4664, .T. ) ;
#999 = DIRECTION ( 'NONE',  ( 0.000000000000000000, -1.000000000000000000, -0.000000000000000000 ) ) ;
#1000 = CARTESIAN_POINT ( 'NONE',  ( -4.594978287205977452, 2.500000000000000444, -8.796570338259748212 ) ) ;
#1001 = EDGE_LOOP ( 'NONE', ( #1971, #2527, #1537, #5564, #6469, #4124, #5969, #5652, #5419, #6192, #4582, #3511, #1519, #1959, #2920, #6216, #1105, #4789, #1673, #5906, #7003, #1987, #1546, #5020, #3513, #5609, #3440, #2618, #5841, #3498, #4711, #4086, #5975, #4488, #2418, #2439 ) ) ;
#1002 = CARTESIAN_POINT ( 'NONE',  ( -8.758463274103183593, 2.249819565270343436, 4.826544448226547601 ) ) ;
#1003 = EDGE_LOOP ( 'NONE', ( #6858, #6008, #2714, #246 ) ) ;
#1004 = CARTESIAN_POINT ( 'NONE',  ( 4.579470683571192247, 2.413741176464117455, 8.801702682749326101 ) ) ;
#1005 = CARTESIAN_POINT ( 'NONE',  ( -9.954245716881921169, 2.059185488125292451, -0.9585349633983218931 ) ) ;
#1006 = AXIS2_PLACEMENT_3D ( 'NONE', #689, #1750, #4535 ) ;
#1007 = CARTESIAN_POINT ( 'NONE',  ( -2.333234819276247318, 8.000000000000000000, -0.5673463196692614119 ) ) ;
#1008 = CARTESIAN_POINT ( 'NONE',  ( -4.626103053009483546, 9.500000000000000000, 8.297540029607350931 ) ) ;
#1009 = CARTESIAN_POINT ( 'NONE',  ( 0.7528369329705465463, 2.127032157860380135, -9.972609810340808068 ) ) ;
#1010 = ORIENTED_EDGE ( 'NONE', *, *, #5286, .F. ) ;
#1011 = CIRCLE ( 'NONE', #2742, 0.5000000000000004441 ) ;
#1012 = ORIENTED_EDGE ( 'NONE', *, *, #6778, .T. ) ;
#1013 = FACE_OUTER_BOUND ( 'NONE', #3967, .T. ) ;
#1014 = DIRECTION ( 'NONE',  ( -1.000000000000000000, -1.734723475976807094E-15, 0.000000000000000000 ) ) ;
#1015 = CARTESIAN_POINT ( 'NONE',  ( -9.052480793569261053, 2.134320569921036359, 3.861085519973249447 ) ) ;
#1016 = DIRECTION ( 'NONE',  ( 0.000000000000000000, 1.000000000000000000, 0.000000000000000000 ) ) ;
#1017 = CARTESIAN_POINT ( 'NONE',  ( 10.79269157286915615, 2.500000000000000444, 4.470479223992352757 ) ) ;
#1018 = ADVANCED_FACE ( 'NONE', ( #4589 ), #868, .T. ) ;
#1019 = LINE ( 'NONE', #4280, #3396 ) ;
#1020 = CARTESIAN_POINT ( 'NONE',  ( 6.518869136509426454, 2.127336489724485524, -7.584466575834754920 ) ) ;
#1021 = CARTESIAN_POINT ( 'NONE',  ( 6.379225400237415577, 2.413741176464116567, -7.599145027578459555 ) ) ;
#1022 = ADVANCED_FACE ( 'NONE', ( #3009 ), #1490, .T. ) ;
#1023 = ORIENTED_EDGE ( 'NONE', *, *, #2540, .T. ) ;
#1024 = CARTESIAN_POINT ( 'NONE',  ( -3.408834636278101016, 2.024215165943731964, -9.401861085319911382 ) ) ;
#1025 = DIRECTION ( 'NONE',  ( 0.000000000000000000, 0.000000000000000000, 1.000000000000000000 ) ) ;
#1026 = EDGE_CURVE ( 'NONE', #5573, #6481, #2651, .T. ) ;
#1027 = AXIS2_PLACEMENT_3D ( 'NONE', #3115, #5254, #5285 ) ;
#1028 = DIRECTION ( 'NONE',  ( 0.7622926637108760062, 0.000000000000000000, 0.6472324890273797315 ) ) ;
#1029 = FACE_OUTER_BOUND ( 'NONE', #2775, .T. ) ;
#1030 = PLANE ( 'NONE',  #2321 ) ;
#1031 = ORIENTED_EDGE ( 'NONE', *, *, #4558, .F. ) ;
#1032 = DIRECTION ( 'NONE',  ( 7.105427357601001859E-15, 0.000000000000000000, 1.000000000000000000 ) ) ;
#1033 = AXIS2_PLACEMENT_3D ( 'NONE', #2524, #6869, #5829 ) ;
#1034 = ORIENTED_EDGE ( 'NONE', *, *, #2409, .T. ) ;
#1035 = CARTESIAN_POINT ( 'NONE',  ( 4.140859864539626400, 2.164537838121644242, -8.948211102191622857 ) ) ;
#1036 = CARTESIAN_POINT ( 'NONE',  ( -9.932905687524199223, 2.376055744299625516, -1.156453458963826453 ) ) ;
#1037 = EDGE_CURVE ( 'NONE', #1298, #429, #6353, .T. ) ;
#1038 = DIRECTION ( 'NONE',  ( 0.06224953160689260939, -6.925436733145753033E-15, 0.9980606173047419372 ) ) ;
#1039 = AXIS2_PLACEMENT_3D ( 'NONE', #1231, #1414, #4733 ) ;
#1040 = CARTESIAN_POINT ( 'NONE',  ( -0.5673463196692629662, 8.000000000000000000, 2.333234819276247762 ) ) ;
#1041 = CARTESIAN_POINT ( 'NONE',  ( -1.010707579139243473, 2.500000000000000000, -9.949874371066197654 ) ) ;
#1042 = ORIENTED_EDGE ( 'NONE', *, *, #1934, .F. ) ;
#1043 = CARTESIAN_POINT ( 'NONE',  ( 8.796570338259671828, 2.456298904871082378, 4.594978287206126666 ) ) ;
#1044 = ORIENTED_EDGE ( 'NONE', *, *, #3163, .F. ) ;
#1045 = AXIS2_PLACEMENT_3D ( 'NONE', #6568, #1608, #1505 ) ;
#1046 = CARTESIAN_POINT ( 'NONE',  ( -7.725627693846912614, 2.322848788353837790, -6.351233556578229411 ) ) ;
#1047 = CARTESIAN_POINT ( 'NONE',  ( -6.360301573036754696, 2.059838893144258165, 7.717017477650952806 ) ) ;
#1048 = AXIS2_PLACEMENT_3D ( 'NONE', #3534, #5742, #5777 ) ;
#1049 = CARTESIAN_POINT ( 'NONE',  ( -9.579266317303966716, 2.409665417632471218, 2.873880065552582685 ) ) ;
#1050 = FACE_OUTER_BOUND ( 'NONE', #2358, .T. ) ;
#1051 = CARTESIAN_POINT ( 'NONE',  ( -7.611508121969555951, 10.00001200000000168, -6.368549229223018138 ) ) ;
#1052 = AXIS2_PLACEMENT_3D ( 'NONE', #2186, #511, #1025 ) ;
#1053 = VECTOR ( 'NONE', #2480, 1000.000000000000000 ) ;
#1054 = LINE ( 'NONE', #4784, #1413 ) ;
#1055 = DIRECTION ( 'NONE',  ( -0.000000000000000000, -1.000000000000000000, -0.000000000000000000 ) ) ;
#1056 = FACE_OUTER_BOUND ( 'NONE', #2045, .T. ) ;
#1057 = VECTOR ( 'NONE', #1100, 1000.000000000000114 ) ;
#1058 = EDGE_LOOP ( 'NONE', ( #4448, #1183, #5332, #4801 ) ) ;
#1059 = AXIS2_PLACEMENT_3D ( 'NONE', #4503, #1140, #6756 ) ;
#1060 = CARTESIAN_POINT ( 'NONE',  ( -9.138395661352989308, 10.00000000000000000, 2.596097982851362840 ) ) ;
#1061 = VERTEX_POINT ( 'NONE', #2969 ) ;
#1062 = CARTESIAN_POINT ( 'NONE',  ( 6.709852692988600431, 1.827366529454475641, -7.415746258787005551 ) ) ;
#1063 = CIRCLE ( 'NONE', #3268, 0.4999999999999996114 ) ;
#1064 = PRESENTATION_LAYER_ASSIGNMENT (  '', '', ( #6392 ) ) ;
#1065 = CARTESIAN_POINT ( 'NONE',  ( 0.000000000000000000, 0.000000000000000000, 0.000000000000000000 ) ) ;
#1066 = CARTESIAN_POINT ( 'NONE',  ( 8.734252684021669211, 2.376055744299600647, 4.869582122899283938 ) ) ;
#1067 = DIRECTION ( 'NONE',  ( 0.000000000000000000, -1.000000000000000000, 0.000000000000000000 ) ) ;
#1068 = DIRECTION ( 'NONE',  ( 0.000000000000000000, 0.000000000000000000, -1.000000000000000000 ) ) ;
#1069 = VERTEX_POINT ( 'NONE', #5212 ) ;
#1070 = AXIS2_PLACEMENT_3D ( 'NONE', #3816, #1101, #6026 ) ;
#1071 = EDGE_CURVE ( 'NONE', #882, #3642, #6842, .T. ) ;
#1072 = CARTESIAN_POINT ( 'NONE',  ( -9.332714570764917283, 1.779448407880938943, 3.593834903188237728 ) ) ;
#1073 = EDGE_LOOP ( 'NONE', ( #7098, #1259, #1425, #2498 ) ) ;
#1074 = CARTESIAN_POINT ( 'NONE',  ( 3.930903099441905191, 1.985975370094092751, -9.195699807442997198 ) ) ;
#1075 = EDGE_CURVE ( 'NONE', #2856, #6571, #203, .T. ) ;
#1076 = CARTESIAN_POINT ( 'NONE',  ( -9.885393342147867912, 2.438027874578145848, -0.8789046367427875150 ) ) ;
#1077 = CARTESIAN_POINT ( 'NONE',  ( -2.548403532281083628, 8.000000000000000000, 1.851523544721290992 ) ) ;
#1078 = EDGE_CURVE ( 'NONE', #300, #1718, #2760, .T. ) ;
#1079 = AXIS2_PLACEMENT_3D ( 'NONE', #6704, #2216, #4490 ) ;
#1080 = CARTESIAN_POINT ( 'NONE',  ( -2.970974231079499983, 9.500000000000000000, -9.469254843656241150 ) ) ;
#1081 = ORIENTED_EDGE ( 'NONE', *, *, #2756, .F. ) ;
#1082 = CARTESIAN_POINT ( 'NONE',  ( 1.109995276579309742, 2.255681435097380838, -9.938496242092700328 ) ) ;
#1083 = VERTEX_POINT ( 'NONE', #1996 ) ;
#1084 = ADVANCED_FACE ( 'NONE', ( #1844 ), #5759, .T. ) ;
#1085 = DIRECTION ( 'NONE',  ( -0.2362740077746005030, 0.000000000000000000, -0.9716864685947457225 ) ) ;
#1086 = VERTEX_POINT ( 'NONE', #975 ) ;
#1087 = EDGE_CURVE ( 'NONE', #2731, #1935, #5320, .T. ) ;
#1088 = CARTESIAN_POINT ( 'NONE',  ( -7.611508121969555951, 2.500000000000000444, -6.368549229223018138 ) ) ;
#1089 = CARTESIAN_POINT ( 'NONE',  ( -6.320945456729162082, 2.500000000000000444, 7.750301822741132440 ) ) ;
#1090 = CARTESIAN_POINT ( 'NONE',  ( -9.281909929401347625, 1.985975370094250847, 3.722773453796214049 ) ) ;
#1091 = DIRECTION ( 'NONE',  ( -0.000000000000000000, 1.000000000000000000, -0.000000000000000000 ) ) ;
#1092 = ORIENTED_EDGE ( 'NONE', *, *, #901, .F. ) ;
#1093 = SPHERICAL_SURFACE ( 'NONE', #4765, 0.5000000000000000000 ) ;
#1094 = CARTESIAN_POINT ( 'NONE',  ( 1.098630827246567021, 2.500000000000000000, -9.436260398347616984 ) ) ;
#1095 = CARTESIAN_POINT ( 'NONE',  ( 6.703810052746328907, 1.829430187479152758, -7.421242497277432904 ) ) ;
#1096 = B_SPLINE_CURVE_WITH_KNOTS ( 'NONE', 3,
 ( #6295, #1946, #1364, #6935, #3103, #332, #5785, #922, #5241, #264, #4080, #1467, #2522, #6867, #2563, #1983, #2490, #4143 ),
 .UNSPECIFIED., .F., .F.,
 ( 4, 2, 2, 2, 2, 2, 2, 2, 4 ),
 ( 4.336808689942017736E-19, 0.0003765522689820480023, 0.0007531045379640958961, 0.001129656806946144169, 0.001506209075928192443, 0.001882761344910241150, 0.002259313613892289206, 0.002635865882874338564, 0.003012418151856387054 ),
 .UNSPECIFIED. ) ;
#1097 = ORIENTED_EDGE ( 'NONE', *, *, #2849, .F. ) ;
#1098 = ORIENTED_EDGE ( 'NONE', *, *, #2844, .T. ) ;
#1099 = CARTESIAN_POINT ( 'NONE',  ( -2.732734718790878148, 2.500000000000001332, -9.619363854055782426 ) ) ;
#1100 = DIRECTION ( 'NONE',  ( -0.7622926637108774495, 0.000000000000000000, 0.6472324890273780662 ) ) ;
#1101 = DIRECTION ( 'NONE',  ( -1.000000000000000000, 0.000000000000000000, 0.000000000000000000 ) ) ;
#1102 = CARTESIAN_POINT ( 'NONE',  ( 8.734252662744529161, 2.500000000000000444, 4.869582161062705694 ) ) ;
#1103 = CARTESIAN_POINT ( 'NONE',  ( -2.596097982851332642, 10.00000000000000000, -9.138395661352994637 ) ) ;
#1104 = CARTESIAN_POINT ( 'NONE',  ( -2.970974231079499983, 2.500000000000000444, -9.469254843656241150 ) ) ;
#1105 = ORIENTED_EDGE ( 'NONE', *, *, #5647, .T. ) ;
#1106 = DIRECTION ( 'NONE',  ( 0.000000000000000000, 0.000000000000000000, -1.000000000000000000 ) ) ;
#1107 = ORIENTED_EDGE ( 'NONE', *, *, #6401, .T. ) ;
#1108 = CARTESIAN_POINT ( 'NONE',  ( 4.289462306013245296, 1.829075679051502146, -9.034166618178227637 ) ) ;
#1109 = CARTESIAN_POINT ( 'NONE',  ( -4.594978287205977452, 10.00001200000000168, -8.796570338259748212 ) ) ;
#1110 = DIRECTION ( 'NONE',  ( 0.6205888851312741927, 0.000000000000000000, -0.7841361078610793456 ) ) ;
#1111 = EDGE_CURVE ( 'NONE', #4756, #245, #6239, .T. ) ;
#1112 = CARTESIAN_POINT ( 'NONE',  ( 2.221104420305842542, 8.000000000000000000, 0.9124482025973593702 ) ) ;
#1113 = ORIENTED_EDGE ( 'NONE', *, *, #224, .T. ) ;
#1114 = CARTESIAN_POINT ( 'NONE',  ( -0.8789046617972543496, 2.456214797644922676, -9.885393354405106692 ) ) ;
#1115 = ORIENTED_EDGE ( 'NONE', *, *, #7096, .F. ) ;
#1116 = CARTESIAN_POINT ( 'NONE',  ( 9.376460923696683381, 2.242561475665997062, 3.154773929212275618 ) ) ;
#1117 = ORIENTED_EDGE ( 'NONE', *, *, #3422, .T. ) ;
#1118 = EDGE_CURVE ( 'NONE', #1793, #4224, #455, .T. ) ;
#1119 = EDGE_CURVE ( 'NONE', #542, #6480, #7042, .T. ) ;
#1120 = DIRECTION ( 'NONE',  ( 0.9971414314842893534, 0.000000000000000000, 0.07555769727474784259 ) ) ;
#1121 = CARTESIAN_POINT ( 'NONE',  ( -9.987987790097395902, 1.829075679051581194, -0.5057205400017410479 ) ) ;
#1122 = AXIS2_PLACEMENT_3D ( 'NONE', #6354, #258, #3567 ) ;
#1123 = CARTESIAN_POINT ( 'NONE',  ( -8.884289160643506378, 2.181508697813423048, 4.592078116478297112 ) ) ;
#1124 = CARTESIAN_POINT ( 'NONE',  ( -1.098630827246567021, 9.500000000000000000, -9.436260398347616984 ) ) ;
#1125 = VERTEX_POINT ( 'NONE', #4368 ) ;
#1126 = LINE ( 'NONE', #5475, #1260 ) ;
#1127 = FACE_OUTER_BOUND ( 'NONE', #1539, .T. ) ;
#1128 = CARTESIAN_POINT ( 'NONE',  ( -7.536785282756063964, 2.314916786199594956, 6.432881416101488448 ) ) ;
#1129 = CARTESIAN_POINT ( 'NONE',  ( 7.105199791446551671, 2.139924804626962107, -6.815466159439632854 ) ) ;
#1130 = VERTEX_POINT ( 'NONE', #491 ) ;
#1131 = FACE_OUTER_BOUND ( 'NONE', #6197, .T. ) ;
#1132 = ORIENTED_EDGE ( 'NONE', *, *, #4780, .T. ) ;
#1133 = CARTESIAN_POINT ( 'NONE',  ( 7.810231214632259444, 2.248135892564180782, -6.245516373440857194 ) ) ;
#1134 = CARTESIAN_POINT ( 'NONE',  ( 6.888520213642508772, 1.779849606445546462, 7.250099490762372589 ) ) ;
#1135 = CARTESIAN_POINT ( 'NONE',  ( -5.095752233843723986E-17, 2.500000000000000444, 11.68192517863507618 ) ) ;
#1136 = CARTESIAN_POINT ( 'NONE',  ( 8.757196459659340348, 2.255681435097405263, 4.828799771687475761 ) ) ;
#1137 = DIRECTION ( 'NONE',  ( -0.7841361078610914470, 0.000000000000000000, 0.6205888851312588717 ) ) ;
#1138 = CARTESIAN_POINT ( 'NONE',  ( -3.927006851613436211, 2.134587307295728209, -9.026009395232261312 ) ) ;
#1139 = EDGE_LOOP ( 'NONE', ( #7025, #4611, #895, #5745, #371 ) ) ;
#1140 = DIRECTION ( 'NONE',  ( 0.000000000000000000, 1.000000000000000000, 0.000000000000000000 ) ) ;
#1141 = ORIENTED_EDGE ( 'NONE', *, *, #5776, .F. ) ;
#1142 = CARTESIAN_POINT ( 'NONE',  ( 3.859535732301826005, 2.134257748930206589, -9.053095584707936183 ) ) ;
#1143 = AXIS2_PLACEMENT_3D ( 'NONE', #3586, #6372, #4052 ) ;
#1144 = LINE ( 'NONE', #1721, #5915 ) ;
#1145 = DIRECTION ( 'NONE',  ( -0.2362740077746028344, 0.000000000000000000, 0.9716864685947452784 ) ) ;
#1146 = CARTESIAN_POINT ( 'NONE',  ( -9.469254843656209175, 2.456216401094831525, -2.970974231079604344 ) ) ;
#1147 = AXIS2_PLACEMENT_3D ( 'NONE', #4833, #5415, #377 ) ;
#1148 = CARTESIAN_POINT ( 'NONE',  ( -9.932905682471172781, 2.500000000000000000, -1.156453502364842567 ) ) ;
#1149 = VECTOR ( 'NONE', #1794, 1000.000000000000000 ) ;
#1150 = ORIENTED_EDGE ( 'NONE', *, *, #5678, .F. ) ;
#1151 = CARTESIAN_POINT ( 'NONE',  ( -3.930903099441839910, 1.985975370094225312, 9.195699807443020291 ) ) ;
#1152 = EDGE_LOOP ( 'NONE', ( #1702, #2064 ) ) ;
#1153 = EDGE_CURVE ( 'NONE', #5296, #5119, #6693, .T. ) ;
#1154 = AXIS2_PLACEMENT_3D ( 'NONE', #6809, #5018, #4940 ) ;
#1155 = CYLINDRICAL_SURFACE ( 'NONE', #3556, 0.5000000000000004441 ) ;
#1156 = CARTESIAN_POINT ( 'NONE',  ( -9.885393330222521868, 2.438513403071512542, 0.8789046123666106602 ) ) ;
#1157 = CARTESIAN_POINT ( 'NONE',  ( 2.504813822048899574, 8.000000000000000000, 1.276266388579323063 ) ) ;
#1158 = CARTESIAN_POINT ( 'NONE',  ( 4.594978287206101797, 2.500000000000000444, -8.796570338259684263 ) ) ;
#1159 = CIRCLE ( 'NONE', #4397, 0.5000000000000008882 ) ;
#1160 = ORIENTED_EDGE ( 'NONE', *, *, #4480, .F. ) ;
#1161 = ADVANCED_FACE ( 'NONE', ( #344 ), #2575, .T. ) ;
#1162 = DIRECTION ( 'NONE',  ( -1.000000000000000000, 3.469446951953611033E-15, 0.000000000000000000 ) ) ;
#1163 = DIRECTION ( 'NONE',  ( 0.000000000000000000, 0.000000000000000000, -1.000000000000000000 ) ) ;
#1164 = CARTESIAN_POINT ( 'NONE',  ( 8.984615682879187659, 1.863989508453881117, 4.391979800034282455 ) ) ;
#1165 = EDGE_CURVE ( 'NONE', #845, #2783, #3580, .T. ) ;
#1166 = CARTESIAN_POINT ( 'NONE',  ( 7.249987813959752891, 2.164537838121621149, -6.682430624000232910 ) ) ;
#1167 = ORIENTED_EDGE ( 'NONE', *, *, #5495, .T. ) ;
#1168 = DIRECTION ( 'NONE',  ( 0.000000000000000000, 0.000000000000000000, 1.000000000000000000 ) ) ;
#1169 = VECTOR ( 'NONE', #6147, 1000.000000000000000 ) ;
#1170 = ADVANCED_FACE ( 'NONE', ( #4336 ), #6988, .F. ) ;
#1171 = VECTOR ( 'NONE', #824, 1000.000000000000000 ) ;
#1172 = ORIENTED_EDGE ( 'NONE', *, *, #2717, .T. ) ;
#1173 = CARTESIAN_POINT ( 'NONE',  ( -2.873880030200216762, 2.500000000000000888, -9.579266327989108376 ) ) ;
#1174 = EDGE_CURVE ( 'NONE', #39, #5323, #5427, .T. ) ;
#1175 = LINE ( 'NONE', #3994, #5225 ) ;
#1176 = DIRECTION ( 'NONE',  ( -0.000000000000000000, -1.000000000000000000, -0.000000000000000000 ) ) ;
#1177 = AXIS2_PLACEMENT_3D ( 'NONE', #7031, #5917, #2046 ) ;
#1178 = AXIS2_PLACEMENT_3D ( 'NONE', #4666, #4624, #6834 ) ;
#1179 = CARTESIAN_POINT ( 'NONE',  ( -4.869582161062555592, 9.500000000000000000, -8.734252662744610873 ) ) ;
#1180 = CARTESIAN_POINT ( 'NONE',  ( 9.963963684112149721, 1.982312691401836746, -0.8557725552097447119 ) ) ;
#1181 = ORIENTED_EDGE ( 'NONE', *, *, #3467, .F. ) ;
#1182 = DIRECTION ( 'NONE',  ( 0.000000000000000000, 0.000000000000000000, 1.000000000000000000 ) ) ;
#1183 = ORIENTED_EDGE ( 'NONE', *, *, #6778, .F. ) ;
#1184 = AXIS2_PLACEMENT_3D ( 'NONE', #35, #6057, #4587 ) ;
#1185 = CIRCLE ( 'NONE', #1643, 0.5000000000000004441 ) ;
#1186 = CARTESIAN_POINT ( 'NONE',  ( 4.741424121641899525, 2.500000000000000888, -8.805704236984219335 ) ) ;
#1187 = DIRECTION ( 'NONE',  ( 0.000000000000000000, 1.000000000000000000, 0.000000000000000000 ) ) ;
#1188 = PLANE ( 'NONE',  #2580 ) ;
#1189 = CARTESIAN_POINT ( 'NONE',  ( -7.246866680950636130, 1.779361857681295955, -6.891903876640132154 ) ) ;
#1190 = TOROIDAL_SURFACE ( 'NONE', #2116, 1.500000000000000000, 0.5000000000000000000 ) ;
#1191 = VERTEX_POINT ( 'NONE', #6042 ) ;
#1192 = CIRCLE ( 'NONE', #4418, 0.5000000000000004441 ) ;
#1193 = CARTESIAN_POINT ( 'NONE',  ( -2.995828026329732996, 8.000000000000000000, 0.9734035322810843383 ) ) ;
#1194 = ORIENTED_EDGE ( 'NONE', *, *, #6645, .T. ) ;
#1195 = DIRECTION ( 'NONE',  ( 0.000000000000000000, 0.000000000000000000, -1.000000000000000000 ) ) ;
#1196 = ORIENTED_EDGE ( 'NONE', *, *, #758, .F. ) ;
#1197 = CIRCLE ( 'NONE', #6169, 0.5000000000000001110 ) ;
#1198 = CARTESIAN_POINT ( 'NONE',  ( -6.451230953596414075, 2.181049877636676904, -7.641948001532855805 ) ) ;
#1199 = CARTESIAN_POINT ( 'NONE',  ( -9.980840721418799077, 1.867388762198070706, 0.6290766711811024425 ) ) ;
#1200 = CARTESIAN_POINT ( 'NONE',  ( 0.000000000000000000, 10.00000000000000000, 0.000000000000000000 ) ) ;
#1201 = DIRECTION ( 'NONE',  ( 0.000000000000000000, 1.000000000000000000, 0.000000000000000000 ) ) ;
#1202 = VERTEX_POINT ( 'NONE', #1080 ) ;
#1203 = CARTESIAN_POINT ( 'NONE',  ( -2.043718524445535589, 8.000000000000000000, 1.260587625341242024 ) ) ;
#1204 = CARTESIAN_POINT ( 'NONE',  ( 8.833773591331217645, 2.051189550670912354, 4.687283918649812087 ) ) ;
#1205 = ADVANCED_FACE ( 'NONE', ( #2677 ), #5077, .F. ) ;
#1206 = CARTESIAN_POINT ( 'NONE',  ( 7.502303277451192187, 1.867418461490340853, -6.612736535334976296 ) ) ;
#1207 = VERTEX_POINT ( 'NONE', #5973 ) ;
#1208 = CARTESIAN_POINT ( 'NONE',  ( 8.260368511126632285, 2.500000000000000444, 8.260368511126834790 ) ) ;
#1209 = EDGE_LOOP ( 'NONE', ( #4295, #2461, #1826, #3327 ) ) ;
#1210 = EDGE_CURVE ( 'NONE', #2606, #6071, #4263, .T. ) ;
#1211 = DIRECTION ( 'NONE',  ( 0.2362740077746005030, 0.000000000000000000, 0.9716864685947457225 ) ) ;
#1212 = CARTESIAN_POINT ( 'NONE',  ( 7.230240655841136288, 1.992695579455343147, 6.909176054700155944 ) ) ;
#1213 = DIRECTION ( 'NONE',  ( 6.938893903907228378E-16, 0.000000000000000000, 1.000000000000000000 ) ) ;
#1214 = EDGE_CURVE ( 'NONE', #3297, #825, #3695, .T. ) ;
#1215 = CARTESIAN_POINT ( 'NONE',  ( -9.563576536480399071, 2.059838893144258609, -2.922977707959072635 ) ) ;
#1216 = CARTESIAN_POINT ( 'NONE',  ( 10.00001319358364782, 1.768515498480492276, 0.1263512459988084535 ) ) ;
#1217 = ORIENTED_EDGE ( 'NONE', *, *, #177, .F. ) ;
#1218 = CARTESIAN_POINT ( 'NONE',  ( 1.987831504145224137, 8.000000000000000000, 1.987831504145222805 ) ) ;
#1219 = EDGE_LOOP ( 'NONE', ( #2243, #2293, #3959, #6770 ) ) ;
#1220 = CARTESIAN_POINT ( 'NONE',  ( -3.032018450179178259, 1.975903690497191389, 9.529937051748259336 ) ) ;
#1221 = SPHERICAL_SURFACE ( 'NONE', #3489, 0.5000000000000000000 ) ;
#1222 = DIRECTION ( 'NONE',  ( 0.000000000000000000, 0.000000000000000000, -1.000000000000000000 ) ) ;
#1223 = CARTESIAN_POINT ( 'NONE',  ( -6.983228393756121477, 1.768517871363069816, -7.158925180614806649 ) ) ;
#1224 = VERTEX_POINT ( 'NONE', #1513 ) ;
#1225 = CARTESIAN_POINT ( 'NONE',  ( -0.8626121862519383621, 2.413738086801582305, -9.884200427301490066 ) ) ;
#1226 = ORIENTED_EDGE ( 'NONE', *, *, #4476, .F. ) ;
#1227 = DIRECTION ( 'NONE',  ( -0.9971414314842893534, 0.000000000000000000, 0.07555769727474682951 ) ) ;
#1228 = EDGE_LOOP ( 'NONE', ( #5852, #6539, #1485 ) ) ;
#1229 = CARTESIAN_POINT ( 'NONE',  ( -8.860921141133095702, 2.242561475665997506, 4.399397064220146092 ) ) ;
#1230 = CARTESIAN_POINT ( 'NONE',  ( -9.840950097952873676, 2.134257748930265208, -0.1012763761843151478 ) ) ;
#1231 = CARTESIAN_POINT ( 'NONE',  ( 0.5673463196692557498, 8.000000000000000000, 2.333234819276244210 ) ) ;
#1232 = ORIENTED_EDGE ( 'NONE', *, *, #1346, .T. ) ;
#1233 =( BOUNDED_SURFACE ( )  B_SPLINE_SURFACE ( 3, 2, ( 
 ( #392, #1089, #2753 ),
 ( #1488, #460, #4852 ),
 ( #5978, #6484, #2073 ),
 ( #7067, #5435, #1047 ),
 ( #2109, #5504, #2689 ),
 ( #7168, #3227, #3264 ),
 ( #4314, #6522, #1560 ),
 ( #3772, #7105, #4921 ),
 ( #3801, #6010, #499 ),
 ( #2721, #7134, #2171 ),
 ( #4375, #1625, #3840 ),
 ( #6052, #4236, #6449 ),
 ( #3702, #3164, #2615 ),
 ( #1266, #3909, #5538 ),
 ( #719, #1696, #6121 ),
 ( #5037, #4555, #2208 ),
 ( #2829, #63, #568 ),
 ( #2936, #6230, #3478 ) ),
 .UNSPECIFIED., .F., .F., .F. ) 
 B_SPLINE_SURFACE_WITH_KNOTS ( ( 4, 2, 2, 2, 2, 2, 2, 2, 4 ),
 ( 3, 3 ),
 ( 0.000000000000000000, 0.0003645422052340786812, 0.0007290844104681573623, 0.001093626615702236043, 0.001458168820936314725, 0.001822711026170393406, 0.002187253231404472087, 0.002551795436638550768, 0.002916337641872629449 ),
 ( 0.000000000000000000, 1.000000000000000000 ),
 .UNSPECIFIED. ) 
 GEOMETRIC_REPRESENTATION_ITEM ( )  RATIONAL_B_SPLINE_SURFACE ( (
 ( 1.000000000000000000, 0.9595359398070241186, 1.000000000000000000),
 ( 1.000000000000000000, 0.9595833763010066519, 1.000000000000000000),
 ( 1.000000000000000000, 0.9570685609626877755, 1.000000000000000000),
 ( 1.000000000000000000, 0.9488880332095236403, 1.000000000000000000),
 ( 1.000000000000000000, 0.9432547151588753787, 1.000000000000000000),
 ( 1.000000000000000000, 0.9321826025349083666, 1.000000000000000000),
 ( 1.000000000000000000, 0.9268523530654826370, 1.000000000000000000),
 ( 1.000000000000000000, 0.9192073681285226616, 1.000000000000000000),
 ( 1.000000000000000000, 0.9170514797511305494, 1.000000000000000000),
 ( 1.000000000000000000, 0.9170288608893385485, 1.000000000000000000),
 ( 1.000000000000000000, 0.9192260099104109239, 1.000000000000000000),
 ( 1.000000000000000000, 0.9267996068665652620, 1.000000000000000000),
 ( 1.000000000000000000, 0.9321812854750022304, 1.000000000000000000),
 ( 1.000000000000000000, 0.9432160661325497131, 1.000000000000000000),
 ( 1.000000000000000000, 0.9488445939139453777, 1.000000000000000000),
 ( 1.000000000000000000, 0.9570263305979587187, 1.000000000000000000),
 ( 1.000000000000000000, 0.9595878455022686104, 1.000000000000000000),
 ( 1.000000000000000000, 0.9595359398070241186, 1.000000000000000000) ) ) 
 REPRESENTATION_ITEM ( '' )  SURFACE ( )  );
#1234 = ORIENTED_EDGE ( 'NONE', *, *, #1214, .T. ) ;
#1235 = CARTESIAN_POINT ( 'NONE',  ( -1.554148821017840465, 8.000000000000000000, 1.830433831214381968 ) ) ;
#1236 = CIRCLE ( 'NONE', #3094, 0.5000000000000004441 ) ;
#1237 = CARTESIAN_POINT ( 'NONE',  ( -7.611508121969602136, 2.500000000000000444, 6.368549229222964847 ) ) ;
#1238 = CARTESIAN_POINT ( 'NONE',  ( 2.932010965672982472, 2.051189550670914130, 9.560831454120886974 ) ) ;
#1239 = CARTESIAN_POINT ( 'NONE',  ( -9.436260398347620537, 9.500000000000000000, 1.098630827246533714 ) ) ;
#1240 = ORIENTED_EDGE ( 'NONE', *, *, #2, .F. ) ;
#1241 = EDGE_CURVE ( 'NONE', #3315, #6789, #555, .T. ) ;
#1242 = CARTESIAN_POINT ( 'NONE',  ( 3.150000000000003908, 8.000000000000000000, -2.818925648462311528E-15 ) ) ;
#1243 = CARTESIAN_POINT ( 'NONE',  ( 7.506146992169956178, 2.279919447647845487, 6.459234499843040211 ) ) ;
#1244 = CARTESIAN_POINT ( 'NONE',  ( -5.095752233843723986E-17, 10.00000000000000000, 11.68192517863507618 ) ) ;
#1245 = ADVANCED_FACE ( 'NONE', ( #6002 ), #7059, .T. ) ;
#1246 = CARTESIAN_POINT ( 'NONE',  ( -4.137809424282858473, 2.165012420482257838, -8.949549429388666155 ) ) ;
#1247 = ORIENTED_EDGE ( 'NONE', *, *, #5876, .T. ) ;
#1248 = DIRECTION ( 'NONE',  ( 0.000000000000000000, 0.000000000000000000, 1.000000000000000000 ) ) ;
#1249 = ORIENTED_EDGE ( 'NONE', *, *, #480, .F. ) ;
#1250 = ADVANCED_FACE ( 'NONE', ( #1552 ), #3767, .T. ) ;
#1251 = CARTESIAN_POINT ( 'NONE',  ( 2.548403532281087180, 8.000000000000000000, -1.851523544721291881 ) ) ;
#1252 = CARTESIAN_POINT ( 'NONE',  ( -2.995828026329734328, 8.000000000000000000, -0.9734035322810845603 ) ) ;
#1253 = CARTESIAN_POINT ( 'NONE',  ( 2.596097982851463204, 10.00001200000000168, -9.138395661352959110 ) ) ;
#1254 = CARTESIAN_POINT ( 'NONE',  ( -7.158925180614780892, 1.768517871363069371, 6.983228393756146346 ) ) ;
#1255 = ORIENTED_EDGE ( 'NONE', *, *, #3399, .F. ) ;
#1256 = CARTESIAN_POINT ( 'NONE',  ( -0.5917922777745832086, 2.212741521464318684, -9.863917655443572130 ) ) ;
#1257 = ORIENTED_EDGE ( 'NONE', *, *, #5414, .T. ) ;
#1258 = DIRECTION ( 'NONE',  ( 0.07555769727474682951, 0.000000000000000000, 0.9971414314842893534 ) ) ;
#1259 = ORIENTED_EDGE ( 'NONE', *, *, #3781, .F. ) ;
#1260 = VECTOR ( 'NONE', #5544, 999.9999999999998863 ) ;
#1261 = ADVANCED_FACE ( 'NONE', ( #5461 ), #4510, .T. ) ;
#1262 = EDGE_CURVE ( 'NONE', #5907, #1718, #1384, .T. ) ;
#1263 = VECTOR ( 'NONE', #1412, 1000.000000000000000 ) ;
#1264 = PLANE ( 'NONE',  #6211 ) ;
#1265 = VECTOR ( 'NONE', #2866, 1000.000000000000000 ) ;
#1266 = CARTESIAN_POINT ( 'NONE',  ( -7.448814233386135797, 2.240934156756776652, 6.508373931577617455 ) ) ;
#1267 = ORIENTED_EDGE ( 'NONE', *, *, #410, .T. ) ;
#1268 = DIRECTION ( 'NONE',  ( 0.000000000000000000, -1.000000000000000000, 0.000000000000000000 ) ) ;
#1269 = ORIENTED_EDGE ( 'NONE', *, *, #6520, .F. ) ;
#1270 = ORIENTED_EDGE ( 'NONE', *, *, #310, .F. ) ;
#1271 = CIRCLE ( 'NONE', #5432, 2.500000000000000000 ) ;
#1272 = LINE ( 'NONE', #6771, #6117 ) ;
#1273 = CARTESIAN_POINT ( 'NONE',  ( -7.393847267223404351, 2.212953969771217722, 6.555906814057321341 ) ) ;
#1274 = CIRCLE ( 'NONE', #454, 9.500000000000000000 ) ;
#1275 = CARTESIAN_POINT ( 'NONE',  ( 2.732734718790806205, 2.372020242595190620, 9.619363854055805518 ) ) ;
#1276 = CARTESIAN_POINT ( 'NONE',  ( -9.884200519446100230, 2.413741176464116567, 0.8626134409954671067 ) ) ;
#1277 = DIRECTION ( 'NONE',  ( 0.000000000000000000, 1.000000000000000000, 0.000000000000000000 ) ) ;
#1278 = EDGE_LOOP ( 'NONE', ( #573, #1991, #4446, #1196, #2604, #6477 ) ) ;
#1279 = CARTESIAN_POINT ( 'NONE',  ( -8.260368511126747748, 9.500000000000000000, 8.260368511126719326 ) ) ;
#1280 = VECTOR ( 'NONE', #6300, 1000.000000000000000 ) ;
#1281 = CARTESIAN_POINT ( 'NONE',  ( 6.667061058747115965, 2.048970607329140492, 7.454194763269683222 ) ) ;
#1282 = CARTESIAN_POINT ( 'NONE',  ( -9.932905682471172781, 9.500000000000000000, -1.156453502364841679 ) ) ;
#1283 = CARTESIAN_POINT ( 'NONE',  ( -9.532992089188510931, 1.982312691401746152, -3.022413074353880624 ) ) ;
#1284 = AXIS2_PLACEMENT_3D ( 'NONE', #4329, #4253, #1068 ) ;
#1285 = CARTESIAN_POINT ( 'NONE',  ( 9.851707555809907646, 2.164537838121699309, 0.4013235377315286789 ) ) ;
#1286 = VERTEX_POINT ( 'NONE', #4004 ) ;
#1287 = DIRECTION ( 'NONE',  ( -0.000000000000000000, 1.000000000000000000, 0.000000000000000000 ) ) ;
#1288 = ORIENTED_EDGE ( 'NONE', *, *, #1087, .F. ) ;
#1289 = CARTESIAN_POINT ( 'NONE',  ( -5.895594408747051318, 9.500000000000000000, 7.449293024680294195 ) ) ;
#1290 = CIRCLE ( 'NONE', #5448, 0.5000000000000004441 ) ;
#1291 = LINE ( 'NONE', #2819, #583 ) ;
#1292 = AXIS2_PLACEMENT_3D ( 'NONE', #4166, #3834, #6921 ) ;
#1293 = LINE ( 'NONE', #5163, #2001 ) ;
#1294 = DIRECTION ( 'NONE',  ( -3.018418848199643713E-14, 0.000000000000000000, 1.000000000000000000 ) ) ;
#1295 = VERTEX_POINT ( 'NONE', #666 ) ;
#1296 = ADVANCED_FACE ( 'NONE', ( #3292 ), #6618, .T. ) ;
#1297 = CARTESIAN_POINT ( 'NONE',  ( 4.470479223992320783, 10.00000000000000000, -10.79269157286916858 ) ) ;
#1298 = VERTEX_POINT ( 'NONE', #6222 ) ;
#1299 = CARTESIAN_POINT ( 'NONE',  ( -3.022413074353878404, 1.982312691401733051, 9.532992089188509155 ) ) ;
#1300 = EDGE_LOOP ( 'NONE', ( #969, #2322, #3373, #6466 ) ) ;
#1301 = EDGE_CURVE ( 'NONE', #788, #81, #55, .T. ) ;
#1302 = CARTESIAN_POINT ( 'NONE',  ( 0.000000000000000000, 0.000000000000000000, 0.000000000000000000 ) ) ;
#1303 = DIRECTION ( 'NONE',  ( 0.000000000000000000, 0.000000000000000000, 1.000000000000000000 ) ) ;
#1304 = CIRCLE ( 'NONE', #5698, 0.4999999999999993339 ) ;
#1305 = VECTOR ( 'NONE', #4075, 1000.000000000000000 ) ;
#1306 = CARTESIAN_POINT ( 'NONE',  ( -4.579874499418467693, 2.414533010808959990, 8.801569444818252208 ) ) ;
#1307 = DIRECTION ( 'NONE',  ( -0.7841361078610808999, 0.000000000000000000, -0.6205888851312723054 ) ) ;
#1308 = ADVANCED_FACE ( 'NONE', ( #559 ), #4989, .T. ) ;
#1309 = DIRECTION ( 'NONE',  ( -0.000000000000000000, -1.000000000000000000, -0.000000000000000000 ) ) ;
#1310 = ORIENTED_EDGE ( 'NONE', *, *, #3425, .T. ) ;
#1311 = EDGE_LOOP ( 'NONE', ( #4056, #360, #6386 ) ) ;
#1312 = AXIS2_PLACEMENT_3D ( 'NONE', #3104, #2523, #4721 ) ;
#1313 = LINE ( 'NONE', #2323, #6806 ) ;
#1314 = CARTESIAN_POINT ( 'NONE',  ( -0.4013235377314535723, 2.164537838121623370, 9.851707555809991135 ) ) ;
#1315 = LINE ( 'NONE', #5328, #6045 ) ;
#1316 = CARTESIAN_POINT ( 'NONE',  ( 7.725205082552269786, 2.321832774718762149, -6.351745126529880103 ) ) ;
#1317 = CARTESIAN_POINT ( 'NONE',  ( -1.098630827246567243, 9.500000000000000000, -9.436260398347616984 ) ) ;
#1318 = DIRECTION ( 'NONE',  ( 0.3799932884734135152, 0.000000000000000000, -0.9249892435672758539 ) ) ;
#1319 = VERTEX_POINT ( 'NONE', #6724 ) ;
#1320 = CARTESIAN_POINT ( 'NONE',  ( 4.470479223992320783, 9.500000000000000000, -10.79269157286916858 ) ) ;
#1321 = CARTESIAN_POINT ( 'NONE',  ( 3.238364770026658679, 1.867418461490408133, 9.461809159397539304 ) ) ;
#1322 = CARTESIAN_POINT ( 'NONE',  ( -9.190454985892356987, 1.768515498480522474, -3.943572702702307087 ) ) ;
#1323 = FACE_OUTER_BOUND ( 'NONE', #6687, .T. ) ;
#1324 = ORIENTED_EDGE ( 'NONE', *, *, #2140, .T. ) ;
#1325 = DIRECTION ( 'NONE',  ( 0.000000000000000000, 1.000000000000000000, 0.000000000000000000 ) ) ;
#1326 = VERTEX_POINT ( 'NONE', #123 ) ;
#1327 = CARTESIAN_POINT ( 'NONE',  ( -3.710169844705745401, 1.768638744481570324, 9.287105483649822801 ) ) ;
#1328 = LINE ( 'NONE', #6977, #4985 ) ;
#1329 = DIRECTION ( 'NONE',  ( 0.000000000000000000, 0.000000000000000000, 1.000000000000000000 ) ) ;
#1330 = DIRECTION ( 'NONE',  ( 0.3244301945785676433, -0.000000000000000000, 0.9459096409518792381 ) ) ;
#1331 = ORIENTED_EDGE ( 'NONE', *, *, #2756, .T. ) ;
#1332 = DIRECTION ( 'NONE',  ( 0.000000000000000000, 1.000000000000000000, 0.000000000000000000 ) ) ;
#1333 = ORIENTED_EDGE ( 'NONE', *, *, #4170, .T. ) ;
#1334 = DIRECTION ( 'NONE',  ( 0.6617183646064896951, 0.000000000000000000, 0.7497524964563391237 ) ) ;
#1335 = ORIENTED_EDGE ( 'NONE', *, *, #399, .F. ) ;
#1336 = EDGE_CURVE ( 'NONE', #1832, #3011, #4497, .T. ) ;
#1337 = CARTESIAN_POINT ( 'NONE',  ( -2.776607510986326410, 8.000000000000000000, -0.4397714266284708517 ) ) ;
#1338 = CARTESIAN_POINT ( 'NONE',  ( -3.924022968310214132, 2.134286657244865992, 9.026396591461240959 ) ) ;
#1339 = DIRECTION ( 'NONE',  ( 0.000000000000000000, 1.000000000000000000, 0.000000000000000000 ) ) ;
#1340 = DIRECTION ( 'NONE',  ( -1.000000000000000000, 0.000000000000000000, 0.000000000000000000 ) ) ;
#1341 = EDGE_CURVE ( 'NONE', #1799, #4934, #3700, .T. ) ;
#1342 = ORIENTED_EDGE ( 'NONE', *, *, #4023, .T. ) ;
#1343 = ORIENTED_EDGE ( 'NONE', *, *, #5015, .F. ) ;
#1344 = AXIS2_PLACEMENT_3D ( 'NONE', #915, #4173, #6393 ) ;
#1345 = EDGE_CURVE ( 'NONE', #494, #3175, #1898, .T. ) ;
#1346 = EDGE_CURVE ( 'NONE', #1694, #2512, #1271, .T. ) ;
#1347 = CYLINDRICAL_SURFACE ( 'NONE', #5940, 2.000000000000000000 ) ;
#1348 = CARTESIAN_POINT ( 'NONE',  ( 8.817277085773882916, 2.343452233630470616, -4.532184927350042969 ) ) ;
#1349 = CYLINDRICAL_SURFACE ( 'NONE', #3671, 2.000000000000000000 ) ;
#1350 = CARTESIAN_POINT ( 'NONE',  ( -8.734252662744591333, 2.500000000000000444, 4.869582161062591119 ) ) ;
#1351 = EDGE_CURVE ( 'NONE', #2472, #3245, #2499, .T. ) ;
#1352 = DIRECTION ( 'NONE',  ( 0.000000000000000000, 1.000000000000000000, 0.000000000000000000 ) ) ;
#1353 = ORIENTED_EDGE ( 'NONE', *, *, #2950, .F. ) ;
#1354 = CARTESIAN_POINT ( 'NONE',  ( -1.098630827246566799, 9.500000000000000000, 9.436260398347616984 ) ) ;
#1355 = CARTESIAN_POINT ( 'NONE',  ( 3.023139038583046112, 1.981868317978685345, 9.532757696805481018 ) ) ;
#1356 = DIRECTION ( 'NONE',  ( -1.000000000000000000, 0.000000000000000000, 0.000000000000000000 ) ) ;
#1357 = EDGE_CURVE ( 'NONE', #3173, #404, #3006, .T. ) ;
#1358 = LINE ( 'NONE', #2917, #3021 ) ;
#1359 = AXIS2_PLACEMENT_3D ( 'NONE', #5043, #5622, #4562 ) ;
#1360 = ORIENTED_EDGE ( 'NONE', *, *, #5762, .F. ) ;
#1361 = CARTESIAN_POINT ( 'NONE',  ( 4.580295191712760783, 2.415691656991425074, -8.801430240062186883 ) ) ;
#1362 = ORIENTED_EDGE ( 'NONE', *, *, #3332, .T. ) ;
#1363 = CARTESIAN_POINT ( 'NONE',  ( -0.6199608086382174532, 1.864204402698735885, 9.981404220800481397 ) ) ;
#1364 = CARTESIAN_POINT ( 'NONE',  ( 9.938803551105735323, 2.249819565270343436, -1.107426840495020937 ) ) ;
#1365 = CARTESIAN_POINT ( 'NONE',  ( 7.449293024680232911, 10.00001200000000168, 5.895594408747131254 ) ) ;
#1366 = FACE_OUTER_BOUND ( 'NONE', #6717, .T. ) ;
#1367 = EDGE_LOOP ( 'NONE', ( #2256, #7119, #3045, #5064 ) ) ;
#1368 = CARTESIAN_POINT ( 'NONE',  ( 0.000000000000000000, 9.500000000000000000, 0.000000000000000000 ) ) ;
#1369 = ORIENTED_EDGE ( 'NONE', *, *, #4165, .T. ) ;
#1370 = CARTESIAN_POINT ( 'NONE',  ( -4.335404163388611565, 2.048970607329116511, 9.012158091705444463 ) ) ;
#1371 = ORIENTED_EDGE ( 'NONE', *, *, #500, .T. ) ;
#1372 = B_SPLINE_CURVE_WITH_KNOTS ( 'NONE', 3,
 ( #2993, #5270, #1361, #4140, #5235, #6357 ),
 .UNSPECIFIED., .F., .F.,
 ( 4, 2, 4 ),
 ( 0.000000000000000000, 0.0001279078878413849587, 0.0002558157756827699175 ),
 .UNSPECIFIED. ) ;
#1373 = CARTESIAN_POINT ( 'NONE',  ( 8.840032644896247405, 2.279919447647849484, -4.462933545236159816 ) ) ;
#1374 = CARTESIAN_POINT ( 'NONE',  ( -4.400076075797914932, 2.242932669926583245, 8.860697562244224557 ) ) ;
#1375 = DIRECTION ( 'NONE',  ( 0.8511160640214275874, 0.000000000000000000, 0.5249775667251631583 ) ) ;
#1376 = PLANE ( 'NONE',  #110 ) ;
#1377 = VERTEX_POINT ( 'NONE', #6902 ) ;
#1378 = ORIENTED_EDGE ( 'NONE', *, *, #6690, .F. ) ;
#1379 = TOROIDAL_SURFACE ( 'NONE', #3229, 2.500000000000000000, 0.5000000000000000000 ) ;
#1380 = CARTESIAN_POINT ( 'NONE',  ( 0.2270269566659271765, 1.992695579455239896, 9.998077438046244936 ) ) ;
#1381 = DIRECTION ( 'NONE',  ( 0.000000000000000000, 0.000000000000000000, 1.000000000000000000 ) ) ;
#1382 = CYLINDRICAL_SURFACE ( 'NONE', #4621, 0.5000000000000004441 ) ;
#1383 = EDGE_CURVE ( 'NONE', #6116, #6895, #4730, .T. ) ;
#1384 = CIRCLE ( 'NONE', #6468, 10.00000000000000000 ) ;
#1385 = DIRECTION ( 'NONE',  ( 0.000000000000000000, -1.000000000000000000, 0.000000000000000000 ) ) ;
#1386 = AXIS2_PLACEMENT_3D ( 'NONE', #1509, #5937, #5420 ) ;
#1387 = EDGE_LOOP ( 'NONE', ( #1689, #2449 ) ) ;
#1388 = EDGE_CURVE ( 'NONE', #1394, #1377, #1914, .T. ) ;
#1389 = FACE_OUTER_BOUND ( 'NONE', #2222, .T. ) ;
#1390 = AXIS2_PLACEMENT_3D ( 'NONE', #5071, #1774, #2789 ) ;
#1391 = CARTESIAN_POINT ( 'NONE',  ( 0.8789046617972534614, 2.500000000000000444, -9.885393354405108468 ) ) ;
#1392 = EDGE_CURVE ( 'NONE', #2506, #5676, #2774, .T. ) ;
#1393 = CARTESIAN_POINT ( 'NONE',  ( -0.1814307967061928317, 8.000000000000000000, -2.394357833393303991 ) ) ;
#1394 = VERTEX_POINT ( 'NONE', #5132 ) ;
#1395 = CARTESIAN_POINT ( 'NONE',  ( 9.436260398347604550, 10.00000000000000000, 1.098630827246665609 ) ) ;
#1396 = AXIS2_PLACEMENT_3D ( 'NONE', #1368, #1833, #4114 ) ;
#1397 = VERTEX_POINT ( 'NONE', #1876 ) ;
#1398 = CARTESIAN_POINT ( 'NONE',  ( -4.400693446046362034, 1.867388762198111785, -8.980357240025622190 ) ) ;
#1399 = DIRECTION ( 'NONE',  ( 0.8511160640214283646, 0.000000000000000000, -0.5249775667251619371 ) ) ;
#1400 = CARTESIAN_POINT ( 'NONE',  ( -9.561040643706672171, 2.051666420109251820, -2.931332810158171931 ) ) ;
#1401 = AXIS2_PLACEMENT_3D ( 'NONE', #3676, #4211, #4788 ) ;
#1402 = DIRECTION ( 'NONE',  ( -0.5249775667251637135, 0.000000000000000000, 0.8511160640214272544 ) ) ;
#1403 = ORIENTED_EDGE ( 'NONE', *, *, #3917, .T. ) ;
#1404 = SPHERICAL_SURFACE ( 'NONE', #3819, 0.5000000000000000000 ) ;
#1405 = VERTEX_POINT ( 'NONE', #705 ) ;
#1406 = CARTESIAN_POINT ( 'NONE',  ( -4.230661462162471409, 2.183709232977829373, 8.917350853941369948 ) ) ;
#1407 = VERTEX_POINT ( 'NONE', #5715 ) ;
#1408 = VECTOR ( 'NONE', #5670, 1000.000000000000114 ) ;
#1409 = CIRCLE ( 'NONE', #2794, 0.5000000000000004441 ) ;
#1410 = CARTESIAN_POINT ( 'NONE',  ( 8.796570338259767752, 2.500000000000000444, -4.594978287205943701 ) ) ;
#1411 = CARTESIAN_POINT ( 'NONE',  ( -4.322187234833069880, 2.212953969771219498, 8.886370973163133513 ) ) ;
#1412 = DIRECTION ( 'NONE',  ( -0.000000000000000000, 1.000000000000000000, -0.000000000000000000 ) ) ;
#1413 = VECTOR ( 'NONE', #1531, 999.9999999999998863 ) ;
#1414 = DIRECTION ( 'NONE',  ( -0.2362740077746009193, 0.000000000000000000, -0.9716864685947458335 ) ) ;
#1415 = EDGE_LOOP ( 'NONE', ( #3716, #823, #5651, #1514 ) ) ;
#1416 = ORIENTED_EDGE ( 'NONE', *, *, #2184, .T. ) ;
#1417 = VECTOR ( 'NONE', #5671, 1000.000000000000114 ) ;
#1418 = AXIS2_PLACEMENT_3D ( 'NONE', #4790, #6886, #4637 ) ;
#1419 = PLANE ( 'NONE',  #1896 ) ;
#1420 = CARTESIAN_POINT ( 'NONE',  ( 1.098630827246566799, 9.500000000000000000, -9.436260398347616984 ) ) ;
#1421 = DIRECTION ( 'NONE',  ( -1.594314457810246227E-15, 1.000000000000000000, -1.856204616801320909E-16 ) ) ;
#1422 = CARTESIAN_POINT ( 'NONE',  ( -10.00001269301925610, 1.768517871363070926, -0.1242363894204457364 ) ) ;
#1423 = AXIS2_PLACEMENT_3D ( 'NONE', #3071, #5828, #333 ) ;
#1424 = DIRECTION ( 'NONE',  ( 0.000000000000000000, -1.000000000000000000, 0.000000000000000000 ) ) ;
#1425 = ORIENTED_EDGE ( 'NONE', *, *, #1118, .T. ) ;
#1426 = AXIS2_PLACEMENT_3D ( 'NONE', #6017, #2075, #5406 ) ;
#1427 = CARTESIAN_POINT ( 'NONE',  ( -4.687911366387705669, 2.051666420109251376, -8.833441982342652210 ) ) ;
#1428 = EDGE_CURVE ( 'NONE', #1130, #7061, #2837, .T. ) ;
#1429 = CARTESIAN_POINT ( 'NONE',  ( 4.335449496297143490, 2.048945620300597792, 9.012139614925601450 ) ) ;
#1430 = FACE_OUTER_BOUND ( 'NONE', #155, .T. ) ;
#1431 = CARTESIAN_POINT ( 'NONE',  ( 9.972609810340797409, 2.127032157860327288, 0.7528369329706471325 ) ) ;
#1432 = EDGE_CURVE ( 'NONE', #870, #4139, #214, .T. ) ;
#1433 = EDGE_LOOP ( 'NONE', ( #1556, #993, #5417, #4054 ) ) ;
#1434 = CARTESIAN_POINT ( 'NONE',  ( -8.796570338259732225, 2.500000000000000444, 4.594978287206008538 ) ) ;
#1435 = ORIENTED_EDGE ( 'NONE', *, *, #1690, .T. ) ;
#1436 = CARTESIAN_POINT ( 'NONE',  ( -8.796570338259732225, 9.500000000000000000, 4.594978287206008538 ) ) ;
#1437 = LINE ( 'NONE', #3647, #3720 ) ;
#1438 = EDGE_CURVE ( 'NONE', #3173, #2386, #2767, .T. ) ;
#1439 = CARTESIAN_POINT ( 'NONE',  ( -9.606051082930962437, 2.249819565270344768, -2.780286464852439909 ) ) ;
#1440 = DIRECTION ( 'NONE',  ( 0.000000000000000000, 0.000000000000000000, 1.000000000000000000 ) ) ;
#1441 = VERTEX_POINT ( 'NONE', #4619 ) ;
#1442 = ADVANCED_FACE ( 'NONE', ( #6830 ), #4113, .T. ) ;
#1443 = CARTESIAN_POINT ( 'NONE',  ( 7.449293024680356368, 9.500000000000000000, -5.895594408746972270 ) ) ;
#1444 = ORIENTED_EDGE ( 'NONE', *, *, #5599, .T. ) ;
#1445 = CARTESIAN_POINT ( 'NONE',  ( -9.469254843656234044, 9.500000000000000000, 2.970974231079531513 ) ) ;
#1446 = CARTESIAN_POINT ( 'NONE',  ( 9.255897283380148721, 2.164715090713918322, 3.398190578544775242 ) ) ;
#1447 = CARTESIAN_POINT ( 'NONE',  ( -2.970974231079568817, 10.00001200000000168, 9.469254843656223386 ) ) ;
#1448 = DIRECTION ( 'NONE',  ( -1.543988371350669465E-15, -1.000000000000000000, 4.386267836225346493E-16 ) ) ;
#1449 = EDGE_LOOP ( 'NONE', ( #1662, #5236, #6769, #2683 ) ) ;
#1450 = EDGE_LOOP ( 'NONE', ( #6907, #2473, #1465, #311 ) ) ;
#1451 = CARTESIAN_POINT ( 'NONE',  ( -6.379225400237364063, 2.413741176464117455, 7.599145027578502187 ) ) ;
#1452 = CARTESIAN_POINT ( 'NONE',  ( 9.376782963239431723, 2.242932669926582800, -3.154135701372516198 ) ) ;
#1453 = DIRECTION ( 'NONE',  ( -1.000000000000000000, 0.000000000000000000, 0.000000000000000000 ) ) ;
#1454 = DIRECTION ( 'NONE',  ( 0.000000000000000000, 1.000000000000000000, 0.000000000000000000 ) ) ;
#1455 = FACE_OUTER_BOUND ( 'NONE', #14, .T. ) ;
#1456 = ORIENTED_EDGE ( 'NONE', *, *, #1078, .F. ) ;
#1457 = DIRECTION ( 'NONE',  ( 0.000000000000000000, 0.000000000000000000, 1.000000000000000000 ) ) ;
#1458 = CIRCLE ( 'NONE', #3199, 0.5000000000000002220 ) ;
#1459 = CARTESIAN_POINT ( 'NONE',  ( 4.869582161062490755, 2.500000000000000444, 8.734252662744646400 ) ) ;
#1460 = CARTESIAN_POINT ( 'NONE',  ( 9.138395661352950228, 2.500000000000000444, 2.596097982851491182 ) ) ;
#1461 = FACE_OUTER_BOUND ( 'NONE', #777, .T. ) ;
#1462 = ORIENTED_EDGE ( 'NONE', *, *, #1697, .F. ) ;
#1463 = ADVANCED_FACE ( 'NONE', ( #859 ), #783, .T. ) ;
#1464 = SURFACE_STYLE_USAGE ( .BOTH. , #2020 ) ;
#1465 = ORIENTED_EDGE ( 'NONE', *, *, #6312, .F. ) ;
#1466 = DIRECTION ( 'NONE',  ( 0.000000000000000000, 0.000000000000000000, 1.000000000000000000 ) ) ;
#1467 = CARTESIAN_POINT ( 'NONE',  ( 9.988368796715789699, 1.827040335878402866, 0.4976940340571943677 ) ) ;
#1468 = LINE ( 'NONE', #3141, #3389 ) ;
#1469 = EDGE_CURVE ( 'NONE', #960, #5832, #5201, .T. ) ;
#1470 = AXIS2_PLACEMENT_3D ( 'NONE', #6766, #4482, #5069 ) ;
#1471 = AXIS2_PLACEMENT_3D ( 'NONE', #3301, #1091, #65 ) ;
#1472 = DIRECTION ( 'NONE',  ( -4.440892098500626162E-15, 0.000000000000000000, 1.000000000000000000 ) ) ;
#1473 = CARTESIAN_POINT ( 'NONE',  ( 1.851523544721292325, 8.000000000000000000, -2.548403532281086736 ) ) ;
#1474 = ORIENTED_EDGE ( 'NONE', *, *, #3168, .F. ) ;
#1475 = ADVANCED_FACE ( 'NONE', ( #1366 ), #102, .T. ) ;
#1476 = CARTESIAN_POINT ( 'NONE',  ( -4.511883185549129038, 2.127032157860275774, 8.925391867974868276 ) ) ;
#1477 = ORIENTED_EDGE ( 'NONE', *, *, #5007, .F. ) ;
#1478 = CARTESIAN_POINT ( 'NONE',  ( 2.970974231079432482, 2.456298904871083266, 9.469254843656264242 ) ) ;
#1479 = CARTESIAN_POINT ( 'NONE',  ( 8.863313405234860554, 2.241156341101729677, -4.391695231003105881 ) ) ;
#1480 = CARTESIAN_POINT ( 'NONE',  ( 8.824555314844497289, 2.321832774718787906, 4.706451233693484504 ) ) ;
#1481 = CARTESIAN_POINT ( 'NONE',  ( 0.5673463196692557498, 8.000000000000000000, 2.333234819276244210 ) ) ;
#1482 = CARTESIAN_POINT ( 'NONE',  ( 6.837644484988195437, 2.134286657244864660, 7.079576935034999963 ) ) ;
#1483 = ORIENTED_EDGE ( 'NONE', *, *, #4312, .F. ) ;
#1484 = ADVANCED_FACE ( 'NONE', ( #267 ), #4905, .T. ) ;
#1485 = ORIENTED_EDGE ( 'NONE', *, *, #1522, .F. ) ;
#1486 = EDGE_CURVE ( 'NONE', #7061, #2903, #3180, .T. ) ;
#1487 = CARTESIAN_POINT ( 'NONE',  ( -6.981733318280860523, 1.768515498480335513, -7.160420963995021815 ) ) ;
#1488 = CARTESIAN_POINT ( 'NONE',  ( -6.368549247076038533, 2.438513403071532526, 7.611508069917181984 ) ) ;
#1489 = CARTESIAN_POINT ( 'NONE',  ( -9.932905682471172781, 2.372020242595190620, -1.156453502364841013 ) ) ;
#1490 = TOROIDAL_SURFACE ( 'NONE', #5190, 9.500000000000000000, 0.5000000000000000000 ) ;
#1491 = ORIENTED_EDGE ( 'NONE', *, *, #6255, .F. ) ;
#1492 = CARTESIAN_POINT ( 'NONE',  ( 0.000000000000000000, 10.00000000000000000, 0.000000000000000000 ) ) ;
#1493 = VECTOR ( 'NONE', #4220, 1000.000000000000000 ) ;
#1494 = FACE_OUTER_BOUND ( 'NONE', #1823, .T. ) ;
#1495 = CARTESIAN_POINT ( 'NONE',  ( -9.619363854055755780, 2.500000000000000444, -2.732734718790979844 ) ) ;
#1496 = VERTEX_POINT ( 'NONE', #4328 ) ;
#1497 = CARTESIAN_POINT ( 'NONE',  ( -6.368549229222936425, 2.456298904871081490, -7.611508121969624341 ) ) ;
#1498 = ORIENTED_EDGE ( 'NONE', *, *, #425, .F. ) ;
#1499 = CARTESIAN_POINT ( 'NONE',  ( -0.8789046617972520181, 10.00001200000000168, -9.885393354405108468 ) ) ;
#1500 = AXIS2_PLACEMENT_3D ( 'NONE', #644, #1736, #6231 ) ;
#1501 = CARTESIAN_POINT ( 'NONE',  ( 7.750301822741066715, 2.500000000000001332, 6.320945456729241130 ) ) ;
#1502 = CARTESIAN_POINT ( 'NONE',  ( -9.419005646007493127, 1.827366529454478306, -3.361212337356681790 ) ) ;
#1503 = CARTESIAN_POINT ( 'NONE',  ( -9.878046053678071203, 2.314916786199594956, -0.7805779098895204715 ) ) ;
#1504 =( BOUNDED_SURFACE ( )  B_SPLINE_SURFACE ( 3, 2, ( 
 ( #7163, #1041, #4950 ),
 ( #7060, #1515, #3190 ),
 ( #3156, #5464, #4407 ),
 ( #3294, #5943, #4810 ),
 ( #2646, #5497, #3696 ),
 ( #2713, #4369, #4887 ),
 ( #7099, #2136, #5905 ),
 ( #936, #5362, #387 ),
 ( #2611, #3768, #1619 ),
 ( #1554, #977, #5394 ),
 ( #420, #4337, #493 ),
 ( #3796, #7022, #2101 ),
 ( #4305, #6517, #3831 ),
 ( #5974, #1009, #3223 ),
 ( #5428, #2166, #7127 ),
 ( #456, #6005, #1082 ),
 ( #24, #2889, #3437 ),
 ( #2309, #2349, #3404 ) ),
 .UNSPECIFIED., .F., .F., .F. ) 
 B_SPLINE_SURFACE_WITH_KNOTS ( ( 4, 2, 2, 2, 2, 2, 2, 2, 4 ),
 ( 3, 3 ),
 ( 5.421010862427522170E-20, 0.0003645422052340809580, 0.0007290844104681619160, 0.001093626615702242982, 0.001458168820936323832, 0.001822711026170404898, 0.002187253231404485965, 0.002551795436638566814, 0.002916337641872647664 ),
 ( 0.000000000000000000, 1.000000000000000000 ),
 .UNSPECIFIED. ) 
 GEOMETRIC_REPRESENTATION_ITEM ( )  RATIONAL_B_SPLINE_SURFACE ( (
 ( 1.000000000000000000, 0.9595359398070240076, 1.000000000000000000),
 ( 1.000000000000000000, 0.9595833763010026551, 1.000000000000000000),
 ( 1.000000000000000000, 0.9570685609626941037, 1.000000000000000000),
 ( 1.000000000000000000, 0.9488880332095168679, 1.000000000000000000),
 ( 1.000000000000000000, 0.9432547151588472900, 1.000000000000000000),
 ( 1.000000000000000000, 0.9321826025349357892, 1.000000000000000000),
 ( 1.000000000000000000, 0.9268523530654620979, 1.000000000000000000),
 ( 1.000000000000000000, 0.9192073681285429787, 1.000000000000000000),
 ( 1.000000000000000000, 0.9170514797510966876, 1.000000000000000000),
 ( 1.000000000000000000, 0.9170288608893719662, 1.000000000000000000),
 ( 1.000000000000000000, 0.9192260099104172522, 1.000000000000000000),
 ( 1.000000000000000000, 0.9267996068665582676, 1.000000000000000000),
 ( 1.000000000000000000, 0.9321812854750018973, 1.000000000000000000),
 ( 1.000000000000000000, 0.9432160661325493800, 1.000000000000000000),
 ( 1.000000000000000000, 0.9488445939139589225, 1.000000000000000000),
 ( 1.000000000000000000, 0.9570263305979453961, 1.000000000000000000),
 ( 1.000000000000000000, 0.9595878455022787135, 1.000000000000000000),
 ( 1.000000000000000000, 0.9595359398070241186, 1.000000000000000000) ) ) 
 REPRESENTATION_ITEM ( '' )  SURFACE ( )  );
#1505 = DIRECTION ( 'NONE',  ( 0.000000000000000000, 0.000000000000000000, 1.000000000000000000 ) ) ;
#1506 = ORIENTED_EDGE ( 'NONE', *, *, #6478, .T. ) ;
#1507 = PLANE ( 'NONE',  #2687 ) ;
#1508 = ORIENTED_EDGE ( 'NONE', *, *, #2359, .T. ) ;
#1509 = CARTESIAN_POINT ( 'NONE',  ( 8.260368511126804592, 2.500000000000000444, -8.260368511126660707 ) ) ;
#1510 = CIRCLE ( 'NONE', #819, 9.500000000000000000 ) ;
#1511 = CARTESIAN_POINT ( 'NONE',  ( 9.619363842115280505, 2.376055744299646388, -2.732734760822045583 ) ) ;
#1512 = EDGE_CURVE ( 'NONE', #1496, #1599, #448, .T. ) ;
#1513 = CARTESIAN_POINT ( 'NONE',  ( -4.470479223978639283, 2.293003971270598296, -8.837551326252590655 ) ) ;
#1514 = ORIENTED_EDGE ( 'NONE', *, *, #3650, .F. ) ;
#1515 = CARTESIAN_POINT ( 'NONE',  ( -1.010707506679200174, 2.410376625841636145, -9.949874378253301899 ) ) ;
#1516 = ORIENTED_EDGE ( 'NONE', *, *, #6275, .T. ) ;
#1517 = VECTOR ( 'NONE', #5273, 1000.000000000000000 ) ;
#1518 = CIRCLE ( 'NONE', #1985, 0.5000000000000000000 ) ;
#1519 = ORIENTED_EDGE ( 'NONE', *, *, #3684, .T. ) ;
#1520 = EDGE_CURVE ( 'NONE', #1918, #2312, #5383, .T. ) ;
#1521 = VECTOR ( 'NONE', #3565, 1000.000000000000000 ) ;
#1522 = EDGE_CURVE ( 'NONE', #6803, #1684, #4153, .T. ) ;
#1523 = CIRCLE ( 'NONE', #2682, 2.000000000000000000 ) ;
#1524 = CARTESIAN_POINT ( 'NONE',  ( -4.869582161062556480, 2.500000000000000444, -8.734252662744612650 ) ) ;
#1525 = DIRECTION ( 'NONE',  ( 0.000000000000000000, -3.469446951953614189E-15, 1.000000000000000000 ) ) ;
#1527 = ADVANCED_FACE ( 'NONE', ( #1573 ), #5543, .F. ) ;
#1526 = DIRECTION ( 'NONE',  ( 0.000000000000000000, 0.000000000000000000, 1.000000000000000000 ) ) ;
#1528 = VECTOR ( 'NONE', #2133, 1000.000000000000000 ) ;
#1529 = CIRCLE ( 'NONE', #5457, 2.000000000000000000 ) ;
#1530 = EDGE_LOOP ( 'NONE', ( #5411, #2737, #2707 ) ) ;
#1531 = DIRECTION ( 'NONE',  ( 1.206041662501898361E-16, 0.1736481776669273613, -0.9848077530122086864 ) ) ;
#1532 = CARTESIAN_POINT ( 'NONE',  ( 9.529937051748234467, 1.975903690497190057, 3.032018450179271518 ) ) ;
#1533 = CIRCLE ( 'NONE', #1070, 0.5000000000000004441 ) ;
#1534 = VECTOR ( 'NONE', #226, 1000.000000000000000 ) ;
#1535 = DIRECTION ( 'NONE',  ( 0.000000000000000000, 1.000000000000000000, 0.000000000000000000 ) ) ;
#1536 = DIRECTION ( 'NONE',  ( 0.000000000000000000, -1.000000000000000000, -0.000000000000000000 ) ) ;
#1537 = ORIENTED_EDGE ( 'NONE', *, *, #53, .T. ) ;
#1538 = CARTESIAN_POINT ( 'NONE',  ( -7.599145027578479983, 2.413741176464117899, -6.379225400237392485 ) ) ;
#1539 = EDGE_LOOP ( 'NONE', ( #4728, #2264, #6569 ) ) ;
#1540 = CIRCLE ( 'NONE', #2474, 0.4999999999999998890 ) ;
#1541 = CARTESIAN_POINT ( 'NONE',  ( -4.335449496297316685, 2.048945620300650194, -9.012139614925676057 ) ) ;
#1542 = FACE_OUTER_BOUND ( 'NONE', #285, .T. ) ;
#1543 = DIRECTION ( 'NONE',  ( -0.9716864685947451674, 0.000000000000000000, -0.2362740077746034173 ) ) ;
#1544 = CARTESIAN_POINT ( 'NONE',  ( 8.260368511126632285, 9.500000000000000000, 8.260368511126834790 ) ) ;
#1545 = CARTESIAN_POINT ( 'NONE',  ( -9.885393354405110244, 2.500000000000000444, 0.8789046617972166020 ) ) ;
#1546 = ORIENTED_EDGE ( 'NONE', *, *, #6342, .T. ) ;
#1547 = CARTESIAN_POINT ( 'NONE',  ( -2.221104420305841654, 8.000000000000000000, -0.9124482025973593702 ) ) ;
#1548 = ORIENTED_EDGE ( 'NONE', *, *, #3749, .T. ) ;
#1549 = CARTESIAN_POINT ( 'NONE',  ( 3.227365271954437009, 2.212953969771218166, 9.339861078571392028 ) ) ;
#1550 = DIRECTION ( 'NONE',  ( 0.000000000000000000, -1.000000000000000000, 0.000000000000000000 ) ) ;
#1551 = LINE ( 'NONE', #1077, #15 ) ;
#1552 = FACE_OUTER_BOUND ( 'NONE', #3083, .T. ) ;
#1553 = ORIENTED_EDGE ( 'NONE', *, *, #4268, .T. ) ;
#1554 = CARTESIAN_POINT ( 'NONE',  ( 0.1012763761842785659, 2.134257748930265208, -9.840950097952873676 ) ) ;
#1555 = VERTEX_POINT ( 'NONE', #2126 ) ;
#1556 = ORIENTED_EDGE ( 'NONE', *, *, #4209, .F. ) ;
#1557 = ADVANCED_FACE ( 'NONE', ( #411 ), #1968, .F. ) ;
#1558 = CARTESIAN_POINT ( 'NONE',  ( -7.382627187773138644, 2.024441704241419782, -6.746271253705794280 ) ) ;
#1559 = EDGE_CURVE ( 'NONE', #3713, #1694, #4966, .T. ) ;
#1560 = CARTESIAN_POINT ( 'NONE',  ( -6.703810052746246306, 1.829430187479069048, 7.421242497277510175 ) ) ;
#1561 = FACE_OUTER_BOUND ( 'NONE', #2648, .T. ) ;
#1562 = ADVANCED_FACE ( 'NONE', ( #1029 ), #2665, .F. ) ;
#1563 = CARTESIAN_POINT ( 'NONE',  ( 4.470479223992320783, 9.500000000000000000, -8.792691572869168581 ) ) ;
#1564 = EDGE_CURVE ( 'NONE', #1319, #6847, #2888, .T. ) ;
#1565 = DIRECTION ( 'NONE',  ( 0.000000000000000000, 0.000000000000000000, 1.000000000000000000 ) ) ;
#1566 = CARTESIAN_POINT ( 'NONE',  ( 6.450700701127932035, 2.181508697813313358, -7.642397253626286968 ) ) ;
#1567 = CARTESIAN_POINT ( 'NONE',  ( -6.368549229222990604, 2.500000000000000444, 7.611508121969579932 ) ) ;
#1568 = ORIENTED_EDGE ( 'NONE', *, *, #6649, .F. ) ;
#1569 = DIRECTION ( 'NONE',  ( -0.2732734718790983397, 5.954188704538689979E-15, 0.9619363854055753560 ) ) ;
#1570 = EDGE_CURVE ( 'NONE', #4584, #1805, #2308, .T. ) ;
#1571 = LINE ( 'NONE', #3279, #826 ) ;
#1572 = FACE_OUTER_BOUND ( 'NONE', #4108, .T. ) ;
#1573 = FACE_OUTER_BOUND ( 'NONE', #1152, .T. ) ;
#1574 = DIRECTION ( 'NONE',  ( -0.8511160640214283646, 0.000000000000000000, 0.5249775667251619371 ) ) ;
#1575 = ORIENTED_EDGE ( 'NONE', *, *, #6178, .T. ) ;
#1576 = PLANE ( 'NONE',  #4647 ) ;
#1577 = EDGE_LOOP ( 'NONE', ( #2705, #5409, #4685, #4436, #5168, #6413 ) ) ;
#1578 = CARTESIAN_POINT ( 'NONE',  ( 3.150000000000003908, 0.000000000000000000, -2.818925648462311528E-15 ) ) ;
#1579 = DIRECTION ( 'NONE',  ( 1.000000000000000000, -8.673617379884027583E-16, 0.000000000000000000 ) ) ;
#1580 = VECTOR ( 'NONE', #1858, 1000.000000000000000 ) ;
#1581 = DIRECTION ( 'NONE',  ( 0.3799932884734122385, 0.000000000000000000, 0.9249892435672764091 ) ) ;
#1582 = B_SPLINE_CURVE_WITH_KNOTS ( 'NONE', 3,
 ( #2119, #6532, #7034, #7001, #2079, #3752, #2557, #5407, #4753, #2049, #5375, #2624, #4824, #4322, #5985, #1021, #3342, #1637 ),
 .UNSPECIFIED., .F., .F.,
 ( 4, 2, 2, 2, 2, 2, 2, 2, 4 ),
 ( 0.000000000000000000, 0.0001297744646122130226, 0.0002595489292244260453, 0.0005190978584488543674, 0.001038195716897707867, 0.001557293575346561151, 0.001816842504570988226, 0.001946616969183202631, 0.002076391433795417036 ),
 .UNSPECIFIED. ) ;
#1583 = CARTESIAN_POINT ( 'NONE',  ( -8.297540029607363365, 9.500000000000000000, 4.626103053009459565 ) ) ;
#1584 = EDGE_LOOP ( 'NONE', ( #5624, #3797, #3677, #1846 ) ) ;
#1585 = FACE_OUTER_BOUND ( 'NONE', #1001, .T. ) ;
#1586 = ORIENTED_EDGE ( 'NONE', *, *, #1301, .T. ) ;
#1587 = CARTESIAN_POINT ( 'NONE',  ( -7.841361078610813884, 2.500000000000000444, -6.205888851312715282 ) ) ;
#1588 = FACE_OUTER_BOUND ( 'NONE', #5160, .T. ) ;
#1589 = CARTESIAN_POINT ( 'NONE',  ( -9.606750064360250363, 2.255681435097296905, 2.777795937255556957 ) ) ;
#1590 = CARTESIAN_POINT ( 'NONE',  ( -2.596097982851333530, 10.00000000000000000, -9.138395661352994637 ) ) ;
#1591 = ORIENTED_EDGE ( 'NONE', *, *, #6089, .T. ) ;
#1592 = DIRECTION ( 'NONE',  ( -0.9249892435672767421, 0.000000000000000000, 0.3799932884734115168 ) ) ;
#1593 = DIRECTION ( 'NONE',  ( 0.000000000000000000, 1.000000000000000000, 0.000000000000000000 ) ) ;
#1594 = ADVANCED_FACE ( 'NONE', ( #4870 ), #681, .T. ) ;
#1595 = CARTESIAN_POINT ( 'NONE',  ( 6.909176054700075120, 1.992695579455316057, -7.230240655841215336 ) ) ;
#1596 = CARTESIAN_POINT ( 'NONE',  ( 9.436260398347604550, 9.500000000000000000, 1.098630827246665609 ) ) ;
#1597 = EDGE_CURVE ( 'NONE', #4257, #1555, #2155, .T. ) ;
#1598 = AXIS2_PLACEMENT_3D ( 'NONE', #6804, #1849, #3414 ) ;
#1599 = VERTEX_POINT ( 'NONE', #4252 ) ;
#1600 = EDGE_CURVE ( 'NONE', #6835, #2612, #5035, .T. ) ;
#1601 = EDGE_CURVE ( 'NONE', #2893, #6105, #6775, .T. ) ;
#1602 = CARTESIAN_POINT ( 'NONE',  ( 6.367050236799755680, 2.051666420109250044, -7.711477259033378218 ) ) ;
#1603 = CIRCLE ( 'NONE', #3804, 7.500000000000000000 ) ;
#1604 = CARTESIAN_POINT ( 'NONE',  ( 4.869582161062490755, 9.500000000000000000, 8.734252662744646400 ) ) ;
#1605 = EDGE_CURVE ( 'NONE', #4809, #367, #3126, .T. ) ;
#1606 = CARTESIAN_POINT ( 'NONE',  ( 9.438170773037168004, 2.048945620300624437, 3.306919296390286256 ) ) ;
#1607 = CARTESIAN_POINT ( 'NONE',  ( -9.840963537470319267, 2.134291405717180901, 0.1711472729025647621 ) ) ;
#1608 = DIRECTION ( 'NONE',  ( -0.000000000000000000, 1.000000000000000000, -0.000000000000000000 ) ) ;
#1609 = EDGE_CURVE ( 'NONE', #2890, #1130, #921, .T. ) ;
#1610 = ORIENTED_EDGE ( 'NONE', *, *, #4316, .T. ) ;
#1611 = DIRECTION ( 'NONE',  ( 0.000000000000000000, 0.000000000000000000, 1.000000000000000000 ) ) ;
#1612 = AXIS2_PLACEMENT_3D ( 'NONE', #2602, #2087, #4291 ) ;
#1613 = ORIENTED_EDGE ( 'NONE', *, *, #3072, .F. ) ;
#1614 = CARTESIAN_POINT ( 'NONE',  ( 4.511883185549197428, 2.127032157860169193, -8.925391867974733273 ) ) ;
#1615 = DIRECTION ( 'NONE',  ( 0.000000000000000000, 0.000000000000000000, -1.000000000000000000 ) ) ;
#1616 = PLANE ( 'NONE',  #5353 ) ;
#1617 = AXIS2_PLACEMENT_3D ( 'NONE', #3945, #2356, #6122 ) ;
#1618 = CARTESIAN_POINT ( 'NONE',  ( -2.221104420305847427, 8.000000000000000000, 0.9124482025973577048 ) ) ;
#1619 = CARTESIAN_POINT ( 'NONE',  ( -0.1284310849190160309, 1.768641139221981184, -9.999986698273103158 ) ) ;
#1620 = ORIENTED_EDGE ( 'NONE', *, *, #3747, .F. ) ;
#1621 = CARTESIAN_POINT ( 'NONE',  ( -10.79269157286918812, 10.00001200000000168, -4.470479223992283480 ) ) ;
#1622 = ORIENTED_EDGE ( 'NONE', *, *, #2184, .F. ) ;
#1623 = AXIS2_PLACEMENT_3D ( 'NONE', #2419, #1332, #2460 ) ;
#1624 = CARTESIAN_POINT ( 'NONE',  ( -0.8419640990703026739, 2.181049877636648038, 9.965382407647522811 ) ) ;
#1625 = CARTESIAN_POINT ( 'NONE',  ( -7.230516001408399340, 1.992783053389742154, 6.908873745391242771 ) ) ;
#1626 = AXIS2_PLACEMENT_3D ( 'NONE', #5341, #4860, #3236 ) ;
#1627 = CARTESIAN_POINT ( 'NONE',  ( -8.863313405234825026, 2.241156341101731897, 4.391695231003182265 ) ) ;
#1628 = DIRECTION ( 'NONE',  ( -0.000000000000000000, -1.000000000000000000, -0.000000000000000000 ) ) ;
#1629 = LINE ( 'NONE', #1203, #1265 ) ;
#1630 = AXIS2_PLACEMENT_3D ( 'NONE', #4371, #7165, #319 ) ;
#1631 = FACE_OUTER_BOUND ( 'NONE', #4523, .T. ) ;
#1632 = DIRECTION ( 'NONE',  ( 0.000000000000000000, 0.000000000000000000, 1.000000000000000000 ) ) ;
#1633 = CARTESIAN_POINT ( 'NONE',  ( 5.895594408746948289, 10.00000000000000000, 7.449293024680377684 ) ) ;
#1634 = AXIS2_PLACEMENT_3D ( 'NONE', #3806, #3748, #5954 ) ;
#1635 = ORIENTED_EDGE ( 'NONE', *, *, #2684, .F. ) ;
#1636 = AXIS2_PLACEMENT_3D ( 'NONE', #5021, #5565, #1682 ) ;
#1637 = CARTESIAN_POINT ( 'NONE',  ( 6.368549229223043895, 2.500000000000000444, -7.611508121969533747 ) ) ;
#1638 = ORIENTED_EDGE ( 'NONE', *, *, #1071, .T. ) ;
#1639 = EDGE_CURVE ( 'NONE', #595, #6116, #3923, .T. ) ;
#1640 = CARTESIAN_POINT ( 'NONE',  ( -3.861085519973237457, 2.134320569921044353, -9.052480793569257500 ) ) ;
#1641 = VECTOR ( 'NONE', #5972, 1000.000000000000114 ) ;
#1642 = LINE ( 'NONE', #4250, #1057 ) ;
#1643 = AXIS2_PLACEMENT_3D ( 'NONE', #6993, #2508, #6918 ) ;
#1644 = LINE ( 'NONE', #2768, #2927 ) ;
#1645 = CARTESIAN_POINT ( 'NONE',  ( 8.925391867974822091, 2.127032157860169193, 4.511883185549330655 ) ) ;
#1646 = EDGE_CURVE ( 'NONE', #6846, #7061, #4849, .T. ) ;
#1647 = DIRECTION ( 'NONE',  ( 0.000000000000000000, -8.673617379884027583E-16, -1.000000000000000000 ) ) ;
#1648 = CARTESIAN_POINT ( 'NONE',  ( 9.840975183068751519, 2.134320569920972854, -0.1029434636767834199 ) ) ;
#1649 = ORIENTED_EDGE ( 'NONE', *, *, #2984, .F. ) ;
#1650 = TOROIDAL_SURFACE ( 'NONE', #1312, 9.500000000000000000, 0.5000000000000000000 ) ;
#1651 = FACE_OUTER_BOUND ( 'NONE', #4332, .T. ) ;
#1652 = ORIENTED_EDGE ( 'NONE', *, *, #2674, .F. ) ;
#1653 = EDGE_CURVE ( 'NONE', #4584, #509, #6360, .T. ) ;
#1654 = CARTESIAN_POINT ( 'NONE',  ( 3.590100106537495339, 1.779716818039936310, -9.334189340898266352 ) ) ;
#1655 = DIRECTION ( 'NONE',  ( -0.8982659121149837445, -3.895607413538950797E-16, 0.4394523308986271193 ) ) ;
#1656 = CARTESIAN_POINT ( 'NONE',  ( -4.470479223992169793, 9.500000000000000000, -8.292691572869230754 ) ) ;
#1657 = AXIS2_PLACEMENT_3D ( 'NONE', #727, #1705, #3915 ) ;
#1658 = DIRECTION ( 'NONE',  ( 0.000000000000000000, 1.000000000000000000, -0.000000000000000000 ) ) ;
#1659 = DIRECTION ( 'NONE',  ( 0.000000000000000000, 0.000000000000000000, 1.000000000000000000 ) ) ;
#1660 = VERTEX_POINT ( 'NONE', #7152 ) ;
#1661 = CARTESIAN_POINT ( 'NONE',  ( 9.157360018292944659, 2.134291405717181345, 3.607854241819100416 ) ) ;
#1662 = ORIENTED_EDGE ( 'NONE', *, *, #758, .T. ) ;
#1663 = CARTESIAN_POINT ( 'NONE',  ( -8.817277085773847389, 2.343452233630470172, 4.532184927350107806 ) ) ;
#1664 = CARTESIAN_POINT ( 'NONE',  ( -9.997513869602435932, 1.779849606445583987, -0.2556751587878723919 ) ) ;
#1665 = CARTESIAN_POINT ( 'NONE',  ( -9.469254822743765843, 2.438027874578180043, 2.970974249536509237 ) ) ;
#1666 = DIRECTION ( 'NONE',  ( 0.000000000000000000, 0.000000000000000000, 1.000000000000000000 ) ) ;
#1667 = VERTEX_POINT ( 'NONE', #6281 ) ;
#1668 = DIRECTION ( 'NONE',  ( 0.000000000000000000, 0.000000000000000000, 1.000000000000000000 ) ) ;
#1669 = CARTESIAN_POINT ( 'NONE',  ( 9.436260398347604550, 10.00000000000000000, 1.098630827246665165 ) ) ;
#1670 = CARTESIAN_POINT ( 'NONE',  ( -7.599467116825848301, 2.414533010808959546, 6.378947770805498685 ) ) ;
#1671 = CARTESIAN_POINT ( 'NONE',  ( 10.79269157286925029, 10.00000000000000000, -4.470479223992127160 ) ) ;
#1672 = FACE_OUTER_BOUND ( 'NONE', #5780, .T. ) ;
#1673 = ORIENTED_EDGE ( 'NONE', *, *, #2111, .T. ) ;
#1674 = CARTESIAN_POINT ( 'NONE',  ( -3.095596099249409150, 2.279592747210319903, -9.406354823611813742 ) ) ;
#1675 = CARTESIAN_POINT ( 'NONE',  ( 0.000000000000000000, 10.00000000000000000, 0.000000000000000000 ) ) ;
#1676 = DIRECTION ( 'NONE',  ( -0.4394523308986274523, 0.000000000000000000, -0.8982659121149835224 ) ) ;
#1677 = CARTESIAN_POINT ( 'NONE',  ( -0.5925133766642505240, 2.212953969771219054, 9.863965706758321517 ) ) ;
#1678 = CARTESIAN_POINT ( 'NONE',  ( -9.619363854055777097, 9.500000000000000000, 2.732734718790907902 ) ) ;
#1679 = EDGE_CURVE ( 'NONE', #2910, #963, #2662, .T. ) ;
#1680 = CARTESIAN_POINT ( 'NONE',  ( 9.965325131733093755, 2.181508697813342224, -0.8426567133882809646 ) ) ;
#1681 = ORIENTED_EDGE ( 'NONE', *, *, #3433, .T. ) ;
#1682 = DIRECTION ( 'NONE',  ( 0.000000000000000000, 0.000000000000000000, 1.000000000000000000 ) ) ;
#1683 = VECTOR ( 'NONE', #4204, 1000.000000000000000 ) ;
#1684 = VERTEX_POINT ( 'NONE', #2980 ) ;
#1685 = CARTESIAN_POINT ( 'NONE',  ( 3.238311324277320047, 1.867388762198151309, -9.461831679522378025 ) ) ;
#1686 = FACE_OUTER_BOUND ( 'NONE', #2019, .T. ) ;
#1687 = DIRECTION ( 'NONE',  ( -0.8511160640214283646, 0.000000000000000000, 0.5249775667251619371 ) ) ;
#1688 = CARTESIAN_POINT ( 'NONE',  ( -8.967023712798500412, 2.147145517465062436, -4.085870468678343137 ) ) ;
#1689 = ORIENTED_EDGE ( 'NONE', *, *, #5910, .T. ) ;
#1690 = EDGE_CURVE ( 'NONE', #2128, #6164, #5183, .T. ) ;
#1691 = CARTESIAN_POINT ( 'NONE',  ( 9.140544747021426275, 1.779361857681294401, -4.057814370325335318 ) ) ;
#1692 = ORIENTED_EDGE ( 'NONE', *, *, #5674, .F. ) ;
#1693 = CARTESIAN_POINT ( 'NONE',  ( -3.353526346303853600, 1.829430187479037073, 9.421771089946162192 ) ) ;
#1694 = VERTEX_POINT ( 'NONE', #2190 ) ;
#1695 = CARTESIAN_POINT ( 'NONE',  ( -6.205888885575337355, 2.376055744299668593, -7.841361051494344814 ) ) ;
#1696 = CARTESIAN_POINT ( 'NONE',  ( -7.641948001533044099, 2.181049877636540124, 6.451230953596338580 ) ) ;
#1697 = EDGE_CURVE ( 'NONE', #3737, #329, #3354, .T. ) ;
#1698 = CIRCLE ( 'NONE', #5872, 0.5000000000000004441 ) ;
#1699 = DIRECTION ( 'NONE',  ( -0.9980606173047409380, 0.000000000000000000, -0.06224953160690814558 ) ) ;
#1700 = VECTOR ( 'NONE', #2790, 1000.000000000000000 ) ;
#1701 = DIRECTION ( 'NONE',  ( 0.000000000000000000, 0.000000000000000000, 1.000000000000000000 ) ) ;
#1702 = ORIENTED_EDGE ( 'NONE', *, *, #2467, .F. ) ;
#1703 = CARTESIAN_POINT ( 'NONE',  ( -4.626103053009432919, 9.500000000000000000, -8.297540029607377576 ) ) ;
#1704 = FACE_OUTER_BOUND ( 'NONE', #2384, .T. ) ;
#1705 = DIRECTION ( 'NONE',  ( 0.000000000000000000, 1.000000000000000000, -0.000000000000000000 ) ) ;
#1706 = CARTESIAN_POINT ( 'NONE',  ( 4.594722306767595299, 1.975903690497191389, 8.882643920376608548 ) ) ;
#1707 = EDGE_LOOP ( 'NONE', ( #1362, #7101, #2538, #6182 ) ) ;
#1708 = CYLINDRICAL_SURFACE ( 'NONE', #4176, 0.5000000000000000000 ) ;
#1709 = ORIENTED_EDGE ( 'NONE', *, *, #2025, .T. ) ;
#1710 = CARTESIAN_POINT ( 'NONE',  ( -3.313989850241888746, 2.183709232977768977, -9.297048667841320224 ) ) ;
#1711 = DIRECTION ( 'NONE',  ( 0.000000000000000000, -1.734723475976807094E-15, 1.000000000000000000 ) ) ;
#1712 = CYLINDRICAL_SURFACE ( 'NONE', #2469, 2.000000000000000000 ) ;
#1713 = CARTESIAN_POINT ( 'NONE',  ( -9.421771089946163968, 1.829430187479116565, -3.353526346303850492 ) ) ;
#1714 = AXIS2_PLACEMENT_3D ( 'NONE', #3270, #6631, #4379 ) ;
#1715 = CARTESIAN_POINT ( 'NONE',  ( -3.511926249630080932, 2.144403737698096890, -9.201360193265378129 ) ) ;
#1716 = ORIENTED_EDGE ( 'NONE', *, *, #3599, .F. ) ;
#1717 = PLANE ( 'NONE',  #4185 ) ;
#1718 = VERTEX_POINT ( 'NONE', #4396 ) ;
#1719 = CARTESIAN_POINT ( 'NONE',  ( 3.398190578544750817, 2.164715090713908108, -9.255897283380166485 ) ) ;
#1720 = VECTOR ( 'NONE', #3946, 1000.000000000000000 ) ;
#1721 = CARTESIAN_POINT ( 'NONE',  ( -0.5673463196692578592, 8.000000000000000000, -2.333234819276244210 ) ) ;
#1722 = LINE ( 'NONE', #4508, #22 ) ;
#1723 = CARTESIAN_POINT ( 'NONE',  ( -7.496156162786346222, 1.864094386502769263, -6.619703835945502490 ) ) ;
#1724 = EDGE_LOOP ( 'NONE', ( #6581, #6114, #413, #3040 ) ) ;
#1725 = AXIS2_PLACEMENT_3D ( 'NONE', #4062, #729, #1647 ) ;
#1726 = CARTESIAN_POINT ( 'NONE',  ( -0.8129628328426814488, 2.343447600951189091, -9.880493601047255936 ) ) ;
#1727 = VECTOR ( 'NONE', #229, 1000.000000000000000 ) ;
#1728 = ORIENTED_EDGE ( 'NONE', *, *, #575, .T. ) ;
#1729 = CARTESIAN_POINT ( 'NONE',  ( -2.732734801641721223, 2.377026804319530395, 9.619363830518947722 ) ) ;
#1730 = ORIENTED_EDGE ( 'NONE', *, *, #2018, .F. ) ;
#1731 = DIRECTION ( 'NONE',  ( 0.000000000000000000, -1.734723475976807094E-15, -1.000000000000000000 ) ) ;
#1732 = ADVANCED_FACE ( 'NONE', ( #6605 ), #6066, .T. ) ;
#1733 = AXIS2_PLACEMENT_3D ( 'NONE', #4275, #6486, #1526 ) ;
#1734 = CARTESIAN_POINT ( 'NONE',  ( -9.229789989832697827, 2.147145517465061548, 3.451496558928092373 ) ) ;
#1735 = CARTESIAN_POINT ( 'NONE',  ( -9.932905682471179887, 2.500000000000000444, 1.156453502364772623 ) ) ;
#1736 = DIRECTION ( 'NONE',  ( 0.000000000000000000, -0.000000000000000000, 1.000000000000000000 ) ) ;
#1737 = EDGE_CURVE ( 'NONE', #5193, #6263, #2735, .T. ) ;
#1738 = CARTESIAN_POINT ( 'NONE',  ( 0.000000000000000000, 0.000000000000000000, -3.499999999999972022 ) ) ;
#1739 = AXIS2_PLACEMENT_3D ( 'NONE', #6259, #3577, #4188 ) ;
#1740 = ORIENTED_EDGE ( 'NONE', *, *, #3559, .T. ) ;
#1741 = DIRECTION ( 'NONE',  ( 0.000000000000000000, -1.000000000000000000, 0.000000000000000000 ) ) ;
#1742 = ADVANCED_FACE ( 'NONE', ( #5149 ), #5487, .F. ) ;
#1743 = AXIS2_PLACEMENT_3D ( 'NONE', #2567, #3723, #5451 ) ;
#1744 = LINE ( 'NONE', #5695, #2012 ) ;
#1745 = CARTESIAN_POINT ( 'NONE',  ( 4.470479223992089857, 9.500000000000000000, 8.792691572869266281 ) ) ;
#1746 = PLANE ( 'NONE',  #3369 ) ;
#1747 = AXIS2_PLACEMENT_3D ( 'NONE', #7083, #3786, #5989 ) ;
#1748 = AXIS2_PLACEMENT_3D ( 'NONE', #163, #4008, #6764 ) ;
#1749 = ORIENTED_EDGE ( 'NONE', *, *, #4246, .T. ) ;
#1750 = DIRECTION ( 'NONE',  ( 0.000000000000000000, -1.000000000000000000, 0.000000000000000000 ) ) ;
#1751 = CARTESIAN_POINT ( 'NONE',  ( 7.584466575834628799, 2.127336489724590773, 6.518869136509507278 ) ) ;
#1752 = FACE_OUTER_BOUND ( 'NONE', #4213, .T. ) ;
#1753 = CIRCLE ( 'NONE', #2454, 0.5000000000000000000 ) ;
#1754 = CIRCLE ( 'NONE', #3376, 0.4999999999999991673 ) ;
#1755 = CARTESIAN_POINT ( 'NONE',  ( 0.8789046617972523512, 2.500000000000000444, 9.885393354405108468 ) ) ;
#1756 = DIRECTION ( 'NONE',  ( 0.3799932884734116278, 0.000000000000000000, 0.9249892435672766311 ) ) ;
#1757 = VERTEX_POINT ( 'NONE', #5521 ) ;
#1758 = DIRECTION ( 'NONE',  ( 0.07555769727474787034, 0.000000000000000000, -0.9971414314842892423 ) ) ;
#1759 = VERTEX_POINT ( 'NONE', #5561 ) ;
#1760 = AXIS2_PLACEMENT_3D ( 'NONE', #5060, #5714, #2381 ) ;
#1761 = AXIS2_PLACEMENT_3D ( 'NONE', #5911, #529, #1014 ) ;
#1762 = DIRECTION ( 'NONE',  ( 0.000000000000000000, 1.000000000000000000, 0.000000000000000000 ) ) ;
#1763 = CARTESIAN_POINT ( 'NONE',  ( 2.596097982851460539, 2.500000000000000444, -9.138395661352959110 ) ) ;
#1764 = CARTESIAN_POINT ( 'NONE',  ( -8.796570338259703803, 2.456298904871082378, -4.594978287206064493 ) ) ;
#1765 = VECTOR ( 'NONE', #7150, 1000.000000000000000 ) ;
#1766 = VERTEX_POINT ( 'NONE', #2770 ) ;
#1767 = CARTESIAN_POINT ( 'NONE',  ( 1.098630827246566799, 10.00000000000000000, -9.436260398347616984 ) ) ;
#1768 = VERTEX_POINT ( 'NONE', #2399 ) ;
#1769 = CARTESIAN_POINT ( 'NONE',  ( -3.956182678658364704, 2.139924804626960775, 9.015711933060110539 ) ) ;
#1770 = ORIENTED_EDGE ( 'NONE', *, *, #5102, .F. ) ;
#1771 = DIRECTION ( 'NONE',  ( -1.000000000000000000, -8.673617379884043361E-16, 0.000000000000000000 ) ) ;
#1772 = CARTESIAN_POINT ( 'NONE',  ( -8.966837034307406640, 2.147342056939914645, 4.086428952008274607 ) ) ;
#1773 = CARTESIAN_POINT ( 'NONE',  ( -9.840975183068751519, 2.134320569920972410, 0.1029434636768538913 ) ) ;
#1774 = DIRECTION ( 'NONE',  ( -1.856204616801375390E-16, -1.000000000000000000, 1.594314457810250763E-15 ) ) ;
#1775 = ORIENTED_EDGE ( 'NONE', *, *, #1469, .T. ) ;
#1776 = EDGE_CURVE ( 'NONE', #1191, #6755, #4159, .T. ) ;
#1777 = VERTEX_POINT ( 'NONE', #1678 ) ;
#1778 = PLANE ( 'NONE',  #5429 ) ;
#1779 = ADVANCED_FACE ( 'NONE', ( #144 ), #6853, .T. ) ;
#1780 = CARTESIAN_POINT ( 'NONE',  ( -11.68192517863507618, 9.500000000000000000, -4.083818128530453922E-14 ) ) ;
#1781 = CARTESIAN_POINT ( 'NONE',  ( 9.848044610950880795, 2.147145517465060660, 0.3433206859913995324 ) ) ;
#1782 = EDGE_CURVE ( 'NONE', #3521, #2729, #317, .T. ) ;
#1783 = DIRECTION ( 'NONE',  ( 0.000000000000000000, 0.000000000000000000, 1.000000000000000000 ) ) ;
#1784 = ORIENTED_EDGE ( 'NONE', *, *, #1174, .T. ) ;
#1785 = PLANE ( 'NONE',  #1936 ) ;
#1786 = CARTESIAN_POINT ( 'NONE',  ( 2.548403532281085848, 0.000000000000000000, 1.851523544721291437 ) ) ;
#1787 = CARTESIAN_POINT ( 'NONE',  ( 1.156453502364807928, 2.500000000000000000, -9.932905682471176334 ) ) ;
#1788 = CARTESIAN_POINT ( 'NONE',  ( -9.034166618178222308, 1.829075679051545666, -4.289462306013253290 ) ) ;
#1789 = EDGE_CURVE ( 'NONE', #1980, #5574, #3708, .T. ) ;
#1790 = CARTESIAN_POINT ( 'NONE',  ( 9.949874378253738882, 2.410376625841610387, -1.010707506679614731 ) ) ;
#1791 = ORIENTED_EDGE ( 'NONE', *, *, #53, .F. ) ;
#1792 = CARTESIAN_POINT ( 'NONE',  ( 2.394357833393300883, 0.000000000000000000, 0.1814307967061968563 ) ) ;
#1793 = VERTEX_POINT ( 'NONE', #5767 ) ;
#1794 = DIRECTION ( 'NONE',  ( 0.000000000000000000, -1.000000000000000000, 0.000000000000000000 ) ) ;
#1795 = DIRECTION ( 'NONE',  ( 0.000000000000000000, -1.000000000000000000, -0.000000000000000000 ) ) ;
#1796 = CARTESIAN_POINT ( 'NONE',  ( -9.932905682471181663, 10.00000000000000000, 1.156453502364769736 ) ) ;
#1797 = DIRECTION ( 'NONE',  ( 0.6472324890273781772, 0.000000000000000000, 0.7622926637108773384 ) ) ;
#1798 = LINE ( 'NONE', #4990, #2560 ) ;
#1799 = VERTEX_POINT ( 'NONE', #3668 ) ;
#1800 = CARTESIAN_POINT ( 'NONE',  ( -3.095076455295144857, 2.279919447647869024, 9.406617602937965117 ) ) ;
#1801 = VERTEX_POINT ( 'NONE', #2436 ) ;
#1802 = CARTESIAN_POINT ( 'NONE',  ( -6.612736535334971855, 1.867418461490367498, -7.502303277451196628 ) ) ;
#1803 = CARTESIAN_POINT ( 'NONE',  ( 0.000000000000000000, 9.500000000000000000, 0.000000000000000000 ) ) ;
#1804 = ORIENTED_EDGE ( 'NONE', *, *, #6555, .F. ) ;
#1805 = VERTEX_POINT ( 'NONE', #1967 ) ;
#1806 = CARTESIAN_POINT ( 'NONE',  ( -7.449293024680276432, 10.00000000000000000, -5.895594408747077075 ) ) ;
#1807 = VECTOR ( 'NONE', #7178, 1000.000000000000114 ) ;
#1808 = AXIS2_PLACEMENT_3D ( 'NONE', #5926, #3612, #1466 ) ;
#1809 = CARTESIAN_POINT ( 'NONE',  ( -7.455982384190883216, 2.242932669926582800, 6.502380906176221664 ) ) ;
#1810 = CARTESIAN_POINT ( 'NONE',  ( 4.392294266126599567, 1.864094386502770817, 8.984463655236336166 ) ) ;
#1811 = DIRECTION ( 'NONE',  ( -0.000000000000000000, 1.000000000000000000, 0.000000000000000000 ) ) ;
#1812 = ORIENTED_EDGE ( 'NONE', *, *, #6814, .T. ) ;
#1813 = DIRECTION ( 'NONE',  ( 0.000000000000000000, 1.000000000000000000, 0.000000000000000000 ) ) ;
#1814 = EDGE_LOOP ( 'NONE', ( #7039, #5793, #4364, #5444 ) ) ;
#1815 = LINE ( 'NONE', #2403, #70 ) ;
#1816 = CARTESIAN_POINT ( 'NONE',  ( 7.249794653336807393, 1.779716818039852599, 6.888859623417245892 ) ) ;
#1817 = ADVANCED_FACE ( 'NONE', ( #6417 ), #1382, .T. ) ;
#1818 = CARTESIAN_POINT ( 'NONE',  ( 0.000000000000000000, 10.00000000000000000, 0.000000000000000000 ) ) ;
#1819 = CARTESIAN_POINT ( 'NONE',  ( -9.012158091705535057, 2.048970607329220872, -4.335404163388695054 ) ) ;
#1820 = EDGE_CURVE ( 'NONE', #1718, #2472, #875, .T. ) ;
#1821 = CARTESIAN_POINT ( 'NONE',  ( -0.5673463196692629662, 8.000000000000000000, 2.333234819276247762 ) ) ;
#1822 = EDGE_CURVE ( 'NONE', #667, #2472, #2895, .T. ) ;
#1823 = EDGE_LOOP ( 'NONE', ( #4338, #2871, #4481 ) ) ;
#1824 = EDGE_CURVE ( 'NONE', #6932, #3285, #335, .T. ) ;
#1825 = LINE ( 'NONE', #6896, #1305 ) ;
#1826 = ORIENTED_EDGE ( 'NONE', *, *, #6305, .F. ) ;
#1827 = LINE ( 'NONE', #3538, #1149 ) ;
#1828 = CARTESIAN_POINT ( 'NONE',  ( 0.1814307967061984106, 0.000000000000000000, -2.394357833393298662 ) ) ;
#1829 = EDGE_CURVE ( 'NONE', #3382, #2251, #5826, .T. ) ;
#1830 = DIRECTION ( 'NONE',  ( 0.000000000000000000, 1.000000000000000000, 0.000000000000000000 ) ) ;
#1831 = CARTESIAN_POINT ( 'NONE',  ( 4.626103053009547494, 9.500000000000000000, -8.297540029607313627 ) ) ;
#1832 = VERTEX_POINT ( 'NONE', #6450 ) ;
#1833 = DIRECTION ( 'NONE',  ( 0.000000000000000000, 1.000000000000000000, 0.000000000000000000 ) ) ;
#1834 = EDGE_LOOP ( 'NONE', ( #6506, #2749, #5531, #6396 ) ) ;
#1835 = EDGE_CURVE ( 'NONE', #516, #5301, #5549, .T. ) ;
#1836 = CARTESIAN_POINT ( 'NONE',  ( -2.732734718790877704, 10.00000000000000000, -9.619363854055785978 ) ) ;
#1837 = AXIS2_PLACEMENT_3D ( 'NONE', #6410, #1892, #3518 ) ;
#1838 = ORIENTED_EDGE ( 'NONE', *, *, #5181, .F. ) ;
#1839 = VECTOR ( 'NONE', #5620, 1000.000000000000000 ) ;
#1840 = CARTESIAN_POINT ( 'NONE',  ( 0.000000000000000000, 10.00000000000000000, 0.000000000000000000 ) ) ;
#1841 = PLANE ( 'NONE',  #5230 ) ;
#1842 = AXIS2_PLACEMENT_3D ( 'NONE', #241, #2470, #5941 ) ;
#1843 = CARTESIAN_POINT ( 'NONE',  ( -2.970974231079569705, 2.456216401094831525, 9.469254843656225162 ) ) ;
#1844 = FACE_OUTER_BOUND ( 'NONE', #2640, .T. ) ;
#1845 = DIRECTION ( 'NONE',  ( 0.000000000000000000, 0.000000000000000000, 1.000000000000000000 ) ) ;
#1846 = ORIENTED_EDGE ( 'NONE', *, *, #6839, .T. ) ;
#1847 = VERTEX_POINT ( 'NONE', #5913 ) ;
#1848 = AXIS2_PLACEMENT_3D ( 'NONE', #2635, #479, #7045 ) ;
#1849 = DIRECTION ( 'NONE',  ( 1.000000000000000000, -0.000000000000000000, 1.224646799147353207E-16 ) ) ;
#1850 = CARTESIAN_POINT ( 'NONE',  ( -0.6290186756683102676, 1.867418461490393256, 9.980840368339201518 ) ) ;
#1851 = AXIS2_PLACEMENT_3D ( 'NONE', #1103, #10, #6567 ) ;
#1852 = CARTESIAN_POINT ( 'NONE',  ( 7.812463274735121921, 2.255681435097351528, -6.242692900426391134 ) ) ;
#1853 = CARTESIAN_POINT ( 'NONE',  ( -9.878024200989290904, 2.314666110110169317, 0.7802894779563663841 ) ) ;
#1854 = EDGE_LOOP ( 'NONE', ( #851, #6922, #3530, #7005 ) ) ;
#1855 = DIRECTION ( 'NONE',  ( 0.000000000000000000, -1.000000000000000000, -0.000000000000000000 ) ) ;
#1856 = EDGE_LOOP ( 'NONE', ( #6247, #6689, #3386, #6678 ) ) ;
#1857 = B_SPLINE_CURVE_WITH_KNOTS ( 'NONE', 3,
 ( #4144, #6362, #1439, #1400, #297, #966, #1502, #4186, #2564, #6978, #2457, #2024, #6936, #4658, #5274, #6462, #2601, #4219 ),
 .UNSPECIFIED., .F., .F.,
 ( 4, 2, 2, 2, 2, 2, 2, 2, 4 ),
 ( 8.673617379884035472E-19, 0.0003765522689820478938, 0.0007531045379640949203, 0.001129656806946142001, 0.001506209075928188973, 0.001882761344910235946, 0.002259313613892283135, 0.002635865882874329890, 0.003012418151856377079 ),
 .UNSPECIFIED. ) ;
#1858 = DIRECTION ( 'NONE',  ( 0.2362740077746034173, 0.000000000000000000, -0.9716864685947451674 ) ) ;
#1859 = AXIS2_PLACEMENT_3D ( 'NONE', #5760, #1893, #3662 ) ;
#1860 = CARTESIAN_POINT ( 'NONE',  ( -4.470479223978639283, 2.293003971270598296, -8.837551326252590655 ) ) ;
#1861 = DIRECTION ( 'NONE',  ( 0.000000000000000000, 0.000000000000000000, 1.000000000000000000 ) ) ;
#1862 = CARTESIAN_POINT ( 'NONE',  ( -9.195699807442801799, 1.985975370094174242, -3.930903099441841242 ) ) ;
#1863 = VECTOR ( 'NONE', #5569, 1000.000000000000000 ) ;
#1864 = AXIS2_PLACEMENT_3D ( 'NONE', #2813, #2231, #1756 ) ;
#1865 = CARTESIAN_POINT ( 'NONE',  ( 2.596097982851268249, 9.500000000000000000, 9.138395661353012400 ) ) ;
#1866 = ORIENTED_EDGE ( 'NONE', *, *, #3528, .T. ) ;
#1867 = EDGE_CURVE ( 'NONE', #2971, #1805, #6474, .T. ) ;
#1868 = CARTESIAN_POINT ( 'NONE',  ( -4.626103053009428479, 10.00001200000000168, -8.297540029607381129 ) ) ;
#1869 = ORIENTED_EDGE ( 'NONE', *, *, #6342, .F. ) ;
#1870 = CARTESIAN_POINT ( 'NONE',  ( 7.841361078610772140, 9.500000000000000000, 6.205888851312770349 ) ) ;
#1871 = TOROIDAL_SURFACE ( 'NONE', #4183, 1.500000000000000000, 0.5000000000000000000 ) ;
#1872 = CARTESIAN_POINT ( 'NONE',  ( 2.333234819276243766, 8.000000000000000000, -0.5673463196692560828 ) ) ;
#1873 = AXIS2_PLACEMENT_3D ( 'NONE', #146, #1352, #4564 ) ;
#1874 = DIRECTION ( 'NONE',  ( -0.000000000000000000, -1.000000000000000000, -0.000000000000000000 ) ) ;
#1875 = ADVANCED_FACE ( 'NONE', ( #3124 ), #961, .T. ) ;
#1876 = CARTESIAN_POINT ( 'NONE',  ( -3.150000000000000799, 0.000000000000000000, 5.421010862427522170E-17 ) ) ;
#1877 = EDGE_LOOP ( 'NONE', ( #3571, #2672, #504, #1012 ) ) ;
#1878 = DIRECTION ( 'NONE',  ( -0.4394523308986340027, 0.000000000000000000, 0.8982659121149805248 ) ) ;
#1879 = ORIENTED_EDGE ( 'NONE', *, *, #5648, .F. ) ;
#1880 = AXIS2_PLACEMENT_3D ( 'NONE', #3112, #6408, #2531 ) ;
#1881 = ADVANCED_FACE ( 'NONE', ( #7106 ), #2210, .T. ) ;
#1883 = CARTESIAN_POINT ( 'NONE',  ( -4.594978259367358930, 2.438027874578115206, 8.796570336523405587 ) ) ;
#1882 = CIRCLE ( 'NONE', #477, 0.5000000000000000000 ) ;
#1884 = ORIENTED_EDGE ( 'NONE', *, *, #4433, .F. ) ;
#1885 = ADVANCED_FACE ( 'NONE', ( #3331 ), #5087, .T. ) ;
#1886 = CARTESIAN_POINT ( 'NONE',  ( 0.2520522957981783385, 1.779556347367960090, -9.997582529451092270 ) ) ;
#1887 = DIRECTION ( 'NONE',  ( -0.9971414314842894644, 0.000000000000000000, 0.07555769727474609398 ) ) ;
#1889 = EDGE_CURVE ( 'NONE', #1407, #4031, #3013, .T. ) ;
#1888 = AXIS2_PLACEMENT_3D ( 'NONE', #6860, #6892, #4172 ) ;
#1890 = CIRCLE ( 'NONE', #5934, 0.5000000000000004441 ) ;
#1891 = CARTESIAN_POINT ( 'NONE',  ( -3.227999808065014076, 2.212746796842762542, 9.339547392334338838 ) ) ;
#1892 = DIRECTION ( 'NONE',  ( 0.000000000000000000, 1.000000000000000000, 0.000000000000000000 ) ) ;
#1893 = DIRECTION ( 'NONE',  ( 1.000000000000000000, -3.469446951953611033E-15, -1.203706215242021287E-29 ) ) ;
#1894 = ORIENTED_EDGE ( 'NONE', *, *, #3372, .F. ) ;
#1895 = EDGE_LOOP ( 'NONE', ( #4662, #6914, #4330, #200, #5541, #5088, #2276, #698, #3020, #1132, #6680, #1435, #4076, #1342, #4385, #4623, #3405, #919, #2291, #2392, #4630, #5763, #4716, #1681, #5135, #6672, #3576, #115, #1553, #6272, #2626, #5717, #1999, #3726, #4971, #3459 ) ) ;
#1896 = AXIS2_PLACEMENT_3D ( 'NONE', #3558, #281, #4202 ) ;
#1897 = CARTESIAN_POINT ( 'NONE',  ( 4.594978287205915279, 2.456216401094831081, 8.796570338259787292 ) ) ;
#1898 = B_SPLINE_CURVE_WITH_KNOTS ( 'NONE', 3,
 ( #7161, #1764, #2201, #4406, #2853, #2347, #3322, #1688, #2780, #21, #2241, #4443, #3974, #3901, #6111, #4548, #1146, #3360 ),
 .UNSPECIFIED., .F., .F.,
 ( 4, 2, 2, 2, 2, 2, 2, 2, 4 ),
 ( 0.000000000000000000, 0.0001297744646122140526, 0.0002595489292244281053, 0.0005190978584488520906, 0.001038195716897702013, 0.001557293575346552043, 0.001816842504570977384, 0.001946616969183189621, 0.002076391433795401423 ),
 .UNSPECIFIED. ) ;
#1899 = CARTESIAN_POINT ( 'NONE',  ( -6.368549229222988828, 2.456216401094829749, 7.611508121969578156 ) ) ;
#1900 = CARTESIAN_POINT ( 'NONE',  ( 8.886597848284432999, 2.212746796842761654, -4.321516740381020405 ) ) ;
#1901 = DIRECTION ( 'NONE',  ( 0.000000000000000000, -1.000000000000000000, 0.000000000000000000 ) ) ;
#1902 = CARTESIAN_POINT ( 'NONE',  ( -9.964817015740024431, 1.975903690497188725, 0.8457292328691102812 ) ) ;
#1903 = ORIENTED_EDGE ( 'NONE', *, *, #7096, .T. ) ;
#1904 = DIRECTION ( 'NONE',  ( 0.000000000000000000, 0.000000000000000000, 1.000000000000000000 ) ) ;
#1905 = ORIENTED_EDGE ( 'NONE', *, *, #5863, .T. ) ;
#1906 = CARTESIAN_POINT ( 'NONE',  ( -3.943489008538239027, 1.768638744481567215, -9.190461521628852992 ) ) ;
#1907 = CARTESIAN_POINT ( 'NONE',  ( 4.869582085835391538, 2.377026804319530395, 8.734252704685790292 ) ) ;
#1908 = CARTESIAN_POINT ( 'NONE',  ( 1.098630827246567909, 9.500000000000000000, -9.436260398347616984 ) ) ;
#1909 = DIRECTION ( 'NONE',  ( -0.2362740077746028344, 0.000000000000000000, 0.9716864685947452784 ) ) ;
#1910 = ORIENTED_EDGE ( 'NONE', *, *, #6700, .F. ) ;
#1911 = DIRECTION ( 'NONE',  ( 0.000000000000000000, -1.000000000000000000, 0.000000000000000000 ) ) ;
#1912 = ORIENTED_EDGE ( 'NONE', *, *, #1964, .T. ) ;
#1913 = CARTESIAN_POINT ( 'NONE',  ( -4.869582161062615100, 2.500000000000000000, 8.734252662744577123 ) ) ;
#1914 = LINE ( 'NONE', #2960, #2547 ) ;
#1915 = ORIENTED_EDGE ( 'NONE', *, *, #4527, .T. ) ;
#1916 = ORIENTED_EDGE ( 'NONE', *, *, #7065, .F. ) ;
#1917 = CARTESIAN_POINT ( 'NONE',  ( -4.626103053009431143, 10.00000000000000000, -8.297540029607379353 ) ) ;
#1918 = VERTEX_POINT ( 'NONE', #2110 ) ;
#1919 = PRODUCT_DEFINITION ( 'UNKNOWN', '', #2274, #884 ) ;
#1920 = CARTESIAN_POINT ( 'NONE',  ( -5.095752233843723986E-17, 9.500000000000000000, 9.681925178635076179 ) ) ;
#1921 = ADVANCED_FACE ( 'NONE', ( #1561 ), #6523, .T. ) ;
#1922 = CARTESIAN_POINT ( 'NONE',  ( 3.361212337356712432, 1.827366529454476751, -9.419005646007477139 ) ) ;
#1923 = CARTESIAN_POINT ( 'NONE',  ( -0.4397714266284716289, 0.000000000000000000, 2.776607510986326410 ) ) ;
#1924 = CARTESIAN_POINT ( 'NONE',  ( 6.205888851312742815, 9.500000000000000000, -7.841361078610793456 ) ) ;
#1925 = EDGE_LOOP ( 'NONE', ( #4640, #2973, #5778, #5078 ) ) ;
#1926 = EDGE_LOOP ( 'NONE', ( #4534, #137, #4362 ) ) ;
#1927 = EDGE_CURVE ( 'NONE', #2506, #339, #685, .T. ) ;
#1928 = CARTESIAN_POINT ( 'NONE',  ( 0.4025598189324781084, 2.164715090713978718, 9.851765289569893724 ) ) ;
#1929 = CARTESIAN_POINT ( 'NONE',  ( 9.462109755037470649, 2.414533010808959990, -2.985189123993070570 ) ) ;
#1930 = CARTESIAN_POINT ( 'NONE',  ( -1.851523544721291881, 8.000000000000000000, -2.548403532281083628 ) ) ;
#1932 = EDGE_CURVE ( 'NONE', #3462, #1191, #7058, .T. ) ;
#1931 = DIRECTION ( 'NONE',  ( 0.9619363854055734686, 0.000000000000000000, 0.2732734718791048900 ) ) ;
#1933 = CARTESIAN_POINT ( 'NONE',  ( -8.796570338259732225, 10.00001200000000168, 4.594978287206008538 ) ) ;
#1934 = EDGE_CURVE ( 'NONE', #4982, #3417, #6705, .T. ) ;
#1935 = VERTEX_POINT ( 'NONE', #569 ) ;
#1936 = AXIS2_PLACEMENT_3D ( 'NONE', #733, #3453, #2911 ) ;
#1937 = CARTESIAN_POINT ( 'NONE',  ( -4.869582161062556480, 2.500000000000000444, -8.734252662744612650 ) ) ;
#1938 = LINE ( 'NONE', #5773, #5473 ) ;
#1939 = DIRECTION ( 'NONE',  ( -0.000000000000000000, -1.000000000000000000, -0.000000000000000000 ) ) ;
#1940 = B_SPLINE_CURVE_WITH_KNOTS ( 'NONE', 3,
 ( #2810, #4432, #5017, #5520, #548, #6641, #1677, #3660, #5868, #3114, #5319, #2574, #2035, #5156, #5741, #6177, #6714, #1755 ),
 .UNSPECIFIED., .F., .F.,
 ( 4, 2, 2, 2, 2, 2, 2, 2, 4 ),
 ( 0.000000000000000000, 0.0001297744646122137274, 0.0002595489292244274548, 0.0005190978584488557769, 0.001038195716897711987, 0.001557293575346567873, 0.001816842504570996032, 0.001946616969183210220, 0.002076391433795424842 ),
 .UNSPECIFIED. ) ;
#1941 = DIRECTION ( 'NONE',  ( -0.9619363854055806851, -0.000000000000000000, 0.2732734718790796880 ) ) ;
#1942 = VERTEX_POINT ( 'NONE', #6161 ) ;
#1943 = LINE ( 'NONE', #852, #4532 ) ;
#1944 = ORIENTED_EDGE ( 'NONE', *, *, #5238, .F. ) ;
#1945 = CARTESIAN_POINT ( 'NONE',  ( -5.095752233843723986E-17, 9.500000000000000000, 11.68192517863507618 ) ) ;
#1946 = CARTESIAN_POINT ( 'NONE',  ( 9.932905682471186992, 2.371852820628066461, -1.156453502364701569 ) ) ;
#1947 = PLANE ( 'NONE',  #5579 ) ;
#1948 = CARTESIAN_POINT ( 'NONE',  ( 4.470479223992320783, 10.00000000000000000, -10.79269157286916858 ) ) ;
#1949 = EDGE_LOOP ( 'NONE', ( #5455, #6658, #2956, #6367 ) ) ;
#1950 = DIRECTION ( 'NONE',  ( 0.9249892435672766311, 0.000000000000000000, -0.3799932884734116278 ) ) ;
#1951 = ORIENTED_EDGE ( 'NONE', *, *, #5459, .F. ) ;
#1952 = CARTESIAN_POINT ( 'NONE',  ( -4.062095968912619703, 1.779849606445680799, 9.138655792788027199 ) ) ;
#1953 = VERTEX_POINT ( 'NONE', #6696 ) ;
#1954 = CARTESIAN_POINT ( 'NONE',  ( 9.579266317303774869, 2.409665417632331330, -2.873880065552944618 ) ) ;
#1955 = CARTESIAN_POINT ( 'NONE',  ( -4.594978287206035183, 2.500000000000000444, 8.796570338259719790 ) ) ;
#1956 = DIRECTION ( 'NONE',  ( 0.000000000000000000, 1.000000000000000000, 0.000000000000000000 ) ) ;
#1957 = CARTESIAN_POINT ( 'NONE',  ( 4.470479223992320783, 2.500000000000000444, -10.79269157286916858 ) ) ;
#1958 = VECTOR ( 'NONE', #5508, 1000.000000000000000 ) ;
#1959 = ORIENTED_EDGE ( 'NONE', *, *, #3648, .T. ) ;
#1960 = ORIENTED_EDGE ( 'NONE', *, *, #45, .F. ) ;
#1961 = EDGE_CURVE ( 'NONE', #1319, #2506, #3930, .T. ) ;
#1962 = TOROIDAL_SURFACE ( 'NONE', #3120, 9.500000000000000000, 0.5000000000000000000 ) ;
#1963 = CARTESIAN_POINT ( 'NONE',  ( -0.4485839205770404958, 2.024215165943707095, 9.990691563217437121 ) ) ;
#1964 = EDGE_CURVE ( 'NONE', #2430, #6227, #3479, .T. ) ;
#1965 = CARTESIAN_POINT ( 'NONE',  ( -1.156453502364804375, 9.500000000000000000, -9.932905682471176334 ) ) ;
#1966 = DIRECTION ( 'NONE',  ( 0.000000000000000000, 0.000000000000000000, 1.000000000000000000 ) ) ;
#1967 = CARTESIAN_POINT ( 'NONE',  ( 6.368549229222884911, 9.500000000000000000, 7.611508121969668750 ) ) ;
#1968 = TOROIDAL_SURFACE ( 'NONE', #7167, 1.500000000000000000, 0.5000000000000000000 ) ;
#1969 = CARTESIAN_POINT ( 'NONE',  ( -4.869582161062613324, 9.500000000000000000, 8.734252662744578899 ) ) ;
#1970 = EDGE_CURVE ( 'NONE', #4844, #6227, #6801, .T. ) ;
#1971 = ORIENTED_EDGE ( 'NONE', *, *, #629, .F. ) ;
#1972 = CARTESIAN_POINT ( 'NONE',  ( -2.732734718790876371, 2.372020242595189732, -9.619363854055785978 ) ) ;
#1973 = AXIS2_PLACEMENT_3D ( 'NONE', #5367, #355, #3090 ) ;
#1974 = CARTESIAN_POINT ( 'NONE',  ( 3.399310659689277703, 2.164537838121693092, 9.255370840007552502 ) ) ;
#1975 = CARTESIAN_POINT ( 'NONE',  ( 2.970974231079632766, 2.500000000000000444, -9.469254843656200293 ) ) ;
#1976 = CARTESIAN_POINT ( 'NONE',  ( 9.980840368339196189, 1.867418461490394810, 0.6290186756684129632 ) ) ;
#1977 = ORIENTED_EDGE ( 'NONE', *, *, #2065, .T. ) ;
#1978 =( BOUNDED_SURFACE ( )  B_SPLINE_SURFACE ( 3, 2, ( 
 ( #4945, #2197, #2270 ),
 ( #3356, #4440, #5567 ),
 ( #2160, #599, #3400 ),
 ( #6613, #5605, #4471 ),
 ( #7157, #2740, #6681 ),
 ( #6572, #3288, #1685 ),
 ( #1719, #632, #3932 ),
 ( #2776, #4403, #1654 ),
 ( #2850, #3896, #6039 ),
 ( #1142, #1074, #84 ),
 ( #4365, #6145, #3971 ),
 ( #1035, #2708, #1108 ),
 ( #2302, #18, #3864 ),
 ( #6072, #1614, #3318 ),
 ( #5526, #2818, #554 ),
 ( #4984, #2236, #6648 ),
 ( #4506, #3249, #5023 ),
 ( #51, #1186, #486 ) ),
 .UNSPECIFIED., .F., .F., .F. ) 
 B_SPLINE_SURFACE_WITH_KNOTS ( ( 4, 2, 2, 2, 2, 2, 2, 2, 4 ),
 ( 3, 3 ),
 ( 2.710505431213761085E-20, 0.0003645422052340796027, 0.0007290844104681592054, 0.001093626615702238862, 0.001458168820936318411, 0.001822711026170398176, 0.002187253231404477725, 0.002551795436638557273, 0.002916337641872636822 ),
 ( 0.000000000000000000, 1.000000000000000000 ),
 .UNSPECIFIED. ) 
 GEOMETRIC_REPRESENTATION_ITEM ( )  RATIONAL_B_SPLINE_SURFACE ( (
 ( 1.000000000000000000, 0.9595359398070238965, 1.000000000000000000),
 ( 1.000000000000000000, 0.9595833763010227502, 1.000000000000000000),
 ( 1.000000000000000000, 0.9570685609626671253, 1.000000000000000000),
 ( 1.000000000000000000, 0.9488880332095436243, 1.000000000000000000),
 ( 1.000000000000000000, 0.9432547151588346335, 1.000000000000000000),
 ( 1.000000000000000000, 0.9321826025349491118, 1.000000000000000000),
 ( 1.000000000000000000, 0.9268523530654754206, 1.000000000000000000),
 ( 1.000000000000000000, 0.9192073681285292119, 1.000000000000000000),
 ( 1.000000000000000000, 0.9170514797511299943, 1.000000000000000000),
 ( 1.000000000000000000, 0.9170288608893379934, 1.000000000000000000),
 ( 1.000000000000000000, 0.9192260099103900517, 1.000000000000000000),
 ( 1.000000000000000000, 0.9267996068665848020, 1.000000000000000000),
 ( 1.000000000000000000, 0.9321812854749952360, 1.000000000000000000),
 ( 1.000000000000000000, 0.9432160661325562634, 1.000000000000000000),
 ( 1.000000000000000000, 0.9488445939139520391, 1.000000000000000000),
 ( 1.000000000000000000, 0.9570263305979520574, 1.000000000000000000),
 ( 1.000000000000000000, 0.9595878455022726072, 1.000000000000000000),
 ( 1.000000000000000000, 0.9595359398070242296, 1.000000000000000000) ) ) 
 REPRESENTATION_ITEM ( '' )  SURFACE ( )  );
#1979 = DIRECTION ( 'NONE',  ( -0.6472324890273779552, 0.000000000000000000, 0.7622926637108775605 ) ) ;
#1980 = VERTEX_POINT ( 'NONE', #5583 ) ;
#1981 = FACE_BOUND ( 'NONE', #2080, .T. ) ;
#1982 = ADVANCED_FACE ( 'NONE', ( #6768 ), #4737, .T. ) ;
#1983 = CARTESIAN_POINT ( 'NONE',  ( 9.938914434172957613, 2.248135892564180782, 1.106420474829685530 ) ) ;
#1984 = CARTESIAN_POINT ( 'NONE',  ( 7.841361078610770363, 2.500000000000000444, 6.205888851312770349 ) ) ;
#1985 = AXIS2_PLACEMENT_3D ( 'NONE', #2448, #4177, #695 ) ;
#1986 = CARTESIAN_POINT ( 'NONE',  ( -6.448641078955059669, 1.975531022569853468, -7.643810160369056028 ) ) ;
#1987 = ORIENTED_EDGE ( 'NONE', *, *, #5731, .T. ) ;
#1988 = DIRECTION ( 'NONE',  ( 0.000000000000000000, 0.000000000000000000, 1.000000000000000000 ) ) ;
#1989 = ORIENTED_EDGE ( 'NONE', *, *, #6219, .T. ) ;
#1990 = DIRECTION ( 'NONE',  ( 0.5249775667251623812, 0.000000000000000000, 0.8511160640214281425 ) ) ;
#1991 = ORIENTED_EDGE ( 'NONE', *, *, #7142, .F. ) ;
#1992 = CIRCLE ( 'NONE', #3833, 0.5000000000000004441 ) ;
#1993 = CIRCLE ( 'NONE', #2213, 2.000000000000000000 ) ;
#1994 = CARTESIAN_POINT ( 'NONE',  ( 9.130609167219391864, 2.134257748930223020, -3.672401390134496957 ) ) ;
#1995 = CARTESIAN_POINT ( 'NONE',  ( 4.869582161062683490, 2.372020242595190176, -8.734252662744545148 ) ) ;
#1996 = CARTESIAN_POINT ( 'NONE',  ( -4.626103053009482657, 2.500000000000000444, 8.797540029607349155 ) ) ;
#1997 = AXIS2_PLACEMENT_3D ( 'NONE', #5210, #7174, #1303 ) ;
#1998 = CIRCLE ( 'NONE', #6728, 0.5000000000000003331 ) ;
#1999 = ORIENTED_EDGE ( 'NONE', *, *, #7002, .T. ) ;
#2000 = ORIENTED_EDGE ( 'NONE', *, *, #6472, .T. ) ;
#2001 = VECTOR ( 'NONE', #1830, 1000.000000000000000 ) ;
#2002 = AXIS2_PLACEMENT_3D ( 'NONE', #2450, #2411, #740 ) ;
#2003 = CARTESIAN_POINT ( 'NONE',  ( -6.411709747915550039, 2.343452233630471948, 7.561418751232916513 ) ) ;
#2004 = CYLINDRICAL_SURFACE ( 'NONE', #5816, 0.5000000000000004441 ) ;
#2005 = ADVANCED_FACE ( 'NONE', ( #4053 ), #566, .T. ) ;
#2006 = DIRECTION ( 'NONE',  ( -1.000000000000000000, 0.000000000000000000, 0.000000000000000000 ) ) ;
#2007 = CARTESIAN_POINT ( 'NONE',  ( -9.964867834866849350, 1.975531022569853468, -0.8451121621323159916 ) ) ;
#2008 = VECTOR ( 'NONE', #4069, 1000.000000000000000 ) ;
#2009 = DIRECTION ( 'NONE',  ( 0.000000000000000000, 0.000000000000000000, 1.000000000000000000 ) ) ;
#2010 = ORIENTED_EDGE ( 'NONE', *, *, #5986, .F. ) ;
#2011 = ADVANCED_FACE ( 'NONE', ( #5141 ), #168, .T. ) ;
#2012 = VECTOR ( 'NONE', #3415, 999.9999999999998863 ) ;
#2013 = CARTESIAN_POINT ( 'NONE',  ( -4.503642731090760520, 2.316975099724266851, -8.826649349485922613 ) ) ;
#2014 = CARTESIAN_POINT ( 'NONE',  ( 3.408834636278082808, 2.024215165943759054, 9.401861085319831446 ) ) ;
#2015 = EDGE_CURVE ( 'NONE', #225, #5633, #2431, .T. ) ;
#2016 = CARTESIAN_POINT ( 'NONE',  ( -0.4397714266284716289, 8.000000000000000000, 2.776607510986326410 ) ) ;
#2017 = CARTESIAN_POINT ( 'NONE',  ( 0.000000000000000000, 10.00000000000000000, 0.000000000000000000 ) ) ;
#2018 = EDGE_CURVE ( 'NONE', #3285, #2037, #1274, .T. ) ;
#2019 = EDGE_LOOP ( 'NONE', ( #6020, #3031, #1586, #6541 ) ) ;
#2020 = SURFACE_SIDE_STYLE ('',( #6972 ) ) ;
#2021 = VERTEX_POINT ( 'NONE', #6271 ) ;
#2022 = CARTESIAN_POINT ( 'NONE',  ( -4.035844149635433808, 1.992695579455318944, -9.150139654457287719 ) ) ;
#2023 = CARTESIAN_POINT ( 'NONE',  ( 9.138395661353003518, 2.500000000000000000, -2.596097982851298891 ) ) ;
#2024 = CARTESIAN_POINT ( 'NONE',  ( -9.037590233239498616, 1.827040335878406863, -4.282192586373919418 ) ) ;
#2025 = EDGE_CURVE ( 'NONE', #595, #300, #5667, .T. ) ;
#2026 = CARTESIAN_POINT ( 'NONE',  ( -7.841361078610860957, 10.00000000000000000, 6.205888851312659327 ) ) ;
#2027 =( BOUNDED_SURFACE ( )  B_SPLINE_SURFACE ( 3, 2, ( 
 ( #1410, #3187, #5317 ),
 ( #342, #5390, #2573 ),
 ( #6440, #4770, #2033 ),
 ( #1373, #3046, #418 ),
 ( #1479, #4729, #4152 ),
 ( #6945, #3659, #2608 ),
 ( #3582, #6986, #3624 ),
 ( #5867, #6370, #4697 ),
 ( #5283, #4226, #933 ),
 ( #1994, #2643, #3691 ),
 ( #4841, #5835, #5252 ),
 ( #5900, #4194, #898 ),
 ( #5795, #7056, #4119 ),
 ( #3151, #5358, #383 ),
 ( #4805, #6337, #2501 ),
 ( #7018, #4260, #6909 ),
 ( #6473, #1954, #1511 ),
 ( #3731, #5939, #558 ) ),
 .UNSPECIFIED., .F., .F., .F. ) 
 B_SPLINE_SURFACE_WITH_KNOTS ( ( 4, 2, 2, 2, 2, 2, 2, 2, 4 ),
 ( 3, 3 ),
 ( -4.607859233063393845E-19, 0.0003645422052340786269, 0.0007290844104681576876, 0.001093626615702236694, 0.001458168820936315809, 0.001822711026170394707, 0.002187253231404473822, 0.002551795436638552936, 0.002916337641872632051 ),
 ( 0.000000000000000000, 1.000000000000000000 ),
 .UNSPECIFIED. ) 
 GEOMETRIC_REPRESENTATION_ITEM ( )  RATIONAL_B_SPLINE_SURFACE ( (
 ( 1.000000000000000000, 0.9595359398070242296, 1.000000000000000000),
 ( 1.000000000000000000, 0.9595833763010225281, 1.000000000000000000),
 ( 1.000000000000000000, 0.9570685609626673473, 1.000000000000000000),
 ( 1.000000000000000000, 0.9488880332095438463, 1.000000000000000000),
 ( 1.000000000000000000, 0.9432547151588478451, 1.000000000000000000),
 ( 1.000000000000000000, 0.9321826025349363443, 1.000000000000000000),
 ( 1.000000000000000000, 0.9268523530654423359, 1.000000000000000000),
 ( 1.000000000000000000, 0.9192073681285640729, 1.000000000000000000),
 ( 1.000000000000000000, 0.9170514797511036820, 1.000000000000000000),
 ( 1.000000000000000000, 0.9170288608893654159, 1.000000000000000000),
 ( 1.000000000000000000, 0.9192260099103499726, 1.000000000000000000),
 ( 1.000000000000000000, 0.9267996068666257692, 1.000000000000000000),
 ( 1.000000000000000000, 0.9321812854750226585, 1.000000000000000000),
 ( 1.000000000000000000, 0.9432160661325295070, 1.000000000000000000),
 ( 1.000000000000000000, 0.9488445939139658059, 1.000000000000000000),
 ( 1.000000000000000000, 0.9570263305979385127, 1.000000000000000000),
 ( 1.000000000000000000, 0.9595878455022835984, 1.000000000000000000),
 ( 1.000000000000000000, 0.9595359398070245627, 1.000000000000000000) ) ) 
 REPRESENTATION_ITEM ( '' )  SURFACE ( )  );
#2028 = CYLINDRICAL_SURFACE ( 'NONE', #2209, 2.000000000000000000 ) ;
#2029 = VERTEX_POINT ( 'NONE', #5617 ) ;
#2030 = CARTESIAN_POINT ( 'NONE',  ( -4.706451233693548453, 2.321832774718708858, 8.824555314844543474 ) ) ;
#2031 = VERTEX_POINT ( 'NONE', #2863 ) ;
#2032 = DIRECTION ( 'NONE',  ( 0.000000000000000000, 1.000000000000000000, -0.000000000000000000 ) ) ;
#2033 = CARTESIAN_POINT ( 'NONE',  ( 8.756818408900315376, 2.257089604130862348, -4.829485086827437712 ) ) ;
#2034 = B_SPLINE_CURVE_WITH_KNOTS ( 'NONE', 3,
 ( #6580, #1043, #5846, #3296, #564, #525, #5499, #3127, #4952, #1661, #5331, #6995, #1116, #356, #4339, #3258, #3873, #6623 ),
 .UNSPECIFIED., .F., .F.,
 ( 4, 2, 2, 2, 2, 2, 2, 2, 4 ),
 ( 0.000000000000000000, 0.0001297744646122149742, 0.0002595489292244299484, 0.0005190978584488597884, 0.001038195716897715240, 0.001557293575346569174, 0.001816842504570997116, 0.001946616969183211088, 0.002076391433795425276 ),
 .UNSPECIFIED. ) ;
#2035 = CARTESIAN_POINT ( 'NONE',  ( 0.6735851868180601221, 2.242561475665996618, 9.870000050362085275 ) ) ;
#2036 = DIRECTION ( 'NONE',  ( 0.000000000000000000, 0.000000000000000000, 1.000000000000000000 ) ) ;
#2037 = VERTEX_POINT ( 'NONE', #6662 ) ;
#2038 = CARTESIAN_POINT ( 'NONE',  ( 2.504813822048898242, 8.000000000000000000, -1.276266388579323952 ) ) ;
#2039 = ORIENTED_EDGE ( 'NONE', *, *, #2025, .F. ) ;
#2040 = ORIENTED_EDGE ( 'NONE', *, *, #1609, .F. ) ;
#2041 = CARTESIAN_POINT ( 'NONE',  ( -7.031412306681095181, 2.134320569921053234, -6.885828264191662385 ) ) ;
#2042 = CARTESIAN_POINT ( 'NONE',  ( 9.619363854055794860, 9.500000000000000000, -2.732734718790841733 ) ) ;
#2043 = CARTESIAN_POINT ( 'NONE',  ( -9.932905682471179887, 2.500000000000000444, 1.156453502364769514 ) ) ;
#2044 = CARTESIAN_POINT ( 'NONE',  ( 7.449293024680234687, 10.00000000000000000, 5.895594408747129478 ) ) ;
#2045 = EDGE_LOOP ( 'NONE', ( #4863, #5491, #1042, #4703 ) ) ;
#2046 = DIRECTION ( 'NONE',  ( 0.1156453502364798158, 0.000000000000000000, -0.9932905682471177000 ) ) ;
#2047 = CARTESIAN_POINT ( 'NONE',  ( 4.238971915910895838, 2.024441704241394024, 9.057951044156970610 ) ) ;
#2048 = DIRECTION ( 'NONE',  ( 0.06224953160689433024, 0.000000000000000000, 0.9980606173047418261 ) ) ;
#2049 = CARTESIAN_POINT ( 'NONE',  ( 6.837592653503865137, 2.134291405717180456, -7.079631448005769379 ) ) ;
#2050 = ORIENTED_EDGE ( 'NONE', *, *, #3992, .F. ) ;
#2051 = CARTESIAN_POINT ( 'NONE',  ( -7.079631448005796024, 2.134291405717181345, -6.837592653503839379 ) ) ;
#2052 = ORIENTED_EDGE ( 'NONE', *, *, #4170, .F. ) ;
#2053 = EDGE_CURVE ( 'NONE', #6835, #2251, #2552, .T. ) ;
#2054 = LINE ( 'NONE', #5856, #2058 ) ;
#2055 = ADVANCED_FACE ( 'NONE', ( #98 ), #5000, .T. ) ;
#2056 = DIRECTION ( 'NONE',  ( -0.07555769727474784259, 0.000000000000000000, 0.9971414314842893534 ) ) ;
#2057 = CIRCLE ( 'NONE', #6336, 0.5000000000000000000 ) ;
#2058 = VECTOR ( 'NONE', #4829, 1000.000000000000000 ) ;
#2059 = ADVANCED_FACE ( 'NONE', ( #4521 ), #4451, .T. ) ;
#2060 = DIRECTION ( 'NONE',  ( 0.000000000000000000, 0.000000000000000000, -1.000000000000000000 ) ) ;
#2061 = DIRECTION ( 'NONE',  ( -0.000000000000000000, -1.000000000000000000, -0.000000000000000000 ) ) ;
#2062 = ORIENTED_EDGE ( 'NONE', *, *, #503, .F. ) ;
#2063 = CARTESIAN_POINT ( 'NONE',  ( -8.833441982342632670, 2.051666420109249600, 4.687911366387740308 ) ) ;
#2064 = ORIENTED_EDGE ( 'NONE', *, *, #4090, .T. ) ;
#2065 = EDGE_CURVE ( 'NONE', #2512, #3737, #2315, .T. ) ;
#2066 = CARTESIAN_POINT ( 'NONE',  ( 3.924093166778549246, 2.134291405717182677, 9.026369566624458329 ) ) ;
#2067 = CARTESIAN_POINT ( 'NONE',  ( 9.455131112420836814, 2.378544800988994901, 2.999062447596782199 ) ) ;
#2068 = ORIENTED_EDGE ( 'NONE', *, *, #1889, .T. ) ;
#2069 = CARTESIAN_POINT ( 'NONE',  ( 7.393314632472610448, 2.212746796842760322, 6.556373006456640340 ) ) ;
#2070 = ORIENTED_EDGE ( 'NONE', *, *, #6248, .T. ) ;
#2071 = ORIENTED_EDGE ( 'NONE', *, *, #3747, .T. ) ;
#2072 = CARTESIAN_POINT ( 'NONE',  ( -6.682430624000237351, 2.164537838121649127, -7.249987813959714700 ) ) ;
#2073 = CARTESIAN_POINT ( 'NONE',  ( -6.242081368317809797, 2.257089604130862348, 7.812951749604227558 ) ) ;
#2074 = CARTESIAN_POINT ( 'NONE',  ( 2.168404344971008868E-16, 8.000000000000000000, -3.149999999999999911 ) ) ;
#2075 = DIRECTION ( 'NONE',  ( -0.7841361078610925572, -0.000000000000000000, 0.6205888851312576504 ) ) ;
#2076 = AXIS2_PLACEMENT_3D ( 'NONE', #5608, #6685, #637 ) ;
#2077 = CARTESIAN_POINT ( 'NONE',  ( 6.508004840427718207, 2.241156341101768312, -7.449240532993957054 ) ) ;
#2078 = CIRCLE ( 'NONE', #5784, 0.4999999999999998890 ) ;
#2079 = CARTESIAN_POINT ( 'NONE',  ( 7.536785282756113702, 2.314916786199594512, -6.432881416101436933 ) ) ;
#2080 = EDGE_LOOP ( 'NONE', ( #7128, #4158 ) ) ;
#2081 = CARTESIAN_POINT ( 'NONE',  ( -6.720854740644905512, 2.147145517465060660, -7.206383511017103949 ) ) ;
#2082 = ORIENTED_EDGE ( 'NONE', *, *, #1559, .T. ) ;
#2083 = CARTESIAN_POINT ( 'NONE',  ( -4.594978232284091746, 2.438513403071546737, -8.796570334834242999 ) ) ;
#2084 = AXIS2_PLACEMENT_3D ( 'NONE', #2478, #3703, #6994 ) ;
#2085 = CARTESIAN_POINT ( 'NONE',  ( 7.587710600652748383, 2.378544800989005559, 6.389094439621009869 ) ) ;
#2086 = CARTESIAN_POINT ( 'NONE',  ( -1.554148821017840465, 0.000000000000000000, 1.830433831214381968 ) ) ;
#2087 = DIRECTION ( 'NONE',  ( 0.9459096409518773507, -3.844579995475198614E-15, 0.3244301945785728059 ) ) ;
#2088 = ADVANCED_FACE ( 'NONE', ( #6373 ), #6912, .T. ) ;
#2089 = VECTOR ( 'NONE', #5134, 1000.000000000000000 ) ;
#2090 = DIRECTION ( 'NONE',  ( 0.000000000000000000, -0.000000000000000000, 1.000000000000000000 ) ) ;
#2091 = ORIENTED_EDGE ( 'NONE', *, *, #1867, .F. ) ;
#2092 = CARTESIAN_POINT ( 'NONE',  ( -4.470479223992169793, 10.00000000000000000, -8.292691572869230754 ) ) ;
#2093 = ORIENTED_EDGE ( 'NONE', *, *, #3289, .F. ) ;
#2094 = DIRECTION ( 'NONE',  ( 0.000000000000000000, 1.000000000000000000, 0.000000000000000000 ) ) ;
#2095 = ADVANCED_FACE ( 'NONE', ( #309 ), #105, .F. ) ;
#2096 = CONICAL_SURFACE ( 'NONE', #1284, 3.499999999999972022, 0.7853981633974537191 ) ;
#2097 = CARTESIAN_POINT ( 'NONE',  ( 0.000000000000000000, -4.000000000000000000, 0.000000000000000000 ) ) ;
#2098 = DIRECTION ( 'NONE',  ( -0.9716864685947451674, 0.000000000000000000, -0.2362740077746034173 ) ) ;
#2099 = EDGE_LOOP ( 'NONE', ( #821, #5234, #2093, #2451 ) ) ;
#2100 = EDGE_CURVE ( 'NONE', #6069, #4876, #3628, .T. ) ;
#2101 = CARTESIAN_POINT ( 'NONE',  ( 0.5057205400017287245, 1.829075679051477277, -9.987987790097394125 ) ) ;
#2102 = ORIENTED_EDGE ( 'NONE', *, *, #5546, .T. ) ;
#2103 = AXIS2_PLACEMENT_3D ( 'NONE', #193, #5024, #6827 ) ;
#2104 = TOROIDAL_SURFACE ( 'NONE', #4869, 9.500000000000000000, 0.5000000000000000000 ) ;
#2105 = EDGE_CURVE ( 'NONE', #5257, #1953, #5469, .T. ) ;
#2106 = ORIENTED_EDGE ( 'NONE', *, *, #4218, .F. ) ;
#2107 = CIRCLE ( 'NONE', #3375, 0.5000000000000004441 ) ;
#2108 = VECTOR ( 'NONE', #303, 1000.000000000000000 ) ;
#2109 = CARTESIAN_POINT ( 'NONE',  ( -6.508004840427696003, 2.241156341101758542, 7.449240532993962383 ) ) ;
#2110 = CARTESIAN_POINT ( 'NONE',  ( -2.776607510986325966, 8.000000000000000000, 0.4397714266284747930 ) ) ;
#2111 = EDGE_CURVE ( 'NONE', #2251, #6142, #204, .T. ) ;
#2112 = CIRCLE ( 'NONE', #1184, 9.500000000000000000 ) ;
#2113 = ORIENTED_EDGE ( 'NONE', *, *, #5994, .T. ) ;
#2114 = CARTESIAN_POINT ( 'NONE',  ( -8.297540029607333167, 9.500000000000000000, -4.626103053009511967 ) ) ;
#2115 = CARTESIAN_POINT ( 'NONE',  ( 9.191263844005472805, 1.768517871363070038, 3.941618638437791589 ) ) ;
#2116 = AXIS2_PLACEMENT_3D ( 'NONE', #3682, #5891, #923 ) ;
#2117 = VECTOR ( 'NONE', #3465, 1000.000000000000000 ) ;
#2118 = CARTESIAN_POINT ( 'NONE',  ( 6.320945513048101816, 2.410376625841593512, -7.750301776587024349 ) ) ;
#2119 = CARTESIAN_POINT ( 'NONE',  ( 7.611508121969646545, 2.500000000000000444, -6.368549229222910668 ) ) ;
#2120 = ORIENTED_EDGE ( 'NONE', *, *, #931, .F. ) ;
#2121 = ORIENTED_EDGE ( 'NONE', *, *, #1075, .T. ) ;
#2122 = CIRCLE ( 'NONE', #4895, 0.5000000000000004441 ) ;
#2123 = CARTESIAN_POINT ( 'NONE',  ( -3.710106042531169823, 1.768515498480388137, -9.287160042897189882 ) ) ;
#2124 = CARTESIAN_POINT ( 'NONE',  ( -0.4397714266284739049, 8.000000000000000000, -2.776607510986325522 ) ) ;
#2125 = DIRECTION ( 'NONE',  ( -0.8511160640214275874, 0.000000000000000000, -0.5249775667251631583 ) ) ;
#2126 = CARTESIAN_POINT ( 'NONE',  ( 0.4397714266284717399, 0.000000000000000000, -2.776607510986325522 ) ) ;
#2127 = CARTESIAN_POINT ( 'NONE',  ( 9.469254843656251808, 10.00001200000000168, -2.970974231079465344 ) ) ;
#2128 = VERTEX_POINT ( 'NONE', #1924 ) ;
#2129 = DIRECTION ( 'NONE',  ( -0.000000000000000000, -1.000000000000000000, -0.000000000000000000 ) ) ;
#2130 = EDGE_LOOP ( 'NONE', ( #1903, #188, #2529, #3753 ) ) ;
#2131 = CARTESIAN_POINT ( 'NONE',  ( 7.449293024680357256, 10.00000000000000000, -5.895594408746973158 ) ) ;
#2132 = CARTESIAN_POINT ( 'NONE',  ( -9.972609810340800962, 2.127032157860301531, -0.7528369329705939528 ) ) ;
#2133 = DIRECTION ( 'NONE',  ( -0.000000000000000000, -1.000000000000000000, -0.000000000000000000 ) ) ;
#2134 = DIRECTION ( 'NONE',  ( 0.000000000000000000, 1.000000000000000000, 0.000000000000000000 ) ) ;
#2135 = ORIENTED_EDGE ( 'NONE', *, *, #3507, .T. ) ;
#2136 = CARTESIAN_POINT ( 'NONE',  ( -0.4499715962274657977, 2.024441704241390028, -9.990639898665866880 ) ) ;
#2137 = ORIENTED_EDGE ( 'NONE', *, *, #4558, .T. ) ;
#2138 = ORIENTED_EDGE ( 'NONE', *, *, #3741, .T. ) ;
#2139 = EDGE_CURVE ( 'NONE', #1125, #4180, #572, .T. ) ;
#2140 = EDGE_CURVE ( 'NONE', #2729, #4461, #2428, .T. ) ;
#2141 = CARTESIAN_POINT ( 'NONE',  ( -6.815466159439678151, 2.139924804626935462, -7.105199791446544566 ) ) ;
#2142 = DIRECTION ( 'NONE',  ( -0.9971414314842892423, 0.000000000000000000, -0.07555769727474857811 ) ) ;
#2143 = CARTESIAN_POINT ( 'NONE',  ( -9.138852710299548932, 1.779716818039817960, 4.061684449357174209 ) ) ;
#2144 = CARTESIAN_POINT ( 'NONE',  ( 0.1814307967061945526, 8.000000000000000000, 2.394357833393303547 ) ) ;
#2145 = EDGE_CURVE ( 'NONE', #3276, #620, #5093, .T. ) ;
#2146 = DIRECTION ( 'NONE',  ( 0.000000000000000000, -1.000000000000000000, 0.000000000000000000 ) ) ;
#2147 = EDGE_CURVE ( 'NONE', #6190, #6480, #6136, .T. ) ;
#2148 = CARTESIAN_POINT ( 'NONE',  ( 2.732734718791013595, 10.00000000000000000, -9.619363854055745122 ) ) ;
#2149 = CARTESIAN_POINT ( 'NONE',  ( 6.746271253705815596, 2.024441704241340734, -7.382627187773224797 ) ) ;
#2150 = DIRECTION ( 'NONE',  ( -0.9932905682471162567, 0.000000000000000000, -0.1156453502364917924 ) ) ;
#2151 = ORIENTED_EDGE ( 'NONE', *, *, #5276, .T. ) ;
#2152 = CARTESIAN_POINT ( 'NONE',  ( 6.205888851312742815, 2.500000000000000444, -7.841361078610791679 ) ) ;
#2153 = DIRECTION ( 'NONE',  ( 0.000000000000000000, 0.000000000000000000, 1.000000000000000000 ) ) ;
#2154 = DIRECTION ( 'NONE',  ( 0.000000000000000000, 1.000000000000000000, 0.000000000000000000 ) ) ;
#2155 = LINE ( 'NONE', #7011, #6701 ) ;
#2156 = FACE_BOUND ( 'NONE', #228, .T. ) ;
#2157 = ORIENTED_EDGE ( 'NONE', *, *, #951, .F. ) ;
#2158 = PLANE ( 'NONE',  #3155 ) ;
#2159 = VERTEX_POINT ( 'NONE', #5287 ) ;
#2160 = CARTESIAN_POINT ( 'NONE',  ( 2.999062447596785752, 2.378544800989024210, -9.455131112420797734 ) ) ;
#2161 = CARTESIAN_POINT ( 'NONE',  ( 7.841361078610770363, 2.500000000000000444, 6.205888851312770349 ) ) ;
#2162 = AXIS2_PLACEMENT_3D ( 'NONE', #4793, #4182, #2629 ) ;
#2163 = DIRECTION ( 'NONE',  ( 0.000000000000000000, -1.000000000000000000, 0.000000000000000000 ) ) ;
#2164 = DIRECTION ( 'NONE',  ( 0.000000000000000000, -1.000000000000000000, 0.000000000000000000 ) ) ;
#2165 = ORIENTED_EDGE ( 'NONE', *, *, #3516, .F. ) ;
#2166 = CARTESIAN_POINT ( 'NONE',  ( 0.8419640990702963457, 2.181049877636649370, -9.965382407647524587 ) ) ;
#2167 = ORIENTED_EDGE ( 'NONE', *, *, #4123, .F. ) ;
#2168 = CARTESIAN_POINT ( 'NONE',  ( -1.098630827246566799, 10.00000000000000000, 9.436260398347616984 ) ) ;
#2169 = ORIENTED_EDGE ( 'NONE', *, *, #4797, .F. ) ;
#2170 = CARTESIAN_POINT ( 'NONE',  ( -1.156453458963273118, 2.376055744299624184, 9.932905687524263172 ) ) ;
#2171 = CARTESIAN_POINT ( 'NONE',  ( -7.160420963994996058, 1.768515498480388137, 6.981733318280886280 ) ) ;
#2172 = DIRECTION ( 'NONE',  ( 1.000000000000000000, 0.000000000000000000, 0.000000000000000000 ) ) ;
#2173 = CARTESIAN_POINT ( 'NONE',  ( 8.734252662744632190, 10.00000000000000000, -4.869582161062522729 ) ) ;
#2174 = ADVANCED_FACE ( 'NONE', ( #6411 ), #345, .T. ) ;
#2175 = DIRECTION ( 'NONE',  ( 0.000000000000000000, 0.000000000000000000, 1.000000000000000000 ) ) ;
#2176 = ADVANCED_FACE ( 'NONE', ( #902 ), #1376, .T. ) ;
#2177 = FACE_OUTER_BOUND ( 'NONE', #1856, .T. ) ;
#2178 = CARTESIAN_POINT ( 'NONE',  ( 9.138395661352950228, 9.500000000000000000, 2.596097982851489405 ) ) ;
#2179 = CARTESIAN_POINT ( 'NONE',  ( 6.368549247076002118, 2.438513403071495667, -7.611508069917393371 ) ) ;
#2180 = ORIENTED_EDGE ( 'NONE', *, *, #2145, .T. ) ;
#2181 = EDGE_CURVE ( 'NONE', #6481, #2037, #1159, .T. ) ;
#2182 = CARTESIAN_POINT ( 'NONE',  ( -4.470479223992246176, 2.500000000000000444, 10.79269157286920411 ) ) ;
#2183 = ORIENTED_EDGE ( 'NONE', *, *, #4040, .F. ) ;
#2184 = EDGE_CURVE ( 'NONE', #4917, #6152, #2534, .T. ) ;
#2185 = CARTESIAN_POINT ( 'NONE',  ( 7.247002898594072207, 1.779448407880939165, -6.891745755504253168 ) ) ;
#2186 = CARTESIAN_POINT ( 'NONE',  ( -11.68192517863507618, 9.500000000000000000, -4.083818128530453922E-14 ) ) ;
#2187 = AXIS2_PLACEMENT_3D ( 'NONE', #99, #570, #3842 ) ;
#2188 = DIRECTION ( 'NONE',  ( 0.000000000000000000, 0.000000000000000000, 1.000000000000000000 ) ) ;
#2189 = CARTESIAN_POINT ( 'NONE',  ( 8.948211102191603317, 2.164537838121663338, 4.140859864539597979 ) ) ;
#2190 = CARTESIAN_POINT ( 'NONE',  ( -9.436260398347613432, 10.00000000000000000, -1.098630827246600772 ) ) ;
#2191 = CARTESIAN_POINT ( 'NONE',  ( 9.980840721418802630, 1.867388762198086249, -0.6290766711810209522 ) ) ;
#2192 = ORIENTED_EDGE ( 'NONE', *, *, #5601, .F. ) ;
#2193 = CARTESIAN_POINT ( 'NONE',  ( 0.9124482025973557064, 8.000000000000000000, -2.221104420305846538 ) ) ;
#2194 = AXIS2_PLACEMENT_3D ( 'NONE', #6432, #890, #1472 ) ;
#2195 = ORIENTED_EDGE ( 'NONE', *, *, #5276, .F. ) ;
#2196 = ADVANCED_FACE ( 'NONE', ( #4266 ), #1504, .T. ) ;
#2197 = CARTESIAN_POINT ( 'NONE',  ( 2.873880030200347324, 2.500000000000001332, -9.579266327989067520 ) ) ;
#2198 = CARTESIAN_POINT ( 'NONE',  ( -9.980840368339201518, 1.867418461490435000, -0.6290186756683259217 ) ) ;
#2199 = DIRECTION ( 'NONE',  ( 0.000000000000000000, -1.000000000000000000, 0.000000000000000000 ) ) ;
#2200 = AXIS2_PLACEMENT_3D ( 'NONE', #678, #1268, #5688 ) ;
#2201 = CARTESIAN_POINT ( 'NONE',  ( -8.801569444818234444, 2.414533010808961766, -4.579874499418494338 ) ) ;
#2202 = CARTESIAN_POINT ( 'NONE',  ( 7.536565878395755647, 2.314666110110170205, 6.433069916092962970 ) ) ;
#2203 = ORIENTED_EDGE ( 'NONE', *, *, #1438, .T. ) ;
#2204 = CARTESIAN_POINT ( 'NONE',  ( 0.9124482025973557064, 8.000000000000000000, -2.221104420305846538 ) ) ;
#2205 = ORIENTED_EDGE ( 'NONE', *, *, #1336, .F. ) ;
#2206 = TOROIDAL_SURFACE ( 'NONE', #1396, 9.500000000000000000, 0.5000000000000000000 ) ;
#2207 = CARTESIAN_POINT ( 'NONE',  ( -1.156453502364807928, 2.500000000000000000, 9.932905682471176334 ) ) ;
#2208 = CARTESIAN_POINT ( 'NONE',  ( -7.812463274734968266, 2.255681435097510068, 6.242692900426582092 ) ) ;
#2209 = AXIS2_PLACEMENT_3D ( 'NONE', #4872, #4221, #6434 ) ;
#2210 = SPHERICAL_SURFACE ( 'NONE', #4392, 0.5000000000000000000 ) ;
#2211 = DIRECTION ( 'NONE',  ( 0.000000000000000000, -1.000000000000000000, 0.000000000000000000 ) ) ;
#2212 = CIRCLE ( 'NONE', #5685, 0.5000000000000004441 ) ;
#2213 = AXIS2_PLACEMENT_3D ( 'NONE', #6746, #1813, #5808 ) ;
#2214 = CARTESIAN_POINT ( 'NONE',  ( 4.470479223992089857, 2.500000000000000444, 10.79269157286926628 ) ) ;
#2215 = EDGE_CURVE ( 'NONE', #3653, #6835, #3470, .T. ) ;
#2216 = DIRECTION ( 'NONE',  ( 0.1156453502364772623, -4.708936575897095953E-15, 0.9932905682471180331 ) ) ;
#2217 = CARTESIAN_POINT ( 'NONE',  ( 6.980243915062821713, 1.768641139222021375, -7.161872897185547870 ) ) ;
#2218 = CIRCLE ( 'NONE', #4877, 0.5000000000000004441 ) ;
#2219 = ORIENTED_EDGE ( 'NONE', *, *, #4563, .F. ) ;
#2220 = AXIS2_PLACEMENT_3D ( 'NONE', #1443, #4908, #928 ) ;
#2221 = DIRECTION ( 'NONE',  ( 0.6472324890273780662, 0.000000000000000000, 0.7622926637108774495 ) ) ;
#2222 = EDGE_LOOP ( 'NONE', ( #5249, #6870, #3761 ) ) ;
#2223 = CARTESIAN_POINT ( 'NONE',  ( 7.643810160369078233, 1.975531022569853912, -6.448641078955030359 ) ) ;
#2224 = AXIS2_PLACEMENT_3D ( 'NONE', #7160, #5460, #4442 ) ;
#2225 = CARTESIAN_POINT ( 'NONE',  ( 6.205888885575164160, 2.376055744299667705, 7.841361051494484258 ) ) ;
#2226 = EDGE_CURVE ( 'NONE', #1766, #245, #1798, .T. ) ;
#2227 = VECTOR ( 'NONE', #2627, 999.9999999999998863 ) ;
#2228 = DIRECTION ( 'NONE',  ( 0.5249775667251631583, 0.000000000000000000, -0.8511160640214275874 ) ) ;
#2229 = CARTESIAN_POINT ( 'NONE',  ( 8.863491263196683789, 2.240934156756747786, 4.391160136452821661 ) ) ;
#2230 = CARTESIAN_POINT ( 'NONE',  ( -9.848085864831423564, 2.147342056939914201, 0.3439080960748239213 ) ) ;
#2231 = DIRECTION ( 'NONE',  ( -0.9249892435672766311, 0.000000000000000000, 0.3799932884734116278 ) ) ;
#2232 = ORIENTED_EDGE ( 'NONE', *, *, #16, .F. ) ;
#2233 = CIRCLE ( 'NONE', #4084, 0.5000000000000000000 ) ;
#2234 = FACE_OUTER_BOUND ( 'NONE', #4097, .T. ) ;
#2235 = ORIENTED_EDGE ( 'NONE', *, *, #4570, .F. ) ;
#2236 = CARTESIAN_POINT ( 'NONE',  ( 4.706451233693671021, 2.321832774718708858, -8.824555314844612752 ) ) ;
#2237 = FACE_OUTER_BOUND ( 'NONE', #3569, .T. ) ;
#2238 = EDGE_CURVE ( 'NONE', #435, #3075, #2242, .T. ) ;
#2239 = PLANE ( 'NONE',  #5815 ) ;
#2240 = ADVANCED_FACE ( 'NONE', ( #4511 ), #3935, .F. ) ;
#2241 = CARTESIAN_POINT ( 'NONE',  ( -9.230052895555523662, 2.147342056939915977, -3.450969649951367124 ) ) ;
#2242 = LINE ( 'NONE', #5611, #2089 ) ;
#2243 = ORIENTED_EDGE ( 'NONE', *, *, #2140, .F. ) ;
#2244 = ORIENTED_EDGE ( 'NONE', *, *, #4828, .T. ) ;
#2245 = CARTESIAN_POINT ( 'NONE',  ( -6.320945485302412514, 2.409665417632359752, -7.750301799340061137 ) ) ;
#2246 = CARTESIAN_POINT ( 'NONE',  ( -9.985236028452531443, 2.048945620300623549, 0.5566365330722744531 ) ) ;
#2247 = ORIENTED_EDGE ( 'NONE', *, *, #2711, .T. ) ;
#2248 = CARTESIAN_POINT ( 'NONE',  ( 0.000000000000000000, 10.00000000000000000, 0.000000000000000000 ) ) ;
#2249 = CARTESIAN_POINT ( 'NONE',  ( 0.000000000000000000, 9.500000000000000000, 0.000000000000000000 ) ) ;
#2250 =( BOUNDED_SURFACE ( )  B_SPLINE_SURFACE ( 3, 2, ( 
 ( #46, #515, #592 ),
 ( #6141, #1790, #4941 ),
 ( #4435, #6068, #3394 ),
 ( #6643, #1680, #550 ),
 ( #5084, #7153, #1180 ),
 ( #2263, #2771, #2191 ),
 ( #4398, #6606, #3892 ),
 ( #3927, #2845, #5051 ),
 ( #1648, #80, #4979 ),
 ( #2298, #6179, #1216 ),
 ( #3426, #5631, #6820 ),
 ( #1285, #291, #4073 ),
 ( #3497, #152, #1976 ),
 ( #811, #1431, #5268 ),
 ( #2953, #774, #5233 ),
 ( #2990, #4030, #6784 ),
 ( #2485, #6246, #5707 ),
 ( #737, #6929, #3064 ) ),
 .UNSPECIFIED., .F., .F., .F. ) 
 B_SPLINE_SURFACE_WITH_KNOTS ( ( 4, 2, 2, 2, 2, 2, 2, 2, 4 ),
 ( 3, 3 ),
 ( -4.607859233063393845E-19, 0.0003645422052340784643, 0.0007290844104681573623, 0.001093626615702236260, 0.001458168820936315158, 0.001822711026170394056, 0.002187253231404472954, 0.002551795436638551635, 0.002916337641872630750 ),
 ( 0.000000000000000000, 1.000000000000000000 ),
 .UNSPECIFIED. ) 
 GEOMETRIC_REPRESENTATION_ITEM ( )  RATIONAL_B_SPLINE_SURFACE ( (
 ( 1.000000000000000000, 0.9595359398070242296, 1.000000000000000000),
 ( 1.000000000000000000, 0.9595833763010062079, 1.000000000000000000),
 ( 1.000000000000000000, 0.9570685609626877755, 1.000000000000000000),
 ( 1.000000000000000000, 0.9488880332095236403, 1.000000000000000000),
 ( 1.000000000000000000, 0.9432547151588824841, 1.000000000000000000),
 ( 1.000000000000000000, 0.9321826025349019273, 1.000000000000000000),
 ( 1.000000000000000000, 0.9268523530654423359, 1.000000000000000000),
 ( 1.000000000000000000, 0.9192073681285622966, 1.000000000000000000),
 ( 1.000000000000000000, 0.9170514797510966876, 1.000000000000000000),
 ( 1.000000000000000000, 0.9170288608893719662, 1.000000000000000000),
 ( 1.000000000000000000, 0.9192260099104034854, 1.000000000000000000),
 ( 1.000000000000000000, 0.9267996068665713683, 1.000000000000000000),
 ( 1.000000000000000000, 0.9321812854749954580, 1.000000000000000000),
 ( 1.000000000000000000, 0.9432160661325564854, 1.000000000000000000),
 ( 1.000000000000000000, 0.9488445939139658059, 1.000000000000000000),
 ( 1.000000000000000000, 0.9570263305979385127, 1.000000000000000000),
 ( 1.000000000000000000, 0.9595878455022833764, 1.000000000000000000),
 ( 1.000000000000000000, 0.9595359398070243406, 1.000000000000000000) ) ) 
 REPRESENTATION_ITEM ( '' )  SURFACE ( )  );
#2251 = VERTEX_POINT ( 'NONE', #1148 ) ;
#2252 = CARTESIAN_POINT ( 'NONE',  ( 1.987831504145222361, 8.000000000000000000, -1.987831504145223693 ) ) ;
#2253 = DIRECTION ( 'NONE',  ( 0.2732734718791015593, 0.000000000000000000, -0.9619363854055744678 ) ) ;
#2254 = DIRECTION ( 'NONE',  ( -1.543988371350656449E-15, 1.000000000000000000, 4.386267836225198088E-16 ) ) ;
#2255 = CARTESIAN_POINT ( 'NONE',  ( 9.840963537470322819, 2.134291405717181345, -0.1711472729024968165 ) ) ;
#2256 = ORIENTED_EDGE ( 'NONE', *, *, #5025, .F. ) ;
#2257 = DIRECTION ( 'NONE',  ( 0.000000000000000000, 0.000000000000000000, 1.000000000000000000 ) ) ;
#2258 = VERTEX_POINT ( 'NONE', #3902 ) ;
#2259 = CARTESIAN_POINT ( 'NONE',  ( 0.000000000000000000, 9.500000000000000000, 0.000000000000000000 ) ) ;
#2260 = CARTESIAN_POINT ( 'NONE',  ( 7.382627187773252331, 2.024441704241313644, 6.746271253705788951 ) ) ;
#2261 = FACE_OUTER_BOUND ( 'NONE', #6938, .T. ) ;
#2262 = CARTESIAN_POINT ( 'NONE',  ( 8.917350853941352185, 2.183709232977798731, 4.230661462162501607 ) ) ;
#2263 = CARTESIAN_POINT ( 'NONE',  ( 9.857563765852034976, 2.183694385698118801, -0.4961482701700791753 ) ) ;
#2264 = ORIENTED_EDGE ( 'NONE', *, *, #314, .T. ) ;
#2265 = ADVANCED_FACE ( 'NONE', ( #3937 ), #4445, .T. ) ;
#2266 = DIRECTION ( 'NONE',  ( 0.8734252662744628193, 0.000000000000000000, -0.4869582161062526726 ) ) ;
#2267 = AXIS2_PLACEMENT_3D ( 'NONE', #4669, #6910, #4731 ) ;
#2268 = UNCERTAINTY_MEASURE_WITH_UNIT (LENGTH_MEASURE( 1.000000000000000082E-05 ), #4740, 'distance_accuracy_value', 'NONE');
#2269 = ORIENTED_EDGE ( 'NONE', *, *, #2441, .T. ) ;
#2270 = CARTESIAN_POINT ( 'NONE',  ( 2.732734718791010486, 2.500000000000000444, -9.619363854055746899 ) ) ;
#2271 = DIRECTION ( 'NONE',  ( 0.000000000000000000, 0.000000000000000000, 1.000000000000000000 ) ) ;
#2272 = DIRECTION ( 'NONE',  ( -0.9249892435672767421, 0.000000000000000000, 0.3799932884734115168 ) ) ;
#2273 = ADVANCED_FACE ( 'NONE', ( #562 ), #5063, .T. ) ;
#2274 = PRODUCT_DEFINITION_FORMATION_WITH_SPECIFIED_SOURCE ( 'ANY', '', #4796, .NOT_KNOWN. ) ;
#2275 = CARTESIAN_POINT ( 'NONE',  ( -7.810864416449860848, 2.249819565270344768, -6.244726359285742490 ) ) ;
#2276 = ORIENTED_EDGE ( 'NONE', *, *, #3563, .T. ) ;
#2277 = CARTESIAN_POINT ( 'NONE',  ( 9.458681375157453886, 1.863989508453880894, -3.247483976280308493 ) ) ;
#2278 = EDGE_LOOP ( 'NONE', ( #672, #6293, #1249, #1838 ) ) ;
#2279 = EDGE_CURVE ( 'NONE', #1286, #482, #5730, .T. ) ;
#2280 = FACE_OUTER_BOUND ( 'NONE', #646, .T. ) ;
#2281 = ORIENTED_EDGE ( 'NONE', *, *, #6773, .F. ) ;
#2282 = CARTESIAN_POINT ( 'NONE',  ( -9.339861078571356501, 2.212953969771218610, 3.227365271954534709 ) ) ;
#2283 = CIRCLE ( 'NONE', #5171, 0.5000000000000003331 ) ;
#2284 = CARTESIAN_POINT ( 'NONE',  ( -4.626103053009431143, 9.500000000000000000, -8.297540029607377576 ) ) ;
#2285 = DIRECTION ( 'NONE',  ( 0.000000000000000000, 0.000000000000000000, -1.000000000000000000 ) ) ;
#2286 = ORIENTED_EDGE ( 'NONE', *, *, #6472, .F. ) ;
#2287 = DIRECTION ( 'NONE',  ( -0.7622926637108773384, 0.000000000000000000, 0.6472324890273781772 ) ) ;
#2288 = DIRECTION ( 'NONE',  ( 0.000000000000000000, 1.000000000000000000, 0.000000000000000000 ) ) ;
#2289 = PLANE ( 'NONE',  #2700 ) ;
#2290 = CARTESIAN_POINT ( 'NONE',  ( 4.826544448226447237, 2.249819565270344768, 8.758463274103238660 ) ) ;
#2291 = ORIENTED_EDGE ( 'NONE', *, *, #3777, .T. ) ;
#2292 = DIRECTION ( 'NONE',  ( 0.000000000000000000, 1.000000000000000000, 0.000000000000000000 ) ) ;
#2293 = ORIENTED_EDGE ( 'NONE', *, *, #1782, .F. ) ;
#2294 = DIRECTION ( 'NONE',  ( 0.000000000000000000, -1.000000000000000000, 0.000000000000000000 ) ) ;
#2295 = CARTESIAN_POINT ( 'NONE',  ( 6.747289020922866420, 2.024215165943784811, 7.381682485265481652 ) ) ;
#2296 = DIRECTION ( 'NONE',  ( -0.000000000000000000, -1.000000000000000000, 0.000000000000000000 ) ) ;
#2297 = CARTESIAN_POINT ( 'NONE',  ( -9.568061159331195498, 2.322848788353866212, -2.911304966065355160 ) ) ;
#2298 = CARTESIAN_POINT ( 'NONE',  ( 9.840950097952873676, 2.134257748930264764, 0.1012763761843795407 ) ) ;
#2299 = ORIENTED_EDGE ( 'NONE', *, *, #5946, .F. ) ;
#2300 = DIRECTION ( 'NONE',  ( -0.9619363854055783536, 0.000000000000000000, 0.2732734718790877926 ) ) ;
#2301 = ORIENTED_EDGE ( 'NONE', *, *, #4209, .T. ) ;
#2302 = CARTESIAN_POINT ( 'NONE',  ( 4.230661462162522923, 2.183709232977746773, -8.917350853941396593 ) ) ;
#2303 = AXIS2_PLACEMENT_3D ( 'NONE', #5392, #2164, #3829 ) ;
#2304 = DIRECTION ( 'NONE',  ( 0.000000000000000000, -1.000000000000000000, 0.000000000000000000 ) ) ;
#2305 = EDGE_CURVE ( 'NONE', #225, #5886, #980, .T. ) ;
#2306 = CARTESIAN_POINT ( 'NONE',  ( 9.436260398347604550, 9.500000000000000000, 1.098630827246665609 ) ) ;
#2307 = ORIENTED_EDGE ( 'NONE', *, *, #1392, .F. ) ;
#2308 = CIRCLE ( 'NONE', #7050, 2.000000000000000000 ) ;
#2309 = CARTESIAN_POINT ( 'NONE',  ( 0.8789046617972536835, 2.500000000000000444, -9.885393354405108468 ) ) ;
#2310 = ORIENTED_EDGE ( 'NONE', *, *, #5630, .F. ) ;
#2311 = DIRECTION ( 'NONE',  ( 0.000000000000000000, 1.000000000000000000, -0.000000000000000000 ) ) ;
#2312 = VERTEX_POINT ( 'NONE', #1193 ) ;
#2313 = ADVANCED_FACE ( 'NONE', ( #6725 ), #932, .F. ) ;
#2314 = CARTESIAN_POINT ( 'NONE',  ( 1.106490787510109985, 2.248300866378371232, -9.938905903571473743 ) ) ;
#2315 = CIRCLE ( 'NONE', #5325, 9.500000000000000000 ) ;
#2316 = EDGE_CURVE ( 'NONE', #5791, #4876, #3106, .T. ) ;
#2317 = CARTESIAN_POINT ( 'NONE',  ( -9.424838803981941737, 2.314916786199594956, 3.059004614404593703 ) ) ;
#2318 = CARTESIAN_POINT ( 'NONE',  ( -9.972564319548823164, 2.127336489724616087, 0.7534911753618733776 ) ) ;
#2319 = DIRECTION ( 'NONE',  ( -0.000000000000000000, -1.000000000000000000, -0.000000000000000000 ) ) ;
#2320 = DIRECTION ( 'NONE',  ( -0.5249775667251633804, 0.000000000000000000, 0.8511160640214274764 ) ) ;
#2321 = AXIS2_PLACEMENT_3D ( 'NONE', #3820, #4292, #1574 ) ;
#2322 = ORIENTED_EDGE ( 'NONE', *, *, #3648, .F. ) ;
#2323 = CARTESIAN_POINT ( 'NONE',  ( 0.8789046617972520181, 10.00001200000000168, 9.885393354405108468 ) ) ;
#2324 = ADVANCED_FACE ( 'NONE', ( #197 ), #1404, .T. ) ;
#2325 = TOROIDAL_SURFACE ( 'NONE', #3484, 1.500000000000000000, 0.5000000000000000000 ) ;
#2326 = CARTESIAN_POINT ( 'NONE',  ( 2.596097982851265140, 2.500000000000000000, 9.138395661353014177 ) ) ;
#2327 = CARTESIAN_POINT ( 'NONE',  ( 7.611508121969647434, 2.500000000000000444, -6.368549229222909780 ) ) ;
#2328 = ORIENTED_EDGE ( 'NONE', *, *, #3593, .F. ) ;
#2329 = CIRCLE ( 'NONE', #5239, 10.00000000000000000 ) ;
#2330 = VECTOR ( 'NONE', #802, 1000.000000000000000 ) ;
#2331 = EDGE_LOOP ( 'NONE', ( #3724, #1869, #6340, #2050 ) ) ;
#2332 = DIRECTION ( 'NONE',  ( 0.000000000000000000, 0.000000000000000000, 1.000000000000000000 ) ) ;
#2333 = FACE_OUTER_BOUND ( 'NONE', #2932, .T. ) ;
#2334 = SPHERICAL_SURFACE ( 'NONE', #3047, 0.5000000000000000000 ) ;
#2335 = AXIS2_PLACEMENT_3D ( 'NONE', #218, #4681, #6891 ) ;
#2336 = VECTOR ( 'NONE', #2463, 1000.000000000000000 ) ;
#2337 = CARTESIAN_POINT ( 'NONE',  ( -9.529230687413255296, 2.181508697813395070, -3.035051535613014551 ) ) ;
#2338 = CARTESIAN_POINT ( 'NONE',  ( -4.411341288975762609, 2.250258099078932261, -8.856991984059051859 ) ) ;
#2339 = ORIENTED_EDGE ( 'NONE', *, *, #2594, .F. ) ;
#2340 = LINE ( 'NONE', #4543, #3262 ) ;
#2341 = EDGE_LOOP ( 'NONE', ( #162, #3699, #254, #3317 ) ) ;
#2342 = CIRCLE ( 'NONE', #1760, 0.5000000000000001110 ) ;
#2343 = CIRCLE ( 'NONE', #1761, 0.5000000000000000000 ) ;
#2344 = CARTESIAN_POINT ( 'NONE',  ( -0.8454647138118350780, 1.975769384896713499, 9.964836729267572579 ) ) ;
#2345 = LINE ( 'NONE', #6253, #1863 ) ;
#2346 = CARTESIAN_POINT ( 'NONE',  ( -4.626103053009427590, 9.500000000000000000, -8.297540029607379353 ) ) ;
#2347 = CARTESIAN_POINT ( 'NONE',  ( -8.860697562244208569, 2.242932669926583245, -4.400076075797944242 ) ) ;
#2348 = CIRCLE ( 'NONE', #6397, 0.5000000000000000000 ) ;
#2349 = CARTESIAN_POINT ( 'NONE',  ( 1.010707579139242807, 2.500000000000000444, -9.949874371066199430 ) ) ;
#2350 = VERTEX_POINT ( 'NONE', #3039 ) ;
#2351 = DIRECTION ( 'NONE',  ( 0.000000000000000000, 0.000000000000000000, 1.000000000000000000 ) ) ;
#2352 = VERTEX_POINT ( 'NONE', #5309 ) ;
#2353 = AXIS2_PLACEMENT_3D ( 'NONE', #7176, #539, #3233 ) ;
#2354 = FACE_OUTER_BOUND ( 'NONE', #1449, .T. ) ;
#2355 = CARTESIAN_POINT ( 'NONE',  ( -9.843397292504334928, 2.139924804626935462, -0.2048726159298878691 ) ) ;
#2356 = DIRECTION ( 'NONE',  ( 0.000000000000000000, 1.000000000000000000, 0.000000000000000000 ) ) ;
#2357 = ORIENTED_EDGE ( 'NONE', *, *, #7, .T. ) ;
#2358 = EDGE_LOOP ( 'NONE', ( #4200, #6203, #1951, #1115 ) ) ;
#2359 = EDGE_CURVE ( 'NONE', #2783, #1202, #5329, .T. ) ;
#2360 = CARTESIAN_POINT ( 'NONE',  ( -4.626103053009482657, 10.00000000000000000, 8.297540029607349155 ) ) ;
#2361 = EDGE_CURVE ( 'NONE', #1759, #804, #814, .T. ) ;
#2362 = CARTESIAN_POINT ( 'NONE',  ( -7.561691272055195867, 2.343771222574625224, 6.411475381605075796 ) ) ;
#2363 = ADVANCED_FACE ( 'NONE', ( #6404 ), #4663, .T. ) ;
#2364 = EDGE_CURVE ( 'NONE', #2512, #4238, #5556, .T. ) ;
#2365 = CARTESIAN_POINT ( 'NONE',  ( 9.884200519446103783, 2.413741176464117899, -0.8626134409953976068 ) ) ;
#2366 = CARTESIAN_POINT ( 'NONE',  ( -9.870000050362087052, 2.242561475665995729, 0.6735851868180260382 ) ) ;
#2367 = EDGE_CURVE ( 'NONE', #2569, #3521, #5716, .T. ) ;
#2368 = ORIENTED_EDGE ( 'NONE', *, *, #3656, .T. ) ;
#2369 = DIRECTION ( 'NONE',  ( 0.000000000000000000, 1.000000000000000000, 0.000000000000000000 ) ) ;
#2370 = EDGE_CURVE ( 'NONE', #5067, #1718, #3594, .T. ) ;
#2371 = CARTESIAN_POINT ( 'NONE',  ( 7.642397253626209697, 2.181508697813393294, 6.450700701128066150 ) ) ;
#2372 = DIRECTION ( 'NONE',  ( 0.000000000000000000, -1.000000000000000000, 0.000000000000000000 ) ) ;
#2373 = EDGE_CURVE ( 'NONE', #3173, #5216, #6944, .T. ) ;
#2374 = CARTESIAN_POINT ( 'NONE',  ( -9.058529816459556017, 2.024215165943785699, -4.237709641947797756 ) ) ;
#2375 = FACE_OUTER_BOUND ( 'NONE', #4813, .T. ) ;
#2376 = VERTEX_POINT ( 'NONE', #3619 ) ;
#2377 = CARTESIAN_POINT ( 'NONE',  ( 0.000000000000000000, -4.000000000000000000, 0.000000000000000000 ) ) ;
#2378 = ORIENTED_EDGE ( 'NONE', *, *, #2669, .T. ) ;
#2379 = CARTESIAN_POINT ( 'NONE',  ( 0.4984729358709666935, 1.827180535951931306, 9.988341300992907179 ) ) ;
#2380 = CARTESIAN_POINT ( 'NONE',  ( -2.596097982851402808, 9.500000000000000000, 9.138395661352975097 ) ) ;
#2381 = DIRECTION ( 'NONE',  ( -0.3244301945785551533, 0.000000000000000000, -0.9459096409518833459 ) ) ;
#2382 = CARTESIAN_POINT ( 'NONE',  ( -7.810231214632213259, 2.248135892564179006, 6.245516373440916702 ) ) ;
#2383 = CARTESIAN_POINT ( 'NONE',  ( 8.734252662744630413, 2.500000000000000444, -4.869582161062521841 ) ) ;
#2384 = EDGE_LOOP ( 'NONE', ( #6444, #3860, #3706, #3598 ) ) ;
#2385 = CARTESIAN_POINT ( 'NONE',  ( -3.313945104772938244, 2.183694385698181861, 9.297069126686201557 ) ) ;
#2386 = VERTEX_POINT ( 'NONE', #4042 ) ;
#2387 =( LENGTH_UNIT ( ) NAMED_UNIT ( * ) SI_UNIT ( .MILLI., .METRE. ) );
#2388 = AXIS2_PLACEMENT_3D ( 'NONE', #1302, #5034, #61 ) ;
#2389 = CARTESIAN_POINT ( 'NONE',  ( 0.000000000000000000, 10.00000000000000000, 0.000000000000000000 ) ) ;
#2390 = LINE ( 'NONE', #754, #6461 ) ;
#2391 = DIRECTION ( 'NONE',  ( 0.000000000000000000, -1.000000000000000000, 0.000000000000000000 ) ) ;
#2392 = ORIENTED_EDGE ( 'NONE', *, *, #3076, .T. ) ;
#2393 = ORIENTED_EDGE ( 'NONE', *, *, #7057, .T. ) ;
#2394 = DIRECTION ( 'NONE',  ( 0.4394523308986166832, 3.895607413538972984E-16, 0.8982659121149888515 ) ) ;
#2395 = AXIS2_PLACEMENT_3D ( 'NONE', #4920, #3839, #6009 ) ;
#2396 = CARTESIAN_POINT ( 'NONE',  ( 0.8426567133883785532, 2.181508697813341779, 9.965325131733086650 ) ) ;
#2397 = EDGE_CURVE ( 'NONE', #3297, #470, #4509, .T. ) ;
#2398 = CARTESIAN_POINT ( 'NONE',  ( 7.650214500666125517, 1.981868317978750849, -6.441044717001012998 ) ) ;
#2399 = CARTESIAN_POINT ( 'NONE',  ( 2.732734718790805761, 2.500000000000000000, 9.619363854055803742 ) ) ;
#2400 = CARTESIAN_POINT ( 'NONE',  ( 9.932905682471186992, 10.00000000000000000, -1.156453502364700459 ) ) ;
#2401 = ORIENTED_EDGE ( 'NONE', *, *, #2762, .F. ) ;
#2402 = ADVANCED_FACE ( 'NONE', ( #3544 ), #2206, .T. ) ;
#2403 = CARTESIAN_POINT ( 'NONE',  ( -1.260587625341237805, 0.000000000000000000, -2.043718524445534701 ) ) ;
#2404 = DIRECTION ( 'NONE',  ( 0.000000000000000000, 0.000000000000000000, 1.000000000000000000 ) ) ;
#2405 = DIRECTION ( 'NONE',  ( 0.000000000000000000, 0.000000000000000000, -1.000000000000000000 ) ) ;
#2406 = EDGE_CURVE ( 'NONE', #5676, #6847, #7175, .T. ) ;
#2407 = CARTESIAN_POINT ( 'NONE',  ( -8.884607128713136959, 2.181049877636568102, -4.591460142829697055 ) ) ;
#2408 = DIRECTION ( 'NONE',  ( 0.9716864685947451674, 0.000000000000000000, 0.2362740077746034173 ) ) ;
#2409 = EDGE_CURVE ( 'NONE', #404, #3315, #6256, .T. ) ;
#2410 = ORIENTED_EDGE ( 'NONE', *, *, #4308, .F. ) ;
#2411 = DIRECTION ( 'NONE',  ( -1.401920620564769776E-15, 1.000000000000000000, -7.816086743456832033E-16 ) ) ;
#2412 = ORIENTED_EDGE ( 'NONE', *, *, #4428, .F. ) ;
#2413 = EDGE_CURVE ( 'NONE', #6789, #2613, #4162, .T. ) ;
#2414 = CARTESIAN_POINT ( 'NONE',  ( -0.4983481647250183610, 1.827222682248296870, 9.988334991364574478 ) ) ;
#2415 = CARTESIAN_POINT ( 'NONE',  ( -1.276266388579322841, 0.000000000000000000, 2.504813822048900018 ) ) ;
#2416 = DIRECTION ( 'NONE',  ( 0.000000000000000000, 0.000000000000000000, -1.000000000000000000 ) ) ;
#2417 = DIRECTION ( 'NONE',  ( -0.06224953160689087467, 0.000000000000000000, -0.9980606173047420482 ) ) ;
#2418 = ORIENTED_EDGE ( 'NONE', *, *, #4394, .T. ) ;
#2419 = CARTESIAN_POINT ( 'NONE',  ( -7.449293024680272879, 9.500000000000000000, -5.895594408747077964 ) ) ;
#2420 = ORIENTED_EDGE ( 'NONE', *, *, #1210, .T. ) ;
#2421 = CARTESIAN_POINT ( 'NONE',  ( -4.741424121641834688, 2.500000000000000444, 8.805704236984254862 ) ) ;
#2422 = CIRCLE ( 'NONE', #4727, 2.500000000000000000 ) ;
#2423 = ORIENTED_EDGE ( 'NONE', *, *, #2625, .F. ) ;
#2424 = DIRECTION ( 'NONE',  ( 0.000000000000000000, -1.000000000000000000, 0.000000000000000000 ) ) ;
#2425 = FACE_OUTER_BOUND ( 'NONE', #2940, .T. ) ;
#2426 = AXIS2_PLACEMENT_3D ( 'NONE', #451, #4879, #2432 ) ;
#2427 = DIRECTION ( 'NONE',  ( -0.6205888851312723054, -5.950168953237868937E-15, 0.7841361078610808999 ) ) ;
#2428 = LINE ( 'NONE', #6948, #6590 ) ;
#2429 = ORIENTED_EDGE ( 'NONE', *, *, #6128, .F. ) ;
#2430 = VERTEX_POINT ( 'NONE', #2495 ) ;
#2431 = CIRCLE ( 'NONE', #2200, 0.4999999999999995559 ) ;
#2432 = DIRECTION ( 'NONE',  ( 0.000000000000000000, 0.000000000000000000, 1.000000000000000000 ) ) ;
#2433 = CARTESIAN_POINT ( 'NONE',  ( -1.830433831214381746, 8.000000000000000000, -1.554148821017840243 ) ) ;
#2434 = VECTOR ( 'NONE', #1950, 1000.000000000000000 ) ;
#2435 = CARTESIAN_POINT ( 'NONE',  ( 4.470479223992320783, 9.500000000000000000, -8.292691572869168581 ) ) ;
#2436 = CARTESIAN_POINT ( 'NONE',  ( -5.095752233843723986E-17, 2.500000000000000444, 9.681925178635076179 ) ) ;
#2437 = ORIENTED_EDGE ( 'NONE', *, *, #6248, .F. ) ;
#2438 = CARTESIAN_POINT ( 'NONE',  ( 1.554148821017837800, 8.000000000000000000, -1.830433831214387297 ) ) ;
#2439 = ORIENTED_EDGE ( 'NONE', *, *, #5370, .F. ) ;
#2440 =( BOUNDED_SURFACE ( )  B_SPLINE_SURFACE ( 3, 2, ( 
 ( #2444, #3639, #1459 ),
 ( #4136, #3566, #1907 ),
 ( #5337, #808, #323 ),
 ( #6352, #3602, #4645 ),
 ( #6999, #362, #4785 ),
 ( #848, #1429, #6421 ),
 ( #3062, #2047, #289 ),
 ( #5849, #879, #2515 ),
 ( #4105, #4713, #4750 ),
 ( #3674, #6965, #6926 ),
 ( #913, #5884, #6320 ),
 ( #1974, #2014, #6288 ),
 ( #4210, #3024, #1321 ),
 ( #5740, #3532, #1355 ),
 ( #5229, #257, #2483 ),
 ( #3170, #4350, #506 ),
 ( #4242, #431, #5440 ),
 ( #5477, #6591, #5918 ) ),
 .UNSPECIFIED., .F., .F., .F. ) 
 B_SPLINE_SURFACE_WITH_KNOTS ( ( 4, 2, 2, 2, 2, 2, 2, 2, 4 ),
 ( 3, 3 ),
 ( -2.710505431213761085E-20, 0.0003645422052340774885, 0.0007290844104681549771, 0.001093626615702232574, 0.001458168820936309954, 0.001822711026170387551, 0.002187253231404465148, 0.002551795436638542528, 0.002916337641872619908 ),
 ( 0.000000000000000000, 1.000000000000000000 ),
 .UNSPECIFIED. ) 
 GEOMETRIC_REPRESENTATION_ITEM ( )  RATIONAL_B_SPLINE_SURFACE ( (
 ( 1.000000000000000000, 0.9595359398070245627, 1.000000000000000000),
 ( 1.000000000000000000, 0.9595833763010221951, 1.000000000000000000),
 ( 1.000000000000000000, 0.9570685609626672363, 1.000000000000000000),
 ( 1.000000000000000000, 0.9488880332095439574, 1.000000000000000000),
 ( 1.000000000000000000, 0.9432547151588552836, 1.000000000000000000),
 ( 1.000000000000000000, 0.9321826025349291278, 1.000000000000000000),
 ( 1.000000000000000000, 0.9268523530654905196, 1.000000000000000000),
 ( 1.000000000000000000, 0.9192073681285154452, 1.000000000000000000),
 ( 1.000000000000000000, 0.9170514797511036820, 1.000000000000000000),
 ( 1.000000000000000000, 0.9170288608893654159, 1.000000000000000000),
 ( 1.000000000000000000, 0.9192260099103836124, 1.000000000000000000),
 ( 1.000000000000000000, 0.9267996068665919074, 1.000000000000000000),
 ( 1.000000000000000000, 0.9321812854750158861, 1.000000000000000000),
 ( 1.000000000000000000, 0.9432160661325362794, 1.000000000000000000),
 ( 1.000000000000000000, 0.9488445939139728003, 1.000000000000000000),
 ( 1.000000000000000000, 0.9570263305979319624, 1.000000000000000000),
 ( 1.000000000000000000, 0.9595878455022883724, 1.000000000000000000),
 ( 1.000000000000000000, 0.9595359398070242296, 1.000000000000000000) ) ) 
 REPRESENTATION_ITEM ( '' )  SURFACE ( )  );
#2441 = EDGE_CURVE ( 'NONE', #1061, #958, #4693, .T. ) ;
#2442 = CIRCLE ( 'NONE', #4515, 2.000000000000000000 ) ;
#2443 = CARTESIAN_POINT ( 'NONE',  ( 7.449293024680232023, 2.500000000000000444, 5.895594408747131254 ) ) ;
#2444 = CARTESIAN_POINT ( 'NONE',  ( 4.594978287205911727, 2.500000000000000444, 8.796570338259785515 ) ) ;
#2445 = DIRECTION ( 'NONE',  ( -0.5249775667251623812, 0.000000000000000000, -0.8511160640214281425 ) ) ;
#2446 = VECTOR ( 'NONE', #743, 1000.000000000000227 ) ;
#2447 = AXIS2_PLACEMENT_3D ( 'NONE', #3406, #4513, #3439 ) ;
#2448 = CARTESIAN_POINT ( 'NONE',  ( 4.626103053009368082, 9.500000000000000000, 8.297540029607414880 ) ) ;
#2449 = ORIENTED_EDGE ( 'NONE', *, *, #6085, .T. ) ;
#2450 = CARTESIAN_POINT ( 'NONE',  ( -4.626103053009484434, 2.500000000000000000, 8.297540029607349155 ) ) ;
#2451 = ORIENTED_EDGE ( 'NONE', *, *, #88, .F. ) ;
#2452 = EDGE_CURVE ( 'NONE', #5515, #516, #5794, .T. ) ;
#2453 = CARTESIAN_POINT ( 'NONE',  ( -4.869582161062614212, 2.372020242595192396, 8.734252662744580675 ) ) ;
#2454 = AXIS2_PLACEMENT_3D ( 'NONE', #5722, #2288, #752 ) ;
#2455 = CARTESIAN_POINT ( 'NONE',  ( 0.000000000000000000, 9.500000000000000000, 0.000000000000000000 ) ) ;
#2456 = AXIS2_PLACEMENT_3D ( 'NONE', #6796, #1227, #1258 ) ;
#2457 = CARTESIAN_POINT ( 'NONE',  ( -9.140450790375666656, 1.779448407880942717, -4.058000729357082115 ) ) ;
#2458 = DIRECTION ( 'NONE',  ( 0.7622926637108774495, 0.000000000000000000, -0.6472324890273780662 ) ) ;
#2459 = ORIENTED_EDGE ( 'NONE', *, *, #6963, .T. ) ;
#2460 = DIRECTION ( 'NONE',  ( 0.000000000000000000, 0.000000000000000000, 1.000000000000000000 ) ) ;
#2461 = ORIENTED_EDGE ( 'NONE', *, *, #7062, .F. ) ;
#2462 = VECTOR ( 'NONE', #1581, 1000.000000000000000 ) ;
#2464 = AXIS2_PLACEMENT_3D ( 'NONE', #894, #4223, #6334 ) ;
#2463 = DIRECTION ( 'NONE',  ( -0.000000000000000000, -1.000000000000000000, -0.000000000000000000 ) ) ;
#2465 = VERTEX_POINT ( 'NONE', #5278 ) ;
#2466 = EDGE_CURVE ( 'NONE', #2910, #4110, #690, .T. ) ;
#2467 = EDGE_CURVE ( 'NONE', #770, #5633, #3359, .T. ) ;
#2468 = DIRECTION ( 'NONE',  ( 0.000000000000000000, 1.000000000000000000, 0.000000000000000000 ) ) ;
#2469 = AXIS2_PLACEMENT_3D ( 'NONE', #5559, #5016, #2405 ) ;
#2470 = DIRECTION ( 'NONE',  ( 0.000000000000000000, 1.000000000000000000, 0.000000000000000000 ) ) ;
#2471 = DIRECTION ( 'NONE',  ( 0.7622926637108761172, 0.000000000000000000, 0.6472324890273798426 ) ) ;
#2472 = VERTEX_POINT ( 'NONE', #968 ) ;
#2473 = ORIENTED_EDGE ( 'NONE', *, *, #4259, .F. ) ;
#2474 = AXIS2_PLACEMENT_3D ( 'NONE', #2178, #5510, #3709 ) ;
#2475 = CARTESIAN_POINT ( 'NONE',  ( 1.110773098972580586, 2.257089604130914751, 9.938409227484191533 ) ) ;
#2476 = CARTESIAN_POINT ( 'NONE',  ( 9.424838803981963054, 2.314916786199595400, -3.059004614404524869 ) ) ;
#2477 = DIRECTION ( 'NONE',  ( 0.000000000000000000, 0.000000000000000000, -1.000000000000000000 ) ) ;
#2478 = CARTESIAN_POINT ( 'NONE',  ( -9.436260398347613432, 9.500000000000000000, -1.098630827246600994 ) ) ;
#2479 = EDGE_LOOP ( 'NONE', ( #4425, #7121, #5614, #1884 ) ) ;
#2480 = DIRECTION ( 'NONE',  ( -0.000000000000000000, 1.000000000000000000, -0.000000000000000000 ) ) ;
#2481 = ORIENTED_EDGE ( 'NONE', *, *, #1789, .T. ) ;
#2482 = DIRECTION ( 'NONE',  ( 0.000000000000000000, 0.000000000000000000, 1.000000000000000000 ) ) ;
#2483 = CARTESIAN_POINT ( 'NONE',  ( 2.923754083661683545, 2.059185488125346630, 9.563339329250570842 ) ) ;
#2484 = CARTESIAN_POINT ( 'NONE',  ( 3.041310807231395241, 2.332781844050725528, -9.433784807741472989 ) ) ;
#2485 = CARTESIAN_POINT ( 'NONE',  ( 9.885393342147549944, 2.438027874578145848, 0.8789046367422161943 ) ) ;
#2486 = ORIENTED_EDGE ( 'NONE', *, *, #3812, .T. ) ;
#2487 = DIRECTION ( 'NONE',  ( -0.9716864685947455005, 0.000000000000000000, 0.2362740077746017520 ) ) ;
#2488 = ORIENTED_EDGE ( 'NONE', *, *, #5371, .F. ) ;
#2489 = CARTESIAN_POINT ( 'NONE',  ( -1.106490787510109763, 2.248300866378371232, 9.938905903571470191 ) ) ;
#2490 = CARTESIAN_POINT ( 'NONE',  ( 9.932905682471165676, 2.372020242595190176, 1.156453502364910735 ) ) ;
#2491 = DIRECTION ( 'NONE',  ( 0.000000000000000000, 1.000000000000000000, -0.000000000000000000 ) ) ;
#2492 = CARTESIAN_POINT ( 'NONE',  ( -6.245516373440888280, 2.248135892564180782, -7.810231214632233687 ) ) ;
#2493 = ORIENTED_EDGE ( 'NONE', *, *, #3996, .T. ) ;
#2494 = ADVANCED_FACE ( 'NONE', ( #3788, #2156 ), #2603, .F. ) ;
#2495 = CARTESIAN_POINT ( 'NONE',  ( 2.504813822048899574, 8.000000000000000000, 1.276266388579323063 ) ) ;
#2496 = ORIENTED_EDGE ( 'NONE', *, *, #1964, .F. ) ;
#2497 = CARTESIAN_POINT ( 'NONE',  ( -4.594978287206036072, 2.500000000000000444, 8.796570338259719790 ) ) ;
#2498 = ORIENTED_EDGE ( 'NONE', *, *, #2984, .T. ) ;
#2499 = B_SPLINE_CURVE_WITH_KNOTS ( 'NONE', 3,
 ( #602, #2821, #2275, #4475, #6187, #1723, #3936, #1189, #3403, #1223, #3436, #2885, #5275, #1986, #6330, #2492, #4145, #4660 ),
 .UNSPECIFIED., .F., .F.,
 ( 4, 2, 2, 2, 2, 2, 2, 2, 4 ),
 ( 0.000000000000000000, 0.0003765522689820474602, 0.0007531045379640949203, 0.001129656806946142435, 0.001506209075928189841, 0.001882761344910237247, 0.002259313613892284869, 0.002635865882874332058, 0.003012418151856379681 ),
 .UNSPECIFIED. ) ;
#2500 = EDGE_CURVE ( 'NONE', #2465, #770, #378, .T. ) ;
#2501 = CARTESIAN_POINT ( 'NONE',  ( 9.563339329250560183, 2.059185488125317320, -2.923754083661717296 ) ) ;
#2502 = CARTESIAN_POINT ( 'NONE',  ( -4.594978287206036072, 2.456298904871082378, 8.796570338259719790 ) ) ;
#2503 = ADVANCED_FACE ( 'NONE', ( #3284 ), #1030, .T. ) ;
#2504 = CARTESIAN_POINT ( 'NONE',  ( 6.411475381604993196, 2.343771222574624780, 7.561691272055259816 ) ) ;
#2505 = ORIENTED_EDGE ( 'NONE', *, *, #5111, .F. ) ;
#2506 = VERTEX_POINT ( 'NONE', #4799 ) ;
#2507 = CARTESIAN_POINT ( 'NONE',  ( 0.8475496155053171554, 2.378544800989032204, 9.883093623299812336 ) ) ;
#2508 = DIRECTION ( 'NONE',  ( 0.000000000000000000, -1.000000000000000000, 0.000000000000000000 ) ) ;
#2509 = CARTESIAN_POINT ( 'NONE',  ( -7.449293024680274655, 9.500000000000000000, -5.895594408747077964 ) ) ;
#2510 = DIRECTION ( 'NONE',  ( 1.734723475976806700E-15, 0.000000000000000000, 1.000000000000000000 ) ) ;
#2511 = LINE ( 'NONE', #1933, #1053 ) ;
#2512 = VERTEX_POINT ( 'NONE', #6032 ) ;
#2513 = VECTOR ( 'NONE', #3139, 1000.000000000000000 ) ;
#2514 = CARTESIAN_POINT ( 'NONE',  ( -2.932010965673052194, 2.051189550670913242, -9.560831454120865658 ) ) ;
#2515 = CARTESIAN_POINT ( 'NONE',  ( 4.061684449357134241, 1.779716818039801085, 9.138852710299566695 ) ) ;
#2516 = CARTESIAN_POINT ( 'NONE',  ( -7.611508121969602136, 9.500000000000000000, 6.368549229222964847 ) ) ;
#2517 = CARTESIAN_POINT ( 'NONE',  ( -2.394357833393303103, 8.000000000000000000, 0.1814307967061945803 ) ) ;
#2518 = ORIENTED_EDGE ( 'NONE', *, *, #3900, .T. ) ;
#2519 = FACE_OUTER_BOUND ( 'NONE', #4494, .T. ) ;
#2520 = ORIENTED_EDGE ( 'NONE', *, *, #5731, .F. ) ;
#2521 = DIRECTION ( 'NONE',  ( 0.000000000000000000, 0.000000000000000000, 1.000000000000000000 ) ) ;
#2522 = CARTESIAN_POINT ( 'NONE',  ( 9.981440441647263739, 1.863989508453881783, 0.6193966764492608856 ) ) ;
#2523 = DIRECTION ( 'NONE',  ( 0.000000000000000000, 1.000000000000000000, 0.000000000000000000 ) ) ;
#2524 = CARTESIAN_POINT ( 'NONE',  ( -5.895594408746998916, 9.500000000000000000, -7.449293024680337716 ) ) ;
#2525 = ORIENTED_EDGE ( 'NONE', *, *, #4705, .T. ) ;
#2526 = DIRECTION ( 'NONE',  ( -0.9932905682471177000, -6.461566752017310990E-15, 0.1156453502364806901 ) ) ;
#2527 = ORIENTED_EDGE ( 'NONE', *, *, #487, .T. ) ;
#2528 = CARTESIAN_POINT ( 'NONE',  ( -4.741424089087808547, 2.409665417632412598, 8.805704254427787703 ) ) ;
#2529 = ORIENTED_EDGE ( 'NONE', *, *, #2467, .T. ) ;
#2530 = ADVANCED_FACE ( 'NONE', ( #4906 ), #5488, .T. ) ;
#2531 = DIRECTION ( 'NONE',  ( 0.000000000000000000, 0.000000000000000000, 1.000000000000000000 ) ) ;
#2532 = CARTESIAN_POINT ( 'NONE',  ( -8.796570338259732225, 2.500000000000000444, 4.594978287206008538 ) ) ;
#2533 = DIRECTION ( 'NONE',  ( 0.000000000000000000, 0.000000000000000000, 1.000000000000000000 ) ) ;
#2534 = B_SPLINE_CURVE_WITH_KNOTS ( 'NONE', 3,
 ( #3051, #5255, #277, #2504, #3255, #6479, #2746, #6046, #1482, #4846, #2678, #2069, #6578, #2202, #3735, #4914, #523, #6547 ),
 .UNSPECIFIED., .F., .F.,
 ( 4, 2, 2, 2, 2, 2, 2, 2, 4 ),
 ( 0.000000000000000000, 0.0001297744646122138900, 0.0002595489292244277800, 0.0005190978584488561021, 0.001038195716897713072, 0.001557293575346569824, 0.001816842504570999285, 0.001946616969183212822, 0.002076391433795426577 ),
 .UNSPECIFIED. ) ;
#2535 = CARTESIAN_POINT ( 'NONE',  ( -2.596097982851333086, 2.500000000000000000, -9.138395661352994637 ) ) ;
#2536 = ADVANCED_FACE ( 'NONE', ( #3685 ), #2096, .F. ) ;
#2537 = AXIS2_PLACEMENT_3D ( 'NONE', #1703, #6127, #1162 ) ;
#2538 = ORIENTED_EDGE ( 'NONE', *, *, #2550, .T. ) ;
#2539 = ORIENTED_EDGE ( 'NONE', *, *, #4301, .F. ) ;
#2540 = EDGE_CURVE ( 'NONE', #5728, #5515, #6950, .T. ) ;
#2541 = AXIS2_PLACEMENT_3D ( 'NONE', #6515, #2134, #2036 ) ;
#2542 = EDGE_CURVE ( 'NONE', #6719, #5137, #6837, .T. ) ;
#2543 = CARTESIAN_POINT ( 'NONE',  ( 8.260368511126804592, 10.00001200000000168, -8.260368511126660707 ) ) ;
#2544 = CARTESIAN_POINT ( 'NONE',  ( 8.796570338259767752, 2.500000000000000444, -4.594978287205941925 ) ) ;
#2545 = FACE_OUTER_BOUND ( 'NONE', #7023, .T. ) ;
#2546 = DIRECTION ( 'NONE',  ( 0.000000000000000000, 0.000000000000000000, 1.000000000000000000 ) ) ;
#2547 = VECTOR ( 'NONE', #6363, 999.9999999999998863 ) ;
#2548 = CARTESIAN_POINT ( 'NONE',  ( -9.619363854055777097, 2.500000000000000000, 2.732734718790907902 ) ) ;
#2549 = VERTEX_POINT ( 'NONE', #1000 ) ;
#2550 = EDGE_CURVE ( 'NONE', #3417, #2021, #7182, .T. ) ;
#2551 = CARTESIAN_POINT ( 'NONE',  ( -3.593834903188206198, 1.779448407880940053, -9.332714570764927942 ) ) ;
#2552 = CIRCLE ( 'NONE', #1390, 0.5000000000000000000 ) ;
#2553 = EDGE_CURVE ( 'NONE', #329, #1407, #4763, .T. ) ;
#2554 = DIRECTION ( 'NONE',  ( 0.000000000000000000, 0.000000000000000000, 1.000000000000000000 ) ) ;
#2555 = PLANE ( 'NONE',  #6319 ) ;
#2556 = ADVANCED_FACE ( 'NONE', ( #4834 ), #3181, .F. ) ;
#2557 = CARTESIAN_POINT ( 'NONE',  ( 7.393847267223451425, 2.212953969771218166, -6.555906814057267162 ) ) ;
#2558 = ORIENTED_EDGE ( 'NONE', *, *, #3433, .F. ) ;
#2559 = CARTESIAN_POINT ( 'NONE',  ( -4.594978287206035183, 9.500000000000000000, 8.796570338259719790 ) ) ;
#2560 = VECTOR ( 'NONE', #3870, 1000.000000000000000 ) ;
#2561 = ORIENTED_EDGE ( 'NONE', *, *, #3516, .T. ) ;
#2562 = CARTESIAN_POINT ( 'NONE',  ( -4.238971915910944688, 2.024441704241336293, -9.057951044157054099 ) ) ;
#2563 = CARTESIAN_POINT ( 'NONE',  ( 9.955088514328229721, 2.051189550670913686, 0.9499468768431417187 ) ) ;
#2564 = CARTESIAN_POINT ( 'NONE',  ( -9.287105483649808590, 1.768638744481568326, -3.710169844705778264 ) ) ;
#2565 = VECTOR ( 'NONE', #1536, 1000.000000000000000 ) ;
#2566 = CARTESIAN_POINT ( 'NONE',  ( -9.863965706758319740, 2.212953969771219054, -0.5925133766642857180 ) ) ;
#2567 = CARTESIAN_POINT ( 'NONE',  ( 8.260368511126804592, 2.500000000000000444, -8.260368511126660707 ) ) ;
#2568 = ORIENTED_EDGE ( 'NONE', *, *, #4353, .F. ) ;
#2569 = VERTEX_POINT ( 'NONE', #5931 ) ;
#2570 = AXIS2_PLACEMENT_3D ( 'NONE', #633, #2958, #85 ) ;
#2571 = CIRCLE ( 'NONE', #1292, 0.4999999999999997224 ) ;
#2572 = CARTESIAN_POINT ( 'NONE',  ( 8.260368511126632285, 9.500000000000000000, 8.260368511126834790 ) ) ;
#2573 = CARTESIAN_POINT ( 'NONE',  ( 8.734252704686007007, 2.377026804319511299, -4.869582085834999852 ) ) ;
#2574 = CARTESIAN_POINT ( 'NONE',  ( 0.5918070992133083186, 2.212746796842761210, 9.863918724921020953 ) ) ;
#2575 = CYLINDRICAL_SURFACE ( 'NONE', #795, 0.5000000000000004441 ) ;
#2576 = TOROIDAL_SURFACE ( 'NONE', #1634, 9.500000000000000000, 0.5000000000000000000 ) ;
#2577 = CARTESIAN_POINT ( 'NONE',  ( -1.156453502364804375, 2.500000000000000444, -9.932905682471176334 ) ) ;
#2578 = EDGE_LOOP ( 'NONE', ( #3362, #2520, #3052, #3099 ) ) ;
#2579 = ORIENTED_EDGE ( 'NONE', *, *, #5459, .T. ) ;
#2580 = AXIS2_PLACEMENT_3D ( 'NONE', #3402, #5607, #6900 ) ;
#2581 = CIRCLE ( 'NONE', #838, 10.00000000000000000 ) ;
#2582 = CARTESIAN_POINT ( 'NONE',  ( -7.250902820713481134, 2.164715090713960954, -6.681597265112789508 ) ) ;
#2583 = DIRECTION ( 'NONE',  ( -0.6205888851312685306, 0.000000000000000000, 0.7841361078610838975 ) ) ;
#2584 = CARTESIAN_POINT ( 'NONE',  ( -9.981420327383217383, 1.864094386502767930, 0.6197453836959060380 ) ) ;
#2585 = AXIS2_PLACEMENT_3D ( 'NONE', #2703, #3179, #4327 ) ;
#2586 = EDGE_CURVE ( 'NONE', #5554, #6730, #939, .T. ) ;
#2587 = DIRECTION ( 'NONE',  ( 0.000000000000000000, 1.000000000000000000, 0.000000000000000000 ) ) ;
#2588 = VERTEX_POINT ( 'NONE', #4361 ) ;
#2589 = ADVANCED_FACE ( 'NONE', ( #3214 ), #2028, .F. ) ;
#2590 = AXIS2_PLACEMENT_3D ( 'NONE', #1780, #5075, #6200 ) ;
#2591 = CARTESIAN_POINT ( 'NONE',  ( -0.9124482025973559285, 8.000000000000000000, -2.221104420305847427 ) ) ;
#2592 = DIRECTION ( 'NONE',  ( -0.6472324890273780662, 0.000000000000000000, -0.7622926637108774495 ) ) ;
#2593 = DIRECTION ( 'NONE',  ( 0.000000000000000000, 0.000000000000000000, 1.000000000000000000 ) ) ;
#2594 = EDGE_CURVE ( 'NONE', #1805, #6932, #3826, .T. ) ;
#2595 = CARTESIAN_POINT ( 'NONE',  ( -0.4397714266284739049, 8.000000000000000000, -2.776607510986325522 ) ) ;
#2596 = ORIENTED_EDGE ( 'NONE', *, *, #3563, .F. ) ;
#2597 = CARTESIAN_POINT ( 'NONE',  ( -6.432881416101461802, 2.314916786199594956, -7.536785282756087945 ) ) ;
#2598 = ORIENTED_EDGE ( 'NONE', *, *, #2373, .F. ) ;
#2599 = CARTESIAN_POINT ( 'NONE',  ( -4.603674570840312619, 1.982312691401809435, -8.878012131685462549 ) ) ;
#2600 = DIRECTION ( 'NONE',  ( 0.000000000000000000, 0.000000000000000000, 1.000000000000000000 ) ) ;
#2601 = CARTESIAN_POINT ( 'NONE',  ( -8.734252662744562912, 2.372020242595193285, -4.869582161062645298 ) ) ;
#2602 = CARTESIAN_POINT ( 'NONE',  ( -7.449293024680316400, 9.500000000000000000, 5.895594408747026449 ) ) ;
#2603 = PLANE ( 'NONE',  #4055 ) ;
#2604 = ORIENTED_EDGE ( 'NONE', *, *, #2279, .F. ) ;
#2605 = CARTESIAN_POINT ( 'NONE',  ( -8.984463655236288204, 1.864094386502766820, 4.392294266126699043 ) ) ;
#2606 = VERTEX_POINT ( 'NONE', #1473 ) ;
#2607 = FACE_OUTER_BOUND ( 'NONE', #1926, .T. ) ;
#2608 = CARTESIAN_POINT ( 'NONE',  ( 8.980357240025675480, 1.867388762198238128, -4.400693446046251012 ) ) ;
#2609 = CARTESIAN_POINT ( 'NONE',  ( 9.461831679522360261, 1.867388762198138874, 3.238311324277372893 ) ) ;
#2610 = DIRECTION ( 'NONE',  ( -0.9932905682471177000, 6.461566752017310990E-15, 0.1156453502364806901 ) ) ;
#2611 = CARTESIAN_POINT ( 'NONE',  ( -0.1029434636768855604, 2.134320569920972410, -9.840975183068751519 ) ) ;
#2612 = VERTEX_POINT ( 'NONE', #1545 ) ;
#2613 = VERTEX_POINT ( 'NONE', #2704 ) ;
#2614 = CARTESIAN_POINT ( 'NONE',  ( -7.750301822741108460, 2.500000000000000888, -6.320945456729186951 ) ) ;
#2615 = CARTESIAN_POINT ( 'NONE',  ( -7.502303277451168206, 1.867418461490395254, 6.612736535335002941 ) ) ;
#2616 = CARTESIAN_POINT ( 'NONE',  ( -9.194972181005571343, 1.986052934431124628, 3.932605539365138902 ) ) ;
#2617 = AXIS2_PLACEMENT_3D ( 'NONE', #5292, #6416, #874 ) ;
#2618 = ORIENTED_EDGE ( 'NONE', *, *, #3603, .T. ) ;
#2619 = FACE_OUTER_BOUND ( 'NONE', #3763, .T. ) ;
#2620 = ADVANCED_FACE ( 'NONE', ( #11 ), #2736, .T. ) ;
#2621 = CARTESIAN_POINT ( 'NONE',  ( 9.606051082930941121, 2.249819565270343880, 2.780286464852500306 ) ) ;
#2622 = CARTESIAN_POINT ( 'NONE',  ( 7.250099490762276666, 1.779849606445636612, -6.888520213642613577 ) ) ;
#2623 = ORIENTED_EDGE ( 'NONE', *, *, #4797, .T. ) ;
#2624 = CARTESIAN_POINT ( 'NONE',  ( 6.556373006456611030, 2.212746796842760766, -7.393314632472633541 ) ) ;
#2625 = EDGE_CURVE ( 'NONE', #3276, #1224, #4605, .T. ) ;
#2626 = ORIENTED_EDGE ( 'NONE', *, *, #4610, .T. ) ;
#2627 = DIRECTION ( 'NONE',  ( 0.000000000000000000, 0.1736481776669273613, 0.9848077530122086864 ) ) ;
#2628 = ORIENTED_EDGE ( 'NONE', *, *, #6213, .T. ) ;
#2629 = DIRECTION ( 'NONE',  ( 0.000000000000000000, 0.000000000000000000, 1.000000000000000000 ) ) ;
#2630 = DIRECTION ( 'NONE',  ( -0.2362740077746035838, 0.000000000000000000, 0.9716864685947451674 ) ) ;
#2631 = ADVANCED_FACE ( 'NONE', ( #4501 ), #6104, .T. ) ;
#2632 = PLANE ( 'NONE',  #6625 ) ;
#2633 = AXIS2_PLACEMENT_3D ( 'NONE', #4321, #2656, #4859 ) ;
#2634 = CIRCLE ( 'NONE', #298, 2.000000000000000000 ) ;
#2635 = CARTESIAN_POINT ( 'NONE',  ( 0.000000000000000000, 9.500000000000000000, 0.000000000000000000 ) ) ;
#2636 = DIRECTION ( 'NONE',  ( 0.000000000000000000, 1.000000000000000000, 0.000000000000000000 ) ) ;
#2637 = EDGE_LOOP ( 'NONE', ( #2169, #5551, #563 ) ) ;
#2638 = ADVANCED_FACE ( 'NONE', ( #5019 ), #6754, .T. ) ;
#2639 = DIRECTION ( 'NONE',  ( 0.000000000000000000, -1.000000000000000000, 0.000000000000000000 ) ) ;
#2640 = EDGE_LOOP ( 'NONE', ( #302, #904, #5750, #5085 ) ) ;
#2641 = DIRECTION ( 'NONE',  ( 0.000000000000000000, 1.000000000000000000, 0.000000000000000000 ) ) ;
#2642 = DIRECTION ( 'NONE',  ( 0.000000000000000000, 0.000000000000000000, 1.000000000000000000 ) ) ;
#2643 = CARTESIAN_POINT ( 'NONE',  ( 9.281909929401374271, 1.985975370094303694, -3.722773453796067944 ) ) ;
#2644 = ADVANCED_FACE ( 'NONE', ( #5563 ), #2250, .T. ) ;
#2645 = DIRECTION ( 'NONE',  ( 0.000000000000000000, 0.000000000000000000, 1.000000000000000000 ) ) ;
#2646 = CARTESIAN_POINT ( 'NONE',  ( -0.6655541409084300142, 2.241156341101844696, -9.869262850230953177 ) ) ;
#2647 = ORIENTED_EDGE ( 'NONE', *, *, #5453, .F. ) ;
#2648 = EDGE_LOOP ( 'NONE', ( #565, #2846, #679, #3260 ) ) ;
#2649 = CARTESIAN_POINT ( 'NONE',  ( -7.449240532993941066, 2.241156341101758542, -6.508004840427721760 ) ) ;
#2650 = CARTESIAN_POINT ( 'NONE',  ( -10.79269157286921654, 2.500000000000000444, 4.470479223992207096 ) ) ;
#2651 = CIRCLE ( 'NONE', #1027, 2.000000000000000000 ) ;
#2652 = CARTESIAN_POINT ( 'NONE',  ( -9.138395661352966215, 2.500000000000000444, -2.596097982851432562 ) ) ;
#2653 = DIRECTION ( 'NONE',  ( 0.000000000000000000, -1.000000000000000000, 0.000000000000000000 ) ) ;
#2654 = CARTESIAN_POINT ( 'NONE',  ( -7.449293024680314623, 9.500000000000000000, 5.895594408747027337 ) ) ;
#2655 = AXIS2_PLACEMENT_3D ( 'NONE', #2306, #522, #2745 ) ;
#2656 = DIRECTION ( 'NONE',  ( 0.000000000000000000, -0.000000000000000000, 1.000000000000000000 ) ) ;
#2657 = AXIS2_PLACEMENT_3D ( 'NONE', #2131, #2032, #5866 ) ;
#2658 = SPHERICAL_SURFACE ( 'NONE', #6715, 0.5000000000000000000 ) ;
#2659 = ORIENTED_EDGE ( 'NONE', *, *, #984, .F. ) ;
#2660 = ORIENTED_EDGE ( 'NONE', *, *, #500, .F. ) ;
#2661 = DIRECTION ( 'NONE',  ( 0.000000000000000000, 1.000000000000000000, 0.000000000000000000 ) ) ;
#2662 = CIRCLE ( 'NONE', #4276, 0.5000000000000003331 ) ;
#2663 = DIRECTION ( 'NONE',  ( 0.9716864685947450564, 0.000000000000000000, 0.2362740077746035561 ) ) ;
#2664 = CARTESIAN_POINT ( 'NONE',  ( -8.734252662744561135, 9.500000000000000000, -4.869582161062647074 ) ) ;
#2665 = CYLINDRICAL_SURFACE ( 'NONE', #3469, 2.000000000000000000 ) ;
#2666 = AXIS2_PLACEMENT_3D ( 'NONE', #412, #2061, #445 ) ;
#2667 = DIRECTION ( 'NONE',  ( 0.000000000000000000, -1.000000000000000000, 0.000000000000000000 ) ) ;
#2668 = EDGE_LOOP ( 'NONE', ( #1247, #593, #2880, #5585 ) ) ;
#2669 = EDGE_CURVE ( 'NONE', #4468, #2824, #5192, .T. ) ;
#2670 = CARTESIAN_POINT ( 'NONE',  ( -9.529747859751815042, 1.975531022569852579, 3.032607996840927189 ) ) ;
#2671 = B_SPLINE_CURVE_WITH_KNOTS ( 'NONE', 3,
 ( #662, #263, #6326, #2414, #1363, #2344, #3504, #2489, #780, #699 ),
 .UNSPECIFIED., .F., .F.,
 ( 4, 2, 2, 2, 4 ),
 ( 0.001507228720538739998, 0.001883526078368155231, 0.002259823436197570465, 0.002636120794026985698, 0.003012418151856400932 ),
 .UNSPECIFIED. ) ;
#2672 = ORIENTED_EDGE ( 'NONE', *, *, #721, .F. ) ;
#2673 = CARTESIAN_POINT ( 'NONE',  ( 3.029696907789583893, 2.343771222574625224, 9.439657202977972617 ) ) ;
#2674 = EDGE_CURVE ( 'NONE', #429, #3417, #6894, .T. ) ;
#2675 = CARTESIAN_POINT ( 'NONE',  ( 7.246866680950589945, 1.779361857681293069, 6.891903876640186333 ) ) ;
#2676 = LINE ( 'NONE', #1007, #130 ) ;
#2677 = FACE_OUTER_BOUND ( 'NONE', #5727, .T. ) ;
#2678 = CARTESIAN_POINT ( 'NONE',  ( 7.206828043569089459, 2.147342056939914645, 6.720468549890285637 ) ) ;
#2679 = EDGE_LOOP ( 'NONE', ( #1770, #4565, #6446 ) ) ;
#2680 = TOROIDAL_SURFACE ( 'NONE', #1052, 2.500000000000000000, 0.5000000000000000000 ) ;
#2681 = EDGE_CURVE ( 'NONE', #435, #60, #185, .T. ) ;
#2682 = AXIS2_PLACEMENT_3D ( 'NONE', #127, #6191, #2351 ) ;
#2683 = ORIENTED_EDGE ( 'NONE', *, *, #541, .F. ) ;
#2684 = EDGE_CURVE ( 'NONE', #4643, #2569, #223, .T. ) ;
#2686 = EDGE_CURVE ( 'NONE', #5898, #1207, #3027, .T. ) ;
#2685 = TOROIDAL_SURFACE ( 'NONE', #4642, 1.500000000000000000, 0.5000000000000000000 ) ;
#2687 = AXIS2_PLACEMENT_3D ( 'NONE', #1547, #3790, #7049 ) ;
#2688 = CARTESIAN_POINT ( 'NONE',  ( -6.991427348825619781, 1.985975370094067882, -7.150722883170896438 ) ) ;
#2689 = CARTESIAN_POINT ( 'NONE',  ( -6.440463711589997864, 1.982312691401848959, 7.650708865474387110 ) ) ;
#2690 = CARTESIAN_POINT ( 'NONE',  ( -9.619363854055775320, 2.500000000000000444, 2.732734718790911010 ) ) ;
#2691 = VECTOR ( 'NONE', #1874, 1000.000000000000000 ) ;
#2692 = FACE_OUTER_BOUND ( 'NONE', #4514, .T. ) ;
#2693 = CARTESIAN_POINT ( 'NONE',  ( -1.276266388579325284, 0.000000000000000000, -2.504813822048897354 ) ) ;
#2694 = DIRECTION ( 'NONE',  ( 0.000000000000000000, 0.000000000000000000, 1.000000000000000000 ) ) ;
#2695 = AXIS2_PLACEMENT_3D ( 'NONE', #6064, #3311, #3242 ) ;
#2696 = CARTESIAN_POINT ( 'NONE',  ( 6.205888918849603364, 2.377026804319450459, -7.841361025160090925 ) ) ;
#2697 = ORIENTED_EDGE ( 'NONE', *, *, #5238, .T. ) ;
#2698 = DIRECTION ( 'NONE',  ( 0.000000000000000000, 1.000000000000000000, -0.000000000000000000 ) ) ;
#2699 = ORIENTED_EDGE ( 'NONE', *, *, #231, .F. ) ;
#2700 = AXIS2_PLACEMENT_3D ( 'NONE', #6236, #4561, #5548 ) ;
#2701 = CARTESIAN_POINT ( 'NONE',  ( 6.735557395310425260E-16, 0.000000000000000000, 3.499999999999972022 ) ) ;
#2702 = DIRECTION ( 'NONE',  ( 0.000000000000000000, 0.000000000000000000, 1.000000000000000000 ) ) ;
#2703 = CARTESIAN_POINT ( 'NONE',  ( -4.470479223992246176, 9.500000000000000000, 10.79269157286920411 ) ) ;
#2704 = CARTESIAN_POINT ( 'NONE',  ( 1.156453502364807040, 9.500000000000000000, -9.932905682471176334 ) ) ;
#2705 = ORIENTED_EDGE ( 'NONE', *, *, #503, .T. ) ;
#2706 = DIRECTION ( 'NONE',  ( 0.000000000000000000, 1.000000000000000000, 0.000000000000000000 ) ) ;
#2707 = ORIENTED_EDGE ( 'NONE', *, *, #909, .F. ) ;
#2708 = CARTESIAN_POINT ( 'NONE',  ( 4.237709641947890127, 2.024215165943705319, -9.058529816459541806 ) ) ;
#2709 = CARTESIAN_POINT ( 'NONE',  ( 6.205888851312579391, 2.372020242595191064, 7.841361078610923130 ) ) ;
#2710 = CARTESIAN_POINT ( 'NONE',  ( 9.138395661353001742, 9.500000000000000000, -2.596097982851299779 ) ) ;
#2711 = EDGE_CURVE ( 'NONE', #5728, #516, #694, .T. ) ;
#2712 = DIRECTION ( 'NONE',  ( 0.000000000000000000, 0.000000000000000000, 1.000000000000000000 ) ) ;
#2713 = CARTESIAN_POINT ( 'NONE',  ( -0.4961482701701967479, 2.183694385698036644, -9.857563765852095372 ) ) ;
#2714 = ORIENTED_EDGE ( 'NONE', *, *, #4308, .T. ) ;
#2715 = CARTESIAN_POINT ( 'NONE',  ( -2.970974231079499983, 2.500000000000000444, -9.469254843656241150 ) ) ;
#2716 = ORIENTED_EDGE ( 'NONE', *, *, #5501, .T. ) ;
#2717 = EDGE_CURVE ( 'NONE', #5323, #516, #4987, .T. ) ;
#2718 =( BOUNDED_SURFACE ( )  B_SPLINE_SURFACE ( 3, 2, ( 
 ( #1088, #2614, #1587 ),
 ( #3701, #5977, #5470 ),
 ( #5327, #1046, #352 ),
 ( #498, #6483, #5434 ),
 ( #2649, #7027, #2720 ),
 ( #7104, #3162, #3742 ),
 ( #2582, #1558, #459 ),
 ( #4891, #4778, #7066 ),
 ( #2041, #6521, #3226 ),
 ( #6448, #2688, #1487 ),
 ( #2141, #4313, #4815 ),
 ( #2072, #4273, #4851 ),
 ( #4342, #6159, #1802 ),
 ( #4998, #6083, #4554 ),
 ( #3298, #1198, #3908 ),
 ( #6626, #2751, #4013 ),
 ( #132, #2245, #1695 ),
 ( #3443, #5615, #3366 ) ),
 .UNSPECIFIED., .F., .F., .F. ) 
 B_SPLINE_SURFACE_WITH_KNOTS ( ( 4, 2, 2, 2, 2, 2, 2, 2, 4 ),
 ( 3, 3 ),
 ( -2.710505431213761085E-20, 0.0003645422052340780306, 0.0007290844104681560613, 0.001093626615702234092, 0.001458168820936312123, 0.001822711026170390153, 0.002187253231404468184, 0.002551795436638546431, 0.002916337641872624245 ),
 ( 0.000000000000000000, 1.000000000000000000 ),
 .UNSPECIFIED. ) 
 GEOMETRIC_REPRESENTATION_ITEM ( )  RATIONAL_B_SPLINE_SURFACE ( (
 ( 1.000000000000000000, 0.9595359398070244517, 1.000000000000000000),
 ( 1.000000000000000000, 0.9595833763010080952, 1.000000000000000000),
 ( 1.000000000000000000, 0.9570685609626875534, 1.000000000000000000),
 ( 1.000000000000000000, 0.9488880332095234182, 1.000000000000000000),
 ( 1.000000000000000000, 0.9432547151588345224, 1.000000000000000000),
 ( 1.000000000000000000, 0.9321826025349490008, 1.000000000000000000),
 ( 1.000000000000000000, 0.9268523530654970699, 1.000000000000000000),
 ( 1.000000000000000000, 0.9192073681285084508, 1.000000000000000000),
 ( 1.000000000000000000, 0.9170514797511436500, 1.000000000000000000),
 ( 1.000000000000000000, 0.9170288608893247817, 1.000000000000000000),
 ( 1.000000000000000000, 0.9192260099103763960, 1.000000000000000000),
 ( 1.000000000000000000, 0.9267996068665982357, 1.000000000000000000),
 ( 1.000000000000000000, 0.9321812854749818023, 1.000000000000000000),
 ( 1.000000000000000000, 0.9432160661325699191, 1.000000000000000000),
 ( 1.000000000000000000, 0.9488445939139859009, 1.000000000000000000),
 ( 1.000000000000000000, 0.9570263305979179735, 1.000000000000000000),
 ( 1.000000000000000000, 0.9595878455022994746, 1.000000000000000000),
 ( 1.000000000000000000, 0.9595359398070241186, 1.000000000000000000) ) ) 
 REPRESENTATION_ITEM ( '' )  SURFACE ( )  );
#2719 = ADVANCED_FACE ( 'NONE', ( #1323 ), #3568, .T. ) ;
#2720 = CARTESIAN_POINT ( 'NONE',  ( -7.650708865474367570, 1.982312691401769023, -6.440463711590023621 ) ) ;
#2721 = CARTESIAN_POINT ( 'NONE',  ( -7.030215759954817401, 2.134257748930215470, 6.886989335207050367 ) ) ;
#2723 = EDGE_CURVE ( 'NONE', #6105, #5301, #1518, .T. ) ;
#2722 = CARTESIAN_POINT ( 'NONE',  ( -9.421228362308985638, 1.829075679051567871, 3.355012593856991909 ) ) ;
#2724 = DIRECTION ( 'NONE',  ( 0.6472324890273780662, 0.000000000000000000, 0.7622926637108774495 ) ) ;
#2725 = FACE_OUTER_BOUND ( 'NONE', #3215, .T. ) ;
#2726 = CARTESIAN_POINT ( 'NONE',  ( 5.895594408747102833, 10.00000000000000000, -7.449293024680254227 ) ) ;
#2727 = DIRECTION ( 'NONE',  ( -0.000000000000000000, -1.000000000000000000, -0.000000000000000000 ) ) ;
#2728 = CARTESIAN_POINT ( 'NONE',  ( 0.1711034888142190791, 2.134289031220173438, -9.840962589317538090 ) ) ;
#2729 = VERTEX_POINT ( 'NONE', #4649 ) ;
#2730 = CARTESIAN_POINT ( 'NONE',  ( 6.205888851312576726, 9.500000000000000000, 7.841361078610923130 ) ) ;
#2731 = VERTEX_POINT ( 'NONE', #6862 ) ;
#2732 = CARTESIAN_POINT ( 'NONE',  ( -4.470479223992169793, 2.500000000000000444, -9.292691572869232530 ) ) ;
#2733 = CARTESIAN_POINT ( 'NONE',  ( -9.619363854055755780, 9.500000000000000000, -2.732734718790980288 ) ) ;
#2734 = CARTESIAN_POINT ( 'NONE',  ( 9.015711933060083894, 2.139924804626919475, 3.956182678658564100 ) ) ;
#2735 = LINE ( 'NONE', #3313, #5909 ) ;
#2736 = PLANE ( 'NONE',  #4405 ) ;
#2737 = ORIENTED_EDGE ( 'NONE', *, *, #1383, .T. ) ;
#2738 = FACE_OUTER_BOUND ( 'NONE', #6865, .T. ) ;
#2739 = ORIENTED_EDGE ( 'NONE', *, *, #4390, .T. ) ;
#2740 = CARTESIAN_POINT ( 'NONE',  ( 3.120200068441913555, 2.127336489724513946, -9.501796650728067561 ) ) ;
#2741 = CARTESIAN_POINT ( 'NONE',  ( 6.983228393756070851, 1.768517871363072036, 7.158925180614853723 ) ) ;
#2742 = AXIS2_PLACEMENT_3D ( 'NONE', #2435, #1453, #1966 ) ;
#2743 = AXIS2_PLACEMENT_3D ( 'NONE', #4495, #6710, #2948 ) ;
#2744 = CARTESIAN_POINT ( 'NONE',  ( -2.596097982851398811, 9.500000000000000000, 9.138395661352976873 ) ) ;
#2745 = DIRECTION ( 'NONE',  ( 0.000000000000000000, 0.000000000000000000, 1.000000000000000000 ) ) ;
#2746 = CARTESIAN_POINT ( 'NONE',  ( 6.555906814057244070, 2.212953969771217722, 7.393847267223474518 ) ) ;
#2747 = EDGE_LOOP ( 'NONE', ( #5352, #5865, #2488, #6258 ) ) ;
#2748 = DIRECTION ( 'NONE',  ( -0.000000000000000000, 1.000000000000000000, -0.000000000000000000 ) ) ;
#2749 = ORIENTED_EDGE ( 'NONE', *, *, #5908, .T. ) ;
#2750 = EDGE_CURVE ( 'NONE', #235, #5788, #1358, .T. ) ;
#2751 = CARTESIAN_POINT ( 'NONE',  ( -6.351745126529906749, 2.321832774718790571, -7.725205082552247582 ) ) ;
#2752 = ADVANCED_FACE ( 'NONE', ( #2375 ), #6355, .T. ) ;
#2753 = CARTESIAN_POINT ( 'NONE',  ( -6.205888851312685972, 2.500000000000000444, 7.841361078610837865 ) ) ;
#2754 = CARTESIAN_POINT ( 'NONE',  ( -8.840032644896206548, 2.279919447647872577, 4.462933545236227317 ) ) ;
#2755 = LINE ( 'NONE', #5474, #4845 ) ;
#2756 = EDGE_CURVE ( 'NONE', #1799, #5208, #3365, .T. ) ;
#2757 = CARTESIAN_POINT ( 'NONE',  ( 1.156453502364804375, 9.500000000000000000, 9.932905682471176334 ) ) ;
#2758 = CARTESIAN_POINT ( 'NONE',  ( 0.000000000000000000, 8.677547644686535833, 0.000000000000000000 ) ) ;
#2759 = CARTESIAN_POINT ( 'NONE',  ( 2.504813822048899574, 0.000000000000000000, 1.276266388579323063 ) ) ;
#2760 = CIRCLE ( 'NONE', #3464, 0.4999999999999998890 ) ;
#2761 = CARTESIAN_POINT ( 'NONE',  ( 0.000000000000000000, 9.500000000000000000, 0.000000000000000000 ) ) ;
#2762 = EDGE_CURVE ( 'NONE', #4917, #6152, #5101, .T. ) ;
#2763 = ORIENTED_EDGE ( 'NONE', *, *, #931, .T. ) ;
#2764 = CARTESIAN_POINT ( 'NONE',  ( -3.399310659689297687, 2.164537838121654900, -9.255370840007598687 ) ) ;
#2765 = ADVANCED_FACE ( 'NONE', ( #4352 ), #5958, .T. ) ;
#2766 = CYLINDRICAL_SURFACE ( 'NONE', #5802, 0.5000000000000000000 ) ;
#2767 = CIRCLE ( 'NONE', #3234, 0.4999999999999992784 ) ;
#2768 = CARTESIAN_POINT ( 'NONE',  ( -2.995828026329732996, 8.000000000000000000, 0.9734035322810843383 ) ) ;
#2769 = CARTESIAN_POINT ( 'NONE',  ( 9.532992089188491391, 1.982312691401783455, 3.022413074353938800 ) ) ;
#2770 = CARTESIAN_POINT ( 'NONE',  ( -4.470479223992246176, 9.500000000000000000, 8.792691572869204109 ) ) ;
#2771 = CARTESIAN_POINT ( 'NONE',  ( 9.985236028452531443, 2.048945620300597348, -0.5566365330722299332 ) ) ;
#2772 = EDGE_LOOP ( 'NONE', ( #6890, #4115, #6301, #3217 ) ) ;
#2773 = CARTESIAN_POINT ( 'NONE',  ( 9.138395661353005295, 9.500000000000000000, -2.596097982851297559 ) ) ;
#2774 = CIRCLE ( 'NONE', #6126, 0.4999999999999996114 ) ;
#2775 = EDGE_LOOP ( 'NONE', ( #497, #2739, #4725, #641 ) ) ;
#2776 = CARTESIAN_POINT ( 'NONE',  ( 3.577945097074454406, 2.139858412045572589, -9.172361082845645441 ) ) ;
#2777 = CARTESIAN_POINT ( 'NONE',  ( -9.949874374724135606, 2.409665417632309126, -1.010707542389104763 ) ) ;
#2778 = DIRECTION ( 'NONE',  ( 0.000000000000000000, 0.000000000000000000, 1.000000000000000000 ) ) ;
#2779 = AXIS2_PLACEMENT_3D ( 'NONE', #4485, #6736, #4556 ) ;
#2780 = CARTESIAN_POINT ( 'NONE',  ( -9.026396591461221419, 2.134286657244865104, -3.924022968310245663 ) ) ;
#2781 = CARTESIAN_POINT ( 'NONE',  ( 9.190461521628867203, 1.768638744481567437, -3.943489008538203500 ) ) ;
#2782 = ORIENTED_EDGE ( 'NONE', *, *, #683, .T. ) ;
#2783 = VERTEX_POINT ( 'NONE', #401 ) ;
#2784 = AXIS2_PLACEMENT_3D ( 'NONE', #2535, #1448, #4122 ) ;
#2785 = CARTESIAN_POINT ( 'NONE',  ( 8.796570338259671828, 2.500000000000000444, 4.594978287206126666 ) ) ;
#2786 = CARTESIAN_POINT ( 'NONE',  ( 0.4397714266284717399, 8.000000000000000000, -2.776607510986325522 ) ) ;
#2787 = VECTOR ( 'NONE', #7055, 1000.000000000000114 ) ;
#2788 = AXIS2_PLACEMENT_3D ( 'NONE', #1393, #3607, #5818 ) ;
#2789 = DIRECTION ( 'NONE',  ( 0.000000000000000000, -1.734723475976807094E-15, -1.000000000000000000 ) ) ;
#2790 = DIRECTION ( 'NONE',  ( 0.000000000000000000, -1.000000000000000000, 0.000000000000000000 ) ) ;
#2791 = EDGE_LOOP ( 'NONE', ( #5402, #4944, #5942, #206 ) ) ;
#2792 = CARTESIAN_POINT ( 'NONE',  ( 0.000000000000000000, -4.000000000000000000, -7.500000000000015099 ) ) ;
#2793 = VECTOR ( 'NONE', #2424, 1000.000000000000000 ) ;
#2794 = AXIS2_PLACEMENT_3D ( 'NONE', #3019, #4063, #1904 ) ;
#2795 = LINE ( 'NONE', #4456, #5709 ) ;
#2796 = ADVANCED_FACE ( 'NONE', ( #992 ), #959, .F. ) ;
#2797 = CARTESIAN_POINT ( 'NONE',  ( 7.841361051494490475, 2.376055744299645500, -6.205888885575150837 ) ) ;
#2798 = CIRCLE ( 'NONE', #4646, 0.5000000000000000000 ) ;
#2799 = ORIENTED_EDGE ( 'NONE', *, *, #2018, .T. ) ;
#2800 = AXIS2_PLACEMENT_3D ( 'NONE', #5386, #2706, #6467 ) ;
#2801 = DIRECTION ( 'NONE',  ( 0.000000000000000000, 0.000000000000000000, 1.000000000000000000 ) ) ;
#2802 = ORIENTED_EDGE ( 'NONE', *, *, #4357, .F. ) ;
#2803 = EDGE_CURVE ( 'NONE', #5216, #2128, #3721, .T. ) ;
#2804 = CARTESIAN_POINT ( 'NONE',  ( -9.138395661352967991, 9.500000000000000000, -2.596097982851431230 ) ) ;
#2805 = CIRCLE ( 'NONE', #4309, 0.5000000000000000000 ) ;
#2806 = CARTESIAN_POINT ( 'NONE',  ( 6.320945485302035927, 2.409665417632336659, 7.750301799340267195 ) ) ;
#2807 = TOROIDAL_SURFACE ( 'NONE', #2922, 2.500000000000000000, 0.5000000000000000000 ) ;
#2808 = DIRECTION ( 'NONE',  ( -0.000000000000000000, -1.000000000000000000, -0.000000000000000000 ) ) ;
#2809 = EDGE_CURVE ( 'NONE', #5633, #5554, #3098, .T. ) ;
#2810 = CARTESIAN_POINT ( 'NONE',  ( -0.8789046617972534614, 2.500000000000000444, 9.885393354405108468 ) ) ;
#2811 = DIRECTION ( 'NONE',  ( 0.000000000000000000, 0.000000000000000000, 1.000000000000000000 ) ) ;
#2812 = B_SPLINE_CURVE_WITH_KNOTS ( 'NONE', 3,
 ( #7032, #398, #2621, #4822, #1532, #4858, #7074, #989, #3200, #2115, #4320, #6528, #1164, #616, #1204, #3379, #3952, #5146 ),
 .UNSPECIFIED., .F., .F.,
 ( 4, 2, 2, 2, 2, 2, 2, 2, 4 ),
 ( 8.673617379884034509E-19, 0.0003765522689820500080, 0.0007531045379640991487, 0.001129656806946147639, 0.001506209075928196129, 0.001882761344910244402, 0.002259313613892293109, 0.002635865882874341599, 0.003012418151856390090 ),
 .UNSPECIFIED. ) ;
#2813 = CARTESIAN_POINT ( 'NONE',  ( 2.221104420305847427, 8.000000000000000000, -0.9124482025973561505 ) ) ;
#2814 = ORIENTED_EDGE ( 'NONE', *, *, #4218, .T. ) ;
#2815 = CIRCLE ( 'NONE', #2395, 2.000000000000000000 ) ;
#2816 = LINE ( 'NONE', #552, #832 ) ;
#2817 = VERTEX_POINT ( 'NONE', #1495 ) ;
#2818 = CARTESIAN_POINT ( 'NONE',  ( 4.591460142829411062, 2.181049877636751955, -8.884607128713115642 ) ) ;
#2819 = CARTESIAN_POINT ( 'NONE',  ( 6.368549229222884911, 10.00001200000000168, 7.611508121969668750 ) ) ;
#2820 = CARTESIAN_POINT ( 'NONE',  ( 2.970974231079432482, 9.500000000000000000, 9.469254843656262466 ) ) ;
#2821 = CARTESIAN_POINT ( 'NONE',  ( -7.841361078610815660, 2.371852820628068237, -6.205888851312714394 ) ) ;
#2822 = EDGE_LOOP ( 'NONE', ( #1181, #1167, #4915, #3012 ) ) ;
#2823 = CARTESIAN_POINT ( 'NONE',  ( 9.418508755680742084, 1.827040335878404864, -3.362573923337149218 ) ) ;
#2824 = VERTEX_POINT ( 'NONE', #7078 ) ;
#2825 = FACE_OUTER_BOUND ( 'NONE', #5313, .T. ) ;
#2826 = ORIENTED_EDGE ( 'NONE', *, *, #674, .T. ) ;
#2827 = DIRECTION ( 'NONE',  ( -0.07555769727474681563, 0.000000000000000000, -0.9971414314842893534 ) ) ;
#2828 = CARTESIAN_POINT ( 'NONE',  ( 0.5673463196692631882, 8.000000000000000000, -2.333234819276247318 ) ) ;
#2829 = CARTESIAN_POINT ( 'NONE',  ( -7.611508095585939770, 2.438027874578097443, 6.368549238272091628 ) ) ;
#2830 = DIRECTION ( 'NONE',  ( 0.000000000000000000, 0.000000000000000000, 1.000000000000000000 ) ) ;
#2831 = EDGE_LOOP ( 'NONE', ( #2716, #3446, #2165, #1092 ) ) ;
#2832 = DIRECTION ( 'NONE',  ( 0.000000000000000000, -1.000000000000000000, 0.000000000000000000 ) ) ;
#2833 = FACE_OUTER_BOUND ( 'NONE', #4995, .T. ) ;
#2834 = CARTESIAN_POINT ( 'NONE',  ( -4.626103053009432919, 2.500000000000000444, -8.297540029607377576 ) ) ;
#2835 = CARTESIAN_POINT ( 'NONE',  ( 9.885393354405120903, 2.456216401094829305, -0.8789046617971509878 ) ) ;
#2836 = LINE ( 'NONE', #619, #6375 ) ;
#2837 = B_SPLINE_CURVE_WITH_KNOTS ( 'NONE', 3,
 ( #4083, #6298, #4580, #159, #4187, #299, #4722, #195, #4039, #1254, #3508, #745, #6937, #3468, #3541, #2382, #6793, #3575 ),
 .UNSPECIFIED., .F., .F.,
 ( 4, 2, 2, 2, 2, 2, 2, 2, 4 ),
 ( 4.336808689942017736E-19, 0.0003765522689820489238, 0.0007531045379640974140, 0.001129656806946145904, 0.001506209075928194394, 0.001882761344910242884, 0.002259313613892291375, 0.002635865882874339865, 0.003012418151856388355 ),
 .UNSPECIFIED. ) ;
#2838 = ORIENTED_EDGE ( 'NONE', *, *, #4268, .F. ) ;
#2839 = EDGE_CURVE ( 'NONE', #5067, #6895, #584, .T. ) ;
#2840 = CARTESIAN_POINT ( 'NONE',  ( -2.911939321414010795, 2.321832774718841197, -9.567866486750792987 ) ) ;
#2841 = CARTESIAN_POINT ( 'NONE',  ( 6.205888851312576726, 2.500000000000000000, 7.841361078610924906 ) ) ;
#2842 = CARTESIAN_POINT ( 'NONE',  ( -1.554148821017838911, 8.000000000000000000, -1.830433831214388185 ) ) ;
#2843 = CARTESIAN_POINT ( 'NONE',  ( 4.470479223992252393, 2.293003971280350051, -8.837551326248092920 ) ) ;
#2844 = EDGE_CURVE ( 'NONE', #963, #3637, #5800, .T. ) ;
#2845 = CARTESIAN_POINT ( 'NONE',  ( 9.998077438046035326, 1.992695579455369570, -0.2270269566657992233 ) ) ;
#2846 = ORIENTED_EDGE ( 'NONE', *, *, #5956, .F. ) ;
#2847 = DIRECTION ( 'NONE',  ( 0.9249892435672764091, 0.000000000000000000, -0.3799932884734122385 ) ) ;
#2848 = VERTEX_POINT ( 'NONE', #3641 ) ;
#2849 = EDGE_CURVE ( 'NONE', #5119, #3173, #1510, .T. ) ;
#2850 = CARTESIAN_POINT ( 'NONE',  ( 3.670870801779579029, 2.134320569921031030, -9.131270309608062519 ) ) ;
#2851 = LINE ( 'NONE', #4616, #1169 ) ;
#2852 = DIRECTION ( 'NONE',  ( -0.000000000000000000, -1.000000000000000000, -0.000000000000000000 ) ) ;
#2853 = CARTESIAN_POINT ( 'NONE',  ( -8.827410336412164327, 2.314916786199596732, -4.501324523359326868 ) ) ;
#2854 = ORIENTED_EDGE ( 'NONE', *, *, #4382, .F. ) ;
#2855 = DIRECTION ( 'NONE',  ( -0.000000000000000000, 1.000000000000000000, -0.000000000000000000 ) ) ;
#2856 = VERTEX_POINT ( 'NONE', #3203 ) ;
#2857 = CARTESIAN_POINT ( 'NONE',  ( 1.098630827246565245, 9.500000000000000000, 9.436260398347616984 ) ) ;
#2858 = EDGE_LOOP ( 'NONE', ( #4667, #1257, #286 ) ) ;
#2859 = DIRECTION ( 'NONE',  ( 4.386267836225386922E-16, -1.000000000000000000, 1.543988371350663943E-15 ) ) ;
#2860 = SPHERICAL_SURFACE ( 'NONE', #3093, 0.5000000000000000000 ) ;
#2861 = DIRECTION ( 'NONE',  ( -0.000000000000000000, -1.000000000000000000, -0.000000000000000000 ) ) ;
#2862 = EDGE_LOOP ( 'NONE', ( #6061, #834, #3256, #2039 ) ) ;
#2863 = CARTESIAN_POINT ( 'NONE',  ( 4.470479223992320783, 2.500000000000000444, -8.792691572869168581 ) ) ;
#2864 = CARTESIAN_POINT ( 'NONE',  ( -1.830433831214388851, 0.000000000000000000, 1.554148821017839577 ) ) ;
#2865 = EDGE_LOOP ( 'NONE', ( #3977, #7079, #3869 ) ) ;
#2866 = DIRECTION ( 'NONE',  ( 0.5249775667251623812, 0.000000000000000000, 0.8511160640214281425 ) ) ;
#2867 = DIRECTION ( 'NONE',  ( 0.000000000000000000, 1.000000000000000000, 0.000000000000000000 ) ) ;
#2868 = CARTESIAN_POINT ( 'NONE',  ( 3.943489008538171525, 1.768638744481567660, 9.190461521628884967 ) ) ;
#2869 = ORIENTED_EDGE ( 'NONE', *, *, #2100, .F. ) ;
#2870 = DIRECTION ( 'NONE',  ( 0.000000000000000000, -1.000000000000000000, 0.000000000000000000 ) ) ;
#2871 = ORIENTED_EDGE ( 'NONE', *, *, #4088, .T. ) ;
#2872 = CARTESIAN_POINT ( 'NONE',  ( 5.095752233843723986E-17, 10.00000000000000000, -11.68192517863507618 ) ) ;
#2873 = CARTESIAN_POINT ( 'NONE',  ( 6.351745126529961816, 2.321832774718814996, 7.725205082552343505 ) ) ;
#2874 = DIRECTION ( 'NONE',  ( 0.000000000000000000, 1.000000000000000000, 0.000000000000000000 ) ) ;
#2875 = CARTESIAN_POINT ( 'NONE',  ( -9.579266306899961947, 2.410376625841652132, -2.873880099894544404 ) ) ;
#2876 = AXIS2_PLACEMENT_3D ( 'NONE', #985, #6274, #725 ) ;
#2877 = DIRECTION ( 'NONE',  ( 0.000000000000000000, 0.000000000000000000, 1.000000000000000000 ) ) ;
#2878 = ORIENTED_EDGE ( 'NONE', *, *, #7173, .F. ) ;
#2879 = FACE_OUTER_BOUND ( 'NONE', #6049, .T. ) ;
#2880 = ORIENTED_EDGE ( 'NONE', *, *, #2902, .T. ) ;
#2881 = DIRECTION ( 'NONE',  ( 0.000000000000000000, 0.000000000000000000, 1.000000000000000000 ) ) ;
#2882 = VECTOR ( 'NONE', #6442, 1000.000000000000000 ) ;
#2883 = FACE_OUTER_BOUND ( 'NONE', #2994, .T. ) ;
#2884 = LINE ( 'NONE', #3466, #6390 ) ;
#2885 = CARTESIAN_POINT ( 'NONE',  ( -6.710920482711959956, 1.827040335878403754, -7.414766135587745666 ) ) ;
#2886 = ORIENTED_EDGE ( 'NONE', *, *, #4576, .T. ) ;
#2887 = EDGE_CURVE ( 'NONE', #6481, #6622, #881, .T. ) ;
#2888 = CIRCLE ( 'NONE', #1612, 0.4999999999999996114 ) ;
#2889 = CARTESIAN_POINT ( 'NONE',  ( 1.010707542388655789, 2.409665417632329110, -9.949874374723599146 ) ) ;
#2890 = VERTEX_POINT ( 'NONE', #1567 ) ;
#2891 = CARTESIAN_POINT ( 'NONE',  ( 0.000000000000000000, 10.00000000000000000, 0.000000000000000000 ) ) ;
#2892 = ADVANCED_FACE ( 'NONE', ( #1461 ), #2658, .T. ) ;
#2893 = VERTEX_POINT ( 'NONE', #6455 ) ;
#2894 = EDGE_CURVE ( 'NONE', #4723, #2965, #5300, .T. ) ;
#2895 = CIRCLE ( 'NONE', #6365, 0.5000000000000004441 ) ;
#2896 = CARTESIAN_POINT ( 'NONE',  ( -0.1814307967061967730, 0.000000000000000000, 2.394357833393300883 ) ) ;
#2897 = CARTESIAN_POINT ( 'NONE',  ( -9.949874378253733553, 2.410376625841607279, 1.010707506680337264 ) ) ;
#2898 = EDGE_CURVE ( 'NONE', #3417, #2021, #1582, .T. ) ;
#2899 = DIRECTION ( 'NONE',  ( -0.07555769727474681563, 0.000000000000000000, -0.9971414314842893534 ) ) ;
#2900 = VERTEX_POINT ( 'NONE', #3418 ) ;
#2901 = VECTOR ( 'NONE', #791, 1000.000000000000000 ) ;
#2902 = EDGE_CURVE ( 'NONE', #245, #3303, #2442, .T. ) ;
#2903 = VERTEX_POINT ( 'NONE', #3884 ) ;
#2904 = FACE_OUTER_BOUND ( 'NONE', #2099, .T. ) ;
#2905 = DIRECTION ( 'NONE',  ( 0.000000000000000000, -0.000000000000000000, 1.000000000000000000 ) ) ;
#2906 = CARTESIAN_POINT ( 'NONE',  ( 9.880520895452907126, 2.343771222574625224, 0.8133254559658908978 ) ) ;
#2907 = DIRECTION ( 'NONE',  ( 0.000000000000000000, -1.000000000000000000, 0.000000000000000000 ) ) ;
#2908 = CIRCLE ( 'NONE', #4290, 10.00000000000000000 ) ;
#2909 = AXIS2_PLACEMENT_3D ( 'NONE', #3059, #5262, #3488 ) ;
#2910 = VERTEX_POINT ( 'NONE', #6670 ) ;
#2911 = DIRECTION ( 'NONE',  ( -0.9249892435672766311, 0.000000000000000000, 0.3799932884734116278 ) ) ;
#2912 = CARTESIAN_POINT ( 'NONE',  ( 6.704975473565709443, 1.829075679051622272, 7.420172320006896527 ) ) ;
#2913 = DIRECTION ( 'NONE',  ( 8.881784197001252323E-15, 0.000000000000000000, 1.000000000000000000 ) ) ;
#2914 = CIRCLE ( 'NONE', #6966, 0.5000000000000004441 ) ;
#2915 = VECTOR ( 'NONE', #2639, 1000.000000000000000 ) ;
#2916 = CARTESIAN_POINT ( 'NONE',  ( -8.878359725471337782, 1.981868317978701333, -4.602995496167404887 ) ) ;
#2917 = CARTESIAN_POINT ( 'NONE',  ( -2.504813822048898242, 8.000000000000000000, 1.276266388579324840 ) ) ;
#2918 = ORIENTED_EDGE ( 'NONE', *, *, #1512, .F. ) ;
#2919 = FACE_OUTER_BOUND ( 'NONE', #270, .T. ) ;
#2920 = ORIENTED_EDGE ( 'NONE', *, *, #4127, .T. ) ;
#2921 = AXIS2_PLACEMENT_3D ( 'NONE', #1763, #6792, #6760 ) ;
#2922 = AXIS2_PLACEMENT_3D ( 'NONE', #5159, #5821, #4179 ) ;
#2923 = CARTESIAN_POINT ( 'NONE',  ( 7.611508121969646545, 9.500000000000000000, -6.368549229222909780 ) ) ;
#2924 = CYLINDRICAL_SURFACE ( 'NONE', #2103, 0.5000000000000000000 ) ;
#2925 = CYLINDRICAL_SURFACE ( 'NONE', #4070, 0.5000000000000004441 ) ;
#2926 = CARTESIAN_POINT ( 'NONE',  ( -5.895594408747051318, 9.500000000000000000, 7.449293024680295972 ) ) ;
#2927 = VECTOR ( 'NONE', #6536, 1000.000000000000000 ) ;
#2928 = VERTEX_POINT ( 'NONE', #3957 ) ;
#2929 = DIRECTION ( 'NONE',  ( 0.000000000000000000, -1.000000000000000000, 0.000000000000000000 ) ) ;
#2930 = VERTEX_POINT ( 'NONE', #4932 ) ;
#2931 = CARTESIAN_POINT ( 'NONE',  ( -2.922977707959118376, 2.059838893144286587, 9.563576536480384860 ) ) ;
#2932 = EDGE_LOOP ( 'NONE', ( #5525, #812, #639, #5770 ) ) ;
#2933 = VECTOR ( 'NONE', #6807, 1000.000000000000114 ) ;
#2934 = ADVANCED_FACE ( 'NONE', ( #3275 ), #3600, .T. ) ;
#2935 = DIRECTION ( 'NONE',  ( -7.816086743456928668E-16, -1.000000000000000000, 1.401920620564776482E-15 ) ) ;
#2936 = CARTESIAN_POINT ( 'NONE',  ( -7.611508121969602136, 2.500000000000000444, 6.368549229222964847 ) ) ;
#2937 = CARTESIAN_POINT ( 'NONE',  ( -4.470479223992169793, 9.500000000000000000, -10.79269157286923075 ) ) ;
#2938 = EDGE_CURVE ( 'NONE', #5788, #3118, #3851, .T. ) ;
#2939 = ORIENTED_EDGE ( 'NONE', *, *, #3658, .F. ) ;
#2940 = EDGE_LOOP ( 'NONE', ( #5500, #6548, #4009, #5737 ) ) ;
#2941 = CARTESIAN_POINT ( 'NONE',  ( -2.776607510986325966, 8.000000000000000000, 0.4397714266284747930 ) ) ;
#2942 = ADVANCED_FACE ( 'NONE', ( #73 ), #2325, .F. ) ;
#2943 = DIRECTION ( 'NONE',  ( 0.000000000000000000, 0.000000000000000000, -1.000000000000000000 ) ) ;
#2944 = CARTESIAN_POINT ( 'NONE',  ( 9.885393354405101363, 2.456298904871081046, 0.8789046617973584885 ) ) ;
#2945 = DIRECTION ( 'NONE',  ( -0.8982659121149824122, 0.000000000000000000, -0.4394523308986298948 ) ) ;
#2946 = DIRECTION ( 'NONE',  ( 0.000000000000000000, 0.000000000000000000, 1.000000000000000000 ) ) ;
#2947 = ORIENTED_EDGE ( 'NONE', *, *, #6037, .T. ) ;
#2948 = DIRECTION ( 'NONE',  ( 2.602085213965210642E-15, 0.000000000000000000, 1.000000000000000000 ) ) ;
#2949 = CARTESIAN_POINT ( 'NONE',  ( 7.841361078610904478, 2.500000000000000000, -6.205888851312601595 ) ) ;
#2950 = EDGE_CURVE ( 'NONE', #1069, #1918, #2836, .T. ) ;
#2951 = CARTESIAN_POINT ( 'NONE',  ( -6.205888851312630017, 9.500000000000000000, -7.841361078610881385 ) ) ;
#2952 = CARTESIAN_POINT ( 'NONE',  ( -9.606967333087593985, 2.257089604130861904, -2.777044024017619517 ) ) ;
#2953 = CARTESIAN_POINT ( 'NONE',  ( 9.874972037550532988, 2.279592747210310133, 0.7396982729254583111 ) ) ;
#2954 = EDGE_LOOP ( 'NONE', ( #6033, #6412 ) ) ;
#2955 = DIRECTION ( 'NONE',  ( -0.000000000000000000, -1.000000000000000000, -0.000000000000000000 ) ) ;
#2956 = ORIENTED_EDGE ( 'NONE', *, *, #1119, .F. ) ;
#2957 = DIRECTION ( 'NONE',  ( 0.000000000000000000, 1.000000000000000000, 0.000000000000000000 ) ) ;
#2958 = DIRECTION ( 'NONE',  ( 0.000000000000000000, 1.000000000000000000, 0.000000000000000000 ) ) ;
#2959 = CARTESIAN_POINT ( 'NONE',  ( -1.156453502364804375, 10.00000000000000000, -9.932905682471176334 ) ) ;
#2960 = CARTESIAN_POINT ( 'NONE',  ( 2.043718524445536922, 8.000000000000000000, 1.260587625341248019 ) ) ;
#2961 = VECTOR ( 'NONE', #4163, 1000.000000000000000 ) ;
#2962 = CARTESIAN_POINT ( 'NONE',  ( -2.333234819276243766, 8.000000000000000000, 0.5673463196692546395 ) ) ;
#2963 = ORIENTED_EDGE ( 'NONE', *, *, #6123, .T. ) ;
#2964 = CARTESIAN_POINT ( 'NONE',  ( 9.932905682471186992, 2.500000000000000444, -1.156453502364700237 ) ) ;
#2965 = VERTEX_POINT ( 'NONE', #107 ) ;
#2966 = LINE ( 'NONE', #6265, #6664 ) ;
#2967 = DIRECTION ( 'NONE',  ( 0.000000000000000000, 0.000000000000000000, 1.000000000000000000 ) ) ;
#2968 = FACE_OUTER_BOUND ( 'NONE', #1433, .T. ) ;
#2969 = CARTESIAN_POINT ( 'NONE',  ( -0.9734035322810855595, 0.000000000000000000, 2.995828026329733884 ) ) ;
#2970 = DIRECTION ( 'NONE',  ( -0.8734252662744590445, 0.000000000000000000, 0.4869582161062593895 ) ) ;
#2971 = VERTEX_POINT ( 'NONE', #2730 ) ;
#2972 = EDGE_CURVE ( 'NONE', #6571, #346, #582, .T. ) ;
#2973 = ORIENTED_EDGE ( 'NONE', *, *, #3042, .F. ) ;
#2974 = DIRECTION ( 'NONE',  ( -1.401920620564769776E-15, 1.000000000000000000, -7.816086743456832033E-16 ) ) ;
#2975 = AXIS2_PLACEMENT_3D ( 'NONE', #1908, #6321, #1356 ) ;
#2976 = TOROIDAL_SURFACE ( 'NONE', #7026, 9.500000000000000000, 0.5000000000000000000 ) ;
#2977 = CARTESIAN_POINT ( 'NONE',  ( 1.010707506679200174, 2.410376625841616605, 9.949874378253726448 ) ) ;
#2978 = CARTESIAN_POINT ( 'NONE',  ( -5.895594408747052206, 9.500000000000000000, 7.449293024680294195 ) ) ;
#2979 = CARTESIAN_POINT ( 'NONE',  ( 8.297540029607301193, 9.500000000000000000, 4.626103053009570587 ) ) ;
#2980 = CARTESIAN_POINT ( 'NONE',  ( 5.095752233843723986E-17, 2.500000000000000444, -9.681925178635076179 ) ) ;
#2981 = ADVANCED_FACE ( 'NONE', ( #5552 ), #6172, .T. ) ;
#2982 = CARTESIAN_POINT ( 'NONE',  ( -2.548403532281083628, 0.000000000000000000, 1.851523544721290992 ) ) ;
#2983 = VERTEX_POINT ( 'NONE', #5045 ) ;
#2984 = EDGE_CURVE ( 'NONE', #4224, #4844, #6708, .T. ) ;
#2985 = ADVANCED_FACE ( 'NONE', ( #5623 ), #3835, .F. ) ;
#2986 = CARTESIAN_POINT ( 'NONE',  ( -4.826544448226514739, 2.249819565270344768, -8.758463274103203133 ) ) ;
#2987 = DIRECTION ( 'NONE',  ( 8.659560562354979697E-17, -0.7071067811865436870, 0.7071067811865513475 ) ) ;
#2988 = CARTESIAN_POINT ( 'NONE',  ( -9.015711933060062577, 2.139924804626978538, -3.956182678658464624 ) ) ;
#2989 = ADVANCED_FACE ( 'NONE', ( #4460 ), #1746, .T. ) ;
#2990 = CARTESIAN_POINT ( 'NONE',  ( 9.883052937361801682, 2.377840714399285904, 0.8470067704478941861 ) ) ;
#2991 = ORIENTED_EDGE ( 'NONE', *, *, #6814, .F. ) ;
#2992 =( BOUNDED_SURFACE ( )  B_SPLINE_SURFACE ( 3, 2, ( 
 ( #5732, #3055, #5877 ),
 ( #5220, #2977, #3665 ),
 ( #2507, #4636, #2475 ),
 ( #248, #2396, #6954 ),
 ( #5179, #5842, #5258 ),
 ( #4674, #6885, #6850 ),
 ( #1928, #4160, #4129 ),
 ( #3087, #1380, #6343 ),
 ( #4706, #4594, #905 ),
 ( #5804, #3591, #174 ),
 ( #839, #6917, #5290 ),
 ( #1314, #1963, #6378 ),
 ( #315, #762, #1850 ),
 ( #6278, #4738, #4060 ),
 ( #426, #1624, #5947 ),
 ( #3771, #4373, #7132 ),
 ( #3263, #981, #2170 ),
 ( #3800, #6583, #5365 ) ),
 .UNSPECIFIED., .F., .F., .F. ) 
 B_SPLINE_SURFACE_WITH_KNOTS ( ( 4, 2, 2, 2, 2, 2, 2, 2, 4 ),
 ( 3, 3 ),
 ( -9.215718466126787689E-19, 0.0003645422052340796569, 0.0007290844104681602897, 0.001093626615702240814, 0.001458168820936321447, 0.001822711026170402079, 0.002187253231404482495, 0.002551795436638562911, 0.002916337641872643761 ),
 ( 0.000000000000000000, 1.000000000000000000 ),
 .UNSPECIFIED. ) 
 GEOMETRIC_REPRESENTATION_ITEM ( )  RATIONAL_B_SPLINE_SURFACE ( (
 ( 1.000000000000000000, 0.9595359398070240076, 1.000000000000000000),
 ( 1.000000000000000000, 0.9595833763010070960, 1.000000000000000000),
 ( 1.000000000000000000, 0.9570685609626875534, 1.000000000000000000),
 ( 1.000000000000000000, 0.9488880332095234182, 1.000000000000000000),
 ( 1.000000000000000000, 0.9432547151588540624, 1.000000000000000000),
 ( 1.000000000000000000, 0.9321826025349290168, 1.000000000000000000),
 ( 1.000000000000000000, 0.9268523530654622089, 1.000000000000000000),
 ( 1.000000000000000000, 0.9192073681285430897, 1.000000000000000000),
 ( 1.000000000000000000, 0.9170514797510966876, 1.000000000000000000),
 ( 1.000000000000000000, 0.9170288608893719662, 1.000000000000000000),
 ( 1.000000000000000000, 0.9192260099104104798, 1.000000000000000000),
 ( 1.000000000000000000, 0.9267996068665648179, 1.000000000000000000),
 ( 1.000000000000000000, 0.9321812854749950139, 1.000000000000000000),
 ( 1.000000000000000000, 0.9432160661325560413, 1.000000000000000000),
 ( 1.000000000000000000, 0.9488445939139590335, 1.000000000000000000),
 ( 1.000000000000000000, 0.9570263305979455071, 1.000000000000000000),
 ( 1.000000000000000000, 0.9595878455022781583, 1.000000000000000000),
 ( 1.000000000000000000, 0.9595359398070241186, 1.000000000000000000) ) ) 
 REPRESENTATION_ITEM ( '' )  SURFACE ( )  );
#2993 = CARTESIAN_POINT ( 'NONE',  ( 4.594978287206101797, 2.500000000000000444, -8.796570338259684263 ) ) ;
#2994 = EDGE_LOOP ( 'NONE', ( #2518, #3711, #1568, #2010 ) ) ;
#2995 = CARTESIAN_POINT ( 'NONE',  ( 0.8453666450343813032, 1.975660126345932577, 9.964848877562472396 ) ) ;
#2996 = CARTESIAN_POINT ( 'NONE',  ( 4.470479223992320783, 2.500000000000000444, -9.292691572869168581 ) ) ;
#2997 = CARTESIAN_POINT ( 'NONE',  ( 9.469254843656191412, 9.500000000000000000, 2.970974231079661632 ) ) ;
#2998 = DIRECTION ( 'NONE',  ( 0.000000000000000000, 0.000000000000000000, 1.000000000000000000 ) ) ;
#2999 = ORIENTED_EDGE ( 'NONE', *, *, #2413, .F. ) ;
#3000 = DIRECTION ( 'NONE',  ( 0.000000000000000000, 3.469446951953614189E-15, 1.000000000000000000 ) ) ;
#3001 = ORIENTED_EDGE ( 'NONE', *, *, #5189, .F. ) ;
#3002 = CARTESIAN_POINT ( 'NONE',  ( -9.619363854055755780, 10.00000000000000000, -2.732734718790980288 ) ) ;
#3003 = VECTOR ( 'NONE', #3693, 1000.000000000000114 ) ;
#3004 = ORIENTED_EDGE ( 'NONE', *, *, #5819, .F. ) ;
#3005 = DIRECTION ( 'NONE',  ( 0.000000000000000000, 1.000000000000000000, 0.000000000000000000 ) ) ;
#3006 = CIRCLE ( 'NONE', #5902, 2.500000000000000444 ) ;
#3007 = CARTESIAN_POINT ( 'NONE',  ( 2.732734718791010486, 2.371852820628066905, -9.619363854055745122 ) ) ;
#3008 = CIRCLE ( 'NONE', #3925, 0.4999999999999995559 ) ;
#3009 = FACE_OUTER_BOUND ( 'NONE', #2341, .T. ) ;
#3010 = CARTESIAN_POINT ( 'NONE',  ( -0.2501539172365432884, 1.779255717700187978, -9.997642733695165873 ) ) ;
#3011 = VERTEX_POINT ( 'NONE', #3307 ) ;
#3012 = ORIENTED_EDGE ( 'NONE', *, *, #1932, .F. ) ;
#3013 = CIRCLE ( 'NONE', #3131, 2.000000000000000000 ) ;
#3014 = DIRECTION ( 'NONE',  ( 0.000000000000000000, 0.000000000000000000, -1.000000000000000000 ) ) ;
#3015 =( NAMED_UNIT ( * ) PLANE_ANGLE_UNIT ( ) SI_UNIT ( $, .RADIAN. ) );
#3016 = AXIS2_PLACEMENT_3D ( 'NONE', #6832, #1878, #5861 ) ;
#3017 = DIRECTION ( 'NONE',  ( -0.07555769727474789810, 0.000000000000000000, 0.9971414314842893534 ) ) ;
#3018 = DIRECTION ( 'NONE',  ( 0.000000000000000000, 0.000000000000000000, 1.000000000000000000 ) ) ;
#3019 = CARTESIAN_POINT ( 'NONE',  ( -1.098630827246565245, 9.500000000000000000, -9.436260398347616984 ) ) ;
#3020 = ORIENTED_EDGE ( 'NONE', *, *, #6700, .T. ) ;
#3021 = VECTOR ( 'NONE', #5125, 1000.000000000000000 ) ;
#3022 = DIRECTION ( 'NONE',  ( -1.509903313490212895E-14, 0.000000000000000000, 1.000000000000000000 ) ) ;
#3023 = ADVANCED_FACE ( 'NONE', ( #1131 ), #4533, .T. ) ;
#3024 = CARTESIAN_POINT ( 'NONE',  ( 3.306964416653572769, 2.048970607329088534, 9.438151782886803787 ) ) ;
#3025 = CARTESIAN_POINT ( 'NONE',  ( 10.79269157286915615, 2.500000000000000444, 4.470479223992352757 ) ) ;
#3026 = AXIS2_PLACEMENT_3D ( 'NONE', #5576, #5677, #5645 ) ;
#3027 = LINE ( 'NONE', #4609, #5334 ) ;
#3028 = ADVANCED_FACE ( 'NONE', ( #1672 ), #1708, .T. ) ;
#3029 = ORIENTED_EDGE ( 'NONE', *, *, #4923, .F. ) ;
#3030 = CARTESIAN_POINT ( 'NONE',  ( 4.626103053009366306, 2.500000000000000444, 8.797540029607414880 ) ) ;
#3031 = ORIENTED_EDGE ( 'NONE', *, *, #5910, .F. ) ;
#3032 = CARTESIAN_POINT ( 'NONE',  ( -2.931332810158137292, 2.051666420109251820, 9.561040643706682829 ) ) ;
#3033 = CIRCLE ( 'NONE', #6384, 0.5000000000000004441 ) ;
#3034 = CARTESIAN_POINT ( 'NONE',  ( -2.596097982851400143, 9.500000000000000000, 9.138395661352978649 ) ) ;
#3035 = ADVANCED_FACE ( 'NONE', ( #5480 ), #508, .F. ) ;
#3036 = TOROIDAL_SURFACE ( 'NONE', #2800, 1.500000000000000000, 0.5000000000000000000 ) ;
#3037 = DIRECTION ( 'NONE',  ( 0.000000000000000000, 0.000000000000000000, 1.000000000000000000 ) ) ;
#3038 = CARTESIAN_POINT ( 'NONE',  ( 4.626103053009547494, 2.500000000000000000, -8.297540029607313627 ) ) ;
#3039 = CARTESIAN_POINT ( 'NONE',  ( -0.9734035322810868918, 0.000000000000000000, -2.995828026329732996 ) ) ;
#3040 = ORIENTED_EDGE ( 'NONE', *, *, #3042, .T. ) ;
#3042 = EDGE_CURVE ( 'NONE', #1847, #5791, #5224, .T. ) ;
#3041 = CIRCLE ( 'NONE', #6732, 0.5000000000000004441 ) ;
#3044 = CARTESIAN_POINT ( 'NONE',  ( -4.564612839430714608, 2.377840714399328093, 8.806614869402679346 ) ) ;
#3043 = VECTOR ( 'NONE', #2487, 1000.000000000000000 ) ;
#3045 = ORIENTED_EDGE ( 'NONE', *, *, #1653, .F. ) ;
#3046 = CARTESIAN_POINT ( 'NONE',  ( 8.884289160643646710, 2.181508697813368425, -4.592078116478229610 ) ) ;
#3047 = AXIS2_PLACEMENT_3D ( 'NONE', #5628, #4498, #6713 ) ;
#3048 = AXIS2_PLACEMENT_3D ( 'NONE', #416, #2642, #4299 ) ;
#3049 = DIRECTION ( 'NONE',  ( -0.000000000000000000, -1.000000000000000000, -0.000000000000000000 ) ) ;
#3050 = DIRECTION ( 'NONE',  ( -1.000000000000000000, 3.469446951953611033E-15, 0.000000000000000000 ) ) ;
#3051 = CARTESIAN_POINT ( 'NONE',  ( 6.368549229222884911, 2.500000000000000444, 7.611508121969668750 ) ) ;
#3052 = ORIENTED_EDGE ( 'NONE', *, *, #7, .F. ) ;
#3053 = ORIENTED_EDGE ( 'NONE', *, *, #3749, .F. ) ;
#3054 = CIRCLE ( 'NONE', #255, 2.000000000000000000 ) ;
#3055 = CARTESIAN_POINT ( 'NONE',  ( 1.010707579139243473, 2.500000000000000000, 9.949874371066197654 ) ) ;
#3056 = DIRECTION ( 'NONE',  ( 0.000000000000000000, -1.000000000000000000, 0.000000000000000000 ) ) ;
#3057 = CARTESIAN_POINT ( 'NONE',  ( 0.000000000000000000, -4.000000000000000000, 0.000000000000000000 ) ) ;
#3058 = CARTESIAN_POINT ( 'NONE',  ( 5.895594408746947401, 9.500000000000000000, 7.449293024680376796 ) ) ;
#3059 = CARTESIAN_POINT ( 'NONE',  ( -10.79269157286918812, 2.500000000000000444, -4.470479223992283480 ) ) ;
#3060 = ORIENTED_EDGE ( 'NONE', *, *, #4402, .T. ) ;
#3061 = CARTESIAN_POINT ( 'NONE',  ( 9.885393354405099586, 9.500000000000000000, 0.8789046617973568232 ) ) ;
#3062 = CARTESIAN_POINT ( 'NONE',  ( 4.142024133190862933, 2.164715090713917434, 8.947791336897530812 ) ) ;
#3063 = CARTESIAN_POINT ( 'NONE',  ( 1.098630827246567243, 9.500000000000000000, 9.436260398347616984 ) ) ;
#3064 = CARTESIAN_POINT ( 'NONE',  ( 9.932905682471163900, 2.500000000000000444, 1.156453502364910513 ) ) ;
#3065 = ORIENTED_EDGE ( 'NONE', *, *, #5501, .F. ) ;
#3066 = ADVANCED_FACE ( 'NONE', ( #3562 ), #4641, .T. ) ;
#3067 = CARTESIAN_POINT ( 'NONE',  ( -8.796570338259703803, 9.500000000000000000, -4.594978287206068934 ) ) ;
#3068 = EDGE_LOOP ( 'NONE', ( #3928, #2102, #2568 ) ) ;
#3069 = CARTESIAN_POINT ( 'NONE',  ( -4.142024133190974844, 2.164715090713958734, -8.947791336897445547 ) ) ;
#3070 = CARTESIAN_POINT ( 'NONE',  ( 7.611508121969512430, 9.500000000000000000, 6.368549229223070540 ) ) ;
#3071 = CARTESIAN_POINT ( 'NONE',  ( 0.000000000000000000, 9.500000000000000000, 0.000000000000000000 ) ) ;
#3072 = EDGE_CURVE ( 'NONE', #4459, #5426, #284, .T. ) ;
#3073 = DIRECTION ( 'NONE',  ( 0.9459096409518791271, 0.000000000000000000, -0.3244301945785676433 ) ) ;
#3074 = DIRECTION ( 'NONE',  ( 0.000000000000000000, 0.000000000000000000, 1.000000000000000000 ) ) ;
#3075 = VERTEX_POINT ( 'NONE', #768 ) ;
#3076 = EDGE_CURVE ( 'NONE', #6047, #3471, #4021, .T. ) ;
#3077 = LINE ( 'NONE', #4087, #5219 ) ;
#3078 = ORIENTED_EDGE ( 'NONE', *, *, #3528, .F. ) ;
#3079 = CARTESIAN_POINT ( 'NONE',  ( 1.987831504145224137, 0.000000000000000000, 1.987831504145222805 ) ) ;
#3080 = DIRECTION ( 'NONE',  ( -0.07555769727474685726, 0.000000000000000000, -0.9971414314842893534 ) ) ;
#3081 = CARTESIAN_POINT ( 'NONE',  ( -7.449293024680316400, 9.500000000000000000, 5.895594408747026449 ) ) ;
#3082 = DIRECTION ( 'NONE',  ( 0.4869582161062594450, -6.234929640351419973E-15, 0.8734252662744591555 ) ) ;
#3083 = EDGE_LOOP ( 'NONE', ( #4245, #5110, #3520, #2782 ) ) ;
#3084 = EDGE_CURVE ( 'NONE', #963, #4110, #1409, .T. ) ;
#3085 = ORIENTED_EDGE ( 'NONE', *, *, #5405, .T. ) ;
#3086 = B_SPLINE_CURVE_WITH_KNOTS ( 'NONE', 3,
 ( #1937, #4603, #2986, #1427, #4135, #287, #4748, #3601, #1906, #3638, #2551, #4712, #771, #5812, #2514, #3673, #1972, #5848 ),
 .UNSPECIFIED., .F., .F.,
 ( 4, 2, 2, 2, 2, 2, 2, 2, 4 ),
 ( 1.301042606982605321E-18, 0.0003765522689820506043, 0.0007531045379640999076, 0.001129656806946149157, 0.001506209075928198514, 0.001882761344910247872, 0.002259313613892297012, 0.002635865882874346370, 0.003012418151856395727 ),
 .UNSPECIFIED. ) ;
#3087 = CARTESIAN_POINT ( 'NONE',  ( 0.2045203784392708446, 2.139858412045501979, 9.843376979806528482 ) ) ;
#3088 = CARTESIAN_POINT ( 'NONE',  ( 9.469254843656253584, 2.500000000000000444, -2.970974231079463568 ) ) ;
#3089 = DIRECTION ( 'NONE',  ( -1.000000000000000000, -1.734723475976807094E-15, 0.000000000000000000 ) ) ;
#3090 = DIRECTION ( 'NONE',  ( 0.000000000000000000, 0.000000000000000000, 1.000000000000000000 ) ) ;
#3091 = DIRECTION ( 'NONE',  ( 0.000000000000000000, 0.000000000000000000, 1.000000000000000000 ) ) ;
#3092 = VERTEX_POINT ( 'NONE', #4133 ) ;
#3093 = AXIS2_PLACEMENT_3D ( 'NONE', #5103, #5036, #29 ) ;
#3094 = AXIS2_PLACEMENT_3D ( 'NONE', #5089, #4001, #4614 ) ;
#3095 = DIRECTION ( 'NONE',  ( 0.000000000000000000, 0.000000000000000000, 1.000000000000000000 ) ) ;
#3096 = PLANE ( 'NONE',  #1888 ) ;
#3097 = CARTESIAN_POINT ( 'NONE',  ( 0.000000000000000000, 9.500000000000000000, 0.000000000000000000 ) ) ;
#3098 = LINE ( 'NONE', #368, #3142 ) ;
#3099 = ORIENTED_EDGE ( 'NONE', *, *, #1345, .F. ) ;
#3100 = DIRECTION ( 'NONE',  ( -0.9716864685947450564, 0.000000000000000000, -0.2362740077746035283 ) ) ;
#3101 = ORIENTED_EDGE ( 'NONE', *, *, #4963, .T. ) ;
#3102 = CARTESIAN_POINT ( 'NONE',  ( -4.391695231003043709, 2.241156341101772309, -8.863313405234823250 ) ) ;
#3103 = CARTESIAN_POINT ( 'NONE',  ( 9.964817015740026207, 1.975903690497188725, -0.8457292328690412253 ) ) ;
#3104 = CARTESIAN_POINT ( 'NONE',  ( 0.000000000000000000, 9.500000000000000000, 0.000000000000000000 ) ) ;
#3105 = CARTESIAN_POINT ( 'NONE',  ( -9.885393354405106692, 2.456298904871081934, -0.8789046617972881004 ) ) ;
#3106 = LINE ( 'NONE', #5790, #1280 ) ;
#3107 = EDGE_LOOP ( 'NONE', ( #6498, #5385, #1784, #2991 ) ) ;
#3108 = CARTESIAN_POINT ( 'NONE',  ( -4.289462306013308357, 1.829075679051493042, 9.034166618178197439 ) ) ;
#3109 = EDGE_LOOP ( 'NONE', ( #4388, #5143, #3065 ) ) ;
#3110 = PRODUCT_RELATED_PRODUCT_CATEGORY ( 'part', '', ( #4796 ) ) ;
#3111 = CARTESIAN_POINT ( 'NONE',  ( 3.607922989077346099, 2.134286657244864660, 9.157329489925338351 ) ) ;
#3112 = CARTESIAN_POINT ( 'NONE',  ( 0.000000000000000000, 9.500000000000000000, 0.000000000000000000 ) ) ;
#3113 = EDGE_CURVE ( 'NONE', #4031, #542, #2511, .T. ) ;
#3114 = CARTESIAN_POINT ( 'NONE',  ( 0.1711472729025990958, 2.134291405717180901, 9.840963537470317490 ) ) ;
#3115 = CARTESIAN_POINT ( 'NONE',  ( 10.79269157286915615, 9.500000000000000000, 4.470479223992352757 ) ) ;
#3116 = CARTESIAN_POINT ( 'NONE',  ( -1.830433831214381746, 8.000000000000000000, -1.554148821017840243 ) ) ;
#3117 = ORIENTED_EDGE ( 'NONE', *, *, #1776, .F. ) ;
#3118 = VERTEX_POINT ( 'NONE', #2982 ) ;
#3119 = EDGE_CURVE ( 'NONE', #3642, #1847, #6240, .T. ) ;
#3120 = AXIS2_PLACEMENT_3D ( 'NONE', #2249, #3803, #1701 ) ;
#3121 = ADVANCED_FACE ( 'NONE', ( #3990 ), #7072, .T. ) ;
#3122 = CARTESIAN_POINT ( 'NONE',  ( -8.734252662744593110, 9.500000000000000000, 4.869582161062587566 ) ) ;
#3123 = DIRECTION ( 'NONE',  ( 0.000000000000000000, 0.000000000000000000, 1.000000000000000000 ) ) ;
#3125 = EDGE_CURVE ( 'NONE', #6227, #7100, #4679, .T. ) ;
#3124 = FACE_OUTER_BOUND ( 'NONE', #1300, .T. ) ;
#3126 = CIRCLE ( 'NONE', #4041, 9.500000000000000000 ) ;
#3127 = CARTESIAN_POINT ( 'NONE',  ( 8.967023712798470214, 2.147145517465061104, 4.085870468678399980 ) ) ;
#3128 = EDGE_CURVE ( 'NONE', #5886, #4167, #3529, .T. ) ;
#3129 = ORIENTED_EDGE ( 'NONE', *, *, #88, .T. ) ;
#3130 = CARTESIAN_POINT ( 'NONE',  ( 4.470479223992089857, 2.500000000000000444, 8.792691572869266281 ) ) ;
#3131 = AXIS2_PLACEMENT_3D ( 'NONE', #2650, #3744, #4853 ) ;
#3132 = CARTESIAN_POINT ( 'NONE',  ( -8.297540029607363365, 10.00000000000000000, 4.626103053009460453 ) ) ;
#3133 = CYLINDRICAL_SURFACE ( 'NONE', #1344, 0.5000000000000004441 ) ;
#3134 = DIRECTION ( 'NONE',  ( 0.000000000000000000, 1.000000000000000000, 0.000000000000000000 ) ) ;
#3135 = VERTEX_POINT ( 'NONE', #6857 ) ;
#3136 = CARTESIAN_POINT ( 'NONE',  ( -6.411475381605043822, 2.343771222574624780, -7.561691272055216295 ) ) ;
#3137 = AXIS2_PLACEMENT_3D ( 'NONE', #1297, #822, #3510 ) ;
#3138 = ORIENTED_EDGE ( 'NONE', *, *, #4006, .T. ) ;
#3139 = DIRECTION ( 'NONE',  ( -0.000000000000000000, 1.000000000000000000, -0.000000000000000000 ) ) ;
#3140 = CYLINDRICAL_SURFACE ( 'NONE', #5568, 0.4999999999999995559 ) ;
#3141 = CARTESIAN_POINT ( 'NONE',  ( 2.394357833393300883, 8.000000000000000000, 0.1814307967061968563 ) ) ;
#3142 = VECTOR ( 'NONE', #2698, 1000.000000000000000 ) ;
#3143 = DIRECTION ( 'NONE',  ( 0.000000000000000000, 0.000000000000000000, 1.000000000000000000 ) ) ;
#3144 = CARTESIAN_POINT ( 'NONE',  ( 2.596097982851267805, 9.500000000000000000, 9.138395661353014177 ) ) ;
#3145 = ORIENTED_EDGE ( 'NONE', *, *, #1214, .F. ) ;
#3146 = CARTESIAN_POINT ( 'NONE',  ( 0.000000000000000000, 9.500000000000000000, 0.000000000000000000 ) ) ;
#3147 = ORIENTED_EDGE ( 'NONE', *, *, #3422, .F. ) ;
#3148 = VECTOR ( 'NONE', #1592, 999.9999999999998863 ) ;
#3149 = AXIS2_PLACEMENT_3D ( 'NONE', #3669, #5881, #1085 ) ;
#3150 = DIRECTION ( 'NONE',  ( -7.816086743456965153E-16, 1.000000000000000000, 1.401920620564757549E-15 ) ) ;
#3151 = CARTESIAN_POINT ( 'NONE',  ( 9.372453886955888436, 2.240934156756767770, -3.162415667432290522 ) ) ;
#3152 = CARTESIAN_POINT ( 'NONE',  ( 9.131270309608060742, 2.134320569921014155, 3.670870801779636317 ) ) ;
#3153 = CARTESIAN_POINT ( 'NONE',  ( -2.596097982851333974, 9.500000000000000000, -9.138395661352994637 ) ) ;
#3154 = AXIS2_PLACEMENT_3D ( 'NONE', #1354, #6388, #256 ) ;
#3155 = AXIS2_PLACEMENT_3D ( 'NONE', #2193, #5996, #4836 ) ;
#3156 = CARTESIAN_POINT ( 'NONE',  ( -0.8475496155053221514, 2.378544800989007335, -9.883093623299824770 ) ) ;
#3157 = VERTEX_POINT ( 'NONE', #5150 ) ;
#3158 = EDGE_LOOP ( 'NONE', ( #5976, #750, #6802, #2420 ) ) ;
#3159 = EDGE_CURVE ( 'NONE', #1191, #7016, #1993, .T. ) ;
#3160 = VECTOR ( 'NONE', #3291, 1000.000000000000000 ) ;
#3161 = CIRCLE ( 'NONE', #3740, 0.5000000000000001110 ) ;
#3162 = CARTESIAN_POINT ( 'NONE',  ( -7.454229574658424617, 2.048945620300625325, -6.667026640275223848 ) ) ;
#3163 = EDGE_CURVE ( 'NONE', #5301, #6932, #8, .T. ) ;
#3164 = CARTESIAN_POINT ( 'NONE',  ( -7.454194763269666346, 2.048970607329166693, 6.667061058747194124 ) ) ;
#3165 = VECTOR ( 'NONE', #2372, 1000.000000000000000 ) ;
#3166 = EDGE_CURVE ( 'NONE', #4257, #1, #6812, .T. ) ;
#3167 = ORIENTED_EDGE ( 'NONE', *, *, #704, .T. ) ;
#3168 = EDGE_CURVE ( 'NONE', #494, #3175, #6028, .T. ) ;
#3169 = FACE_OUTER_BOUND ( 'NONE', #5344, .T. ) ;
#3170 = CARTESIAN_POINT ( 'NONE',  ( 2.999548401200138326, 2.377840714399257482, 9.454885785705647194 ) ) ;
#3171 = CARTESIAN_POINT ( 'NONE',  ( 3.121481346010154923, 2.262551622224105330, -9.393270805526825029 ) ) ;
#3172 = DIRECTION ( 'NONE',  ( 0.000000000000000000, 1.000000000000000000, 0.000000000000000000 ) ) ;
#3173 = VERTEX_POINT ( 'NONE', #3451 ) ;
#3174 = CARTESIAN_POINT ( 'NONE',  ( 5.095752233843723986E-17, 10.00000000000000000, -9.181925178635076179 ) ) ;
#3175 = VERTEX_POINT ( 'NONE', #5700 ) ;
#3176 = B_SPLINE_CURVE_WITH_KNOTS ( 'NONE', 3,
 ( #4384, #5957, #5478, #3751, #4823, #4281, #6634, #990, #2728, #3780 ),
 .UNSPECIFIED., .F., .F.,
 ( 4, 2, 2, 2, 4 ),
 ( 0.000000000000000000, 0.0001297697119911781838, 0.0002595394239823563677, 0.0005190788479647126270, 0.001038157695929424603 ),
 .UNSPECIFIED. ) ;
#3177 = PLANE ( 'NONE',  #6901 ) ;
#3178 = DIRECTION ( 'NONE',  ( 0.2362740077746034173, 0.000000000000000000, -0.9716864685947451674 ) ) ;
#3179 = DIRECTION ( 'NONE',  ( 0.000000000000000000, 1.000000000000000000, 0.000000000000000000 ) ) ;
#3180 = LINE ( 'NONE', #2026, #1493 ) ;
#3181 = CYLINDRICAL_SURFACE ( 'NONE', #5680, 2.000000000000000000 ) ;
#3182 = ORIENTED_EDGE ( 'NONE', *, *, #2686, .F. ) ;
#3183 = FACE_OUTER_BOUND ( 'NONE', #5642, .T. ) ;
#3184 = EDGE_LOOP ( 'NONE', ( #5925, #6456, #6855, #2299 ) ) ;
#3185 = DIRECTION ( 'NONE',  ( -0.6617183646064827007, 0.000000000000000000, -0.7497524964563453409 ) ) ;
#3186 = FACE_OUTER_BOUND ( 'NONE', #2637, .T. ) ;
#3187 = CARTESIAN_POINT ( 'NONE',  ( 8.805704236984304600, 2.500000000000000888, -4.741424121641739653 ) ) ;
#3188 = DIRECTION ( 'NONE',  ( 0.000000000000000000, 1.000000000000000000, -0.000000000000000000 ) ) ;
#3189 = ORIENTED_EDGE ( 'NONE', *, *, #1927, .F. ) ;
#3190 = CARTESIAN_POINT ( 'NONE',  ( -1.156453416813703283, 2.377026804319492648, -9.932905692431591049 ) ) ;
#3191 = ORIENTED_EDGE ( 'NONE', *, *, #1829, .F. ) ;
#3192 = VERTEX_POINT ( 'NONE', #5736 ) ;
#3193 = DIRECTION ( 'NONE',  ( -0.2362740077746010581, 0.000000000000000000, -0.9716864685947456115 ) ) ;
#3194 = CARTESIAN_POINT ( 'NONE',  ( -2.732734718790946093, 9.500000000000000000, 9.619363854055764662 ) ) ;
#3195 = CARTESIAN_POINT ( 'NONE',  ( -9.438151782886873065, 2.048970607329005045, 3.306964416653627836 ) ) ;
#3196 = CIRCLE ( 'NONE', #422, 0.5000000000000004441 ) ;
#3197 = CYLINDRICAL_SURFACE ( 'NONE', #1714, 0.5000000000000004441 ) ;
#3198 = DIRECTION ( 'NONE',  ( 0.000000000000000000, 1.000000000000000000, 0.000000000000000000 ) ) ;
#3199 = AXIS2_PLACEMENT_3D ( 'NONE', #2979, #249, #4742 ) ;
#3200 = CARTESIAN_POINT ( 'NONE',  ( 9.287105483649785498, 1.768638744481566771, 3.710169844705837328 ) ) ;
#3201 = EDGE_CURVE ( 'NONE', #6991, #5137, #5658, .T. ) ;
#3202 = FACE_OUTER_BOUND ( 'NONE', #3254, .T. ) ;
#3203 = CARTESIAN_POINT ( 'NONE',  ( 1.276266388579322841, 8.000000000000000000, -2.504813822048899130 ) ) ;
#3204 = ORIENTED_EDGE ( 'NONE', *, *, #318, .F. ) ;
#3205 = CARTESIAN_POINT ( 'NONE',  ( -7.536565878395802720, 2.314666110110171537, -6.433069916092911456 ) ) ;
#3206 = ORIENTED_EDGE ( 'NONE', *, *, #1388, .F. ) ;
#3207 = CIRCLE ( 'NONE', #3557, 0.5000000000000001110 ) ;
#3208 = CARTESIAN_POINT ( 'NONE',  ( 0.4397714266284741269, 8.000000000000000000, 2.776607510986326410 ) ) ;
#3209 = LINE ( 'NONE', #6599, #4174 ) ;
#3210 = CARTESIAN_POINT ( 'NONE',  ( -7.611508121969602136, 10.00001200000000168, 6.368549229222964847 ) ) ;
#3211 = ADVANCED_FACE ( 'NONE', ( #215 ), #6494, .T. ) ;
#3212 = CIRCLE ( 'NONE', #5403, 0.4999999999999993894 ) ;
#3213 = DIRECTION ( 'NONE',  ( 1.000000000000000000, 0.000000000000000000, -0.000000000000000000 ) ) ;
#3214 = FACE_OUTER_BOUND ( 'NONE', #6406, .T. ) ;
#3215 = EDGE_LOOP ( 'NONE', ( #2412, #779, #1333, #4775 ) ) ;
#3216 = CARTESIAN_POINT ( 'NONE',  ( -9.036978801079062151, 1.827366529454475641, 4.283506727573500150 ) ) ;
#3217 = ORIENTED_EDGE ( 'NONE', *, *, #5181, .T. ) ;
#3218 = CARTESIAN_POINT ( 'NONE',  ( 0.9734035322810951074, 0.000000000000000000, -2.995828026329730776 ) ) ;
#3219 = DIRECTION ( 'NONE',  ( -1.258604051642386554E-15, -1.000000000000000000, 9.960970772803768722E-16 ) ) ;
#3220 = DIRECTION ( 'NONE',  ( 0.6617183646064999092, 0.000000000000000000, -0.7497524964563302419 ) ) ;
#3221 = CARTESIAN_POINT ( 'NONE',  ( 1.830433831214382412, 8.000000000000000000, 1.554148821017840687 ) ) ;
#3222 = VERTEX_POINT ( 'NONE', #6316 ) ;
#3223 = CARTESIAN_POINT ( 'NONE',  ( 0.8550121536353925134, 1.981868317978698890, -9.964024948269885940 ) ) ;
#3224 = VERTEX_POINT ( 'NONE', #6007 ) ;
#3225 = ORIENTED_EDGE ( 'NONE', *, *, #6747, .T. ) ;
#3226 = CARTESIAN_POINT ( 'NONE',  ( -7.161872897185520337, 1.768641139222139502, -6.980243915062851023 ) ) ;
#3227 = CARTESIAN_POINT ( 'NONE',  ( -6.667026640275255822, 2.048945620300676840, 7.454229574658495672 ) ) ;
#3228 = CARTESIAN_POINT ( 'NONE',  ( -9.454885785705632983, 2.377840714399238831, 2.999548401200231140 ) ) ;
#3229 = AXIS2_PLACEMENT_3D ( 'NONE', #6268, #1956, #2533 ) ;
#3230 = LINE ( 'NONE', #2144, #1958 ) ;
#3231 = VECTOR ( 'NONE', #4298, 1000.000000000000000 ) ;
#3232 = CARTESIAN_POINT ( 'NONE',  ( 0.000000000000000000, 10.00000000000000000, 0.000000000000000000 ) ) ;
#3233 = DIRECTION ( 'NONE',  ( -2.664535259100375303E-15, 0.000000000000000000, 1.000000000000000000 ) ) ;
#3234 = AXIS2_PLACEMENT_3D ( 'NONE', #1831, #5164, #2417 ) ;
#3235 = CARTESIAN_POINT ( 'NONE',  ( 6.667026640275466320, 2.048945620300758108, -7.454229574658343793 ) ) ;
#3236 = DIRECTION ( 'NONE',  ( 0.000000000000000000, 0.000000000000000000, -1.000000000000000000 ) ) ;
#3237 = EDGE_LOOP ( 'NONE', ( #2000, #815, #1117, #6125 ) ) ;
#3238 = EDGE_CURVE ( 'NONE', #6622, #5431, #2034, .T. ) ;
#3239 = CARTESIAN_POINT ( 'NONE',  ( -2.923754083661753267, 2.059185488125317320, -9.563339329250549525 ) ) ;
#3240 = AXIS2_PLACEMENT_3D ( 'NONE', #6308, #5175, #1340 ) ;
#3241 = DIRECTION ( 'NONE',  ( -0.000000000000000000, -1.000000000000000000, -0.000000000000000000 ) ) ;
#3242 = DIRECTION ( 'NONE',  ( 3.642919299551294898E-14, 0.000000000000000000, 1.000000000000000000 ) ) ;
#3243 = ADVANCED_FACE ( 'NONE', ( #4744 ), #5467, .T. ) ;
#3244 = DIRECTION ( 'NONE',  ( 0.000000000000000000, 0.000000000000000000, 1.000000000000000000 ) ) ;
#3245 = VERTEX_POINT ( 'NONE', #6080 ) ;
#3246 = CARTESIAN_POINT ( 'NONE',  ( -8.882643920376558810, 1.975903690497186949, 4.594722306767693887 ) ) ;
#3247 = ORIENTED_EDGE ( 'NONE', *, *, #1559, .F. ) ;
#3248 = EDGE_CURVE ( 'NONE', #6190, #542, #2571, .T. ) ;
#3249 = CARTESIAN_POINT ( 'NONE',  ( 4.741424089088141614, 2.409665417632411266, -8.805704254426997224 ) ) ;
#3250 = CARTESIAN_POINT ( 'NONE',  ( -9.953906951267414982, 2.321832774718841197, -0.9711828485914696385 ) ) ;
#3251 = VECTOR ( 'NONE', #1909, 1000.000000000000114 ) ;
#3252 = CARTESIAN_POINT ( 'NONE',  ( 0.000000000000000000, -4.000000000000000000, 0.000000000000000000 ) ) ;
#3253 = DIRECTION ( 'NONE',  ( 0.2362740077746034173, 0.000000000000000000, -0.9716864685947451674 ) ) ;
#3254 = EDGE_LOOP ( 'NONE', ( #1023, #608, #5310 ) ) ;
#3255 = CARTESIAN_POINT ( 'NONE',  ( 6.432881416101412952, 2.314916786199595844, 7.536785282756134130 ) ) ;
#3256 = ORIENTED_EDGE ( 'NONE', *, *, #3425, .F. ) ;
#3257 = VECTOR ( 'NONE', #5446, 1000.000000000000000 ) ;
#3259 = VECTOR ( 'NONE', #6284, 1000.000000000000000 ) ;
#3258 = CARTESIAN_POINT ( 'NONE',  ( 9.461918427558064337, 2.413741176464118343, 2.985568878361663625 ) ) ;
#3260 = ORIENTED_EDGE ( 'NONE', *, *, #3599, .T. ) ;
#3261 = AXIS2_PLACEMENT_3D ( 'NONE', #2443, #2653, #5335 ) ;
#3262 = VECTOR ( 'NONE', #5666, 1000.000000000000000 ) ;
#3263 = CARTESIAN_POINT ( 'NONE',  ( -0.8789046367422000960, 2.438027874578145848, 9.885393342147601459 ) ) ;
#3264 = CARTESIAN_POINT ( 'NONE',  ( -6.612695775979627655, 1.867388762198071817, 7.502344536136499542 ) ) ;
#3265 = CARTESIAN_POINT ( 'NONE',  ( -9.501588311015401800, 2.127032157860377914, 3.120821918168942943 ) ) ;
#3266 = FACE_OUTER_BOUND ( 'NONE', #1834, .T. ) ;
#3267 =( BOUNDED_SURFACE ( )  B_SPLINE_SURFACE ( 3, 2, ( 
 ( #166, #4051, #5211 ),
 ( #44, #4807, #3692 ),
 ( #2067, #3349, #5903 ),
 ( #6987, #4772, #4939 ),
 ( #5486, #6409, #2769 ),
 ( #513, #1606, #2609 ),
 ( #1446, #6102, #7151 ),
 ( #4976, #4395, #7019 ),
 ( #3152, #4228, #343 ),
 ( #3312, #3817, #899 ),
 ( #2734, #6441, #4262 ),
 ( #2189, #5560, #6604 ),
 ( #2262, #384, #934 ),
 ( #2229, #1645, #3890 ),
 ( #9, #590, #5360 ),
 ( #6475, #1480, #1136 ),
 ( #6029, #3857, #1066 ),
 ( #3281, #6065, #1102 ) ),
 .UNSPECIFIED., .F., .F., .F. ) 
 B_SPLINE_SURFACE_WITH_KNOTS ( ( 4, 2, 2, 2, 2, 2, 2, 2, 4 ),
 ( 3, 3 ),
 ( -4.607859233063393845E-19, 0.0003645422052340782475, 0.0007290844104681569286, 0.001093626615702235610, 0.001458168820936314291, 0.001822711026170392972, 0.002187253231404471653, 0.002551795436638550334, 0.002916337641872629016 ),
 ( 0.000000000000000000, 1.000000000000000000 ),
 .UNSPECIFIED. ) 
 GEOMETRIC_REPRESENTATION_ITEM ( )  RATIONAL_B_SPLINE_SURFACE ( (
 ( 1.000000000000000000, 0.9595359398070242296, 1.000000000000000000),
 ( 1.000000000000000000, 0.9595833763010073181, 1.000000000000000000),
 ( 1.000000000000000000, 0.9570685609626876644, 1.000000000000000000),
 ( 1.000000000000000000, 0.9488880332095235293, 1.000000000000000000),
 ( 1.000000000000000000, 0.9432547151588620560, 1.000000000000000000),
 ( 1.000000000000000000, 0.9321826025349221334, 1.000000000000000000),
 ( 1.000000000000000000, 0.9268523530654765308, 1.000000000000000000),
 ( 1.000000000000000000, 0.9192073681285285458, 1.000000000000000000),
 ( 1.000000000000000000, 0.9170514797511368776, 1.000000000000000000),
 ( 1.000000000000000000, 0.9170288608893315541, 1.000000000000000000),
 ( 1.000000000000000000, 0.9192260099103901627, 1.000000000000000000),
 ( 1.000000000000000000, 0.9267996068665849130, 1.000000000000000000),
 ( 1.000000000000000000, 0.9321812854750224364, 1.000000000000000000),
 ( 1.000000000000000000, 0.9432160661325292850, 1.000000000000000000),
 ( 1.000000000000000000, 0.9488445939139592555, 1.000000000000000000),
 ( 1.000000000000000000, 0.9570263305979455071, 1.000000000000000000),
 ( 1.000000000000000000, 0.9595878455022783804, 1.000000000000000000),
 ( 1.000000000000000000, 0.9595359398070243406, 1.000000000000000000) ) ) 
 REPRESENTATION_ITEM ( '' )  SURFACE ( )  );
#3268 = AXIS2_PLACEMENT_3D ( 'NONE', #2744, #3766, #4335 ) ;
#3269 = CIRCLE ( 'NONE', #3621, 0.5000000000000004441 ) ;
#3270 = CARTESIAN_POINT ( 'NONE',  ( 4.626103053009366306, 10.00001200000000168, 8.297540029607414880 ) ) ;
#3271 = DIRECTION ( 'NONE',  ( 0.000000000000000000, 0.000000000000000000, -1.000000000000000000 ) ) ;
#3272 = DIRECTION ( 'NONE',  ( -1.594314457810251157E-15, -1.000000000000000000, -1.856204616801319677E-16 ) ) ;
#3273 = AXIS2_PLACEMENT_3D ( 'NONE', #7116, #6601, #5519 ) ;
#3274 = CARTESIAN_POINT ( 'NONE',  ( 7.030215759954920429, 2.134257748930245668, -6.886989335206897600 ) ) ;
#3275 = FACE_OUTER_BOUND ( 'NONE', #7063, .T. ) ;
#3276 = VERTEX_POINT ( 'NONE', #2715 ) ;
#3277 = CIRCLE ( 'NONE', #142, 2.000000000000000000 ) ;
#3278 = LINE ( 'NONE', #510, #417 ) ;
#3279 = CARTESIAN_POINT ( 'NONE',  ( 4.869582161062682601, 10.00000000000000000, -8.734252662744543372 ) ) ;
#3280 = FACE_OUTER_BOUND ( 'NONE', #5095, .T. ) ;
#3281 = CARTESIAN_POINT ( 'NONE',  ( 8.796570338259673605, 2.500000000000000444, 4.594978287206126666 ) ) ;
#3282 = DIRECTION ( 'NONE',  ( 0.000000000000000000, -1.000000000000000000, -0.000000000000000000 ) ) ;
#3283 = EDGE_CURVE ( 'NONE', #2903, #6847, #827, .T. ) ;
#3284 = FACE_OUTER_BOUND ( 'NONE', #6350, .T. ) ;
#3285 = VERTEX_POINT ( 'NONE', #2044 ) ;
#3286 = DIRECTION ( 'NONE',  ( 2.081668171172168908E-15, 0.000000000000000000, 1.000000000000000000 ) ) ;
#3287 = ORIENTED_EDGE ( 'NONE', *, *, #2367, .F. ) ;
#3288 = CARTESIAN_POINT ( 'NONE',  ( 3.306919296390281815, 2.048945620300732351, -9.438170773037176886 ) ) ;
#3289 = EDGE_CURVE ( 'NONE', #3931, #4756, #5294, .T. ) ;
#3290 = CARTESIAN_POINT ( 'NONE',  ( 7.810864416449816439, 2.249819565270342103, 6.244726359285794004 ) ) ;
#3291 = DIRECTION ( 'NONE',  ( 0.000000000000000000, -1.000000000000000000, -0.000000000000000000 ) ) ;
#3292 = FACE_OUTER_BOUND ( 'NONE', #6260, .T. ) ;
#3293 = EDGE_CURVE ( 'NONE', #5907, #3863, #5921, .T. ) ;
#3294 = CARTESIAN_POINT ( 'NONE',  ( -0.7402789226335204642, 2.279919447647841491, -9.875015954859543754 ) ) ;
#3295 = VERTEX_POINT ( 'NONE', #2548 ) ;
#3296 = CARTESIAN_POINT ( 'NONE',  ( 8.817164848740100425, 2.343771222574625224, 4.532526391864207582 ) ) ;
#3297 = VERTEX_POINT ( 'NONE', #1969 ) ;
#3298 = CARTESIAN_POINT ( 'NONE',  ( -6.459614026961990163, 2.279592747210329229, -7.505705356597035305 ) ) ;
#3299 = EDGE_CURVE ( 'NONE', #4723, #2029, #4916, .T. ) ;
#3300 = CARTESIAN_POINT ( 'NONE',  ( -9.461809159397537528, 1.867418461490289117, 3.238364770026650685 ) ) ;
#3301 = CARTESIAN_POINT ( 'NONE',  ( -9.436260398347613432, 10.00000000000000000, -1.098630827246599662 ) ) ;
#3302 = ADVANCED_FACE ( 'NONE', ( #1455 ), #6549, .F. ) ;
#3303 = VERTEX_POINT ( 'NONE', #6959 ) ;
#3304 = DIRECTION ( 'NONE',  ( 0.000000000000000000, 0.000000000000000000, 1.000000000000000000 ) ) ;
#3305 = LINE ( 'NONE', #6492, #1807 ) ;
#3306 = ORIENTED_EDGE ( 'NONE', *, *, #2887, .F. ) ;
#3307 = CARTESIAN_POINT ( 'NONE',  ( 1.098630827246564134, 9.500000000000000000, 9.936260398347616984 ) ) ;
#3308 = ORIENTED_EDGE ( 'NONE', *, *, #5316, .F. ) ;
#3309 = CARTESIAN_POINT ( 'NONE',  ( 6.205888851312740151, 2.371852820628066461, -7.841361078610794344 ) ) ;
#3310 = DIRECTION ( 'NONE',  ( -1.000000000000000000, 0.000000000000000000, 0.000000000000000000 ) ) ;
#3311 = DIRECTION ( 'NONE',  ( -0.000000000000000000, -1.000000000000000000, -0.000000000000000000 ) ) ;
#3312 = CARTESIAN_POINT ( 'NONE',  ( 9.053095584707916643, 2.134257748930223908, 3.859535732301823341 ) ) ;
#3313 = CARTESIAN_POINT ( 'NONE',  ( 1.851523544721292769, 8.000000000000000000, 2.548403532281084960 ) ) ;
#3314 = CARTESIAN_POINT ( 'NONE',  ( -3.120628270157485673, 2.263262388765244104, -9.393701891604054666 ) ) ;
#3315 = VERTEX_POINT ( 'NONE', #3636 ) ;
#3316 = DIRECTION ( 'NONE',  ( 0.000000000000000000, 1.000000000000000000, 0.000000000000000000 ) ) ;
#3317 = ORIENTED_EDGE ( 'NONE', *, *, #6275, .F. ) ;
#3318 = CARTESIAN_POINT ( 'NONE',  ( 4.602995496167526568, 1.981868317978671579, -8.878359725471277386 ) ) ;
#3319 = DIRECTION ( 'NONE',  ( -0.000000000000000000, 1.000000000000000000, -0.000000000000000000 ) ) ;
#3320 = CIRCLE ( 'NONE', #5514, 0.5000000000000004441 ) ;
#3321 = DIRECTION ( 'NONE',  ( 0.000000000000000000, 1.000000000000000000, 0.000000000000000000 ) ) ;
#3322 = CARTESIAN_POINT ( 'NONE',  ( -8.886370973163122855, 2.212953969771219942, -4.322187234833101854 ) ) ;
#3323 = ORIENTED_EDGE ( 'NONE', *, *, #1776, .T. ) ;
#3324 = CARTESIAN_POINT ( 'NONE',  ( -0.1711160216314359939, 2.134289031220173438, -9.840962589317538090 ) ) ;
#3325 = ORIENTED_EDGE ( 'NONE', *, *, #6030, .F. ) ;
#3326 = DIRECTION ( 'NONE',  ( 0.000000000000000000, -1.000000000000000000, 0.000000000000000000 ) ) ;
#3327 = ORIENTED_EDGE ( 'NONE', *, *, #450, .F. ) ;
#3328 = ADVANCED_FACE ( 'NONE', ( #4710 ), #6048, .T. ) ;
#3329 = CARTESIAN_POINT ( 'NONE',  ( -9.469254843656235821, 2.456298904871081490, 2.970974231079531513 ) ) ;
#3330 = CARTESIAN_POINT ( 'NONE',  ( -9.851707555809962713, 2.164537838121648239, -0.4013235377314700036 ) ) ;
#3331 = FACE_OUTER_BOUND ( 'NONE', #1450, .T. ) ;
#3332 = EDGE_CURVE ( 'NONE', #5296, #429, #4065, .T. ) ;
#3333 = B_SPLINE_CURVE_WITH_KNOTS ( 'NONE', 3,
 ( #2843, #5885, #6928, #956, #4648, #849, #4243, #4787, #5775, #6893, #3171, #2484, #4683, #3604, #3675, #1975 ),
 .UNSPECIFIED., .F., .F.,
 ( 4, 2, 2, 2, 2, 2, 2, 4 ),
 ( 0.0002558157756827699175, 0.0004833877329468521354, 0.0007109596902109343534, 0.001166103604739099657, 0.001621247519267264743, 0.001848819476531347828, 0.001962605455163389696, 0.002076391433795432215 ),
 .UNSPECIFIED. ) ;
#3334 = DIRECTION ( 'NONE',  ( 0.000000000000000000, 0.000000000000000000, 1.000000000000000000 ) ) ;
#3335 = ORIENTED_EDGE ( 'NONE', *, *, #6171, .T. ) ;
#3336 = DIRECTION ( 'NONE',  ( -0.000000000000000000, 1.000000000000000000, -0.000000000000000000 ) ) ;
#3337 = ADVANCED_FACE ( 'NONE', ( #1585 ), #3798, .T. ) ;
#3338 = DIRECTION ( 'NONE',  ( 0.000000000000000000, -1.000000000000000000, 0.000000000000000000 ) ) ;
#3339 = CARTESIAN_POINT ( 'NONE',  ( -6.502847312616747644, 2.242561475665995285, 7.455440619228441257 ) ) ;
#3340 = CARTESIAN_POINT ( 'NONE',  ( 6.205888851312739263, 2.500000000000000444, -7.841361078610794344 ) ) ;
#3341 = ORIENTED_EDGE ( 'NONE', *, *, #1026, .F. ) ;
#3342 = CARTESIAN_POINT ( 'NONE',  ( 6.368549229223045671, 2.456216401094830193, -7.611508121969537299 ) ) ;
#3343 = ORIENTED_EDGE ( 'NONE', *, *, #5495, .F. ) ;
#3344 = CARTESIAN_POINT ( 'NONE',  ( -3.162415667432335820, 2.240934156756776652, -9.372453886955860014 ) ) ;
#3345 = CARTESIAN_POINT ( 'NONE',  ( 6.389449519739515360, 2.377840714399245048, 7.587297981928839086 ) ) ;
#3346 = AXIS2_PLACEMENT_3D ( 'NONE', #4948, #87, #1797 ) ;
#3347 = CARTESIAN_POINT ( 'NONE',  ( 1.851523544721292325, 0.000000000000000000, -2.548403532281086736 ) ) ;
#3348 = AXIS2_PLACEMENT_3D ( 'NONE', #4633, #519, #6108 ) ;
#3349 = CARTESIAN_POINT ( 'NONE',  ( 9.568061159331175958, 2.322848788353865768, 2.911304966065443978 ) ) ;
#3350 = CARTESIAN_POINT ( 'NONE',  ( 6.205888851312742815, 10.00000000000000000, -7.841361078610793456 ) ) ;
#3351 = CARTESIAN_POINT ( 'NONE',  ( -5.895594408746999804, 9.500000000000000000, -7.449293024680335940 ) ) ;
#3352 = ORIENTED_EDGE ( 'NONE', *, *, #100, .T. ) ;
#3353 = DIRECTION ( 'NONE',  ( 1.243449787580175325E-14, 0.000000000000000000, 1.000000000000000000 ) ) ;
#3354 = CIRCLE ( 'NONE', #807, 0.5000000000000003331 ) ;
#3355 = ORIENTED_EDGE ( 'NONE', *, *, #4527, .F. ) ;
#3356 = CARTESIAN_POINT ( 'NONE',  ( 2.970974267493271537, 2.438513403071516539, -9.469254802398138438 ) ) ;
#3357 = CARTESIAN_POINT ( 'NONE',  ( 5.895594408747103721, 9.500000000000000000, -7.449293024680251563 ) ) ;
#3358 = DIRECTION ( 'NONE',  ( -0.9980606173047419372, -3.469446951953618922E-15, 0.06224953160689260245 ) ) ;
#3359 = CIRCLE ( 'NONE', #2666, 2.000000000000000000 ) ;
#3360 = CARTESIAN_POINT ( 'NONE',  ( -9.469254843656210952, 2.500000000000000444, -2.970974231079603012 ) ) ;
#3361 = CARTESIAN_POINT ( 'NONE',  ( 9.286350259861647416, 1.768517871363070704, -3.712059723680360523 ) ) ;
#3362 = ORIENTED_EDGE ( 'NONE', *, *, #6740, .T. ) ;
#3363 = CARTESIAN_POINT ( 'NONE',  ( -3.708174382605501140, 1.768641139222038028, 9.287931484318818320 ) ) ;
#3364 = EDGE_LOOP ( 'NONE', ( #6358, #3101, #553 ) ) ;
#3365 = CIRCLE ( 'NONE', #5443, 0.5000000000000003331 ) ;
#3366 = CARTESIAN_POINT ( 'NONE',  ( -6.205888851312631793, 2.500000000000000888, -7.841361078610879609 ) ) ;
#3367 = CARTESIAN_POINT ( 'NONE',  ( -9.953844047997531419, 2.322848788353917282, 0.9718434144856042955 ) ) ;
#3368 = CIRCLE ( 'NONE', #6488, 2.000000000000000000 ) ;
#3369 = AXIS2_PLACEMENT_3D ( 'NONE', #651, #6636, #6096 ) ;
#3370 = DIRECTION ( 'NONE',  ( 6.938893903907227392E-16, 0.000000000000000000, 1.000000000000000000 ) ) ;
#3371 = FACE_OUTER_BOUND ( 'NONE', #145, .T. ) ;
#3372 = EDGE_CURVE ( 'NONE', #3011, #39, #5803, .T. ) ;
#3373 = ORIENTED_EDGE ( 'NONE', *, *, #533, .F. ) ;
#3374 = CARTESIAN_POINT ( 'NONE',  ( 1.276266388579325062, 0.000000000000000000, 2.504813822048898242 ) ) ;
#3375 = AXIS2_PLACEMENT_3D ( 'NONE', #878, #6420, #3095 ) ;
#3376 = AXIS2_PLACEMENT_3D ( 'NONE', #4573, #6181, #2266 ) ;
#3377 = EDGE_CURVE ( 'NONE', #2031, #5109, #1523, .T. ) ;
#3378 = LINE ( 'NONE', #6840, #363 ) ;
#3379 = CARTESIAN_POINT ( 'NONE',  ( 8.758950836166553344, 2.248135892564179894, 4.825657120698811475 ) ) ;
#3380 = CARTESIAN_POINT ( 'NONE',  ( 9.840961641373077384, 2.134286657244863772, 0.1710720760171536015 ) ) ;
#3381 = TOROIDAL_SURFACE ( 'NONE', #1423, 7.543744331762958666, 0.5000000000000000000 ) ;
#3382 = VERTEX_POINT ( 'NONE', #640 ) ;
#3383 = ADVANCED_FACE ( 'NONE', ( #2280 ), #3978, .T. ) ;
#3384 = VECTOR ( 'NONE', #1758, 1000.000000000000114 ) ;
#3385 = DIRECTION ( 'NONE',  ( 0.000000000000000000, 0.000000000000000000, 1.000000000000000000 ) ) ;
#3386 = ORIENTED_EDGE ( 'NONE', *, *, #3705, .F. ) ;
#3387 = ADVANCED_FACE ( 'NONE', ( #2825 ), #6262, .T. ) ;
#3388 = CARTESIAN_POINT ( 'NONE',  ( 0.000000000000000000, 10.00000000000000000, 0.000000000000000000 ) ) ;
#3389 = VECTOR ( 'NONE', #5200, 1000.000000000000114 ) ;
#3390 = CARTESIAN_POINT ( 'NONE',  ( 6.612736535334946097, 1.867418461490434334, 7.502303277451217944 ) ) ;
#3391 = VECTOR ( 'NONE', #2142, 1000.000000000000114 ) ;
#3392 = DIRECTION ( 'NONE',  ( 0.000000000000000000, 0.000000000000000000, 1.000000000000000000 ) ) ;
#3393 = CARTESIAN_POINT ( 'NONE',  ( -8.796570336523391376, 2.438027874578143184, -4.594978259367369589 ) ) ;
#3394 = CARTESIAN_POINT ( 'NONE',  ( 9.938409227484202191, 2.257089604130889438, -1.110773098972487327 ) ) ;
#3395 = ORIENTED_EDGE ( 'NONE', *, *, #450, .T. ) ;
#3396 = VECTOR ( 'NONE', #6453, 999.9999999999998863 ) ;
#3397 = DIRECTION ( 'NONE',  ( 0.000000000000000000, 0.000000000000000000, 1.000000000000000000 ) ) ;
#3398 = ORIENTED_EDGE ( 'NONE', *, *, #716, .F. ) ;
#3399 = EDGE_CURVE ( 'NONE', #620, #2783, #5066, .T. ) ;
#3400 = CARTESIAN_POINT ( 'NONE',  ( 2.777044024017649715, 2.257089604130915195, -9.606967333087583327 ) ) ;
#3401 = DIRECTION ( 'NONE',  ( 0.000000000000000000, 1.000000000000000000, -0.000000000000000000 ) ) ;
#3402 = CARTESIAN_POINT ( 'NONE',  ( -0.1814307967061967730, 8.000000000000000000, 2.394357833393300883 ) ) ;
#3403 = CARTESIAN_POINT ( 'NONE',  ( -7.160346141787927721, 1.768638744481566105, -6.981771384884010168 ) ) ;
#3404 = CARTESIAN_POINT ( 'NONE',  ( 1.156453502364807484, 2.500000000000000888, -9.932905682471176334 ) ) ;
#3405 = ORIENTED_EDGE ( 'NONE', *, *, #2305, .T. ) ;
#3406 = CARTESIAN_POINT ( 'NONE',  ( 5.895594408746948289, 9.500000000000000000, 7.449293024680376796 ) ) ;
#3407 = ORIENTED_EDGE ( 'NONE', *, *, #4880, .F. ) ;
#3408 = DIRECTION ( 'NONE',  ( -1.000000000000000000, -3.469446951953611033E-15, 0.000000000000000000 ) ) ;
#3409 = DIRECTION ( 'NONE',  ( 0.000000000000000000, 0.000000000000000000, 1.000000000000000000 ) ) ;
#3410 = FACE_OUTER_BOUND ( 'NONE', #4653, .T. ) ;
#3411 = CARTESIAN_POINT ( 'NONE',  ( -8.260368511126690905, 10.00000000000000000, -8.260368511126776170 ) ) ;
#3412 = CARTESIAN_POINT ( 'NONE',  ( 3.150000000000003908, 8.000000000000000000, -2.818925648462311528E-15 ) ) ;
#3413 = ORIENTED_EDGE ( 'NONE', *, *, #4918, .F. ) ;
#3414 = DIRECTION ( 'NONE',  ( 1.224646799147353454E-16, 0.000000000000000000, -1.000000000000000000 ) ) ;
#3415 = DIRECTION ( 'NONE',  ( 0.9971414314842893534, 0.000000000000000000, 0.07555769727474784259 ) ) ;
#3416 = CARTESIAN_POINT ( 'NONE',  ( 9.863965706758314411, 2.212953969771217277, 0.5925133766643534416 ) ) ;
#3417 = VERTEX_POINT ( 'NONE', #59 ) ;
#3418 = CARTESIAN_POINT ( 'NONE',  ( -8.297540029607333167, 10.00000000000000000, -4.626103053009511967 ) ) ;
#3419 = ORIENTED_EDGE ( 'NONE', *, *, #4095, .T. ) ;
#3420 = DIRECTION ( 'NONE',  ( 0.000000000000000000, 1.000000000000000000, 0.000000000000000000 ) ) ;
#3421 = CARTESIAN_POINT ( 'NONE',  ( 7.161872897185444842, 1.768641139222009162, 6.980243915062926519 ) ) ;
#3422 = EDGE_CURVE ( 'NONE', #6835, #2612, #6489, .T. ) ;
#3423 = LINE ( 'NONE', #3455, #5823 ) ;
#3424 = CARTESIAN_POINT ( 'NONE',  ( -9.282599226627764821, 1.986052934431205674, -3.721055137393887158 ) ) ;
#3425 = EDGE_CURVE ( 'NONE', #300, #5067, #465, .T. ) ;
#3426 = CARTESIAN_POINT ( 'NONE',  ( 9.843397292504384666, 2.139924804626884391, 0.2048726159299640859 ) ) ;
#3427 = ORIENTED_EDGE ( 'NONE', *, *, #2361, .T. ) ;
#3428 = ADVANCED_FACE ( 'NONE', ( #6226 ), #3499, .T. ) ;
#3429 = CARTESIAN_POINT ( 'NONE',  ( 9.138395661352950228, 10.00001200000000168, 2.596097982851491182 ) ) ;
#3430 = ORIENTED_EDGE ( 'NONE', *, *, #5027, .T. ) ;
#3431 = CARTESIAN_POINT ( 'NONE',  ( -3.941618638437699218, 1.768517871363073812, 9.191263844005511885 ) ) ;
#3432 = CARTESIAN_POINT ( 'NONE',  ( 6.368549229223043895, 10.00001200000000168, -7.611508121969533747 ) ) ;
#3433 = EDGE_CURVE ( 'NONE', #1980, #6757, #338, .T. ) ;
#3434 = CARTESIAN_POINT ( 'NONE',  ( -1.554148821017838911, 0.000000000000000000, -1.830433831214388185 ) ) ;
#3435 = EDGE_CURVE ( 'NONE', #6152, #4584, #3077, .T. ) ;
#3436 = CARTESIAN_POINT ( 'NONE',  ( -6.891745755504280702, 1.779448407880939831, -7.247002898594047338 ) ) ;
#3437 = CARTESIAN_POINT ( 'NONE',  ( 1.156453458963273118, 2.376055744299627737, -9.932905687524263172 ) ) ;
#3438 = EDGE_LOOP ( 'NONE', ( #2357, #49, #5002, #5395 ) ) ;
#3439 = DIRECTION ( 'NONE',  ( 0.000000000000000000, 0.000000000000000000, 1.000000000000000000 ) ) ;
#3440 = ORIENTED_EDGE ( 'NONE', *, *, #3907, .T. ) ;
#3441 = VECTOR ( 'NONE', #4035, 1000.000000000000000 ) ;
#3442 = DIRECTION ( 'NONE',  ( 0.000000000000000000, 0.000000000000000000, 1.000000000000000000 ) ) ;
#3443 = CARTESIAN_POINT ( 'NONE',  ( -6.368549229222938202, 2.500000000000000444, -7.611508121969623453 ) ) ;
#3444 = CARTESIAN_POINT ( 'NONE',  ( -9.932905692431598155, 2.377026804319469555, 1.156453416813631341 ) ) ;
#3445 = CARTESIAN_POINT ( 'NONE',  ( 2.394357833393303103, 0.000000000000000000, -0.1814307967061945248 ) ) ;
#3446 = ORIENTED_EDGE ( 'NONE', *, *, #6261, .F. ) ;
#3447 = EDGE_LOOP ( 'NONE', ( #3419, #4592, #5754, #268, #3610, #6518, #518 ) ) ;
#3448 = CYLINDRICAL_SURFACE ( 'NONE', #5771, 0.5000000000000004441 ) ;
#3449 = DIRECTION ( 'NONE',  ( 0.000000000000000000, 1.000000000000000000, 0.000000000000000000 ) ) ;
#3450 = CARTESIAN_POINT ( 'NONE',  ( 7.321143966266329350, 2.183709232977745884, -6.619553888663412877 ) ) ;
#3451 = CARTESIAN_POINT ( 'NONE',  ( 4.626103053009545718, 10.00000000000000000, -8.297540029607313627 ) ) ;
#3452 = ORIENTED_EDGE ( 'NONE', *, *, #5423, .T. ) ;
#3453 = DIRECTION ( 'NONE',  ( -0.3799932884734116278, 0.000000000000000000, -0.9249892435672766311 ) ) ;
#3454 = CARTESIAN_POINT ( 'NONE',  ( 7.031412306681053437, 2.134320569921011490, 6.885828264191768078 ) ) ;
#3455 = CARTESIAN_POINT ( 'NONE',  ( -9.885393354405110244, 10.00001200000000168, 0.8789046617972168240 ) ) ;
#3456 = CARTESIAN_POINT ( 'NONE',  ( -9.619363854055754004, 2.500000000000000444, -2.732734718790983397 ) ) ;
#3457 = AXIS2_PLACEMENT_3D ( 'NONE', #574, #4318, #1668 ) ;
#3458 = CARTESIAN_POINT ( 'NONE',  ( -4.470479223978639283, 2.293003971270598296, -8.837551326252590655 ) ) ;
#3459 = ORIENTED_EDGE ( 'NONE', *, *, #4604, .T. ) ;
#3460 = ADVANCED_FACE ( 'NONE', ( #6302 ), #2104, .T. ) ;
#3461 = DIRECTION ( 'NONE',  ( -0.3799932884734122385, 0.000000000000000000, -0.9249892435672764091 ) ) ;
#3462 = VERTEX_POINT ( 'NONE', #1917 ) ;
#3463 = CARTESIAN_POINT ( 'NONE',  ( -2.548403532281084960, 8.000000000000000000, -1.851523544721290326 ) ) ;
#3464 = AXIS2_PLACEMENT_3D ( 'NONE', #6879, #2427, #1307 ) ;
#3465 = DIRECTION ( 'NONE',  ( 0.000000000000000000, -1.000000000000000000, 0.000000000000000000 ) ) ;
#3466 = CARTESIAN_POINT ( 'NONE',  ( -0.9124482025973559285, 0.000000000000000000, -2.221104420305847427 ) ) ;
#3467 = EDGE_CURVE ( 'NONE', #3578, #3462, #6385, .T. ) ;
#3468 = CARTESIAN_POINT ( 'NONE',  ( -7.643810160369031159, 1.975531022569853468, 6.448641078955088091 ) ) ;
#3469 = AXIS2_PLACEMENT_3D ( 'NONE', #5450, #999, #2060 ) ;
#3470 = LINE ( 'NONE', #5675, #4627 ) ;
#3471 = VERTEX_POINT ( 'NONE', #2964 ) ;
#3472 = ADVANCED_FACE ( 'NONE', ( #3622 ), #5311, .T. ) ;
#3473 = CARTESIAN_POINT ( 'NONE',  ( -2.970974267493340371, 2.438513403071547625, 9.469254802398012316 ) ) ;
#3474 = EDGE_LOOP ( 'NONE', ( #794, #3799, #5801, #1591 ) ) ;
#3475 = PRODUCT_CONTEXT ( 'NONE', #4234, 'mechanical' ) ;
#3476 = AXIS2_PLACEMENT_3D ( 'NONE', #2248, #2319, #6196 ) ;
#3477 = CARTESIAN_POINT ( 'NONE',  ( 2.970974231079432482, 2.500000000000000444, 9.469254843656262466 ) ) ;
#3478 = CARTESIAN_POINT ( 'NONE',  ( -7.841361078610859181, 2.500000000000000000, 6.205888851312659327 ) ) ;
#3479 = LINE ( 'NONE', #1157, #6013 ) ;
#3480 = ORIENTED_EDGE ( 'NONE', *, *, #318, .T. ) ;
#3481 = ORIENTED_EDGE ( 'NONE', *, *, #2, .T. ) ;
#3482 = DIRECTION ( 'NONE',  ( -0.000000000000000000, 1.000000000000000000, -0.000000000000000000 ) ) ;
#3483 = EDGE_CURVE ( 'NONE', #5932, #2817, #3687, .T. ) ;
#3484 = AXIS2_PLACEMENT_3D ( 'NONE', #1208, #2292, #7180 ) ;
#3485 = CARTESIAN_POINT ( 'NONE',  ( -7.206383511017080856, 2.147145517465061104, 6.720854740644933045 ) ) ;
#3486 = CARTESIAN_POINT ( 'NONE',  ( 2.732734718790805761, 2.500000000000000000, 9.619363854055803742 ) ) ;
#3487 = DIRECTION ( 'NONE',  ( 0.6205888851312586496, 0.000000000000000000, 0.7841361078610916691 ) ) ;
#3488 = DIRECTION ( 'NONE',  ( -1.734723475976807094E-15, 0.000000000000000000, 1.000000000000000000 ) ) ;
#3489 = AXIS2_PLACEMENT_3D ( 'NONE', #4578, #4507, #4037 ) ;
#3490 = VECTOR ( 'NONE', #6776, 1000.000000000000000 ) ;
#3491 = VERTEX_POINT ( 'NONE', #5207 ) ;
#3492 = CARTESIAN_POINT ( 'NONE',  ( -2.333234819276243766, 0.000000000000000000, 0.5673463196692546395 ) ) ;
#3493 = CARTESIAN_POINT ( 'NONE',  ( 6.508373931577509985, 2.240934156756754003, 7.448814233386296557 ) ) ;
#3494 = DIRECTION ( 'NONE',  ( 0.1156453502364700181, 4.307711168011546445E-15, 0.9932905682471189213 ) ) ;
#3495 = CIRCLE ( 'NONE', #6611, 0.5000000000000000000 ) ;
#3496 = CARTESIAN_POINT ( 'NONE',  ( -8.840214275616604667, 2.279592747210303472, -4.462380288428884789 ) ) ;
#3497 = CARTESIAN_POINT ( 'NONE',  ( 9.857561987693546968, 2.183709232977784520, 0.4960991014862307091 ) ) ;
#3498 = ORIENTED_EDGE ( 'NONE', *, *, #4960, .T. ) ;
#3499 =( BOUNDED_SURFACE ( )  B_SPLINE_SURFACE ( 3, 2, ( 
 ( #5136, #3512, #5613 ),
 ( #3473, #26, #1729 ),
 ( #671, #4044, #4551 ),
 ( #1800, #711, #2931 ),
 ( #4447, #6657, #1299 ),
 ( #2385, #6155, #5032 ),
 ( #3904, #5718, #1693 ),
 ( #6115, #4583, #4479 ),
 ( #6729, #3939, #3363 ),
 ( #91, #1151, #607 ),
 ( #1769, #4767, #1952 ),
 ( #3546, #3579, #3108 ),
 ( #1406, #1370, #5792 ),
 ( #199, #1476, #6983 ),
 ( #6874, #236, #4149 ),
 ( #3044, #2030, #749 ),
 ( #1883, #2528, #5169 ),
 ( #2497, #2421, #787 ) ),
 .UNSPECIFIED., .F., .F., .F. ) 
 B_SPLINE_SURFACE_WITH_KNOTS ( ( 4, 2, 2, 2, 2, 2, 2, 2, 4 ),
 ( 3, 3 ),
 ( 0.000000000000000000, 0.0003645422052340770548, 0.0007290844104681541097, 0.001093626615702231273, 0.001458168820936308219, 0.001822711026170385383, 0.002187253231404462546, 0.002551795436638539492, 0.002916337641872616439 ),
 ( 0.000000000000000000, 1.000000000000000000 ),
 .UNSPECIFIED. ) 
 GEOMETRIC_REPRESENTATION_ITEM ( )  RATIONAL_B_SPLINE_SURFACE ( (
 ( 1.000000000000000000, 0.9595359398070247847, 1.000000000000000000),
 ( 1.000000000000000000, 0.9595833763010275241, 1.000000000000000000),
 ( 1.000000000000000000, 0.9570685609626607970, 1.000000000000000000),
 ( 1.000000000000000000, 0.9488880332095510628, 1.000000000000000000),
 ( 1.000000000000000000, 0.9432547151588626111, 1.000000000000000000),
 ( 1.000000000000000000, 0.9321826025349226885, 1.000000000000000000),
 ( 1.000000000000000000, 0.9268523530654366738, 1.000000000000000000),
 ( 1.000000000000000000, 0.9192073681285701792, 1.000000000000000000),
 ( 1.000000000000000000, 0.9170514797511380989, 1.000000000000000000),
 ( 1.000000000000000000, 0.9170288608893327753, 1.000000000000000000),
 ( 1.000000000000000000, 0.9192260099103976012, 1.000000000000000000),
 ( 1.000000000000000000, 0.9267996068665790288, 1.000000000000000000),
 ( 1.000000000000000000, 0.9321812854750027855, 1.000000000000000000),
 ( 1.000000000000000000, 0.9432160661325502682, 1.000000000000000000),
 ( 1.000000000000000000, 0.9488445939139391605, 1.000000000000000000),
 ( 1.000000000000000000, 0.9570263305979660462, 1.000000000000000000),
 ( 1.000000000000000000, 0.9595878455022631703, 1.000000000000000000),
 ( 1.000000000000000000, 0.9595359398070243406, 1.000000000000000000) ) ) 
 REPRESENTATION_ITEM ( '' )  SURFACE ( )  );
#3500 = CARTESIAN_POINT ( 'NONE',  ( -0.5673463196692578592, 0.000000000000000000, -2.333234819276244210 ) ) ;
#3501 = ORIENTED_EDGE ( 'NONE', *, *, #5423, .F. ) ;
#3502 = AXIS2_PLACEMENT_3D ( 'NONE', #4038, #6254, #2416 ) ;
#3503 = AXIS2_PLACEMENT_3D ( 'NONE', #3743, #5949, #7028 ) ;
#3504 = CARTESIAN_POINT ( 'NONE',  ( -0.9501942713743029012, 2.051424616008498791, 9.955064202180716748 ) ) ;
#3505 = LINE ( 'NONE', #3432, #4634 ) ;
#3506 = CARTESIAN_POINT ( 'NONE',  ( 8.796570338259767752, 9.500000000000000000, -4.594978287205941925 ) ) ;
#3507 = EDGE_CURVE ( 'NONE', #613, #5932, #5348, .T. ) ;
#3508 = CARTESIAN_POINT ( 'NONE',  ( -7.247002898594022469, 1.779448407880940719, 6.891745755504305571 ) ) ;
#3509 = ORIENTED_EDGE ( 'NONE', *, *, #5546, .F. ) ;
#3510 = DIRECTION ( 'NONE',  ( 0.000000000000000000, 0.000000000000000000, 1.000000000000000000 ) ) ;
#3511 = ORIENTED_EDGE ( 'NONE', *, *, #4259, .T. ) ;
#3512 = CARTESIAN_POINT ( 'NONE',  ( -2.873880030200289148, 2.500000000000000888, 9.579266327989083507 ) ) ;
#3513 = ORIENTED_EDGE ( 'NONE', *, *, #1820, .T. ) ;
#3514 = CARTESIAN_POINT ( 'NONE',  ( 1.156453502364807928, 2.372106879883455033, -9.932905682471179887 ) ) ;
#3515 = CARTESIAN_POINT ( 'NONE',  ( 1.851523544721292769, 8.000000000000000000, 2.548403532281084960 ) ) ;
#3516 = EDGE_CURVE ( 'NONE', #3713, #613, #4878, .T. ) ;
#3517 = DIRECTION ( 'NONE',  ( 0.000000000000000000, -1.734723475976808672E-15, -1.000000000000000000 ) ) ;
#3518 = DIRECTION ( 'NONE',  ( 0.000000000000000000, 0.000000000000000000, 1.000000000000000000 ) ) ;
#3519 = DIRECTION ( 'NONE',  ( 0.000000000000000000, 1.000000000000000000, 0.000000000000000000 ) ) ;
#3520 = ORIENTED_EDGE ( 'NONE', *, *, #4312, .T. ) ;
#3521 = VERTEX_POINT ( 'NONE', #5864 ) ;
#3522 = DIRECTION ( 'NONE',  ( 0.4869582161062593895, 0.000000000000000000, -0.8734252662744590445 ) ) ;
#3523 = EDGE_CURVE ( 'NONE', #1083, #825, #6906, .T. ) ;
#3524 = CARTESIAN_POINT ( 'NONE',  ( -6.368549229222990604, 2.500000000000000444, 7.611508121969579932 ) ) ;
#3525 = DIRECTION ( 'NONE',  ( 0.000000000000000000, 1.000000000000000000, 0.000000000000000000 ) ) ;
#3526 = CARTESIAN_POINT ( 'NONE',  ( 2.596097982851459207, 9.500000000000000000, -9.138395661352959110 ) ) ;
#3528 = EDGE_CURVE ( 'NONE', #4461, #1061, #4726, .T. ) ;
#3527 = DIRECTION ( 'NONE',  ( -0.000000000000000000, -1.000000000000000000, -0.000000000000000000 ) ) ;
#3529 = LINE ( 'NONE', #687, #3490 ) ;
#3530 = ORIENTED_EDGE ( 'NONE', *, *, #1432, .F. ) ;
#3531 = DIRECTION ( 'NONE',  ( 0.000000000000000000, 1.000000000000000000, 0.000000000000000000 ) ) ;
#3532 = CARTESIAN_POINT ( 'NONE',  ( 3.120821918168783959, 2.127032157860301087, 9.501588311015545685 ) ) ;
#3533 = CARTESIAN_POINT ( 'NONE',  ( -8.805704236984238875, 2.500000000000000888, -4.741424121641865774 ) ) ;
#3534 = CARTESIAN_POINT ( 'NONE',  ( 8.297540029607301193, 9.500000000000000000, 4.626103053009570587 ) ) ;
#3535 = ORIENTED_EDGE ( 'NONE', *, *, #1820, .F. ) ;
#3536 = LINE ( 'NONE', #328, #3844 ) ;
#3537 = ORIENTED_EDGE ( 'NONE', *, *, #5371, .T. ) ;
#3538 = CARTESIAN_POINT ( 'NONE',  ( 0.8789046617972536835, 10.00001200000000168, -9.885393354405108468 ) ) ;
#3539 = CARTESIAN_POINT ( 'NONE',  ( 1.156453502364804375, 10.00000000000000000, 9.932905682471176334 ) ) ;
#3540 = CARTESIAN_POINT ( 'NONE',  ( 2.043718524445535589, 0.000000000000000000, -1.260587625341240248 ) ) ;
#3541 = CARTESIAN_POINT ( 'NONE',  ( -7.711024474176517707, 2.051189550670911910, 6.367596717411105445 ) ) ;
#3542 = ORIENTED_EDGE ( 'NONE', *, *, #5092, .F. ) ;
#3543 = VECTOR ( 'NONE', #1120, 999.9999999999998863 ) ;
#3544 = FACE_OUTER_BOUND ( 'NONE', #4022, .T. ) ;
#3545 = ORIENTED_EDGE ( 'NONE', *, *, #5370, .T. ) ;
#3546 = CARTESIAN_POINT ( 'NONE',  ( -4.140859864539615742, 2.164537838121627367, 8.948211102191658384 ) ) ;
#3547 = ORIENTED_EDGE ( 'NONE', *, *, #4181, .T. ) ;
#3548 = CIRCLE ( 'NONE', #4814, 0.4999999999999995559 ) ;
#3549 = CARTESIAN_POINT ( 'NONE',  ( 0.9124482025973564836, 8.000000000000000000, 2.221104420305848315 ) ) ;
#3550 = CARTESIAN_POINT ( 'NONE',  ( -2.970974231079568817, 2.500000000000000444, 9.469254843656223386 ) ) ;
#3551 = CARTESIAN_POINT ( 'NONE',  ( 7.449293024680356368, 9.500000000000000000, -5.895594408746973158 ) ) ;
#3552 = CARTESIAN_POINT ( 'NONE',  ( -1.539607852037001538E-13, 1.768578062440346432, -10.00000000000000000 ) ) ;
#3553 = ORIENTED_EDGE ( 'NONE', *, *, #1357, .F. ) ;
#3554 = EDGE_LOOP ( 'NONE', ( #4702, #6533, #6044, #4620 ) ) ;
#3555 = ADVANCED_FACE ( 'NONE', ( #4192 ), #3036, .F. ) ;
#3556 = AXIS2_PLACEMENT_3D ( 'NONE', #642, #5503, #6229 ) ;
#3557 = AXIS2_PLACEMENT_3D ( 'NONE', #2804, #1569, #5013 ) ;
#3558 = CARTESIAN_POINT ( 'NONE',  ( -2.333234819276247318, 8.000000000000000000, -0.5673463196692614119 ) ) ;
#3559 = EDGE_CURVE ( 'NONE', #429, #1405, #6612, .T. ) ;
#3560 = DIRECTION ( 'NONE',  ( -0.9971414314842893534, 0.000000000000000000, -0.07555769727474789810 ) ) ;
#3561 = CARTESIAN_POINT ( 'NONE',  ( -9.938803551105728218, 2.249819565270343436, 1.107426840495089992 ) ) ;
#3562 = FACE_OUTER_BOUND ( 'NONE', #4233, .T. ) ;
#3563 = EDGE_CURVE ( 'NONE', #2613, #4783, #6502, .T. ) ;
#3564 = ORIENTED_EDGE ( 'NONE', *, *, #222, .T. ) ;
#3565 = DIRECTION ( 'NONE',  ( 0.000000000000000000, -1.000000000000000000, 0.000000000000000000 ) ) ;
#3566 = CARTESIAN_POINT ( 'NONE',  ( 4.741424057448656804, 2.410376625841649467, 8.805704271353530288 ) ) ;
#3567 = DIRECTION ( 'NONE',  ( 0.000000000000000000, 0.000000000000000000, 1.000000000000000000 ) ) ;
#3568 = SPHERICAL_SURFACE ( 'NONE', #1048, 0.5000000000000000000 ) ;
#3569 = EDGE_LOOP ( 'NONE', ( #3537, #4803, #171 ) ) ;
#3570 = CARTESIAN_POINT ( 'NONE',  ( 0.5673463196692631882, 0.000000000000000000, -2.333234819276247318 ) ) ;
#3571 = ORIENTED_EDGE ( 'NONE', *, *, #2441, .F. ) ;
#3572 = CARTESIAN_POINT ( 'NONE',  ( 1.107361165272789272, 2.249659137499898875, 9.938811613925521371 ) ) ;
#3573 = LINE ( 'NONE', #5825, #6146 ) ;
#3574 = DIRECTION ( 'NONE',  ( 0.000000000000000000, 1.000000000000000000, 0.000000000000000000 ) ) ;
#3575 = CARTESIAN_POINT ( 'NONE',  ( -7.841361078610859181, 2.500000000000000000, 6.205888851312659327 ) ) ;
#3576 = ORIENTED_EDGE ( 'NONE', *, *, #4926, .T. ) ;
#3577 = DIRECTION ( 'NONE',  ( 0.000000000000000000, 1.000000000000000000, 0.000000000000000000 ) ) ;
#3578 = VERTEX_POINT ( 'NONE', #2092 ) ;
#3579 = CARTESIAN_POINT ( 'NONE',  ( -4.237709641947824402, 2.024215165943655581, 9.058529816459570227 ) ) ;
#3580 = CIRCLE ( 'NONE', #4378, 0.5000000000000000000 ) ;
#3581 = ORIENTED_EDGE ( 'NONE', *, *, #140, .T. ) ;
#3582 = CARTESIAN_POINT ( 'NONE',  ( 8.947791336897550352, 2.164715090713861478, -4.142024133190987278 ) ) ;
#3583 = AXIS2_PLACEMENT_3D ( 'NONE', #6238, #3891, #2811 ) ;
#3584 = CARTESIAN_POINT ( 'NONE',  ( -4.085870468678311163, 2.147145517465062436, 8.967023712798514623 ) ) ;
#3585 = CIRCLE ( 'NONE', #7052, 0.5000000000000004441 ) ;
#3586 = CARTESIAN_POINT ( 'NONE',  ( 4.470479223992320783, 9.500000000000000000, -10.79269157286916858 ) ) ;
#3587 = DIRECTION ( 'NONE',  ( 0.6472324890273797315, 0.000000000000000000, -0.7622926637108760062 ) ) ;
#3588 = ORIENTED_EDGE ( 'NONE', *, *, #492, .F. ) ;
#3589 = ORIENTED_EDGE ( 'NONE', *, *, #5636, .T. ) ;
#3590 = VECTOR ( 'NONE', #2899, 1000.000000000000000 ) ;
#3591 = CARTESIAN_POINT ( 'NONE',  ( -0.1126389525482394266, 1.985975370094277270, 10.00001032960337710 ) ) ;
#3592 = CARTESIAN_POINT ( 'NONE',  ( 9.157329489925324140, 2.134286657244864660, -3.607922989077376741 ) ) ;
#3593 = EDGE_CURVE ( 'NONE', #1298, #1405, #6849, .T. ) ;
#3594 = CIRCLE ( 'NONE', #1623, 0.5000000000000004441 ) ;
#3595 = CARTESIAN_POINT ( 'NONE',  ( -1.539607852037001538E-13, 1.768578062440346432, -10.00000000000000000 ) ) ;
#3596 = DIRECTION ( 'NONE',  ( 0.000000000000000000, -1.000000000000000000, 0.000000000000000000 ) ) ;
#3597 = DIRECTION ( 'NONE',  ( 0.8511160640214283646, 0.000000000000000000, -0.5249775667251619371 ) ) ;
#3598 = ORIENTED_EDGE ( 'NONE', *, *, #2723, .F. ) ;
#3599 = EDGE_CURVE ( 'NONE', #1377, #279, #4943, .T. ) ;
#3600 = TOROIDAL_SURFACE ( 'NONE', #6596, 7.543744331762958666, 0.5000000000000000000 ) ;
#3601 = CARTESIAN_POINT ( 'NONE',  ( -4.057814370325372622, 1.779361857681295289, -9.140544747021408512 ) ) ;
#3602 = CARTESIAN_POINT ( 'NONE',  ( 4.592078116478148786, 2.181508697813395958, 8.884289160643556116 ) ) ;
#3603 = EDGE_CURVE ( 'NONE', #6116, #6755, #6154, .T. ) ;
#3604 = CARTESIAN_POINT ( 'NONE',  ( 2.981977766025553311, 2.424329480613470977, -9.463724233344530390 ) ) ;
#3605 = AXIS2_PLACEMENT_3D ( 'NONE', #2380, #6218, #120 ) ;
#3606 = VECTOR ( 'NONE', #2870, 1000.000000000000000 ) ;
#3607 = DIRECTION ( 'NONE',  ( 0.07555769727474609398, 0.000000000000000000, 0.9971414314842894644 ) ) ;
#3608 = ORIENTED_EDGE ( 'NONE', *, *, #3741, .F. ) ;
#3609 = DIRECTION ( 'NONE',  ( 0.000000000000000000, 0.000000000000000000, 1.000000000000000000 ) ) ;
#3610 = ORIENTED_EDGE ( 'NONE', *, *, #7057, .F. ) ;
#3611 = ADVANCED_FACE ( 'NONE', ( #2738 ), #1507, .T. ) ;
#3612 = DIRECTION ( 'NONE',  ( 0.000000000000000000, 1.000000000000000000, 0.000000000000000000 ) ) ;
#3613 = CIRCLE ( 'NONE', #4526, 0.5000000000000004441 ) ;
#3614 = DIRECTION ( 'NONE',  ( 0.000000000000000000, -1.000000000000000000, 0.000000000000000000 ) ) ;
#3615 = AXIS2_PLACEMENT_3D ( 'NONE', #7090, #4331, #3286 ) ;
#3616 = DIRECTION ( 'NONE',  ( 0.000000000000000000, 1.000000000000000000, 0.000000000000000000 ) ) ;
#3617 = ADVANCED_FACE ( 'NONE', ( #3183 ), #2158, .T. ) ;
#3618 = DIRECTION ( 'NONE',  ( 0.000000000000000000, 1.000000000000000000, 0.000000000000000000 ) ) ;
#3619 = CARTESIAN_POINT ( 'NONE',  ( -2.504813822048899130, 0.000000000000000000, -1.276266388579321509 ) ) ;
#3620 = VERTEX_POINT ( 'NONE', #5355 ) ;
#3622 = FACE_OUTER_BOUND ( 'NONE', #784, .T. ) ;
#3621 = AXIS2_PLACEMENT_3D ( 'NONE', #840, #3056, #5259 ) ;
#3623 = EDGE_LOOP ( 'NONE', ( #1804, #1506 ) ) ;
#3624 = CARTESIAN_POINT ( 'NONE',  ( 9.033499448847532420, 1.829430187478991110, -4.290897008129028301 ) ) ;
#3625 = AXIS2_PLACEMENT_3D ( 'NONE', #6503, #4831, #3889 ) ;
#3626 = DIRECTION ( 'NONE',  ( 0.000000000000000000, 0.000000000000000000, 1.000000000000000000 ) ) ;
#3627 = LINE ( 'NONE', #4155, #914 ) ;
#3628 = LINE ( 'NONE', #2038, #227 ) ;
#3629 = ORIENTED_EDGE ( 'NONE', *, *, #1469, .F. ) ;
#3630 = ORIENTED_EDGE ( 'NONE', *, *, #901, .T. ) ;
#3631 = AXIS2_PLACEMENT_3D ( 'NONE', #3750, #1055, #1565 ) ;
#3632 = FACE_OUTER_BOUND ( 'NONE', #3447, .T. ) ;
#3633 = CARTESIAN_POINT ( 'NONE',  ( 8.297540029607301193, 10.00000000000000000, 4.626103053009571475 ) ) ;
#3634 = DIRECTION ( 'NONE',  ( -0.000000000000000000, -1.000000000000000000, -0.000000000000000000 ) ) ;
#3635 = CARTESIAN_POINT ( 'NONE',  ( -9.955088514328243932, 2.051189550670911910, -0.9499468768430744392 ) ) ;
#3636 = CARTESIAN_POINT ( 'NONE',  ( 2.596097982851460539, 10.00000000000000000, -9.138395661352959110 ) ) ;
#3637 = VERTEX_POINT ( 'NONE', #4400 ) ;
#3638 = CARTESIAN_POINT ( 'NONE',  ( -3.712059723680396939, 1.768517871363070704, -9.286350259861633205 ) ) ;
#3639 = CARTESIAN_POINT ( 'NONE',  ( 4.741424121641706790, 2.500000000000000888, 8.805704236984322364 ) ) ;
#3640 = CARTESIAN_POINT ( 'NONE',  ( 9.469254843656191412, 10.00001200000000168, 2.970974231079662520 ) ) ;
#3641 = CARTESIAN_POINT ( 'NONE',  ( -8.734252662744561135, 2.500000000000000000, -4.869582161062647074 ) ) ;
#3642 = VERTEX_POINT ( 'NONE', #6609 ) ;
#3643 = FACE_OUTER_BOUND ( 'NONE', #7164, .T. ) ;
#3644 = ORIENTED_EDGE ( 'NONE', *, *, #6600, .T. ) ;
#3645 = ADVANCED_FACE ( 'NONE', ( #1651 ), #1576, .T. ) ;
#3646 = CARTESIAN_POINT ( 'NONE',  ( -5.895594408747000692, 10.00000000000000000, -7.449293024680335051 ) ) ;
#3647 = CARTESIAN_POINT ( 'NONE',  ( 1.260587625341240470, 8.000000000000000000, 2.043718524445536033 ) ) ;
#3648 = EDGE_CURVE ( 'NONE', #3491, #3295, #444, .T. ) ;
#3649 = FACE_OUTER_BOUND ( 'NONE', #6943, .T. ) ;
#3650 = EDGE_CURVE ( 'NONE', #3737, #6190, #3734, .T. ) ;
#3651 = CARTESIAN_POINT ( 'NONE',  ( -4.470479223992246176, 9.500000000000000000, 10.79269157286920411 ) ) ;
#3652 = CARTESIAN_POINT ( 'NONE',  ( 11.68192517863507618, 2.500000000000000444, 1.224126288112367485E-13 ) ) ;
#3653 = VERTEX_POINT ( 'NONE', #5454 ) ;
#3654 = CARTESIAN_POINT ( 'NONE',  ( -9.138395661352966215, 9.500000000000000000, -2.596097982851433894 ) ) ;
#3655 = ORIENTED_EDGE ( 'NONE', *, *, #5956, .T. ) ;
#3656 = EDGE_CURVE ( 'NONE', #1801, #6273, #1529, .T. ) ;
#3657 = FACE_OUTER_BOUND ( 'NONE', #4016, .T. ) ;
#3658 = EDGE_CURVE ( 'NONE', #1125, #5426, #471, .T. ) ;
#3659 = CARTESIAN_POINT ( 'NONE',  ( 9.012139614925578357, 2.048945620300815840, -4.335449496296971184 ) ) ;
#3660 = CARTESIAN_POINT ( 'NONE',  ( -0.3433206859912968367, 2.147145517465061548, 9.848044610950886124 ) ) ;
#3661 = DIRECTION ( 'NONE',  ( -0.4394523308986368337, -0.000000000000000000, 0.8982659121149788595 ) ) ;
#3662 = DIRECTION ( 'NONE',  ( 0.000000000000000000, -3.469446951953614189E-15, 1.000000000000000000 ) ) ;
#3663 = VERTEX_POINT ( 'NONE', #5634 ) ;
#3664 = ORIENTED_EDGE ( 'NONE', *, *, #4049, .F. ) ;
#3665 = CARTESIAN_POINT ( 'NONE',  ( 1.156453416813808310, 2.377026804319470443, 9.932905692431580391 ) ) ;
#3666 = CARTESIAN_POINT ( 'NONE',  ( 8.966837034307440391, 2.147342056939915977, -4.086428952008209770 ) ) ;
#3667 = DIRECTION ( 'NONE',  ( 0.000000000000000000, -0.000000000000000000, 1.000000000000000000 ) ) ;
#3668 = CARTESIAN_POINT ( 'NONE',  ( 9.932905682471163900, 9.500000000000000000, 1.156453502364911179 ) ) ;
#3669 = CARTESIAN_POINT ( 'NONE',  ( -2.333234819276243766, 8.000000000000000000, 0.5673463196692546395 ) ) ;
#3670 = EDGE_LOOP ( 'NONE', ( #415, #4575, #4613, #2854 ) ) ;
#3671 = AXIS2_PLACEMENT_3D ( 'NONE', #6887, #6919, #5733 ) ;
#3672 = TOROIDAL_SURFACE ( 'NONE', #4820, 2.500000000000000000, 0.5000000000000000000 ) ;
#3673 = CARTESIAN_POINT ( 'NONE',  ( -2.781258658605716860, 2.248135892564180338, -9.605768406060219533 ) ) ;
#3674 = CARTESIAN_POINT ( 'NONE',  ( 3.672401390134470756, 2.134257748930211473, 9.130609167219416733 ) ) ;
#3675 = CARTESIAN_POINT ( 'NONE',  ( 2.970974231079634986, 2.461610632227655859, -9.469254843656203846 ) ) ;
#3676 = CARTESIAN_POINT ( 'NONE',  ( 8.260368511126632285, 2.500000000000000444, 8.260368511126834790 ) ) ;
#3677 = ORIENTED_EDGE ( 'NONE', *, *, #6825, .T. ) ;
#3678 = PRESENTATION_STYLE_ASSIGNMENT (( #1464 ) ) ;
#3679 = EDGE_LOOP ( 'NONE', ( #1331, #1335, #6098, #4453 ) ) ;
#3680 = DIRECTION ( 'NONE',  ( 0.000000000000000000, 1.000000000000000000, 0.000000000000000000 ) ) ;
#3681 = CARTESIAN_POINT ( 'NONE',  ( -8.297540029607365142, 10.00001200000000168, 4.626103053009458677 ) ) ;
#3682 = CARTESIAN_POINT ( 'NONE',  ( -4.470479223992246176, 2.500000000000000444, 10.79269157286920411 ) ) ;
#3683 = DIRECTION ( 'NONE',  ( 0.000000000000000000, 1.000000000000000000, 0.000000000000000000 ) ) ;
#3684 = EDGE_CURVE ( 'NONE', #6480, #3491, #2340, .T. ) ;
#3685 = FACE_OUTER_BOUND ( 'NONE', #125, .T. ) ;
#3686 = ORIENTED_EDGE ( 'NONE', *, *, #575, .F. ) ;
#3687 = LINE ( 'NONE', #3002, #2336 ) ;
#3688 = ORIENTED_EDGE ( 'NONE', *, *, #6836, .F. ) ;
#3689 = DIRECTION ( 'NONE',  ( -1.000000000000000000, -1.734723475976808672E-15, 0.000000000000000000 ) ) ;
#3690 = ADVANCED_FACE ( 'NONE', ( #5086 ), #1717, .T. ) ;
#3691 = CARTESIAN_POINT ( 'NONE',  ( 9.287160042897195211, 1.768515498480492942, -3.710106042531163606 ) ) ;
#3692 = CARTESIAN_POINT ( 'NONE',  ( 9.619363830518897984, 2.377026804319492648, 2.732734801641908184 ) ) ;
#3693 = DIRECTION ( 'NONE',  ( 0.9716864685947457225, 0.000000000000000000, -0.2362740077746008915 ) ) ;
#3694 = EDGE_CURVE ( 'NONE', #81, #1326, #5580, .T. ) ;
#3695 = CIRCLE ( 'NONE', #324, 0.5000000000000004441 ) ;
#3696 = CARTESIAN_POINT ( 'NONE',  ( -0.8557725552098409683, 1.982312691401827642, -9.963963684112144392 ) ) ;
#3697 = AXIS2_PLACEMENT_3D ( 'NONE', #5040, #5653, #647 ) ;
#3698 = EDGE_LOOP ( 'NONE', ( #2151, #3430, #101, #83, #3975 ) ) ;
#3699 = ORIENTED_EDGE ( 'NONE', *, *, #1262, .F. ) ;
#3700 = CIRCLE ( 'NONE', #2655, 0.5000000000000000000 ) ;
#3701 = CARTESIAN_POINT ( 'NONE',  ( -7.611508069916984809, 2.438513403071566721, -6.368549247076125575 ) ) ;
#3702 = CARTESIAN_POINT ( 'NONE',  ( -7.321143966266316916, 2.183709232977770753, 6.619553888663428864 ) ) ;
#3703 = DIRECTION ( 'NONE',  ( 1.000000000000000000, 0.000000000000000000, 0.000000000000000000 ) ) ;
#3704 = AXIS2_PLACEMENT_3D ( 'NONE', #3910, #134, #3370 ) ;
#3705 = EDGE_CURVE ( 'NONE', #6941, #6730, #1754, .T. ) ;
#3706 = ORIENTED_EDGE ( 'NONE', *, *, #6998, .T. ) ;
#3707 = CARTESIAN_POINT ( 'NONE',  ( 1.830433831214382412, 0.000000000000000000, 1.554148821017840687 ) ) ;
#3708 = CIRCLE ( 'NONE', #4048, 0.4999999999999992228 ) ;
#3709 = DIRECTION ( 'NONE',  ( -0.6617183646064827007, 0.000000000000000000, -0.7497524964563451189 ) ) ;
#3710 = CARTESIAN_POINT ( 'NONE',  ( 2.596097982851460539, 9.500000000000000000, -9.138395661352959110 ) ) ;
#3711 = ORIENTED_EDGE ( 'NONE', *, *, #5647, .F. ) ;
#3712 = DIRECTION ( 'NONE',  ( 0.000000000000000000, -1.000000000000000000, 0.000000000000000000 ) ) ;
#3713 = VERTEX_POINT ( 'NONE', #6679 ) ;
#3714 = CARTESIAN_POINT ( 'NONE',  ( -7.561418751232896085, 2.343452233630471948, -6.411709747915579349 ) ) ;
#3715 = AXIS2_PLACEMENT_3D ( 'NONE', #5204, #4724, #1440 ) ;
#3716 = ORIENTED_EDGE ( 'NONE', *, *, #1697, .T. ) ;
#3717 = CARTESIAN_POINT ( 'NONE',  ( -9.469254843656210952, 9.500000000000000000, -2.970974231079603012 ) ) ;
#3718 = CARTESIAN_POINT ( 'NONE',  ( 9.436260398347627643, 10.00000000000000000, -1.098630827246467323 ) ) ;
#3719 = FACE_OUTER_BOUND ( 'NONE', #1367, .T. ) ;
#3720 = VECTOR ( 'NONE', #1399, 1000.000000000000114 ) ;
#3721 = CIRCLE ( 'NONE', #6264, 10.00000000000000000 ) ;
#3722 = CARTESIAN_POINT ( 'NONE',  ( -9.870053336883950479, 2.242932669926581912, -0.6742980716536993713 ) ) ;
#3723 = DIRECTION ( 'NONE',  ( -0.000000000000000000, -1.000000000000000000, -0.000000000000000000 ) ) ;
#3724 = ORIENTED_EDGE ( 'NONE', *, *, #3293, .F. ) ;
#3725 = CARTESIAN_POINT ( 'NONE',  ( -9.190461521628838781, 1.768638744481566327, 3.943489008538272333 ) ) ;
#3726 = ORIENTED_EDGE ( 'NONE', *, *, #16, .T. ) ;
#3727 = AXIS2_PLACEMENT_3D ( 'NONE', #6304, #3005, #4455 ) ;
#3728 = AXIS2_PLACEMENT_3D ( 'NONE', #844, #1277, #2946 ) ;
#3729 = CARTESIAN_POINT ( 'NONE',  ( 3.059004614404494227, 2.314916786199595844, 9.424838803981971935 ) ) ;
#3730 = EDGE_CURVE ( 'NONE', #6190, #1319, #5114, .T. ) ;
#3731 = CARTESIAN_POINT ( 'NONE',  ( 9.469254843656253584, 2.500000000000000444, -2.970974231079464900 ) ) ;
#3732 = CARTESIAN_POINT ( 'NONE',  ( 0.000000000000000000, 10.00000000000000000, 0.000000000000000000 ) ) ;
#3733 = TOROIDAL_SURFACE ( 'NONE', #597, 9.500000000000000000, 0.5000000000000000000 ) ;
#3734 = CIRCLE ( 'NONE', #3615, 2.499999999999999556 ) ;
#3735 = CARTESIAN_POINT ( 'NONE',  ( 7.561418751232849012, 2.343452233630471948, 6.411709747915633528 ) ) ;
#3736 = ORIENTED_EDGE ( 'NONE', *, *, #4046, .F. ) ;
#3737 = VERTEX_POINT ( 'NONE', #697 ) ;
#3738 = CIRCLE ( 'NONE', #3848, 2.500000000000000444 ) ;
#3739 = ADVANCED_FACE ( 'NONE', ( #2919 ), #6143, .T. ) ;
#3740 = AXIS2_PLACEMENT_3D ( 'NONE', #2978, #354, #2583 ) ;
#3741 = EDGE_CURVE ( 'NONE', #2965, #2350, #5128, .T. ) ;
#3742 = CARTESIAN_POINT ( 'NONE',  ( -7.502344536136477338, 1.867388762198151309, -6.612695775979653412 ) ) ;
#3743 = CARTESIAN_POINT ( 'NONE',  ( 0.000000000000000000, 9.500000000000000000, 0.000000000000000000 ) ) ;
#3744 = DIRECTION ( 'NONE',  ( -0.000000000000000000, -1.000000000000000000, -0.000000000000000000 ) ) ;
#3745 = AXIS2_PLACEMENT_3D ( 'NONE', #2326, #2254, #649 ) ;
#3746 = FACE_OUTER_BOUND ( 'NONE', #5468, .T. ) ;
#3747 = EDGE_CURVE ( 'NONE', #4876, #4157, #3929, .T. ) ;
#3748 = DIRECTION ( 'NONE',  ( 0.000000000000000000, 1.000000000000000000, 0.000000000000000000 ) ) ;
#3749 = EDGE_CURVE ( 'NONE', #2037, #5574, #243, .T. ) ;
#3750 = CARTESIAN_POINT ( 'NONE',  ( 0.000000000000000000, 9.500000000000000000, 0.000000000000000000 ) ) ;
#3751 = CARTESIAN_POINT ( 'NONE',  ( 0.8133297854803275273, 2.343776050381210396, -9.880521220204503408 ) ) ;
#3752 = CARTESIAN_POINT ( 'NONE',  ( 7.455982384190931178, 2.242932669926581912, -6.502380906176170150 ) ) ;
#3753 = ORIENTED_EDGE ( 'NONE', *, *, #2809, .T. ) ;
#3754 = LINE ( 'NONE', #5960, #4886 ) ;
#3755 = EDGE_LOOP ( 'NONE', ( #4207, #1910, #1150, #2281, #457 ) ) ;
#3756 = CARTESIAN_POINT ( 'NONE',  ( 0.000000000000000000, 10.00000000000000000, 0.000000000000000000 ) ) ;
#3757 = CARTESIAN_POINT ( 'NONE',  ( 0.5673463196692631882, 8.000000000000000000, -2.333234819276247318 ) ) ;
#3758 = FACE_OUTER_BOUND ( 'NONE', #903, .T. ) ;
#3759 = DIRECTION ( 'NONE',  ( 0.000000000000000000, 0.000000000000000000, 1.000000000000000000 ) ) ;
#3760 = CARTESIAN_POINT ( 'NONE',  ( -9.469254843656234044, 10.00001200000000168, 2.970974231079531513 ) ) ;
#3761 = ORIENTED_EDGE ( 'NONE', *, *, #4165, .F. ) ;
#3762 = DIRECTION ( 'NONE',  ( 0.7622926637108773384, 0.000000000000000000, -0.6472324890273781772 ) ) ;
#3763 = EDGE_LOOP ( 'NONE', ( #4505, #5811, #5269, #5936 ) ) ;
#3764 = CARTESIAN_POINT ( 'NONE',  ( 4.501049684337719015, 2.314666110110171093, 8.827500525282504285 ) ) ;
#3765 = DIRECTION ( 'NONE',  ( 0.4394523308986274523, 0.000000000000000000, 0.8982659121149835224 ) ) ;
#3766 = DIRECTION ( 'NONE',  ( -0.9619363854055764662, -9.291575964857336224E-15, -0.2732734718790951756 ) ) ;
#3767 = PLANE ( 'NONE',  #5783 ) ;
#3768 = CARTESIAN_POINT ( 'NONE',  ( -0.1144902525312896796, 1.986052934431099315, -9.999989585984112139 ) ) ;
#3769 = ORIENTED_EDGE ( 'NONE', *, *, #7048, .F. ) ;
#3770 = ORIENTED_EDGE ( 'NONE', *, *, #1341, .T. ) ;
#3771 = CARTESIAN_POINT ( 'NONE',  ( -0.8470067704477864945, 2.377840714399285904, 9.883052937361805235 ) ) ;
#3772 = CARTESIAN_POINT ( 'NONE',  ( -6.815700865711493250, 2.139858412045582359, 7.104936358681891662 ) ) ;
#3773 = CARTESIAN_POINT ( 'NONE',  ( 2.043718524445536922, 8.000000000000000000, 1.260587625341248019 ) ) ;
#3774 = EDGE_CURVE ( 'NONE', #5137, #2893, #4528, .T. ) ;
#3775 = VECTOR ( 'NONE', #4676, 1000.000000000000000 ) ;
#3776 = LINE ( 'NONE', #6014, #4029 ) ;
#3777 = EDGE_CURVE ( 'NONE', #4167, #6047, #3951, .T. ) ;
#3778 = CARTESIAN_POINT ( 'NONE',  ( 0.000000000000000000, 9.500000000000000000, 0.000000000000000000 ) ) ;
#3779 = CARTESIAN_POINT ( 'NONE',  ( -10.79269157286918812, 9.500000000000000000, -4.470479223992283480 ) ) ;
#3780 = CARTESIAN_POINT ( 'NONE',  ( -7.756855835314287261E-16, 2.134289031220173438, -9.840962589317538090 ) ) ;
#3781 = EDGE_CURVE ( 'NONE', #1793, #5342, #5055, .T. ) ;
#3782 = CARTESIAN_POINT ( 'NONE',  ( 7.449293024680357256, 9.500000000000000000, -5.895594408746972270 ) ) ;
#3783 = ORIENTED_EDGE ( 'NONE', *, *, #4665, .F. ) ;
#3784 = CIRCLE ( 'NONE', #4935, 0.4999999999999995559 ) ;
#3785 = CARTESIAN_POINT ( 'NONE',  ( -3.672401390134566679, 2.134257748930194154, -9.130609167219395417 ) ) ;
#3786 = DIRECTION ( 'NONE',  ( -0.000000000000000000, -1.000000000000000000, -0.000000000000000000 ) ) ;
#3787 = DIRECTION ( 'NONE',  ( 0.000000000000000000, 1.000000000000000000, 0.000000000000000000 ) ) ;
#3788 = FACE_OUTER_BOUND ( 'NONE', #1387, .T. ) ;
#3789 = ORIENTED_EDGE ( 'NONE', *, *, #2849, .T. ) ;
#3790 = DIRECTION ( 'NONE',  ( 0.9249892435672758539, 0.000000000000000000, 0.3799932884734136818 ) ) ;
#3791 = ORIENTED_EDGE ( 'NONE', *, *, #4926, .F. ) ;
#3792 = CARTESIAN_POINT ( 'NONE',  ( 8.734252662744529161, 10.00000000000000000, 4.869582161062708359 ) ) ;
#3793 = CARTESIAN_POINT ( 'NONE',  ( -1.098630827246567021, 9.500000000000000000, 9.436260398347616984 ) ) ;
#3794 = CARTESIAN_POINT ( 'NONE',  ( -2.732734718790946093, 10.00000000000000000, 9.619363854055764662 ) ) ;
#3795 = DIRECTION ( 'NONE',  ( 0.000000000000000000, 1.000000000000000000, 0.000000000000000000 ) ) ;
#3796 = CARTESIAN_POINT ( 'NONE',  ( 0.4013235377314574026, 2.164537838121623370, -9.851707555809991135 ) ) ;
#3797 = ORIENTED_EDGE ( 'NONE', *, *, #2887, .T. ) ;
#3798 = CYLINDRICAL_SURFACE ( 'NONE', #4994, 10.00000000000000000 ) ;
#3799 = ORIENTED_EDGE ( 'NONE', *, *, #7103, .F. ) ;
#3800 = CARTESIAN_POINT ( 'NONE',  ( -0.8789046617972536835, 2.500000000000000444, 9.885393354405108468 ) ) ;
#3801 = CARTESIAN_POINT ( 'NONE',  ( -6.885828264191686365, 2.134320569921022592, 7.031412306681118274 ) ) ;
#3802 = CARTESIAN_POINT ( 'NONE',  ( -9.255370840007570266, 2.164537838121661117, 3.399310659689343872 ) ) ;
#3803 = DIRECTION ( 'NONE',  ( 0.000000000000000000, 1.000000000000000000, 0.000000000000000000 ) ) ;
#3804 = AXIS2_PLACEMENT_3D ( 'NONE', #612, #5540, #2285 ) ;
#3805 = CARTESIAN_POINT ( 'NONE',  ( 2.732734718790808870, 10.00000000000000000, 9.619363854055803742 ) ) ;
#3806 = CARTESIAN_POINT ( 'NONE',  ( 0.000000000000000000, 9.500000000000000000, 0.000000000000000000 ) ) ;
#3807 = EDGE_CURVE ( 'NONE', #2386, #870, #2816, .T. ) ;
#3808 = DIRECTION ( 'NONE',  ( 0.000000000000000000, 0.000000000000000000, 1.000000000000000000 ) ) ;
#3809 = AXIS2_PLACEMENT_3D ( 'NONE', #5787, #1402, #5749 ) ;
#3810 = CARTESIAN_POINT ( 'NONE',  ( 6.888859623417164180, 1.779716818039811521, -7.249794653336882888 ) ) ;
#3811 = DIRECTION ( 'NONE',  ( 0.000000000000000000, 0.000000000000000000, 1.000000000000000000 ) ) ;
#3812 = EDGE_CURVE ( 'NONE', #4167, #367, #1998, .T. ) ;
#3813 = ORIENTED_EDGE ( 'NONE', *, *, #393, .F. ) ;
#3814 = CARTESIAN_POINT ( 'NONE',  ( 6.448168809503462384, 1.975903690497188725, -7.644210560722278558 ) ) ;
#3815 = ADVANCED_FACE ( 'NONE', ( #3969 ), #13, .T. ) ;
#3816 = CARTESIAN_POINT ( 'NONE',  ( 5.095752233843723986E-17, 9.500000000000000000, -9.181925178635076179 ) ) ;
#3817 = CARTESIAN_POINT ( 'NONE',  ( 9.195699807442876406, 1.985975370094145154, 3.930903099441933168 ) ) ;
#3818 = DIRECTION ( 'NONE',  ( -0.4394523308986297283, 0.000000000000000000, 0.8982659121149824122 ) ) ;
#3819 = AXIS2_PLACEMENT_3D ( 'NONE', #6332, #785, #3000 ) ;
#3820 = CARTESIAN_POINT ( 'NONE',  ( 1.260587625341240470, 8.000000000000000000, 2.043718524445536033 ) ) ;
#3821 = ORIENTED_EDGE ( 'NONE', *, *, #4480, .T. ) ;
#3822 = CARTESIAN_POINT ( 'NONE',  ( -1.098630827246566799, 9.500000000000000000, 9.436260398347616984 ) ) ;
#3823 = ORIENTED_EDGE ( 'NONE', *, *, #1351, .F. ) ;
#3824 = CARTESIAN_POINT ( 'NONE',  ( -5.895594408746998916, 2.500000000000000000, -7.449293024680337716 ) ) ;
#3825 = ADVANCED_FACE ( 'NONE', ( #2234 ), #4437, .F. ) ;
#3826 = CIRCLE ( 'NONE', #4862, 0.4999999999999996669 ) ;
#3827 = CARTESIAN_POINT ( 'NONE',  ( -8.297540029607333167, 9.500000000000000000, -4.626103053009515520 ) ) ;
#3828 = ADVANCED_FACE ( 'NONE', ( #2879 ), #3999, .T. ) ;
#3829 = DIRECTION ( 'NONE',  ( 0.000000000000000000, 0.000000000000000000, -1.000000000000000000 ) ) ;
#3830 = ORIENTED_EDGE ( 'NONE', *, *, #1301, .F. ) ;
#3831 = CARTESIAN_POINT ( 'NONE',  ( 0.6290186756683109337, 1.867418461490393922, -9.980840368339201518 ) ) ;
#3832 = EDGE_LOOP ( 'NONE', ( #2180, #5363, #669, #5129, #2423 ) ) ;
#3833 = AXIS2_PLACEMENT_3D ( 'NONE', #2732, #3310, #2702 ) ;
#3835 = TOROIDAL_SURFACE ( 'NONE', #5340, 1.500000000000000000, 0.5000000000000000000 ) ;
#3834 = DIRECTION ( 'NONE',  ( -0.06224953160690469695, 0.000000000000000000, 0.9980606173047411600 ) ) ;
#3836 = ORIENTED_EDGE ( 'NONE', *, *, #4563, .T. ) ;
#3837 = AXIS2_PLACEMENT_3D ( 'NONE', #1675, #5558, #3922 ) ;
#3838 = AXIS2_PLACEMENT_3D ( 'NONE', #6718, #660, #3894 ) ;
#3839 = DIRECTION ( 'NONE',  ( -0.000000000000000000, -1.000000000000000000, -0.000000000000000000 ) ) ;
#3840 = CARTESIAN_POINT ( 'NONE',  ( -7.250099490762254462, 1.779849606445625065, 6.888520213642634893 ) ) ;
#3841 = CARTESIAN_POINT ( 'NONE',  ( -8.917333680704841115, 2.183694385698149887, 4.230707568574999300 ) ) ;
#3842 = DIRECTION ( 'NONE',  ( -0.9459096409518763515, 0.000000000000000000, -0.3244301945785759700 ) ) ;
#3843 = CIRCLE ( 'NONE', #6157, 10.00000000000000000 ) ;
#3844 = VECTOR ( 'NONE', #1911, 1000.000000000000000 ) ;
#3845 = ORIENTED_EDGE ( 'NONE', *, *, #224, .F. ) ;
#3846 = DIRECTION ( 'NONE',  ( 0.6472324890273797315, 0.000000000000000000, -0.7622926637108760062 ) ) ;
#3847 = CARTESIAN_POINT ( 'NONE',  ( 0.9734035322810874469, 0.000000000000000000, 2.995828026329733884 ) ) ;
#3848 = AXIS2_PLACEMENT_3D ( 'NONE', #1244, #4568, #735 ) ;
#3849 = CARTESIAN_POINT ( 'NONE',  ( 6.619520378501544400, 2.183694385698116136, -7.321179991123985431 ) ) ;
#3850 = ORIENTED_EDGE ( 'NONE', *, *, #6773, .T. ) ;
#3851 = LINE ( 'NONE', #543, #461 ) ;
#3852 = ORIENTED_EDGE ( 'NONE', *, *, #1165, .F. ) ;
#3853 = CIRCLE ( 'NONE', #1426, 0.5000000000000003331 ) ;
#3854 = CARTESIAN_POINT ( 'NONE',  ( 6.981771384884035037, 1.768638744481565883, -7.160346141787901963 ) ) ;
#3855 = CARTESIAN_POINT ( 'NONE',  ( -4.869582161062556480, 10.00000000000000000, -8.734252662744612650 ) ) ;
#3856 = CARTESIAN_POINT ( 'NONE',  ( 2.221104420305842542, 0.000000000000000000, 0.9124482025973593702 ) ) ;
#3857 = CARTESIAN_POINT ( 'NONE',  ( 8.805704254426773403, 2.409665417632343765, 4.741424089089188776 ) ) ;
#3858 = CARTESIAN_POINT ( 'NONE',  ( -9.863918724921028058, 2.212746796842760766, 0.5918070992132743458 ) ) ;
#3859 = DIRECTION ( 'NONE',  ( 0.9716864685947455005, 0.000000000000000000, -0.2362740077746017520 ) ) ;
#3860 = ORIENTED_EDGE ( 'NONE', *, *, #4255, .T. ) ;
#3861 = ADVANCED_FACE ( 'NONE', ( #5854 ), #4109, .T. ) ;
#3862 = DIRECTION ( 'NONE',  ( -0.000000000000000000, -1.000000000000000000, -0.000000000000000000 ) ) ;
#3863 = VERTEX_POINT ( 'NONE', #3067 ) ;
#3864 = CARTESIAN_POINT ( 'NONE',  ( 4.400639730061454813, 1.867418461490420123, -8.980379107744481004 ) ) ;
#3865 = CARTESIAN_POINT ( 'NONE',  ( -9.874972037550543646, 2.279592747210312798, -0.7396982729254071298 ) ) ;
#3866 = CARTESIAN_POINT ( 'NONE',  ( 5.895594408747106385, 9.500000000000000000, -7.449293024680253339 ) ) ;
#3867 = EDGE_CURVE ( 'NONE', #870, #929, #1372, .T. ) ;
#3868 = CARTESIAN_POINT ( 'NONE',  ( 9.138395661353003518, 10.00000000000000000, -2.596097982851299335 ) ) ;
#3869 = ORIENTED_EDGE ( 'NONE', *, *, #1564, .F. ) ;
#3870 = DIRECTION ( 'NONE',  ( 0.000000000000000000, -1.000000000000000000, 0.000000000000000000 ) ) ;
#3871 = ORIENTED_EDGE ( 'NONE', *, *, #957, .T. ) ;
#3872 = ADVANCED_FACE ( 'NONE', ( #3643 ), #5194, .T. ) ;
#3873 = CARTESIAN_POINT ( 'NONE',  ( 9.469254843656193188, 2.456216401094831081, 2.970974231079661632 ) ) ;
#3874 = EDGE_LOOP ( 'NONE', ( #5227, #1508, #1916 ) ) ;
#3875 = CARTESIAN_POINT ( 'NONE',  ( 8.297540029607301193, 9.500000000000000000, 4.626103053009571475 ) ) ;
#3876 = CARTESIAN_POINT ( 'NONE',  ( -9.990691563217334092, 2.024215165943837214, -0.4485839205770389970 ) ) ;
#3877 = DIRECTION ( 'NONE',  ( 0.000000000000000000, 0.000000000000000000, 1.000000000000000000 ) ) ;
#3878 = ORIENTED_EDGE ( 'NONE', *, *, #6963, .F. ) ;
#3879 = LINE ( 'NONE', #1051, #6235 ) ;
#3880 = DIRECTION ( 'NONE',  ( 0.000000000000000000, 1.000000000000000000, 0.000000000000000000 ) ) ;
#3881 = CARTESIAN_POINT ( 'NONE',  ( -6.720468549890211918, 2.147342056939914201, 7.206828043569158737 ) ) ;
#3882 = AXIS2_PLACEMENT_3D ( 'NONE', #6381, #3634, #5182 ) ;
#3883 = CARTESIAN_POINT ( 'NONE',  ( 6.440463711590018292, 1.982312691401797000, -7.650708865474369347 ) ) ;
#3884 = CARTESIAN_POINT ( 'NONE',  ( -7.841361078610859181, 9.500000000000000000, 6.205888851312658439 ) ) ;
#3885 = ORIENTED_EDGE ( 'NONE', *, *, #2238, .T. ) ;
#3886 = CARTESIAN_POINT ( 'NONE',  ( 6.891903876640159687, 1.779361857681293957, -7.246866680950615702 ) ) ;
#3887 = AXIS2_PLACEMENT_3D ( 'NONE', #2509, #4047, #3408 ) ;
#3888 = CARTESIAN_POINT ( 'NONE',  ( 7.812951749604141405, 2.257089604130888549, 6.242081368317917267 ) ) ;
#3889 = DIRECTION ( 'NONE',  ( 0.000000000000000000, 0.000000000000000000, 1.000000000000000000 ) ) ;
#3890 = CARTESIAN_POINT ( 'NONE',  ( 8.878359725471241859, 1.981868317978605631, 4.602995496167592293 ) ) ;
#3891 = DIRECTION ( 'NONE',  ( 0.000000000000000000, 1.000000000000000000, 0.000000000000000000 ) ) ;
#3892 = CARTESIAN_POINT ( 'NONE',  ( 9.987920442738138505, 1.829430187479047509, -0.5073013465712057357 ) ) ;
#3893 = ORIENTED_EDGE ( 'NONE', *, *, #364, .T. ) ;
#3894 = DIRECTION ( 'NONE',  ( 0.000000000000000000, 0.000000000000000000, -1.000000000000000000 ) ) ;
#3895 = ORIENTED_EDGE ( 'NONE', *, *, #4880, .T. ) ;
#3896 = CARTESIAN_POINT ( 'NONE',  ( 3.721055137393895595, 1.986052934431281392, -9.282599226627542777 ) ) ;
#3897 = CARTESIAN_POINT ( 'NONE',  ( 9.932905682471165676, 10.00000000000000000, 1.156453502364911623 ) ) ;
#3898 = VECTOR ( 'NONE', #1211, 1000.000000000000114 ) ;
#3899 = DIRECTION ( 'NONE',  ( 0.000000000000000000, 0.000000000000000000, -1.000000000000000000 ) ) ;
#3900 = EDGE_CURVE ( 'NONE', #2612, #3382, #1882, .T. ) ;
#3901 = CARTESIAN_POINT ( 'NONE',  ( -9.424708236607866496, 2.314666110110169317, -3.059262728102213558 ) ) ;
#3902 = CARTESIAN_POINT ( 'NONE',  ( 6.205888851312578502, 2.500000000000000000, 7.841361078610921354 ) ) ;
#3903 = ORIENTED_EDGE ( 'NONE', *, *, #4246, .F. ) ;
#3904 = CARTESIAN_POINT ( 'NONE',  ( -3.398190578544761919, 2.164715090713935641, 9.255897283380114970 ) ) ;
#3905 = ORIENTED_EDGE ( 'NONE', *, *, #492, .T. ) ;
#3906 = EDGE_CURVE ( 'NONE', #5728, #39, #2581, .T. ) ;
#3907 = EDGE_CURVE ( 'NONE', #3245, #6116, #6249, .T. ) ;
#3908 = CARTESIAN_POINT ( 'NONE',  ( -6.360928075381039548, 2.059185488125345742, -7.716501220627674407 ) ) ;
#3909 = CARTESIAN_POINT ( 'NONE',  ( -7.584036123450709432, 2.127032157860222039, 6.519363922588356175 ) ) ;
#3910 = CARTESIAN_POINT ( 'NONE',  ( -8.260368511126747748, 10.00000000000000000, 8.260368511126719326 ) ) ;
#3911 = DIRECTION ( 'NONE',  ( -1.000000000000000000, 0.000000000000000000, 0.000000000000000000 ) ) ;
#3912 = ORIENTED_EDGE ( 'NONE', *, *, #634, .F. ) ;
#3913 = SPHERICAL_SURFACE ( 'NONE', #2537, 0.5000000000000000000 ) ;
#3914 = DIRECTION ( 'NONE',  ( -1.000000000000000000, 0.000000000000000000, 0.000000000000000000 ) ) ;
#3915 = DIRECTION ( 'NONE',  ( 0.000000000000000000, 0.000000000000000000, 1.000000000000000000 ) ) ;
#3916 = CARTESIAN_POINT ( 'NONE',  ( 4.283506727573399786, 1.827366529454477195, 9.036978801079108337 ) ) ;
#3917 = EDGE_CURVE ( 'NONE', #4157, #1295, #778, .T. ) ;
#3918 = VERTEX_POINT ( 'NONE', #3030 ) ;
#3919 = DIRECTION ( 'NONE',  ( -0.000000000000000000, 1.000000000000000000, -0.000000000000000000 ) ) ;
#3920 = VERTEX_POINT ( 'NONE', #6822 ) ;
#3921 = CARTESIAN_POINT ( 'NONE',  ( -3.306964416653640715, 2.048970607329166693, -9.438151782886569308 ) ) ;
#3922 = DIRECTION ( 'NONE',  ( 0.000000000000000000, 0.000000000000000000, 1.000000000000000000 ) ) ;
#3923 = CIRCLE ( 'NONE', #801, 0.4999999999999996669 ) ;
#3924 = LINE ( 'NONE', #692, #3165 ) ;
#3925 = AXIS2_PLACEMENT_3D ( 'NONE', #4225, #2974, #3689 ) ;
#3926 = CARTESIAN_POINT ( 'NONE',  ( -9.323898564490026075, 1.992695579455237676, -3.616353032451575356 ) ) ;
#3927 = CARTESIAN_POINT ( 'NONE',  ( 9.843376979806452098, 2.139858412045579694, -0.2045203784391531887 ) ) ;
#3928 = ORIENTED_EDGE ( 'NONE', *, *, #4983, .T. ) ;
#3929 = LINE ( 'NONE', #1792, #3384 ) ;
#3930 = CIRCLE ( 'NONE', #3704, 2.500000000000000444 ) ;
#3931 = VERTEX_POINT ( 'NONE', #2559 ) ;
#3932 = CARTESIAN_POINT ( 'NONE',  ( 3.353526346303931316, 1.829430187479028413, -9.421771089946133770 ) ) ;
#3933 = DIRECTION ( 'NONE',  ( 0.000000000000000000, 0.000000000000000000, -1.000000000000000000 ) ) ;
#3934 = FACE_OUTER_BOUND ( 'NONE', #2130, .T. ) ;
#3935 = TOROIDAL_SURFACE ( 'NONE', #6829, 1.500000000000000000, 0.5000000000000000000 ) ;
#3936 = CARTESIAN_POINT ( 'NONE',  ( -7.415746258787027756, 1.827366529454477639, -6.709852692988572009 ) ) ;
#3937 = FACE_OUTER_BOUND ( 'NONE', #1209, .T. ) ;
#3938 = EDGE_LOOP ( 'NONE', ( #580, #5882, #5847 ) ) ;
#3939 = CARTESIAN_POINT ( 'NONE',  ( -3.721055137393831647, 1.986052934431152162, 9.282599226627565869 ) ) ;
#3940 = ORIENTED_EDGE ( 'NONE', *, *, #6219, .F. ) ;
#3941 = CARTESIAN_POINT ( 'NONE',  ( -9.026369566624413920, 2.134291405717181789, 3.924093166778649167 ) ) ;
#3942 = CARTESIAN_POINT ( 'NONE',  ( -9.965325131733084874, 2.181508697813340891, 0.8426567133883638983 ) ) ;
#3943 = VECTOR ( 'NONE', #3319, 1000.000000000000000 ) ;
#3944 = VECTOR ( 'NONE', #4993, 1000.000000000000000 ) ;
#3945 = CARTESIAN_POINT ( 'NONE',  ( 0.000000000000000000, 10.00000000000000000, 0.000000000000000000 ) ) ;
#3946 = DIRECTION ( 'NONE',  ( -0.000000000000000000, -1.000000000000000000, -0.000000000000000000 ) ) ;
#3947 = ORIENTED_EDGE ( 'NONE', *, *, #5908, .F. ) ;
#3948 = EDGE_CURVE ( 'NONE', #2824, #3075, #4612, .T. ) ;
#3949 = FACE_OUTER_BOUND ( 'NONE', #4552, .T. ) ;
#3950 = CIRCLE ( 'NONE', #1177, 0.4999999999999996114 ) ;
#3951 = CIRCLE ( 'NONE', #710, 10.00000000000000000 ) ;
#3952 = CARTESIAN_POINT ( 'NONE',  ( 8.734252662744530937, 2.372020242595191064, 4.869582161062705694 ) ) ;
#3953 = EDGE_CURVE ( 'NONE', #2569, #5619, #3536, .T. ) ;
#3954 = CARTESIAN_POINT ( 'NONE',  ( 7.641948001532875345, 2.181049877636700440, -6.451230953596387430 ) ) ;
#3955 = AXIS2_PLACEMENT_3D ( 'NONE', #3866, #6513, #1110 ) ;
#3956 = AXIS2_PLACEMENT_3D ( 'NONE', #6931, #1979, #6395 ) ;
#3957 = CARTESIAN_POINT ( 'NONE',  ( 8.734252662744527385, 2.500000000000000000, 4.869582161062707470 ) ) ;
#3958 = ADVANCED_FACE ( 'NONE', ( #4755 ), #2807, .T. ) ;
#3959 = ORIENTED_EDGE ( 'NONE', *, *, #45, .T. ) ;
#3960 =( BOUNDED_SURFACE ( )  B_SPLINE_SURFACE ( 3, 2, ( 
 ( #6460, #1501, #5928 ),
 ( #5381, #408, #4830 ),
 ( #2085, #4288, #3888 ),
 ( #1243, #2371, #4974 ),
 ( #6175, #1751, #6205 ),
 ( #6639, #6100, #4537 ),
 ( #6712, #2260, #4025 ),
 ( #654, #1212, #1816 ),
 ( #3454, #111, #3421 ),
 ( #587, #691, #5627 ),
 ( #6242, #5661, #1134 ),
 ( #622, #2295, #2912 ),
 ( #5122, #1281, #3390 ),
 ( #3493, #5597, #4496 ),
 ( #5704, #6780, #734 ),
 ( #3345, #2873, #4 ),
 ( #6674, #2806, #2225 ),
 ( #4430, #5080, #2841 ) ),
 .UNSPECIFIED., .F., .F., .F. ) 
 B_SPLINE_SURFACE_WITH_KNOTS ( ( 4, 2, 2, 2, 2, 2, 2, 2, 4 ),
 ( 3, 3 ),
 ( -5.149960319306146062E-19, 0.0003645422052340781933, 0.0007290844104681569286, 0.001093626615702235610, 0.001458168820936314291, 0.001822711026170392972, 0.002187253231404471653, 0.002551795436638550334, 0.002916337641872629016 ),
 ( 0.000000000000000000, 1.000000000000000000 ),
 .UNSPECIFIED. ) 
 GEOMETRIC_REPRESENTATION_ITEM ( )  RATIONAL_B_SPLINE_SURFACE ( (
 ( 1.000000000000000000, 0.9595359398070238965, 1.000000000000000000),
 ( 1.000000000000000000, 0.9595833763009968820, 1.000000000000000000),
 ( 1.000000000000000000, 0.9570685609627013202, 1.000000000000000000),
 ( 1.000000000000000000, 0.9488880332095100956, 1.000000000000000000),
 ( 1.000000000000000000, 0.9432547151588550616, 1.000000000000000000),
 ( 1.000000000000000000, 0.9321826025349286837, 1.000000000000000000),
 ( 1.000000000000000000, 0.9268523530654703135, 1.000000000000000000),
 ( 1.000000000000000000, 0.9192073681285358733, 1.000000000000000000),
 ( 1.000000000000000000, 0.9170514797511103433, 1.000000000000000000),
 ( 1.000000000000000000, 0.9170288608893587545, 1.000000000000000000),
 ( 1.000000000000000000, 0.9192260099103702897, 1.000000000000000000),
 ( 1.000000000000000000, 0.9267996068666054521, 1.000000000000000000),
 ( 1.000000000000000000, 0.9321812854750021193, 1.000000000000000000),
 ( 1.000000000000000000, 0.9432160661325496021, 1.000000000000000000),
 ( 1.000000000000000000, 0.9488445939139723562, 1.000000000000000000),
 ( 1.000000000000000000, 0.9570263305979315183, 1.000000000000000000),
 ( 1.000000000000000000, 0.9595878455022889275, 1.000000000000000000),
 ( 1.000000000000000000, 0.9595359398070242296, 1.000000000000000000) ) ) 
 REPRESENTATION_ITEM ( '' )  SURFACE ( )  );
#3961 = LINE ( 'NONE', #6124, #1700 ) ;
#3962 = CIRCLE ( 'NONE', #964, 10.00000000000000000 ) ;
#3963 = CARTESIAN_POINT ( 'NONE',  ( -1.830433831214381746, 0.000000000000000000, -1.554148821017840243 ) ) ;
#3964 = CARTESIAN_POINT ( 'NONE',  ( 9.932905682471186992, 9.500000000000000000, -1.156453502364700237 ) ) ;
#3965 = CARTESIAN_POINT ( 'NONE',  ( -9.501796650728078220, 2.127336489724514390, -3.120200068441882468 ) ) ;
#3966 = DIRECTION ( 'NONE',  ( 0.2362740077746017797, 0.000000000000000000, 0.9716864685947456115 ) ) ;
#3967 = EDGE_LOOP ( 'NONE', ( #4178, #3823, #4438, #3736 ) ) ;
#3968 = AXIS2_PLACEMENT_3D ( 'NONE', #467, #7109, #2694 ) ;
#3969 = FACE_OUTER_BOUND ( 'NONE', #312, .T. ) ;
#3970 = ORIENTED_EDGE ( 'NONE', *, *, #2553, .T. ) ;
#3971 = CARTESIAN_POINT ( 'NONE',  ( 4.062095968912815991, 1.779849606445663035, -9.138655792787938381 ) ) ;
#3972 = FACE_OUTER_BOUND ( 'NONE', #3364, .T. ) ;
#3973 = FACE_OUTER_BOUND ( 'NONE', #3938, .T. ) ;
#3974 = CARTESIAN_POINT ( 'NONE',  ( -9.376460923696699368, 2.242561475665997950, -3.154773929212216110 ) ) ;
#3975 = ORIENTED_EDGE ( 'NONE', *, *, #7002, .F. ) ;
#3976 = DIRECTION ( 'NONE',  ( 0.000000000000000000, 1.000000000000000000, 0.000000000000000000 ) ) ;
#3977 = ORIENTED_EDGE ( 'NONE', *, *, #6312, .T. ) ;
#3978 = PLANE ( 'NONE',  #2456 ) ;
#3979 = ORIENTED_EDGE ( 'NONE', *, *, #3125, .T. ) ;
#3980 =( NAMED_UNIT ( * ) SI_UNIT ( $, .STERADIAN. ) SOLID_ANGLE_UNIT ( ) );
#3981 = CARTESIAN_POINT ( 'NONE',  ( -8.886597848284399248, 2.212746796842760766, 4.321516740381086130 ) ) ;
#3982 = CARTESIAN_POINT ( 'NONE',  ( -9.885393354405110244, 9.500000000000000000, 0.8789046617972166020 ) ) ;
#3983 = DIRECTION ( 'NONE',  ( 0.000000000000000000, 1.000000000000000000, 0.000000000000000000 ) ) ;
#3984 = ORIENTED_EDGE ( 'NONE', *, *, #2145, .F. ) ;
#3985 = ORIENTED_EDGE ( 'NONE', *, *, #5641, .T. ) ;
#3986 = DIRECTION ( 'NONE',  ( 0.6472324890273797315, 0.000000000000000000, -0.7622926637108761172 ) ) ;
#3987 = CARTESIAN_POINT ( 'NONE',  ( -4.626103053009485322, 9.500000000000000000, 8.297540029607349155 ) ) ;
#3988 = EDGE_CURVE ( 'NONE', #3192, #5152, #293, .T. ) ;
#3989 = CARTESIAN_POINT ( 'NONE',  ( 3.362573923337114579, 1.827040335878404642, 9.418508755680752742 ) ) ;
#3990 = FACE_OUTER_BOUND ( 'NONE', #4199, .T. ) ;
#3991 = ORIENTED_EDGE ( 'NONE', *, *, #1737, .T. ) ;
#3992 = EDGE_CURVE ( 'NONE', #3863, #494, #5710, .T. ) ;
#3993 = DIRECTION ( 'NONE',  ( -0.000000000000000000, 1.000000000000000000, -0.000000000000000000 ) ) ;
#3994 = CARTESIAN_POINT ( 'NONE',  ( -0.8789046617972536835, 10.00001200000000168, 9.885393354405108468 ) ) ;
#3995 = DIRECTION ( 'NONE',  ( 0.7622926637108773384, 0.000000000000000000, -0.6472324890273781772 ) ) ;
#3996 = EDGE_CURVE ( 'NONE', #1441, #1083, #4191, .T. ) ;
#3997 = CARTESIAN_POINT ( 'NONE',  ( -8.917350853941387712, 2.183709232977778747, -4.230661462162547792 ) ) ;
#3998 = EDGE_LOOP ( 'NONE', ( #5895, #3940, #4591, #6971 ) ) ;
#3999 = CYLINDRICAL_SURFACE ( 'NONE', #4412, 0.5000000000000004441 ) ;
#4000 = ORIENTED_EDGE ( 'NONE', *, *, #3128, .F. ) ;
#4001 = DIRECTION ( 'NONE',  ( 0.000000000000000000, -1.000000000000000000, 0.000000000000000000 ) ) ;
#4002 = LINE ( 'NONE', #1252, #2117 ) ;
#4003 = DIRECTION ( 'NONE',  ( 0.000000000000000000, -1.000000000000000000, 0.000000000000000000 ) ) ;
#4004 = CARTESIAN_POINT ( 'NONE',  ( -7.756855835314287261E-16, 2.134289031220173438, -9.840962589317538090 ) ) ;
#4005 = DIRECTION ( 'NONE',  ( 0.000000000000000000, 0.000000000000000000, 1.000000000000000000 ) ) ;
#4006 = EDGE_CURVE ( 'NONE', #5832, #1394, #1825, .T. ) ;
#4007 = ORIENTED_EDGE ( 'NONE', *, *, #6433, .F. ) ;
#4008 = DIRECTION ( 'NONE',  ( -0.000000000000000000, -1.000000000000000000, -0.000000000000000000 ) ) ;
#4009 = ORIENTED_EDGE ( 'NONE', *, *, #364, .F. ) ;
#4010 = VECTOR ( 'NONE', #366, 1000.000000000000000 ) ;
#4011 = TOROIDAL_SURFACE ( 'NONE', #1808, 9.500000000000000000, 0.5000000000000000000 ) ;
#4012 = CARTESIAN_POINT ( 'NONE',  ( 0.4983481647250191382, 1.827222682248296870, -9.988334991364576254 ) ) ;
#4013 = CARTESIAN_POINT ( 'NONE',  ( -6.242692900426419556, 2.255681435097325771, -7.812463274735101493 ) ) ;
#4014 = CARTESIAN_POINT ( 'NONE',  ( -9.998077438046033549, 1.992695579455343813, 0.2270269566658719429 ) ) ;
#4015 = DIRECTION ( 'NONE',  ( 0.000000000000000000, 0.000000000000000000, 1.000000000000000000 ) ) ;
#4016 = EDGE_LOOP ( 'NONE', ( #551, #1652, #7047, #5834 ) ) ;
#4017 = EDGE_LOOP ( 'NONE', ( #6419, #927, #4066, #4951 ) ) ;
#4018 = DIRECTION ( 'NONE',  ( -0.8734252662744590445, 0.000000000000000000, -0.4869582161062591674 ) ) ;
#4019 = CARTESIAN_POINT ( 'NONE',  ( 4.057814370325303344, 1.779361857681294845, 9.140544747021440486 ) ) ;
#4020 = DIRECTION ( 'NONE',  ( 0.000000000000000000, 0.000000000000000000, 1.000000000000000000 ) ) ;
#4021 = LINE ( 'NONE', #2400, #3259 ) ;
#4022 = EDGE_LOOP ( 'NONE', ( #4873, #1730, #6310, #3791 ) ) ;
#4023 = EDGE_CURVE ( 'NONE', #4982, #1298, #1943, .T. ) ;
#4024 = DIRECTION ( 'NONE',  ( 0.000000000000000000, 0.000000000000000000, 1.000000000000000000 ) ) ;
#4025 = CARTESIAN_POINT ( 'NONE',  ( 7.421242497277459549, 1.829430187479114567, 6.703810052746301373 ) ) ;
#4026 = DIRECTION ( 'NONE',  ( 0.000000000000000000, 1.000000000000000000, 0.000000000000000000 ) ) ;
#4027 = CARTESIAN_POINT ( 'NONE',  ( -8.806614869402675794, 2.377840714399293898, -4.564612839430695956 ) ) ;
#4028 = ADVANCED_FACE ( 'NONE', ( #2519 ), #4717, .T. ) ;
#4029 = VECTOR ( 'NONE', #536, 1000.000000000000000 ) ;
#4030 = CARTESIAN_POINT ( 'NONE',  ( 9.953906951267407877, 2.321832774718814996, 0.9711828485915513509 ) ) ;
#4031 = VERTEX_POINT ( 'NONE', #1434 ) ;
#4032 = DIRECTION ( 'NONE',  ( 0.000000000000000000, 1.000000000000000000, 0.000000000000000000 ) ) ;
#4033 = VERTEX_POINT ( 'NONE', #3174 ) ;
#4034 = ADVANCED_FACE ( 'NONE', ( #5410 ), #5887, .T. ) ;
#4035 = DIRECTION ( 'NONE',  ( 0.000000000000000000, -1.000000000000000000, 0.000000000000000000 ) ) ;
#4036 = AXIS2_PLACEMENT_3D ( 'NONE', #3551, #308, #4670 ) ;
#4037 = DIRECTION ( 'NONE',  ( -1.000000000000000000, 0.000000000000000000, 0.000000000000000000 ) ) ;
#4038 = CARTESIAN_POINT ( 'NONE',  ( 10.79269157286925029, 10.00001200000000168, -4.470479223992127160 ) ) ;
#4039 = CARTESIAN_POINT ( 'NONE',  ( -6.981771384883984410, 1.768638744481565883, 7.160346141787954366 ) ) ;
#4040 = EDGE_CURVE ( 'NONE', #5324, #1599, #403, .T. ) ;
#4041 = AXIS2_PLACEMENT_3D ( 'NONE', #591, #4360, #4020 ) ;
#4042 = CARTESIAN_POINT ( 'NONE',  ( 4.594978287206101797, 9.500000000000000000, -8.796570338259684263 ) ) ;
#4043 = ORIENTED_EDGE ( 'NONE', *, *, #2053, .T. ) ;
#4044 = CARTESIAN_POINT ( 'NONE',  ( -2.911304966065295652, 2.322848788353867100, 9.568061159331204379 ) ) ;
#4045 = ORIENTED_EDGE ( 'NONE', *, *, #6974, .T. ) ;
#4046 = EDGE_CURVE ( 'NONE', #3663, #667, #6019, .T. ) ;
#4047 = DIRECTION ( 'NONE',  ( 6.018531076210100830E-30, -1.734723475976805517E-15, 1.000000000000000000 ) ) ;
#4048 = AXIS2_PLACEMENT_3D ( 'NONE', #5330, #5845, #1931 ) ;
#4049 = EDGE_CURVE ( 'NONE', #2029, #2350, #3754, .T. ) ;
#4050 = SPHERICAL_SURFACE ( 'NONE', #4303, 0.5000000000000000000 ) ;
#4051 = CARTESIAN_POINT ( 'NONE',  ( 9.579266327989058638, 2.500000000000000888, 2.873880030200377966 ) ) ;
#4052 = DIRECTION ( 'NONE',  ( 0.000000000000000000, 0.000000000000000000, 1.000000000000000000 ) ) ;
#4053 = FACE_OUTER_BOUND ( 'NONE', #2822, .T. ) ;
#4054 = ORIENTED_EDGE ( 'NONE', *, *, #763, .T. ) ;
#4055 = AXIS2_PLACEMENT_3D ( 'NONE', #7013, #2636, #2090 ) ;
#4056 = ORIENTED_EDGE ( 'NONE', *, *, #1111, .F. ) ;
#4057 = DIRECTION ( 'NONE',  ( -0.000000000000000000, 1.000000000000000000, -0.000000000000000000 ) ) ;
#4058 = VECTOR ( 'NONE', #4657, 1000.000000000000227 ) ;
#4059 = VECTOR ( 'NONE', #2667, 1000.000000000000000 ) ;
#4060 = CARTESIAN_POINT ( 'NONE',  ( -0.8550121536353914031, 1.981868317978698002, 9.964024948269885940 ) ) ;
#4061 = CARTESIAN_POINT ( 'NONE',  ( 9.885393354405099586, 2.500000000000000444, 0.8789046617973582665 ) ) ;
#4062 = CARTESIAN_POINT ( 'NONE',  ( -7.449293024680316400, 2.500000000000000000, 5.895594408747026449 ) ) ;
#4063 = DIRECTION ( 'NONE',  ( 0.000000000000000000, 1.000000000000000000, 0.000000000000000000 ) ) ;
#4064 = AXIS2_PLACEMENT_3D ( 'NONE', #3232, #6490, #4897 ) ;
#4065 = CIRCLE ( 'NONE', #943, 2.000000000000000000 ) ;
#4066 = ORIENTED_EDGE ( 'NONE', *, *, #4357, .T. ) ;
#4067 = CARTESIAN_POINT ( 'NONE',  ( -2.776607510986326410, 0.000000000000000000, -0.4397714266284708517 ) ) ;
#4068 = CARTESIAN_POINT ( 'NONE',  ( -4.533961607262596338, 2.345527268378191810, -8.816692590429404675 ) ) ;
#4069 = DIRECTION ( 'NONE',  ( 0.000000000000000000, -1.000000000000000000, 0.000000000000000000 ) ) ;
#4070 = AXIS2_PLACEMENT_3D ( 'NONE', #1253, #4081, #158 ) ;
#4071 = AXIS2_PLACEMENT_3D ( 'NONE', #6570, #4294, #6509 ) ;
#4072 = CARTESIAN_POINT ( 'NONE',  ( -9.172361082845680968, 2.139858412045551717, -3.577945097074433978 ) ) ;
#4073 = CARTESIAN_POINT ( 'NONE',  ( 9.987987790097390572, 1.829075679051568315, 0.5057205400018049968 ) ) ;
#4074 = EDGE_LOOP ( 'NONE', ( #6777, #33, #2307, #389 ) ) ;
#4075 = DIRECTION ( 'NONE',  ( 0.9249892435672760760, 0.000000000000000000, 0.3799932884734130711 ) ) ;
#4076 = ORIENTED_EDGE ( 'NONE', *, *, #659, .T. ) ;
#4077 = VECTOR ( 'NONE', #615, 1000.000000000000000 ) ;
#4078 = AXIS2_PLACEMENT_3D ( 'NONE', #1420, #5765, #1381 ) ;
#4079 = CARTESIAN_POINT ( 'NONE',  ( -4.825657120698720881, 2.248135892564182559, 8.758950836166608411 ) ) ;
#4080 = CARTESIAN_POINT ( 'NONE',  ( 9.997605050805097093, 1.779448407880937610, 0.2512047349437870336 ) ) ;
#4081 = DIRECTION ( 'NONE',  ( 0.000000000000000000, 1.000000000000000000, 0.000000000000000000 ) ) ;
#4082 = MANIFOLD_SOLID_BREP ( 'Chamfer1', #911 ) ;
#4083 = CARTESIAN_POINT ( 'NONE',  ( -6.205888851312687748, 2.500000000000000444, 7.841361078610836088 ) ) ;
#4084 = AXIS2_PLACEMENT_3D ( 'NONE', #4538, #6781, #6818 ) ;
#4085 = EDGE_CURVE ( 'NONE', #3276, #6655, #6620, .T. ) ;
#4086 = ORIENTED_EDGE ( 'NONE', *, *, #6118, .T. ) ;
#4087 = CARTESIAN_POINT ( 'NONE',  ( 7.611508121969512430, 10.00001200000000168, 6.368549229223071428 ) ) ;
#4088 = EDGE_CURVE ( 'NONE', #2613, #5133, #6508, .T. ) ;
#4089 = ORIENTED_EDGE ( 'NONE', *, *, #3774, .T. ) ;
#4090 = EDGE_CURVE ( 'NONE', #770, #5633, #6113, .T. ) ;
#4091 = CARTESIAN_POINT ( 'NONE',  ( -9.138395661352987531, 2.500000000000000000, 2.596097982851362396 ) ) ;
#4092 = CARTESIAN_POINT ( 'NONE',  ( 6.368549229223043895, 9.500000000000000000, -7.611508121969533747 ) ) ;
#4093 = CARTESIAN_POINT ( 'NONE',  ( -3.450969649951336038, 2.147342056939916866, 9.230052895555536097 ) ) ;
#4094 = LINE ( 'NONE', #1447, #1263 ) ;
#4095 = EDGE_CURVE ( 'NONE', #3920, #1942, #3269, .T. ) ;
#4096 = DIRECTION ( 'NONE',  ( 0.000000000000000000, 0.000000000000000000, 1.000000000000000000 ) ) ;
#4097 = EDGE_LOOP ( 'NONE', ( #1098, #4478, #3395, #320, #2525, #6833 ) ) ;
#4098 = ORIENTED_EDGE ( 'NONE', *, *, #4560, .F. ) ;
#4099 = EDGE_CURVE ( 'NONE', #2930, #3303, #1185, .T. ) ;
#4100 = LINE ( 'NONE', #2433, #2933 ) ;
#4101 = DIRECTION ( 'NONE',  ( 0.000000000000000000, 0.000000000000000000, 1.000000000000000000 ) ) ;
#4102 = DIRECTION ( 'NONE',  ( -0.000000000000000000, -1.000000000000000000, -0.000000000000000000 ) ) ;
#4103 = ORIENTED_EDGE ( 'NONE', *, *, #1071, .F. ) ;
#4104 = CARTESIAN_POINT ( 'NONE',  ( -5.895594408747051318, 9.500000000000000000, 7.449293024680295083 ) ) ;
#4105 = CARTESIAN_POINT ( 'NONE',  ( 3.861085519973199709, 2.134320569921027921, 9.052480793569294804 ) ) ;
#4106 = DIRECTION ( 'NONE',  ( 0.000000000000000000, 0.000000000000000000, -1.000000000000000000 ) ) ;
#4107 = DIRECTION ( 'NONE',  ( 0.07555769727474684339, 0.000000000000000000, 0.9971414314842893534 ) ) ;
#4108 = EDGE_LOOP ( 'NONE', ( #3343, #153, #6374, #3501 ) ) ;
#4109 = CYLINDRICAL_SURFACE ( 'NONE', #6277, 0.5000000000000000000 ) ;
#4110 = VERTEX_POINT ( 'NONE', #1965 ) ;
#4111 = DIRECTION ( 'NONE',  ( 0.000000000000000000, 1.000000000000000000, 0.000000000000000000 ) ) ;
#4112 = CARTESIAN_POINT ( 'NONE',  ( -1.987831504145225026, 8.000000000000000000, -1.987831504145221029 ) ) ;
#4113 = PLANE ( 'NONE',  #3809 ) ;
#4114 = DIRECTION ( 'NONE',  ( 0.000000000000000000, 0.000000000000000000, 1.000000000000000000 ) ) ;
#4115 = ORIENTED_EDGE ( 'NONE', *, *, #5946, .T. ) ;
#4116 = CARTESIAN_POINT ( 'NONE',  ( -4.626103053009482657, 10.00000000000000000, 8.797540029607349155 ) ) ;
#4117 = ORIENTED_EDGE ( 'NONE', *, *, #6315, .T. ) ;
#4118 = ADVANCED_FACE ( 'NONE', ( #6379 ), #2004, .T. ) ;
#4119 = CARTESIAN_POINT ( 'NONE',  ( 9.461809159397514435, 1.867418461490434778, -3.238364770026723960 ) ) ;
#4120 = CARTESIAN_POINT ( 'NONE',  ( 3.247154115396727825, 1.864094386502767486, -9.458796236486616493 ) ) ;
#4121 = DIRECTION ( 'NONE',  ( 0.000000000000000000, -1.000000000000000000, 0.000000000000000000 ) ) ;
#4122 = DIRECTION ( 'NONE',  ( 1.000000000000000000, -1.734723475976807094E-15, 0.000000000000000000 ) ) ;
#4123 = EDGE_CURVE ( 'NONE', #1942, #3011, #5878, .T. ) ;
#4124 = ORIENTED_EDGE ( 'NONE', *, *, #438, .T. ) ;
#4125 = EDGE_LOOP ( 'NONE', ( #4776, #3323, #1879 ) ) ;
#4126 = AXIS2_PLACEMENT_3D ( 'NONE', #2872, #653, #2332 ) ;
#4127 = EDGE_CURVE ( 'NONE', #3295, #1777, #1315, .T. ) ;
#4128 = AXIS2_PLACEMENT_3D ( 'NONE', #3526, #3667, #2006 ) ;
#4129 = CARTESIAN_POINT ( 'NONE',  ( 0.5073013465713097636, 1.829430187479148096, 9.987920442738133175 ) ) ;
#4130 = DIRECTION ( 'NONE',  ( 0.000000000000000000, -1.000000000000000000, 0.000000000000000000 ) ) ;
#4131 = CARTESIAN_POINT ( 'NONE',  ( -9.997620538913139399, 1.779361857681294179, 0.2509966059969678809 ) ) ;
#4132 = ORIENTED_EDGE ( 'NONE', *, *, #4651, .T. ) ;
#4133 = CARTESIAN_POINT ( 'NONE',  ( 2.776607510986325522, 0.000000000000000000, 0.4397714266284721840 ) ) ;
#4134 = ORIENTED_EDGE ( 'NONE', *, *, #6782, .F. ) ;
#4135 = CARTESIAN_POINT ( 'NONE',  ( -4.594722306767663689, 1.975903690497189169, -8.882643920376576574 ) ) ;
#4136 = CARTESIAN_POINT ( 'NONE',  ( 4.594978232283836839, 2.438513403071531638, 8.796570334834267868 ) ) ;
#4137 = CARTESIAN_POINT ( 'NONE',  ( -9.885393354405104915, 2.500000000000000444, -0.8789046617972877673 ) ) ;
#4138 = CARTESIAN_POINT ( 'NONE',  ( 7.611508121969646545, 10.00001200000000168, -6.368549229222910668 ) ) ;
#4139 = VERTEX_POINT ( 'NONE', #4203 ) ;
#4140 = CARTESIAN_POINT ( 'NONE',  ( 4.534137613851616067, 2.345671956248445156, -8.816634759126745990 ) ) ;
#4141 = ORIENTED_EDGE ( 'NONE', *, *, #271, .F. ) ;
#4142 = CARTESIAN_POINT ( 'NONE',  ( -4.594978287205981005, 2.500000000000000444, -8.796570338259748212 ) ) ;
#4143 = CARTESIAN_POINT ( 'NONE',  ( 9.932905682471163900, 2.500000000000000000, 1.156453502364910735 ) ) ;
#4144 = CARTESIAN_POINT ( 'NONE',  ( -9.619363854055755780, 2.500000000000000444, -2.732734718790979844 ) ) ;
#4145 = CARTESIAN_POINT ( 'NONE',  ( -6.205888851312630905, 2.372020242595190176, -7.841361078610881385 ) ) ;
#4146 = ORIENTED_EDGE ( 'NONE', *, *, #3159, .T. ) ;
#4147 = DIRECTION ( 'NONE',  ( -0.6617183646065025737, -3.175175704333956099E-15, 0.7497524964563276884 ) ) ;
#4148 = EDGE_LOOP ( 'NONE', ( #6516, #2579, #5961 ) ) ;
#4149 = CARTESIAN_POINT ( 'NONE',  ( -4.694895751422061281, 2.059185488125240493, 8.829708429580117368 ) ) ;
#4150 = CIRCLE ( 'NONE', #2187, 0.5000000000000001110 ) ;
#4151 = ORIENTED_EDGE ( 'NONE', *, *, #6297, .F. ) ;
#4152 = CARTESIAN_POINT ( 'NONE',  ( 8.878012131685443009, 1.982312691401684646, -4.603674570840349034 ) ) ;
#4153 = CIRCLE ( 'NONE', #2194, 2.000000000000000000 ) ;
#4154 = CARTESIAN_POINT ( 'NONE',  ( 3.941618638437764499, 1.768517871363070038, -9.191263844005485240 ) ) ;
#4155 = CARTESIAN_POINT ( 'NONE',  ( 2.168404344971008868E-16, 8.000000000000000000, -3.149999999999999911 ) ) ;
#4156 = DIRECTION ( 'NONE',  ( 0.000000000000000000, 0.000000000000000000, 1.000000000000000000 ) ) ;
#4157 = VERTEX_POINT ( 'NONE', #6415 ) ;
#4158 = ORIENTED_EDGE ( 'NONE', *, *, #4843, .T. ) ;
#4159 = CIRCLE ( 'NONE', #6823, 0.5000000000000004441 ) ;
#4160 = CARTESIAN_POINT ( 'NONE',  ( 0.4499715962274635217, 2.024441704241415785, 9.990639898665760299 ) ) ;
#4161 = CARTESIAN_POINT ( 'NONE',  ( 9.439657202977960182, 2.343771222574624336, -3.029696907789615423 ) ) ;
#4162 = CIRCLE ( 'NONE', #5439, 0.4999999999999996114 ) ;
#4163 = DIRECTION ( 'NONE',  ( 0.000000000000000000, -1.000000000000000000, 0.000000000000000000 ) ) ;
#4164 = CARTESIAN_POINT ( 'NONE',  ( -1.851523544721287884, 8.000000000000000000, 2.548403532281085848 ) ) ;
#4165 = EDGE_CURVE ( 'NONE', #2506, #470, #3161, .T. ) ;
#4166 = CARTESIAN_POINT ( 'NONE',  ( -8.297540029607363365, 9.500000000000000000, 4.626103053009460453 ) ) ;
#4167 = VERTEX_POINT ( 'NONE', #2042 ) ;
#4168 = AXIS2_PLACEMENT_3D ( 'NONE', #916, #5922, #433 ) ;
#4169 = ADVANCED_FACE ( 'NONE', ( #6279 ), #5180, .T. ) ;
#4170 = EDGE_CURVE ( 'NONE', #3192, #1667, #764, .T. ) ;
#4171 = DIRECTION ( 'NONE',  ( 0.000000000000000000, 0.000000000000000000, 1.000000000000000000 ) ) ;
#4172 = DIRECTION ( 'NONE',  ( 0.8511160640214288087, 0.000000000000000000, -0.5249775667251612710 ) ) ;
#4173 = DIRECTION ( 'NONE',  ( -0.000000000000000000, 1.000000000000000000, -0.000000000000000000 ) ) ;
#4174 = VECTOR ( 'NONE', #4326, 1000.000000000000000 ) ;
#4175 = ADVANCED_FACE ( 'NONE', ( #6552 ), #252, .T. ) ;
#4176 = AXIS2_PLACEMENT_3D ( 'NONE', #1060, #3919, #1168 ) ;
#4177 = DIRECTION ( 'NONE',  ( -0.9980606173047407159, 0.000000000000000000, -0.06224953160691333587 ) ) ;
#4178 = ORIENTED_EDGE ( 'NONE', *, *, #4301, .T. ) ;
#4179 = DIRECTION ( 'NONE',  ( 0.000000000000000000, 0.000000000000000000, 1.000000000000000000 ) ) ;
#4180 = VERTEX_POINT ( 'NONE', #3194 ) ;
#4181 = EDGE_CURVE ( 'NONE', #60, #2731, #4816, .T. ) ;
#4182 = DIRECTION ( 'NONE',  ( 1.000000000000000000, 0.000000000000000000, 0.000000000000000000 ) ) ;
#4183 = AXIS2_PLACEMENT_3D ( 'NONE', #1017, #3198, #430 ) ;
#4184 = DIRECTION ( 'NONE',  ( -1.000000000000000000, 0.000000000000000000, 0.000000000000000000 ) ) ;
#4185 = AXIS2_PLACEMENT_3D ( 'NONE', #4981, #2847, #3461 ) ;
#4186 = CARTESIAN_POINT ( 'NONE',  ( -9.332649232411208473, 1.779361857681297066, -3.594033116304607756 ) ) ;
#4187 = CARTESIAN_POINT ( 'NONE',  ( -6.448168809503409094, 1.975903690497190057, 7.644210560722322079 ) ) ;
#4188 = DIRECTION ( 'NONE',  ( 0.000000000000000000, 0.000000000000000000, 1.000000000000000000 ) ) ;
#4189 = EDGE_LOOP ( 'NONE', ( #3355, #3850, #4672 ) ) ;
#4190 = CIRCLE ( 'NONE', #3955, 0.4999999999999997224 ) ;
#4192 = FACE_OUTER_BOUND ( 'NONE', #885, .T. ) ;
#4191 = CIRCLE ( 'NONE', #2002, 0.4999999999999995559 ) ;
#4193 = EDGE_LOOP ( 'NONE', ( #3893, #3306, #4286, #3813 ) ) ;
#4194 = CARTESIAN_POINT ( 'NONE',  ( 9.401861085319925593, 2.024215165943757277, -3.408834636278117447 ) ) ;
#4195 = CIRCLE ( 'NONE', #2585, 2.000000000000000000 ) ;
#4196 = CARTESIAN_POINT ( 'NONE',  ( -3.607854241819010710, 2.134291405717183121, 9.157360018292987291 ) ) ;
#4197 = DIRECTION ( 'NONE',  ( 0.000000000000000000, 0.000000000000000000, 1.000000000000000000 ) ) ;
#4198 = CARTESIAN_POINT ( 'NONE',  ( -8.297540029607365142, 9.500000000000000000, 4.626103053009458677 ) ) ;
#4199 = EDGE_LOOP ( 'NONE', ( #7014, #4151, #3903, #971 ) ) ;
#4200 = ORIENTED_EDGE ( 'NONE', *, *, #2586, .T. ) ;
#4201 = CIRCLE ( 'NONE', #1079, 0.4999999999999994449 ) ;
#4202 = DIRECTION ( 'NONE',  ( 0.2362740077746028344, 0.000000000000000000, -0.9716864685947452784 ) ) ;
#4203 = CARTESIAN_POINT ( 'NONE',  ( 4.869582161062682601, 2.500000000000000000, -8.734252662744541595 ) ) ;
#4204 = DIRECTION ( 'NONE',  ( 0.000000000000000000, 1.000000000000000000, 0.000000000000000000 ) ) ;
#4205 = CARTESIAN_POINT ( 'NONE',  ( -9.938914434172966494, 2.248135892564179006, -1.106420474829618916 ) ) ;
#4206 = CARTESIAN_POINT ( 'NONE',  ( 8.260368511126804592, 9.500000000000000000, -8.260368511126660707 ) ) ;
#4207 = ORIENTED_EDGE ( 'NONE', *, *, #1432, .T. ) ;
#4208 = DIRECTION ( 'NONE',  ( 0.000000000000000000, 1.000000000000000000, 0.000000000000000000 ) ) ;
#4209 = EDGE_CURVE ( 'NONE', #3075, #2376, #6584, .T. ) ;
#4210 = CARTESIAN_POINT ( 'NONE',  ( 3.313989850241840784, 2.183709232977762316, 9.297048667841337988 ) ) ;
#4211 = DIRECTION ( 'NONE',  ( -0.000000000000000000, -1.000000000000000000, -0.000000000000000000 ) ) ;
#4212 = EDGE_CURVE ( 'NONE', #4459, #6905, #2343, .T. ) ;
#4213 = EDGE_LOOP ( 'NONE', ( #5356, #5635, #4089, #6090 ) ) ;
#4214 = DIRECTION ( 'NONE',  ( 0.000000000000000000, -1.000000000000000000, 0.000000000000000000 ) ) ;
#4215 = ORIENTED_EDGE ( 'NONE', *, *, #1822, .T. ) ;
#4216 = DIRECTION ( 'NONE',  ( 0.000000000000000000, 0.000000000000000000, 1.000000000000000000 ) ) ;
#4217 = DIRECTION ( 'NONE',  ( 0.000000000000000000, -1.734723475976807094E-15, 1.000000000000000000 ) ) ;
#4218 = EDGE_CURVE ( 'NONE', #1694, #3653, #6967, .T. ) ;
#4219 = CARTESIAN_POINT ( 'NONE',  ( -8.734252662744561135, 2.500000000000000000, -4.869582161062647074 ) ) ;
#4220 = DIRECTION ( 'NONE',  ( 0.000000000000000000, 1.000000000000000000, 0.000000000000000000 ) ) ;
#4221 = DIRECTION ( 'NONE',  ( 0.000000000000000000, -1.000000000000000000, 0.000000000000000000 ) ) ;
#4222 = EDGE_LOOP ( 'NONE', ( #1107, #2802, #7111, #2232 ) ) ;
#4223 = DIRECTION ( 'NONE',  ( -0.000000000000000000, -1.000000000000000000, -0.000000000000000000 ) ) ;
#4224 = VERTEX_POINT ( 'NONE', #5366 ) ;
#4225 = CARTESIAN_POINT ( 'NONE',  ( -4.626103053009484434, 2.500000000000000000, 8.297540029607349155 ) ) ;
#4226 = CARTESIAN_POINT ( 'NONE',  ( 9.194972181005599765, 1.986052934431072670, -3.932605539365150005 ) ) ;
#4227 = ADVANCED_FACE ( 'NONE', ( #1588 ), #1233, .T. ) ;
#4228 = CARTESIAN_POINT ( 'NONE',  ( 9.282599226627631595, 1.986052934431228989, 3.721055137393924905 ) ) ;
#4229 = CARTESIAN_POINT ( 'NONE',  ( 1.851523544721292325, 8.000000000000000000, -2.548403532281086736 ) ) ;
#4230 = ORIENTED_EDGE ( 'NONE', *, *, #3953, .T. ) ;
#4231 = CARTESIAN_POINT ( 'NONE',  ( -0.4984729358709660274, 1.827180535951931750, -9.988341300992908955 ) ) ;
#4232 = ORIENTED_EDGE ( 'NONE', *, *, #3867, .T. ) ;
#4233 = EDGE_LOOP ( 'NONE', ( #937, #4696, #4007 ) ) ;
#4234 = APPLICATION_CONTEXT ( 'automotive_design' ) ;
#4235 = CARTESIAN_POINT ( 'NONE',  ( 0.9734035322810951074, 8.000000000000000000, -2.995828026329730776 ) ) ;
#4236 = CARTESIAN_POINT ( 'NONE',  ( -7.381682485265572247, 2.024215165943784811, 6.747289020923044056 ) ) ;
#4237 = CARTESIAN_POINT ( 'NONE',  ( -9.932905682471172781, 2.500000000000000000, -1.156453502364842567 ) ) ;
#4238 = VERTEX_POINT ( 'NONE', #3982 ) ;
#4239 = AXIS2_PLACEMENT_3D ( 'NONE', #718, #2935, #3517 ) ;
#4240 = AXIS2_PLACEMENT_3D ( 'NONE', #1945, #5196, #2881 ) ;
#4241 = LINE ( 'NONE', #3707, #831 ) ;
#4242 = CARTESIAN_POINT ( 'NONE',  ( 2.970974249536206813, 2.438027874578164056, 9.469254822744023414 ) ) ;
#4243 = CARTESIAN_POINT ( 'NONE',  ( 3.786949570289242395, 2.130141866891319680, -9.081451439025260086 ) ) ;
#4244 = DIRECTION ( 'NONE',  ( 1.000000000000000000, 1.734723475976805517E-15, -0.000000000000000000 ) ) ;
#4245 = ORIENTED_EDGE ( 'NONE', *, *, #5151, .F. ) ;
#4246 = EDGE_CURVE ( 'NONE', #3737, #1777, #4766, .T. ) ;
#4247 = CARTESIAN_POINT ( 'NONE',  ( 0.000000000000000000, 10.00000000000000000, 7.500000000000000000 ) ) ;
#4248 = ORIENTED_EDGE ( 'NONE', *, *, #7103, .T. ) ;
#4249 = FACE_OUTER_BOUND ( 'NONE', #4818, .T. ) ;
#4250 = CARTESIAN_POINT ( 'NONE',  ( -1.554148821017838911, 8.000000000000000000, -1.830433831214388185 ) ) ;
#4251 = CARTESIAN_POINT ( 'NONE',  ( 2.995828026329736549, 0.000000000000000000, -0.9734035322810845603 ) ) ;
#4252 = CARTESIAN_POINT ( 'NONE',  ( 0.000000000000000000, 9.992403876506100957, 7.456920242929475862 ) ) ;
#4253 = DIRECTION ( 'NONE',  ( 0.000000000000000000, -1.000000000000000000, 0.000000000000000000 ) ) ;
#4254 = ORIENTED_EDGE ( 'NONE', *, *, #6913, .T. ) ;
#4255 = EDGE_CURVE ( 'NONE', #1660, #5898, #1192, .T. ) ;
#4256 = CARTESIAN_POINT ( 'NONE',  ( -9.605768406060212428, 2.248135892564177674, 2.781258658605747947 ) ) ;
#4257 = VERTEX_POINT ( 'NONE', #2786 ) ;
#4258 = CARTESIAN_POINT ( 'NONE',  ( 4.399397064220046616, 2.242561475665997506, 8.860921141133143664 ) ) ;
#4259 = EDGE_CURVE ( 'NONE', #2903, #6480, #5231, .T. ) ;
#4260 = CARTESIAN_POINT ( 'NONE',  ( 9.567866486750912003, 2.321832774718814107, -2.911939321413950399 ) ) ;
#4261 = ADVANCED_FACE ( 'NONE', ( #3410 ), #5720, .T. ) ;
#4262 = CARTESIAN_POINT ( 'NONE',  ( 9.138655792787924170, 1.779849606445623733, 4.062095968912843524 ) ) ;
#4263 = LINE ( 'NONE', #4229, #6577 ) ;
#4264 = ORIENTED_EDGE ( 'NONE', *, *, #670, .T. ) ;
#4265 = AXIS2_PLACEMENT_3D ( 'NONE', #5724, #3661, #6339 ) ;
#4266 = FACE_OUTER_BOUND ( 'NONE', #1278, .T. ) ;
#4267 = ORIENTED_EDGE ( 'NONE', *, *, #534, .T. ) ;
#4268 = EDGE_CURVE ( 'NONE', #5761, #2258, #930, .T. ) ;
#4269 = EDGE_LOOP ( 'NONE', ( #6875, #5533, #3895, #2113 ) ) ;
#4270 = ADVANCED_FACE ( 'NONE', ( #1686 ), #5354, .F. ) ;
#4271 = AXIS2_PLACEMENT_3D ( 'NONE', #4798, #3683, #3143 ) ;
#4272 = CIRCLE ( 'NONE', #4850, 2.000000000000000000 ) ;
#4273 = CARTESIAN_POINT ( 'NONE',  ( -6.747289020922918823, 2.024215165943759498, -7.381682485265541160 ) ) ;
#4274 = CARTESIAN_POINT ( 'NONE',  ( -1.260587625341237805, 8.000000000000000000, -2.043718524445534701 ) ) ;
#4275 = CARTESIAN_POINT ( 'NONE',  ( 0.000000000000000000, 9.500000000000000000, 0.000000000000000000 ) ) ;
#4276 = AXIS2_PLACEMENT_3D ( 'NONE', #1317, #2945, #3818 ) ;
#4277 = DIRECTION ( 'NONE',  ( 0.000000000000000000, 1.000000000000000000, 0.000000000000000000 ) ) ;
#4278 = DIRECTION ( 'NONE',  ( -0.9971414314842894644, 0.000000000000000000, 0.07555769727474609398 ) ) ;
#4279 = AXIS2_PLACEMENT_3D ( 'NONE', #6078, #3976, #4005 ) ;
#4280 = CARTESIAN_POINT ( 'NONE',  ( -2.221104420305841654, 0.000000000000000000, -0.9124482025973593702 ) ) ;
#4281 = CARTESIAN_POINT ( 'NONE',  ( 0.6743094858304425898, 2.242938389050196157, -9.870054189468962846 ) ) ;
#4282 = CARTESIAN_POINT ( 'NONE',  ( 0.000000000000000000, 9.500000000000000000, 0.000000000000000000 ) ) ;
#4283 = ORIENTED_EDGE ( 'NONE', *, *, #4316, .F. ) ;
#4284 = CARTESIAN_POINT ( 'NONE',  ( -7.455440619228418164, 2.242561475665997506, -6.502847312616774289 ) ) ;
#4285 = VECTOR ( 'NONE', #5011, 1000.000000000000000 ) ;
#4286 = ORIENTED_EDGE ( 'NONE', *, *, #6600, .F. ) ;
#4287 = CARTESIAN_POINT ( 'NONE',  ( -4.829485086827515872, 2.257089604130808613, -8.756818408900276296 ) ) ;
#4288 = CARTESIAN_POINT ( 'NONE',  ( 7.725627693846815802, 2.322848788353864435, 6.351233556578124606 ) ) ;
#4289 = DIRECTION ( 'NONE',  ( -0.2362740077746034173, 0.000000000000000000, 0.9716864685947451674 ) ) ;
#4290 = AXIS2_PLACEMENT_3D ( 'NONE', #2455, #4720, #887 ) ;
#4291 = DIRECTION ( 'NONE',  ( -0.3244301945785728614, -3.469446951953616950E-15, 0.9459096409518773507 ) ) ;
#4292 = DIRECTION ( 'NONE',  ( -0.5249775667251619371, 0.000000000000000000, -0.8511160640214283646 ) ) ;
#4293 = EDGE_LOOP ( 'NONE', ( #793, #3553, #2203, #1343 ) ) ;
#4294 = DIRECTION ( 'NONE',  ( 0.6205888851312597598, -0.000000000000000000, 0.7841361078610907809 ) ) ;
#4295 = ORIENTED_EDGE ( 'NONE', *, *, #4088, .F. ) ;
#4296 = VECTOR ( 'NONE', #4278, 999.9999999999998863 ) ;
#4297 = AXIS2_PLACEMENT_3D ( 'NONE', #6436, #272, #4695 ) ;
#4298 = DIRECTION ( 'NONE',  ( 0.000000000000000000, 1.000000000000000000, 0.000000000000000000 ) ) ;
#4299 = DIRECTION ( 'NONE',  ( -1.000000000000000000, -3.469446951953611033E-15, 0.000000000000000000 ) ) ;
#4300 = DIRECTION ( 'NONE',  ( 0.000000000000000000, -0.000000000000000000, -1.000000000000000000 ) ) ;
#4301 = EDGE_CURVE ( 'NONE', #3663, #3245, #1890, .T. ) ;
#4302 = DIRECTION ( 'NONE',  ( -0.9459096409518821247, 0.000000000000000000, 0.3244301945785588170 ) ) ;
#4303 = AXIS2_PLACEMENT_3D ( 'NONE', #4420, #6632, #6266 ) ;
#4304 = AXIS2_PLACEMENT_3D ( 'NONE', #1803, #2861, #30 ) ;
#4305 = CARTESIAN_POINT ( 'NONE',  ( 0.4960991014861134141, 2.183709232977763648, -9.857561987693562955 ) ) ;
#4306 = ORIENTED_EDGE ( 'NONE', *, *, #5542, .T. ) ;
#4307 = ORIENTED_EDGE ( 'NONE', *, *, #6387, .T. ) ;
#4308 = EDGE_CURVE ( 'NONE', #3620, #4408, #6856, .T. ) ;
#4309 = AXIS2_PLACEMENT_3D ( 'NONE', #6640, #2154, #512 ) ;
#4310 = VECTOR ( 'NONE', #4344, 1000.000000000000000 ) ;
#4311 = B_SPLINE_CURVE_WITH_KNOTS ( 'NONE', 3,
 ( #6183, #6217, #5669, #3032, #1220, #6790, #118, #4545, #1327, #3431, #6758, #4688, #156, #5240, #6898, #4079, #2453, #1913 ),
 .UNSPECIFIED., .F., .F.,
 ( 4, 2, 2, 2, 2, 2, 2, 2, 4 ),
 ( 4.336808689942017736E-19, 0.0003765522689820477312, 0.0007531045379640950287, 0.001129656806946142218, 0.001506209075928189624, 0.001882761344910237030, 0.002259313613892284002, 0.002635865882874332058, 0.003012418151856380115 ),
 .UNSPECIFIED. ) ;
#4312 = EDGE_CURVE ( 'NONE', #395, #882, #452, .T. ) ;
#4313 = CARTESIAN_POINT ( 'NONE',  ( -6.908873745391323595, 1.992783053389768355, -7.230516001408475724 ) ) ;
#4314 = CARTESIAN_POINT ( 'NONE',  ( -6.681597265112774409, 2.164715090713899226, 7.250902820713593044 ) ) ;
#4316 = EDGE_CURVE ( 'NONE', #2549, #1191, #5493, .T. ) ;
#4315 = CARTESIAN_POINT ( 'NONE',  ( -8.878012131685405706, 1.982312691401701521, 4.603674570840428082 ) ) ;
#4317 = AXIS2_PLACEMENT_3D ( 'NONE', #1492, #1593, #3808 ) ;
#4318 = DIRECTION ( 'NONE',  ( 0.000000000000000000, 1.000000000000000000, -0.000000000000000000 ) ) ;
#4319 = CYLINDRICAL_SURFACE ( 'NONE', #5346, 2.000000000000000000 ) ;
#4320 = CARTESIAN_POINT ( 'NONE',  ( 9.140450790375643564, 1.779448407880939831, 4.058000729357143399 ) ) ;
#4321 = CARTESIAN_POINT ( 'NONE',  ( 2.596097982851267361, 9.500000000000000000, 9.138395661353012400 ) ) ;
#4322 = CARTESIAN_POINT ( 'NONE',  ( 6.433069916092938101, 2.314666110110169761, -7.536565878395782292 ) ) ;
#4323 = ORIENTED_EDGE ( 'NONE', *, *, #7177, .T. ) ;
#4324 = ORIENTED_EDGE ( 'NONE', *, *, #5379, .T. ) ;
#4325 = DIRECTION ( 'NONE',  ( 0.000000000000000000, 1.000000000000000000, 0.000000000000000000 ) ) ;
#4326 = DIRECTION ( 'NONE',  ( 0.7622926637108760062, 0.000000000000000000, 0.6472324890273797315 ) ) ;
#4327 = DIRECTION ( 'NONE',  ( 0.000000000000000000, 0.000000000000000000, 1.000000000000000000 ) ) ;
#4328 = CARTESIAN_POINT ( 'NONE',  ( 9.132093507000687149E-16, 9.992403876506100957, -7.456920242929475862 ) ) ;
#4329 = CARTESIAN_POINT ( 'NONE',  ( 0.000000000000000000, 0.000000000000000000, 0.000000000000000000 ) ) ;
#4330 = ORIENTED_EDGE ( 'NONE', *, *, #7131, .F. ) ;
#4331 = DIRECTION ( 'NONE',  ( -0.000000000000000000, -1.000000000000000000, -0.000000000000000000 ) ) ;
#4332 = EDGE_LOOP ( 'NONE', ( #6435, #7126, #526, #6407 ) ) ;
#4333 = DIRECTION ( 'NONE',  ( -0.7622926637108761172, 0.000000000000000000, -0.6472324890273797315 ) ) ;
#4334 = CARTESIAN_POINT ( 'NONE',  ( -9.938496242092696775, 2.255681435097379062, -1.109995276579329504 ) ) ;
#4335 = DIRECTION ( 'NONE',  ( -0.2732734718790951201, 0.000000000000000000, 0.9619363854055763552 ) ) ;
#4336 = FACE_OUTER_BOUND ( 'NONE', #2668, .T. ) ;
#4337 = CARTESIAN_POINT ( 'NONE',  ( 0.2274354203458220369, 1.992783053389822312, -9.998058371801612054 ) ) ;
#4338 = ORIENTED_EDGE ( 'NONE', *, *, #2413, .T. ) ;
#4339 = CARTESIAN_POINT ( 'NONE',  ( 9.439495114672144638, 2.343452233630472836, 3.030017723230804982 ) ) ;
#4340 = EDGE_LOOP ( 'NONE', ( #3905, #6597, #2368, #1113 ) ) ;
#4341 = ADVANCED_FACE ( 'NONE', ( #3186 ), #6166, .F. ) ;
#4342 = CARTESIAN_POINT ( 'NONE',  ( -6.619553888663428864, 2.183709232977763648, -7.321143966266301817 ) ) ;
#4343 = ADVANCED_FACE ( 'NONE', ( #2237 ), #5389, .T. ) ;
#4344 = DIRECTION ( 'NONE',  ( -0.8511160640214288087, 0.000000000000000000, 0.5249775667251612710 ) ) ;
#4345 = CARTESIAN_POINT ( 'NONE',  ( -9.372453886955755209, 2.240934156756817064, 3.162415667432434407 ) ) ;
#4346 = AXIS2_PLACEMENT_3D ( 'NONE', #4091, #2859, #1731 ) ;
#4347 = ADVANCED_FACE ( 'NONE', ( #4911 ), #6027, .T. ) ;
#4348 = EDGE_LOOP ( 'NONE', ( #5945, #2963, #2659 ) ) ;
#4349 = DIRECTION ( 'NONE',  ( 0.8734252662744531603, 0.000000000000000000, 0.4869582161062701031 ) ) ;
#4350 = CARTESIAN_POINT ( 'NONE',  ( 2.911939321413941961, 2.321832774718788794, 9.567866486750920885 ) ) ;
#4351 = CARTESIAN_POINT ( 'NONE',  ( 6.368549229223043007, 2.500000000000000444, -7.611508121969535523 ) ) ;
#4352 = FACE_OUTER_BOUND ( 'NONE', #2278, .T. ) ;
#4353 = EDGE_CURVE ( 'NONE', #1757, #6699, #6721, .T. ) ;
#4354 = EDGE_LOOP ( 'NONE', ( #2493, #4764, #3145, #93 ) ) ;
#4355 = VECTOR ( 'NONE', #3993, 1000.000000000000000 ) ;
#4356 = CARTESIAN_POINT ( 'NONE',  ( 6.244726359285768247, 2.249819565270343436, -7.810864416449840419 ) ) ;
#4357 = EDGE_CURVE ( 'NONE', #5515, #6719, #6722, .T. ) ;
#4358 = DIRECTION ( 'NONE',  ( 0.000000000000000000, 0.000000000000000000, 1.000000000000000000 ) ) ;
#4359 = PLANE ( 'NONE',  #3273 ) ;
#4360 = DIRECTION ( 'NONE',  ( 0.000000000000000000, 1.000000000000000000, 0.000000000000000000 ) ) ;
#4361 = CARTESIAN_POINT ( 'NONE',  ( 9.932905682471163900, 2.500000000000000000, 1.156453502364910735 ) ) ;
#4362 = ORIENTED_EDGE ( 'NONE', *, *, #4705, .F. ) ;
#4363 = DIRECTION ( 'NONE',  ( -0.000000000000000000, -1.000000000000000000, 0.000000000000000000 ) ) ;
#4364 = ORIENTED_EDGE ( 'NONE', *, *, #6913, .F. ) ;
#4365 = CARTESIAN_POINT ( 'NONE',  ( 3.956182678658483720, 2.139924804626939459, -9.015711933060089223 ) ) ;
#4366 = CARTESIAN_POINT ( 'NONE',  ( 7.160346141787877983, 1.768638744481567882, 6.981771384884059017 ) ) ;
#4367 = DIRECTION ( 'NONE',  ( 0.000000000000000000, 0.000000000000000000, 1.000000000000000000 ) ) ;
#4368 = CARTESIAN_POINT ( 'NONE',  ( -1.156453502364807040, 9.500000000000000000, 9.932905682471176334 ) ) ;
#4369 = CARTESIAN_POINT ( 'NONE',  ( -0.5566365330722402582, 2.048945620300734127, -9.985236028452316503 ) ) ;
#4370 = ORIENTED_EDGE ( 'NONE', *, *, #1927, .T. ) ;
#4371 = CARTESIAN_POINT ( 'NONE',  ( -8.297540029607333167, 9.500000000000000000, -4.626103053009515520 ) ) ;
#4372 = VERTEX_POINT ( 'NONE', #4472 ) ;
#4373 = CARTESIAN_POINT ( 'NONE',  ( -0.9711828485914483222, 2.321832774718816328, 9.953906951267313730 ) ) ;
#4374 = AXIS2_PLACEMENT_3D ( 'NONE', #6167, #6666, #6199 ) ;
#4375 = CARTESIAN_POINT ( 'NONE',  ( -7.105199791446562330, 2.139924804626919475, 6.815466159439692362 ) ) ;
#4376 = CARTESIAN_POINT ( 'NONE',  ( -9.150139654457381866, 1.992695579455160626, 4.035844149635461342 ) ) ;
#4377 = FACE_OUTER_BOUND ( 'NONE', #136, .T. ) ;
#4378 = AXIS2_PLACEMENT_3D ( 'NONE', #3153, #7097, #385 ) ;
#4379 = DIRECTION ( 'NONE',  ( 0.000000000000000000, 0.000000000000000000, 1.000000000000000000 ) ) ;
#4380 = DIRECTION ( 'NONE',  ( 0.000000000000000000, 1.000000000000000000, 0.000000000000000000 ) ) ;
#4381 = CARTESIAN_POINT ( 'NONE',  ( 0.8789046617972523512, 2.500000000000000444, 9.885393354405108468 ) ) ;
#4382 = EDGE_CURVE ( 'NONE', #2588, #1799, #600, .T. ) ;
#4383 = AXIS2_PLACEMENT_3D ( 'NONE', #1112, #6150, #5496 ) ;
#4384 = CARTESIAN_POINT ( 'NONE',  ( 0.8789046617972534614, 2.500000000000000444, -9.885393354405108468 ) ) ;
#4385 = ORIENTED_EDGE ( 'NONE', *, *, #4617, .T. ) ;
#4386 = DIRECTION ( 'NONE',  ( 0.000000000000000000, 0.000000000000000000, 1.000000000000000000 ) ) ;
#4387 = EDGE_CURVE ( 'NONE', #509, #5761, #2345, .T. ) ;
#4388 = ORIENTED_EDGE ( 'NONE', *, *, #5061, .T. ) ;
#4389 = ADVANCED_FACE ( 'NONE', ( #3972 ), #1221, .T. ) ;
#4390 = EDGE_CURVE ( 'NONE', #1805, #4917, #1291, .T. ) ;
#4391 = CARTESIAN_POINT ( 'NONE',  ( 7.495923812460098645, 1.863989508453880672, -6.619964632136756677 ) ) ;
#4392 = AXIS2_PLACEMENT_3D ( 'NONE', #6628, #2172, #3877 ) ;
#4393 = CARTESIAN_POINT ( 'NONE',  ( 0.000000000000000000, 10.00000000000000000, 7.543744331762958666 ) ) ;
#4394 = EDGE_CURVE ( 'NONE', #1953, #6593, #6791, .T. ) ;
#4395 = CARTESIAN_POINT ( 'NONE',  ( 9.323898564490001206, 1.992695579455370680, 3.616353032451636640 ) ) ;
#4396 = CARTESIAN_POINT ( 'NONE',  ( -7.841361078610813884, 9.500000000000000000, -6.205888851312715282 ) ) ;
#4397 = AXIS2_PLACEMENT_3D ( 'NONE', #4671, #5798, #833 ) ;
#4398 = CARTESIAN_POINT ( 'NONE',  ( 9.851765289569973660, 2.164715090713901002, -0.4025598189323920106 ) ) ;
#4399 = EDGE_LOOP ( 'NONE', ( #5481, #5602 ) ) ;
#4400 = CARTESIAN_POINT ( 'NONE',  ( 5.095752233843723986E-17, 9.500000000000000000, -9.681925178635076179 ) ) ;
#4401 = EDGE_LOOP ( 'NONE', ( #5944, #1255, #3984, #4847 ) ) ;
#4402 = EDGE_CURVE ( 'NONE', #5711, #435, #1144, .T. ) ;
#4403 = CARTESIAN_POINT ( 'NONE',  ( 3.616353032451532723, 1.992695579455293187, -9.323898564490020746 ) ) ;
#4404 = CARTESIAN_POINT ( 'NONE',  ( 6.367596717411027285, 2.051189550670911910, 7.711024474176586097 ) ) ;
#4405 = AXIS2_PLACEMENT_3D ( 'NONE', #6210, #3966, #3859 ) ;
#4406 = CARTESIAN_POINT ( 'NONE',  ( -8.817164848740132399, 2.343771222574626112, -4.532526391864147186 ) ) ;
#4407 = CARTESIAN_POINT ( 'NONE',  ( -1.110773098972589246, 2.257089604130882332, -9.938409227484189756 ) ) ;
#4408 = VERTEX_POINT ( 'NONE', #5058 ) ;
#4410 = AXIS2_PLACEMENT_3D ( 'NONE', #1239, #5769, #1783 ) ;
#4409 = CARTESIAN_POINT ( 'NONE',  ( -10.79269157286921654, 9.500000000000000000, 4.470479223992207096 ) ) ;
#4411 = ORIENTED_EDGE ( 'NONE', *, *, #6037, .F. ) ;
#4412 = AXIS2_PLACEMENT_3D ( 'NONE', #6215, #6106, #1248 ) ;
#4413 = LINE ( 'NONE', #2828, #407 ) ;
#4414 = CARTESIAN_POINT ( 'NONE',  ( -9.999989585984216944, 1.986052934431125072, 0.1144902525312578162 ) ) ;
#4415 = CARTESIAN_POINT ( 'NONE',  ( -9.567866486751208654, 2.321832774718631587, 2.911939321413858028 ) ) ;
#4416 = DIRECTION ( 'NONE',  ( 0.000000000000000000, 0.000000000000000000, 1.000000000000000000 ) ) ;
#4417 = CIRCLE ( 'NONE', #715, 0.5000000000000004441 ) ;
#4418 = AXIS2_PLACEMENT_3D ( 'NONE', #611, #5616, #4999 ) ;
#4419 = ORIENTED_EDGE ( 'NONE', *, *, #5542, .F. ) ;
#4420 = CARTESIAN_POINT ( 'NONE',  ( 7.449293024680234687, 9.500000000000000000, 5.895594408747129478 ) ) ;
#4421 =( BOUNDED_SURFACE ( )  B_SPLINE_SURFACE ( 3, 2, ( 
 ( #4351, #7143, #3340 ),
 ( #2179, #2118, #2696 ),
 ( #7033, #4899, #432 ),
 ( #6592, #1566, #507 ),
 ( #2077, #1020, #3883 ),
 ( #3849, #3235, #6059 ),
 ( #7110, #2149, #1095 ),
 ( #6560, #1595, #3810 ),
 ( #6094, #6018, #2217 ),
 ( #3274, #5511, #540 ),
 ( #1129, #400, #2622 ),
 ( #1166, #6808, #6774 ),
 ( #3450, #6170, #1206 ),
 ( #5010, #6280, #2398 ),
 ( #4491, #3954, #4530 ),
 ( #106, #1316, #1852 ),
 ( #5656, #143, #2797 ),
 ( #2327, #37, #5593 ) ),
 .UNSPECIFIED., .F., .F., .F. ) 
 B_SPLINE_SURFACE_WITH_KNOTS ( ( 4, 2, 2, 2, 2, 2, 2, 2, 4 ),
 ( 3, 3 ),
 ( -8.944667923005411581E-19, 0.0003645422052340781933, 0.0007290844104681572539, 0.001093626615702236260, 0.001458168820936315375, 0.001822711026170394273, 0.002187253231404473388, 0.002551795436638552503, 0.002916337641872631618 ),
 ( 0.000000000000000000, 1.000000000000000000 ),
 .UNSPECIFIED. ) 
 GEOMETRIC_REPRESENTATION_ITEM ( )  RATIONAL_B_SPLINE_SURFACE ( (
 ( 1.000000000000000000, 0.9595359398070240076, 1.000000000000000000),
 ( 1.000000000000000000, 0.9595833763010065409, 1.000000000000000000),
 ( 1.000000000000000000, 0.9570685609626874424, 1.000000000000000000),
 ( 1.000000000000000000, 0.9488880332095233072, 1.000000000000000000),
 ( 1.000000000000000000, 0.9432547151588688283, 1.000000000000000000),
 ( 1.000000000000000000, 0.9321826025349153610, 1.000000000000000000),
 ( 1.000000000000000000, 0.9268523530654625420, 1.000000000000000000),
 ( 1.000000000000000000, 0.9192073681285418685, 1.000000000000000000),
 ( 1.000000000000000000, 0.9170514797511306604, 1.000000000000000000),
 ( 1.000000000000000000, 0.9170288608893386595, 1.000000000000000000),
 ( 1.000000000000000000, 0.9192260099104102578, 1.000000000000000000),
 ( 1.000000000000000000, 0.9267996068665645959, 1.000000000000000000),
 ( 1.000000000000000000, 0.9321812854749885746, 1.000000000000000000),
 ( 1.000000000000000000, 0.9432160661325631468, 1.000000000000000000),
 ( 1.000000000000000000, 0.9488445939139726892, 1.000000000000000000),
 ( 1.000000000000000000, 0.9570263305979318513, 1.000000000000000000),
 ( 1.000000000000000000, 0.9595878455022888165, 1.000000000000000000),
 ( 1.000000000000000000, 0.9595359398070241186, 1.000000000000000000) ) ) 
 REPRESENTATION_ITEM ( '' )  SURFACE ( )  );
#4422 = CARTESIAN_POINT ( 'NONE',  ( -7.079576935034929797, 2.134286657244865104, 6.837644484988271820 ) ) ;
#4423 = AXIS2_PLACEMENT_3D ( 'NONE', #6176, #2874, #1861 ) ;
#4424 = CARTESIAN_POINT ( 'NONE',  ( 7.449293024680233799, 9.500000000000000000, 5.895594408747131254 ) ) ;
#4425 = ORIENTED_EDGE ( 'NONE', *, *, #496, .F. ) ;
#4426 = CARTESIAN_POINT ( 'NONE',  ( 0.9734035322810951074, 8.000000000000000000, -2.995828026329730776 ) ) ;
#4427 = ORIENTED_EDGE ( 'NONE', *, *, #5189, .T. ) ;
#4428 = EDGE_CURVE ( 'NONE', #5152, #4468, #5131, .T. ) ;
#4429 = CARTESIAN_POINT ( 'NONE',  ( -3.023139038583082083, 1.981868317978671135, -9.532757696805470360 ) ) ;
#4430 = CARTESIAN_POINT ( 'NONE',  ( 6.368549229222884911, 2.500000000000000000, 7.611508121969669638 ) ) ;
#4431 = CARTESIAN_POINT ( 'NONE',  ( 9.238422349479496082E-16, 10.00000000000000000, -7.543744331762958666 ) ) ;
#4432 = CARTESIAN_POINT ( 'NONE',  ( -0.8789046617972535724, 2.456298904871081934, 9.885393354405106692 ) ) ;
#4433 = EDGE_CURVE ( 'NONE', #2021, #5296, #3505, .T. ) ;
#4434 = DIRECTION ( 'NONE',  ( 0.000000000000000000, 0.000000000000000000, 1.000000000000000000 ) ) ;
#4435 = CARTESIAN_POINT ( 'NONE',  ( 9.883093623299828323, 2.378544800989010444, -0.8475496155052139047 ) ) ;
#4436 = ORIENTED_EDGE ( 'NONE', *, *, #5953, .T. ) ;
#4437 = CYLINDRICAL_SURFACE ( 'NONE', #3838, 2.000000000000000000 ) ;
#4438 = ORIENTED_EDGE ( 'NONE', *, *, #1822, .F. ) ;
#4439 = ADVANCED_FACE ( 'NONE', ( #5606 ), #5713, .F. ) ;
#4440 = CARTESIAN_POINT ( 'NONE',  ( 2.873880099895345541, 2.410376625841616605, -9.579266306900278138 ) ) ;
#4441 = CARTESIAN_POINT ( 'NONE',  ( -4.470479223992169793, 2.500000000000000444, -10.79269157286923075 ) ) ;
#4442 = DIRECTION ( 'NONE',  ( 0.000000000000000000, 0.000000000000000000, 1.000000000000000000 ) ) ;
#4443 = CARTESIAN_POINT ( 'NONE',  ( -9.339547392334324627, 2.212746796842761210, -3.227999808065046050 ) ) ;
#4444 = EDGE_LOOP ( 'NONE', ( #1613, #4502, #3407, #3029 ) ) ;
#4445 = CYLINDRICAL_SURFACE ( 'NONE', #5672, 0.5000000000000004441 ) ;
#4446 = ORIENTED_EDGE ( 'NONE', *, *, #2105, .F. ) ;
#4447 = CARTESIAN_POINT ( 'NONE',  ( -3.161911533876194724, 2.241156341101704808, 9.372706491370175641 ) ) ;
#4448 = ORIENTED_EDGE ( 'NONE', *, *, #5951, .F. ) ;
#4449 = CARTESIAN_POINT ( 'NONE',  ( -4.470479223992169793, 2.500000000000000444, -8.792691572869230754 ) ) ;
#4450 = CARTESIAN_POINT ( 'NONE',  ( -9.999986698273103158, 1.768641139221968306, 0.1284310849189845005 ) ) ;
#4451 = PLANE ( 'NONE',  #1039 ) ;
#4452 = CARTESIAN_POINT ( 'NONE',  ( 4.626103053009547494, 10.00000000000000000, -8.297540029607313627 ) ) ;
#4453 = ORIENTED_EDGE ( 'NONE', *, *, #991, .F. ) ;
#4454 = FACE_OUTER_BOUND ( 'NONE', #4125, .T. ) ;
#4455 = DIRECTION ( 'NONE',  ( 0.000000000000000000, 0.000000000000000000, 1.000000000000000000 ) ) ;
#4456 = CARTESIAN_POINT ( 'NONE',  ( -1.260587625341245133, 0.000000000000000000, 2.043718524445536477 ) ) ;
#4457 = TOROIDAL_SURFACE ( 'NONE', #2267, 9.500000000000000000, 0.5000000000000000000 ) ;
#4458 = CARTESIAN_POINT ( 'NONE',  ( 9.878024200989298009, 2.314666110110169761, -0.7802894779562976613 ) ) ;
#4459 = VERTEX_POINT ( 'NONE', #663 ) ;
#4460 = FACE_OUTER_BOUND ( 'NONE', #3158, .T. ) ;
#4461 = VERTEX_POINT ( 'NONE', #2415 ) ;
#4462 = CARTESIAN_POINT ( 'NONE',  ( -2.999548401200214709, 2.377840714399273914, -9.454885785705608114 ) ) ;
#4463 = DIRECTION ( 'NONE',  ( -1.856204616801502347E-16, 1.000000000000000000, 1.594314457810258454E-15 ) ) ;
#4464 = DIRECTION ( 'NONE',  ( 0.6472324890273781772, 0.000000000000000000, 0.7622926637108773384 ) ) ;
#4465 = CARTESIAN_POINT ( 'NONE',  ( -8.734252662744561135, 2.500000000000000444, -4.869582161062644410 ) ) ;
#4466 = EDGE_CURVE ( 'NONE', #5176, #395, #2851, .T. ) ;
#4467 = CARTESIAN_POINT ( 'NONE',  ( -3.015212895619494571, 2.355680500407573152, -9.446973342847684307 ) ) ;
#4468 = VERTEX_POINT ( 'NONE', #157 ) ;
#4469 = DIRECTION ( 'NONE',  ( 0.000000000000000000, 1.000000000000000000, 0.000000000000000000 ) ) ;
#4470 = ORIENTED_EDGE ( 'NONE', *, *, #1605, .F. ) ;
#4471 = CARTESIAN_POINT ( 'NONE',  ( 2.922977707959103277, 2.059838893144204430, -9.563576536480388413 ) ) ;
#4472 = CARTESIAN_POINT ( 'NONE',  ( 2.776607510986325966, 0.000000000000000000, -0.4397714266284734608 ) ) ;
#4473 = CIRCLE ( 'NONE', #1359, 0.4999999999999998335 ) ;
#4474 = CARTESIAN_POINT ( 'NONE',  ( 9.138395661352950228, 10.00000000000000000, 2.596097982851489405 ) ) ;
#4475 = CARTESIAN_POINT ( 'NONE',  ( -7.711477259033397758, 2.051666420109250488, -6.367050236799730811 ) ) ;
#4476 = EDGE_CURVE ( 'NONE', #2731, #5997, #4002, .T. ) ;
#4477 = CARTESIAN_POINT ( 'NONE',  ( 9.529747859751843464, 1.975531022569853468, -3.032607996840858799 ) ) ;
#4478 = ORIENTED_EDGE ( 'NONE', *, *, #396, .T. ) ;
#4479 = CARTESIAN_POINT ( 'NONE',  ( -3.590100106537443381, 1.779716818039934534, 9.334189340898285892 ) ) ;
#4480 = EDGE_CURVE ( 'NONE', #2029, #3192, #701, .T. ) ;
#4481 = ORIENTED_EDGE ( 'NONE', *, *, #5901, .F. ) ;
#4482 = DIRECTION ( 'NONE',  ( 0.000000000000000000, 1.000000000000000000, 0.000000000000000000 ) ) ;
#4483 = CARTESIAN_POINT ( 'NONE',  ( -9.949874371066204759, 2.500000000000000888, 1.010707579139206613 ) ) ;
#4484 = ADVANCED_FACE ( 'NONE', ( #2883 ), #2924, .T. ) ;
#4485 = CARTESIAN_POINT ( 'NONE',  ( 7.449293024680358144, 2.500000000000000000, -5.895594408746971382 ) ) ;
#4486 = LINE ( 'NONE', #32, #6927 ) ;
#4487 = EDGE_CURVE ( 'NONE', #5296, #2128, #1290, .T. ) ;
#4488 = ORIENTED_EDGE ( 'NONE', *, *, #2105, .T. ) ;
#4489 = CARTESIAN_POINT ( 'NONE',  ( -4.626103053009483546, 9.500000000000000000, 8.297540029607349155 ) ) ;
#4490 = DIRECTION ( 'NONE',  ( -0.9932905682471180331, -3.469446951953618133E-15, 0.1156453502364772484 ) ) ;
#4491 = CARTESIAN_POINT ( 'NONE',  ( 7.505705356597045075, 2.279592747210289261, -6.459614026961983946 ) ) ;
#4492 = AXIS2_PLACEMENT_3D ( 'NONE', #7125, #4913, #4302 ) ;
#4493 = DIRECTION ( 'NONE',  ( 0.000000000000000000, 1.000000000000000000, 0.000000000000000000 ) ) ;
#4494 = EDGE_LOOP ( 'NONE', ( #6198, #6035, #5479, #3871 ) ) ;
#4495 = CARTESIAN_POINT ( 'NONE',  ( -8.260368511126690905, 2.500000000000000444, -8.260368511126776170 ) ) ;
#4496 = CARTESIAN_POINT ( 'NONE',  ( 6.441044717000991682, 1.981868317978659366, 7.650214500666145057 ) ) ;
#4497 = CIRCLE ( 'NONE', #2076, 0.5000000000000004441 ) ;
#4498 = DIRECTION ( 'NONE',  ( 0.000000000000000000, -0.000000000000000000, 1.000000000000000000 ) ) ;
#4499 = VECTOR ( 'NONE', #2094, 1000.000000000000000 ) ;
#4500 = CARTESIAN_POINT ( 'NONE',  ( -9.334189340898261023, 1.779716818039855042, -3.590100106537511770 ) ) ;
#4501 = FACE_OUTER_BOUND ( 'NONE', #1530, .T. ) ;
#4502 = ORIENTED_EDGE ( 'NONE', *, *, #4212, .T. ) ;
#4503 = CARTESIAN_POINT ( 'NONE',  ( 1.098630827246564134, 10.00001200000000168, 9.436260398347616984 ) ) ;
#4504 = AXIS2_PLACEMENT_3D ( 'NONE', #3411, #1309, #5539 ) ;
#4505 = ORIENTED_EDGE ( 'NONE', *, *, #5648, .T. ) ;
#4506 = CARTESIAN_POINT ( 'NONE',  ( 4.594978259367510809, 2.438027874578105880, -8.796570336523377165 ) ) ;
#4507 = DIRECTION ( 'NONE',  ( 0.000000000000000000, 0.000000000000000000, 1.000000000000000000 ) ) ;
#4508 = CARTESIAN_POINT ( 'NONE',  ( 2.656295322589485863E-15, 8.000000000000000000, 3.149999999999999911 ) ) ;
#4509 = CIRCLE ( 'NONE', #4978, 10.00000000000000000 ) ;
#4510 = CYLINDRICAL_SURFACE ( 'NONE', #5897, 0.5000000000000000000 ) ;
#4511 = FACE_OUTER_BOUND ( 'NONE', #4189, .T. ) ;
#4512 = ORIENTED_EDGE ( 'NONE', *, *, #2803, .F. ) ;
#4513 = DIRECTION ( 'NONE',  ( 1.000000000000000000, 0.000000000000000000, 0.000000000000000000 ) ) ;
#4514 = EDGE_LOOP ( 'NONE', ( #1270, #2195, #3182, #5914 ) ) ;
#4515 = AXIS2_PLACEMENT_3D ( 'NONE', #2182, #7144, #3385 ) ;
#4516 = ADVANCED_FACE ( 'NONE', ( #6899 ), #375, .T. ) ;
#4517 = DIRECTION ( 'NONE',  ( 0.000000000000000000, 0.000000000000000000, 1.000000000000000000 ) ) ;
#4518 = CARTESIAN_POINT ( 'NONE',  ( -9.875015954859565070, 2.279919447647821062, 0.7402789226335138029 ) ) ;
#4519 = VECTOR ( 'NONE', #6109, 1000.000000000000000 ) ;
#4520 = AXIS2_PLACEMENT_3D ( 'NONE', #6133, #4493, #4386 ) ;
#4521 = FACE_OUTER_BOUND ( 'NONE', #1073, .T. ) ;
#4522 = EDGE_CURVE ( 'NONE', #3471, #2588, #1096, .T. ) ;
#4523 = EDGE_LOOP ( 'NONE', ( #6424, #618 ) ) ;
#4524 = ORIENTED_EDGE ( 'NONE', *, *, #571, .T. ) ;
#4525 = CARTESIAN_POINT ( 'NONE',  ( 8.734252662744630413, 2.500000000000000444, -4.869582161062521841 ) ) ;
#4526 = AXIS2_PLACEMENT_3D ( 'NONE', #4856, #2146, #3271 ) ;
#4527 = EDGE_CURVE ( 'NONE', #929, #2031, #2212, .T. ) ;
#4528 = CIRCLE ( 'NONE', #6038, 2.000000000000000000 ) ;
#4529 = FACE_OUTER_BOUND ( 'NONE', #1219, .T. ) ;
#4530 = CARTESIAN_POINT ( 'NONE',  ( 7.716501220627695723, 2.059185488125318209, -6.360928075381012015 ) ) ;
#4531 = CIRCLE ( 'NONE', #5462, 2.000000000000000000 ) ;
#4532 = VECTOR ( 'NONE', #4032, 1000.000000000000000 ) ;
#4533 = SPHERICAL_SURFACE ( 'NONE', #239, 0.5000000000000000000 ) ;
#4534 = ORIENTED_EDGE ( 'NONE', *, *, #6615, .F. ) ;
#4535 = DIRECTION ( 'NONE',  ( 0.000000000000000000, 0.000000000000000000, -1.000000000000000000 ) ) ;
#4536 = AXIS2_PLACEMENT_3D ( 'NONE', #5447, #5382, #1676 ) ;
#4537 = CARTESIAN_POINT ( 'NONE',  ( 7.502344536136377862, 1.867388762198125551, 6.612695775979767099 ) ) ;
#4538 = CARTESIAN_POINT ( 'NONE',  ( -9.436260398347613432, 9.500000000000000000, -1.098630827246599662 ) ) ;
#4539 = CARTESIAN_POINT ( 'NONE',  ( -9.149965727261275106, 1.992783053389743486, -4.036214224533225092 ) ) ;
#4540 = DIRECTION ( 'NONE',  ( 1.000000000000000000, 1.734723475976805517E-15, -0.000000000000000000 ) ) ;
#4541 = ORIENTED_EDGE ( 'NONE', *, *, #4843, .F. ) ;
#4542 = TOROIDAL_SURFACE ( 'NONE', #1657, 1.500000000000000000, 0.5000000000000000000 ) ;
#4543 = CARTESIAN_POINT ( 'NONE',  ( -8.734252662744594886, 10.00000000000000000, 4.869582161062589343 ) ) ;
#4544 = ORIENTED_EDGE ( 'NONE', *, *, #3113, .T. ) ;
#4545 = CARTESIAN_POINT ( 'NONE',  ( -3.594033116304575337, 1.779361857681297954, 9.332649232411220908 ) ) ;
#4546 = DIRECTION ( 'NONE',  ( 0.000000000000000000, -1.000000000000000000, -0.000000000000000000 ) ) ;
#4547 = LINE ( 'NONE', #3540, #4996 ) ;
#4548 = CARTESIAN_POINT ( 'NONE',  ( -9.461918427558083877, 2.413741176464117899, -2.985568878361603673 ) ) ;
#4549 = CARTESIAN_POINT ( 'NONE',  ( -0.8789046617972524622, 2.500000000000000444, -9.885393354405108468 ) ) ;
#4550 = EDGE_LOOP ( 'NONE', ( #2183, #5430, #5364 ) ) ;
#4551 = CARTESIAN_POINT ( 'NONE',  ( -2.777044024017509827, 2.257089604130837035, 9.606967333087624183 ) ) ;
#4552 = EDGE_LOOP ( 'NONE', ( #6003, #746, #2091, #1692 ) ) ;
#4553 = FACE_OUTER_BOUND ( 'NONE', #4550, .T. ) ;
#4554 = CARTESIAN_POINT ( 'NONE',  ( -6.441044717001071618, 1.981868317978724425, -7.650214500666077555 ) ) ;
#4555 = CARTESIAN_POINT ( 'NONE',  ( -7.725205082552013991, 2.321832774718918468, 6.351745126530040864 ) ) ;
#4556 = DIRECTION ( 'NONE',  ( 0.000000000000000000, -8.673617379884043361E-16, 1.000000000000000000 ) ) ;
#4557 = ORIENTED_EDGE ( 'NONE', *, *, #1970, .F. ) ;
#4558 = EDGE_CURVE ( 'NONE', #804, #2352, #5747, .T. ) ;
#4559 = ORIENTED_EDGE ( 'NONE', *, *, #1174, .F. ) ;
#4560 = EDGE_CURVE ( 'NONE', #1847, #6069, #1328, .T. ) ;
#4561 = DIRECTION ( 'NONE',  ( -0.07555769727474682951, 0.000000000000000000, -0.9971414314842893534 ) ) ;
#4562 = DIRECTION ( 'NONE',  ( 0.4869582161062485093, 0.000000000000000000, 0.8734252662744651508 ) ) ;
#4563 = EDGE_CURVE ( 'NONE', #2430, #5176, #1437, .T. ) ;
#4564 = DIRECTION ( 'NONE',  ( 0.000000000000000000, 0.000000000000000000, 1.000000000000000000 ) ) ;
#4565 = ORIENTED_EDGE ( 'NONE', *, *, #4040, .T. ) ;
#4566 = DIRECTION ( 'NONE',  ( 0.000000000000000000, 0.000000000000000000, 1.000000000000000000 ) ) ;
#4567 = CARTESIAN_POINT ( 'NONE',  ( -0.9124482025973559285, 8.000000000000000000, -2.221104420305847427 ) ) ;
#4568 = DIRECTION ( 'NONE',  ( -0.000000000000000000, -1.000000000000000000, -0.000000000000000000 ) ) ;
#4569 = CARTESIAN_POINT ( 'NONE',  ( -8.829708429580124474, 2.059185488125215180, -4.694895751422050623 ) ) ;
#4570 = EDGE_CURVE ( 'NONE', #5711, #2824, #856, .T. ) ;
#4571 = DIRECTION ( 'NONE',  ( -0.1156453502364918201, -0.000000000000000000, 0.9932905682471163678 ) ) ;
#4572 = ORIENTED_EDGE ( 'NONE', *, *, #2139, .F. ) ;
#4573 = CARTESIAN_POINT ( 'NONE',  ( 8.297540029607398893, 9.500000000000000000, -4.626103053009395616 ) ) ;
#4574 = AXIS2_PLACEMENT_3D ( 'NONE', #5879, #5222, #4101 ) ;
#4575 = ORIENTED_EDGE ( 'NONE', *, *, #5466, .F. ) ;
#4576 = EDGE_CURVE ( 'NONE', #5342, #4844, #3573, .T. ) ;
#4577 = CARTESIAN_POINT ( 'NONE',  ( 0.2501539172365443986, 1.779255717700187311, 9.997642733695162320 ) ) ;
#4578 = CARTESIAN_POINT ( 'NONE',  ( 4.626103053009546606, 9.500000000000000000, -8.297540029607313627 ) ) ;
#4579 = DIRECTION ( 'NONE',  ( -0.8734252662744614870, -6.060605255670402941E-15, 0.4869582161062553372 ) ) ;
#4580 = CARTESIAN_POINT ( 'NONE',  ( -6.244726359285714956, 2.249819565270343880, 7.810864416449883052 ) ) ;
#4581 = DIRECTION ( 'NONE',  ( -0.000000000000000000, -1.000000000000000000, -0.000000000000000000 ) ) ;
#4582 = ORIENTED_EDGE ( 'NONE', *, *, #1486, .T. ) ;
#4583 = CARTESIAN_POINT ( 'NONE',  ( -3.616353032451459004, 1.992695579455425081, 9.323898564490038510 ) ) ;
#4584 = VERTEX_POINT ( 'NONE', #3070 ) ;
#4585 = CIRCLE ( 'NONE', #7135, 10.00000000000000000 ) ;
#4586 = AXIS2_PLACEMENT_3D ( 'NONE', #5712, #2957, #6826 ) ;
#4587 = DIRECTION ( 'NONE',  ( 0.000000000000000000, 0.000000000000000000, 1.000000000000000000 ) ) ;
#4588 = CARTESIAN_POINT ( 'NONE',  ( 4.594171655381773078, 1.975531022569851469, -8.882927013875246303 ) ) ;
#4589 = FACE_OUTER_BOUND ( 'NONE', #2865, .T. ) ;
#4590 = DIRECTION ( 'NONE',  ( 0.000000000000000000, 1.000000000000000000, 0.000000000000000000 ) ) ;
#4591 = ORIENTED_EDGE ( 'NONE', *, *, #3559, .F. ) ;
#4592 = ORIENTED_EDGE ( 'NONE', *, *, #5595, .T. ) ;
#4593 = CARTESIAN_POINT ( 'NONE',  ( -5.095752233843723986E-17, 10.00001200000000168, 9.681925178635076179 ) ) ;
#4594 = CARTESIAN_POINT ( 'NONE',  ( 0.1144902525312905539, 1.986052934431099315, 9.999989585984112139 ) ) ;
#4595 = CARTESIAN_POINT ( 'NONE',  ( 3.032607996840824605, 1.975531022569853468, 9.529747859751850569 ) ) ;
#4596 = CARTESIAN_POINT ( 'NONE',  ( -4.626103053009429367, 9.500000000000000000, -8.297540029607377576 ) ) ;
#4597 = ORIENTED_EDGE ( 'NONE', *, *, #5466, .T. ) ;
#4598 = CARTESIAN_POINT ( 'NONE',  ( 2.221104420305842542, 8.000000000000000000, 0.9124482025973593702 ) ) ;
#4599 = APPLICATION_CONTEXT ( 'automotive_design' ) ;
#4600 = ORIENTED_EDGE ( 'NONE', *, *, #3125, .F. ) ;
#4601 = AXIS2_PLACEMENT_3D ( 'NONE', #4962, #6056, #463 ) ;
#4602 = CARTESIAN_POINT ( 'NONE',  ( 2.333234819276247318, 0.000000000000000000, 0.5673463196692628552 ) ) ;
#4603 = CARTESIAN_POINT ( 'NONE',  ( -4.869582161062563586, 2.371852820628066461, -8.734252662744609097 ) ) ;
#4604 = EDGE_CURVE ( 'NONE', #39, #3920, #5857, .T. ) ;
#4605 = B_SPLINE_CURVE_WITH_KNOTS ( 'NONE', 3,
 ( #1104, #627, #4467, #3314, #6677, #114, #1715, #657, #1138, #1246, #5522, #6716, #2338, #3458 ),
 .UNSPECIFIED., .F., .F.,
 ( 4, 2, 2, 2, 2, 2, 4 ),
 ( 0.000000000000000000, 0.0002276354469423961635, 0.0004552708938847923269, 0.0009105417877695819433, 0.001365812681654371506, 0.001593448128596765528, 0.001821083575539159116 ),
 .UNSPECIFIED. ) ;
#4606 = DIRECTION ( 'NONE',  ( -0.000000000000000000, 1.000000000000000000, -0.000000000000000000 ) ) ;
#4607 = AXIS2_PLACEMENT_3D ( 'NONE', #3732, #3795, #4842 ) ;
#4608 = CARTESIAN_POINT ( 'NONE',  ( -8.824555314844635845, 2.321832774718893599, -4.706451233693321079 ) ) ;
#4609 = CARTESIAN_POINT ( 'NONE',  ( 4.869582161062490755, 10.00000000000000000, 8.734252662744646400 ) ) ;
#4610 = EDGE_CURVE ( 'NONE', #2971, #5898, #2908, .T. ) ;
#4611 = ORIENTED_EDGE ( 'NONE', *, *, #6684, .F. ) ;
#4612 = LINE ( 'NONE', #3500, #3043 ) ;
#4613 = ORIENTED_EDGE ( 'NONE', *, *, #1341, .F. ) ;
#4614 = DIRECTION ( 'NONE',  ( 0.000000000000000000, 0.000000000000000000, -1.000000000000000000 ) ) ;
#4615 = AXIS2_PLACEMENT_3D ( 'NONE', #967, #3213, #6979 ) ;
#4616 = CARTESIAN_POINT ( 'NONE',  ( 2.221104420305847427, 8.000000000000000000, -0.9124482025973561505 ) ) ;
#4617 = EDGE_CURVE ( 'NONE', #1298, #6941, #2329, .T. ) ;
#4618 = FACE_OUTER_BOUND ( 'NONE', #1814, .T. ) ;
#4619 = CARTESIAN_POINT ( 'NONE',  ( -4.869582161062615100, 2.500000000000000000, 8.734252662744577123 ) ) ;
#4620 = ORIENTED_EDGE ( 'NONE', *, *, #40, .T. ) ;
#4621 = AXIS2_PLACEMENT_3D ( 'NONE', #5223, #4639, #4677 ) ;
#4622 = CARTESIAN_POINT ( 'NONE',  ( -5.895594408746999804, 10.00000000000000000, -7.449293024680337716 ) ) ;
#4623 = ORIENTED_EDGE ( 'NONE', *, *, #897, .T. ) ;
#4624 = DIRECTION ( 'NONE',  ( 0.000000000000000000, 1.000000000000000000, 0.000000000000000000 ) ) ;
#4625 = ORIENTED_EDGE ( 'NONE', *, *, #6839, .F. ) ;
#4626 = ADVANCED_BREP_SHAPE_REPRESENTATION ( 'cap', ( #4082, #2388 ), #7012 ) ;
#4627 = VECTOR ( 'NONE', #2929, 1000.000000000000000 ) ;
#4628 = CARTESIAN_POINT ( 'NONE',  ( 11.68192517863507618, 2.500000000000000444, 1.224126288112367485E-13 ) ) ;
#4629 = FACE_OUTER_BOUND ( 'NONE', #4293, .T. ) ;
#4630 = ORIENTED_EDGE ( 'NONE', *, *, #4522, .T. ) ;
#4631 = AXIS2_PLACEMENT_3D ( 'NONE', #860, #4147, #6366 ) ;
#4632 = ORIENTED_EDGE ( 'NONE', *, *, #7102, .F. ) ;
#4633 = CARTESIAN_POINT ( 'NONE',  ( 0.000000000000000000, 10.00000000000000000, 0.000000000000000000 ) ) ;
#4634 = VECTOR ( 'NONE', #3401, 1000.000000000000000 ) ;
#4635 = VECTOR ( 'NONE', #4107, 1000.000000000000000 ) ;
#4636 = CARTESIAN_POINT ( 'NONE',  ( 0.9718434144856589185, 2.322848788353917726, 9.953844047997526090 ) ) ;
#4637 = DIRECTION ( 'NONE',  ( -3.469446951953614189E-15, 0.000000000000000000, 1.000000000000000000 ) ) ;
#4638 = CARTESIAN_POINT ( 'NONE',  ( 2.995828026329736549, 8.000000000000000000, 0.9734035322810841162 ) ) ;
#4639 = DIRECTION ( 'NONE',  ( -0.000000000000000000, 1.000000000000000000, 0.000000000000000000 ) ) ;
#4640 = ORIENTED_EDGE ( 'NONE', *, *, #2316, .F. ) ;
#4641 = SPHERICAL_SURFACE ( 'NONE', #4410, 0.5000000000000000000 ) ;
#4642 = AXIS2_PLACEMENT_3D ( 'NONE', #2214, #2468, #2967 ) ;
#4643 = VERTEX_POINT ( 'NONE', #5889 ) ;
#4644 = DIRECTION ( 'NONE',  ( -0.000000000000000000, 1.000000000000000000, 0.000000000000000000 ) ) ;
#4645 = CARTESIAN_POINT ( 'NONE',  ( 4.695612462786666441, 2.059838893144284366, 8.829327179896930389 ) ) ;
#4646 = AXIS2_PLACEMENT_3D ( 'NONE', #2346, #4579, #6220 ) ;
#4647 = AXIS2_PLACEMENT_3D ( 'NONE', #5896, #3762, #5968 ) ;
#4648 = CARTESIAN_POINT ( 'NONE',  ( 4.137386974973957798, 2.164948009018049735, -8.949701815236322133 ) ) ;
#4649 = CARTESIAN_POINT ( 'NONE',  ( -1.851523544721287884, 0.000000000000000000, 2.548403532281085848 ) ) ;
#4650 = ORIENTED_EDGE ( 'NONE', *, *, #4181, .F. ) ;
#4651 = EDGE_CURVE ( 'NONE', #5886, #770, #7181, .T. ) ;
#4652 = DIRECTION ( 'NONE',  ( 0.000000000000000000, 0.000000000000000000, 1.000000000000000000 ) ) ;
#4653 = EDGE_LOOP ( 'NONE', ( #4043, #3191, #4949, #5679 ) ) ;
#4654 = CIRCLE ( 'NONE', #4890, 3.499999999999972022 ) ;
#4655 = MECHANICAL_DESIGN_GEOMETRIC_PRESENTATION_REPRESENTATION (  '', ( #6392 ), #5699 ) ;
#4656 = CARTESIAN_POINT ( 'NONE',  ( 0.9504006689409558728, 2.051424475504903810, 9.955047142828190587 ) ) ;
#4657 = DIRECTION ( 'NONE',  ( -0.2362740077746010581, 0.000000000000000000, -0.9716864685947456115 ) ) ;
#4658 = CARTESIAN_POINT ( 'NONE',  ( -8.882927013875264066, 1.975531022569855244, -4.594171655381736663 ) ) ;
#4659 = ADVANCED_FACE ( 'NONE', ( #6429 ), #3140, .T. ) ;
#4660 = CARTESIAN_POINT ( 'NONE',  ( -6.205888851312631793, 2.500000000000000000, -7.841361078610879609 ) ) ;
#4661 = CIRCLE ( 'NONE', #3631, 10.00000000000000000 ) ;
#4662 = ORIENTED_EDGE ( 'NONE', *, *, #442, .T. ) ;
#4663 = CYLINDRICAL_SURFACE ( 'NONE', #4741, 0.4999999999999995559 ) ;
#4664 = EDGE_LOOP ( 'NONE', ( #6496, #4718, #6107, #5053 ) ) ;
#4665 = EDGE_CURVE ( 'NONE', #262, #2606, #781, .T. ) ;
#4666 = CARTESIAN_POINT ( 'NONE',  ( -9.138395661352966215, 9.500000000000000000, -2.596097982851432562 ) ) ;
#4667 = ORIENTED_EDGE ( 'NONE', *, *, #4487, .T. ) ;
#4668 = CARTESIAN_POINT ( 'NONE',  ( 4.626103053009367194, 9.500000000000000000, 8.297540029607414880 ) ) ;
#4669 = CARTESIAN_POINT ( 'NONE',  ( 0.000000000000000000, 9.500000000000000000, 0.000000000000000000 ) ) ;
#4670 = DIRECTION ( 'NONE',  ( 0.000000000000000000, 0.000000000000000000, 1.000000000000000000 ) ) ;
#4671 = CARTESIAN_POINT ( 'NONE',  ( 8.297540029607301193, 9.500000000000000000, 4.626103053009571475 ) ) ;
#4672 = ORIENTED_EDGE ( 'NONE', *, *, #3377, .F. ) ;
#4673 = ORIENTED_EDGE ( 'NONE', *, *, #670, .F. ) ;
#4674 = CARTESIAN_POINT ( 'NONE',  ( 0.4961482701702076836, 2.183694385698055740, 9.857563765852084714 ) ) ;
#4675 = CARTESIAN_POINT ( 'NONE',  ( 9.229789989832722696, 2.147145517465061548, -3.451496558928023983 ) ) ;
#4676 = DIRECTION ( 'NONE',  ( 0.000000000000000000, -1.000000000000000000, 0.000000000000000000 ) ) ;
#4677 = DIRECTION ( 'NONE',  ( 0.000000000000000000, 0.000000000000000000, 1.000000000000000000 ) ) ;
#4678 = ORIENTED_EDGE ( 'NONE', *, *, #5836, .T. ) ;
#4679 = LINE ( 'NONE', #6348, #5687 ) ;
#4680 = ORIENTED_EDGE ( 'NONE', *, *, #129, .F. ) ;
#4681 = DIRECTION ( 'NONE',  ( 0.000000000000000000, -1.000000000000000000, 0.000000000000000000 ) ) ;
#4682 = CARTESIAN_POINT ( 'NONE',  ( 7.611508121969512430, 2.500000000000000444, 6.368549229223070540 ) ) ;
#4683 = CARTESIAN_POINT ( 'NONE',  ( 3.017827522871558976, 2.359505379727361518, -9.445648519300585022 ) ) ;
#4684 = DIRECTION ( 'NONE',  ( -0.000000000000000000, -1.000000000000000000, -0.000000000000000000 ) ) ;
#4685 = ORIENTED_EDGE ( 'NONE', *, *, #3807, .T. ) ;
#4686 = CARTESIAN_POINT ( 'NONE',  ( -8.796570338259705579, 10.00001200000000168, -4.594978287206068934 ) ) ;
#4687 = EDGE_LOOP ( 'NONE', ( #5029, #3225, #6897 ) ) ;
#4688 = CARTESIAN_POINT ( 'NONE',  ( -4.282192586373890109, 1.827040335878407751, 9.037590233239516380 ) ) ;
#4689 = DIRECTION ( 'NONE',  ( 0.000000000000000000, 0.000000000000000000, 1.000000000000000000 ) ) ;
#4690 = FACE_OUTER_BOUND ( 'NONE', #6787, .T. ) ;
#4691 = DIRECTION ( 'NONE',  ( -0.000000000000000000, -1.000000000000000000, -0.000000000000000000 ) ) ;
#4692 = ORIENTED_EDGE ( 'NONE', *, *, #3953, .F. ) ;
#4693 = LINE ( 'NONE', #6904, #2434 ) ;
#4694 = ORIENTED_EDGE ( 'NONE', *, *, #1824, .F. ) ;
#4695 = DIRECTION ( 'NONE',  ( 0.000000000000000000, 0.000000000000000000, 1.000000000000000000 ) ) ;
#4696 = ORIENTED_EDGE ( 'NONE', *, *, #6649, .T. ) ;
#4697 = CARTESIAN_POINT ( 'NONE',  ( 9.138852710299582682, 1.779716818039978943, -4.061684449357098714 ) ) ;
#4698 = EDGE_CURVE ( 'NONE', #6755, #6563, #5518, .T. ) ;
#4699 = CARTESIAN_POINT ( 'NONE',  ( 4.282192586373954057, 1.827040335878404420, -9.037590233239484405 ) ) ;
#4701 = ADVANCED_FACE ( 'NONE', ( #6535 ), #119, .T. ) ;
#4700 = DIRECTION ( 'NONE',  ( -0.000000000000000000, -1.000000000000000000, -0.000000000000000000 ) ) ;
#4702 = ORIENTED_EDGE ( 'NONE', *, *, #2839, .T. ) ;
#4703 = ORIENTED_EDGE ( 'NONE', *, *, #659, .F. ) ;
#4704 = CIRCLE ( 'NONE', #5052, 9.500000000000000000 ) ;
#4705 = EDGE_CURVE ( 'NONE', #1684, #482, #3368, .T. ) ;
#4706 = CARTESIAN_POINT ( 'NONE',  ( 0.1029434636768863653, 2.134320569920972410, 9.840975183068751519 ) ) ;
#4707 = SPHERICAL_SURFACE ( 'NONE', #4128, 0.5000000000000000000 ) ;
#4709 = ADVANCED_FACE ( 'NONE', ( #1542 ), #6501, .T. ) ;
#4708 = CARTESIAN_POINT ( 'NONE',  ( -8.806444720498255663, 2.378544800988977581, 4.565129932703102078 ) ) ;
#4710 = FACE_OUTER_BOUND ( 'NONE', #446, .T. ) ;
#4711 = ORIENTED_EDGE ( 'NONE', *, *, #3399, .T. ) ;
#4712 = CARTESIAN_POINT ( 'NONE',  ( -3.362573923337184745, 1.827040335878405086, -9.418508755680731426 ) ) ;
#4713 = CARTESIAN_POINT ( 'NONE',  ( 3.932605539365118030, 1.986052934431205008, 9.194972181005612200 ) ) ;
#4714 = FACE_OUTER_BOUND ( 'NONE', #748, .T. ) ;
#4715 = DIRECTION ( 'NONE',  ( -0.2732734718790788553, 0.000000000000000000, -0.9619363854055810181 ) ) ;
#4716 = ORIENTED_EDGE ( 'NONE', *, *, #991, .T. ) ;
#4717 = PLANE ( 'NONE',  #3956 ) ;
#4718 = ORIENTED_EDGE ( 'NONE', *, *, #5836, .F. ) ;
#4719 = CARTESIAN_POINT ( 'NONE',  ( -4.869582161062561809, 2.500000000000000444, -8.734252662744609097 ) ) ;
#4720 = DIRECTION ( 'NONE',  ( -0.000000000000000000, -1.000000000000000000, -0.000000000000000000 ) ) ;
#4721 = DIRECTION ( 'NONE',  ( 0.000000000000000000, 0.000000000000000000, 1.000000000000000000 ) ) ;
#4722 = CARTESIAN_POINT ( 'NONE',  ( -6.709852692988546252, 1.827366529454476973, 7.415746258787051737 ) ) ;
#4723 = VERTEX_POINT ( 'NONE', #2124 ) ;
#4724 = DIRECTION ( 'NONE',  ( 0.000000000000000000, 1.000000000000000000, 0.000000000000000000 ) ) ;
#4725 = ORIENTED_EDGE ( 'NONE', *, *, #2762, .T. ) ;
#4726 = LINE ( 'NONE', #6942, #5810 ) ;
#4727 = AXIS2_PLACEMENT_3D ( 'NONE', #5618, #1628, #5072 ) ;
#4728 = ORIENTED_EDGE ( 'NONE', *, *, #2542, .F. ) ;
#4729 = CARTESIAN_POINT ( 'NONE',  ( 8.925099472239368836, 2.127336489724428681, -4.512470218131473310 ) ) ;
#4730 = CIRCLE ( 'NONE', #1033, 0.4999999999999995559 ) ;
#4731 = DIRECTION ( 'NONE',  ( 0.000000000000000000, 0.000000000000000000, 1.000000000000000000 ) ) ;
#4732 = CARTESIAN_POINT ( 'NONE',  ( -0.8789046617972521291, 9.500000000000000000, -9.885393354405108468 ) ) ;
#4733 = DIRECTION ( 'NONE',  ( -0.9716864685947457225, 0.000000000000000000, 0.2362740077746008915 ) ) ;
#4734 = ORIENTED_EDGE ( 'NONE', *, *, #2111, .F. ) ;
#4735 = ORIENTED_EDGE ( 'NONE', *, *, #4046, .T. ) ;
#4736 = EDGE_CURVE ( 'NONE', #5193, #1793, #476, .T. ) ;
#4737 = TOROIDAL_SURFACE ( 'NONE', #4854, 2.500000000000000000, 0.5000000000000000000 ) ;
#4738 = CARTESIAN_POINT ( 'NONE',  ( -0.7528369329705449919, 2.127032157860327732, 9.972609810340804515 ) ) ;
#4739 = ADVANCED_FACE ( 'NONE', ( #5963 ), #2766, .T. ) ;
#4740 =( LENGTH_UNIT ( ) NAMED_UNIT ( * ) SI_UNIT ( .MILLI., .METRE. ) );
#4741 = AXIS2_PLACEMENT_3D ( 'NONE', #4622, #5167, #5751 ) ;
#4742 = DIRECTION ( 'NONE',  ( -0.8734252662744507179, 0.000000000000000000, -0.4869582161062741554 ) ) ;
#4743 = CARTESIAN_POINT ( 'NONE',  ( -9.997605050805098870, 1.779448407880939165, -0.2512047349437178112 ) ) ;
#4744 = FACE_OUTER_BOUND ( 'NONE', #4444, .T. ) ;
#4745 = EDGE_CURVE ( 'NONE', #2983, #960, #3209, .T. ) ;
#4746 = ORIENTED_EDGE ( 'NONE', *, *, #3299, .T. ) ;
#4747 = VECTOR ( 'NONE', #259, 1000.000000000000000 ) ;
#4748 = CARTESIAN_POINT ( 'NONE',  ( -4.283506727573469064, 1.827366529454477417, -9.036978801079078139 ) ) ;
#4749 = B_SPLINE_CURVE_WITH_KNOTS ( 'NONE', 3,
 ( #2152, #3309, #4356, #1602, #3814, #6024, #1062, #3886, #3854, #7147, #2185, #6062, #4391, #2223, #6099, #1133, #5555, #6673 ),
 .UNSPECIFIED., .F., .F.,
 ( 4, 2, 2, 2, 2, 2, 2, 2, 4 ),
 ( 8.673617379884035472E-19, 0.0003765522689820493575, 0.0007531045379640978477, 0.001129656806946146555, 0.001506209075928195478, 0.001882761344910244402, 0.002259313613892293109, 0.002635865882874342033, 0.003012418151856390957 ),
 .UNSPECIFIED. ) ;
#4750 = CARTESIAN_POINT ( 'NONE',  ( 3.945484083995196123, 1.768641139221995839, 9.189634587520499664 ) ) ;
#4751 = CARTESIAN_POINT ( 'NONE',  ( 0.4397714266284741269, 0.000000000000000000, 2.776607510986326410 ) ) ;
#4752 = AXIS2_PLACEMENT_3D ( 'NONE', #6063, #6025, #7149 ) ;
#4753 = CARTESIAN_POINT ( 'NONE',  ( 7.079576935034976870, 2.134286657244864216, -6.837644484988220306 ) ) ;
#4754 = ORIENTED_EDGE ( 'NONE', *, *, #1601, .F. ) ;
#4755 = FACE_OUTER_BOUND ( 'NONE', #3998, .T. ) ;
#4756 = VERTEX_POINT ( 'NONE', #6565 ) ;
#4757 = CARTESIAN_POINT ( 'NONE',  ( -4.290897008129017642, 1.829430187479135217, -9.033499448847537749 ) ) ;
#4758 = VECTOR ( 'NONE', #6287, 1000.000000000000114 ) ;
#4759 = DIRECTION ( 'NONE',  ( 1.154631945610162802E-14, 0.000000000000000000, 1.000000000000000000 ) ) ;
#4760 = AXIS2_PLACEMENT_3D ( 'NONE', #3429, #3316, #1182 ) ;
#4761 = FACE_OUTER_BOUND ( 'NONE', #179, .T. ) ;
#4762 = CARTESIAN_POINT ( 'NONE',  ( -9.840961641373079161, 2.134286657244864216, -0.1710720760170856003 ) ) ;
#4763 = LINE ( 'NONE', #3760, #4059 ) ;
#4764 = ORIENTED_EDGE ( 'NONE', *, *, #3523, .T. ) ;
#4765 = AXIS2_PLACEMENT_3D ( 'NONE', #4668, #5509, #3914 ) ;
#4767 = CARTESIAN_POINT ( 'NONE',  ( -4.036214224533145156, 1.992783053389875381, 9.149965727261291093 ) ) ;
#4766 = CIRCLE ( 'NONE', #5004, 0.4999999999999998890 ) ;
#4768 = ORIENTED_EDGE ( 'NONE', *, *, #3299, .F. ) ;
#4769 = CARTESIAN_POINT ( 'NONE',  ( 2.596097982851460095, 9.500000000000000000, -9.138395661352959110 ) ) ;
#4770 = CARTESIAN_POINT ( 'NONE',  ( 8.824244412177462138, 2.322848788353893301, -4.707037444963745543 ) ) ;
#4771 = CIRCLE ( 'NONE', #483, 0.4999999999999997224 ) ;
#4772 = CARTESIAN_POINT ( 'NONE',  ( 9.529230687413235756, 2.181508697813395070, 3.035051535613049190 ) ) ;
#4773 = CARTESIAN_POINT ( 'NONE',  ( 1.098630827246563912, 9.500000000000000000, 9.436260398347616984 ) ) ;
#4774 = DIRECTION ( 'NONE',  ( 0.000000000000000000, -1.000000000000000000, 0.000000000000000000 ) ) ;
#4775 = ORIENTED_EDGE ( 'NONE', *, *, #7048, .T. ) ;
#4776 = ORIENTED_EDGE ( 'NONE', *, *, #1932, .T. ) ;
#4777 = CIRCLE ( 'NONE', #3968, 2.000000000000000000 ) ;
#4778 = CARTESIAN_POINT ( 'NONE',  ( -7.230240655841340569, 1.992695579455236787, -6.909176054700053804 ) ) ;
#4779 = CARTESIAN_POINT ( 'NONE',  ( 8.827500525282490074, 2.314666110110168429, -4.501049684337750989 ) ) ;
#4780 = EDGE_CURVE ( 'NONE', #4139, #5216, #1571, .T. ) ;
#4781 = CARTESIAN_POINT ( 'NONE',  ( -7.841361078610813884, 10.00000000000000000, -6.205888851312714394 ) ) ;
#4782 = CARTESIAN_POINT ( 'NONE',  ( -4.594978287206035183, 10.00001200000000168, 8.796570338259719790 ) ) ;
#4783 = VERTEX_POINT ( 'NONE', #7041 ) ;
#4784 = CARTESIAN_POINT ( 'NONE',  ( 9.184850993605147944E-16, 10.00000000000000000, -7.500000000000000000 ) ) ;
#4785 = CARTESIAN_POINT ( 'NONE',  ( 4.603674570840286862, 1.982312691401836302, 8.878012131685478536 ) ) ;
#4786 = EDGE_CURVE ( 'NONE', #6655, #2549, #4868, .T. ) ;
#4787 = CARTESIAN_POINT ( 'NONE',  ( 3.512295103721539746, 2.144391952824046044, -9.201202289774354171 ) ) ;
#4788 = DIRECTION ( 'NONE',  ( 0.000000000000000000, 0.000000000000000000, 1.000000000000000000 ) ) ;
#4789 = ORIENTED_EDGE ( 'NONE', *, *, #1829, .T. ) ;
#4790 = CARTESIAN_POINT ( 'NONE',  ( -4.470479223992169793, 2.500000000000000444, -10.79269157286923075 ) ) ;
#4791 = EDGE_LOOP ( 'NONE', ( #3325, #4734, #449, #6156 ) ) ;
#4792 = ADVANCED_FACE ( 'NONE', ( #5484 ), #2680, .T. ) ;
#4793 = CARTESIAN_POINT ( 'NONE',  ( 5.895594408747102833, 9.500000000000000000, -7.449293024680254227 ) ) ;
#4794 = DIRECTION ( 'NONE',  ( -0.000000000000000000, -1.000000000000000000, -0.000000000000000000 ) ) ;
#4795 = CARTESIAN_POINT ( 'NONE',  ( -1.987831504145225026, 8.000000000000000000, -1.987831504145221029 ) ) ;
#4796 = PRODUCT ( 'cap', 'cap', '', ( #3475 ) ) ;
#4797 = EDGE_CURVE ( 'NONE', #1224, #6655, #1992, .T. ) ;
#4798 = CARTESIAN_POINT ( 'NONE',  ( 10.79269157286925029, 2.500000000000000444, -4.470479223992127160 ) ) ;
#4799 = CARTESIAN_POINT ( 'NONE',  ( -5.895594408747051318, 10.00000000000000000, 7.449293024680295972 ) ) ;
#4800 = ADVANCED_FACE ( 'NONE', ( #4903 ), #700, .T. ) ;
#4801 = ORIENTED_EDGE ( 'NONE', *, *, #5553, .T. ) ;
#4802 = CARTESIAN_POINT ( 'NONE',  ( -9.418508755680717215, 1.827040335878402866, 3.362573923337216719 ) ) ;
#4803 = ORIENTED_EDGE ( 'NONE', *, *, #3705, .T. ) ;
#4804 = DIRECTION ( 'NONE',  ( 0.000000000000000000, 1.000000000000000000, 0.000000000000000000 ) ) ;
#4805 = CARTESIAN_POINT ( 'NONE',  ( 9.406354823611808413, 2.279592747210337222, -3.095596099249381616 ) ) ;
#4806 = CIRCLE ( 'NONE', #4819, 7.543744331762958666 ) ;
#4807 = CARTESIAN_POINT ( 'NONE',  ( 9.579266306900908745, 2.410376625841653464, 2.873880099895028462 ) ) ;
#4808 = DIRECTION ( 'NONE',  ( 0.1156453502364806762, 0.000000000000000000, 0.9932905682471175890 ) ) ;
#4809 = VERTEX_POINT ( 'NONE', #3718 ) ;
#4810 = CARTESIAN_POINT ( 'NONE',  ( -0.9593430162965120855, 2.059838893144234628, -9.954167761667832792 ) ) ;
#4811 = ORIENTED_EDGE ( 'NONE', *, *, #396, .F. ) ;
#4812 = B_SPLINE_CURVE_WITH_KNOTS ( 'NONE', 3,
 ( #1860, #2013, #4068, #5297, #322, #5187 ),
 .UNSPECIFIED., .F., .F.,
 ( 4, 2, 4 ),
 ( 0.001821083575539159116, 0.001948737504667290028, 0.002076391433795420939 ),
 .UNSPECIFIED. ) ;
#4813 = EDGE_LOOP ( 'NONE', ( #1010, #205, #292, #6608 ) ) ;
#4814 = AXIS2_PLACEMENT_3D ( 'NONE', #5138, #165, #1771 ) ;
#4815 = CARTESIAN_POINT ( 'NONE',  ( -6.888520213642583379, 1.779849606445611521, -7.250099490762303311 ) ) ;
#4816 = LINE ( 'NONE', #4274, #4310 ) ;
#4817 = CARTESIAN_POINT ( 'NONE',  ( -8.925099472239438114, 2.127336489724431345, 4.512470218131445776 ) ) ;
#4818 = EDGE_LOOP ( 'NONE', ( #3789, #5855, #1034, #723, #2628, #4968, #6726, #4991, #680, #6550, #1709, #1516, #3630, #2082, #1232, #1977, #4907, #631, #910, #4370, #3481, #5214, #2947, #1172, #5247, #5073, #5578, #2799, #1548, #5689, #6426, #6630, #4980, #741, #1989 ) ) ;
#4819 = AXIS2_PLACEMENT_3D ( 'NONE', #2389, #3049, #3626 ) ;
#4820 = AXIS2_PLACEMENT_3D ( 'NONE', #6663, #1201, #1666 ) ;
#4821 = LINE ( 'NONE', #2591, #3148 ) ;
#4822 = CARTESIAN_POINT ( 'NONE',  ( 9.561040643706656184, 2.051666420109251376, 2.931332810158231883 ) ) ;
#4823 = CARTESIAN_POINT ( 'NONE',  ( 0.7805838793071180337, 2.314921835386979154, -9.878046505511253628 ) ) ;
#4824 = CARTESIAN_POINT ( 'NONE',  ( 6.502847312616799158, 2.242561475665996173, -7.455440619228395960 ) ) ;
#4825 = EDGE_LOOP ( 'NONE', ( #1812, #4411, #2410, #5799, #3588 ) ) ;
#4826 = DIRECTION ( 'NONE',  ( -0.9249892435672760760, 0.000000000000000000, -0.3799932884734130156 ) ) ;
#4827 = VERTEX_POINT ( 'NONE', #4393 ) ;
#4828 = EDGE_CURVE ( 'NONE', #1, #4723, #1642, .T. ) ;
#4829 = DIRECTION ( 'NONE',  ( -0.3799932884734116278, 0.000000000000000000, -0.9249892435672766311 ) ) ;
#4830 = CARTESIAN_POINT ( 'NONE',  ( 7.841361025160116682, 2.377026804319488651, 6.205888918849571390 ) ) ;
#4831 = DIRECTION ( 'NONE',  ( 0.000000000000000000, 1.000000000000000000, 0.000000000000000000 ) ) ;
#4832 = ADVANCED_FACE ( 'NONE', ( #7008 ), #3960, .T. ) ;
#4833 = CARTESIAN_POINT ( 'NONE',  ( 0.000000000000000000, 10.00000000000000000, 0.000000000000000000 ) ) ;
#4834 = FACE_OUTER_BOUND ( 'NONE', #1577, .T. ) ;
#4835 = ORIENTED_EDGE ( 'NONE', *, *, #5414, .F. ) ;
#4836 = DIRECTION ( 'NONE',  ( 0.9249892435672766311, 0.000000000000000000, 0.3799932884734116278 ) ) ;
#4837 = ORIENTED_EDGE ( 'NONE', *, *, #5453, .T. ) ;
#4838 = ADVANCED_FACE ( 'NONE', ( #2333 ), #149, .T. ) ;
#4839 = DIRECTION ( 'NONE',  ( 0.000000000000000000, 0.000000000000000000, 1.000000000000000000 ) ) ;
#4840 = CARTESIAN_POINT ( 'NONE',  ( -9.857561987693534533, 2.183709232977798287, -0.4960991014861428905 ) ) ;
#4841 = CARTESIAN_POINT ( 'NONE',  ( 9.172514644783483106, 2.139924804626922583, -3.577627445399044870 ) ) ;
#4842 = DIRECTION ( 'NONE',  ( 0.000000000000000000, 0.000000000000000000, 1.000000000000000000 ) ) ;
#4843 = EDGE_CURVE ( 'NONE', #5888, #4827, #6276, .T. ) ;
#4844 = VERTEX_POINT ( 'NONE', #1786 ) ;
#4845 = VECTOR ( 'NONE', #2320, 1000.000000000000227 ) ;
#4846 = CARTESIAN_POINT ( 'NONE',  ( 7.079631448005746286, 2.134291405717182233, 6.837592653503893558 ) ) ;
#4847 = ORIENTED_EDGE ( 'NONE', *, *, #5065, .F. ) ;
#4848 = ORIENTED_EDGE ( 'NONE', *, *, #6557, .T. ) ;
#4849 = CIRCLE ( 'NONE', #1725, 0.5000000000000004441 ) ;
#4850 = AXIS2_PLACEMENT_3D ( 'NONE', #6720, #1762, #5458 ) ;
#4851 = CARTESIAN_POINT ( 'NONE',  ( -6.704975473565736976, 1.829075679051555658, -7.420172320006874322 ) ) ;
#4852 = CARTESIAN_POINT ( 'NONE',  ( -6.205888918849888469, 2.377026804319511299, 7.841361025159865328 ) ) ;
#4853 = DIRECTION ( 'NONE',  ( -1.734723475976807094E-15, 0.000000000000000000, 1.000000000000000000 ) ) ;
#4854 = AXIS2_PLACEMENT_3D ( 'NONE', #720, #3983, #2830 ) ;
#4855 = LINE ( 'NONE', #3805, #5534 ) ;
#4856 = CARTESIAN_POINT ( 'NONE',  ( 4.626103053009366306, 2.500000000000000444, 8.297540029607414880 ) ) ;
#4857 = AXIS2_PLACEMENT_3D ( 'NONE', #892, #5246, #336 ) ;
#4858 = CARTESIAN_POINT ( 'NONE',  ( 9.458796236486602282, 1.864094386502769707, 3.247154115396756247 ) ) ;
#4859 = DIRECTION ( 'NONE',  ( -1.000000000000000000, 0.000000000000000000, 0.000000000000000000 ) ) ;
#4860 = DIRECTION ( 'NONE',  ( 0.000000000000000000, -1.000000000000000000, 0.000000000000000000 ) ) ;
#4861 = ORIENTED_EDGE ( 'NONE', *, *, #1679, .T. ) ;
#4862 = AXIS2_PLACEMENT_3D ( 'NONE', #5384, #7046, #6505 ) ;
#4863 = ORIENTED_EDGE ( 'NONE', *, *, #496, .T. ) ;
#4864 = CARTESIAN_POINT ( 'NONE',  ( -4.565129932703177573, 2.378544800988978913, -8.806444720498273426 ) ) ;
#4865 = CARTESIAN_POINT ( 'NONE',  ( 9.436260398347629419, 10.00001200000000168, -1.098630827246465325 ) ) ;
#4866 = DIRECTION ( 'NONE',  ( 0.000000000000000000, 0.000000000000000000, 1.000000000000000000 ) ) ;
#4867 = B_SPLINE_CURVE_WITH_KNOTS ( 'NONE', 3,
 ( #867, #3007, #753, #307, #6878, #4120, #1922, #6946, #6338, #4154, #275, #4699, #6371, #4588, #5683, #5139, #1995, #6799 ),
 .UNSPECIFIED., .F., .F.,
 ( 4, 2, 2, 2, 2, 2, 2, 2, 4 ),
 ( 8.673617379884034509E-19, 0.0003765522689820497370, 0.0007531045379640986066, 0.001129656806946146771, 0.001506209075928195045, 0.001882761344910244619, 0.002259313613892293977, 0.002635865882874343334, 0.003012418151856393125 ),
 .UNSPECIFIED. ) ;
#4868 = CIRCLE ( 'NONE', #1747, 2.000000000000000000 ) ;
#4869 = AXIS2_PLACEMENT_3D ( 'NONE', #5753, #6368, #5248 ) ;
#4870 = FACE_OUTER_BOUND ( 'NONE', #5245, .T. ) ;
#4871 = EDGE_CURVE ( 'NONE', #2588, #1759, #6727, .T. ) ;
#4872 = CARTESIAN_POINT ( 'NONE',  ( -4.470479223992169793, 10.00001200000000168, -10.79269157286923075 ) ) ;
#4873 = ORIENTED_EDGE ( 'NONE', *, *, #7102, .T. ) ;
#4874 = CARTESIAN_POINT ( 'NONE',  ( -9.560831454120858552, 2.051189550670909689, 2.932010965673084613 ) ) ;
#4875 = UNCERTAINTY_MEASURE_WITH_UNIT (LENGTH_MEASURE( 1.000000000000000082E-05 ), #2387, 'distance_accuracy_value', 'NONE');
#4876 = VERTEX_POINT ( 'NONE', #6137 ) ;
#4877 = AXIS2_PLACEMENT_3D ( 'NONE', #397, #6092, #4964 ) ;
#4878 = CIRCLE ( 'NONE', #5226, 0.4999999999999998335 ) ;
#4879 = DIRECTION ( 'NONE',  ( 0.000000000000000000, 1.000000000000000000, 0.000000000000000000 ) ) ;
#4880 = EDGE_CURVE ( 'NONE', #3620, #6905, #1175, .T. ) ;
#4881 = CARTESIAN_POINT ( 'NONE',  ( 1.830433831214382412, 8.000000000000000000, 1.554148821017840687 ) ) ;
#4882 = CARTESIAN_POINT ( 'NONE',  ( 1.554148821017837800, 0.000000000000000000, -1.830433831214387297 ) ) ;
#4883 = DIRECTION ( 'NONE',  ( -0.6472324890273797315, 0.000000000000000000, 0.7622926637108760062 ) ) ;
#4884 = AXIS2_PLACEMENT_3D ( 'NONE', #782, #6296, #1329 ) ;
#4885 = EDGE_CURVE ( 'NONE', #756, #1397, #77, .T. ) ;
#4886 = VECTOR ( 'NONE', #4214, 1000.000000000000000 ) ;
#4887 = CARTESIAN_POINT ( 'NONE',  ( -0.6290766711811300871, 1.867388762198088914, -9.980840721418797301 ) ) ;
#4888 = ORIENTED_EDGE ( 'NONE', *, *, #5553, .F. ) ;
#4889 = EDGE_LOOP ( 'NONE', ( #6303, #2623, #5523 ) ) ;
#4890 = AXIS2_PLACEMENT_3D ( 'NONE', #1065, #409, #4866 ) ;
#4891 = CARTESIAN_POINT ( 'NONE',  ( -7.104936358681953834, 2.139858412045521519, -6.815700865711528778 ) ) ;
#4892 = DIRECTION ( 'NONE',  ( 0.07555769727474684339, 0.000000000000000000, 0.9971414314842893534 ) ) ;
#4893 = EDGE_CURVE ( 'NONE', #3642, #4372, #6925, .T. ) ;
#4894 = CARTESIAN_POINT ( 'NONE',  ( -8.756818408900279849, 2.257089604130861016, 4.829485086827505214 ) ) ;
#4895 = AXIS2_PLACEMENT_3D ( 'NONE', #2834, #104, #5590 ) ;
#4896 = DIRECTION ( 'NONE',  ( 1.734723475976806700E-15, 0.000000000000000000, 1.000000000000000000 ) ) ;
#4897 = DIRECTION ( 'NONE',  ( 0.000000000000000000, 0.000000000000000000, 1.000000000000000000 ) ) ;
#4898 = DIRECTION ( 'NONE',  ( 0.000000000000000000, 1.000000000000000000, 0.000000000000000000 ) ) ;
#4899 = CARTESIAN_POINT ( 'NONE',  ( 6.351233556578203654, 2.322848788353943927, -7.725627693846785604 ) ) ;
#4900 = CARTESIAN_POINT ( 'NONE',  ( -8.260368511126690905, 9.500000000000000000, -8.260368511126776170 ) ) ;
#4901 = ORIENTED_EDGE ( 'NONE', *, *, #5599, .F. ) ;
#4902 = CARTESIAN_POINT ( 'NONE',  ( -3.589669876561350392, 1.779849606445623955, -9.334341087458840391 ) ) ;
#4903 = FACE_OUTER_BOUND ( 'NONE', #835, .T. ) ;
#4904 = CARTESIAN_POINT ( 'NONE',  ( 9.619363854055793084, 2.500000000000000000, -2.732734718790841288 ) ) ;
#4905 = SPHERICAL_SURFACE ( 'NONE', #4615, 0.5000000000000000000 ) ;
#4906 = FACE_OUTER_BOUND ( 'NONE', #3184, .T. ) ;
#4907 = ORIENTED_EDGE ( 'NONE', *, *, #3650, .T. ) ;
#4908 = DIRECTION ( 'NONE',  ( 0.9459096409518750193, 5.627966748511848428E-16, 0.3244301945785795227 ) ) ;
#4909 = ORIENTED_EDGE ( 'NONE', *, *, #1737, .F. ) ;
#4910 = LINE ( 'NONE', #7122, #1727 ) ;
#4911 = FACE_OUTER_BOUND ( 'NONE', #4825, .T. ) ;
#4912 = CARTESIAN_POINT ( 'NONE',  ( 8.297540029607397116, 9.500000000000000000, -4.626103053009394728 ) ) ;
#4913 = DIRECTION ( 'NONE',  ( 0.3244301945785588170, -0.000000000000000000, 0.9459096409518821247 ) ) ;
#4914 = CARTESIAN_POINT ( 'NONE',  ( 7.599145027578435574, 2.413741176464118343, 6.379225400237444887 ) ) ;
#4915 = ORIENTED_EDGE ( 'NONE', *, *, #3159, .F. ) ;
#4916 = LINE ( 'NONE', #2204, #6148 ) ;
#4917 = VERTEX_POINT ( 'NONE', #5772 ) ;
#4918 = EDGE_CURVE ( 'NONE', #2352, #6047, #3495, .T. ) ;
#4919 = ADVANCED_FACE ( 'NONE', ( #1389 ), #6318, .T. ) ;
#4920 = CARTESIAN_POINT ( 'NONE',  ( -8.260368511126747748, 2.500000000000000444, 8.260368511126719326 ) ) ;
#4921 = CARTESIAN_POINT ( 'NONE',  ( -6.888859623417146416, 1.779716818039897674, 7.249794653336901540 ) ) ;
#4922 = CARTESIAN_POINT ( 'NONE',  ( -9.469254843656232268, 2.500000000000000444, 2.970974231079533734 ) ) ;
#4923 = EDGE_CURVE ( 'NONE', #5426, #3620, #5575, .T. ) ;
#4924 = FACE_OUTER_BOUND ( 'NONE', #3438, .T. ) ;
#4925 = DIRECTION ( 'NONE',  ( -0.000000000000000000, 1.000000000000000000, -0.000000000000000000 ) ) ;
#4926 = EDGE_CURVE ( 'NONE', #706, #509, #709, .T. ) ;
#4927 = CARTESIAN_POINT ( 'NONE',  ( -2.970974231079500427, 10.00001200000000168, -9.469254843656241150 ) ) ;
#4928 = ADVANCED_FACE ( 'NONE', ( #6351 ), #5265, .F. ) ;
#4929 = DIRECTION ( 'NONE',  ( 1.000000000000000000, -1.734723475976807094E-15, 0.000000000000000000 ) ) ;
#4930 = DIRECTION ( 'NONE',  ( 0.000000000000000000, 0.000000000000000000, 1.000000000000000000 ) ) ;
#4931 = ORIENTED_EDGE ( 'NONE', *, *, #1835, .F. ) ;
#4932 = CARTESIAN_POINT ( 'NONE',  ( -2.732734718790946093, 2.500000000000000444, 9.619363854055764662 ) ) ;
#4933 = CIRCLE ( 'NONE', #6082, 0.5000000000000001110 ) ;
#4934 = VERTEX_POINT ( 'NONE', #3061 ) ;
#4935 = AXIS2_PLACEMENT_3D ( 'NONE', #7081, #5824, #4216 ) ;
#4936 = DIRECTION ( 'NONE',  ( 0.000000000000000000, 1.000000000000000000, 0.000000000000000000 ) ) ;
#4937 = CARTESIAN_POINT ( 'NONE',  ( 11.68192517863507618, 9.500000000000000000, 1.224126288112367485E-13 ) ) ;
#4938 = LINE ( 'NONE', #3210, #1765 ) ;
#4939 = CARTESIAN_POINT ( 'NONE',  ( 9.563576536480377754, 2.059838893144231964, 2.922977707959137916 ) ) ;
#4940 = DIRECTION ( 'NONE',  ( 0.000000000000000000, 0.000000000000000000, 1.000000000000000000 ) ) ;
#4941 = CARTESIAN_POINT ( 'NONE',  ( 9.932905692431633682, 2.377026804319490427, -1.156453416813346680 ) ) ;
#4942 = ORIENTED_EDGE ( 'NONE', *, *, #596, .T. ) ;
#4943 = LINE ( 'NONE', #7120, #2915 ) ;
#4944 = ORIENTED_EDGE ( 'NONE', *, *, #4090, .F. ) ;
#4945 = CARTESIAN_POINT ( 'NONE',  ( 2.970974231079631878, 2.500000000000000444, -9.469254843656200293 ) ) ;
#4946 = CARTESIAN_POINT ( 'NONE',  ( 6.205888851312578502, 2.500000000000000000, 7.841361078610921354 ) ) ;
#4947 = CARTESIAN_POINT ( 'NONE',  ( 9.885393354405099586, 10.00001200000000168, 0.8789046617973562681 ) ) ;
#4948 = CARTESIAN_POINT ( 'NONE',  ( 1.830433831214388185, 8.000000000000000000, -1.554148821017838911 ) ) ;
#4949 = ORIENTED_EDGE ( 'NONE', *, *, #3900, .F. ) ;
#4950 = CARTESIAN_POINT ( 'NONE',  ( -1.156453502364808594, 2.500000000000000444, -9.932905682471176334 ) ) ;
#4951 = ORIENTED_EDGE ( 'NONE', *, *, #2542, .T. ) ;
#4952 = CARTESIAN_POINT ( 'NONE',  ( 9.026396591461196550, 2.134286657244863772, 3.924022968310301618 ) ) ;
#4953 = EDGE_LOOP ( 'NONE', ( #2561, #2135, #3912 ) ) ;
#4954 = DIRECTION ( 'NONE',  ( -0.000000000000000000, 1.000000000000000000, 0.000000000000000000 ) ) ;
#4955 = AXIS2_PLACEMENT_3D ( 'NONE', #7070, #3336, #2175 ) ;
#4956 = DIRECTION ( 'NONE',  ( -0.8982659121149859649, 0.000000000000000000, 0.4394523308986227894 ) ) ;
#4957 = B_SPLINE_CURVE_WITH_KNOTS ( 'NONE', 3,
 ( #1237, #5116, #1670, #2362, #1128, #1809, #1273, #3485, #4422, #6633, #3881, #6093, #3339, #6414, #2003, #1451, #1899, #3524 ),
 .UNSPECIFIED., .F., .F.,
 ( 4, 2, 2, 2, 2, 2, 2, 2, 4 ),
 ( 0.000000000000000000, 0.0001297744646122152182, 0.0002595489292244304363, 0.0005190978584488584874, 0.001038195716897715023, 0.001557293575346571342, 0.001816842504570999502, 0.001946616969183214340, 0.002076391433795429179 ),
 .UNSPECIFIED. ) ;
#4958 = CARTESIAN_POINT ( 'NONE',  ( -9.619363842115276952, 2.376055744299683248, 2.732734760822062015 ) ) ;
#4959 = CYLINDRICAL_SURFACE ( 'NONE', #1837, 0.5000000000000000000 ) ;
#4960 = EDGE_CURVE ( 'NONE', #6563, #620, #3086, .T. ) ;
#4961 = VECTOR ( 'NONE', #276, 1000.000000000000114 ) ;
#4962 = CARTESIAN_POINT ( 'NONE',  ( 0.1814307967061984106, 8.000000000000000000, -2.394357833393298662 ) ) ;
#4963 = EDGE_CURVE ( 'NONE', #5216, #2386, #2107, .T. ) ;
#4964 = DIRECTION ( 'NONE',  ( 0.000000000000000000, 0.000000000000000000, 1.000000000000000000 ) ) ;
#4965 = CARTESIAN_POINT ( 'NONE',  ( 1.851523544721292769, 0.000000000000000000, 2.548403532281084960 ) ) ;
#4966 = CIRCLE ( 'NONE', #1147, 9.500000000000000000 ) ;
#4967 = DIRECTION ( 'NONE',  ( -0.000000000000000000, -1.000000000000000000, -0.000000000000000000 ) ) ;
#4968 = ORIENTED_EDGE ( 'NONE', *, *, #713, .T. ) ;
#4969 = EDGE_CURVE ( 'NONE', #1224, #2549, #4812, .T. ) ;
#4970 = DIRECTION ( 'NONE',  ( -0.07555769727474784259, 0.000000000000000000, 0.9971414314842893534 ) ) ;
#4971 = ORIENTED_EDGE ( 'NONE', *, *, #3906, .T. ) ;
#4972 = CARTESIAN_POINT ( 'NONE',  ( -2.777795937255629788, 2.255681435097350640, -9.606750064360227270 ) ) ;
#4973 = AXIS2_PLACEMENT_3D ( 'NONE', #2284, #1699, #31 ) ;
#4974 = CARTESIAN_POINT ( 'NONE',  ( 7.717017477650908397, 2.059838893144231520, 6.360301573036810652 ) ) ;
#4975 = LINE ( 'NONE', #3856, #138 ) ;
#4976 = CARTESIAN_POINT ( 'NONE',  ( 9.172361082845643665, 2.139858412045564151, 3.577945097074485492 ) ) ;
#4977 = DIRECTION ( 'NONE',  ( 0.000000000000000000, 1.000000000000000000, 0.000000000000000000 ) ) ;
#4978 = AXIS2_PLACEMENT_3D ( 'NONE', #6872, #6794, #1988 ) ;
#4979 = CARTESIAN_POINT ( 'NONE',  ( 9.999986698273104935, 1.768641139221981406, -0.1284310849189124470 ) ) ;
#4980 = ORIENTED_EDGE ( 'NONE', *, *, #6958, .T. ) ;
#4981 = CARTESIAN_POINT ( 'NONE',  ( -2.221104420305847427, 8.000000000000000000, 0.9124482025973577048 ) ) ;
#4982 = VERTEX_POINT ( 'NONE', #2949 ) ;
#4983 = EDGE_CURVE ( 'NONE', #1757, #4180, #3033, .T. ) ;
#4984 = CARTESIAN_POINT ( 'NONE',  ( 4.564612839430777669, 2.377840714399337863, -8.806614869402640267 ) ) ;
#4985 = VECTOR ( 'NONE', #230, 1000.000000000000000 ) ;
#4986 = CARTESIAN_POINT ( 'NONE',  ( 6.619964632136733584, 1.863989508453882671, 7.495923812460121738 ) ) ;
#4987 = CIRCLE ( 'NONE', #232, 9.500000000000000000 ) ;
#4988 = LINE ( 'NONE', #3794, #1528 ) ;
#4989 = PLANE ( 'NONE',  #4383 ) ;
#4990 = CARTESIAN_POINT ( 'NONE',  ( -4.470479223992246176, 10.00001200000000168, 8.792691572869204109 ) ) ;
#4991 = ORIENTED_EDGE ( 'NONE', *, *, #7054, .T. ) ;
#4992 = AXIS2_PLACEMENT_3D ( 'NONE', #3778, #4380, #5981 ) ;
#4994 = AXIS2_PLACEMENT_3D ( 'NONE', #2891, #5098, #1195 ) ;
#4993 = DIRECTION ( 'NONE',  ( 0.000000000000000000, 1.000000000000000000, 0.000000000000000000 ) ) ;
#4995 = EDGE_LOOP ( 'NONE', ( #5142, #6579, #4901 ) ) ;
#4996 = VECTOR ( 'NONE', #5639, 1000.000000000000114 ) ;
#4997 = AXIS2_PLACEMENT_3D ( 'NONE', #2377, #154, #1106 ) ;
#4998 = CARTESIAN_POINT ( 'NONE',  ( -6.508373931577565941, 2.240934156756781981, -7.448814233386200634 ) ) ;
#4999 = DIRECTION ( 'NONE',  ( 0.000000000000000000, 0.000000000000000000, 1.000000000000000000 ) ) ;
#5000 = CYLINDRICAL_SURFACE ( 'NONE', #3476, 10.00000000000000000 ) ;
#5001 = FACE_OUTER_BOUND ( 'NONE', #4791, .T. ) ;
#5002 = ORIENTED_EDGE ( 'NONE', *, *, #3507, .F. ) ;
#5003 = AXIS2_PLACEMENT_3D ( 'NONE', #1818, #4026, #6244 ) ;
#5004 = AXIS2_PLACEMENT_3D ( 'NONE', #677, #96, #5582 ) ;
#5005 = CARTESIAN_POINT ( 'NONE',  ( -2.504813822048898242, 8.000000000000000000, 1.276266388579324840 ) ) ;
#5006 = CARTESIAN_POINT ( 'NONE',  ( -1.156453502364804375, 2.500000000000000444, -9.932905682471176334 ) ) ;
#5007 = EDGE_CURVE ( 'NONE', #1599, #1496, #6269, .T. ) ;
#5008 = CARTESIAN_POINT ( 'NONE',  ( -5.095752233843723986E-17, 9.500000000000000000, 11.68192517863507618 ) ) ;
#5009 = CIRCLE ( 'NONE', #5003, 9.500000000000000000 ) ;
#5010 = CARTESIAN_POINT ( 'NONE',  ( 7.448814233386216621, 2.240934156756799744, -6.508373931577527749 ) ) ;
#5011 = DIRECTION ( 'NONE',  ( 0.000000000000000000, -1.000000000000000000, 0.000000000000000000 ) ) ;
#5012 = ORIENTED_EDGE ( 'NONE', *, *, #798, .T. ) ;
#5013 = DIRECTION ( 'NONE',  ( -0.9619363854055753560, 0.000000000000000000, -0.2732734718790983397 ) ) ;
#5014 = DIRECTION ( 'NONE',  ( 0.9249892435672767421, 0.000000000000000000, -0.3799932884734115168 ) ) ;
#5015 = EDGE_CURVE ( 'NONE', #67, #2386, #6153, .T. ) ;
#5016 = DIRECTION ( 'NONE',  ( 0.000000000000000000, -1.000000000000000000, -0.000000000000000000 ) ) ;
#5017 = CARTESIAN_POINT ( 'NONE',  ( -0.8630375061403442460, 2.414533010808959990, 9.884231957283116543 ) ) ;
#5018 = DIRECTION ( 'NONE',  ( 0.000000000000000000, 1.000000000000000000, 0.000000000000000000 ) ) ;
#5019 = FACE_OUTER_BOUND ( 'NONE', #3474, .T. ) ;
#5020 = ORIENTED_EDGE ( 'NONE', *, *, #1262, .T. ) ;
#5021 = CARTESIAN_POINT ( 'NONE',  ( 10.79269157286915615, 10.00000000000000000, 4.470479223992352757 ) ) ;
#5022 = EDGE_LOOP ( 'NONE', ( #5708, #388, #2539, #5959 ) ) ;
#5023 = CARTESIAN_POINT ( 'NONE',  ( 4.869582122898685306, 2.376055744299606864, -8.734252684022001390 ) ) ;
#5024 = DIRECTION ( 'NONE',  ( 0.000000000000000000, 1.000000000000000000, 0.000000000000000000 ) ) ;
#5025 = EDGE_CURVE ( 'NONE', #5761, #6152, #6, .T. ) ;
#5026 = FACE_OUTER_BOUND ( 'NONE', #6214, .T. ) ;
#5027 = EDGE_CURVE ( 'NONE', #3918, #2893, #3613, .T. ) ;
#5028 = DIRECTION ( 'NONE',  ( 0.000000000000000000, 0.000000000000000000, 1.000000000000000000 ) ) ;
#5029 = ORIENTED_EDGE ( 'NONE', *, *, #5994, .F. ) ;
#5030 = CARTESIAN_POINT ( 'NONE',  ( 8.984463655236321955, 1.864094386502770373, -4.392294266126629765 ) ) ;
#5031 = ORIENTED_EDGE ( 'NONE', *, *, #4610, .F. ) ;
#5032 = CARTESIAN_POINT ( 'NONE',  ( -3.238311324277248993, 1.867388762198195273, 9.461831679522402894 ) ) ;
#5033 = ORIENTED_EDGE ( 'NONE', *, *, #1428, .F. ) ;
#5034 = DIRECTION ( 'NONE',  ( 0.000000000000000000, 0.000000000000000000, 1.000000000000000000 ) ) ;
#5035 = B_SPLINE_CURVE_WITH_KNOTS ( 'NONE', 3,
 ( #6463, #3105, #5308, #334, #1503, #3722, #2566, #5930, #4762, #1607, #2230, #3858, #2366, #1853, #5697, #1276, #6103, #549 ),
 .UNSPECIFIED., .F., .F.,
 ( 4, 2, 2, 2, 2, 2, 2, 2, 4 ),
 ( 0.000000000000000000, 0.0001297744646122138358, 0.0002595489292244276716, 0.0005190978584488557769, 0.001038195716897711120, 0.001557293575346566355, 0.001816842504570994514, 0.001946616969183208486, 0.002076391433795422674 ),
 .UNSPECIFIED. ) ;
#5036 = DIRECTION ( 'NONE',  ( 1.000000000000000000, 0.000000000000000000, 0.000000000000000000 ) ) ;
#5037 = CARTESIAN_POINT ( 'NONE',  ( -7.587297981928558421, 2.377840714399346744, 6.389449519739637928 ) ) ;
#5038 = DIRECTION ( 'NONE',  ( -0.8511160640214271433, 0.000000000000000000, -0.5249775667251639355 ) ) ;
#5039 = ORIENTED_EDGE ( 'NONE', *, *, #3988, .T. ) ;
#5040 = CARTESIAN_POINT ( 'NONE',  ( -5.095752233843723986E-17, 10.00001200000000168, 11.68192517863507618 ) ) ;
#5041 = LINE ( 'NONE', #1337, #2793 ) ;
#5042 = CARTESIAN_POINT ( 'NONE',  ( -10.79269157286921654, 10.00001200000000168, 4.470479223992207096 ) ) ;
#5043 = CARTESIAN_POINT ( 'NONE',  ( 4.626103053009366306, 9.500000000000000000, 8.297540029607414880 ) ) ;
#5044 = ORIENTED_EDGE ( 'NONE', *, *, #6464, .F. ) ;
#5045 = CARTESIAN_POINT ( 'NONE',  ( -0.4397714266284716289, 8.000000000000000000, 2.776607510986326410 ) ) ;
#5046 = ORIENTED_EDGE ( 'NONE', *, *, #5776, .T. ) ;
#5047 = CARTESIAN_POINT ( 'NONE',  ( -2.873880065552899321, 2.409665417632312234, -9.579266317304620415 ) ) ;
#5048 = DIRECTION ( 'NONE',  ( 0.000000000000000000, -1.000000000000000000, 0.000000000000000000 ) ) ;
#5049 = CARTESIAN_POINT ( 'NONE',  ( 1.987831504145222361, 8.000000000000000000, -1.987831504145223693 ) ) ;
#5050 = CARTESIAN_POINT ( 'NONE',  ( -8.925391867974751037, 2.127032157860169637, -4.511883185549107722 ) ) ;
#5051 = CARTESIAN_POINT ( 'NONE',  ( 9.997538315944971998, 1.779716818039918103, -0.2552196072239464875 ) ) ;
#5052 = AXIS2_PLACEMENT_3D ( 'NONE', #3388, #4325, #545 ) ;
#5053 = ORIENTED_EDGE ( 'NONE', *, *, #2750, .T. ) ;
#5054 = EDGE_CURVE ( 'NONE', #6730, #1405, #126, .T. ) ;
#5055 = LINE ( 'NONE', #1218, #7077 ) ;
#5056 = VERTEX_POINT ( 'NONE', #5404 ) ;
#5057 = FACE_OUTER_BOUND ( 'NONE', #3755, .T. ) ;
#5058 = CARTESIAN_POINT ( 'NONE',  ( -1.098630827246567243, 10.00000000000000000, 9.436260398347616984 ) ) ;
#5059 = VECTOR ( 'NONE', #290, 1000.000000000000000 ) ;
#5060 = CARTESIAN_POINT ( 'NONE',  ( 7.449293024680234687, 9.500000000000000000, 5.895594408747129478 ) ) ;
#5061 = EDGE_CURVE ( 'NONE', #2900, #5907, #7076, .T. ) ;
#5062 = DIRECTION ( 'NONE',  ( -0.000000000000000000, -1.000000000000000000, -0.000000000000000000 ) ) ;
#5063 = CYLINDRICAL_SURFACE ( 'NONE', #4279, 0.5000000000000004441 ) ;
#5064 = ORIENTED_EDGE ( 'NONE', *, *, #3435, .F. ) ;
#5065 = EDGE_CURVE ( 'NONE', #1202, #3276, #6588, .T. ) ;
#5066 = LINE ( 'NONE', #1836, #3944 ) ;
#5067 = VERTEX_POINT ( 'NONE', #361 ) ;
#5068 = APPLICATION_PROTOCOL_DEFINITION ( 'draft international standard', 'automotive_design', 1998, #4234 ) ;
#5069 = DIRECTION ( 'NONE',  ( 0.000000000000000000, 0.000000000000000000, 1.000000000000000000 ) ) ;
#5070 = CARTESIAN_POINT ( 'NONE',  ( -9.843376979806530258, 2.139858412045501534, 0.2045203784392344570 ) ) ;
#5071 = CARTESIAN_POINT ( 'NONE',  ( -9.436260398347611655, 2.500000000000000000, -1.098630827246599662 ) ) ;
#5072 = DIRECTION ( 'NONE',  ( 2.081668171172168513E-15, 0.000000000000000000, 1.000000000000000000 ) ) ;
#5073 = ORIENTED_EDGE ( 'NONE', *, *, #3163, .T. ) ;
#5074 = LINE ( 'NONE', #2941, #1839 ) ;
#5075 = DIRECTION ( 'NONE',  ( 0.000000000000000000, 1.000000000000000000, 0.000000000000000000 ) ) ;
#5076 = CARTESIAN_POINT ( 'NONE',  ( 3.712059723680328993, 1.768517871363070926, 9.286350259861663403 ) ) ;
#5077 = TOROIDAL_SURFACE ( 'NONE', #2541, 1.500000000000000000, 0.5000000000000000000 ) ;
#5078 = ORIENTED_EDGE ( 'NONE', *, *, #2100, .T. ) ;
#5079 = CARTESIAN_POINT ( 'NONE',  ( -0.9734035322810855595, 8.000000000000000000, 2.995828026329733884 ) ) ;
#5080 = CARTESIAN_POINT ( 'NONE',  ( 6.320945456729052836, 2.500000000000000444, 7.750301822741219482 ) ) ;
#5081 = AXIS2_PLACEMENT_3D ( 'NONE', #924, #443, #5992 ) ;
#5082 = DIRECTION ( 'NONE',  ( -0.000000000000000000, -1.000000000000000000, -0.000000000000000000 ) ) ;
#5083 = CARTESIAN_POINT ( 'NONE',  ( -9.406617602938014855, 2.279919447647844599, -3.095076455295130202 ) ) ;
#5084 = CARTESIAN_POINT ( 'NONE',  ( 9.869262850231024231, 2.241156341101765648, -0.6655541409083430837 ) ) ;
#5085 = ORIENTED_EDGE ( 'NONE', *, *, #953, .F. ) ;
#5086 = FACE_OUTER_BOUND ( 'NONE', #6990, .T. ) ;
#5087 = TOROIDAL_SURFACE ( 'NONE', #1733, 9.500000000000000000, 0.5000000000000000000 ) ;
#5088 = ORIENTED_EDGE ( 'NONE', *, *, #7062, .T. ) ;
#5089 = CARTESIAN_POINT ( 'NONE',  ( 5.895594408747106385, 2.500000000000000444, -7.449293024680251563 ) ) ;
#5090 = CARTESIAN_POINT ( 'NONE',  ( 2.970974231079432482, 10.00001200000000168, 9.469254843656262466 ) ) ;
#5091 = CARTESIAN_POINT ( 'NONE',  ( -0.9124482025973585930, 0.000000000000000000, 2.221104420305843430 ) ) ;
#5092 = EDGE_CURVE ( 'NONE', #6571, #4257, #4821, .T. ) ;
#5093 = CIRCLE ( 'NONE', #2784, 0.5000000000000000000 ) ;
#5094 = CARTESIAN_POINT ( 'NONE',  ( 0.000000000000000000, 0.000000000000000000, -3.499999999999972022 ) ) ;
#5095 = EDGE_LOOP ( 'NONE', ( #6341, #978, #5498, #4306 ) ) ;
#5096 = CARTESIAN_POINT ( 'NONE',  ( 8.758463274103222673, 2.249819565270342547, -4.826544448226480988 ) ) ;
#5097 = ORIENTED_EDGE ( 'NONE', *, *, #5205, .F. ) ;
#5098 = DIRECTION ( 'NONE',  ( -0.000000000000000000, -1.000000000000000000, -0.000000000000000000 ) ) ;
#5099 = ORIENTED_EDGE ( 'NONE', *, *, #3168, .T. ) ;
#5100 = EDGE_CURVE ( 'NONE', #1125, #4408, #3950, .T. ) ;
#5101 = CIRCLE ( 'NONE', #1401, 2.000000000000000000 ) ;
#5102 = EDGE_CURVE ( 'NONE', #5324, #1496, #1054, .T. ) ;
#5103 = CARTESIAN_POINT ( 'NONE',  ( 9.138395661352950228, 9.500000000000000000, 2.596097982851488961 ) ) ;
#5104 = CARTESIAN_POINT ( 'NONE',  ( -9.987920442738133175, 1.829430187479140990, 0.5073013465712709058 ) ) ;
#5105 = VECTOR ( 'NONE', #3614, 1000.000000000000000 ) ;
#5106 = VECTOR ( 'NONE', #1318, 1000.000000000000114 ) ;
#5108 = ADVANCED_FACE ( 'NONE', ( #2177 ), #2576, .T. ) ;
#5107 = DIRECTION ( 'NONE',  ( 0.000000000000000000, 1.000000000000000000, 0.000000000000000000 ) ) ;
#5109 = VERTEX_POINT ( 'NONE', #988 ) ;
#5110 = ORIENTED_EDGE ( 'NONE', *, *, #6089, .F. ) ;
#5111 = EDGE_CURVE ( 'NONE', #2606, #2856, #6558, .T. ) ;
#5112 = PLANE ( 'NONE',  #6923 ) ;
#5113 = VECTOR ( 'NONE', #7108, 1000.000000000000000 ) ;
#5114 = CIRCLE ( 'NONE', #359, 9.500000000000000000 ) ;
#5115 = ADVANCED_FACE ( 'NONE', ( #5476 ), #4319, .F. ) ;
#5116 = CARTESIAN_POINT ( 'NONE',  ( -7.611508121969603913, 2.456298904871081490, 6.368549229222964847 ) ) ;
#5117 = CARTESIAN_POINT ( 'NONE',  ( 9.870000050362090604, 2.242561475665995285, -0.6735851868179574264 ) ) ;
#5118 = VECTOR ( 'NONE', #5748, 1000.000000000000000 ) ;
#5119 = VERTEX_POINT ( 'NONE', #2726 ) ;
#5120 = CARTESIAN_POINT ( 'NONE',  ( -9.469254843656210952, 10.00001200000000168, -2.970974231079603012 ) ) ;
#5121 = VECTOR ( 'NONE', #1028, 1000.000000000000000 ) ;
#5122 = CARTESIAN_POINT ( 'NONE',  ( 6.619553888663380015, 2.183709232977793402, 7.321143966266294711 ) ) ;
#5123 = CARTESIAN_POINT ( 'NONE',  ( 9.436260398347627643, 9.500000000000000000, -1.098630827246465103 ) ) ;
#5124 = CARTESIAN_POINT ( 'NONE',  ( -9.455131112420824380, 2.378544800989007335, -2.999062447596747116 ) ) ;
#5125 = DIRECTION ( 'NONE',  ( 0.000000000000000000, -1.000000000000000000, 0.000000000000000000 ) ) ;
#5126 = ORIENTED_EDGE ( 'NONE', *, *, #3084, .T. ) ;
#5127 = AXIS2_PLACEMENT_3D ( 'NONE', #3987, #2905, #6667 ) ;
#5128 = LINE ( 'NONE', #594, #598 ) ;
#5129 = ORIENTED_EDGE ( 'NONE', *, *, #4969, .F. ) ;
#5130 = LINE ( 'NONE', #1251, #3441 ) ;
#5131 = LINE ( 'NONE', #1828, #1408 ) ;
#5132 = CARTESIAN_POINT ( 'NONE',  ( 0.9734035322810874469, 8.000000000000000000, 2.995828026329733884 ) ) ;
#5133 = VERTEX_POINT ( 'NONE', #466 ) ;
#5134 = DIRECTION ( 'NONE',  ( 0.000000000000000000, -1.000000000000000000, 0.000000000000000000 ) ) ;
#5135 = ORIENTED_EDGE ( 'NONE', *, *, #6344, .T. ) ;
#5136 = CARTESIAN_POINT ( 'NONE',  ( -2.970974231079571037, 2.500000000000000444, 9.469254843656221610 ) ) ;
#5137 = VERTEX_POINT ( 'NONE', #3130 ) ;
#5138 = CARTESIAN_POINT ( 'NONE',  ( 5.895594408746949178, 2.500000000000000000, 7.449293024680375019 ) ) ;
#5139 = CARTESIAN_POINT ( 'NONE',  ( 4.825657120698786606, 2.248135892564181670, -8.758950836166569331 ) ) ;
#5140 = CARTESIAN_POINT ( 'NONE',  ( -9.954167761667831016, 2.059838893144203542, 0.9593430162965127517 ) ) ;
#5141 = FACE_OUTER_BOUND ( 'NONE', #1003, .T. ) ;
#5142 = ORIENTED_EDGE ( 'NONE', *, *, #1653, .T. ) ;
#5143 = ORIENTED_EDGE ( 'NONE', *, *, #3293, .T. ) ;
#5144 = ADVANCED_FACE ( 'NONE', ( #2619 ), #5456, .T. ) ;
#5145 = LINE ( 'NONE', #4593, #5654 ) ;
#5146 = CARTESIAN_POINT ( 'NONE',  ( 8.734252662744527385, 2.500000000000000000, 4.869582161062707470 ) ) ;
#5147 = ADVANCED_FACE ( 'NONE', ( #1631 ), #1871, .F. ) ;
#5148 = CARTESIAN_POINT ( 'NONE',  ( 9.880493916138894051, 2.343452233630473280, -0.8129670326368484412 ) ) ;
#5149 = FACE_OUTER_BOUND ( 'NONE', #4017, .T. ) ;
#5150 = CARTESIAN_POINT ( 'NONE',  ( 2.732734718791013595, 2.500000000000000444, -9.619363854055745122 ) ) ;
#5151 = EDGE_CURVE ( 'NONE', #3092, #348, #4241, .T. ) ;
#5152 = VERTEX_POINT ( 'NONE', #2693 ) ;
#5153 = LINE ( 'NONE', #4602, #1580 ) ;
#5154 = DIRECTION ( 'NONE',  ( -0.000000000000000000, 1.000000000000000000, -0.000000000000000000 ) ) ;
#5155 = CARTESIAN_POINT ( 'NONE',  ( 4.594978287205911727, 9.500000000000000000, 8.796570338259785515 ) ) ;
#5156 = CARTESIAN_POINT ( 'NONE',  ( 0.7802894779564008010, 2.314666110110169761, 9.878024200989290904 ) ) ;
#5157 = CARTESIAN_POINT ( 'NONE',  ( -2.333234819276247318, 0.000000000000000000, -0.5673463196692614119 ) ) ;
#5158 = VERTEX_POINT ( 'NONE', #5438 ) ;
#5159 = CARTESIAN_POINT ( 'NONE',  ( 8.260368511126804592, 9.500000000000000000, -8.260368511126660707 ) ) ;
#5160 = EDGE_LOOP ( 'NONE', ( #6738, #5033, #2040, #708 ) ) ;
#5161 = CARTESIAN_POINT ( 'NONE',  ( -8.796570338259703803, 2.500000000000000444, -4.594978287206065382 ) ) ;
#5162 = CARTESIAN_POINT ( 'NONE',  ( -2.043718524445536477, 8.000000000000000000, -1.260587625341246021 ) ) ;
#5163 = CARTESIAN_POINT ( 'NONE',  ( 6.205888851312577614, 10.00000000000000000, 7.841361078610924906 ) ) ;
#5164 = DIRECTION ( 'NONE',  ( -0.9980606173047421592, -3.462718366572877305E-15, 0.06224953160689088855 ) ) ;
#5165 = EDGE_LOOP ( 'NONE', ( #7088, #5840, #3509, #4572 ) ) ;
#5166 = B_SPLINE_CURVE_WITH_KNOTS ( 'NONE', 3,
 ( #6439, #1478, #5178, #2673, #3729, #896, #1549, #972, #3111, #2066, #382, #5998, #4258, #3764, #5970, #1004, #1897, #6311 ),
 .UNSPECIFIED., .F., .F.,
 ( 4, 2, 2, 2, 2, 2, 2, 2, 4 ),
 ( 0.000000000000000000, 0.0001297744646122130769, 0.0002595489292244261537, 0.0005190978584488550179, 0.001038195716897710903, 0.001557293575346566355, 0.001816842504570993213, 0.001946616969183205450, 0.002076391433795417903 ),
 .UNSPECIFIED. ) ;
#5167 = DIRECTION ( 'NONE',  ( -0.000000000000000000, 1.000000000000000000, -0.000000000000000000 ) ) ;
#5168 = ORIENTED_EDGE ( 'NONE', *, *, #3377, .T. ) ;
#5169 = CARTESIAN_POINT ( 'NONE',  ( -4.869582122898481913, 2.376055744299587325, 8.734252684022115076 ) ) ;
#5170 = ORIENTED_EDGE ( 'NONE', *, *, #3119, .F. ) ;
#5171 = AXIS2_PLACEMENT_3D ( 'NONE', #3063, #5267, #810 ) ;
#5172 = CARTESIAN_POINT ( 'NONE',  ( 4.626103053009366306, 2.500000000000000444, 8.297540029607414880 ) ) ;
#5173 = CARTESIAN_POINT ( 'NONE',  ( 8.297540029607397116, 10.00000000000000000, -4.626103053009395616 ) ) ;
#5174 = CARTESIAN_POINT ( 'NONE',  ( 2.656295322589485863E-15, 8.000000000000000000, 3.149999999999999911 ) ) ;
#5175 = DIRECTION ( 'NONE',  ( 0.000000000000000000, 0.000000000000000000, 1.000000000000000000 ) ) ;
#5176 = VERTEX_POINT ( 'NONE', #912 ) ;
#5177 = ORIENTED_EDGE ( 'NONE', *, *, #7177, .F. ) ;
#5178 = CARTESIAN_POINT ( 'NONE',  ( 2.985189123993037708, 2.414533010808959990, 9.462109755037483083 ) ) ;
#5179 = CARTESIAN_POINT ( 'NONE',  ( 0.6655541409084205773, 2.241156341101826044, 9.869262850230963835 ) ) ;
#5180 = SPHERICAL_SURFACE ( 'NONE', #23, 0.5000000000000000000 ) ;
#5181 = EDGE_CURVE ( 'NONE', #2890, #5676, #6452, .T. ) ;
#5182 = DIRECTION ( 'NONE',  ( -1.040834085586084059E-15, 0.000000000000000000, 1.000000000000000000 ) ) ;
#5183 = LINE ( 'NONE', #3350, #7171 ) ;
#5184 = DIRECTION ( 'NONE',  ( -0.7622926637108775605, 0.000000000000000000, -0.6472324890273779552 ) ) ;
#5185 = EDGE_LOOP ( 'NONE', ( #1749, #6487, #1462 ) ) ;
#5186 = ADVANCED_FACE ( 'NONE', ( #3169 ), #5920, .T. ) ;
#5187 = CARTESIAN_POINT ( 'NONE',  ( -4.594978287205977452, 2.500000000000000444, -8.796570338259748212 ) ) ;
#5188 = CARTESIAN_POINT ( 'NONE',  ( 4.470479223992089857, 9.500000000000000000, 10.79269157286926628 ) ) ;
#5189 = EDGE_CURVE ( 'NONE', #4827, #1599, #2218, .T. ) ;
#5190 = AXIS2_PLACEMENT_3D ( 'NONE', #900, #1339, #4197 ) ;
#5191 = CARTESIAN_POINT ( 'NONE',  ( -8.757196459659372323, 2.255681435097458998, -4.828799771687418918 ) ) ;
#5192 = LINE ( 'NONE', #5157, #3251 ) ;
#5193 = VERTEX_POINT ( 'NONE', #3515 ) ;
#5194 = CYLINDRICAL_SURFACE ( 'NONE', #17, 0.5000000000000004441 ) ;
#5195 = EDGE_LOOP ( 'NONE', ( #6144, #6331, #2062, #3204 ) ) ;
#5196 = DIRECTION ( 'NONE',  ( 0.000000000000000000, 1.000000000000000000, 0.000000000000000000 ) ) ;
#5197 = AXIS2_PLACEMENT_3D ( 'NONE', #3651, #5965, #5860 ) ;
#5198 = CIRCLE ( 'NONE', #5756, 0.4999999999999995559 ) ;
#5199 = DIRECTION ( 'NONE',  ( 0.9716864685947457225, 0.000000000000000000, -0.2362740077746008915 ) ) ;
#5200 = DIRECTION ( 'NONE',  ( 0.07555769727474787034, 0.000000000000000000, -0.9971414314842892423 ) ) ;
#5201 = LINE ( 'NONE', #233, #6811 ) ;
#5202 = ORIENTED_EDGE ( 'NONE', *, *, #5065, .T. ) ;
#5203 = AXIS2_PLACEMENT_3D ( 'NONE', #176, #3282, #514 ) ;
#5204 = CARTESIAN_POINT ( 'NONE',  ( -2.596097982851332642, 9.500000000000000000, -9.138395661352994637 ) ) ;
#5205 = EDGE_CURVE ( 'NONE', #1777, #329, #1753, .T. ) ;
#5206 = ORIENTED_EDGE ( 'NONE', *, *, #5953, .F. ) ;
#5207 = CARTESIAN_POINT ( 'NONE',  ( -8.734252662744593110, 2.500000000000000444, 4.869582161062587566 ) ) ;
#5208 = VERTEX_POINT ( 'NONE', #1669 ) ;
#5209 = AXIS2_PLACEMENT_3D ( 'NONE', #6881, #4700, #4096 ) ;
#5210 = CARTESIAN_POINT ( 'NONE',  ( 10.79269157286915615, 9.500000000000000000, 4.470479223992352757 ) ) ;
#5211 = CARTESIAN_POINT ( 'NONE',  ( 9.619363854055738017, 2.500000000000000444, 2.732734718791041573 ) ) ;
#5212 = CARTESIAN_POINT ( 'NONE',  ( -3.150000000000000799, 8.000000000000000000, 5.421010862427522170E-17 ) ) ;
#5213 = CARTESIAN_POINT ( 'NONE',  ( -0.9504006689409558728, 2.051424475504903366, -9.955047142828190587 ) ) ;
#5214 = ORIENTED_EDGE ( 'NONE', *, *, #626, .T. ) ;
#5215 = AXIS2_PLACEMENT_3D ( 'NONE', #3144, #5993, #3244 ) ;
#5216 = VERTEX_POINT ( 'NONE', #201 ) ;
#5217 = B_SPLINE_CURVE_WITH_KNOTS ( 'NONE', 3,
 ( #1955, #2502, #1306, #5723, #6841, #1374, #1411, #3584, #1338, #4196, #4093, #1891, #5796, #829, #6306, #5253, #1843, #3550 ),
 .UNSPECIFIED., .F., .F.,
 ( 4, 2, 2, 2, 2, 2, 2, 2, 4 ),
 ( 0.000000000000000000, 0.0001297744646122112337, 0.0002595489292244224674, 0.0005190978584488484043, 0.001038195716897700061, 0.001557293575346550092, 0.001816842504570975432, 0.001946616969183189187, 0.002076391433795402724 ),
 .UNSPECIFIED. ) ;
#5218 = AXIS2_PLACEMENT_3D ( 'NONE', #5638, #1795, #3933 ) ;
#5219 = VECTOR ( 'NONE', #862, 1000.000000000000000 ) ;
#5220 = CARTESIAN_POINT ( 'NONE',  ( 0.8789046123668949884, 2.438513403071508989, 9.885393330222640884 ) ) ;
#5221 = CARTESIAN_POINT ( 'NONE',  ( 8.801702682749306561, 2.413741176464117011, -4.579470683571224221 ) ) ;
#5222 = DIRECTION ( 'NONE',  ( 0.000000000000000000, 1.000000000000000000, 0.000000000000000000 ) ) ;
#5223 = CARTESIAN_POINT ( 'NONE',  ( 2.596097982851267805, 10.00000000000000000, 9.138395661353012400 ) ) ;
#5224 = LINE ( 'NONE', #253, #5449 ) ;
#5225 = VECTOR ( 'NONE', #5048, 1000.000000000000000 ) ;
#5226 = AXIS2_PLACEMENT_3D ( 'NONE', #3654, #5280, #1334 ) ;
#5227 = ORIENTED_EDGE ( 'NONE', *, *, #1165, .T. ) ;
#5228 = CARTESIAN_POINT ( 'NONE',  ( 9.436260398347627643, 9.500000000000000000, -1.098630827246466435 ) ) ;
#5229 = CARTESIAN_POINT ( 'NONE',  ( 3.095596099249348310, 2.279592747210338999, 9.406354823611817295 ) ) ;
#5230 = AXIS2_PLACEMENT_3D ( 'NONE', #305, #866, #828 ) ;
#5231 = CIRCLE ( 'NONE', #4304, 10.00000000000000000 ) ;
#5232 = CARTESIAN_POINT ( 'NONE',  ( 1.098630827246567243, 10.00000000000000000, -9.436260398347616984 ) ) ;
#5233 = CARTESIAN_POINT ( 'NONE',  ( 9.954245716881919392, 2.059185488125291563, 0.9585349633983513140 ) ) ;
#5234 = ORIENTED_EDGE ( 'NONE', *, *, #353, .T. ) ;
#5235 = CARTESIAN_POINT ( 'NONE',  ( 4.503551450493366026, 2.316909120595329608, -8.826679356529677278 ) ) ;
#5236 = ORIENTED_EDGE ( 'NONE', *, *, #5625, .F. ) ;
#5237 = CIRCLE ( 'NONE', #2695, 2.000000000000000000 ) ;
#5238 = EDGE_CURVE ( 'NONE', #1935, #756, #5041, .T. ) ;
#5239 = AXIS2_PLACEMENT_3D ( 'NONE', #5305, #4794, #4759 ) ;
#5240 = CARTESIAN_POINT ( 'NONE',  ( -4.594171655381705577, 1.975531022569854356, 8.882927013875280053 ) ) ;
#5241 = CARTESIAN_POINT ( 'NONE',  ( 9.999987203446849549, 1.768638744481566993, -0.1262714215554477382 ) ) ;
#5242 = ADVANCED_FACE ( 'NONE', ( #6877 ), #5809, .F. ) ;
#5243 = FACE_OUTER_BOUND ( 'NONE', #337, .T. ) ;
#5244 = VECTOR ( 'NONE', #954, 1000.000000000000000 ) ;
#5245 = EDGE_LOOP ( 'NONE', ( #190, #1240, #3688, #995, #6437 ) ) ;
#5246 = DIRECTION ( 'NONE',  ( -0.8734252662744530493, 0.000000000000000000, -0.4869582161062701031 ) ) ;
#5247 = ORIENTED_EDGE ( 'NONE', *, *, #1835, .T. ) ;
#5248 = DIRECTION ( 'NONE',  ( 0.000000000000000000, 0.000000000000000000, 1.000000000000000000 ) ) ;
#5249 = ORIENTED_EDGE ( 'NONE', *, *, #1392, .T. ) ;
#5250 = ADVANCED_FACE ( 'NONE', ( #576 ), #6036, .F. ) ;
#5251 = ADVANCED_FACE ( 'NONE', ( #1127 ), #2685, .F. ) ;
#5252 = CARTESIAN_POINT ( 'NONE',  ( 9.334341087458863484, 1.779849606445571997, -3.589669876561290884 ) ) ;
#5253 = CARTESIAN_POINT ( 'NONE',  ( -2.985568878361571699, 2.413741176464117899, 9.461918427558096312 ) ) ;
#5254 = DIRECTION ( 'NONE',  ( 0.000000000000000000, 1.000000000000000000, 0.000000000000000000 ) ) ;
#5255 = CARTESIAN_POINT ( 'NONE',  ( 6.368549229222883135, 2.456298904871081934, 7.611508121969668750 ) ) ;
#5256 = ORIENTED_EDGE ( 'NONE', *, *, #5322, .F. ) ;
#5257 = VERTEX_POINT ( 'NONE', #5006 ) ;
#5258 = CARTESIAN_POINT ( 'NONE',  ( 0.8557725552098354171, 1.982312691401828086, 9.963963684112144392 ) ) ;
#5259 = DIRECTION ( 'NONE',  ( 0.000000000000000000, 0.000000000000000000, -1.000000000000000000 ) ) ;
#5260 = LINE ( 'NONE', #316, #3775 ) ;
#5261 = CARTESIAN_POINT ( 'NONE',  ( -8.805704271353583579, 2.410376625841670339, 4.741424057448596407 ) ) ;
#5262 = DIRECTION ( 'NONE',  ( -0.000000000000000000, -1.000000000000000000, -0.000000000000000000 ) ) ;
#5263 = VERTEX_POINT ( 'NONE', #1920 ) ;
#5264 = PRODUCT_DEFINITION_SHAPE ( 'NONE', 'NONE',  #1919 ) ;
#5265 = CYLINDRICAL_SURFACE ( 'NONE', #2335, 2.000000000000000000 ) ;
#5266 = FACE_OUTER_BOUND ( 'NONE', #3698, .T. ) ;
#5267 = DIRECTION ( 'NONE',  ( -0.8982659121149824122, 0.000000000000000000, -0.4394523308986298948 ) ) ;
#5268 = CARTESIAN_POINT ( 'NONE',  ( 9.964024948269875281, 1.981868317978698890, 0.8550121536354929885 ) ) ;
#5269 = ORIENTED_EDGE ( 'NONE', *, *, #1639, .F. ) ;
#5270 = CARTESIAN_POINT ( 'NONE',  ( 4.594978287206101797, 2.456927468042358509, -8.796570338259686039 ) ) ;
#5271 = ORIENTED_EDGE ( 'NONE', *, *, #3072, .T. ) ;
#5272 = DIRECTION ( 'NONE',  ( 0.000000000000000000, -0.000000000000000000, 1.000000000000000000 ) ) ;
#5273 = DIRECTION ( 'NONE',  ( -0.000000000000000000, -1.000000000000000000, -0.000000000000000000 ) ) ;
#5274 = CARTESIAN_POINT ( 'NONE',  ( -8.833773591331247843, 2.051189550670913686, -4.687283918649753467 ) ) ;
#5275 = CARTESIAN_POINT ( 'NONE',  ( -6.619964632136784211, 1.863989508453880672, -7.495923812460073776 ) ) ;
#5276 = EDGE_CURVE ( 'NONE', #1207, #3918, #2914, .T. ) ;
#5277 = AXIS2_PLACEMENT_3D ( 'NONE', #6313, #3560, #3017 ) ;
#5278 = CARTESIAN_POINT ( 'NONE',  ( 9.469254843656251808, 9.500000000000000000, -2.970974231079465344 ) ) ;
#5279 = EDGE_LOOP ( 'NONE', ( #2247, #757, #4559, #75 ) ) ;
#5280 = DIRECTION ( 'NONE',  ( -0.7497524964563387906, 0.000000000000000000, 0.6617183646064900282 ) ) ;
#5281 = ORIENTED_EDGE ( 'NONE', *, *, #5595, .F. ) ;
#5282 = EDGE_CURVE ( 'NONE', #3462, #595, #2112, .T. ) ;
#5283 = CARTESIAN_POINT ( 'NONE',  ( 9.052480793569294804, 2.134320569921015043, -3.861085519973236124 ) ) ;
#5284 = CARTESIAN_POINT ( 'NONE',  ( -2.596097982851402808, 10.00000000000000000, 9.138395661352975097 ) ) ;
#5285 = DIRECTION ( 'NONE',  ( 0.000000000000000000, 0.000000000000000000, 1.000000000000000000 ) ) ;
#5286 = EDGE_CURVE ( 'NONE', #6071, #3224, #3378, .T. ) ;
#5287 = CARTESIAN_POINT ( 'NONE',  ( 2.168404344971008868E-16, 0.000000000000000000, -3.149999999999999911 ) ) ;
#5288 = ORIENTED_EDGE ( 'NONE', *, *, #1889, .F. ) ;
#5289 = ORIENTED_EDGE ( 'NONE', *, *, #3917, .F. ) ;
#5290 = CARTESIAN_POINT ( 'NONE',  ( -0.2556751587878138832, 1.779849606445677246, 9.997513869602437708 ) ) ;
#5291 = DIRECTION ( 'NONE',  ( 0.000000000000000000, 1.000000000000000000, 0.000000000000000000 ) ) ;
#5292 = CARTESIAN_POINT ( 'NONE',  ( -2.596097982851332642, 9.500000000000000000, -9.138395661352994637 ) ) ;
#5293 = CARTESIAN_POINT ( 'NONE',  ( -9.988306807122112829, 1.827366529454475863, 0.4991421271720576369 ) ) ;
#5294 = LINE ( 'NONE', #4782, #589 ) ;
#5295 = ADVANCED_FACE ( 'NONE', ( #1704 ), #1093, .T. ) ;
#5296 = VERTEX_POINT ( 'NONE', #4092 ) ;
#5297 = CARTESIAN_POINT ( 'NONE',  ( -4.580000174694971449, 2.415123062616285843, -8.801527564620407418 ) ) ;
#5298 = LINE ( 'NONE', #220, #6403 ) ;
#5299 = DIRECTION ( 'NONE',  ( -0.000000000000000000, -1.000000000000000000, -0.000000000000000000 ) ) ;
#5300 = LINE ( 'NONE', #2595, #5562 ) ;
#5301 = VERTEX_POINT ( 'NONE', #5547 ) ;
#5302 = CARTESIAN_POINT ( 'NONE',  ( -9.436260398347620537, 2.500000000000000444, 1.098630827246535269 ) ) ;
#5303 = ORIENTED_EDGE ( 'NONE', *, *, #683, .F. ) ;
#5304 = CARTESIAN_POINT ( 'NONE',  ( -4.869582085835276963, 2.377026804319549491, -8.734252704685854241 ) ) ;
#5305 = CARTESIAN_POINT ( 'NONE',  ( 0.000000000000000000, 9.500000000000000000, 0.000000000000000000 ) ) ;
#5306 = DIRECTION ( 'NONE',  ( 0.000000000000000000, 0.000000000000000000, 1.000000000000000000 ) ) ;
#5307 = VECTOR ( 'NONE', #2211, 1000.000000000000000 ) ;
#5308 = CARTESIAN_POINT ( 'NONE',  ( -9.884231957283112990, 2.414533010808960878, -0.8630375061403782189 ) ) ;
#5309 = CARTESIAN_POINT ( 'NONE',  ( 9.885393354405117350, 9.500000000000000000, -0.8789046617971486564 ) ) ;
#5310 = ORIENTED_EDGE ( 'NONE', *, *, #2711, .F. ) ;
#5311 = CYLINDRICAL_SURFACE ( 'NONE', #4297, 0.5000000000000004441 ) ;
#5312 = AXIS2_PLACEMENT_3D ( 'NONE', #419, #7020, #6546 ) ;
#5313 = EDGE_LOOP ( 'NONE', ( #6984, #147, #1491 ) ) ;
#5314 = TOROIDAL_SURFACE ( 'NONE', #5433, 2.500000000000000000, 0.5000000000000000000 ) ;
#5315 = CARTESIAN_POINT ( 'NONE',  ( 8.297540029607301193, 2.500000000000000000, 4.626103053009571475 ) ) ;
#5316 = EDGE_CURVE ( 'NONE', #3315, #4783, #6619, .T. ) ;
#5317 = CARTESIAN_POINT ( 'NONE',  ( 8.734252662744628637, 2.500000000000000444, -4.869582161062523618 ) ) ;
#5318 = AXIS2_PLACEMENT_3D ( 'NONE', #820, #3618, #2998 ) ;
#5319 = CARTESIAN_POINT ( 'NONE',  ( 0.3439080960748572280, 2.147342056939914201, 9.848085864831423564 ) ) ;
#5320 = LINE ( 'NONE', #1618, #2882 ) ;
#5321 = CARTESIAN_POINT ( 'NONE',  ( -1.156453502364808594, 2.371766070001682269, -9.932905682471176334 ) ) ;
#5322 = EDGE_CURVE ( 'NONE', #5158, #2983, #5589, .T. ) ;
#5323 = VERTEX_POINT ( 'NONE', #69 ) ;
#5324 = VERTEX_POINT ( 'NONE', #2758 ) ;
#5325 = AXIS2_PLACEMENT_3D ( 'NONE', #5869, #3519, #4156 ) ;
#5326 = ADVANCED_FACE ( 'NONE', ( #2833 ), #4050, .T. ) ;
#5327 = CARTESIAN_POINT ( 'NONE',  ( -7.587710600652826543, 2.378544800988959818, -6.389094439620962795 ) ) ;
#5328 = CARTESIAN_POINT ( 'NONE',  ( -9.619363854055777097, 10.00000000000000000, 2.732734718790907902 ) ) ;
#5329 = CIRCLE ( 'NONE', #3715, 0.5000000000000004441 ) ;
#5330 = CARTESIAN_POINT ( 'NONE',  ( 9.138395661352950228, 9.500000000000000000, 2.596097982851490737 ) ) ;
#5331 = CARTESIAN_POINT ( 'NONE',  ( 9.230052895555491688, 2.147342056939914645, 3.450969649951423968 ) ) ;
#5332 = ORIENTED_EDGE ( 'NONE', *, *, #4745, .T. ) ;
#5333 = ADVANCED_FACE ( 'NONE', ( #5757 ), #1841, .T. ) ;
#5334 = VECTOR ( 'NONE', #4684, 1000.000000000000000 ) ;
#5335 = DIRECTION ( 'NONE',  ( 0.000000000000000000, 0.000000000000000000, -1.000000000000000000 ) ) ;
#5336 = ADVANCED_FACE ( 'NONE', ( #274 ), #6282, .T. ) ;
#5337 = CARTESIAN_POINT ( 'NONE',  ( 4.565129932703110072, 2.378544800989002450, 8.806444720498300072 ) ) ;
#5338 = CARTESIAN_POINT ( 'NONE',  ( -2.043718524445535589, 8.000000000000000000, 1.260587625341242024 ) ) ;
#5339 = AXIS2_PLACEMENT_3D ( 'NONE', #3034, #296, #6361 ) ;
#5340 = AXIS2_PLACEMENT_3D ( 'NONE', #6060, #38, #2257 ) ;
#5341 = CARTESIAN_POINT ( 'NONE',  ( -11.68192517863507618, 10.00001200000000168, -4.083818128530453922E-14 ) ) ;
#5342 = VERTEX_POINT ( 'NONE', #3079 ) ;
#5343 = CARTESIAN_POINT ( 'NONE',  ( -7.611508121969555951, 2.500000000000000444, -6.368549229223018138 ) ) ;
#5344 = EDGE_LOOP ( 'NONE', ( #4117, #3053, #6996, #3341 ) ) ;
#5345 = FACE_OUTER_BOUND ( 'NONE', #5279, .T. ) ;
#5346 = AXIS2_PLACEMENT_3D ( 'NONE', #6015, #505, #6997 ) ;
#5347 = DIRECTION ( 'NONE',  ( 0.000000000000000000, 1.000000000000000000, 0.000000000000000000 ) ) ;
#5348 = CIRCLE ( 'NONE', #1178, 0.5000000000000000000 ) ;
#5349 = LINE ( 'NONE', #376, #5359 ) ;
#5350 = DIRECTION ( 'NONE',  ( 0.000000000000000000, 0.000000000000000000, 1.000000000000000000 ) ) ;
#5351 = CARTESIAN_POINT ( 'NONE',  ( 8.297540029607397116, 9.500000000000000000, -4.626103053009395616 ) ) ;
#5352 = ORIENTED_EDGE ( 'NONE', *, *, #2015, .F. ) ;
#5353 = AXIS2_PLACEMENT_3D ( 'NONE', #2097, #2163, #4300 ) ;
#5355 = CARTESIAN_POINT ( 'NONE',  ( -0.8789046617972535724, 9.500000000000000000, 9.885393354405108468 ) ) ;
#5354 = CONICAL_SURFACE ( 'NONE', #7084, 3.499999999999972022, 0.7853981633974537191 ) ;
#5356 = ORIENTED_EDGE ( 'NONE', *, *, #6782, .T. ) ;
#5357 = CARTESIAN_POINT ( 'NONE',  ( 9.138395661353005295, 10.00000000000000000, -2.596097982851297559 ) ) ;
#5358 = CARTESIAN_POINT ( 'NONE',  ( 9.501588311015638055, 2.127032157860170969, -3.120821918168789288 ) ) ;
#5359 = VECTOR ( 'NONE', #2056, 999.9999999999998863 ) ;
#5360 = CARTESIAN_POINT ( 'NONE',  ( 8.829708429580092499, 2.059185488125266250, 4.694895751422107466 ) ) ;
#5361 = CARTESIAN_POINT ( 'NONE',  ( -4.626103053009482657, 10.00000000000000000, 8.297540029607349155 ) ) ;
#5362 = CARTESIAN_POINT ( 'NONE',  ( -0.2270269566659227356, 1.992695579455266319, -9.998077438046136578 ) ) ;
#5363 = ORIENTED_EDGE ( 'NONE', *, *, #4960, .F. ) ;
#5364 = ORIENTED_EDGE ( 'NONE', *, *, #1512, .T. ) ;
#5365 = CARTESIAN_POINT ( 'NONE',  ( -1.156453502364807484, 2.500000000000000444, 9.932905682471176334 ) ) ;
#5366 = CARTESIAN_POINT ( 'NONE',  ( 2.548403532281085848, 8.000000000000000000, 1.851523544721291437 ) ) ;
#5367 = CARTESIAN_POINT ( 'NONE',  ( 8.260368511126632285, 10.00000000000000000, 8.260368511126834790 ) ) ;
#5368 = ADVANCED_FACE ( 'NONE', ( #974 ), #2027, .T. ) ;
#5369 = ORIENTED_EDGE ( 'NONE', *, *, #2466, .T. ) ;
#5370 = EDGE_CURVE ( 'NONE', #3135, #6593, #3843, .T. ) ;
#5371 = EDGE_CURVE ( 'NONE', #5554, #6941, #3041, .T. ) ;
#5372 = LINE ( 'NONE', #2148, #6514 ) ;
#5373 = DIRECTION ( 'NONE',  ( -0.9980606173047419372, -1.515387735592358781E-15, 0.06224953160689434412 ) ) ;
#5374 = ADVANCED_FACE ( 'NONE', ( #6110 ), #7082, .T. ) ;
#5375 = CARTESIAN_POINT ( 'NONE',  ( 6.720468549890259879, 2.147342056939914201, -7.206828043569111664 ) ) ;
#5376 = EDGE_LOOP ( 'NONE', ( #3947, #688, #6748, #4811 ) ) ;
#5377 = DIRECTION ( 'NONE',  ( 0.3799932884734130156, 0.000000000000000000, -0.9249892435672760760 ) ) ;
#5378 = ORIENTED_EDGE ( 'NONE', *, *, #6073, .T. ) ;
#5379 = EDGE_CURVE ( 'NONE', #1667, #5711, #2676, .T. ) ;
#5380 = FACE_OUTER_BOUND ( 'NONE', #2858, .T. ) ;
#5381 = CARTESIAN_POINT ( 'NONE',  ( 7.611508069917483965, 2.438513403071527641, 6.368549247075991460 ) ) ;
#5382 = DIRECTION ( 'NONE',  ( -0.8982659121149837445, 3.895607413538950797E-16, 0.4394523308986271193 ) ) ;
#5383 = LINE ( 'NONE', #6537, #6934 ) ;
#5384 = CARTESIAN_POINT ( 'NONE',  ( 5.895594408746948289, 9.500000000000000000, 7.449293024680377684 ) ) ;
#5385 = ORIENTED_EDGE ( 'NONE', *, *, #3372, .T. ) ;
#5386 = CARTESIAN_POINT ( 'NONE',  ( -11.68192517863507618, 2.500000000000000444, -4.083818128530453922E-14 ) ) ;
#5387 = ORIENTED_EDGE ( 'NONE', *, *, #4095, .F. ) ;
#5388 = DIRECTION ( 'NONE',  ( 0.000000000000000000, -1.734723475976805517E-15, 1.000000000000000000 ) ) ;
#5389 = SPHERICAL_SURFACE ( 'NONE', #3048, 0.5000000000000000000 ) ;
#5390 = CARTESIAN_POINT ( 'NONE',  ( 8.805704271353938850, 2.410376625841632592, -4.741424057448528906 ) ) ;
#5391 = AXIS2_PLACEMENT_3D ( 'NONE', #6992, #391, #6551 ) ;
#5392 = CARTESIAN_POINT ( 'NONE',  ( -4.470479223992246176, 10.00001200000000168, 10.79269157286920411 ) ) ;
#5393 = EDGE_LOOP ( 'NONE', ( #213, #1044, #6709, #5031 ) ) ;
#5394 = CARTESIAN_POINT ( 'NONE',  ( 0.1263512459987062853, 1.768515498480492054, -10.00001319358364960 ) ) ;
#5395 = ORIENTED_EDGE ( 'NONE', *, *, #674, .F. ) ;
#5396 = VERTEX_POINT ( 'NONE', #6075 ) ;
#5397 = AXIS2_PLACEMENT_3D ( 'NONE', #1840, #751, #3442 ) ;
#5398 = LINE ( 'NONE', #6051, #6671 ) ;
#5399 = CARTESIAN_POINT ( 'NONE',  ( -9.436260398347611655, 9.500000000000000000, -1.098630827246599662 ) ) ;
#5400 = CARTESIAN_POINT ( 'NONE',  ( -9.130609167219368771, 2.134257748930200815, 3.672401390134617749 ) ) ;
#5401 = AXIS2_PLACEMENT_3D ( 'NONE', #1279, #3420, #4566 ) ;
#5402 = ORIENTED_EDGE ( 'NONE', *, *, #2015, .T. ) ;
#5403 = AXIS2_PLACEMENT_3D ( 'NONE', #6861, #5373, #2048 ) ;
#5404 = CARTESIAN_POINT ( 'NONE',  ( -1.276266388579322841, 8.000000000000000000, 2.504813822048900018 ) ) ;
#5405 = EDGE_CURVE ( 'NONE', #1555, #2159, #5424, .T. ) ;
#5406 = DIRECTION ( 'NONE',  ( -0.6205888851312577614, 0.000000000000000000, -0.7841361078610923352 ) ) ;
#5407 = CARTESIAN_POINT ( 'NONE',  ( 7.206383511017126153, 2.147145517465060660, -6.720854740644878866 ) ) ;
#5408 = EDGE_CURVE ( 'NONE', #4180, #2930, #4988, .T. ) ;
#5409 = ORIENTED_EDGE ( 'NONE', *, *, #5015, .T. ) ;
#5410 = FACE_OUTER_BOUND ( 'NONE', #198, .T. ) ;
#5411 = ORIENTED_EDGE ( 'NONE', *, *, #1639, .T. ) ;
#5412 = LINE ( 'NONE', #6933, #648 ) ;
#5413 = DIRECTION ( 'NONE',  ( 0.000000000000000000, 1.000000000000000000, 0.000000000000000000 ) ) ;
#5414 = EDGE_CURVE ( 'NONE', #2128, #5119, #4190, .T. ) ;
#5415 = DIRECTION ( 'NONE',  ( 0.000000000000000000, 1.000000000000000000, 0.000000000000000000 ) ) ;
#5416 = DIRECTION ( 'NONE',  ( 0.000000000000000000, 0.000000000000000000, 1.000000000000000000 ) ) ;
#5417 = ORIENTED_EDGE ( 'NONE', *, *, #2681, .T. ) ;
#5418 = CARTESIAN_POINT ( 'NONE',  ( -9.140544747021396077, 1.779361857681294179, 4.057814370325404596 ) ) ;
#5419 = ORIENTED_EDGE ( 'NONE', *, *, #854, .T. ) ;
#5420 = DIRECTION ( 'NONE',  ( 0.000000000000000000, 0.000000000000000000, 1.000000000000000000 ) ) ;
#5421 = CIRCLE ( 'NONE', #5999, 0.5000000000000005551 ) ;
#5422 = CARTESIAN_POINT ( 'NONE',  ( 7.841361078610768587, 2.371852820628066461, 6.205888851312767684 ) ) ;
#5423 = EDGE_CURVE ( 'NONE', #7016, #1202, #4531, .T. ) ;
#5424 = LINE ( 'NONE', #4882, #1641 ) ;
#5425 = DIRECTION ( 'NONE',  ( -0.7622926637108761172, 0.000000000000000000, -0.6472324890273798426 ) ) ;
#5426 = VERTEX_POINT ( 'NONE', #5494 ) ;
#5427 = CIRCLE ( 'NONE', #5657, 0.4999999999999996669 ) ;
#5428 = CARTESIAN_POINT ( 'NONE',  ( 0.7396982729253621658, 2.279592747210311465, -9.874972037550541870 ) ) ;
#5429 = AXIS2_PLACEMENT_3D ( 'NONE', #1235, #3986, #4333 ) ;
#5430 = ORIENTED_EDGE ( 'NONE', *, *, #5102, .T. ) ;
#5431 = VERTEX_POINT ( 'NONE', #5528 ) ;
#5432 = AXIS2_PLACEMENT_3D ( 'NONE', #5572, #5062, #5640 ) ;
#5433 = AXIS2_PLACEMENT_3D ( 'NONE', #2572, #4804, #7017 ) ;
#5434 = CARTESIAN_POINT ( 'NONE',  ( -7.717017477650957247, 2.059838893144311012, -6.360301573036750256 ) ) ;
#5435 = CARTESIAN_POINT ( 'NONE',  ( -6.450700701127878745, 2.181508697813368425, 7.642397253626222131 ) ) ;
#5436 = CARTESIAN_POINT ( 'NONE',  ( -8.947791336897486403, 2.164715090713907664, 4.142024133190993496 ) ) ;
#5437 = CARTESIAN_POINT ( 'NONE',  ( -2.504813822048899130, 8.000000000000000000, -1.276266388579321509 ) ) ;
#5438 = CARTESIAN_POINT ( 'NONE',  ( -0.9734035322810855595, 8.000000000000000000, 2.995828026329733884 ) ) ;
#5439 = AXIS2_PLACEMENT_3D ( 'NONE', #5831, #747, #269 ) ;
#5440 = CARTESIAN_POINT ( 'NONE',  ( 2.732734760821899922, 2.376055744299664152, 9.619363842115323138 ) ) ;
#5441 = SPHERICAL_SURFACE ( 'NONE', #2633, 0.5000000000000000000 ) ;
#5442 = DIRECTION ( 'NONE',  ( -0.000000000000000000, -1.000000000000000000, -0.000000000000000000 ) ) ;
#5443 = AXIS2_PLACEMENT_3D ( 'NONE', #850, #4571, #2150 ) ;
#5444 = ORIENTED_EDGE ( 'NONE', *, *, #6692, .F. ) ;
#5445 = FACE_OUTER_BOUND ( 'NONE', #6510, .T. ) ;
#5446 = DIRECTION ( 'NONE',  ( -0.000000000000000000, -1.000000000000000000, -0.000000000000000000 ) ) ;
#5447 = CARTESIAN_POINT ( 'NONE',  ( 1.098630827246567021, 9.500000000000000000, -9.436260398347616984 ) ) ;
#5448 = AXIS2_PLACEMENT_3D ( 'NONE', #3357, #52, #2271 ) ;
#5449 = VECTOR ( 'NONE', #1385, 1000.000000000000000 ) ;
#5450 = CARTESIAN_POINT ( 'NONE',  ( 8.260368511126632285, 10.00001200000000168, 8.260368511126834790 ) ) ;
#5451 = DIRECTION ( 'NONE',  ( 0.000000000000000000, 0.000000000000000000, 1.000000000000000000 ) ) ;
#5452 = ORIENTED_EDGE ( 'NONE', *, *, #280, .F. ) ;
#5453 = EDGE_CURVE ( 'NONE', #5997, #756, #20, .T. ) ;
#5454 = CARTESIAN_POINT ( 'NONE',  ( -9.885393354405104915, 9.500000000000000000, -0.8789046617972879893 ) ) ;
#5455 = ORIENTED_EDGE ( 'NONE', *, *, #533, .T. ) ;
#5456 = TOROIDAL_SURFACE ( 'NONE', #4992, 9.500000000000000000, 0.5000000000000000000 ) ;
#5457 = AXIS2_PLACEMENT_3D ( 'NONE', #484, #4363, #1611 ) ;
#5458 = DIRECTION ( 'NONE',  ( 0.000000000000000000, 0.000000000000000000, 1.000000000000000000 ) ) ;
#5459 = EDGE_CURVE ( 'NONE', #2465, #367, #6500, .T. ) ;
#5460 = DIRECTION ( 'NONE',  ( 0.000000000000000000, 1.000000000000000000, 0.000000000000000000 ) ) ;
#5461 = FACE_OUTER_BOUND ( 'NONE', #6737, .T. ) ;
#5462 = AXIS2_PLACEMENT_3D ( 'NONE', #6041, #3321, #6651 ) ;
#5463 = VECTOR ( 'NONE', #4892, 1000.000000000000000 ) ;
#5464 = CARTESIAN_POINT ( 'NONE',  ( -0.9718434144856614720, 2.322848788353888416, -9.953844047997634448 ) ) ;
#5465 = EDGE_LOOP ( 'NONE', ( #5995, #12, #128, #6961 ) ) ;
#5466 = EDGE_CURVE ( 'NONE', #4934, #1759, #7124, .T. ) ;
#5467 = CYLINDRICAL_SURFACE ( 'NONE', #351, 0.5000000000000004441 ) ;
#5468 = EDGE_LOOP ( 'NONE', ( #5923, #4597, #3427, #2137 ) ) ;
#5469 = B_SPLINE_CURVE_WITH_KNOTS ( 'NONE', 3,
 ( #2577, #5321, #6989, #5213, #6845, #869, #4231, #3010, #244, #3552 ),
 .UNSPECIFIED., .F., .F.,
 ( 4, 2, 2, 2, 4 ),
 ( 8.940560153363745023E-19, 0.0003768071801346864090, 0.0007536143602693719506, 0.001130421540404056950, 0.001507228720538741950 ),
 .UNSPECIFIED. ) ;
#5470 = CARTESIAN_POINT ( 'NONE',  ( -7.841361025160023424, 2.377026804319551712, -6.205888918849688629 ) ) ;
#5471 = CARTESIAN_POINT ( 'NONE',  ( 0.1814307967061984106, 8.000000000000000000, -2.394357833393298662 ) ) ;
#5472 = CARTESIAN_POINT ( 'NONE',  ( -9.033499448847502222, 1.829430187479148540, 4.290897008129089585 ) ) ;
#5473 = VECTOR ( 'NONE', #2592, 1000.000000000000114 ) ;
#5474 = CARTESIAN_POINT ( 'NONE',  ( -2.043718524445536477, 0.000000000000000000, -1.260587625341246021 ) ) ;
#5475 = CARTESIAN_POINT ( 'NONE',  ( 2.043718524445536922, 0.000000000000000000, 1.260587625341248019 ) ) ;
#5476 = FACE_OUTER_BOUND ( 'NONE', #423, .T. ) ;
#5477 = CARTESIAN_POINT ( 'NONE',  ( 2.970974231079432926, 2.500000000000000444, 9.469254843656262466 ) ) ;
#5478 = CARTESIAN_POINT ( 'NONE',  ( 0.8630386382379379162, 2.414535957389702947, -9.884232040246999418 ) ) ;
#5479 = ORIENTED_EDGE ( 'NONE', *, *, #3166, .T. ) ;
#5480 = FACE_OUTER_BOUND ( 'NONE', #3554, .T. ) ;
#5481 = ORIENTED_EDGE ( 'NONE', *, *, #2550, .F. ) ;
#5482 =( BOUNDED_SURFACE ( )  B_SPLINE_SURFACE ( 3, 2, ( 
 ( #736, #773, #3456 ),
 ( #656, #2875, #6676 ),
 ( #5124, #2297, #2952 ),
 ( #5083, #2337, #1215 ),
 ( #5600, #3965, #1283 ),
 ( #6139, #183, #5663 ),
 ( #112, #6783, #1713 ),
 ( #4072, #3926, #4500 ),
 ( #5629, #3424, #79 ),
 ( #151, #1862, #1322 ),
 ( #2988, #4539, #6753 ),
 ( #6289, #2374, #1788 ),
 ( #3997, #1819, #6208 ),
 ( #693, #5050, #2916 ),
 ( #3496, #2407, #4569 ),
 ( #4027, #4608, #5191 ),
 ( #3393, #221, #6245 ),
 ( #6819, #3533, #4465 ) ),
 .UNSPECIFIED., .F., .F., .F. ) 
 B_SPLINE_SURFACE_WITH_KNOTS ( ( 4, 2, 2, 2, 2, 2, 2, 2, 4 ),
 ( 3, 3 ),
 ( -2.710505431213761085E-20, 0.0003645422052340775427, 0.0007290844104681550855, 0.001093626615702232574, 0.001458168820936310171, 0.001822711026170387768, 0.002187253231404465148, 0.002551795436638542962, 0.002916337641872620342 ),
 ( 0.000000000000000000, 1.000000000000000000 ),
 .UNSPECIFIED. ) 
 GEOMETRIC_REPRESENTATION_ITEM ( )  RATIONAL_B_SPLINE_SURFACE ( (
 ( 1.000000000000000000, 0.9595359398070246737, 1.000000000000000000),
 ( 1.000000000000000000, 0.9595833763010178652, 1.000000000000000000),
 ( 1.000000000000000000, 0.9570685609626740087, 1.000000000000000000),
 ( 1.000000000000000000, 0.9488880332095369630, 1.000000000000000000),
 ( 1.000000000000000000, 0.9432547151588288603, 1.000000000000000000),
 ( 1.000000000000000000, 0.9321826025349568834, 1.000000000000000000),
 ( 1.000000000000000000, 0.9268523530654775300, 1.000000000000000000),
 ( 1.000000000000000000, 0.9192073681285295450, 1.000000000000000000),
 ( 1.000000000000000000, 0.9170514797511113425, 1.000000000000000000),
 ( 1.000000000000000000, 0.9170288608893597537, 1.000000000000000000),
 ( 1.000000000000000000, 0.9192260099103640725, 1.000000000000000000),
 ( 1.000000000000000000, 0.9267996068666127796, 1.000000000000000000),
 ( 1.000000000000000000, 0.9321812854749759181, 1.000000000000000000),
 ( 1.000000000000000000, 0.9432160661325775797, 1.000000000000000000),
 ( 1.000000000000000000, 0.9488445939139527052, 1.000000000000000000),
 ( 1.000000000000000000, 0.9570263305979525015, 1.000000000000000000),
 ( 1.000000000000000000, 0.9595878455022727183, 1.000000000000000000),
 ( 1.000000000000000000, 0.9595359398070248957, 1.000000000000000000) ) ) 
 REPRESENTATION_ITEM ( '' )  SURFACE ( )  );
#5483 = CARTESIAN_POINT ( 'NONE',  ( -3.722773453796179410, 1.985975370094094528, -9.281909929401569670 ) ) ;
#5484 = FACE_OUTER_BOUND ( 'NONE', #437, .T. ) ;
#5485 = DIRECTION ( 'NONE',  ( 0.000000000000000000, 1.000000000000000000, 0.000000000000000000 ) ) ;
#5486 = CARTESIAN_POINT ( 'NONE',  ( 9.372706491370124127, 2.241156341101739002, 3.161911533876269775 ) ) ;
#5487 = CYLINDRICAL_SURFACE ( 'NONE', #5203, 2.000000000000000000 ) ;
#5488 = CYLINDRICAL_SURFACE ( 'NONE', #1045, 0.4999999999999995559 ) ;
#5489 = VERTEX_POINT ( 'NONE', #6616 ) ;
#5490 = DIRECTION ( 'NONE',  ( 0.000000000000000000, 0.000000000000000000, 1.000000000000000000 ) ) ;
#5491 = ORIENTED_EDGE ( 'NONE', *, *, #2898, .F. ) ;
#5492 = CARTESIAN_POINT ( 'NONE',  ( 4.470479223992320783, 10.00000000000000000, -8.292691572869168581 ) ) ;
#5493 = LINE ( 'NONE', #1109, #3943 ) ;
#5494 = CARTESIAN_POINT ( 'NONE',  ( -1.098630827246566799, 9.500000000000000000, 9.936260398347616984 ) ) ;
#5495 = EDGE_CURVE ( 'NONE', #3578, #7016, #4417, .T. ) ;
#5496 = DIRECTION ( 'NONE',  ( -0.3799932884734135152, 0.000000000000000000, 0.9249892435672758539 ) ) ;
#5497 = CARTESIAN_POINT ( 'NONE',  ( -0.7534911753619775165, 2.127336489724506396, -9.972564319549032774 ) ) ;
#5498 = ORIENTED_EDGE ( 'NONE', *, *, #5781, .T. ) ;
#5499 = CARTESIAN_POINT ( 'NONE',  ( 8.886370973163087328, 2.212953969771219054, 4.322187234833158698 ) ) ;
#5500 = ORIENTED_EDGE ( 'NONE', *, *, #6880, .T. ) ;
#5501 = EDGE_CURVE ( 'NONE', #2900, #3863, #1304, .T. ) ;
#5502 = ADVANCED_FACE ( 'NONE', ( #5571 ), #2239, .T. ) ;
#5503 = DIRECTION ( 'NONE',  ( 0.000000000000000000, 1.000000000000000000, 0.000000000000000000 ) ) ;
#5504 = CARTESIAN_POINT ( 'NONE',  ( -6.518869136509534812, 2.127336489724563684, 7.584466575834694524 ) ) ;
#5505 = CARTESIAN_POINT ( 'NONE',  ( -9.532757696805409964, 1.981868317978805027, 3.023139038583258387 ) ) ;
#5506 = DIRECTION ( 'NONE',  ( -0.000000000000000000, -1.000000000000000000, -0.000000000000000000 ) ) ;
#5507 = CONICAL_SURFACE ( 'NONE', #5397, 7.500000000000000000, 1.396263401595466691 ) ;
#5508 = DIRECTION ( 'NONE',  ( 0.9971414314842893534, 0.000000000000000000, -0.07555769727474681563 ) ) ;
#5509 = DIRECTION ( 'NONE',  ( 0.000000000000000000, -0.000000000000000000, 1.000000000000000000 ) ) ;
#5510 = DIRECTION ( 'NONE',  ( -0.7497524964563453409, -0.000000000000000000, 0.6617183646064827007 ) ) ;
#5511 = CARTESIAN_POINT ( 'NONE',  ( 7.150722883170868016, 1.985975370094197778, -6.991427348825435040 ) ) ;
#5512 = ORIENTED_EDGE ( 'NONE', *, *, #716, .T. ) ;
#5513 = DIRECTION ( 'NONE',  ( 0.000000000000000000, 1.000000000000000000, 0.000000000000000000 ) ) ;
#5514 = AXIS2_PLACEMENT_3D ( 'NONE', #3875, #4954, #4517 ) ;
#5515 = VERTEX_POINT ( 'NONE', #2820 ) ;
#5516 = VECTOR ( 'NONE', #2724, 1000.000000000000114 ) ;
#5517 = CARTESIAN_POINT ( 'NONE',  ( -3.238364770026759043, 1.867418461490419679, -9.461809159397503777 ) ) ;
#5518 = LINE ( 'NONE', #3855, #3257 ) ;
#5519 = DIRECTION ( 'NONE',  ( 0.07555769727474785646, 0.000000000000000000, -0.9971414314842893534 ) ) ;
#5520 = CARTESIAN_POINT ( 'NONE',  ( -0.8133254559657883132, 2.343771222574625224, 9.880520895452910679 ) ) ;
#5521 = CARTESIAN_POINT ( 'NONE',  ( -2.970974231079568817, 9.500000000000000000, 9.469254843656223386 ) ) ;
#5522 = CARTESIAN_POINT ( 'NONE',  ( -4.207513683477613675, 2.179202509440143931, -8.925356074760863123 ) ) ;
#5523 = ORIENTED_EDGE ( 'NONE', *, *, #4085, .F. ) ;
#5524 = CARTESIAN_POINT ( 'NONE',  ( 0.000000000000000000, 9.500000000000000000, 0.000000000000000000 ) ) ;
#5525 = ORIENTED_EDGE ( 'NONE', *, *, #5636, .F. ) ;
#5526 = CARTESIAN_POINT ( 'NONE',  ( 4.462380288428869690, 2.279592747210256398, -8.840214275616601114 ) ) ;
#5527 = CARTESIAN_POINT ( 'NONE',  ( -9.949874371066195877, 2.500000000000001332, -1.010707579139275003 ) ) ;
#5528 = CARTESIAN_POINT ( 'NONE',  ( 9.469254843656191412, 2.500000000000000444, 2.970974231079661632 ) ) ;
#5529 = DIRECTION ( 'NONE',  ( 0.000000000000000000, 0.000000000000000000, 1.000000000000000000 ) ) ;
#5530 = CARTESIAN_POINT ( 'NONE',  ( 8.882643920376594338, 1.975903690497190057, -4.594722306767626385 ) ) ;
#5531 = ORIENTED_EDGE ( 'NONE', *, *, #2844, .F. ) ;
#5532 = DIRECTION ( 'NONE',  ( 0.000000000000000000, 0.000000000000000000, -1.000000000000000000 ) ) ;
#5533 = ORIENTED_EDGE ( 'NONE', *, *, #6431, .T. ) ;
#5534 = VECTOR ( 'NONE', #4277, 1000.000000000000000 ) ;
#5535 = ADVANCED_FACE ( 'NONE', ( #5026, #7094 ), #1616, .T. ) ;
#5536 = TOROIDAL_SURFACE ( 'NONE', #6004, 2.500000000000000000, 0.5000000000000000000 ) ;
#5537 = CARTESIAN_POINT ( 'NONE',  ( -9.157329489925302823, 2.134286657244865104, 3.607922989077443798 ) ) ;
#5538 = CARTESIAN_POINT ( 'NONE',  ( -7.650214500666058015, 1.981868317978699334, 6.441044717001093822 ) ) ;
#5539 = DIRECTION ( 'NONE',  ( -2.081668171172168119E-15, 0.000000000000000000, 1.000000000000000000 ) ) ;
#5540 = DIRECTION ( 'NONE',  ( 0.000000000000000000, -1.000000000000000000, 0.000000000000000000 ) ) ;
#5541 = ORIENTED_EDGE ( 'NONE', *, *, #7142, .T. ) ;
#5542 = EDGE_CURVE ( 'NONE', #4643, #3118, #1551, .T. ) ;
#5543 = TOROIDAL_SURFACE ( 'NONE', #4271, 1.500000000000000000, 0.5000000000000000000 ) ;
#5544 = DIRECTION ( 'NONE',  ( 0.5249775667251639355, 0.000000000000000000, -0.8511160640214271433 ) ) ;
#5545 = AXIS2_PLACEMENT_3D ( 'NONE', #207, #2641, #4839 ) ;
#5546 = EDGE_CURVE ( 'NONE', #4180, #6699, #1063, .T. ) ;
#5547 = CARTESIAN_POINT ( 'NONE',  ( 4.626103053009368082, 10.00000000000000000, 8.297540029607414880 ) ) ;
#5548 = DIRECTION ( 'NONE',  ( -0.9971414314842893534, 0.000000000000000000, 0.07555769727474682951 ) ) ;
#5549 = CIRCLE ( 'NONE', #6817, 2.500000000000000444 ) ;
#5550 = CARTESIAN_POINT ( 'NONE',  ( 9.870053336883946926, 2.242932669926582800, 0.6742980716537674279 ) ) ;
#5551 = ORIENTED_EDGE ( 'NONE', *, *, #4969, .T. ) ;
#5552 = FACE_OUTER_BOUND ( 'NONE', #2479, .T. ) ;
#5553 = EDGE_CURVE ( 'NONE', #960, #5489, #1722, .T. ) ;
#5554 = VERTEX_POINT ( 'NONE', #3506 ) ;
#5555 = CARTESIAN_POINT ( 'NONE',  ( 7.841361078610904478, 2.372020242595190620, -6.205888851312602483 ) ) ;
#5556 = CIRCLE ( 'NONE', #3016, 0.4999999999999996114 ) ;
#5557 = ADVANCED_FACE ( 'NONE', ( #4618 ), #2925, .T. ) ;
#5558 = DIRECTION ( 'NONE',  ( -0.000000000000000000, -1.000000000000000000, -0.000000000000000000 ) ) ;
#5559 = CARTESIAN_POINT ( 'NONE',  ( 4.470479223992089857, 10.00001200000000168, 10.79269157286926628 ) ) ;
#5560 = CARTESIAN_POINT ( 'NONE',  ( 9.058529816459529371, 2.024215165943732853, 4.237709641947863481 ) ) ;
#5561 = CARTESIAN_POINT ( 'NONE',  ( 9.885393354405099586, 2.500000000000000444, 0.8789046617973582665 ) ) ;
#5562 = VECTOR ( 'NONE', #3712, 1000.000000000000000 ) ;
#5563 = FACE_OUTER_BOUND ( 'NONE', #7107, .T. ) ;
#5564 = ORIENTED_EDGE ( 'NONE', *, *, #2139, .T. ) ;
#5565 = DIRECTION ( 'NONE',  ( -0.000000000000000000, -1.000000000000000000, -0.000000000000000000 ) ) ;
#5566 = EDGE_LOOP ( 'NONE', ( #3398, #6333, #3413, #1031 ) ) ;
#5567 = CARTESIAN_POINT ( 'NONE',  ( 2.732734801641954814, 2.377026804319470443, -9.619363830518883773 ) ) ;
#5568 = AXIS2_PLACEMENT_3D ( 'NONE', #3681, #5347, #2600 ) ;
#5569 = DIRECTION ( 'NONE',  ( -0.000000000000000000, -1.000000000000000000, -0.000000000000000000 ) ) ;
#5570 = AXIS2_PLACEMENT_3D ( 'NONE', #6970, #6495, #6562 ) ;
#5571 = FACE_OUTER_BOUND ( 'NONE', #6531, .T. ) ;
#5572 = CARTESIAN_POINT ( 'NONE',  ( -11.68192517863507618, 10.00000000000000000, -4.083818128530453922E-14 ) ) ;
#5573 = VERTEX_POINT ( 'NONE', #2997 ) ;
#5574 = VERTEX_POINT ( 'NONE', #4474 ) ;
#5575 = CIRCLE ( 'NONE', #3154, 0.5000000000000004441 ) ;
#5577 = VECTOR ( 'NONE', #5184, 1000.000000000000114 ) ;
#5576 = CARTESIAN_POINT ( 'NONE',  ( -7.449293024680276432, 9.500000000000000000, -5.895594408747077075 ) ) ;
#5578 = ORIENTED_EDGE ( 'NONE', *, *, #1824, .T. ) ;
#5579 = AXIS2_PLACEMENT_3D ( 'NONE', #265, #2491, #3037 ) ;
#5580 = CIRCLE ( 'NONE', #4997, 7.500000000000000000 ) ;
#5581 = CARTESIAN_POINT ( 'NONE',  ( 5.095752233843723986E-17, 2.500000000000000444, -10.18192517863507618 ) ) ;
#5582 = DIRECTION ( 'NONE',  ( 0.9619363854055792418, 0.000000000000000000, -0.2732734718790845729 ) ) ;
#5583 = CARTESIAN_POINT ( 'NONE',  ( 9.619363854055736240, 9.500000000000000000, 2.732734718791042905 ) ) ;
#5584 = DIRECTION ( 'NONE',  ( 0.000000000000000000, 0.000000000000000000, 1.000000000000000000 ) ) ;
#5585 = ORIENTED_EDGE ( 'NONE', *, *, #953, .T. ) ;
#5586 = CIRCLE ( 'NONE', #6286, 2.500000000000000000 ) ;
#5587 = VECTOR ( 'NONE', #3100, 1000.000000000000114 ) ;
#5588 = FACE_OUTER_BOUND ( 'NONE', #117, .T. ) ;
#5589 = LINE ( 'NONE', #3549, #4077 ) ;
#5590 = DIRECTION ( 'NONE',  ( 0.000000000000000000, 0.000000000000000000, 1.000000000000000000 ) ) ;
#5591 = AXIS2_PLACEMENT_3D ( 'NONE', #5188, #6389, #2554 ) ;
#5592 = ADVANCED_FACE ( 'NONE', ( #3973 ), #6683, .T. ) ;
#5593 = CARTESIAN_POINT ( 'NONE',  ( 7.841361078610902702, 2.500000000000000444, -6.205888851312602483 ) ) ;
#5594 = ORIENTED_EDGE ( 'NONE', *, *, #1570, .F. ) ;
#5595 = EDGE_CURVE ( 'NONE', #1942, #6273, #948, .T. ) ;
#5596 = CARTESIAN_POINT ( 'NONE',  ( -4.061684449357183979, 1.779716818039831061, -9.138852710299545379 ) ) ;
#5597 = CARTESIAN_POINT ( 'NONE',  ( 6.519363922588278015, 2.127032157860248684, 7.584036123450829336 ) ) ;
#5598 = FACE_OUTER_BOUND ( 'NONE', #3107, .T. ) ;
#5599 = EDGE_CURVE ( 'NONE', #4584, #3285, #2342, .T. ) ;
#5600 = CARTESIAN_POINT ( 'NONE',  ( -9.372706491370090376, 2.241156341101761207, -3.161911533876254676 ) ) ;
#5601 = EDGE_CURVE ( 'NONE', #3224, #346, #4547, .T. ) ;
#5602 = ORIENTED_EDGE ( 'NONE', *, *, #2898, .T. ) ;
#5603 = CARTESIAN_POINT ( 'NONE',  ( 4.470479223992089857, 2.500000000000000444, 10.79269157286926628 ) ) ;
#5604 = ORIENTED_EDGE ( 'NONE', *, *, #5286, .T. ) ;
#5605 = CARTESIAN_POINT ( 'NONE',  ( 3.035051535613046081, 2.181508697813343112, -9.529230687413244638 ) ) ;
#5606 = FACE_OUTER_BOUND ( 'NONE', #1584, .T. ) ;
#5607 = DIRECTION ( 'NONE',  ( 0.07555769727474785646, 0.000000000000000000, -0.9971414314842893534 ) ) ;
#5608 = CARTESIAN_POINT ( 'NONE',  ( 1.098630827246565245, 9.500000000000000000, 9.436260398347616984 ) ) ;
#5609 = ORIENTED_EDGE ( 'NONE', *, *, #1351, .T. ) ;
#5610 = B_SPLINE_CURVE_WITH_KNOTS ( 'NONE', 3,
 ( #6252, #6866, #3572, #4656, #2995, #742, #2379, #4577, #5637, #5782 ),
 .UNSPECIFIED., .F., .F.,
 ( 4, 2, 2, 2, 4 ),
 ( 8.940560153363745023E-19, 0.0003768071801346858127, 0.0007536143602693707580, 0.001130421540404055432, 0.001507228720538739998 ),
 .UNSPECIFIED. ) ;
#5611 = CARTESIAN_POINT ( 'NONE',  ( -2.548403532281084960, 8.000000000000000000, -1.851523544721290326 ) ) ;
#5612 = ORIENTED_EDGE ( 'NONE', *, *, #2681, .F. ) ;
#5613 = CARTESIAN_POINT ( 'NONE',  ( -2.732734718790950090, 2.500000000000000444, 9.619363854055762886 ) ) ;
#5614 = ORIENTED_EDGE ( 'NONE', *, *, #4487, .F. ) ;
#5615 = CARTESIAN_POINT ( 'NONE',  ( -6.320945456729107015, 2.500000000000000444, -7.750301822741175961 ) ) ;
#5616 = DIRECTION ( 'NONE',  ( 0.000000000000000000, 1.000000000000000000, -0.000000000000000000 ) ) ;
#5617 = CARTESIAN_POINT ( 'NONE',  ( -0.9734035322810867807, 8.000000000000000000, -2.995828026329733440 ) ) ;
#5618 = CARTESIAN_POINT ( 'NONE',  ( -10.79269157286918812, 10.00000000000000000, -4.470479223992283480 ) ) ;
#5619 = VERTEX_POINT ( 'NONE', #6185 ) ;
#5620 = DIRECTION ( 'NONE',  ( 0.000000000000000000, -1.000000000000000000, 0.000000000000000000 ) ) ;
#5621 = LINE ( 'NONE', #5655, #6980 ) ;
#5622 = DIRECTION ( 'NONE',  ( -0.8734252662744651508, 3.030302627835214092E-15, 0.4869582161062484538 ) ) ;
#5623 = FACE_OUTER_BOUND ( 'NONE', #1228, .T. ) ;
#5624 = ORIENTED_EDGE ( 'NONE', *, *, #1026, .T. ) ;
#5625 = EDGE_CURVE ( 'NONE', #4110, #5257, #744, .T. ) ;
#5626 = LINE ( 'NONE', #5120, #4355 ) ;
#5627 = CARTESIAN_POINT ( 'NONE',  ( 6.981733318280835654, 1.768515498480467629, 7.160420963995043131 ) ) ;
#5628 = CARTESIAN_POINT ( 'NONE',  ( 1.098630827246567021, 9.500000000000000000, 9.436260398347616984 ) ) ;
#5629 = CARTESIAN_POINT ( 'NONE',  ( -9.131270309608176206, 2.134320569920947541, -3.670870801779545722 ) ) ;
#5630 = EDGE_CURVE ( 'NONE', #2159, #2965, #635, .T. ) ;
#5631 = CARTESIAN_POINT ( 'NONE',  ( 9.998058371801505473, 1.992783053389847403, 0.2274354203459213741 ) ) ;
#5632 = CIRCLE ( 'NONE', #4586, 2.000000000000000000 ) ;
#5633 = VERTEX_POINT ( 'NONE', #664 ) ;
#5634 = CARTESIAN_POINT ( 'NONE',  ( -6.368549229222937313, 2.500000000000000444, -7.611508121969626117 ) ) ;
#5635 = ORIENTED_EDGE ( 'NONE', *, *, #3201, .T. ) ;
#5636 = EDGE_CURVE ( 'NONE', #346, #1555, #2884, .T. ) ;
#5637 = CARTESIAN_POINT ( 'NONE',  ( 0.1253416906952663501, 1.768578062440354870, 9.999999999999996447 ) ) ;
#5638 = CARTESIAN_POINT ( 'NONE',  ( 10.79269157286915615, 10.00001200000000168, 4.470479223992352757 ) ) ;
#5639 = DIRECTION ( 'NONE',  ( -0.5249775667251619371, 0.000000000000000000, -0.8511160640214283646 ) ) ;
#5640 = DIRECTION ( 'NONE',  ( -2.081668171172168513E-15, 0.000000000000000000, 1.000000000000000000 ) ) ;
#5641 = EDGE_CURVE ( 'NONE', #6810, #6285, #703, .T. ) ;
#5642 = EDGE_LOOP ( 'NONE', ( #3608, #7113, #4746, #6376 ) ) ;
#5643 = CARTESIAN_POINT ( 'NONE',  ( 8.734252662744630413, 2.371852820628066016, -4.869582161062527170 ) ) ;
#5644 = VERTEX_POINT ( 'NONE', #54 ) ;
#5645 = DIRECTION ( 'NONE',  ( 0.3244301945785603714, 0.000000000000000000, 0.9459096409518815696 ) ) ;
#5646 = VERTEX_POINT ( 'NONE', #6723 ) ;
#5647 = EDGE_CURVE ( 'NONE', #722, #3382, #122, .T. ) ;
#5648 = EDGE_CURVE ( 'NONE', #3462, #6755, #2798, .T. ) ;
#5649 = CARTESIAN_POINT ( 'NONE',  ( -8.801702682749269258, 2.413741176464116123, 4.579470683571290834 ) ) ;
#5650 = CARTESIAN_POINT ( 'NONE',  ( -10.00001032960327585, 1.985975370094251291, -0.1126389525482778264 ) ) ;
#5651 = ORIENTED_EDGE ( 'NONE', *, *, #3248, .F. ) ;
#5652 = ORIENTED_EDGE ( 'NONE', *, *, #2397, .T. ) ;
#5653 = DIRECTION ( 'NONE',  ( 0.000000000000000000, -1.000000000000000000, 0.000000000000000000 ) ) ;
#5654 = VECTOR ( 'NONE', #2832, 1000.000000000000000 ) ;
#5655 = CARTESIAN_POINT ( 'NONE',  ( -4.869582161062614212, 10.00000000000000000, 8.734252662744580675 ) ) ;
#5656 = CARTESIAN_POINT ( 'NONE',  ( 7.611508095585615585, 2.438027874578129861, -6.368549238272164459 ) ) ;
#5657 = AXIS2_PLACEMENT_3D ( 'NONE', #4773, #2610, #4808 ) ;
#5658 = LINE ( 'NONE', #731, #702 ) ;
#5659 = ORIENTED_EDGE ( 'NONE', *, *, #310, .T. ) ;
#5660 = CARTESIAN_POINT ( 'NONE',  ( 8.734252662744527385, 9.500000000000000000, 4.869582161062707470 ) ) ;
#5661 = CARTESIAN_POINT ( 'NONE',  ( 6.908873745391272969, 1.992783053389741932, 7.230516001408626714 ) ) ;
#5662 = FACE_OUTER_BOUND ( 'NONE', #6915, .T. ) ;
#5663 = CARTESIAN_POINT ( 'NONE',  ( -9.461831679522379801, 1.867388762198181507, -3.238311324277313830 ) ) ;
#5664 = CARTESIAN_POINT ( 'NONE',  ( 0.000000000000000000, 10.00000000000000000, 0.000000000000000000 ) ) ;
#5665 = ORIENTED_EDGE ( 'NONE', *, *, #730, .F. ) ;
#5666 = DIRECTION ( 'NONE',  ( -0.000000000000000000, -1.000000000000000000, -0.000000000000000000 ) ) ;
#5667 = CIRCLE ( 'NONE', #4504, 2.500000000000000444 ) ;
#5668 = ORIENTED_EDGE ( 'NONE', *, *, #2938, .T. ) ;
#5669 = CARTESIAN_POINT ( 'NONE',  ( -2.780286464852405715, 2.249819565270344324, 9.606051082930969542 ) ) ;
#5670 = DIRECTION ( 'NONE',  ( -0.9971414314842892423, 0.000000000000000000, -0.07555769727474857811 ) ) ;
#5671 = DIRECTION ( 'NONE',  ( -0.7622926637108774495, 0.000000000000000000, 0.6472324890273780662 ) ) ;
#5672 = AXIS2_PLACEMENT_3D ( 'NONE', #1767, #2855, #1659 ) ;
#5673 = DIRECTION ( 'NONE',  ( 1.000000000000000000, -1.734723475976805517E-15, 0.000000000000000000 ) ) ;
#5674 = EDGE_CURVE ( 'NONE', #2258, #2971, #1293, .T. ) ;
#5675 = CARTESIAN_POINT ( 'NONE',  ( -9.885393354405104915, 10.00001200000000168, -0.8789046617972879893 ) ) ;
#5676 = VERTEX_POINT ( 'NONE', #194 ) ;
#5677 = DIRECTION ( 'NONE',  ( -0.9459096409518816806, 0.000000000000000000, 0.3244301945785603158 ) ) ;
#5678 = EDGE_CURVE ( 'NONE', #5109, #3157, #6043, .T. ) ;
#5679 = ORIENTED_EDGE ( 'NONE', *, *, #1600, .F. ) ;
#5680 = AXIS2_PLACEMENT_3D ( 'NONE', #926, #481, #6981 ) ;
#5681 = ADVANCED_FACE ( 'NONE', ( #3934 ), #6828, .F. ) ;
#5682 = CARTESIAN_POINT ( 'NONE',  ( 0.6199608086382176753, 1.864204402698736107, -9.981404220800481397 ) ) ;
#5683 = CARTESIAN_POINT ( 'NONE',  ( 4.687283918649786330, 2.051189550670913242, -8.833773591331228303 ) ) ;
#5684 = CARTESIAN_POINT ( 'NONE',  ( -9.997538315944970222, 1.779716818039826176, 0.2552196072240165980 ) ) ;
#5685 = AXIS2_PLACEMENT_3D ( 'NONE', #2996, #4184, #4689 ) ;
#5686 = ADVANCED_FACE ( 'NONE', ( #6149 ), #1188, .T. ) ;
#5687 = VECTOR ( 'NONE', #3597, 1000.000000000000114 ) ;
#5688 = DIRECTION ( 'NONE',  ( 0.000000000000000000, 0.000000000000000000, -1.000000000000000000 ) ) ;
#5689 = ORIENTED_EDGE ( 'NONE', *, *, #399, .T. ) ;
#5690 = ADVANCED_FACE ( 'NONE', ( #5243 ), #3733, .T. ) ;
#5691 = ORIENTED_EDGE ( 'NONE', *, *, #2452, .F. ) ;
#5692 = CARTESIAN_POINT ( 'NONE',  ( 9.436260398347604550, 9.500000000000000000, 1.098630827246665387 ) ) ;
#5693 = AXIS2_PLACEMENT_3D ( 'NONE', #42, #4463, #1711 ) ;
#5694 = AXIS2_PLACEMENT_3D ( 'NONE', #7155, #7015, #1032 ) ;
#5695 = CARTESIAN_POINT ( 'NONE',  ( -0.1814307967061967730, 8.000000000000000000, 2.394357833393300883 ) ) ;
#5696 = FACE_OUTER_BOUND ( 'NONE', #853, .T. ) ;
#5697 = CARTESIAN_POINT ( 'NONE',  ( -9.880493916138886945, 2.343452233630471060, 0.8129670326369174971 ) ) ;
#5698 = AXIS2_PLACEMENT_3D ( 'NONE', #3827, #1038, #3358 ) ;
#5699 =( GEOMETRIC_REPRESENTATION_CONTEXT ( 3 ) GLOBAL_UNCERTAINTY_ASSIGNED_CONTEXT ( ( #2268 ) ) GLOBAL_UNIT_ASSIGNED_CONTEXT ( ( #4740, #3015, #6345 ) ) REPRESENTATION_CONTEXT ( 'NONE', 'WORKASPACE' ) );
#5700 = CARTESIAN_POINT ( 'NONE',  ( -9.469254843656210952, 2.500000000000000444, -2.970974231079603012 ) ) ;
#5701 = ORIENTED_EDGE ( 'NONE', *, *, #763, .F. ) ;
#5702 = CARTESIAN_POINT ( 'NONE',  ( -9.932905682471181663, 9.500000000000000000, 1.156453502364769736 ) ) ;
#5703 = AXIS2_PLACEMENT_3D ( 'NONE', #5, #2228, #2125 ) ;
#5704 = CARTESIAN_POINT ( 'NONE',  ( 6.459614026961942201, 2.279592747210350989, 7.505705356597047739 ) ) ;
#5705 = DIRECTION ( 'NONE',  ( 0.000000000000000000, 0.000000000000000000, 1.000000000000000000 ) ) ;
#5706 = FACE_OUTER_BOUND ( 'NONE', #2578, .T. ) ;
#5707 = CARTESIAN_POINT ( 'NONE',  ( 9.932905687524268501, 2.376055744299626404, 1.156453458963230263 ) ) ;
#5708 = ORIENTED_EDGE ( 'NONE', *, *, #1383, .F. ) ;
#5709 = VECTOR ( 'NONE', #6743, 1000.000000000000000 ) ;
#5710 = LINE ( 'NONE', #4686, #604 ) ;
#5711 = VERTEX_POINT ( 'NONE', #4795 ) ;
#5712 = CARTESIAN_POINT ( 'NONE',  ( 4.470479223992320783, 9.500000000000000000, -10.79269157286916858 ) ) ;
#5713 = CYLINDRICAL_SURFACE ( 'NONE', #5218, 2.000000000000000000 ) ;
#5714 = DIRECTION ( 'NONE',  ( -0.9459096409518831239, -0.000000000000000000, 0.3244301945785556529 ) ) ;
#5715 = CARTESIAN_POINT ( 'NONE',  ( -9.469254843656234044, 2.500000000000000444, 2.970974231079531513 ) ) ;
#5716 = LINE ( 'NONE', #2962, #7064 ) ;
#5717 = ORIENTED_EDGE ( 'NONE', *, *, #2686, .T. ) ;
#5718 = CARTESIAN_POINT ( 'NONE',  ( -3.407532819979114169, 2.024441704241237261, 9.402344393979136683 ) ) ;
#5719 = EDGE_LOOP ( 'NONE', ( #4232, #1915, #5206 ) ) ;
#5720 =( BOUNDED_SURFACE ( )  B_SPLINE_SURFACE ( 3, 2, ( 
 ( #6661, #4483, #1735 ),
 ( #1156, #2897, #3444 ),
 ( #6695, #3367, #6084 ),
 ( #4518, #3942, #5140 ),
 ( #6160, #2318, #6735 ),
 ( #6195, #2246, #1199 ),
 ( #643, #6767, #5104 ),
 ( #5070, #4014, #5684 ),
 ( #1773, #4414, #4450 ),
 ( #1230, #5650, #133 ),
 ( #2355, #6627, #1664 ),
 ( #3330, #3876, #1121 ),
 ( #4840, #6040, #2198 ),
 ( #5938, #2132, #7123 ),
 ( #3865, #6650, #1005 ),
 ( #557, #3250, #4334 ),
 ( #1076, #2777, #1036 ),
 ( #7159, #5527, #520 ) ),
 .UNSPECIFIED., .F., .F., .F. ) 
 B_SPLINE_SURFACE_WITH_KNOTS ( ( 4, 2, 2, 2, 2, 2, 2, 2, 4 ),
 ( 3, 3 ),
 ( -2.710505431213761085E-20, 0.0003645422052340792233, 0.0007290844104681584465, 0.001093626615702237778, 0.001458168820936316893, 0.001822711026170396225, 0.002187253231404475556, 0.002551795436638554671, 0.002916337641872633786 ),
 ( 0.000000000000000000, 1.000000000000000000 ),
 .UNSPECIFIED. ) 
 GEOMETRIC_REPRESENTATION_ITEM ( )  RATIONAL_B_SPLINE_SURFACE ( (
 ( 1.000000000000000000, 0.9595359398070242296, 1.000000000000000000),
 ( 1.000000000000000000, 0.9595833763010016559, 1.000000000000000000),
 ( 1.000000000000000000, 0.9570685609626941037, 1.000000000000000000),
 ( 1.000000000000000000, 0.9488880332095164238, 1.000000000000000000),
 ( 1.000000000000000000, 0.9432547151588548395, 1.000000000000000000),
 ( 1.000000000000000000, 0.9321826025349284617, 1.000000000000000000),
 ( 1.000000000000000000, 0.9268523530654563247, 1.000000000000000000),
 ( 1.000000000000000000, 0.9192073681285491960, 1.000000000000000000),
 ( 1.000000000000000000, 0.9170514797510966876, 1.000000000000000000),
 ( 1.000000000000000000, 0.9170288608893719662, 1.000000000000000000),
 ( 1.000000000000000000, 0.9192260099103765070, 1.000000000000000000),
 ( 1.000000000000000000, 0.9267996068665983467, 1.000000000000000000),
 ( 1.000000000000000000, 0.9321812854750020083, 1.000000000000000000),
 ( 1.000000000000000000, 0.9432160661325494910, 1.000000000000000000),
 ( 1.000000000000000000, 0.9488445939139589225, 1.000000000000000000),
 ( 1.000000000000000000, 0.9570263305979453961, 1.000000000000000000),
 ( 1.000000000000000000, 0.9595878455022783804, 1.000000000000000000),
 ( 1.000000000000000000, 0.9595359398070243406, 1.000000000000000000) ) ) 
 REPRESENTATION_ITEM ( '' )  SURFACE ( )  );
#5721 = ADVANCED_FACE ( 'NONE', ( #4761 ), #1947, .F. ) ;
#5722 = CARTESIAN_POINT ( 'NONE',  ( -9.138395661352987531, 9.500000000000000000, 2.596097982851362840 ) ) ;
#5723 = CARTESIAN_POINT ( 'NONE',  ( -4.532526391864117876, 2.343771222574625668, 8.817164848740146610 ) ) ;
#5724 = CARTESIAN_POINT ( 'NONE',  ( 9.436260398347627643, 9.500000000000000000, -1.098630827246467323 ) ) ;
#5725 = DIRECTION ( 'NONE',  ( 0.000000000000000000, 1.000000000000000000, 0.000000000000000000 ) ) ;
#5726 = ADVANCED_FACE ( 'NONE', ( #4690 ), #3381, .T. ) ;
#5727 = EDGE_LOOP ( 'NONE', ( #5665, #4735 ) ) ;
#5728 = VERTEX_POINT ( 'NONE', #7010 ) ;
#5729 = CARTESIAN_POINT ( 'NONE',  ( 1.554148821017839577, 8.000000000000000000, 1.830433831214388851 ) ) ;
#5730 = B_SPLINE_CURVE_WITH_KNOTS ( 'NONE', 3,
 ( #6224, #3324, #161, #1256, #6189, #6112, #1726, #1225, #1114, #4549 ),
 .UNSPECIFIED., .F., .F.,
 ( 4, 2, 2, 2, 4 ),
 ( 0.001038157695929424603, 0.001557274564862423530, 0.001816832999328923210, 0.001946612216562172617, 0.002076391433795422240 ),
 .UNSPECIFIED. ) ;
#5731 = EDGE_CURVE ( 'NONE', #2817, #2848, #1857, .T. ) ;
#5732 = CARTESIAN_POINT ( 'NONE',  ( 0.8789046617972542386, 2.500000000000000444, 9.885393354405108468 ) ) ;
#5733 = DIRECTION ( 'NONE',  ( 0.000000000000000000, 0.000000000000000000, -1.000000000000000000 ) ) ;
#5734 = CARTESIAN_POINT ( 'NONE',  ( -5.895594408747000692, 9.500000000000000000, -7.449293024680335051 ) ) ;
#5735 = ADVANCED_FACE ( 'NONE', ( #3649 ), #1650, .T. ) ;
#5736 = CARTESIAN_POINT ( 'NONE',  ( -1.276266388579325284, 8.000000000000000000, -2.504813822048897354 ) ) ;
#5737 = ORIENTED_EDGE ( 'NONE', *, *, #6344, .F. ) ;
#5738 = DIRECTION ( 'NONE',  ( 0.000000000000000000, 0.000000000000000000, 1.000000000000000000 ) ) ;
#5739 = CIRCLE ( 'NONE', #2617, 0.5000000000000002220 ) ;
#5740 = CARTESIAN_POINT ( 'NONE',  ( 3.162415667432250554, 2.240934156756785089, 9.372453886955891988 ) ) ;
#5741 = CARTESIAN_POINT ( 'NONE',  ( 0.8129670326369515809, 2.343452233630472392, 9.880493916138886945 ) ) ;
#5742 = DIRECTION ( 'NONE',  ( 1.000000000000000000, -0.000000000000000000, 0.000000000000000000 ) ) ;
#5743 = ORIENTED_EDGE ( 'NONE', *, *, #5875, .F. ) ;
#5744 = DIRECTION ( 'NONE',  ( 0.000000000000000000, 1.000000000000000000, 0.000000000000000000 ) ) ;
#5745 = ORIENTED_EDGE ( 'NONE', *, *, #3996, .F. ) ;
#5746 = CARTESIAN_POINT ( 'NONE',  ( -6.205888851312687748, 9.500000000000000000, 7.841361078610836088 ) ) ;
#5747 = LINE ( 'NONE', #817, #7071 ) ;
#5748 = DIRECTION ( 'NONE',  ( 0.9249892435672760760, 0.000000000000000000, 0.3799932884734130711 ) ) ;
#5749 = DIRECTION ( 'NONE',  ( 0.8511160640214272544, 0.000000000000000000, 0.5249775667251637135 ) ) ;
#5750 = ORIENTED_EDGE ( 'NONE', *, *, #4983, .F. ) ;
#5751 = DIRECTION ( 'NONE',  ( 0.000000000000000000, 0.000000000000000000, 1.000000000000000000 ) ) ;
#5752 = ORIENTED_EDGE ( 'NONE', *, *, #5951, .T. ) ;
#5753 = CARTESIAN_POINT ( 'NONE',  ( 0.000000000000000000, 9.500000000000000000, 0.000000000000000000 ) ) ;
#5754 = ORIENTED_EDGE ( 'NONE', *, *, #6747, .F. ) ;
#5755 = AXIS2_PLACEMENT_3D ( 'NONE', #1671, #4967, #4930 ) ;
#5756 = AXIS2_PLACEMENT_3D ( 'NONE', #1289, #4111, #816 ) ;
#5757 = FACE_OUTER_BOUND ( 'NONE', #585, .T. ) ;
#5758 = CARTESIAN_POINT ( 'NONE',  ( 2.970974231079633210, 10.00001200000000168, -9.469254843656200293 ) ) ;
#5759 = CYLINDRICAL_SURFACE ( 'NONE', #1842, 0.5000000000000004441 ) ;
#5760 = CARTESIAN_POINT ( 'NONE',  ( -9.138395661352987531, 9.500000000000000000, 2.596097982851363284 ) ) ;
#5761 = VERTEX_POINT ( 'NONE', #1984 ) ;
#5762 = EDGE_CURVE ( 'NONE', #1694, #6142, #4771, .T. ) ;
#5763 = ORIENTED_EDGE ( 'NONE', *, *, #4382, .T. ) ;
#5764 = CARTESIAN_POINT ( 'NONE',  ( 8.796570338259671828, 9.500000000000000000, 4.594978287206128442 ) ) ;
#5765 = DIRECTION ( 'NONE',  ( 0.000000000000000000, 1.000000000000000000, 0.000000000000000000 ) ) ;
#5766 = CARTESIAN_POINT ( 'NONE',  ( -7.841361078610859181, 2.500000000000000000, 6.205888851312659327 ) ) ;
#5767 = CARTESIAN_POINT ( 'NONE',  ( 1.987831504145224137, 8.000000000000000000, 1.987831504145222805 ) ) ;
#5768 = ADVANCED_FACE ( 'NONE', ( #6430 ), #1190, .F. ) ;
#5769 = DIRECTION ( 'NONE',  ( 1.000000000000000000, -0.000000000000000000, 0.000000000000000000 ) ) ;
#5770 = ORIENTED_EDGE ( 'NONE', *, *, #1597, .T. ) ;
#5771 = AXIS2_PLACEMENT_3D ( 'NONE', #2360, #3482, #614 ) ;
#5772 = CARTESIAN_POINT ( 'NONE',  ( 6.368549229222884911, 2.500000000000000444, 7.611508121969668750 ) ) ;
#5773 = CARTESIAN_POINT ( 'NONE',  ( 1.830433831214388185, 0.000000000000000000, -1.554148821017838911 ) ) ;
#5774 = AXIS2_PLACEMENT_3D ( 'NONE', #5797, #6911, #5838 ) ;
#5775 = CARTESIAN_POINT ( 'NONE',  ( 3.376085567469381932, 2.162166198134948480, -9.266270639987830293 ) ) ;
#5776 = EDGE_CURVE ( 'NONE', #6069, #5644, #1468, .T. ) ;
#5777 = DIRECTION ( 'NONE',  ( 0.000000000000000000, 0.000000000000000000, 1.000000000000000000 ) ) ;
#5778 = ORIENTED_EDGE ( 'NONE', *, *, #4560, .T. ) ;
#5779 = DIRECTION ( 'NONE',  ( 0.000000000000000000, 1.000000000000000000, 0.000000000000000000 ) ) ;
#5780 = EDGE_LOOP ( 'NONE', ( #5097, #6006, #58, #7130 ) ) ;
#5781 = EDGE_CURVE ( 'NONE', #235, #4643, #5349, .T. ) ;
#5782 = CARTESIAN_POINT ( 'NONE',  ( 1.552006135520455375E-13, 1.768578062440346432, 10.00000000000000000 ) ) ;
#5783 = AXIS2_PLACEMENT_3D ( 'NONE', #3221, #5425, #4883 ) ;
#5784 = AXIS2_PLACEMENT_3D ( 'NONE', #4769, #3185, #340 ) ;
#5785 = CARTESIAN_POINT ( 'NONE',  ( 9.988306807122114606, 1.827366529454476307, -0.4991421271719879704 ) ) ;
#5786 = DIRECTION ( 'NONE',  ( 0.000000000000000000, 0.000000000000000000, 1.000000000000000000 ) ) ;
#5787 = CARTESIAN_POINT ( 'NONE',  ( 1.260587625341246687, 8.000000000000000000, -2.043718524445536033 ) ) ;
#5788 = VERTEX_POINT ( 'NONE', #6868 ) ;
#5789 = VECTOR ( 'NONE', #3596, 1000.000000000000000 ) ;
#5790 = CARTESIAN_POINT ( 'NONE',  ( 1.260587625341246687, 0.000000000000000000, -2.043718524445536033 ) ) ;
#5791 = VERTEX_POINT ( 'NONE', #4251 ) ;
#5792 = CARTESIAN_POINT ( 'NONE',  ( -4.400639730061388200, 1.867418461490462978, 8.980379107744514755 ) ) ;
#5793 = ORIENTED_EDGE ( 'NONE', *, *, #6209, .F. ) ;
#5794 = CIRCLE ( 'NONE', #4631, 0.5000000000000002220 ) ;
#5795 = CARTESIAN_POINT ( 'NONE',  ( 9.297048667841313119, 2.183709232977779635, -3.313989850241865209 ) ) ;
#5796 = CARTESIAN_POINT ( 'NONE',  ( -3.154773929212183248, 2.242561475665997506, 9.376460923696708250 ) ) ;
#5797 = CARTESIAN_POINT ( 'NONE',  ( 0.000000000000000000, 9.500000000000000000, 0.000000000000000000 ) ) ;
#5798 = DIRECTION ( 'NONE',  ( 0.06224953160688741910, 3.462718366572878094E-15, 0.9980606173047423813 ) ) ;
#5799 = ORIENTED_EDGE ( 'NONE', *, *, #6431, .F. ) ;
#5800 = CIRCLE ( 'NONE', #5570, 2.000000000000000000 ) ;
#5801 = ORIENTED_EDGE ( 'NONE', *, *, #4466, .T. ) ;
#5802 = AXIS2_PLACEMENT_3D ( 'NONE', #4865, #5413, #2153 ) ;
#5803 = CIRCLE ( 'NONE', #6844, 0.5000000000000004441 ) ;
#5804 = CARTESIAN_POINT ( 'NONE',  ( -0.1012763761842776500, 2.134257748930265208, 9.840950097952873676 ) ) ;
#5805 = CARTESIAN_POINT ( 'NONE',  ( 8.796570338259767752, 2.456216401094831525, -4.594978287205941037 ) ) ;
#5806 = SPHERICAL_SURFACE ( 'NONE', #3887, 0.5000000000000000000 ) ;
#5807 = DIRECTION ( 'NONE',  ( 0.000000000000000000, 1.000000000000000000, 0.000000000000000000 ) ) ;
#5808 = DIRECTION ( 'NONE',  ( 0.000000000000000000, 0.000000000000000000, 1.000000000000000000 ) ) ;
#5809 = TOROIDAL_SURFACE ( 'NONE', #3727, 1.500000000000000000, 0.5000000000000000000 ) ;
#5810 = VECTOR ( 'NONE', #1990, 1000.000000000000000 ) ;
#5811 = ORIENTED_EDGE ( 'NONE', *, *, #3603, .F. ) ;
#5812 = CARTESIAN_POINT ( 'NONE',  ( -3.032607996840894771, 1.975531022569853024, -9.529747859751829253 ) ) ;
#5813 = ADVANCED_FACE ( 'NONE', ( #3719 ), #6328, .T. ) ;
#5814 = FACE_OUTER_BOUND ( 'NONE', #6951, .T. ) ;
#5815 = AXIS2_PLACEMENT_3D ( 'NONE', #453, #1687, #601 ) ;
#5816 = AXIS2_PLACEMENT_3D ( 'NONE', #3633, #5843, #3123 ) ;
#5817 = LINE ( 'NONE', #3640, #5059 ) ;
#5818 = DIRECTION ( 'NONE',  ( 0.9971414314842893534, 0.000000000000000000, -0.07555769727474608011 ) ) ;
#5819 = EDGE_CURVE ( 'NONE', #5573, #1980, #2348, .T. ) ;
#5820 = ORIENTED_EDGE ( 'NONE', *, *, #6168, .F. ) ;
#5821 = DIRECTION ( 'NONE',  ( 0.000000000000000000, 1.000000000000000000, 0.000000000000000000 ) ) ;
#5822 = ORIENTED_EDGE ( 'NONE', *, *, #1037, .T. ) ;
#5823 = VECTOR ( 'NONE', #4606, 1000.000000000000000 ) ;
#5824 = DIRECTION ( 'NONE',  ( 0.000000000000000000, 1.000000000000000000, 0.000000000000000000 ) ) ;
#5825 = CARTESIAN_POINT ( 'NONE',  ( 0.5673463196692557498, 0.000000000000000000, 2.333234819276244210 ) ) ;
#5826 = B_SPLINE_CURVE_WITH_KNOTS ( 'NONE', 3,
 ( #2043, #947, #3561, #907, #1902, #2584, #5293, #4131, #6382, #1422, #4743, #6957, #5880, #2007, #3635, #4205, #1489, #4237 ),
 .UNSPECIFIED., .F., .F.,
 ( 4, 2, 2, 2, 2, 2, 2, 2, 4 ),
 ( 4.848699518061080308E-19, 0.0003765522689820490865, 0.0007531045379640976308, 0.001129656806946146338, 0.001506209075928194828, 0.001882761344910242884, 0.002259313613892291375, 0.002635865882874339431, 0.003012418151856387921 ),
 .UNSPECIFIED. ) ;
#5827 = ADVANCED_FACE ( 'NONE', ( #3758 ), #2632, .T. ) ;
#5828 = DIRECTION ( 'NONE',  ( 0.000000000000000000, 1.000000000000000000, 0.000000000000000000 ) ) ;
#5829 = DIRECTION ( 'NONE',  ( 0.000000000000000000, 0.000000000000000000, 1.000000000000000000 ) ) ;
#5830 = CIRCLE ( 'NONE', #2353, 2.500000000000000444 ) ;
#5831 = CARTESIAN_POINT ( 'NONE',  ( 1.098630827246567243, 9.500000000000000000, -9.436260398347616984 ) ) ;
#5832 = VERTEX_POINT ( 'NONE', #5964 ) ;
#5833 = CARTESIAN_POINT ( 'NONE',  ( 9.619363854055736240, 10.00000000000000000, 2.732734718791042905 ) ) ;
#5834 = ORIENTED_EDGE ( 'NONE', *, *, #4023, .F. ) ;
#5835 = CARTESIAN_POINT ( 'NONE',  ( 9.324037261860105730, 1.992783053389767245, -3.615968364881859021 ) ) ;
#5836 = EDGE_CURVE ( 'NONE', #2312, #3222, #1644, .T. ) ;
#5837 = DIRECTION ( 'NONE',  ( 0.9971414314842893534, 0.000000000000000000, -0.07555769727474685726 ) ) ;
#5838 = DIRECTION ( 'NONE',  ( 7.105427357601001859E-15, 0.000000000000000000, 1.000000000000000000 ) ) ;
#5839 = DIRECTION ( 'NONE',  ( 0.000000000000000000, 0.000000000000000000, 1.000000000000000000 ) ) ;
#5840 = ORIENTED_EDGE ( 'NONE', *, *, #626, .F. ) ;
#5841 = ORIENTED_EDGE ( 'NONE', *, *, #4698, .T. ) ;
#5842 = CARTESIAN_POINT ( 'NONE',  ( 0.7534911753619846220, 2.127336489724479307, 9.972564319548931522 ) ) ;
#5843 = DIRECTION ( 'NONE',  ( -0.000000000000000000, 1.000000000000000000, 0.000000000000000000 ) ) ;
#5844 = LINE ( 'NONE', #799, #1683 ) ;
#5845 = DIRECTION ( 'NONE',  ( -0.2732734718791048900, 1.668693630159320756E-15, 0.9619363854055735796 ) ) ;
#5846 = CARTESIAN_POINT ( 'NONE',  ( 8.801569444818207799, 2.414533010808959546, 4.579874499418558287 ) ) ;
#5847 = ORIENTED_EDGE ( 'NONE', *, *, #2147, .F. ) ;
#5848 = CARTESIAN_POINT ( 'NONE',  ( -2.732734718790878148, 2.500000000000000000, -9.619363854055782426 ) ) ;
#5849 = CARTESIAN_POINT ( 'NONE',  ( 3.955849480317296329, 2.139858412045565927, 9.015827962026250475 ) ) ;
#5850 = LINE ( 'NONE', #2016, #4010 ) ;
#5851 = DIRECTION ( 'NONE',  ( 0.000000000000000000, 0.000000000000000000, 1.000000000000000000 ) ) ;
#5852 = ORIENTED_EDGE ( 'NONE', *, *, #6916, .T. ) ;
#5853 = ADVANCED_FACE ( 'NONE', ( #1572 ), #843, .T. ) ;
#5854 = FACE_OUTER_BOUND ( 'NONE', #3670, .T. ) ;
#5855 = ORIENTED_EDGE ( 'NONE', *, *, #1357, .T. ) ;
#5856 = CARTESIAN_POINT ( 'NONE',  ( 2.221104420305847427, 0.000000000000000000, -0.9124482025973561505 ) ) ;
#5857 = LINE ( 'NONE', #3539, #1517 ) ;
#5858 = DIRECTION ( 'NONE',  ( -0.1156453502364819669, 0.000000000000000000, 0.9932905682471174780 ) ) ;
#5859 = ADVANCED_FACE ( 'NONE', ( #3280 ), #4359, .T. ) ;
#5860 = DIRECTION ( 'NONE',  ( 0.000000000000000000, 0.000000000000000000, 1.000000000000000000 ) ) ;
#5861 = DIRECTION ( 'NONE',  ( 0.8982659121149801917, 0.000000000000000000, 0.4394523308986342247 ) ) ;
#5862 = ORIENTED_EDGE ( 'NONE', *, *, #3781, .T. ) ;
#5863 = EDGE_CURVE ( 'NONE', #4372, #5791, #4975, .T. ) ;
#5864 = CARTESIAN_POINT ( 'NONE',  ( -1.851523544721287884, 8.000000000000000000, 2.548403532281085848 ) ) ;
#5865 = ORIENTED_EDGE ( 'NONE', *, *, #897, .F. ) ;
#5866 = DIRECTION ( 'NONE',  ( 0.000000000000000000, 0.000000000000000000, 1.000000000000000000 ) ) ;
#5867 = CARTESIAN_POINT ( 'NONE',  ( 9.015827962026204290, 2.139858412045621883, -3.955849480317234601 ) ) ;
#5868 = CARTESIAN_POINT ( 'NONE',  ( -0.1710720760170511001, 2.134286657244864216, 9.840961641373077384 ) ) ;
#5869 = CARTESIAN_POINT ( 'NONE',  ( 0.000000000000000000, 10.00000000000000000, 0.000000000000000000 ) ) ;
#5870 = ORIENTED_EDGE ( 'NONE', *, *, #4570, .T. ) ;
#5871 = ADVANCED_FACE ( 'NONE', ( #998 ), #6101, .T. ) ;
#5872 = AXIS2_PLACEMENT_3D ( 'NONE', #3710, #1535, #7075 ) ;
#5873 = EDGE_LOOP ( 'NONE', ( #6903, #1622, #2878, #2838 ) ) ;
#5874 = TOROIDAL_SURFACE ( 'NONE', #5401, 2.500000000000000000, 0.5000000000000000000 ) ;
#5875 = EDGE_CURVE ( 'NONE', #4167, #2465, #2805, .T. ) ;
#5876 = EDGE_CURVE ( 'NONE', #1757, #1766, #4195, .T. ) ;
#5877 = CARTESIAN_POINT ( 'NONE',  ( 1.156453502364808372, 2.500000000000000444, 9.932905682471176334 ) ) ;
#5878 = LINE ( 'NONE', #873, #6283 ) ;
#5879 = CARTESIAN_POINT ( 'NONE',  ( 10.79269157286925029, 9.500000000000000000, -4.470479223992127160 ) ) ;
#5880 = CARTESIAN_POINT ( 'NONE',  ( -9.981440441647267292, 1.863989508453880672, -0.6193966764491916077 ) ) ;
#5881 = DIRECTION ( 'NONE',  ( 0.9716864685947458335, 0.000000000000000000, -0.2362740077746005307 ) ) ;
#5882 = ORIENTED_EDGE ( 'NONE', *, *, #1119, .T. ) ;
#5883 = CARTESIAN_POINT ( 'NONE',  ( 0.000000000000000000, 9.992403876506100957, 0.000000000000000000 ) ) ;
#5884 = CARTESIAN_POINT ( 'NONE',  ( 3.615968364881823049, 1.992783053389769243, 9.324037261860222969 ) ) ;
#5885 = CARTESIAN_POINT ( 'NONE',  ( 4.411637572855640954, 2.250472257925432817, -8.856894585430339362 ) ) ;
#5886 = VERTEX_POINT ( 'NONE', #4904 ) ;
#5887 = PLANE ( 'NONE',  #6733 ) ;
#5888 = VERTEX_POINT ( 'NONE', #4431 ) ;
#5889 = CARTESIAN_POINT ( 'NONE',  ( -2.548403532281083628, 8.000000000000000000, 1.851523544721290992 ) ) ;
#5890 = AXIS2_PLACEMENT_3D ( 'NONE', #1583, #5904, #935 ) ;
#5891 = DIRECTION ( 'NONE',  ( 0.000000000000000000, 1.000000000000000000, 0.000000000000000000 ) ) ;
#5892 = AXIS2_PLACEMENT_3D ( 'NONE', #2652, #1016, #7138 ) ;
#5893 = DIRECTION ( 'NONE',  ( 0.000000000000000000, 1.000000000000000000, 0.000000000000000000 ) ) ;
#5894 = DIRECTION ( 'NONE',  ( -0.000000000000000000, -1.000000000000000000, -0.000000000000000000 ) ) ;
#5895 = ORIENTED_EDGE ( 'NONE', *, *, #1153, .T. ) ;
#5896 = CARTESIAN_POINT ( 'NONE',  ( -1.830433831214388851, 8.000000000000000000, 1.554148821017839577 ) ) ;
#5897 = AXIS2_PLACEMENT_3D ( 'NONE', #3868, #1658, #5529 ) ;
#5898 = VERTEX_POINT ( 'NONE', #1604 ) ;
#5899 = FACE_OUTER_BOUND ( 'NONE', #4399, .T. ) ;
#5900 = CARTESIAN_POINT ( 'NONE',  ( 9.255370840007596911, 2.164537838121661117, -3.399310659689277259 ) ) ;
#5901 = EDGE_CURVE ( 'NONE', #6789, #5133, #6165, .T. ) ;
#5902 = AXIS2_PLACEMENT_3D ( 'NONE', #1948, #4691, #1294 ) ;
#5903 = CARTESIAN_POINT ( 'NONE',  ( 9.606967333087576222, 2.257089604130888993, 2.777044024017675028 ) ) ;
#5904 = DIRECTION ( 'NONE',  ( 0.000000000000000000, 1.000000000000000000, 0.000000000000000000 ) ) ;
#5905 = CARTESIAN_POINT ( 'NONE',  ( -0.5073013465713087644, 1.829430187479121006, -9.987920442738133175 ) ) ;
#5906 = ORIENTED_EDGE ( 'NONE', *, *, #6883, .T. ) ;
#5907 = VERTEX_POINT ( 'NONE', #2664 ) ;
#5908 = EDGE_CURVE ( 'NONE', #4033, #3637, #1533, .T. ) ;
#5909 = VECTOR ( 'NONE', #1067, 1000.000000000000000 ) ;
#5910 = EDGE_CURVE ( 'NONE', #788, #658, #4654, .T. ) ;
#5911 = CARTESIAN_POINT ( 'NONE',  ( -1.098630827246567687, 2.500000000000000000, 9.436260398347616984 ) ) ;
#5912 = AXIS2_PLACEMENT_3D ( 'NONE', #1957, #5725, #5839 ) ;
#5913 = CARTESIAN_POINT ( 'NONE',  ( 2.995828026329736549, 8.000000000000000000, -0.9734035322810845603 ) ) ;
#5914 = ORIENTED_EDGE ( 'NONE', *, *, #4255, .F. ) ;
#5915 = VECTOR ( 'NONE', #6759, 1000.000000000000000 ) ;
#5916 = AXIS2_PLACEMENT_3D ( 'NONE', #3351, #4540, #2877 ) ;
#5917 = DIRECTION ( 'NONE',  ( -0.9932905682471177000, 0.000000000000000000, -0.1156453502364798158 ) ) ;
#5918 = CARTESIAN_POINT ( 'NONE',  ( 2.732734718790808870, 2.500000000000000444, 9.619363854055801966 ) ) ;
#5919 = SPHERICAL_SURFACE ( 'NONE', #2975, 0.5000000000000000000 ) ;
#5920 = TOROIDAL_SURFACE ( 'NONE', #1997, 2.500000000000000000, 0.5000000000000000000 ) ;
#5921 = CIRCLE ( 'NONE', #1630, 0.4999999999999995559 ) ;
#5922 = DIRECTION ( 'NONE',  ( 0.000000000000000000, 1.000000000000000000, 0.000000000000000000 ) ) ;
#5923 = ORIENTED_EDGE ( 'NONE', *, *, #6221, .T. ) ;
#5924 = CARTESIAN_POINT ( 'NONE',  ( -6.555906814057296472, 2.212953969771218610, -7.393847267223429220 ) ) ;
#5925 = ORIENTED_EDGE ( 'NONE', *, *, #3283, .F. ) ;
#5926 = CARTESIAN_POINT ( 'NONE',  ( 0.000000000000000000, 9.500000000000000000, 0.000000000000000000 ) ) ;
#5927 = VECTOR ( 'NONE', #2852, 1000.000000000000000 ) ;
#5928 = CARTESIAN_POINT ( 'NONE',  ( 7.841361078610773916, 2.500000000000000444, 6.205888851312768573 ) ) ;
#5929 = AXIS2_PLACEMENT_3D ( 'NONE', #3146, #2129, #414 ) ;
#5930 = CARTESIAN_POINT ( 'NONE',  ( -9.848044610950887900, 2.147145517465060660, -0.3433206859913316977 ) ) ;
#5931 = CARTESIAN_POINT ( 'NONE',  ( -1.987831504145221917, 8.000000000000000000, 1.987831504145224581 ) ) ;
#5932 = VERTEX_POINT ( 'NONE', #2733 ) ;
#5933 = CIRCLE ( 'NONE', #5591, 2.000000000000000000 ) ;
#5935 = CARTESIAN_POINT ( 'NONE',  ( -9.619363854055778873, 2.372020242595189732, 2.732734718790907458 ) ) ;
#5934 = AXIS2_PLACEMENT_3D ( 'NONE', #3824, #3219, #1579 ) ;
#5936 = ORIENTED_EDGE ( 'NONE', *, *, #5282, .F. ) ;
#5937 = DIRECTION ( 'NONE',  ( 0.000000000000000000, 1.000000000000000000, 0.000000000000000000 ) ) ;
#5938 = CARTESIAN_POINT ( 'NONE',  ( -9.869222397742538178, 2.240934156756750006, -0.6649917147100213866 ) ) ;
#5939 = CARTESIAN_POINT ( 'NONE',  ( 9.579266327989117258, 2.500000000000000888, -2.873880030200179903 ) ) ;
#5940 = AXIS2_PLACEMENT_3D ( 'NONE', #2543, #872, #3014 ) ;
#5941 = DIRECTION ( 'NONE',  ( 0.000000000000000000, 0.000000000000000000, 1.000000000000000000 ) ) ;
#5942 = ORIENTED_EDGE ( 'NONE', *, *, #4651, .F. ) ;
#5943 = CARTESIAN_POINT ( 'NONE',  ( -0.8426567133883746674, 2.181508697813370201, -9.965325131732972963 ) ) ;
#5944 = ORIENTED_EDGE ( 'NONE', *, *, #2359, .F. ) ;
#5945 = ORIENTED_EDGE ( 'NONE', *, *, #4918, .T. ) ;
#5946 = EDGE_CURVE ( 'NONE', #6847, #6846, #4938, .T. ) ;
#5947 = CARTESIAN_POINT ( 'NONE',  ( -0.9585349633982749307, 2.059185488125292895, 9.954245716881924722 ) ) ;
#5948 = ADVANCED_FACE ( 'NONE', ( #7043 ), #724, .F. ) ;
#5949 = DIRECTION ( 'NONE',  ( 0.000000000000000000, 1.000000000000000000, 0.000000000000000000 ) ) ;
#5950 = CARTESIAN_POINT ( 'NONE',  ( -8.980357240025648835, 1.867388762198215701, 4.400693446046308743 ) ) ;
#5951 = EDGE_CURVE ( 'NONE', #958, #5489, #5990, .T. ) ;
#5952 = CYLINDRICAL_SURFACE ( 'NONE', #2876, 2.000000000000000000 ) ;
#5953 = EDGE_CURVE ( 'NONE', #870, #2031, #5237, .T. ) ;
#5954 = DIRECTION ( 'NONE',  ( 0.000000000000000000, 0.000000000000000000, 1.000000000000000000 ) ) ;
#5955 = LINE ( 'NONE', #6491, #5244 ) ;
#5956 = EDGE_CURVE ( 'NONE', #1394, #6285, #547, .T. ) ;
#5957 = CARTESIAN_POINT ( 'NONE',  ( 0.8789046617972537945, 2.456300505299522818, -9.885393354405113797 ) ) ;
#5958 = CYLINDRICAL_SURFACE ( 'NONE', #4168, 0.5000000000000004441 ) ;
#5959 = ORIENTED_EDGE ( 'NONE', *, *, #7133, .F. ) ;
#5960 = CARTESIAN_POINT ( 'NONE',  ( -0.9734035322810867807, 8.000000000000000000, -2.995828026329733440 ) ) ;
#5961 = ORIENTED_EDGE ( 'NONE', *, *, #3812, .F. ) ;
#5962 = LINE ( 'NONE', #1499, #2513 ) ;
#5963 = FACE_OUTER_BOUND ( 'NONE', #5566, .T. ) ;
#5964 = CARTESIAN_POINT ( 'NONE',  ( 0.4397714266284741269, 8.000000000000000000, 2.776607510986326410 ) ) ;
#5965 = DIRECTION ( 'NONE',  ( 0.000000000000000000, 1.000000000000000000, 0.000000000000000000 ) ) ;
#5966 = DIRECTION ( 'NONE',  ( -0.000000000000000000, -1.000000000000000000, 0.000000000000000000 ) ) ;
#5967 = EDGE_LOOP ( 'NONE', ( #1498, #4419, #6369, #4230 ) ) ;
#5968 = DIRECTION ( 'NONE',  ( -0.6472324890273781772, 0.000000000000000000, -0.7622926637108773384 ) ) ;
#5969 = ORIENTED_EDGE ( 'NONE', *, *, #6349, .T. ) ;
#5970 = CARTESIAN_POINT ( 'NONE',  ( 4.532184927350010106, 2.343452233630471504, 8.817277085773898904 ) ) ;
#5971 = CARTESIAN_POINT ( 'NONE',  ( 7.644210560722253689, 1.975903690497188725, 6.448168809503489030 ) ) ;
#5972 = DIRECTION ( 'NONE',  ( -0.7622926637108775605, 0.000000000000000000, -0.6472324890273779552 ) ) ;
#5973 = CARTESIAN_POINT ( 'NONE',  ( 4.869582161062490755, 2.500000000000000444, 8.734252662744646400 ) ) ;
#5974 = CARTESIAN_POINT ( 'NONE',  ( 0.6649917147099829728, 2.240934156756782869, -9.869222397742516861 ) ) ;
#5975 = ORIENTED_EDGE ( 'NONE', *, *, #5625, .T. ) ;
#5976 = ORIENTED_EDGE ( 'NONE', *, *, #6557, .F. ) ;
#5977 = CARTESIAN_POINT ( 'NONE',  ( -7.750301776586351998, 2.410376625841677445, -6.320945513048448205 ) ) ;
#5978 = CARTESIAN_POINT ( 'NONE',  ( -6.389094439620915722, 2.378544800988999786, 7.587710600652862070 ) ) ;
#5979 = CARTESIAN_POINT ( 'NONE',  ( -8.829327179896832689, 2.059838893144255945, 4.695612462786846741 ) ) ;
#5980 = PLANE ( 'NONE',  #4601 ) ;
#5981 = DIRECTION ( 'NONE',  ( 0.000000000000000000, 0.000000000000000000, 1.000000000000000000 ) ) ;
#5982 = DIRECTION ( 'NONE',  ( -0.000000000000000000, -1.000000000000000000, -0.000000000000000000 ) ) ;
#5983 = ADVANCED_FACE ( 'NONE', ( #2261 ), #182, .T. ) ;
#5984 = DIRECTION ( 'NONE',  ( 0.7841361078610770141, 0.000000000000000000, 0.6205888851312771903 ) ) ;
#5985 = CARTESIAN_POINT ( 'NONE',  ( 6.411709747915605107, 2.343452233630470616, -7.561418751232873880 ) ) ;
#5986 = EDGE_CURVE ( 'NONE', #2612, #4238, #3423, .T. ) ;
#5987 = ORIENTED_EDGE ( 'NONE', *, *, #6427, .T. ) ;
#5988 = CARTESIAN_POINT ( 'NONE',  ( -2.732734760822057574, 2.376055744299646388, -9.619363842115276952 ) ) ;
#5989 = DIRECTION ( 'NONE',  ( 0.000000000000000000, 0.000000000000000000, 1.000000000000000000 ) ) ;
#5990 = LINE ( 'NONE', #2086, #5121 ) ;
#5991 = ADVANCED_FACE ( 'NONE', ( #5598 ), #2334, .T. ) ;
#5992 = DIRECTION ( 'NONE',  ( 0.000000000000000000, 0.000000000000000000, 1.000000000000000000 ) ) ;
#5993 = DIRECTION ( 'NONE',  ( 0.000000000000000000, 1.000000000000000000, 0.000000000000000000 ) ) ;
#5994 = EDGE_CURVE ( 'NONE', #6905, #1801, #6739, .T. ) ;
#5995 = ORIENTED_EDGE ( 'NONE', *, *, #984, .T. ) ;
#5996 = DIRECTION ( 'NONE',  ( -0.3799932884734116278, 0.000000000000000000, 0.9249892435672766311 ) ) ;
#5997 = VERTEX_POINT ( 'NONE', #6675 ) ;
#5998 = CARTESIAN_POINT ( 'NONE',  ( 4.321516740380989319, 2.212746796842759878, 8.886597848284445433 ) ) ;
#5999 = AXIS2_PLACEMENT_3D ( 'NONE', #5692, #2394, #6234 ) ;
#6000 = DIRECTION ( 'NONE',  ( 0.000000000000000000, 1.000000000000000000, 0.000000000000000000 ) ) ;
#6001 = DIRECTION ( 'NONE',  ( 0.7497524964563306860, -8.646148171803674275E-15, 0.6617183646064993541 ) ) ;
#6002 = FACE_OUTER_BOUND ( 'NONE', #5967, .T. ) ;
#6003 = ORIENTED_EDGE ( 'NONE', *, *, #7173, .T. ) ;
#6004 = AXIS2_PLACEMENT_3D ( 'NONE', #7136, #535, #5584 ) ;
#6005 = CARTESIAN_POINT ( 'NONE',  ( 0.9711828485914549836, 2.321832774718816328, -9.953906951267310177 ) ) ;
#6006 = ORIENTED_EDGE ( 'NONE', *, *, #4127, .F. ) ;
#6007 = CARTESIAN_POINT ( 'NONE',  ( 1.276266388579322841, 0.000000000000000000, -2.504813822048899130 ) ) ;
#6008 = ORIENTED_EDGE ( 'NONE', *, *, #4923, .T. ) ;
#6009 = DIRECTION ( 'NONE',  ( -8.673617379884035472E-16, 0.000000000000000000, 1.000000000000000000 ) ) ;
#6010 = CARTESIAN_POINT ( 'NONE',  ( -6.990103614099532514, 1.986052934431255634, 7.152017281988750419 ) ) ;
#6011 = CARTESIAN_POINT ( 'NONE',  ( -9.297048667841398384, 2.183709232977730341, 3.313989850241857216 ) ) ;
#6012 = CYLINDRICAL_SURFACE ( 'NONE', #208, 0.5000000000000004441 ) ;
#6013 = VECTOR ( 'NONE', #2391, 1000.000000000000000 ) ;
#6014 = CARTESIAN_POINT ( 'NONE',  ( -1.156453502364807262, 10.00000000000000000, 9.932905682471178110 ) ) ;
#6015 = CARTESIAN_POINT ( 'NONE',  ( -4.470479223992246176, 10.00001200000000168, 10.79269157286920411 ) ) ;
#6016 = AXIS2_PLACEMENT_3D ( 'NONE', #638, #6762, #3074 ) ;
#6017 = CARTESIAN_POINT ( 'NONE',  ( 5.895594408746948289, 9.500000000000000000, 7.449293024680377684 ) ) ;
#6018 = CARTESIAN_POINT ( 'NONE',  ( 6.990103614099528961, 1.986052934431176809, -7.152017281988749531 ) ) ;
#6019 = B_SPLINE_CURVE_WITH_KNOTS ( 'NONE', 3,
 ( #7038, #1497, #918, #3136, #2597, #370, #5924, #2081, #6497, #2051, #994, #962, #4284, #3205, #3714, #1538, #6425, #5343 ),
 .UNSPECIFIED., .F., .F.,
 ( 4, 2, 2, 2, 2, 2, 2, 2, 4 ),
 ( 0.000000000000000000, 0.0001297744646122133208, 0.0002595489292244266416, 0.0005190978584488556685, 0.001038195716897716758, 0.001557293575346578064, 0.001816842504571007742, 0.001946616969183223231, 0.002076391433795439154 ),
 .UNSPECIFIED. ) ;
#6020 = ORIENTED_EDGE ( 'NONE', *, *, #6171, .F. ) ;
#6021 = CARTESIAN_POINT ( 'NONE',  ( 2.548403532281085848, 8.000000000000000000, 1.851523544721291437 ) ) ;
#6022 = ORIENTED_EDGE ( 'NONE', *, *, #4698, .F. ) ;
#6023 = ADVANCED_FACE ( 'NONE', ( #1752 ), #1712, .F. ) ;
#6024 = CARTESIAN_POINT ( 'NONE',  ( 6.619703835945526471, 1.864094386502768153, -7.496156162786325794 ) ) ;
#6025 = DIRECTION ( 'NONE',  ( 0.000000000000000000, 1.000000000000000000, 0.000000000000000000 ) ) ;
#6026 = DIRECTION ( 'NONE',  ( 0.000000000000000000, 0.000000000000000000, 1.000000000000000000 ) ) ;
#6027 = TOROIDAL_SURFACE ( 'NONE', #2570, 2.500000000000000000, 0.5000000000000000000 ) ;
#6028 = CIRCLE ( 'NONE', #2909, 2.000000000000000000 ) ;
#6029 = CARTESIAN_POINT ( 'NONE',  ( 8.796570336523400258, 2.438027874578128973, 4.594978259368051710 ) ) ;
#6030 = EDGE_CURVE ( 'NONE', #6142, #3653, #2233, .T. ) ;
#6031 = CARTESIAN_POINT ( 'NONE',  ( -9.138395661352987531, 9.500000000000000000, 2.596097982851362396 ) ) ;
#6032 = CARTESIAN_POINT ( 'NONE',  ( -9.436260398347620537, 10.00000000000000000, 1.098630827246533492 ) ) ;
#6033 = ORIENTED_EDGE ( 'NONE', *, *, #3694, .F. ) ;
#6034 = DIRECTION ( 'NONE',  ( 0.000000000000000000, 1.000000000000000000, -0.000000000000000000 ) ) ;
#6035 = ORIENTED_EDGE ( 'NONE', *, *, #1597, .F. ) ;
#6036 = TOROIDAL_SURFACE ( 'NONE', #588, 1.500000000000000000, 0.5000000000000000000 ) ;
#6037 = EDGE_CURVE ( 'NONE', #4408, #5323, #3738, .T. ) ;
#6038 = AXIS2_PLACEMENT_3D ( 'NONE', #5603, #3862, #6070 ) ;
#6039 = CARTESIAN_POINT ( 'NONE',  ( 3.708174382605566421, 1.768641139222086212, -9.287931484318793451 ) ) ;
#6040 = CARTESIAN_POINT ( 'NONE',  ( -9.985235750618224770, 2.048970607329088089, -0.5565875801683495272 ) ) ;
#6041 = CARTESIAN_POINT ( 'NONE',  ( -4.470479223992169793, 9.500000000000000000, -10.79269157286923075 ) ) ;
#6042 = CARTESIAN_POINT ( 'NONE',  ( -4.594978287205977452, 9.500000000000000000, -8.796570338259748212 ) ) ;
#6043 = CIRCLE ( 'NONE', #2921, 0.5000000000000004441 ) ;
#6044 = ORIENTED_EDGE ( 'NONE', *, *, #730, .T. ) ;
#6045 = VECTOR ( 'NONE', #5291, 1000.000000000000000 ) ;
#6046 = CARTESIAN_POINT ( 'NONE',  ( 6.720854740644856662, 2.147145517465060216, 7.206383511017152799 ) ) ;
#6047 = VERTEX_POINT ( 'NONE', #3964 ) ;
#6048 = PLANE ( 'NONE',  #3149 ) ;
#6049 = EDGE_LOOP ( 'NONE', ( #4215, #3535, #6635, #6233 ) ) ;
#6050 = AXIS2_PLACEMENT_3D ( 'NONE', #1135, #2296, #5705 ) ;
#6051 = CARTESIAN_POINT ( 'NONE',  ( 2.333234819276243766, 0.000000000000000000, -0.5673463196692560828 ) ) ;
#6052 = CARTESIAN_POINT ( 'NONE',  ( -7.249987813959647198, 2.164537838121664226, 6.682430624000275543 ) ) ;
#6053 = CARTESIAN_POINT ( 'NONE',  ( -9.015827962026206066, 2.139858412045573921, 3.955849480317362055 ) ) ;
#6054 = CIRCLE ( 'NONE', #2590, 2.000000000000000000 ) ;
#6055 = SPHERICAL_SURFACE ( 'NONE', #6607, 0.5000000000000000000 ) ;
#6056 = DIRECTION ( 'NONE',  ( -0.07555769727474859199, 0.000000000000000000, 0.9971414314842892423 ) ) ;
#6057 = DIRECTION ( 'NONE',  ( 0.000000000000000000, 1.000000000000000000, 0.000000000000000000 ) ) ;
#6058 = DIRECTION ( 'NONE',  ( 0.7841361078610891155, 0.000000000000000000, -0.6205888851312616472 ) ) ;
#6059 = CARTESIAN_POINT ( 'NONE',  ( 6.612695775979709367, 1.867388762198125551, -7.502344536136426711 ) ) ;
#6060 = CARTESIAN_POINT ( 'NONE',  ( 5.095752233843723986E-17, 2.500000000000000444, -11.68192517863507618 ) ) ;
#6061 = ORIENTED_EDGE ( 'NONE', *, *, #909, .T. ) ;
#6062 = CARTESIAN_POINT ( 'NONE',  ( 7.414766135587769647, 1.827040335878404198, -6.710920482711932422 ) ) ;
#6063 = CARTESIAN_POINT ( 'NONE',  ( 4.470479223992089857, 9.500000000000000000, 10.79269157286926628 ) ) ;
#6064 = CARTESIAN_POINT ( 'NONE',  ( 4.470479223992320783, 2.500000000000000444, -10.79269157286916858 ) ) ;
#6065 = CARTESIAN_POINT ( 'NONE',  ( 8.805704236984210453, 2.500000000000000444, 4.741424121641925282 ) ) ;
#6066 = CYLINDRICAL_SURFACE ( 'NONE', #1851, 0.5000000000000004441 ) ;
#6067 = ADVANCED_FACE ( 'NONE', ( #5662 ), #372, .F. ) ;
#6068 = CARTESIAN_POINT ( 'NONE',  ( 9.953844047997533195, 2.322848788353918170, -0.9718434144855475632 ) ) ;
#6069 = VERTEX_POINT ( 'NONE', #6752 ) ;
#6070 = DIRECTION ( 'NONE',  ( 0.000000000000000000, 0.000000000000000000, 1.000000000000000000 ) ) ;
#6071 = VERTEX_POINT ( 'NONE', #3347 ) ;
#6072 = CARTESIAN_POINT ( 'NONE',  ( 4.391160136452750606, 2.240934156756798856, -8.863491263196666026 ) ) ;
#6073 = EDGE_CURVE ( 'NONE', #262, #1295, #624, .T. ) ;
#6074 = CARTESIAN_POINT ( 'NONE',  ( 6.891745755504229187, 1.779448407880939387, 7.247002898594095299 ) ) ;
#6075 = CARTESIAN_POINT ( 'NONE',  ( -2.776607510986325966, 0.000000000000000000, 0.4397714266284747930 ) ) ;
#6076 = CARTESIAN_POINT ( 'NONE',  ( 0.000000000000000000, 9.500000000000000000, 0.000000000000000000 ) ) ;
#6077 = EDGE_CURVE ( 'NONE', #5208, #4809, #5586, .T. ) ;
#6078 = CARTESIAN_POINT ( 'NONE',  ( 1.098630827246564134, 10.00001200000000168, 9.436260398347616984 ) ) ;
#6079 = ORIENTED_EDGE ( 'NONE', *, *, #4123, .T. ) ;
#6080 = CARTESIAN_POINT ( 'NONE',  ( -6.205888851312631793, 2.500000000000000000, -7.841361078610879609 ) ) ;
#6081 = VERTEX_POINT ( 'NONE', #1787 ) ;
#6082 = AXIS2_PLACEMENT_3D ( 'NONE', #4424, #6529, #5984 ) ;
#6083 = CARTESIAN_POINT ( 'NONE',  ( -6.519363922588278903, 2.127032157860246908, -7.584036123450784928 ) ) ;
#6084 = CARTESIAN_POINT ( 'NONE',  ( -9.938409227484198638, 2.257089604130914307, 1.110773098972519080 ) ) ;
#6085 = EDGE_CURVE ( 'NONE', #658, #788, #7089, .T. ) ;
#6086 = CARTESIAN_POINT ( 'NONE',  ( -9.334341087458859931, 1.779849606445597310, 3.589669876561300654 ) ) ;
#6087 = CYLINDRICAL_SURFACE ( 'NONE', #1471, 0.5000000000000000000 ) ;
#6088 = AXIS2_PLACEMENT_3D ( 'NONE', #3057, #4130, #2477 ) ;
#6089 = EDGE_CURVE ( 'NONE', #395, #3092, #3924, .T. ) ;
#6090 = ORIENTED_EDGE ( 'NONE', *, *, #1601, .T. ) ;
#6091 = CYLINDRICAL_SURFACE ( 'NONE', #4955, 0.4999999999999995559 ) ;
#6092 = DIRECTION ( 'NONE',  ( -1.000000000000000000, 0.000000000000000000, 0.000000000000000000 ) ) ;
#6093 = CARTESIAN_POINT ( 'NONE',  ( -6.556373006456560404, 2.212746796842760766, 7.393314632472678838 ) ) ;
#6094 = CARTESIAN_POINT ( 'NONE',  ( 6.885828264191680148, 2.134320569920991950, -7.031412306681169788 ) ) ;
#6095 = EDGE_LOOP ( 'NONE', ( #4267, #3970, #2068, #4544 ) ) ;
#6096 = DIRECTION ( 'NONE',  ( 0.2362740077746010581, 0.000000000000000000, 0.9716864685947456115 ) ) ;
#6097 = TOROIDAL_SURFACE ( 'NONE', #5391, 2.500000000000000000, 0.5000000000000000000 ) ;
#6098 = ORIENTED_EDGE ( 'NONE', *, *, #1789, .F. ) ;
#6099 = CARTESIAN_POINT ( 'NONE',  ( 7.711024474176564780, 2.051189550670911022, -6.367596717411051266 ) ) ;
#6100 = CARTESIAN_POINT ( 'NONE',  ( 7.454229574658429947, 2.048945620300651083, 6.667026640275437899 ) ) ;
#6101 = PLANE ( 'NONE',  #5703 ) ;
#6102 = CARTESIAN_POINT ( 'NONE',  ( 9.402344393979101156, 2.024441704241288331, 3.407532819979131489 ) ) ;
#6103 = CARTESIAN_POINT ( 'NONE',  ( -9.885393354405115574, 2.456216401094830637, 0.8789046617972195996 ) ) ;
#6104 = SPHERICAL_SURFACE ( 'NONE', #5916, 0.5000000000000000000 ) ;
#6105 = VERTEX_POINT ( 'NONE', #5155 ) ;
#6106 = DIRECTION ( 'NONE',  ( 0.000000000000000000, 1.000000000000000000, 0.000000000000000000 ) ) ;
#6107 = ORIENTED_EDGE ( 'NONE', *, *, #951, .T. ) ;
#6108 = DIRECTION ( 'NONE',  ( 0.000000000000000000, 0.000000000000000000, 1.000000000000000000 ) ) ;
#6109 = DIRECTION ( 'NONE',  ( 0.000000000000000000, -1.000000000000000000, -0.000000000000000000 ) ) ;
#6110 = FACE_OUTER_BOUND ( 'NONE', #5376, .T. ) ;
#6111 = CARTESIAN_POINT ( 'NONE',  ( -9.439495114672165954, 2.343452233630472392, -3.030017723230745919 ) ) ;
#6112 = CARTESIAN_POINT ( 'NONE',  ( -0.7802833614000859175, 2.314660967463562979, -9.878023738053542502 ) ) ;
#6113 = B_SPLINE_CURVE_WITH_KNOTS ( 'NONE', 3,
 ( #3088, #6851, #1929, #4161, #2476, #1452, #6955, #4675, #3592, #906, #3666, #1900, #797, #4779, #1348, #5221, #5805, #2544 ),
 .UNSPECIFIED., .F., .F.,
 ( 4, 2, 2, 2, 2, 2, 2, 2, 4 ),
 ( 0.000000000000000000, 0.0001297744646122139713, 0.0002595489292244279426, 0.0005190978584488570779, 0.001038195716897717408, 0.001557293575346575896, 0.001816842504571006657, 0.001946616969183221279, 0.002076391433795436118 ),
 .UNSPECIFIED. ) ;
#6114 = ORIENTED_EDGE ( 'NONE', *, *, #4893, .F. ) ;
#6115 = CARTESIAN_POINT ( 'NONE',  ( -3.577945097074317626, 2.139858412045548608, 9.172361082845750246 ) ) ;
#6116 = VERTEX_POINT ( 'NONE', #2951 ) ;
#6117 = VECTOR ( 'NONE', #1741, 1000.000000000000000 ) ;
#6118 = EDGE_CURVE ( 'NONE', #2783, #4110, #3962, .T. ) ;
#6119 = VECTOR ( 'NONE', #6800, 1000.000000000000114 ) ;
#6120 = CARTESIAN_POINT ( 'NONE',  ( 0.000000000000000000, -4.000000000000000000, -10.00000000000000000 ) ) ;
#6121 = CARTESIAN_POINT ( 'NONE',  ( -7.716501220627760560, 2.059185488125159225, 6.360928075380931190 ) ) ;
#6122 = DIRECTION ( 'NONE',  ( 0.000000000000000000, 0.000000000000000000, 1.000000000000000000 ) ) ;
#6123 = EDGE_CURVE ( 'NONE', #6047, #4809, #603, .T. ) ;
#6124 = CARTESIAN_POINT ( 'NONE',  ( -2.504813822048899130, 8.000000000000000000, -1.276266388579321509 ) ) ;
#6125 = ORIENTED_EDGE ( 'NONE', *, *, #5986, .T. ) ;
#6126 = AXIS2_PLACEMENT_3D ( 'NONE', #2926, #1330, #3073 ) ;
#6127 = DIRECTION ( 'NONE',  ( 0.000000000000000000, -0.000000000000000000, 1.000000000000000000 ) ) ;
#6128 = EDGE_CURVE ( 'NONE', #2910, #845, #5009, .T. ) ;
#6129 = DIRECTION ( 'NONE',  ( -0.9619363854055745788, -5.119841889459035912E-15, -0.2732734718791015593 ) ) ;
#6130 = FACE_OUTER_BOUND ( 'NONE', #6180, .T. ) ;
#6131 = VECTOR ( 'NONE', #4102, 1000.000000000000000 ) ;
#6132 = CARTESIAN_POINT ( 'NONE',  ( 3.593834903188136476, 1.779448407880940719, 9.332714570764954587 ) ) ;
#6133 = CARTESIAN_POINT ( 'NONE',  ( 5.895594408747105497, 10.00001200000000168, -7.449293024680252451 ) ) ;
#6134 = ORIENTED_EDGE ( 'NONE', *, *, #6085, .F. ) ;
#6135 = CARTESIAN_POINT ( 'NONE',  ( -2.970974231079501315, 2.500000000000000888, -9.469254843656241150 ) ) ;
#6136 = CIRCLE ( 'NONE', #341, 0.4999999999999993894 ) ;
#6137 = CARTESIAN_POINT ( 'NONE',  ( 2.504813822048898242, 0.000000000000000000, -1.276266388579323952 ) ) ;
#6138 = CARTESIAN_POINT ( 'NONE',  ( 0.000000000000000000, 9.500000000000000000, 0.000000000000000000 ) ) ;
#6139 = CARTESIAN_POINT ( 'NONE',  ( -9.297069126686265506, 2.183694385698125906, -3.313945104772944017 ) ) ;
#6140 = AXIS2_PLACEMENT_3D ( 'NONE', #1865, #1941, #4715 ) ;
#6141 = CARTESIAN_POINT ( 'NONE',  ( 9.885393330222424169, 2.438513403071528973, -0.8789046123663315502 ) ) ;
#6142 = VERTEX_POINT ( 'NONE', #1282 ) ;
#6143 = CYLINDRICAL_SURFACE ( 'NONE', #4760, 0.5000000000000000000 ) ;
#6144 = ORIENTED_EDGE ( 'NONE', *, *, #2409, .F. ) ;
#6145 = CARTESIAN_POINT ( 'NONE',  ( 4.036214224533209993, 1.992783053389820980, -9.149965727261260895 ) ) ;
#6146 = VECTOR ( 'NONE', #5199, 1000.000000000000114 ) ;
#6147 = DIRECTION ( 'NONE',  ( -0.3799932884734116278, 0.000000000000000000, -0.9249892435672766311 ) ) ;
#6148 = VECTOR ( 'NONE', #6383, 1000.000000000000000 ) ;
#6149 = FACE_OUTER_BOUND ( 'NONE', #7051, .T. ) ;
#6150 = DIRECTION ( 'NONE',  ( -0.9249892435672758539, 0.000000000000000000, -0.3799932884734135152 ) ) ;
#6151 = CARTESIAN_POINT ( 'NONE',  ( 9.619363854055796637, 2.372020242595191064, -2.732734718790839512 ) ) ;
#6152 = VERTEX_POINT ( 'NONE', #4682 ) ;
#6153 = CIRCLE ( 'NONE', #242, 2.000000000000000000 ) ;
#6155 = CARTESIAN_POINT ( 'NONE',  ( -3.306919296390166352, 2.048945620300598680, 9.438170773037411365 ) ) ;
#6154 = CIRCLE ( 'NONE', #5694, 10.00000000000000000 ) ;
#6156 = ORIENTED_EDGE ( 'NONE', *, *, #2215, .F. ) ;
#6157 = AXIS2_PLACEMENT_3D ( 'NONE', #3252, #2199, #3899 ) ;
#6158 = AXIS2_PLACEMENT_3D ( 'NONE', #3793, #1655, #3765 ) ;
#6159 = CARTESIAN_POINT ( 'NONE',  ( -6.667061058747221658, 2.048970607329140048, -7.454194763269635260 ) ) ;
#6160 = CARTESIAN_POINT ( 'NONE',  ( -9.869262850230963835, 2.241156341101827376, 0.6655541409083821636 ) ) ;
#6161 = CARTESIAN_POINT ( 'NONE',  ( 1.098630827246564134, 2.500000000000000444, 9.936260398347616984 ) ) ;
#6162 = CARTESIAN_POINT ( 'NONE',  ( 9.885393354405117350, 2.500000000000000444, -0.8789046617971486564 ) ) ;
#6163 = ADVANCED_FACE ( 'NONE', ( #5814 ), #3096, .T. ) ;
#6164 = VERTEX_POINT ( 'NONE', #772 ) ;
#6165 = CIRCLE ( 'NONE', #4536, 0.4999999999999996669 ) ;
#6166 = TOROIDAL_SURFACE ( 'NONE', #6602, 1.500000000000000000, 0.5000000000000000000 ) ;
#6167 = CARTESIAN_POINT ( 'NONE',  ( 4.626103053009367194, 9.500000000000000000, 8.297540029607414880 ) ) ;
#6168 = EDGE_CURVE ( 'NONE', #6991, #5515, #5933, .T. ) ;
#6169 = AXIS2_PLACEMENT_3D ( 'NONE', #2654, #7141, #6058 ) ;
#6170 = CARTESIAN_POINT ( 'NONE',  ( 7.454194763269710755, 2.048970607329085425, -6.667061058747194124 ) ) ;
#6171 = EDGE_CURVE ( 'NONE', #658, #1326, #5298, .T. ) ;
#6172 = CYLINDRICAL_SURFACE ( 'NONE', #4520, 0.4999999999999995559 ) ;
#6173 = ORIENTED_EDGE ( 'NONE', *, *, #4428, .T. ) ;
#6174 = FACE_OUTER_BOUND ( 'NONE', #4074, .T. ) ;
#6175 = CARTESIAN_POINT ( 'NONE',  ( 7.449240532993913533, 2.241156341101763871, 6.508004840427759063 ) ) ;
#6176 = CARTESIAN_POINT ( 'NONE',  ( -10.79269157286918812, 2.500000000000000444, -4.470479223992283480 ) ) ;
#6177 = CARTESIAN_POINT ( 'NONE',  ( 0.8626134409955009685, 2.413741176464117011, 9.884200519446094901 ) ) ;
#6178 = EDGE_CURVE ( 'NONE', #348, #4372, #1938, .T. ) ;
#6179 = CARTESIAN_POINT ( 'NONE',  ( 10.00001032960327585, 1.985975370094251291, 0.1126389525483428716 ) ) ;
#6180 = EDGE_LOOP ( 'NONE', ( #1234, #3129, #6519, #2699 ) ) ;
#6181 = DIRECTION ( 'NONE',  ( 0.4869582161062525616, 1.689475698598605935E-15, 0.8734252662744628193 ) ) ;
#6182 = ORIENTED_EDGE ( 'NONE', *, *, #4433, .T. ) ;
#6183 = CARTESIAN_POINT ( 'NONE',  ( -2.732734718790946093, 2.500000000000000444, 9.619363854055764662 ) ) ;
#6184 = DIRECTION ( 'NONE',  ( -0.000000000000000000, -1.000000000000000000, -0.000000000000000000 ) ) ;
#6185 = CARTESIAN_POINT ( 'NONE',  ( -1.987831504145221917, 0.000000000000000000, 1.987831504145224581 ) ) ;
#6186 =( BOUNDED_SURFACE ( )  B_SPLINE_SURFACE ( 3, 2, ( 
 ( #4142, #886, #4719 ),
 ( #2083, #406, #5304 ),
 ( #4864, #373, #4287 ),
 ( #920, #6499, #855 ),
 ( #3102, #6428, #2599 ),
 ( #330, #1541, #1398 ),
 ( #3069, #2562, #4757 ),
 ( #6976, #2022, #5596 ),
 ( #1640, #474, #621 ),
 ( #3785, #5483, #2123 ),
 ( #6638, #586, #4902 ),
 ( #2764, #1024, #7114 ),
 ( #1710, #3921, #5517 ),
 ( #3344, #6598, #4429 ),
 ( #1674, #41, #3239 ),
 ( #4462, #2840, #4972 ),
 ( #6564, #5047, #5988 ),
 ( #6135, #1173, #1099 ) ),
 .UNSPECIFIED., .F., .F., .F. ) 
 B_SPLINE_SURFACE_WITH_KNOTS ( ( 4, 2, 2, 2, 2, 2, 2, 2, 4 ),
 ( 3, 3 ),
 ( 0.000000000000000000, 0.0003645422052340795485, 0.0007290844104681590970, 0.001093626615702238646, 0.001458168820936318194, 0.001822711026170397743, 0.002187253231404477291, 0.002551795436638556840, 0.002916337641872636388 ),
 ( 0.000000000000000000, 1.000000000000000000 ),
 .UNSPECIFIED. ) 
 GEOMETRIC_REPRESENTATION_ITEM ( )  RATIONAL_B_SPLINE_SURFACE ( (
 ( 1.000000000000000000, 0.9595359398070240076, 1.000000000000000000),
 ( 1.000000000000000000, 0.9595833763010122031, 1.000000000000000000),
 ( 1.000000000000000000, 0.9570685609626806700, 1.000000000000000000),
 ( 1.000000000000000000, 0.9488880332095300796, 1.000000000000000000),
 ( 1.000000000000000000, 0.9432547151588688283, 1.000000000000000000),
 ( 1.000000000000000000, 0.9321826025349153610, 1.000000000000000000),
 ( 1.000000000000000000, 0.9268523530654622089, 1.000000000000000000),
 ( 1.000000000000000000, 0.9192073681285430897, 1.000000000000000000),
 ( 1.000000000000000000, 0.9170514797511436500, 1.000000000000000000),
 ( 1.000000000000000000, 0.9170288608893247817, 1.000000000000000000),
 ( 1.000000000000000000, 0.9192260099103564119, 1.000000000000000000),
 ( 1.000000000000000000, 0.9267996068666186638, 1.000000000000000000),
 ( 1.000000000000000000, 0.9321812854750221033, 1.000000000000000000),
 ( 1.000000000000000000, 0.9432160661325289519, 1.000000000000000000),
 ( 1.000000000000000000, 0.9488445939139790175, 1.000000000000000000),
 ( 1.000000000000000000, 0.9570263305979248569, 1.000000000000000000),
 ( 1.000000000000000000, 0.9595878455022934794, 1.000000000000000000),
 ( 1.000000000000000000, 0.9595359398070243406, 1.000000000000000000) ) ) 
 REPRESENTATION_ITEM ( '' )  SURFACE ( )  );
#6187 = CARTESIAN_POINT ( 'NONE',  ( -7.644210560722302539, 1.975903690497189613, -6.448168809503435739 ) ) ;
#6188 = ORIENTED_EDGE ( 'NONE', *, *, #6261, .T. ) ;
#6189 = CARTESIAN_POINT ( 'NONE',  ( -0.6735739733511522109, 2.242555917439471358, -9.869999213054430953 ) ) ;
#6190 = VERTEX_POINT ( 'NONE', #3132 ) ;
#6191 = DIRECTION ( 'NONE',  ( -0.000000000000000000, -1.000000000000000000, -0.000000000000000000 ) ) ;
#6192 = ORIENTED_EDGE ( 'NONE', *, *, #1428, .T. ) ;
#6193 = SHAPE_DEFINITION_REPRESENTATION ( #5264, #4626 ) ;
#6194 = CARTESIAN_POINT ( 'NONE',  ( -8.827500525282450994, 2.314666110110170649, 4.501049684337815826 ) ) ;
#6195 = CARTESIAN_POINT ( 'NONE',  ( -9.857563765852088267, 2.183694385698054852, 0.4961482701701762643 ) ) ;
#6196 = DIRECTION ( 'NONE',  ( 0.000000000000000000, 0.000000000000000000, -1.000000000000000000 ) ) ;
#6197 = EDGE_LOOP ( 'NONE', ( #3770, #3581, #1081 ) ) ;
#6198 = ORIENTED_EDGE ( 'NONE', *, *, #5405, .F. ) ;
#6199 = DIRECTION ( 'NONE',  ( 0.000000000000000000, 0.000000000000000000, 1.000000000000000000 ) ) ;
#6200 = DIRECTION ( 'NONE',  ( 0.000000000000000000, 0.000000000000000000, 1.000000000000000000 ) ) ;
#6201 = CARTESIAN_POINT ( 'NONE',  ( 3.247483976280275186, 1.863989508453881339, 9.458681375157466320 ) ) ;
#6202 = DIRECTION ( 'NONE',  ( 0.000000000000000000, 0.000000000000000000, -1.000000000000000000 ) ) ;
#6203 = ORIENTED_EDGE ( 'NONE', *, *, #6958, .F. ) ;
#6204 = DIRECTION ( 'NONE',  ( 0.000000000000000000, -1.000000000000000000, 0.000000000000000000 ) ) ;
#6205 = CARTESIAN_POINT ( 'NONE',  ( 7.650708865474373788, 1.982312691401796556, 6.440463711590015627 ) ) ;
#6206 = ADVANCED_FACE ( 'NONE', ( #5266 ), #2440, .T. ) ;
#6207 = CARTESIAN_POINT ( 'NONE',  ( 11.68192517863507618, 10.00000000000000000, 1.224126288112367485E-13 ) ) ;
#6208 = CARTESIAN_POINT ( 'NONE',  ( -8.980379107744456135, 1.867418461490397696, -4.400639730061502775 ) ) ;
#6209 = EDGE_CURVE ( 'NONE', #4783, #3157, #5372, .T. ) ;
#6210 = CARTESIAN_POINT ( 'NONE',  ( -0.5673463196692578592, 8.000000000000000000, -2.333234819276244210 ) ) ;
#6211 = AXIS2_PLACEMENT_3D ( 'NONE', #240, #5837, #3080 ) ;
#6212 = VECTOR ( 'NONE', #7006, 1000.000000000000000 ) ;
#6213 = EDGE_CURVE ( 'NONE', #6789, #4033, #5830, .T. ) ;
#6214 = EDGE_LOOP ( 'NONE', ( #877, #3545 ) ) ;
#6215 = CARTESIAN_POINT ( 'NONE',  ( -7.449293024680273767, 10.00001200000000168, -5.895594408747079740 ) ) ;
#6216 = ORIENTED_EDGE ( 'NONE', *, *, #6297, .T. ) ;
#6217 = CARTESIAN_POINT ( 'NONE',  ( -2.732734718790947870, 2.371852820628067349, 9.619363854055766438 ) ) ;
#6218 = DIRECTION ( 'NONE',  ( -0.6617183646064965785, 0.000000000000000000, -0.7497524964563330174 ) ) ;
#6219 = EDGE_CURVE ( 'NONE', #1405, #5119, #609, .T. ) ;
#6220 = DIRECTION ( 'NONE',  ( -0.4869582161062552816, 0.000000000000000000, -0.8734252662744613760 ) ) ;
#6221 = EDGE_CURVE ( 'NONE', #2352, #4934, #4777, .T. ) ;
#6222 = CARTESIAN_POINT ( 'NONE',  ( 7.841361078610902702, 9.500000000000000000, -6.205888851312603371 ) ) ;
#6223 = ORIENTED_EDGE ( 'NONE', *, *, #4871, .F. ) ;
#6224 = CARTESIAN_POINT ( 'NONE',  ( -7.756855835314287261E-16, 2.134289031220173438, -9.840962589317538090 ) ) ;
#6225 = ORIENTED_EDGE ( 'NONE', *, *, #2370, .T. ) ;
#6226 = FACE_OUTER_BOUND ( 'NONE', #1139, .T. ) ;
#6227 = VERTEX_POINT ( 'NONE', #2759 ) ;
#6228 = CARTESIAN_POINT ( 'NONE',  ( 0.8454647138118350780, 1.975769384896712610, -9.964836729267570803 ) ) ;
#6229 = DIRECTION ( 'NONE',  ( 0.000000000000000000, 0.000000000000000000, 1.000000000000000000 ) ) ;
#6230 = CARTESIAN_POINT ( 'NONE',  ( -7.750301822741153757, 2.500000000000000444, 6.320945456729134548 ) ) ;
#6231 = DIRECTION ( 'NONE',  ( -1.000000000000000000, 0.000000000000000000, 0.000000000000000000 ) ) ;
#6232 = ORIENTED_EDGE ( 'NONE', *, *, #3992, .T. ) ;
#6233 = ORIENTED_EDGE ( 'NONE', *, *, #40, .F. ) ;
#6234 = DIRECTION ( 'NONE',  ( 0.8982659121149889625, 0.000000000000000000, -0.4394523308986160726 ) ) ;
#6235 = VECTOR ( 'NONE', #4925, 1000.000000000000000 ) ;
#6236 = CARTESIAN_POINT ( 'NONE',  ( 0.1814307967061945526, 8.000000000000000000, 2.394357833393303547 ) ) ;
#6237 = CARTESIAN_POINT ( 'NONE',  ( 2.781258658605647138, 2.248135892564181226, 9.605768406060239073 ) ) ;
#6238 = CARTESIAN_POINT ( 'NONE',  ( -5.895594408747050430, 2.500000000000000444, 7.449293024680296860 ) ) ;
#6239 = CIRCLE ( 'NONE', #5312, 2.000000000000000000 ) ;
#6240 = LINE ( 'NONE', #4598, #5106 ) ;
#6241 = ORIENTED_EDGE ( 'NONE', *, *, #4085, .T. ) ;
#6242 = CARTESIAN_POINT ( 'NONE',  ( 6.815466159439638183, 2.139924804626883947, 7.105199791446664470 ) ) ;
#6243 = VECTOR ( 'NONE', #6653, 1000.000000000000000 ) ;
#6244 = DIRECTION ( 'NONE',  ( 0.000000000000000000, 0.000000000000000000, 1.000000000000000000 ) ) ;
#6245 = CARTESIAN_POINT ( 'NONE',  ( -8.734252684022067115, 2.376055744299570449, -4.869582122898566290 ) ) ;
#6246 = CARTESIAN_POINT ( 'NONE',  ( 9.949874374723588488, 2.409665417632330442, 1.010707542388718627 ) ) ;
#6247 = ORIENTED_EDGE ( 'NONE', *, *, #3593, .T. ) ;
#6248 = EDGE_CURVE ( 'NONE', #5396, #3222, #1019, .T. ) ;
#6249 = LINE ( 'NONE', #883, #131 ) ;
#6250 = AXIS2_PLACEMENT_3D ( 'NONE', #3058, #1454, #3018 ) ;
#6251 = ORIENTED_EDGE ( 'NONE', *, *, #2364, .F. ) ;
#6252 = CARTESIAN_POINT ( 'NONE',  ( 1.156453502364804375, 2.500000000000000444, 9.932905682471176334 ) ) ;
#6253 = CARTESIAN_POINT ( 'NONE',  ( 7.841361078610772140, 10.00000000000000000, 6.205888851312770349 ) ) ;
#6254 = DIRECTION ( 'NONE',  ( -0.000000000000000000, -1.000000000000000000, 0.000000000000000000 ) ) ;
#6255 = EDGE_CURVE ( 'NONE', #2971, #6932, #3853, .T. ) ;
#6256 = CIRCLE ( 'NONE', #3137, 2.500000000000000444 ) ;
#6257 = DIRECTION ( 'NONE',  ( -1.401920620564771354E-15, -1.000000000000000000, -7.816086743456955292E-16 ) ) ;
#6258 = ORIENTED_EDGE ( 'NONE', *, *, #2809, .F. ) ;
#6259 = CARTESIAN_POINT ( 'NONE',  ( -8.260368511126747748, 9.500000000000000000, 8.260368511126719326 ) ) ;
#6260 = EDGE_LOOP ( 'NONE', ( #6610, #5303, #1638, #108 ) ) ;
#6261 = EDGE_CURVE ( 'NONE', #613, #3863, #3054, .T. ) ;
#6262 = SPHERICAL_SURFACE ( 'NONE', #2447, 0.5000000000000000000 ) ;
#6263 = VERTEX_POINT ( 'NONE', #4965 ) ;
#6264 = AXIS2_PLACEMENT_3D ( 'NONE', #4282, #5442, #472 ) ;
#6265 = CARTESIAN_POINT ( 'NONE',  ( 2.394357833393303103, 8.000000000000000000, -0.1814307967061945248 ) ) ;
#6266 = DIRECTION ( 'NONE',  ( 0.000000000000000000, 0.000000000000000000, 1.000000000000000000 ) ) ;
#6267 = LINE ( 'NONE', #5758, #186 ) ;
#6268 = CARTESIAN_POINT ( 'NONE',  ( 4.470479223992320783, 9.500000000000000000, -10.79269157286916858 ) ) ;
#6269 = CIRCLE ( 'NONE', #942, 7.456920242929495402 ) ;
#6270 = AXIS2_PLACEMENT_3D ( 'NONE', #495, #2587, #3091 ) ;
#6271 = CARTESIAN_POINT ( 'NONE',  ( 6.368549229223043895, 2.500000000000000444, -7.611508121969533747 ) ) ;
#6272 = ORIENTED_EDGE ( 'NONE', *, *, #5674, .T. ) ;
#6273 = VERTEX_POINT ( 'NONE', #4381 ) ;
#6274 = DIRECTION ( 'NONE',  ( 0.000000000000000000, -1.000000000000000000, -0.000000000000000000 ) ) ;
#6275 = EDGE_CURVE ( 'NONE', #300, #2900, #6859, .T. ) ;
#6276 = CIRCLE ( 'NONE', #3837, 7.543744331762958666 ) ;
#6277 = AXIS2_PLACEMENT_3D ( 'NONE', #1395, #1287, #6324 ) ;
#6278 = CARTESIAN_POINT ( 'NONE',  ( -0.6649917147099723147, 2.240934156756764217, 9.869222397742527519 ) ) ;
#6279 = FACE_OUTER_BOUND ( 'NONE', #4148, .T. ) ;
#6280 = CARTESIAN_POINT ( 'NONE',  ( 7.584036123450754729, 2.127032157860299311, -6.519363922588251370 ) ) ;
#6281 = CARTESIAN_POINT ( 'NONE',  ( -1.851523544721291881, 8.000000000000000000, -2.548403532281083628 ) ) ;
#6282 = TOROIDAL_SURFACE ( 'NONE', #1880, 9.500000000000000000, 0.5000000000000000000 ) ;
#6283 = VECTOR ( 'NONE', #3525, 1000.000000000000000 ) ;
#6284 = DIRECTION ( 'NONE',  ( -0.000000000000000000, -1.000000000000000000, -0.000000000000000000 ) ) ;
#6285 = VERTEX_POINT ( 'NONE', #3847 ) ;
#6286 = AXIS2_PLACEMENT_3D ( 'NONE', #6207, #2808, #1213 ) ;
#6287 = DIRECTION ( 'NONE',  ( -0.6472324890273797315, 0.000000000000000000, 0.7622926637108760062 ) ) ;
#6288 = CARTESIAN_POINT ( 'NONE',  ( 3.355012593856869341, 1.829075679051569425, 9.421228362309028270 ) ) ;
#6289 = CARTESIAN_POINT ( 'NONE',  ( -8.948211102191679700, 2.164537838121608715, -4.140859864539576662 ) ) ;
#6290 = DIRECTION ( 'NONE',  ( 0.000000000000000000, 0.000000000000000000, 1.000000000000000000 ) ) ;
#6291 = ORIENTED_EDGE ( 'NONE', *, *, #5316, .T. ) ;
#6292 = CARTESIAN_POINT ( 'NONE',  ( -1.276266388579325284, 8.000000000000000000, -2.504813822048897354 ) ) ;
#6293 = ORIENTED_EDGE ( 'NONE', *, *, #854, .F. ) ;
#6294 = CARTESIAN_POINT ( 'NONE',  ( 2.596097982851268249, 10.00000000000000000, 9.138395661353012400 ) ) ;
#6295 = CARTESIAN_POINT ( 'NONE',  ( 9.932905682471186992, 2.500000000000000444, -1.156453502364700237 ) ) ;
#6296 = DIRECTION ( 'NONE',  ( 1.000000000000000000, 0.000000000000000000, 0.000000000000000000 ) ) ;
#6297 = EDGE_CURVE ( 'NONE', #1777, #722, #4661, .T. ) ;
#6298 = CARTESIAN_POINT ( 'NONE',  ( -6.205888851312683308, 2.371852820628066905, 7.841361078610836088 ) ) ;
#6299 = ORIENTED_EDGE ( 'NONE', *, *, #2361, .F. ) ;
#6300 = DIRECTION ( 'NONE',  ( -0.8511160640214272544, 0.000000000000000000, -0.5249775667251637135 ) ) ;
#6301 = ORIENTED_EDGE ( 'NONE', *, *, #6555, .T. ) ;
#6302 = FACE_OUTER_BOUND ( 'NONE', #421, .T. ) ;
#6303 = ORIENTED_EDGE ( 'NONE', *, *, #2625, .T. ) ;
#6304 = CARTESIAN_POINT ( 'NONE',  ( -10.79269157286921654, 2.500000000000000444, 4.470479223992207096 ) ) ;
#6305 = EDGE_CURVE ( 'NONE', #6803, #6081, #846, .T. ) ;
#6306 = CARTESIAN_POINT ( 'NONE',  ( -3.030017723230713944, 2.343452233630472836, 9.439495114672178389 ) ) ;
#6307 = CARTESIAN_POINT ( 'NONE',  ( 2.043718524445535589, 8.000000000000000000, -1.260587625341240248 ) ) ;
#6308 = CARTESIAN_POINT ( 'NONE',  ( -2.596097982851333086, 9.500000000000000000, -9.138395661352994637 ) ) ;
#6309 = ORIENTED_EDGE ( 'NONE', *, *, #5601, .T. ) ;
#6310 = ORIENTED_EDGE ( 'NONE', *, *, #6924, .F. ) ;
#6311 = CARTESIAN_POINT ( 'NONE',  ( 4.594978287205911727, 2.500000000000000444, 8.796570338259785515 ) ) ;
#6312 = EDGE_CURVE ( 'NONE', #1319, #2903, #1197, .T. ) ;
#6313 = CARTESIAN_POINT ( 'NONE',  ( 2.394357833393300883, 8.000000000000000000, 0.1814307967061968563 ) ) ;
#6315 = EDGE_CURVE ( 'NONE', #5573, #5574, #1540, .T. ) ;
#6314 = CARTESIAN_POINT ( 'NONE',  ( -8.805704236984269073, 2.500000000000000444, 4.741424121641807155 ) ) ;
#6316 = CARTESIAN_POINT ( 'NONE',  ( -2.995828026329732996, 0.000000000000000000, 0.9734035322810843383 ) ) ;
#6317 = ORIENTED_EDGE ( 'NONE', *, *, #2181, .T. ) ;
#6318 = SPHERICAL_SURFACE ( 'NONE', #6493, 0.5000000000000000000 ) ;
#6319 = AXIS2_PLACEMENT_3D ( 'NONE', #5338, #7000, #2445 ) ;
#6320 = CARTESIAN_POINT ( 'NONE',  ( 3.589669876561223827, 1.779849606445599308, 9.334341087458888353 ) ) ;
#6321 = DIRECTION ( 'NONE',  ( 0.000000000000000000, 0.000000000000000000, 1.000000000000000000 ) ) ;
#6322 = DIRECTION ( 'NONE',  ( 0.000000000000000000, 1.000000000000000000, 0.000000000000000000 ) ) ;
#6323 = ORIENTED_EDGE ( 'NONE', *, *, #1111, .T. ) ;
#6324 = DIRECTION ( 'NONE',  ( 0.000000000000000000, 0.000000000000000000, 1.000000000000000000 ) ) ;
#6325 = ORIENTED_EDGE ( 'NONE', *, *, #1118, .F. ) ;
#6326 = CARTESIAN_POINT ( 'NONE',  ( -0.2520522957981771728, 1.779556347367960090, 9.997582529451088718 ) ) ;
#6327 = DIRECTION ( 'NONE',  ( 4.386267836225327757E-16, 1.000000000000000000, 1.543988371350682482E-15 ) ) ;
#6328 = CYLINDRICAL_SURFACE ( 'NONE', #251, 0.4999999999999995559 ) ;
#6329 = CIRCLE ( 'NONE', #4126, 2.500000000000000444 ) ;
#6330 = CARTESIAN_POINT ( 'NONE',  ( -6.367596717411077911, 2.051189550670912798, -7.711024474176540799 ) ) ;
#6331 = ORIENTED_EDGE ( 'NONE', *, *, #7037, .T. ) ;
#6332 = CARTESIAN_POINT ( 'NONE',  ( 9.436260398347627643, 9.500000000000000000, -1.098630827246466213 ) ) ;
#6333 = ORIENTED_EDGE ( 'NONE', *, *, #3076, .F. ) ;
#6334 = DIRECTION ( 'NONE',  ( 0.000000000000000000, 0.000000000000000000, 1.000000000000000000 ) ) ;
#6335 = ORIENTED_EDGE ( 'NONE', *, *, #1345, .T. ) ;
#6336 = AXIS2_PLACEMENT_3D ( 'NONE', #1460, #880, #4106 ) ;
#6337 = CARTESIAN_POINT ( 'NONE',  ( 9.529018551433923179, 2.181049877636648038, -3.035713346348793085 ) ) ;
#6338 = CARTESIAN_POINT ( 'NONE',  ( 3.710169844705811570, 1.768638744481566549, -9.287105483649797932 ) ) ;
#6339 = DIRECTION ( 'NONE',  ( -0.8982659121149789705, 0.000000000000000000, -0.4394523308986366672 ) ) ;
#6340 = ORIENTED_EDGE ( 'NONE', *, *, #6740, .F. ) ;
#6341 = ORIENTED_EDGE ( 'NONE', *, *, #2938, .F. ) ;
#6342 = EDGE_CURVE ( 'NONE', #2848, #5907, #5955, .T. ) ;
#6343 = CARTESIAN_POINT ( 'NONE',  ( 0.2552196072240485170, 1.779716818039817072, 9.997538315944970222 ) ) ;
#6344 = EDGE_CURVE ( 'NONE', #6757, #2928, #2812, .T. ) ;
#6345 =( NAMED_UNIT ( * ) SI_UNIT ( $, .STERADIAN. ) SOLID_ANGLE_UNIT ( ) );
#6346 = FACE_OUTER_BOUND ( 'NONE', #976, .T. ) ;
#6347 = CARTESIAN_POINT ( 'NONE',  ( -7.449293024680273767, 2.500000000000000444, -5.895594408747077964 ) ) ;
#6348 = CARTESIAN_POINT ( 'NONE',  ( 1.260587625341240470, 0.000000000000000000, 2.043718524445536033 ) ) ;
#6349 = EDGE_CURVE ( 'NONE', #1441, #3297, #5621, .T. ) ;
#6350 = EDGE_LOOP ( 'NONE', ( #4600, #2496, #3836, #4248 ) ) ;
#6351 = FACE_OUTER_BOUND ( 'NONE', #4269, .T. ) ;
#6352 = CARTESIAN_POINT ( 'NONE',  ( 4.462933545236023924, 2.279919447647848596, 8.840032644896263392 ) ) ;
#6353 = CIRCLE ( 'NONE', #4036, 0.4999999999999995559 ) ;
#6354 = CARTESIAN_POINT ( 'NONE',  ( 4.470479223992089857, 9.500000000000000000, 10.79269157286926628 ) ) ;
#6355 = PLANE ( 'NONE',  #2788 ) ;
#6356 = ORIENTED_EDGE ( 'NONE', *, *, #3948, .F. ) ;
#6357 = CARTESIAN_POINT ( 'NONE',  ( 4.470479223992252393, 2.293003971280350051, -8.837551326248092920 ) ) ;
#6358 = ORIENTED_EDGE ( 'NONE', *, *, #2373, .T. ) ;
#6359 = LINE ( 'NONE', #3208, #6212 ) ;
#6360 = CIRCLE ( 'NONE', #1154, 0.4999999999999995559 ) ;
#6361 = DIRECTION ( 'NONE',  ( 0.000000000000000000, 6.938893903907222067E-15, 1.000000000000000000 ) ) ;
#6362 = CARTESIAN_POINT ( 'NONE',  ( -9.619363854055755780, 2.371852820628068237, -2.732734718790983397 ) ) ;
#6363 = DIRECTION ( 'NONE',  ( 0.5249775667251639355, 0.000000000000000000, -0.8511160640214271433 ) ) ;
#6364 = ORIENTED_EDGE ( 'NONE', *, *, #425, .T. ) ;
#6365 = AXIS2_PLACEMENT_3D ( 'NONE', #6347, #5807, #2546 ) ;
#6366 = DIRECTION ( 'NONE',  ( 0.7497524964563273553, 0.000000000000000000, 0.6617183646065030178 ) ) ;
#6367 = ORIENTED_EDGE ( 'NONE', *, *, #3113, .F. ) ;
#6368 = DIRECTION ( 'NONE',  ( 0.000000000000000000, 1.000000000000000000, 0.000000000000000000 ) ) ;
#6369 = ORIENTED_EDGE ( 'NONE', *, *, #2684, .T. ) ;
#6370 = CARTESIAN_POINT ( 'NONE',  ( 9.150139654457300153, 1.992695579455375787, -4.035844149635183342 ) ) ;
#6371 = CARTESIAN_POINT ( 'NONE',  ( 4.391979800034258474, 1.863989508453879784, -8.984615682879201870 ) ) ;
#6372 = DIRECTION ( 'NONE',  ( 0.000000000000000000, 1.000000000000000000, 0.000000000000000000 ) ) ;
#6373 = FACE_OUTER_BOUND ( 'NONE', #3874, .T. ) ;
#6374 = ORIENTED_EDGE ( 'NONE', *, *, #7065, .T. ) ;
#6375 = VECTOR ( 'NONE', #2221, 1000.000000000000114 ) ;
#6376 = ORIENTED_EDGE ( 'NONE', *, *, #4049, .T. ) ;
#6377 = AXIS2_PLACEMENT_3D ( 'NONE', #2023, #6327, #4217 ) ;
#6378 = CARTESIAN_POINT ( 'NONE',  ( -0.5057205400017279473, 1.829075679051490155, 9.987987790097394125 ) ) ;
#6379 = FACE_OUTER_BOUND ( 'NONE', #4193, .T. ) ;
#6380 = ADVANCED_FACE ( 'NONE', ( #684 ), #4542, .F. ) ;
#6381 = CARTESIAN_POINT ( 'NONE',  ( -4.470479223992169793, 10.00000000000000000, -10.79269157286923075 ) ) ;
#6382 = CARTESIAN_POINT ( 'NONE',  ( -9.999987203446849549, 1.768638744481566771, 0.1262714215555171549 ) ) ;
#6383 = DIRECTION ( 'NONE',  ( -0.9249892435672766311, 0.000000000000000000, -0.3799932884734116278 ) ) ;
#6384 = AXIS2_PLACEMENT_3D ( 'NONE', #6964, #4208, #1457 ) ;
#6385 = CIRCLE ( 'NONE', #2464, 2.500000000000000444 ) ;
#6386 = ORIENTED_EDGE ( 'NONE', *, *, #2902, .F. ) ;
#6387 = EDGE_CURVE ( 'NONE', #2549, #6563, #2122, .T. ) ;
#6388 = DIRECTION ( 'NONE',  ( 0.000000000000000000, 1.000000000000000000, -0.000000000000000000 ) ) ;
#6389 = DIRECTION ( 'NONE',  ( 0.000000000000000000, 1.000000000000000000, 0.000000000000000000 ) ) ;
#6390 = VECTOR ( 'NONE', #2272, 999.9999999999998863 ) ;
#6391 = ADVANCED_FACE ( 'NONE', ( #578 ), #36, .F. ) ;
#6392 = STYLED_ITEM ( 'NONE', ( #3678 ), #4082 ) ;
#6393 = DIRECTION ( 'NONE',  ( 0.000000000000000000, 0.000000000000000000, 1.000000000000000000 ) ) ;
#6394 = ORIENTED_EDGE ( 'NONE', *, *, #2316, .T. ) ;
#6395 = DIRECTION ( 'NONE',  ( 0.7622926637108775605, 0.000000000000000000, 0.6472324890273779552 ) ) ;
#6396 = ORIENTED_EDGE ( 'NONE', *, *, #1679, .F. ) ;
#6397 = AXIS2_PLACEMENT_3D ( 'NONE', #818, #5485, #6566 ) ;
#6398 = DIRECTION ( 'NONE',  ( 0.000000000000000000, -1.000000000000000000, 0.000000000000000000 ) ) ;
#6399 = DIRECTION ( 'NONE',  ( -0.000000000000000000, 1.000000000000000000, 0.000000000000000000 ) ) ;
#6400 = CARTESIAN_POINT ( 'NONE',  ( -9.436260398347613432, 9.500000000000000000, -1.098630827246600772 ) ) ;
#6401 = EDGE_CURVE ( 'NONE', #1768, #6719, #728, .T. ) ;
#6402 = DIRECTION ( 'NONE',  ( -0.3799932884734136262, 0.000000000000000000, 0.9249892435672758539 ) ) ;
#6403 = VECTOR ( 'NONE', #2987, 1000.000000000000000 ) ;
#6404 = FACE_OUTER_BOUND ( 'NONE', #5022, .T. ) ;
#6405 = ADVANCED_FACE ( 'NONE', ( #4529 ), #2289, .T. ) ;
#6406 = EDGE_LOOP ( 'NONE', ( #4146, #3452, #5202, #6241, #6949, #1610 ) ) ;
#6407 = ORIENTED_EDGE ( 'NONE', *, *, #177, .T. ) ;
#6408 = DIRECTION ( 'NONE',  ( 0.000000000000000000, 1.000000000000000000, 0.000000000000000000 ) ) ;
#6409 = CARTESIAN_POINT ( 'NONE',  ( 9.501796650728058680, 2.127336489724617419, 3.120200068441970842 ) ) ;
#6410 = CARTESIAN_POINT ( 'NONE',  ( -9.138395661352967991, 10.00001200000000168, -2.596097982851431674 ) ) ;
#6411 = FACE_OUTER_BOUND ( 'NONE', #5185, .T. ) ;
#6412 = ORIENTED_EDGE ( 'NONE', *, *, #891, .F. ) ;
#6413 = ORIENTED_EDGE ( 'NONE', *, *, #6692, .T. ) ;
#6414 = CARTESIAN_POINT ( 'NONE',  ( -6.433069916092883034, 2.314666110110168873, 7.536565878395823148 ) ) ;
#6415 = CARTESIAN_POINT ( 'NONE',  ( 2.548403532281087180, 0.000000000000000000, -1.851523544721291881 ) ) ;
#6416 = DIRECTION ( 'NONE',  ( -0.6617183646064958014, -1.147898381567867431E-15, 0.7497524964563337946 ) ) ;
#6417 = FACE_OUTER_BOUND ( 'NONE', #4222, .T. ) ;
#6418 = DIRECTION ( 'NONE',  ( 0.000000000000000000, 1.000000000000000000, 0.000000000000000000 ) ) ;
#6419 = ORIENTED_EDGE ( 'NONE', *, *, #3201, .F. ) ;
#6420 = DIRECTION ( 'NONE',  ( 0.000000000000000000, 1.000000000000000000, 0.000000000000000000 ) ) ;
#6421 = CARTESIAN_POINT ( 'NONE',  ( 4.400693446046251012, 1.867388762198086027, 8.980357240025675480 ) ) ;
#6422 = DIRECTION ( 'NONE',  ( 0.000000000000000000, 0.000000000000000000, 1.000000000000000000 ) ) ;
#6423 = DIRECTION ( 'NONE',  ( 0.000000000000000000, 0.000000000000000000, 1.000000000000000000 ) ) ;
#6424 = ORIENTED_EDGE ( 'NONE', *, *, #6825, .F. ) ;
#6425 = CARTESIAN_POINT ( 'NONE',  ( -7.611508121969558616, 2.456216401094829749, -6.368549229223019914 ) ) ;
#6426 = ORIENTED_EDGE ( 'NONE', *, *, #6077, .T. ) ;
#6427 = EDGE_CURVE ( 'NONE', #3222, #5788, #2795, .T. ) ;
#6428 = CARTESIAN_POINT ( 'NONE',  ( -4.512470218131201527, 2.127336489724588997, -8.925099472239242715 ) ) ;
#6429 = FACE_OUTER_BOUND ( 'NONE', #1949, .T. ) ;
#6430 = FACE_OUTER_BOUND ( 'NONE', #1311, .T. ) ;
#6431 = EDGE_CURVE ( 'NONE', #5263, #3620, #3277, .T. ) ;
#6432 = CARTESIAN_POINT ( 'NONE',  ( 5.095752233843723986E-17, 2.500000000000000444, -11.68192517863507618 ) ) ;
#6433 = EDGE_CURVE ( 'NONE', #2512, #722, #4201, .T. ) ;
#6434 = DIRECTION ( 'NONE',  ( 0.000000000000000000, 0.000000000000000000, -1.000000000000000000 ) ) ;
#6435 = ORIENTED_EDGE ( 'NONE', *, *, #798, .F. ) ;
#6436 = CARTESIAN_POINT ( 'NONE',  ( 4.626103053009366306, 10.00001200000000168, 8.297540029607414880 ) ) ;
#6437 = ORIENTED_EDGE ( 'NONE', *, *, #5876, .F. ) ;
#6438 = ADVANCED_FACE ( 'NONE', ( #6130 ), #6772, .T. ) ;
#6439 = CARTESIAN_POINT ( 'NONE',  ( 2.970974231079432482, 2.500000000000000444, 9.469254843656262466 ) ) ;
#6440 = CARTESIAN_POINT ( 'NONE',  ( 8.806444720498280532, 2.378544800989001562, -4.565129932703034576 ) ) ;
#6441 = CARTESIAN_POINT ( 'NONE',  ( 9.149965727261250237, 1.992783053389793890, 4.036214224533289041 ) ) ;
#6442 = DIRECTION ( 'NONE',  ( 0.3799932884734122385, 0.000000000000000000, 0.9249892435672764091 ) ) ;
#6443 = DIRECTION ( 'NONE',  ( 0.9971414314842893534, 0.000000000000000000, -0.07555769727474681563 ) ) ;
#6444 = ORIENTED_EDGE ( 'NONE', *, *, #271, .T. ) ;
#6445 = CIRCLE ( 'NONE', #1470, 0.5000000000000000000 ) ;
#6446 = ORIENTED_EDGE ( 'NONE', *, *, #5007, .T. ) ;
#6447 = CIRCLE ( 'NONE', #2743, 2.000000000000000000 ) ;
#6448 = CARTESIAN_POINT ( 'NONE',  ( -6.886989335207021945, 2.134257748930184828, -7.030215759954891119 ) ) ;
#6449 = CARTESIAN_POINT ( 'NONE',  ( -7.420172320006873434, 1.829075679051542780, 6.704975473565736976 ) ) ;
#6450 = CARTESIAN_POINT ( 'NONE',  ( 0.8789046617972521291, 9.500000000000000000, 9.885393354405108468 ) ) ;
#6451 = ORIENTED_EDGE ( 'NONE', *, *, #1241, .F. ) ;
#6452 = LINE ( 'NONE', #952, #5113 ) ;
#6453 = DIRECTION ( 'NONE',  ( -0.3799932884734136262, 0.000000000000000000, 0.9249892435672758539 ) ) ;
#6454 = CARTESIAN_POINT ( 'NONE',  ( -7.611508121969602136, 2.500000000000000444, 6.368549229222964847 ) ) ;
#6455 = CARTESIAN_POINT ( 'NONE',  ( 4.594978287205911727, 2.500000000000000444, 8.796570338259785515 ) ) ;
#6456 = ORIENTED_EDGE ( 'NONE', *, *, #1486, .F. ) ;
#6457 = FILL_AREA_STYLE ('',( #436 ) ) ;
#6458 = ORIENTED_EDGE ( 'NONE', *, *, #6464, .T. ) ;
#6459 = CARTESIAN_POINT ( 'NONE',  ( -10.79269157286921654, 9.500000000000000000, 4.470479223992207096 ) ) ;
#6460 = CARTESIAN_POINT ( 'NONE',  ( 7.611508121969514207, 2.500000000000000444, 6.368549229223070540 ) ) ;
#6461 = VECTOR ( 'NONE', #1375, 1000.000000000000000 ) ;
#6462 = CARTESIAN_POINT ( 'NONE',  ( -8.758950836166588871, 2.248135892564182114, -4.825657120698753744 ) ) ;
#6463 = CARTESIAN_POINT ( 'NONE',  ( -9.885393354405104915, 2.500000000000000444, -0.8789046617972877673 ) ) ;
#6464 = EDGE_CURVE ( 'NONE', #1377, #5193, #1744, .T. ) ;
#6465 = CARTESIAN_POINT ( 'NONE',  ( 4.470479223992089857, 2.500000000000000444, 10.79269157286926628 ) ) ;
#6466 = ORIENTED_EDGE ( 'NONE', *, *, #6656, .F. ) ;
#6467 = DIRECTION ( 'NONE',  ( 0.000000000000000000, 0.000000000000000000, 1.000000000000000000 ) ) ;
#6468 = AXIS2_PLACEMENT_3D ( 'NONE', #6076, #6761, #5028 ) ;
#6469 = ORIENTED_EDGE ( 'NONE', *, *, #5408, .T. ) ;
#6470 = CIRCLE ( 'NONE', #3348, 9.500000000000000000 ) ;
#6471 = CARTESIAN_POINT ( 'NONE',  ( -4.626103053009483546, 10.00000000000000000, 8.297540029607349155 ) ) ;
#6472 = EDGE_CURVE ( 'NONE', #4238, #3653, #6054, .T. ) ;
#6473 = CARTESIAN_POINT ( 'NONE',  ( 9.469254822743794264, 2.438027874578166720, -2.970974249536434186 ) ) ;
#6474 = CIRCLE ( 'NONE', #6250, 0.5000000000000004441 ) ;
#6475 = CARTESIAN_POINT ( 'NONE',  ( 8.806614869402638490, 2.377840714399304556, 4.564612839430751912 ) ) ;
#6476 = DIRECTION ( 'NONE',  ( 0.000000000000000000, -1.000000000000000000, 0.000000000000000000 ) ) ;
#6477 = ORIENTED_EDGE ( 'NONE', *, *, #6916, .F. ) ;
#6478 = EDGE_CURVE ( 'NONE', #6846, #2890, #4957, .T. ) ;
#6479 = CARTESIAN_POINT ( 'NONE',  ( 6.502380906176146169, 2.242932669926583245, 7.455982384190952494 ) ) ;
#6480 = VERTEX_POINT ( 'NONE', #3122 ) ;
#6481 = VERTEX_POINT ( 'NONE', #5764 ) ;
#6482 = AXIS2_PLACEMENT_3D ( 'NONE', #301, #2526, #6538 ) ;
#6483 = CARTESIAN_POINT ( 'NONE',  ( -7.642397253626201703, 2.181508697813420827, -6.450700701127853876 ) ) ;
#6484 = CARTESIAN_POINT ( 'NONE',  ( -6.351233556578151251, 2.322848788353892413, 7.725627693846933930 ) ) ;
#6485 = VECTOR ( 'NONE', #2408, 1000.000000000000000 ) ;
#6486 = DIRECTION ( 'NONE',  ( 0.000000000000000000, 1.000000000000000000, 0.000000000000000000 ) ) ;
#6487 = ORIENTED_EDGE ( 'NONE', *, *, #5205, .T. ) ;
#6488 = AXIS2_PLACEMENT_3D ( 'NONE', #546, #3241, #7115 ) ;
#6489 = CIRCLE ( 'NONE', #1748, 2.000000000000000000 ) ;
#6490 = DIRECTION ( 'NONE',  ( 0.000000000000000000, 1.000000000000000000, 0.000000000000000000 ) ) ;
#6491 = CARTESIAN_POINT ( 'NONE',  ( -8.734252662744561135, 10.00000000000000000, -4.869582161062647963 ) ) ;
#6492 = CARTESIAN_POINT ( 'NONE',  ( 1.554148821017839577, 0.000000000000000000, 1.830433831214388851 ) ) ;
#6493 = AXIS2_PLACEMENT_3D ( 'NONE', #4104, #6816, #2482 ) ;
#6494 = TOROIDAL_SURFACE ( 'NONE', #6953, 2.500000000000000000, 0.5000000000000000000 ) ;
#6495 = DIRECTION ( 'NONE',  ( 0.000000000000000000, 1.000000000000000000, 0.000000000000000000 ) ) ;
#6496 = ORIENTED_EDGE ( 'NONE', *, *, #6427, .F. ) ;
#6497 = CARTESIAN_POINT ( 'NONE',  ( -6.837644484988246063, 2.134286657244864216, -7.079576935034952001 ) ) ;
#6498 = ORIENTED_EDGE ( 'NONE', *, *, #1336, .T. ) ;
#6499 = CARTESIAN_POINT ( 'NONE',  ( -4.592078116478213623, 2.181508697813420383, -8.884289160643522365 ) ) ;
#6500 = CIRCLE ( 'NONE', #837, 0.5000000000000000000 ) ;
#6501 = PLANE ( 'NONE',  #6952 ) ;
#6502 = CIRCLE ( 'NONE', #5929, 10.00000000000000000 ) ;
#6503 = CARTESIAN_POINT ( 'NONE',  ( -4.470479223992169793, 9.500000000000000000, -10.79269157286923075 ) ) ;
#6504 = DIRECTION ( 'NONE',  ( 0.000000000000000000, 1.000000000000000000, 0.000000000000000000 ) ) ;
#6505 = DIRECTION ( 'NONE',  ( 0.9459096409518737980, 0.000000000000000000, 0.3244301945785831864 ) ) ;
#6506 = ORIENTED_EDGE ( 'NONE', *, *, #713, .F. ) ;
#6507 = AXIS2_PLACEMENT_3D ( 'NONE', #5123, #3494, #150 ) ;
#6509 = DIRECTION ( 'NONE',  ( -0.7841361078610907809, 0.000000000000000000, 0.6205888851312597598 ) ) ;
#6508 = CIRCLE ( 'NONE', #4078, 0.5000000000000004441 ) ;
#6510 = EDGE_LOOP ( 'NONE', ( #2486, #4470, #164, #6644 ) ) ;
#6511 = CARTESIAN_POINT ( 'NONE',  ( 2.776607510986325522, 8.000000000000000000, 0.4397714266284721840 ) ) ;
#6512 = CARTESIAN_POINT ( 'NONE',  ( 7.496156162786297372, 1.864094386502768819, 6.619703835945552228 ) ) ;
#6513 = DIRECTION ( 'NONE',  ( 0.7841361078610793456, 6.517587366638273935E-15, 0.6205888851312741927 ) ) ;
#6514 = VECTOR ( 'NONE', #5982, 1000.000000000000000 ) ;
#6515 = CARTESIAN_POINT ( 'NONE',  ( -8.260368511126690905, 2.500000000000000444, -8.260368511126776170 ) ) ;
#6516 = ORIENTED_EDGE ( 'NONE', *, *, #5875, .T. ) ;
#6517 = CARTESIAN_POINT ( 'NONE',  ( 0.5565875801683277668, 2.048970607329007709, -9.985235750618228323 ) ) ;
#6518 = ORIENTED_EDGE ( 'NONE', *, *, #487, .F. ) ;
#6519 = ORIENTED_EDGE ( 'NONE', *, *, #6836, .T. ) ;
#6520 = EDGE_CURVE ( 'NONE', #1935, #1069, #4100, .T. ) ;
#6521 = CARTESIAN_POINT ( 'NONE',  ( -7.152017281988618080, 1.986052934431309813, -6.990103614099453466 ) ) ;
#6522 = CARTESIAN_POINT ( 'NONE',  ( -6.746271253705785398, 2.024441704241284334, 7.382627187773360689 ) ) ;
#6523 = PLANE ( 'NONE',  #925 ) ;
#6524 = DIRECTION ( 'NONE',  ( -0.000000000000000000, -1.000000000000000000, -0.000000000000000000 ) ) ;
#6525 = ADVANCED_FACE ( 'NONE', ( #796 ), #1347, .F. ) ;
#6526 = DIRECTION ( 'NONE',  ( 0.000000000000000000, -1.000000000000000000, 0.000000000000000000 ) ) ;
#6527 = ADVANCED_FACE ( 'NONE', ( #209 ), #1419, .T. ) ;
#6528 = CARTESIAN_POINT ( 'NONE',  ( 9.037590233239471971, 1.827040335878404420, 4.282192586373981591 ) ) ;
#6529 = DIRECTION ( 'NONE',  ( -0.6205888851312770793, 3.797068737302880837E-15, 0.7841361078610770141 ) ) ;
#6530 = ADVANCED_FACE ( 'NONE', ( #3632 ), #2992, .T. ) ;
#6531 = EDGE_LOOP ( 'NONE', ( #2192, #4680, #2121, #458 ) ) ;
#6532 = CARTESIAN_POINT ( 'NONE',  ( 7.611508121969648322, 2.456298904871082378, -6.368549229222908892 ) ) ;
#6533 = ORIENTED_EDGE ( 'NONE', *, *, #7133, .T. ) ;
#6534 = DIRECTION ( 'NONE',  ( -0.000000000000000000, -1.000000000000000000, -0.000000000000000000 ) ) ;
#6535 = FACE_OUTER_BOUND ( 'NONE', #5465, .T. ) ;
#6536 = DIRECTION ( 'NONE',  ( 0.000000000000000000, -1.000000000000000000, 0.000000000000000000 ) ) ;
#6537 = CARTESIAN_POINT ( 'NONE',  ( -2.221104420305841654, 8.000000000000000000, -0.9124482025973593702 ) ) ;
#6538 = DIRECTION ( 'NONE',  ( -0.1156453502364806762, 0.000000000000000000, -0.9932905682471175890 ) ) ;
#6539 = ORIENTED_EDGE ( 'NONE', *, *, #6615, .T. ) ;
#6540 = CARTESIAN_POINT ( 'NONE',  ( -9.458681375157432569, 1.863989508453880894, 3.247483976280377327 ) ) ;
#6541 = ORIENTED_EDGE ( 'NONE', *, *, #3694, .T. ) ;
#6542 = CARTESIAN_POINT ( 'NONE',  ( 4.626103053009366306, 10.00001200000000168, 8.797540029607414880 ) ) ;
#6543 = CARTESIAN_POINT ( 'NONE',  ( 6.710920482711908441, 1.827040335878404420, 7.414766135587795404 ) ) ;
#6544 = DIRECTION ( 'NONE',  ( -1.000000000000000000, 0.000000000000000000, 0.000000000000000000 ) ) ;
#6545 = CIRCLE ( 'NONE', #4574, 2.000000000000000000 ) ;
#6546 = DIRECTION ( 'NONE',  ( 2.211772431870429045E-14, 0.000000000000000000, 1.000000000000000000 ) ) ;
#6547 = CARTESIAN_POINT ( 'NONE',  ( 7.611508121969512430, 2.500000000000000444, 6.368549229223070540 ) ) ;
#6548 = ORIENTED_EDGE ( 'NONE', *, *, #3238, .F. ) ;
#6549 = CYLINDRICAL_SURFACE ( 'NONE', #6603, 2.000000000000000000 ) ;
#6550 = ORIENTED_EDGE ( 'NONE', *, *, #5282, .T. ) ;
#6551 = DIRECTION ( 'NONE',  ( 0.000000000000000000, 0.000000000000000000, 1.000000000000000000 ) ) ;
#6552 = FACE_OUTER_BOUND ( 'NONE', #3679, .T. ) ;
#6553 = CARTESIAN_POINT ( 'NONE',  ( -9.529018551433583895, 2.181049877636834555, 3.035713346349016906 ) ) ;
#6554 = LINE ( 'NONE', #2864, #5516 ) ;
#6555 = EDGE_CURVE ( 'NONE', #6846, #2890, #2815, .T. ) ;
#6556 = FACE_OUTER_BOUND ( 'NONE', #2331, .T. ) ;
#6557 = EDGE_CURVE ( 'NONE', #1295, #6071, #5398, .T. ) ;
#6558 = LINE ( 'NONE', #7140, #4296 ) ;
#6559 = CARTESIAN_POINT ( 'NONE',  ( 8.260368511126804592, 10.00000000000000000, -8.260368511126660707 ) ) ;
#6560 = CARTESIAN_POINT ( 'NONE',  ( 6.815700865711542100, 2.139858412045533509, -7.104936358681923636 ) ) ;
#6561 = ADVANCED_FACE ( 'NONE', ( #945 ), #6097, .T. ) ;
#6562 = DIRECTION ( 'NONE',  ( 0.000000000000000000, 0.000000000000000000, 1.000000000000000000 ) ) ;
#6563 = VERTEX_POINT ( 'NONE', #1524 ) ;
#6564 = CARTESIAN_POINT ( 'NONE',  ( -2.970974249536470602, 2.438027874578151621, -9.469254822743781830 ) ) ;
#6565 = CARTESIAN_POINT ( 'NONE',  ( -4.594978287206035183, 2.500000000000000444, 8.796570338259719790 ) ) ;
#6566 = DIRECTION ( 'NONE',  ( 0.000000000000000000, 0.000000000000000000, 1.000000000000000000 ) ) ;
#6567 = DIRECTION ( 'NONE',  ( 0.000000000000000000, 0.000000000000000000, 1.000000000000000000 ) ) ;
#6568 = CARTESIAN_POINT ( 'NONE',  ( -7.449293024680316400, 10.00000000000000000, 5.895594408747025561 ) ) ;
#6569 = ORIENTED_EDGE ( 'NONE', *, *, #3774, .F. ) ;
#6570 = CARTESIAN_POINT ( 'NONE',  ( 7.449293024680356368, 9.500000000000000000, -5.895594408746973158 ) ) ;
#6571 = VERTEX_POINT ( 'NONE', #4235 ) ;
#6572 = CARTESIAN_POINT ( 'NONE',  ( 3.313945104772955119, 2.183694385698131679, -9.297069126686261953 ) ) ;
#6573 = AXIS2_PLACEMENT_3D ( 'NONE', #6702, #34, #139 ) ;
#6574 = CARTESIAN_POINT ( 'NONE',  ( 6.448641078955008155, 1.975531022569854800, 7.643810160369098661 ) ) ;
#6575 = DIRECTION ( 'NONE',  ( -0.000000000000000000, 1.000000000000000000, 0.000000000000000000 ) ) ;
#6576 = DIRECTION ( 'NONE',  ( -0.000000000000000000, 1.000000000000000000, -0.000000000000000000 ) ) ;
#6577 = VECTOR ( 'NONE', #6476, 1000.000000000000000 ) ;
#6578 = CARTESIAN_POINT ( 'NONE',  ( 7.455440619228371091, 2.242561475665996173, 6.502847312616826692 ) ) ;
#6579 = ORIENTED_EDGE ( 'NONE', *, *, #6924, .T. ) ;
#6580 = CARTESIAN_POINT ( 'NONE',  ( 8.796570338259671828, 2.500000000000000444, 4.594978287206126666 ) ) ;
#6581 = ORIENTED_EDGE ( 'NONE', *, *, #5863, .F. ) ;
#6582 = AXIS2_PLACEMENT_3D ( 'NONE', #3038, #6257, #5673 ) ;
#6583 = CARTESIAN_POINT ( 'NONE',  ( -1.010707579139242807, 2.500000000000000444, 9.949874371066199430 ) ) ;
#6584 = LINE ( 'NONE', #946, #5463 ) ;
#6585 = CARTESIAN_POINT ( 'NONE',  ( -9.172514644783456461, 2.139924804626921695, 3.577627445399111483 ) ) ;
#6586 = CARTESIAN_POINT ( 'NONE',  ( -4.626103053009482657, 9.500000000000000000, 8.797540029607350931 ) ) ;
#6587 = CARTESIAN_POINT ( 'NONE',  ( -4.470479223992246176, 10.00000000000000000, 10.79269157286920411 ) ) ;
#6588 = LINE ( 'NONE', #4927, #469 ) ;
#6589 = ADVANCED_FACE ( 'NONE', ( #1013 ), #2718, .T. ) ;
#6590 = VECTOR ( 'NONE', #6443, 1000.000000000000000 ) ;
#6591 = CARTESIAN_POINT ( 'NONE',  ( 2.873880030200147928, 2.500000000000000888, 9.579266327989124363 ) ) ;
#6592 = CARTESIAN_POINT ( 'NONE',  ( 6.459234499842984256, 2.279919447647801967, -7.506146992170093846 ) ) ;
#6593 = VERTEX_POINT ( 'NONE', #6120 ) ;
#6594 = DIRECTION ( 'NONE',  ( 1.000000000000000000, -0.000000000000000000, 0.000000000000000000 ) ) ;
#6595 = ADVANCED_FACE ( 'NONE', ( #2354 ), #1155, .T. ) ;
#6596 = AXIS2_PLACEMENT_3D ( 'NONE', #2761, #5513, #2801 ) ;
#6597 = ORIENTED_EDGE ( 'NONE', *, *, #184, .T. ) ;
#6598 = CARTESIAN_POINT ( 'NONE',  ( -3.120821918168851017, 2.127032157860222039, -9.501588311015735755 ) ) ;
#6599 = CARTESIAN_POINT ( 'NONE',  ( -1.554148821017840465, 8.000000000000000000, 1.830433831214381968 ) ) ;
#6600 = EDGE_CURVE ( 'NONE', #706, #6481, #3320, .T. ) ;
#6601 = DIRECTION ( 'NONE',  ( 0.9971414314842893534, 0.000000000000000000, 0.07555769727474785646 ) ) ;
#6602 = AXIS2_PLACEMENT_3D ( 'NONE', #4441, #6000, #973 ) ;
#6603 = AXIS2_PLACEMENT_3D ( 'NONE', #1621, #1424, #5532 ) ;
#6604 = CARTESIAN_POINT ( 'NONE',  ( 9.034166618178213426, 1.829075679051541448, 4.289462306013271942 ) ) ;
#6605 = FACE_OUTER_BOUND ( 'NONE', #4401, .T. ) ;
#6606 = CARTESIAN_POINT ( 'NONE',  ( 9.990639898665971685, 2.024441704241286999, -0.4499715962273897474 ) ) ;
#6607 = AXIS2_PLACEMENT_3D ( 'NONE', #1124, #3334, #3911 ) ;
#6608 = ORIENTED_EDGE ( 'NONE', *, *, #129, .T. ) ;
#6609 = CARTESIAN_POINT ( 'NONE',  ( 2.776607510986325966, 8.000000000000000000, -0.4397714266284734608 ) ) ;
#6610 = ORIENTED_EDGE ( 'NONE', *, *, #6178, .F. ) ;
#6611 = AXIS2_PLACEMENT_3D ( 'NONE', #5228, #4644, #4171 ) ;
#6612 = CIRCLE ( 'NONE', #2220, 0.4999999999999999445 ) ;
#6613 = CARTESIAN_POINT ( 'NONE',  ( 3.095076455295152407, 2.279919447647826836, -9.406617602938021960 ) ) ;
#6614 = CARTESIAN_POINT ( 'NONE',  ( 0.000000000000000000, 0.000000000000000000, 0.000000000000000000 ) ) ;
#6615 = EDGE_CURVE ( 'NONE', #1286, #1684, #3196, .T. ) ;
#6616 = CARTESIAN_POINT ( 'NONE',  ( 2.656295322589485863E-15, 0.000000000000000000, 3.149999999999999911 ) ) ;
#6617 = ADVANCED_FACE ( 'NONE', ( #528 ), #2860, .T. ) ;
#6618 = PLANE ( 'NONE',  #3346 ) ;
#6619 = CIRCLE ( 'NONE', #247, 0.5000000000000005551 ) ;
#6620 = CIRCLE ( 'NONE', #1418, 2.000000000000000000 ) ;
#6621 = DIRECTION ( 'NONE',  ( 0.000000000000000000, 1.000000000000000000, 0.000000000000000000 ) ) ;
#6622 = VERTEX_POINT ( 'NONE', #2785 ) ;
#6623 = CARTESIAN_POINT ( 'NONE',  ( 9.469254843656191412, 2.500000000000000444, 2.970974231079661632 ) ) ;
#6624 = VERTEX_POINT ( 'NONE', #2207 ) ;
#6625 = AXIS2_PLACEMENT_3D ( 'NONE', #478, #1543, #4289 ) ;
#6626 = CARTESIAN_POINT ( 'NONE',  ( -6.389449519739571315, 2.377840714399267252, -7.587297981928766255 ) ) ;
#6627 = CARTESIAN_POINT ( 'NONE',  ( -9.998058371801716859, 1.992783053389688641, -0.2274354203458891777 ) ) ;
#6628 = CARTESIAN_POINT ( 'NONE',  ( -9.138395661352966215, 9.500000000000000000, -2.596097982851434338 ) ) ;
#6629 = CARTESIAN_POINT ( 'NONE',  ( 4.470479223992252393, 2.293003971280350051, -8.837551326248092920 ) ) ;
#6630 = ORIENTED_EDGE ( 'NONE', *, *, #1605, .T. ) ;
#6631 = DIRECTION ( 'NONE',  ( 0.000000000000000000, 1.000000000000000000, 0.000000000000000000 ) ) ;
#6632 = DIRECTION ( 'NONE',  ( 1.000000000000000000, 0.000000000000000000, 0.000000000000000000 ) ) ;
#6633 = CARTESIAN_POINT ( 'NONE',  ( -6.837592653503813622, 2.134291405717180456, 7.079631448005818228 ) ) ;
#6634 = CARTESIAN_POINT ( 'NONE',  ( 0.5925283757872982227, 2.212959311741235613, -9.863966789111861644 ) ) ;
#6635 = ORIENTED_EDGE ( 'NONE', *, *, #2370, .F. ) ;
#6636 = DIRECTION ( 'NONE',  ( -0.9716864685947457225, 0.000000000000000000, 0.2362740077746010858 ) ) ;
#6637 = ORIENTED_EDGE ( 'NONE', *, *, #231, .T. ) ;
#6638 = CARTESIAN_POINT ( 'NONE',  ( -3.577627445399096384, 2.139924804626928800, -9.172514644783451132 ) ) ;
#6639 = CARTESIAN_POINT ( 'NONE',  ( 7.321179991123981878, 2.183694385698120577, 6.619520378501557722 ) ) ;
#6640 = CARTESIAN_POINT ( 'NONE',  ( 9.138395661353005295, 9.500000000000000000, -2.596097982851299335 ) ) ;
#6641 = CARTESIAN_POINT ( 'NONE',  ( -0.6742980716536649544, 2.242932669926581912, 9.870053336883955808 ) ) ;
#6642 = CARTESIAN_POINT ( 'NONE',  ( 4.594978287205911727, 10.00001200000000168, 8.796570338259785515 ) ) ;
#6643 = CARTESIAN_POINT ( 'NONE',  ( 9.875015954859550860, 2.279919447647841046, -0.7402789226334187678 ) ) ;
#6644 = ORIENTED_EDGE ( 'NONE', *, *, #3777, .F. ) ;
#6645 = EDGE_CURVE ( 'NONE', #5644, #262, #4413, .T. ) ;
#6646 = DIRECTION ( 'NONE',  ( -0.9249892435672766311, 0.000000000000000000, -0.3799932884734116278 ) ) ;
#6647 = EDGE_LOOP ( 'NONE', ( #2401, #1416 ) ) ;
#6648 = CARTESIAN_POINT ( 'NONE',  ( 4.828799771687493525, 2.255681435097403487, -8.757196459659329690 ) ) ;
#6649 = EDGE_CURVE ( 'NONE', #4238, #722, #6445, .T. ) ;
#6650 = CARTESIAN_POINT ( 'NONE',  ( -9.965382407647416230, 2.181049877636621392, -0.8419640990703513017 ) ) ;
#6651 = DIRECTION ( 'NONE',  ( 0.000000000000000000, 0.000000000000000000, 1.000000000000000000 ) ) ;
#6652 = EDGE_CURVE ( 'NONE', #279, #6263, #567, .T. ) ;
#6653 = DIRECTION ( 'NONE',  ( 0.000000000000000000, -0.7071067811865436870, -0.7071067811865513475 ) ) ;
#6654 = CARTESIAN_POINT ( 'NONE',  ( 8.833441982342671750, 2.051666420109249600, -4.687911366387674583 ) ) ;
#6655 = VERTEX_POINT ( 'NONE', #4449 ) ;
#6656 = EDGE_CURVE ( 'NONE', #1407, #4031, #986, .T. ) ;
#6657 = CARTESIAN_POINT ( 'NONE',  ( -3.120200068441904229, 2.127336489724644508, 9.501796650727881044 ) ) ;
#6658 = ORIENTED_EDGE ( 'NONE', *, *, #3684, .F. ) ;
#6659 = CIRCLE ( 'NONE', #4239, 0.4999999999999995559 ) ;
#6660 = CARTESIAN_POINT ( 'NONE',  ( -9.439657202977935313, 2.343771222574623891, 3.029696907789684701 ) ) ;
#6661 = CARTESIAN_POINT ( 'NONE',  ( -9.885393354405112021, 2.500000000000000444, 0.8789046617972190445 ) ) ;
#6662 = CARTESIAN_POINT ( 'NONE',  ( 8.297540029607301193, 10.00000000000000000, 4.626103053009570587 ) ) ;
#6663 = CARTESIAN_POINT ( 'NONE',  ( 5.095752233843723986E-17, 9.500000000000000000, -11.68192517863507618 ) ) ;
#6664 = VECTOR ( 'NONE', #2827, 1000.000000000000000 ) ;
#6665 = ORIENTED_EDGE ( 'NONE', *, *, #704, .F. ) ;
#6666 = DIRECTION ( 'NONE',  ( 0.000000000000000000, 1.000000000000000000, -0.000000000000000000 ) ) ;
#6667 = DIRECTION ( 'NONE',  ( -1.000000000000000000, 3.469446951953611033E-15, 0.000000000000000000 ) ) ;
#6668 = CARTESIAN_POINT ( 'NONE',  ( 4.869582161062490755, 2.500000000000000444, 8.734252662744646400 ) ) ;
#6669 = ORIENTED_EDGE ( 'NONE', *, *, #5819, .T. ) ;
#6670 = CARTESIAN_POINT ( 'NONE',  ( -1.098630827246567243, 10.00000000000000000, -9.436260398347616984 ) ) ;
#6671 = VECTOR ( 'NONE', #3193, 1000.000000000000227 ) ;
#6672 = ORIENTED_EDGE ( 'NONE', *, *, #393, .T. ) ;
#6673 = CARTESIAN_POINT ( 'NONE',  ( 7.841361078610904478, 2.500000000000000000, -6.205888851312601595 ) ) ;
#6674 = CARTESIAN_POINT ( 'NONE',  ( 6.368549238272044555, 2.438027874578175602, 7.611508095585913125 ) ) ;
#6675 = CARTESIAN_POINT ( 'NONE',  ( -2.995828026329734328, 0.000000000000000000, -0.9734035322810845603 ) ) ;
#6676 = CARTESIAN_POINT ( 'NONE',  ( -9.619363830518901537, 2.377026804319513964, -2.732734801641891753 ) ) ;
#6677 = CARTESIAN_POINT ( 'NONE',  ( -3.183408101423865766, 2.232187151975808970, -9.361961525311102150 ) ) ;
#6678 = ORIENTED_EDGE ( 'NONE', *, *, #4617, .F. ) ;
#6679 = CARTESIAN_POINT ( 'NONE',  ( -9.138395661352966215, 10.00000000000000000, -2.596097982851433894 ) ) ;
#6680 = ORIENTED_EDGE ( 'NONE', *, *, #2803, .T. ) ;
#6681 = CARTESIAN_POINT ( 'NONE',  ( 3.022413074353933471, 1.982312691401769467, -9.532992089188491391 ) ) ;
#6682 = CARTESIAN_POINT ( 'NONE',  ( 0.000000000000000000, 10.00000000000000000, -10.00000000000000000 ) ) ;
#6683 = SPHERICAL_SURFACE ( 'NONE', #4884, 0.5000000000000000000 ) ;
#6684 = EDGE_CURVE ( 'NONE', #4756, #3303, #5217, .T. ) ;
#6685 = DIRECTION ( 'NONE',  ( 0.000000000000000000, 1.000000000000000000, -0.000000000000000000 ) ) ;
#6686 = CARTESIAN_POINT ( 'NONE',  ( 9.605768406060231968, 2.248135892564180782, -2.781258658605682221 ) ) ;
#6687 = EDGE_LOOP ( 'NONE', ( #3644, #6317, #4632 ) ) ;
#6688 = DIRECTION ( 'NONE',  ( 0.000000000000000000, 0.000000000000000000, 1.000000000000000000 ) ) ;
#6689 = ORIENTED_EDGE ( 'NONE', *, *, #5054, .F. ) ;
#6690 = EDGE_CURVE ( 'NONE', #4827, #5888, #4806, .T. ) ;
#6691 = CIRCLE ( 'NONE', #1598, 0.5000000000000004441 ) ;
#6692 = EDGE_CURVE ( 'NONE', #5109, #1086, #6267, .T. ) ;
#6693 = CIRCLE ( 'NONE', #4492, 0.4999999999999998335 ) ;
#6694 = CARTESIAN_POINT ( 'NONE',  ( -9.462109755037449332, 2.414533010808959990, 2.985189123993138516 ) ) ;
#6695 = CARTESIAN_POINT ( 'NONE',  ( -9.883093623299805230, 2.378544800989028651, 0.8475496155052594238 ) ) ;
#6697 = ADVANCED_FACE ( 'NONE', ( #790 ), #4457, .T. ) ;
#6696 = CARTESIAN_POINT ( 'NONE',  ( -1.539607852037001538E-13, 1.768578062440346432, -10.00000000000000000 ) ) ;
#6698 = FACE_OUTER_BOUND ( 'NONE', #1854, .T. ) ;
#6699 = VERTEX_POINT ( 'NONE', #5284 ) ;
#6700 = EDGE_CURVE ( 'NONE', #3157, #4139, #4867, .T. ) ;
#6701 = VECTOR ( 'NONE', #7086, 1000.000000000000000 ) ;
#6702 = CARTESIAN_POINT ( 'NONE',  ( 5.895594408746948289, 10.00000000000000000, 7.449293024680377684 ) ) ;
#6703 = TOROIDAL_SURFACE ( 'NONE', #1386, 1.500000000000000000, 0.5000000000000000000 ) ;
#6704 = CARTESIAN_POINT ( 'NONE',  ( -9.436260398347622314, 9.500000000000000000, 1.098630827246531272 ) ) ;
#6705 = CIRCLE ( 'NONE', #2779, 0.4999999999999995559 ) ;
#6706 = CARTESIAN_POINT ( 'NONE',  ( 9.878046053678062322, 2.314916786199595400, 0.7805779098895884172 ) ) ;
#6707 = ADVANCED_FACE ( 'NONE', ( #2968 ), #1264, .T. ) ;
#6708 = LINE ( 'NONE', #6021, #3606 ) ;
#6709 = ORIENTED_EDGE ( 'NONE', *, *, #6998, .F. ) ;
#6710 = DIRECTION ( 'NONE',  ( -0.000000000000000000, -1.000000000000000000, -0.000000000000000000 ) ) ;
#6711 = VECTOR ( 'NONE', #5966, 1000.000000000000000 ) ;
#6712 = CARTESIAN_POINT ( 'NONE',  ( 7.250902820713450048, 2.164715090713933421, 6.681597265112861450 ) ) ;
#6713 = DIRECTION ( 'NONE',  ( -1.000000000000000000, 0.000000000000000000, 0.000000000000000000 ) ) ;
#6714 = CARTESIAN_POINT ( 'NONE',  ( 0.8789046617972544606, 2.456216401094828861, 9.885393354405106692 ) ) ;
#6715 = AXIS2_PLACEMENT_3D ( 'NONE', #3782, #4244, #326 ) ;
#6716 = CARTESIAN_POINT ( 'NONE',  ( -4.344083193790301500, 2.221967066347261710, -8.879146912201994368 ) ) ;
#6717 = EDGE_LOOP ( 'NONE', ( #6291, #2596, #2999, #6451 ) ) ;
#6718 = CARTESIAN_POINT ( 'NONE',  ( 5.095752233843723986E-17, 10.00001200000000168, -11.68192517863507618 ) ) ;
#6719 = VERTEX_POINT ( 'NONE', #3477 ) ;
#6720 = CARTESIAN_POINT ( 'NONE',  ( -4.470479223992246176, 9.500000000000000000, 10.79269157286920411 ) ) ;
#6721 = CIRCLE ( 'NONE', #3605, 0.4999999999999998890 ) ;
#6722 = LINE ( 'NONE', #5090, #4519 ) ;
#6723 = CARTESIAN_POINT ( 'NONE',  ( 1.552006135520455375E-13, 1.768578062440346432, 10.00000000000000000 ) ) ;
#6724 = CARTESIAN_POINT ( 'NONE',  ( -7.449293024680314623, 10.00000000000000000, 5.895594408747027337 ) ) ;
#6725 = FACE_OUTER_BOUND ( 'NONE', #2679, .T. ) ;
#6726 = ORIENTED_EDGE ( 'NONE', *, *, #6128, .T. ) ;
#6727 = CIRCLE ( 'NONE', #5693, 0.5000000000000000000 ) ;
#6729 = CARTESIAN_POINT ( 'NONE',  ( -3.670870801779531067, 2.134320569920995503, 9.131270309608126468 ) ) ;
#6728 = AXIS2_PLACEMENT_3D ( 'NONE', #2773, #48, #2300 ) ;
#6730 = VERTEX_POINT ( 'NONE', #5173 ) ;
#6731 = APPLICATION_PROTOCOL_DEFINITION ( 'draft international standard', 'automotive_design', 1998, #4599 ) ;
#6732 = AXIS2_PLACEMENT_3D ( 'NONE', #4912, #6575, #2778 ) ;
#6733 = AXIS2_PLACEMENT_3D ( 'NONE', #7004, #5377, #4826 ) ;
#6734 = DIRECTION ( 'NONE',  ( -0.9716864685947450564, 0.000000000000000000, -0.2362740077746035283 ) ) ;
#6735 = CARTESIAN_POINT ( 'NONE',  ( -9.963963684112146169, 1.982312691401848070, 0.8557725552098000010 ) ) ;
#6736 = DIRECTION ( 'NONE',  ( 9.960970772803634615E-16, 1.000000000000000000, 1.258604051642382215E-15 ) ) ;
#6737 = EDGE_LOOP ( 'NONE', ( #4132, #6795, #5743, #4000 ) ) ;
#6738 = ORIENTED_EDGE ( 'NONE', *, *, #1646, .T. ) ;
#6739 = CIRCLE ( 'NONE', #6050, 2.000000000000000000 ) ;
#6740 = EDGE_CURVE ( 'NONE', #494, #2848, #6659, .T. ) ;
#6741 = FACE_OUTER_BOUND ( 'NONE', #1058, .T. ) ;
#6742 = ADVANCED_FACE ( 'NONE', ( #2425 ), #3267, .T. ) ;
#6743 = DIRECTION ( 'NONE',  ( 0.8511160640214275874, 0.000000000000000000, 0.5249775667251631583 ) ) ;
#6744 = AXIS2_PLACEMENT_3D ( 'NONE', #5042, #71, #2943 ) ;
#6745 = CARTESIAN_POINT ( 'NONE',  ( 9.863918724921026282, 2.212746796842759878, -0.5918070992132061781 ) ) ;
#6746 = CARTESIAN_POINT ( 'NONE',  ( -4.470479223992169793, 9.500000000000000000, -10.79269157286923075 ) ) ;
#6747 = EDGE_CURVE ( 'NONE', #6905, #6273, #1940, .T. ) ;
#6748 = ORIENTED_EDGE ( 'NONE', *, *, #5901, .T. ) ;
#6749 = LINE ( 'NONE', #3492, #3898 ) ;
#6750 = ADVANCED_FACE ( 'NONE', ( #5706 ), #5482, .T. ) ;
#6751 = DIRECTION ( 'NONE',  ( 0.3799932884734115168, 0.000000000000000000, 0.9249892435672767421 ) ) ;
#6752 = CARTESIAN_POINT ( 'NONE',  ( 2.504813822048898242, 8.000000000000000000, -1.276266388579323952 ) ) ;
#6753 = CARTESIAN_POINT ( 'NONE',  ( -9.138655792787972132, 1.779849606445627952, -4.062095968912736943 ) ) ;
#6754 = PLANE ( 'NONE',  #1864 ) ;
#6755 = VERTEX_POINT ( 'NONE', #1179 ) ;
#6756 = DIRECTION ( 'NONE',  ( 0.000000000000000000, 0.000000000000000000, 1.000000000000000000 ) ) ;
#6757 = VERTEX_POINT ( 'NONE', #625 ) ;
#6758 = CARTESIAN_POINT ( 'NONE',  ( -4.058000729357051029, 1.779448407880942273, 9.140450790375680867 ) ) ;
#6759 = DIRECTION ( 'NONE',  ( -0.9716864685947455005, 0.000000000000000000, 0.2362740077746017520 ) ) ;
#6760 = DIRECTION ( 'NONE',  ( 0.000000000000000000, 0.000000000000000000, 1.000000000000000000 ) ) ;
#6761 = DIRECTION ( 'NONE',  ( -0.000000000000000000, -1.000000000000000000, -0.000000000000000000 ) ) ;
#6762 = DIRECTION ( 'NONE',  ( -0.000000000000000000, 1.000000000000000000, -0.000000000000000000 ) ) ;
#6763 = ORIENTED_EDGE ( 'NONE', *, *, #2669, .F. ) ;
#6764 = DIRECTION ( 'NONE',  ( 1.734723475976807094E-15, 0.000000000000000000, 1.000000000000000000 ) ) ;
#6765 = ORIENTED_EDGE ( 'NONE', *, *, #1520, .F. ) ;
#6766 = CARTESIAN_POINT ( 'NONE',  ( -9.436260398347618761, 9.500000000000000000, 1.098630827246531272 ) ) ;
#6767 = CARTESIAN_POINT ( 'NONE',  ( -9.990639898665969909, 2.024441704241315421, 0.4499715962274493108 ) ) ;
#6768 = FACE_OUTER_BOUND ( 'NONE', #2831, .T. ) ;
#6769 = ORIENTED_EDGE ( 'NONE', *, *, #3084, .F. ) ;
#6770 = ORIENTED_EDGE ( 'NONE', *, *, #173, .T. ) ;
#6771 = CARTESIAN_POINT ( 'NONE',  ( -1.276266388579322841, 8.000000000000000000, 2.504813822048900018 ) ) ;
#6772 = SPHERICAL_SURFACE ( 'NONE', #5127, 0.5000000000000000000 ) ;
#6773 = EDGE_CURVE ( 'NONE', #929, #5109, #3333, .T. ) ;
#6774 = CARTESIAN_POINT ( 'NONE',  ( 7.420172320006948041, 1.829075679051528125, -6.704975473565656152 ) ) ;
#6775 = LINE ( 'NONE', #6642, #331 ) ;
#6776 = DIRECTION ( 'NONE',  ( 0.000000000000000000, 1.000000000000000000, 0.000000000000000000 ) ) ;
#6777 = ORIENTED_EDGE ( 'NONE', *, *, #1564, .T. ) ;
#6778 = EDGE_CURVE ( 'NONE', #2983, #958, #5850, .T. ) ;
#6779 = LINE ( 'NONE', #1242, #532 ) ;
#6780 = CARTESIAN_POINT ( 'NONE',  ( 6.451230953596255979, 2.181049877636648482, 7.641948001532846035 ) ) ;
#6781 = DIRECTION ( 'NONE',  ( 0.000000000000000000, 1.000000000000000000, 0.000000000000000000 ) ) ;
#6782 = EDGE_CURVE ( 'NONE', #6105, #6991, #7024, .T. ) ;
#6783 = CARTESIAN_POINT ( 'NONE',  ( -9.402344393979122472, 2.024441704241421558, -3.407532819979072425 ) ) ;
#6784 = CARTESIAN_POINT ( 'NONE',  ( 9.938496242092687893, 2.255681435097378174, 1.109995276579437196 ) ) ;
#6785 = CIRCLE ( 'NONE', #74, 2.000000000000000000 ) ;
#6786 = AXIS2_PLACEMENT_3D ( 'NONE', #148, #2369, #4024 ) ;
#6787 = EDGE_LOOP ( 'NONE', ( #4541, #3564, #1477, #3001 ) ) ;
#6788 = CARTESIAN_POINT ( 'NONE',  ( 0.000000000000000000, 10.00000000000000000, 0.000000000000000000 ) ) ;
#6789 = VERTEX_POINT ( 'NONE', #5232 ) ;
#6790 = CARTESIAN_POINT ( 'NONE',  ( -3.247154115396662988, 1.864094386502771483, 9.458796236486634257 ) ) ;
#6791 = LINE ( 'NONE', #6682, #350 ) ;
#6792 = DIRECTION ( 'NONE',  ( 0.000000000000000000, 1.000000000000000000, 0.000000000000000000 ) ) ;
#6793 = CARTESIAN_POINT ( 'NONE',  ( -7.841361078610857405, 2.372020242595191508, 6.205888851312661103 ) ) ;
#6794 = DIRECTION ( 'NONE',  ( -0.000000000000000000, -1.000000000000000000, -0.000000000000000000 ) ) ;
#6795 = ORIENTED_EDGE ( 'NONE', *, *, #2500, .F. ) ;
#6796 = CARTESIAN_POINT ( 'NONE',  ( 2.394357833393303103, 8.000000000000000000, -0.1814307967061945248 ) ) ;
#6797 = ORIENTED_EDGE ( 'NONE', *, *, #1970, .T. ) ;
#6798 = CARTESIAN_POINT ( 'NONE',  ( 1.156453502364807928, 2.500000000000000000, -9.932905682471176334 ) ) ;
#6799 = CARTESIAN_POINT ( 'NONE',  ( 4.869582161062682601, 2.500000000000000000, -8.734252662744541595 ) ) ;
#6800 = DIRECTION ( 'NONE',  ( -0.5249775667251619371, 0.000000000000000000, -0.8511160640214283646 ) ) ;
#6801 = LINE ( 'NONE', #3445, #3590 ) ;
#6802 = ORIENTED_EDGE ( 'NONE', *, *, #4665, .T. ) ;
#6803 = VERTEX_POINT ( 'NONE', #1391 ) ;
#6804 = CARTESIAN_POINT ( 'NONE',  ( 9.238422349479496082E-16, 9.500000000000000000, -7.543744331762958666 ) ) ;
#6805 = CIRCLE ( 'NONE', #5774, 10.00000000000000000 ) ;
#6806 = VECTOR ( 'NONE', #4057, 1000.000000000000000 ) ;
#6807 = DIRECTION ( 'NONE',  ( -0.6472324890273797315, 0.000000000000000000, 0.7622926637108760062 ) ) ;
#6808 = CARTESIAN_POINT ( 'NONE',  ( 7.381682485265619320, 2.024215165943758166, -6.747289020922941027 ) ) ;
#6809 = CARTESIAN_POINT ( 'NONE',  ( 7.449293024680232023, 9.500000000000000000, 5.895594408747129478 ) ) ;
#6810 = VERTEX_POINT ( 'NONE', #4751 ) ;
#6811 = VECTOR ( 'NONE', #2458, 1000.000000000000114 ) ;
#6812 = LINE ( 'NONE', #2438, #5577 ) ;
#6813 = EDGE_LOOP ( 'NONE', ( #544, #6831, #2106 ) ) ;
#6814 = EDGE_CURVE ( 'NONE', #1832, #5323, #2283, .T. ) ;
#6815 = LINE ( 'NONE', #5079, #776 ) ;
#6816 = DIRECTION ( 'NONE',  ( 1.000000000000000000, 0.000000000000000000, 0.000000000000000000 ) ) ;
#6817 = AXIS2_PLACEMENT_3D ( 'NONE', #6888, #842, #2510 ) ;
#6818 = DIRECTION ( 'NONE',  ( 0.000000000000000000, 0.000000000000000000, 1.000000000000000000 ) ) ;
#6819 = CARTESIAN_POINT ( 'NONE',  ( -8.796570338259703803, 2.500000000000000444, -4.594978287206066270 ) ) ;
#6820 = CARTESIAN_POINT ( 'NONE',  ( 9.997513869602434156, 1.779849606445597754, 0.2556751587879447229 ) ) ;
#6821 = ORIENTED_EDGE ( 'NONE', *, *, #6656, .T. ) ;
#6822 = CARTESIAN_POINT ( 'NONE',  ( 1.156453502364804375, 2.500000000000000444, 9.932905682471176334 ) ) ;
#6823 = AXIS2_PLACEMENT_3D ( 'NONE', #4596, #4977, #4434 ) ;
#6824 = ORIENTED_EDGE ( 'NONE', *, *, #6645, .F. ) ;
#6825 = EDGE_CURVE ( 'NONE', #6622, #5431, #6785, .T. ) ;
#6826 = DIRECTION ( 'NONE',  ( 0.000000000000000000, 0.000000000000000000, 1.000000000000000000 ) ) ;
#6827 = DIRECTION ( 'NONE',  ( 0.000000000000000000, 0.000000000000000000, 1.000000000000000000 ) ) ;
#6828 = CYLINDRICAL_SURFACE ( 'NONE', #3502, 2.000000000000000000 ) ;
#6829 = AXIS2_PLACEMENT_3D ( 'NONE', #707, #6621, #57 ) ;
#6830 = FACE_OUTER_BOUND ( 'NONE', #1925, .T. ) ;
#6831 = ORIENTED_EDGE ( 'NONE', *, *, #6030, .T. ) ;
#6832 = CARTESIAN_POINT ( 'NONE',  ( -9.436260398347620537, 9.500000000000000000, 1.098630827246533492 ) ) ;
#6833 = ORIENTED_EDGE ( 'NONE', *, *, #541, .T. ) ;
#6834 = DIRECTION ( 'NONE',  ( 0.000000000000000000, 0.000000000000000000, 1.000000000000000000 ) ) ;
#6835 = VERTEX_POINT ( 'NONE', #4137 ) ;
#6836 = EDGE_CURVE ( 'NONE', #3931, #339, #3212, .T. ) ;
#6837 = CIRCLE ( 'NONE', #347, 2.000000000000000000 ) ;
#6838 = CARTESIAN_POINT ( 'NONE',  ( 0.9501942713743030122, 2.051424616008498791, -9.955064202180714972 ) ) ;
#6839 = EDGE_CURVE ( 'NONE', #5431, #5573, #5817, .T. ) ;
#6840 = CARTESIAN_POINT ( 'NONE',  ( -0.1814307967061928317, 0.000000000000000000, -2.394357833393303991 ) ) ;
#6841 = CARTESIAN_POINT ( 'NONE',  ( -4.501324523359294005, 2.314916786199594956, 8.827410336412180314 ) ) ;
#6842 = LINE ( 'NONE', #6947, #4961 ) ;
#6843 = AXIS2_PLACEMENT_3D ( 'NONE', #2114, #7073, #4349 ) ;
#6844 = AXIS2_PLACEMENT_3D ( 'NONE', #2857, #2311, #6688 ) ;
#6845 = CARTESIAN_POINT ( 'NONE',  ( -0.8453666450343803040, 1.975660126345932577, -9.964848877562468843 ) ) ;
#6846 = VERTEX_POINT ( 'NONE', #6454 ) ;
#6847 = VERTEX_POINT ( 'NONE', #2516 ) ;
#6848 = FACE_OUTER_BOUND ( 'NONE', #940, .T. ) ;
#6849 = CIRCLE ( 'NONE', #4071, 0.5000000000000002220 ) ;
#6850 = CARTESIAN_POINT ( 'NONE',  ( 0.6290766711811378586, 1.867388762198089580, 9.980840721418797301 ) ) ;
#6851 = CARTESIAN_POINT ( 'NONE',  ( 9.469254843656251808, 2.456298904871081046, -2.970974231079462236 ) ) ;
#6852 = CARTESIAN_POINT ( 'NONE',  ( -1.098630827246567687, 2.500000000000000000, 9.436260398347616984 ) ) ;
#6853 = SPHERICAL_SURFACE ( 'NONE', #2084, 0.5000000000000000000 ) ;
#6854 = VECTOR ( 'NONE', #78, 1000.000000000000000 ) ;
#6855 = ORIENTED_EDGE ( 'NONE', *, *, #1646, .F. ) ;
#6856 = CIRCLE ( 'NONE', #6158, 0.4999999999999996669 ) ;
#6857 = CARTESIAN_POINT ( 'NONE',  ( 1.224646799147353256E-15, -4.000000000000000000, 10.00000000000000000 ) ) ;
#6858 = ORIENTED_EDGE ( 'NONE', *, *, #3658, .T. ) ;
#6859 = CIRCLE ( 'NONE', #4317, 9.500000000000000000 ) ;
#6860 = CARTESIAN_POINT ( 'NONE',  ( -1.260587625341237805, 8.000000000000000000, -2.043718524445534701 ) ) ;
#6861 = CARTESIAN_POINT ( 'NONE',  ( -4.626103053009482657, 9.500000000000000000, 8.297540029607350931 ) ) ;
#6862 = CARTESIAN_POINT ( 'NONE',  ( -2.995828026329734328, 8.000000000000000000, -0.9734035322810845603 ) ) ;
#6863 = ORIENTED_EDGE ( 'NONE', *, *, #6118, .F. ) ;
#6864 = CARTESIAN_POINT ( 'NONE',  ( 0.000000000000000000, 9.500000000000000000, 0.000000000000000000 ) ) ;
#6865 = EDGE_LOOP ( 'NONE', ( #2437, #1217, #6884, #4678 ) ) ;
#6866 = CARTESIAN_POINT ( 'NONE',  ( 1.156453502364807928, 2.371766070001682269, 9.932905682471176334 ) ) ;
#6867 = CARTESIAN_POINT ( 'NONE',  ( 9.964867834866842244, 1.975531022569853912, 0.8451121621323847144 ) ) ;
#6868 = CARTESIAN_POINT ( 'NONE',  ( -2.504813822048898242, 0.000000000000000000, 1.276266388579324840 ) ) ;
#6869 = DIRECTION ( 'NONE',  ( 0.000000000000000000, 1.000000000000000000, 0.000000000000000000 ) ) ;
#6870 = ORIENTED_EDGE ( 'NONE', *, *, #480, .T. ) ;
#6871 = ADVANCED_FACE ( 'NONE', ( #4714 ), #3133, .T. ) ;
#6872 = CARTESIAN_POINT ( 'NONE',  ( 0.000000000000000000, 9.500000000000000000, 0.000000000000000000 ) ) ;
#6873 = ORIENTED_EDGE ( 'NONE', *, *, #4476, .T. ) ;
#6874 = CARTESIAN_POINT ( 'NONE',  ( -4.462380288428801300, 2.279592747210268833, 8.840214275616633088 ) ) ;
#6875 = ORIENTED_EDGE ( 'NONE', *, *, #184, .F. ) ;
#6876 = ADVANCED_FACE ( 'NONE', ( #1430 ), #2555, .T. ) ;
#6877 = FACE_OUTER_BOUND ( 'NONE', #327, .T. ) ;
#6878 = CARTESIAN_POINT ( 'NONE',  ( 3.032018450179241764, 1.975903690497187837, -9.529937051748243348 ) ) ;
#6879 = CARTESIAN_POINT ( 'NONE',  ( -7.449293024680273767, 9.500000000000000000, -5.895594408747078852 ) ) ;
#6880 = EDGE_CURVE ( 'NONE', #6757, #5431, #2057, .T. ) ;
#6881 = CARTESIAN_POINT ( 'NONE',  ( 0.000000000000000000, 9.500000000000000000, 0.000000000000000000 ) ) ;
#6882 = ORIENTED_EDGE ( 'NONE', *, *, #280, .T. ) ;
#6883 = EDGE_CURVE ( 'NONE', #6142, #5932, #4585, .T. ) ;
#6884 = ORIENTED_EDGE ( 'NONE', *, *, #1520, .T. ) ;
#6885 = CARTESIAN_POINT ( 'NONE',  ( 0.5566365330722341520, 2.048945620300760329, 9.985236028452421309 ) ) ;
#6886 = DIRECTION ( 'NONE',  ( -0.000000000000000000, -1.000000000000000000, -0.000000000000000000 ) ) ;
#6887 = CARTESIAN_POINT ( 'NONE',  ( -8.260368511126747748, 10.00001200000000168, 8.260368511126719326 ) ) ;
#6888 = CARTESIAN_POINT ( 'NONE',  ( 4.470479223992089857, 10.00000000000000000, 10.79269157286926628 ) ) ;
#6889 = CARTESIAN_POINT ( 'NONE',  ( -1.098630827246566799, 10.00000000000000000, 9.936260398347616984 ) ) ;
#6890 = ORIENTED_EDGE ( 'NONE', *, *, #2406, .T. ) ;
#6891 = DIRECTION ( 'NONE',  ( 0.000000000000000000, 0.000000000000000000, -1.000000000000000000 ) ) ;
#6892 = DIRECTION ( 'NONE',  ( 0.5249775667251612710, 0.000000000000000000, 0.8511160640214288087 ) ) ;
#6893 = CARTESIAN_POINT ( 'NONE',  ( 3.183664679234301964, 2.232065284504575420, -9.361832310899361076 ) ) ;
#6894 = LINE ( 'NONE', #4138, #4747 ) ;
#6895 = VERTEX_POINT ( 'NONE', #325 ) ;
#6896 = CARTESIAN_POINT ( 'NONE',  ( -0.9124482025973585930, 8.000000000000000000, 2.221104420305843430 ) ) ;
#6897 = ORIENTED_EDGE ( 'NONE', *, *, #3656, .F. ) ;
#6898 = CARTESIAN_POINT ( 'NONE',  ( -4.687283918649718828, 2.051189550670914574, 8.833773591331265607 ) ) ;
#6899 = FACE_OUTER_BOUND ( 'NONE', #3068, .T. ) ;
#6900 = DIRECTION ( 'NONE',  ( -0.9971414314842893534, 0.000000000000000000, -0.07555769727474785646 ) ) ;
#6901 = AXIS2_PLACEMENT_3D ( 'NONE', #3756, #2661, #5272 ) ;
#6902 = CARTESIAN_POINT ( 'NONE',  ( 1.276266388579325062, 8.000000000000000000, 2.504813822048898242 ) ) ;
#6903 = ORIENTED_EDGE ( 'NONE', *, *, #5025, .T. ) ;
#6904 = CARTESIAN_POINT ( 'NONE',  ( 0.9124482025973564836, 0.000000000000000000, 2.221104420305848315 ) ) ;
#6905 = VERTEX_POINT ( 'NONE', #6968 ) ;
#6906 = LINE ( 'NONE', #4116, #2108 ) ;
#6907 = ORIENTED_EDGE ( 'NONE', *, *, #2147, .T. ) ;
#6908 = ADVANCED_FACE ( 'NONE', ( #1494 ), #5919, .T. ) ;
#6909 = CARTESIAN_POINT ( 'NONE',  ( 9.606750064360237928, 2.255681435097350640, -2.777795937255594261 ) ) ;
#6910 = DIRECTION ( 'NONE',  ( 0.000000000000000000, 1.000000000000000000, 0.000000000000000000 ) ) ;
#6911 = DIRECTION ( 'NONE',  ( -0.000000000000000000, -1.000000000000000000, -0.000000000000000000 ) ) ;
#6912 = SPHERICAL_SURFACE ( 'NONE', #3240, 0.5000000000000000000 ) ;
#6913 = EDGE_CURVE ( 'NONE', #1086, #4783, #1698, .T. ) ;
#6914 = ORIENTED_EDGE ( 'NONE', *, *, #629, .T. ) ;
#6915 = EDGE_LOOP ( 'NONE', ( #1474, #6335 ) ) ;
#6916 = EDGE_CURVE ( 'NONE', #6803, #1286, #3176, .T. ) ;
#6917 = CARTESIAN_POINT ( 'NONE',  ( -0.2274354203458242019, 1.992783053389822312, 9.998058371801610278 ) ) ;
#6918 = DIRECTION ( 'NONE',  ( 0.000000000000000000, 0.000000000000000000, -1.000000000000000000 ) ) ;
#6919 = DIRECTION ( 'NONE',  ( 0.000000000000000000, -1.000000000000000000, 0.000000000000000000 ) ) ;
#6920 = CARTESIAN_POINT ( 'NONE',  ( -8.824244412177533192, 2.322848788353840455, 4.707037444963813932 ) ) ;
#6921 = DIRECTION ( 'NONE',  ( 0.9980606173047411600, 0.000000000000000000, 0.06224953160690469695 ) ) ;
#6922 = ORIENTED_EDGE ( 'NONE', *, *, #4780, .F. ) ;
#6923 = AXIS2_PLACEMENT_3D ( 'NONE', #5729, #68, #2287 ) ;
#6924 = EDGE_CURVE ( 'NONE', #509, #3285, #4933, .T. ) ;
#6925 = LINE ( 'NONE', #181, #1521 ) ;
#6926 = CARTESIAN_POINT ( 'NONE',  ( 3.710106042531116977, 1.768515498480480730, 9.287160042897212975 ) ) ;
#6927 = VECTOR ( 'NONE', #5506, 1000.000000000000000 ) ;
#6928 = CARTESIAN_POINT ( 'NONE',  ( 4.344279487925926553, 2.222029771489018035, -8.879080587187033302 ) ) ;
#6929 = CARTESIAN_POINT ( 'NONE',  ( 9.949874371066192325, 2.500000000000000444, 1.010707579139346057 ) ) ;
#6930 = ORIENTED_EDGE ( 'NONE', *, *, #4006, .F. ) ;
#6931 = CARTESIAN_POINT ( 'NONE',  ( 1.554148821017837800, 8.000000000000000000, -1.830433831214387297 ) ) ;
#6932 = VERTEX_POINT ( 'NONE', #1633 ) ;
#6933 = CARTESIAN_POINT ( 'NONE',  ( -3.150000000000000799, 8.000000000000000000, 5.421010862427522170E-17 ) ) ;
#6934 = VECTOR ( 'NONE', #6402, 999.9999999999998863 ) ;
#6935 = CARTESIAN_POINT ( 'NONE',  ( 9.955022261424868901, 2.051666420109249600, -0.9506534642318121842 ) ) ;
#6936 = CARTESIAN_POINT ( 'NONE',  ( -8.984615682879219634, 1.863989508453883337, -4.391979800034222947 ) ) ;
#6937 = CARTESIAN_POINT ( 'NONE',  ( -7.495923812460050684, 1.863989508453880894, 6.619964632136810856 ) ) ;
#6938 = EDGE_LOOP ( 'NONE', ( #2310, #979, #2244, #7146 ) ) ;
#6939 = AXIS2_PLACEMENT_3D ( 'NONE', #2937, #5107, #4015 ) ;
#6940 = DIRECTION ( 'NONE',  ( 0.2362740077746005030, 0.000000000000000000, 0.9716864685947457225 ) ) ;
#6941 = VERTEX_POINT ( 'NONE', #468 ) ;
#6942 = CARTESIAN_POINT ( 'NONE',  ( -2.043718524445535589, 0.000000000000000000, 1.260587625341242024 ) ) ;
#6943 = EDGE_LOOP ( 'NONE', ( #5369, #6863, #3852, #2429 ) ) ;
#6944 = CIRCLE ( 'NONE', #4857, 0.5000000000000007772 ) ;
#6945 = CARTESIAN_POINT ( 'NONE',  ( 8.917333680704871313, 2.183694385698153884, -4.230707568574939792 ) ) ;
#6946 = CARTESIAN_POINT ( 'NONE',  ( 3.594033116304640618, 1.779361857681295289, -9.332649232411196039 ) ) ;
#6947 = CARTESIAN_POINT ( 'NONE',  ( 1.830433831214388185, 8.000000000000000000, -1.554148821017838911 ) ) ;
#6948 = CARTESIAN_POINT ( 'NONE',  ( 0.1814307967061945526, 0.000000000000000000, 2.394357833393303547 ) ) ;
#6949 = ORIENTED_EDGE ( 'NONE', *, *, #4786, .T. ) ;
#6950 = CIRCLE ( 'NONE', #5215, 0.5000000000000004441 ) ;
#6951 = EDGE_LOOP ( 'NONE', ( #6665, #5701, #3547, #6873 ) ) ;
#6952 = AXIS2_PLACEMENT_3D ( 'NONE', #3757, #2630, #2663 ) ;
#6953 = AXIS2_PLACEMENT_3D ( 'NONE', #4409, #7129, #2009 ) ;
#6954 = CARTESIAN_POINT ( 'NONE',  ( 0.9593430162965213004, 2.059838893144203098, 9.954167761667831016 ) ) ;
#6955 = CARTESIAN_POINT ( 'NONE',  ( 9.339861078571379593, 2.212953969771219942, -3.227365271954468984 ) ) ;
#6956 = PLANE ( 'NONE',  #5277 ) ;
#6957 = CARTESIAN_POINT ( 'NONE',  ( -9.988368796715791476, 1.827040335878403754, -0.4976940340571252008 ) ) ;
#6958 = EDGE_CURVE ( 'NONE', #367, #6730, #775, .T. ) ;
#6959 = CARTESIAN_POINT ( 'NONE',  ( -2.970974231079568817, 2.500000000000000444, 9.469254843656223386 ) ) ;
#6960 = AXIS2_PLACEMENT_3D ( 'NONE', #4567, #6751, #5014 ) ;
#6961 = ORIENTED_EDGE ( 'NONE', *, *, #6221, .F. ) ;
#6962 = ADVANCED_FACE ( 'NONE', ( #3202 ), #5441, .T. ) ;
#6963 = EDGE_CURVE ( 'NONE', #5489, #6810, #3305, .T. ) ;
#6964 = CARTESIAN_POINT ( 'NONE',  ( -2.596097982851399699, 9.500000000000000000, 9.138395661352978649 ) ) ;
#6965 = CARTESIAN_POINT ( 'NONE',  ( 3.722773453796036858, 1.985975370094173353, 9.281909929401386705 ) ) ;
#6966 = AXIS2_PLACEMENT_3D ( 'NONE', #5172, #3338, #1163 ) ;
#6967 = CIRCLE ( 'NONE', #717, 0.5000000000000003331 ) ;
#6968 = CARTESIAN_POINT ( 'NONE',  ( -0.8789046617972534614, 2.500000000000000444, 9.885393354405108468 ) ) ;
#6969 = ADVANCED_FACE ( 'NONE', ( #1056 ), #4421, .T. ) ;
#6970 = CARTESIAN_POINT ( 'NONE',  ( 5.095752233843723986E-17, 9.500000000000000000, -11.68192517863507618 ) ) ;
#6971 = ORIENTED_EDGE ( 'NONE', *, *, #3332, .F. ) ;
#6972 = SURFACE_STYLE_FILL_AREA ( #6457 ) ;
#6973 = ORIENTED_EDGE ( 'NONE', *, *, #634, .T. ) ;
#6974 = EDGE_CURVE ( 'NONE', #1759, #804, #390, .T. ) ;
#6975 = AXIS2_PLACEMENT_3D ( 'NONE', #2842, #4464, #3995 ) ;
#6976 = CARTESIAN_POINT ( 'NONE',  ( -3.955849480317319866, 2.139858412045521963, -9.015827962026273568 ) ) ;
#6977 = CARTESIAN_POINT ( 'NONE',  ( 1.260587625341246687, 8.000000000000000000, -2.043718524445536033 ) ) ;
#6978 = CARTESIAN_POINT ( 'NONE',  ( -9.191263844005497674, 1.768517871363071814, -3.941618638437733413 ) ) ;
#6979 = DIRECTION ( 'NONE',  ( 0.000000000000000000, -3.469446951953616950E-15, 1.000000000000000000 ) ) ;
#6980 = VECTOR ( 'NONE', #3449, 1000.000000000000000 ) ;
#6981 = DIRECTION ( 'NONE',  ( 0.000000000000000000, 0.000000000000000000, -1.000000000000000000 ) ) ;
#6982 = EDGE_LOOP ( 'NONE', ( #6669, #2481, #861 ) ) ;
#6983 = CARTESIAN_POINT ( 'NONE',  ( -4.602995496167459066, 1.981868317978634719, 8.878359725471311137 ) ) ;
#6984 = ORIENTED_EDGE ( 'NONE', *, *, #1867, .T. ) ;
#6985 = LINE ( 'NONE', #6542, #3231 ) ;
#6986 = CARTESIAN_POINT ( 'NONE',  ( 9.057951044157066534, 2.024441704241286555, -4.238971915911121435 ) ) ;
#6987 = CARTESIAN_POINT ( 'NONE',  ( 9.406617602937965117, 2.279919447647856590, 3.095076455295213691 ) ) ;
#6988 = CYLINDRICAL_SURFACE ( 'NONE', #2303, 2.000000000000000000 ) ;
#6989 = CARTESIAN_POINT ( 'NONE',  ( -1.107361165272789716, 2.249659137499897099, -9.938811613925521371 ) ) ;
#6990 = EDGE_LOOP ( 'NONE', ( #2647, #1226, #863, #2697 ) ) ;
#6991 = VERTEX_POINT ( 'NONE', #1745 ) ;
#6992 = CARTESIAN_POINT ( 'NONE',  ( -8.260368511126690905, 9.500000000000000000, -8.260368511126776170 ) ) ;
#6993 = CARTESIAN_POINT ( 'NONE',  ( -2.596097982851398811, 2.500000000000000444, 9.138395661352976873 ) ) ;
#6994 = DIRECTION ( 'NONE',  ( 0.000000000000000000, 0.000000000000000000, 1.000000000000000000 ) ) ;
#6995 = CARTESIAN_POINT ( 'NONE',  ( 9.339547392334306863, 2.212746796842762542, 3.227999808065106446 ) ) ;
#6996 = ORIENTED_EDGE ( 'NONE', *, *, #2181, .F. ) ;
#6997 = DIRECTION ( 'NONE',  ( 0.000000000000000000, 0.000000000000000000, -1.000000000000000000 ) ) ;
#6998 = EDGE_CURVE ( 'NONE', #5898, #5301, #4473, .T. ) ;
#6999 = CARTESIAN_POINT ( 'NONE',  ( 4.391695231002975319, 2.241156341101790517, 8.863313405234842790 ) ) ;
#7000 = DIRECTION ( 'NONE',  ( 0.8511160640214281425, 0.000000000000000000, -0.5249775667251623812 ) ) ;
#7001 = CARTESIAN_POINT ( 'NONE',  ( 7.561691272055242052, 2.343771222574624336, -6.411475381605020729 ) ) ;
#7002 = EDGE_CURVE ( 'NONE', #1207, #1768, #836, .T. ) ;
#7003 = ORIENTED_EDGE ( 'NONE', *, *, #3483, .T. ) ;
#7004 = CARTESIAN_POINT ( 'NONE',  ( -0.9124482025973585930, 8.000000000000000000, 2.221104420305843430 ) ) ;
#7005 = ORIENTED_EDGE ( 'NONE', *, *, #3807, .F. ) ;
#7006 = DIRECTION ( 'NONE',  ( 0.000000000000000000, -1.000000000000000000, 0.000000000000000000 ) ) ;
#7007 = CIRCLE ( 'NONE', #3882, 2.500000000000000444 ) ;
#7008 = FACE_OUTER_BOUND ( 'NONE', #5873, .T. ) ;
#7009 = ADVANCED_FACE ( 'NONE', ( #5696 ), #4707, .T. ) ;
#7010 = CARTESIAN_POINT ( 'NONE',  ( 2.732734718790808426, 9.500000000000000000, 9.619363854055803742 ) ) ;
#7011 = CARTESIAN_POINT ( 'NONE',  ( 0.4397714266284717399, 8.000000000000000000, -2.776607510986325522 ) ) ;
#7012 =( GEOMETRIC_REPRESENTATION_CONTEXT ( 3 ) GLOBAL_UNCERTAINTY_ASSIGNED_CONTEXT ( ( #4875 ) ) GLOBAL_UNIT_ASSIGNED_CONTEXT ( ( #2387, #714, #3980 ) ) REPRESENTATION_CONTEXT ( 'NONE', 'WORKASPACE' ) );
#7013 = CARTESIAN_POINT ( 'NONE',  ( 0.000000000000000000, 0.000000000000000000, 0.000000000000000000 ) ) ;
#7014 = ORIENTED_EDGE ( 'NONE', *, *, #6433, .T. ) ;
#7015 = DIRECTION ( 'NONE',  ( -0.000000000000000000, -1.000000000000000000, -0.000000000000000000 ) ) ;
#7016 = VERTEX_POINT ( 'NONE', #175 ) ;
#7017 = DIRECTION ( 'NONE',  ( 0.000000000000000000, 0.000000000000000000, 1.000000000000000000 ) ) ;
#7018 = CARTESIAN_POINT ( 'NONE',  ( 9.454885785705636536, 2.377840714399256594, -2.999548401200171188 ) ) ;
#7019 = CARTESIAN_POINT ( 'NONE',  ( 9.334189340898232601, 1.779716818039879467, 3.590100106537582825 ) ) ;
#7020 = DIRECTION ( 'NONE',  ( -0.000000000000000000, -1.000000000000000000, -0.000000000000000000 ) ) ;
#7021 = ORIENTED_EDGE ( 'NONE', *, *, #2397, .F. ) ;
#7022 = CARTESIAN_POINT ( 'NONE',  ( 0.4485839205770452698, 2.024215165943706651, -9.990691563217438897 ) ) ;
#7023 = EDGE_LOOP ( 'NONE', ( #1620, #2869, #5046, #1371 ) ) ;
#7024 = CIRCLE ( 'NONE', #1122, 2.000000000000000000 ) ;
#7025 = ORIENTED_EDGE ( 'NONE', *, *, #4099, .T. ) ;
#7026 = AXIS2_PLACEMENT_3D ( 'NONE', #2259, #4936, #3 ) ;
#7027 = CARTESIAN_POINT ( 'NONE',  ( -7.584466575834730051, 2.127336489724616975, -6.518869136509612083 ) ) ;
#7028 = DIRECTION ( 'NONE',  ( 0.000000000000000000, 0.000000000000000000, 1.000000000000000000 ) ) ;
#7029 = CARTESIAN_POINT ( 'NONE',  ( -9.324037261860183889, 1.992783053389687753, 3.615968364881899877 ) ) ;
#7030 = CARTESIAN_POINT ( 'NONE',  ( 1.276266388579322841, 8.000000000000000000, -2.504813822048899130 ) ) ;
#7031 = CARTESIAN_POINT ( 'NONE',  ( -1.098630827246567243, 9.500000000000000000, 9.436260398347616984 ) ) ;
#7032 = CARTESIAN_POINT ( 'NONE',  ( 9.619363854055736240, 2.500000000000000444, 2.732734718791043349 ) ) ;
#7033 = CARTESIAN_POINT ( 'NONE',  ( 6.389094439621010757, 2.378544800989048635, -7.587710600652654236 ) ) ;
#7034 = CARTESIAN_POINT ( 'NONE',  ( 7.599467116825892710, 2.414533010808959990, -6.378947770805442730 ) ) ;
#7035 = AXIS2_PLACEMENT_3D ( 'NONE', #4489, #4018, #3522 ) ;
#7036 = EDGE_LOOP ( 'NONE', ( #661, #1944, #386, #4524 ) ) ;
#7037 = EDGE_CURVE ( 'NONE', #404, #67, #1011, .T. ) ;
#7038 = CARTESIAN_POINT ( 'NONE',  ( -6.368549229222937313, 2.500000000000000444, -7.611508121969626117 ) ) ;
#7039 = ORIENTED_EDGE ( 'NONE', *, *, #5678, .T. ) ;
#7040 = FACE_OUTER_BOUND ( 'NONE', #3832, .T. ) ;
#7041 = CARTESIAN_POINT ( 'NONE',  ( 2.732734718791013595, 9.500000000000000000, -9.619363854055745122 ) ) ;
#7042 = CIRCLE ( 'NONE', #5890, 0.5000000000000004441 ) ;
#7043 = FACE_OUTER_BOUND ( 'NONE', #3623, .T. ) ;
#7044 = ADVANCED_FACE ( 'NONE', ( #766 ), #1349, .F. ) ;
#7045 = DIRECTION ( 'NONE',  ( 0.000000000000000000, 0.000000000000000000, 1.000000000000000000 ) ) ;
#7046 = DIRECTION ( 'NONE',  ( -0.3244301945785831864, 0.000000000000000000, 0.9459096409518739090 ) ) ;
#7047 = ORIENTED_EDGE ( 'NONE', *, *, #1037, .F. ) ;
#7048 = EDGE_CURVE ( 'NONE', #1667, #4468, #282, .T. ) ;
#7049 = DIRECTION ( 'NONE',  ( 0.3799932884734136818, 0.000000000000000000, -0.9249892435672758539 ) ) ;
#7050 = AXIS2_PLACEMENT_3D ( 'NONE', #1544, #6504, #3759 ) ;
#7051 = EDGE_LOOP ( 'NONE', ( #893, #1716, #6458, #3991 ) ) ;
#7052 = AXIS2_PLACEMENT_3D ( 'NONE', #5315, #3150, #5388 ) ;
#7053 = LINE ( 'NONE', #3792, #4499 ) ;
#7054 = EDGE_CURVE ( 'NONE', #845, #3578, #7007, .T. ) ;
#7055 = DIRECTION ( 'NONE',  ( 0.6472324890273797315, 0.000000000000000000, -0.7622926637108760062 ) ) ;
#7056 = CARTESIAN_POINT ( 'NONE',  ( 9.438151782886684771, 2.048970607329221760, -3.306964416653631833 ) ) ;
#7057 = EDGE_CURVE ( 'NONE', #6624, #4459, #759, .T. ) ;
#7058 = CIRCLE ( 'NONE', #4973, 0.4999999999999998335 ) ;
#7059 = PLANE ( 'NONE',  #561 ) ;
#7060 = CARTESIAN_POINT ( 'NONE',  ( -0.8789046123668520227, 2.438513403071525865, -9.885393330222619568 ) ) ;
#7061 = VERTEX_POINT ( 'NONE', #5766 ) ;
#7062 = EDGE_CURVE ( 'NONE', #6081, #2613, #5844, .T. ) ;
#7063 = EDGE_LOOP ( 'NONE', ( #379, #1378, #4427, #2918 ) ) ;
#7064 = VECTOR ( 'NONE', #6940, 1000.000000000000114 ) ;
#7065 = EDGE_CURVE ( 'NONE', #845, #1202, #5739, .T. ) ;
#7066 = CARTESIAN_POINT ( 'NONE',  ( -7.249794653336903316, 1.779716818039786874, -6.888859623417141087 ) ) ;
#7067 = CARTESIAN_POINT ( 'NONE',  ( -6.459234499842977151, 2.279919447647852149, 7.506146992169976606 ) ) ;
#7068 = AXIS2_PLACEMENT_3D ( 'NONE', #4900, #3172, #6423 ) ;
#7069 = CARTESIAN_POINT ( 'NONE',  ( -9.057951044156933307, 2.024441704241496165, 4.238971915910973109 ) ) ;
#7070 = CARTESIAN_POINT ( 'NONE',  ( -8.297540029607333167, 10.00000000000000000, -4.626103053009515520 ) ) ;
#7071 = VECTOR ( 'NONE', #6399, 1000.000000000000000 ) ;
#7072 = TOROIDAL_SURFACE ( 'NONE', #1873, 9.500000000000000000, 0.5000000000000000000 ) ;
#7073 = DIRECTION ( 'NONE',  ( -0.4869582161062701031, 0.000000000000000000, 0.8734252662744530493 ) ) ;
#7074 = CARTESIAN_POINT ( 'NONE',  ( 9.419005646007468258, 1.827366529454476307, 3.361212337356740854 ) ) ;
#7075 = DIRECTION ( 'NONE',  ( 0.000000000000000000, 0.000000000000000000, 1.000000000000000000 ) ) ;
#7076 = CIRCLE ( 'NONE', #6843, 0.5000000000000007772 ) ;
#7077 = VECTOR ( 'NONE', #82, 1000.000000000000000 ) ;
#7078 = CARTESIAN_POINT ( 'NONE',  ( -1.987831504145225026, 0.000000000000000000, -1.987831504145221029 ) ) ;
#7079 = ORIENTED_EDGE ( 'NONE', *, *, #3283, .T. ) ;
#7080 = EDGE_LOOP ( 'NONE', ( #6356, #2235, #3060, #3885 ) ) ;
#7081 = CARTESIAN_POINT ( 'NONE',  ( -8.297540029607363365, 2.500000000000000444, 4.626103053009461341 ) ) ;
#7082 = TOROIDAL_SURFACE ( 'NONE', #2224, 2.500000000000000000, 0.5000000000000000000 ) ;
#7083 = CARTESIAN_POINT ( 'NONE',  ( -4.470479223992169793, 2.500000000000000444, -10.79269157286923075 ) ) ;
#7084 = AXIS2_PLACEMENT_3D ( 'NONE', #6614, #1550, #1615 ) ;
#7085 = CARTESIAN_POINT ( 'NONE',  ( -8.260368511126747748, 2.500000000000000444, 8.260368511126719326 ) ) ;
#7086 = DIRECTION ( 'NONE',  ( 0.000000000000000000, -1.000000000000000000, 0.000000000000000000 ) ) ;
#7087 = DIRECTION ( 'NONE',  ( -0.06224953160690814558, -0.000000000000000000, 0.9980606173047409380 ) ) ;
#7088 = ORIENTED_EDGE ( 'NONE', *, *, #5100, .T. ) ;
#7089 = CIRCLE ( 'NONE', #28, 3.499999999999972022 ) ;
#7090 = CARTESIAN_POINT ( 'NONE',  ( -10.79269157286921654, 10.00000000000000000, 4.470479223992207096 ) ) ;
#7091 = ORIENTED_EDGE ( 'NONE', *, *, #4745, .F. ) ;
#7092 = CYLINDRICAL_SURFACE ( 'NONE', #2657, 0.4999999999999995559 ) ;
#7093 = CARTESIAN_POINT ( 'NONE',  ( 7.415746258786980682, 1.827366529454474531, 6.709852692988624412 ) ) ;
#7094 = FACE_BOUND ( 'NONE', #2954, .T. ) ;
#7095 = AXIS2_PLACEMENT_3D ( 'NONE', #6559, #2727, #1632 ) ;
#7096 = EDGE_CURVE ( 'NONE', #5554, #2465, #6545, .T. ) ;
#7097 = DIRECTION ( 'NONE',  ( -0.9619363854055792418, 0.000000000000000000, 0.2732734718790853501 ) ) ;
#7098 = ORIENTED_EDGE ( 'NONE', *, *, #4576, .F. ) ;
#7099 = CARTESIAN_POINT ( 'NONE',  ( -0.4025598189324817167, 2.164715090713965395, -9.851765289569906159 ) ) ;
#7100 = VERTEX_POINT ( 'NONE', #841 ) ;
#7101 = ORIENTED_EDGE ( 'NONE', *, *, #2674, .T. ) ;
#7102 = EDGE_CURVE ( 'NONE', #706, #2037, #1458, .T. ) ;
#7103 = EDGE_CURVE ( 'NONE', #5176, #7100, #211, .T. ) ;
#7104 = CARTESIAN_POINT ( 'NONE',  ( -7.321179991124048492, 2.183694385698125018, -6.619520378501492885 ) ) ;
#7105 = CARTESIAN_POINT ( 'NONE',  ( -6.909176054700008507, 1.992695579455373567, 7.230240655841170927 ) ) ;
#7106 = FACE_OUTER_BOUND ( 'NONE', #4953, .T. ) ;
#7107 = EDGE_LOOP ( 'NONE', ( #5512, #7154, #6223, #950 ) ) ;
#7108 = DIRECTION ( 'NONE',  ( -0.000000000000000000, 1.000000000000000000, -0.000000000000000000 ) ) ;
#7109 = DIRECTION ( 'NONE',  ( 0.000000000000000000, 1.000000000000000000, 0.000000000000000000 ) ) ;
#7110 = CARTESIAN_POINT ( 'NONE',  ( 6.681597265112824147, 2.164715090713946299, -7.250902820713466035 ) ) ;
#7111 = ORIENTED_EDGE ( 'NONE', *, *, #2540, .F. ) ;
#7112 = CARTESIAN_POINT ( 'NONE',  ( 8.796570338259671828, 10.00001200000000168, 4.594978287206128442 ) ) ;
#7113 = ORIENTED_EDGE ( 'NONE', *, *, #2894, .F. ) ;
#7114 = CARTESIAN_POINT ( 'NONE',  ( -3.355012593856879999, 1.829075679051542114, -9.421228362309024718 ) ) ;
#7115 = DIRECTION ( 'NONE',  ( 0.000000000000000000, 0.000000000000000000, 1.000000000000000000 ) ) ;
#7116 = CARTESIAN_POINT ( 'NONE',  ( -2.394357833393300439, 8.000000000000000000, -0.1814307967061967453 ) ) ;
#7117 = CARTESIAN_POINT ( 'NONE',  ( -4.470479223992169793, 2.500000000000000444, -10.79269157286923075 ) ) ;
#7118 = DIRECTION ( 'NONE',  ( -0.9980606173047409380, 0.000000000000000000, -0.06224953160690815251 ) ) ;
#7119 = ORIENTED_EDGE ( 'NONE', *, *, #4387, .F. ) ;
#7120 = CARTESIAN_POINT ( 'NONE',  ( 1.276266388579325062, 8.000000000000000000, 2.504813822048898242 ) ) ;
#7121 = ORIENTED_EDGE ( 'NONE', *, *, #1690, .F. ) ;
#7122 = CARTESIAN_POINT ( 'NONE',  ( -0.5673463196692629662, 0.000000000000000000, 2.333234819276247762 ) ) ;
#7123 = CARTESIAN_POINT ( 'NONE',  ( -9.964024948269880610, 1.981868317978659810, -0.8550121536354458041 ) ) ;
#7124 = LINE ( 'NONE', #4947, #3160 ) ;
#7125 = CARTESIAN_POINT ( 'NONE',  ( 5.895594408747102833, 9.500000000000000000, -7.449293024680254227 ) ) ;
#7126 = ORIENTED_EDGE ( 'NONE', *, *, #571, .F. ) ;
#7127 = CARTESIAN_POINT ( 'NONE',  ( 0.9585349633982752637, 2.059185488125293340, -9.954245716881924722 ) ) ;
#7128 = ORIENTED_EDGE ( 'NONE', *, *, #6690, .T. ) ;
#7129 = DIRECTION ( 'NONE',  ( 0.000000000000000000, 1.000000000000000000, 0.000000000000000000 ) ) ;
#7130 = ORIENTED_EDGE ( 'NONE', *, *, #2553, .F. ) ;
#7131 = EDGE_CURVE ( 'NONE', #6593, #3135, #66, .T. ) ;
#7132 = CARTESIAN_POINT ( 'NONE',  ( -1.109995276579309298, 2.255681435097380394, 9.938496242092700328 ) ) ;
#7133 = EDGE_CURVE ( 'NONE', #6895, #3663, #5260, .T. ) ;
#7134 = CARTESIAN_POINT ( 'NONE',  ( -7.150722883170764987, 1.985975370094119175, 6.991427348825541621 ) ) ;
#7135 = AXIS2_PLACEMENT_3D ( 'NONE', #3097, #5299, #2593 ) ;
#7136 = CARTESIAN_POINT ( 'NONE',  ( 10.79269157286925029, 9.500000000000000000, -4.470479223992127160 ) ) ;
#7137 = ADVANCED_FACE ( 'NONE', ( #2545 ), #6956, .T. ) ;
#7138 = DIRECTION ( 'NONE',  ( 0.000000000000000000, 0.000000000000000000, 1.000000000000000000 ) ) ;
#7139 = ADVANCED_FACE ( 'NONE', ( #6346 ), #5806, .T. ) ;
#7140 = CARTESIAN_POINT ( 'NONE',  ( -0.1814307967061928317, 8.000000000000000000, -2.394357833393303991 ) ) ;
#7141 = DIRECTION ( 'NONE',  ( 0.6205888851312616472, -0.000000000000000000, 0.7841361078610892266 ) ) ;
#7142 = EDGE_CURVE ( 'NONE', #1953, #6081, #739, .T. ) ;
#7143 = CARTESIAN_POINT ( 'NONE',  ( 6.320945456729212708, 2.500000000000000000, -7.750301822741088031 ) ) ;
#7144 = DIRECTION ( 'NONE',  ( -0.000000000000000000, -1.000000000000000000, -0.000000000000000000 ) ) ;
#7145 = EDGE_CURVE ( 'NONE', #1407, #3295, #765, .T. ) ;
#7146 = ORIENTED_EDGE ( 'NONE', *, *, #2894, .T. ) ;
#7147 = CARTESIAN_POINT ( 'NONE',  ( 7.158925180614832406, 1.768517871363068927, -6.983228393756097496 ) ) ;
#7148 = ADVANCED_FACE ( 'NONE', ( #4553 ), #5507, .F. ) ;
#7149 = DIRECTION ( 'NONE',  ( 0.000000000000000000, 0.000000000000000000, 1.000000000000000000 ) ) ;
#7150 = DIRECTION ( 'NONE',  ( 0.000000000000000000, -1.000000000000000000, 0.000000000000000000 ) ) ;
#7151 = CARTESIAN_POINT ( 'NONE',  ( 9.421771089946146205, 1.829430187479088143, 3.353526346303898897 ) ) ;
#7152 = CARTESIAN_POINT ( 'NONE',  ( 4.626103053009366306, 9.500000000000000000, 8.797540029607414880 ) ) ;
#7153 = CARTESIAN_POINT ( 'NONE',  ( 9.972564319548824940, 2.127336489724642288, -0.7534911753617753449 ) ) ;
#7154 = ORIENTED_EDGE ( 'NONE', *, *, #6974, .F. ) ;
#7155 = CARTESIAN_POINT ( 'NONE',  ( 0.000000000000000000, 9.500000000000000000, 0.000000000000000000 ) ) ;
#7156 = ORIENTED_EDGE ( 'NONE', *, *, #1782, .T. ) ;
#7157 = CARTESIAN_POINT ( 'NONE',  ( 3.161911533876303082, 2.241156341101751881, -9.372706491370069060 ) ) ;
#7158 = AXIS2_PLACEMENT_3D ( 'NONE', #6587, #6524, #4896 ) ;
#7159 = CARTESIAN_POINT ( 'NONE',  ( -9.885393354405104915, 2.500000000000001332, -0.8789046617972864350 ) ) ;
#7160 = CARTESIAN_POINT ( 'NONE',  ( 5.095752233843723986E-17, 9.500000000000000000, -11.68192517863507618 ) ) ;
#7161 = CARTESIAN_POINT ( 'NONE',  ( -8.796570338259703803, 2.500000000000000444, -4.594978287206065382 ) ) ;
#7162 = TOROIDAL_SURFACE ( 'NONE', #1143, 2.500000000000000000, 0.5000000000000000000 ) ;
#7163 = CARTESIAN_POINT ( 'NONE',  ( -0.8789046617972543496, 2.500000000000000444, -9.885393354405108468 ) ) ;
#7164 = EDGE_LOOP ( 'NONE', ( #4307, #6022, #3117, #4283 ) ) ;
#7165 = DIRECTION ( 'NONE',  ( 0.000000000000000000, 1.000000000000000000, 0.000000000000000000 ) ) ;
#7166 = ORIENTED_EDGE ( 'NONE', *, *, #4736, .T. ) ;
#7167 = AXIS2_PLACEMENT_3D ( 'NONE', #7117, #5893, #5350 ) ;
#7168 = CARTESIAN_POINT ( 'NONE',  ( -6.619520378501466240, 2.183694385698125018, 7.321179991124070696 ) ) ;
#7169 = CARTESIAN_POINT ( 'NONE',  ( -9.189634587520499664, 1.768641139222007386, 3.945484083995192570 ) ) ;
#7170 = DIRECTION ( 'NONE',  ( 0.000000000000000000, 1.000000000000000000, -0.000000000000000000 ) ) ;
#7171 = VECTOR ( 'NONE', #3527, 1000.000000000000000 ) ;
#7172 = LINE ( 'NONE', #7030, #5307 ) ;
#7173 = EDGE_CURVE ( 'NONE', #2258, #4917, #3548, .T. ) ;
#7174 = DIRECTION ( 'NONE',  ( 0.000000000000000000, 1.000000000000000000, 0.000000000000000000 ) ) ;
#7175 = CIRCLE ( 'NONE', #1739, 2.000000000000000000 ) ;
#7176 = CARTESIAN_POINT ( 'NONE',  ( 5.095752233843723986E-17, 10.00000000000000000, -11.68192517863507618 ) ) ;
#7177 = EDGE_CURVE ( 'NONE', #4224, #2430, #2966, .T. ) ;
#7178 = DIRECTION ( 'NONE',  ( 0.7622926637108774495, 0.000000000000000000, -0.6472324890273780662 ) ) ;
#7179 = ORIENTED_EDGE ( 'NONE', *, *, #5781, .F. ) ;
#7180 = DIRECTION ( 'NONE',  ( 0.000000000000000000, 0.000000000000000000, 1.000000000000000000 ) ) ;
#7181 = CIRCLE ( 'NONE', #6377, 0.5000000000000000000 ) ;
#7182 = CIRCLE ( 'NONE', #1743, 2.000000000000000000 ) ;
ENDSEC;
END-ISO-10303-21;
