ISO-10303-21;
HEADER;
FILE_DESCRIPTION (( 'STEP AP214' ),
    '1' );
FILE_NAME ('cap.STEP',
    '2026-08-05T20:03:51',
    ( '' ),
    ( '' ),
    'SwSTEP 2.0',
    'SolidWorks 2023',
    '' );
FILE_SCHEMA (( 'AUTOMOTIVE_DESIGN' ));
ENDSEC;

DATA;
#1 = CARTESIAN_POINT ( 'NONE',  ( -0.2520522957981771728, 1.779556347367960090, 9.997582529451088718 ) ) ;
#2 = CARTESIAN_POINT ( 'NONE',  ( 0.000000000000000000, 0.000000000000000000, 0.000000000000000000 ) ) ;
#3 = VECTOR ( 'NONE', #6804, 1000.000000000000000 ) ;
#4 = CARTESIAN_POINT ( 'NONE',  ( -9.436260398347620537, 10.00001200000000168, 1.098630827246531272 ) ) ;
#5 = VERTEX_POINT ( 'NONE', #4868 ) ;
#6 = CARTESIAN_POINT ( 'NONE',  ( -9.034166618178240071, 1.829075679051545444, -4.289462306013210657 ) ) ;
#7 = ORIENTED_EDGE ( 'NONE', *, *, #5465, .F. ) ;
#8 = EDGE_CURVE ( 'NONE', #1428, #2344, #3701, .T. ) ;
#9 = EDGE_CURVE ( 'NONE', #5774, #6733, #2886, .T. ) ;
#10 = AXIS2_PLACEMENT_3D ( 'NONE', #4439, #5606, #6614 ) ;
#11 = CARTESIAN_POINT ( 'NONE',  ( 9.981420327383220936, 1.864094386502767264, -0.6197453836958368711 ) ) ;
#12 = CARTESIAN_POINT ( 'NONE',  ( 9.885393354405117350, 9.500000000000000000, -0.8789046617971486564 ) ) ;
#13 = CARTESIAN_POINT ( 'NONE',  ( 9.980840721418802630, 1.867388762198086249, -0.6290766711810209522 ) ) ;
#14 = DIRECTION ( 'NONE',  ( -0.5249775667251637135, 0.000000000000000000, 0.8511160640214272544 ) ) ;
#15 = CARTESIAN_POINT ( 'NONE',  ( 9.033499448847551960, 1.829430187479030412, -4.290897008128984780 ) ) ;
#16 = VERTEX_POINT ( 'NONE', #4933 ) ;
#17 = CYLINDRICAL_SURFACE ( 'NONE', #5076, 2.000000000000000000 ) ;
#18 = CARTESIAN_POINT ( 'NONE',  ( -4.594978287206035183, 9.500000000000000000, 8.796570338259719790 ) ) ;
#19 = DIRECTION ( 'NONE',  ( 0.000000000000000000, 0.000000000000000000, -1.000000000000000000 ) ) ;
#20 = CARTESIAN_POINT ( 'NONE',  ( -0.8426567133884008687, 2.181508697813370201, -9.965325131732972963 ) ) ;
#21 = DIRECTION ( 'NONE',  ( 0.000000000000000000, -1.000000000000000000, 0.000000000000000000 ) ) ;
#22 = CARTESIAN_POINT ( 'NONE',  ( -9.501796650728076443, 2.127336489724566349, -3.120200068441883801 ) ) ;
#23 = CARTESIAN_POINT ( 'NONE',  ( 4.470479223992252393, 2.293003971280350051, -8.837551326248092920 ) ) ;
#24 = CARTESIAN_POINT ( 'NONE',  ( 9.297069126686189122, 2.183694385698144558, 3.313945104773045269 ) ) ;
#25 = CARTESIAN_POINT ( 'NONE',  ( 11.68192517863507618, 9.500000000000000000, 1.224126288112367485E-13 ) ) ;
#26 = EDGE_LOOP ( 'NONE', ( #2526, #4221, #1521, #6258 ) ) ;
#27 = CARTESIAN_POINT ( 'NONE',  ( -9.953906951267414982, 2.321832774718841197, -0.9711828485914696385 ) ) ;
#28 = ADVANCED_FACE ( 'NONE', ( #7141 ), #5201, .T. ) ;
#29 = ADVANCED_FACE ( 'NONE', ( #4389 ), #1019, .T. ) ;
#30 = CARTESIAN_POINT ( 'NONE',  ( 6.360928075381012903, 2.059185488125345298, 7.716501220627695723 ) ) ;
#31 = EDGE_CURVE ( 'NONE', #4317, #2197, #920, .T. ) ;
#32 = ORIENTED_EDGE ( 'NONE', *, *, #5553, .T. ) ;
#33 = EDGE_CURVE ( 'NONE', #3995, #5133, #4161, .T. ) ;
#34 = CARTESIAN_POINT ( 'NONE',  ( -7.584466575834730051, 2.127336489724616975, -6.518869136509612083 ) ) ;
#35 = ORIENTED_EDGE ( 'NONE', *, *, #658, .T. ) ;
#36 = DIRECTION ( 'NONE',  ( 0.000000000000000000, 1.000000000000000000, 0.000000000000000000 ) ) ;
#37 = CARTESIAN_POINT ( 'NONE',  ( 5.095752233843723986E-17, 9.500000000000000000, -9.181925178635076179 ) ) ;
#38 = ORIENTED_EDGE ( 'NONE', *, *, #6770, .F. ) ;
#39 = EDGE_LOOP ( 'NONE', ( #2052, #6870, #3946, #2651 ) ) ;
#40 = CARTESIAN_POINT ( 'NONE',  ( -8.884289160643506378, 2.181508697813423048, 4.592078116478297112 ) ) ;
#41 = FACE_OUTER_BOUND ( 'NONE', #3101, .T. ) ;
#42 = CARTESIAN_POINT ( 'NONE',  ( -1.554148821017838911, 8.000000000000000000, -1.830433831214388185 ) ) ;
#43 = VERTEX_POINT ( 'NONE', #1118 ) ;
#44 = CARTESIAN_POINT ( 'NONE',  ( -8.796570336523391376, 2.438027874578143184, -4.594978259367369589 ) ) ;
#45 = ORIENTED_EDGE ( 'NONE', *, *, #143, .F. ) ;
#46 = EDGE_CURVE ( 'NONE', #4476, #2609, #5999, .T. ) ;
#47 = CARTESIAN_POINT ( 'NONE',  ( 0.8789046617972544606, 2.456216401094828861, 9.885393354405106692 ) ) ;
#48 = ORIENTED_EDGE ( 'NONE', *, *, #1458, .T. ) ;
#49 = VECTOR ( 'NONE', #7050, 999.9999999999998863 ) ;
#50 = CARTESIAN_POINT ( 'NONE',  ( 9.875015954859550860, 2.279919447647841046, -0.7402789226334187678 ) ) ;
#51 = CIRCLE ( 'NONE', #6886, 0.5000000000000005551 ) ;
#52 = AXIS2_PLACEMENT_3D ( 'NONE', #3638, #2407, #180 ) ;
#53 = CARTESIAN_POINT ( 'NONE',  ( 1.260587625341246687, 8.000000000000000000, -2.043718524445536033 ) ) ;
#54 = PLANE ( 'NONE',  #2907 ) ;
#55 = ORIENTED_EDGE ( 'NONE', *, *, #3388, .F. ) ;
#56 = CARTESIAN_POINT ( 'NONE',  ( -7.841361078610813884, 2.500000000000000444, -6.205888851312715282 ) ) ;
#57 = CIRCLE ( 'NONE', #1338, 0.5000000000000004441 ) ;
#58 = CARTESIAN_POINT ( 'NONE',  ( -9.878024200989290904, 2.314666110110169317, 0.7802894779563663841 ) ) ;
#59 = DIRECTION ( 'NONE',  ( 0.2362740077746028344, 0.000000000000000000, -0.9716864685947452784 ) ) ;
#60 = LINE ( 'NONE', #1801, #1208 ) ;
#61 = CARTESIAN_POINT ( 'NONE',  ( -2.931332810158137292, 2.051666420109251820, 9.561040643706682829 ) ) ;
#62 = CARTESIAN_POINT ( 'NONE',  ( 9.421771089946146205, 1.829430187479088143, 3.353526346303898897 ) ) ;
#63 = AXIS2_PLACEMENT_3D ( 'NONE', #6220, #3052, #6736 ) ;
#64 = TOROIDAL_SURFACE ( 'NONE', #3438, 9.500000000000000000, 0.5000000000000000000 ) ;
#65 = DIRECTION ( 'NONE',  ( 0.000000000000000000, 0.000000000000000000, 1.000000000000000000 ) ) ;
#66 = ORIENTED_EDGE ( 'NONE', *, *, #6662, .T. ) ;
#67 = CARTESIAN_POINT ( 'NONE',  ( 7.611508121969646545, 2.500000000000000444, -6.368549229222910668 ) ) ;
#68 = DIRECTION ( 'NONE',  ( -1.000000000000000000, 0.000000000000000000, 0.000000000000000000 ) ) ;
#69 = LINE ( 'NONE', #1854, #2090 ) ;
#70 = VERTEX_POINT ( 'NONE', #5546 ) ;
#71 = CARTESIAN_POINT ( 'NONE',  ( -8.796570338259703803, 9.500000000000000000, -4.594978287206068934 ) ) ;
#72 = ORIENTED_EDGE ( 'NONE', *, *, #84, .F. ) ;
#73 = EDGE_CURVE ( 'NONE', #411, #3884, #2545, .T. ) ;
#74 = CYLINDRICAL_SURFACE ( 'NONE', #1335, 0.5000000000000000000 ) ;
#75 = DIRECTION ( 'NONE',  ( 0.000000000000000000, 0.000000000000000000, 1.000000000000000000 ) ) ;
#76 = ORIENTED_EDGE ( 'NONE', *, *, #3394, .F. ) ;
#77 = CARTESIAN_POINT ( 'NONE',  ( 5.095752233843723986E-17, 9.500000000000000000, -11.68192517863507618 ) ) ;
#78 = CARTESIAN_POINT ( 'NONE',  ( -7.587297981928558421, 2.377840714399346744, 6.389449519739637928 ) ) ;
#79 = AXIS2_PLACEMENT_3D ( 'NONE', #281, #2499, #351 ) ;
#80 = CARTESIAN_POINT ( 'NONE',  ( -4.411341288975762609, 2.250258099078932261, -8.856991984059051859 ) ) ;
#81 = VERTEX_POINT ( 'NONE', #2655 ) ;
#82 = CARTESIAN_POINT ( 'NONE',  ( -0.1253416906952652954, 1.768578062440355092, -9.999999999999998224 ) ) ;
#83 = ORIENTED_EDGE ( 'NONE', *, *, #4598, .T. ) ;
#84 = EDGE_CURVE ( 'NONE', #3205, #3220, #572, .T. ) ;
#85 = DIRECTION ( 'NONE',  ( 0.7622926637108760062, 0.000000000000000000, 0.6472324890273797315 ) ) ;
#86 = CIRCLE ( 'NONE', #5650, 0.5000000000000004441 ) ;
#87 = CARTESIAN_POINT ( 'NONE',  ( 1.224646799147353256E-15, -4.000000000000000000, 10.00000000000000000 ) ) ;
#88 = CARTESIAN_POINT ( 'NONE',  ( -2.732734718790878148, 2.500000000000001332, -9.619363854055782426 ) ) ;
#89 = CARTESIAN_POINT ( 'NONE',  ( 9.194972181005599765, 1.986052934431072670, -3.932605539365150005 ) ) ;
#90 = AXIS2_PLACEMENT_3D ( 'NONE', #2773, #7181, #4431 ) ;
#91 = VERTEX_POINT ( 'NONE', #7094 ) ;
#92 = CIRCLE ( 'NONE', #5203, 7.456920242929495402 ) ;
#93 = DIRECTION ( 'NONE',  ( 0.000000000000000000, 0.000000000000000000, 1.000000000000000000 ) ) ;
#94 = CARTESIAN_POINT ( 'NONE',  ( -1.830433831214388851, 0.000000000000000000, 1.554148821017839577 ) ) ;
#95 = CYLINDRICAL_SURFACE ( 'NONE', #3729, 2.000000000000000000 ) ;
#96 = CARTESIAN_POINT ( 'NONE',  ( 1.010707542388656011, 2.409665417632325557, -9.949874374723600923 ) ) ;
#97 = AXIS2_PLACEMENT_3D ( 'NONE', #4853, #4817, #6556 ) ;
#98 = DIRECTION ( 'NONE',  ( -0.000000000000000000, -1.000000000000000000, -0.000000000000000000 ) ) ;
#99 = CARTESIAN_POINT ( 'NONE',  ( 9.532992089188491391, 1.982312691401783455, 3.022413074353938800 ) ) ;
#100 = CIRCLE ( 'NONE', #1728, 0.4999999999999996669 ) ;
#101 = DIRECTION ( 'NONE',  ( 0.000000000000000000, 1.000000000000000000, 0.000000000000000000 ) ) ;
#102 = ORIENTED_EDGE ( 'NONE', *, *, #5361, .F. ) ;
#103 = CARTESIAN_POINT ( 'NONE',  ( 6.837592653503865137, 2.134291405717180456, -7.079631448005769379 ) ) ;
#104 = EDGE_CURVE ( 'NONE', #828, #1455, #1568, .T. ) ;
#105 = CARTESIAN_POINT ( 'NONE',  ( -9.840950097952873676, 2.134257748930265208, -0.1012763761843151478 ) ) ;
#106 = AXIS2_PLACEMENT_3D ( 'NONE', #4493, #3277, #5472 ) ;
#107 = EDGE_CURVE ( 'NONE', #768, #5749, #6589, .T. ) ;
#108 = PLANE ( 'NONE',  #4175 ) ;
#109 = AXIS2_PLACEMENT_3D ( 'NONE', #4499, #5075, #3496 ) ;
#110 = ORIENTED_EDGE ( 'NONE', *, *, #6788, .T. ) ;
#111 = CARTESIAN_POINT ( 'NONE',  ( -7.750301776586351998, 2.410376625841677445, -6.320945513048448205 ) ) ;
#112 = ORIENTED_EDGE ( 'NONE', *, *, #896, .T. ) ;
#113 = CARTESIAN_POINT ( 'NONE',  ( -11.68192517863507618, 9.500000000000000000, -4.083818128530453922E-14 ) ) ;
#114 = DIRECTION ( 'NONE',  ( -0.000000000000000000, -1.000000000000000000, -0.000000000000000000 ) ) ;
#115 = AXIS2_PLACEMENT_3D ( 'NONE', #3184, #7077, #997 ) ;
#116 = CARTESIAN_POINT ( 'NONE',  ( 9.138395661353003518, 2.500000000000000000, -2.596097982851298891 ) ) ;
#117 = CARTESIAN_POINT ( 'NONE',  ( -7.716501220627760560, 2.059185488125159225, 6.360928075380931190 ) ) ;
#118 = CARTESIAN_POINT ( 'NONE',  ( 4.826544448226447237, 2.249819565270344768, 8.758463274103238660 ) ) ;
#119 = EDGE_LOOP ( 'NONE', ( #2634, #4005 ) ) ;
#120 = ORIENTED_EDGE ( 'NONE', *, *, #1324, .T. ) ;
#121 = DIRECTION ( 'NONE',  ( -0.2732734718790788553, 0.000000000000000000, -0.9619363854055810181 ) ) ;
#122 = DIRECTION ( 'NONE',  ( 0.000000000000000000, -0.000000000000000000, 1.000000000000000000 ) ) ;
#123 = AXIS2_PLACEMENT_3D ( 'NONE', #4886, #7093, #914 ) ;
#124 = AXIS2_PLACEMENT_3D ( 'NONE', #3167, #1515, #394 ) ;
#125 = CARTESIAN_POINT ( 'NONE',  ( 0.6199608086382176753, 1.864204402698736107, -9.981404220800481397 ) ) ;
#126 = EDGE_CURVE ( 'NONE', #2072, #3354, #3009, .T. ) ;
#127 = DIRECTION ( 'NONE',  ( 0.7622926637108774495, 0.000000000000000000, -0.6472324890273780662 ) ) ;
#128 = ADVANCED_FACE ( 'NONE', ( #5505 ), #4339, .T. ) ;
#129 = CARTESIAN_POINT ( 'NONE',  ( 9.606750064360237928, 2.255681435097350640, -2.777795937255594261 ) ) ;
#130 = EDGE_CURVE ( 'NONE', #535, #4882, #3801, .T. ) ;
#131 = EDGE_LOOP ( 'NONE', ( #484, #3536, #587, #1798 ) ) ;
#132 = CIRCLE ( 'NONE', #477, 9.500000000000000000 ) ;
#133 = EDGE_CURVE ( 'NONE', #1499, #2309, #5399, .T. ) ;
#134 = LINE ( 'NONE', #94, #4700 ) ;
#135 = DIRECTION ( 'NONE',  ( -0.7497524964563451189, 0.000000000000000000, 0.6617183646064827007 ) ) ;
#136 = CARTESIAN_POINT ( 'NONE',  ( 0.9585349633982741535, 2.059185488125292895, -9.954245716881924722 ) ) ;
#137 = LINE ( 'NONE', #1844, #2864 ) ;
#138 = CARTESIAN_POINT ( 'NONE',  ( 8.829708429580092499, 2.059185488125266250, 4.694895751422107466 ) ) ;
#139 = CARTESIAN_POINT ( 'NONE',  ( 0.5925283757872982227, 2.212959311741235613, -9.863966789111861644 ) ) ;
#140 = ORIENTED_EDGE ( 'NONE', *, *, #6228, .F. ) ;
#141 = CARTESIAN_POINT ( 'NONE',  ( 2.970974231079432482, 2.456298904871083266, 9.469254843656264242 ) ) ;
#142 = CARTESIAN_POINT ( 'NONE',  ( -9.997538315944970222, 1.779716818039826176, 0.2552196072240165980 ) ) ;
#143 = EDGE_CURVE ( 'NONE', #4673, #5916, #6015, .T. ) ;
#144 = SPHERICAL_SURFACE ( 'NONE', #469, 0.5000000000000000000 ) ;
#145 = CARTESIAN_POINT ( 'NONE',  ( 7.449293024680356368, 9.500000000000000000, -5.895594408746972270 ) ) ;
#146 = CARTESIAN_POINT ( 'NONE',  ( -2.776607510986325966, 8.000000000000000000, 0.4397714266284747930 ) ) ;
#147 = VERTEX_POINT ( 'NONE', #7129 ) ;
#148 = CARTESIAN_POINT ( 'NONE',  ( 4.470479223992089857, 2.500000000000000444, 10.79269157286926628 ) ) ;
#149 = ORIENTED_EDGE ( 'NONE', *, *, #6132, .T. ) ;
#150 = DIRECTION ( 'NONE',  ( 0.000000000000000000, 0.000000000000000000, 1.000000000000000000 ) ) ;
#151 = CARTESIAN_POINT ( 'NONE',  ( 9.469254843656191412, 10.00001200000000168, 2.970974231079662520 ) ) ;
#152 = CARTESIAN_POINT ( 'NONE',  ( -9.932905682471181663, 10.00000000000000000, 1.156453502364769736 ) ) ;
#153 = DIRECTION ( 'NONE',  ( 4.386267836225327757E-16, 1.000000000000000000, 1.543988371350682482E-15 ) ) ;
#154 = CARTESIAN_POINT ( 'NONE',  ( -0.8789046617972524622, 2.500000000000000444, -9.885393354405108468 ) ) ;
#155 = CARTESIAN_POINT ( 'NONE',  ( 3.712059723680328993, 1.768517871363070926, 9.286350259861663403 ) ) ;
#156 = ORIENTED_EDGE ( 'NONE', *, *, #521, .F. ) ;
#157 = ORIENTED_EDGE ( 'NONE', *, *, #6591, .F. ) ;
#158 = ORIENTED_EDGE ( 'NONE', *, *, #2119, .T. ) ;
#159 = CARTESIAN_POINT ( 'NONE',  ( 9.932905682471165676, 2.372020242595190176, 1.156453502364910735 ) ) ;
#160 = DIRECTION ( 'NONE',  ( -1.000000000000000000, 3.469446951953611033E-15, 0.000000000000000000 ) ) ;
#161 = VERTEX_POINT ( 'NONE', #1624 ) ;
#162 = CARTESIAN_POINT ( 'NONE',  ( 0.8789046617972534614, 2.500000000000000444, -9.885393354405108468 ) ) ;
#163 = DIRECTION ( 'NONE',  ( 0.000000000000000000, 0.000000000000000000, 1.000000000000000000 ) ) ;
#164 = DIRECTION ( 'NONE',  ( -1.734723475976807094E-15, 0.000000000000000000, 1.000000000000000000 ) ) ;
#165 = EDGE_CURVE ( 'NONE', #6361, #5890, #5073, .T. ) ;
#166 = ORIENTED_EDGE ( 'NONE', *, *, #2799, .T. ) ;
#167 = CYLINDRICAL_SURFACE ( 'NONE', #4125, 2.000000000000000000 ) ;
#168 = EDGE_CURVE ( 'NONE', #6747, #1645, #3589, .T. ) ;
#169 =( BOUNDED_SURFACE ( )  B_SPLINE_SURFACE ( 3, 2, ( 
 ( #2256, #3983, #4491 ),
 ( #1119, #2794, #684 ),
 ( #1741, #3342, #6193 ),
 ( #4992, #5027, #2831 ),
 ( #612, #644, #99 ),
 ( #24, #1222, #1701 ),
 ( #6590, #4452, #62 ),
 ( #1625, #3917, #3387 ),
 ( #2871, #5067, #4671 ),
 ( #5726, #6846, #3634 ),
 ( #758, #3488, #5686 ),
 ( #5108, #6806, #5182 ),
 ( #2474, #725, #1955 ),
 ( #6915, #6381, #868 ),
 ( #6880, #288, #138 ),
 ( #4017, #792, #1337 ),
 ( #4706, #4133, #1845 ),
 ( #6226, #2979, #6267 ) ),
 .UNSPECIFIED., .F., .F., .F. ) 
 B_SPLINE_SURFACE_WITH_KNOTS ( ( 4, 2, 2, 2, 2, 2, 2, 2, 4 ),
 ( 3, 3 ),
 ( -4.607859233063393845E-19, 0.0003645422052340782475, 0.0007290844104681569286, 0.001093626615702235610, 0.001458168820936314291, 0.001822711026170392972, 0.002187253231404471653, 0.002551795436638550334, 0.002916337641872629016 ),
 ( 0.000000000000000000, 1.000000000000000000 ),
 .UNSPECIFIED. ) 
 GEOMETRIC_REPRESENTATION_ITEM ( )  RATIONAL_B_SPLINE_SURFACE ( (
 ( 1.000000000000000000, 0.9595359398070242296, 1.000000000000000000),
 ( 1.000000000000000000, 0.9595833763010073181, 1.000000000000000000),
 ( 1.000000000000000000, 0.9570685609626876644, 1.000000000000000000),
 ( 1.000000000000000000, 0.9488880332095235293, 1.000000000000000000),
 ( 1.000000000000000000, 0.9432547151588620560, 1.000000000000000000),
 ( 1.000000000000000000, 0.9321826025349221334, 1.000000000000000000),
 ( 1.000000000000000000, 0.9268523530654765308, 1.000000000000000000),
 ( 1.000000000000000000, 0.9192073681285285458, 1.000000000000000000),
 ( 1.000000000000000000, 0.9170514797511368776, 1.000000000000000000),
 ( 1.000000000000000000, 0.9170288608893315541, 1.000000000000000000),
 ( 1.000000000000000000, 0.9192260099103901627, 1.000000000000000000),
 ( 1.000000000000000000, 0.9267996068665849130, 1.000000000000000000),
 ( 1.000000000000000000, 0.9321812854750224364, 1.000000000000000000),
 ( 1.000000000000000000, 0.9432160661325292850, 1.000000000000000000),
 ( 1.000000000000000000, 0.9488445939139592555, 1.000000000000000000),
 ( 1.000000000000000000, 0.9570263305979455071, 1.000000000000000000),
 ( 1.000000000000000000, 0.9595878455022783804, 1.000000000000000000),
 ( 1.000000000000000000, 0.9595359398070243406, 1.000000000000000000) ) ) 
 REPRESENTATION_ITEM ( '' )  SURFACE ( )  );
#170 = DIRECTION ( 'NONE',  ( 0.000000000000000000, 0.000000000000000000, 1.000000000000000000 ) ) ;
#171 = CARTESIAN_POINT ( 'NONE',  ( 0.6290186756683094904, 1.867418461490406356, -9.980840368339201518 ) ) ;
#172 = DIRECTION ( 'NONE',  ( 0.000000000000000000, 0.000000000000000000, 1.000000000000000000 ) ) ;
#173 = CARTESIAN_POINT ( 'NONE',  ( -4.470479223992169793, 10.00001200000000168, -10.79269157286923075 ) ) ;
#174 = AXIS2_PLACEMENT_3D ( 'NONE', #2538, #6982, #863 ) ;
#175 = CARTESIAN_POINT ( 'NONE',  ( 2.394357833393300883, 8.000000000000000000, 0.1814307967061968563 ) ) ;
#176 = ORIENTED_EDGE ( 'NONE', *, *, #521, .T. ) ;
#177 = CARTESIAN_POINT ( 'NONE',  ( 8.796570338259671828, 10.00001200000000168, 4.594978287206128442 ) ) ;
#178 = EDGE_CURVE ( 'NONE', #2367, #2316, #3236, .T. ) ;
#179 = CARTESIAN_POINT ( 'NONE',  ( 0.000000000000000000, 10.00000000000000000, 0.000000000000000000 ) ) ;
#180 = DIRECTION ( 'NONE',  ( 0.9971414314842893534, 0.000000000000000000, -0.07555769727474608011 ) ) ;
#181 = CIRCLE ( 'NONE', #6777, 7.500000000000000000 ) ;
#182 = SURFACE_STYLE_USAGE ( .BOTH. , #5733 ) ;
#183 = DIRECTION ( 'NONE',  ( 0.3799932884734135152, 0.000000000000000000, -0.9249892435672758539 ) ) ;
#184 = ORIENTED_EDGE ( 'NONE', *, *, #1648, .F. ) ;
#185 = VECTOR ( 'NONE', #4484, 1000.000000000000000 ) ;
#186 = DIRECTION ( 'NONE',  ( 0.000000000000000000, 0.000000000000000000, -1.000000000000000000 ) ) ;
#187 = ORIENTED_EDGE ( 'NONE', *, *, #2911, .F. ) ;
#188 = CARTESIAN_POINT ( 'NONE',  ( -9.436260398347613432, 9.500000000000000000, -1.098630827246599662 ) ) ;
#189 = DIRECTION ( 'NONE',  ( -3.469446951953614189E-15, 0.000000000000000000, 1.000000000000000000 ) ) ;
#190 = CARTESIAN_POINT ( 'NONE',  ( -7.611508095585939770, 2.438027874578097443, 6.368549238272091628 ) ) ;
#191 = DIRECTION ( 'NONE',  ( 0.000000000000000000, 1.000000000000000000, 0.000000000000000000 ) ) ;
#192 = ORIENTED_EDGE ( 'NONE', *, *, #435, .T. ) ;
#193 = DIRECTION ( 'NONE',  ( -0.9932905682471162567, 0.000000000000000000, -0.1156453502364917924 ) ) ;
#194 = VERTEX_POINT ( 'NONE', #2255 ) ;
#195 = ORIENTED_EDGE ( 'NONE', *, *, #1141, .T. ) ;
#196 = EDGE_CURVE ( 'NONE', #5305, #5637, #6929, .T. ) ;
#197 = CARTESIAN_POINT ( 'NONE',  ( 9.932905682471163900, 2.500000000000000000, 1.156453502364910735 ) ) ;
#198 = CARTESIAN_POINT ( 'NONE',  ( 4.142024133190862933, 2.164715090713917434, 8.947791336897530812 ) ) ;
#199 = EDGE_LOOP ( 'NONE', ( #6278, #6138, #6502, #439 ) ) ;
#200 = CARTESIAN_POINT ( 'NONE',  ( -7.449293024680272879, 9.500000000000000000, -5.895594408747077964 ) ) ;
#201 = AXIS2_PLACEMENT_3D ( 'NONE', #3866, #4481, #3262 ) ;
#202 = DIRECTION ( 'NONE',  ( 0.000000000000000000, 0.000000000000000000, 1.000000000000000000 ) ) ;
#203 = CARTESIAN_POINT ( 'NONE',  ( -10.79269157286918812, 9.500000000000000000, -4.470479223992283480 ) ) ;
#204 = ORIENTED_EDGE ( 'NONE', *, *, #1443, .T. ) ;
#205 = AXIS2_PLACEMENT_3D ( 'NONE', #390, #4779, #4264 ) ;
#206 = CARTESIAN_POINT ( 'NONE',  ( 2.656295322589485863E-15, 0.000000000000000000, 3.149999999999999911 ) ) ;
#207 = VECTOR ( 'NONE', #5829, 1000.000000000000000 ) ;
#208 = DIRECTION ( 'NONE',  ( -0.9980606173047419372, -1.515387735592358781E-15, 0.06224953160689434412 ) ) ;
#209 = FACE_OUTER_BOUND ( 'NONE', #2108, .T. ) ;
#210 = DIRECTION ( 'NONE',  ( 0.000000000000000000, 0.000000000000000000, 1.000000000000000000 ) ) ;
#211 = CARTESIAN_POINT ( 'NONE',  ( 2.043718524445536922, 8.000000000000000000, 1.260587625341248019 ) ) ;
#212 = VECTOR ( 'NONE', #2969, 1000.000000000000000 ) ;
#213 =( BOUNDED_SURFACE ( )  B_SPLINE_SURFACE ( 3, 2, ( 
 ( #3873, #496, #2721 ),
 ( #4917, #7128, #6083 ),
 ( #7165, #2217, #6624 ),
 ( #1155, #5544, #2792 ),
 ( #4990, #22, #6664 ),
 ( #3915, #3386, #5583 ),
 ( #4873, #5932, #3185 ),
 ( #5224, #6848, #6302 ),
 ( #415, #2642, #1034 ),
 ( #7112, #4394, #1722 ),
 ( #4902, #4511, #4475 ),
 ( #2814, #1567, #6 ),
 ( #3937, #6611, #2240 ),
 ( #1646, #5011, #5526 ),
 ( #2854, #5996, #2162 ),
 ( #3862, #6102, #3828 ),
 ( #44, #629, #3256 ),
 ( #483, #553, #5569 ) ),
 .UNSPECIFIED., .F., .F., .F. ) 
 B_SPLINE_SURFACE_WITH_KNOTS ( ( 4, 2, 2, 2, 2, 2, 2, 2, 4 ),
 ( 3, 3 ),
 ( 3.523657060577889411E-19, 0.0003645422052340778680, 0.0007290844104681554107, 0.001093626615702233008, 0.001458168820936310388, 0.001822711026170387768, 0.002187253231404465148, 0.002551795436638542962, 0.002916337641872620342 ),
 ( 0.000000000000000000, 1.000000000000000000 ),
 .UNSPECIFIED. ) 
 GEOMETRIC_REPRESENTATION_ITEM ( )  RATIONAL_B_SPLINE_SURFACE ( (
 ( 1.000000000000000000, 0.9595359398070246737, 1.000000000000000000),
 ( 1.000000000000000000, 0.9595833763010178652, 1.000000000000000000),
 ( 1.000000000000000000, 0.9570685609626740087, 1.000000000000000000),
 ( 1.000000000000000000, 0.9488880332095369630, 1.000000000000000000),
 ( 1.000000000000000000, 0.9432547151588424050, 1.000000000000000000),
 ( 1.000000000000000000, 0.9321826025349433387, 1.000000000000000000),
 ( 1.000000000000000000, 0.9268523530654843023, 1.000000000000000000),
 ( 1.000000000000000000, 0.9192073681285227726, 1.000000000000000000),
 ( 1.000000000000000000, 0.9170514797511113425, 1.000000000000000000),
 ( 1.000000000000000000, 0.9170288608893597537, 1.000000000000000000),
 ( 1.000000000000000000, 0.9192260099103571891, 1.000000000000000000),
 ( 1.000000000000000000, 0.9267996068666194409, 1.000000000000000000),
 ( 1.000000000000000000, 0.9321812854749820243, 1.000000000000000000),
 ( 1.000000000000000000, 0.9432160661325701412, 1.000000000000000000),
 ( 1.000000000000000000, 0.9488445939139527052, 1.000000000000000000),
 ( 1.000000000000000000, 0.9570263305979525015, 1.000000000000000000),
 ( 1.000000000000000000, 0.9595878455022727183, 1.000000000000000000),
 ( 1.000000000000000000, 0.9595359398070248957, 1.000000000000000000) ) ) 
 REPRESENTATION_ITEM ( '' )  SURFACE ( )  );
#214 = LINE ( 'NONE', #6343, #3556 ) ;
#215 = ORIENTED_EDGE ( 'NONE', *, *, #4826, .T. ) ;
#216 = CARTESIAN_POINT ( 'NONE',  ( -7.449293024680274655, 9.500000000000000000, -5.895594408747077964 ) ) ;
#217 = CARTESIAN_POINT ( 'NONE',  ( 0.000000000000000000, 8.677547644686535833, 0.000000000000000000 ) ) ;
#218 = CARTESIAN_POINT ( 'NONE',  ( -7.611508121969558616, 2.456216401094829749, -6.368549229223019914 ) ) ;
#219 = DIRECTION ( 'NONE',  ( 0.000000000000000000, 0.000000000000000000, 1.000000000000000000 ) ) ;
#220 = EDGE_CURVE ( 'NONE', #2742, #4042, #3351, .T. ) ;
#221 = EDGE_CURVE ( 'NONE', #81, #727, #1405, .T. ) ;
#222 = DIRECTION ( 'NONE',  ( 0.000000000000000000, -1.000000000000000000, 0.000000000000000000 ) ) ;
#223 = VECTOR ( 'NONE', #1683, 1000.000000000000000 ) ;
#224 = EDGE_CURVE ( 'NONE', #7028, #6402, #3088, .T. ) ;
#225 = ORIENTED_EDGE ( 'NONE', *, *, #6433, .T. ) ;
#226 = EDGE_CURVE ( 'NONE', #6060, #3356, #5316, .T. ) ;
#227 = CARTESIAN_POINT ( 'NONE',  ( -6.612736535334971855, 1.867418461490367498, -7.502303277451196628 ) ) ;
#228 = AXIS2_PLACEMENT_3D ( 'NONE', #6495, #1522, #3743 ) ;
#229 = ORIENTED_EDGE ( 'NONE', *, *, #2146, .T. ) ;
#230 = CARTESIAN_POINT ( 'NONE',  ( 0.000000000000000000, 0.000000000000000000, 0.000000000000000000 ) ) ;
#231 = EDGE_CURVE ( 'NONE', #1356, #3064, #1995, .T. ) ;
#232 = VECTOR ( 'NONE', #5154, 1000.000000000000227 ) ;
#233 = DIRECTION ( 'NONE',  ( -0.000000000000000000, -1.000000000000000000, -0.000000000000000000 ) ) ;
#234 = CARTESIAN_POINT ( 'NONE',  ( 4.283506727573399786, 1.827366529454477195, 9.036978801079108337 ) ) ;
#235 = ORIENTED_EDGE ( 'NONE', *, *, #357, .F. ) ;
#236 = EDGE_LOOP ( 'NONE', ( #1398, #6056, #1594 ) ) ;
#237 = VERTEX_POINT ( 'NONE', #5329 ) ;
#238 = VECTOR ( 'NONE', #5195, 1000.000000000000000 ) ;
#239 = B_SPLINE_CURVE_WITH_KNOTS ( 'NONE', 3,
 ( #6741, #573, #6626, #3450, #5617, #6123, #1156, #2296, #3307, #3952, #2757, #4374, #2219, #2336, #5506, #3876, #3843, #6049 ),
 .UNSPECIFIED., .F., .F.,
 ( 4, 2, 2, 2, 2, 2, 2, 2, 4 ),
 ( 0.000000000000000000, 0.0001297744646122149742, 0.0002595489292244299484, 0.0005190978584488597884, 0.001038195716897715240, 0.001557293575346569174, 0.001816842504570997116, 0.001946616969183211088, 0.002076391433795425276 ),
 .UNSPECIFIED. ) ;
#240 = CARTESIAN_POINT ( 'NONE',  ( -2.596097982851399699, 9.500000000000000000, 9.138395661352978649 ) ) ;
#241 = CARTESIAN_POINT ( 'NONE',  ( 3.399310659689277703, 2.164537838121693092, 9.255370840007552502 ) ) ;
#242 = ORIENTED_EDGE ( 'NONE', *, *, #3159, .F. ) ;
#243 = CARTESIAN_POINT ( 'NONE',  ( 0.000000000000000000, 9.500000000000000000, 0.000000000000000000 ) ) ;
#244 = DIRECTION ( 'NONE',  ( 0.000000000000000000, 1.000000000000000000, 0.000000000000000000 ) ) ;
#245 = LINE ( 'NONE', #3519, #821 ) ;
#246 = EDGE_CURVE ( 'NONE', #5275, #5774, #1487, .T. ) ;
#247 = ORIENTED_EDGE ( 'NONE', *, *, #2173, .F. ) ;
#248 = DIRECTION ( 'NONE',  ( 0.000000000000000000, 1.000000000000000000, 0.000000000000000000 ) ) ;
#249 = CYLINDRICAL_SURFACE ( 'NONE', #5236, 0.4999999999999995559 ) ;
#250 = DIRECTION ( 'NONE',  ( -0.9249892435672766311, 0.000000000000000000, 0.3799932884734116278 ) ) ;
#251 = CARTESIAN_POINT ( 'NONE',  ( 8.734252662744630413, 9.500000000000000000, -4.869582161062521841 ) ) ;
#252 = FACE_OUTER_BOUND ( 'NONE', #3618, .T. ) ;
#253 = CIRCLE ( 'NONE', #4297, 2.000000000000000000 ) ;
#254 = LINE ( 'NONE', #4672, #1223 ) ;
#255 = ORIENTED_EDGE ( 'NONE', *, *, #2708, .F. ) ;
#256 = DIRECTION ( 'NONE',  ( -0.000000000000000000, -1.000000000000000000, -0.000000000000000000 ) ) ;
#257 = CYLINDRICAL_SURFACE ( 'NONE', #5284, 0.5000000000000004441 ) ;
#258 = CIRCLE ( 'NONE', #3276, 0.5000000000000007772 ) ;
#259 = CARTESIAN_POINT ( 'NONE',  ( 2.596097982851265140, 2.500000000000000000, 9.138395661353014177 ) ) ;
#260 =( LENGTH_UNIT ( ) NAMED_UNIT ( * ) SI_UNIT ( .MILLI., .METRE. ) );
#261 = CARTESIAN_POINT ( 'NONE',  ( -1.156453458963273118, 2.376055744299624184, 9.932905687524263172 ) ) ;
#262 = EDGE_CURVE ( 'NONE', #544, #411, #2319, .T. ) ;
#263 = ORIENTED_EDGE ( 'NONE', *, *, #1543, .F. ) ;
#264 = CARTESIAN_POINT ( 'NONE',  ( 8.796570338259767752, 2.500000000000000444, -4.594978287205941925 ) ) ;
#265 = DIRECTION ( 'NONE',  ( 0.000000000000000000, 0.000000000000000000, 1.000000000000000000 ) ) ;
#266 = ORIENTED_EDGE ( 'NONE', *, *, #1302, .T. ) ;
#267 = DIRECTION ( 'NONE',  ( 0.000000000000000000, 1.000000000000000000, 0.000000000000000000 ) ) ;
#268 = ADVANCED_FACE ( 'NONE', ( #908 ), #2057, .T. ) ;
#269 = DIRECTION ( 'NONE',  ( -0.000000000000000000, 1.000000000000000000, 0.000000000000000000 ) ) ;
#270 = ADVANCED_FACE ( 'NONE', ( #7018 ), #3793, .T. ) ;
#271 = DIRECTION ( 'NONE',  ( 0.000000000000000000, -1.000000000000000000, 0.000000000000000000 ) ) ;
#272 = EDGE_CURVE ( 'NONE', #6532, #6936, #3017, .T. ) ;
#273 = DIRECTION ( 'NONE',  ( -0.000000000000000000, 1.000000000000000000, 0.000000000000000000 ) ) ;
#274 = EDGE_LOOP ( 'NONE', ( #1026, #3395, #892, #4601 ) ) ;
#275 = ORIENTED_EDGE ( 'NONE', *, *, #6800, .T. ) ;
#276 = EDGE_LOOP ( 'NONE', ( #4463, #4564, #2130, #2778 ) ) ;
#277 = EDGE_CURVE ( 'NONE', #706, #6254, #6817, .T. ) ;
#278 = CARTESIAN_POINT ( 'NONE',  ( -9.469254843656234044, 2.500000000000000444, 2.970974231079531513 ) ) ;
#279 = ORIENTED_EDGE ( 'NONE', *, *, #4424, .F. ) ;
#280 = CARTESIAN_POINT ( 'NONE',  ( 2.596097982851267805, 9.500000000000000000, 9.138395661353014177 ) ) ;
#281 = CARTESIAN_POINT ( 'NONE',  ( 1.554148821017837800, 8.000000000000000000, -1.830433831214387297 ) ) ;
#282 = CARTESIAN_POINT ( 'NONE',  ( -0.8789046617972536835, 10.00001200000000168, 9.885393354405108468 ) ) ;
#283 = EDGE_CURVE ( 'NONE', #2316, #4349, #454, .T. ) ;
#284 = EDGE_LOOP ( 'NONE', ( #3611, #7138, #5196, #4863 ) ) ;
#285 = CARTESIAN_POINT ( 'NONE',  ( 7.246866680950589945, 1.779361857681293069, 6.891903876640186333 ) ) ;
#286 = CARTESIAN_POINT ( 'NONE',  ( -2.970974231079571037, 2.500000000000000444, 9.469254843656221610 ) ) ;
#287 = CARTESIAN_POINT ( 'NONE',  ( -4.470479223992169793, 2.500000000000000444, -8.792691572869230754 ) ) ;
#288 = CARTESIAN_POINT ( 'NONE',  ( 8.884607128713208013, 2.181049877636674239, 4.591460142829648206 ) ) ;
#289 = CARTESIAN_POINT ( 'NONE',  ( 8.297540029607397116, 9.500000000000000000, -4.626103053009395616 ) ) ;
#290 = CARTESIAN_POINT ( 'NONE',  ( 9.885393354405117350, 2.500000000000000444, -0.8789046617971486564 ) ) ;
#291 = DIRECTION ( 'NONE',  ( -0.8734252662744590445, 0.000000000000000000, -0.4869582161062591674 ) ) ;
#292 = DIRECTION ( 'NONE',  ( 0.000000000000000000, 1.000000000000000000, 0.000000000000000000 ) ) ;
#293 = CARTESIAN_POINT ( 'NONE',  ( -0.9124482025973559285, 8.000000000000000000, -2.221104420305847427 ) ) ;
#294 = TOROIDAL_SURFACE ( 'NONE', #6437, 9.500000000000000000, 0.5000000000000000000 ) ;
#295 = CARTESIAN_POINT ( 'NONE',  ( 0.9718434144856589185, 2.322848788353917726, 9.953844047997526090 ) ) ;
#296 = EDGE_LOOP ( 'NONE', ( #4776, #4699, #6633, #2715 ) ) ;
#297 = CARTESIAN_POINT ( 'NONE',  ( 3.035051535613046081, 2.181508697813343112, -9.529230687413244638 ) ) ;
#298 = EDGE_LOOP ( 'NONE', ( #2154, #6230, #2982, #5137 ) ) ;
#299 = DIRECTION ( 'NONE',  ( 0.2732734718791015593, 0.000000000000000000, -0.9619363854055744678 ) ) ;
#300 = AXIS2_PLACEMENT_3D ( 'NONE', #5767, #798, #3022 ) ;
#301 = DIRECTION ( 'NONE',  ( 0.000000000000000000, 1.000000000000000000, 0.000000000000000000 ) ) ;
#302 = CARTESIAN_POINT ( 'NONE',  ( -10.00001269301925610, 1.768517871363070926, -0.1242363894204457364 ) ) ;
#303 = AXIS2_PLACEMENT_3D ( 'NONE', #3483, #6333, #4013 ) ;
#304 = DIRECTION ( 'NONE',  ( 0.000000000000000000, 0.000000000000000000, 1.000000000000000000 ) ) ;
#305 = ADVANCED_FACE ( 'NONE', ( #2712 ), #2075, .F. ) ;
#306 = CIRCLE ( 'NONE', #5630, 2.000000000000000000 ) ;
#307 = ORIENTED_EDGE ( 'NONE', *, *, #4422, .F. ) ;
#308 = ORIENTED_EDGE ( 'NONE', *, *, #5788, .F. ) ;
#309 = CARTESIAN_POINT ( 'NONE',  ( 6.459234499842984256, 2.279919447647801967, -7.506146992170093846 ) ) ;
#310 = ORIENTED_EDGE ( 'NONE', *, *, #1237, .F. ) ;
#311 = FACE_OUTER_BOUND ( 'NONE', #1781, .T. ) ;
#312 = CARTESIAN_POINT ( 'NONE',  ( 1.098630827246563912, 2.500000000000000444, 9.436260398347616984 ) ) ;
#313 = CARTESIAN_POINT ( 'NONE',  ( -7.495923812460050684, 1.863989508453880894, 6.619964632136810856 ) ) ;
#314 = EDGE_CURVE ( 'NONE', #7045, #2594, #5294, .T. ) ;
#315 = ADVANCED_FACE ( 'NONE', ( #1116 ), #6932, .T. ) ;
#316 = VERTEX_POINT ( 'NONE', #4308 ) ;
#317 = CARTESIAN_POINT ( 'NONE',  ( 0.000000000000000000, 9.500000000000000000, 0.000000000000000000 ) ) ;
#318 = CARTESIAN_POINT ( 'NONE',  ( 0.8789046617972520181, 10.00001200000000168, 9.885393354405108468 ) ) ;
#319 = DIRECTION ( 'NONE',  ( -0.000000000000000000, -1.000000000000000000, -0.000000000000000000 ) ) ;
#320 = CARTESIAN_POINT ( 'NONE',  ( 3.927602912776536392, 2.134680221663709965, -9.025794880588263069 ) ) ;
#321 = CARTESIAN_POINT ( 'NONE',  ( -3.955849480317319866, 2.139858412045521963, -9.015827962026273568 ) ) ;
#322 = TOROIDAL_SURFACE ( 'NONE', #1239, 7.543744331762958666, 0.5000000000000000000 ) ;
#323 = CARTESIAN_POINT ( 'NONE',  ( 8.734252662744530937, 2.372020242595191064, 4.869582161062705694 ) ) ;
#324 = CARTESIAN_POINT ( 'NONE',  ( 6.502847312616799158, 2.242561475665996173, -7.455440619228395960 ) ) ;
#325 = CYLINDRICAL_SURFACE ( 'NONE', #713, 0.5000000000000004441 ) ;
#326 = DIRECTION ( 'NONE',  ( -0.000000000000000000, -1.000000000000000000, -0.000000000000000000 ) ) ;
#327 = DIRECTION ( 'NONE',  ( -0.8734252662744530493, 0.000000000000000000, -0.4869582161062701031 ) ) ;
#328 = AXIS2_PLACEMENT_3D ( 'NONE', #4231, #319, #3699 ) ;
#329 = CARTESIAN_POINT ( 'NONE',  ( 7.841361078610902702, 9.500000000000000000, -6.205888851312603371 ) ) ;
#330 = FACE_OUTER_BOUND ( 'NONE', #4479, .T. ) ;
#331 = ADVANCED_FACE ( 'NONE', ( #2137 ), #2550, .T. ) ;
#332 = EDGE_LOOP ( 'NONE', ( #3458, #1759, #6027, #931 ) ) ;
#333 = AXIS2_PLACEMENT_3D ( 'NONE', #4414, #6625, #1661 ) ;
#334 = CARTESIAN_POINT ( 'NONE',  ( 4.869582161062680825, 2.500000000000000888, -8.734252662744541595 ) ) ;
#335 = VERTEX_POINT ( 'NONE', #1548 ) ;
#336 = ADVANCED_FACE ( 'NONE', ( #6014 ), #6521, .T. ) ;
#338 = CARTESIAN_POINT ( 'NONE',  ( 9.376782963239431723, 2.242932669926582800, -3.154135701372516198 ) ) ;
#337 = VECTOR ( 'NONE', #589, 1000.000000000000000 ) ;
#339 = DIRECTION ( 'NONE',  ( 0.000000000000000000, 1.000000000000000000, 0.000000000000000000 ) ) ;
#340 = AXIS2_PLACEMENT_3D ( 'NONE', #1792, #6213, #2858 ) ;
#341 = CARTESIAN_POINT ( 'NONE',  ( 9.132093507000687149E-16, 9.992403876506100957, -7.456920242929475862 ) ) ;
#342 = VECTOR ( 'NONE', #1199, 1000.000000000000000 ) ;
#343 = DIRECTION ( 'NONE',  ( 0.000000000000000000, 0.000000000000000000, 1.000000000000000000 ) ) ;
#344 = ORIENTED_EDGE ( 'NONE', *, *, #979, .T. ) ;
#345 = VERTEX_POINT ( 'NONE', #5978 ) ;
#346 = ORIENTED_EDGE ( 'NONE', *, *, #2190, .F. ) ;
#347 = CARTESIAN_POINT ( 'NONE',  ( 6.351233556578203654, 2.322848788353943927, -7.725627693846785604 ) ) ;
#348 = VERTEX_POINT ( 'NONE', #6121 ) ;
#349 = AXIS2_PLACEMENT_3D ( 'NONE', #1565, #6098, #6537 ) ;
#350 = CARTESIAN_POINT ( 'NONE',  ( -4.503642731090760520, 2.316975099724266851, -8.826649349485922613 ) ) ;
#351 = DIRECTION ( 'NONE',  ( 0.7622926637108775605, 0.000000000000000000, 0.6472324890273779552 ) ) ;
#352 = DIRECTION ( 'NONE',  ( 0.000000000000000000, 1.000000000000000000, 0.000000000000000000 ) ) ;
#353 = VECTOR ( 'NONE', #618, 1000.000000000000000 ) ;
#354 = VERTEX_POINT ( 'NONE', #462 ) ;
#355 = DIRECTION ( 'NONE',  ( 0.000000000000000000, 0.000000000000000000, 1.000000000000000000 ) ) ;
#356 = CARTESIAN_POINT ( 'NONE',  ( -4.462380288428801300, 2.279592747210268833, 8.840214275616633088 ) ) ;
#357 = EDGE_CURVE ( 'NONE', #5045, #3579, #4450, .T. ) ;
#358 = EDGE_CURVE ( 'NONE', #1940, #3827, #1257, .T. ) ;
#359 = CARTESIAN_POINT ( 'NONE',  ( 1.098630827246567243, 9.500000000000000000, -9.436260398347616984 ) ) ;
#360 = CARTESIAN_POINT ( 'NONE',  ( 4.470479223992089857, 10.00001200000000168, 8.792691572869266281 ) ) ;
#361 = CARTESIAN_POINT ( 'NONE',  ( -3.932605539365103375, 1.986052934431283390, -9.194972181005374168 ) ) ;
#362 = EDGE_CURVE ( 'NONE', #4986, #5252, #449, .T. ) ;
#363 = ADVANCED_FACE ( 'NONE', ( #5468 ), #213, .T. ) ;
#364 = CARTESIAN_POINT ( 'NONE',  ( 0.5673463196692557498, 8.000000000000000000, 2.333234819276244210 ) ) ;
#365 = CARTESIAN_POINT ( 'NONE',  ( 4.470479223992089857, 9.500000000000000000, 10.79269157286926628 ) ) ;
#366 = DIRECTION ( 'NONE',  ( -0.4869582161062701031, 0.000000000000000000, 0.8734252662744531603 ) ) ;
#367 = CIRCLE ( 'NONE', #3956, 0.5000000000000002220 ) ;
#368 = LINE ( 'NONE', #5400, #1724 ) ;
#369 = VECTOR ( 'NONE', #2549, 1000.000000000000114 ) ;
#370 = CARTESIAN_POINT ( 'NONE',  ( -0.9711828485914483222, 2.321832774718816328, 9.953906951267313730 ) ) ;
#371 = ORIENTED_EDGE ( 'NONE', *, *, #4395, .T. ) ;
#372 = CARTESIAN_POINT ( 'NONE',  ( 4.140859864539626400, 2.164537838121644242, -8.948211102191622857 ) ) ;
#373 = ORIENTED_EDGE ( 'NONE', *, *, #196, .T. ) ;
#374 = EDGE_CURVE ( 'NONE', #6424, #3572, #4375, .T. ) ;
#375 = AXIS2_PLACEMENT_3D ( 'NONE', #7180, #1130, #3358 ) ;
#376 = CARTESIAN_POINT ( 'NONE',  ( -2.504813822048898242, 8.000000000000000000, 1.276266388579324840 ) ) ;
#377 = CARTESIAN_POINT ( 'NONE',  ( -10.79269157286921654, 10.00001200000000168, 4.470479223992207096 ) ) ;
#378 = CARTESIAN_POINT ( 'NONE',  ( 9.138395661352950228, 9.500000000000000000, 2.596097982851489405 ) ) ;
#379 = VERTEX_POINT ( 'NONE', #4939 ) ;
#380 = EDGE_LOOP ( 'NONE', ( #2813, #4576, #2261, #7068, #1322, #4820, #2170 ) ) ;
#381 = ORIENTED_EDGE ( 'NONE', *, *, #2605, .T. ) ;
#382 = CARTESIAN_POINT ( 'NONE',  ( 7.393314632472610448, 2.212746796842760322, 6.556373006456640340 ) ) ;
#383 = ORIENTED_EDGE ( 'NONE', *, *, #867, .T. ) ;
#384 = CARTESIAN_POINT ( 'NONE',  ( 1.554148821017837800, 0.000000000000000000, -1.830433831214387297 ) ) ;
#385 = DIRECTION ( 'NONE',  ( 0.000000000000000000, 0.000000000000000000, 1.000000000000000000 ) ) ;
#386 = FACE_OUTER_BOUND ( 'NONE', #5568, .T. ) ;
#387 = EDGE_LOOP ( 'NONE', ( #235, #5037, #3643, #3971 ) ) ;
#388 = DIRECTION ( 'NONE',  ( 0.8511160640214275874, 0.000000000000000000, 0.5249775667251631583 ) ) ;
#389 = CARTESIAN_POINT ( 'NONE',  ( -3.407532819979114169, 2.024441704241237261, 9.402344393979136683 ) ) ;
#390 = CARTESIAN_POINT ( 'NONE',  ( 0.000000000000000000, 10.00000000000000000, 0.000000000000000000 ) ) ;
#391 = CARTESIAN_POINT ( 'NONE',  ( -4.290897008129017642, 1.829430187479135217, -9.033499448847537749 ) ) ;
#392 = EDGE_CURVE ( 'NONE', #4940, #1489, #100, .T. ) ;
#393 = DIRECTION ( 'NONE',  ( -0.000000000000000000, -1.000000000000000000, -0.000000000000000000 ) ) ;
#394 = DIRECTION ( 'NONE',  ( -0.07555769727474685726, 0.000000000000000000, -0.9971414314842893534 ) ) ;
#395 = DIRECTION ( 'NONE',  ( 0.000000000000000000, 0.000000000000000000, 1.000000000000000000 ) ) ;
#396 = DIRECTION ( 'NONE',  ( 0.000000000000000000, 0.000000000000000000, 1.000000000000000000 ) ) ;
#397 = CARTESIAN_POINT ( 'NONE',  ( -2.995828026329734328, 8.000000000000000000, -0.9734035322810845603 ) ) ;
#398 = EDGE_LOOP ( 'NONE', ( #4020, #4059, #5698, #985 ) ) ;
#399 = CARTESIAN_POINT ( 'NONE',  ( 9.878024200989298009, 2.314666110110169761, -0.7802894779562976613 ) ) ;
#400 = EDGE_LOOP ( 'NONE', ( #3830, #6682, #7157, #3286 ) ) ;
#401 = DIRECTION ( 'NONE',  ( 0.000000000000000000, 1.000000000000000000, 0.000000000000000000 ) ) ;
#402 = DIRECTION ( 'NONE',  ( -0.000000000000000000, -1.000000000000000000, -0.000000000000000000 ) ) ;
#403 = VECTOR ( 'NONE', #2843, 1000.000000000000000 ) ;
#404 = FACE_OUTER_BOUND ( 'NONE', #4494, .T. ) ;
#405 = ORIENTED_EDGE ( 'NONE', *, *, #2148, .T. ) ;
#406 = CIRCLE ( 'NONE', #639, 0.4999999999999993894 ) ;
#407 = ORIENTED_EDGE ( 'NONE', *, *, #6665, .F. ) ;
#408 = VERTEX_POINT ( 'NONE', #514 ) ;
#409 = EDGE_CURVE ( 'NONE', #1774, #1438, #3359, .T. ) ;
#410 = CARTESIAN_POINT ( 'NONE',  ( 7.105199791446551671, 2.139924804626962107, -6.815466159439632854 ) ) ;
#411 = VERTEX_POINT ( 'NONE', #2706 ) ;
#412 = DIRECTION ( 'NONE',  ( 0.000000000000000000, 0.000000000000000000, -1.000000000000000000 ) ) ;
#413 = AXIS2_PLACEMENT_3D ( 'NONE', #4417, #6125, #6164 ) ;
#414 = CARTESIAN_POINT ( 'NONE',  ( -7.599467116825848301, 2.414533010808959546, 6.378947770805498685 ) ) ;
#415 = CARTESIAN_POINT ( 'NONE',  ( -9.131270309608176206, 2.134320569920947541, -3.670870801779545722 ) ) ;
#416 = ORIENTED_EDGE ( 'NONE', *, *, #6470, .T. ) ;
#417 = EDGE_CURVE ( 'NONE', #1243, #6638, #1607, .T. ) ;
#418 = CIRCLE ( 'NONE', #2632, 2.500000000000000444 ) ;
#419 = DIRECTION ( 'NONE',  ( -0.9932905682471177000, -6.461566752017310990E-15, 0.1156453502364806901 ) ) ;
#420 = CARTESIAN_POINT ( 'NONE',  ( -2.999062447596668513, 2.378544800988983798, 9.455131112420895434 ) ) ;
#421 = DIRECTION ( 'NONE',  ( 0.000000000000000000, 0.000000000000000000, 1.000000000000000000 ) ) ;
#422 = CARTESIAN_POINT ( 'NONE',  ( 7.414766135587769647, 1.827040335878404198, -6.710920482711932422 ) ) ;
#423 = DIRECTION ( 'NONE',  ( 0.000000000000000000, 0.000000000000000000, 1.000000000000000000 ) ) ;
#424 = DIRECTION ( 'NONE',  ( 0.000000000000000000, 0.000000000000000000, 1.000000000000000000 ) ) ;
#425 = DIRECTION ( 'NONE',  ( -0.000000000000000000, -1.000000000000000000, -0.000000000000000000 ) ) ;
#426 = CARTESIAN_POINT ( 'NONE',  ( -0.4961482701701944720, 2.183694385698053519, -9.857563765852082938 ) ) ;
#427 = DIRECTION ( 'NONE',  ( -0.6617183646065025737, -3.175175704333956099E-15, 0.7497524964563276884 ) ) ;
#428 = CARTESIAN_POINT ( 'NONE',  ( 9.436260398347604550, 9.500000000000000000, 1.098630827246665387 ) ) ;
#429 = CARTESIAN_POINT ( 'NONE',  ( 11.68192517863507618, 10.00001200000000168, 1.224126288112367485E-13 ) ) ;
#430 = AXIS2_PLACEMENT_3D ( 'NONE', #1834, #4547, #6762 ) ;
#431 = ORIENTED_EDGE ( 'NONE', *, *, #4194, .T. ) ;
#432 = CARTESIAN_POINT ( 'NONE',  ( 4.591460142829411062, 2.181049877636751955, -8.884607128713115642 ) ) ;
#433 = ORIENTED_EDGE ( 'NONE', *, *, #2098, .T. ) ;
#434 = CARTESIAN_POINT ( 'NONE',  ( -2.596097982851398811, 9.500000000000000000, 9.138395661352976873 ) ) ;
#435 = EDGE_CURVE ( 'NONE', #6530, #3299, #2779, .T. ) ;
#436 = CARTESIAN_POINT ( 'NONE',  ( 7.611508069917483965, 2.438513403071527641, 6.368549247075991460 ) ) ;
#437 = EDGE_CURVE ( 'NONE', #1226, #4305, #4682, .T. ) ;
#438 = AXIS2_PLACEMENT_3D ( 'NONE', #5292, #2647, #1404 ) ;
#439 = ORIENTED_EDGE ( 'NONE', *, *, #898, .F. ) ;
#440 = EDGE_CURVE ( 'NONE', #4656, #348, #4109, .T. ) ;
#441 = ORIENTED_EDGE ( 'NONE', *, *, #4211, .T. ) ;
#442 = ORIENTED_EDGE ( 'NONE', *, *, #168, .T. ) ;
#443 = LINE ( 'NONE', #3318, #1407 ) ;
#444 = AXIS2_PLACEMENT_3D ( 'NONE', #4202, #3732, #1442 ) ;
#445 = ORIENTED_EDGE ( 'NONE', *, *, #4201, .F. ) ;
#446 = DIRECTION ( 'NONE',  ( 0.9932905682471188102, 0.000000000000000000, -0.1156453502364700042 ) ) ;
#447 = SPHERICAL_SURFACE ( 'NONE', #1127, 0.5000000000000000000 ) ;
#448 = CARTESIAN_POINT ( 'NONE',  ( 0.000000000000000000, 10.00000000000000000, 0.000000000000000000 ) ) ;
#449 = CIRCLE ( 'NONE', #805, 0.5000000000000004441 ) ;
#450 = EDGE_LOOP ( 'NONE', ( #2238, #3120, #4759, #2069 ) ) ;
#451 = VECTOR ( 'NONE', #2184, 1000.000000000000114 ) ;
#452 = CARTESIAN_POINT ( 'NONE',  ( -4.602995496167459066, 1.981868317978634719, 8.878359725471311137 ) ) ;
#453 = DIRECTION ( 'NONE',  ( 0.000000000000000000, 0.000000000000000000, 1.000000000000000000 ) ) ;
#454 = LINE ( 'NONE', #2678, #6124 ) ;
#455 = CARTESIAN_POINT ( 'NONE',  ( -3.095596099249409150, 2.279592747210319903, -9.406354823611813742 ) ) ;
#456 = VECTOR ( 'NONE', #1811, 1000.000000000000000 ) ;
#457 = CARTESIAN_POINT ( 'NONE',  ( 2.995828026329736549, 0.000000000000000000, 0.9734035322810841162 ) ) ;
#458 = DIRECTION ( 'NONE',  ( 0.000000000000000000, 1.000000000000000000, 0.000000000000000000 ) ) ;
#459 = CARTESIAN_POINT ( 'NONE',  ( -2.221104420305841654, 8.000000000000000000, -0.9124482025973593702 ) ) ;
#460 = VECTOR ( 'NONE', #4872, 1000.000000000000000 ) ;
#461 = CARTESIAN_POINT ( 'NONE',  ( 9.469254843656191412, 2.500000000000000444, 2.970974231079661632 ) ) ;
#462 = CARTESIAN_POINT ( 'NONE',  ( 6.205888851312578502, 2.500000000000000000, 7.841361078610921354 ) ) ;
#463 = CARTESIAN_POINT ( 'NONE',  ( -9.619363854055755780, 2.500000000000000444, -2.732734718790979844 ) ) ;
#464 = CARTESIAN_POINT ( 'NONE',  ( 7.841361078610904478, 2.500000000000000000, -6.205888851312601595 ) ) ;
#465 = CARTESIAN_POINT ( 'NONE',  ( 9.840963537470322819, 2.134291405717181345, -0.1711472729024968165 ) ) ;
#466 = ORIENTED_EDGE ( 'NONE', *, *, #4222, .F. ) ;
#467 = DIRECTION ( 'NONE',  ( 0.2362740077746005030, 0.000000000000000000, 0.9716864685947457225 ) ) ;
#468 = CARTESIAN_POINT ( 'NONE',  ( 7.250902820713450048, 2.164715090713933421, 6.681597265112861450 ) ) ;
#469 = AXIS2_PLACEMENT_3D ( 'NONE', #1925, #4676, #5732 ) ;
#470 = AXIS2_PLACEMENT_3D ( 'NONE', #459, #2754, #1658 ) ;
#471 = ORIENTED_EDGE ( 'NONE', *, *, #5320, .F. ) ;
#472 = ORIENTED_EDGE ( 'NONE', *, *, #2005, .T. ) ;
#473 = ORIENTED_EDGE ( 'NONE', *, *, #756, .F. ) ;
#474 = EDGE_CURVE ( 'NONE', #7107, #3212, #561, .T. ) ;
#475 = CARTESIAN_POINT ( 'NONE',  ( 7.725205082552269786, 2.321832774718762149, -6.351745126529880103 ) ) ;
#476 = ORIENTED_EDGE ( 'NONE', *, *, #6869, .T. ) ;
#477 = AXIS2_PLACEMENT_3D ( 'NONE', #669, #4578, #2930 ) ;
#478 = ORIENTED_EDGE ( 'NONE', *, *, #1424, .F. ) ;
#479 = EDGE_CURVE ( 'NONE', #2072, #4940, #1843, .T. ) ;
#480 = CARTESIAN_POINT ( 'NONE',  ( 6.368549229222884911, 2.500000000000000444, 7.611508121969668750 ) ) ;
#481 = CARTESIAN_POINT ( 'NONE',  ( -6.351233556578151251, 2.322848788353892413, 7.725627693846933930 ) ) ;
#482 = FACE_OUTER_BOUND ( 'NONE', #1873, .T. ) ;
#483 = CARTESIAN_POINT ( 'NONE',  ( -8.796570338259703803, 2.500000000000000444, -4.594978287206066270 ) ) ;
#484 = ORIENTED_EDGE ( 'NONE', *, *, #2146, .F. ) ;
#485 = EDGE_CURVE ( 'NONE', #379, #6876, #6829, .T. ) ;
#486 = FACE_OUTER_BOUND ( 'NONE', #6657, .T. ) ;
#487 = CARTESIAN_POINT ( 'NONE',  ( 9.990639898665971685, 2.024441704241286999, -0.4499715962273897474 ) ) ;
#488 = CARTESIAN_POINT ( 'NONE',  ( 7.643810160369078233, 1.975531022569853912, -6.448641078955030359 ) ) ;
#489 = CARTESIAN_POINT ( 'NONE',  ( -4.869582161062556480, 10.00000000000000000, -8.734252662744612650 ) ) ;
#490 = CARTESIAN_POINT ( 'NONE',  ( 0.4025598189324781084, 2.164715090713978718, 9.851765289569893724 ) ) ;
#491 = VERTEX_POINT ( 'NONE', #1242 ) ;
#492 = CARTESIAN_POINT ( 'NONE',  ( -9.870000050362087052, 2.242561475665995729, 0.6735851868180260382 ) ) ;
#493 = LINE ( 'NONE', #1578, #5381 ) ;
#494 = DIRECTION ( 'NONE',  ( 0.9459096409518773507, -3.844579995475198614E-15, 0.3244301945785728059 ) ) ;
#495 = CARTESIAN_POINT ( 'NONE',  ( 0.000000000000000000, 9.500000000000000000, 0.000000000000000000 ) ) ;
#496 = CARTESIAN_POINT ( 'NONE',  ( -9.579266327989076402, 2.500000000000000444, -2.873880030200321123 ) ) ;
#497 = DIRECTION ( 'NONE',  ( -0.07555769727474784259, 0.000000000000000000, 0.9971414314842893534 ) ) ;
#498 = DIRECTION ( 'NONE',  ( -0.9971414314842894644, 0.000000000000000000, 0.07555769727474609398 ) ) ;
#499 = DIRECTION ( 'NONE',  ( -0.9619363854055792418, 0.000000000000000000, 0.2732734718790853501 ) ) ;
#500 = EDGE_LOOP ( 'NONE', ( #3426, #3368 ) ) ;
#501 = DIRECTION ( 'NONE',  ( -1.000000000000000000, 3.469446951953611033E-15, 0.000000000000000000 ) ) ;
#502 = CARTESIAN_POINT ( 'NONE',  ( 6.815466159439638183, 2.139924804626883947, 7.105199791446664470 ) ) ;
#503 = VECTOR ( 'NONE', #1441, 1000.000000000000000 ) ;
#504 = ORIENTED_EDGE ( 'NONE', *, *, #362, .F. ) ;
#505 = VERTEX_POINT ( 'NONE', #5785 ) ;
#506 = DIRECTION ( 'NONE',  ( -0.6205888851312685306, 0.000000000000000000, 0.7841361078610838975 ) ) ;
#507 = ORIENTED_EDGE ( 'NONE', *, *, #5487, .F. ) ;
#508 = VERTEX_POINT ( 'NONE', #1283 ) ;
#509 = CARTESIAN_POINT ( 'NONE',  ( -1.260587625341237805, 8.000000000000000000, -2.043718524445534701 ) ) ;
#510 = DIRECTION ( 'NONE',  ( -0.000000000000000000, -1.000000000000000000, -0.000000000000000000 ) ) ;
#511 = CIRCLE ( 'NONE', #6998, 0.5000000000000004441 ) ;
#512 = CARTESIAN_POINT ( 'NONE',  ( 1.276266388579325062, 0.000000000000000000, 2.504813822048898242 ) ) ;
#513 = EDGE_LOOP ( 'NONE', ( #5349, #2048, #4694, #2853 ) ) ;
#514 = CARTESIAN_POINT ( 'NONE',  ( 9.138395661353005295, 10.00000000000000000, -2.596097982851297559 ) ) ;
#515 = EDGE_LOOP ( 'NONE', ( #1348, #858, #5700, #4895 ) ) ;
#516 = ORIENTED_EDGE ( 'NONE', *, *, #4938, .F. ) ;
#517 = AXIS2_PLACEMENT_3D ( 'NONE', #5149, #764, #4593 ) ;
#518 = CARTESIAN_POINT ( 'NONE',  ( 9.953844047997533195, 2.322848788353918170, -0.9718434144855475632 ) ) ;
#519 = ADVANCED_FACE ( 'NONE', ( #5669 ), #3580, .T. ) ;
#520 = DIRECTION ( 'NONE',  ( -0.000000000000000000, -1.000000000000000000, -0.000000000000000000 ) ) ;
#521 = EDGE_CURVE ( 'NONE', #3818, #3884, #6708, .T. ) ;
#522 = CARTESIAN_POINT ( 'NONE',  ( 9.501588311015424893, 2.127032157860299755, -3.120821918168847908 ) ) ;
#523 = EDGE_CURVE ( 'NONE', #1562, #5045, #2422, .T. ) ;
#524 = VECTOR ( 'NONE', #1545, 1000.000000000000000 ) ;
#525 = ORIENTED_EDGE ( 'NONE', *, *, #4742, .F. ) ;
#526 = AXIS2_PLACEMENT_3D ( 'NONE', #6364, #1431, #5857 ) ;
#527 = DIRECTION ( 'NONE',  ( 0.000000000000000000, 0.000000000000000000, 1.000000000000000000 ) ) ;
#528 = CARTESIAN_POINT ( 'NONE',  ( -6.368549229222938202, 10.00001200000000168, -7.611508121969626117 ) ) ;
#529 = CARTESIAN_POINT ( 'NONE',  ( -8.796570338259732225, 2.500000000000000444, 4.594978287206011203 ) ) ;
#530 = DIRECTION ( 'NONE',  ( 0.000000000000000000, 0.000000000000000000, 1.000000000000000000 ) ) ;
#531 = CARTESIAN_POINT ( 'NONE',  ( -4.869582161062614212, 2.372020242595192396, 8.734252662744580675 ) ) ;
#532 = CARTESIAN_POINT ( 'NONE',  ( 2.970974231079432482, 10.00001200000000168, 9.469254843656262466 ) ) ;
#533 = SPHERICAL_SURFACE ( 'NONE', #3703, 0.5000000000000000000 ) ;
#534 = DIRECTION ( 'NONE',  ( 0.000000000000000000, 1.000000000000000000, 0.000000000000000000 ) ) ;
#535 = VERTEX_POINT ( 'NONE', #4188 ) ;
#536 = CARTESIAN_POINT ( 'NONE',  ( -9.999989585984216944, 1.986052934431125072, 0.1144902525312578162 ) ) ;
#537 = MECHANICAL_DESIGN_GEOMETRIC_PRESENTATION_REPRESENTATION (  '', ( #5318 ), #4267 ) ;
#538 = ADVANCED_FACE ( 'NONE', ( #3145 ), #6566, .T. ) ;
#539 = CARTESIAN_POINT ( 'NONE',  ( 7.812951749604141405, 2.257089604130888549, 6.242081368317917267 ) ) ;
#540 = EDGE_CURVE ( 'NONE', #3961, #4319, #4616, .T. ) ;
#541 = ORIENTED_EDGE ( 'NONE', *, *, #3174, .F. ) ;
#542 = CARTESIAN_POINT ( 'NONE',  ( -7.725627693846912614, 2.322848788353837790, -6.351233556578229411 ) ) ;
#544 = VERTEX_POINT ( 'NONE', #12 ) ;
#543 = AXIS2_PLACEMENT_3D ( 'NONE', #5258, #2679, #423 ) ;
#545 = CARTESIAN_POINT ( 'NONE',  ( 6.619964632136733584, 1.863989508453882671, 7.495923812460121738 ) ) ;
#546 = CARTESIAN_POINT ( 'NONE',  ( 1.276266388579322841, 0.000000000000000000, -2.504813822048899130 ) ) ;
#547 = DIRECTION ( 'NONE',  ( -0.9932905682471180331, -3.469446951953618133E-15, 0.1156453502364772484 ) ) ;
#548 = CARTESIAN_POINT ( 'NONE',  ( -9.436260398347613432, 9.500000000000000000, -1.098630827246600994 ) ) ;
#549 = CIRCLE ( 'NONE', #4725, 0.5000000000000007772 ) ;
#550 = CARTESIAN_POINT ( 'NONE',  ( -6.518869136509534812, 2.127336489724563684, 7.584466575834694524 ) ) ;
#551 = CARTESIAN_POINT ( 'NONE',  ( -6.368549229222988828, 2.456216401094829749, 7.611508121969578156 ) ) ;
#552 = ORIENTED_EDGE ( 'NONE', *, *, #5718, .F. ) ;
#553 = CARTESIAN_POINT ( 'NONE',  ( -8.805704236984238875, 2.500000000000000888, -4.741424121641865774 ) ) ;
#554 = ORIENTED_EDGE ( 'NONE', *, *, #2602, .F. ) ;
#555 = AXIS2_PLACEMENT_3D ( 'NONE', #6666, #4451, #4991 ) ;
#556 = AXIS2_PLACEMENT_3D ( 'NONE', #6459, #5980, #1486 ) ;
#557 = LINE ( 'NONE', #3371, #1055 ) ;
#558 = CARTESIAN_POINT ( 'NONE',  ( 4.695612462786666441, 2.059838893144284366, 8.829327179896930389 ) ) ;
#559 = CARTESIAN_POINT ( 'NONE',  ( 9.885393342147549944, 2.438027874578145848, 0.8789046367422161943 ) ) ;
#560 = PLANE ( 'NONE',  #5307 ) ;
#561 = CIRCLE ( 'NONE', #4735, 0.5000000000000000000 ) ;
#562 = TOROIDAL_SURFACE ( 'NONE', #3709, 1.500000000000000000, 0.5000000000000000000 ) ;
#563 = ORIENTED_EDGE ( 'NONE', *, *, #6382, .F. ) ;
#564 = DIRECTION ( 'NONE',  ( 0.000000000000000000, 0.000000000000000000, -1.000000000000000000 ) ) ;
#565 = CARTESIAN_POINT ( 'NONE',  ( -7.611508121969555951, 2.500000000000000444, -6.368549229223018138 ) ) ;
#566 = ADVANCED_FACE ( 'NONE', ( #5132 ), #3474, .T. ) ;
#567 = CARTESIAN_POINT ( 'NONE',  ( 2.995828026329736549, 0.000000000000000000, -0.9734035322810845603 ) ) ;
#568 = ADVANCED_FACE ( 'NONE', ( #599 ), #6383, .T. ) ;
#569 = EDGE_CURVE ( 'NONE', #2501, #408, #2771, .T. ) ;
#570 = LINE ( 'NONE', #7127, #693 ) ;
#571 = AXIS2_PLACEMENT_3D ( 'NONE', #6999, #4792, #2487 ) ;
#572 = LINE ( 'NONE', #532, #5780 ) ;
#573 = CARTESIAN_POINT ( 'NONE',  ( 8.796570338259671828, 2.456298904871082378, 4.594978287206126666 ) ) ;
#574 = EDGE_CURVE ( 'NONE', #7178, #4289, #6376, .T. ) ;
#575 = CIRCLE ( 'NONE', #5909, 2.500000000000000444 ) ;
#576 = CARTESIAN_POINT ( 'NONE',  ( -7.841361078610859181, 2.500000000000000000, 6.205888851312659327 ) ) ;
#577 = VECTOR ( 'NONE', #3976, 1000.000000000000000 ) ;
#578 = ORIENTED_EDGE ( 'NONE', *, *, #6800, .F. ) ;
#579 = CARTESIAN_POINT ( 'NONE',  ( -9.954245716881921169, 2.059185488125292451, -0.9585349633983218931 ) ) ;
#580 = CARTESIAN_POINT ( 'NONE',  ( 7.152017281988623409, 1.986052934431205008, 6.990103614099604457 ) ) ;
#581 = ADVANCED_FACE ( 'NONE', ( #1474 ), #1403, .T. ) ;
#582 = ORIENTED_EDGE ( 'NONE', *, *, #6528, .F. ) ;
#583 = CARTESIAN_POINT ( 'NONE',  ( -7.587710600652826543, 2.378544800988959818, -6.389094439620962795 ) ) ;
#584 = ORIENTED_EDGE ( 'NONE', *, *, #4556, .F. ) ;
#585 = CARTESIAN_POINT ( 'NONE',  ( -4.470479223992246176, 9.500000000000000000, 10.79269157286920411 ) ) ;
#586 = CARTESIAN_POINT ( 'NONE',  ( 7.641948001532875345, 2.181049877636700440, -6.451230953596387430 ) ) ;
#587 = ORIENTED_EDGE ( 'NONE', *, *, #133, .T. ) ;
#588 = CARTESIAN_POINT ( 'NONE',  ( -8.297540029607363365, 9.500000000000000000, 4.626103053009460453 ) ) ;
#589 = DIRECTION ( 'NONE',  ( 0.000000000000000000, -1.000000000000000000, 0.000000000000000000 ) ) ;
#590 = TOROIDAL_SURFACE ( 'NONE', #4404, 1.500000000000000000, 0.5000000000000000000 ) ;
#591 = CARTESIAN_POINT ( 'NONE',  ( 2.333234819276247318, 8.000000000000000000, 0.5673463196692628552 ) ) ;
#592 = VECTOR ( 'NONE', #3014, 1000.000000000000114 ) ;
#593 = CARTESIAN_POINT ( 'NONE',  ( -7.079576935034929797, 2.134286657244865104, 6.837644484988271820 ) ) ;
#594 = ORIENTED_EDGE ( 'NONE', *, *, #6132, .F. ) ;
#595 = DIRECTION ( 'NONE',  ( 0.000000000000000000, 1.000000000000000000, 0.000000000000000000 ) ) ;
#596 = VERTEX_POINT ( 'NONE', #3631 ) ;
#597 = VECTOR ( 'NONE', #5245, 1000.000000000000000 ) ;
#598 = DIRECTION ( 'NONE',  ( 0.000000000000000000, 1.000000000000000000, 0.000000000000000000 ) ) ;
#599 = FACE_OUTER_BOUND ( 'NONE', #2600, .T. ) ;
#600 = VERTEX_POINT ( 'NONE', #5759 ) ;
#601 = CARTESIAN_POINT ( 'NONE',  ( 9.851707555809907646, 2.164537838121699309, 0.4013235377315286789 ) ) ;
#602 = DIRECTION ( 'NONE',  ( 1.224646799147353454E-16, 0.000000000000000000, -1.000000000000000000 ) ) ;
#603 = FACE_OUTER_BOUND ( 'NONE', #1453, .T. ) ;
#604 = ORIENTED_EDGE ( 'NONE', *, *, #1864, .T. ) ;
#605 = DIRECTION ( 'NONE',  ( 0.000000000000000000, 0.000000000000000000, 1.000000000000000000 ) ) ;
#606 = CARTESIAN_POINT ( 'NONE',  ( -9.840961641373079161, 2.134286657244864216, -0.1710720760170856003 ) ) ;
#607 = CYLINDRICAL_SURFACE ( 'NONE', #5153, 0.5000000000000004441 ) ;
#608 = FACE_OUTER_BOUND ( 'NONE', #5009, .T. ) ;
#609 = CARTESIAN_POINT ( 'NONE',  ( 0.2048726159298306648, 2.139924804626961219, -9.843397292504308282 ) ) ;
#610 = CYLINDRICAL_SURFACE ( 'NONE', #3778, 0.4999999999999995559 ) ;
#611 = DIRECTION ( 'NONE',  ( 0.000000000000000000, 0.000000000000000000, 1.000000000000000000 ) ) ;
#612 = CARTESIAN_POINT ( 'NONE',  ( 9.372706491370124127, 2.241156341101739002, 3.161911533876269775 ) ) ;
#613 = ADVANCED_FACE ( 'NONE', ( #209 ), #1992, .T. ) ;
#614 = CARTESIAN_POINT ( 'NONE',  ( -0.9124482025973585930, 8.000000000000000000, 2.221104420305843430 ) ) ;
#615 = EDGE_LOOP ( 'NONE', ( #6618, #6835, #3030 ) ) ;
#616 = DIRECTION ( 'NONE',  ( 0.3799932884734122385, 0.000000000000000000, 0.9249892435672764091 ) ) ;
#617 = CARTESIAN_POINT ( 'NONE',  ( -9.843397292504334928, 2.139924804626935462, -0.2048726159298878691 ) ) ;
#618 = DIRECTION ( 'NONE',  ( -0.000000000000000000, -1.000000000000000000, -0.000000000000000000 ) ) ;
#619 = ORIENTED_EDGE ( 'NONE', *, *, #6452, .F. ) ;
#620 = CARTESIAN_POINT ( 'NONE',  ( -7.031412306681095181, 2.134320569921053234, -6.885828264191662385 ) ) ;
#621 = ORIENTED_EDGE ( 'NONE', *, *, #5936, .F. ) ;
#622 = CARTESIAN_POINT ( 'NONE',  ( 6.448641078955008155, 1.975531022569854800, 7.643810160369098661 ) ) ;
#623 = EDGE_LOOP ( 'NONE', ( #5842, #4856, #3887, #2760 ) ) ;
#624 = CARTESIAN_POINT ( 'NONE',  ( -9.057951044156933307, 2.024441704241496165, 4.238971915910973109 ) ) ;
#625 = DIRECTION ( 'NONE',  ( -0.7497524964563387906, 0.000000000000000000, 0.6617183646064900282 ) ) ;
#626 = DIRECTION ( 'NONE',  ( 0.000000000000000000, 0.000000000000000000, 1.000000000000000000 ) ) ;
#627 = ORIENTED_EDGE ( 'NONE', *, *, #4174, .F. ) ;
#628 = ADVANCED_FACE ( 'NONE', ( #3559 ), #4129, .T. ) ;
#629 = CARTESIAN_POINT ( 'NONE',  ( -8.805704254427018540, 2.409665417632274487, -4.741424089088003058 ) ) ;
#630 = ORIENTED_EDGE ( 'NONE', *, *, #1552, .T. ) ;
#631 = DIRECTION ( 'NONE',  ( -0.000000000000000000, -1.000000000000000000, -0.000000000000000000 ) ) ;
#632 = CARTESIAN_POINT ( 'NONE',  ( 9.874972037550532988, 2.279592747210310133, 0.7396982729254583111 ) ) ;
#633 = CIRCLE ( 'NONE', #2729, 0.5000000000000004441 ) ;
#634 = CARTESIAN_POINT ( 'NONE',  ( 9.138395661353001742, 9.500000000000000000, -2.596097982851299779 ) ) ;
#635 = CARTESIAN_POINT ( 'NONE',  ( 8.824244412177462138, 2.322848788353893301, -4.707037444963852124 ) ) ;
#636 = EDGE_CURVE ( 'NONE', #3220, #5, #3171, .T. ) ;
#637 = ORIENTED_EDGE ( 'NONE', *, *, #6662, .F. ) ;
#638 = CARTESIAN_POINT ( 'NONE',  ( -7.711477259033397758, 2.051666420109250488, -6.367050236799730811 ) ) ;
#639 = AXIS2_PLACEMENT_3D ( 'NONE', #3600, #291, #1889 ) ;
#640 = CARTESIAN_POINT ( 'NONE',  ( -0.9734035322810855595, 8.000000000000000000, 2.995828026329733884 ) ) ;
#641 = DIRECTION ( 'NONE',  ( 0.000000000000000000, 0.000000000000000000, 1.000000000000000000 ) ) ;
#642 = CARTESIAN_POINT ( 'NONE',  ( 0.9711828485914610898, 2.321832774718816328, -9.953906951267313730 ) ) ;
#643 = LINE ( 'NONE', #6012, #2561 ) ;
#644 = CARTESIAN_POINT ( 'NONE',  ( 9.501796650728058680, 2.127336489724617419, 3.120200068441970842 ) ) ;
#645 = AXIS2_PLACEMENT_3D ( 'NONE', #6297, #1841, #1254 ) ;
#646 = AXIS2_PLACEMENT_3D ( 'NONE', #2727, #402, #4858 ) ;
#647 = ORIENTED_EDGE ( 'NONE', *, *, #6637, .T. ) ;
#648 = CARTESIAN_POINT ( 'NONE',  ( 7.455982384190931178, 2.242932669926581912, -6.502380906176170150 ) ) ;
#649 = TOROIDAL_SURFACE ( 'NONE', #2579, 9.500000000000000000, 0.5000000000000000000 ) ;
#650 = CARTESIAN_POINT ( 'NONE',  ( -9.987920442738133175, 1.829430187479140990, 0.5073013465712709058 ) ) ;
#651 = CARTESIAN_POINT ( 'NONE',  ( -1.830433831214388851, 8.000000000000000000, 1.554148821017839577 ) ) ;
#652 = EDGE_LOOP ( 'NONE', ( #5167, #6019, #6404, #1318 ) ) ;
#653 = CARTESIAN_POINT ( 'NONE',  ( 9.140544747021426275, 1.779361857681294401, -4.057814370325335318 ) ) ;
#654 = ORIENTED_EDGE ( 'NONE', *, *, #4422, .T. ) ;
#655 = CARTESIAN_POINT ( 'NONE',  ( -1.276266388579322841, 0.000000000000000000, 2.504813822048900018 ) ) ;
#656 = EDGE_CURVE ( 'NONE', #3411, #7178, #2834, .T. ) ;
#657 = LINE ( 'NONE', #152, #4651 ) ;
#658 = EDGE_CURVE ( 'NONE', #706, #147, #5148, .T. ) ;
#659 = EDGE_LOOP ( 'NONE', ( #5394, #7147, #504, #6392 ) ) ;
#660 = DIRECTION ( 'NONE',  ( -0.06224953160690469695, 0.000000000000000000, 0.9980606173047411600 ) ) ;
#661 = EDGE_CURVE ( 'NONE', #4349, #600, #3078, .T. ) ;
#662 = CARTESIAN_POINT ( 'NONE',  ( -6.612695775979627655, 1.867388762198071817, 7.502344536136499542 ) ) ;
#663 = EDGE_CURVE ( 'NONE', #6402, #379, #3129, .T. ) ;
#664 = CIRCLE ( 'NONE', #1123, 9.500000000000000000 ) ;
#665 = CARTESIAN_POINT ( 'NONE',  ( 0.000000000000000000, 9.500000000000000000, 0.000000000000000000 ) ) ;
#666 = ORIENTED_EDGE ( 'NONE', *, *, #6591, .T. ) ;
#667 = DIRECTION ( 'NONE',  ( -1.856204616801502347E-16, 1.000000000000000000, 1.594314457810258454E-15 ) ) ;
#668 = EDGE_LOOP ( 'NONE', ( #6749, #7070, #1813, #6612 ) ) ;
#669 = CARTESIAN_POINT ( 'NONE',  ( 0.000000000000000000, 10.00000000000000000, 0.000000000000000000 ) ) ;
#670 = ORIENTED_EDGE ( 'NONE', *, *, #3509, .F. ) ;
#671 = AXIS2_PLACEMENT_3D ( 'NONE', #6978, #3182, #412 ) ;
#672 = CARTESIAN_POINT ( 'NONE',  ( -8.796570338259703803, 2.500000000000000444, -4.594978287206065382 ) ) ;
#673 = DIRECTION ( 'NONE',  ( 0.000000000000000000, 0.000000000000000000, 1.000000000000000000 ) ) ;
#674 = CARTESIAN_POINT ( 'NONE',  ( 9.281909929401374271, 1.985975370094303694, -3.722773453796067944 ) ) ;
#675 = AXIS2_PLACEMENT_3D ( 'NONE', #3932, #3769, #2218 ) ;
#676 = VERTEX_POINT ( 'NONE', #2511 ) ;
#677 = VECTOR ( 'NONE', #4310, 1000.000000000000000 ) ;
#678 = CARTESIAN_POINT ( 'NONE',  ( 2.043718524445536922, 8.000000000000000000, 1.260587625341248019 ) ) ;
#679 =( BOUNDED_SURFACE ( )  B_SPLINE_SURFACE ( 3, 2, ( 
 ( #3441, #4403, #6150 ),
 ( #5535, #6694, #5496 ),
 ( #6617, #635, #6111 ),
 ( #1653, #5101, #2786 ),
 ( #2863, #4482, #4984 ),
 ( #3867, #6074, #3834 ),
 ( #5641, #3332, #15 ),
 ( #4945, #2823, #6732 ),
 ( #5059, #89, #5576 ),
 ( #5018, #674, #4363 ),
 ( #2289, #6656, #1730 ),
 ( #6041, #1691, #7155 ),
 ( #3907, #3945, #2326 ),
 ( #1146, #522, #3377 ),
 ( #1181, #1071, #4520 ),
 ( #1764, #2896, #129 ),
 ( #6580, #1616, #2750 ),
 ( #2209, #1909, #717 ) ),
 .UNSPECIFIED., .F., .F., .F. ) 
 B_SPLINE_SURFACE_WITH_KNOTS ( ( 4, 2, 2, 2, 2, 2, 2, 2, 4 ),
 ( 3, 3 ),
 ( -4.607859233063393845E-19, 0.0003645422052340785727, 0.0007290844104681575791, 0.001093626615702236477, 0.001458168820936315592, 0.001822711026170394707, 0.002187253231404473822, 0.002551795436638552503, 0.002916337641872631618 ),
 ( 0.000000000000000000, 1.000000000000000000 ),
 .UNSPECIFIED. ) 
 GEOMETRIC_REPRESENTATION_ITEM ( )  RATIONAL_B_SPLINE_SURFACE ( (
 ( 1.000000000000000000, 0.9595359398070242296, 1.000000000000000000),
 ( 1.000000000000000000, 0.9595833763010225281, 1.000000000000000000),
 ( 1.000000000000000000, 0.9570685609626673473, 1.000000000000000000),
 ( 1.000000000000000000, 0.9488880332095438463, 1.000000000000000000),
 ( 1.000000000000000000, 0.9432547151588478451, 1.000000000000000000),
 ( 1.000000000000000000, 0.9321826025349363443, 1.000000000000000000),
 ( 1.000000000000000000, 0.9268523530654423359, 1.000000000000000000),
 ( 1.000000000000000000, 0.9192073681285640729, 1.000000000000000000),
 ( 1.000000000000000000, 0.9170514797511036820, 1.000000000000000000),
 ( 1.000000000000000000, 0.9170288608893654159, 1.000000000000000000),
 ( 1.000000000000000000, 0.9192260099103498616, 1.000000000000000000),
 ( 1.000000000000000000, 0.9267996068666256582, 1.000000000000000000),
 ( 1.000000000000000000, 0.9321812854749682575, 1.000000000000000000),
 ( 1.000000000000000000, 0.9432160661325834639, 1.000000000000000000),
 ( 1.000000000000000000, 0.9488445939139658059, 1.000000000000000000),
 ( 1.000000000000000000, 0.9570263305979385127, 1.000000000000000000),
 ( 1.000000000000000000, 0.9595878455022835984, 1.000000000000000000),
 ( 1.000000000000000000, 0.9595359398070245627, 1.000000000000000000) ) ) 
 REPRESENTATION_ITEM ( '' )  SURFACE ( )  );
#680 = CARTESIAN_POINT ( 'NONE',  ( 2.776607510986325966, 8.000000000000000000, -0.4397714266284734608 ) ) ;
#681 = CARTESIAN_POINT ( 'NONE',  ( 0.1012763761842810500, 2.134257748930265208, -9.840950097952873676 ) ) ;
#682 = VECTOR ( 'NONE', #5093, 1000.000000000000000 ) ;
#683 = CARTESIAN_POINT ( 'NONE',  ( -8.796570338259703803, 2.456298904871082378, -4.594978287206064493 ) ) ;
#684 = CARTESIAN_POINT ( 'NONE',  ( 9.619363830518897984, 2.377026804319492648, 2.732734801641908184 ) ) ;
#685 = AXIS2_PLACEMENT_3D ( 'NONE', #741, #3469, #3038 ) ;
#686 = AXIS2_PLACEMENT_3D ( 'NONE', #6154, #1655, #93 ) ;
#687 = CYLINDRICAL_SURFACE ( 'NONE', #3893, 2.000000000000000000 ) ;
#688 = EDGE_LOOP ( 'NONE', ( #4929, #4182, #5791 ) ) ;
#689 = EDGE_CURVE ( 'NONE', #5119, #922, #6271, .T. ) ;
#690 = CARTESIAN_POINT ( 'NONE',  ( -9.985235750618224770, 2.048970607329088089, -0.5565875801683495272 ) ) ;
#691 = VECTOR ( 'NONE', #2040, 1000.000000000000227 ) ;
#692 = CARTESIAN_POINT ( 'NONE',  ( -9.619363854055775320, 2.500000000000000444, 2.732734718790911010 ) ) ;
#693 = VECTOR ( 'NONE', #98, 1000.000000000000000 ) ;
#694 = DIRECTION ( 'NONE',  ( -0.3799932884734122385, 0.000000000000000000, -0.9249892435672764091 ) ) ;
#695 = VECTOR ( 'NONE', #5879, 1000.000000000000114 ) ;
#696 = ORIENTED_EDGE ( 'NONE', *, *, #4598, .F. ) ;
#697 = CARTESIAN_POINT ( 'NONE',  ( -7.506146992169966836, 2.279919447647891229, -6.459234499842984256 ) ) ;
#698 = VERTEX_POINT ( 'NONE', #290 ) ;
#699 = PLANE ( 'NONE',  #4110 ) ;
#700 = CARTESIAN_POINT ( 'NONE',  ( -9.458681375157432569, 1.863989508453880894, 3.247483976280377327 ) ) ;
#701 = CIRCLE ( 'NONE', #4396, 10.00000000000000000 ) ;
#702 = LINE ( 'NONE', #3999, #5290 ) ;
#703 = CARTESIAN_POINT ( 'NONE',  ( -7.750301799340684639, 2.409665417632252282, 6.320945485302116751 ) ) ;
#704 = CARTESIAN_POINT ( 'NONE',  ( 2.932010965672982472, 2.051189550670914130, 9.560831454120886974 ) ) ;
#705 = ADVANCED_FACE ( 'NONE', ( #1305 ), #1961, .T. ) ;
#706 = VERTEX_POINT ( 'NONE', #5805 ) ;
#707 = ORIENTED_EDGE ( 'NONE', *, *, #4994, .F. ) ;
#708 = ORIENTED_EDGE ( 'NONE', *, *, #1864, .F. ) ;
#709 = CARTESIAN_POINT ( 'NONE',  ( 0.000000000000000000, 9.500000000000000000, 0.000000000000000000 ) ) ;
#710 = DIRECTION ( 'NONE',  ( 0.4394523308986297283, 0.000000000000000000, -0.8982659121149824122 ) ) ;
#711 = EDGE_CURVE ( 'NONE', #3756, #4319, #6479, .T. ) ;
#712 = VERTEX_POINT ( 'NONE', #5227 ) ;
#713 = AXIS2_PLACEMENT_3D ( 'NONE', #5910, #6519, #4206 ) ;
#714 = SPHERICAL_SURFACE ( 'NONE', #2428, 0.5000000000000000000 ) ;
#715 = CIRCLE ( 'NONE', #6608, 7.543744331762958666 ) ;
#716 = CYLINDRICAL_SURFACE ( 'NONE', #4942, 0.5000000000000000000 ) ;
#717 = CARTESIAN_POINT ( 'NONE',  ( 9.619363854055793084, 2.500000000000000444, -2.732734718790841733 ) ) ;
#718 = EDGE_CURVE ( 'NONE', #5764, #5314, #3529, .T. ) ;
#719 = ORIENTED_EDGE ( 'NONE', *, *, #283, .F. ) ;
#720 = AXIS2_PLACEMENT_3D ( 'NONE', #4044, #4080, #779 ) ;
#721 = CARTESIAN_POINT ( 'NONE',  ( -4.626103053009483546, 9.500000000000000000, 8.297540029607350931 ) ) ;
#722 = CARTESIAN_POINT ( 'NONE',  ( 10.79269157286925029, 2.500000000000000444, -4.470479223992127160 ) ) ;
#723 = CARTESIAN_POINT ( 'NONE',  ( 0.1263512459987094771, 1.768515498480492054, -10.00001319358364960 ) ) ;
#724 = CARTESIAN_POINT ( 'NONE',  ( -9.026396591461221419, 2.134286657244865104, -3.924022968310245663 ) ) ;
#725 = CARTESIAN_POINT ( 'NONE',  ( 9.012158091705398277, 2.048970607329219984, 4.335404163388600907 ) ) ;
#726 = CARTESIAN_POINT ( 'NONE',  ( 2.732734718791013595, 2.500000000000000444, -9.619363854055745122 ) ) ;
#727 = VERTEX_POINT ( 'NONE', #3636 ) ;
#728 = CARTESIAN_POINT ( 'NONE',  ( -2.221104420305847427, 8.000000000000000000, 0.9124482025973577048 ) ) ;
#729 = CARTESIAN_POINT ( 'NONE',  ( -9.436260398347613432, 9.500000000000000000, -1.098630827246600772 ) ) ;
#730 = CARTESIAN_POINT ( 'NONE',  ( -1.098630827246565245, 9.500000000000000000, -9.436260398347616984 ) ) ;
#731 = DIRECTION ( 'NONE',  ( -0.000000000000000000, -1.000000000000000000, -0.000000000000000000 ) ) ;
#732 = FACE_OUTER_BOUND ( 'NONE', #2489, .T. ) ;
#733 = ORIENTED_EDGE ( 'NONE', *, *, #226, .T. ) ;
#734 = DIRECTION ( 'NONE',  ( -0.000000000000000000, -1.000000000000000000, -0.000000000000000000 ) ) ;
#735 = ORIENTED_EDGE ( 'NONE', *, *, #6528, .T. ) ;
#736 = LINE ( 'NONE', #2957, #7104 ) ;
#737 = DIRECTION ( 'NONE',  ( 0.000000000000000000, 0.000000000000000000, -1.000000000000000000 ) ) ;
#738 = DIRECTION ( 'NONE',  ( 0.5249775667251631583, 0.000000000000000000, -0.8511160640214275874 ) ) ;
#739 = CARTESIAN_POINT ( 'NONE',  ( -9.334341087458859931, 1.779849606445597310, 3.589669876561300654 ) ) ;
#740 = DIRECTION ( 'NONE',  ( -0.000000000000000000, 1.000000000000000000, 0.000000000000000000 ) ) ;
#741 = CARTESIAN_POINT ( 'NONE',  ( -5.895594408747051318, 9.500000000000000000, 7.449293024680294195 ) ) ;
#742 = EDGE_LOOP ( 'NONE', ( #2820, #192, #3554, #2381 ) ) ;
#743 = DIRECTION ( 'NONE',  ( 0.000000000000000000, 0.000000000000000000, 1.000000000000000000 ) ) ;
#744 = VERTEX_POINT ( 'NONE', #763 ) ;
#745 = CARTESIAN_POINT ( 'NONE',  ( -0.5673463196692578592, 8.000000000000000000, -2.333234819276244210 ) ) ;
#746 = CARTESIAN_POINT ( 'NONE',  ( 3.861085519973199709, 2.134320569921027921, 9.052480793569294804 ) ) ;
#747 = ORIENTED_EDGE ( 'NONE', *, *, #1059, .T. ) ;
#748 = DIRECTION ( 'NONE',  ( -0.000000000000000000, 1.000000000000000000, 0.000000000000000000 ) ) ;
#749 = CARTESIAN_POINT ( 'NONE',  ( 1.098630827246566799, 10.00000000000000000, -9.436260398347616984 ) ) ;
#750 = DIRECTION ( 'NONE',  ( -0.2362740077746028344, 0.000000000000000000, 0.9716864685947452784 ) ) ;
#751 = EDGE_LOOP ( 'NONE', ( #471, #4796, #708, #5346 ) ) ;
#752 = CARTESIAN_POINT ( 'NONE',  ( 2.504813822048898242, 0.000000000000000000, -1.276266388579323952 ) ) ;
#753 = CARTESIAN_POINT ( 'NONE',  ( -5.895594408746999804, 10.00000000000000000, -7.449293024680337716 ) ) ;
#754 = CIRCLE ( 'NONE', #2387, 0.5000000000000004441 ) ;
#755 = ADVANCED_FACE ( 'NONE', ( #5837 ), #3057, .T. ) ;
#756 = EDGE_CURVE ( 'NONE', #3041, #2152, #1923, .T. ) ;
#757 = CARTESIAN_POINT ( 'NONE',  ( -3.712059723680396939, 1.768517871363070704, -9.286350259861633205 ) ) ;
#758 = CARTESIAN_POINT ( 'NONE',  ( 9.015711933060083894, 2.139924804626919475, 3.956182678658564100 ) ) ;
#759 = ADVANCED_FACE ( 'NONE', ( #5188 ), #4167, .T. ) ;
#760 = TOROIDAL_SURFACE ( 'NONE', #5965, 9.500000000000000000, 0.5000000000000000000 ) ;
#761 = LINE ( 'NONE', #175, #6781 ) ;
#762 = ORIENTED_EDGE ( 'NONE', *, *, #6249, .T. ) ;
#763 = CARTESIAN_POINT ( 'NONE',  ( 8.297540029607397116, 10.00000000000000000, -4.626103053009395616 ) ) ;
#764 = DIRECTION ( 'NONE',  ( -1.258604051642386554E-15, -1.000000000000000000, 9.960970772803768722E-16 ) ) ;
#765 = CARTESIAN_POINT ( 'NONE',  ( -6.502380906176199460, 2.242932669926582356, -7.455982384190906309 ) ) ;
#766 = AXIS2_PLACEMENT_3D ( 'NONE', #6549, #4367, #6699 ) ;
#767 = CARTESIAN_POINT ( 'NONE',  ( 2.333234819276247318, 0.000000000000000000, 0.5673463196692628552 ) ) ;
#768 = VERTEX_POINT ( 'NONE', #4709 ) ;
#769 = AXIS2_PLACEMENT_3D ( 'NONE', #289, #5225, #2946 ) ;
#770 = ORIENTED_EDGE ( 'NONE', *, *, #2446, .T. ) ;
#771 = FACE_OUTER_BOUND ( 'NONE', #6322, .T. ) ;
#772 = ADVANCED_FACE ( 'NONE', ( #2548 ), #3445, .T. ) ;
#773 = CARTESIAN_POINT ( 'NONE',  ( 5.895594408747103721, 9.500000000000000000, -7.449293024680251563 ) ) ;
#774 = ADVANCED_FACE ( 'NONE', ( #5611 ), #17, .F. ) ;
#775 = CARTESIAN_POINT ( 'NONE',  ( -6.703810052746246306, 1.829430187479069048, 7.421242497277510175 ) ) ;
#776 = CARTESIAN_POINT ( 'NONE',  ( 3.247483976280275186, 1.863989508453881339, 9.458681375157466320 ) ) ;
#777 = ORIENTED_EDGE ( 'NONE', *, *, #1160, .T. ) ;
#778 = EDGE_LOOP ( 'NONE', ( #3890, #6830, #4946 ) ) ;
#779 = DIRECTION ( 'NONE',  ( 0.000000000000000000, 0.000000000000000000, 1.000000000000000000 ) ) ;
#780 = CARTESIAN_POINT ( 'NONE',  ( 4.512470218131240607, 2.127336489724643176, 8.925099472239383047 ) ) ;
#781 = ORIENTED_EDGE ( 'NONE', *, *, #3163, .F. ) ;
#782 = CARTESIAN_POINT ( 'NONE',  ( 1.156453502364807928, 2.372106879883455033, -9.932905682471179887 ) ) ;
#783 = CIRCLE ( 'NONE', #1706, 0.5000000000000004441 ) ;
#784 = CARTESIAN_POINT ( 'NONE',  ( 2.394357833393303103, 8.000000000000000000, -0.1814307967061945248 ) ) ;
#785 = CARTESIAN_POINT ( 'NONE',  ( -6.891903876640106397, 1.779361857681295067, 7.246866680950660999 ) ) ;
#786 = ORIENTED_EDGE ( 'NONE', *, *, #4994, .T. ) ;
#787 = CARTESIAN_POINT ( 'NONE',  ( -4.869582161062556480, 2.500000000000000444, -8.734252662744612650 ) ) ;
#788 = CIRCLE ( 'NONE', #1710, 2.000000000000000000 ) ;
#789 = DIRECTION ( 'NONE',  ( 0.000000000000000000, 0.000000000000000000, 1.000000000000000000 ) ) ;
#790 = CARTESIAN_POINT ( 'NONE',  ( 2.221104420305847427, 8.000000000000000000, -0.9124482025973561505 ) ) ;
#791 = FACE_OUTER_BOUND ( 'NONE', #5273, .T. ) ;
#792 = CARTESIAN_POINT ( 'NONE',  ( 8.824555314844497289, 2.321832774718787906, 4.706451233693484504 ) ) ;
#793 = VECTOR ( 'NONE', #2049, 1000.000000000000227 ) ;
#794 = ADVANCED_FACE ( 'NONE', ( #6698 ), #1033, .T. ) ;
#795 = CARTESIAN_POINT ( 'NONE',  ( 4.825657120698786606, 2.248135892564181670, -8.758950836166569331 ) ) ;
#796 = ORIENTED_EDGE ( 'NONE', *, *, #5465, .T. ) ;
#797 = CARTESIAN_POINT ( 'NONE',  ( 6.411709747915605107, 2.343452233630470616, -7.561418751232873880 ) ) ;
#798 = DIRECTION ( 'NONE',  ( 0.7622926637108761172, 0.000000000000000000, 0.6472324890273798426 ) ) ;
#799 = EDGE_CURVE ( 'NONE', #2352, #6426, #5498, .T. ) ;
#800 = AXIS2_PLACEMENT_3D ( 'NONE', #1917, #1803, #4590 ) ;
#801 = EDGE_CURVE ( 'NONE', #3609, #2072, #1968, .T. ) ;
#802 = DIRECTION ( 'NONE',  ( -1.543988371350656449E-15, 1.000000000000000000, 4.386267836225198088E-16 ) ) ;
#803 = CARTESIAN_POINT ( 'NONE',  ( 0.9124482025973557064, 8.000000000000000000, -2.221104420305846538 ) ) ;
#804 = CARTESIAN_POINT ( 'NONE',  ( -0.8419640990703026739, 2.181049877636648038, 9.965382407647522811 ) ) ;
#805 = AXIS2_PLACEMENT_3D ( 'NONE', #4887, #1047, #3273 ) ;
#806 = ORIENTED_EDGE ( 'NONE', *, *, #6738, .F. ) ;
#807 = CARTESIAN_POINT ( 'NONE',  ( -6.368549238272159130, 2.438027874578160947, -7.611508095585688416 ) ) ;
#808 = CIRCLE ( 'NONE', #4852, 0.5000000000000000000 ) ;
#809 = EDGE_LOOP ( 'NONE', ( #4455, #3752, #2947, #5997 ) ) ;
#810 = CARTESIAN_POINT ( 'NONE',  ( -1.156453502364807928, 2.500000000000000000, 9.932905682471176334 ) ) ;
#811 = DIRECTION ( 'NONE',  ( 0.000000000000000000, 1.000000000000000000, 0.000000000000000000 ) ) ;
#812 = AXIS2_PLACEMENT_3D ( 'NONE', #852, #2076, #2630 ) ;
#813 = ADVANCED_FACE ( 'NONE', ( #4523 ), #6115, .T. ) ;
#814 = CARTESIAN_POINT ( 'NONE',  ( -7.230516001408399340, 1.992783053389742154, 6.908873745391242771 ) ) ;
#815 = CARTESIAN_POINT ( 'NONE',  ( 5.895594408746948289, 10.00000000000000000, 7.449293024680377684 ) ) ;
#816 = ORIENTED_EDGE ( 'NONE', *, *, #2495, .T. ) ;
#817 = DIRECTION ( 'NONE',  ( -0.1156453502364918201, -0.000000000000000000, 0.9932905682471163678 ) ) ;
#818 = VERTEX_POINT ( 'NONE', #2248 ) ;
#819 = ORIENTED_EDGE ( 'NONE', *, *, #104, .T. ) ;
#820 = B_SPLINE_CURVE_WITH_KNOTS ( 'NONE', 3,
 ( #6175, #874, #1236, #1861, #2308, #4540, #4070, #6751, #1783, #3998, #6282, #1277, #700, #6419, #6245, #1448, #4752, #4570 ),
 .UNSPECIFIED., .F., .F.,
 ( 4, 2, 2, 2, 2, 2, 2, 2, 4 ),
 ( 8.673617379884035472E-19, 0.0003765522689820498454, 0.0007531045379640988234, 0.001129656806946147856, 0.001506209075928196780, 0.001882761344910245703, 0.002259313613892294844, 0.002635865882874343768, 0.003012418151856392692 ),
 .UNSPECIFIED. ) ;
#821 = VECTOR ( 'NONE', #6763, 1000.000000000000000 ) ;
#822 = DIRECTION ( 'NONE',  ( 0.000000000000000000, 0.000000000000000000, 1.000000000000000000 ) ) ;
#823 = CARTESIAN_POINT ( 'NONE',  ( 2.999548401200138326, 2.377840714399257482, 9.454885785705647194 ) ) ;
#824 = ORIENTED_EDGE ( 'NONE', *, *, #2315, .T. ) ;
#825 = CARTESIAN_POINT ( 'NONE',  ( -4.085870468678311163, 2.147145517465062436, 8.967023712798514623 ) ) ;
#826 = CARTESIAN_POINT ( 'NONE',  ( 8.260368511126804592, 2.500000000000000444, -8.260368511126660707 ) ) ;
#827 = DIRECTION ( 'NONE',  ( 0.000000000000000000, 0.000000000000000000, 1.000000000000000000 ) ) ;
#828 = VERTEX_POINT ( 'NONE', #7158 ) ;
#829 = CARTESIAN_POINT ( 'NONE',  ( -6.205888851312631793, 2.500000000000000000, -7.841361078610879609 ) ) ;
#830 = CARTESIAN_POINT ( 'NONE',  ( 1.830433831214388185, 8.000000000000000000, -1.554148821017838911 ) ) ;
#831 = LINE ( 'NONE', #2942, #2106 ) ;
#832 = CARTESIAN_POINT ( 'NONE',  ( 0.000000000000000000, 10.00000000000000000, 0.000000000000000000 ) ) ;
#833 = CARTESIAN_POINT ( 'NONE',  ( 3.512295103721539746, 2.144391952824046044, -9.201202289774354171 ) ) ;
#834 = CARTESIAN_POINT ( 'NONE',  ( -1.156453502364804375, 10.00000000000000000, -9.932905682471176334 ) ) ;
#835 = VECTOR ( 'NONE', #1546, 1000.000000000000000 ) ;
#836 = CARTESIAN_POINT ( 'NONE',  ( 4.594171655381773078, 1.975531022569851469, -8.882927013875246303 ) ) ;
#837 = VERTEX_POINT ( 'NONE', #2211 ) ;
#838 = CARTESIAN_POINT ( 'NONE',  ( -1.554148821017840465, 0.000000000000000000, 1.830433831214381968 ) ) ;
#839 = PLANE ( 'NONE',  #300 ) ;
#840 = CARTESIAN_POINT ( 'NONE',  ( -6.555906814057296472, 2.212953969771218610, -7.393847267223429220 ) ) ;
#841 = EDGE_CURVE ( 'NONE', #1356, #4615, #6011, .T. ) ;
#842 = SURFACE_STYLE_FILL_AREA ( #5696 ) ;
#843 = CARTESIAN_POINT ( 'NONE',  ( 1.156453416813808310, 2.377026804319470443, 9.932905692431580391 ) ) ;
#844 = ORIENTED_EDGE ( 'NONE', *, *, #1611, .F. ) ;
#845 = DIRECTION ( 'NONE',  ( 7.105427357601001859E-15, 0.000000000000000000, 1.000000000000000000 ) ) ;
#846 = EDGE_LOOP ( 'NONE', ( #856, #1529, #5373, #5660 ) ) ;
#847 = CARTESIAN_POINT ( 'NONE',  ( -9.567866486751208654, 2.321832774718631587, 2.911939321413858028 ) ) ;
#848 = DIRECTION ( 'NONE',  ( -0.000000000000000000, -1.000000000000000000, -0.000000000000000000 ) ) ;
#849 = FACE_OUTER_BOUND ( 'NONE', #2222, .T. ) ;
#850 = CARTESIAN_POINT ( 'NONE',  ( 0.5673463196692557498, 8.000000000000000000, 2.333234819276244210 ) ) ;
#851 = EDGE_CURVE ( 'NONE', #70, #3756, #4445, .T. ) ;
#852 = CARTESIAN_POINT ( 'NONE',  ( 9.436260398347627643, 9.500000000000000000, -1.098630827246466213 ) ) ;
#853 = DIRECTION ( 'NONE',  ( -0.9716864685947455005, 0.000000000000000000, 0.2362740077746017520 ) ) ;
#854 = ORIENTED_EDGE ( 'NONE', *, *, #4245, .F. ) ;
#855 = VERTEX_POINT ( 'NONE', #1694 ) ;
#856 = ORIENTED_EDGE ( 'NONE', *, *, #5469, .F. ) ;
#857 = CARTESIAN_POINT ( 'NONE',  ( -0.5673463196692629662, 0.000000000000000000, 2.333234819276247762 ) ) ;
#858 = ORIENTED_EDGE ( 'NONE', *, *, #2001, .F. ) ;
#859 = CARTESIAN_POINT ( 'NONE',  ( 0.000000000000000000, 10.00000000000000000, 0.000000000000000000 ) ) ;
#860 = CARTESIAN_POINT ( 'NONE',  ( -2.394357833393303103, 8.000000000000000000, 0.1814307967061945803 ) ) ;
#861 = CARTESIAN_POINT ( 'NONE',  ( 2.732734718790808426, 9.500000000000000000, 9.619363854055803742 ) ) ;
#862 = EDGE_LOOP ( 'NONE', ( #6362, #187, #2424, #5923 ) ) ;
#863 = DIRECTION ( 'NONE',  ( 0.000000000000000000, 0.000000000000000000, -1.000000000000000000 ) ) ;
#864 = CARTESIAN_POINT ( 'NONE',  ( -4.335404163388611565, 2.048970607329116511, 9.012158091705444463 ) ) ;
#865 = SPHERICAL_SURFACE ( 'NONE', #2534, 0.5000000000000000000 ) ;
#866 = DIRECTION ( 'NONE',  ( -1.000000000000000000, 0.000000000000000000, 0.000000000000000000 ) ) ;
#867 = EDGE_CURVE ( 'NONE', #2797, #5668, #1606, .T. ) ;
#868 = CARTESIAN_POINT ( 'NONE',  ( 8.878359725471241859, 1.981868317978605631, 4.602995496167592293 ) ) ;
#869 = EDGE_CURVE ( 'NONE', #5449, #3884, #6587, .T. ) ;
#870 = CARTESIAN_POINT ( 'NONE',  ( 9.287105483649785498, 1.768638744481566771, 3.710169844705837328 ) ) ;
#871 = DIRECTION ( 'NONE',  ( 0.000000000000000000, 0.000000000000000000, 1.000000000000000000 ) ) ;
#872 = TOROIDAL_SURFACE ( 'NONE', #2158, 2.500000000000000000, 0.5000000000000000000 ) ;
#873 = PLANE ( 'NONE',  #7002 ) ;
#874 = CARTESIAN_POINT ( 'NONE',  ( -8.734252662744591333, 2.371852820628066461, 4.869582161062591119 ) ) ;
#875 = CARTESIAN_POINT ( 'NONE',  ( -2.394357833393300439, 8.000000000000000000, -0.1814307967061967453 ) ) ;
#876 = PLANE ( 'NONE',  #1840 ) ;
#877 = AXIS2_PLACEMENT_3D ( 'NONE', #5597, #1750, #2769 ) ;
#878 = CARTESIAN_POINT ( 'NONE',  ( 0.8789046617972542386, 2.500000000000000444, 9.885393354405108468 ) ) ;
#879 = ADVANCED_FACE ( 'NONE', ( #1149 ), #5041, .F. ) ;
#880 = B_SPLINE_CURVE_WITH_KNOTS ( 'NONE', 3,
 ( #1941, #350, #2572, #6507, #1985, #4773 ),
 .UNSPECIFIED., .F., .F.,
 ( 4, 2, 4 ),
 ( 0.001821083575539159116, 0.001948737504667290028, 0.002076391433795420939 ),
 .UNSPECIFIED. ) ;
#881 = ORIENTED_EDGE ( 'NONE', *, *, #5851, .T. ) ;
#882 = DIRECTION ( 'NONE',  ( -1.594314457810246227E-15, 1.000000000000000000, -1.856204616801320909E-16 ) ) ;
#883 = ORIENTED_EDGE ( 'NONE', *, *, #5230, .F. ) ;
#884 = CARTESIAN_POINT ( 'NONE',  ( 8.886597848284432999, 2.212746796842761654, -4.321516740381020405 ) ) ;
#885 = FACE_OUTER_BOUND ( 'NONE', #688, .T. ) ;
#886 = AXIS2_PLACEMENT_3D ( 'NONE', #5983, #4244, #6527 ) ;
#887 = CARTESIAN_POINT ( 'NONE',  ( 10.79269157286915615, 9.500000000000000000, 4.470479223992352757 ) ) ;
#888 = FACE_OUTER_BOUND ( 'NONE', #5281, .T. ) ;
#889 = AXIS2_PLACEMENT_3D ( 'NONE', #6196, #1225, #3451 ) ;
#890 = DIRECTION ( 'NONE',  ( -1.000000000000000000, 0.000000000000000000, 0.000000000000000000 ) ) ;
#891 = CIRCLE ( 'NONE', #2398, 0.5000000000000000000 ) ;
#892 = ORIENTED_EDGE ( 'NONE', *, *, #6217, .F. ) ;
#893 = ORIENTED_EDGE ( 'NONE', *, *, #1833, .T. ) ;
#894 = ORIENTED_EDGE ( 'NONE', *, *, #2092, .F. ) ;
#895 = EDGE_CURVE ( 'NONE', #4316, #1868, #5051, .T. ) ;
#896 = EDGE_CURVE ( 'NONE', #6783, #5509, #4925, .T. ) ;
#897 = DIRECTION ( 'NONE',  ( -0.9980606173047421592, -3.462718366572877305E-15, 0.06224953160689088855 ) ) ;
#898 = EDGE_CURVE ( 'NONE', #4940, #1284, #3322, .T. ) ;
#899 = ORIENTED_EDGE ( 'NONE', *, *, #2909, .F. ) ;
#900 = ADVANCED_FACE ( 'NONE', ( #2660 ), #64, .T. ) ;
#901 = DIRECTION ( 'NONE',  ( 0.000000000000000000, 1.000000000000000000, -0.000000000000000000 ) ) ;
#902 = DIRECTION ( 'NONE',  ( 0.000000000000000000, -1.000000000000000000, 0.000000000000000000 ) ) ;
#903 = FACE_OUTER_BOUND ( 'NONE', #6511, .T. ) ;
#904 = ORIENTED_EDGE ( 'NONE', *, *, #6470, .F. ) ;
#905 = CARTESIAN_POINT ( 'NONE',  ( 6.205888851312742815, 9.500000000000000000, -7.841361078610793456 ) ) ;
#906 = CARTESIAN_POINT ( 'NONE',  ( -3.670870801779531067, 2.134320569920995503, 9.131270309608126468 ) ) ;
#907 = LINE ( 'NONE', #4809, #503 ) ;
#908 = FACE_OUTER_BOUND ( 'NONE', #4538, .T. ) ;
#909 = CARTESIAN_POINT ( 'NONE',  ( -4.462933545236089650, 2.279919447647872133, -8.840032644896218983 ) ) ;
#910 = EDGE_CURVE ( 'NONE', #4440, #2809, #1224, .T. ) ;
#911 = AXIS2_PLACEMENT_3D ( 'NONE', #3587, #6906, #2934 ) ;
#912 = CARTESIAN_POINT ( 'NONE',  ( 8.758950836166553344, 2.248135892564179894, 4.825657120698811475 ) ) ;
#913 = FACE_OUTER_BOUND ( 'NONE', #4383, .T. ) ;
#914 = DIRECTION ( 'NONE',  ( 0.000000000000000000, 0.000000000000000000, 1.000000000000000000 ) ) ;
#915 = CIRCLE ( 'NONE', #4492, 0.4999999999999999445 ) ;
#916 = DIRECTION ( 'NONE',  ( 0.000000000000000000, 0.000000000000000000, 1.000000000000000000 ) ) ;
#917 = CARTESIAN_POINT ( 'NONE',  ( -0.2556751587878138832, 1.779849606445677246, 9.997513869602437708 ) ) ;
#918 = ADVANCED_FACE ( 'NONE', ( #6399 ), #2860, .T. ) ;
#919 = VERTEX_POINT ( 'NONE', #5519 ) ;
#920 = CIRCLE ( 'NONE', #4952, 3.499999999999972022 ) ;
#921 = CARTESIAN_POINT ( 'NONE',  ( 4.335404163388677290, 2.048970607329219540, -9.012158091705517293 ) ) ;
#922 = VERTEX_POINT ( 'NONE', #6639 ) ;
#923 = CIRCLE ( 'NONE', #5074, 0.5000000000000000000 ) ;
#924 = CARTESIAN_POINT ( 'NONE',  ( 4.869582161062681713, 9.500000000000000000, -8.734252662744541595 ) ) ;
#925 = AXIS2_PLACEMENT_3D ( 'NONE', #1541, #4328, #3191 ) ;
#926 = CARTESIAN_POINT ( 'NONE',  ( -9.938803551105728218, 2.249819565270343436, 1.107426840495089992 ) ) ;
#927 = VECTOR ( 'NONE', #6320, 1000.000000000000000 ) ;
#928 = UNCERTAINTY_MEASURE_WITH_UNIT (LENGTH_MEASURE( 1.000000000000000082E-05 ), #5598, 'distance_accuracy_value', 'NONE');
#929 = CARTESIAN_POINT ( 'NONE',  ( 7.449293024680356368, 9.500000000000000000, -5.895594408746973158 ) ) ;
#930 = ORIENTED_EDGE ( 'NONE', *, *, #2267, .T. ) ;
#931 = ORIENTED_EDGE ( 'NONE', *, *, #5141, .T. ) ;
#932 = ORIENTED_EDGE ( 'NONE', *, *, #1229, .F. ) ;
#933 = CARTESIAN_POINT ( 'NONE',  ( 6.518869136509426454, 2.127336489724485524, -7.584466575834754920 ) ) ;
#934 = ORIENTED_EDGE ( 'NONE', *, *, #540, .T. ) ;
#935 = VECTOR ( 'NONE', #5994, 1000.000000000000000 ) ;
#936 = DIRECTION ( 'NONE',  ( 0.9619363854055734686, 0.000000000000000000, 0.2732734718791048900 ) ) ;
#937 = EDGE_CURVE ( 'NONE', #4289, #1083, #702, .T. ) ;
#938 = CARTESIAN_POINT ( 'NONE',  ( -9.436260398347620537, 2.500000000000000444, 1.098630827246535269 ) ) ;
#939 = CARTESIAN_POINT ( 'NONE',  ( -1.987831504145221917, 8.000000000000000000, 1.987831504145224581 ) ) ;
#940 = AXIS2_PLACEMENT_3D ( 'NONE', #448, #3657, #5864 ) ;
#941 = ORIENTED_EDGE ( 'NONE', *, *, #6573, .T. ) ;
#942 = CARTESIAN_POINT ( 'NONE',  ( 2.548403532281085848, 8.000000000000000000, 1.851523544721291437 ) ) ;
#943 = DIRECTION ( 'NONE',  ( -0.000000000000000000, 1.000000000000000000, -0.000000000000000000 ) ) ;
#944 = CARTESIAN_POINT ( 'NONE',  ( -1.098630827246567243, 9.500000000000000000, -9.436260398347616984 ) ) ;
#945 = CARTESIAN_POINT ( 'NONE',  ( 3.183664679234301964, 2.232065284504575420, -9.361832310899361076 ) ) ;
#946 = EDGE_CURVE ( 'NONE', #5187, #4795, #6898, .T. ) ;
#947 = CARTESIAN_POINT ( 'NONE',  ( -4.400693446046362034, 1.867388762198111785, -8.980357240025622190 ) ) ;
#948 = CARTESIAN_POINT ( 'NONE',  ( 9.932905682471186992, 2.500000000000000444, -1.156453502364700237 ) ) ;
#949 = EDGE_LOOP ( 'NONE', ( #4364, #5206, #6323 ) ) ;
#950 = DIRECTION ( 'NONE',  ( -0.9980606173047407159, 0.000000000000000000, -0.06224953160691333587 ) ) ;
#951 = DIRECTION ( 'NONE',  ( -0.000000000000000000, -1.000000000000000000, -0.000000000000000000 ) ) ;
#952 = CARTESIAN_POINT ( 'NONE',  ( 4.626103053009366306, 10.00001200000000168, 8.297540029607414880 ) ) ;
#953 = CIRCLE ( 'NONE', #6390, 0.5000000000000004441 ) ;
#954 = EDGE_CURVE ( 'NONE', #1879, #706, #6548, .T. ) ;
#955 = CARTESIAN_POINT ( 'NONE',  ( 9.848085864831427116, 2.147342056939914201, -0.3439080960747555871 ) ) ;
#956 = VERTEX_POINT ( 'NONE', #7182 ) ;
#957 = AXIS2_PLACEMENT_3D ( 'NONE', #240, #6867, #822 ) ;
#958 = FACE_OUTER_BOUND ( 'NONE', #236, .T. ) ;
#959 = EDGE_CURVE ( 'NONE', #2731, #3756, #4582, .T. ) ;
#960 = FACE_OUTER_BOUND ( 'NONE', #3931, .T. ) ;
#961 = ORIENTED_EDGE ( 'NONE', *, *, #4295, .T. ) ;
#962 = VERTEX_POINT ( 'NONE', #4035 ) ;
#963 = ORIENTED_EDGE ( 'NONE', *, *, #5360, .T. ) ;
#964 =( BOUNDED_SURFACE ( )  B_SPLINE_SURFACE ( 3, 2, ( 
 ( #5308, #1005, #2176 ),
 ( #6081, #7162, #3339 ),
 ( #1114, #3231, #2215 ),
 ( #5540, #20, #2252 ),
 ( #7092, #2134, #5396 ),
 ( #426, #5106, #1152 ),
 ( #3949, #6702, #2902 ),
 ( #1186, #1769, #6158 ),
 ( #6767, #3415, #6190 ),
 ( #681, #2362, #723 ),
 ( #609, #5025, #2869 ),
 ( #4015, #4489, #3383 ),
 ( #5065, #5140, #171 ),
 ( #5615, #2394, #1220 ),
 ( #2828, #2943, #136 ),
 ( #6224, #642, #3485 ),
 ( #1738, #96, #4588 ),
 ( #2332, #3448, #5647 ) ),
 .UNSPECIFIED., .F., .F., .T. ) 
 B_SPLINE_SURFACE_WITH_KNOTS ( ( 4, 2, 2, 2, 2, 2, 2, 2, 4 ),
 ( 3, 3 ),
 ( 5.421010862427522170E-20, 0.0003645422052340808496, 0.0007290844104681616991, 0.001093626615702242549, 0.001458168820936323398, 0.001822711026170404248, 0.002187253231404485097, 0.002551795436638565947, 0.002916337641872646796 ),
 ( 0.000000000000000000, 1.000000000000000000 ),
 .UNSPECIFIED. ) 
 GEOMETRIC_REPRESENTATION_ITEM ( )  RATIONAL_B_SPLINE_SURFACE ( (
 ( 1.000000000000000000, 0.9595359398070240076, 1.000000000000000000),
 ( 1.000000000000000000, 0.9595833763010026551, 1.000000000000000000),
 ( 1.000000000000000000, 0.9570685609626941037, 1.000000000000000000),
 ( 1.000000000000000000, 0.9488880332095168679, 1.000000000000000000),
 ( 1.000000000000000000, 0.9432547151588472900, 1.000000000000000000),
 ( 1.000000000000000000, 0.9321826025349357892, 1.000000000000000000),
 ( 1.000000000000000000, 0.9268523530654620979, 1.000000000000000000),
 ( 1.000000000000000000, 0.9192073681285429787, 1.000000000000000000),
 ( 1.000000000000000000, 0.9170514797510966876, 1.000000000000000000),
 ( 1.000000000000000000, 0.9170288608893719662, 1.000000000000000000),
 ( 1.000000000000000000, 0.9192260099104104798, 1.000000000000000000),
 ( 1.000000000000000000, 0.9267996068665648179, 1.000000000000000000),
 ( 1.000000000000000000, 0.9321812854749951249, 1.000000000000000000),
 ( 1.000000000000000000, 0.9432160661325561524, 1.000000000000000000),
 ( 1.000000000000000000, 0.9488445939139590335, 1.000000000000000000),
 ( 1.000000000000000000, 0.9570263305979455071, 1.000000000000000000),
 ( 1.000000000000000000, 0.9595878455022781583, 1.000000000000000000),
 ( 1.000000000000000000, 0.9595359398070241186, 1.000000000000000000) ) ) 
 REPRESENTATION_ITEM ( '' )  SURFACE ( )  );
#965 = CARTESIAN_POINT ( 'NONE',  ( 6.885828264191680148, 2.134320569920991950, -7.031412306681169788 ) ) ;
#966 = ORIENTED_EDGE ( 'NONE', *, *, #6336, .F. ) ;
#967 = CARTESIAN_POINT ( 'NONE',  ( -4.594978287206035183, 2.500000000000000444, 8.796570338259719790 ) ) ;
#968 = DIRECTION ( 'NONE',  ( 0.000000000000000000, 0.000000000000000000, 1.000000000000000000 ) ) ;
#969 = ORIENTED_EDGE ( 'NONE', *, *, #3349, .T. ) ;
#970 = CARTESIAN_POINT ( 'NONE',  ( -1.098630827246563912, 9.500000000000000000, -9.436260398347616984 ) ) ;
#971 = CARTESIAN_POINT ( 'NONE',  ( -2.777044024017509827, 2.257089604130837035, 9.606967333087624183 ) ) ;
#972 = CARTESIAN_POINT ( 'NONE',  ( 9.619363854055793084, 2.500000000000000000, -2.732734718790841288 ) ) ;
#973 = CARTESIAN_POINT ( 'NONE',  ( -5.895594408746999804, 9.500000000000000000, -7.449293024680335940 ) ) ;
#974 = CARTESIAN_POINT ( 'NONE',  ( -4.707037444963837025, 2.322848788353837790, -8.824244412177549179 ) ) ;
#975 = DIRECTION ( 'NONE',  ( -0.9716864685947455005, 0.000000000000000000, 0.2362740077746017520 ) ) ;
#976 = EDGE_LOOP ( 'NONE', ( #621, #2284, #7080, #1932 ) ) ;
#977 = CARTESIAN_POINT ( 'NONE',  ( 1.851523544721292325, 0.000000000000000000, -2.548403532281086736 ) ) ;
#978 = ADVANCED_FACE ( 'NONE', ( #2234 ), #5086, .F. ) ;
#979 = EDGE_CURVE ( 'NONE', #6296, #1428, #306, .T. ) ;
#980 = DIRECTION ( 'NONE',  ( -0.7622926637108773384, 0.000000000000000000, 0.6472324890273781772 ) ) ;
#981 = CARTESIAN_POINT ( 'NONE',  ( -9.419005646007493127, 1.827366529454478306, -3.361212337356681790 ) ) ;
#982 = FACE_OUTER_BOUND ( 'NONE', #846, .T. ) ;
#983 = EDGE_CURVE ( 'NONE', #1824, #2461, #891, .T. ) ;
#984 = CARTESIAN_POINT ( 'NONE',  ( 3.616353032451532723, 1.992695579455293187, -9.323898564490020746 ) ) ;
#985 = ORIENTED_EDGE ( 'NONE', *, *, #8, .F. ) ;
#986 = DIRECTION ( 'NONE',  ( 0.7622926637108774495, 0.000000000000000000, -0.6472324890273780662 ) ) ;
#987 = DIRECTION ( 'NONE',  ( 0.000000000000000000, 0.000000000000000000, 1.000000000000000000 ) ) ;
#988 = ORIENTED_EDGE ( 'NONE', *, *, #2182, .T. ) ;
#989 = AXIS2_PLACEMENT_3D ( 'NONE', #4710, #1924, #4639 ) ;
#990 = ORIENTED_EDGE ( 'NONE', *, *, #3901, .F. ) ;
#991 = ORIENTED_EDGE ( 'NONE', *, *, #3560, .T. ) ;
#992 = CARTESIAN_POINT ( 'NONE',  ( 6.205888918849603364, 2.377026804319450459, -7.841361025160090925 ) ) ;
#993 = VERTEX_POINT ( 'NONE', #6861 ) ;
#994 = CARTESIAN_POINT ( 'NONE',  ( -0.4983481647250183610, 1.827222682248296870, 9.988334991364574478 ) ) ;
#995 = CIRCLE ( 'NONE', #645, 0.4999999999999998890 ) ;
#996 = DIRECTION ( 'NONE',  ( -0.000000000000000000, 1.000000000000000000, -0.000000000000000000 ) ) ;
#997 = DIRECTION ( 'NONE',  ( 0.000000000000000000, 0.000000000000000000, 1.000000000000000000 ) ) ;
#998 = ORIENTED_EDGE ( 'NONE', *, *, #1648, .T. ) ;
#999 = CARTESIAN_POINT ( 'NONE',  ( -3.590100106537443381, 1.779716818039934534, 9.334189340898285892 ) ) ;
#1000 = CARTESIAN_POINT ( 'NONE',  ( 4.594978287205911727, 9.500000000000000000, 8.796570338259785515 ) ) ;
#1001 = CARTESIAN_POINT ( 'NONE',  ( 7.841361078610904478, 2.372020242595190620, -6.205888851312602483 ) ) ;
#1002 = CARTESIAN_POINT ( 'NONE',  ( -3.120821918168851017, 2.127032157860222039, -9.501588311015735755 ) ) ;
#1003 = CARTESIAN_POINT ( 'NONE',  ( 6.368549229222884911, 10.00001200000000168, 7.611508121969668750 ) ) ;
#1004 = FACE_OUTER_BOUND ( 'NONE', #296, .T. ) ;
#1005 = CARTESIAN_POINT ( 'NONE',  ( -1.010707579139243473, 2.500000000000000000, -9.949874371066197654 ) ) ;
#1006 = CARTESIAN_POINT ( 'NONE',  ( 9.138395661352950228, 9.500000000000000000, 2.596097982851488961 ) ) ;
#1007 = DIRECTION ( 'NONE',  ( 0.000000000000000000, 1.000000000000000000, 0.000000000000000000 ) ) ;
#1008 = CARTESIAN_POINT ( 'NONE',  ( 1.554148821017837800, 8.000000000000000000, -1.830433831214387297 ) ) ;
#1009 = LINE ( 'NONE', #3674, #4731 ) ;
#1010 = ADVANCED_FACE ( 'NONE', ( #6430 ), #872, .T. ) ;
#1011 = ADVANCED_FACE ( 'NONE', ( #3504 ), #1688, .T. ) ;
#1012 = CARTESIAN_POINT ( 'NONE',  ( -4.470479223992246176, 2.500000000000000444, 8.792691572869204109 ) ) ;
#1013 = ORIENTED_EDGE ( 'NONE', *, *, #2060, .T. ) ;
#1014 = CARTESIAN_POINT ( 'NONE',  ( -4.470479223992169793, 9.500000000000000000, -8.292691572869230754 ) ) ;
#1015 = ADVANCED_FACE ( 'NONE', ( #2562 ), #5779, .T. ) ;
#1016 = CIRCLE ( 'NONE', #4365, 2.000000000000000000 ) ;
#1017 = CARTESIAN_POINT ( 'NONE',  ( 6.667061058747115965, 2.048970607329140492, 7.454194763269683222 ) ) ;
#1018 = EDGE_CURVE ( 'NONE', #7107, #3818, #4105, .T. ) ;
#1019 = TOROIDAL_SURFACE ( 'NONE', #90, 2.500000000000000000, 0.5000000000000000000 ) ;
#1020 = AXIS2_PLACEMENT_3D ( 'NONE', #2952, #6854, #219 ) ;
#1021 = ORIENTED_EDGE ( 'NONE', *, *, #5048, .F. ) ;
#1022 = ORIENTED_EDGE ( 'NONE', *, *, #3871, .T. ) ;
#1023 = ORIENTED_EDGE ( 'NONE', *, *, #946, .F. ) ;
#1024 = CARTESIAN_POINT ( 'NONE',  ( -9.436260398347620537, 9.500000000000000000, 1.098630827246533492 ) ) ;
#1025 = VECTOR ( 'NONE', #3093, 1000.000000000000000 ) ;
#1026 = ORIENTED_EDGE ( 'NONE', *, *, #6036, .T. ) ;
#1027 = EDGE_CURVE ( 'NONE', #922, #16, #5746, .T. ) ;
#1028 = ORIENTED_EDGE ( 'NONE', *, *, #2039, .F. ) ;
#1029 = DIRECTION ( 'NONE',  ( 0.3244301945785795227, 0.000000000000000000, -0.9459096409518750193 ) ) ;
#1030 = AXIS2_PLACEMENT_3D ( 'NONE', #2257, #1702, #6709 ) ;
#1031 = DIRECTION ( 'NONE',  ( -0.8511160640214288087, 0.000000000000000000, 0.5249775667251612710 ) ) ;
#1032 = LINE ( 'NONE', #3755, #3607 ) ;
#1033 = TOROIDAL_SURFACE ( 'NONE', #6939, 2.500000000000000000, 0.5000000000000000000 ) ;
#1034 = CARTESIAN_POINT ( 'NONE',  ( -9.287931484318800557, 1.768641139221959202, -3.708174382605541108 ) ) ;
#1035 = ORIENTED_EDGE ( 'NONE', *, *, #4464, .T. ) ;
#1036 = CIRCLE ( 'NONE', #1030, 2.000000000000000000 ) ;
#1037 = CARTESIAN_POINT ( 'NONE',  ( -0.8133254559657883132, 2.343771222574625224, 9.880520895452910679 ) ) ;
#1038 = CARTESIAN_POINT ( 'NONE',  ( -0.1711160216314359939, 2.134289031220173438, -9.840962589317538090 ) ) ;
#1039 = CARTESIAN_POINT ( 'NONE',  ( 2.776607510986325966, 8.000000000000000000, -0.4397714266284734608 ) ) ;
#1040 = VECTOR ( 'NONE', #4322, 1000.000000000000000 ) ;
#1041 = CARTESIAN_POINT ( 'NONE',  ( -2.043718524445536477, 8.000000000000000000, -1.260587625341246021 ) ) ;
#1042 = ORIENTED_EDGE ( 'NONE', *, *, #2239, .T. ) ;
#1043 = CARTESIAN_POINT ( 'NONE',  ( -9.870053336883950479, 2.242932669926581912, -0.6742980716536993713 ) ) ;
#1044 = DIRECTION ( 'NONE',  ( 0.000000000000000000, 0.000000000000000000, 1.000000000000000000 ) ) ;
#1045 = AXIS2_PLACEMENT_3D ( 'NONE', #3048, #1364, #164 ) ;
#1046 = CARTESIAN_POINT ( 'NONE',  ( -3.361212337356648039, 1.827366529454479416, 9.419005646007503785 ) ) ;
#1047 = DIRECTION ( 'NONE',  ( 0.000000000000000000, 1.000000000000000000, -0.000000000000000000 ) ) ;
#1048 = DIRECTION ( 'NONE',  ( -0.7622926637108775605, 0.000000000000000000, -0.6472324890273779552 ) ) ;
#1049 = FACE_OUTER_BOUND ( 'NONE', #5241, .T. ) ;
#1050 = DIRECTION ( 'NONE',  ( 0.000000000000000000, -1.000000000000000000, 0.000000000000000000 ) ) ;
#1051 = ORIENTED_EDGE ( 'NONE', *, *, #5097, .F. ) ;
#1052 = FACE_OUTER_BOUND ( 'NONE', #615, .T. ) ;
#1053 = TOROIDAL_SURFACE ( 'NONE', #5922, 1.500000000000000000, 0.5000000000000000000 ) ;
#1054 = CARTESIAN_POINT ( 'NONE',  ( 6.459614026961942201, 2.279592747210350989, 7.505705356597047739 ) ) ;
#1055 = VECTOR ( 'NONE', #85, 1000.000000000000000 ) ;
#1056 = EDGE_LOOP ( 'NONE', ( #5629, #2839, #2194, #48 ) ) ;
#1057 = ORIENTED_EDGE ( 'NONE', *, *, #2081, .F. ) ;
#1058 = CARTESIAN_POINT ( 'NONE',  ( 7.716501220627695723, 2.059185488125318209, -6.360928075381012015 ) ) ;
#1059 = EDGE_CURVE ( 'NONE', #4324, #5413, #6449, .T. ) ;
#1060 = EDGE_LOOP ( 'NONE', ( #6466, #3456, #6292, #4250 ) ) ;
#1061 = AXIS2_PLACEMENT_3D ( 'NONE', #6823, #3503, #5298 ) ;
#1062 = VERTEX_POINT ( 'NONE', #6357 ) ;
#1063 = DIRECTION ( 'NONE',  ( 0.000000000000000000, 0.000000000000000000, 1.000000000000000000 ) ) ;
#1064 = CARTESIAN_POINT ( 'NONE',  ( -1.260587625341237805, 0.000000000000000000, -2.043718524445534701 ) ) ;
#1065 = CARTESIAN_POINT ( 'NONE',  ( -3.015212895619494571, 2.355680500407573152, -9.446973342847684307 ) ) ;
#1066 = ORIENTED_EDGE ( 'NONE', *, *, #5364, .T. ) ;
#1067 = ORIENTED_EDGE ( 'NONE', *, *, #801, .F. ) ;
#1068 = CARTESIAN_POINT ( 'NONE',  ( 10.00001269301925255, 1.768517871363070704, 0.1242363894205153474 ) ) ;
#1069 = CARTESIAN_POINT ( 'NONE',  ( 9.953906951267407877, 2.321832774718814996, 0.9711828485915513509 ) ) ;
#1070 = CARTESIAN_POINT ( 'NONE',  ( -2.923754083661753267, 2.059185488125317320, -9.563339329250549525 ) ) ;
#1071 = CARTESIAN_POINT ( 'NONE',  ( 9.529018551433923179, 2.181049877636648038, -3.035713346348793085 ) ) ;
#1072 = ORIENTED_EDGE ( 'NONE', *, *, #3613, .F. ) ;
#1073 = DIRECTION ( 'NONE',  ( 0.000000000000000000, 0.000000000000000000, 1.000000000000000000 ) ) ;
#1074 = DIRECTION ( 'NONE',  ( -0.8734252662744507179, 0.000000000000000000, -0.4869582161062741554 ) ) ;
#1075 = CARTESIAN_POINT ( 'NONE',  ( 0.5673463196692557498, 0.000000000000000000, 2.333234819276244210 ) ) ;
#1076 = DIRECTION ( 'NONE',  ( 0.000000000000000000, -1.000000000000000000, 0.000000000000000000 ) ) ;
#1077 = EDGE_CURVE ( 'NONE', #5812, #5473, #2993, .T. ) ;
#1078 = DIRECTION ( 'NONE',  ( -0.9980606173047419372, -3.469446951953618922E-15, 0.06224953160689260245 ) ) ;
#1079 = ADVANCED_FACE ( 'NONE', ( #3067 ), #964, .T. ) ;
#1080 = CARTESIAN_POINT ( 'NONE',  ( -9.619363854055755780, 2.371852820628068237, -2.732734718790983397 ) ) ;
#1081 = DIRECTION ( 'NONE',  ( 0.000000000000000000, -1.000000000000000000, -0.000000000000000000 ) ) ;
#1082 = DIRECTION ( 'NONE',  ( 0.6205888851312741927, 0.000000000000000000, -0.7841361078610793456 ) ) ;
#1083 = VERTEX_POINT ( 'NONE', #4553 ) ;
#1084 = CARTESIAN_POINT ( 'NONE',  ( -9.949874371066204759, 2.500000000000000888, 1.010707579139206613 ) ) ;
#1085 = CARTESIAN_POINT ( 'NONE',  ( -9.964867834866849350, 1.975531022569853468, -0.8451121621323159916 ) ) ;
#1086 = ORIENTED_EDGE ( 'NONE', *, *, #479, .F. ) ;
#1087 = PLANE ( 'NONE',  #7047 ) ;
#1088 = ORIENTED_EDGE ( 'NONE', *, *, #6908, .F. ) ;
#1089 = DIRECTION ( 'NONE',  ( 0.000000000000000000, 0.1736481776669273613, 0.9848077530122086864 ) ) ;
#1090 = CARTESIAN_POINT ( 'NONE',  ( 7.841361078610902702, 2.500000000000000444, -6.205888851312602483 ) ) ;
#1091 = DIRECTION ( 'NONE',  ( -0.000000000000000000, 1.000000000000000000, 0.000000000000000000 ) ) ;
#1092 = CARTESIAN_POINT ( 'NONE',  ( -6.450700701127878745, 2.181508697813368425, 7.642397253626222131 ) ) ;
#1093 = CIRCLE ( 'NONE', #5380, 2.000000000000000000 ) ;
#1094 = CARTESIAN_POINT ( 'NONE',  ( 5.095752233843723986E-17, 9.500000000000000000, -11.68192517863507618 ) ) ;
#1095 = EDGE_CURVE ( 'NONE', #5133, #5668, #60, .T. ) ;
#1096 = ORIENTED_EDGE ( 'NONE', *, *, #6036, .F. ) ;
#1097 = EDGE_CURVE ( 'NONE', #4882, #3356, #4347, .T. ) ;
#1098 = CARTESIAN_POINT ( 'NONE',  ( -1.260587625341245133, 8.000000000000000000, 2.043718524445536477 ) ) ;
#1099 = EDGE_LOOP ( 'NONE', ( #3649, #4087, #5721 ) ) ;
#1100 = EDGE_CURVE ( 'NONE', #6446, #70, #6669, .T. ) ;
#1101 = CARTESIAN_POINT ( 'NONE',  ( 9.932905682471186992, 2.371852820628066461, -1.156453502364701569 ) ) ;
#1102 = CARTESIAN_POINT ( 'NONE',  ( 4.707037444963767747, 2.322848788353865768, 8.824244412177586483 ) ) ;
#1103 = EDGE_CURVE ( 'NONE', #1988, #5094, #3080, .T. ) ;
#1104 = AXIS2_PLACEMENT_3D ( 'NONE', #1411, #1307, #3637 ) ;
#1105 = CARTESIAN_POINT ( 'NONE',  ( 9.964024948269875281, 1.981868317978698890, 0.8550121536354929885 ) ) ;
#1106 = DIRECTION ( 'NONE',  ( 0.000000000000000000, -1.000000000000000000, 0.000000000000000000 ) ) ;
#1107 = DIRECTION ( 'NONE',  ( 0.000000000000000000, 0.000000000000000000, 1.000000000000000000 ) ) ;
#1108 = AXIS2_PLACEMENT_3D ( 'NONE', #3566, #6881, #5763 ) ;
#1109 = ORIENTED_EDGE ( 'NONE', *, *, #2605, .F. ) ;
#1110 = CARTESIAN_POINT ( 'NONE',  ( 4.626103053009367194, 9.500000000000000000, 8.297540029607414880 ) ) ;
#1111 = DIRECTION ( 'NONE',  ( 0.000000000000000000, 0.000000000000000000, 1.000000000000000000 ) ) ;
#1112 = CARTESIAN_POINT ( 'NONE',  ( -8.840032644896206548, 2.279919447647872577, 4.462933545236227317 ) ) ;
#1113 = CARTESIAN_POINT ( 'NONE',  ( -8.297540029607333167, 10.00000000000000000, -4.626103053009511967 ) ) ;
#1114 = CARTESIAN_POINT ( 'NONE',  ( -0.8475496155052992808, 2.378544800989004226, -9.883093623299815889 ) ) ;
#1115 = CYLINDRICAL_SURFACE ( 'NONE', #5046, 2.000000000000000000 ) ;
#1116 = FACE_OUTER_BOUND ( 'NONE', #4351, .T. ) ;
#1117 = EDGE_CURVE ( 'NONE', #6599, #6564, #6891, .T. ) ;
#1118 = CARTESIAN_POINT ( 'NONE',  ( -9.619363854055755780, 9.500000000000000000, -2.732734718790980288 ) ) ;
#1119 = CARTESIAN_POINT ( 'NONE',  ( 9.469254802398170412, 2.438513403071537411, 2.970974267493266208 ) ) ;
#1120 = FACE_OUTER_BOUND ( 'NONE', #6086, .T. ) ;
#1121 = ORIENTED_EDGE ( 'NONE', *, *, #4828, .T. ) ;
#1122 = CARTESIAN_POINT ( 'NONE',  ( -9.963963684112146169, 1.982312691401848070, 0.8557725552098000010 ) ) ;
#1123 = AXIS2_PLACEMENT_3D ( 'NONE', #2356, #6837, #202 ) ;
#1124 = CARTESIAN_POINT ( 'NONE',  ( 6.320945485302035927, 2.409665417632336659, 7.750301799340267195 ) ) ;
#1125 = ORIENTED_EDGE ( 'NONE', *, *, #3270, .F. ) ;
#1126 = FACE_OUTER_BOUND ( 'NONE', #1979, .T. ) ;
#1128 = EDGE_LOOP ( 'NONE', ( #225, #2559, #5070, #5558 ) ) ;
#1127 = AXIS2_PLACEMENT_3D ( 'NONE', #7076, #6943, #4801 ) ;
#1129 = CARTESIAN_POINT ( 'NONE',  ( -6.205888851312687748, 9.500000000000000000, 7.841361078610836088 ) ) ;
#1130 = DIRECTION ( 'NONE',  ( -0.000000000000000000, 1.000000000000000000, -0.000000000000000000 ) ) ;
#1131 = ORIENTED_EDGE ( 'NONE', *, *, #2473, .T. ) ;
#1132 = CARTESIAN_POINT ( 'NONE',  ( -8.925099472239438114, 2.127336489724431345, 4.512470218131445776 ) ) ;
#1133 = DIRECTION ( 'NONE',  ( 0.000000000000000000, 1.000000000000000000, 0.000000000000000000 ) ) ;
#1134 = AXIS2_PLACEMENT_3D ( 'NONE', #6605, #6778, #6030 ) ;
#1135 = CARTESIAN_POINT ( 'NONE',  ( -6.720468549890211918, 2.147342056939914201, 7.206828043569158737 ) ) ;
#1136 = ORIENTED_EDGE ( 'NONE', *, *, #6429, .T. ) ;
#1137 = ORIENTED_EDGE ( 'NONE', *, *, #221, .T. ) ;
#1138 = AXIS2_PLACEMENT_3D ( 'NONE', #173, #2508, #1259 ) ;
#1139 = CARTESIAN_POINT ( 'NONE',  ( 9.997605050805097093, 1.779448407880937610, 0.2512047349437870336 ) ) ;
#1140 = ORIENTED_EDGE ( 'NONE', *, *, #3165, .F. ) ;
#1141 = EDGE_CURVE ( 'NONE', #1285, #6406, #1805, .T. ) ;
#1142 = CARTESIAN_POINT ( 'NONE',  ( -0.6735739733511522109, 2.242555917439471358, -9.869999213054430953 ) ) ;
#1143 = APPLICATION_CONTEXT ( 'automotive_design' ) ;
#1144 = CARTESIAN_POINT ( 'NONE',  ( -2.777795937255629788, 2.255681435097350640, -9.606750064360227270 ) ) ;
#1145 = AXIS2_PLACEMENT_3D ( 'NONE', #6345, #1373, #5261 ) ;
#1146 = CARTESIAN_POINT ( 'NONE',  ( 9.372453886955778302, 2.240934156756816620, -3.162415667432366906 ) ) ;
#1147 = AXIS2_PLACEMENT_3D ( 'NONE', #815, #273, #5205 ) ;
#1148 = ORIENTED_EDGE ( 'NONE', *, *, #718, .T. ) ;
#1149 = FACE_OUTER_BOUND ( 'NONE', #949, .T. ) ;
#1150 = DIRECTION ( 'NONE',  ( 0.000000000000000000, 0.000000000000000000, -1.000000000000000000 ) ) ;
#1151 = DIRECTION ( 'NONE',  ( -0.8982659121149859649, 0.000000000000000000, 0.4394523308986227894 ) ) ;
#1152 = CARTESIAN_POINT ( 'NONE',  ( -0.6290766711811237588, 1.867388762198102459, -9.980840721418797301 ) ) ;
#1153 = CARTESIAN_POINT ( 'NONE',  ( -8.260368511126747748, 10.00001200000000168, 8.260368511126719326 ) ) ;
#1154 = VECTOR ( 'NONE', #4836, 1000.000000000000000 ) ;
#1155 = CARTESIAN_POINT ( 'NONE',  ( -9.406617602938014855, 2.279919447647844155, -3.095076455295130646 ) ) ;
#1156 = CARTESIAN_POINT ( 'NONE',  ( 8.886370973163087328, 2.212953969771219054, 4.322187234833158698 ) ) ;
#1157 = DIRECTION ( 'NONE',  ( -0.07555769727474682951, 0.000000000000000000, -0.9971414314842893534 ) ) ;
#1158 = CIRCLE ( 'NONE', #1270, 2.000000000000000000 ) ;
#1159 = VERTEX_POINT ( 'NONE', #2413 ) ;
#1160 = EDGE_CURVE ( 'NONE', #3545, #5353, #2739, .T. ) ;
#1161 = CARTESIAN_POINT ( 'NONE',  ( -9.619363854055755780, 10.00000000000000000, -2.732734718790980288 ) ) ;
#1162 = VERTEX_POINT ( 'NONE', #810 ) ;
#1163 = CARTESIAN_POINT ( 'NONE',  ( -7.230240655841340569, 1.992695579455236787, -6.909176054700053804 ) ) ;
#1164 = ORIENTED_EDGE ( 'NONE', *, *, #4132, .F. ) ;
#1165 = CARTESIAN_POINT ( 'NONE',  ( -4.626103053009482657, 9.500000000000000000, 8.797540029607350931 ) ) ;
#1166 = CARTESIAN_POINT ( 'NONE',  ( 7.750301822741197277, 2.500000000000000444, -6.320945456729077705 ) ) ;
#1167 = EDGE_CURVE ( 'NONE', #6406, #3609, #5392, .T. ) ;
#1168 = EDGE_LOOP ( 'NONE', ( #2203, #2880, #407 ) ) ;
#1169 = DIRECTION ( 'NONE',  ( 0.000000000000000000, -1.000000000000000000, -0.000000000000000000 ) ) ;
#1170 = CARTESIAN_POINT ( 'NONE',  ( -9.015827962026206066, 2.139858412045573921, 3.955849480317362055 ) ) ;
#1171 = FACE_OUTER_BOUND ( 'NONE', #4592, .T. ) ;
#1172 = CARTESIAN_POINT ( 'NONE',  ( -3.511926249630080932, 2.144403737698096890, -9.201360193265378129 ) ) ;
#1173 = VERTEX_POINT ( 'NONE', #1423 ) ;
#1174 = CARTESIAN_POINT ( 'NONE',  ( -0.6191899973696586290, 1.863884028547774463, -9.981455889014993588 ) ) ;
#1175 = ORIENTED_EDGE ( 'NONE', *, *, #4782, .F. ) ;
#1176 = TOROIDAL_SURFACE ( 'NONE', #6037, 2.500000000000000000, 0.5000000000000000000 ) ;
#1177 = DIRECTION ( 'NONE',  ( 0.000000000000000000, 1.000000000000000000, 0.000000000000000000 ) ) ;
#1178 = CARTESIAN_POINT ( 'NONE',  ( 9.963963684112149721, 1.982312691401836746, -0.8557725552097447119 ) ) ;
#1179 = PRODUCT ( 'cap_\X2\9ed88ba4\X0\', 'cap_\X2\9ed88ba4\X0\', '', ( #1482 ) ) ;
#1180 = CARTESIAN_POINT ( 'NONE',  ( -2.970974249536470602, 2.438027874578151621, -9.469254822743781830 ) ) ;
#1181 = CARTESIAN_POINT ( 'NONE',  ( 9.406354823611808413, 2.279592747210337222, -3.095596099249381616 ) ) ;
#1182 = ORIENTED_EDGE ( 'NONE', *, *, #5257, .T. ) ;
#1183 = CARTESIAN_POINT ( 'NONE',  ( -5.895594408747053095, 10.00001200000000168, 7.449293024680295083 ) ) ;
#1184 = CARTESIAN_POINT ( 'NONE',  ( 8.297540029607301193, 9.500000000000000000, 4.626103053009570587 ) ) ;
#1185 = FACE_OUTER_BOUND ( 'NONE', #3904, .T. ) ;
#1186 = CARTESIAN_POINT ( 'NONE',  ( -0.2045203784392704838, 2.139858412045501979, -9.843376979806528482 ) ) ;
#1187 = DIRECTION ( 'NONE',  ( 0.000000000000000000, 0.000000000000000000, -1.000000000000000000 ) ) ;
#1188 = CARTESIAN_POINT ( 'NONE',  ( 0.000000000000000000, 10.00000000000000000, 0.000000000000000000 ) ) ;
#1189 = ADVANCED_FACE ( 'NONE', ( #2917 ), #6785, .T. ) ;
#1190 = EDGE_CURVE ( 'NONE', #408, #744, #4240, .T. ) ;
#1191 = FACE_OUTER_BOUND ( 'NONE', #6780, .T. ) ;
#1192 = EDGE_LOOP ( 'NONE', ( #1136, #2281, #2524, #263 ) ) ;
#1193 = CARTESIAN_POINT ( 'NONE',  ( 7.611508121969648322, 2.456298904871082378, -6.368549229222908892 ) ) ;
#1194 = DIRECTION ( 'NONE',  ( 0.000000000000000000, 1.000000000000000000, 0.000000000000000000 ) ) ;
#1195 = EDGE_CURVE ( 'NONE', #2298, #4980, #736, .T. ) ;
#1196 = EDGE_CURVE ( 'NONE', #2461, #4046, #5116, .T. ) ;
#1197 = LINE ( 'NONE', #2448, #3141 ) ;
#1198 = ORIENTED_EDGE ( 'NONE', *, *, #1543, .T. ) ;
#1199 = DIRECTION ( 'NONE',  ( 8.659560562354979697E-17, -0.7071067811865436870, 0.7071067811865513475 ) ) ;
#1200 = VERTEX_POINT ( 'NONE', #1272 ) ;
#1201 = FACE_OUTER_BOUND ( 'NONE', #6373, .T. ) ;
#1202 = LINE ( 'NONE', #5082, #3960 ) ;
#1203 = DIRECTION ( 'NONE',  ( 0.000000000000000000, 0.000000000000000000, 1.000000000000000000 ) ) ;
#1204 = CARTESIAN_POINT ( 'NONE',  ( -9.563339329250508669, 2.059185488125369279, 2.923754083661892711 ) ) ;
#1205 = LINE ( 'NONE', #1280, #6013 ) ;
#1206 = LINE ( 'NONE', #5453, #3490 ) ;
#1207 = ORIENTED_EDGE ( 'NONE', *, *, #6774, .T. ) ;
#1208 = VECTOR ( 'NONE', #1256, 1000.000000000000000 ) ;
#1209 = ORIENTED_EDGE ( 'NONE', *, *, #104, .F. ) ;
#1210 = DIRECTION ( 'NONE',  ( 0.000000000000000000, 1.000000000000000000, -0.000000000000000000 ) ) ;
#1211 = DIRECTION ( 'NONE',  ( 0.000000000000000000, 0.000000000000000000, 1.000000000000000000 ) ) ;
#1212 = CIRCLE ( 'NONE', #5274, 2.000000000000000000 ) ;
#1213 = SPHERICAL_SURFACE ( 'NONE', #911, 0.5000000000000000000 ) ;
#1214 = LINE ( 'NONE', #4443, #577 ) ;
#1215 = ORIENTED_EDGE ( 'NONE', *, *, #5553, .F. ) ;
#1216 = CARTESIAN_POINT ( 'NONE',  ( -6.710920482711959956, 1.827040335878403754, -7.414766135587745666 ) ) ;
#1217 = CIRCLE ( 'NONE', #2150, 2.500000000000000444 ) ;
#1218 = FACE_OUTER_BOUND ( 'NONE', #3920, .T. ) ;
#1219 = CARTESIAN_POINT ( 'NONE',  ( -7.449293024680316400, 9.500000000000000000, 5.895594408747026449 ) ) ;
#1220 = CARTESIAN_POINT ( 'NONE',  ( 0.8550121536353908480, 1.981868317978684457, -9.964024948269885940 ) ) ;
#1221 = CARTESIAN_POINT ( 'NONE',  ( -8.967023712798500412, 2.147145517465062436, -4.085870468678343137 ) ) ;
#1222 = CARTESIAN_POINT ( 'NONE',  ( 9.438170773037168004, 2.048945620300624437, 3.306919296390286256 ) ) ;
#1223 = VECTOR ( 'NONE', #2906, 1000.000000000000000 ) ;
#1224 = CIRCLE ( 'NONE', #646, 2.500000000000000444 ) ;
#1225 = DIRECTION ( 'NONE',  ( 0.000000000000000000, 1.000000000000000000, 0.000000000000000000 ) ) ;
#1226 = VERTEX_POINT ( 'NONE', #6238 ) ;
#1227 = CARTESIAN_POINT ( 'NONE',  ( 4.579470683571192247, 2.413741176464117455, 8.801702682749326101 ) ) ;
#1228 = CARTESIAN_POINT ( 'NONE',  ( -9.885393354405104915, 2.500000000000001332, -0.8789046617972864350 ) ) ;
#1229 = EDGE_CURVE ( 'NONE', #1291, #2006, #2483, .T. ) ;
#1230 = DIRECTION ( 'NONE',  ( -0.2362740077746035838, 0.000000000000000000, 0.9716864685947451674 ) ) ;
#1231 = ORIENTED_EDGE ( 'NONE', *, *, #440, .F. ) ;
#1232 = EDGE_CURVE ( 'NONE', #6363, #2152, #7160, .T. ) ;
#1233 = CARTESIAN_POINT ( 'NONE',  ( -7.611508069916984809, 2.438513403071566721, -6.368549247076125575 ) ) ;
#1234 = ORIENTED_EDGE ( 'NONE', *, *, #2127, .T. ) ;
#1235 = CARTESIAN_POINT ( 'NONE',  ( 1.830433831214388185, 8.000000000000000000, -1.554148821017838911 ) ) ;
#1236 = CARTESIAN_POINT ( 'NONE',  ( -8.758463274103183593, 2.249819565270343436, 4.826544448226547601 ) ) ;
#1237 = EDGE_CURVE ( 'NONE', #4502, #147, #6310, .T. ) ;
#1238 = CARTESIAN_POINT ( 'NONE',  ( -8.297540029607333167, 9.500000000000000000, -4.626103053009513744 ) ) ;
#1239 = AXIS2_PLACEMENT_3D ( 'NONE', #7153, #5459, #2713 ) ;
#1240 = CARTESIAN_POINT ( 'NONE',  ( 4.057814370325303344, 1.779361857681294845, 9.140544747021440486 ) ) ;
#1241 = ORIENTED_EDGE ( 'NONE', *, *, #1232, .T. ) ;
#1242 = CARTESIAN_POINT ( 'NONE',  ( -1.276266388579325284, 0.000000000000000000, -2.504813822048897354 ) ) ;
#1243 = VERTEX_POINT ( 'NONE', #6118 ) ;
#1244 = ORIENTED_EDGE ( 'NONE', *, *, #5277, .F. ) ;
#1245 = CARTESIAN_POINT ( 'NONE',  ( -8.817277085773847389, 2.343452233630470172, 4.532184927350107806 ) ) ;
#1246 = VERTEX_POINT ( 'NONE', #3839 ) ;
#1247 = AXIS2_PLACEMENT_3D ( 'NONE', #5214, #5793, #4084 ) ;
#1248 = DIRECTION ( 'NONE',  ( 0.000000000000000000, 0.000000000000000000, 1.000000000000000000 ) ) ;
#1249 = CARTESIAN_POINT ( 'NONE',  ( -6.368549229222990604, 9.500000000000000000, 7.611508121969579932 ) ) ;
#1250 = DIRECTION ( 'NONE',  ( 0.4869582161062485093, 0.000000000000000000, 0.8734252662744651508 ) ) ;
#1251 = AXIS2_PLACEMENT_3D ( 'NONE', #1954, #866, #6379 ) ;
#1252 = ORIENTED_EDGE ( 'NONE', *, *, #226, .F. ) ;
#1253 = COLOUR_RGB ( '',0.7921568627450980005, 0.8196078431372548767, 0.9333333333333333481 ) ;
#1254 = DIRECTION ( 'NONE',  ( 0.7497524964563330174, 0.000000000000000000, -0.6617183646064964675 ) ) ;
#1255 = DIRECTION ( 'NONE',  ( 0.1156453502364798158, 0.000000000000000000, -0.9932905682471177000 ) ) ;
#1256 = DIRECTION ( 'NONE',  ( 0.000000000000000000, -1.000000000000000000, 0.000000000000000000 ) ) ;
#1257 = CIRCLE ( 'NONE', #3806, 0.5000000000000004441 ) ;
#1258 = CARTESIAN_POINT ( 'NONE',  ( -9.469254843656210952, 2.500000000000000444, -2.970974231079603012 ) ) ;
#1259 = DIRECTION ( 'NONE',  ( 0.000000000000000000, 0.000000000000000000, -1.000000000000000000 ) ) ;
#1260 = CIRCLE ( 'NONE', #5659, 0.5000000000000000000 ) ;
#1261 = CARTESIAN_POINT ( 'NONE',  ( -7.756855835314287261E-16, 2.134289031220173438, -9.840962589317538090 ) ) ;
#1262 = ORIENTED_EDGE ( 'NONE', *, *, #5766, .F. ) ;
#1263 = CARTESIAN_POINT ( 'NONE',  ( 3.451496558927992897, 2.147145517465061548, 9.229789989832733355 ) ) ;
#1264 = DIRECTION ( 'NONE',  ( -0.8511160640214283646, 0.000000000000000000, 0.5249775667251619371 ) ) ;
#1265 = CIRCLE ( 'NONE', #109, 0.5000000000000001110 ) ;
#1266 = CARTESIAN_POINT ( 'NONE',  ( -6.837644484988246063, 2.134286657244864216, -7.079576935034952001 ) ) ;
#1267 = DIRECTION ( 'NONE',  ( 1.000000000000000000, -0.000000000000000000, 0.000000000000000000 ) ) ;
#1268 = AXIS2_PLACEMENT_3D ( 'NONE', #495, #2791, #4989 ) ;
#1269 = DIRECTION ( 'NONE',  ( -0.000000000000000000, -1.000000000000000000, -0.000000000000000000 ) ) ;
#1270 = AXIS2_PLACEMENT_3D ( 'NONE', #2641, #352, #4775 ) ;
#1271 = ORIENTED_EDGE ( 'NONE', *, *, #5902, .F. ) ;
#1272 = CARTESIAN_POINT ( 'NONE',  ( 1.987831504145222361, 8.000000000000000000, -1.987831504145223693 ) ) ;
#1273 = CARTESIAN_POINT ( 'NONE',  ( -6.508373931577565941, 2.240934156756781981, -7.448814233386200634 ) ) ;
#1274 = EDGE_LOOP ( 'NONE', ( #1131, #6918, #5477, #3252 ) ) ;
#1275 = DIRECTION ( 'NONE',  ( -0.000000000000000000, -1.000000000000000000, -0.000000000000000000 ) ) ;
#1276 = CARTESIAN_POINT ( 'NONE',  ( 2.596097982851462760, 9.500000000000000000, -9.138395661352957333 ) ) ;
#1277 = CARTESIAN_POINT ( 'NONE',  ( -9.418508755680717215, 1.827040335878402866, 3.362573923337216719 ) ) ;
#1278 = AXIS2_PLACEMENT_3D ( 'NONE', #4, #3935, #6143 ) ;
#1279 = CARTESIAN_POINT ( 'NONE',  ( -9.172514644783456461, 2.139924804626921695, 3.577627445399111483 ) ) ;
#1280 = CARTESIAN_POINT ( 'NONE',  ( -2.732734718790946093, 10.00000000000000000, 9.619363854055764662 ) ) ;
#1281 = PLANE ( 'NONE',  #4047 ) ;
#1282 = ORIENTED_EDGE ( 'NONE', *, *, #73, .T. ) ;
#1283 = CARTESIAN_POINT ( 'NONE',  ( -4.594978287205977452, 9.500000000000000000, -8.796570338259748212 ) ) ;
#1284 = VERTEX_POINT ( 'NONE', #2250 ) ;
#1285 = VERTEX_POINT ( 'NONE', #3229 ) ;
#1286 = EDGE_CURVE ( 'NONE', #2696, #3658, #6045, .T. ) ;
#1287 = ADVANCED_FACE ( 'NONE', ( #2213 ), #607, .T. ) ;
#1288 = CARTESIAN_POINT ( 'NONE',  ( -8.860921141133095702, 2.242561475665997506, 4.399397064220146092 ) ) ;
#1289 = CARTESIAN_POINT ( 'NONE',  ( 3.710106042531116977, 1.768515498480480730, 9.287160042897212975 ) ) ;
#1290 = EDGE_CURVE ( 'NONE', #491, #962, #3302, .T. ) ;
#1291 = VERTEX_POINT ( 'NONE', #3268 ) ;
#1292 = AXIS2_PLACEMENT_3D ( 'NONE', #5912, #951, #396 ) ;
#1293 = VECTOR ( 'NONE', #2901, 1000.000000000000000 ) ;
#1294 = DIRECTION ( 'NONE',  ( -0.000000000000000000, -1.000000000000000000, -0.000000000000000000 ) ) ;
#1295 = DIRECTION ( 'NONE',  ( 0.000000000000000000, 1.000000000000000000, 0.000000000000000000 ) ) ;
#1296 = CARTESIAN_POINT ( 'NONE',  ( 4.626103053009366306, 9.500000000000000000, 8.297540029607414880 ) ) ;
#1297 = ORIENTED_EDGE ( 'NONE', *, *, #262, .T. ) ;
#1298 = DIRECTION ( 'NONE',  ( 0.000000000000000000, -1.000000000000000000, 0.000000000000000000 ) ) ;
#1299 = LINE ( 'NONE', #2977, #1293 ) ;
#1300 = CARTESIAN_POINT ( 'NONE',  ( -9.461918427558083877, 2.413741176464117899, -2.985568878361603673 ) ) ;
#1301 = CARTESIAN_POINT ( 'NONE',  ( -2.732734718790946093, 9.500000000000000000, 9.619363854055764662 ) ) ;
#1302 = EDGE_CURVE ( 'NONE', #1868, #1489, #493, .T. ) ;
#1303 = CARTESIAN_POINT ( 'NONE',  ( 0.8630386382379379162, 2.414535957389702947, -9.884232040246999418 ) ) ;
#1304 = ORIENTED_EDGE ( 'NONE', *, *, #5504, .T. ) ;
#1305 = FACE_OUTER_BOUND ( 'NONE', #3684, .T. ) ;
#1306 = ADVANCED_FACE ( 'NONE', ( #4447 ), #3189, .T. ) ;
#1307 = DIRECTION ( 'NONE',  ( 0.000000000000000000, 1.000000000000000000, 0.000000000000000000 ) ) ;
#1308 = ADVANCED_FACE ( 'NONE', ( #4594 ), #2479, .T. ) ;
#1309 = DIRECTION ( 'NONE',  ( 0.000000000000000000, 0.000000000000000000, 1.000000000000000000 ) ) ;
#1310 = CARTESIAN_POINT ( 'NONE',  ( 9.932905682471163900, 9.500000000000000000, 1.156453502364911179 ) ) ;
#1311 = ORIENTED_EDGE ( 'NONE', *, *, #2801, .F. ) ;
#1312 = CARTESIAN_POINT ( 'NONE',  ( -6.205888851312687748, 2.500000000000000444, 7.841361078610836088 ) ) ;
#1313 = VERTEX_POINT ( 'NONE', #1413 ) ;
#1314 = DIRECTION ( 'NONE',  ( -0.000000000000000000, -1.000000000000000000, 0.000000000000000000 ) ) ;
#1315 = CYLINDRICAL_SURFACE ( 'NONE', #6742, 2.000000000000000000 ) ;
#1316 = CARTESIAN_POINT ( 'NONE',  ( -6.909176054700008507, 1.992695579455373567, 7.230240655841170927 ) ) ;
#1317 = LINE ( 'NONE', #3541, #927 ) ;
#1318 = ORIENTED_EDGE ( 'NONE', *, *, #5184, .F. ) ;
#1319 = EDGE_LOOP ( 'NONE', ( #4500, #2968 ) ) ;
#1320 = CARTESIAN_POINT ( 'NONE',  ( 2.596097982851268249, 9.500000000000000000, 9.138395661353012400 ) ) ;
#1321 = CARTESIAN_POINT ( 'NONE',  ( 3.408834636278082808, 2.024215165943759054, 9.401861085319831446 ) ) ;
#1322 = ORIENTED_EDGE ( 'NONE', *, *, #4496, .F. ) ;
#1323 = CARTESIAN_POINT ( 'NONE',  ( 0.2520522957981783385, 1.779556347367960090, -9.997582529451092270 ) ) ;
#1324 = EDGE_CURVE ( 'NONE', #4530, #3220, #4111, .T. ) ;
#1325 = CARTESIAN_POINT ( 'NONE',  ( 2.596097982851460539, 2.500000000000000444, -9.138395661352959110 ) ) ;
#1326 = ADVANCED_FACE ( 'NONE', ( #4711 ), #1852, .T. ) ;
#1327 = ADVANCED_BREP_SHAPE_REPRESENTATION ( 'cap_\X2\9ed88ba4\X0\', ( #2431, #1418 ), #4885 ) ;
#1328 = CARTESIAN_POINT ( 'NONE',  ( -2.548403532281084960, 8.000000000000000000, -1.851523544721290326 ) ) ;
#1329 = EDGE_CURVE ( 'NONE', #6296, #5527, #3878, .T. ) ;
#1330 = ORIENTED_EDGE ( 'NONE', *, *, #1100, .F. ) ;
#1331 = EDGE_CURVE ( 'NONE', #6424, #2385, #1964, .T. ) ;
#1332 = CARTESIAN_POINT ( 'NONE',  ( -4.626103053009482657, 10.00000000000000000, 8.297540029607349155 ) ) ;
#1333 = DIRECTION ( 'NONE',  ( 0.000000000000000000, 0.000000000000000000, -1.000000000000000000 ) ) ;
#1334 = CARTESIAN_POINT ( 'NONE',  ( 2.777795937255560510, 2.255681435097326659, 9.606750064360248587 ) ) ;
#1335 = AXIS2_PLACEMENT_3D ( 'NONE', #2307, #3427, #2375 ) ;
#1336 = CARTESIAN_POINT ( 'NONE',  ( -9.469254843656209175, 2.456216401094831525, -2.970974231079604344 ) ) ;
#1337 = CARTESIAN_POINT ( 'NONE',  ( 8.757196459659340348, 2.255681435097405263, 4.828799771687475761 ) ) ;
#1338 = AXIS2_PLACEMENT_3D ( 'NONE', #2512, #2368, #4060 ) ;
#1339 = CARTESIAN_POINT ( 'NONE',  ( 4.391979800034258474, 1.863989508453879784, -8.984615682879201870 ) ) ;
#1340 = ORIENTED_EDGE ( 'NONE', *, *, #5085, .F. ) ;
#1341 = CARTESIAN_POINT ( 'NONE',  ( 6.433069916092938101, 2.314666110110169761, -7.536565878395782292 ) ) ;
#1342 = CARTESIAN_POINT ( 'NONE',  ( 4.626103053009368082, 10.00000000000000000, 8.297540029607414880 ) ) ;
#1343 = ADVANCED_FACE ( 'NONE', ( #3531 ), #2912, .T. ) ;
#1344 = CARTESIAN_POINT ( 'NONE',  ( -7.536565878395802720, 2.314666110110171537, -6.433069916092911456 ) ) ;
#1345 = AXIS2_PLACEMENT_3D ( 'NONE', #1184, #6584, #1074 ) ;
#1346 = AXIS2_PLACEMENT_3D ( 'NONE', #5238, #301, #4609 ) ;
#1347 = CARTESIAN_POINT ( 'NONE',  ( -0.1263512459987051473, 1.768515498480492054, 10.00001319358364960 ) ) ;
#1348 = ORIENTED_EDGE ( 'NONE', *, *, #5691, .T. ) ;
#1349 = CIRCLE ( 'NONE', #1692, 0.4999999999999995559 ) ;
#1350 = DIRECTION ( 'NONE',  ( 0.000000000000000000, 1.000000000000000000, 0.000000000000000000 ) ) ;
#1351 = ORIENTED_EDGE ( 'NONE', *, *, #5320, .T. ) ;
#1352 = CARTESIAN_POINT ( 'NONE',  ( -4.626103053009432919, 2.500000000000000444, -8.297540029607377576 ) ) ;
#1353 = CARTESIAN_POINT ( 'NONE',  ( -4.470479223992169793, 2.500000000000000444, -9.292691572869232530 ) ) ;
#1354 = CARTESIAN_POINT ( 'NONE',  ( -6.667026640275255822, 2.048945620300676840, 7.454229574658495672 ) ) ;
#1355 = CARTESIAN_POINT ( 'NONE',  ( -8.260368511126690905, 10.00001200000000168, -8.260368511126776170 ) ) ;
#1356 = VERTEX_POINT ( 'NONE', #5115 ) ;
#1357 = ORIENTED_EDGE ( 'NONE', *, *, #6170, .F. ) ;
#1358 = CARTESIAN_POINT ( 'NONE',  ( 0.9124482025973557064, 0.000000000000000000, -2.221104420305846538 ) ) ;
#1359 = CARTESIAN_POINT ( 'NONE',  ( 3.023139038583046112, 1.981868317978685345, 9.532757696805481018 ) ) ;
#1360 = ORIENTED_EDGE ( 'NONE', *, *, #6598, .T. ) ;
#1361 = CARTESIAN_POINT ( 'NONE',  ( 10.79269157286925029, 10.00001200000000168, -4.470479223992127160 ) ) ;
#1362 = CIRCLE ( 'NONE', #430, 0.5000000000000004441 ) ;
#1363 = LINE ( 'NONE', #784, #7137 ) ;
#1364 = DIRECTION ( 'NONE',  ( -0.000000000000000000, -1.000000000000000000, -0.000000000000000000 ) ) ;
#1365 = ORIENTED_EDGE ( 'NONE', *, *, #6167, .F. ) ;
#1366 = LINE ( 'NONE', #5178, #7122 ) ;
#1367 = ADVANCED_FACE ( 'NONE', ( #3024 ), #144, .T. ) ;
#1368 = CIRCLE ( 'NONE', #5199, 10.00000000000000000 ) ;
#1369 = CARTESIAN_POINT ( 'NONE',  ( 0.9734035322810951074, 0.000000000000000000, -2.995828026329730776 ) ) ;
#1370 = CARTESIAN_POINT ( 'NONE',  ( -2.732734718790878148, 2.500000000000000000, -9.619363854055782426 ) ) ;
#1371 = LINE ( 'NONE', #834, #3337 ) ;
#1372 = CARTESIAN_POINT ( 'NONE',  ( 3.032018450179241764, 1.975903690497187837, -9.529937051748243348 ) ) ;
#1373 = DIRECTION ( 'NONE',  ( 0.000000000000000000, 1.000000000000000000, 0.000000000000000000 ) ) ;
#1374 = EDGE_CURVE ( 'NONE', #919, #5168, #7096, .T. ) ;
#1375 = DIRECTION ( 'NONE',  ( 0.000000000000000000, 1.000000000000000000, 0.000000000000000000 ) ) ;
#1376 = CARTESIAN_POINT ( 'NONE',  ( -1.830433831214388851, 8.000000000000000000, 1.554148821017839577 ) ) ;
#1377 = CARTESIAN_POINT ( 'NONE',  ( -5.095752233843723986E-17, 2.500000000000000444, 9.681925178635076179 ) ) ;
#1378 = CARTESIAN_POINT ( 'NONE',  ( -9.138395661352987531, 2.500000000000000000, 2.596097982851362396 ) ) ;
#1379 = AXIS2_PLACEMENT_3D ( 'NONE', #790, #250, #4668 ) ;
#1380 = ORIENTED_EDGE ( 'NONE', *, *, #3240, .T. ) ;
#1381 = CARTESIAN_POINT ( 'NONE',  ( -6.704975473565736976, 1.829075679051555658, -7.420172320006874322 ) ) ;
#1382 = CIRCLE ( 'NONE', #5326, 10.00000000000000000 ) ;
#1383 = ORIENTED_EDGE ( 'NONE', *, *, #3284, .F. ) ;
#1384 = DIRECTION ( 'NONE',  ( 0.000000000000000000, 0.000000000000000000, 1.000000000000000000 ) ) ;
#1385 = AXIS2_PLACEMENT_3D ( 'NONE', #3366, #5566, #1602 ) ;
#1386 = CARTESIAN_POINT ( 'NONE',  ( -2.596097982851332642, 10.00000000000000000, -9.138395661352994637 ) ) ;
#1387 = CARTESIAN_POINT ( 'NONE',  ( -1.098630827246567687, 2.500000000000000000, 9.436260398347616984 ) ) ;
#1388 = ORIENTED_EDGE ( 'NONE', *, *, #2911, .T. ) ;
#1389 = ORIENTED_EDGE ( 'NONE', *, *, #3702, .T. ) ;
#1390 = AXIS2_PLACEMENT_3D ( 'NONE', #6944, #1987, #3152 ) ;
#1391 = ADVANCED_FACE ( 'NONE', ( #6853 ), #5807, .T. ) ;
#1392 = CARTESIAN_POINT ( 'NONE',  ( 6.411475381604993196, 2.343771222574624780, 7.561691272055259816 ) ) ;
#1393 = EDGE_LOOP ( 'NONE', ( #6480, #6696, #5949, #1388 ) ) ;
#1394 = ADVANCED_FACE ( 'NONE', ( #1890 ), #6307, .T. ) ;
#1395 = DIRECTION ( 'NONE',  ( 0.000000000000000000, 0.000000000000000000, 1.000000000000000000 ) ) ;
#1396 = CARTESIAN_POINT ( 'NONE',  ( 2.970974231079432482, 2.500000000000000444, 9.469254843656262466 ) ) ;
#1397 = CARTESIAN_POINT ( 'NONE',  ( -7.841361078610859181, 9.500000000000000000, 6.205888851312658439 ) ) ;
#1398 = ORIENTED_EDGE ( 'NONE', *, *, #1417, .T. ) ;
#1399 = DIRECTION ( 'NONE',  ( 0.000000000000000000, 0.000000000000000000, 1.000000000000000000 ) ) ;
#1400 = CARTESIAN_POINT ( 'NONE',  ( 4.470479223992089857, 2.500000000000000444, 10.79269157286926628 ) ) ;
#1401 = AXIS2_PLACEMENT_3D ( 'NONE', #2471, #208, #3484 ) ;
#1402 = CARTESIAN_POINT ( 'NONE',  ( -4.741424089087808547, 2.409665417632412598, 8.805704254427787703 ) ) ;
#1403 = SPHERICAL_SURFACE ( 'NONE', #5323, 0.5000000000000000000 ) ;
#1404 = DIRECTION ( 'NONE',  ( 0.000000000000000000, 0.000000000000000000, 1.000000000000000000 ) ) ;
#1405 = LINE ( 'NONE', #360, #4610 ) ;
#1406 = DIRECTION ( 'NONE',  ( 0.000000000000000000, 1.000000000000000000, 0.000000000000000000 ) ) ;
#1407 = VECTOR ( 'NONE', #7139, 1000.000000000000000 ) ;
#1408 = CARTESIAN_POINT ( 'NONE',  ( 9.606051082930941121, 2.249819565270343880, 2.780286464852500306 ) ) ;
#1409 = ORIENTED_EDGE ( 'NONE', *, *, #2060, .F. ) ;
#1410 = CARTESIAN_POINT ( 'NONE',  ( 6.379225400237415577, 2.413741176464116567, -7.599145027578459555 ) ) ;
#1411 = CARTESIAN_POINT ( 'NONE',  ( 0.000000000000000000, 0.000000000000000000, 0.000000000000000000 ) ) ;
#1412 = AXIS2_PLACEMENT_3D ( 'NONE', #7038, #5826, #1939 ) ;
#1413 = CARTESIAN_POINT ( 'NONE',  ( -1.276266388579322841, 8.000000000000000000, 2.504813822048900018 ) ) ;
#1414 = LINE ( 'NONE', #4241, #5894 ) ;
#1415 = ADVANCED_FACE ( 'NONE', ( #4640 ), #6959, .T. ) ;
#1416 = CARTESIAN_POINT ( 'NONE',  ( 0.7534911753619846220, 2.127336489724479307, 9.972564319548931522 ) ) ;
#1417 = EDGE_CURVE ( 'NONE', #676, #5855, #3264, .T. ) ;
#1418 = AXIS2_PLACEMENT_3D ( 'NONE', #5703, #395, #2177 ) ;
#1419 = ORIENTED_EDGE ( 'NONE', *, *, #689, .F. ) ;
#1420 = EDGE_CURVE ( 'NONE', #147, #1438, #5921, .T. ) ;
#1421 = CARTESIAN_POINT ( 'NONE',  ( 3.022413074353933471, 1.982312691401769467, -9.532992089188491391 ) ) ;
#1422 = ORIENTED_EDGE ( 'NONE', *, *, #7168, .T. ) ;
#1423 = CARTESIAN_POINT ( 'NONE',  ( 2.732734718791013595, 9.500000000000000000, -9.619363854055745122 ) ) ;
#1424 = EDGE_CURVE ( 'NONE', #7178, #1779, #5432, .T. ) ;
#1425 =( BOUNDED_SURFACE ( )  B_SPLINE_SURFACE ( 3, 2, ( 
 ( #3955, #1084, #6712 ),
 ( #6745, #6088, #1665 ),
 ( #5590, #3422, #5113 ),
 ( #6052, #2835, #7173 ),
 ( #3310, #3391, #1122 ),
 ( #2761, #2223, #6198 ),
 ( #1745, #4420, #650 ),
 ( #6629, #3881, #142 ),
 ( #3988, #536, #4962 ),
 ( #105, #3922, #4457 ),
 ( #617, #6674, #4997 ),
 ( #2259, #5034, #5654 ),
 ( #1705, #690, #4379 ),
 ( #5551, #2910, #6595 ),
 ( #6168, #2875, #579 ),
 ( #2798, #27, #5072 ),
 ( #6129, #2340, #4531 ),
 ( #1228, #3453, #1628 ) ),
 .UNSPECIFIED., .F., .F., .T. ) 
 B_SPLINE_SURFACE_WITH_KNOTS ( ( 4, 2, 2, 2, 2, 2, 2, 2, 4 ),
 ( 3, 3 ),
 ( -2.710505431213761085E-20, 0.0003645422052340792233, 0.0007290844104681584465, 0.001093626615702237778, 0.001458168820936316893, 0.001822711026170396225, 0.002187253231404475556, 0.002551795436638554671, 0.002916337641872633786 ),
 ( 0.000000000000000000, 1.000000000000000000 ),
 .UNSPECIFIED. ) 
 GEOMETRIC_REPRESENTATION_ITEM ( )  RATIONAL_B_SPLINE_SURFACE ( (
 ( 1.000000000000000000, 0.9595359398070242296, 1.000000000000000000),
 ( 1.000000000000000000, 0.9595833763010016559, 1.000000000000000000),
 ( 1.000000000000000000, 0.9570685609626941037, 1.000000000000000000),
 ( 1.000000000000000000, 0.9488880332095164238, 1.000000000000000000),
 ( 1.000000000000000000, 0.9432547151588548395, 1.000000000000000000),
 ( 1.000000000000000000, 0.9321826025349284617, 1.000000000000000000),
 ( 1.000000000000000000, 0.9268523530654563247, 1.000000000000000000),
 ( 1.000000000000000000, 0.9192073681285491960, 1.000000000000000000),
 ( 1.000000000000000000, 0.9170514797510966876, 1.000000000000000000),
 ( 1.000000000000000000, 0.9170288608893719662, 1.000000000000000000),
 ( 1.000000000000000000, 0.9192260099103765070, 1.000000000000000000),
 ( 1.000000000000000000, 0.9267996068665983467, 1.000000000000000000),
 ( 1.000000000000000000, 0.9321812854750020083, 1.000000000000000000),
 ( 1.000000000000000000, 0.9432160661325494910, 1.000000000000000000),
 ( 1.000000000000000000, 0.9488445939139589225, 1.000000000000000000),
 ( 1.000000000000000000, 0.9570263305979453961, 1.000000000000000000),
 ( 1.000000000000000000, 0.9595878455022783804, 1.000000000000000000),
 ( 1.000000000000000000, 0.9595359398070243406, 1.000000000000000000) ) ) 
 REPRESENTATION_ITEM ( '' )  SURFACE ( )  );
#1426 = LINE ( 'NONE', #5309, #691 ) ;
#1427 = CARTESIAN_POINT ( 'NONE',  ( -2.596097982851333086, 9.500000000000000000, -9.138395661352994637 ) ) ;
#1428 = VERTEX_POINT ( 'NONE', #3199 ) ;
#1429 = ORIENTED_EDGE ( 'NONE', *, *, #277, .F. ) ;
#1430 = EDGE_LOOP ( 'NONE', ( #5927, #4219, #4604, #5988, #6882 ) ) ;
#1431 = DIRECTION ( 'NONE',  ( -0.000000000000000000, -1.000000000000000000, -0.000000000000000000 ) ) ;
#1432 = CARTESIAN_POINT ( 'NONE',  ( 7.079631448005746286, 2.134291405717182233, 6.837592653503893558 ) ) ;
#1433 = ORIENTED_EDGE ( 'NONE', *, *, #374, .T. ) ;
#1434 = ADVANCED_FACE ( 'NONE', ( #3671 ), #3232, .T. ) ;
#1435 = CARTESIAN_POINT ( 'NONE',  ( -4.532526391864117876, 2.343771222574625668, 8.817164848740146610 ) ) ;
#1436 = DIRECTION ( 'NONE',  ( 0.000000000000000000, -1.000000000000000000, 0.000000000000000000 ) ) ;
#1437 = CARTESIAN_POINT ( 'NONE',  ( -7.841361078610857405, 2.372020242595191508, 6.205888851312661103 ) ) ;
#1438 = VERTEX_POINT ( 'NONE', #461 ) ;
#1439 = CARTESIAN_POINT ( 'NONE',  ( 0.000000000000000000, 10.00000000000000000, 7.500000000000000000 ) ) ;
#1440 = CARTESIAN_POINT ( 'NONE',  ( -3.035051535613007001, 2.181508697813397735, 9.529230687413267731 ) ) ;
#1441 = DIRECTION ( 'NONE',  ( 0.000000000000000000, 1.000000000000000000, 0.000000000000000000 ) ) ;
#1442 = DIRECTION ( 'NONE',  ( -2.081668171172168513E-15, 0.000000000000000000, 1.000000000000000000 ) ) ;
#1443 = EDGE_CURVE ( 'NONE', #6638, #712, #1449, .T. ) ;
#1444 = CARTESIAN_POINT ( 'NONE',  ( 1.098630827246566799, 9.500000000000000000, -9.436260398347616984 ) ) ;
#1445 = LINE ( 'NONE', #1480, #2514 ) ;
#1446 = ORIENTED_EDGE ( 'NONE', *, *, #937, .T. ) ;
#1447 = CARTESIAN_POINT ( 'NONE',  ( -1.276266388579322841, 8.000000000000000000, 2.504813822048900018 ) ) ;
#1448 = CARTESIAN_POINT ( 'NONE',  ( -9.605768406060212428, 2.248135892564177674, 2.781258658605747947 ) ) ;
#1449 = LINE ( 'NONE', #875, #2800 ) ;
#1450 = DIRECTION ( 'NONE',  ( 0.000000000000000000, 1.000000000000000000, 0.000000000000000000 ) ) ;
#1451 = VECTOR ( 'NONE', #5934, 1000.000000000000000 ) ;
#1452 = CARTESIAN_POINT ( 'NONE',  ( -0.5565875801683264346, 2.048970607329061000, 9.985235750618226547 ) ) ;
#1453 = EDGE_LOOP ( 'NONE', ( #1351, #6181, #5055, #2018 ) ) ;
#1454 = CARTESIAN_POINT ( 'NONE',  ( 4.694895751422043517, 2.059185488125264474, -8.829708429580126250 ) ) ;
#1455 = VERTEX_POINT ( 'NONE', #4307 ) ;
#1456 = DIRECTION ( 'NONE',  ( 0.000000000000000000, 1.000000000000000000, 0.000000000000000000 ) ) ;
#1457 = AXIS2_PLACEMENT_3D ( 'NONE', #4607, #6822, #1859 ) ;
#1458 = EDGE_CURVE ( 'NONE', #1200, #1703, #4753, .T. ) ;
#1459 = LINE ( 'NONE', #3647, #2897 ) ;
#1460 = CIRCLE ( 'NONE', #63, 0.5000000000000004441 ) ;
#1461 = LINE ( 'NONE', #6935, #3131 ) ;
#1462 = ORIENTED_EDGE ( 'NONE', *, *, #2083, .T. ) ;
#1463 = ORIENTED_EDGE ( 'NONE', *, *, #1417, .F. ) ;
#1464 = ORIENTED_EDGE ( 'NONE', *, *, #3442, .T. ) ;
#1465 = ADVANCED_FACE ( 'NONE', ( #1580 ), #5109, .F. ) ;
#1466 = CARTESIAN_POINT ( 'NONE',  ( 6.205888851312739263, 2.500000000000000444, -7.841361078610794344 ) ) ;
#1467 = ORIENTED_EDGE ( 'NONE', *, *, #4556, .T. ) ;
#1468 = LINE ( 'NONE', #2639, #4498 ) ;
#1469 = CARTESIAN_POINT ( 'NONE',  ( 1.098630827246564134, 9.500000000000000000, 9.936260398347616984 ) ) ;
#1470 = LINE ( 'NONE', #5897, #2208 ) ;
#1471 = ORIENTED_EDGE ( 'NONE', *, *, #130, .T. ) ;
#1472 = DIRECTION ( 'NONE',  ( 0.000000000000000000, 1.000000000000000000, 0.000000000000000000 ) ) ;
#1473 = CARTESIAN_POINT ( 'NONE',  ( -0.9124482025973585930, 8.000000000000000000, 2.221104420305843430 ) ) ;
#1474 = FACE_OUTER_BOUND ( 'NONE', #3567, .T. ) ;
#1475 = AXIS2_PLACEMENT_3D ( 'NONE', #6234, #5152, #1891 ) ;
#1476 = DIRECTION ( 'NONE',  ( 0.000000000000000000, 1.000000000000000000, -0.000000000000000000 ) ) ;
#1477 = DIRECTION ( 'NONE',  ( 0.000000000000000000, 1.000000000000000000, 0.000000000000000000 ) ) ;
#1478 = DIRECTION ( 'NONE',  ( 0.000000000000000000, 1.000000000000000000, 0.000000000000000000 ) ) ;
#1479 = VECTOR ( 'NONE', #2207, 1000.000000000000000 ) ;
#1480 = CARTESIAN_POINT ( 'NONE',  ( 9.184850993605147944E-16, 10.00000000000000000, -7.500000000000000000 ) ) ;
#1481 = CARTESIAN_POINT ( 'NONE',  ( 2.043718524445536922, 0.000000000000000000, 1.260587625341248019 ) ) ;
#1482 = PRODUCT_CONTEXT ( 'NONE', #1751, 'mechanical' ) ;
#1483 = ADVANCED_FACE ( 'NONE', ( #6555 ), #2462, .F. ) ;
#1484 = DIRECTION ( 'NONE',  ( 0.000000000000000000, 1.000000000000000000, 0.000000000000000000 ) ) ;
#1485 = AXIS2_PLACEMENT_3D ( 'NONE', #3824, #3892, #1063 ) ;
#1486 = DIRECTION ( 'NONE',  ( 0.000000000000000000, 0.000000000000000000, 1.000000000000000000 ) ) ;
#1487 = CIRCLE ( 'NONE', #444, 2.500000000000000000 ) ;
#1488 = CARTESIAN_POINT ( 'NONE',  ( 4.237709641947890127, 2.024215165943705319, -9.058529816459541806 ) ) ;
#1489 = VERTEX_POINT ( 'NONE', #2135 ) ;
#1490 = TOROIDAL_SURFACE ( 'NONE', #5422, 2.500000000000000000, 0.5000000000000000000 ) ;
#1491 = CARTESIAN_POINT ( 'NONE',  ( -2.333234819276243766, 0.000000000000000000, 0.5673463196692546395 ) ) ;
#1492 = VECTOR ( 'NONE', #6687, 1000.000000000000000 ) ;
#1493 = CARTESIAN_POINT ( 'NONE',  ( 2.333234819276247318, 8.000000000000000000, 0.5673463196692628552 ) ) ;
#1494 = VECTOR ( 'NONE', #3994, 1000.000000000000000 ) ;
#1495 = ORIENTED_EDGE ( 'NONE', *, *, #168, .F. ) ;
#1496 = ORIENTED_EDGE ( 'NONE', *, *, #4953, .T. ) ;
#1497 = ORIENTED_EDGE ( 'NONE', *, *, #2127, .F. ) ;
#1498 = CARTESIAN_POINT ( 'NONE',  ( 6.667026640275466320, 2.048945620300758108, -7.454229574658343793 ) ) ;
#1499 = VERTEX_POINT ( 'NONE', #3096 ) ;
#1500 = CIRCLE ( 'NONE', #3816, 3.499999999999972022 ) ;
#1501 = CARTESIAN_POINT ( 'NONE',  ( -3.154773929212183248, 2.242561475665997506, 9.376460923696708250 ) ) ;
#1502 = CARTESIAN_POINT ( 'NONE',  ( -4.626103053009482657, 10.00000000000000000, 8.797540029607349155 ) ) ;
#1503 = DIRECTION ( 'NONE',  ( 1.734723475976806700E-15, 0.000000000000000000, 1.000000000000000000 ) ) ;
#1504 = ADVANCED_FACE ( 'NONE', ( #5299 ), #1517, .F. ) ;
#1505 = EDGE_CURVE ( 'NONE', #3205, #3147, #367, .T. ) ;
#1506 = CIRCLE ( 'NONE', #5562, 2.000000000000000000 ) ;
#1507 = ORIENTED_EDGE ( 'NONE', *, *, #479, .T. ) ;
#1508 = ADVANCED_FACE ( 'NONE', ( #5365 ), #590, .F. ) ;
#1509 = DIRECTION ( 'NONE',  ( 0.000000000000000000, 0.000000000000000000, 1.000000000000000000 ) ) ;
#1510 = CARTESIAN_POINT ( 'NONE',  ( -3.943572702702282218, 1.768515498480444093, 9.190454985892365869 ) ) ;
#1511 = EDGE_CURVE ( 'NONE', #6759, #6733, #4876, .T. ) ;
#1512 = DIRECTION ( 'NONE',  ( -1.258604051642406670E-15, 1.000000000000000000, 9.960970772803778582E-16 ) ) ;
#1513 = CARTESIAN_POINT ( 'NONE',  ( -3.306964416653640715, 2.048970607329166693, -9.438151782886569308 ) ) ;
#1514 = CARTESIAN_POINT ( 'NONE',  ( 9.619363854055736240, 2.500000000000000444, 2.732734718791043349 ) ) ;
#1515 = DIRECTION ( 'NONE',  ( 0.9971414314842893534, 0.000000000000000000, -0.07555769727474685726 ) ) ;
#1516 = DIRECTION ( 'NONE',  ( 0.000000000000000000, 1.000000000000000000, 0.000000000000000000 ) ) ;
#1517 = CONICAL_SURFACE ( 'NONE', #7066, 3.499999999999972022, 0.7853981633974537191 ) ;
#1518 = CARTESIAN_POINT ( 'NONE',  ( -4.626103053009427590, 9.500000000000000000, -8.297540029607379353 ) ) ;
#1519 = DIRECTION ( 'NONE',  ( 0.000000000000000000, 1.000000000000000000, 0.000000000000000000 ) ) ;
#1520 = CIRCLE ( 'NONE', #4765, 0.4999999999999995559 ) ;
#1521 = ORIENTED_EDGE ( 'NONE', *, *, #3690, .T. ) ;
#1522 = DIRECTION ( 'NONE',  ( 0.000000000000000000, 1.000000000000000000, 0.000000000000000000 ) ) ;
#1523 = ORIENTED_EDGE ( 'NONE', *, *, #485, .T. ) ;
#1524 = ADVANCED_FACE ( 'NONE', ( #2617 ), #5344, .T. ) ;
#1525 = CARTESIAN_POINT ( 'NONE',  ( 9.439657202977960182, 2.343771222574624336, -3.029696907789615423 ) ) ;
#1526 = CIRCLE ( 'NONE', #5239, 2.000000000000000000 ) ;
#1527 = CARTESIAN_POINT ( 'NONE',  ( -9.981420327383217383, 1.864094386502767930, 0.6197453836959060380 ) ) ;
#1528 = ORIENTED_EDGE ( 'NONE', *, *, #4516, .T. ) ;
#1529 = ORIENTED_EDGE ( 'NONE', *, *, #4824, .F. ) ;
#1530 = ORIENTED_EDGE ( 'NONE', *, *, #4824, .T. ) ;
#1531 = CARTESIAN_POINT ( 'NONE',  ( 7.455440619228371091, 2.242561475665996173, 6.502847312616826692 ) ) ;
#1532 = ORIENTED_EDGE ( 'NONE', *, *, #6487, .T. ) ;
#1533 = CARTESIAN_POINT ( 'NONE',  ( -9.138395661352966215, 10.00000000000000000, -2.596097982851433894 ) ) ;
#1534 = FACE_OUTER_BOUND ( 'NONE', #1708, .T. ) ;
#1535 = DIRECTION ( 'NONE',  ( 0.000000000000000000, 1.000000000000000000, 0.000000000000000000 ) ) ;
#1536 = ORIENTED_EDGE ( 'NONE', *, *, #5788, .T. ) ;
#1537 = CARTESIAN_POINT ( 'NONE',  ( 7.415746258786980682, 1.827366529454474531, 6.709852692988624412 ) ) ;
#1538 = CARTESIAN_POINT ( 'NONE',  ( -4.564612839430714608, 2.377840714399328093, 8.806614869402679346 ) ) ;
#1539 = ADVANCED_FACE ( 'NONE', ( #4273 ), #5026, .T. ) ;
#1540 = CARTESIAN_POINT ( 'NONE',  ( -6.205888851312631793, 2.500000000000000000, -7.841361078610879609 ) ) ;
#1541 = CARTESIAN_POINT ( 'NONE',  ( 8.297540029607301193, 9.500000000000000000, 4.626103053009571475 ) ) ;
#1542 = CARTESIAN_POINT ( 'NONE',  ( -3.313989850241888746, 2.183709232977768977, -9.297048667841320224 ) ) ;
#1543 = EDGE_CURVE ( 'NONE', #335, #5303, #575, .T. ) ;
#1544 = EDGE_CURVE ( 'NONE', #6361, #4575, #7167, .T. ) ;
#1545 = DIRECTION ( 'NONE',  ( 0.000000000000000000, 1.000000000000000000, -0.000000000000000000 ) ) ;
#1546 = DIRECTION ( 'NONE',  ( 0.000000000000000000, -1.000000000000000000, 0.000000000000000000 ) ) ;
#1547 = EDGE_CURVE ( 'NONE', #4319, #2014, #4449, .T. ) ;
#1548 = CARTESIAN_POINT ( 'NONE',  ( -7.449293024680314623, 10.00000000000000000, 5.895594408747027337 ) ) ;
#1549 = DIRECTION ( 'NONE',  ( -0.8734252662744614870, -6.060605255670402941E-15, 0.4869582161062553372 ) ) ;
#1550 = CARTESIAN_POINT ( 'NONE',  ( 9.863918724921026282, 2.212746796842759878, -0.5918070992132061781 ) ) ;
#1551 = ORIENTED_EDGE ( 'NONE', *, *, #3119, .F. ) ;
#1552 = EDGE_CURVE ( 'NONE', #4510, #4437, #6670, .T. ) ;
#1553 = CARTESIAN_POINT ( 'NONE',  ( -1.098630827246567243, 10.00000000000000000, 9.436260398347616984 ) ) ;
#1554 = AXIS2_PLACEMENT_3D ( 'NONE', #230, #1934, #737 ) ;
#1555 = CARTESIAN_POINT ( 'NONE',  ( 6.981733318280835654, 1.768515498480467629, 7.160420963995043131 ) ) ;
#1556 = ORIENTED_EDGE ( 'NONE', *, *, #7078, .F. ) ;
#1557 = VECTOR ( 'NONE', #5474, 1000.000000000000000 ) ;
#1558 = ORIENTED_EDGE ( 'NONE', *, *, #6246, .T. ) ;
#1559 = ORIENTED_EDGE ( 'NONE', *, *, #5050, .T. ) ;
#1560 = CARTESIAN_POINT ( 'NONE',  ( 7.321143966266329350, 2.183709232977745884, -6.619553888663412877 ) ) ;
#1561 = ORIENTED_EDGE ( 'NONE', *, *, #2801, .T. ) ;
#1562 = VERTEX_POINT ( 'NONE', #4916 ) ;
#1563 = CARTESIAN_POINT ( 'NONE',  ( -0.6199608086382174532, 1.864204402698735885, 9.981404220800481397 ) ) ;
#1564 = AXIS2_PLACEMENT_3D ( 'NONE', #721, #2360, #5219 ) ;
#1565 = CARTESIAN_POINT ( 'NONE',  ( 4.470479223992320783, 10.00001200000000168, -10.79269157286916858 ) ) ;
#1566 = FACE_OUTER_BOUND ( 'NONE', #6252, .T. ) ;
#1567 = CARTESIAN_POINT ( 'NONE',  ( -9.058529816459660822, 2.024215165943759942, -4.237709641947747130 ) ) ;
#1568 = B_SPLINE_CURVE_WITH_KNOTS ( 'NONE', 3,
 ( #463, #1080, #1581, #4918, #6084, #7024, #981, #5470, #2686, #2180, #7060, #4373, #3306, #3875, #6493, #4309, #2067, #3804 ),
 .UNSPECIFIED., .F., .F.,
 ( 4, 2, 2, 2, 2, 2, 2, 2, 4 ),
 ( 8.673617379884035472E-19, 0.0003765522689820478938, 0.0007531045379640949203, 0.001129656806946142001, 0.001506209075928188973, 0.001882761344910235946, 0.002259313613892283135, 0.002635865882874329890, 0.003012418151856377079 ),
 .UNSPECIFIED. ) ;
#1569 = ORIENTED_EDGE ( 'NONE', *, *, #2909, .T. ) ;
#1570 = CARTESIAN_POINT ( 'NONE',  ( 9.932905682471186992, 2.500000000000000444, -1.156453502364700237 ) ) ;
#1571 = CARTESIAN_POINT ( 'NONE',  ( -0.8789046617972543496, 2.456214797644922676, -9.885393354405106692 ) ) ;
#1572 = CARTESIAN_POINT ( 'NONE',  ( 6.205888851312740151, 2.371852820628066461, -7.841361078610794344 ) ) ;
#1573 = DIRECTION ( 'NONE',  ( 0.000000000000000000, 0.000000000000000000, 1.000000000000000000 ) ) ;
#1574 = CARTESIAN_POINT ( 'NONE',  ( 0.6290766711811378586, 1.867388762198089580, 9.980840721418797301 ) ) ;
#1575 = ORIENTED_EDGE ( 'NONE', *, *, #3134, .T. ) ;
#1576 = EDGE_CURVE ( 'NONE', #3963, #1869, #6488, .T. ) ;
#1577 = CARTESIAN_POINT ( 'NONE',  ( -9.880520895452910679, 2.343771222574625668, -0.8133254559658219529 ) ) ;
#1578 = CARTESIAN_POINT ( 'NONE',  ( -6.205888851312630905, 10.00000000000000000, -7.841361078610883162 ) ) ;
#1579 = CARTESIAN_POINT ( 'NONE',  ( 9.932905682471186992, 9.500000000000000000, -1.156453502364700237 ) ) ;
#1580 = FACE_OUTER_BOUND ( 'NONE', #1627, .T. ) ;
#1581 = CARTESIAN_POINT ( 'NONE',  ( -9.606051082930962437, 2.249819565270344768, -2.780286464852439909 ) ) ;
#1582 = CARTESIAN_POINT ( 'NONE',  ( 9.619363854055794860, 9.500000000000000000, -2.732734718790841733 ) ) ;
#1583 = AXIS2_PLACEMENT_3D ( 'NONE', #826, #4622, #4085 ) ;
#1584 = EDGE_CURVE ( 'NONE', #5413, #7045, #570, .T. ) ;
#1585 = CARTESIAN_POINT ( 'NONE',  ( 3.956182678658483720, 2.139924804626939459, -9.015711933060089223 ) ) ;
#1586 = ORIENTED_EDGE ( 'NONE', *, *, #2277, .F. ) ;
#1587 = CARTESIAN_POINT ( 'NONE',  ( 9.026369566624447671, 2.134291405717181789, -3.924093166778580333 ) ) ;
#1588 = FACE_OUTER_BOUND ( 'NONE', #4397, .T. ) ;
#1589 = VECTOR ( 'NONE', #6569, 1000.000000000000000 ) ;
#1590 = CARTESIAN_POINT ( 'NONE',  ( 6.619553888663380015, 2.183709232977793402, 7.321143966266294711 ) ) ;
#1591 = AXIS2_PLACEMENT_3D ( 'NONE', #3740, #5979, #5946 ) ;
#1592 = VECTOR ( 'NONE', #3710, 1000.000000000000000 ) ;
#1593 = ORIENTED_EDGE ( 'NONE', *, *, #4649, .F. ) ;
#1594 = ORIENTED_EDGE ( 'NONE', *, *, #6871, .F. ) ;
#1595 = EDGE_LOOP ( 'NONE', ( #3040, #4190, #5130, #5244 ) ) ;
#1596 = CARTESIAN_POINT ( 'NONE',  ( 7.650214500666125517, 1.981868317978750849, -6.441044717001012998 ) ) ;
#1597 = VECTOR ( 'NONE', #6792, 1000.000000000000000 ) ;
#1598 = VERTEX_POINT ( 'NONE', #2755 ) ;
#1599 = CARTESIAN_POINT ( 'NONE',  ( 5.095752233843723986E-17, 9.500000000000000000, -11.68192517863507618 ) ) ;
#1600 = CARTESIAN_POINT ( 'NONE',  ( 0.2501539172365443986, 1.779255717700187311, 9.997642733695162320 ) ) ;
#1601 = VECTOR ( 'NONE', #1977, 1000.000000000000000 ) ;
#1602 = DIRECTION ( 'NONE',  ( 0.000000000000000000, 0.000000000000000000, 1.000000000000000000 ) ) ;
#1603 = CARTESIAN_POINT ( 'NONE',  ( -7.455982384190883216, 2.242932669926582800, 6.502380906176221664 ) ) ;
#1604 = EDGE_CURVE ( 'NONE', #5749, #962, #6120, .T. ) ;
#1605 = ORIENTED_EDGE ( 'NONE', *, *, #5917, .T. ) ;
#1606 = CIRCLE ( 'NONE', #4741, 0.4999999999999995559 ) ;
#1607 = LINE ( 'NONE', #1098, #223 ) ;
#1608 = EDGE_LOOP ( 'NONE', ( #6008, #4076, #6601, #3817 ) ) ;
#1609 = EDGE_CURVE ( 'NONE', #5955, #1703, #643, .T. ) ;
#1610 = AXIS2_PLACEMENT_3D ( 'NONE', #312, #1436, #4257 ) ;
#1611 = EDGE_CURVE ( 'NONE', #2149, #5, #6592, .T. ) ;
#1612 = CARTESIAN_POINT ( 'NONE',  ( -0.8789046617972535724, 2.456298904871081934, 9.885393354405106692 ) ) ;
#1613 = CARTESIAN_POINT ( 'NONE',  ( 9.965382407647410901, 2.181049877636648482, 0.8419640990704068129 ) ) ;
#1614 = CARTESIAN_POINT ( 'NONE',  ( -2.970974231079501315, 2.500000000000000888, -9.469254843656241150 ) ) ;
#1615 = AXIS2_PLACEMENT_3D ( 'NONE', #1296, #5286, #1250 ) ;
#1616 = CARTESIAN_POINT ( 'NONE',  ( 9.579266317303774869, 2.409665417632331330, -2.873880065552944618 ) ) ;
#1617 = B_SPLINE_CURVE_WITH_KNOTS ( 'NONE', 3,
 ( #3725, #5931, #414, #3219, #5420, #1603, #6100, #4936, #593, #2852, #1135, #3290, #5484, #7145, #1756, #3367, #551, #4508 ),
 .UNSPECIFIED., .F., .F.,
 ( 4, 2, 2, 2, 2, 2, 2, 2, 4 ),
 ( 0.000000000000000000, 0.0001297744646122152182, 0.0002595489292244304363, 0.0005190978584488584874, 0.001038195716897715023, 0.001557293575346571342, 0.001816842504570999502, 0.001946616969183214340, 0.002076391433795429179 ),
 .UNSPECIFIED. ) ;
#1618 = ORIENTED_EDGE ( 'NONE', *, *, #5848, .F. ) ;
#1619 = DIRECTION ( 'NONE',  ( -1.401920620564769776E-15, 1.000000000000000000, -7.816086743456832033E-16 ) ) ;
#1620 = LINE ( 'NONE', #528, #5744 ) ;
#1621 = CARTESIAN_POINT ( 'NONE',  ( -9.436260398347611655, 9.500000000000000000, -1.098630827246599662 ) ) ;
#1622 = AXIS2_PLACEMENT_3D ( 'NONE', #2777, #1644, #4356 ) ;
#1623 = DIRECTION ( 'NONE',  ( 0.000000000000000000, 0.000000000000000000, -1.000000000000000000 ) ) ;
#1624 = CARTESIAN_POINT ( 'NONE',  ( 4.470479223992320783, 9.500000000000000000, -8.792691572869168581 ) ) ;
#1625 = CARTESIAN_POINT ( 'NONE',  ( 9.172361082845643665, 2.139858412045564151, 3.577945097074485492 ) ) ;
#1626 = SPHERICAL_SURFACE ( 'NONE', #106, 0.5000000000000000000 ) ;
#1627 = EDGE_LOOP ( 'NONE', ( #5797, #786, #6288 ) ) ;
#1628 = CARTESIAN_POINT ( 'NONE',  ( -9.932905682471171005, 2.500000000000001776, -1.156453502364840125 ) ) ;
#1629 = CIRCLE ( 'NONE', #5452, 0.5000000000000001110 ) ;
#1630 = EDGE_CURVE ( 'NONE', #919, #5168, #6714, .T. ) ;
#1631 = ADVANCED_FACE ( 'NONE', ( #4490 ), #1115, .F. ) ;
#1632 = CARTESIAN_POINT ( 'NONE',  ( 6.242692900426339619, 2.255681435097325771, 7.812463274735163665 ) ) ;
#1633 = EDGE_CURVE ( 'NONE', #4476, #6759, #2631, .T. ) ;
#1634 = TOROIDAL_SURFACE ( 'NONE', #4195, 1.500000000000000000, 0.5000000000000000000 ) ;
#1635 = EDGE_LOOP ( 'NONE', ( #158, #3178, #3808, #5708, #1896, #3682, #3528, #1446, #1182, #963, #2808, #2192, #7039, #4894, #5657, #1559, #1922, #1148, #3685, #6140, #4996, #2163, #1984, #2954, #6417, #416, #3796, #1693, #4692, #4922, #5517, #2114, #2803, #4378, #816, #988, #6764, #229, #1241, #4645 ) ) ;
#1636 = ADVANCED_FACE ( 'NONE', ( #6663 ), #610, .T. ) ;
#1637 = CARTESIAN_POINT ( 'NONE',  ( -7.454229574658424617, 2.048945620300625325, -6.667026640275223848 ) ) ;
#1638 = ORIENTED_EDGE ( 'NONE', *, *, #7078, .T. ) ;
#1639 = DIRECTION ( 'NONE',  ( 0.7841361078610840085, -3.513359530602672422E-15, 0.6205888851312685306 ) ) ;
#1640 = ORIENTED_EDGE ( 'NONE', *, *, #2039, .T. ) ;
#1641 = CARTESIAN_POINT ( 'NONE',  ( 1.156453502364807928, 2.371766070001682269, 9.932905682471176334 ) ) ;
#1642 = CARTESIAN_POINT ( 'NONE',  ( -9.421228362308985638, 1.829075679051567871, 3.355012593856991909 ) ) ;
#1643 = CARTESIAN_POINT ( 'NONE',  ( -6.242081368317809797, 2.257089604130862348, 7.812951749604227558 ) ) ;
#1644 = DIRECTION ( 'NONE',  ( 0.000000000000000000, 1.000000000000000000, 0.000000000000000000 ) ) ;
#1645 = VERTEX_POINT ( 'NONE', #1770 ) ;
#1646 = CARTESIAN_POINT ( 'NONE',  ( -8.863491263196692671, 2.240934156756786422, -4.391160136452707086 ) ) ;
#1647 = ORIENTED_EDGE ( 'NONE', *, *, #4746, .F. ) ;
#1648 = EDGE_CURVE ( 'NONE', #4980, #3851, #137, .T. ) ;
#1649 = CARTESIAN_POINT ( 'NONE',  ( -0.1710720760170511001, 2.134286657244864216, 9.840961641373077384 ) ) ;
#1650 =( BOUNDED_SURFACE ( )  B_SPLINE_SURFACE ( 3, 2, ( 
 ( #4329, #6986, #4233 ),
 ( #6486, #6953, #4844 ),
 ( #4203, #974, #4266 ),
 ( #909, #5907, #5873 ),
 ( #3125, #7052, #6415 ),
 ( #4811, #3794, #947 ),
 ( #3665, #5331, #391 ),
 ( #321, #4781, #2612 ),
 ( #2097, #361, #7087 ),
 ( #6545, #6004, #2544 ),
 ( #4302, #5426, #4745 ),
 ( #2026, #7019, #6517 ),
 ( #1542, #1513, #3760 ),
 ( #5969, #1002, #3226 ),
 ( #455, #4944, #1070 ),
 ( #6616, #3943, #1144 ),
 ( #1180, #4362, #3375 ),
 ( #1614, #2822, #88 ) ),
 .UNSPECIFIED., .F., .F., .T. ) 
 B_SPLINE_SURFACE_WITH_KNOTS ( ( 4, 2, 2, 2, 2, 2, 2, 2, 4 ),
 ( 3, 3 ),
 ( 0.000000000000000000, 0.0003645422052340795485, 0.0007290844104681590970, 0.001093626615702238646, 0.001458168820936318194, 0.001822711026170397743, 0.002187253231404477291, 0.002551795436638556840, 0.002916337641872636388 ),
 ( 0.000000000000000000, 1.000000000000000000 ),
 .UNSPECIFIED. ) 
 GEOMETRIC_REPRESENTATION_ITEM ( )  RATIONAL_B_SPLINE_SURFACE ( (
 ( 1.000000000000000000, 0.9595359398070240076, 1.000000000000000000),
 ( 1.000000000000000000, 0.9595833763010122031, 1.000000000000000000),
 ( 1.000000000000000000, 0.9570685609626806700, 1.000000000000000000),
 ( 1.000000000000000000, 0.9488880332095300796, 1.000000000000000000),
 ( 1.000000000000000000, 0.9432547151588688283, 1.000000000000000000),
 ( 1.000000000000000000, 0.9321826025349153610, 1.000000000000000000),
 ( 1.000000000000000000, 0.9268523530654622089, 1.000000000000000000),
 ( 1.000000000000000000, 0.9192073681285430897, 1.000000000000000000),
 ( 1.000000000000000000, 0.9170514797511436500, 1.000000000000000000),
 ( 1.000000000000000000, 0.9170288608893247817, 1.000000000000000000),
 ( 1.000000000000000000, 0.9192260099103564119, 1.000000000000000000),
 ( 1.000000000000000000, 0.9267996068666186638, 1.000000000000000000),
 ( 1.000000000000000000, 0.9321812854750221033, 1.000000000000000000),
 ( 1.000000000000000000, 0.9432160661325289519, 1.000000000000000000),
 ( 1.000000000000000000, 0.9488445939139790175, 1.000000000000000000),
 ( 1.000000000000000000, 0.9570263305979248569, 1.000000000000000000),
 ( 1.000000000000000000, 0.9595878455022934794, 1.000000000000000000),
 ( 1.000000000000000000, 0.9595359398070243406, 1.000000000000000000) ) ) 
 REPRESENTATION_ITEM ( '' )  SURFACE ( )  );
#1651 = CARTESIAN_POINT ( 'NONE',  ( 9.998077438046035326, 1.992695579455369570, -0.2270269566657992233 ) ) ;
#1652 = FACE_OUTER_BOUND ( 'NONE', #2390, .T. ) ;
#1653 = CARTESIAN_POINT ( 'NONE',  ( 8.840032644896245628, 2.279919447647848596, -4.462933545236052346 ) ) ;
#1654 = EDGE_LOOP ( 'NONE', ( #3472, #1137, #1686, #824 ) ) ;
#1655 = DIRECTION ( 'NONE',  ( 0.000000000000000000, 1.000000000000000000, 0.000000000000000000 ) ) ;
#1656 = DIRECTION ( 'NONE',  ( 1.000000000000000000, 0.000000000000000000, 0.000000000000000000 ) ) ;
#1657 = B_SPLINE_CURVE_WITH_KNOTS ( 'NONE', 3,
 ( #6525, #5304, #2033, #2595, #4242, #5367, #3204, #7097, #2557, #465, #955, #1550, #3172, #399, #3773, #6965, #2007, #2624 ),
 .UNSPECIFIED., .F., .F.,
 ( 4, 2, 2, 2, 2, 2, 2, 2, 4 ),
 ( 0.000000000000000000, 0.0001297744646122147303, 0.0002595489292244294605, 0.0005190978584488580537, 0.001038195716897715457, 0.001557293575346572643, 0.001816842504571001670, 0.001946616969183216292, 0.002076391433795430480 ),
 .UNSPECIFIED. ) ;
#1658 = DIRECTION ( 'NONE',  ( 0.3799932884734136818, 0.000000000000000000, -0.9249892435672758539 ) ) ;
#1659 = ADVANCED_FACE ( 'NONE', ( #3449 ), #649, .T. ) ;
#1660 = CARTESIAN_POINT ( 'NONE',  ( -3.247154115396662988, 1.864094386502771483, 9.458796236486634257 ) ) ;
#1661 = DIRECTION ( 'NONE',  ( 0.000000000000000000, 0.000000000000000000, -1.000000000000000000 ) ) ;
#1662 = FACE_OUTER_BOUND ( 'NONE', #3719, .T. ) ;
#1663 = CARTESIAN_POINT ( 'NONE',  ( 4.470479223992320783, 10.00000000000000000, -10.79269157286916858 ) ) ;
#1664 = ORIENTED_EDGE ( 'NONE', *, *, #1420, .T. ) ;
#1665 = CARTESIAN_POINT ( 'NONE',  ( -9.932905692431598155, 2.377026804319469555, 1.156453416813631341 ) ) ;
#1666 = CARTESIAN_POINT ( 'NONE',  ( 6.991427348825518528, 1.985975370094173131, 7.150722883170837818 ) ) ;
#1667 = ORIENTED_EDGE ( 'NONE', *, *, #1900, .F. ) ;
#1668 = CARTESIAN_POINT ( 'NONE',  ( 9.619363854055793084, 2.500000000000000000, -2.732734718790841288 ) ) ;
#1669 = VERTEX_POINT ( 'NONE', #287 ) ;
#1670 = EDGE_CURVE ( 'NONE', #5890, #345, #2920, .T. ) ;
#1671 = DIRECTION ( 'NONE',  ( -0.8982659121149837445, 3.895607413538950797E-16, 0.4394523308986271193 ) ) ;
#1672 = VECTOR ( 'NONE', #388, 1000.000000000000000 ) ;
#1673 = CARTESIAN_POINT ( 'NONE',  ( 0.1814307967061984106, 8.000000000000000000, -2.394357833393298662 ) ) ;
#1674 = ORIENTED_EDGE ( 'NONE', *, *, #5998, .F. ) ;
#1675 = DIRECTION ( 'NONE',  ( 0.000000000000000000, 0.000000000000000000, 1.000000000000000000 ) ) ;
#1676 = CARTESIAN_POINT ( 'NONE',  ( -8.829327179896832689, 2.059838893144255945, 4.695612462786846741 ) ) ;
#1677 = DIRECTION ( 'NONE',  ( 0.1156453502364700181, 4.307711168011546445E-15, 0.9932905682471189213 ) ) ;
#1678 = CARTESIAN_POINT ( 'NONE',  ( -9.461809159397537528, 1.867418461490289117, 3.238364770026650685 ) ) ;
#1679 = DIRECTION ( 'NONE',  ( 0.07555769727474682951, 0.000000000000000000, 0.9971414314842893534 ) ) ;
#1680 = AXIS2_PLACEMENT_3D ( 'NONE', #4647, #811, #3035 ) ;
#1681 = CARTESIAN_POINT ( 'NONE',  ( -4.137809424282858473, 2.165012420482257838, -8.949549429388666155 ) ) ;
#1682 = VERTEX_POINT ( 'NONE', #3594 ) ;
#1683 = DIRECTION ( 'NONE',  ( 0.8511160640214275874, 0.000000000000000000, 0.5249775667251631583 ) ) ;
#1684 = VERTEX_POINT ( 'NONE', #5760 ) ;
#1685 = CARTESIAN_POINT ( 'NONE',  ( 9.964867834866842244, 1.975531022569853912, 0.8451121621323847144 ) ) ;
#1686 = ORIENTED_EDGE ( 'NONE', *, *, #5361, .T. ) ;
#1687 = VECTOR ( 'NONE', #5500, 1000.000000000000000 ) ;
#1688 = TOROIDAL_SURFACE ( 'NONE', #1346, 2.500000000000000000, 0.5000000000000000000 ) ;
#1689 = CARTESIAN_POINT ( 'NONE',  ( 9.851765289569973660, 2.164715090713901002, -0.4025598189323920106 ) ) ;
#1690 = CARTESIAN_POINT ( 'NONE',  ( 1.554148821017839577, 8.000000000000000000, 1.830433831214388851 ) ) ;
#1691 = CARTESIAN_POINT ( 'NONE',  ( 9.401861085320028621, 2.024215165943731076, -3.408834636278092134 ) ) ;
#1692 = AXIS2_PLACEMENT_3D ( 'NONE', #2435, #6841, #4525 ) ;
#1693 = ORIENTED_EDGE ( 'NONE', *, *, #5623, .T. ) ;
#1694 = CARTESIAN_POINT ( 'NONE',  ( 1.851523544721292769, 8.000000000000000000, 2.548403532281084960 ) ) ;
#1695 = CARTESIAN_POINT ( 'NONE',  ( -1.851523544721287884, 8.000000000000000000, 2.548403532281085848 ) ) ;
#1696 = CARTESIAN_POINT ( 'NONE',  ( -8.756818408900279849, 2.257089604130861016, 4.829485086827505214 ) ) ;
#1697 = DIRECTION ( 'NONE',  ( 0.7841361078610770141, 0.000000000000000000, 0.6205888851312771903 ) ) ;
#1698 = EDGE_CURVE ( 'NONE', #2666, #6066, #715, .T. ) ;
#1699 = CARTESIAN_POINT ( 'NONE',  ( -3.032018450179178259, 1.975903690497191389, 9.529937051748259336 ) ) ;
#1700 = DIRECTION ( 'NONE',  ( 0.000000000000000000, 0.000000000000000000, 1.000000000000000000 ) ) ;
#1701 = CARTESIAN_POINT ( 'NONE',  ( 9.461831679522360261, 1.867388762198138874, 3.238311324277372893 ) ) ;
#1702 = DIRECTION ( 'NONE',  ( 0.000000000000000000, 1.000000000000000000, 0.000000000000000000 ) ) ;
#1703 = VERTEX_POINT ( 'NONE', #4704 ) ;
#1704 = ADVANCED_FACE ( 'NONE', ( #791 ), #3982, .T. ) ;
#1705 = CARTESIAN_POINT ( 'NONE',  ( -9.857561987693534533, 2.183709232977798287, -0.4960991014861428905 ) ) ;
#1706 = AXIS2_PLACEMENT_3D ( 'NONE', #1325, #1295, #3518 ) ;
#1707 = CARTESIAN_POINT ( 'NONE',  ( 6.519363922588278015, 2.127032157860248684, 7.584036123450829336 ) ) ;
#1708 = EDGE_LOOP ( 'NONE', ( #1057, #157, #2815, #6966 ) ) ;
#1709 = CARTESIAN_POINT ( 'NONE',  ( -7.382627187773138644, 2.024441704241419782, -6.746271253705794280 ) ) ;
#1711 = VERTEX_POINT ( 'NONE', #251 ) ;
#1710 = AXIS2_PLACEMENT_3D ( 'NONE', #6370, #6408, #5285 ) ;
#1712 = DIRECTION ( 'NONE',  ( 0.07555769727474785646, 0.000000000000000000, -0.9971414314842893534 ) ) ;
#1713 = CARTESIAN_POINT ( 'NONE',  ( 7.420172320006948041, 1.829075679051528125, -6.704975473565656152 ) ) ;
#1714 = EDGE_LOOP ( 'NONE', ( #1297, #881, #2671, #2931 ) ) ;
#1715 = DIRECTION ( 'NONE',  ( 0.000000000000000000, 0.000000000000000000, 1.000000000000000000 ) ) ;
#1716 = DIRECTION ( 'NONE',  ( 0.000000000000000000, 1.000000000000000000, 0.000000000000000000 ) ) ;
#1717 = CARTESIAN_POINT ( 'NONE',  ( -9.194972181005571343, 1.986052934431124628, 3.932605539365138902 ) ) ;
#1718 = VECTOR ( 'NONE', #2606, 1000.000000000000114 ) ;
#1719 = CARTESIAN_POINT ( 'NONE',  ( -6.389094439620915722, 2.378544800988999786, 7.587710600652862070 ) ) ;
#1720 = DIRECTION ( 'NONE',  ( 0.3799932884734135152, 0.000000000000000000, -0.9249892435672758539 ) ) ;
#1721 = ORIENTED_EDGE ( 'NONE', *, *, #3333, .F. ) ;
#1722 = CARTESIAN_POINT ( 'NONE',  ( -9.190454985892356987, 1.768515498480522474, -3.943572702702306199 ) ) ;
#1723 = ORIENTED_EDGE ( 'NONE', *, *, #6774, .F. ) ;
#1724 = VECTOR ( 'NONE', #498, 999.9999999999998863 ) ;
#1725 = DIRECTION ( 'NONE',  ( -0.8734252662744590445, 0.000000000000000000, 0.4869582161062593895 ) ) ;
#1726 = CARTESIAN_POINT ( 'NONE',  ( -0.8626121862519383621, 2.413738086801582305, -9.884200427301490066 ) ) ;
#1727 = DIRECTION ( 'NONE',  ( 0.000000000000000000, 0.000000000000000000, 1.000000000000000000 ) ) ;
#1728 = AXIS2_PLACEMENT_3D ( 'NONE', #4436, #5488, #4357 ) ;
#1729 = EDGE_CURVE ( 'NONE', #2046, #5889, #5968, .T. ) ;
#1730 = CARTESIAN_POINT ( 'NONE',  ( 9.334341087458863484, 1.779849606445571775, -3.589669876561290884 ) ) ;
#1731 = EDGE_CURVE ( 'NONE', #5714, #3511, #3486, .T. ) ;
#1732 = AXIS2_PLACEMENT_3D ( 'NONE', #4181, #5267, #186 ) ;
#1733 = ORIENTED_EDGE ( 'NONE', *, *, #1095, .T. ) ;
#1734 = CARTESIAN_POINT ( 'NONE',  ( 8.260368511126804592, 9.500000000000000000, -8.260368511126660707 ) ) ;
#1735 = EDGE_CURVE ( 'NONE', #5353, #16, #1820, .T. ) ;
#1736 = DIRECTION ( 'NONE',  ( 0.000000000000000000, 1.000000000000000000, -0.000000000000000000 ) ) ;
#1737 = CARTESIAN_POINT ( 'NONE',  ( 9.138395661353003518, 9.500000000000000000, -2.596097982851298891 ) ) ;
#1738 = CARTESIAN_POINT ( 'NONE',  ( 0.8789046367422000960, 2.438027874578144960, -9.885393342147601459 ) ) ;
#1739 = CARTESIAN_POINT ( 'NONE',  ( 4.626103053009366306, 2.500000000000000444, 8.297540029607414880 ) ) ;
#1740 = AXIS2_PLACEMENT_3D ( 'NONE', #7032, #4284, #3068 ) ;
#1741 = CARTESIAN_POINT ( 'NONE',  ( 9.455131112420836814, 2.378544800988994901, 2.999062447596782199 ) ) ;
#1742 = CIRCLE ( 'NONE', #1615, 0.4999999999999998335 ) ;
#1743 = ORIENTED_EDGE ( 'NONE', *, *, #3565, .F. ) ;
#1744 = CARTESIAN_POINT ( 'NONE',  ( 7.599467116825892710, 2.414533010808959990, -6.378947770805442730 ) ) ;
#1745 = CARTESIAN_POINT ( 'NONE',  ( -9.851765289569891948, 2.164715090713980938, 0.4025598189324449128 ) ) ;
#1746 = LINE ( 'NONE', #146, #4179 ) ;
#1747 = ORIENTED_EDGE ( 'NONE', *, *, #3765, .T. ) ;
#1748 = CARTESIAN_POINT ( 'NONE',  ( 9.605768406060231968, 2.248135892564180782, -2.781258658605682221 ) ) ;
#1749 = ORIENTED_EDGE ( 'NONE', *, *, #6838, .T. ) ;
#1750 = DIRECTION ( 'NONE',  ( 0.000000000000000000, 1.000000000000000000, 0.000000000000000000 ) ) ;
#1751 = APPLICATION_CONTEXT ( 'automotive_design' ) ;
#1752 = DIRECTION ( 'NONE',  ( 0.3799932884734122385, 0.000000000000000000, 0.9249892435672764091 ) ) ;
#1753 = CARTESIAN_POINT ( 'NONE',  ( -9.033499448847502222, 1.829430187479148540, 4.290897008129089585 ) ) ;
#1754 = CARTESIAN_POINT ( 'NONE',  ( -7.750301822741153757, 2.500000000000000444, 6.320945456729134548 ) ) ;
#1755 = AXIS2_PLACEMENT_3D ( 'NONE', #4335, #950, #4750 ) ;
#1756 = CARTESIAN_POINT ( 'NONE',  ( -6.411709747915550039, 2.343452233630471948, 7.561418751232916513 ) ) ;
#1757 = ORIENTED_EDGE ( 'NONE', *, *, #4949, .F. ) ;
#1758 = CARTESIAN_POINT ( 'NONE',  ( 9.436260398347604550, 2.500000000000000000, 1.098630827246665165 ) ) ;
#1759 = ORIENTED_EDGE ( 'NONE', *, *, #6249, .F. ) ;
#1760 = AXIS2_PLACEMENT_3D ( 'NONE', #3547, #6256, #6760 ) ;
#1761 = DIRECTION ( 'NONE',  ( -0.000000000000000000, -1.000000000000000000, -0.000000000000000000 ) ) ;
#1762 = CYLINDRICAL_SURFACE ( 'NONE', #2539, 2.000000000000000000 ) ;
#1763 = CARTESIAN_POINT ( 'NONE',  ( 0.000000000000000000, 9.500000000000000000, 0.000000000000000000 ) ) ;
#1764 = CARTESIAN_POINT ( 'NONE',  ( 9.454885785705636536, 2.377840714399256594, -2.999548401200171188 ) ) ;
#1765 = ORIENTED_EDGE ( 'NONE', *, *, #5377, .T. ) ;
#1766 = DIRECTION ( 'NONE',  ( 0.9459096409518791271, 0.000000000000000000, -0.3244301945785676433 ) ) ;
#1767 = EDGE_CURVE ( 'NONE', #5094, #4831, #907, .T. ) ;
#1768 = DIRECTION ( 'NONE',  ( 0.000000000000000000, -1.000000000000000000, 0.000000000000000000 ) ) ;
#1769 = CARTESIAN_POINT ( 'NONE',  ( -0.2270269566659302296, 1.992695579455239896, -9.998077438046244936 ) ) ;
#1770 = CARTESIAN_POINT ( 'NONE',  ( 7.611508121969512430, 2.500000000000000444, 6.368549229223070540 ) ) ;
#1771 = CARTESIAN_POINT ( 'NONE',  ( -5.895594408747051318, 9.500000000000000000, 7.449293024680295083 ) ) ;
#1772 = EDGE_CURVE ( 'NONE', #6759, #2609, #5150, .T. ) ;
#1773 = LINE ( 'NONE', #3986, #6368 ) ;
#1774 = VERTEX_POINT ( 'NONE', #6515 ) ;
#1775 = CARTESIAN_POINT ( 'NONE',  ( 6.720468549890259879, 2.147342056939914201, -7.206828043569111664 ) ) ;
#1776 = EDGE_CURVE ( 'NONE', #6783, #5588, #6223, .T. ) ;
#1777 = DIRECTION ( 'NONE',  ( 0.000000000000000000, -0.000000000000000000, 1.000000000000000000 ) ) ;
#1778 = LINE ( 'NONE', #4599, #2785 ) ;
#1779 = VERTEX_POINT ( 'NONE', #6913 ) ;
#1780 = CARTESIAN_POINT ( 'NONE',  ( -7.152017281988618080, 1.986052934431309813, -6.990103614099453466 ) ) ;
#1781 = EDGE_LOOP ( 'NONE', ( #5747, #35, #1664, #3546 ) ) ;
#1782 = LINE ( 'NONE', #3996, #3877 ) ;
#1783 = CARTESIAN_POINT ( 'NONE',  ( -9.190461521628838781, 1.768638744481566327, 3.943489008538272333 ) ) ;
#1784 = CARTESIAN_POINT ( 'NONE',  ( -8.863313405234825026, 2.241156341101731897, 4.391695231003182265 ) ) ;
#1785 = AXIS2_PLACEMENT_3D ( 'NONE', #6984, #2095, #3190 ) ;
#1786 = CARTESIAN_POINT ( 'NONE',  ( -7.030215759954817401, 2.134257748930215470, 6.886989335207050367 ) ) ;
#1787 = CARTESIAN_POINT ( 'NONE',  ( 6.368549229223043895, 9.500000000000000000, -7.611508121969533747 ) ) ;
#1788 = ORIENTED_EDGE ( 'NONE', *, *, #4953, .F. ) ;
#1789 = CARTESIAN_POINT ( 'NONE',  ( 0.000000000000000000, 10.00000000000000000, 0.000000000000000000 ) ) ;
#1790 = ORIENTED_EDGE ( 'NONE', *, *, #3666, .F. ) ;
#1791 = CARTESIAN_POINT ( 'NONE',  ( -9.469254843656235821, 2.456298904871081490, 2.970974231079531513 ) ) ;
#1792 = CARTESIAN_POINT ( 'NONE',  ( 0.000000000000000000, 9.500000000000000000, 0.000000000000000000 ) ) ;
#1793 = ORIENTED_EDGE ( 'NONE', *, *, #5185, .F. ) ;
#1794 = DIRECTION ( 'NONE',  ( 8.881784197001252323E-15, 0.000000000000000000, 1.000000000000000000 ) ) ;
#1795 = CIRCLE ( 'NONE', #5734, 2.000000000000000000 ) ;
#1796 = CARTESIAN_POINT ( 'NONE',  ( 9.436260398347627643, 2.500000000000000444, -1.098630827246465103 ) ) ;
#1797 = DIRECTION ( 'NONE',  ( -0.9459096409518821247, 0.000000000000000000, 0.3244301945785588170 ) ) ;
#1798 = ORIENTED_EDGE ( 'NONE', *, *, #3159, .T. ) ;
#1799 = CARTESIAN_POINT ( 'NONE',  ( -9.436260398347613432, 10.00000000000000000, -1.098630827246600772 ) ) ;
#1800 = LINE ( 'NONE', #6842, #6268 ) ;
#1801 = CARTESIAN_POINT ( 'NONE',  ( -4.594978287206035183, 10.00001200000000168, 8.796570338259719790 ) ) ;
#1802 = CARTESIAN_POINT ( 'NONE',  ( -9.157360018292973081, 2.134291405717182677, -3.607854241819043573 ) ) ;
#1803 = DIRECTION ( 'NONE',  ( 0.000000000000000000, 1.000000000000000000, 0.000000000000000000 ) ) ;
#1804 = VECTOR ( 'NONE', #5428, 1000.000000000000000 ) ;
#1805 = CIRCLE ( 'NONE', #5868, 9.500000000000000000 ) ;
#1806 = FACE_OUTER_BOUND ( 'NONE', #4708, .T. ) ;
#1807 = EDGE_LOOP ( 'NONE', ( #4387, #5445, #1271, #6796 ) ) ;
#1808 = DIRECTION ( 'NONE',  ( 0.5249775667251619371, 0.000000000000000000, 0.8511160640214283646 ) ) ;
#1809 = CARTESIAN_POINT ( 'NONE',  ( -6.720854740644905512, 2.147145517465060660, -7.206383511017103949 ) ) ;
#1810 = CARTESIAN_POINT ( 'NONE',  ( 0.6191899973696596282, 1.863884028547774463, 9.981455889014991811 ) ) ;
#1811 = DIRECTION ( 'NONE',  ( 0.000000000000000000, -1.000000000000000000, 0.000000000000000000 ) ) ;
#1812 = EDGE_CURVE ( 'NONE', #237, #3411, #5834, .T. ) ;
#1813 = ORIENTED_EDGE ( 'NONE', *, *, #2710, .F. ) ;
#1814 = ADVANCED_FACE ( 'NONE', ( #2677 ), #865, .T. ) ;
#1815 = CARTESIAN_POINT ( 'NONE',  ( -6.682430624000237351, 2.164537838121649127, -7.249987813959714700 ) ) ;
#1816 = ORIENTED_EDGE ( 'NONE', *, *, #3815, .F. ) ;
#1817 = DIRECTION ( 'NONE',  ( -1.734723475976807094E-15, 0.000000000000000000, 1.000000000000000000 ) ) ;
#1818 = DIRECTION ( 'NONE',  ( -0.000000000000000000, 1.000000000000000000, 0.000000000000000000 ) ) ;
#1819 = DIRECTION ( 'NONE',  ( 0.8511160640214283646, 0.000000000000000000, -0.5249775667251619371 ) ) ;
#1820 = B_SPLINE_CURVE_WITH_KNOTS ( 'NONE', 3,
 ( #2472, #4055, #4633, #2439, #1884, #6266, #5800, #3524, #5725, #757, #2978, #6300, #5221, #6879, #1914, #4130, #6337, #1370 ),
 .UNSPECIFIED., .F., .F.,
 ( 4, 2, 2, 2, 2, 2, 2, 2, 4 ),
 ( 1.301042606982605321E-18, 0.0003765522689820506043, 0.0007531045379640999076, 0.001129656806946149157, 0.001506209075928198514, 0.001882761344910247872, 0.002259313613892297012, 0.002635865882874346370, 0.003012418151856395727 ),
 .UNSPECIFIED. ) ;
#1821 = CARTESIAN_POINT ( 'NONE',  ( -7.641948001533044099, 2.181049877636540124, 6.451230953596338580 ) ) ;
#1822 = AXIS2_PLACEMENT_3D ( 'NONE', #6184, #244, #673 ) ;
#1823 = DIRECTION ( 'NONE',  ( -0.000000000000000000, -1.000000000000000000, -0.000000000000000000 ) ) ;
#1824 = VERTEX_POINT ( 'NONE', #972 ) ;
#1825 = DIRECTION ( 'NONE',  ( 0.000000000000000000, 1.000000000000000000, 0.000000000000000000 ) ) ;
#1826 = ORIENTED_EDGE ( 'NONE', *, *, #4025, .F. ) ;
#1827 = ORIENTED_EDGE ( 'NONE', *, *, #4165, .T. ) ;
#1828 = DIRECTION ( 'NONE',  ( 0.000000000000000000, 0.000000000000000000, 1.000000000000000000 ) ) ;
#1829 = CARTESIAN_POINT ( 'NONE',  ( 4.594978287206101797, 2.500000000000000444, -8.796570338259684263 ) ) ;
#1830 = EDGE_LOOP ( 'NONE', ( #1035, #1788, #1429, #6456 ) ) ;
#1831 = CIRCLE ( 'NONE', #3697, 0.5000000000000004441 ) ;
#1832 = CARTESIAN_POINT ( 'NONE',  ( -4.626103053009431143, 9.500000000000000000, -8.297540029607377576 ) ) ;
#1833 = EDGE_CURVE ( 'NONE', #4247, #4831, #1916, .T. ) ;
#1834 = CARTESIAN_POINT ( 'NONE',  ( -2.596097982851398811, 2.500000000000000444, 9.138395661352976873 ) ) ;
#1835 = DIRECTION ( 'NONE',  ( 0.000000000000000000, 1.000000000000000000, -0.000000000000000000 ) ) ;
#1836 = ADVANCED_FACE ( 'NONE', ( #2541 ), #5384, .F. ) ;
#1837 = VECTOR ( 'NONE', #2025, 1000.000000000000000 ) ;
#1838 = EDGE_CURVE ( 'NONE', #3369, #1243, #5356, .T. ) ;
#1839 = EDGE_LOOP ( 'NONE', ( #6859, #6280, #5060 ) ) ;
#1840 = AXIS2_PLACEMENT_3D ( 'NONE', #803, #2480, #4141 ) ;
#1841 = DIRECTION ( 'NONE',  ( -0.6617183646064965785, 0.000000000000000000, -0.7497524964563330174 ) ) ;
#1842 = CARTESIAN_POINT ( 'NONE',  ( 2.596097982851460095, 9.500000000000000000, -9.138395661352959110 ) ) ;
#1843 = CIRCLE ( 'NONE', #3930, 9.500000000000000000 ) ;
#1844 = CARTESIAN_POINT ( 'NONE',  ( 2.043718524445535589, 8.000000000000000000, -1.260587625341240248 ) ) ;
#1845 = CARTESIAN_POINT ( 'NONE',  ( 8.734252684021669211, 2.376055744299600647, 4.869582122899283938 ) ) ;
#1846 = AXIS2_PLACEMENT_3D ( 'NONE', #378, #2523, #6435 ) ;
#1847 = CARTESIAN_POINT ( 'NONE',  ( -0.4397714266284716289, 8.000000000000000000, 2.776607510986326410 ) ) ;
#1848 = ORIENTED_EDGE ( 'NONE', *, *, #6769, .F. ) ;
#1849 = CARTESIAN_POINT ( 'NONE',  ( 4.321516740380989319, 2.212746796842759878, 8.886597848284445433 ) ) ;
#1850 = DIRECTION ( 'NONE',  ( 0.000000000000000000, 1.000000000000000000, 0.000000000000000000 ) ) ;
#1851 = TOROIDAL_SURFACE ( 'NONE', #5217, 2.500000000000000000, 0.5000000000000000000 ) ;
#1852 = PLANE ( 'NONE',  #52 ) ;
#1853 = DIRECTION ( 'NONE',  ( 0.6205888851312616472, -0.000000000000000000, 0.7841361078610892266 ) ) ;
#1854 = CARTESIAN_POINT ( 'NONE',  ( -4.470479223992246176, 10.00001200000000168, 8.792691572869204109 ) ) ;
#1855 = CIRCLE ( 'NONE', #2338, 0.5000000000000001110 ) ;
#1856 = EDGE_LOOP ( 'NONE', ( #899, #4468, #5556, #1980 ) ) ;
#1857 = DIRECTION ( 'NONE',  ( -1.000000000000000000, -1.734723475976807094E-15, 0.000000000000000000 ) ) ;
#1858 = ORIENTED_EDGE ( 'NONE', *, *, #5532, .T. ) ;
#1859 = DIRECTION ( 'NONE',  ( 0.000000000000000000, 0.000000000000000000, 1.000000000000000000 ) ) ;
#1860 = EDGE_CURVE ( 'NONE', #5303, #1246, #5028, .T. ) ;
#1861 = CARTESIAN_POINT ( 'NONE',  ( -8.833441982342632670, 2.051666420109249600, 4.687911366387740308 ) ) ;
#1862 = EDGE_CURVE ( 'NONE', #1562, #993, #5871, .T. ) ;
#1863 = DIRECTION ( 'NONE',  ( -1.543988371350669465E-15, -1.000000000000000000, 4.386267836225346493E-16 ) ) ;
#1864 = EDGE_CURVE ( 'NONE', #6344, #1711, #86, .T. ) ;
#1865 = CARTESIAN_POINT ( 'NONE',  ( -6.980243915062825266, 1.768641139222087100, 7.161872897185546094 ) ) ;
#1866 = ADVANCED_FACE ( 'NONE', ( #6377 ), #3632, .T. ) ;
#1867 = FACE_OUTER_BOUND ( 'NONE', #400, .T. ) ;
#1868 = VERTEX_POINT ( 'NONE', #1540 ) ;
#1869 = VERTEX_POINT ( 'NONE', #4743 ) ;
#1870 = ORIENTED_EDGE ( 'NONE', *, *, #5407, .T. ) ;
#1871 = DIRECTION ( 'NONE',  ( -0.9619363854055806851, -0.000000000000000000, 0.2732734718790796880 ) ) ;
#1872 = CARTESIAN_POINT ( 'NONE',  ( 2.923754083661683545, 2.059185488125346630, 9.563339329250570842 ) ) ;
#1873 = EDGE_LOOP ( 'NONE', ( #969, #6890, #5924, #4932 ) ) ;
#1874 = VECTOR ( 'NONE', #5430, 999.9999999999998863 ) ;
#1875 = DIRECTION ( 'NONE',  ( 0.000000000000000000, 0.000000000000000000, -1.000000000000000000 ) ) ;
#1876 = CARTESIAN_POINT ( 'NONE',  ( 2.732734718791013595, 2.500000000000000444, -9.619363854055745122 ) ) ;
#1877 = DIRECTION ( 'NONE',  ( 0.3244301945785588170, -0.000000000000000000, 0.9459096409518821247 ) ) ;
#1878 = EDGE_CURVE ( 'NONE', #1669, #3545, #6227, .T. ) ;
#1879 = VERTEX_POINT ( 'NONE', #1994 ) ;
#1880 = AXIS2_PLACEMENT_3D ( 'NONE', #37, #4467, #2921 ) ;
#1881 = CARTESIAN_POINT ( 'NONE',  ( -1.987831504145221917, 0.000000000000000000, 1.987831504145224581 ) ) ;
#1882 = DIRECTION ( 'NONE',  ( -0.000000000000000000, 1.000000000000000000, -0.000000000000000000 ) ) ;
#1883 = DIRECTION ( 'NONE',  ( -0.8511160640214283646, 0.000000000000000000, 0.5249775667251619371 ) ) ;
#1884 = CARTESIAN_POINT ( 'NONE',  ( -4.594722306767663689, 1.975903690497189169, -8.882643920376576574 ) ) ;
#1885 = FACE_OUTER_BOUND ( 'NONE', #1319, .T. ) ;
#1886 = PLANE ( 'NONE',  #3672 ) ;
#1887 = ORIENTED_EDGE ( 'NONE', *, *, #4326, .T. ) ;
#1888 = CARTESIAN_POINT ( 'NONE',  ( 6.368549229223043895, 2.500000000000000444, -7.611508121969533747 ) ) ;
#1889 = DIRECTION ( 'NONE',  ( 0.4869582161062593895, 0.000000000000000000, -0.8734252662744590445 ) ) ;
#1890 = FACE_OUTER_BOUND ( 'NONE', #6210, .T. ) ;
#1891 = DIRECTION ( 'NONE',  ( -4.440892098500626162E-15, 0.000000000000000000, 1.000000000000000000 ) ) ;
#1892 =( BOUNDED_SURFACE ( )  B_SPLINE_SURFACE ( 3, 2, ( 
 ( #2111, #2225, #5512 ),
 ( #436, #2730, #2260 ),
 ( #4459, #3777, #539 ),
 ( #2763, #3883, #4964 ),
 ( #4423, #5442, #2188 ),
 ( #7175, #6630, #5554 ),
 ( #468, #6561, #4381 ),
 ( #6131, #5984, #4860 ),
 ( #6023, #580, #4314 ),
 ( #7100, #1666, #1555 ),
 ( #502, #5408, #2693 ),
 ( #4927, #3242, #2147 ),
 ( #1590, #1017, #6090 ),
 ( #3814, #1707, #4348 ),
 ( #1054, #3281, #30 ),
 ( #7134, #6597, #1632 ),
 ( #4998, #1124, #6676 ),
 ( #2371, #3992, #4563 ) ),
 .UNSPECIFIED., .F., .F., .T. ) 
 B_SPLINE_SURFACE_WITH_KNOTS ( ( 4, 2, 2, 2, 2, 2, 2, 2, 4 ),
 ( 3, 3 ),
 ( -5.149960319306146062E-19, 0.0003645422052340781933, 0.0007290844104681569286, 0.001093626615702235610, 0.001458168820936314291, 0.001822711026170392972, 0.002187253231404471653, 0.002551795436638550334, 0.002916337641872629016 ),
 ( 0.000000000000000000, 1.000000000000000000 ),
 .UNSPECIFIED. ) 
 GEOMETRIC_REPRESENTATION_ITEM ( )  RATIONAL_B_SPLINE_SURFACE ( (
 ( 1.000000000000000000, 0.9595359398070238965, 1.000000000000000000),
 ( 1.000000000000000000, 0.9595833763009968820, 1.000000000000000000),
 ( 1.000000000000000000, 0.9570685609627013202, 1.000000000000000000),
 ( 1.000000000000000000, 0.9488880332095100956, 1.000000000000000000),
 ( 1.000000000000000000, 0.9432547151588550616, 1.000000000000000000),
 ( 1.000000000000000000, 0.9321826025349286837, 1.000000000000000000),
 ( 1.000000000000000000, 0.9268523530654703135, 1.000000000000000000),
 ( 1.000000000000000000, 0.9192073681285358733, 1.000000000000000000),
 ( 1.000000000000000000, 0.9170514797511103433, 1.000000000000000000),
 ( 1.000000000000000000, 0.9170288608893587545, 1.000000000000000000),
 ( 1.000000000000000000, 0.9192260099103702897, 1.000000000000000000),
 ( 1.000000000000000000, 0.9267996068666054521, 1.000000000000000000),
 ( 1.000000000000000000, 0.9321812854750021193, 1.000000000000000000),
 ( 1.000000000000000000, 0.9432160661325496021, 1.000000000000000000),
 ( 1.000000000000000000, 0.9488445939139723562, 1.000000000000000000),
 ( 1.000000000000000000, 0.9570263305979315183, 1.000000000000000000),
 ( 1.000000000000000000, 0.9595878455022889275, 1.000000000000000000),
 ( 1.000000000000000000, 0.9595359398070242296, 1.000000000000000000) ) ) 
 REPRESENTATION_ITEM ( '' )  SURFACE ( )  );
#1893 = CARTESIAN_POINT ( 'NONE',  ( -8.796570338259732225, 9.500000000000000000, 4.594978287206008538 ) ) ;
#1894 = VERTEX_POINT ( 'NONE', #5906 ) ;
#1895 = CYLINDRICAL_SURFACE ( 'NONE', #1732, 2.000000000000000000 ) ;
#1896 = ORIENTED_EDGE ( 'NONE', *, *, #7126, .T. ) ;
#1897 = CARTESIAN_POINT ( 'NONE',  ( -0.9734035322810867807, 8.000000000000000000, -2.995828026329733440 ) ) ;
#1898 = LINE ( 'NONE', #4037, #5095 ) ;
#1899 = CARTESIAN_POINT ( 'NONE',  ( 4.594722306767595299, 1.975903690497191389, 8.882643920376608548 ) ) ;
#1900 = EDGE_CURVE ( 'NONE', #1285, #6296, #3348, .T. ) ;
#1901 = ORIENTED_EDGE ( 'NONE', *, *, #2005, .F. ) ;
#1902 = CARTESIAN_POINT ( 'NONE',  ( -1.539607852037001538E-13, 1.768578062440346432, -10.00000000000000000 ) ) ;
#1903 = ORIENTED_EDGE ( 'NONE', *, *, #2315, .F. ) ;
#1904 = CARTESIAN_POINT ( 'NONE',  ( -9.424838803981941737, 2.314916786199594956, 3.059004614404593703 ) ) ;
#1905 = CARTESIAN_POINT ( 'NONE',  ( 3.932605539365118030, 1.986052934431205008, 9.194972181005612200 ) ) ;
#1906 = ORIENTED_EDGE ( 'NONE', *, *, #3066, .T. ) ;
#1907 = FACE_OUTER_BOUND ( 'NONE', #5963, .T. ) ;
#1908 = LINE ( 'NONE', #5754, #4486 ) ;
#1909 = CARTESIAN_POINT ( 'NONE',  ( 9.579266327989117258, 2.500000000000000888, -2.873880030200179903 ) ) ;
#1910 = EDGE_LOOP ( 'NONE', ( #1096, #2008, #5218, #3900 ) ) ;
#1911 = LINE ( 'NONE', #4126, #4816 ) ;
#1912 = DIRECTION ( 'NONE',  ( -0.9932905682471177000, 6.461566752017310990E-15, 0.1156453502364806901 ) ) ;
#1913 = AXIS2_PLACEMENT_3D ( 'NONE', #7179, #1671, #4539 ) ;
#1914 = CARTESIAN_POINT ( 'NONE',  ( -2.932010965673052194, 2.051189550670913242, -9.560831454120865658 ) ) ;
#1915 = CARTESIAN_POINT ( 'NONE',  ( 4.137386974973957798, 2.164948009018049735, -8.949701815236322133 ) ) ;
#1916 = CIRCLE ( 'NONE', #4806, 0.4999999999999996114 ) ;
#1917 = CARTESIAN_POINT ( 'NONE',  ( -11.68192517863507618, 2.500000000000000444, -4.083818128530453922E-14 ) ) ;
#1918 = AXIS2_PLACEMENT_3D ( 'NONE', #4923, #401, #2074 ) ;
#1919 = B_SPLINE_CURVE_WITH_KNOTS ( 'NONE', 3,
 ( #2366, #5111, #1303, #3527, #5727, #2981, #139, #4557, #5186, #1261 ),
 .UNSPECIFIED., .F., .F.,
 ( 4, 2, 2, 2, 4 ),
 ( 0.000000000000000000, 0.0001297697119911781838, 0.0002595394239823563677, 0.0005190788479647126270, 0.001038157695929424603 ),
 .UNSPECIFIED. ) ;
#1920 = EDGE_CURVE ( 'NONE', #354, #2230, #4151, .T. ) ;
#1921 = CARTESIAN_POINT ( 'NONE',  ( -0.1814307967061967730, 8.000000000000000000, 2.394357833393300883 ) ) ;
#1922 = ORIENTED_EDGE ( 'NONE', *, *, #1929, .T. ) ;
#1923 = LINE ( 'NONE', #4137, #1963 ) ;
#1924 = DIRECTION ( 'NONE',  ( -0.000000000000000000, 1.000000000000000000, 0.000000000000000000 ) ) ;
#1925 = CARTESIAN_POINT ( 'NONE',  ( -1.098630827246567021, 9.500000000000000000, -9.436260398347616984 ) ) ;
#1926 = VECTOR ( 'NONE', #4883, 1000.000000000000000 ) ;
#1927 = CARTESIAN_POINT ( 'NONE',  ( 9.469254843656253584, 2.500000000000000444, -2.970974231079463568 ) ) ;
#1928 = CARTESIAN_POINT ( 'NONE',  ( 0.4961482701702076836, 2.183694385698055740, 9.857563765852084714 ) ) ;
#1929 = EDGE_CURVE ( 'NONE', #818, #5764, #4842, .T. ) ;
#1930 = EDGE_LOOP ( 'NONE', ( #6438, #5345 ) ) ;
#1931 = FACE_OUTER_BOUND ( 'NONE', #4893, .T. ) ;
#1932 = ORIENTED_EDGE ( 'NONE', *, *, #6824, .F. ) ;
#1933 = DIRECTION ( 'NONE',  ( -0.9249892435672767421, 0.000000000000000000, 0.3799932884734115168 ) ) ;
#1934 = DIRECTION ( 'NONE',  ( 0.000000000000000000, -1.000000000000000000, 0.000000000000000000 ) ) ;
#1935 = CARTESIAN_POINT ( 'NONE',  ( -9.997620538913139399, 1.779361857681294179, 0.2509966059969678809 ) ) ;
#1936 = ORIENTED_EDGE ( 'NONE', *, *, #5163, .T. ) ;
#1937 = ORIENTED_EDGE ( 'NONE', *, *, #6336, .T. ) ;
#1938 = ORIENTED_EDGE ( 'NONE', *, *, #1190, .T. ) ;
#1939 = DIRECTION ( 'NONE',  ( 0.000000000000000000, 0.000000000000000000, 1.000000000000000000 ) ) ;
#1940 = VERTEX_POINT ( 'NONE', #1000 ) ;
#1941 = CARTESIAN_POINT ( 'NONE',  ( -4.470479223978639283, 2.293003971270598296, -8.837551326252590655 ) ) ;
#1942 = TOROIDAL_SURFACE ( 'NONE', #2876, 2.500000000000000000, 0.5000000000000000000 ) ;
#1943 = CARTESIAN_POINT ( 'NONE',  ( -9.436260398347611655, 2.500000000000000000, -1.098630827246599662 ) ) ;
#1944 = CARTESIAN_POINT ( 'NONE',  ( -2.333234819276247318, 0.000000000000000000, -0.5673463196692614119 ) ) ;
#1945 = ORIENTED_EDGE ( 'NONE', *, *, #4211, .F. ) ;
#1946 = DIRECTION ( 'NONE',  ( -0.000000000000000000, -1.000000000000000000, -0.000000000000000000 ) ) ;
#1947 = CARTESIAN_POINT ( 'NONE',  ( 7.160346141787877983, 1.768638744481567882, 6.981771384884059017 ) ) ;
#1948 = CIRCLE ( 'NONE', #6570, 10.00000000000000000 ) ;
#1949 = LINE ( 'NONE', #2503, #592 ) ;
#1950 = DIRECTION ( 'NONE',  ( 0.000000000000000000, -1.000000000000000000, 0.000000000000000000 ) ) ;
#1951 = EDGE_CURVE ( 'NONE', #2742, #3491, #2271, .T. ) ;
#1952 = ADVANCED_FACE ( 'NONE', ( #4879 ), #2121, .T. ) ;
#1953 = DIRECTION ( 'NONE',  ( -0.1156453502364798158, 0.000000000000000000, 0.9932905682471177000 ) ) ;
#1954 = CARTESIAN_POINT ( 'NONE',  ( 5.095752233843723986E-17, 2.500000000000000444, -10.18192517863507618 ) ) ;
#1955 = CARTESIAN_POINT ( 'NONE',  ( 8.980379107744491662, 1.867418461490486736, 4.400639730061438826 ) ) ;
#1956 = AXIS2_PLACEMENT_3D ( 'NONE', #1599, #3823, #2735 ) ;
#1957 = EDGE_CURVE ( 'NONE', #2230, #1645, #1016, .T. ) ;
#1958 = AXIS2_PLACEMENT_3D ( 'NONE', #5435, #2687, #2068 ) ;
#1959 = EDGE_CURVE ( 'NONE', #5550, #5527, #1368, .T. ) ;
#1960 = CARTESIAN_POINT ( 'NONE',  ( 0.4397714266284741269, 8.000000000000000000, 2.776607510986326410 ) ) ;
#1961 = SPHERICAL_SURFACE ( 'NONE', #2438, 0.5000000000000000000 ) ;
#1962 = CARTESIAN_POINT ( 'NONE',  ( 2.043718524445535589, 8.000000000000000000, -1.260587625341240248 ) ) ;
#1963 = VECTOR ( 'NONE', #5296, 1000.000000000000000 ) ;
#1964 = LINE ( 'NONE', #5768, #6427 ) ;
#1965 = CIRCLE ( 'NONE', #4620, 0.4999999999999997224 ) ;
#1966 = DIRECTION ( 'NONE',  ( 0.000000000000000000, 1.000000000000000000, 0.000000000000000000 ) ) ;
#1967 = CARTESIAN_POINT ( 'NONE',  ( 1.110773098972580586, 2.257089604130914751, 9.938409227484191533 ) ) ;
#1968 = CIRCLE ( 'NONE', #2555, 2.500000000000000444 ) ;
#1969 = ORIENTED_EDGE ( 'NONE', *, *, #3139, .F. ) ;
#1970 = CARTESIAN_POINT ( 'NONE',  ( 3.120200068441913555, 2.127336489724513946, -9.501796650728067561 ) ) ;
#1971 = CIRCLE ( 'NONE', #4278, 0.4999999999999998890 ) ;
#1972 = ORIENTED_EDGE ( 'NONE', *, *, #1860, .T. ) ;
#1973 = DIRECTION ( 'NONE',  ( 0.000000000000000000, 0.000000000000000000, 1.000000000000000000 ) ) ;
#1974 = DIRECTION ( 'NONE',  ( 0.000000000000000000, 1.000000000000000000, 0.000000000000000000 ) ) ;
#1975 = AXIS2_PLACEMENT_3D ( 'NONE', #4106, #6464, #4246 ) ;
#1976 = DIRECTION ( 'NONE',  ( -0.000000000000000000, -1.000000000000000000, -0.000000000000000000 ) ) ;
#1977 = DIRECTION ( 'NONE',  ( 0.000000000000000000, -1.000000000000000000, 0.000000000000000000 ) ) ;
#1978 = ORIENTED_EDGE ( 'NONE', *, *, #4516, .F. ) ;
#1979 = EDGE_LOOP ( 'NONE', ( #1088, #1175, #3173, #6075 ) ) ;
#1980 = ORIENTED_EDGE ( 'NONE', *, *, #7031, .F. ) ;
#1981 = CIRCLE ( 'NONE', #6022, 9.500000000000000000 ) ;
#1982 = EDGE_CURVE ( 'NONE', #1645, #1894, #6293, .T. ) ;
#1983 = CARTESIAN_POINT ( 'NONE',  ( 7.030215759954920429, 2.134257748930245668, -6.886989335206897600 ) ) ;
#1984 = ORIENTED_EDGE ( 'NONE', *, *, #3853, .T. ) ;
#1985 = CARTESIAN_POINT ( 'NONE',  ( -4.594978287205980116, 2.456931832095656798, -8.796570338259748212 ) ) ;
#1986 = LINE ( 'NONE', #3116, #6106 ) ;
#1987 = DIRECTION ( 'NONE',  ( 0.000000000000000000, 1.000000000000000000, 0.000000000000000000 ) ) ;
#1988 = VERTEX_POINT ( 'NONE', #162 ) ;
#1989 = DIRECTION ( 'NONE',  ( 0.000000000000000000, 0.000000000000000000, 1.000000000000000000 ) ) ;
#1990 = CIRCLE ( 'NONE', #6734, 2.000000000000000000 ) ;
#1991 = DIRECTION ( 'NONE',  ( 0.000000000000000000, 1.000000000000000000, 0.000000000000000000 ) ) ;
#1992 = PLANE ( 'NONE',  #2196 ) ;
#1993 = AXIS2_PLACEMENT_3D ( 'NONE', #3053, #6192, #4669 ) ;
#1994 = CARTESIAN_POINT ( 'NONE',  ( 9.469254843656191412, 9.500000000000000000, 2.970974231079661632 ) ) ;
#1995 = LINE ( 'NONE', #4810, #1837 ) ;
#1996 = AXIS2_PLACEMENT_3D ( 'NONE', #3002, #1210, #5210 ) ;
#1997 = ADVANCED_FACE ( 'NONE', ( #4515 ), #1762, .F. ) ;
#1998 = PLANE ( 'NONE',  #6089 ) ;
#1999 = DIRECTION ( 'NONE',  ( 0.000000000000000000, -1.000000000000000000, 0.000000000000000000 ) ) ;
#2000 = CARTESIAN_POINT ( 'NONE',  ( 2.333234819276243766, 0.000000000000000000, -0.5673463196692560828 ) ) ;
#2001 = EDGE_CURVE ( 'NONE', #4831, #1173, #1948, .T. ) ;
#2002 = CARTESIAN_POINT ( 'NONE',  ( 1.554148821017839577, 8.000000000000000000, 1.830433831214388851 ) ) ;
#2003 = CARTESIAN_POINT ( 'NONE',  ( -1.098630827246566799, 9.500000000000000000, 9.436260398347616984 ) ) ;
#2004 = CARTESIAN_POINT ( 'NONE',  ( 0.1029434636768863653, 2.134320569920972410, 9.840975183068751519 ) ) ;
#2005 = EDGE_CURVE ( 'NONE', #5893, #3748, #5887, .T. ) ;
#2006 = VERTEX_POINT ( 'NONE', #87 ) ;
#2007 = CARTESIAN_POINT ( 'NONE',  ( 9.885393354405120903, 2.456216401094829305, -0.8789046617971509878 ) ) ;
#2008 = ORIENTED_EDGE ( 'NONE', *, *, #1584, .F. ) ;
#2009 = CARTESIAN_POINT ( 'NONE',  ( 8.817277085773882916, 2.343452233630470616, -4.532184927350042969 ) ) ;
#2010 = DIRECTION ( 'NONE',  ( 0.000000000000000000, 1.000000000000000000, 0.000000000000000000 ) ) ;
#2011 = DIRECTION ( 'NONE',  ( 0.000000000000000000, 0.000000000000000000, 1.000000000000000000 ) ) ;
#2012 = CARTESIAN_POINT ( 'NONE',  ( 7.449293024680356368, 10.00000000000000000, -5.895594408746973158 ) ) ;
#2013 = ORIENTED_EDGE ( 'NONE', *, *, #5487, .T. ) ;
#2014 = VERTEX_POINT ( 'NONE', #6183 ) ;
#2015 = ORIENTED_EDGE ( 'NONE', *, *, #5937, .F. ) ;
#2016 = B_SPLINE_CURVE_WITH_KNOTS ( 'NONE', 3,
 ( #2789, #4446, #6660, #1577, #6117, #1043, #3380, #5580, #606, #5462, #2826, #5022, #492, #58, #6155, #2293, #3948, #2717 ),
 .UNSPECIFIED., .F., .F.,
 ( 4, 2, 2, 2, 2, 2, 2, 2, 4 ),
 ( 0.000000000000000000, 0.0001297744646122138358, 0.0002595489292244276716, 0.0005190978584488557769, 0.001038195716897711120, 0.001557293575346566355, 0.001816842504570994514, 0.001946616969183208486, 0.002076391433795422674 ),
 .UNSPECIFIED. ) ;
#2017 = CARTESIAN_POINT ( 'NONE',  ( -9.885393354405110244, 9.500000000000000000, 0.8789046617972166020 ) ) ;
#2018 = ORIENTED_EDGE ( 'NONE', *, *, #4524, .F. ) ;
#2019 = LINE ( 'NONE', #4223, #5775 ) ;
#2020 = CARTESIAN_POINT ( 'NONE',  ( 2.970974231079632766, 9.500000000000000000, -9.469254843656200293 ) ) ;
#2021 = ORIENTED_EDGE ( 'NONE', *, *, #5936, .T. ) ;
#2022 = DIRECTION ( 'NONE',  ( 0.000000000000000000, 0.000000000000000000, 1.000000000000000000 ) ) ;
#2023 = CARTESIAN_POINT ( 'NONE',  ( -4.869582161062615100, 2.500000000000000444, 8.734252662744577123 ) ) ;
#2024 = DIRECTION ( 'NONE',  ( -0.3799932884734116278, 0.000000000000000000, -0.9249892435672766311 ) ) ;
#2025 = DIRECTION ( 'NONE',  ( -0.000000000000000000, 1.000000000000000000, -0.000000000000000000 ) ) ;
#2026 = CARTESIAN_POINT ( 'NONE',  ( -3.399310659689297687, 2.164537838121654900, -9.255370840007598687 ) ) ;
#2027 = CIRCLE ( 'NONE', #6071, 0.5000000000000000000 ) ;
#2028 = FACE_OUTER_BOUND ( 'NONE', #3718, .T. ) ;
#2029 = ORIENTED_EDGE ( 'NONE', *, *, #358, .F. ) ;
#2030 = VECTOR ( 'NONE', #5429, 1000.000000000000114 ) ;
#2031 = DIRECTION ( 'NONE',  ( 0.000000000000000000, 0.000000000000000000, 1.000000000000000000 ) ) ;
#2032 = AXIS2_PLACEMENT_3D ( 'NONE', #6931, #3575, #1384 ) ;
#2033 = CARTESIAN_POINT ( 'NONE',  ( 9.884231957283109438, 2.414533010808960434, 0.8630375061404477188 ) ) ;
#2034 = ORIENTED_EDGE ( 'NONE', *, *, #2816, .F. ) ;
#2035 = CYLINDRICAL_SURFACE ( 'NONE', #886, 0.5000000000000004441 ) ;
#2036 = AXIS2_PLACEMENT_3D ( 'NONE', #5362, #3705, #3799 ) ;
#2037 = EDGE_CURVE ( 'NONE', #5509, #4615, #5715, .T. ) ;
#2038 = ADVANCED_FACE ( 'NONE', ( #4546 ), #5993, .F. ) ;
#2039 = EDGE_CURVE ( 'NONE', #316, #345, #5537, .T. ) ;
#2040 = DIRECTION ( 'NONE',  ( -0.5249775667251633804, 0.000000000000000000, 0.8511160640214274764 ) ) ;
#2041 = ADVANCED_FACE ( 'NONE', ( #1907 ), #714, .T. ) ;
#2042 = AXIS2_PLACEMENT_3D ( 'NONE', #1663, #6671, #5260 ) ;
#2043 = DIRECTION ( 'NONE',  ( 0.000000000000000000, 1.000000000000000000, -0.000000000000000000 ) ) ;
#2044 = ORIENTED_EDGE ( 'NONE', *, *, #2417, .F. ) ;
#2045 = ORIENTED_EDGE ( 'NONE', *, *, #1443, .F. ) ;
#2046 = VERTEX_POINT ( 'NONE', #672 ) ;
#2047 = CARTESIAN_POINT ( 'NONE',  ( 6.703810052746328907, 1.829430187479152758, -7.421242497277432904 ) ) ;
#2048 = ORIENTED_EDGE ( 'NONE', *, *, #574, .F. ) ;
#2049 = DIRECTION ( 'NONE',  ( -0.5249775667251633804, 0.000000000000000000, 0.8511160640214274764 ) ) ;
#2050 = DIRECTION ( 'NONE',  ( 0.000000000000000000, 1.000000000000000000, 0.000000000000000000 ) ) ;
#2051 = CARTESIAN_POINT ( 'NONE',  ( 0.000000000000000000, 10.00000000000000000, 0.000000000000000000 ) ) ;
#2052 = ORIENTED_EDGE ( 'NONE', *, *, #3163, .T. ) ;
#2053 = LINE ( 'NONE', #3727, #1451 ) ;
#2054 = CARTESIAN_POINT ( 'NONE',  ( -4.140859864539615742, 2.164537838121627367, 8.948211102191658384 ) ) ;
#2055 = CIRCLE ( 'NONE', #6916, 0.5000000000000000000 ) ;
#2056 = DIRECTION ( 'NONE',  ( -0.9932905682471177000, 0.000000000000000000, -0.1156453502364798158 ) ) ;
#2057 = CYLINDRICAL_SURFACE ( 'NONE', #2892, 0.5000000000000004441 ) ;
#2058 = EDGE_CURVE ( 'NONE', #4305, #5094, #4769, .T. ) ;
#2059 = CARTESIAN_POINT ( 'NONE',  ( 4.470479223992320783, 2.500000000000000444, -10.79269157286916858 ) ) ;
#2060 = EDGE_CURVE ( 'NONE', #2501, #6176, #4261, .T. ) ;
#2061 = AXIS2_PLACEMENT_3D ( 'NONE', #3218, #5419, #4733 ) ;
#2062 = CARTESIAN_POINT ( 'NONE',  ( 9.529937051748234467, 1.975903690497190057, 3.032018450179271518 ) ) ;
#2063 = VERTEX_POINT ( 'NONE', #2386 ) ;
#2064 = CARTESIAN_POINT ( 'NONE',  ( -0.8789046617972521291, 9.500000000000000000, -9.885393354405108468 ) ) ;
#2065 = CARTESIAN_POINT ( 'NONE',  ( 5.095752233843723986E-17, 2.500000000000000444, -11.68192517863507618 ) ) ;
#2066 = AXIS2_PLACEMENT_3D ( 'NONE', #944, #2611, #7017 ) ;
#2067 = CARTESIAN_POINT ( 'NONE',  ( -8.734252662744562912, 2.372020242595193285, -4.869582161062645298 ) ) ;
#2068 = DIRECTION ( 'NONE',  ( 0.000000000000000000, 0.000000000000000000, 1.000000000000000000 ) ) ;
#2069 = ORIENTED_EDGE ( 'NONE', *, *, #851, .F. ) ;
#2070 = VECTOR ( 'NONE', #4275, 1000.000000000000114 ) ;
#2071 = CARTESIAN_POINT ( 'NONE',  ( 0.4397714266284741269, 0.000000000000000000, 2.776607510986326410 ) ) ;
#2072 = VERTEX_POINT ( 'NONE', #4583 ) ;
#2073 = CIRCLE ( 'NONE', #6122, 0.5000000000000000000 ) ;
#2074 = DIRECTION ( 'NONE',  ( 0.000000000000000000, 0.000000000000000000, 1.000000000000000000 ) ) ;
#2075 = TOROIDAL_SURFACE ( 'NONE', #4959, 1.500000000000000000, 0.5000000000000000000 ) ;
#2076 = DIRECTION ( 'NONE',  ( 1.000000000000000000, -0.000000000000000000, 0.000000000000000000 ) ) ;
#2077 = AXIS2_PLACEMENT_3D ( 'NONE', #3389, #534, #65 ) ;
#2078 = ORIENTED_EDGE ( 'NONE', *, *, #1611, .T. ) ;
#2079 = ORIENTED_EDGE ( 'NONE', *, *, #869, .T. ) ;
#2080 = EDGE_LOOP ( 'NONE', ( #4898, #5824, #3953, #4716 ) ) ;
#2081 = EDGE_CURVE ( 'NONE', #3658, #6582, #4661, .T. ) ;
#2082 = CARTESIAN_POINT ( 'NONE',  ( 7.250099490762276666, 1.779849606445636612, -6.888520213642613577 ) ) ;
#2083 = EDGE_CURVE ( 'NONE', #2072, #508, #6465, .T. ) ;
#2084 = EDGE_LOOP ( 'NONE', ( #1495, #2865, #6686, #5376 ) ) ;
#2085 = AXIS2_PLACEMENT_3D ( 'NONE', #1238, #2379, #3467 ) ;
#2086 = EDGE_CURVE ( 'NONE', #2594, #2367, #3517, .T. ) ;
#2087 = FACE_OUTER_BOUND ( 'NONE', #2291, .T. ) ;
#2088 = DIRECTION ( 'NONE',  ( 0.000000000000000000, 0.000000000000000000, 1.000000000000000000 ) ) ;
#2089 = DIRECTION ( 'NONE',  ( -0.000000000000000000, -1.000000000000000000, -0.000000000000000000 ) ) ;
#2090 = VECTOR ( 'NONE', #4063, 1000.000000000000000 ) ;
#2091 = ORIENTED_EDGE ( 'NONE', *, *, #1077, .T. ) ;
#2092 = EDGE_CURVE ( 'NONE', #7106, #2385, #3459, .T. ) ;
#2093 = CARTESIAN_POINT ( 'NONE',  ( 7.711477259033354237, 2.051666420109249156, 6.367050236799784102 ) ) ;
#2094 = CARTESIAN_POINT ( 'NONE',  ( 0.000000000000000000, 9.500000000000000000, 0.000000000000000000 ) ) ;
#2095 = DIRECTION ( 'NONE',  ( 0.000000000000000000, 1.000000000000000000, 0.000000000000000000 ) ) ;
#2096 = DIRECTION ( 'NONE',  ( 0.000000000000000000, 0.000000000000000000, 1.000000000000000000 ) ) ;
#2097 = CARTESIAN_POINT ( 'NONE',  ( -3.861085519973237457, 2.134320569921044353, -9.052480793569257500 ) ) ;
#2098 = EDGE_CURVE ( 'NONE', #5637, #4113, #7009, .T. ) ;
#2099 = DIRECTION ( 'NONE',  ( -0.9971414314842893534, 0.000000000000000000, -0.07555769727474785646 ) ) ;
#2100 = ORIENTED_EDGE ( 'NONE', *, *, #5819, .T. ) ;
#2101 = CARTESIAN_POINT ( 'NONE',  ( 4.470479223992320783, 10.00000000000000000, -10.79269157286916858 ) ) ;
#2102 = DIRECTION ( 'NONE',  ( 0.000000000000000000, 0.000000000000000000, 1.000000000000000000 ) ) ;
#2103 = CARTESIAN_POINT ( 'NONE',  ( 5.895594408747102833, 9.500000000000000000, -7.449293024680254227 ) ) ;
#2104 = DIRECTION ( 'NONE',  ( 0.8982659121149889625, 0.000000000000000000, -0.4394523308986160726 ) ) ;
#2105 = CARTESIAN_POINT ( 'NONE',  ( 2.732734718791013595, 10.00000000000000000, -9.619363854055745122 ) ) ;
#2106 = VECTOR ( 'NONE', #6878, 1000.000000000000000 ) ;
#2107 = CARTESIAN_POINT ( 'NONE',  ( 3.407532819979178562, 2.024441704241363382, -9.402344393979104709 ) ) ;
#2108 = EDGE_LOOP ( 'NONE', ( #904, #4861, #4312, #6719 ) ) ;
#2109 = AXIS2_PLACEMENT_3D ( 'NONE', #3326, #598, #4477 ) ;
#2110 = CARTESIAN_POINT ( 'NONE',  ( -7.449293024680316400, 9.500000000000000000, 5.895594408747026449 ) ) ;
#2111 = CARTESIAN_POINT ( 'NONE',  ( 7.611508121969514207, 2.500000000000000444, 6.368549229223070540 ) ) ;
#2112 = VERTEX_POINT ( 'NONE', #1533 ) ;
#2113 = EDGE_LOOP ( 'NONE', ( #3149, #3420, #2596, #1304 ) ) ;
#2114 = ORIENTED_EDGE ( 'NONE', *, *, #6244, .T. ) ;
#2115 = DIRECTION ( 'NONE',  ( 0.000000000000000000, -1.000000000000000000, 0.000000000000000000 ) ) ;
#2116 = ORIENTED_EDGE ( 'NONE', *, *, #3597, .F. ) ;
#2117 = ORIENTED_EDGE ( 'NONE', *, *, #3069, .F. ) ;
#2118 = CARTESIAN_POINT ( 'NONE',  ( -0.8454647138118350780, 1.975769384896713499, 9.964836729267572579 ) ) ;
#2119 = EDGE_CURVE ( 'NONE', #3511, #491, #6407, .T. ) ;
#2120 = DIRECTION ( 'NONE',  ( 0.000000000000000000, 0.000000000000000000, 1.000000000000000000 ) ) ;
#2121 =( BOUNDED_SURFACE ( )  B_SPLINE_SURFACE ( 3, 2, ( 
 ( #3792, #3905, #5493 ),
 ( #7085, #2287, #5607 ),
 ( #4943, #518, #3832 ),
 ( #50, #2748, #4905 ),
 ( #7152, #4361, #1178 ),
 ( #3865, #6070, #13 ),
 ( #1689, #487, #6107 ),
 ( #3374, #1651, #2783 ),
 ( #2125, #5457, #5533 ),
 ( #4441, #7117, #6652 ),
 ( #6148, #6543, #2166 ),
 ( #601, #5574, #4982 ),
 ( #2206, #4327, #4401 ),
 ( #6577, #6615, #1105 ),
 ( #632, #1613, #6039 ),
 ( #6002, #1069, #3328 ),
 ( #559, #6692, #2821 ),
 ( #5016, #4480, #6836 ) ),
 .UNSPECIFIED., .F., .F., .F. ) 
 B_SPLINE_SURFACE_WITH_KNOTS ( ( 4, 2, 2, 2, 2, 2, 2, 2, 4 ),
 ( 3, 3 ),
 ( -4.607859233063393845E-19, 0.0003645422052340784643, 0.0007290844104681573623, 0.001093626615702236260, 0.001458168820936315158, 0.001822711026170394056, 0.002187253231404472954, 0.002551795436638551635, 0.002916337641872630750 ),
 ( 0.000000000000000000, 1.000000000000000000 ),
 .UNSPECIFIED. ) 
 GEOMETRIC_REPRESENTATION_ITEM ( )  RATIONAL_B_SPLINE_SURFACE ( (
 ( 1.000000000000000000, 0.9595359398070242296, 1.000000000000000000),
 ( 1.000000000000000000, 0.9595833763010062079, 1.000000000000000000),
 ( 1.000000000000000000, 0.9570685609626877755, 1.000000000000000000),
 ( 1.000000000000000000, 0.9488880332095236403, 1.000000000000000000),
 ( 1.000000000000000000, 0.9432547151588824841, 1.000000000000000000),
 ( 1.000000000000000000, 0.9321826025349019273, 1.000000000000000000),
 ( 1.000000000000000000, 0.9268523530654423359, 1.000000000000000000),
 ( 1.000000000000000000, 0.9192073681285622966, 1.000000000000000000),
 ( 1.000000000000000000, 0.9170514797510966876, 1.000000000000000000),
 ( 1.000000000000000000, 0.9170288608893719662, 1.000000000000000000),
 ( 1.000000000000000000, 0.9192260099104034854, 1.000000000000000000),
 ( 1.000000000000000000, 0.9267996068665713683, 1.000000000000000000),
 ( 1.000000000000000000, 0.9321812854749954580, 1.000000000000000000),
 ( 1.000000000000000000, 0.9432160661325564854, 1.000000000000000000),
 ( 1.000000000000000000, 0.9488445939139658059, 1.000000000000000000),
 ( 1.000000000000000000, 0.9570263305979385127, 1.000000000000000000),
 ( 1.000000000000000000, 0.9595878455022833764, 1.000000000000000000),
 ( 1.000000000000000000, 0.9595359398070243406, 1.000000000000000000) ) ) 
 REPRESENTATION_ITEM ( '' )  SURFACE ( )  );
#2122 = DIRECTION ( 'NONE',  ( 0.000000000000000000, 0.000000000000000000, 1.000000000000000000 ) ) ;
#2123 = ORIENTED_EDGE ( 'NONE', *, *, #4748, .T. ) ;
#2124 = CARTESIAN_POINT ( 'NONE',  ( -3.306919296390166352, 2.048945620300598680, 9.438170773037411365 ) ) ;
#2125 = CARTESIAN_POINT ( 'NONE',  ( 9.840975183068751519, 2.134320569920972854, -0.1029434636767834199 ) ) ;
#2126 = CARTESIAN_POINT ( 'NONE',  ( 7.810231214632259444, 2.248135892564180782, -6.245516373440857194 ) ) ;
#2127 = EDGE_CURVE ( 'NONE', #2450, #5449, #5418, .T. ) ;
#2128 = DIRECTION ( 'NONE',  ( -0.000000000000000000, -1.000000000000000000, -0.000000000000000000 ) ) ;
#2129 = CARTESIAN_POINT ( 'NONE',  ( 0.5073013465713097636, 1.829430187479148096, 9.987920442738133175 ) ) ;
#2130 = ORIENTED_EDGE ( 'NONE', *, *, #3174, .T. ) ;
#2131 = DIRECTION ( 'NONE',  ( 0.5249775667251623812, 0.000000000000000000, 0.8511160640214281425 ) ) ;
#2132 = CARTESIAN_POINT ( 'NONE',  ( 8.297540029607301193, 2.500000000000000000, 4.626103053009571475 ) ) ;
#2133 = DIRECTION ( 'NONE',  ( 9.960970772803634615E-16, 1.000000000000000000, 1.258604051642382215E-15 ) ) ;
#2134 = CARTESIAN_POINT ( 'NONE',  ( -0.7534911753619908392, 2.127336489724479751, -9.972564319549032774 ) ) ;
#2135 = CARTESIAN_POINT ( 'NONE',  ( -6.205888851312630017, 9.500000000000000000, -7.841361078610881385 ) ) ;
#2136 = AXIS2_PLACEMENT_3D ( 'NONE', #2364, #5648, #210 ) ;
#2137 = FACE_OUTER_BOUND ( 'NONE', #5372, .T. ) ;
#2138 = CARTESIAN_POINT ( 'NONE',  ( 0.1814307967061984106, 8.000000000000000000, -2.394357833393298662 ) ) ;
#2139 = DIRECTION ( 'NONE',  ( -0.8982659121149789705, 0.000000000000000000, -0.4394523308986366672 ) ) ;
#2140 = AXIS2_PLACEMENT_3D ( 'NONE', #2273, #1169, #4470 ) ;
#2141 = CARTESIAN_POINT ( 'NONE',  ( 3.238311324277320047, 1.867388762198151309, -9.461831679522378025 ) ) ;
#2142 = ORIENTED_EDGE ( 'NONE', *, *, #6475, .T. ) ;
#2143 = CARTESIAN_POINT ( 'NONE',  ( 9.469254843656251808, 2.456298904871081046, -2.970974231079462236 ) ) ;
#2144 = DIRECTION ( 'NONE',  ( -0.9619363854055764662, -9.291575964857336224E-15, -0.2732734718790951756 ) ) ;
#2145 = TOROIDAL_SURFACE ( 'NONE', #4453, 9.500000000000000000, 0.5000000000000000000 ) ;
#2146 = EDGE_CURVE ( 'NONE', #6564, #6363, #3753, .T. ) ;
#2147 = CARTESIAN_POINT ( 'NONE',  ( 6.704975473565709443, 1.829075679051622272, 7.420172320006896527 ) ) ;
#2148 = EDGE_CURVE ( 'NONE', #5668, #2228, #2527, .T. ) ;
#2149 = VERTEX_POINT ( 'NONE', #6942 ) ;
#2150 = AXIS2_PLACEMENT_3D ( 'NONE', #6552, #2586, #2031 ) ;
#2151 = ORIENTED_EDGE ( 'NONE', *, *, #3702, .F. ) ;
#2152 = VERTEX_POINT ( 'NONE', #5929 ) ;
#2153 = FACE_OUTER_BOUND ( 'NONE', #1099, .T. ) ;
#2154 = ORIENTED_EDGE ( 'NONE', *, *, #3388, .T. ) ;
#2155 = ORIENTED_EDGE ( 'NONE', *, *, #2627, .F. ) ;
#2156 = CARTESIAN_POINT ( 'NONE',  ( 0.1253416906952663501, 1.768578062440354870, 9.999999999999996447 ) ) ;
#2157 = AXIS2_PLACEMENT_3D ( 'NONE', #1332, #4053, #2940 ) ;
#2158 = AXIS2_PLACEMENT_3D ( 'NONE', #887, #1974, #6283 ) ;
#2159 = CARTESIAN_POINT ( 'NONE',  ( -4.869582161062555592, 9.500000000000000000, -8.734252662744610873 ) ) ;
#2160 = FACE_OUTER_BOUND ( 'NONE', #5084, .T. ) ;
#2161 = EDGE_CURVE ( 'NONE', #3963, #3205, #4031, .T. ) ;
#2162 = CARTESIAN_POINT ( 'NONE',  ( -8.829708429580124474, 2.059185488125215180, -4.694895751422050623 ) ) ;
#2163 = ORIENTED_EDGE ( 'NONE', *, *, #3805, .T. ) ;
#2164 = CARTESIAN_POINT ( 'NONE',  ( -9.932905682471181663, 9.500000000000000000, 1.156453502364769736 ) ) ;
#2165 =( BOUNDED_SURFACE ( )  B_SPLINE_SURFACE ( 3, 2, ( 
 ( #5957, #6440, #1466 ),
 ( #3652, #5315, #992 ),
 ( #6504, #347, #4729 ),
 ( #309, #5414, #4798 ),
 ( #5891, #933, #3148 ),
 ( #7006, #1498, #5348 ),
 ( #2494, #4253, #2047 ),
 ( #3720, #6405, #4693 ),
 ( #965, #6940, #3180 ),
 ( #1983, #4154, #5375 ),
 ( #410, #3075, #2082 ),
 ( #4931, #3249, #1713 ),
 ( #1560, #5479, #3821 ),
 ( #4352, #6137, #1596 ),
 ( #3783, #586, #1058 ),
 ( #4318, #475, #2232 ),
 ( #6028, #3285, #6636 ),
 ( #5446, #1166, #1090 ) ),
 .UNSPECIFIED., .F., .F., .T. ) 
 B_SPLINE_SURFACE_WITH_KNOTS ( ( 4, 2, 2, 2, 2, 2, 2, 2, 4 ),
 ( 3, 3 ),
 ( -8.944667923005411581E-19, 0.0003645422052340781933, 0.0007290844104681572539, 0.001093626615702236260, 0.001458168820936315375, 0.001822711026170394273, 0.002187253231404473388, 0.002551795436638552503, 0.002916337641872631618 ),
 ( 0.000000000000000000, 1.000000000000000000 ),
 .UNSPECIFIED. ) 
 GEOMETRIC_REPRESENTATION_ITEM ( )  RATIONAL_B_SPLINE_SURFACE ( (
 ( 1.000000000000000000, 0.9595359398070240076, 1.000000000000000000),
 ( 1.000000000000000000, 0.9595833763010065409, 1.000000000000000000),
 ( 1.000000000000000000, 0.9570685609626874424, 1.000000000000000000),
 ( 1.000000000000000000, 0.9488880332095233072, 1.000000000000000000),
 ( 1.000000000000000000, 0.9432547151588688283, 1.000000000000000000),
 ( 1.000000000000000000, 0.9321826025349153610, 1.000000000000000000),
 ( 1.000000000000000000, 0.9268523530654625420, 1.000000000000000000),
 ( 1.000000000000000000, 0.9192073681285418685, 1.000000000000000000),
 ( 1.000000000000000000, 0.9170514797511306604, 1.000000000000000000),
 ( 1.000000000000000000, 0.9170288608893386595, 1.000000000000000000),
 ( 1.000000000000000000, 0.9192260099104102578, 1.000000000000000000),
 ( 1.000000000000000000, 0.9267996068665645959, 1.000000000000000000),
 ( 1.000000000000000000, 0.9321812854749885746, 1.000000000000000000),
 ( 1.000000000000000000, 0.9432160661325631468, 1.000000000000000000),
 ( 1.000000000000000000, 0.9488445939139726892, 1.000000000000000000),
 ( 1.000000000000000000, 0.9570263305979318513, 1.000000000000000000),
 ( 1.000000000000000000, 0.9595878455022888165, 1.000000000000000000),
 ( 1.000000000000000000, 0.9595359398070241186, 1.000000000000000000) ) ) 
 REPRESENTATION_ITEM ( '' )  SURFACE ( )  );
#2166 = CARTESIAN_POINT ( 'NONE',  ( 9.997513869602434156, 1.779849606445597754, 0.2556751587879447229 ) ) ;
#2167 = CARTESIAN_POINT ( 'NONE',  ( 6.205888851312742815, 2.500000000000000444, -7.841361078610791679 ) ) ;
#2168 = CARTESIAN_POINT ( 'NONE',  ( 4.626103053009547494, 9.500000000000000000, -8.297540029607313627 ) ) ;
#2169 = CARTESIAN_POINT ( 'NONE',  ( 0.4499715962274635217, 2.024441704241415785, 9.990639898665760299 ) ) ;
#2170 = ORIENTED_EDGE ( 'NONE', *, *, #2226, .F. ) ;
#2171 = CARTESIAN_POINT ( 'NONE',  ( -2.970974231079499983, 9.500000000000000000, -9.469254843656241150 ) ) ;
#2172 = DIRECTION ( 'NONE',  ( -0.000000000000000000, -1.000000000000000000, -0.000000000000000000 ) ) ;
#2173 = EDGE_CURVE ( 'NONE', #5513, #3545, #880, .T. ) ;
#2174 = CARTESIAN_POINT ( 'NONE',  ( 3.150000000000003908, 8.000000000000000000, -2.818925648462311528E-15 ) ) ;
#2175 = EDGE_CURVE ( 'NONE', #3153, #4247, #3122, .T. ) ;
#2176 = CARTESIAN_POINT ( 'NONE',  ( -1.156453502364808594, 2.500000000000000444, -9.932905682471176334 ) ) ;
#2177 = DIRECTION ( 'NONE',  ( 1.000000000000000000, 0.000000000000000000, 0.000000000000000000 ) ) ;
#2178 = ADVANCED_FACE ( 'NONE', ( #311 ), #2530, .F. ) ;
#2179 = CARTESIAN_POINT ( 'NONE',  ( -1.851523544721291881, 8.000000000000000000, -2.548403532281083628 ) ) ;
#2180 = CARTESIAN_POINT ( 'NONE',  ( -9.191263844005497674, 1.768517871363071814, -3.941618638437733413 ) ) ;
#2181 = DIRECTION ( 'NONE',  ( 0.000000000000000000, 1.000000000000000000, 0.000000000000000000 ) ) ;
#2182 = EDGE_CURVE ( 'NONE', #6941, #6599, #2019, .T. ) ;
#2183 = TOROIDAL_SURFACE ( 'NONE', #201, 7.543744331762958666, 0.5000000000000000000 ) ;
#2184 = DIRECTION ( 'NONE',  ( -0.9716864685947450564, 0.000000000000000000, -0.2362740077746035283 ) ) ;
#2185 = ORIENTED_EDGE ( 'NONE', *, *, #2275, .F. ) ;
#2186 = DIRECTION ( 'NONE',  ( -0.8982659121149837445, -3.895607413538950797E-16, 0.4394523308986271193 ) ) ;
#2187 = VECTOR ( 'NONE', #901, 1000.000000000000000 ) ;
#2188 = CARTESIAN_POINT ( 'NONE',  ( 7.650708865474373788, 1.982312691401796556, 6.440463711590015627 ) ) ;
#2189 = AXIS2_PLACEMENT_3D ( 'NONE', #2542, #5939, #6985 ) ;
#2190 = EDGE_CURVE ( 'NONE', #4795, #3961, #1468, .T. ) ;
#2191 = AXIS2_PLACEMENT_3D ( 'NONE', #6349, #1966, #4177 ) ;
#2192 = ORIENTED_EDGE ( 'NONE', *, *, #143, .T. ) ;
#2193 = CARTESIAN_POINT ( 'NONE',  ( -6.815466159439678151, 2.139924804626935462, -7.105199791446544566 ) ) ;
#2194 = ORIENTED_EDGE ( 'NONE', *, *, #4664, .T. ) ;
#2195 = FACE_OUTER_BOUND ( 'NONE', #7013, .T. ) ;
#2196 = AXIS2_PLACEMENT_3D ( 'NONE', #4632, #6843, #1883 ) ;
#2197 = VERTEX_POINT ( 'NONE', #3691 ) ;
#2198 = CARTESIAN_POINT ( 'NONE',  ( 1.156453502364804375, 2.500000000000000444, 9.932905682471176334 ) ) ;
#2199 = VECTOR ( 'NONE', #3578, 1000.000000000000000 ) ;
#2200 = CARTESIAN_POINT ( 'NONE',  ( -6.368549229222990604, 2.500000000000000444, 7.611508121969580820 ) ) ;
#2201 = DIRECTION ( 'NONE',  ( 1.154631945610162802E-14, 0.000000000000000000, 1.000000000000000000 ) ) ;
#2202 = ORIENTED_EDGE ( 'NONE', *, *, #4222, .T. ) ;
#2203 = ORIENTED_EDGE ( 'NONE', *, *, #959, .T. ) ;
#2204 = CIRCLE ( 'NONE', #3712, 0.5000000000000000000 ) ;
#2205 = LINE ( 'NONE', #2857, #2227 ) ;
#2206 = CARTESIAN_POINT ( 'NONE',  ( 9.857561987693546968, 2.183709232977784520, 0.4960991014862307091 ) ) ;
#2207 = DIRECTION ( 'NONE',  ( 0.000000000000000000, -1.000000000000000000, 0.000000000000000000 ) ) ;
#2208 = VECTOR ( 'NONE', #4837, 1000.000000000000000 ) ;
#2209 = CARTESIAN_POINT ( 'NONE',  ( 9.469254843656253584, 2.500000000000000444, -2.970974231079464900 ) ) ;
#2210 = ORIENTED_EDGE ( 'NONE', *, *, #3690, .F. ) ;
#2211 = CARTESIAN_POINT ( 'NONE',  ( 4.470479223992320783, 2.500000000000000444, -8.792691572869168581 ) ) ;
#2212 = LINE ( 'NONE', #640, #2859 ) ;
#2213 = FACE_OUTER_BOUND ( 'NONE', #659, .T. ) ;
#2214 = FACE_OUTER_BOUND ( 'NONE', #1393, .T. ) ;
#2215 = CARTESIAN_POINT ( 'NONE',  ( -1.110773098972562822, 2.257089604130882332, -9.938409227484193309 ) ) ;
#2216 = DIRECTION ( 'NONE',  ( -0.000000000000000000, -1.000000000000000000, -0.000000000000000000 ) ) ;
#2217 = CARTESIAN_POINT ( 'NONE',  ( -9.568061159331195498, 2.322848788353864879, -2.911304966065356048 ) ) ;
#2218 = DIRECTION ( 'NONE',  ( 0.000000000000000000, 0.000000000000000000, 1.000000000000000000 ) ) ;
#2219 = CARTESIAN_POINT ( 'NONE',  ( 9.376460923696683381, 2.242561475665997062, 3.154773929212275618 ) ) ;
#2220 = ADVANCED_FACE ( 'NONE', ( #2087 ), #7108, .T. ) ;
#2221 = CARTESIAN_POINT ( 'NONE',  ( -2.548403532281083628, 8.000000000000000000, 1.851523544721290992 ) ) ;
#2222 = EDGE_LOOP ( 'NONE', ( #584, #76, #2100, #1870 ) ) ;
#2223 = CARTESIAN_POINT ( 'NONE',  ( -9.985236028452531443, 2.048945620300623549, 0.5566365330722744531 ) ) ;
#2224 = CIRCLE ( 'NONE', #3616, 0.4999999999999996114 ) ;
#2225 = CARTESIAN_POINT ( 'NONE',  ( 7.750301822741066715, 2.500000000000001332, 6.320945456729241130 ) ) ;
#2226 = EDGE_CURVE ( 'NONE', #5207, #1291, #4411, .T. ) ;
#2227 = VECTOR ( 'NONE', #6541, 1000.000000000000114 ) ;
#2228 = VERTEX_POINT ( 'NONE', #5117 ) ;
#2229 = CARTESIAN_POINT ( 'NONE',  ( 8.833441982342671750, 2.051666420109249600, -4.687911366387674583 ) ) ;
#2230 = VERTEX_POINT ( 'NONE', #480 ) ;
#2231 = CARTESIAN_POINT ( 'NONE',  ( 6.245516373440833213, 2.248135892564179450, 7.810231214632278096 ) ) ;
#2232 = CARTESIAN_POINT ( 'NONE',  ( 7.812463274735121921, 2.255681435097351528, -6.242692900426391134 ) ) ;
#2233 = ORIENTED_EDGE ( 'NONE', *, *, #1731, .F. ) ;
#2234 = FACE_OUTER_BOUND ( 'NONE', #5478, .T. ) ;
#2235 = CARTESIAN_POINT ( 'NONE',  ( -1.156453502364807484, 2.372106879883455033, 9.932905682471176334 ) ) ;
#2236 = CYLINDRICAL_SURFACE ( 'NONE', #349, 2.000000000000000000 ) ;
#2237 = CARTESIAN_POINT ( 'NONE',  ( -3.120628270157485673, 2.263262388765244104, -9.393701891604054666 ) ) ;
#2238 = ORIENTED_EDGE ( 'NONE', *, *, #5185, .T. ) ;
#2239 = EDGE_CURVE ( 'NONE', #1291, #1162, #7005, .T. ) ;
#2240 = CARTESIAN_POINT ( 'NONE',  ( -8.980379107744481004, 1.867418461490409465, -4.400639730061461918 ) ) ;
#2241 = ORIENTED_EDGE ( 'NONE', *, *, #5972, .T. ) ;
#2242 = CARTESIAN_POINT ( 'NONE',  ( 9.999987203446849549, 1.768638744481566993, -0.1262714215554477382 ) ) ;
#2243 = CARTESIAN_POINT ( 'NONE',  ( -0.7802833614000859175, 2.314660967463562979, -9.878023738053542502 ) ) ;
#2244 = DIRECTION ( 'NONE',  ( 0.000000000000000000, -0.000000000000000000, -1.000000000000000000 ) ) ;
#2245 = FACE_OUTER_BOUND ( 'NONE', #5738, .T. ) ;
#2246 = EDGE_CURVE ( 'NONE', #354, #535, #4899, .T. ) ;
#2247 = ORIENTED_EDGE ( 'NONE', *, *, #6475, .F. ) ;
#2248 = CARTESIAN_POINT ( 'NONE',  ( -0.9734035322810855595, 0.000000000000000000, 2.995828026329733884 ) ) ;
#2249 = DIRECTION ( 'NONE',  ( 0.000000000000000000, -1.000000000000000000, 0.000000000000000000 ) ) ;
#2250 = CARTESIAN_POINT ( 'NONE',  ( -7.449293024680276432, 10.00000000000000000, -5.895594408747077075 ) ) ;
#2251 = CARTESIAN_POINT ( 'NONE',  ( -5.095752233843723986E-17, 10.00001200000000168, 11.68192517863507618 ) ) ;
#2252 = CARTESIAN_POINT ( 'NONE',  ( -0.9593430162965380648, 2.059838893144234628, -9.954167761667829240 ) ) ;
#2253 = CARTESIAN_POINT ( 'NONE',  ( -9.138395661352985755, 9.500000000000000000, 2.596097982851365504 ) ) ;
#2254 = CARTESIAN_POINT ( 'NONE',  ( 4.470479223992320783, 9.500000000000000000, -10.79269157286916858 ) ) ;
#2255 = CARTESIAN_POINT ( 'NONE',  ( 0.000000000000000000, 9.992403876506100957, 7.456920242929475862 ) ) ;
#2256 = CARTESIAN_POINT ( 'NONE',  ( 9.469254843656191412, 2.500000000000000444, 2.970974231079661632 ) ) ;
#2257 = CARTESIAN_POINT ( 'NONE',  ( -8.260368511126747748, 9.500000000000000000, 8.260368511126719326 ) ) ;
#2258 = EDGE_LOOP ( 'NONE', ( #6331, #4897, #5461, #4198, #6995, #3452, #6971, #4435, #215, #3987, #6101, #5515, #4544, #2964, #961, #2891, #2908, #2482, #1013, #2468, #6903, #4028, #6727, #110, #5676, #2443, #3049, #4428, #2013, #3111, #1066, #1906, #654, #5339, #5287, #1558 ) ) ;
#2259 = CARTESIAN_POINT ( 'NONE',  ( -9.851707555809962713, 2.164537838121648239, -0.4013235377314700036 ) ) ;
#2260 = CARTESIAN_POINT ( 'NONE',  ( 7.841361025160116682, 2.377026804319488651, 6.205888918849571390 ) ) ;
#2261 = ORIENTED_EDGE ( 'NONE', *, *, #6691, .F. ) ;
#2262 = CARTESIAN_POINT ( 'NONE',  ( -7.750301822741108460, 2.500000000000000888, -6.320945456729186951 ) ) ;
#2263 = ORIENTED_EDGE ( 'NONE', *, *, #5492, .T. ) ;
#2264 = CARTESIAN_POINT ( 'NONE',  ( 4.470479223992089857, 10.00000000000000000, 10.79269157286926628 ) ) ;
#2265 = TOROIDAL_SURFACE ( 'NONE', #4802, 2.500000000000000000, 0.5000000000000000000 ) ;
#2266 = AXIS2_PLACEMENT_3D ( 'NONE', #6812, #3059, #5263 ) ;
#2267 = EDGE_CURVE ( 'NONE', #2316, #4440, #915, .T. ) ;
#2268 = SPHERICAL_SURFACE ( 'NONE', #2925, 0.5000000000000000000 ) ;
#2269 = ADVANCED_FACE ( 'NONE', ( #6641 ), #3217, .T. ) ;
#2270 = ORIENTED_EDGE ( 'NONE', *, *, #6163, .F. ) ;
#2271 = B_SPLINE_CURVE_WITH_KNOTS ( 'NONE', 3,
 ( #3224, #1038, #3296, #3408, #1142, #2243, #2711, #1726, #1571, #3260 ),
 .UNSPECIFIED., .F., .F.,
 ( 4, 2, 2, 2, 4 ),
 ( 0.001038157695929424603, 0.001557274564862423530, 0.001816832999328923210, 0.001946612216562172617, 0.002076391433795422240 ),
 .UNSPECIFIED. ) ;
#2272 = ORIENTED_EDGE ( 'NONE', *, *, #1670, .T. ) ;
#2273 = CARTESIAN_POINT ( 'NONE',  ( 8.260368511126632285, 10.00001200000000168, 8.260368511126834790 ) ) ;
#2274 = CARTESIAN_POINT ( 'NONE',  ( -9.138852710299548932, 1.779716818039817960, 4.061684449357174209 ) ) ;
#2275 = EDGE_CURVE ( 'NONE', #3109, #2149, #1831, .T. ) ;
#2276 = CARTESIAN_POINT ( 'NONE',  ( -6.368549247076038533, 2.438513403071532526, 7.611508069917181984 ) ) ;
#2277 = EDGE_CURVE ( 'NONE', #6176, #6468, #549, .T. ) ;
#2278 = CIRCLE ( 'NONE', #4001, 0.5000000000000004441 ) ;
#2279 = ORIENTED_EDGE ( 'NONE', *, *, #1547, .T. ) ;
#2280 = DIRECTION ( 'NONE',  ( 0.000000000000000000, 0.000000000000000000, -1.000000000000000000 ) ) ;
#2281 = ORIENTED_EDGE ( 'NONE', *, *, #4797, .F. ) ;
#2282 = CARTESIAN_POINT ( 'NONE',  ( 11.68192517863507618, 2.500000000000000444, 1.224126288112367485E-13 ) ) ;
#2283 = DIRECTION ( 'NONE',  ( -0.000000000000000000, -1.000000000000000000, -0.000000000000000000 ) ) ;
#2284 = ORIENTED_EDGE ( 'NONE', *, *, #1167, .F. ) ;
#2285 = VECTOR ( 'NONE', #1736, 1000.000000000000000 ) ;
#2286 = AXIS2_PLACEMENT_3D ( 'NONE', #3034, #848, #4720 ) ;
#2287 = CARTESIAN_POINT ( 'NONE',  ( 9.949874378253738882, 2.410376625841610387, -1.010707506679614731 ) ) ;
#2288 = FACE_OUTER_BOUND ( 'NONE', #1856, .T. ) ;
#2289 = CARTESIAN_POINT ( 'NONE',  ( 9.172514644783483106, 2.139924804626922583, -3.577627445399044870 ) ) ;
#2290 = CIRCLE ( 'NONE', #5753, 2.000000000000000000 ) ;
#2291 = EDGE_LOOP ( 'NONE', ( #4003, #1536, #4162 ) ) ;
#2292 = DIRECTION ( 'NONE',  ( 0.000000000000000000, 1.000000000000000000, 0.000000000000000000 ) ) ;
#2293 = CARTESIAN_POINT ( 'NONE',  ( -9.884200519446100230, 2.413741176464116567, 0.8626134409954671067 ) ) ;
#2294 = DIRECTION ( 'NONE',  ( -0.3244301945785728614, -3.469446951953616950E-15, 0.9459096409518773507 ) ) ;
#2295 = CARTESIAN_POINT ( 'NONE',  ( -8.297540029607365142, 10.00001200000000168, 4.626103053009458677 ) ) ;
#2296 = CARTESIAN_POINT ( 'NONE',  ( 8.967023712798470214, 2.147145517465061104, 4.085870468678399980 ) ) ;
#2297 = CARTESIAN_POINT ( 'NONE',  ( 0.1814307967061945526, 8.000000000000000000, 2.394357833393303547 ) ) ;
#2298 = VERTEX_POINT ( 'NONE', #3364 ) ;
#2299 = CARTESIAN_POINT ( 'NONE',  ( 2.985189123993037708, 2.414533010808959990, 9.462109755037483083 ) ) ;
#2300 = CARTESIAN_POINT ( 'NONE',  ( 1.098630827246567021, 9.500000000000000000, 9.436260398347616984 ) ) ;
#2301 = TOROIDAL_SURFACE ( 'NONE', #5884, 9.500000000000000000, 0.5000000000000000000 ) ;
#2302 = LINE ( 'NONE', #4027, #232 ) ;
#2303 = ORIENTED_EDGE ( 'NONE', *, *, #3560, .F. ) ;
#2304 = CARTESIAN_POINT ( 'NONE',  ( 9.190461521628867203, 1.768638744481567437, -3.943489008538203500 ) ) ;
#2305 = ORIENTED_EDGE ( 'NONE', *, *, #851, .T. ) ;
#2306 = AXIS2_PLACEMENT_3D ( 'NONE', #200, #5134, #1248 ) ;
#2307 = CARTESIAN_POINT ( 'NONE',  ( -9.138395661352967991, 10.00001200000000168, -2.596097982851431674 ) ) ;
#2308 = CARTESIAN_POINT ( 'NONE',  ( -8.882643920376558810, 1.975903690497186949, 4.594722306767693887 ) ) ;
#2309 = VERTEX_POINT ( 'NONE', #3786 ) ;
#2310 = DIRECTION ( 'NONE',  ( 0.000000000000000000, 0.000000000000000000, 1.000000000000000000 ) ) ;
#2311 = CARTESIAN_POINT ( 'NONE',  ( -9.255370840007570266, 2.164537838121661117, 3.399310659689343872 ) ) ;
#2312 = CIRCLE ( 'NONE', #5545, 0.5000000000000004441 ) ;
#2313 = DIRECTION ( 'NONE',  ( 0.9971414314842893534, 0.000000000000000000, 0.07555769727474784259 ) ) ;
#2314 = CARTESIAN_POINT ( 'NONE',  ( -4.470479223978639283, 2.293003971270598296, -8.837551326252590655 ) ) ;
#2315 = EDGE_CURVE ( 'NONE', #5, #1940, #2672, .T. ) ;
#2316 = VERTEX_POINT ( 'NONE', #5992 ) ;
#2317 = CARTESIAN_POINT ( 'NONE',  ( -1.156453502364808594, 2.371766070001682269, -9.932905682471176334 ) ) ;
#2318 = ORIENTED_EDGE ( 'NONE', *, *, #7126, .F. ) ;
#2319 = CIRCLE ( 'NONE', #5542, 2.000000000000000000 ) ;
#2320 = EDGE_CURVE ( 'NONE', #2609, #6446, #3253, .T. ) ;
#2321 = CARTESIAN_POINT ( 'NONE',  ( 0.6735851868180601221, 2.242561475665996618, 9.870000050362085275 ) ) ;
#2322 = EDGE_CURVE ( 'NONE', #4324, #2316, #4605, .T. ) ;
#2323 = CARTESIAN_POINT ( 'NONE',  ( 1.106490787510109985, 2.248300866378371232, -9.938905903571473743 ) ) ;
#2324 = LINE ( 'NONE', #6109, #5645 ) ;
#2325 = AXIS2_PLACEMENT_3D ( 'NONE', #3782, #122, #160 ) ;
#2326 = CARTESIAN_POINT ( 'NONE',  ( 9.461809159397549962, 1.867418461490328641, -3.238364770026613826 ) ) ;
#2327 = ADVANCED_FACE ( 'NONE', ( #7142 ), #5482, .T. ) ;
#2328 = ORIENTED_EDGE ( 'NONE', *, *, #3468, .F. ) ;
#2329 = CARTESIAN_POINT ( 'NONE',  ( -7.160346141787927721, 1.768638744481566105, -6.981771384884010168 ) ) ;
#2330 = DIRECTION ( 'NONE',  ( -0.000000000000000000, 1.000000000000000000, 0.000000000000000000 ) ) ;
#2331 = CARTESIAN_POINT ( 'NONE',  ( 8.796570338259767752, 9.500000000000000000, -4.594978287205941925 ) ) ;
#2332 = CARTESIAN_POINT ( 'NONE',  ( 0.8789046617972536835, 2.500000000000000444, -9.885393354405108468 ) ) ;
#2333 = DIRECTION ( 'NONE',  ( 0.000000000000000000, -3.469446951953614189E-15, 1.000000000000000000 ) ) ;
#2334 = CIRCLE ( 'NONE', #1975, 2.499999999999999556 ) ;
#2335 = EDGE_CURVE ( 'NONE', #5812, #2696, #4390, .T. ) ;
#2336 = CARTESIAN_POINT ( 'NONE',  ( 9.424708236607845180, 2.314666110110169761, 3.059262728102271733 ) ) ;
#2337 = CARTESIAN_POINT ( 'NONE',  ( 5.095752233843723986E-17, 10.00001200000000168, -11.68192517863507618 ) ) ;
#2338 = AXIS2_PLACEMENT_3D ( 'NONE', #2972, #5795, #5251 ) ;
#2339 = ORIENTED_EDGE ( 'NONE', *, *, #4649, .T. ) ;
#2340 = CARTESIAN_POINT ( 'NONE',  ( -9.949874374724135606, 2.409665417632309126, -1.010707542389104763 ) ) ;
#2341 = DIRECTION ( 'NONE',  ( 0.9249892435672764091, 0.000000000000000000, -0.3799932884734122385 ) ) ;
#2342 = ORIENTED_EDGE ( 'NONE', *, *, #4875, .T. ) ;
#2343 = CARTESIAN_POINT ( 'NONE',  ( 9.619363854055796637, 2.372020242595191064, -2.732734718790839512 ) ) ;
#2344 = VERTEX_POINT ( 'NONE', #2810 ) ;
#2345 = CIRCLE ( 'NONE', #3502, 0.4999999999999998890 ) ;
#2346 = DIRECTION ( 'NONE',  ( 0.000000000000000000, 1.000000000000000000, 0.000000000000000000 ) ) ;
#2347 = CARTESIAN_POINT ( 'NONE',  ( 9.932905682471163900, 2.500000000000000000, 1.156453502364910735 ) ) ;
#2348 = DIRECTION ( 'NONE',  ( 0.000000000000000000, -1.734723475976807094E-15, 1.000000000000000000 ) ) ;
#2349 = CARTESIAN_POINT ( 'NONE',  ( -6.888859623417146416, 1.779716818039897674, 7.249794653336901540 ) ) ;
#2350 = CIRCLE ( 'NONE', #6397, 9.500000000000000000 ) ;
#2351 = CARTESIAN_POINT ( 'NONE',  ( 4.392294266126599567, 1.864094386502770817, 8.984463655236336166 ) ) ;
#2352 = VERTEX_POINT ( 'NONE', #5194 ) ;
#2353 = ORIENTED_EDGE ( 'NONE', *, *, #841, .T. ) ;
#2354 = CARTESIAN_POINT ( 'NONE',  ( 4.580295191712760783, 2.415691656991425074, -8.801430240062186883 ) ) ;
#2355 = CARTESIAN_POINT ( 'NONE',  ( 0.8454647138118350780, 1.975769384896712610, -9.964836729267570803 ) ) ;
#2356 = CARTESIAN_POINT ( 'NONE',  ( 0.000000000000000000, 10.00000000000000000, 0.000000000000000000 ) ) ;
#2357 = CARTESIAN_POINT ( 'NONE',  ( 5.895594408747102833, 9.500000000000000000, -7.449293024680254227 ) ) ;
#2358 = ORIENTED_EDGE ( 'NONE', *, *, #5010, .F. ) ;
#2359 = CARTESIAN_POINT ( 'NONE',  ( -6.205888851312630905, 2.372020242595190176, -7.841361078610881385 ) ) ;
#2360 = DIRECTION ( 'NONE',  ( 0.000000000000000000, 1.000000000000000000, -0.000000000000000000 ) ) ;
#2361 = DIRECTION ( 'NONE',  ( 0.000000000000000000, -1.000000000000000000, 0.000000000000000000 ) ) ;
#2362 = CARTESIAN_POINT ( 'NONE',  ( 0.1126389525482432430, 1.985975370094277270, -10.00001032960337710 ) ) ;
#2363 = EDGE_CURVE ( 'NONE', #1711, #4358, #4754, .T. ) ;
#2364 = CARTESIAN_POINT ( 'NONE',  ( 7.449293024680357256, 10.00000000000000000, -5.895594408746973158 ) ) ;
#2365 = CYLINDRICAL_SURFACE ( 'NONE', #1138, 2.000000000000000000 ) ;
#2366 = CARTESIAN_POINT ( 'NONE',  ( 0.8789046617972534614, 2.500000000000000444, -9.885393354405108468 ) ) ;
#2367 = VERTEX_POINT ( 'NONE', #329 ) ;
#2368 = DIRECTION ( 'NONE',  ( 0.000000000000000000, -1.000000000000000000, 0.000000000000000000 ) ) ;
#2369 = CARTESIAN_POINT ( 'NONE',  ( -6.378947770805471151, 2.414533010808959990, -7.599467116825871393 ) ) ;
#2370 = DIRECTION ( 'NONE',  ( 0.9459096409518750193, 5.627966748511848428E-16, 0.3244301945785795227 ) ) ;
#2371 = CARTESIAN_POINT ( 'NONE',  ( 6.368549229222884911, 2.500000000000000000, 7.611508121969669638 ) ) ;
#2372 = ORIENTED_EDGE ( 'NONE', *, *, #4215, .T. ) ;
#2373 = CARTESIAN_POINT ( 'NONE',  ( 2.333234819276243766, 8.000000000000000000, -0.5673463196692560828 ) ) ;
#2374 = EDGE_LOOP ( 'NONE', ( #3861, #6865, #4930, #5671 ) ) ;
#2375 = DIRECTION ( 'NONE',  ( 0.000000000000000000, 0.000000000000000000, 1.000000000000000000 ) ) ;
#2376 = FACE_OUTER_BOUND ( 'NONE', #668, .T. ) ;
#2377 = EDGE_CURVE ( 'NONE', #544, #6176, #2415, .T. ) ;
#2378 = ADVANCED_FACE ( 'NONE', ( #3025 ), #6961, .T. ) ;
#2379 = DIRECTION ( 'NONE',  ( 1.000000000000000000, 0.000000000000000000, -0.000000000000000000 ) ) ;
#2380 = CYLINDRICAL_SURFACE ( 'NONE', #4274, 2.000000000000000000 ) ;
#2381 = ORIENTED_EDGE ( 'NONE', *, *, #6655, .F. ) ;
#2382 = ORIENTED_EDGE ( 'NONE', *, *, #3465, .T. ) ;
#2383 = DIRECTION ( 'NONE',  ( 0.000000000000000000, 1.000000000000000000, 0.000000000000000000 ) ) ;
#2384 = DIRECTION ( 'NONE',  ( -0.8982659121149824122, 0.000000000000000000, -0.4394523308986298948 ) ) ;
#2385 = VERTEX_POINT ( 'NONE', #1377 ) ;
#2386 = CARTESIAN_POINT ( 'NONE',  ( -9.932905682471179887, 2.500000000000000444, 1.156453502364769514 ) ) ;
#2387 = AXIS2_PLACEMENT_3D ( 'NONE', #5237, #4721, #6398 ) ;
#2388 = DIRECTION ( 'NONE',  ( 0.000000000000000000, 0.000000000000000000, 1.000000000000000000 ) ) ;
#2389 = LINE ( 'NONE', #4011, #4859 ) ;
#2390 = EDGE_LOOP ( 'NONE', ( #4961, #3938, #2421, #4041 ) ) ;
#2391 = VECTOR ( 'NONE', #467, 1000.000000000000114 ) ;
#2392 = DIRECTION ( 'NONE',  ( 0.000000000000000000, 0.000000000000000000, -1.000000000000000000 ) ) ;
#2393 = CARTESIAN_POINT ( 'NONE',  ( -5.095752233843723986E-17, 10.00001200000000168, 11.68192517863507618 ) ) ;
#2394 = CARTESIAN_POINT ( 'NONE',  ( 0.7528369329705507651, 2.127032157860326400, -9.972609810340804515 ) ) ;
#2395 = DIRECTION ( 'NONE',  ( 0.000000000000000000, -1.000000000000000000, 0.000000000000000000 ) ) ;
#2396 = FACE_OUTER_BOUND ( 'NONE', #1930, .T. ) ;
#2397 = CIRCLE ( 'NONE', #6327, 0.4999999999999996114 ) ;
#2398 = AXIS2_PLACEMENT_3D ( 'NONE', #116, #153, #2348 ) ;
#2399 = EDGE_CURVE ( 'NONE', #3851, #1499, #6815, .T. ) ;
#2400 = ADVANCED_FACE ( 'NONE', ( #3060 ), #4026, .T. ) ;
#2401 = FACE_OUTER_BOUND ( 'NONE', #2410, .T. ) ;
#2402 = ORIENTED_EDGE ( 'NONE', *, *, #2275, .T. ) ;
#2403 = CARTESIAN_POINT ( 'NONE',  ( 3.227365271954437009, 2.212953969771218166, 9.339861078571392028 ) ) ;
#2404 = CARTESIAN_POINT ( 'NONE',  ( 2.221104420305842542, 8.000000000000000000, 0.9124482025973593702 ) ) ;
#2405 = EDGE_CURVE ( 'NONE', #335, #3961, #2765, .T. ) ;
#2406 = EDGE_CURVE ( 'NONE', #1988, #4042, #3466, .T. ) ;
#2407 = DIRECTION ( 'NONE',  ( 0.07555769727474609398, 0.000000000000000000, 0.9971414314842894644 ) ) ;
#2408 =( BOUNDED_SURFACE ( )  B_SPLINE_SURFACE ( 3, 2, ( 
 ( #2955, #3063, #5156 ),
 ( #3573, #4144, #4717 ),
 ( #4065, #2411, #6279 ),
 ( #2988, #297, #2519 ),
 ( #5197, #1970, #1421 ),
 ( #5948, #2689, #2141 ),
 ( #2657, #2107, #5340 ),
 ( #4342, #984, #4855 ),
 ( #4789, #6559, #3237 ),
 ( #5404, #6460, #3677 ),
 ( #1585, #3807, #5881 ),
 ( #372, #1488, #4277 ),
 ( #6017, #921, #4758 ),
 ( #5915, #5436, #4212 ),
 ( #6994, #432, #1454 ),
 ( #4889, #6425, #7062 ),
 ( #4311, #4819, #3136 ),
 ( #3102, #3711, #334 ) ),
 .UNSPECIFIED., .F., .F., .T. ) 
 B_SPLINE_SURFACE_WITH_KNOTS ( ( 4, 2, 2, 2, 2, 2, 2, 2, 4 ),
 ( 3, 3 ),
 ( 2.710505431213761085E-20, 0.0003645422052340796027, 0.0007290844104681592054, 0.001093626615702238862, 0.001458168820936318411, 0.001822711026170398176, 0.002187253231404477725, 0.002551795436638557273, 0.002916337641872636822 ),
 ( 0.000000000000000000, 1.000000000000000000 ),
 .UNSPECIFIED. ) 
 GEOMETRIC_REPRESENTATION_ITEM ( )  RATIONAL_B_SPLINE_SURFACE ( (
 ( 1.000000000000000000, 0.9595359398070238965, 1.000000000000000000),
 ( 1.000000000000000000, 0.9595833763010227502, 1.000000000000000000),
 ( 1.000000000000000000, 0.9570685609626671253, 1.000000000000000000),
 ( 1.000000000000000000, 0.9488880332095436243, 1.000000000000000000),
 ( 1.000000000000000000, 0.9432547151588346335, 1.000000000000000000),
 ( 1.000000000000000000, 0.9321826025349491118, 1.000000000000000000),
 ( 1.000000000000000000, 0.9268523530654754206, 1.000000000000000000),
 ( 1.000000000000000000, 0.9192073681285292119, 1.000000000000000000),
 ( 1.000000000000000000, 0.9170514797511299943, 1.000000000000000000),
 ( 1.000000000000000000, 0.9170288608893379934, 1.000000000000000000),
 ( 1.000000000000000000, 0.9192260099103900517, 1.000000000000000000),
 ( 1.000000000000000000, 0.9267996068665848020, 1.000000000000000000),
 ( 1.000000000000000000, 0.9321812854749952360, 1.000000000000000000),
 ( 1.000000000000000000, 0.9432160661325562634, 1.000000000000000000),
 ( 1.000000000000000000, 0.9488445939139520391, 1.000000000000000000),
 ( 1.000000000000000000, 0.9570263305979520574, 1.000000000000000000),
 ( 1.000000000000000000, 0.9595878455022726072, 1.000000000000000000),
 ( 1.000000000000000000, 0.9595359398070242296, 1.000000000000000000) ) ) 
 REPRESENTATION_ITEM ( '' )  SURFACE ( )  );
#2409 = DIRECTION ( 'NONE',  ( 0.000000000000000000, 0.000000000000000000, 1.000000000000000000 ) ) ;
#2410 = EDGE_LOOP ( 'NONE', ( #32, #3309, #1422, #6972 ) ) ;
#2411 = CARTESIAN_POINT ( 'NONE',  ( 2.911304966065387134, 2.322848788353921279, -9.568061159331183063 ) ) ;
#2412 = ORIENTED_EDGE ( 'NONE', *, *, #2399, .F. ) ;
#2413 = CARTESIAN_POINT ( 'NONE',  ( 9.469254843656251808, 9.500000000000000000, -2.970974231079465344 ) ) ;
#2414 = CYLINDRICAL_SURFACE ( 'NONE', #3661, 2.000000000000000000 ) ;
#2415 = CIRCLE ( 'NONE', #1020, 0.5000000000000000000 ) ;
#2416 = CARTESIAN_POINT ( 'NONE',  ( 4.470479223992089857, 10.00001200000000168, 10.79269157286926628 ) ) ;
#2417 = EDGE_CURVE ( 'NONE', #5187, #1356, #3126, .T. ) ;
#2418 = CARTESIAN_POINT ( 'NONE',  ( -7.454194763269666346, 2.048970607329166693, 6.667061058747194124 ) ) ;
#2419 = VECTOR ( 'NONE', #2971, 1000.000000000000000 ) ;
#2420 = CARTESIAN_POINT ( 'NONE',  ( 3.593834903188136476, 1.779448407880940719, 9.332714570764954587 ) ) ;
#2421 = ORIENTED_EDGE ( 'NONE', *, *, #5097, .T. ) ;
#2422 = LINE ( 'NONE', #3543, #5656 ) ;
#2423 = ORIENTED_EDGE ( 'NONE', *, *, #5504, .F. ) ;
#2424 = ORIENTED_EDGE ( 'NONE', *, *, #5010, .T. ) ;
#2425 = DIRECTION ( 'NONE',  ( 0.2362740077746017797, 0.000000000000000000, 0.9716864685947456115 ) ) ;
#2426 = CARTESIAN_POINT ( 'NONE',  ( 3.238364770026658679, 1.867418461490408133, 9.461809159397539304 ) ) ;
#2427 = ORIENTED_EDGE ( 'NONE', *, *, #2817, .F. ) ;
#2428 = AXIS2_PLACEMENT_3D ( 'NONE', #4117, #3006, #5639 ) ;
#2429 = CARTESIAN_POINT ( 'NONE',  ( 0.1251721026587797880, 1.768578062440337106, -10.00000000000000178 ) ) ;
#2430 = CARTESIAN_POINT ( 'NONE',  ( 2.596097982851268249, 10.00000000000000000, 9.138395661353012400 ) ) ;
#2431 = MANIFOLD_SOLID_BREP ( 'Chamfer1', #6119 ) ;
#2432 = CARTESIAN_POINT ( 'NONE',  ( -6.244726359285714956, 2.249819565270343880, 7.810864416449883052 ) ) ;
#2433 = ORIENTED_EDGE ( 'NONE', *, *, #6770, .T. ) ;
#2434 = TOROIDAL_SURFACE ( 'NONE', #1958, 9.500000000000000000, 0.5000000000000000000 ) ;
#2435 = CARTESIAN_POINT ( 'NONE',  ( 8.297540029607398893, 2.500000000000000444, -4.626103053009395616 ) ) ;
#2436 = FACE_OUTER_BOUND ( 'NONE', #4790, .T. ) ;
#2437 = CARTESIAN_POINT ( 'NONE',  ( -4.626103053009432919, 9.500000000000000000, -8.297540029607377576 ) ) ;
#2438 = AXIS2_PLACEMENT_3D ( 'NONE', #216, #3568, #5729 ) ;
#2439 = CARTESIAN_POINT ( 'NONE',  ( -4.687911366387705669, 2.051666420109251376, -8.833441982342652210 ) ) ;
#2440 = DIRECTION ( 'NONE',  ( -0.8511160640214271433, 0.000000000000000000, -0.5249775667251639355 ) ) ;
#2441 = TOROIDAL_SURFACE ( 'NONE', #228, 2.500000000000000000, 0.5000000000000000000 ) ;
#2442 = CARTESIAN_POINT ( 'NONE',  ( 7.841361078610772140, 9.500000000000000000, 6.205888851312770349 ) ) ;
#2443 = ORIENTED_EDGE ( 'NONE', *, *, #2492, .T. ) ;
#2444 = CARTESIAN_POINT ( 'NONE',  ( 4.470479223992320783, 2.500000000000000444, -9.292691572869168581 ) ) ;
#2445 = AXIS2_PLACEMENT_3D ( 'NONE', #5953, #6400, #3107 ) ;
#2446 = EDGE_CURVE ( 'NONE', #3491, #6296, #3099, .T. ) ;
#2447 = CARTESIAN_POINT ( 'NONE',  ( 9.436260398347604550, 9.500000000000000000, 1.098630827246665609 ) ) ;
#2448 = CARTESIAN_POINT ( 'NONE',  ( -0.4397714266284716289, 8.000000000000000000, 2.776607510986326410 ) ) ;
#2449 = AXIS2_PLACEMENT_3D ( 'NONE', #6799, #1835, #827 ) ;
#2450 = VERTEX_POINT ( 'NONE', #2985 ) ;
#2451 = CARTESIAN_POINT ( 'NONE',  ( -6.441044717001071618, 1.981868317978724425, -7.650214500666077555 ) ) ;
#2452 = ORIENTED_EDGE ( 'NONE', *, *, #2335, .T. ) ;
#2453 = SPHERICAL_SURFACE ( 'NONE', #1457, 0.5000000000000000000 ) ;
#2454 = CARTESIAN_POINT ( 'NONE',  ( -7.420172320006873434, 1.829075679051542780, 6.704975473565736976 ) ) ;
#2455 = CARTESIAN_POINT ( 'NONE',  ( -7.841361078610813884, 2.500000000000000444, -6.205888851312715282 ) ) ;
#2456 = ORIENTED_EDGE ( 'NONE', *, *, #1195, .F. ) ;
#2457 = ORIENTED_EDGE ( 'NONE', *, *, #1027, .T. ) ;
#2458 = ORIENTED_EDGE ( 'NONE', *, *, #6598, .F. ) ;
#2459 = PLANE ( 'NONE',  #3627 ) ;
#2460 = CARTESIAN_POINT ( 'NONE',  ( 4.603674570840286862, 1.982312691401836302, 8.878012131685478536 ) ) ;
#2461 = VERTEX_POINT ( 'NONE', #1927 ) ;
#2462 = TOROIDAL_SURFACE ( 'NONE', #6960, 1.500000000000000000, 0.5000000000000000000 ) ;
#2463 = AXIS2_PLACEMENT_3D ( 'NONE', #1737, #4369, #6189 ) ;
#2464 = DIRECTION ( 'NONE',  ( 0.000000000000000000, 0.000000000000000000, 1.000000000000000000 ) ) ;
#2465 = DIRECTION ( 'NONE',  ( -1.856204616801375390E-16, -1.000000000000000000, 1.594314457810250763E-15 ) ) ;
#2466 = ADVANCED_FACE ( 'NONE', ( #5840 ), #876, .T. ) ;
#2467 = LINE ( 'NONE', #282, #4634 ) ;
#2468 = ORIENTED_EDGE ( 'NONE', *, *, #3811, .T. ) ;
#2469 = VECTOR ( 'NONE', #943, 1000.000000000000000 ) ;
#2470 = LINE ( 'NONE', #830, #5511 ) ;
#2471 = CARTESIAN_POINT ( 'NONE',  ( -4.626103053009482657, 9.500000000000000000, 8.297540029607350931 ) ) ;
#2472 = CARTESIAN_POINT ( 'NONE',  ( -4.869582161062556480, 2.500000000000000444, -8.734252662744612650 ) ) ;
#2473 = EDGE_CURVE ( 'NONE', #316, #2751, #4372, .T. ) ;
#2474 = CARTESIAN_POINT ( 'NONE',  ( 8.917350853941352185, 2.183709232977798731, 4.230661462162501607 ) ) ;
#2475 = CARTESIAN_POINT ( 'NONE',  ( -4.470479223992246176, 10.00001200000000168, 10.79269157286920411 ) ) ;
#2476 = ORIENTED_EDGE ( 'NONE', *, *, #6167, .T. ) ;
#2477 = CARTESIAN_POINT ( 'NONE',  ( 6.368549229223045671, 2.456216401094830193, -7.611508121969537299 ) ) ;
#2478 = CARTESIAN_POINT ( 'NONE',  ( 2.596097982851267805, 10.00000000000000000, 9.138395661353012400 ) ) ;
#2479 = CYLINDRICAL_SURFACE ( 'NONE', #2266, 0.5000000000000004441 ) ;
#2480 = DIRECTION ( 'NONE',  ( -0.3799932884734116278, 0.000000000000000000, 0.9249892435672766311 ) ) ;
#2481 = CARTESIAN_POINT ( 'NONE',  ( -0.6649917147099723147, 2.240934156756764217, 9.869222397742527519 ) ) ;
#2482 = ORIENTED_EDGE ( 'NONE', *, *, #3165, .T. ) ;
#2483 = LINE ( 'NONE', #7090, #3991 ) ;
#2484 = CARTESIAN_POINT ( 'NONE',  ( -6.360928075381039548, 2.059185488125345742, -7.716501220627674407 ) ) ;
#2485 = ORIENTED_EDGE ( 'NONE', *, *, #3686, .T. ) ;
#2486 = DIRECTION ( 'NONE',  ( 0.000000000000000000, 0.000000000000000000, 1.000000000000000000 ) ) ;
#2487 = DIRECTION ( 'NONE',  ( -0.9619363854055753560, 0.000000000000000000, -0.2732734718790983397 ) ) ;
#2488 = DIRECTION ( 'NONE',  ( -0.6472324890273797315, 0.000000000000000000, 0.7622926637108760062 ) ) ;
#2489 = EDGE_LOOP ( 'NONE', ( #6976, #6270, #5652, #2890 ) ) ;
#2490 = ORIENTED_EDGE ( 'NONE', *, *, #1838, .F. ) ;
#2491 = ORIENTED_EDGE ( 'NONE', *, *, #5377, .F. ) ;
#2492 = EDGE_CURVE ( 'NONE', #4502, #4243, #1414, .T. ) ;
#2493 = EDGE_CURVE ( 'NONE', #3411, #1684, #5337, .T. ) ;
#2494 = CARTESIAN_POINT ( 'NONE',  ( 6.681597265112824147, 2.164715090713946299, -7.250902820713466035 ) ) ;
#2495 = EDGE_CURVE ( 'NONE', #6180, #6941, #368, .T. ) ;
#2496 = EDGE_LOOP ( 'NONE', ( #3849, #3581, #4075, #466 ) ) ;
#2497 = ADVANCED_FACE ( 'NONE', ( #1049 ), #7150, .F. ) ;
#2498 = DIRECTION ( 'NONE',  ( 0.000000000000000000, 1.000000000000000000, 0.000000000000000000 ) ) ;
#2499 = DIRECTION ( 'NONE',  ( -0.6472324890273779552, 0.000000000000000000, 0.7622926637108775605 ) ) ;
#2500 = CARTESIAN_POINT ( 'NONE',  ( -6.205888851312687748, 2.500000000000000444, 7.841361078610836088 ) ) ;
#2501 = VERTEX_POINT ( 'NONE', #1582 ) ;
#2502 = DIRECTION ( 'NONE',  ( 0.000000000000000000, 0.000000000000000000, 1.000000000000000000 ) ) ;
#2503 = CARTESIAN_POINT ( 'NONE',  ( 1.260587625341240470, 0.000000000000000000, 2.043718524445536033 ) ) ;
#2504 = DIRECTION ( 'NONE',  ( -0.9619363854055783536, 0.000000000000000000, 0.2732734718790877926 ) ) ;
#2505 = CIRCLE ( 'NONE', #4913, 0.5000000000000000000 ) ;
#2506 = DIRECTION ( 'NONE',  ( 0.000000000000000000, 1.000000000000000000, 0.000000000000000000 ) ) ;
#2507 = CARTESIAN_POINT ( 'NONE',  ( 3.376085567469381932, 2.162166198134948480, -9.266270639987830293 ) ) ;
#2508 = DIRECTION ( 'NONE',  ( 0.000000000000000000, -1.000000000000000000, 0.000000000000000000 ) ) ;
#2509 = TOROIDAL_SURFACE ( 'NONE', #1918, 1.500000000000000000, 0.5000000000000000000 ) ;
#2510 = CARTESIAN_POINT ( 'NONE',  ( 2.732734718791010486, 2.371852820628066905, -9.619363854055745122 ) ) ;
#2511 = CARTESIAN_POINT ( 'NONE',  ( 4.626103053009545718, 10.00000000000000000, -8.297540029607313627 ) ) ;
#2512 = CARTESIAN_POINT ( 'NONE',  ( 5.895594408747106385, 2.500000000000000444, -7.449293024680251563 ) ) ;
#2513 = CARTESIAN_POINT ( 'NONE',  ( -6.411475381605043822, 2.343771222574624780, -7.561691272055216295 ) ) ;
#2514 = VECTOR ( 'NONE', #4813, 999.9999999999998863 ) ;
#2515 = AXIS2_PLACEMENT_3D ( 'NONE', #773, #4148, #4071 ) ;
#2516 =( NAMED_UNIT ( * ) PLANE_ANGLE_UNIT ( ) SI_UNIT ( $, .RADIAN. ) );
#2517 = CARTESIAN_POINT ( 'NONE',  ( 0.8426567133883785532, 2.181508697813341779, 9.965325131733086650 ) ) ;
#2518 = EDGE_LOOP ( 'NONE', ( #5480, #6574, #2956, #5599 ) ) ;
#2519 = CARTESIAN_POINT ( 'NONE',  ( 2.922977707959103277, 2.059838893144204430, -9.563576536480388413 ) ) ;
#2520 = ORIENTED_EDGE ( 'NONE', *, *, #2058, .F. ) ;
#2521 = DIRECTION ( 'NONE',  ( 0.000000000000000000, 0.000000000000000000, -1.000000000000000000 ) ) ;
#2522 = PLANE ( 'NONE',  #3023 ) ;
#2523 = DIRECTION ( 'NONE',  ( -0.7497524964563453409, -0.000000000000000000, 0.6617183646064827007 ) ) ;
#2524 = ORIENTED_EDGE ( 'NONE', *, *, #5302, .F. ) ;
#2525 = ORIENTED_EDGE ( 'NONE', *, *, #31, .F. ) ;
#2526 = ORIENTED_EDGE ( 'NONE', *, *, #7174, .F. ) ;
#2527 = B_SPLINE_CURVE_WITH_KNOTS ( 'NONE', 3,
 ( #967, #4158, #3150, #1435, #3623, #4255, #7041, #825, #5828, #4695, #6476, #3114, #1501, #3046, #5378, #5248, #4732, #5319 ),
 .UNSPECIFIED., .F., .F.,
 ( 4, 2, 2, 2, 2, 2, 2, 2, 4 ),
 ( 0.000000000000000000, 0.0001297744646122112337, 0.0002595489292244224674, 0.0005190978584488484043, 0.001038195716897700061, 0.001557293575346550092, 0.001816842504570975432, 0.001946616969183189187, 0.002076391433795402724 ),
 .UNSPECIFIED. ) ;
#2528 = FACE_OUTER_BOUND ( 'NONE', #274, .T. ) ;
#2529 = ORIENTED_EDGE ( 'NONE', *, *, #2119, .F. ) ;
#2530 = CYLINDRICAL_SURFACE ( 'NONE', #671, 2.000000000000000000 ) ;
#2531 = CIRCLE ( 'NONE', #3343, 0.5000000000000004441 ) ;
#2532 = ADVANCED_FACE ( 'NONE', ( #3275 ), #6706, .T. ) ;
#2533 = CARTESIAN_POINT ( 'NONE',  ( 5.095752233843723986E-17, 9.500000000000000000, -11.68192517863507618 ) ) ;
#2534 = AXIS2_PLACEMENT_3D ( 'NONE', #5328, #3160, #5388 ) ;
#2535 = CARTESIAN_POINT ( 'NONE',  ( -4.470479223992246176, 2.500000000000000444, 10.79269157286920411 ) ) ;
#2536 = ORIENTED_EDGE ( 'NONE', *, *, #5720, .F. ) ;
#2537 = ADVANCED_FACE ( 'NONE', ( #5913 ), #4818, .T. ) ;
#2538 = CARTESIAN_POINT ( 'NONE',  ( 0.000000000000000000, -4.000000000000000000, 0.000000000000000000 ) ) ;
#2539 = AXIS2_PLACEMENT_3D ( 'NONE', #1361, #3974, #1875 ) ;
#2540 = FACE_OUTER_BOUND ( 'NONE', #3181, .T. ) ;
#2541 = FACE_OUTER_BOUND ( 'NONE', #5226, .T. ) ;
#2542 = CARTESIAN_POINT ( 'NONE',  ( 0.000000000000000000, 10.00000000000000000, 0.000000000000000000 ) ) ;
#2543 = ADVANCED_FACE ( 'NONE', ( #982 ), #1490, .T. ) ;
#2544 = CARTESIAN_POINT ( 'NONE',  ( -3.710106042531169823, 1.768515498480388137, -9.287160042897189882 ) ) ;
#2545 = CIRCLE ( 'NONE', #6575, 0.5000000000000005551 ) ;
#2546 = AXIS2_PLACEMENT_3D ( 'NONE', #5947, #6016, #916 ) ;
#2547 = CARTESIAN_POINT ( 'NONE',  ( 8.734252662744527385, 2.500000000000000000, 4.869582161062707470 ) ) ;
#2548 = FACE_OUTER_BOUND ( 'NONE', #284, .T. ) ;
#2549 = DIRECTION ( 'NONE',  ( 0.07555769727474787034, 0.000000000000000000, -0.9971414314842892423 ) ) ;
#2550 = TOROIDAL_SURFACE ( 'NONE', #4850, 2.500000000000000000, 0.5000000000000000000 ) ;
#2551 = PLANE ( 'NONE',  #5466 ) ;
#2552 = DIRECTION ( 'NONE',  ( 0.000000000000000000, -1.000000000000000000, 0.000000000000000000 ) ) ;
#2553 = CIRCLE ( 'NONE', #5213, 2.000000000000000000 ) ;
#2554 = CARTESIAN_POINT ( 'NONE',  ( 0.1144902525312905539, 1.986052934431099315, 9.999989585984112139 ) ) ;
#2555 = AXIS2_PLACEMENT_3D ( 'NONE', #4988, #3837, #527 ) ;
#2556 = ORIENTED_EDGE ( 'NONE', *, *, #6472, .T. ) ;
#2557 = CARTESIAN_POINT ( 'NONE',  ( 9.840961641373077384, 2.134286657244863772, 0.1710720760171536015 ) ) ;
#2558 = CIRCLE ( 'NONE', #3370, 0.5000000000000001110 ) ;
#2559 = ORIENTED_EDGE ( 'NONE', *, *, #4748, .F. ) ;
#2560 = CARTESIAN_POINT ( 'NONE',  ( -1.098630827246567465, 2.500000000000000444, -9.436260398347616984 ) ) ;
#2561 = VECTOR ( 'NONE', #7163, 1000.000000000000114 ) ;
#2562 = FACE_OUTER_BOUND ( 'NONE', #5536, .T. ) ;
#2563 = AXIS2_PLACEMENT_3D ( 'NONE', #5567, #5052, #4473 ) ;
#2564 = FACE_OUTER_BOUND ( 'NONE', #7101, .T. ) ;
#2565 = CARTESIAN_POINT ( 'NONE',  ( 8.734252662744630413, 2.371852820628066016, -4.869582161062527170 ) ) ;
#2566 = ORIENTED_EDGE ( 'NONE', *, *, #3221, .F. ) ;
#2567 = ORIENTED_EDGE ( 'NONE', *, *, #5250, .T. ) ;
#2568 = ORIENTED_EDGE ( 'NONE', *, *, #5722, .T. ) ;
#2569 = AXIS2_PLACEMENT_3D ( 'NONE', #1094, #4392, #626 ) ;
#2570 = CARTESIAN_POINT ( 'NONE',  ( 7.536565878395755647, 2.314666110110170205, 6.433069916092962970 ) ) ;
#2571 = VERTEX_POINT ( 'NONE', #3170 ) ;
#2572 = CARTESIAN_POINT ( 'NONE',  ( -4.533961607262596338, 2.345527268378191810, -8.816692590429404675 ) ) ;
#2573 = CYLINDRICAL_SURFACE ( 'NONE', #5986, 0.5000000000000004441 ) ;
#2574 = DIRECTION ( 'NONE',  ( 0.000000000000000000, 1.000000000000000000, 0.000000000000000000 ) ) ;
#2575 = ORIENTED_EDGE ( 'NONE', *, *, #4034, .T. ) ;
#2576 = DIRECTION ( 'NONE',  ( -0.000000000000000000, -1.000000000000000000, -0.000000000000000000 ) ) ;
#2577 = CIRCLE ( 'NONE', #1401, 0.4999999999999993894 ) ;
#2578 = CARTESIAN_POINT ( 'NONE',  ( -4.591460142829396851, 2.181049877636753287, 8.884607128713257751 ) ) ;
#2579 = AXIS2_PLACEMENT_3D ( 'NONE', #4554, #2506, #172 ) ;
#2580 = CARTESIAN_POINT ( 'NONE',  ( -2.221104420305841654, 8.000000000000000000, -0.9124482025973593702 ) ) ;
#2581 = CARTESIAN_POINT ( 'NONE',  ( 3.017827522871558976, 2.359505379727361518, -9.445648519300585022 ) ) ;
#2582 = DIRECTION ( 'NONE',  ( 0.000000000000000000, 0.000000000000000000, 1.000000000000000000 ) ) ;
#2583 = AXIS2_PLACEMENT_3D ( 'NONE', #6095, #1639, #506 ) ;
#2584 = SPHERICAL_SURFACE ( 'NONE', #3208, 0.5000000000000000000 ) ;
#2585 = EDGE_CURVE ( 'NONE', #5252, #3572, #2312, .T. ) ;
#2586 = DIRECTION ( 'NONE',  ( -0.000000000000000000, -1.000000000000000000, -0.000000000000000000 ) ) ;
#2587 = EDGE_CURVE ( 'NONE', #4986, #2746, #3233, .T. ) ;
#2588 = APPLICATION_PROTOCOL_DEFINITION ( 'draft international standard', 'automotive_design', 1998, #1143 ) ;
#2589 = VECTOR ( 'NONE', #4033, 1000.000000000000227 ) ;
#2590 = EDGE_CURVE ( 'NONE', #1173, #3033, #5366, .T. ) ;
#2591 = DIRECTION ( 'NONE',  ( -0.6472324890273781772, 0.000000000000000000, -0.7622926637108773384 ) ) ;
#2592 = DIRECTION ( 'NONE',  ( 0.000000000000000000, 1.000000000000000000, -0.000000000000000000 ) ) ;
#2593 = CARTESIAN_POINT ( 'NONE',  ( -1.109995276579309298, 2.255681435097380394, 9.938496242092700328 ) ) ;
#2594 = VERTEX_POINT ( 'NONE', #464 ) ;
#2595 = CARTESIAN_POINT ( 'NONE',  ( 9.880520895452907126, 2.343771222574625224, 0.8133254559658908978 ) ) ;
#2596 = ORIENTED_EDGE ( 'NONE', *, *, #6685, .T. ) ;
#2597 = CARTESIAN_POINT ( 'NONE',  ( 9.885393354405099586, 10.00001200000000168, 0.8789046617973562681 ) ) ;
#2598 = SPHERICAL_SURFACE ( 'NONE', #812, 0.5000000000000000000 ) ;
#2599 = ORIENTED_EDGE ( 'NONE', *, *, #5141, .F. ) ;
#2600 = EDGE_LOOP ( 'NONE', ( #2402, #2078, #4890, #6054, #307 ) ) ;
#2601 = EDGE_LOOP ( 'NONE', ( #6647, #3113, #1793, #1723 ) ) ;
#2602 = EDGE_CURVE ( 'NONE', #194, #3653, #92, .T. ) ;
#2603 = CARTESIAN_POINT ( 'NONE',  ( 7.561418751232849012, 2.343452233630471948, 6.411709747915633528 ) ) ;
#2604 = ORIENTED_EDGE ( 'NONE', *, *, #1957, .T. ) ;
#2605 = EDGE_CURVE ( 'NONE', #5112, #1313, #1009, .T. ) ;
#2606 = DIRECTION ( 'NONE',  ( -0.7622926637108775605, 0.000000000000000000, -0.6472324890273779552 ) ) ;
#2607 = DIRECTION ( 'NONE',  ( -0.2362740077746028344, 0.000000000000000000, 0.9716864685947452784 ) ) ;
#2608 = DIRECTION ( 'NONE',  ( -0.000000000000000000, -1.000000000000000000, -0.000000000000000000 ) ) ;
#2609 = VERTEX_POINT ( 'NONE', #7025 ) ;
#2610 = LINE ( 'NONE', #1473, #3045 ) ;
#2611 = DIRECTION ( 'NONE',  ( -0.8982659121149824122, 0.000000000000000000, -0.4394523308986298948 ) ) ;
#2612 = CARTESIAN_POINT ( 'NONE',  ( -4.061684449357183979, 1.779716818039831061, -9.138852710299545379 ) ) ;
#2613 = VECTOR ( 'NONE', #1089, 999.9999999999998863 ) ;
#2614 = CARTESIAN_POINT ( 'NONE',  ( 9.037590233239471971, 1.827040335878404420, 4.282192586373981591 ) ) ;
#2615 = CARTESIAN_POINT ( 'NONE',  ( 0.000000000000000000, 10.00000000000000000, 0.000000000000000000 ) ) ;
#2616 = APPLICATION_PROTOCOL_DEFINITION ( 'draft international standard', 'automotive_design', 1998, #1751 ) ;
#2617 = FACE_OUTER_BOUND ( 'NONE', #298, .T. ) ;
#2618 = DIRECTION ( 'NONE',  ( -0.000000000000000000, 1.000000000000000000, -0.000000000000000000 ) ) ;
#2619 = AXIS2_PLACEMENT_3D ( 'NONE', #5369, #1456, #5342 ) ;
#2620 = ADVANCED_FACE ( 'NONE', ( #3235 ), #2434, .T. ) ;
#2621 = EDGE_CURVE ( 'NONE', #544, #6468, #7040, .T. ) ;
#2622 = ORIENTED_EDGE ( 'NONE', *, *, #3526, .F. ) ;
#2623 = EDGE_CURVE ( 'NONE', #4903, #43, #923, .T. ) ;
#2624 = CARTESIAN_POINT ( 'NONE',  ( 9.885393354405117350, 2.500000000000000444, -0.8789046617971486564 ) ) ;
#2625 = ORIENTED_EDGE ( 'NONE', *, *, #2587, .F. ) ;
#2626 = DIRECTION ( 'NONE',  ( 0.000000000000000000, 0.000000000000000000, 1.000000000000000000 ) ) ;
#2627 = EDGE_CURVE ( 'NONE', #3827, #4614, #6930, .T. ) ;
#2628 = AXIS2_PLACEMENT_3D ( 'NONE', #4304, #7054, #4235 ) ;
#2629 = VECTOR ( 'NONE', #3106, 1000.000000000000114 ) ;
#2630 = DIRECTION ( 'NONE',  ( 0.000000000000000000, 3.469446951953614189E-15, 1.000000000000000000 ) ) ;
#2631 = CIRCLE ( 'NONE', #4134, 0.4999999999999998890 ) ;
#2632 = AXIS2_PLACEMENT_3D ( 'NONE', #6947, #2576, #3659 ) ;
#2633 = EDGE_LOOP ( 'NONE', ( #255, #2185, #6594, #2155 ) ) ;
#2634 = ORIENTED_EDGE ( 'NONE', *, *, #3394, .T. ) ;
#2635 = ORIENTED_EDGE ( 'NONE', *, *, #165, .T. ) ;
#2636 = B_SPLINE_CURVE_WITH_KNOTS ( 'NONE', 3,
 ( #4514, #2894, #5926, #1392, #3215, #6902, #3112, #6366, #5279, #1432, #3620, #382, #1531, #2570, #2603, #4770, #3751, #2637 ),
 .UNSPECIFIED., .F., .F.,
 ( 4, 2, 2, 2, 2, 2, 2, 2, 4 ),
 ( 0.000000000000000000, 0.0001297744646122138900, 0.0002595489292244277800, 0.0005190978584488561021, 0.001038195716897713072, 0.001557293575346569824, 0.001816842504570999285, 0.001946616969183212822, 0.002076391433795426577 ),
 .UNSPECIFIED. ) ;
#2637 = CARTESIAN_POINT ( 'NONE',  ( 7.611508121969512430, 2.500000000000000444, 6.368549229223070540 ) ) ;
#2638 = ADVANCED_FACE ( 'NONE', ( #3132 ), #3201, .F. ) ;
#2639 = CARTESIAN_POINT ( 'NONE',  ( -7.841361078610860957, 10.00000000000000000, 6.205888851312659327 ) ) ;
#2640 = CARTESIAN_POINT ( 'NONE',  ( -7.611508121969602136, 9.500000000000000000, 6.368549229222964847 ) ) ;
#2641 = CARTESIAN_POINT ( 'NONE',  ( 4.470479223992089857, 9.500000000000000000, 10.79269157286926628 ) ) ;
#2642 = CARTESIAN_POINT ( 'NONE',  ( -9.282599226627764821, 1.986052934431205674, -3.721055137393887158 ) ) ;
#2643 = ORIENTED_EDGE ( 'NONE', *, *, #5142, .T. ) ;
#2644 = DIRECTION ( 'NONE',  ( -0.1156453502364806762, 0.000000000000000000, -0.9932905682471175890 ) ) ;
#2645 = CARTESIAN_POINT ( 'NONE',  ( -3.120200068441904229, 2.127336489724644508, 9.501796650727881044 ) ) ;
#2646 = VECTOR ( 'NONE', #4662, 1000.000000000000000 ) ;
#2647 = DIRECTION ( 'NONE',  ( 0.000000000000000000, 1.000000000000000000, 0.000000000000000000 ) ) ;
#2648 = CARTESIAN_POINT ( 'NONE',  ( 6.619703835945526471, 1.864094386502768153, -7.496156162786325794 ) ) ;
#2649 = CARTESIAN_POINT ( 'NONE',  ( -4.594978287205977452, 10.00001200000000168, -8.796570338259748212 ) ) ;
#2650 = CARTESIAN_POINT ( 'NONE',  ( 8.833773591331217645, 2.051189550670912354, 4.687283918649812087 ) ) ;
#2651 = ORIENTED_EDGE ( 'NONE', *, *, #2098, .F. ) ;
#2652 = LINE ( 'NONE', #4884, #835 ) ;
#2653 = DIRECTION ( 'NONE',  ( 0.7497524964563273553, 0.000000000000000000, 0.6617183646065030178 ) ) ;
#2654 = AXIS2_PLACEMENT_3D ( 'NONE', #859, #5283, #5895 ) ;
#2655 = CARTESIAN_POINT ( 'NONE',  ( 4.470479223992089857, 9.500000000000000000, 8.792691572869266281 ) ) ;
#2656 = DIRECTION ( 'NONE',  ( 0.000000000000000000, 0.000000000000000000, 1.000000000000000000 ) ) ;
#2657 = CARTESIAN_POINT ( 'NONE',  ( 3.398190578544750817, 2.164715090713908108, -9.255897283380166485 ) ) ;
#2658 = VERTEX_POINT ( 'NONE', #4415 ) ;
#2659 = CARTESIAN_POINT ( 'NONE',  ( 9.229789989832722696, 2.147145517465061548, -3.451496558928023983 ) ) ;
#2660 = FACE_OUTER_BOUND ( 'NONE', #515, .T. ) ;
#2661 = DIRECTION ( 'NONE',  ( -6.018531076210100830E-30, -1.734723475976805517E-15, 1.000000000000000000 ) ) ;
#2662 = EDGE_CURVE ( 'NONE', #147, #1438, #239, .T. ) ;
#2663 = AXIS2_PLACEMENT_3D ( 'NONE', #5128, #4040, #743 ) ;
#2664 = CARTESIAN_POINT ( 'NONE',  ( -9.932905682471172781, 2.372020242595190620, -1.156453502364841013 ) ) ;
#2665 = EDGE_LOOP ( 'NONE', ( #3092, #1826, #4804, #4145 ) ) ;
#2666 = VERTEX_POINT ( 'NONE', #6161 ) ;
#2667 = ORIENTED_EDGE ( 'NONE', *, *, #3520, .T. ) ;
#2668 = DIRECTION ( 'NONE',  ( 0.000000000000000000, 1.000000000000000000, 0.000000000000000000 ) ) ;
#2669 = VERTEX_POINT ( 'NONE', #7166 ) ;
#2670 = AXIS2_PLACEMENT_3D ( 'NONE', #1386, #5885, #2011 ) ;
#2671 = ORIENTED_EDGE ( 'NONE', *, *, #5374, .T. ) ;
#2672 = LINE ( 'NONE', #6062, #6922 ) ;
#2673 = CARTESIAN_POINT ( 'NONE',  ( -2.504813822048899130, 8.000000000000000000, -1.276266388579321509 ) ) ;
#2674 = CIRCLE ( 'NONE', #1045, 2.000000000000000000 ) ;
#2675 = ORIENTED_EDGE ( 'NONE', *, *, #5048, .T. ) ;
#2676 = CARTESIAN_POINT ( 'NONE',  ( -4.594978287206036072, 2.500000000000000444, 8.796570338259719790 ) ) ;
#2677 = FACE_OUTER_BOUND ( 'NONE', #5233, .T. ) ;
#2678 = CARTESIAN_POINT ( 'NONE',  ( 7.611508121969646545, 10.00001200000000168, -6.368549229222910668 ) ) ;
#2679 = DIRECTION ( 'NONE',  ( 0.000000000000000000, 1.000000000000000000, 0.000000000000000000 ) ) ;
#2680 = CARTESIAN_POINT ( 'NONE',  ( 5.095752233843723986E-17, 2.500000000000000444, -11.68192517863507618 ) ) ;
#2681 = CARTESIAN_POINT ( 'NONE',  ( -8.734252662744591333, 2.500000000000000444, 4.869582161062591119 ) ) ;
#2682 = DIRECTION ( 'NONE',  ( 0.000000000000000000, 0.000000000000000000, -1.000000000000000000 ) ) ;
#2683 = ADVANCED_FACE ( 'NONE', ( #5547, #6707 ), #7130, .T. ) ;
#2684 = CARTESIAN_POINT ( 'NONE',  ( 2.221104420305847427, 0.000000000000000000, -0.9124482025973561505 ) ) ;
#2685 = ADVANCED_FACE ( 'NONE', ( #6667 ), #533, .T. ) ;
#2686 = CARTESIAN_POINT ( 'NONE',  ( -9.287105483649808590, 1.768638744481568326, -3.710169844705778264 ) ) ;
#2687 = DIRECTION ( 'NONE',  ( 0.000000000000000000, 1.000000000000000000, 0.000000000000000000 ) ) ;
#2688 = AXIS2_PLACEMENT_3D ( 'NONE', #1621, #7125, #1151 ) ;
#2689 = CARTESIAN_POINT ( 'NONE',  ( 3.306919296390281815, 2.048945620300732351, -9.438170773037176886 ) ) ;
#2690 = ORIENTED_EDGE ( 'NONE', *, *, #5563, .T. ) ;
#2691 = CIRCLE ( 'NONE', #720, 2.000000000000000000 ) ;
#2692 = CARTESIAN_POINT ( 'NONE',  ( -2.548403532281083628, 0.000000000000000000, 1.851523544721290992 ) ) ;
#2693 = CARTESIAN_POINT ( 'NONE',  ( 6.888520213642508772, 1.779849606445546462, 7.250099490762372589 ) ) ;
#2694 = CIRCLE ( 'NONE', #7081, 2.000000000000000000 ) ;
#2695 = EDGE_LOOP ( 'NONE', ( #2123, #3373, #6560, #1523 ) ) ;
#2696 = VERTEX_POINT ( 'NONE', #4528 ) ;
#2697 = EDGE_LOOP ( 'NONE', ( #4332, #4116, #102 ) ) ;
#2698 = CARTESIAN_POINT ( 'NONE',  ( 2.776607510986325966, 0.000000000000000000, -0.4397714266284734608 ) ) ;
#2699 = ORIENTED_EDGE ( 'NONE', *, *, #231, .F. ) ;
#2700 = EDGE_LOOP ( 'NONE', ( #2961, #3590, #6171, #7007 ) ) ;
#2701 = CARTESIAN_POINT ( 'NONE',  ( 0.8453666450343813032, 1.975660126345932577, 9.964848877562472396 ) ) ;
#2702 = CARTESIAN_POINT ( 'NONE',  ( -6.459234499842977151, 2.279919447647852149, 7.506146992169976606 ) ) ;
#2703 = DIRECTION ( 'NONE',  ( 0.000000000000000000, 1.000000000000000000, -0.000000000000000000 ) ) ;
#2704 = ADVANCED_FACE ( 'NONE', ( #1662 ), #169, .T. ) ;
#2705 = ADVANCED_FACE ( 'NONE', ( #252 ), #2365, .F. ) ;
#2706 = CARTESIAN_POINT ( 'NONE',  ( 9.885393354405099586, 9.500000000000000000, 0.8789046617973568232 ) ) ;
#2707 = ORIENTED_EDGE ( 'NONE', *, *, #7057, .F. ) ;
#2708 = EDGE_CURVE ( 'NONE', #2149, #3827, #3018, .T. ) ;
#2709 = CARTESIAN_POINT ( 'NONE',  ( 0.5918070992133083186, 2.212746796842761210, 9.863918724921020953 ) ) ;
#2710 = EDGE_CURVE ( 'NONE', #1879, #2450, #2073, .T. ) ;
#2711 = CARTESIAN_POINT ( 'NONE',  ( -0.8129628328426814488, 2.343447600951189091, -9.880493601047255936 ) ) ;
#2712 = FACE_OUTER_BOUND ( 'NONE', #3424, .T. ) ;
#2713 = DIRECTION ( 'NONE',  ( 0.000000000000000000, 0.000000000000000000, 1.000000000000000000 ) ) ;
#2714 = CARTESIAN_POINT ( 'NONE',  ( -0.4013235377314535723, 2.164537838121623370, 9.851707555809991135 ) ) ;
#2715 = ORIENTED_EDGE ( 'NONE', *, *, #6228, .T. ) ;
#2716 = CARTESIAN_POINT ( 'NONE',  ( 0.000000000000000000, 10.00000000000000000, 0.000000000000000000 ) ) ;
#2717 = CARTESIAN_POINT ( 'NONE',  ( -9.885393354405110244, 2.500000000000000444, 0.8789046617972166020 ) ) ;
#2718 = CARTESIAN_POINT ( 'NONE',  ( -8.806444720498255663, 2.378544800988977581, 4.565129932703102078 ) ) ;
#2719 = CARTESIAN_POINT ( 'NONE',  ( 1.098630827246567909, 9.500000000000000000, -9.436260398347616984 ) ) ;
#2720 = CARTESIAN_POINT ( 'NONE',  ( -2.780286464852405715, 2.249819565270344324, 9.606051082930969542 ) ) ;
#2721 = CARTESIAN_POINT ( 'NONE',  ( -9.619363854055754004, 2.500000000000000444, -2.732734718790983397 ) ) ;
#2722 = DIRECTION ( 'NONE',  ( 0.4394523308986166832, 3.895607413538972984E-16, 0.8982659121149888515 ) ) ;
#2723 = DIRECTION ( 'NONE',  ( 0.000000000000000000, 0.000000000000000000, 1.000000000000000000 ) ) ;
#2724 = AXIS2_PLACEMENT_3D ( 'NONE', #2132, #6585, #3911 ) ;
#2725 = DIRECTION ( 'NONE',  ( 0.2732734718790853501, 0.000000000000000000, 0.9619363854055790197 ) ) ;
#2726 = ORIENTED_EDGE ( 'NONE', *, *, #178, .F. ) ;
#2727 = CARTESIAN_POINT ( 'NONE',  ( 8.260368511126804592, 10.00000000000000000, -8.260368511126660707 ) ) ;
#2728 = DIRECTION ( 'NONE',  ( 0.000000000000000000, -1.000000000000000000, 0.000000000000000000 ) ) ;
#2729 = AXIS2_PLACEMENT_3D ( 'NONE', #2560, #2010, #3105 ) ;
#2730 = CARTESIAN_POINT ( 'NONE',  ( 7.750301776586734803, 2.410376625841651688, 6.320945513048449094 ) ) ;
#2731 = VERTEX_POINT ( 'NONE', #5144 ) ;
#2732 = CIRCLE ( 'NONE', #2619, 0.5000000000000004441 ) ;
#2733 = EDGE_LOOP ( 'NONE', ( #3897, #7089, #3146, #3780 ) ) ;
#2734 = DIRECTION ( 'NONE',  ( -1.000000000000000000, 0.000000000000000000, 0.000000000000000000 ) ) ;
#2735 = DIRECTION ( 'NONE',  ( 0.000000000000000000, 0.000000000000000000, 1.000000000000000000 ) ) ;
#2736 = DIRECTION ( 'NONE',  ( 0.5249775667251612710, 0.000000000000000000, 0.8511160640214288087 ) ) ;
#2737 = CIRCLE ( 'NONE', #1564, 0.5000000000000004441 ) ;
#2738 = CARTESIAN_POINT ( 'NONE',  ( -9.401861085319795919, 2.024215165943836325, 3.408834636278210706 ) ) ;
#2739 = CIRCLE ( 'NONE', #6784, 0.5000000000000004441 ) ;
#2740 = DIRECTION ( 'NONE',  ( -0.7841361078610808999, 0.000000000000000000, -0.6205888851312723054 ) ) ;
#2741 = CARTESIAN_POINT ( 'NONE',  ( 0.000000000000000000, 9.500000000000000000, 0.000000000000000000 ) ) ;
#2742 = VERTEX_POINT ( 'NONE', #4555 ) ;
#2743 = CARTESIAN_POINT ( 'NONE',  ( 1.098630827246564134, 10.00001200000000168, 9.936260398347616984 ) ) ;
#2744 = ORIENTED_EDGE ( 'NONE', *, *, #5280, .F. ) ;
#2745 = DIRECTION ( 'NONE',  ( 0.000000000000000000, 0.000000000000000000, 1.000000000000000000 ) ) ;
#2746 = VERTEX_POINT ( 'NONE', #1301 ) ;
#2747 = ADVANCED_FACE ( 'NONE', ( #2396 ), #3925, .F. ) ;
#2748 = CARTESIAN_POINT ( 'NONE',  ( 9.965325131733093755, 2.181508697813342224, -0.8426567133882809646 ) ) ;
#2749 = DIRECTION ( 'NONE',  ( 0.000000000000000000, 1.000000000000000000, 0.000000000000000000 ) ) ;
#2750 = CARTESIAN_POINT ( 'NONE',  ( 9.619363842115280505, 2.376055744299645500, -2.732734760822045583 ) ) ;
#2751 = VERTEX_POINT ( 'NONE', #6339 ) ;
#2752 = CARTESIAN_POINT ( 'NONE',  ( -8.796570338259732225, 10.00001200000000168, 4.594978287206008538 ) ) ;
#2753 = SPHERICAL_SURFACE ( 'NONE', #5391, 0.5000000000000000000 ) ;
#2754 = DIRECTION ( 'NONE',  ( 0.9249892435672758539, 0.000000000000000000, 0.3799932884734136818 ) ) ;
#2755 = CARTESIAN_POINT ( 'NONE',  ( 3.150000000000003908, 0.000000000000000000, -2.818925648462311528E-15 ) ) ;
#2756 = DIRECTION ( 'NONE',  ( 0.000000000000000000, 1.000000000000000000, -0.000000000000000000 ) ) ;
#2757 = CARTESIAN_POINT ( 'NONE',  ( 9.230052895555491688, 2.147342056939914645, 3.450969649951423968 ) ) ;
#2758 = VECTOR ( 'NONE', #127, 1000.000000000000114 ) ;
#2759 = DIRECTION ( 'NONE',  ( -0.9249892435672760760, 0.000000000000000000, -0.3799932884734130156 ) ) ;
#2760 = ORIENTED_EDGE ( 'NONE', *, *, #3966, .F. ) ;
#2761 = CARTESIAN_POINT ( 'NONE',  ( -9.857563765852088267, 2.183694385698054852, 0.4961482701701762643 ) ) ;
#2762 = VECTOR ( 'NONE', #4196, 1000.000000000000000 ) ;
#2763 = CARTESIAN_POINT ( 'NONE',  ( 7.506146992169956178, 2.279919447647845487, 6.459234499843040211 ) ) ;
#2764 = AXIS2_PLACEMENT_3D ( 'NONE', #1518, #1549, #6522 ) ;
#2765 = CIRCLE ( 'NONE', #6474, 0.5000000000000001110 ) ;
#2766 = ORIENTED_EDGE ( 'NONE', *, *, #2881, .T. ) ;
#2767 = CARTESIAN_POINT ( 'NONE',  ( -7.642397253626201703, 2.181508697813420827, -6.450700701127853876 ) ) ;
#2768 = ORIENTED_EDGE ( 'NONE', *, *, #2856, .F. ) ;
#2769 = DIRECTION ( 'NONE',  ( 0.000000000000000000, 0.000000000000000000, 1.000000000000000000 ) ) ;
#2770 = DIRECTION ( 'NONE',  ( -7.816086743456928668E-16, -1.000000000000000000, 1.401920620564776482E-15 ) ) ;
#2771 = CIRCLE ( 'NONE', #5899, 0.5000000000000003331 ) ;
#2772 = ADVANCED_FACE ( 'NONE', ( #4057 ), #3525, .T. ) ;
#2773 = CARTESIAN_POINT ( 'NONE',  ( -4.470479223992169793, 9.500000000000000000, -10.79269157286923075 ) ) ;
#2774 = CARTESIAN_POINT ( 'NONE',  ( 1.552006135520455375E-13, 1.768578062440346432, 10.00000000000000000 ) ) ;
#2775 = TOROIDAL_SURFACE ( 'NONE', #6820, 2.500000000000000000, 0.5000000000000000000 ) ;
#2776 = CARTESIAN_POINT ( 'NONE',  ( 5.895594408746948289, 10.00000000000000000, 7.449293024680377684 ) ) ;
#2777 = CARTESIAN_POINT ( 'NONE',  ( 8.297540029607397116, 10.00001200000000168, -4.626103053009394728 ) ) ;
#2778 = ORIENTED_EDGE ( 'NONE', *, *, #6974, .T. ) ;
#2779 = LINE ( 'NONE', #2743, #1492 ) ;
#2780 = EDGE_LOOP ( 'NONE', ( #4718, #1575, #1790 ) ) ;
#2781 = AXIS2_PLACEMENT_3D ( 'NONE', #3859, #625, #4935 ) ;
#2782 = CARTESIAN_POINT ( 'NONE',  ( 9.964817015740026207, 1.975903690497188725, -0.8457292328690412253 ) ) ;
#2783 = CARTESIAN_POINT ( 'NONE',  ( 9.997538315944971998, 1.779716818039918103, -0.2552196072239464875 ) ) ;
#2784 = CARTESIAN_POINT ( 'NONE',  ( 0.000000000000000000, -4.000000000000000000, 0.000000000000000000 ) ) ;
#2785 = VECTOR ( 'NONE', #5118, 999.9999999999998863 ) ;
#2786 = CARTESIAN_POINT ( 'NONE',  ( 8.829327179896910849, 2.059838893144258165, -4.695612462786695751 ) ) ;
#2787 = VERTEX_POINT ( 'NONE', #4635 ) ;
#2788 = DIRECTION ( 'NONE',  ( 0.000000000000000000, 1.000000000000000000, 0.000000000000000000 ) ) ;
#2789 = CARTESIAN_POINT ( 'NONE',  ( -9.885393354405104915, 2.500000000000000444, -0.8789046617972877673 ) ) ;
#2790 = DIRECTION ( 'NONE',  ( 0.000000000000000000, 0.000000000000000000, 1.000000000000000000 ) ) ;
#2791 = DIRECTION ( 'NONE',  ( -0.000000000000000000, -1.000000000000000000, -0.000000000000000000 ) ) ;
#2792 = CARTESIAN_POINT ( 'NONE',  ( -9.563576536480399071, 2.059838893144258165, -2.922977707959073079 ) ) ;
#2793 = CARTESIAN_POINT ( 'NONE',  ( 4.411637572855640954, 2.250472257925432817, -8.856894585430339362 ) ) ;
#2794 = CARTESIAN_POINT ( 'NONE',  ( 9.579266306900908745, 2.410376625841653464, 2.873880099895028462 ) ) ;
#2795 = ADVANCED_FACE ( 'NONE', ( #1885 ), #4248, .F. ) ;
#2796 = DIRECTION ( 'NONE',  ( 0.000000000000000000, 1.000000000000000000, 0.000000000000000000 ) ) ;
#2797 = VERTEX_POINT ( 'NONE', #5802 ) ;
#2798 = CARTESIAN_POINT ( 'NONE',  ( -9.883052937361798129, 2.377840714399283240, -0.8470067704478088100 ) ) ;
#2799 = EDGE_CURVE ( 'NONE', #5527, #1226, #1371, .T. ) ;
#2800 = VECTOR ( 'NONE', #5877, 999.9999999999998863 ) ;
#2801 = EDGE_CURVE ( 'NONE', #4156, #6254, #3791, .T. ) ;
#2802 = CIRCLE ( 'NONE', #5114, 10.00000000000000000 ) ;
#2803 = ORIENTED_EDGE ( 'NONE', *, *, #1609, .T. ) ;
#2804 = CARTESIAN_POINT ( 'NONE',  ( -0.5673463196692629662, 8.000000000000000000, 2.333234819276247762 ) ) ;
#2805 = EDGE_LOOP ( 'NONE', ( #4279, #930, #1978 ) ) ;
#2806 = CARTESIAN_POINT ( 'NONE',  ( -2.333234819276243766, 8.000000000000000000, 0.5673463196692546395 ) ) ;
#2807 = CARTESIAN_POINT ( 'NONE',  ( 6.205888851312742815, 2.500000000000000444, -7.841361078610791679 ) ) ;
#2808 = ORIENTED_EDGE ( 'NONE', *, *, #5409, .T. ) ;
#2809 = VERTEX_POINT ( 'NONE', #3733 ) ;
#2810 = CARTESIAN_POINT ( 'NONE',  ( 0.8789046617972535724, 9.500000000000000000, -9.885393354405108468 ) ) ;
#2811 = PLANE ( 'NONE',  #6372 ) ;
#2812 = CARTESIAN_POINT ( 'NONE',  ( 1.098630827246567243, 10.00000000000000000, -9.436260398347616984 ) ) ;
#2813 = ORIENTED_EDGE ( 'NONE', *, *, #5202, .T. ) ;
#2814 = CARTESIAN_POINT ( 'NONE',  ( -8.948211102191697464, 2.164537838121601165, -4.140859864539528701 ) ) ;
#2815 = ORIENTED_EDGE ( 'NONE', *, *, #3028, .T. ) ;
#2816 = EDGE_CURVE ( 'NONE', #3545, #508, #3089, .T. ) ;
#2817 = EDGE_CURVE ( 'NONE', #4831, #2344, #2531, .T. ) ;
#2818 = CARTESIAN_POINT ( 'NONE',  ( -0.6742980716536649544, 2.242932669926581912, 9.870053336883955808 ) ) ;
#2819 = CARTESIAN_POINT ( 'NONE',  ( 4.391695231002975319, 2.241156341101790517, 8.863313405234842790 ) ) ;
#2820 = ORIENTED_EDGE ( 'NONE', *, *, #3287, .F. ) ;
#2821 = CARTESIAN_POINT ( 'NONE',  ( 9.932905687524268501, 2.376055744299626404, 1.156453458963230263 ) ) ;
#2822 = CARTESIAN_POINT ( 'NONE',  ( -2.873880030200216762, 2.500000000000000888, -9.579266327989108376 ) ) ;
#2823 = CARTESIAN_POINT ( 'NONE',  ( 9.150139654457300153, 1.992695579455375343, -4.035844149635235745 ) ) ;
#2824 = VERTEX_POINT ( 'NONE', #4880 ) ;
#2825 = CARTESIAN_POINT ( 'NONE',  ( -7.496156162786346222, 1.864094386502769263, -6.619703835945502490 ) ) ;
#2826 = CARTESIAN_POINT ( 'NONE',  ( -9.848085864831423564, 2.147342056939914201, 0.3439080960748239213 ) ) ;
#2827 = CARTESIAN_POINT ( 'NONE',  ( 9.436260398347627643, 10.00000000000000000, -1.098630827246467323 ) ) ;
#2828 = CARTESIAN_POINT ( 'NONE',  ( 0.7396982729253558375, 2.279592747210310133, -9.874972037550540094 ) ) ;
#2829 = CARTESIAN_POINT ( 'NONE',  ( -2.732734718790947870, 2.371852820628067349, 9.619363854055766438 ) ) ;
#2830 = CARTESIAN_POINT ( 'NONE',  ( 7.841361078610904478, 2.500000000000000000, -6.205888851312601595 ) ) ;
#2831 = CARTESIAN_POINT ( 'NONE',  ( 9.563576536480377754, 2.059838893144231964, 2.922977707959137916 ) ) ;
#2832 = CARTESIAN_POINT ( 'NONE',  ( 5.895594408747106385, 9.500000000000000000, -7.449293024680253339 ) ) ;
#2833 = ORIENTED_EDGE ( 'NONE', *, *, #6108, .F. ) ;
#2834 = LINE ( 'NONE', #728, #6236 ) ;
#2835 = CARTESIAN_POINT ( 'NONE',  ( -9.965325131733084874, 2.181508697813340891, 0.8426567133883638983 ) ) ;
#2836 = EDGE_CURVE ( 'NONE', #2571, #837, #5762, .T. ) ;
#2837 = DIRECTION ( 'NONE',  ( 0.000000000000000000, 0.000000000000000000, 1.000000000000000000 ) ) ;
#2838 = EDGE_CURVE ( 'NONE', #161, #505, #6221, .T. ) ;
#2839 = ORIENTED_EDGE ( 'NONE', *, *, #4191, .F. ) ;
#2840 = EDGE_CURVE ( 'NONE', #4113, #161, #3454, .T. ) ;
#2841 = CARTESIAN_POINT ( 'NONE',  ( 9.560831454120878092, 2.051189550670913242, -2.932010965673017111 ) ) ;
#2842 = ORIENTED_EDGE ( 'NONE', *, *, #1077, .F. ) ;
#2843 = DIRECTION ( 'NONE',  ( -0.000000000000000000, 1.000000000000000000, -0.000000000000000000 ) ) ;
#2844 = AXIS2_PLACEMENT_3D ( 'NONE', #970, #419, #2644 ) ;
#2845 = ORIENTED_EDGE ( 'NONE', *, *, #6286, .T. ) ;
#2846 = ADVANCED_FACE ( 'NONE', ( #5390 ), #1650, .T. ) ;
#2847 = CARTESIAN_POINT ( 'NONE',  ( -7.449293024680316400, 2.500000000000000000, 5.895594408747026449 ) ) ;
#2848 = CARTESIAN_POINT ( 'NONE',  ( -9.150139654457381866, 1.992695579455160626, 4.035844149635461342 ) ) ;
#2849 = CARTESIAN_POINT ( 'NONE',  ( -9.532757696805409964, 1.981868317978805027, 3.023139038583258387 ) ) ;
#2850 = CARTESIAN_POINT ( 'NONE',  ( 2.394357833393303103, 8.000000000000000000, -0.1814307967061945248 ) ) ;
#2851 = CIRCLE ( 'NONE', #517, 0.5000000000000004441 ) ;
#2852 = CARTESIAN_POINT ( 'NONE',  ( -6.837592653503813622, 2.134291405717180456, 7.079631448005818228 ) ) ;
#2853 = ORIENTED_EDGE ( 'NONE', *, *, #2976, .T. ) ;
#2854 = CARTESIAN_POINT ( 'NONE',  ( -8.840214275616604667, 2.279592747210303472, -4.462380288428884789 ) ) ;
#2855 = ORIENTED_EDGE ( 'NONE', *, *, #5142, .F. ) ;
#2856 = EDGE_CURVE ( 'NONE', #3334, #6759, #2324, .T. ) ;
#2857 = CARTESIAN_POINT ( 'NONE',  ( 1.830433831214382412, 8.000000000000000000, 1.554148821017840687 ) ) ;
#2858 = DIRECTION ( 'NONE',  ( 0.000000000000000000, 0.000000000000000000, 1.000000000000000000 ) ) ;
#2859 = VECTOR ( 'NONE', #2249, 1000.000000000000000 ) ;
#2860 = TOROIDAL_SURFACE ( 'NONE', #6321, 2.500000000000000000, 0.5000000000000000000 ) ;
#2861 = CARTESIAN_POINT ( 'NONE',  ( -6.205888851312687748, 10.00000000000000000, 7.841361078610836088 ) ) ;
#2862 = FACE_OUTER_BOUND ( 'NONE', #6791, .T. ) ;
#2863 = CARTESIAN_POINT ( 'NONE',  ( 8.863313405234860554, 2.241156341101729677, -4.391695231003105881 ) ) ;
#2864 = VECTOR ( 'NONE', #5256, 1000.000000000000114 ) ;
#2865 = ORIENTED_EDGE ( 'NONE', *, *, #6957, .F. ) ;
#2866 = CARTESIAN_POINT ( 'NONE',  ( -7.415746258787027756, 1.827366529454477639, -6.709852692988572009 ) ) ;
#2867 = LINE ( 'NONE', #5062, #4812 ) ;
#2868 = DIRECTION ( 'NONE',  ( 0.000000000000000000, 1.000000000000000000, 0.000000000000000000 ) ) ;
#2869 = CARTESIAN_POINT ( 'NONE',  ( 0.2556751587878104970, 1.779849606445677246, -9.997513869602437708 ) ) ;
#2870 = CARTESIAN_POINT ( 'NONE',  ( -3.710169844705745401, 1.768638744481570324, 9.287105483649822801 ) ) ;
#2871 = CARTESIAN_POINT ( 'NONE',  ( 9.131270309608060742, 2.134320569921014155, 3.670870801779636317 ) ) ;
#2872 = CARTESIAN_POINT ( 'NONE',  ( -2.596097982851333974, 9.500000000000000000, -9.138395661352994637 ) ) ;
#2873 = ORIENTED_EDGE ( 'NONE', *, *, #3031, .F. ) ;
#2874 = CARTESIAN_POINT ( 'NONE',  ( 7.393847267223451425, 2.212953969771218166, -6.555906814057267162 ) ) ;
#2875 = CARTESIAN_POINT ( 'NONE',  ( -9.965382407647416230, 2.181049877636621392, -0.8419640990703513017 ) ) ;
#2876 = AXIS2_PLACEMENT_3D ( 'NONE', #2533, #2050, #7011 ) ;
#2877 = PLANE ( 'NONE',  #3137 ) ;
#2878 = VERTEX_POINT ( 'NONE', #5575 ) ;
#2879 = CARTESIAN_POINT ( 'NONE',  ( -7.650708865474367570, 1.982312691401769023, -6.440463711590023621 ) ) ;
#2880 = ORIENTED_EDGE ( 'NONE', *, *, #711, .T. ) ;
#2881 = EDGE_CURVE ( 'NONE', #1159, #408, #2055, .T. ) ;
#2882 = VECTOR ( 'NONE', #1133, 1000.000000000000000 ) ;
#2883 = DIRECTION ( 'NONE',  ( 0.000000000000000000, 0.000000000000000000, 1.000000000000000000 ) ) ;
#2884 = FACE_OUTER_BOUND ( 'NONE', #6562, .T. ) ;
#2885 = CARTESIAN_POINT ( 'NONE',  ( -9.281909929401347625, 1.985975370094250847, 3.722773453796214049 ) ) ;
#2886 = CIRCLE ( 'NONE', #6926, 0.4999999999999994449 ) ;
#2887 = AXIS2_PLACEMENT_3D ( 'NONE', #3639, #5808, #5231 ) ;
#2888 = CARTESIAN_POINT ( 'NONE',  ( -7.250099490762254462, 1.779849606445625065, 6.888520213642634893 ) ) ;
#2889 = FACE_OUTER_BOUND ( 'NONE', #1274, .T. ) ;
#2890 = ORIENTED_EDGE ( 'NONE', *, *, #2585, .F. ) ;
#2891 = ORIENTED_EDGE ( 'NONE', *, *, #2363, .T. ) ;
#2892 = AXIS2_PLACEMENT_3D ( 'NONE', #4232, #1477, #3161 ) ;
#2893 = EDGE_CURVE ( 'NONE', #3354, #5353, #3833, .T. ) ;
#2894 = CARTESIAN_POINT ( 'NONE',  ( 6.368549229222883135, 2.456298904871081934, 7.611508121969668750 ) ) ;
#2895 = VECTOR ( 'NONE', #6658, 1000.000000000000000 ) ;
#2896 = CARTESIAN_POINT ( 'NONE',  ( 9.567866486750912003, 2.321832774718814107, -2.911939321413950399 ) ) ;
#2897 = VECTOR ( 'NONE', #3747, 1000.000000000000000 ) ;
#2898 = ORIENTED_EDGE ( 'NONE', *, *, #1511, .T. ) ;
#2899 = CARTESIAN_POINT ( 'NONE',  ( -6.367596717411077911, 2.051189550670912798, -7.711024474176540799 ) ) ;
#2900 = CARTESIAN_POINT ( 'NONE',  ( -1.098630827246566799, 9.500000000000000000, 9.936260398347616984 ) ) ;
#2901 = DIRECTION ( 'NONE',  ( 0.000000000000000000, -1.000000000000000000, 0.000000000000000000 ) ) ;
#2902 = CARTESIAN_POINT ( 'NONE',  ( -0.5073013465713128722, 1.829430187479147873, -9.987920442738133175 ) ) ;
#2903 = CARTESIAN_POINT ( 'NONE',  ( -8.801569444818234444, 2.414533010808961766, -4.579874499418494338 ) ) ;
#2904 = CIRCLE ( 'NONE', #6945, 0.5000000000000004441 ) ;
#2905 = DIRECTION ( 'NONE',  ( 0.000000000000000000, 0.000000000000000000, -1.000000000000000000 ) ) ;
#2906 = DIRECTION ( 'NONE',  ( 0.9249892435672766311, 0.000000000000000000, -0.3799932884734116278 ) ) ;
#2907 = AXIS2_PLACEMENT_3D ( 'NONE', #6185, #3410, #1107 ) ;
#2908 = ORIENTED_EDGE ( 'NONE', *, *, #4524, .T. ) ;
#2909 = EDGE_CURVE ( 'NONE', #6066, #3653, #4595, .T. ) ;
#2910 = CARTESIAN_POINT ( 'NONE',  ( -9.972609810340800962, 2.127032157860301531, -0.7528369329705939528 ) ) ;
#2911 = EDGE_CURVE ( 'NONE', #1682, #2669, #5017, .T. ) ;
#2912 = PLANE ( 'NONE',  #6072 ) ;
#2913 = CARTESIAN_POINT ( 'NONE',  ( -1.098630827246566799, 10.00000000000000000, 9.436260398347616984 ) ) ;
#2914 = ORIENTED_EDGE ( 'NONE', *, *, #1767, .F. ) ;
#2915 = CARTESIAN_POINT ( 'NONE',  ( -6.991427348825619781, 1.985975370094067882, -7.150722883170896438 ) ) ;
#2916 = ORIENTED_EDGE ( 'NONE', *, *, #5902, .T. ) ;
#2917 = FACE_OUTER_BOUND ( 'NONE', #5198, .T. ) ;
#2918 = VECTOR ( 'NONE', #1999, 1000.000000000000000 ) ;
#2919 = DIRECTION ( 'NONE',  ( 0.6472324890273781772, 0.000000000000000000, 0.7622926637108773384 ) ) ;
#2920 = CIRCLE ( 'NONE', #1993, 10.00000000000000000 ) ;
#2921 = DIRECTION ( 'NONE',  ( 0.000000000000000000, 0.000000000000000000, 1.000000000000000000 ) ) ;
#2922 = EDGE_CURVE ( 'NONE', #855, #2787, #4517, .T. ) ;
#2923 = CARTESIAN_POINT ( 'NONE',  ( -9.372453886955755209, 2.240934156756817064, 3.162415667432434407 ) ) ;
#2924 = CARTESIAN_POINT ( 'NONE',  ( -7.249987813959647198, 2.164537838121664226, 6.682430624000275543 ) ) ;
#2925 = AXIS2_PLACEMENT_3D ( 'NONE', #5989, #4971, #2734 ) ;
#2926 = FACE_OUTER_BOUND ( 'NONE', #5573, .T. ) ;
#2927 = ORIENTED_EDGE ( 'NONE', *, *, #2377, .F. ) ;
#2928 = ORIENTED_EDGE ( 'NONE', *, *, #3896, .F. ) ;
#2929 = ORIENTED_EDGE ( 'NONE', *, *, #6824, .T. ) ;
#2930 = DIRECTION ( 'NONE',  ( 0.000000000000000000, 0.000000000000000000, 1.000000000000000000 ) ) ;
#2931 = ORIENTED_EDGE ( 'NONE', *, *, #3526, .T. ) ;
#2932 = DIRECTION ( 'NONE',  ( 1.243449787580175325E-14, 0.000000000000000000, 1.000000000000000000 ) ) ;
#2933 = ADVANCED_FACE ( 'NONE', ( #1652 ), #4908, .T. ) ;
#2934 = DIRECTION ( 'NONE',  ( 0.000000000000000000, 0.000000000000000000, 1.000000000000000000 ) ) ;
#2935 = ADVANCED_FACE ( 'NONE', ( #2288 ), #2183, .T. ) ;
#2936 = CARTESIAN_POINT ( 'NONE',  ( 0.000000000000000000, 10.00000000000000000, 0.000000000000000000 ) ) ;
#2937 = ADVANCED_FACE ( 'NONE', ( #2862 ), #2301, .T. ) ;
#2938 = ORIENTED_EDGE ( 'NONE', *, *, #6087, .F. ) ;
#2939 = ADVANCED_FACE ( 'NONE', ( #3975 ), #322, .T. ) ;
#2940 = DIRECTION ( 'NONE',  ( 0.000000000000000000, 0.000000000000000000, 1.000000000000000000 ) ) ;
#2941 = B_SPLINE_CURVE_WITH_KNOTS ( 'NONE', 3,
 ( #6360, #6209, #118, #4653, #1899, #2351, #234, #1240, #3433, #155, #2420, #6285, #776, #5666, #704, #6897, #4542, #4107 ),
 .UNSPECIFIED., .F., .F.,
 ( 4, 2, 2, 2, 2, 2, 2, 2, 4 ),
 ( 0.000000000000000000, 0.0003765522689820470265, 0.0007531045379640940530, 0.001129656806946141134, 0.001506209075928188106, 0.001882761344910235078, 0.002259313613892282267, 0.002635865882874329023, 0.003012418151856376212 ),
 .UNSPECIFIED. ) ;
#2942 = CARTESIAN_POINT ( 'NONE',  ( 2.548403532281085848, 8.000000000000000000, 1.851523544721291437 ) ) ;
#2943 = CARTESIAN_POINT ( 'NONE',  ( 0.8419640990702889072, 2.181049877636648038, -9.965382407647522811 ) ) ;
#2944 = DIRECTION ( 'NONE',  ( 0.000000000000000000, 0.000000000000000000, 1.000000000000000000 ) ) ;
#2945 = CARTESIAN_POINT ( 'NONE',  ( 4.626103053009366306, 10.00001200000000168, 8.797540029607414880 ) ) ;
#2946 = DIRECTION ( 'NONE',  ( -0.9980606173047409380, 0.000000000000000000, -0.06224953160690815251 ) ) ;
#2947 = ORIENTED_EDGE ( 'NONE', *, *, #2267, .F. ) ;
#2948 = CARTESIAN_POINT ( 'NONE',  ( 3.029696907789583893, 2.343771222574625224, 9.439657202977972617 ) ) ;
#2949 = DIRECTION ( 'NONE',  ( 0.9932905682471174780, 0.000000000000000000, 0.1156453502364819669 ) ) ;
#2950 = EDGE_CURVE ( 'NONE', #5855, #505, #3576, .T. ) ;
#2951 = CARTESIAN_POINT ( 'NONE',  ( -7.455440619228418164, 2.242561475665997506, -6.502847312616774289 ) ) ;
#2952 = CARTESIAN_POINT ( 'NONE',  ( 9.436260398347627643, 9.500000000000000000, -1.098630827246466435 ) ) ;
#2953 = DIRECTION ( 'NONE',  ( -0.000000000000000000, 1.000000000000000000, -0.000000000000000000 ) ) ;
#2954 = ORIENTED_EDGE ( 'NONE', *, *, #1286, .T. ) ;
#2955 = CARTESIAN_POINT ( 'NONE',  ( 2.970974231079631878, 2.500000000000000444, -9.469254843656200293 ) ) ;
#2956 = ORIENTED_EDGE ( 'NONE', *, *, #107, .T. ) ;
#2957 = CARTESIAN_POINT ( 'NONE',  ( -0.1814307967061928317, 8.000000000000000000, -2.394357833393303991 ) ) ;
#2958 = CARTESIAN_POINT ( 'NONE',  ( -0.4397714266284716289, 0.000000000000000000, 2.776607510986326410 ) ) ;
#2959 = CARTESIAN_POINT ( 'NONE',  ( -6.990103614099532514, 1.986052934431255634, 7.152017281988750419 ) ) ;
#2960 = DIRECTION ( 'NONE',  ( 0.000000000000000000, -1.000000000000000000, 0.000000000000000000 ) ) ;
#2961 = ORIENTED_EDGE ( 'NONE', *, *, #4845, .T. ) ;
#2962 = CIRCLE ( 'NONE', #5029, 2.500000000000000444 ) ;
#2963 = VECTOR ( 'NONE', #6700, 1000.000000000000114 ) ;
#2964 = ORIENTED_EDGE ( 'NONE', *, *, #2086, .T. ) ;
#2965 = EDGE_LOOP ( 'NONE', ( #525, #806, #1463, #5736 ) ) ;
#2966 = CARTESIAN_POINT ( 'NONE',  ( 4.470479223992252393, 2.293003971280350051, -8.837551326248092920 ) ) ;
#2967 = CARTESIAN_POINT ( 'NONE',  ( 3.589669876561223827, 1.779849606445599308, 9.334341087458888353 ) ) ;
#2968 = ORIENTED_EDGE ( 'NONE', *, *, #661, .T. ) ;
#2969 = DIRECTION ( 'NONE',  ( -0.000000000000000000, -1.000000000000000000, -0.000000000000000000 ) ) ;
#2970 = CIRCLE ( 'NONE', #3551, 0.4999999999999991673 ) ;
#2971 = DIRECTION ( 'NONE',  ( -0.000000000000000000, -1.000000000000000000, -0.000000000000000000 ) ) ;
#2972 = CARTESIAN_POINT ( 'NONE',  ( -7.449293024680276432, 9.500000000000000000, -5.895594408747077075 ) ) ;
#2973 = ORIENTED_EDGE ( 'NONE', *, *, #2840, .F. ) ;
#2974 = VECTOR ( 'NONE', #6996, 1000.000000000000000 ) ;
#2975 = CARTESIAN_POINT ( 'NONE',  ( -5.895594408747051318, 10.00000000000000000, 7.449293024680295972 ) ) ;
#2976 = EDGE_CURVE ( 'NONE', #1779, #1083, #6073, .T. ) ;
#2977 = CARTESIAN_POINT ( 'NONE',  ( 2.504813822048899574, 8.000000000000000000, 1.276266388579323063 ) ) ;
#2978 = CARTESIAN_POINT ( 'NONE',  ( -3.593834903188206198, 1.779448407880940053, -9.332714570764927942 ) ) ;
#2979 = CARTESIAN_POINT ( 'NONE',  ( 8.805704236984210453, 2.500000000000000444, 4.741424121641925282 ) ) ;
#2980 = AXIS2_PLACEMENT_3D ( 'NONE', #5333, #393, #424 ) ;
#2981 = CARTESIAN_POINT ( 'NONE',  ( 0.6743094858304425898, 2.242938389050196157, -9.870054189468962846 ) ) ;
#2982 = ORIENTED_EDGE ( 'NONE', *, *, #165, .F. ) ;
#2983 = DIRECTION ( 'NONE',  ( -0.3799932884734135152, 0.000000000000000000, 0.9249892435672758539 ) ) ;
#2984 = CARTESIAN_POINT ( 'NONE',  ( -9.469254843656232268, 2.500000000000000444, 2.970974231079533734 ) ) ;
#2985 = CARTESIAN_POINT ( 'NONE',  ( 9.619363854055736240, 9.500000000000000000, 2.732734718791042905 ) ) ;
#2986 = LINE ( 'NONE', #1161, #3602 ) ;
#2987 = EDGE_LOOP ( 'NONE', ( #275, #1901, #1618, #4580, #445 ) ) ;
#2988 = CARTESIAN_POINT ( 'NONE',  ( 3.095076455295152407, 2.279919447647826836, -9.406617602938021960 ) ) ;
#2989 = EDGE_LOOP ( 'NONE', ( #1528, #594, #6029, #7036 ) ) ;
#2990 = CARTESIAN_POINT ( 'NONE',  ( 1.987831504145224137, 8.000000000000000000, 1.987831504145222805 ) ) ;
#2991 = AXIS2_PLACEMENT_3D ( 'NONE', #3192, #3700, #1573 ) ;
#2992 = ADVANCED_FACE ( 'NONE', ( #3330, #5534 ), #560, .T. ) ;
#2993 = LINE ( 'NONE', #850, #2629 ) ;
#2994 = CYLINDRICAL_SURFACE ( 'NONE', #3939, 10.00000000000000000 ) ;
#2995 = VECTOR ( 'NONE', #996, 1000.000000000000000 ) ;
#2996 = CARTESIAN_POINT ( 'NONE',  ( 0.000000000000000000, 9.500000000000000000, 0.000000000000000000 ) ) ;
#2997 = ORIENTED_EDGE ( 'NONE', *, *, #1103, .F. ) ;
#2998 = CARTESIAN_POINT ( 'NONE',  ( 9.436260398347604550, 9.500000000000000000, 1.098630827246665165 ) ) ;
#2999 = ORIENTED_EDGE ( 'NONE', *, *, #5447, .T. ) ;
#3000 = ORIENTED_EDGE ( 'NONE', *, *, #4299, .T. ) ;
#3001 = EDGE_CURVE ( 'NONE', #3248, #4848, #6654, .T. ) ;
#3002 = CARTESIAN_POINT ( 'NONE',  ( 1.098630827246565245, 9.500000000000000000, 9.436260398347616984 ) ) ;
#3003 = CARTESIAN_POINT ( 'NONE',  ( 3.313989850241840784, 2.183709232977762316, 9.297048667841337988 ) ) ;
#3004 = ORIENTED_EDGE ( 'NONE', *, *, #3687, .T. ) ;
#3005 = AXIS2_PLACEMENT_3D ( 'NONE', #509, #2736, #3320 ) ;
#3006 = DIRECTION ( 'NONE',  ( 0.000000000000000000, 0.000000000000000000, 1.000000000000000000 ) ) ;
#3007 = FACE_OUTER_BOUND ( 'NONE', #4254, .T. ) ;
#3008 = CARTESIAN_POINT ( 'NONE',  ( -6.981771384883984410, 1.768638744481565883, 7.160346141787954366 ) ) ;
#3009 = CIRCLE ( 'NONE', #2764, 0.5000000000000000000 ) ;
#3010 = ORIENTED_EDGE ( 'NONE', *, *, #2840, .T. ) ;
#3011 = AXIS2_PLACEMENT_3D ( 'NONE', #429, #1081, #2905 ) ;
#3012 = CARTESIAN_POINT ( 'NONE',  ( -6.448641078955059669, 1.975531022569853468, -7.643810160369056028 ) ) ;
#3013 = CARTESIAN_POINT ( 'NONE',  ( -8.260368511126747748, 2.500000000000000444, 8.260368511126719326 ) ) ;
#3014 = DIRECTION ( 'NONE',  ( 0.8511160640214283646, 0.000000000000000000, -0.5249775667251619371 ) ) ;
#3015 = AXIS2_PLACEMENT_3D ( 'NONE', #5503, #1007, #5434 ) ;
#3016 = CARTESIAN_POINT ( 'NONE',  ( -0.9734035322810867807, 8.000000000000000000, -2.995828026329733440 ) ) ;
#3017 = LINE ( 'NONE', #1039, #4043 ) ;
#3018 = LINE ( 'NONE', #2945, #4611 ) ;
#3019 = DIRECTION ( 'NONE',  ( 0.000000000000000000, -1.000000000000000000, 0.000000000000000000 ) ) ;
#3020 = ORIENTED_EDGE ( 'NONE', *, *, #1729, .T. ) ;
#3021 = CARTESIAN_POINT ( 'NONE',  ( -8.297540029607363365, 9.500000000000000000, 4.626103053009459565 ) ) ;
#3022 = DIRECTION ( 'NONE',  ( 0.6472324890273797315, 0.000000000000000000, -0.7622926637108760062 ) ) ;
#3023 = AXIS2_PLACEMENT_3D ( 'NONE', #1493, #3716, #6969 ) ;
#3024 = FACE_OUTER_BOUND ( 'NONE', #778, .T. ) ;
#3025 = FACE_OUTER_BOUND ( 'NONE', #3404, .T. ) ;
#3026 = ADVANCED_FACE ( 'NONE', ( #5175 ), #6798, .T. ) ;
#3027 = CARTESIAN_POINT ( 'NONE',  ( -0.9585349633982749307, 2.059185488125292895, 9.954245716881924722 ) ) ;
#3028 = EDGE_CURVE ( 'NONE', #5473, #4577, #1363, .T. ) ;
#3029 = CIRCLE ( 'NONE', #7056, 2.500000000000000000 ) ;
#3030 = ORIENTED_EDGE ( 'NONE', *, *, #6429, .F. ) ;
#3031 = EDGE_CURVE ( 'NONE', #4510, #2228, #1362, .T. ) ;
#3032 = CARTESIAN_POINT ( 'NONE',  ( -6.242692900426419556, 2.255681435097325771, -7.812463274735101493 ) ) ;
#3033 = VERTEX_POINT ( 'NONE', #1876 ) ;
#3034 = CARTESIAN_POINT ( 'NONE',  ( -4.470479223992169793, 10.00000000000000000, -10.79269157286923075 ) ) ;
#3035 = DIRECTION ( 'NONE',  ( 0.000000000000000000, 0.000000000000000000, 1.000000000000000000 ) ) ;
#3036 = ADVANCED_FACE ( 'NONE', ( #5794 ), #1213, .T. ) ;
#3037 = CARTESIAN_POINT ( 'NONE',  ( -7.584036123450709432, 2.127032157860222039, 6.519363922588356175 ) ) ;
#3038 = DIRECTION ( 'NONE',  ( 0.000000000000000000, 0.000000000000000000, 1.000000000000000000 ) ) ;
#3039 = EDGE_LOOP ( 'NONE', ( #5831, #1164, #4180, #4112 ) ) ;
#3040 = ORIENTED_EDGE ( 'NONE', *, *, #5623, .F. ) ;
#3041 = VERTEX_POINT ( 'NONE', #5215 ) ;
#3042 = CARTESIAN_POINT ( 'NONE',  ( -9.439657202977935313, 2.343771222574623891, 3.029696907789684701 ) ) ;
#3043 = CARTESIAN_POINT ( 'NONE',  ( 4.035844149635339662, 1.992695579455263655, 9.150139654457440486 ) ) ;
#3044 = VERTEX_POINT ( 'NONE', #5640 ) ;
#3045 = VECTOR ( 'NONE', #3630, 1000.000000000000000 ) ;
#3046 = CARTESIAN_POINT ( 'NONE',  ( -3.059262728102180695, 2.314666110110171537, 9.424708236607877154 ) ) ;
#3047 = DIRECTION ( 'NONE',  ( 0.000000000000000000, -1.000000000000000000, 0.000000000000000000 ) ) ;
#3048 = CARTESIAN_POINT ( 'NONE',  ( -10.79269157286918812, 2.500000000000000444, -4.470479223992283480 ) ) ;
#3049 = ORIENTED_EDGE ( 'NONE', *, *, #5090, .T. ) ;
#3050 = VECTOR ( 'NONE', #1761, 1000.000000000000000 ) ;
#3051 = CARTESIAN_POINT ( 'NONE',  ( 0.000000000000000000, 9.500000000000000000, 0.000000000000000000 ) ) ;
#3052 = DIRECTION ( 'NONE',  ( 0.000000000000000000, -1.000000000000000000, 0.000000000000000000 ) ) ;
#3053 = CARTESIAN_POINT ( 'NONE',  ( 0.000000000000000000, 9.500000000000000000, 0.000000000000000000 ) ) ;
#3054 = CARTESIAN_POINT ( 'NONE',  ( 3.041310807231395241, 2.332781844050725528, -9.433784807741472989 ) ) ;
#3055 = DIRECTION ( 'NONE',  ( -0.000000000000000000, -1.000000000000000000, -0.000000000000000000 ) ) ;
#3056 = CARTESIAN_POINT ( 'NONE',  ( 4.687283918649786330, 2.051189550670913242, -8.833773591331228303 ) ) ;
#3057 = SPHERICAL_SURFACE ( 'NONE', #6365, 0.5000000000000000000 ) ;
#3058 = DIRECTION ( 'NONE',  ( 0.000000000000000000, 0.000000000000000000, 1.000000000000000000 ) ) ;
#3059 = DIRECTION ( 'NONE',  ( -0.000000000000000000, 1.000000000000000000, -0.000000000000000000 ) ) ;
#3060 = FACE_OUTER_BOUND ( 'NONE', #1910, .T. ) ;
#3061 = CARTESIAN_POINT ( 'NONE',  ( 0.6655541409084205773, 2.241156341101826044, 9.869262850230963835 ) ) ;
#3062 = ORIENTED_EDGE ( 'NONE', *, *, #3871, .F. ) ;
#3063 = CARTESIAN_POINT ( 'NONE',  ( 2.873880030200347324, 2.500000000000001332, -9.579266327989067520 ) ) ;
#3064 = VERTEX_POINT ( 'NONE', #1249 ) ;
#3065 = CARTESIAN_POINT ( 'NONE',  ( -4.594978287206035183, 2.500000000000000444, 8.796570338259719790 ) ) ;
#3066 = EDGE_CURVE ( 'NONE', #4614, #3109, #4049, .T. ) ;
#3067 = FACE_OUTER_BOUND ( 'NONE', #6900, .T. ) ;
#3068 = DIRECTION ( 'NONE',  ( 0.000000000000000000, 0.000000000000000000, -1.000000000000000000 ) ) ;
#3069 = EDGE_CURVE ( 'NONE', #6402, #6496, #6342, .T. ) ;
#3070 = LINE ( 'NONE', #7000, #1601 ) ;
#3071 = ORIENTED_EDGE ( 'NONE', *, *, #2335, .F. ) ;
#3072 = ORIENTED_EDGE ( 'NONE', *, *, #3985, .F. ) ;
#3073 = EDGE_LOOP ( 'NONE', ( #932, #1042, #3749, #5888, #2667, #630, #5368, #112, #5317, #3779, #5405, #934, #2279, #3406, #3585, #2898, #5771, #2485, #5129, #3250, #5594, #819, #796, #2272, #941, #5784, #266, #5486, #3444, #3245, #5444, #5620, #166, #6925, #6313, #1021 ) ) ;
#3074 = B_SPLINE_CURVE_WITH_KNOTS ( 'NONE', 3,
 ( #1829, #5789, #2354, #4545, #3475, #2966 ),
 .UNSPECIFIED., .F., .F.,
 ( 4, 2, 4 ),
 ( 0.000000000000000000, 0.0001279078878413849587, 0.0002558157756827699175 ),
 .UNSPECIFIED. ) ;
#3075 = CARTESIAN_POINT ( 'NONE',  ( 7.230516001408448190, 1.992783053389767689, -6.908873745391244547 ) ) ;
#3076 = ORIENTED_EDGE ( 'NONE', *, *, #6163, .T. ) ;
#3077 = CARTESIAN_POINT ( 'NONE',  ( -2.043718524445536477, 0.000000000000000000, -1.260587625341246021 ) ) ;
#3078 = B_SPLINE_CURVE_WITH_KNOTS ( 'NONE', 3,
 ( #67, #1193, #1744, #3954, #3421, #648, #2874, #5071, #5653, #103, #1775, #4674, #324, #1341, #797, #1410, #2477, #1888 ),
 .UNSPECIFIED., .F., .F.,
 ( 4, 2, 2, 2, 2, 2, 2, 2, 4 ),
 ( 0.000000000000000000, 0.0001297744646122130226, 0.0002595489292244260453, 0.0005190978584488543674, 0.001038195716897707867, 0.001557293575346561151, 0.001816842504570988226, 0.001946616969183202631, 0.002076391433795417036 ),
 .UNSPECIFIED. ) ;
#3079 = CARTESIAN_POINT ( 'NONE',  ( -4.626103053009428479, 10.00001200000000168, -8.297540029607381129 ) ) ;
#3080 = CIRCLE ( 'NONE', #7124, 0.5000000000000000000 ) ;
#3081 = DIRECTION ( 'NONE',  ( 0.000000000000000000, -1.000000000000000000, 0.000000000000000000 ) ) ;
#3082 = ORIENTED_EDGE ( 'NONE', *, *, #3765, .F. ) ;
#3083 = DIRECTION ( 'NONE',  ( 0.000000000000000000, 1.000000000000000000, 0.000000000000000000 ) ) ;
#3084 = CARTESIAN_POINT ( 'NONE',  ( -2.504813822048898242, 8.000000000000000000, 1.276266388579324840 ) ) ;
#3085 = DIRECTION ( 'NONE',  ( -1.000000000000000000, 3.469446951953611033E-15, 0.000000000000000000 ) ) ;
#3086 = CIRCLE ( 'NONE', #5854, 0.5000000000000000000 ) ;
#3087 = DIRECTION ( 'NONE',  ( -0.000000000000000000, 1.000000000000000000, 0.000000000000000000 ) ) ;
#3088 = LINE ( 'NONE', #6451, #5427 ) ;
#3089 = LINE ( 'NONE', #2649, #7026 ) ;
#3090 = AXIS2_PLACEMENT_3D ( 'NONE', #365, #4784, #1044 ) ;
#3091 = DIRECTION ( 'NONE',  ( 0.000000000000000000, 1.000000000000000000, 0.000000000000000000 ) ) ;
#3092 = ORIENTED_EDGE ( 'NONE', *, *, #1544, .T. ) ;
#3093 = DIRECTION ( 'NONE',  ( 0.7622926637108760062, 0.000000000000000000, 0.6472324890273797315 ) ) ;
#3094 = FACE_BOUND ( 'NONE', #1635, .T. ) ;
#3095 = CARTESIAN_POINT ( 'NONE',  ( -4.470479223992169793, 2.500000000000000444, -10.79269157286923075 ) ) ;
#3096 = CARTESIAN_POINT ( 'NONE',  ( 0.4397714266284717399, 8.000000000000000000, -2.776607510986325522 ) ) ;
#3097 = CIRCLE ( 'NONE', #769, 0.4999999999999998335 ) ;
#3098 = AXIS2_PLACEMENT_3D ( 'NONE', #5701, #4683, #1817 ) ;
#3099 = LINE ( 'NONE', #4062, #5523 ) ;
#3100 = CARTESIAN_POINT ( 'NONE',  ( -1.156453502364807484, 2.500000000000000444, 9.932905682471176334 ) ) ;
#3101 = EDGE_LOOP ( 'NONE', ( #3316, #7102, #6840, #3678 ) ) ;
#3102 = CARTESIAN_POINT ( 'NONE',  ( 4.594978287206100909, 2.500000000000000444, -8.796570338259684263 ) ) ;
#3103 = ORIENTED_EDGE ( 'NONE', *, *, #4119, .F. ) ;
#3104 = CARTESIAN_POINT ( 'NONE',  ( 8.860921141133129453, 2.242561475665995729, -4.399397064220080367 ) ) ;
#3105 = DIRECTION ( 'NONE',  ( 0.000000000000000000, 0.000000000000000000, 1.000000000000000000 ) ) ;
#3106 = DIRECTION ( 'NONE',  ( 0.9716864685947457225, 0.000000000000000000, -0.2362740077746008915 ) ) ;
#3107 = DIRECTION ( 'NONE',  ( 0.000000000000000000, 0.000000000000000000, 1.000000000000000000 ) ) ;
#3108 = CARTESIAN_POINT ( 'NONE',  ( 8.734252662744630413, 2.500000000000000444, -4.869582161062521841 ) ) ;
#3109 = VERTEX_POINT ( 'NONE', #6215 ) ;
#3110 = ORIENTED_EDGE ( 'NONE', *, *, #6110, .F. ) ;
#3111 = ORIENTED_EDGE ( 'NONE', *, *, #2246, .T. ) ;
#3112 = CARTESIAN_POINT ( 'NONE',  ( 6.555906814057244070, 2.212953969771217722, 7.393847267223474518 ) ) ;
#3113 = ORIENTED_EDGE ( 'NONE', *, *, #7169, .F. ) ;
#3114 = CARTESIAN_POINT ( 'NONE',  ( -3.227999808065014076, 2.212746796842762542, 9.339547392334338838 ) ) ;
#3115 = AXIS2_PLACEMENT_3D ( 'NONE', #2168, #2749, #4402 ) ;
#3116 = CARTESIAN_POINT ( 'NONE',  ( -2.333234819276247318, 8.000000000000000000, -0.5673463196692614119 ) ) ;
#3117 = CARTESIAN_POINT ( 'NONE',  ( -7.643810160369031159, 1.975531022569853468, 6.448641078955088091 ) ) ;
#3118 = ADVANCED_FACE ( 'NONE', ( #3007 ), #716, .T. ) ;
#3119 = EDGE_CURVE ( 'NONE', #5774, #4476, #664, .T. ) ;
#3120 = ORIENTED_EDGE ( 'NONE', *, *, #1547, .F. ) ;
#3121 = DIRECTION ( 'NONE',  ( -0.7497524964563334615, 3.469446951953612611E-15, -0.6617183646064960234 ) ) ;
#3122 = CIRCLE ( 'NONE', #2654, 9.500000000000000000 ) ;
#3123 = CARTESIAN_POINT ( 'NONE',  ( -4.230661462162471409, 2.183709232977829373, 8.917350853941369948 ) ) ;
#3124 = DIRECTION ( 'NONE',  ( -0.8511160640214288087, 0.000000000000000000, 0.5249775667251612710 ) ) ;
#3125 = CARTESIAN_POINT ( 'NONE',  ( -4.391695231003043709, 2.241156341101772309, -8.863313405234823250 ) ) ;
#3126 = CIRCLE ( 'NONE', #2887, 2.000000000000000000 ) ;
#3127 = CARTESIAN_POINT ( 'NONE',  ( -1.156453502364807040, 9.500000000000000000, 9.932905682471176334 ) ) ;
#3128 = CARTESIAN_POINT ( 'NONE',  ( 0.000000000000000000, -4.000000000000000000, 0.000000000000000000 ) ) ;
#3129 = CIRCLE ( 'NONE', #3706, 2.000000000000000000 ) ;
#3130 = CARTESIAN_POINT ( 'NONE',  ( 0.000000000000000000, 0.000000000000000000, 0.000000000000000000 ) ) ;
#3131 = VECTOR ( 'NONE', #853, 1000.000000000000000 ) ;
#3132 = FACE_OUTER_BOUND ( 'NONE', #1714, .T. ) ;
#3133 = CARTESIAN_POINT ( 'NONE',  ( -0.7396982729253619437, 2.279592747210311021, 9.874972037550541870 ) ) ;
#3134 = EDGE_CURVE ( 'NONE', #1489, #2751, #6099, .T. ) ;
#3135 = ORIENTED_EDGE ( 'NONE', *, *, #6247, .T. ) ;
#3136 = CARTESIAN_POINT ( 'NONE',  ( 4.869582122898685306, 2.376055744299606864, -8.734252684022001390 ) ) ;
#3137 = AXIS2_PLACEMENT_3D ( 'NONE', #6200, #1230, #4534 ) ;
#3138 = ORIENTED_EDGE ( 'NONE', *, *, #2493, .F. ) ;
#3139 = EDGE_CURVE ( 'NONE', #5015, #698, #3692, .T. ) ;
#3140 = CARTESIAN_POINT ( 'NONE',  ( -9.469254843656210952, 2.500000000000000444, -2.970974231079603012 ) ) ;
#3141 = VECTOR ( 'NONE', #4642, 1000.000000000000000 ) ;
#3142 = CARTESIAN_POINT ( 'NONE',  ( -9.964817015740024431, 1.975903690497188725, 0.8457292328691102812 ) ) ;
#3143 = DIRECTION ( 'NONE',  ( 0.6205888851312597598, -0.000000000000000000, 0.7841361078610907809 ) ) ;
#3144 = ORIENTED_EDGE ( 'NONE', *, *, #6845, .T. ) ;
#3145 = FACE_OUTER_BOUND ( 'NONE', #4259, .T. ) ;
#3146 = ORIENTED_EDGE ( 'NONE', *, *, #5277, .T. ) ;
#3147 = VERTEX_POINT ( 'NONE', #2430 ) ;
#3148 = CARTESIAN_POINT ( 'NONE',  ( 6.440463711590018292, 1.982312691401797000, -7.650708865474369347 ) ) ;
#3149 = ORIENTED_EDGE ( 'NONE', *, *, #718, .F. ) ;
#3150 = CARTESIAN_POINT ( 'NONE',  ( -4.579874499418467693, 2.414533010808959990, 8.801569444818252208 ) ) ;
#3151 = CARTESIAN_POINT ( 'NONE',  ( 5.895594408746948289, 9.500000000000000000, 7.449293024680377684 ) ) ;
#3152 = DIRECTION ( 'NONE',  ( 0.000000000000000000, 0.000000000000000000, 1.000000000000000000 ) ) ;
#3153 = VERTEX_POINT ( 'NONE', #5678 ) ;
#3154 = CARTESIAN_POINT ( 'NONE',  ( 9.469254843656251808, 10.00001200000000168, -2.970974231079465344 ) ) ;
#3155 = AXIS2_PLACEMENT_3D ( 'NONE', #6389, #4561, #5151 ) ;
#3156 = VECTOR ( 'NONE', #3338, 1000.000000000000000 ) ;
#3157 = CARTESIAN_POINT ( 'NONE',  ( -4.594978259367358930, 2.438027874578115206, 8.796570336523405587 ) ) ;
#3158 = EDGE_CURVE ( 'NONE', #4349, #600, #6683, .T. ) ;
#3159 = EDGE_CURVE ( 'NONE', #2309, #6363, #4584, .T. ) ;
#3160 = DIRECTION ( 'NONE',  ( 1.000000000000000000, 6.071532165918819308E-15, -4.212971753347070581E-29 ) ) ;
#3161 = DIRECTION ( 'NONE',  ( 0.000000000000000000, 0.000000000000000000, 1.000000000000000000 ) ) ;
#3162 = DIRECTION ( 'NONE',  ( -0.000000000000000000, 1.000000000000000000, -0.000000000000000000 ) ) ;
#3163 = EDGE_CURVE ( 'NONE', #5637, #3033, #783, .T. ) ;
#3164 = CIRCLE ( 'NONE', #5455, 0.4999999999999995559 ) ;
#3165 = EDGE_CURVE ( 'NONE', #1824, #2501, #5717, .T. ) ;
#3166 = LINE ( 'NONE', #6518, #524 ) ;
#3167 = CARTESIAN_POINT ( 'NONE',  ( -2.394357833393303103, 8.000000000000000000, 0.1814307967061945803 ) ) ;
#3168 = B_SPLINE_CURVE_WITH_KNOTS ( 'NONE', 3,
 ( #5491, #1612, #6690, #1037, #5528, #2818, #3940, #6104, #1649, #4981, #6576, #2709, #2321, #4941, #5013, #3259, #47, #4904 ),
 .UNSPECIFIED., .F., .F.,
 ( 4, 2, 2, 2, 2, 2, 2, 2, 4 ),
 ( 0.000000000000000000, 0.0001297744646122137274, 0.0002595489292244274548, 0.0005190978584488557769, 0.001038195716897711987, 0.001557293575346567873, 0.001816842504570996032, 0.001946616969183210220, 0.002076391433795424842 ),
 .UNSPECIFIED. ) ;
#3169 = CARTESIAN_POINT ( 'NONE',  ( 4.626103053009545718, 9.500000000000000000, -8.297540029607313627 ) ) ;
#3170 = CARTESIAN_POINT ( 'NONE',  ( 4.594978287206101797, 2.500000000000000444, -8.796570338259684263 ) ) ;
#3171 = B_SPLINE_CURVE_WITH_KNOTS ( 'NONE', 3,
 ( #4021, #141, #2299, #2948, #3346, #4456, #2403, #1263, #3492, #3921, #6128, #1849, #4495, #6673, #5690, #1227, #6711, #5589 ),
 .UNSPECIFIED., .F., .F.,
 ( 4, 2, 2, 2, 2, 2, 2, 2, 4 ),
 ( 0.000000000000000000, 0.0001297744646122130769, 0.0002595489292244261537, 0.0005190978584488550179, 0.001038195716897710903, 0.001557293575346566355, 0.001816842504570993213, 0.001946616969183205450, 0.002076391433795417903 ),
 .UNSPECIFIED. ) ;
#3172 = CARTESIAN_POINT ( 'NONE',  ( 9.870000050362090604, 2.242561475665995285, -0.6735851868179574264 ) ) ;
#3173 = ORIENTED_EDGE ( 'NONE', *, *, #5085, .T. ) ;
#3174 = EDGE_CURVE ( 'NONE', #4103, #5112, #1908, .T. ) ;
#3175 = CARTESIAN_POINT ( 'NONE',  ( -1.098630827246567021, 9.500000000000000000, 9.436260398347616984 ) ) ;
#3176 = CYLINDRICAL_SURFACE ( 'NONE', #1740, 10.00000000000000000 ) ;
#3177 = ORIENTED_EDGE ( 'NONE', *, *, #979, .F. ) ;
#3178 = ORIENTED_EDGE ( 'NONE', *, *, #1290, .T. ) ;
#3179 = ORIENTED_EDGE ( 'NONE', *, *, #4201, .T. ) ;
#3180 = CARTESIAN_POINT ( 'NONE',  ( 6.980243915062821713, 1.768641139222021375, -7.161872897185547870 ) ) ;
#3181 = EDGE_LOOP ( 'NONE', ( #7003, #3978, #7021, #1086 ) ) ;
#3182 = DIRECTION ( 'NONE',  ( 0.000000000000000000, -1.000000000000000000, -0.000000000000000000 ) ) ;
#3183 = DIRECTION ( 'NONE',  ( 0.000000000000000000, 1.000000000000000000, 0.000000000000000000 ) ) ;
#3184 = CARTESIAN_POINT ( 'NONE',  ( 8.260368511126632285, 9.500000000000000000, 8.260368511126834790 ) ) ;
#3185 = CARTESIAN_POINT ( 'NONE',  ( -9.421771089946163968, 1.829430187479156533, -3.353526346303850492 ) ) ;
#3186 = EDGE_LOOP ( 'NONE', ( #7149, #3020 ) ) ;
#3187 = CARTESIAN_POINT ( 'NONE',  ( 7.841361078610770363, 2.500000000000000444, 6.205888851312770349 ) ) ;
#3188 = CARTESIAN_POINT ( 'NONE',  ( -3.930903099441839910, 1.985975370094225312, 9.195699807443020291 ) ) ;
#3189 =( BOUNDED_SURFACE ( )  B_SPLINE_SURFACE ( 3, 2, ( 
 ( #529, #6079, #2681 ),
 ( #3798, #4409, #6621 ),
 ( #2718, #3336, #1696 ),
 ( #1112, #40, #1676 ),
 ( #1784, #1132, #6753 ),
 ( #5600, #3363, #4506 ),
 ( #5006, #624, #1753 ),
 ( #1170, #2848, #2274 ),
 ( #3401, #1717, #6141 ),
 ( #6724, #2885, #4572 ),
 ( #1279, #5705, #739 ),
 ( #2311, #2738, #1642 ),
 ( #5521, #6642, #1678 ),
 ( #2923, #5664, #2849 ),
 ( #3505, #3539, #1204 ),
 ( #6875, #847, #7037 ),
 ( #4638, #3604, #5229 ),
 ( #2984, #6275, #692 ) ),
 .UNSPECIFIED., .F., .F., .T. ) 
 B_SPLINE_SURFACE_WITH_KNOTS ( ( 4, 2, 2, 2, 2, 2, 2, 2, 4 ),
 ( 3, 3 ),
 ( 0.000000000000000000, 0.0003645422052340796569, 0.0007290844104681593139, 0.001093626615702239079, 0.001458168820936318628, 0.001822711026170398393, 0.002187253231404478158, 0.002551795436638557707, 0.002916337641872637255 ),
 ( 0.000000000000000000, 1.000000000000000000 ),
 .UNSPECIFIED. ) 
 GEOMETRIC_REPRESENTATION_ITEM ( )  RATIONAL_B_SPLINE_SURFACE ( (
 ( 1.000000000000000000, 0.9595359398070241186, 1.000000000000000000),
 ( 1.000000000000000000, 0.9595833763010224171, 1.000000000000000000),
 ( 1.000000000000000000, 0.9570685609626671253, 1.000000000000000000),
 ( 1.000000000000000000, 0.9488880332095436243, 1.000000000000000000),
 ( 1.000000000000000000, 0.9432547151588545065, 1.000000000000000000),
 ( 1.000000000000000000, 0.9321826025349281286, 1.000000000000000000),
 ( 1.000000000000000000, 0.9268523530654825260, 1.000000000000000000),
 ( 1.000000000000000000, 0.9192073681285225506, 1.000000000000000000),
 ( 1.000000000000000000, 0.9170514797511168936, 1.000000000000000000),
 ( 1.000000000000000000, 0.9170288608893517601, 1.000000000000000000),
 ( 1.000000000000000000, 0.9192260099103566340, 1.000000000000000000),
 ( 1.000000000000000000, 0.9267996068666188858, 1.000000000000000000),
 ( 1.000000000000000000, 0.9321812854749548238, 1.000000000000000000),
 ( 1.000000000000000000, 0.9432160661325971196, 1.000000000000000000),
 ( 1.000000000000000000, 0.9488445939140058849, 1.000000000000000000),
 ( 1.000000000000000000, 0.9570263305978975454, 1.000000000000000000),
 ( 1.000000000000000000, 0.9595878455023130194, 1.000000000000000000),
 ( 1.000000000000000000, 0.9595359398070242296, 1.000000000000000000) ) ) 
 REPRESENTATION_ITEM ( '' )  SURFACE ( )  );
#3190 = DIRECTION ( 'NONE',  ( 0.000000000000000000, 0.000000000000000000, 1.000000000000000000 ) ) ;
#3191 = DIRECTION ( 'NONE',  ( 0.9980606173047422702, 0.000000000000000000, -0.06224953160688720399 ) ) ;
#3192 = CARTESIAN_POINT ( 'NONE',  ( 4.470479223992320783, 9.500000000000000000, -10.79269157286916858 ) ) ;
#3193 = ADVANCED_FACE ( 'NONE', ( #6329 ), #5249, .T. ) ;
#3194 = CIRCLE ( 'NONE', #1913, 0.4999999999999996669 ) ;
#3195 = CARTESIAN_POINT ( 'NONE',  ( 2.732734718790808870, 10.00000000000000000, 9.619363854055803742 ) ) ;
#3196 = VERTEX_POINT ( 'NONE', #2640 ) ;
#3197 = AXIS2_PLACEMENT_3D ( 'NONE', #259, #802, #5192 ) ;
#3198 = FACE_OUTER_BOUND ( 'NONE', #2496, .T. ) ;
#3199 = CARTESIAN_POINT ( 'NONE',  ( 5.095752233843723986E-17, 9.500000000000000000, -9.681925178635076179 ) ) ;
#3200 = DIRECTION ( 'NONE',  ( 0.000000000000000000, -1.000000000000000000, -0.000000000000000000 ) ) ;
#3201 = CYLINDRICAL_SURFACE ( 'NONE', #3011, 2.000000000000000000 ) ;
#3202 = AXIS2_PLACEMENT_3D ( 'NONE', #729, #6851, #2949 ) ;
#3203 = ADVANCED_FACE ( 'NONE', ( #4871 ), #2573, .T. ) ;
#3204 = CARTESIAN_POINT ( 'NONE',  ( 9.863965706758314411, 2.212953969771217277, 0.5925133766643534416 ) ) ;
#3205 = VERTEX_POINT ( 'NONE', #4290 ) ;
#3206 = CARTESIAN_POINT ( 'NONE',  ( 9.339861078571379593, 2.212953969771219942, -3.227365271954468984 ) ) ;
#3207 = DIRECTION ( 'NONE',  ( -1.000000000000000000, 0.000000000000000000, 0.000000000000000000 ) ) ;
#3208 = AXIS2_PLACEMENT_3D ( 'NONE', #6416, #4847, #5943 ) ;
#3209 = AXIS2_PLACEMENT_3D ( 'NONE', #2716, #3909, #1073 ) ;
#3210 = FACE_OUTER_BOUND ( 'NONE', #5412, .T. ) ;
#3211 = EDGE_LOOP ( 'NONE', ( #696, #7, #5752, #4213 ) ) ;
#3212 = VERTEX_POINT ( 'NONE', #4197 ) ;
#3213 = ORIENTED_EDGE ( 'NONE', *, *, #4782, .T. ) ;
#3214 = ADVANCED_FACE ( 'NONE', ( #5960 ), #1942, .T. ) ;
#3215 = CARTESIAN_POINT ( 'NONE',  ( 6.432881416101412952, 2.314916786199595844, 7.536785282756134130 ) ) ;
#3216 = ORIENTED_EDGE ( 'NONE', *, *, #3280, .F. ) ;
#3217 = CYLINDRICAL_SURFACE ( 'NONE', #1134, 0.4999999999999995559 ) ;
#3218 = CARTESIAN_POINT ( 'NONE',  ( 8.260368511126632285, 9.500000000000000000, 8.260368511126834790 ) ) ;
#3219 = CARTESIAN_POINT ( 'NONE',  ( -7.561691272055195867, 2.343771222574625224, 6.411475381605075796 ) ) ;
#3220 = VERTEX_POINT ( 'NONE', #1396 ) ;
#3221 = EDGE_CURVE ( 'NONE', #237, #2658, #4774, .T. ) ;
#3222 = CARTESIAN_POINT ( 'NONE',  ( -3.859535732301746513, 2.134257748930245224, 9.053095584707927301 ) ) ;
#3223 = VECTOR ( 'NONE', #3047, 1000.000000000000000 ) ;
#3224 = CARTESIAN_POINT ( 'NONE',  ( -7.756855835314287261E-16, 2.134289031220173438, -9.840962589317538090 ) ) ;
#3225 = CARTESIAN_POINT ( 'NONE',  ( 6.891903876640159687, 1.779361857681293957, -7.246866680950615702 ) ) ;
#3226 = CARTESIAN_POINT ( 'NONE',  ( -3.023139038583082083, 1.981868317978671135, -9.532757696805470360 ) ) ;
#3227 = VECTOR ( 'NONE', #748, 1000.000000000000000 ) ;
#3228 = DIRECTION ( 'NONE',  ( -0.9716864685947457225, 0.000000000000000000, 0.2362740077746008915 ) ) ;
#3229 = CARTESIAN_POINT ( 'NONE',  ( -1.098630827246567243, 10.00000000000000000, -9.436260398347616984 ) ) ;
#3230 = PLANE ( 'NONE',  #470 ) ;
#3231 = CARTESIAN_POINT ( 'NONE',  ( -0.9718434144856347157, 2.322848788353888416, -9.953844047997634448 ) ) ;
#3232 = SPHERICAL_SURFACE ( 'NONE', #6394, 0.5000000000000000000 ) ;
#3233 = CIRCLE ( 'NONE', #556, 10.00000000000000000 ) ;
#3234 = DIRECTION ( 'NONE',  ( 0.000000000000000000, 0.000000000000000000, 1.000000000000000000 ) ) ;
#3235 = FACE_OUTER_BOUND ( 'NONE', #1608, .T. ) ;
#3236 = CIRCLE ( 'NONE', #555, 0.4999999999999995559 ) ;
#3237 = CARTESIAN_POINT ( 'NONE',  ( 3.708174382605566421, 1.768641139222086212, -9.287931484318793451 ) ) ;
#3238 = EDGE_LOOP ( 'NONE', ( #2635, #83, #3617 ) ) ;
#3239 = CARTESIAN_POINT ( 'NONE',  ( 0.000000000000000000, -4.000000000000000000, 0.000000000000000000 ) ) ;
#3240 = EDGE_CURVE ( 'NONE', #1894, #4882, #4835, .T. ) ;
#3241 = ADVANCED_FACE ( 'NONE', ( #6979 ), #447, .T. ) ;
#3242 = CARTESIAN_POINT ( 'NONE',  ( 6.747289020922866420, 2.024215165943784811, 7.381682485265481652 ) ) ;
#3243 = EDGE_CURVE ( 'NONE', #5749, #1682, #1986, .T. ) ;
#3244 = VECTOR ( 'NONE', #1050, 1000.000000000000000 ) ;
#3245 = ORIENTED_EDGE ( 'NONE', *, *, #1735, .T. ) ;
#3246 = EDGE_CURVE ( 'NONE', #2797, #5588, #4224, .T. ) ;
#3247 = ORIENTED_EDGE ( 'NONE', *, *, #6573, .F. ) ;
#3248 = VERTEX_POINT ( 'NONE', #3724 ) ;
#3249 = CARTESIAN_POINT ( 'NONE',  ( 7.381682485265619320, 2.024215165943758166, -6.747289020922941027 ) ) ;
#3250 = ORIENTED_EDGE ( 'NONE', *, *, #4245, .T. ) ;
#3251 = CIRCLE ( 'NONE', #4382, 2.000000000000000000 ) ;
#3252 = ORIENTED_EDGE ( 'NONE', *, *, #6382, .T. ) ;
#3253 = LINE ( 'NONE', #5450, #1589 ) ;
#3254 = CARTESIAN_POINT ( 'NONE',  ( -6.205888918849888469, 2.377026804319511299, 7.841361025159865328 ) ) ;
#3255 = CARTESIAN_POINT ( 'NONE',  ( -7.247002898594022469, 1.779448407880940719, 6.891745755504305571 ) ) ;
#3256 = CARTESIAN_POINT ( 'NONE',  ( -8.734252684022067115, 2.376055744299570449, -4.869582122898566290 ) ) ;
#3257 = TOROIDAL_SURFACE ( 'NONE', #115, 2.500000000000000000, 0.5000000000000000000 ) ;
#3258 = ORIENTED_EDGE ( 'NONE', *, *, #4299, .F. ) ;
#3259 = CARTESIAN_POINT ( 'NONE',  ( 0.8626134409955009685, 2.413741176464117011, 9.884200519446094901 ) ) ;
#3260 = CARTESIAN_POINT ( 'NONE',  ( -0.8789046617972524622, 2.500000000000000444, -9.885393354405108468 ) ) ;
#3261 = CARTESIAN_POINT ( 'NONE',  ( 7.158925180614832406, 1.768517871363068927, -6.983228393756097496 ) ) ;
#3262 = DIRECTION ( 'NONE',  ( 0.000000000000000000, 0.000000000000000000, 1.000000000000000000 ) ) ;
#3263 = FACE_OUTER_BOUND ( 'NONE', #380, .T. ) ;
#3264 = CIRCLE ( 'NONE', #3272, 0.5000000000000007772 ) ;
#3265 = ORIENTED_EDGE ( 'NONE', *, *, #220, .T. ) ;
#3266 = CIRCLE ( 'NONE', #4406, 0.4999999999999996114 ) ;
#3267 = DIRECTION ( 'NONE',  ( 0.000000000000000000, -1.000000000000000000, 0.000000000000000000 ) ) ;
#3268 = CARTESIAN_POINT ( 'NONE',  ( 1.552006135520455375E-13, 1.768578062440346432, 10.00000000000000000 ) ) ;
#3269 = CARTESIAN_POINT ( 'NONE',  ( 4.470479223992320783, 10.00000000000000000, -8.292691572869168581 ) ) ;
#3270 = EDGE_CURVE ( 'NONE', #535, #3356, #7030, .T. ) ;
#3271 = DIRECTION ( 'NONE',  ( -0.000000000000000000, -1.000000000000000000, -0.000000000000000000 ) ) ;
#3272 = AXIS2_PLACEMENT_3D ( 'NONE', #3169, #327, #366 ) ;
#3273 = DIRECTION ( 'NONE',  ( 0.000000000000000000, 0.000000000000000000, 1.000000000000000000 ) ) ;
#3274 = CARTESIAN_POINT ( 'NONE',  ( -2.394357833393300439, 0.000000000000000000, -0.1814307967061967453 ) ) ;
#3275 = FACE_OUTER_BOUND ( 'NONE', #2989, .T. ) ;
#3276 = AXIS2_PLACEMENT_3D ( 'NONE', #1320, #1871, #121 ) ;
#3277 = DIRECTION ( 'NONE',  ( 1.000000000000000000, -0.000000000000000000, 0.000000000000000000 ) ) ;
#3278 = ORIENTED_EDGE ( 'NONE', *, *, #569, .T. ) ;
#3279 = SPHERICAL_SURFACE ( 'NONE', #7010, 0.5000000000000000000 ) ;
#3280 = EDGE_CURVE ( 'NONE', #3756, #2609, #788, .T. ) ;
#3281 = CARTESIAN_POINT ( 'NONE',  ( 6.451230953596255979, 2.181049877636648482, 7.641948001532846035 ) ) ;
#3282 = EDGE_LOOP ( 'NONE', ( #4249, #3835, #2116 ) ) ;
#3283 = EDGE_LOOP ( 'NONE', ( #2015, #2423, #4083, #3004 ) ) ;
#3284 = EDGE_CURVE ( 'NONE', #3936, #237, #6444, .T. ) ;
#3285 = CARTESIAN_POINT ( 'NONE',  ( 7.750301799340621578, 2.409665417632374407, -6.320945485302276623 ) ) ;
#3286 = ORIENTED_EDGE ( 'NONE', *, *, #2246, .F. ) ;
#3287 = EDGE_CURVE ( 'NONE', #6530, #596, #4256, .T. ) ;
#3288 = DIRECTION ( 'NONE',  ( 0.000000000000000000, 0.000000000000000000, -1.000000000000000000 ) ) ;
#3289 = CARTESIAN_POINT ( 'NONE',  ( -5.095752233843723986E-17, 9.500000000000000000, 11.68192517863507618 ) ) ;
#3290 = CARTESIAN_POINT ( 'NONE',  ( -6.556373006456560404, 2.212746796842760766, 7.393314632472678838 ) ) ;
#3291 = ORIENTED_EDGE ( 'NONE', *, *, #3853, .F. ) ;
#3292 = DIRECTION ( 'NONE',  ( 0.000000000000000000, 0.000000000000000000, 1.000000000000000000 ) ) ;
#3293 = ORIENTED_EDGE ( 'NONE', *, *, #3742, .T. ) ;
#3294 = EDGE_CURVE ( 'NONE', #4103, #5324, #6509, .T. ) ;
#3295 = CARTESIAN_POINT ( 'NONE',  ( 9.988368796715789699, 1.827040335878402866, 0.4976940340571943677 ) ) ;
#3296 = CARTESIAN_POINT ( 'NONE',  ( -0.3438832672704887350, 2.147338236543219203, -9.848084524819210372 ) ) ;
#3297 = CARTESIAN_POINT ( 'NONE',  ( -1.987831504145225026, 8.000000000000000000, -1.987831504145221029 ) ) ;
#3298 = DIRECTION ( 'NONE',  ( 0.8511160640214274764, 0.000000000000000000, 0.5249775667251633804 ) ) ;
#3299 = VERTEX_POINT ( 'NONE', #1469 ) ;
#3300 = DIRECTION ( 'NONE',  ( 0.000000000000000000, 1.000000000000000000, 0.000000000000000000 ) ) ;
#3301 = CARTESIAN_POINT ( 'NONE',  ( 0.000000000000000000, -4.000000000000000000, 0.000000000000000000 ) ) ;
#3302 = LINE ( 'NONE', #4334, #2030 ) ;
#3303 = FACE_OUTER_BOUND ( 'NONE', #500, .T. ) ;
#3304 = CARTESIAN_POINT ( 'NONE',  ( -4.687283918649718828, 2.051189550670914574, 8.833773591331265607 ) ) ;
#3305 = DIRECTION ( 'NONE',  ( 0.000000000000000000, 1.000000000000000000, 0.000000000000000000 ) ) ;
#3306 = CARTESIAN_POINT ( 'NONE',  ( -8.984615682879219634, 1.863989508453883337, -4.391979800034222947 ) ) ;
#3307 = CARTESIAN_POINT ( 'NONE',  ( 9.026396591461196550, 2.134286657244863772, 3.924022968310301618 ) ) ;
#3308 = DIRECTION ( 'NONE',  ( 0.7841361078610793456, 6.517587366638273935E-15, 0.6205888851312741927 ) ) ;
#3309 = ORIENTED_EDGE ( 'NONE', *, *, #3815, .T. ) ;
#3310 = CARTESIAN_POINT ( 'NONE',  ( -9.869262850230963835, 2.241156341101827376, 0.6655541409083821636 ) ) ;
#3311 = TOROIDAL_SURFACE ( 'NONE', #2032, 2.500000000000000000, 0.5000000000000000000 ) ;
#3312 = CARTESIAN_POINT ( 'NONE',  ( -9.955088514328243932, 2.051189550670911910, -0.9499468768430744392 ) ) ;
#3313 = ORIENTED_EDGE ( 'NONE', *, *, #221, .F. ) ;
#3314 = AXIS2_PLACEMENT_3D ( 'NONE', #3494, #1375, #5806 ) ;
#3315 = CARTESIAN_POINT ( 'NONE',  ( 2.504813822048899574, 8.000000000000000000, 1.276266388579323063 ) ) ;
#3316 = ORIENTED_EDGE ( 'NONE', *, *, #946, .T. ) ;
#3317 = CARTESIAN_POINT ( 'NONE',  ( -9.469254843656210952, 10.00001200000000168, -2.970974231079603012 ) ) ;
#3318 = CARTESIAN_POINT ( 'NONE',  ( 7.841361078610772140, 10.00000000000000000, 6.205888851312770349 ) ) ;
#3319 = DIRECTION ( 'NONE',  ( -0.000000000000000000, -1.000000000000000000, -0.000000000000000000 ) ) ;
#3320 = DIRECTION ( 'NONE',  ( 0.8511160640214288087, 0.000000000000000000, -0.5249775667251612710 ) ) ;
#3321 = TOROIDAL_SURFACE ( 'NONE', #889, 1.500000000000000000, 0.5000000000000000000 ) ;
#3322 = CIRCLE ( 'NONE', #526, 2.500000000000000444 ) ;
#3323 = CARTESIAN_POINT ( 'NONE',  ( -6.360301573036754696, 2.059838893144258165, 7.717017477650952806 ) ) ;
#3324 = CARTESIAN_POINT ( 'NONE',  ( 1.098630827246565245, 9.500000000000000000, 9.436260398347616984 ) ) ;
#3325 = VERTEX_POINT ( 'NONE', #3693 ) ;
#3326 = CARTESIAN_POINT ( 'NONE',  ( 2.596097982851463204, 10.00001200000000168, -9.138395661352959110 ) ) ;
#3327 = CARTESIAN_POINT ( 'NONE',  ( 4.462933545236023924, 2.279919447647848596, 8.840032644896263392 ) ) ;
#3328 = CARTESIAN_POINT ( 'NONE',  ( 9.938496242092687893, 2.255681435097378174, 1.109995276579437196 ) ) ;
#3329 = PRODUCT_DEFINITION ( 'General', '', #4657, #3969 ) ;
#3330 = FACE_OUTER_BOUND ( 'NONE', #5127, .T. ) ;
#3331 = ADVANCED_FACE ( 'NONE', ( #3656 ), #5555, .T. ) ;
#3332 = CARTESIAN_POINT ( 'NONE',  ( 9.057951044157066534, 2.024441704241285667, -4.238971915911068145 ) ) ;
#3333 = EDGE_CURVE ( 'NONE', #2878, #5855, #5863, .T. ) ;
#3334 = VERTEX_POINT ( 'NONE', #7042 ) ;
#3335 = CARTESIAN_POINT ( 'NONE',  ( 6.368549229223043895, 10.00001200000000168, -7.611508121969533747 ) ) ;
#3336 = CARTESIAN_POINT ( 'NONE',  ( -8.824244412177533192, 2.322848788353840455, 4.707037444963813932 ) ) ;
#3337 = VECTOR ( 'NONE', #3055, 1000.000000000000000 ) ;
#3338 = DIRECTION ( 'NONE',  ( -0.000000000000000000, 1.000000000000000000, -0.000000000000000000 ) ) ;
#3339 = CARTESIAN_POINT ( 'NONE',  ( -1.156453416813703283, 2.377026804319493536, -9.932905692431591049 ) ) ;
#3340 = CARTESIAN_POINT ( 'NONE',  ( -3.594033116304575337, 1.779361857681297954, 9.332649232411220908 ) ) ;
#3341 = CARTESIAN_POINT ( 'NONE',  ( 4.626103053009547494, 10.00000000000000000, -8.297540029607313627 ) ) ;
#3342 = CARTESIAN_POINT ( 'NONE',  ( 9.568061159331175958, 2.322848788353865768, 2.911304966065443978 ) ) ;
#3343 = AXIS2_PLACEMENT_3D ( 'NONE', #1444, #6453, #2582 ) ;
#3344 = DIRECTION ( 'NONE',  ( -0.9971414314842893534, 0.000000000000000000, 0.07555769727474682951 ) ) ;
#3345 = ORIENTED_EDGE ( 'NONE', *, *, #2406, .T. ) ;
#3346 = CARTESIAN_POINT ( 'NONE',  ( 3.059004614404494227, 2.314916786199595844, 9.424838803981971935 ) ) ;
#3347 = FACE_OUTER_BOUND ( 'NONE', #652, .T. ) ;
#3348 = CIRCLE ( 'NONE', #2066, 0.5000000000000003331 ) ;
#3349 = EDGE_CURVE ( 'NONE', #379, #2063, #2204, .T. ) ;
#3350 = LINE ( 'NONE', #7065, #4051 ) ;
#3351 = CIRCLE ( 'NONE', #1251, 0.5000000000000004441 ) ;
#3352 = ADVANCED_FACE ( 'NONE', ( #1534 ), #4900, .T. ) ;
#3353 = AXIS2_PLACEMENT_3D ( 'NONE', #4677, #5300, #4099 ) ;
#3354 = VERTEX_POINT ( 'NONE', #2159 ) ;
#3355 = DIRECTION ( 'NONE',  ( 0.2362740077746034173, 0.000000000000000000, -0.9716864685947451674 ) ) ;
#3356 = VERTEX_POINT ( 'NONE', #2776 ) ;
#3357 = CARTESIAN_POINT ( 'NONE',  ( -2.732734718790876816, 9.500000000000000000, -9.619363854055782426 ) ) ;
#3358 = DIRECTION ( 'NONE',  ( 0.000000000000000000, 0.000000000000000000, 1.000000000000000000 ) ) ;
#3359 = CIRCLE ( 'NONE', #4505, 0.5000000000000000000 ) ;
#3360 = ORIENTED_EDGE ( 'NONE', *, *, #4845, .F. ) ;
#3361 = CARTESIAN_POINT ( 'NONE',  ( 0.000000000000000000, 0.000000000000000000, 0.000000000000000000 ) ) ;
#3362 = DIRECTION ( 'NONE',  ( -0.6472324890273797315, 0.000000000000000000, 0.7622926637108760062 ) ) ;
#3363 = CARTESIAN_POINT ( 'NONE',  ( -9.012139614925446907, 2.048945620300810067, 4.335449496297137273 ) ) ;
#3364 = CARTESIAN_POINT ( 'NONE',  ( 1.851523544721292325, 8.000000000000000000, -2.548403532281086736 ) ) ;
#3365 = CIRCLE ( 'NONE', #5792, 2.000000000000000000 ) ;
#3366 = CARTESIAN_POINT ( 'NONE',  ( 0.000000000000000000, 10.00000000000000000, 0.000000000000000000 ) ) ;
#3367 = CARTESIAN_POINT ( 'NONE',  ( -6.379225400237364063, 2.413741176464117455, 7.599145027578502187 ) ) ;
#3368 = ORIENTED_EDGE ( 'NONE', *, *, #1374, .T. ) ;
#3369 = VERTEX_POINT ( 'NONE', #7144 ) ;
#3370 = AXIS2_PLACEMENT_3D ( 'NONE', #3614, #4216, #4184 ) ;
#3371 = CARTESIAN_POINT ( 'NONE',  ( -1.554148821017840465, 8.000000000000000000, 1.830433831214381968 ) ) ;
#3372 = CARTESIAN_POINT ( 'NONE',  ( 4.741424057448656804, 2.410376625841649467, 8.805704271353530288 ) ) ;
#3373 = ORIENTED_EDGE ( 'NONE', *, *, #224, .T. ) ;
#3374 = CARTESIAN_POINT ( 'NONE',  ( 9.843376979806452098, 2.139858412045579694, -0.2045203784391531887 ) ) ;
#3375 = CARTESIAN_POINT ( 'NONE',  ( -2.732734760822057574, 2.376055744299646388, -9.619363842115276952 ) ) ;
#3376 = AXIS2_PLACEMENT_3D ( 'NONE', #5382, #2608, #6539 ) ;
#3377 = CARTESIAN_POINT ( 'NONE',  ( 9.532757696805440162, 1.981868317978765281, -3.023139038583158467 ) ) ;
#3378 = ORIENTED_EDGE ( 'NONE', *, *, #6428, .T. ) ;
#3379 = CARTESIAN_POINT ( 'NONE',  ( 4.470479223992320783, 2.500000000000000444, -10.79269157286916858 ) ) ;
#3380 = CARTESIAN_POINT ( 'NONE',  ( -9.863965706758319740, 2.212953969771219054, -0.5925133766642857180 ) ) ;
#3381 = ADVANCED_FACE ( 'NONE', ( #5049 ), #1851, .T. ) ;
#3382 = CARTESIAN_POINT ( 'NONE',  ( -9.469254843656234044, 2.500000000000000444, 2.970974231079531513 ) ) ;
#3383 = CARTESIAN_POINT ( 'NONE',  ( 0.5057205400017315000, 1.829075679051490155, -9.987987790097394125 ) ) ;
#3384 = ADVANCED_FACE ( 'NONE', ( #1171 ), #2236, .F. ) ;
#3385 = DIRECTION ( 'NONE',  ( 0.000000000000000000, -1.000000000000000000, 0.000000000000000000 ) ) ;
#3386 = CARTESIAN_POINT ( 'NONE',  ( -9.438170773037189321, 2.048945620300679948, -3.306919296390252061 ) ) ;
#3387 = CARTESIAN_POINT ( 'NONE',  ( 9.334189340898232601, 1.779716818039879467, 3.590100106537582825 ) ) ;
#3388 = EDGE_CURVE ( 'NONE', #1284, #345, #1971, .T. ) ;
#3389 = CARTESIAN_POINT ( 'NONE',  ( 0.000000000000000000, 10.00000000000000000, 0.000000000000000000 ) ) ;
#3390 = ORIENTED_EDGE ( 'NONE', *, *, #2320, .T. ) ;
#3391 = CARTESIAN_POINT ( 'NONE',  ( -9.972564319548823164, 2.127336489724616087, 0.7534911753618733776 ) ) ;
#3392 = VECTOR ( 'NONE', #1076, 1000.000000000000000 ) ;
#3393 = CARTESIAN_POINT ( 'NONE',  ( 1.276266388579322841, 8.000000000000000000, -2.504813822048899130 ) ) ;
#3394 = EDGE_CURVE ( 'NONE', #2197, #4317, #1500, .T. ) ;
#3395 = ORIENTED_EDGE ( 'NONE', *, *, #661, .F. ) ;
#3396 = CARTESIAN_POINT ( 'NONE',  ( -7.249794653336903316, 1.779716818039786874, -6.888859623417141087 ) ) ;
#3397 = EDGE_LOOP ( 'NONE', ( #3470, #1593, #4078, #5438 ) ) ;
#3398 = FACE_OUTER_BOUND ( 'NONE', #3497, .T. ) ;
#3399 = CARTESIAN_POINT ( 'NONE',  ( -8.297540029607333167, 2.500000000000000000, -4.626103053009515520 ) ) ;
#3400 = ORIENTED_EDGE ( 'NONE', *, *, #5541, .F. ) ;
#3401 = CARTESIAN_POINT ( 'NONE',  ( -9.052480793569261053, 2.134320569921036359, 3.861085519973249447 ) ) ;
#3402 = DIRECTION ( 'NONE',  ( -0.000000000000000000, -1.000000000000000000, -0.000000000000000000 ) ) ;
#3403 = CARTESIAN_POINT ( 'NONE',  ( -3.787546339441111076, 2.130118263026635539, -9.081194165735075430 ) ) ;
#3404 = EDGE_LOOP ( 'NONE', ( #4558, #1282, #156 ) ) ;
#3405 = CARTESIAN_POINT ( 'NONE',  ( -5.095752233843723986E-17, 9.500000000000000000, 11.68192517863507618 ) ) ;
#3406 = ORIENTED_EDGE ( 'NONE', *, *, #7169, .T. ) ;
#3407 = DIRECTION ( 'NONE',  ( 0.4869582161062594450, -6.234929640351419973E-15, 0.8734252662744591555 ) ) ;
#3408 = CARTESIAN_POINT ( 'NONE',  ( -0.5917922777745832086, 2.212741521464318684, -9.863917655443572130 ) ) ;
#3409 = DIRECTION ( 'NONE',  ( 0.6617183646064999092, 0.000000000000000000, -0.7497524964563302419 ) ) ;
#3410 = DIRECTION ( 'NONE',  ( 0.000000000000000000, 1.000000000000000000, -0.000000000000000000 ) ) ;
#3411 = VERTEX_POINT ( 'NONE', #5483 ) ;
#3412 = CARTESIAN_POINT ( 'NONE',  ( -7.810864416449860848, 2.249819565270344768, -6.244726359285742490 ) ) ;
#3413 = CARTESIAN_POINT ( 'NONE',  ( -8.297540029607363365, 2.500000000000000444, 4.626103053009461341 ) ) ;
#3414 = DIRECTION ( 'NONE',  ( 0.000000000000000000, 1.000000000000000000, 0.000000000000000000 ) ) ;
#3415 = CARTESIAN_POINT ( 'NONE',  ( -0.1144902525312929548, 1.986052934431099315, -9.999989585984112139 ) ) ;
#3416 = DIRECTION ( 'NONE',  ( 0.000000000000000000, 0.000000000000000000, 1.000000000000000000 ) ) ;
#3417 = DIRECTION ( 'NONE',  ( 0.000000000000000000, 0.000000000000000000, 1.000000000000000000 ) ) ;
#3418 = EDGE_CURVE ( 'NONE', #505, #2571, #3934, .T. ) ;
#3419 = DIRECTION ( 'NONE',  ( 0.3799932884734130156, 0.000000000000000000, -0.9249892435672760760 ) ) ;
#3420 = ORIENTED_EDGE ( 'NONE', *, *, #3855, .F. ) ;
#3421 = CARTESIAN_POINT ( 'NONE',  ( 7.536785282756113702, 2.314916786199594512, -6.432881416101436933 ) ) ;
#3422 = CARTESIAN_POINT ( 'NONE',  ( -9.953844047997531419, 2.322848788353917282, 0.9718434144856042955 ) ) ;
#3423 = CARTESIAN_POINT ( 'NONE',  ( 1.851523544721292325, 8.000000000000000000, -2.548403532281086736 ) ) ;
#3424 = EDGE_LOOP ( 'NONE', ( #3000, #6135, #1556 ) ) ;
#3425 = CARTESIAN_POINT ( 'NONE',  ( -7.812951749604181373, 2.257089604130808613, -6.242081368317869305 ) ) ;
#3426 = ORIENTED_EDGE ( 'NONE', *, *, #1630, .F. ) ;
#3427 = DIRECTION ( 'NONE',  ( 0.000000000000000000, 1.000000000000000000, 0.000000000000000000 ) ) ;
#3428 = AXIS2_PLACEMENT_3D ( 'NONE', #1353, #4146, #5818 ) ;
#3429 = CARTESIAN_POINT ( 'NONE',  ( -2.394357833393303103, 0.000000000000000000, 0.1814307967061945803 ) ) ;
#3430 = ORIENTED_EDGE ( 'NONE', *, *, #896, .F. ) ;
#3431 = CARTESIAN_POINT ( 'NONE',  ( 9.885393354405117350, 10.00001200000000168, -0.8789046617971484343 ) ) ;
#3432 = VECTOR ( 'NONE', #3714, 1000.000000000000000 ) ;
#3433 = CARTESIAN_POINT ( 'NONE',  ( 3.943489008538171525, 1.768638744481567660, 9.190461521628884967 ) ) ;
#3434 = ORIENTED_EDGE ( 'NONE', *, *, #2585, .T. ) ;
#3435 = ORIENTED_EDGE ( 'NONE', *, *, #898, .T. ) ;
#3436 = CARTESIAN_POINT ( 'NONE',  ( -9.462109755037449332, 2.414533010808959990, 2.985189123993138516 ) ) ;
#3437 = AXIS2_PLACEMENT_3D ( 'NONE', #6627, #6050, #4454 ) ;
#3438 = AXIS2_PLACEMENT_3D ( 'NONE', #709, #2383, #1828 ) ;
#3439 = DIRECTION ( 'NONE',  ( 0.000000000000000000, 1.000000000000000000, 0.000000000000000000 ) ) ;
#3440 = CARTESIAN_POINT ( 'NONE',  ( -9.138395661352989308, 10.00000000000000000, 2.596097982851362840 ) ) ;
#3441 = CARTESIAN_POINT ( 'NONE',  ( 8.796570338259767752, 2.500000000000000444, -4.594978287205943701 ) ) ;
#3442 = EDGE_CURVE ( 'NONE', #3884, #6468, #4513, .T. ) ;
#3443 = ADVANCED_FACE ( 'NONE', ( #6643 ), #5908, .F. ) ;
#3444 = ORIENTED_EDGE ( 'NONE', *, *, #2893, .T. ) ;
#3445 = SPHERICAL_SURFACE ( 'NONE', #5209, 0.5000000000000000000 ) ;
#3446 = DIRECTION ( 'NONE',  ( 0.000000000000000000, -1.000000000000000000, 0.000000000000000000 ) ) ;
#3447 = CARTESIAN_POINT ( 'NONE',  ( -2.873880099894592810, 2.410376625841652576, 9.579266306900080963 ) ) ;
#3448 = CARTESIAN_POINT ( 'NONE',  ( 1.010707579139242807, 2.500000000000000444, -9.949874371066199430 ) ) ;
#3449 = FACE_OUTER_BOUND ( 'NONE', #3781, .T. ) ;
#3450 = CARTESIAN_POINT ( 'NONE',  ( 8.817164848740100425, 2.343771222574625224, 4.532526391864207582 ) ) ;
#3451 = DIRECTION ( 'NONE',  ( 0.000000000000000000, 0.000000000000000000, 1.000000000000000000 ) ) ;
#3452 = ORIENTED_EDGE ( 'NONE', *, *, #1767, .T. ) ;
#3453 = CARTESIAN_POINT ( 'NONE',  ( -9.949874371066195877, 2.500000000000001332, -1.010707579139275003 ) ) ;
#3454 = CIRCLE ( 'NONE', #4829, 2.000000000000000000 ) ;
#3455 = FACE_OUTER_BOUND ( 'NONE', #6410, .T. ) ;
#3456 = ORIENTED_EDGE ( 'NONE', *, *, #540, .F. ) ;
#3457 = CARTESIAN_POINT ( 'NONE',  ( -7.161872897185520337, 1.768641139222139502, -6.980243915062851023 ) ) ;
#3458 = ORIENTED_EDGE ( 'NONE', *, *, #5050, .F. ) ;
#3459 = CIRCLE ( 'NONE', #5311, 2.000000000000000000 ) ;
#3460 = DIRECTION ( 'NONE',  ( -0.7622926637108773384, 0.000000000000000000, 0.6472324890273781772 ) ) ;
#3461 = EDGE_CURVE ( 'NONE', #855, #5812, #3825, .T. ) ;
#3462 = CARTESIAN_POINT ( 'NONE',  ( -4.470479223992246176, 2.500000000000000444, 10.79269157286920411 ) ) ;
#3463 = ADVANCED_FACE ( 'NONE', ( #6142 ), #2811, .T. ) ;
#3464 = VECTOR ( 'NONE', #497, 999.9999999999998863 ) ;
#3465 = EDGE_CURVE ( 'NONE', #2112, #4903, #4965, .T. ) ;
#3466 = CIRCLE ( 'NONE', #1475, 2.000000000000000000 ) ;
#3467 = DIRECTION ( 'NONE',  ( 0.000000000000000000, -3.469446951953616950E-15, 1.000000000000000000 ) ) ;
#3468 = EDGE_CURVE ( 'NONE', #2658, #1684, #6031, .T. ) ;
#3469 = DIRECTION ( 'NONE',  ( 0.000000000000000000, 1.000000000000000000, 0.000000000000000000 ) ) ;
#3470 = ORIENTED_EDGE ( 'NONE', *, *, #3139, .T. ) ;
#3471 = VECTOR ( 'NONE', #2024, 1000.000000000000000 ) ;
#3472 = ORIENTED_EDGE ( 'NONE', *, *, #6170, .T. ) ;
#3473 = ORIENTED_EDGE ( 'NONE', *, *, #1576, .F. ) ;
#3474 = TOROIDAL_SURFACE ( 'NONE', #340, 9.500000000000000000, 0.5000000000000000000 ) ;
#3475 = CARTESIAN_POINT ( 'NONE',  ( 4.503551450493366026, 2.316909120595329608, -8.826679356529677278 ) ) ;
#3476 = ORIENTED_EDGE ( 'NONE', *, *, #2495, .F. ) ;
#3477 = DIRECTION ( 'NONE',  ( -0.000000000000000000, -1.000000000000000000, -0.000000000000000000 ) ) ;
#3478 = DIRECTION ( 'NONE',  ( 0.000000000000000000, -1.000000000000000000, 0.000000000000000000 ) ) ;
#3479 = AXIS2_PLACEMENT_3D ( 'NONE', #1183, #2292, #5061 ) ;
#3480 = PLANE ( 'NONE',  #5441 ) ;
#3481 = ADVANCED_FACE ( 'NONE', ( #41 ), #5679, .T. ) ;
#3482 = EDGE_LOOP ( 'NONE', ( #5092, #1569, #554, #5341 ) ) ;
#3483 = CARTESIAN_POINT ( 'NONE',  ( -0.9124482025973559285, 8.000000000000000000, -2.221104420305847427 ) ) ;
#3484 = DIRECTION ( 'NONE',  ( 0.06224953160689433024, 0.000000000000000000, 0.9980606173047418261 ) ) ;
#3485 = CARTESIAN_POINT ( 'NONE',  ( 1.109995276579308632, 2.255681435097380394, -9.938496242092700328 ) ) ;
#3486 = LINE ( 'NONE', #3016, #3654 ) ;
#3487 = AXIS2_PLACEMENT_3D ( 'NONE', #2913, #2953, #2409 ) ;
#3488 = CARTESIAN_POINT ( 'NONE',  ( 9.149965727261250237, 1.992783053389793890, 4.036214224533289041 ) ) ;
#3489 = DIRECTION ( 'NONE',  ( 0.000000000000000000, 1.000000000000000000, 0.000000000000000000 ) ) ;
#3490 = VECTOR ( 'NONE', #1720, 1000.000000000000114 ) ;
#3491 = VERTEX_POINT ( 'NONE', #154 ) ;
#3492 = CARTESIAN_POINT ( 'NONE',  ( 3.607922989077346099, 2.134286657244864660, 9.157329489925338351 ) ) ;
#3493 = ADVANCED_FACE ( 'NONE', ( #5125 ), #6178, .T. ) ;
#3494 = CARTESIAN_POINT ( 'NONE',  ( 2.596097982851460539, 9.500000000000000000, -9.138395661352959110 ) ) ;
#3495 = CARTESIAN_POINT ( 'NONE',  ( -7.449293024680314623, 9.500000000000000000, 5.895594408747027337 ) ) ;
#3496 = DIRECTION ( 'NONE',  ( -0.3244301945785551533, 0.000000000000000000, -0.9459096409518833459 ) ) ;
#3497 = EDGE_LOOP ( 'NONE', ( #3819, #5020, #5625, #5268 ) ) ;
#3498 = CARTESIAN_POINT ( 'NONE',  ( -1.098630827246567687, 2.500000000000000000, 9.436260398347616984 ) ) ;
#3499 = VECTOR ( 'NONE', #5336, 1000.000000000000114 ) ;
#3500 = ORIENTED_EDGE ( 'NONE', *, *, #1232, .F. ) ;
#3501 = DIRECTION ( 'NONE',  ( 0.000000000000000000, 0.000000000000000000, 1.000000000000000000 ) ) ;
#3502 = AXIS2_PLACEMENT_3D ( 'NONE', #1842, #4667, #135 ) ;
#3503 = DIRECTION ( 'NONE',  ( 0.000000000000000000, 1.000000000000000000, 0.000000000000000000 ) ) ;
#3504 = FACE_OUTER_BOUND ( 'NONE', #1192, .T. ) ;
#3505 = CARTESIAN_POINT ( 'NONE',  ( -9.406354823611767557, 2.279592747210354542, 3.095596099249457556 ) ) ;
#3506 = DIRECTION ( 'NONE',  ( -0.000000000000000000, -1.000000000000000000, -0.000000000000000000 ) ) ;
#3507 = CIRCLE ( 'NONE', #375, 7.456920242929495402 ) ;
#3508 = CARTESIAN_POINT ( 'NONE',  ( 5.095752233843723986E-17, 10.00000000000000000, -11.68192517863507618 ) ) ;
#3509 = EDGE_CURVE ( 'NONE', #956, #855, #1898, .T. ) ;
#3510 = EDGE_LOOP ( 'NONE', ( #3641, #3082, #998, #6353 ) ) ;
#3511 = VERTEX_POINT ( 'NONE', #4072 ) ;
#3512 = ORIENTED_EDGE ( 'NONE', *, *, #983, .T. ) ;
#3513 = B_SPLINE_CURVE_WITH_KNOTS ( 'NONE', 3,
 ( #278, #1791, #3436, #3042, #1904, #5638, #3973, #6729, #6795, #5131, #5096, #4006, #1288, #6212, #1245, #5674, #5170, #6182 ),
 .UNSPECIFIED., .F., .F.,
 ( 4, 2, 2, 2, 2, 2, 2, 2, 4 ),
 ( 0.000000000000000000, 0.0001297744646122148116, 0.0002595489292244296232, 0.0005190978584488607642, 0.001038195716897722613, 0.001557293575346583919, 0.001816842504571012946, 0.001946616969183226483, 0.002076391433795440021 ),
 .UNSPECIFIED. ) ;
#3514 = CARTESIAN_POINT ( 'NONE',  ( 9.938914434172957613, 2.248135892564180782, 1.106420474829685530 ) ) ;
#3515 = CARTESIAN_POINT ( 'NONE',  ( 3.672401390134470756, 2.134257748930211473, 9.130609167219416733 ) ) ;
#3516 = ORIENTED_EDGE ( 'NONE', *, *, #5280, .T. ) ;
#3517 = LINE ( 'NONE', #4800, #2762 ) ;
#3518 = DIRECTION ( 'NONE',  ( 0.000000000000000000, 0.000000000000000000, 1.000000000000000000 ) ) ;
#3519 = CARTESIAN_POINT ( 'NONE',  ( -4.869582161062614212, 10.00000000000000000, 8.734252662744580675 ) ) ;
#3520 = EDGE_CURVE ( 'NONE', #2746, #4510, #1205, .T. ) ;
#3521 = ORIENTED_EDGE ( 'NONE', *, *, #5813, .F. ) ;
#3522 = DIRECTION ( 'NONE',  ( 0.5249775667251639355, 0.000000000000000000, -0.8511160640214271433 ) ) ;
#3523 = CARTESIAN_POINT ( 'NONE',  ( -9.436260398347613432, 10.00000000000000000, -1.098630827246599662 ) ) ;
#3524 = CARTESIAN_POINT ( 'NONE',  ( -4.057814370325372622, 1.779361857681295289, -9.140544747021408512 ) ) ;
#3525 = PLANE ( 'NONE',  #5063 ) ;
#3526 = EDGE_CURVE ( 'NONE', #698, #544, #5706, .T. ) ;
#3527 = CARTESIAN_POINT ( 'NONE',  ( 0.8133297854803275273, 2.343776050381210396, -9.880521220204503408 ) ) ;
#3528 = ORIENTED_EDGE ( 'NONE', *, *, #7082, .T. ) ;
#3529 = LINE ( 'NONE', #838, #1025 ) ;
#3530 = FACE_OUTER_BOUND ( 'NONE', #3510, .T. ) ;
#3531 = FACE_OUTER_BOUND ( 'NONE', #5933, .T. ) ;
#3532 = CARTESIAN_POINT ( 'NONE',  ( 4.626103053009366306, 9.500000000000000000, 8.797540029607414880 ) ) ;
#3533 = ADVANCED_FACE ( 'NONE', ( #5164 ), #2994, .T. ) ;
#3534 = ORIENTED_EDGE ( 'NONE', *, *, #3646, .T. ) ;
#3535 = CARTESIAN_POINT ( 'NONE',  ( -6.619553888663428864, 2.183709232977763648, -7.321143966266301817 ) ) ;
#3536 = ORIENTED_EDGE ( 'NONE', *, *, #4194, .F. ) ;
#3537 = CARTESIAN_POINT ( 'NONE',  ( 4.470479223992320783, 2.500000000000000444, -10.79269157286916858 ) ) ;
#3538 = CARTESIAN_POINT ( 'NONE',  ( -2.776607510986326410, 8.000000000000000000, -0.4397714266284708517 ) ) ;
#3539 = CARTESIAN_POINT ( 'NONE',  ( -9.529018551433583895, 2.181049877636834555, 3.035713346349016906 ) ) ;
#3540 = CARTESIAN_POINT ( 'NONE',  ( -7.505705356597196953, 2.279592747210247961, 6.459614026961975952 ) ) ;
#3541 = CARTESIAN_POINT ( 'NONE',  ( 0.1814307967061945526, 0.000000000000000000, 2.394357833393303547 ) ) ;
#3542 = ORIENTED_EDGE ( 'NONE', *, *, #8, .T. ) ;
#3543 = CARTESIAN_POINT ( 'NONE',  ( 2.995828026329736549, 8.000000000000000000, 0.9734035322810841162 ) ) ;
#3544 = AXIS2_PLACEMENT_3D ( 'NONE', #2806, #6243, #5631 ) ;
#3545 = VERTEX_POINT ( 'NONE', #6862 ) ;
#3546 = ORIENTED_EDGE ( 'NONE', *, *, #5633, .T. ) ;
#3547 = CARTESIAN_POINT ( 'NONE',  ( -4.626103053009429367, 9.500000000000000000, -8.297540029607377576 ) ) ;
#3548 = CARTESIAN_POINT ( 'NONE',  ( 3.615968364881823049, 1.992783053389769243, 9.324037261860222969 ) ) ;
#3549 = ORIENTED_EDGE ( 'NONE', *, *, #417, .T. ) ;
#3550 = CARTESIAN_POINT ( 'NONE',  ( 2.394357833393303103, 0.000000000000000000, -0.1814307967061945248 ) ) ;
#3551 = AXIS2_PLACEMENT_3D ( 'NONE', #3847, #6920, #4173 ) ;
#3552 = DIRECTION ( 'NONE',  ( 0.000000000000000000, -1.734723475976807094E-15, -1.000000000000000000 ) ) ;
#3553 = CARTESIAN_POINT ( 'NONE',  ( -4.470479223992246176, 9.500000000000000000, 8.792691572869204109 ) ) ;
#3554 = ORIENTED_EDGE ( 'NONE', *, *, #6838, .F. ) ;
#3555 = CARTESIAN_POINT ( 'NONE',  ( -6.619964632136784211, 1.863989508453880672, -7.495923812460073776 ) ) ;
#3556 = VECTOR ( 'NONE', #3489, 1000.000000000000000 ) ;
#3557 = DIRECTION ( 'NONE',  ( -0.6472324890273780662, 0.000000000000000000, -0.7622926637108774495 ) ) ;
#3558 = CARTESIAN_POINT ( 'NONE',  ( 2.504813822048899574, 0.000000000000000000, 1.276266388579323063 ) ) ;
#3559 = FACE_OUTER_BOUND ( 'NONE', #387, .T. ) ;
#3560 = EDGE_CURVE ( 'NONE', #4476, #2731, #2334, .T. ) ;
#3561 = CARTESIAN_POINT ( 'NONE',  ( -8.860697562244208569, 2.242932669926583245, -4.400076075797944242 ) ) ;
#3562 = DIRECTION ( 'NONE',  ( 0.000000000000000000, 1.000000000000000000, 0.000000000000000000 ) ) ;
#3563 = ADVANCED_FACE ( 'NONE', ( #5370 ), #2522, .T. ) ;
#3564 = AXIS2_PLACEMENT_3D ( 'NONE', #3013, #248, #6877 ) ;
#3565 = EDGE_CURVE ( 'NONE', #5497, #5312, #1459, .T. ) ;
#3566 = CARTESIAN_POINT ( 'NONE',  ( 0.000000000000000000, 9.500000000000000000, 0.000000000000000000 ) ) ;
#3567 = EDGE_LOOP ( 'NONE', ( #1462, #2433, #6809 ) ) ;
#3568 = DIRECTION ( 'NONE',  ( 6.018531076210100830E-30, -1.734723475976805517E-15, 1.000000000000000000 ) ) ;
#3569 = FACE_OUTER_BOUND ( 'NONE', #513, .T. ) ;
#3570 = DIRECTION ( 'NONE',  ( -0.6472324890273781772, 0.000000000000000000, -0.7622926637108773384 ) ) ;
#3571 = CARTESIAN_POINT ( 'NONE',  ( -0.5057205400017279473, 1.829075679051490155, 9.987987790097394125 ) ) ;
#3572 = VERTEX_POINT ( 'NONE', #5343 ) ;
#3573 = CARTESIAN_POINT ( 'NONE',  ( 2.970974267493271537, 2.438513403071516539, -9.469254802398138438 ) ) ;
#3574 = ORIENTED_EDGE ( 'NONE', *, *, #1878, .T. ) ;
#3575 = DIRECTION ( 'NONE',  ( 0.000000000000000000, 1.000000000000000000, 0.000000000000000000 ) ) ;
#3576 = CIRCLE ( 'NONE', #3115, 0.5000000000000004441 ) ;
#3577 = CARTESIAN_POINT ( 'NONE',  ( -6.885828264191686365, 2.134320569921022592, 7.031412306681118274 ) ) ;
#3578 = DIRECTION ( 'NONE',  ( 0.000000000000000000, -1.000000000000000000, 0.000000000000000000 ) ) ;
#3579 = VERTEX_POINT ( 'NONE', #4149 ) ;
#3580 = CYLINDRICAL_SURFACE ( 'NONE', #2663, 0.5000000000000004441 ) ;
#3581 = ORIENTED_EDGE ( 'NONE', *, *, #5202, .F. ) ;
#3582 = ORIENTED_EDGE ( 'NONE', *, *, #6151, .F. ) ;
#3583 = CARTESIAN_POINT ( 'NONE',  ( -9.619363854055777097, 9.500000000000000000, 2.732734718790907902 ) ) ;
#3584 = CARTESIAN_POINT ( 'NONE',  ( 3.035713346348732244, 2.181049877636675571, 9.529018551433933837 ) ) ;
#3585 = ORIENTED_EDGE ( 'NONE', *, *, #2856, .T. ) ;
#3586 = DIRECTION ( 'NONE',  ( -0.000000000000000000, -1.000000000000000000, -0.000000000000000000 ) ) ;
#3587 = CARTESIAN_POINT ( 'NONE',  ( -8.297540029607363365, 9.500000000000000000, 4.626103053009459565 ) ) ;
#3588 = CARTESIAN_POINT ( 'NONE',  ( 8.796570338259767752, 2.500000000000000444, -4.594978287205941925 ) ) ;
#3589 = CIRCLE ( 'NONE', #333, 0.4999999999999995559 ) ;
#3590 = ORIENTED_EDGE ( 'NONE', *, *, #1190, .F. ) ;
#3591 = DIRECTION ( 'NONE',  ( 0.000000000000000000, 0.000000000000000000, 1.000000000000000000 ) ) ;
#3592 = FACE_OUTER_BOUND ( 'NONE', #1430, .T. ) ;
#3593 = VECTOR ( 'NONE', #1950, 1000.000000000000000 ) ;
#3594 = CARTESIAN_POINT ( 'NONE',  ( -1.987831504145225026, 8.000000000000000000, -1.987831504145221029 ) ) ;
#3595 = DIRECTION ( 'NONE',  ( 0.000000000000000000, 0.000000000000000000, 1.000000000000000000 ) ) ;
#3596 = CIRCLE ( 'NONE', #685, 0.4999999999999995559 ) ;
#3597 = EDGE_CURVE ( 'NONE', #4042, #3491, #3251, .T. ) ;
#3598 = CARTESIAN_POINT ( 'NONE',  ( 3.247154115396727825, 1.864094386502767486, -9.458796236486616493 ) ) ;
#3599 = DIRECTION ( 'NONE',  ( 0.000000000000000000, -1.000000000000000000, 0.000000000000000000 ) ) ;
#3600 = CARTESIAN_POINT ( 'NONE',  ( -4.626103053009483546, 9.500000000000000000, 8.297540029607349155 ) ) ;
#3601 = ADVANCED_FACE ( 'NONE', ( #404 ), #2598, .T. ) ;
#3602 = VECTOR ( 'NONE', #1269, 1000.000000000000000 ) ;
#3603 = ADVANCED_FACE ( 'NONE', ( #960 ), #5850, .F. ) ;
#3604 = CARTESIAN_POINT ( 'NONE',  ( -9.579266317303966716, 2.409665417632471218, 2.873880065552582685 ) ) ;
#3605 = CARTESIAN_POINT ( 'NONE',  ( 8.734252662744632190, 10.00000000000000000, -4.869582161062522729 ) ) ;
#3606 = DIRECTION ( 'NONE',  ( 4.386267836225386922E-16, -1.000000000000000000, 1.543988371350663943E-15 ) ) ;
#3607 = VECTOR ( 'NONE', #5962, 1000.000000000000000 ) ;
#3608 = ADVANCED_FACE ( 'NONE', ( #888 ), #6933, .T. ) ;
#3609 = VERTEX_POINT ( 'NONE', #4723 ) ;
#3610 = CARTESIAN_POINT ( 'NONE',  ( -6.451230953596414075, 2.181049877636676904, -7.641948001532855805 ) ) ;
#3611 = ORIENTED_EDGE ( 'NONE', *, *, #358, .T. ) ;
#3612 = CARTESIAN_POINT ( 'NONE',  ( 8.260368511126804592, 10.00001200000000168, -8.260368511126660707 ) ) ;
#3613 = EDGE_CURVE ( 'NONE', #2112, #43, #7164, .T. ) ;
#3614 = CARTESIAN_POINT ( 'NONE',  ( -5.895594408746999804, 9.500000000000000000, -7.449293024680337716 ) ) ;
#3615 = DIRECTION ( 'NONE',  ( -0.7841361078610907809, 0.000000000000000000, 0.6205888851312597598 ) ) ;
#3616 = AXIS2_PLACEMENT_3D ( 'NONE', #1219, #494, #2294 ) ;
#3617 = ORIENTED_EDGE ( 'NONE', *, *, #1544, .F. ) ;
#3618 = EDGE_LOOP ( 'NONE', ( #1937, #2929, #6831, #1638, #3574, #4727 ) ) ;
#3619 = ORIENTED_EDGE ( 'NONE', *, *, #4828, .F. ) ;
#3620 = CARTESIAN_POINT ( 'NONE',  ( 7.206828043569089459, 2.147342056939914645, 6.720468549890285637 ) ) ;
#3621 = ORIENTED_EDGE ( 'NONE', *, *, #5302, .T. ) ;
#3622 = CIRCLE ( 'NONE', #1755, 0.5000000000000000000 ) ;
#3623 = CARTESIAN_POINT ( 'NONE',  ( -4.501324523359294005, 2.314916786199594956, 8.827410336412180314 ) ) ;
#3624 = DIRECTION ( 'NONE',  ( -0.6205888851312577614, 0.000000000000000000, -0.7841361078610923352 ) ) ;
#3625 = DIRECTION ( 'NONE',  ( 0.000000000000000000, 0.000000000000000000, 1.000000000000000000 ) ) ;
#3626 = ORIENTED_EDGE ( 'NONE', *, *, #5447, .F. ) ;
#3627 = AXIS2_PLACEMENT_3D ( 'NONE', #745, #2425, #4617 ) ;
#3628 = B_SPLINE_CURVE_WITH_KNOTS ( 'NONE', 3,
 ( #2500, #5176, #2432, #6839, #4086, #6295, #5755, #785, #3008, #5216, #3255, #4291, #313, #3117, #6409, #5995, #1437, #6510 ),
 .UNSPECIFIED., .F., .F.,
 ( 4, 2, 2, 2, 2, 2, 2, 2, 4 ),
 ( 4.336808689942017736E-19, 0.0003765522689820489238, 0.0007531045379640974140, 0.001129656806946145904, 0.001506209075928194394, 0.001882761344910242884, 0.002259313613892291375, 0.002635865882874339865, 0.003012418151856388355 ),
 .UNSPECIFIED. ) ;
#3629 = CARTESIAN_POINT ( 'NONE',  ( 0.9734035322810874469, 8.000000000000000000, 2.995828026329733884 ) ) ;
#3630 = DIRECTION ( 'NONE',  ( 0.9249892435672760760, 0.000000000000000000, 0.3799932884734130711 ) ) ;
#3631 = CARTESIAN_POINT ( 'NONE',  ( 0.8789046617972523512, 2.500000000000000444, 9.885393354405108468 ) ) ;
#3632 = CYLINDRICAL_SURFACE ( 'NONE', #438, 0.5000000000000004441 ) ;
#3633 = CARTESIAN_POINT ( 'NONE',  ( 2.970974231079634986, 2.461610632227655859, -9.469254843656203846 ) ) ;
#3634 = CARTESIAN_POINT ( 'NONE',  ( 9.190454985892348105, 1.768515498480401016, 3.943572702702330623 ) ) ;
#3635 = CARTESIAN_POINT ( 'NONE',  ( 9.332649232411188933, 1.779361857681294401, 3.594033116304668152 ) ) ;
#3636 = CARTESIAN_POINT ( 'NONE',  ( 4.470479223992089857, 2.500000000000000444, 8.792691572869266281 ) ) ;
#3637 = DIRECTION ( 'NONE',  ( 0.000000000000000000, -0.000000000000000000, 1.000000000000000000 ) ) ;
#3638 = CARTESIAN_POINT ( 'NONE',  ( -0.1814307967061928317, 8.000000000000000000, -2.394357833393303991 ) ) ;
#3639 = CARTESIAN_POINT ( 'NONE',  ( -8.260368511126747748, 2.500000000000000444, 8.260368511126719326 ) ) ;
#3640 = CARTESIAN_POINT ( 'NONE',  ( -0.8789046617972536835, 2.500000000000000444, 9.885393354405108468 ) ) ;
#3641 = ORIENTED_EDGE ( 'NONE', *, *, #2182, .F. ) ;
#3642 = CARTESIAN_POINT ( 'NONE',  ( -6.459614026961990163, 2.279592747210329229, -7.505705356597035305 ) ) ;
#3643 = ORIENTED_EDGE ( 'NONE', *, *, #1862, .T. ) ;
#3644 = DIRECTION ( 'NONE',  ( -0.000000000000000000, -1.000000000000000000, -0.000000000000000000 ) ) ;
#3645 = ADVANCED_FACE ( 'NONE', ( #4763 ), #3176, .T. ) ;
#3646 = EDGE_CURVE ( 'NONE', #5714, #768, #1426, .T. ) ;
#3647 = CARTESIAN_POINT ( 'NONE',  ( 2.504813822048898242, 8.000000000000000000, -1.276266388579323952 ) ) ;
#3648 = FACE_OUTER_BOUND ( 'NONE', #1839, .T. ) ;
#3649 = ORIENTED_EDGE ( 'NONE', *, *, #2161, .T. ) ;
#3650 = ORIENTED_EDGE ( 'NONE', *, *, #6997, .F. ) ;
#3651 = ORIENTED_EDGE ( 'NONE', *, *, #3134, .F. ) ;
#3652 = CARTESIAN_POINT ( 'NONE',  ( 6.368549247076002118, 2.438513403071495667, -7.611508069917393371 ) ) ;
#3653 = VERTEX_POINT ( 'NONE', #341 ) ;
#3654 = VECTOR ( 'NONE', #2395, 1000.000000000000000 ) ;
#3655 = CARTESIAN_POINT ( 'NONE',  ( -5.095752233843723986E-17, 2.500000000000000444, 11.68192517863507618 ) ) ;
#3656 = FACE_OUTER_BOUND ( 'NONE', #199, .T. ) ;
#3657 = DIRECTION ( 'NONE',  ( 0.000000000000000000, 1.000000000000000000, 0.000000000000000000 ) ) ;
#3658 = VERTEX_POINT ( 'NONE', #5271 ) ;
#3659 = DIRECTION ( 'NONE',  ( 0.000000000000000000, 0.000000000000000000, 1.000000000000000000 ) ) ;
#3660 = CARTESIAN_POINT ( 'NONE',  ( -3.616353032451459004, 1.992695579455425081, 9.323898564490038510 ) ) ;
#3661 = AXIS2_PLACEMENT_3D ( 'NONE', #3612, #1314, #2521 ) ;
#3662 = DIRECTION ( 'NONE',  ( 0.000000000000000000, 1.000000000000000000, 0.000000000000000000 ) ) ;
#3663 = CARTESIAN_POINT ( 'NONE',  ( 11.68192517863507618, 9.500000000000000000, 1.224126288112367485E-13 ) ) ;
#3664 = ADVANCED_FACE ( 'NONE', ( #2564 ), #4686, .T. ) ;
#3665 = CARTESIAN_POINT ( 'NONE',  ( -4.142024133190974844, 2.164715090713958734, -8.947791336897445547 ) ) ;
#3666 = EDGE_CURVE ( 'NONE', #4940, #2751, #2558, .T. ) ;
#3667 = CIRCLE ( 'NONE', #989, 0.5000000000000004441 ) ;
#3668 = CARTESIAN_POINT ( 'NONE',  ( -0.5673463196692578592, 8.000000000000000000, -2.333234819276244210 ) ) ;
#3669 = EDGE_LOOP ( 'NONE', ( #6818, #1433, #6287, #3695 ) ) ;
#3670 = CARTESIAN_POINT ( 'NONE',  ( 8.297540029607301193, 10.00000000000000000, 4.626103053009570587 ) ) ;
#3671 = FACE_OUTER_BOUND ( 'NONE', #5987, .T. ) ;
#3672 = AXIS2_PLACEMENT_3D ( 'NONE', #1921, #4135, #2099 ) ;
#3673 = AXIS2_PLACEMENT_3D ( 'NONE', #5162, #269, #4762 ) ;
#3674 = CARTESIAN_POINT ( 'NONE',  ( 0.1814307967061945526, 8.000000000000000000, 2.394357833393303547 ) ) ;
#3675 = CARTESIAN_POINT ( 'NONE',  ( -0.7528369329705449919, 2.127032157860327732, 9.972609810340804515 ) ) ;
#3676 = VERTEX_POINT ( 'NONE', #6498 ) ;
#3677 = CARTESIAN_POINT ( 'NONE',  ( 3.943572702702348831, 1.768515498480387249, -9.190454985892341000 ) ) ;
#3678 = ORIENTED_EDGE ( 'NONE', *, *, #4215, .F. ) ;
#3679 = CARTESIAN_POINT ( 'NONE',  ( 0.000000000000000000, 0.000000000000000000, -3.499999999999972022 ) ) ;
#3680 = CARTESIAN_POINT ( 'NONE',  ( -9.932905682471183439, 2.371852820628066905, 1.156453502364772845 ) ) ;
#3681 = CARTESIAN_POINT ( 'NONE',  ( -2.970974231079568817, 9.500000000000000000, 9.469254843656223386 ) ) ;
#3682 = ORIENTED_EDGE ( 'NONE', *, *, #3468, .T. ) ;
#3684 = EDGE_LOOP ( 'NONE', ( #4066, #1640, #55 ) ) ;
#3683 = VECTOR ( 'NONE', #5769, 999.9999999999998863 ) ;
#3685 = ORIENTED_EDGE ( 'NONE', *, *, #5937, .T. ) ;
#3686 = EDGE_CURVE ( 'NONE', #2063, #6496, #6814, .T. ) ;
#3687 = EDGE_CURVE ( 'NONE', #4848, #4656, #3350, .T. ) ;
#3688 = DIRECTION ( 'NONE',  ( -0.06224953160689087467, 0.000000000000000000, -0.9980606173047420482 ) ) ;
#3689 = ADVANCED_FACE ( 'NONE', ( #3210 ), #1892, .T. ) ;
#3690 = EDGE_CURVE ( 'NONE', #1200, #2298, #2302, .T. ) ;
#3691 = CARTESIAN_POINT ( 'NONE',  ( 0.000000000000000000, 0.000000000000000000, -3.499999999999972022 ) ) ;
#3692 = CIRCLE ( 'NONE', #5183, 0.5000000000000000000 ) ;
#3693 = CARTESIAN_POINT ( 'NONE',  ( -2.995828026329732996, 0.000000000000000000, 0.9734035322810843383 ) ) ;
#3694 = CARTESIAN_POINT ( 'NONE',  ( 7.449293024680234687, 10.00000000000000000, 5.895594408747129478 ) ) ;
#3695 = ORIENTED_EDGE ( 'NONE', *, *, #2092, .T. ) ;
#3696 = DIRECTION ( 'NONE',  ( -1.000000000000000000, 0.000000000000000000, 0.000000000000000000 ) ) ;
#3697 = AXIS2_PLACEMENT_3D ( 'NONE', #4354, #5417, #3288 ) ;
#3698 = LINE ( 'NONE', #318, #2469 ) ;
#3699 = DIRECTION ( 'NONE',  ( 0.000000000000000000, 0.000000000000000000, 1.000000000000000000 ) ) ;
#3700 = DIRECTION ( 'NONE',  ( 0.000000000000000000, 1.000000000000000000, 0.000000000000000000 ) ) ;
#3701 = CIRCLE ( 'NONE', #1956, 2.000000000000000000 ) ;
#3702 = EDGE_CURVE ( 'NONE', #1894, #4156, #1265, .T. ) ;
#3703 = AXIS2_PLACEMENT_3D ( 'NONE', #1771, #5649, #3417 ) ;
#3704 = LINE ( 'NONE', #3668, #5173 ) ;
#3705 = DIRECTION ( 'NONE',  ( -1.401920620564769776E-15, 1.000000000000000000, -7.816086743456832033E-16 ) ) ;
#3706 = AXIS2_PLACEMENT_3D ( 'NONE', #4094, #256, #6850 ) ;
#3707 =( NAMED_UNIT ( * ) PLANE_ANGLE_UNIT ( ) SI_UNIT ( $, .RADIAN. ) );
#3708 = CARTESIAN_POINT ( 'NONE',  ( 2.596097982851268249, 9.500000000000000000, 9.138395661353010624 ) ) ;
#3709 = AXIS2_PLACEMENT_3D ( 'NONE', #6743, #2796, #4995 ) ;
#3710 = DIRECTION ( 'NONE',  ( -0.000000000000000000, -1.000000000000000000, -0.000000000000000000 ) ) ;
#3711 = CARTESIAN_POINT ( 'NONE',  ( 4.741424121641899525, 2.500000000000000888, -8.805704236984219335 ) ) ;
#3712 = AXIS2_PLACEMENT_3D ( 'NONE', #938, #5352, #2088 ) ;
#3713 = ORIENTED_EDGE ( 'NONE', *, *, #3855, .T. ) ;
#3714 = DIRECTION ( 'NONE',  ( 0.000000000000000000, -1.000000000000000000, 0.000000000000000000 ) ) ;
#3715 = AXIS2_PLACEMENT_3D ( 'NONE', #1041, #3298, #5609 ) ;
#3716 = DIRECTION ( 'NONE',  ( -0.9716864685947451674, 0.000000000000000000, -0.2362740077746034173 ) ) ;
#3717 = ORIENTED_EDGE ( 'NONE', *, *, #4866, .F. ) ;
#3718 = EDGE_LOOP ( 'NONE', ( #3926, #3265, #5040 ) ) ;
#3719 = EDGE_LOOP ( 'NONE', ( #6152, #7132, #310, #7113 ) ) ;
#3720 = CARTESIAN_POINT ( 'NONE',  ( 6.815700865711542100, 2.139858412045533509, -7.104936358681923636 ) ) ;
#3721 = ORIENTED_EDGE ( 'NONE', *, *, #5672, .T. ) ;
#3722 = CARTESIAN_POINT ( 'NONE',  ( 9.138395661352950228, 9.500000000000000000, 2.596097982851490737 ) ) ;
#3723 = ADVANCED_FACE ( 'NONE', ( #6855 ), #2877, .T. ) ;
#3724 = CARTESIAN_POINT ( 'NONE',  ( 2.656295322589485863E-15, 8.000000000000000000, 3.149999999999999911 ) ) ;
#3725 = CARTESIAN_POINT ( 'NONE',  ( -7.611508121969602136, 2.500000000000000444, 6.368549229222964847 ) ) ;
#3726 = ORIENTED_EDGE ( 'NONE', *, *, #3284, .T. ) ;
#3727 = CARTESIAN_POINT ( 'NONE',  ( -1.098630827246566799, 10.00000000000000000, 9.936260398347616984 ) ) ;
#3728 = VECTOR ( 'NONE', #3739, 1000.000000000000000 ) ;
#3729 = AXIS2_PLACEMENT_3D ( 'NONE', #2393, #2361, #1333 ) ;
#3730 = CARTESIAN_POINT ( 'NONE',  ( -3.708174382605501140, 1.768641139222038028, 9.287931484318818320 ) ) ;
#3731 = DIRECTION ( 'NONE',  ( -1.000000000000000000, -8.673617379884043361E-16, 0.000000000000000000 ) ) ;
#3732 = DIRECTION ( 'NONE',  ( -0.000000000000000000, -1.000000000000000000, -0.000000000000000000 ) ) ;
#3733 = CARTESIAN_POINT ( 'NONE',  ( 5.895594408747102833, 10.00000000000000000, -7.449293024680254227 ) ) ;
#3734 = VECTOR ( 'NONE', #1819, 1000.000000000000114 ) ;
#3735 = DIRECTION ( 'NONE',  ( 0.000000000000000000, 1.000000000000000000, 0.000000000000000000 ) ) ;
#3736 = CARTESIAN_POINT ( 'NONE',  ( 8.984615682879187659, 1.863989508453881117, 4.391979800034282455 ) ) ;
#3737 = ORIENTED_EDGE ( 'NONE', *, *, #1097, .T. ) ;
#3738 = CARTESIAN_POINT ( 'NONE',  ( -2.596097982851402808, 10.00000000000000000, 9.138395661352975097 ) ) ;
#3739 = DIRECTION ( 'NONE',  ( 0.000000000000000000, -1.000000000000000000, 0.000000000000000000 ) ) ;
#3740 = CARTESIAN_POINT ( 'NONE',  ( 5.895594408746947401, 9.500000000000000000, 7.449293024680376796 ) ) ;
#3741 = DIRECTION ( 'NONE',  ( 0.000000000000000000, 0.000000000000000000, 1.000000000000000000 ) ) ;
#3742 = EDGE_CURVE ( 'NONE', #6344, #1159, #4626, .T. ) ;
#3743 = DIRECTION ( 'NONE',  ( 0.000000000000000000, 0.000000000000000000, 1.000000000000000000 ) ) ;
#3744 = EDGE_LOOP ( 'NONE', ( #4771, #7001, #2458, #3473 ) ) ;
#3745 = CARTESIAN_POINT ( 'NONE',  ( 2.548403532281087180, 0.000000000000000000, -1.851523544721291881 ) ) ;
#3746 = EDGE_CURVE ( 'NONE', #6936, #6426, #6235, .T. ) ;
#3747 = DIRECTION ( 'NONE',  ( 0.000000000000000000, -1.000000000000000000, 0.000000000000000000 ) ) ;
#3748 = VERTEX_POINT ( 'NONE', #5697 ) ;
#3749 = ORIENTED_EDGE ( 'NONE', *, *, #6554, .T. ) ;
#3750 = ORIENTED_EDGE ( 'NONE', *, *, #3001, .F. ) ;
#3751 = CARTESIAN_POINT ( 'NONE',  ( 7.611508121969515983, 2.456216401094831969, 6.368549229223073205 ) ) ;
#3752 = ORIENTED_EDGE ( 'NONE', *, *, #910, .F. ) ;
#3753 = LINE ( 'NONE', #384, #1718 ) ;
#3754 = DIRECTION ( 'NONE',  ( 0.000000000000000000, 1.000000000000000000, 0.000000000000000000 ) ) ;
#3755 = CARTESIAN_POINT ( 'NONE',  ( 0.9734035322810951074, 8.000000000000000000, -2.995828026329730776 ) ) ;
#3756 = VERTEX_POINT ( 'NONE', #1893 ) ;
#3757 = CARTESIAN_POINT ( 'NONE',  ( -8.297540029607365142, 9.500000000000000000, 4.626103053009458677 ) ) ;
#3758 = CARTESIAN_POINT ( 'NONE',  ( 0.9124482025973564836, 0.000000000000000000, 2.221104420305848315 ) ) ;
#3759 = CARTESIAN_POINT ( 'NONE',  ( 7.711024474176564780, 2.051189550670911022, -6.367596717411051266 ) ) ;
#3760 = CARTESIAN_POINT ( 'NONE',  ( -3.238364770026759043, 1.867418461490419679, -9.461809159397503777 ) ) ;
#3761 = VECTOR ( 'NONE', #4260, 1000.000000000000000 ) ;
#3762 = CARTESIAN_POINT ( 'NONE',  ( 8.882927013875237421, 1.975531022569853912, 4.594171655381798836 ) ) ;
#3763 = EDGE_CURVE ( 'NONE', #43, #828, #2986, .T. ) ;
#3764 = DIRECTION ( 'NONE',  ( 0.000000000000000000, 0.000000000000000000, 1.000000000000000000 ) ) ;
#3765 = EDGE_CURVE ( 'NONE', #4980, #6941, #6779, .T. ) ;
#3766 = ADVANCED_FACE ( 'NONE', ( #3455 ), #108, .T. ) ;
#3767 = CARTESIAN_POINT ( 'NONE',  ( 0.000000000000000000, 9.500000000000000000, 0.000000000000000000 ) ) ;
#3768 = DIRECTION ( 'NONE',  ( 0.000000000000000000, 0.000000000000000000, 1.000000000000000000 ) ) ;
#3769 = DIRECTION ( 'NONE',  ( 0.000000000000000000, 1.000000000000000000, 0.000000000000000000 ) ) ;
#3770 = DIRECTION ( 'NONE',  ( 0.000000000000000000, 1.000000000000000000, 0.000000000000000000 ) ) ;
#3771 = ADVANCED_FACE ( 'NONE', ( #732 ), #6746, .T. ) ;
#3772 = VECTOR ( 'NONE', #986, 1000.000000000000114 ) ;
#3773 = CARTESIAN_POINT ( 'NONE',  ( 9.880493916138894051, 2.343452233630473280, -0.8129670326368484412 ) ) ;
#3774 = ORIENTED_EDGE ( 'NONE', *, *, #1095, .F. ) ;
#3775 = FACE_OUTER_BOUND ( 'NONE', #3186, .T. ) ;
#3776 = AXIS2_PLACEMENT_3D ( 'NONE', #3051, #1946, #1399 ) ;
#3777 = CARTESIAN_POINT ( 'NONE',  ( 7.725627693846815802, 2.322848788353864435, 6.351233556578124606 ) ) ;
#3778 = AXIS2_PLACEMENT_3D ( 'NONE', #2295, #3951, #3416 ) ;
#3779 = ORIENTED_EDGE ( 'NONE', *, *, #4095, .T. ) ;
#3780 = ORIENTED_EDGE ( 'NONE', *, *, #4132, .T. ) ;
#3781 = EDGE_LOOP ( 'NONE', ( #4862, #3430, #6385, #6505 ) ) ;
#3782 = CARTESIAN_POINT ( 'NONE',  ( -4.626103053009485322, 9.500000000000000000, 8.297540029607349155 ) ) ;
#3783 = CARTESIAN_POINT ( 'NONE',  ( 7.505705356597045075, 2.279592747210289261, -6.459614026961983946 ) ) ;
#3784 = ORIENTED_EDGE ( 'NONE', *, *, #2621, .T. ) ;
#3785 = EDGE_LOOP ( 'NONE', ( #4093, #473, #4320, #5276 ) ) ;
#3786 = CARTESIAN_POINT ( 'NONE',  ( 2.168404344971008868E-16, 8.000000000000000000, -3.149999999999999911 ) ) ;
#3787 = CARTESIAN_POINT ( 'NONE',  ( -6.320945456729162082, 2.500000000000000444, 7.750301822741132440 ) ) ;
#3788 = LINE ( 'NONE', #7012, #4751 ) ;
#3789 = ORIENTED_EDGE ( 'NONE', *, *, #2710, .T. ) ;
#3790 = CARTESIAN_POINT ( 'NONE',  ( 9.997620538913139399, 1.779361857681295067, -0.2509966059968983809 ) ) ;
#3791 = CIRCLE ( 'NONE', #543, 9.500000000000000000 ) ;
#3792 = CARTESIAN_POINT ( 'NONE',  ( 9.885393354405117350, 2.500000000000000444, -0.8789046617971488784 ) ) ;
#3793 = SPHERICAL_SURFACE ( 'NONE', #6471, 0.5000000000000000000 ) ;
#3794 = CARTESIAN_POINT ( 'NONE',  ( -4.335449496297316685, 2.048945620300650194, -9.012139614925676057 ) ) ;
#3795 = CARTESIAN_POINT ( 'NONE',  ( 0.2045203784392708446, 2.139858412045501979, 9.843376979806528482 ) ) ;
#3796 = ORIENTED_EDGE ( 'NONE', *, *, #357, .T. ) ;
#3797 = CARTESIAN_POINT ( 'NONE',  ( 4.470479223992089857, 9.500000000000000000, 10.79269157286926628 ) ) ;
#3798 = CARTESIAN_POINT ( 'NONE',  ( -8.796570334834193261, 2.438513403071551622, 4.594978232283564168 ) ) ;
#3799 = DIRECTION ( 'NONE',  ( -1.000000000000000000, -1.734723475976808672E-15, 0.000000000000000000 ) ) ;
#3800 = EDGE_CURVE ( 'NONE', #3369, #6688, #1746, .T. ) ;
#3801 = CIRCLE ( 'NONE', #1591, 0.5000000000000004441 ) ;
#3802 = CARTESIAN_POINT ( 'NONE',  ( -4.391979800034192749, 1.863989508453882893, 8.984615682879235621 ) ) ;
#3803 = AXIS2_PLACEMENT_3D ( 'NONE', #5471, #4919, #4888 ) ;
#3804 = CARTESIAN_POINT ( 'NONE',  ( -8.734252662744561135, 2.500000000000000000, -4.869582161062647074 ) ) ;
#3805 = EDGE_CURVE ( 'NONE', #4286, #2787, #1778, .T. ) ;
#3806 = AXIS2_PLACEMENT_3D ( 'NONE', #4955, #4338, #1700 ) ;
#3807 = CARTESIAN_POINT ( 'NONE',  ( 4.036214224533209993, 1.992783053389820980, -9.149965727261260895 ) ) ;
#3808 = ORIENTED_EDGE ( 'NONE', *, *, #4079, .T. ) ;
#3809 = CARTESIAN_POINT ( 'NONE',  ( 8.966837034307440391, 2.147342056939915977, -4.086428952008209770 ) ) ;
#3810 = SPHERICAL_SURFACE ( 'NONE', #4696, 0.5000000000000000000 ) ;
#3811 = EDGE_CURVE ( 'NONE', #6176, #5015, #6816, .T. ) ;
#3812 = AXIS2_PLACEMENT_3D ( 'NONE', #5234, #1350, #265 ) ;
#3813 = VECTOR ( 'NONE', #4947, 1000.000000000000000 ) ;
#3814 = CARTESIAN_POINT ( 'NONE',  ( 6.508373931577509985, 2.240934156756754003, 7.448814233386296557 ) ) ;
#3815 = EDGE_CURVE ( 'NONE', #3995, #4655, #69, .T. ) ;
#3816 = AXIS2_PLACEMENT_3D ( 'NONE', #2, #3402, #2120 ) ;
#3817 = ORIENTED_EDGE ( 'NONE', *, *, #1141, .F. ) ;
#3818 = VERTEX_POINT ( 'NONE', #1310 ) ;
#3819 = ORIENTED_EDGE ( 'NONE', *, *, #5718, .T. ) ;
#3820 = AXIS2_PLACEMENT_3D ( 'NONE', #6623, #4527, #1078 ) ;
#3821 = CARTESIAN_POINT ( 'NONE',  ( 7.502303277451192187, 1.867418461490340853, -6.612736535334976296 ) ) ;
#3822 = CIRCLE ( 'NONE', #2563, 10.00000000000000000 ) ;
#3823 = DIRECTION ( 'NONE',  ( 0.000000000000000000, 1.000000000000000000, 0.000000000000000000 ) ) ;
#3824 = CARTESIAN_POINT ( 'NONE',  ( 8.260368511126804592, 9.500000000000000000, -8.260368511126660707 ) ) ;
#3825 = LINE ( 'NONE', #591, #935 ) ;
#3826 = CARTESIAN_POINT ( 'NONE',  ( -2.776607510986326410, 0.000000000000000000, -0.4397714266284708517 ) ) ;
#3827 = VERTEX_POINT ( 'NONE', #3532 ) ;
#3828 = CARTESIAN_POINT ( 'NONE',  ( -8.757196459659372323, 2.255681435097458998, -4.828799771687418918 ) ) ;
#3829 = AXIS2_PLACEMENT_3D ( 'NONE', #42, #6064, #3970 ) ;
#3830 = ORIENTED_EDGE ( 'NONE', *, *, #1920, .T. ) ;
#3831 = FACE_OUTER_BOUND ( 'NONE', #1654, .T. ) ;
#3832 = CARTESIAN_POINT ( 'NONE',  ( 9.938409227484202191, 2.257089604130889438, -1.110773098972487327 ) ) ;
#3833 = LINE ( 'NONE', #489, #5411 ) ;
#3834 = CARTESIAN_POINT ( 'NONE',  ( 8.980357240025675480, 1.867388762198238128, -4.400693446046251012 ) ) ;
#3835 = ORIENTED_EDGE ( 'NONE', *, *, #1951, .T. ) ;
#3836 = CIRCLE ( 'NONE', #2688, 0.5000000000000003331 ) ;
#3837 = DIRECTION ( 'NONE',  ( -0.000000000000000000, -1.000000000000000000, -0.000000000000000000 ) ) ;
#3838 = CARTESIAN_POINT ( 'NONE',  ( 1.260587625341246687, 8.000000000000000000, -2.043718524445536033 ) ) ;
#3839 = CARTESIAN_POINT ( 'NONE',  ( -4.626103053009483546, 10.00000000000000000, 8.297540029607349155 ) ) ;
#3840 = CARTESIAN_POINT ( 'NONE',  ( 2.168404344971008868E-16, 0.000000000000000000, -3.149999999999999911 ) ) ;
#3841 = DIRECTION ( 'NONE',  ( 0.2732734718790845174, -0.000000000000000000, 0.9619363854055794638 ) ) ;
#3842 = CARTESIAN_POINT ( 'NONE',  ( -8.297540029607333167, 9.500000000000000000, -4.626103053009511967 ) ) ;
#3843 = CARTESIAN_POINT ( 'NONE',  ( 9.469254843656193188, 2.456216401094831081, 2.970974231079661632 ) ) ;
#3844 = AXIS2_PLACEMENT_3D ( 'NONE', #6975, #897, #3688 ) ;
#3845 = CYLINDRICAL_SURFACE ( 'NONE', #6713, 2.000000000000000000 ) ;
#3846 = ORIENTED_EDGE ( 'NONE', *, *, #46, .T. ) ;
#3847 = CARTESIAN_POINT ( 'NONE',  ( 8.297540029607398893, 9.500000000000000000, -4.626103053009395616 ) ) ;
#3848 = CARTESIAN_POINT ( 'NONE',  ( -9.932905682471172781, 2.500000000000000000, -1.156453502364842567 ) ) ;
#3849 = ORIENTED_EDGE ( 'NONE', *, *, #435, .F. ) ;
#3850 = LINE ( 'NONE', #3886, #342 ) ;
#3851 = VERTEX_POINT ( 'NONE', #5735 ) ;
#3852 = DIRECTION ( 'NONE',  ( 8.673617379884035472E-16, 0.000000000000000000, 1.000000000000000000 ) ) ;
#3853 = EDGE_CURVE ( 'NONE', #2787, #2696, #6169, .T. ) ;
#3854 = PLANE ( 'NONE',  #4993 ) ;
#3855 = EDGE_CURVE ( 'NONE', #4827, #5764, #1197, .T. ) ;
#3856 = DIRECTION ( 'NONE',  ( 0.000000000000000000, 0.000000000000000000, 1.000000000000000000 ) ) ;
#3857 = EDGE_CURVE ( 'NONE', #2298, #6180, #5593, .T. ) ;
#3858 = CARTESIAN_POINT ( 'NONE',  ( -1.156453502364807928, 2.500000000000000000, 9.932905682471176334 ) ) ;
#3859 = CARTESIAN_POINT ( 'NONE',  ( -9.138395661352966215, 9.500000000000000000, -2.596097982851433894 ) ) ;
#3860 = CARTESIAN_POINT ( 'NONE',  ( -3.183408101423865766, 2.232187151975808970, -9.361961525311102150 ) ) ;
#3861 = ORIENTED_EDGE ( 'NONE', *, *, #4797, .T. ) ;
#3862 = CARTESIAN_POINT ( 'NONE',  ( -8.806614869402675794, 2.377840714399293898, -4.564612839430695956 ) ) ;
#3863 = ORIENTED_EDGE ( 'NONE', *, *, #1812, .T. ) ;
#3864 = DIRECTION ( 'NONE',  ( 0.000000000000000000, 0.000000000000000000, 1.000000000000000000 ) ) ;
#3865 = CARTESIAN_POINT ( 'NONE',  ( 9.857563765852034976, 2.183694385698118801, -0.4961482701700791753 ) ) ;
#3866 = CARTESIAN_POINT ( 'NONE',  ( 0.000000000000000000, 9.500000000000000000, 0.000000000000000000 ) ) ;
#3867 = CARTESIAN_POINT ( 'NONE',  ( 8.917333680704871313, 2.183694385698153884, -4.230707568574939792 ) ) ;
#3868 = ORIENTED_EDGE ( 'NONE', *, *, #73, .F. ) ;
#3869 = LINE ( 'NONE', #3335, #2285 ) ;
#3870 = CARTESIAN_POINT ( 'NONE',  ( -2.333234819276247318, 8.000000000000000000, -0.5673463196692614119 ) ) ;
#3871 = EDGE_CURVE ( 'NONE', #1779, #3369, #5036, .T. ) ;
#3872 = DIRECTION ( 'NONE',  ( 2.602085213965210642E-15, 0.000000000000000000, 1.000000000000000000 ) ) ;
#3873 = CARTESIAN_POINT ( 'NONE',  ( -9.469254843656210952, 2.500000000000000444, -2.970974231079604344 ) ) ;
#3874 = ADVANCED_FACE ( 'NONE', ( #3263 ), #6423, .T. ) ;
#3875 = CARTESIAN_POINT ( 'NONE',  ( -8.882927013875264066, 1.975531022569855244, -4.594171655381736663 ) ) ;
#3876 = CARTESIAN_POINT ( 'NONE',  ( 9.461918427558064337, 2.413741176464118343, 2.985568878361663625 ) ) ;
#3877 = VECTOR ( 'NONE', #6786, 1000.000000000000114 ) ;
#3878 = CIRCLE ( 'NONE', #5494, 0.5000000000000004441 ) ;
#3879 = LINE ( 'NONE', #7170, #451 ) ;
#3880 = ORIENTED_EDGE ( 'NONE', *, *, #4209, .F. ) ;
#3881 = CARTESIAN_POINT ( 'NONE',  ( -9.998077438046033549, 1.992695579455343813, 0.2270269566658719429 ) ) ;
#3882 = AXIS2_PLACEMENT_3D ( 'NONE', #179, #1850, #5189 ) ;
#3883 = CARTESIAN_POINT ( 'NONE',  ( 7.642397253626209697, 2.181508697813393294, 6.450700701128066150 ) ) ;
#3884 = VERTEX_POINT ( 'NONE', #6006 ) ;
#3885 = AXIS2_PLACEMENT_3D ( 'NONE', #3301, #5538, #1150 ) ;
#3886 = CARTESIAN_POINT ( 'NONE',  ( 4.286263797015701589E-16, 0.000000000000000000, 3.499999999999972022 ) ) ;
#3887 = ORIENTED_EDGE ( 'NONE', *, *, #1776, .F. ) ;
#3888 = DIRECTION ( 'NONE',  ( 1.734723475976806700E-15, 0.000000000000000000, 1.000000000000000000 ) ) ;
#3889 = DIRECTION ( 'NONE',  ( -0.07555769727474859199, 0.000000000000000000, 0.9971414314842892423 ) ) ;
#3890 = ORIENTED_EDGE ( 'NONE', *, *, #1900, .T. ) ;
#3891 = DIRECTION ( 'NONE',  ( 0.000000000000000000, -8.673617379884027583E-16, -1.000000000000000000 ) ) ;
#3892 = DIRECTION ( 'NONE',  ( 0.000000000000000000, 1.000000000000000000, 0.000000000000000000 ) ) ;
#3893 = AXIS2_PLACEMENT_3D ( 'NONE', #2475, #3019, #6269 ) ;
#3894 = DIRECTION ( 'NONE',  ( 0.000000000000000000, 1.000000000000000000, 0.000000000000000000 ) ) ;
#3895 = CARTESIAN_POINT ( 'NONE',  ( -4.207513683477613675, 2.179202509440143931, -8.925356074760863123 ) ) ;
#3896 = EDGE_CURVE ( 'NONE', #6446, #3334, #5911, .T. ) ;
#3897 = ORIENTED_EDGE ( 'NONE', *, *, #6218, .F. ) ;
#3898 = ADVANCED_FACE ( 'NONE', ( #330 ), #4755, .T. ) ;
#3899 = CARTESIAN_POINT ( 'NONE',  ( -0.9504006689409558728, 2.051424475504903366, -9.955047142828190587 ) ) ;
#3900 = ORIENTED_EDGE ( 'NONE', *, *, #5163, .F. ) ;
#3901 = EDGE_CURVE ( 'NONE', #3041, #5714, #1214, .T. ) ;
#3902 = FACE_OUTER_BOUND ( 'NONE', #39, .T. ) ;
#3903 = ADVANCED_FACE ( 'NONE', ( #2245 ), #54, .F. ) ;
#3904 = EDGE_LOOP ( 'NONE', ( #3721, #6237, #5901, #6439 ) ) ;
#3905 = CARTESIAN_POINT ( 'NONE',  ( 9.949874371066208312, 2.500000000000000888, -1.010707579139138224 ) ) ;
#3906 = CARTESIAN_POINT ( 'NONE',  ( 1.851523544721292769, 8.000000000000000000, 2.548403532281084960 ) ) ;
#3907 = CARTESIAN_POINT ( 'NONE',  ( 9.297048667841423253, 2.183709232977730785, -3.313989850241789714 ) ) ;
#3908 = ORIENTED_EDGE ( 'NONE', *, *, #910, .T. ) ;
#3909 = DIRECTION ( 'NONE',  ( 0.000000000000000000, 1.000000000000000000, 0.000000000000000000 ) ) ;
#3910 = CARTESIAN_POINT ( 'NONE',  ( 7.449293024680234687, 9.500000000000000000, 5.895594408747129478 ) ) ;
#3911 = DIRECTION ( 'NONE',  ( 0.000000000000000000, -1.734723475976805517E-15, 1.000000000000000000 ) ) ;
#3912 = AXIS2_PLACEMENT_3D ( 'NONE', #2059, #2128, #5940 ) ;
#3913 = FACE_OUTER_BOUND ( 'NONE', #6678, .T. ) ;
#3914 = CARTESIAN_POINT ( 'NONE',  ( -9.138395661352987531, 9.500000000000000000, 2.596097982851363284 ) ) ;
#3915 = CARTESIAN_POINT ( 'NONE',  ( -9.297069126686348994, 2.183694385698052187, -3.313945104772925809 ) ) ;
#3916 = ADVANCED_FACE ( 'NONE', ( #603 ), #679, .T. ) ;
#3917 = CARTESIAN_POINT ( 'NONE',  ( 9.323898564490001206, 1.992695579455370680, 3.616353032451636640 ) ) ;
#3918 = AXIS2_PLACEMENT_3D ( 'NONE', #3151, #4159, #3624 ) ;
#3919 = DIRECTION ( 'NONE',  ( 0.000000000000000000, 0.000000000000000000, 1.000000000000000000 ) ) ;
#3920 = EDGE_LOOP ( 'NONE', ( #4425, #5243, #2575, #2263 ) ) ;
#3921 = CARTESIAN_POINT ( 'NONE',  ( 3.924093166778549246, 2.134291405717182677, 9.026369566624458329 ) ) ;
#3922 = CARTESIAN_POINT ( 'NONE',  ( -10.00001032960327585, 1.985975370094251291, -0.1126389525482778264 ) ) ;
#3923 = AXIS2_PLACEMENT_3D ( 'NONE', #6484, #1512, #3731 ) ;
#3924 = CARTESIAN_POINT ( 'NONE',  ( -9.988368796715791476, 1.827040335878403754, -0.4976940340571252008 ) ) ;
#3925 = TOROIDAL_SURFACE ( 'NONE', #800, 1.500000000000000000, 0.5000000000000000000 ) ;
#3926 = ORIENTED_EDGE ( 'NONE', *, *, #4881, .T. ) ;
#3927 = CARTESIAN_POINT ( 'NONE',  ( -7.421242497277455996, 1.829430187479181180, -6.703810052746303150 ) ) ;
#3928 = EDGE_LOOP ( 'NONE', ( #344, #3542, #6650, #3345, #6035, #770 ) ) ;
#3929 = PLANE ( 'NONE',  #3544 ) ;
#3930 = AXIS2_PLACEMENT_3D ( 'NONE', #1789, #1825, #4004 ) ;
#3931 = EDGE_LOOP ( 'NONE', ( #7123, #3390, #4108, #2305 ) ) ;
#3932 = CARTESIAN_POINT ( 'NONE',  ( -4.470479223992246176, 9.500000000000000000, 10.79269157286920411 ) ) ;
#3933 = AXIS2_PLACEMENT_3D ( 'NONE', #1427, #5852, #890 ) ;
#3934 = LINE ( 'NONE', #4355, #1040 ) ;
#3935 = DIRECTION ( 'NONE',  ( 0.000000000000000000, 1.000000000000000000, 0.000000000000000000 ) ) ;
#3936 = VERTEX_POINT ( 'NONE', #1328 ) ;
#3937 = CARTESIAN_POINT ( 'NONE',  ( -8.917350853941403699, 2.183709232977762760, -4.230661462162497166 ) ) ;
#3938 = ORIENTED_EDGE ( 'NONE', *, *, #799, .F. ) ;
#3939 = AXIS2_PLACEMENT_3D ( 'NONE', #5204, #233, #4650 ) ;
#3940 = CARTESIAN_POINT ( 'NONE',  ( -0.5925133766642505240, 2.212953969771219054, 9.863965706758321517 ) ) ;
#3941 = DIRECTION ( 'NONE',  ( 0.000000000000000000, 0.000000000000000000, 1.000000000000000000 ) ) ;
#3942 = ADVANCED_FACE ( 'NONE', ( #4698 ), #3480, .T. ) ;
#3943 = CARTESIAN_POINT ( 'NONE',  ( -2.911939321414010795, 2.321832774718841197, -9.567866486750792987 ) ) ;
#3944 = AXIS2_PLACEMENT_3D ( 'NONE', #2357, #1877, #1797 ) ;
#3945 = CARTESIAN_POINT ( 'NONE',  ( 9.438151782886897934, 2.048970607329086313, -3.306964416653585204 ) ) ;
#3946 = ORIENTED_EDGE ( 'NONE', *, *, #6057, .F. ) ;
#3947 = DIRECTION ( 'NONE',  ( -1.000000000000000000, 0.000000000000000000, 0.000000000000000000 ) ) ;
#3948 = CARTESIAN_POINT ( 'NONE',  ( -9.885393354405115574, 2.456216401094830637, 0.8789046617972195996 ) ) ;
#3949 = CARTESIAN_POINT ( 'NONE',  ( -0.4025598189324778309, 2.164715090713978718, -9.851765289569893724 ) ) ;
#3950 = EDGE_CURVE ( 'NONE', #1598, #6936, #6371, .T. ) ;
#3951 = DIRECTION ( 'NONE',  ( 0.000000000000000000, 1.000000000000000000, 0.000000000000000000 ) ) ;
#3952 = CARTESIAN_POINT ( 'NONE',  ( 9.157360018292944659, 2.134291405717181345, 3.607854241819100416 ) ) ;
#3953 = ORIENTED_EDGE ( 'NONE', *, *, #4292, .T. ) ;
#3954 = CARTESIAN_POINT ( 'NONE',  ( 7.561691272055242052, 2.343771222574624336, -6.411475381605020729 ) ) ;
#3955 = CARTESIAN_POINT ( 'NONE',  ( -9.885393354405112021, 2.500000000000000444, 0.8789046617972190445 ) ) ;
#3956 = AXIS2_PLACEMENT_3D ( 'NONE', #3708, #427, #2653 ) ;
#3957 = AXIS2_PLACEMENT_3D ( 'NONE', #2094, #1991, #4200 ) ;
#3958 = EDGE_CURVE ( 'NONE', #3572, #7106, #2467, .T. ) ;
#3959 = CARTESIAN_POINT ( 'NONE',  ( 9.932905682471186992, 10.00000000000000000, -1.156453502364700459 ) ) ;
#3960 = VECTOR ( 'NONE', #1752, 1000.000000000000000 ) ;
#3961 = VERTEX_POINT ( 'NONE', #1397 ) ;
#3962 = DIRECTION ( 'NONE',  ( -0.9716864685947451674, 0.000000000000000000, -0.2362740077746034173 ) ) ;
#3963 = VERTEX_POINT ( 'NONE', #861 ) ;
#3964 = CARTESIAN_POINT ( 'NONE',  ( -1.260587625341245133, 8.000000000000000000, 2.043718524445536477 ) ) ;
#3965 = ORIENTED_EDGE ( 'NONE', *, *, #3119, .T. ) ;
#3966 = EDGE_CURVE ( 'NONE', #4437, #6783, #245, .T. ) ;
#3967 = EDGE_CURVE ( 'NONE', #4614, #6060, #1742, .T. ) ;
#3968 = CARTESIAN_POINT ( 'NONE',  ( -7.160420963994996058, 1.768515498480388137, 6.981733318280886280 ) ) ;
#3969 = PRODUCT_DEFINITION_CONTEXT ( 'detailed design', #1143, 'design' ) ;
#3970 = DIRECTION ( 'NONE',  ( 0.7622926637108773384, 0.000000000000000000, -0.6472324890273781772 ) ) ;
#3971 = ORIENTED_EDGE ( 'NONE', *, *, #4488, .T. ) ;
#3972 = ORIENTED_EDGE ( 'NONE', *, *, #6217, .T. ) ;
#3973 = CARTESIAN_POINT ( 'NONE',  ( -9.339861078571356501, 2.212953969771218610, 3.227365271954534709 ) ) ;
#3974 = DIRECTION ( 'NONE',  ( -0.000000000000000000, -1.000000000000000000, 0.000000000000000000 ) ) ;
#3975 = FACE_OUTER_BOUND ( 'NONE', #3482, .T. ) ;
#3976 = DIRECTION ( 'NONE',  ( -0.9249892435672766311, 0.000000000000000000, -0.3799932884734116278 ) ) ;
#3977 = CARTESIAN_POINT ( 'NONE',  ( -4.470479223992246176, 9.500000000000000000, 10.79269157286920411 ) ) ;
#3978 = ORIENTED_EDGE ( 'NONE', *, *, #4627, .F. ) ;
#3979 = CARTESIAN_POINT ( 'NONE',  ( -7.644210560722302539, 1.975903690497189613, -6.448168809503435739 ) ) ;
#3980 = DIRECTION ( 'NONE',  ( -0.3799932884734136262, 0.000000000000000000, 0.9249892435672758539 ) ) ;
#3981 = CARTESIAN_POINT ( 'NONE',  ( -7.611508121969555951, 10.00001200000000168, -6.368549229223018138 ) ) ;
#3982 = CYLINDRICAL_SURFACE ( 'NONE', #2136, 0.4999999999999995559 ) ;
#3983 = CARTESIAN_POINT ( 'NONE',  ( 9.579266327989058638, 2.500000000000000888, 2.873880030200377966 ) ) ;
#3984 = EDGE_CURVE ( 'NONE', #6361, #2112, #3029, .T. ) ;
#3985 = EDGE_CURVE ( 'NONE', #4324, #2809, #4388, .T. ) ;
#3986 = CARTESIAN_POINT ( 'NONE',  ( -2.043718524445535589, 8.000000000000000000, 1.260587625341242024 ) ) ;
#3987 = ORIENTED_EDGE ( 'NONE', *, *, #3333, .T. ) ;
#3988 = CARTESIAN_POINT ( 'NONE',  ( -9.840975183068751519, 2.134320569920972410, 0.1029434636768538913 ) ) ;
#3989 = EDGE_CURVE ( 'NONE', #2809, #676, #4973, .T. ) ;
#3990 = EDGE_CURVE ( 'NONE', #2344, #1988, #2389, .T. ) ;
#3991 = VECTOR ( 'NONE', #2172, 1000.000000000000000 ) ;
#3992 = CARTESIAN_POINT ( 'NONE',  ( 6.320945456729052836, 2.500000000000000444, 7.750301822741219482 ) ) ;
#3993 = ORIENTED_EDGE ( 'NONE', *, *, #6914, .T. ) ;
#3994 = DIRECTION ( 'NONE',  ( -0.8511160640214272544, 0.000000000000000000, -0.5249775667251637135 ) ) ;
#3995 = VERTEX_POINT ( 'NONE', #3553 ) ;
#3996 = CARTESIAN_POINT ( 'NONE',  ( 1.830433831214382412, 0.000000000000000000, 1.554148821017840687 ) ) ;
#3997 = VECTOR ( 'NONE', #1472, 1000.000000000000000 ) ;
#3998 = CARTESIAN_POINT ( 'NONE',  ( -9.286350259861624323, 1.768517871363069371, 3.712059723680429357 ) ) ;
#3999 = CARTESIAN_POINT ( 'NONE',  ( -1.830433831214381746, 0.000000000000000000, -1.554148821017840243 ) ) ;
#4000 = CARTESIAN_POINT ( 'NONE',  ( -7.321143966266316916, 2.183709232977770753, 6.619553888663428864 ) ) ;
#4001 = AXIS2_PLACEMENT_3D ( 'NONE', #1014, #5919, #2626 ) ;
#4002 = DIRECTION ( 'NONE',  ( 0.000000000000000000, 1.000000000000000000, 0.000000000000000000 ) ) ;
#4003 = ORIENTED_EDGE ( 'NONE', *, *, #6116, .T. ) ;
#4004 = DIRECTION ( 'NONE',  ( 0.000000000000000000, 0.000000000000000000, 1.000000000000000000 ) ) ;
#4005 = ORIENTED_EDGE ( 'NONE', *, *, #31, .T. ) ;
#4006 = CARTESIAN_POINT ( 'NONE',  ( -8.886597848284399248, 2.212746796842760766, 4.321516740381086130 ) ) ;
#4007 = CIRCLE ( 'NONE', #2980, 2.499999999999999556 ) ;
#4008 = VECTOR ( 'NONE', #1933, 999.9999999999998863 ) ;
#4009 = CARTESIAN_POINT ( 'NONE',  ( 0.000000000000000000, 9.500000000000000000, 0.000000000000000000 ) ) ;
#4010 = CARTESIAN_POINT ( 'NONE',  ( 4.869582161062490755, 10.00000000000000000, 8.734252662744646400 ) ) ;
#4011 = CARTESIAN_POINT ( 'NONE',  ( 0.8789046617972536835, 10.00001200000000168, -9.885393354405108468 ) ) ;
#4012 = EDGE_LOOP ( 'NONE', ( #5689, #1647, #4315, #2625 ) ) ;
#4013 = DIRECTION ( 'NONE',  ( 0.9249892435672767421, 0.000000000000000000, -0.3799932884734115168 ) ) ;
#4014 = CARTESIAN_POINT ( 'NONE',  ( 0.000000000000000000, -4.000000000000000000, -10.00000000000000000 ) ) ;
#4015 = CARTESIAN_POINT ( 'NONE',  ( 0.4013235377314569585, 2.164537838121623370, -9.851707555809991135 ) ) ;
#4016 = DIRECTION ( 'NONE',  ( -0.000000000000000000, -1.000000000000000000, -0.000000000000000000 ) ) ;
#4017 = CARTESIAN_POINT ( 'NONE',  ( 8.806614869402638490, 2.377840714399304556, 4.564612839430751912 ) ) ;
#4018 = PRODUCT_DEFINITION_SHAPE ( 'NONE', 'NONE',  #3329 ) ;
#4019 = CARTESIAN_POINT ( 'NONE',  ( -9.469254843656210952, 9.500000000000000000, -2.970974231079603012 ) ) ;
#4020 = ORIENTED_EDGE ( 'NONE', *, *, #7049, .F. ) ;
#4021 = CARTESIAN_POINT ( 'NONE',  ( 2.970974231079432482, 2.500000000000000444, 9.469254843656262466 ) ) ;
#4022 = DIRECTION ( 'NONE',  ( -0.9249892435672758539, 0.000000000000000000, -0.3799932884734135152 ) ) ;
#4023 = DIRECTION ( 'NONE',  ( 0.000000000000000000, -1.000000000000000000, 0.000000000000000000 ) ) ;
#4024 = AXIS2_PLACEMENT_3D ( 'NONE', #5608, #6040, #602 ) ;
#4025 = EDGE_CURVE ( 'NONE', #4903, #4575, #1506, .T. ) ;
#4026 = CYLINDRICAL_SURFACE ( 'NONE', #3353, 0.4999999999999995559 ) ;
#4027 = CARTESIAN_POINT ( 'NONE',  ( 2.333234819276243766, 8.000000000000000000, -0.5673463196692560828 ) ) ;
#4028 = ORIENTED_EDGE ( 'NONE', *, *, #1018, .T. ) ;
#4029 = CARTESIAN_POINT ( 'NONE',  ( -6.747289020922918823, 2.024215165943759498, -7.381682485265541160 ) ) ;
#4030 = ORIENTED_EDGE ( 'NONE', *, *, #4625, .T. ) ;
#4031 = CIRCLE ( 'NONE', #6348, 0.5000000000000004441 ) ;
#4032 = CARTESIAN_POINT ( 'NONE',  ( 6.710920482711908441, 1.827040335878404420, 7.414766135587795404 ) ) ;
#4033 = DIRECTION ( 'NONE',  ( -0.2362740077746010581, 0.000000000000000000, -0.9716864685947456115 ) ) ;
#4034 = EDGE_CURVE ( 'NONE', #2046, #5889, #2674, .T. ) ;
#4035 = CARTESIAN_POINT ( 'NONE',  ( -1.851523544721291881, 0.000000000000000000, -2.548403532281083628 ) ) ;
#4036 = AXIS2_PLACEMENT_3D ( 'NONE', #952, #4340, #6557 ) ;
#4037 = CARTESIAN_POINT ( 'NONE',  ( -0.1814307967061967730, 8.000000000000000000, 2.394357833393300883 ) ) ;
#4038 = CARTESIAN_POINT ( 'NONE',  ( 7.611508121969646545, 2.500000000000000444, -6.368549229222910668 ) ) ;
#4039 = ORIENTED_EDGE ( 'NONE', *, *, #5259, .T. ) ;
#4040 = DIRECTION ( 'NONE',  ( 0.000000000000000000, 1.000000000000000000, 0.000000000000000000 ) ) ;
#4041 = ORIENTED_EDGE ( 'NONE', *, *, #3565, .T. ) ;
#4042 = VERTEX_POINT ( 'NONE', #6874 ) ;
#4043 = VECTOR ( 'NONE', #6516, 1000.000000000000000 ) ;
#4044 = CARTESIAN_POINT ( 'NONE',  ( -4.470479223992169793, 9.500000000000000000, -10.79269157286923075 ) ) ;
#4045 = CARTESIAN_POINT ( 'NONE',  ( 4.290897008128930601, 1.829430187479168746, 9.033499448847578606 ) ) ;
#4046 = VERTEX_POINT ( 'NONE', #3588 ) ;
#4047 = AXIS2_PLACEMENT_3D ( 'NONE', #5707, #6790, #2488 ) ;
#4048 = DIRECTION ( 'NONE',  ( -0.9980606173047409380, 0.000000000000000000, -0.06224953160690814558 ) ) ;
#4049 = LINE ( 'NONE', #4010, #2419 ) ;
#4050 = DIRECTION ( 'NONE',  ( -0.6472324890273780662, 0.000000000000000000, -0.7622926637108774495 ) ) ;
#4051 = VECTOR ( 'NONE', #6529, 1000.000000000000000 ) ;
#4052 = ORIENTED_EDGE ( 'NONE', *, *, #5409, .F. ) ;
#4053 = DIRECTION ( 'NONE',  ( -0.000000000000000000, 1.000000000000000000, -0.000000000000000000 ) ) ;
#4054 = DIRECTION ( 'NONE',  ( -0.9932905682471177000, 0.000000000000000000, -0.1156453502364798158 ) ) ;
#4055 = CARTESIAN_POINT ( 'NONE',  ( -4.869582161062563586, 2.371852820628066461, -8.734252662744609097 ) ) ;
#4056 = TOROIDAL_SURFACE ( 'NONE', #2449, 1.500000000000000000, 0.5000000000000000000 ) ;
#4057 = FACE_OUTER_BOUND ( 'NONE', #2733, .T. ) ;
#4058 = DIRECTION ( 'NONE',  ( 0.07555769727474787034, 0.000000000000000000, -0.9971414314842892423 ) ) ;
#4059 = ORIENTED_EDGE ( 'NONE', *, *, #4326, .F. ) ;
#4060 = DIRECTION ( 'NONE',  ( 0.000000000000000000, 0.000000000000000000, -1.000000000000000000 ) ) ;
#4061 = CARTESIAN_POINT ( 'NONE',  ( -7.079631448005796024, 2.134291405717181345, -6.837592653503839379 ) ) ;
#4062 = CARTESIAN_POINT ( 'NONE',  ( -0.8789046617972520181, 10.00001200000000168, -9.885393354405108468 ) ) ;
#4063 = DIRECTION ( 'NONE',  ( 0.000000000000000000, -1.000000000000000000, 0.000000000000000000 ) ) ;
#4064 = ORIENTED_EDGE ( 'NONE', *, *, #1302, .F. ) ;
#4065 = CARTESIAN_POINT ( 'NONE',  ( 2.999062447596785752, 2.378544800989024210, -9.455131112420797734 ) ) ;
#4066 = ORIENTED_EDGE ( 'NONE', *, *, #4082, .T. ) ;
#4067 = CARTESIAN_POINT ( 'NONE',  ( 1.098630827246567021, 2.500000000000000000, -9.436260398347616984 ) ) ;
#4068 = CIRCLE ( 'NONE', #6962, 2.000000000000000000 ) ;
#4069 = DIRECTION ( 'NONE',  ( 0.000000000000000000, 1.000000000000000000, 0.000000000000000000 ) ) ;
#4070 = CARTESIAN_POINT ( 'NONE',  ( -9.036978801079062151, 1.827366529454475641, 4.283506727573500150 ) ) ;
#4071 = DIRECTION ( 'NONE',  ( 0.000000000000000000, 0.000000000000000000, 1.000000000000000000 ) ) ;
#4072 = CARTESIAN_POINT ( 'NONE',  ( -0.9734035322810868918, 0.000000000000000000, -2.995828026329732996 ) ) ;
#4073 = CIRCLE ( 'NONE', #3844, 0.4999999999999992784 ) ;
#4074 = LINE ( 'NONE', #5166, #2199 ) ;
#4075 = ORIENTED_EDGE ( 'NONE', *, *, #6246, .F. ) ;
#4076 = ORIENTED_EDGE ( 'NONE', *, *, #1959, .F. ) ;
#4077 = ADVANCED_FACE ( 'NONE', ( #6216 ), #4056, .F. ) ;
#4078 = ORIENTED_EDGE ( 'NONE', *, *, #474, .F. ) ;
#4079 = EDGE_CURVE ( 'NONE', #962, #2669, #4548, .T. ) ;
#4080 = DIRECTION ( 'NONE',  ( 0.000000000000000000, 1.000000000000000000, 0.000000000000000000 ) ) ;
#4081 = CARTESIAN_POINT ( 'NONE',  ( 4.335449496297143490, 2.048945620300597792, 9.012139614925601450 ) ) ;
#4082 = EDGE_CURVE ( 'NONE', #1284, #316, #1855, .T. ) ;
#4083 = ORIENTED_EDGE ( 'NONE', *, *, #3001, .T. ) ;
#4084 = DIRECTION ( 'NONE',  ( 0.000000000000000000, 0.000000000000000000, 1.000000000000000000 ) ) ;
#4085 = DIRECTION ( 'NONE',  ( 0.000000000000000000, 0.000000000000000000, 1.000000000000000000 ) ) ;
#4086 = CARTESIAN_POINT ( 'NONE',  ( -6.448168809503409094, 1.975903690497190057, 7.644210560722322079 ) ) ;
#4087 = ORIENTED_EDGE ( 'NONE', *, *, #1505, .T. ) ;
#4088 = FACE_OUTER_BOUND ( 'NONE', #6710, .T. ) ;
#4089 = DIRECTION ( 'NONE',  ( -0.000000000000000000, 1.000000000000000000, -0.000000000000000000 ) ) ;
#4090 = CARTESIAN_POINT ( 'NONE',  ( 2.873880065552347318, 2.409665417632346429, 9.579266317305071610 ) ) ;
#4091 = CARTESIAN_POINT ( 'NONE',  ( -8.886370973163122855, 2.212953969771219942, -4.322187234833101854 ) ) ;
#4092 = CARTESIAN_POINT ( 'NONE',  ( 2.780286464852470107, 2.249819565270343880, -9.606051082930953555 ) ) ;
#4093 = ORIENTED_EDGE ( 'NONE', *, *, #6866, .F. ) ;
#4094 = CARTESIAN_POINT ( 'NONE',  ( -11.68192517863507618, 2.500000000000000444, -4.083818128530453922E-14 ) ) ;
#4095 = EDGE_CURVE ( 'NONE', #4615, #4795, #3628, .T. ) ;
#4096 = CARTESIAN_POINT ( 'NONE',  ( -2.970974231079568817, 10.00001200000000168, 9.469254843656223386 ) ) ;
#4097 = EDGE_CURVE ( 'NONE', #2731, #335, #6491, .T. ) ;
#4098 = CARTESIAN_POINT ( 'NONE',  ( -7.599145027578479983, 2.413741176464117899, -6.379225400237392485 ) ) ;
#4099 = DIRECTION ( 'NONE',  ( 0.000000000000000000, 0.000000000000000000, 1.000000000000000000 ) ) ;
#4100 = CARTESIAN_POINT ( 'NONE',  ( 2.221104420305842542, 0.000000000000000000, 0.9124482025973593702 ) ) ;
#4101 = EDGE_LOOP ( 'NONE', ( #4867, #619, #3516, #6964 ) ) ;
#4102 = DIRECTION ( 'NONE',  ( -0.000000000000000000, -1.000000000000000000, -0.000000000000000000 ) ) ;
#4103 = VERTEX_POINT ( 'NONE', #939 ) ;
#4104 = LINE ( 'NONE', #4214, #6077 ) ;
#4105 = LINE ( 'NONE', #5704, #4127 ) ;
#4106 = CARTESIAN_POINT ( 'NONE',  ( -10.79269157286921654, 10.00000000000000000, 4.470479223992207096 ) ) ;
#4107 = CARTESIAN_POINT ( 'NONE',  ( 2.732734718790805761, 2.500000000000000000, 9.619363854055803742 ) ) ;
#4108 = ORIENTED_EDGE ( 'NONE', *, *, #1100, .T. ) ;
#4109 = LINE ( 'NONE', #5748, #682 ) ;
#4110 = AXIS2_PLACEMENT_3D ( 'NONE', #1235, #3460, #2919 ) ;
#4111 = CIRCLE ( 'NONE', #3197, 0.5000000000000000000 ) ;
#4112 = ORIENTED_EDGE ( 'NONE', *, *, #2922, .T. ) ;
#4113 = VERTEX_POINT ( 'NONE', #2020 ) ;
#4114 = LINE ( 'NONE', #1358, #597 ) ;
#4115 = CARTESIAN_POINT ( 'NONE',  ( 3.955849480317296329, 2.139858412045565927, 9.015827962026250475 ) ) ;
#4116 = ORIENTED_EDGE ( 'NONE', *, *, #636, .T. ) ;
#4117 = CARTESIAN_POINT ( 'NONE',  ( 8.297540029607398893, 9.500000000000000000, -4.626103053009395616 ) ) ;
#4118 = AXIS2_PLACEMENT_3D ( 'NONE', #2404, #4022, #2983 ) ;
#4119 = EDGE_CURVE ( 'NONE', #5668, #4655, #5100, .T. ) ;
#4120 = DIRECTION ( 'NONE',  ( 0.2362740077746005030, 0.000000000000000000, 0.9716864685947457225 ) ) ;
#4121 = DIRECTION ( 'NONE',  ( 2.081668171172168513E-15, 0.000000000000000000, 1.000000000000000000 ) ) ;
#4122 = ADVANCED_FACE ( 'NONE', ( #903 ), #5673, .F. ) ;
#4123 = ORIENTED_EDGE ( 'NONE', *, *, #3520, .F. ) ;
#4124 = ADVANCED_FACE ( 'NONE', ( #1566 ), #6722, .F. ) ;
#4125 = AXIS2_PLACEMENT_3D ( 'NONE', #5683, #1298, #2392 ) ;
#4126 = CARTESIAN_POINT ( 'NONE',  ( -2.221104420305841654, 0.000000000000000000, -0.9124482025973593702 ) ) ;
#4127 = VECTOR ( 'NONE', #6825, 1000.000000000000000 ) ;
#4128 = DIRECTION ( 'NONE',  ( 0.1156453502364806762, 0.000000000000000000, 0.9932905682471175890 ) ) ;
#4129 = PLANE ( 'NONE',  #1379 ) ;
#4130 = CARTESIAN_POINT ( 'NONE',  ( -2.781258658605716860, 2.248135892564180338, -9.605768406060219533 ) ) ;
#4131 = CARTESIAN_POINT ( 'NONE',  ( 4.207349046297417239, 2.179149717452383950, -8.925411688466436289 ) ) ;
#4132 = EDGE_CURVE ( 'NONE', #956, #4286, #4323, .T. ) ;
#4133 = CARTESIAN_POINT ( 'NONE',  ( 8.805704254426773403, 2.409665417632343765, 4.741424089089188776 ) ) ;
#4134 = AXIS2_PLACEMENT_3D ( 'NONE', #2253, #3841, #5582 ) ;
#4135 = DIRECTION ( 'NONE',  ( 0.07555769727474785646, 0.000000000000000000, -0.9971414314842893534 ) ) ;
#4136 = EDGE_LOOP ( 'NONE', ( #6105, #1743, #1121, #4799 ) ) ;
#4137 = CARTESIAN_POINT ( 'NONE',  ( -0.4397714266284739049, 8.000000000000000000, -2.776607510986325522 ) ) ;
#4138 = DIRECTION ( 'NONE',  ( 0.000000000000000000, 0.000000000000000000, 1.000000000000000000 ) ) ;
#4139 = EDGE_CURVE ( 'NONE', #5443, #348, #3788, .T. ) ;
#4140 = CARTESIAN_POINT ( 'NONE',  ( -7.206828043569139197, 2.147342056939915533, -6.720468549890235899 ) ) ;
#4141 = DIRECTION ( 'NONE',  ( 0.9249892435672766311, 0.000000000000000000, 0.3799932884734116278 ) ) ;
#4142 = CARTESIAN_POINT ( 'NONE',  ( 0.8789046123668949884, 2.438513403071508989, 9.885393330222640884 ) ) ;
#4143 = ORIENTED_EDGE ( 'NONE', *, *, #7082, .F. ) ;
#4144 = CARTESIAN_POINT ( 'NONE',  ( 2.873880099895345541, 2.410376625841616605, -9.579266306900278138 ) ) ;
#4145 = ORIENTED_EDGE ( 'NONE', *, *, #3984, .F. ) ;
#4146 = DIRECTION ( 'NONE',  ( -1.000000000000000000, 0.000000000000000000, 0.000000000000000000 ) ) ;
#4147 = AXIS2_PLACEMENT_3D ( 'NONE', #749, #4697, #163 ) ;
#4148 = DIRECTION ( 'NONE',  ( 0.000000000000000000, 1.000000000000000000, 0.000000000000000000 ) ) ;
#4149 = CARTESIAN_POINT ( 'NONE',  ( 2.776607510986325522, 0.000000000000000000, 0.4397714266284721840 ) ) ;
#4150 = CARTESIAN_POINT ( 'NONE',  ( 6.735557395310425260E-16, 0.000000000000000000, 3.499999999999972022 ) ) ;
#4151 = CIRCLE ( 'NONE', #3923, 0.4999999999999995559 ) ;
#4152 = ORIENTED_EDGE ( 'NONE', *, *, #756, .T. ) ;
#4153 = ORIENTED_EDGE ( 'NONE', *, *, #658, .F. ) ;
#4154 = CARTESIAN_POINT ( 'NONE',  ( 7.150722883170868016, 1.985975370094197778, -6.991427348825435040 ) ) ;
#4155 = VECTOR ( 'NONE', #1048, 1000.000000000000114 ) ;
#4156 = VERTEX_POINT ( 'NONE', #3694 ) ;
#4157 = AXIS2_PLACEMENT_3D ( 'NONE', #7095, #6494, #2139 ) ;
#4158 = CARTESIAN_POINT ( 'NONE',  ( -4.594978287206036072, 2.456298904871082378, 8.796570338259719790 ) ) ;
#4159 = DIRECTION ( 'NONE',  ( -0.7841361078610925572, -0.000000000000000000, 0.6205888851312576504 ) ) ;
#4160 = DIRECTION ( 'NONE',  ( -0.000000000000000000, -1.000000000000000000, -0.000000000000000000 ) ) ;
#4161 = CIRCLE ( 'NONE', #675, 2.000000000000000000 ) ;
#4162 = ORIENTED_EDGE ( 'NONE', *, *, #6433, .F. ) ;
#4163 = CARTESIAN_POINT ( 'NONE',  ( -2.596097982851332642, 9.500000000000000000, -9.138395661352994637 ) ) ;
#4164 = AXIS2_PLACEMENT_3D ( 'NONE', #2996, #4002, #5240 ) ;
#4165 = EDGE_CURVE ( 'NONE', #81, #3205, #1158, .T. ) ;
#4166 = CARTESIAN_POINT ( 'NONE',  ( -2.732734718790950090, 2.500000000000000444, 9.619363854055762886 ) ) ;
#4167 = TOROIDAL_SURFACE ( 'NONE', #1145, 9.500000000000000000, 0.5000000000000000000 ) ;
#4168 = CARTESIAN_POINT ( 'NONE',  ( -4.470479223992169793, 2.500000000000000444, -10.79269157286923075 ) ) ;
#4169 = CARTESIAN_POINT ( 'NONE',  ( 9.138395661352950228, 9.500000000000000000, 2.596097982851489849 ) ) ;
#4170 = AXIS2_PLACEMENT_3D ( 'NONE', #614, #3419, #2759 ) ;
#4171 = LINE ( 'NONE', #6384, #5970 ) ;
#4172 = DIRECTION ( 'NONE',  ( -1.000000000000000000, 0.000000000000000000, 0.000000000000000000 ) ) ;
#4173 = DIRECTION ( 'NONE',  ( 0.8734252662744628193, 0.000000000000000000, -0.4869582161062526726 ) ) ;
#4174 = EDGE_CURVE ( 'NONE', #3851, #6599, #1032, .T. ) ;
#4175 = AXIS2_PLACEMENT_3D ( 'NONE', #6715, #2341, #694 ) ;
#4176 = CARTESIAN_POINT ( 'NONE',  ( -7.611508121969555951, 2.500000000000000444, -6.368549229223018138 ) ) ;
#4177 = DIRECTION ( 'NONE',  ( 0.000000000000000000, 0.000000000000000000, 1.000000000000000000 ) ) ;
#4178 = CARTESIAN_POINT ( 'NONE',  ( -0.2048726159298339677, 2.139924804626961219, 9.843397292504308282 ) ) ;
#4179 = VECTOR ( 'NONE', #222, 1000.000000000000000 ) ;
#4180 = ORIENTED_EDGE ( 'NONE', *, *, #3509, .T. ) ;
#4181 = CARTESIAN_POINT ( 'NONE',  ( -4.470479223992246176, 10.00001200000000168, 10.79269157286920411 ) ) ;
#4182 = ORIENTED_EDGE ( 'NONE', *, *, #5440, .T. ) ;
#4183 = DIRECTION ( 'NONE',  ( 0.000000000000000000, 1.000000000000000000, 0.000000000000000000 ) ) ;
#4184 = DIRECTION ( 'NONE',  ( -0.9459096409518763515, 0.000000000000000000, -0.3244301945785759700 ) ) ;
#4185 = CARTESIAN_POINT ( 'NONE',  ( -2.732734718790946093, 2.500000000000000444, 9.619363854055764662 ) ) ;
#4186 = CIRCLE ( 'NONE', #4877, 7.543744331762958666 ) ;
#4187 = ORIENTED_EDGE ( 'NONE', *, *, #3687, .F. ) ;
#4188 = CARTESIAN_POINT ( 'NONE',  ( 6.205888851312576726, 9.500000000000000000, 7.841361078610923130 ) ) ;
#4189 = ORIENTED_EDGE ( 'NONE', *, *, #5145, .F. ) ;
#4190 = ORIENTED_EDGE ( 'NONE', *, *, #4488, .F. ) ;
#4191 = EDGE_CURVE ( 'NONE', #4637, #5955, #6980, .T. ) ;
#4192 = DIRECTION ( 'NONE',  ( 0.9716864685947451674, 0.000000000000000000, 0.2362740077746034173 ) ) ;
#4193 = ORIENTED_EDGE ( 'NONE', *, *, #4875, .F. ) ;
#4194 = EDGE_CURVE ( 'NONE', #1499, #6564, #1470, .T. ) ;
#4195 = AXIS2_PLACEMENT_3D ( 'NONE', #2282, #6068, #7114 ) ;
#4196 = DIRECTION ( 'NONE',  ( 0.000000000000000000, 1.000000000000000000, 0.000000000000000000 ) ) ;
#4197 = CARTESIAN_POINT ( 'NONE',  ( 9.885393354405099586, 2.500000000000000444, 0.8789046617973582665 ) ) ;
#4198 = ORIENTED_EDGE ( 'NONE', *, *, #5778, .F. ) ;
#4199 = DIRECTION ( 'NONE',  ( -0.000000000000000000, -1.000000000000000000, -0.000000000000000000 ) ) ;
#4200 = DIRECTION ( 'NONE',  ( 0.000000000000000000, 0.000000000000000000, 1.000000000000000000 ) ) ;
#4201 = EDGE_CURVE ( 'NONE', #6395, #6424, #4519, .T. ) ;
#4202 = CARTESIAN_POINT ( 'NONE',  ( -11.68192517863507618, 10.00000000000000000, -4.083818128530453922E-14 ) ) ;
#4203 = CARTESIAN_POINT ( 'NONE',  ( -4.565129932703177573, 2.378544800988978913, -8.806444720498273426 ) ) ;
#4204 = CARTESIAN_POINT ( 'NONE',  ( -5.895594408747000692, 10.00000000000000000, -7.449293024680335051 ) ) ;
#4205 = ORIENTED_EDGE ( 'NONE', *, *, #801, .T. ) ;
#4206 = DIRECTION ( 'NONE',  ( 0.000000000000000000, 0.000000000000000000, 1.000000000000000000 ) ) ;
#4207 = CARTESIAN_POINT ( 'NONE',  ( -1.830433831214381746, 8.000000000000000000, -1.554148821017840243 ) ) ;
#4208 = ADVANCED_FACE ( 'NONE', ( #386 ), #3257, .T. ) ;
#4209 = EDGE_CURVE ( 'NONE', #6468, #408, #1981, .T. ) ;
#4210 = ORIENTED_EDGE ( 'NONE', *, *, #4742, .T. ) ;
#4211 = EDGE_CURVE ( 'NONE', #1246, #6253, #6255, .T. ) ;
#4212 = CARTESIAN_POINT ( 'NONE',  ( 4.602995496167526568, 1.981868317978671579, -8.878359725471277386 ) ) ;
#4213 = ORIENTED_EDGE ( 'NONE', *, *, #4951, .F. ) ;
#4214 = CARTESIAN_POINT ( 'NONE',  ( 0.000000000000000000, 10.00000000000000000, -10.00000000000000000 ) ) ;
#4215 = EDGE_CURVE ( 'NONE', #5187, #1356, #1617, .T. ) ;
#4216 = DIRECTION ( 'NONE',  ( -0.3244301945785758590, -5.485471655787211466E-15, 0.9459096409518762405 ) ) ;
#4217 = CARTESIAN_POINT ( 'NONE',  ( -9.138395661352985755, 10.00000000000000000, 2.596097982851365060 ) ) ;
#4218 = ORIENTED_EDGE ( 'NONE', *, *, #6553, .F. ) ;
#4219 = ORIENTED_EDGE ( 'NONE', *, *, #2148, .F. ) ;
#4220 = EDGE_LOOP ( 'NONE', ( #777, #5421, #38, #2034 ) ) ;
#4221 = ORIENTED_EDGE ( 'NONE', *, *, #1458, .F. ) ;
#4222 = EDGE_CURVE ( 'NONE', #3299, #1869, #2904, .T. ) ;
#4223 = CARTESIAN_POINT ( 'NONE',  ( 2.043718524445535589, 0.000000000000000000, -1.260587625341240248 ) ) ;
#4224 = LINE ( 'NONE', #1502, #2995 ) ;
#4225 = DIRECTION ( 'NONE',  ( 0.000000000000000000, -1.000000000000000000, 0.000000000000000000 ) ) ;
#4226 = ORIENTED_EDGE ( 'NONE', *, *, #6026, .F. ) ;
#4227 = CARTESIAN_POINT ( 'NONE',  ( 9.138395661352950228, 10.00000000000000000, 2.596097982851489405 ) ) ;
#4228 = CARTESIAN_POINT ( 'NONE',  ( -3.398190578544761919, 2.164715090713935641, 9.255897283380114970 ) ) ;
#4229 = CARTESIAN_POINT ( 'NONE',  ( 2.970974249536206813, 2.438027874578164056, 9.469254822744023414 ) ) ;
#4230 = CIRCLE ( 'NONE', #5618, 0.5000000000000002220 ) ;
#4231 = CARTESIAN_POINT ( 'NONE',  ( -4.470479223992169793, 2.500000000000000444, -10.79269157286923075 ) ) ;
#4232 = CARTESIAN_POINT ( 'NONE',  ( -2.596097982851399255, 10.00001200000000168, 9.138395661352976873 ) ) ;
#4233 = CARTESIAN_POINT ( 'NONE',  ( -4.869582161062561809, 2.500000000000000444, -8.734252662744609097 ) ) ;
#4234 = CIRCLE ( 'NONE', #4574, 2.500000000000000444 ) ;
#4235 = DIRECTION ( 'NONE',  ( 0.000000000000000000, 0.000000000000000000, 1.000000000000000000 ) ) ;
#4236 = ORIENTED_EDGE ( 'NONE', *, *, #3646, .F. ) ;
#4237 = LINE ( 'NONE', #1447, #2918 ) ;
#4238 = DIRECTION ( 'NONE',  ( 0.000000000000000000, 0.000000000000000000, 1.000000000000000000 ) ) ;
#4239 = CIRCLE ( 'NONE', #1108, 10.00000000000000000 ) ;
#4240 = CIRCLE ( 'NONE', #5270, 2.500000000000000000 ) ;
#4241 = CARTESIAN_POINT ( 'NONE',  ( 8.734252662744529161, 10.00000000000000000, 4.869582161062708359 ) ) ;
#4242 = CARTESIAN_POINT ( 'NONE',  ( 9.878046053678062322, 2.314916786199595400, 0.7805779098895884172 ) ) ;
#4243 = VERTEX_POINT ( 'NONE', #5008 ) ;
#4244 = DIRECTION ( 'NONE',  ( -0.000000000000000000, 1.000000000000000000, 0.000000000000000000 ) ) ;
#4245 = EDGE_CURVE ( 'NONE', #3676, #43, #3822, .T. ) ;
#4246 = DIRECTION ( 'NONE',  ( 2.081668171172168908E-15, 0.000000000000000000, 1.000000000000000000 ) ) ;
#4247 = VERTEX_POINT ( 'NONE', #2812 ) ;
#4249 = ORIENTED_EDGE ( 'NONE', *, *, #220, .F. ) ;
#4248 = TOROIDAL_SURFACE ( 'NONE', #6563, 1.500000000000000000, 0.5000000000000000000 ) ;
#4250 = ORIENTED_EDGE ( 'NONE', *, *, #4097, .F. ) ;
#4251 = B_SPLINE_CURVE_WITH_KNOTS ( 'NONE', 3,
 ( #1514, #5874, #1408, #6455, #2062, #4268, #7020, #3635, #870, #5295, #6489, #2614, #3736, #3762, #2650, #912, #323, #2547 ),
 .UNSPECIFIED., .F., .F.,
 ( 4, 2, 2, 2, 2, 2, 2, 2, 4 ),
 ( 8.673617379884034509E-19, 0.0003765522689820500080, 0.0007531045379640991487, 0.001129656806946147639, 0.001506209075928196129, 0.001882761344910244402, 0.002259313613892293109, 0.002635865882874341599, 0.003012418151856390090 ),
 .UNSPECIFIED. ) ;
#4252 = ADVANCED_FACE ( 'NONE', ( #2160 ), #6684, .T. ) ;
#4253 = CARTESIAN_POINT ( 'NONE',  ( 6.746271253705815596, 2.024441704241340734, -7.382627187773224797 ) ) ;
#4254 = EDGE_LOOP ( 'NONE', ( #4728, #2768, #2928, #5880 ) ) ;
#4255 = CARTESIAN_POINT ( 'NONE',  ( -4.400076075797914932, 2.242932669926583245, 8.860697562244224557 ) ) ;
#4256 = CIRCLE ( 'NONE', #1610, 0.5000000000000004441 ) ;
#4257 = DIRECTION ( 'NONE',  ( 0.000000000000000000, 0.000000000000000000, -1.000000000000000000 ) ) ;
#4258 = DIRECTION ( 'NONE',  ( 0.000000000000000000, 1.000000000000000000, 0.000000000000000000 ) ) ;
#4259 = EDGE_LOOP ( 'NONE', ( #6531, #4039, #2142, #4226 ) ) ;
#4260 = DIRECTION ( 'NONE',  ( -0.000000000000000000, -1.000000000000000000, 0.000000000000000000 ) ) ;
#4261 = CIRCLE ( 'NONE', #6114, 10.00000000000000000 ) ;
#4262 = LINE ( 'NONE', #6483, #4416 ) ;
#4263 = ADVANCED_FACE ( 'NONE', ( #6179 ), #5524, .T. ) ;
#4264 = DIRECTION ( 'NONE',  ( 0.000000000000000000, 0.000000000000000000, 1.000000000000000000 ) ) ;
#4265 = DIRECTION ( 'NONE',  ( 0.000000000000000000, 1.000000000000000000, 0.000000000000000000 ) ) ;
#4266 = CARTESIAN_POINT ( 'NONE',  ( -4.829485086827515872, 2.257089604130808613, -8.756818408900276296 ) ) ;
#4267 =( GEOMETRIC_REPRESENTATION_CONTEXT ( 3 ) GLOBAL_UNCERTAINTY_ASSIGNED_CONTEXT ( ( #6434 ) ) GLOBAL_UNIT_ASSIGNED_CONTEXT ( ( #260, #2516, #4712 ) ) REPRESENTATION_CONTEXT ( 'NONE', 'WORKASPACE' ) );
#4268 = CARTESIAN_POINT ( 'NONE',  ( 9.458796236486602282, 1.864094386502769707, 3.247154115396756247 ) ) ;
#4269 = EDGE_LOOP ( 'NONE', ( #3291, #6263, #6547, #2452 ) ) ;
#4270 = FACE_OUTER_BOUND ( 'NONE', #4136, .T. ) ;
#4271 = AXIS2_PLACEMENT_3D ( 'NONE', #3021, #5765, #871 ) ;
#4272 = ADVANCED_FACE ( 'NONE', ( #6572 ), #5680, .T. ) ;
#4273 = FACE_OUTER_BOUND ( 'NONE', #6534, .T. ) ;
#4274 = AXIS2_PLACEMENT_3D ( 'NONE', #1355, #2960, #5089 ) ;
#4275 = DIRECTION ( 'NONE',  ( -0.9971414314842892423, 0.000000000000000000, -0.07555769727474857811 ) ) ;
#4276 = DIRECTION ( 'NONE',  ( 0.9971414314842893534, 0.000000000000000000, -0.07555769727474681563 ) ) ;
#4277 = CARTESIAN_POINT ( 'NONE',  ( 4.289462306013245296, 1.829075679051502146, -9.034166618178227637 ) ) ;
#4278 = AXIS2_PLACEMENT_3D ( 'NONE', #5451, #4976, #2740 ) ;
#4279 = ORIENTED_EDGE ( 'NONE', *, *, #178, .T. ) ;
#4280 = CARTESIAN_POINT ( 'NONE',  ( 9.462109755037470649, 2.414533010808959990, -2.985189123993070570 ) ) ;
#4281 = CARTESIAN_POINT ( 'NONE',  ( -7.611508121969602136, 10.00001200000000168, 6.368549229222964847 ) ) ;
#4282 = AXIS2_PLACEMENT_3D ( 'NONE', #1739, #3385, #1623 ) ;
#4283 = VECTOR ( 'NONE', #4225, 1000.000000000000000 ) ;
#4284 = DIRECTION ( 'NONE',  ( -0.000000000000000000, -1.000000000000000000, -0.000000000000000000 ) ) ;
#4285 = EDGE_LOOP ( 'NONE', ( #3582, #373, #1262 ) ) ;
#4286 = VERTEX_POINT ( 'NONE', #512 ) ;
#4287 = ORIENTED_EDGE ( 'NONE', *, *, #6691, .T. ) ;
#4288 = LINE ( 'NONE', #857, #4533 ) ;
#4289 = VERTEX_POINT ( 'NONE', #3826 ) ;
#4290 = CARTESIAN_POINT ( 'NONE',  ( 2.970974231079432482, 9.500000000000000000, 9.469254843656262466 ) ) ;
#4291 = CARTESIAN_POINT ( 'NONE',  ( -7.414766135587722573, 1.827040335878405086, 6.710920482711986601 ) ) ;
#4292 = EDGE_CURVE ( 'NONE', #6532, #2352, #1206, .T. ) ;
#4293 = ADVANCED_FACE ( 'NONE', ( #482 ), #4901, .T. ) ;
#4294 = ORIENTED_EDGE ( 'NONE', *, *, #1735, .F. ) ;
#4295 = EDGE_CURVE ( 'NONE', #2367, #1711, #701, .T. ) ;
#4296 = CARTESIAN_POINT ( 'NONE',  ( 7.644210560722253689, 1.975903690497188725, 6.448168809503489030 ) ) ;
#4297 = AXIS2_PLACEMENT_3D ( 'NONE', #4587, #4703, #5220 ) ;
#4298 = DIRECTION ( 'NONE',  ( -0.7622926637108774495, 0.000000000000000000, 0.6472324890273780662 ) ) ;
#4299 = EDGE_CURVE ( 'NONE', #922, #5513, #5613, .T. ) ;
#4300 = CARTESIAN_POINT ( 'NONE',  ( -4.626103053009483546, 9.500000000000000000, 8.297540029607350931 ) ) ;
#4301 = CARTESIAN_POINT ( 'NONE',  ( -4.470479223992169793, 2.500000000000000444, -10.79269157286923075 ) ) ;
#4302 = CARTESIAN_POINT ( 'NONE',  ( -3.577627445399096384, 2.139924804626928800, -9.172514644783451132 ) ) ;
#4303 = AXIS2_PLACEMENT_3D ( 'NONE', #6324, #2384, #710 ) ;
#4304 = CARTESIAN_POINT ( 'NONE',  ( -2.596097982851332642, 9.500000000000000000, -9.138395661352994637 ) ) ;
#4305 = VERTEX_POINT ( 'NONE', #6726 ) ;
#4306 = DIRECTION ( 'NONE',  ( -0.9971414314842893534, 0.000000000000000000, -0.07555769727474789810 ) ) ;
#4307 = CARTESIAN_POINT ( 'NONE',  ( -8.734252662744561135, 2.500000000000000000, -4.869582161062647074 ) ) ;
#4308 = CARTESIAN_POINT ( 'NONE',  ( -7.611508121969555951, 9.500000000000000000, -6.368549229223018138 ) ) ;
#4309 = CARTESIAN_POINT ( 'NONE',  ( -8.758950836166588871, 2.248135892564182114, -4.825657120698753744 ) ) ;
#4310 = DIRECTION ( 'NONE',  ( 0.000000000000000000, -1.000000000000000000, 0.000000000000000000 ) ) ;
#4311 = CARTESIAN_POINT ( 'NONE',  ( 4.594978259367510809, 2.438027874578105880, -8.796570336523377165 ) ) ;
#4312 = ORIENTED_EDGE ( 'NONE', *, *, #7057, .T. ) ;
#4313 = LINE ( 'NONE', #4281, #3432 ) ;
#4314 = CARTESIAN_POINT ( 'NONE',  ( 7.161872897185444842, 1.768641139222009162, 6.980243915062926519 ) ) ;
#4315 = ORIENTED_EDGE ( 'NONE', *, *, #5972, .F. ) ;
#4316 = VERTEX_POINT ( 'NONE', #2455 ) ;
#4317 = VERTEX_POINT ( 'NONE', #4150 ) ;
#4318 = CARTESIAN_POINT ( 'NONE',  ( 7.587297981928800006, 2.377840714399305888, -6.389449519739522465 ) ) ;
#4319 = VERTEX_POINT ( 'NONE', #6250 ) ;
#4320 = ORIENTED_EDGE ( 'NONE', *, *, #3901, .T. ) ;
#4321 = CARTESIAN_POINT ( 'NONE',  ( -1.106490787510109763, 2.248300866378371232, 9.938905903571470191 ) ) ;
#4322 = DIRECTION ( 'NONE',  ( -0.000000000000000000, -1.000000000000000000, 0.000000000000000000 ) ) ;
#4323 = LINE ( 'NONE', #4803, #4283 ) ;
#4324 = VERTEX_POINT ( 'NONE', #1787 ) ;
#4325 = CARTESIAN_POINT ( 'NONE',  ( -3.721055137393831647, 1.986052934431152162, 9.282599226627565869 ) ) ;
#4326 = EDGE_CURVE ( 'NONE', #4247, #6096, #6951, .T. ) ;
#4327 = CARTESIAN_POINT ( 'NONE',  ( 9.985235750618219441, 2.048970607329061444, 0.5565875801684294633 ) ) ;
#4328 = DIRECTION ( 'NONE',  ( 0.06224953160688741910, 3.462718366572878094E-15, 0.9980606173047423813 ) ) ;
#4329 = CARTESIAN_POINT ( 'NONE',  ( -4.594978287205981005, 2.500000000000000444, -8.796570338259748212 ) ) ;
#4330 = CARTESIAN_POINT ( 'NONE',  ( 0.2552196072240485170, 1.779716818039817072, 9.997538315944970222 ) ) ;
#4331 = ADVANCED_FACE ( 'NONE', ( #6756 ), #6581, .T. ) ;
#4332 = ORIENTED_EDGE ( 'NONE', *, *, #4625, .F. ) ;
#4333 = CARTESIAN_POINT ( 'NONE',  ( 1.156453502364807928, 2.500000000000000000, -9.932905682471176334 ) ) ;
#4334 = CARTESIAN_POINT ( 'NONE',  ( 0.1814307967061984106, 0.000000000000000000, -2.394357833393298662 ) ) ;
#4335 = CARTESIAN_POINT ( 'NONE',  ( 4.626103053009368082, 9.500000000000000000, 8.297540029607414880 ) ) ;
#4336 = ADVANCED_FACE ( 'NONE', ( #1867 ), #5745, .T. ) ;
#4337 = CARTESIAN_POINT ( 'NONE',  ( -9.138395661352966215, 9.500000000000000000, -2.596097982851434338 ) ) ;
#4338 = DIRECTION ( 'NONE',  ( 0.000000000000000000, 1.000000000000000000, -0.000000000000000000 ) ) ;
#4339 = CYLINDRICAL_SURFACE ( 'NONE', #5892, 0.5000000000000004441 ) ;
#4340 = DIRECTION ( 'NONE',  ( 0.000000000000000000, 1.000000000000000000, 0.000000000000000000 ) ) ;
#4341 = VECTOR ( 'NONE', #1194, 1000.000000000000000 ) ;
#4342 = CARTESIAN_POINT ( 'NONE',  ( 3.577945097074454406, 2.139858412045572589, -9.172361082845645441 ) ) ;
#4343 = EDGE_LOOP ( 'NONE', ( #5347, #7063 ) ) ;
#4344 = CARTESIAN_POINT ( 'NONE',  ( 9.157329489925324140, 2.134286657244864660, -3.607922989077376741 ) ) ;
#4345 = DIRECTION ( 'NONE',  ( -0.2732734718790951201, 0.000000000000000000, 0.9619363854055763552 ) ) ;
#4346 = CIRCLE ( 'NONE', #6203, 0.5000000000000000000 ) ;
#4347 = CIRCLE ( 'NONE', #413, 0.4999999999999996669 ) ;
#4348 = CARTESIAN_POINT ( 'NONE',  ( 6.441044717000991682, 1.981868317978659366, 7.650214500666145057 ) ) ;
#4349 = VERTEX_POINT ( 'NONE', #4038 ) ;
#4350 = ORIENTED_EDGE ( 'NONE', *, *, #569, .F. ) ;
#4351 = EDGE_LOOP ( 'NONE', ( #2643, #1311, #5313, #6441 ) ) ;
#4352 = CARTESIAN_POINT ( 'NONE',  ( 7.448814233386216621, 2.240934156756799744, -6.508373931577527749 ) ) ;
#4353 = ORIENTED_EDGE ( 'NONE', *, *, #7049, .T. ) ;
#4354 = CARTESIAN_POINT ( 'NONE',  ( 4.626103053009366306, 2.500000000000000444, 8.297540029607414880 ) ) ;
#4355 = CARTESIAN_POINT ( 'NONE',  ( 4.594978287206101797, 10.00001200000000168, -8.796570338259684263 ) ) ;
#4356 = DIRECTION ( 'NONE',  ( 0.000000000000000000, 0.000000000000000000, 1.000000000000000000 ) ) ;
#4357 = DIRECTION ( 'NONE',  ( 0.6205888851312586496, 0.000000000000000000, 0.7841361078610916691 ) ) ;
#4358 = VERTEX_POINT ( 'NONE', #5126 ) ;
#4359 = CARTESIAN_POINT ( 'NONE',  ( 9.955022261424868901, 2.051666420109249600, -0.9506534642318121842 ) ) ;
#4360 = VECTOR ( 'NONE', #5495, 1000.000000000000000 ) ;
#4361 = CARTESIAN_POINT ( 'NONE',  ( 9.972564319548824940, 2.127336489724642288, -0.7534911753617753449 ) ) ;
#4362 = CARTESIAN_POINT ( 'NONE',  ( -2.873880065552899321, 2.409665417632312234, -9.579266317304620415 ) ) ;
#4363 = CARTESIAN_POINT ( 'NONE',  ( 9.287160042897195211, 1.768515498480492942, -3.710106042531163606 ) ) ;
#4364 = ORIENTED_EDGE ( 'NONE', *, *, #6769, .T. ) ;
#4365 = AXIS2_PLACEMENT_3D ( 'NONE', #6761, #5174, #1211 ) ;
#4366 = DIRECTION ( 'NONE',  ( 0.000000000000000000, -0.000000000000000000, 1.000000000000000000 ) ) ;
#4367 = DIRECTION ( 'NONE',  ( -0.000000000000000000, -1.000000000000000000, -0.000000000000000000 ) ) ;
#4368 = CARTESIAN_POINT ( 'NONE',  ( -1.554148821017838911, 0.000000000000000000, -1.830433831214388185 ) ) ;
#4369 = DIRECTION ( 'NONE',  ( 1.000000000000000000, -3.469446951953611033E-15, -1.203706215242021287E-29 ) ) ;
#4370 = SHAPE_DEFINITION_REPRESENTATION ( #4018, #1327 ) ;
#4371 = DIRECTION ( 'NONE',  ( 0.000000000000000000, -1.000000000000000000, 0.000000000000000000 ) ) ;
#4372 = CIRCLE ( 'NONE', #2191, 2.000000000000000000 ) ;
#4373 = CARTESIAN_POINT ( 'NONE',  ( -9.037590233239498616, 1.827040335878406863, -4.282192586373919418 ) ) ;
#4374 = CARTESIAN_POINT ( 'NONE',  ( 9.339547392334306863, 2.212746796842762542, 3.227999808065106446 ) ) ;
#4375 = CIRCLE ( 'NONE', #7044, 2.000000000000000000 ) ;
#4376 = ADVANCED_FACE ( 'NONE', ( #6863 ), #1281, .T. ) ;
#4377 = DIRECTION ( 'NONE',  ( 0.000000000000000000, 0.000000000000000000, -1.000000000000000000 ) ) ;
#4378 = ORIENTED_EDGE ( 'NONE', *, *, #7174, .T. ) ;
#4379 = CARTESIAN_POINT ( 'NONE',  ( -9.980840368339201518, 1.867418461490435000, -0.6290186756683259217 ) ) ;
#4380 = AXIS2_PLACEMENT_3D ( 'NONE', #2373, #5814, #6889 ) ;
#4381 = CARTESIAN_POINT ( 'NONE',  ( 7.421242497277459549, 1.829430187479114567, 6.703810052746301373 ) ) ;
#4382 = AXIS2_PLACEMENT_3D ( 'NONE', #5920, #1976, #987 ) ;
#4383 = EDGE_LOOP ( 'NONE', ( #2318, #6772, #3726, #6899 ) ) ;
#4384 = CARTESIAN_POINT ( 'NONE',  ( -6.908873745391323595, 1.992783053389768355, -7.230516001408475724 ) ) ;
#4385 = ORIENTED_EDGE ( 'NONE', *, *, #3270, .T. ) ;
#4386 = DIRECTION ( 'NONE',  ( -0.4394523308986340027, 0.000000000000000000, 0.8982659121149805248 ) ) ;
#4387 = ORIENTED_EDGE ( 'NONE', *, *, #6110, .T. ) ;
#4388 = CIRCLE ( 'NONE', #3944, 0.4999999999999998335 ) ;
#4389 = FACE_OUTER_BOUND ( 'NONE', #976, .T. ) ;
#4390 = LINE ( 'NONE', #5520, #337 ) ;
#4391 = CARTESIAN_POINT ( 'NONE',  ( -6.205888851312685972, 2.500000000000000444, 7.841361078610837865 ) ) ;
#4392 = DIRECTION ( 'NONE',  ( 0.000000000000000000, 1.000000000000000000, 0.000000000000000000 ) ) ;
#4393 = ORIENTED_EDGE ( 'NONE', *, *, #2493, .T. ) ;
#4394 = CARTESIAN_POINT ( 'NONE',  ( -9.195699807442801799, 1.985975370094174242, -3.930903099441841242 ) ) ;
#4395 = EDGE_CURVE ( 'NONE', #3064, #5509, #3596, .T. ) ;
#4396 = AXIS2_PLACEMENT_3D ( 'NONE', #2741, #7111, #2201 ) ;
#4397 = EDGE_LOOP ( 'NONE', ( #1749, #2202, #1360, #578 ) ) ;
#4398 = ADVANCED_FACE ( 'NONE', ( #2889 ), #2380, .F. ) ;
#4399 = ADVANCED_FACE ( 'NONE', ( #6827 ), #4963, .T. ) ;
#4400 = CARTESIAN_POINT ( 'NONE',  ( 0.000000000000000000, 9.500000000000000000, 0.000000000000000000 ) ) ;
#4401 = CARTESIAN_POINT ( 'NONE',  ( 9.980840368339196189, 1.867418461490394810, 0.6290186756684129632 ) ) ;
#4402 = DIRECTION ( 'NONE',  ( 0.000000000000000000, 0.000000000000000000, 1.000000000000000000 ) ) ;
#4403 = CARTESIAN_POINT ( 'NONE',  ( 8.805704236984304600, 2.500000000000000888, -4.741424121641739653 ) ) ;
#4404 = AXIS2_PLACEMENT_3D ( 'NONE', #5397, #1484, #2102 ) ;
#4405 = ORIENTED_EDGE ( 'NONE', *, *, #2836, .T. ) ;
#4406 = AXIS2_PLACEMENT_3D ( 'NONE', #5799, #4054, #1255 ) ;
#4407 = DIRECTION ( 'NONE',  ( 0.000000000000000000, -1.000000000000000000, 0.000000000000000000 ) ) ;
#4408 = DIRECTION ( 'NONE',  ( 0.000000000000000000, 0.000000000000000000, 1.000000000000000000 ) ) ;
#4409 = CARTESIAN_POINT ( 'NONE',  ( -8.805704271353583579, 2.410376625841670339, 4.741424057448596407 ) ) ;
#4410 = DIRECTION ( 'NONE',  ( 0.000000000000000000, 1.000000000000000000, 0.000000000000000000 ) ) ;
#4411 = B_SPLINE_CURVE_WITH_KNOTS ( 'NONE', 3,
 ( #2198, #1641, #5565, #4975, #2701, #1810, #4870, #1600, #2156, #2774 ),
 .UNSPECIFIED., .F., .F.,
 ( 4, 2, 2, 2, 4 ),
 ( 8.940560153363745023E-19, 0.0003768071801346858127, 0.0007536143602693707580, 0.001130421540404055432, 0.001507228720538739998 ),
 .UNSPECIFIED. ) ;
#4412 = DIRECTION ( 'NONE',  ( 1.000000000000000000, -3.469446951953611033E-15, -1.203706215242021287E-29 ) ) ;
#4413 = DIRECTION ( 'NONE',  ( 1.000000000000000000, 0.000000000000000000, 0.000000000000000000 ) ) ;
#4414 = CARTESIAN_POINT ( 'NONE',  ( 7.449293024680232023, 2.500000000000000444, 5.895594408747131254 ) ) ;
#4415 = CARTESIAN_POINT ( 'NONE',  ( -2.504813822048899130, 0.000000000000000000, -1.276266388579321509 ) ) ;
#4416 = VECTOR ( 'NONE', #4298, 1000.000000000000114 ) ;
#4417 = CARTESIAN_POINT ( 'NONE',  ( 5.895594408746948289, 9.500000000000000000, 7.449293024680377684 ) ) ;
#4418 = FACE_OUTER_BOUND ( 'NONE', #4460, .T. ) ;
#4419 = ORIENTED_EDGE ( 'NONE', *, *, #4097, .T. ) ;
#4420 = CARTESIAN_POINT ( 'NONE',  ( -9.990639898665969909, 2.024441704241315421, 0.4499715962274493108 ) ) ;
#4421 = EDGE_CURVE ( 'NONE', #3936, #6241, #4074, .T. ) ;
#4422 = EDGE_CURVE ( 'NONE', #3109, #4530, #2941, .T. ) ;
#4423 = CARTESIAN_POINT ( 'NONE',  ( 7.449240532993913533, 2.241156341101763871, 6.508004840427759063 ) ) ;
#4424 = EDGE_CURVE ( 'NONE', #1062, #5596, #1317, .T. ) ;
#4425 = ORIENTED_EDGE ( 'NONE', *, *, #4025, .T. ) ;
#4426 = ADVANCED_FACE ( 'NONE', ( #2926 ), #5635, .T. ) ;
#4427 = CARTESIAN_POINT ( 'NONE',  ( 9.418508755680742084, 1.827040335878404864, -3.362573923337149218 ) ) ;
#4428 = ORIENTED_EDGE ( 'NONE', *, *, #6957, .T. ) ;
#4429 = CARTESIAN_POINT ( 'NONE',  ( -1.156453502364804375, 9.500000000000000000, -9.932905682471176334 ) ) ;
#4430 = DIRECTION ( 'NONE',  ( 0.000000000000000000, 0.000000000000000000, 1.000000000000000000 ) ) ;
#4431 = DIRECTION ( 'NONE',  ( 0.000000000000000000, 0.000000000000000000, 1.000000000000000000 ) ) ;
#4432 = DIRECTION ( 'NONE',  ( 1.000000000000000000, 0.000000000000000000, 0.000000000000000000 ) ) ;
#4433 = DIRECTION ( 'NONE',  ( 0.000000000000000000, 0.000000000000000000, 1.000000000000000000 ) ) ;
#4434 = CARTESIAN_POINT ( 'NONE',  ( -3.375677278608769871, 2.162257393931940275, -9.266469839472858183 ) ) ;
#4435 = ORIENTED_EDGE ( 'NONE', *, *, #2590, .T. ) ;
#4436 = CARTESIAN_POINT ( 'NONE',  ( -5.895594408747000692, 9.500000000000000000, -7.449293024680335051 ) ) ;
#4437 = VERTEX_POINT ( 'NONE', #6970 ) ;
#4438 = EDGE_CURVE ( 'NONE', #2669, #6241, #1461, .T. ) ;
#4439 = CARTESIAN_POINT ( 'NONE',  ( 4.470479223992089857, 10.00001200000000168, 10.79269157286926628 ) ) ;
#4440 = VERTEX_POINT ( 'NONE', #2012 ) ;
#4441 = CARTESIAN_POINT ( 'NONE',  ( 9.840950097952873676, 2.134257748930264764, 0.1012763761843795407 ) ) ;
#4442 = DIRECTION ( 'NONE',  ( 0.7497524964563306860, -8.646148171803674275E-15, 0.6617183646064993541 ) ) ;
#4443 = CARTESIAN_POINT ( 'NONE',  ( 0.9124482025973557064, 8.000000000000000000, -2.221104420305846538 ) ) ;
#4444 = EDGE_LOOP ( 'NONE', ( #5990, #3378, #2151 ) ) ;
#4445 = LINE ( 'NONE', #2752, #2895 ) ;
#4446 = CARTESIAN_POINT ( 'NONE',  ( -9.885393354405106692, 2.456298904871081934, -0.8789046617972881004 ) ) ;
#4447 = FACE_OUTER_BOUND ( 'NONE', #2601, .T. ) ;
#4448 = CARTESIAN_POINT ( 'NONE',  ( 7.449293024680233799, 9.500000000000000000, 5.895594408747131254 ) ) ;
#4449 = LINE ( 'NONE', #6704, #4630 ) ;
#4450 = LINE ( 'NONE', #2684, #5083 ) ;
#4451 = DIRECTION ( 'NONE',  ( 0.000000000000000000, 1.000000000000000000, 0.000000000000000000 ) ) ;
#4452 = CARTESIAN_POINT ( 'NONE',  ( 9.402344393979101156, 2.024441704241288331, 3.407532819979131489 ) ) ;
#4453 = AXIS2_PLACEMENT_3D ( 'NONE', #4701, #7015, #2502 ) ;
#4454 = DIRECTION ( 'NONE',  ( 0.000000000000000000, 0.000000000000000000, 1.000000000000000000 ) ) ;
#4455 = ORIENTED_EDGE ( 'NONE', *, *, #3985, .T. ) ;
#4456 = CARTESIAN_POINT ( 'NONE',  ( 3.154135701372484668, 2.242932669926582800, 9.376782963239440605 ) ) ;
#4457 = CARTESIAN_POINT ( 'NONE',  ( -10.00001319358364960, 1.768515498480505599, -0.1263512459987440606 ) ) ;
#4458 = AXIS2_PLACEMENT_3D ( 'NONE', #434, #2144, #4345 ) ;
#4459 = CARTESIAN_POINT ( 'NONE',  ( 7.587710600652748383, 2.378544800989005559, 6.389094439621009869 ) ) ;
#4460 = EDGE_LOOP ( 'NONE', ( #1969, #5711, #2927, #2622 ) ) ;
#4461 = TOROIDAL_SURFACE ( 'NONE', #4581, 2.500000000000000000, 0.5000000000000000000 ) ;
#4462 = CARTESIAN_POINT ( 'NONE',  ( -7.321179991124048492, 2.183694385698125018, -6.619520378501492885 ) ) ;
#4463 = ORIENTED_EDGE ( 'NONE', *, *, #5898, .F. ) ;
#4464 = EDGE_CURVE ( 'NONE', #1879, #5449, #4738, .T. ) ;
#4465 = AXIS2_PLACEMENT_3D ( 'NONE', #2847, #5047, #3891 ) ;
#4466 = PLANE ( 'NONE',  #6195 ) ;
#4467 = DIRECTION ( 'NONE',  ( -1.000000000000000000, 0.000000000000000000, 0.000000000000000000 ) ) ;
#4468 = ORIENTED_EDGE ( 'NONE', *, *, #1698, .F. ) ;
#4469 = ORIENTED_EDGE ( 'NONE', *, *, #6730, .F. ) ;
#4470 = DIRECTION ( 'NONE',  ( 0.000000000000000000, 0.000000000000000000, -1.000000000000000000 ) ) ;
#4471 = CIRCLE ( 'NONE', #5398, 10.00000000000000000 ) ;
#4472 = CARTESIAN_POINT ( 'NONE',  ( 11.68192517863507618, 10.00000000000000000, 1.224126288112367485E-13 ) ) ;
#4473 = DIRECTION ( 'NONE',  ( 0.000000000000000000, 0.000000000000000000, 1.000000000000000000 ) ) ;
#4474 = ORIENTED_EDGE ( 'NONE', *, *, #362, .T. ) ;
#4475 = CARTESIAN_POINT ( 'NONE',  ( -9.138655792787952592, 1.779849606445627730, -4.062095968912781352 ) ) ;
#4476 = VERTEX_POINT ( 'NONE', #4217 ) ;
#4477 = DIRECTION ( 'NONE',  ( 0.000000000000000000, 0.000000000000000000, 1.000000000000000000 ) ) ;
#4478 = CARTESIAN_POINT ( 'NONE',  ( 4.741424121641706790, 2.500000000000000888, 8.805704236984322364 ) ) ;
#4479 = EDGE_LOOP ( 'NONE', ( #2529, #2233, #3534, #2567 ) ) ;
#4480 = CARTESIAN_POINT ( 'NONE',  ( 9.949874371066192325, 2.500000000000000444, 1.010707579139346057 ) ) ;
#4481 = DIRECTION ( 'NONE',  ( 0.000000000000000000, 1.000000000000000000, 0.000000000000000000 ) ) ;
#4482 = CARTESIAN_POINT ( 'NONE',  ( 8.925099472239368836, 2.127336489724428681, -4.512470218131473310 ) ) ;
#4483 = VERTEX_POINT ( 'NONE', #3681 ) ;
#4484 = DIRECTION ( 'NONE',  ( 0.9716864685947451674, 0.000000000000000000, 0.2362740077746034173 ) ) ;
#4485 = DIRECTION ( 'NONE',  ( -0.7622926637108774495, 0.000000000000000000, 0.6472324890273780662 ) ) ;
#4486 = VECTOR ( 'NONE', #4120, 1000.000000000000114 ) ;
#4487 = DIRECTION ( 'NONE',  ( 0.000000000000000000, 0.000000000000000000, 1.000000000000000000 ) ) ;
#4488 = EDGE_CURVE ( 'NONE', #993, #3579, #3070, .T. ) ;
#4489 = CARTESIAN_POINT ( 'NONE',  ( 0.4485839205770472127, 2.024215165943707095, -9.990691563217437121 ) ) ;
#4490 = FACE_OUTER_BOUND ( 'NONE', #2374, .T. ) ;
#4491 = CARTESIAN_POINT ( 'NONE',  ( 9.619363854055738017, 2.500000000000000444, 2.732734718791041573 ) ) ;
#4492 = AXIS2_PLACEMENT_3D ( 'NONE', #145, #2370, #1029 ) ;
#4493 = CARTESIAN_POINT ( 'NONE',  ( 8.297540029607301193, 9.500000000000000000, 4.626103053009570587 ) ) ;
#4494 = EDGE_LOOP ( 'NONE', ( #5525, #6568, #5001 ) ) ;
#4495 = CARTESIAN_POINT ( 'NONE',  ( 4.399397064220046616, 2.242561475665997506, 8.860921141133143664 ) ) ;
#4496 = EDGE_CURVE ( 'NONE', #1162, #91, #1260, .T. ) ;
#4497 = CARTESIAN_POINT ( 'NONE',  ( -2.732734718790877704, 10.00000000000000000, -9.619363854055785978 ) ) ;
#4498 = VECTOR ( 'NONE', #4834, 1000.000000000000000 ) ;
#4499 = CARTESIAN_POINT ( 'NONE',  ( 7.449293024680234687, 9.500000000000000000, 5.895594408747129478 ) ) ;
#4500 = ORIENTED_EDGE ( 'NONE', *, *, #3158, .F. ) ;
#4501 = CARTESIAN_POINT ( 'NONE',  ( 9.036978801079094126, 1.827366529454476751, -4.283506727573431760 ) ) ;
#4502 = VERTEX_POINT ( 'NONE', #5886 ) ;
#4503 = FACE_OUTER_BOUND ( 'NONE', #1128, .T. ) ;
#4504 = LINE ( 'NONE', #6721, #3734 ) ;
#4505 = AXIS2_PLACEMENT_3D ( 'NONE', #7148, #6065, #2280 ) ;
#4506 = CARTESIAN_POINT ( 'NONE',  ( -8.980357240025648835, 1.867388762198215701, 4.400693446046308743 ) ) ;
#4507 = CARTESIAN_POINT ( 'NONE',  ( -7.150722883170764987, 1.985975370094119175, 6.991427348825541621 ) ) ;
#4508 = CARTESIAN_POINT ( 'NONE',  ( -6.368549229222990604, 2.500000000000000444, 7.611508121969579932 ) ) ;
#4509 = AXIS2_PLACEMENT_3D ( 'NONE', #5467, #2216, #3872 ) ;
#4510 = VERTEX_POINT ( 'NONE', #4185 ) ;
#4511 = CARTESIAN_POINT ( 'NONE',  ( -9.149965727261168524, 1.992783053389769687, -4.036214224533277495 ) ) ;
#4512 = ORIENTED_EDGE ( 'NONE', *, *, #2976, .F. ) ;
#4513 = CIRCLE ( 'NONE', #4747, 2.500000000000000000 ) ;
#4514 = CARTESIAN_POINT ( 'NONE',  ( 6.368549229222884911, 2.500000000000000444, 7.611508121969668750 ) ) ;
#4515 = FACE_OUTER_BOUND ( 'NONE', #6535, .T. ) ;
#4516 = EDGE_CURVE ( 'NONE', #2367, #4440, #6240, .T. ) ;
#4517 = LINE ( 'NONE', #3906, #4360 ) ;
#4518 = ADVANCED_FACE ( 'NONE', ( #3648 ), #6401, .T. ) ;
#4519 = CIRCLE ( 'NONE', #1390, 2.000000000000000000 ) ;
#4520 = CARTESIAN_POINT ( 'NONE',  ( 9.563339329250560183, 2.059185488125317320, -2.923754083661717296 ) ) ;
#4521 = ADVANCED_FACE ( 'NONE', ( #5822 ), #4793, .T. ) ;
#4522 = ORIENTED_EDGE ( 'NONE', *, *, #6116, .F. ) ;
#4523 = FACE_OUTER_BOUND ( 'NONE', #5561, .T. ) ;
#4524 = EDGE_CURVE ( 'NONE', #4358, #1824, #5179, .T. ) ;
#4525 = DIRECTION ( 'NONE',  ( 0.000000000000000000, 0.000000000000000000, -1.000000000000000000 ) ) ;
#4526 = DIRECTION ( 'NONE',  ( 0.9716864685947452784, 0.000000000000000000, 0.2362740077746028344 ) ) ;
#4527 = DIRECTION ( 'NONE',  ( 0.06224953160689260939, -6.925436733145753033E-15, 0.9980606173047419372 ) ) ;
#4528 = CARTESIAN_POINT ( 'NONE',  ( 1.987831504145224137, 0.000000000000000000, 1.987831504145222805 ) ) ;
#4529 = LINE ( 'NONE', #2221, #3244 ) ;
#4530 = VERTEX_POINT ( 'NONE', #6092 ) ;
#4531 = CARTESIAN_POINT ( 'NONE',  ( -9.932905687524199223, 2.376055744299625516, -1.156453458963826453 ) ) ;
#4532 = AXIS2_PLACEMENT_3D ( 'NONE', #2002, #2591, #980 ) ;
#4533 = VECTOR ( 'NONE', #4192, 1000.000000000000000 ) ;
#4534 = DIRECTION ( 'NONE',  ( 0.9716864685947450564, 0.000000000000000000, 0.2362740077746035561 ) ) ;
#4535 = TOROIDAL_SURFACE ( 'NONE', #1412, 2.500000000000000000, 0.5000000000000000000 ) ;
#4536 = ORIENTED_EDGE ( 'NONE', *, *, #5914, .F. ) ;
#4537 = CARTESIAN_POINT ( 'NONE',  ( -7.250902820713481134, 2.164715090713960954, -6.681597265112789508 ) ) ;
#4538 = EDGE_LOOP ( 'NONE', ( #2873, #4123, #4794, #2938 ) ) ;
#4539 = DIRECTION ( 'NONE',  ( -0.4394523308986274523, 0.000000000000000000, -0.8982659121149835224 ) ) ;
#4540 = CARTESIAN_POINT ( 'NONE',  ( -8.984463655236288204, 1.864094386502766820, 4.392294266126699043 ) ) ;
#4541 = CARTESIAN_POINT ( 'NONE',  ( -7.650214500666058015, 1.981868317978699334, 6.441044717001093822 ) ) ;
#4542 = CARTESIAN_POINT ( 'NONE',  ( 2.732734718790806205, 2.372020242595190620, 9.619363854055805518 ) ) ;
#4543 = ORIENTED_EDGE ( 'NONE', *, *, #5851, .F. ) ;
#4544 = ORIENTED_EDGE ( 'NONE', *, *, #314, .T. ) ;
#4545 = CARTESIAN_POINT ( 'NONE',  ( 4.534137613851616067, 2.345671956248445156, -8.816634759126745990 ) ) ;
#4546 = FACE_OUTER_BOUND ( 'NONE', #2697, .T. ) ;
#4547 = DIRECTION ( 'NONE',  ( 0.000000000000000000, -1.000000000000000000, 0.000000000000000000 ) ) ;
#4548 = LINE ( 'NONE', #1944, #5222 ) ;
#4549 = EDGE_LOOP ( 'NONE', ( #5804, #7135 ) ) ;
#4550 = CYLINDRICAL_SURFACE ( 'NONE', #2157, 0.5000000000000004441 ) ;
#4551 = ADVANCED_FACE ( 'NONE', ( #1126 ), #1087, .T. ) ;
#4552 = LINE ( 'NONE', #4631, #3 ) ;
#4553 = CARTESIAN_POINT ( 'NONE',  ( -3.150000000000000799, 0.000000000000000000, 5.421010862427522170E-17 ) ) ;
#4554 = CARTESIAN_POINT ( 'NONE',  ( 0.000000000000000000, 9.500000000000000000, 0.000000000000000000 ) ) ;
#4555 = CARTESIAN_POINT ( 'NONE',  ( -7.756855835314287261E-16, 2.134289031220173438, -9.840962589317538090 ) ) ;
#4556 = EDGE_CURVE ( 'NONE', #4317, #6888, #3850, .T. ) ;
#4557 = CARTESIAN_POINT ( 'NONE',  ( 0.3433454435212772160, 2.147149294247280515, -9.848045944669637564 ) ) ;
#4558 = ORIENTED_EDGE ( 'NONE', *, *, #5282, .T. ) ;
#4559 = EDGE_CURVE ( 'NONE', #6426, #5312, #6600, .T. ) ;
#4560 = CARTESIAN_POINT ( 'NONE',  ( -2.043718524445535589, 8.000000000000000000, 1.260587625341242024 ) ) ;
#4561 = DIRECTION ( 'NONE',  ( 0.000000000000000000, 1.000000000000000000, 0.000000000000000000 ) ) ;
#4562 = CARTESIAN_POINT ( 'NONE',  ( -0.9501942713743029012, 2.051424616008498791, 9.955064202180716748 ) ) ;
#4563 = CARTESIAN_POINT ( 'NONE',  ( 6.205888851312576726, 2.500000000000000000, 7.841361078610924906 ) ) ;
#4564 = ORIENTED_EDGE ( 'NONE', *, *, #3294, .F. ) ;
#4565 = CARTESIAN_POINT ( 'NONE',  ( -6.320945485302412514, 2.409665417632359752, -7.750301799340061137 ) ) ;
#4566 = ORIENTED_EDGE ( 'NONE', *, *, #2817, .T. ) ;
#4567 = CARTESIAN_POINT ( 'NONE',  ( 10.79269157286925029, 10.00000000000000000, -4.470479223992127160 ) ) ;
#4568 = DIRECTION ( 'NONE',  ( 0.000000000000000000, -1.000000000000000000, 0.000000000000000000 ) ) ;
#4569 = VECTOR ( 'NONE', #4568, 1000.000000000000000 ) ;
#4570 = CARTESIAN_POINT ( 'NONE',  ( -9.619363854055777097, 2.500000000000000000, 2.732734718790907902 ) ) ;
#4571 = DIRECTION ( 'NONE',  ( 0.9980606173047411600, 0.000000000000000000, 0.06224953160690469695 ) ) ;
#4572 = CARTESIAN_POINT ( 'NONE',  ( -9.287160042897129486, 1.768515498480465853, 3.710106042531321702 ) ) ;
#4573 = CARTESIAN_POINT ( 'NONE',  ( -7.448814233386135797, 2.240934156756776652, 6.508373931577617455 ) ) ;
#4574 = AXIS2_PLACEMENT_3D ( 'NONE', #2101, #425, #6956 ) ;
#4575 = VERTEX_POINT ( 'NONE', #71 ) ;
#4576 = ORIENTED_EDGE ( 'NONE', *, *, #3287, .T. ) ;
#4577 = VERTEX_POINT ( 'NONE', #3315 ) ;
#4578 = DIRECTION ( 'NONE',  ( 0.000000000000000000, 1.000000000000000000, 0.000000000000000000 ) ) ;
#4579 = CARTESIAN_POINT ( 'NONE',  ( 0.000000000000000000, 9.500000000000000000, 0.000000000000000000 ) ) ;
#4580 = ORIENTED_EDGE ( 'NONE', *, *, #374, .F. ) ;
#4581 = AXIS2_PLACEMENT_3D ( 'NONE', #3797, #6009, #4408 ) ;
#4582 = CIRCLE ( 'NONE', #4702, 0.4999999999999997224 ) ;
#4583 = CARTESIAN_POINT ( 'NONE',  ( -4.626103053009431143, 10.00000000000000000, -8.297540029607379353 ) ) ;
#4584 = LINE ( 'NONE', #6260, #3223 ) ;
#4585 = ORIENTED_EDGE ( 'NONE', *, *, #3989, .T. ) ;
#4586 = CARTESIAN_POINT ( 'NONE',  ( 9.436260398347604550, 9.500000000000000000, 1.098630827246665609 ) ) ;
#4587 = CARTESIAN_POINT ( 'NONE',  ( -5.095752233843723986E-17, 2.500000000000000444, 11.68192517863507618 ) ) ;
#4588 = CARTESIAN_POINT ( 'NONE',  ( 1.156453458963273118, 2.376055744299623740, -9.932905687524263172 ) ) ;
#4589 = CARTESIAN_POINT ( 'NONE',  ( -8.817164848740132399, 2.343771222574626112, -4.532526391864147186 ) ) ;
#4590 = DIRECTION ( 'NONE',  ( 0.000000000000000000, 0.000000000000000000, 1.000000000000000000 ) ) ;
#4591 = CARTESIAN_POINT ( 'NONE',  ( 3.361212337356712432, 1.827366529454476751, -9.419005646007477139 ) ) ;
#4592 = EDGE_LOOP ( 'NONE', ( #3010, #6677, #4665, #4405, #5944, #433 ) ) ;
#4593 = DIRECTION ( 'NONE',  ( 1.000000000000000000, -8.673617379884027583E-16, 0.000000000000000000 ) ) ;
#4594 = FACE_OUTER_BOUND ( 'NONE', #623, .T. ) ;
#4595 = CIRCLE ( 'NONE', #4024, 0.5000000000000004441 ) ;
#4596 = AXIS2_PLACEMENT_3D ( 'NONE', #4300, #1476, #453 ) ;
#4597 = ADVANCED_FACE ( 'NONE', ( #5000 ), #7146, .T. ) ;
#4598 = EDGE_CURVE ( 'NONE', #5890, #4575, #6934, .T. ) ;
#4599 = CARTESIAN_POINT ( 'NONE',  ( -0.1814307967061967730, 0.000000000000000000, 2.394357833393300883 ) ) ;
#4600 = EDGE_CURVE ( 'NONE', #91, #7106, #808, .T. ) ;
#4601 = ORIENTED_EDGE ( 'NONE', *, *, #314, .F. ) ;
#4602 = ADVANCED_FACE ( 'NONE', ( #4680 ), #1895, .F. ) ;
#4603 = CARTESIAN_POINT ( 'NONE',  ( 2.548403532281087180, 8.000000000000000000, -1.851523544721291881 ) ) ;
#4604 = ORIENTED_EDGE ( 'NONE', *, *, #867, .F. ) ;
#4606 = DIRECTION ( 'NONE',  ( 1.000000000000000000, -1.734723475976807094E-15, 0.000000000000000000 ) ) ;
#4605 = CIRCLE ( 'NONE', #1485, 2.000000000000000000 ) ;
#4607 = CARTESIAN_POINT ( 'NONE',  ( -9.436260398347620537, 9.500000000000000000, 1.098630827246533714 ) ) ;
#4608 = CARTESIAN_POINT ( 'NONE',  ( -0.8789046617972534614, 2.500000000000000444, 9.885393354405108468 ) ) ;
#4609 = DIRECTION ( 'NONE',  ( 0.000000000000000000, 0.000000000000000000, 1.000000000000000000 ) ) ;
#4610 = VECTOR ( 'NONE', #5357, 1000.000000000000000 ) ;
#4611 = VECTOR ( 'NONE', #5761, 1000.000000000000000 ) ;
#4612 = CARTESIAN_POINT ( 'NONE',  ( -6.746271253705785398, 2.024441704241284334, 7.382627187773360689 ) ) ;
#4613 = DIRECTION ( 'NONE',  ( -2.664535259100375303E-15, 0.000000000000000000, 1.000000000000000000 ) ) ;
#4614 = VERTEX_POINT ( 'NONE', #5699 ) ;
#4615 = VERTEX_POINT ( 'NONE', #1312 ) ;
#4616 = CIRCLE ( 'NONE', #7154, 10.00000000000000000 ) ;
#4617 = DIRECTION ( 'NONE',  ( 0.9716864685947455005, 0.000000000000000000, -0.2362740077746017520 ) ) ;
#4618 = CARTESIAN_POINT ( 'NONE',  ( 3.162415667432250554, 2.240934156756785089, 9.372453886955891988 ) ) ;
#4619 = ORIENTED_EDGE ( 'NONE', *, *, #1505, .F. ) ;
#4620 = AXIS2_PLACEMENT_3D ( 'NONE', #2832, #3308, #1082 ) ;
#4621 = CARTESIAN_POINT ( 'NONE',  ( 1.156453502364807928, 2.500000000000000000, -9.932905682471176334 ) ) ;
#4622 = DIRECTION ( 'NONE',  ( -0.000000000000000000, -1.000000000000000000, -0.000000000000000000 ) ) ;
#4623 = ADVANCED_FACE ( 'NONE', ( #6927 ), #5737, .T. ) ;
#4624 = CARTESIAN_POINT ( 'NONE',  ( 1.830433831214388185, 0.000000000000000000, -1.554148821017838911 ) ) ;
#4625 = EDGE_CURVE ( 'NONE', #3220, #727, #2553, .T. ) ;
#4626 = CIRCLE ( 'NONE', #5796, 2.000000000000000000 ) ;
#4627 = EDGE_CURVE ( 'NONE', #1489, #3354, #1382, .T. ) ;
#4628 = ORIENTED_EDGE ( 'NONE', *, *, #656, .T. ) ;
#4629 = FACE_OUTER_BOUND ( 'NONE', #6305, .T. ) ;
#4630 = VECTOR ( 'NONE', #3271, 1000.000000000000000 ) ;
#4631 = CARTESIAN_POINT ( 'NONE',  ( -1.156453502364807262, 10.00000000000000000, 9.932905682471178110 ) ) ;
#4632 = CARTESIAN_POINT ( 'NONE',  ( 1.260587625341240470, 8.000000000000000000, 2.043718524445536033 ) ) ;
#4633 = CARTESIAN_POINT ( 'NONE',  ( -4.826544448226514739, 2.249819565270344768, -8.758463274103203133 ) ) ;
#4634 = VECTOR ( 'NONE', #5136, 1000.000000000000000 ) ;
#4635 = CARTESIAN_POINT ( 'NONE',  ( 1.851523544721292769, 0.000000000000000000, 2.548403532281084960 ) ) ;
#4636 = FACE_OUTER_BOUND ( 'NONE', #3039, .T. ) ;
#4637 = VERTEX_POINT ( 'NONE', #4603 ) ;
#4638 = CARTESIAN_POINT ( 'NONE',  ( -9.469254822743765843, 2.438027874578180043, 2.970974249536509237 ) ) ;
#4639 = DIRECTION ( 'NONE',  ( 0.000000000000000000, 0.000000000000000000, 1.000000000000000000 ) ) ;
#4640 = FACE_OUTER_BOUND ( 'NONE', #3283, .T. ) ;
#4641 = DIRECTION ( 'NONE',  ( 0.7841361078610891155, 0.000000000000000000, -0.6205888851312616472 ) ) ;
#4642 = DIRECTION ( 'NONE',  ( 0.000000000000000000, -1.000000000000000000, 0.000000000000000000 ) ) ;
#4643 = ORIENTED_EDGE ( 'NONE', *, *, #4664, .F. ) ;
#4644 = CARTESIAN_POINT ( 'NONE',  ( -6.351745126529906749, 2.321832774718790571, -7.725205082552247582 ) ) ;
#4645 = ORIENTED_EDGE ( 'NONE', *, *, #6866, .T. ) ;
#4646 = CIRCLE ( 'NONE', #5579, 10.00000000000000000 ) ;
#4647 = CARTESIAN_POINT ( 'NONE',  ( -7.449293024680316400, 9.500000000000000000, 5.895594408747025561 ) ) ;
#4648 = ADVANCED_FACE ( 'NONE', ( #1931 ), #2408, .T. ) ;
#4649 = EDGE_CURVE ( 'NONE', #3212, #698, #1657, .T. ) ;
#4650 = DIRECTION ( 'NONE',  ( 0.000000000000000000, 0.000000000000000000, -1.000000000000000000 ) ) ;
#4651 = VECTOR ( 'NONE', #5160, 1000.000000000000000 ) ;
#4652 = ADVANCED_FACE ( 'NONE', ( #7027 ), #2441, .T. ) ;
#4653 = CARTESIAN_POINT ( 'NONE',  ( 4.687911366387641721, 2.051666420109251376, 8.833441982342685961 ) ) ;
#4654 = EDGE_LOOP ( 'NONE', ( #7140, #2845 ) ) ;
#4655 = VERTEX_POINT ( 'NONE', #1012 ) ;
#4656 = VERTEX_POINT ( 'NONE', #2071 ) ;
#4657 = PRODUCT_DEFINITION_FORMATION_WITH_SPECIFIED_SOURCE ( 'Symmetric', '', #1179, .NOT_KNOWN. ) ;
#4658 = CARTESIAN_POINT ( 'NONE',  ( 9.619363854055736240, 10.00000000000000000, 2.732734718791042905 ) ) ;
#4659 = CARTESIAN_POINT ( 'NONE',  ( 4.400693446046251012, 1.867388762198086027, 8.980357240025675480 ) ) ;
#4660 = ORIENTED_EDGE ( 'NONE', *, *, #5401, .T. ) ;
#4661 = LINE ( 'NONE', #3550, #5068 ) ;
#4662 = DIRECTION ( 'NONE',  ( 0.000000000000000000, 1.000000000000000000, 0.000000000000000000 ) ) ;
#4663 = DIRECTION ( 'NONE',  ( -0.9249892435672766311, 0.000000000000000000, 0.3799932884734116278 ) ) ;
#4664 = EDGE_CURVE ( 'NONE', #4637, #1200, #3879, .T. ) ;
#4665 = ORIENTED_EDGE ( 'NONE', *, *, #3418, .T. ) ;
#4666 = CARTESIAN_POINT ( 'NONE',  ( -5.895594408747051318, 9.500000000000000000, 7.449293024680295972 ) ) ;
#4667 = DIRECTION ( 'NONE',  ( -0.6617183646064827007, 0.000000000000000000, -0.7497524964563453409 ) ) ;
#4668 = DIRECTION ( 'NONE',  ( 0.3799932884734116278, 0.000000000000000000, 0.9249892435672766311 ) ) ;
#4669 = DIRECTION ( 'NONE',  ( 0.000000000000000000, 0.000000000000000000, 1.000000000000000000 ) ) ;
#4670 = CARTESIAN_POINT ( 'NONE',  ( 4.344279487925926553, 2.222029771489018035, -8.879080587187033302 ) ) ;
#4671 = CARTESIAN_POINT ( 'NONE',  ( 9.287931484318765030, 1.768641139222073999, 3.708174382605638808 ) ) ;
#4672 = CARTESIAN_POINT ( 'NONE',  ( 0.9124482025973564836, 8.000000000000000000, 2.221104420305848315 ) ) ;
#4673 = VERTEX_POINT ( 'NONE', #5508 ) ;
#4674 = CARTESIAN_POINT ( 'NONE',  ( 6.556373006456611030, 2.212746796842760766, -7.393314632472633541 ) ) ;
#4675 = FACE_OUTER_BOUND ( 'NONE', #119, .T. ) ;
#4676 = DIRECTION ( 'NONE',  ( 0.000000000000000000, 0.000000000000000000, 1.000000000000000000 ) ) ;
#4677 = CARTESIAN_POINT ( 'NONE',  ( 5.895594408747105497, 10.00001200000000168, -7.449293024680252451 ) ) ;
#4678 = CARTESIAN_POINT ( 'NONE',  ( 0.7402789226335256823, 2.279919447647817510, 9.875015954859554412 ) ) ;
#4679 = ORIENTED_EDGE ( 'NONE', *, *, #224, .F. ) ;
#4680 = FACE_OUTER_BOUND ( 'NONE', #6289, .T. ) ;
#4681 = EDGE_LOOP ( 'NONE', ( #6794, #854, #4522, #4469 ) ) ;
#4682 = B_SPLINE_CURVE_WITH_KNOTS ( 'NONE', 3,
 ( #4978, #2317, #6646, #3899, #6145, #1174, #5604, #5054, #82, #1902 ),
 .UNSPECIFIED., .F., .F.,
 ( 4, 2, 2, 2, 4 ),
 ( 8.940560153363745023E-19, 0.0003768071801346864090, 0.0007536143602693719506, 0.001130421540404056950, 0.001507228720538741950 ),
 .UNSPECIFIED. ) ;
#4683 = DIRECTION ( 'NONE',  ( -0.000000000000000000, -1.000000000000000000, -0.000000000000000000 ) ) ;
#4684 = DIRECTION ( 'NONE',  ( -0.9619363854055745788, -5.119841889459035912E-15, -0.2732734718791015593 ) ) ;
#4685 = CARTESIAN_POINT ( 'NONE',  ( -2.596097982851333086, 2.500000000000000000, -9.138395661352994637 ) ) ;
#4686 = CYLINDRICAL_SURFACE ( 'NONE', #2670, 0.5000000000000004441 ) ;
#4687 = DIRECTION ( 'NONE',  ( 0.000000000000000000, 0.000000000000000000, 1.000000000000000000 ) ) ;
#4688 = ADVANCED_FACE ( 'NONE', ( #5069 ), #3845, .F. ) ;
#4689 = ORIENTED_EDGE ( 'NONE', *, *, #5672, .F. ) ;
#4690 = CONICAL_SURFACE ( 'NONE', #1554, 3.499999999999972022, 0.7853981633974537191 ) ;
#4691 = EDGE_LOOP ( 'NONE', ( #2457, #4294, #5823, #247, #3258 ) ) ;
#4692 = ORIENTED_EDGE ( 'NONE', *, *, #3950, .T. ) ;
#4693 = CARTESIAN_POINT ( 'NONE',  ( 6.888859623417164180, 1.779716818039811521, -7.249794653336882888 ) ) ;
#4694 = ORIENTED_EDGE ( 'NONE', *, *, #1424, .T. ) ;
#4695 = CARTESIAN_POINT ( 'NONE',  ( -3.607854241819010710, 2.134291405717183121, 9.157360018292987291 ) ) ;
#4696 = AXIS2_PLACEMENT_3D ( 'NONE', #2110, #2661, #501 ) ;
#4697 = DIRECTION ( 'NONE',  ( -0.000000000000000000, 1.000000000000000000, -0.000000000000000000 ) ) ;
#4698 = FACE_OUTER_BOUND ( 'NONE', #6042, .T. ) ;
#4699 = ORIENTED_EDGE ( 'NONE', *, *, #3800, .F. ) ;
#4700 = VECTOR ( 'NONE', #5644, 1000.000000000000114 ) ;
#4701 = CARTESIAN_POINT ( 'NONE',  ( 0.000000000000000000, 9.500000000000000000, 0.000000000000000000 ) ) ;
#4702 = AXIS2_PLACEMENT_3D ( 'NONE', #588, #660, #4571 ) ;
#4703 = DIRECTION ( 'NONE',  ( -0.000000000000000000, -1.000000000000000000, 0.000000000000000000 ) ) ;
#4704 = CARTESIAN_POINT ( 'NONE',  ( 1.987831504145222361, 0.000000000000000000, -1.987831504145223693 ) ) ;
#4705 = CARTESIAN_POINT ( 'NONE',  ( 2.981977766025553311, 2.424329480613470977, -9.463724233344530390 ) ) ;
#4706 = CARTESIAN_POINT ( 'NONE',  ( 8.796570336523400258, 2.438027874578128973, 4.594978259368051710 ) ) ;
#4707 = CARTESIAN_POINT ( 'NONE',  ( 1.156453502364807040, 9.500000000000000000, -9.932905682471176334 ) ) ;
#4708 = EDGE_LOOP ( 'NONE', ( #6645, #476 ) ) ;
#4709 = CARTESIAN_POINT ( 'NONE',  ( -1.276266388579325284, 8.000000000000000000, -2.504813822048897354 ) ) ;
#4710 = CARTESIAN_POINT ( 'NONE',  ( 8.297540029607301193, 9.500000000000000000, 4.626103053009571475 ) ) ;
#4711 = FACE_OUTER_BOUND ( 'NONE', #6403, .T. ) ;
#4712 =( NAMED_UNIT ( * ) SI_UNIT ( $, .STERADIAN. ) SOLID_ANGLE_UNIT ( ) );
#4713 = CARTESIAN_POINT ( 'NONE',  ( -0.2274354203458242019, 1.992783053389822312, 9.998058371801610278 ) ) ;
#4714 = ADVANCED_FACE ( 'NONE', ( #6085 ), #2775, .T. ) ;
#4715 = ORIENTED_EDGE ( 'NONE', *, *, #1982, .T. ) ;
#4716 = ORIENTED_EDGE ( 'NONE', *, *, #799, .T. ) ;
#4717 = CARTESIAN_POINT ( 'NONE',  ( 2.732734801641954814, 2.377026804319470443, -9.619363830518883773 ) ) ;
#4718 = ORIENTED_EDGE ( 'NONE', *, *, #392, .T. ) ;
#4719 = ADVANCED_FACE ( 'NONE', ( #5549 ), #562, .F. ) ;
#4720 = DIRECTION ( 'NONE',  ( -1.040834085586084059E-15, 0.000000000000000000, 1.000000000000000000 ) ) ;
#4721 = DIRECTION ( 'NONE',  ( -1.401920620564771354E-15, -1.000000000000000000, -7.816086743456955292E-16 ) ) ;
#4722 = AXIS2_PLACEMENT_3D ( 'NONE', #53, #14, #7119 ) ;
#4723 = CARTESIAN_POINT ( 'NONE',  ( -4.470479223992169793, 10.00000000000000000, -8.292691572869230754 ) ) ;
#4724 = DIRECTION ( 'NONE',  ( -1.594314457810246227E-15, 1.000000000000000000, -1.856204616801320909E-16 ) ) ;
#4725 = AXIS2_PLACEMENT_3D ( 'NONE', #6536, #1677, #446 ) ;
#4726 = ORIENTED_EDGE ( 'NONE', *, *, #4209, .T. ) ;
#4727 = ORIENTED_EDGE ( 'NONE', *, *, #2816, .T. ) ;
#4728 = ORIENTED_EDGE ( 'NONE', *, *, #1772, .F. ) ;
#4729 = CARTESIAN_POINT ( 'NONE',  ( 6.242081368317972334, 2.257089604130941840, -7.812951749604096108 ) ) ;
#4730 = ORIENTED_EDGE ( 'NONE', *, *, #262, .F. ) ;
#4731 = VECTOR ( 'NONE', #4276, 1000.000000000000000 ) ;
#4732 = CARTESIAN_POINT ( 'NONE',  ( -2.970974231079569705, 2.456216401094831525, 9.469254843656225162 ) ) ;
#4733 = DIRECTION ( 'NONE',  ( 0.000000000000000000, 0.000000000000000000, 1.000000000000000000 ) ) ;
#4734 = DIRECTION ( 'NONE',  ( 0.000000000000000000, 0.000000000000000000, 1.000000000000000000 ) ) ;
#4735 = AXIS2_PLACEMENT_3D ( 'NONE', #1758, #667, #6758 ) ;
#4736 = ORIENTED_EDGE ( 'NONE', *, *, #9, .T. ) ;
#4737 = LINE ( 'NONE', #7046, #1672 ) ;
#4738 = CIRCLE ( 'NONE', #1846, 0.4999999999999998890 ) ;
#4739 = CARTESIAN_POINT ( 'NONE',  ( -2.922977707959118376, 2.059838893144286587, 9.563576536480384860 ) ) ;
#4740 = ADVANCED_FACE ( 'NONE', ( #6165 ), #6126, .T. ) ;
#4741 = AXIS2_PLACEMENT_3D ( 'NONE', #6619, #1619, #6043 ) ;
#4742 = EDGE_CURVE ( 'NONE', #5413, #2809, #1965, .T. ) ;
#4743 = CARTESIAN_POINT ( 'NONE',  ( 1.156453502364804375, 9.500000000000000000, 9.932905682471176334 ) ) ;
#4744 = CARTESIAN_POINT ( 'NONE',  ( 2.970974231079632766, 2.500000000000000444, -9.469254843656200293 ) ) ;
#4745 = CARTESIAN_POINT ( 'NONE',  ( -3.589669876561350392, 1.779849606445623955, -9.334341087458840391 ) ) ;
#4746 = EDGE_CURVE ( 'NONE', #6253, #5893, #6482, .T. ) ;
#4747 = AXIS2_PLACEMENT_3D ( 'NONE', #4472, #510, #6571 ) ;
#4748 = EDGE_CURVE ( 'NONE', #6876, #7028, #3365, .T. ) ;
#4749 = FACE_OUTER_BOUND ( 'NONE', #5157, .T. ) ;
#4750 = DIRECTION ( 'NONE',  ( 0.06224953160691333587, 0.000000000000000000, -0.9980606173047406049 ) ) ;
#4751 = VECTOR ( 'NONE', #7043, 1000.000000000000000 ) ;
#4752 = CARTESIAN_POINT ( 'NONE',  ( -9.619363854055778873, 2.372020242595189732, 2.732734718790907458 ) ) ;
#4753 = LINE ( 'NONE', #6420, #3728 ) ;
#4754 = LINE ( 'NONE', #3605, #4846 ) ;
#4755 = PLANE ( 'NONE',  #3715 ) ;
#4756 = AXIS2_PLACEMENT_3D ( 'NONE', #3508, #1823, #4613 ) ;
#4757 = ORIENTED_EDGE ( 'NONE', *, *, #3158, .T. ) ;
#4758 = CARTESIAN_POINT ( 'NONE',  ( 4.400639730061454813, 1.867418461490420123, -8.980379107744481004 ) ) ;
#4759 = ORIENTED_EDGE ( 'NONE', *, *, #711, .F. ) ;
#4760 = ADVANCED_FACE ( 'NONE', ( #1120 ), #6593, .T. ) ;
#4761 = FACE_OUTER_BOUND ( 'NONE', #1060, .T. ) ;
#4762 = DIRECTION ( 'NONE',  ( 0.000000000000000000, 0.000000000000000000, 1.000000000000000000 ) ) ;
#4763 = FACE_OUTER_BOUND ( 'NONE', #3073, .T. ) ;
#4764 = DIRECTION ( 'NONE',  ( -1.000000000000000000, -1.734723475976807094E-15, 0.000000000000000000 ) ) ;
#4765 = AXIS2_PLACEMENT_3D ( 'NONE', #5876, #2133, #6989 ) ;
#4766 = ORIENTED_EDGE ( 'NONE', *, *, #5722, .F. ) ;
#4767 = ORIENTED_EDGE ( 'NONE', *, *, #2086, .F. ) ;
#4768 = ORIENTED_EDGE ( 'NONE', *, *, #1097, .F. ) ;
#4769 = B_SPLINE_CURVE_WITH_KNOTS ( 'NONE', 3,
 ( #5098, #2429, #1323, #6328, #125, #2355, #5058, #2323, #782, #4621 ),
 .UNSPECIFIED., .F., .F.,
 ( 4, 2, 2, 2, 4 ),
 ( 0.001507228720538741950, 0.001883526078368157183, 0.002259823436197572200, 0.002636120794026986999, 0.003012418151856402666 ),
 .UNSPECIFIED. ) ;
#4770 = CARTESIAN_POINT ( 'NONE',  ( 7.599145027578435574, 2.413741176464118343, 6.379225400237444887 ) ) ;
#4771 = ORIENTED_EDGE ( 'NONE', *, *, #6754, .T. ) ;
#4772 = CIRCLE ( 'NONE', #5821, 0.4999999999999995559 ) ;
#4773 = CARTESIAN_POINT ( 'NONE',  ( -4.594978287205977452, 2.500000000000000444, -8.796570338259748212 ) ) ;
#4774 = LINE ( 'NONE', #2673, #5193 ) ;
#4775 = DIRECTION ( 'NONE',  ( 0.000000000000000000, 0.000000000000000000, 1.000000000000000000 ) ) ;
#4776 = ORIENTED_EDGE ( 'NONE', *, *, #5360, .F. ) ;
#4777 = CARTESIAN_POINT ( 'NONE',  ( 9.138395661353005295, 9.500000000000000000, -2.596097982851299335 ) ) ;
#4778 = CARTESIAN_POINT ( 'NONE',  ( -4.869582122898481913, 2.376055744299587325, 8.734252684022115076 ) ) ;
#4779 = DIRECTION ( 'NONE',  ( 0.000000000000000000, 1.000000000000000000, 0.000000000000000000 ) ) ;
#4780 = EDGE_CURVE ( 'NONE', #1313, #2824, #1773, .T. ) ;
#4781 = CARTESIAN_POINT ( 'NONE',  ( -4.035844149635433808, 1.992695579455318944, -9.150139654457287719 ) ) ;
#4782 = EDGE_CURVE ( 'NONE', #712, #5916, #4529, .T. ) ;
#4783 = CARTESIAN_POINT ( 'NONE',  ( 1.276266388579322841, 8.000000000000000000, -2.504813822048899130 ) ) ;
#4784 = DIRECTION ( 'NONE',  ( 0.000000000000000000, 1.000000000000000000, 0.000000000000000000 ) ) ;
#4785 = DIRECTION ( 'NONE',  ( 0.000000000000000000, 0.000000000000000000, -1.000000000000000000 ) ) ;
#4786 = CARTESIAN_POINT ( 'NONE',  ( 0.000000000000000000, 9.992403876506100957, 0.000000000000000000 ) ) ;
#4787 = CARTESIAN_POINT ( 'NONE',  ( -0.8789046367422000960, 2.438027874578145848, 9.885393342147601459 ) ) ;
#4788 = ADVANCED_FACE ( 'NONE', ( #1191 ), #1626, .T. ) ;
#4789 = CARTESIAN_POINT ( 'NONE',  ( 3.670870801779579029, 2.134320569921031030, -9.131270309608062519 ) ) ;
#4790 = EDGE_LOOP ( 'NONE', ( #308, #7172, #2117, #4679 ) ) ;
#4791 = CARTESIAN_POINT ( 'NONE',  ( 1.554148821017839577, 0.000000000000000000, 1.830433831214388851 ) ) ;
#4792 = DIRECTION ( 'NONE',  ( -0.2732734718790983397, 5.954188704538689979E-15, 0.9619363854055753560 ) ) ;
#4793 = SPHERICAL_SURFACE ( 'NONE', #7156, 0.5000000000000000000 ) ;
#4794 = ORIENTED_EDGE ( 'NONE', *, *, #6845, .F. ) ;
#4795 = VERTEX_POINT ( 'NONE', #576 ) ;
#4796 = ORIENTED_EDGE ( 'NONE', *, *, #2363, .F. ) ;
#4797 = EDGE_CURVE ( 'NONE', #3064, #3196, #1036, .T. ) ;
#4798 = CARTESIAN_POINT ( 'NONE',  ( 6.360301573036697853, 2.059838893144178229, -7.717017477650998103 ) ) ;
#4799 = ORIENTED_EDGE ( 'NONE', *, *, #4191, .T. ) ;
#4800 = CARTESIAN_POINT ( 'NONE',  ( 7.841361078610904478, 10.00000000000000000, -6.205888851312604260 ) ) ;
#4801 = DIRECTION ( 'NONE',  ( 0.000000000000000000, 0.000000000000000000, 1.000000000000000000 ) ) ;
#4802 = AXIS2_PLACEMENT_3D ( 'NONE', #113, #2346, #6750 ) ;
#4803 = CARTESIAN_POINT ( 'NONE',  ( 1.276266388579325062, 8.000000000000000000, 2.504813822048898242 ) ) ;
#4804 = ORIENTED_EDGE ( 'NONE', *, *, #3465, .F. ) ;
#4805 = EDGE_CURVE ( 'NONE', #6406, #5550, #5079, .T. ) ;
#4806 = AXIS2_PLACEMENT_3D ( 'NONE', #359, #2056, #1953 ) ;
#4807 = DIRECTION ( 'NONE',  ( -7.993605777301127091E-15, 0.000000000000000000, 1.000000000000000000 ) ) ;
#4808 = CARTESIAN_POINT ( 'NONE',  ( -3.353526346303853600, 1.829430187479037073, 9.421771089946162192 ) ) ;
#4809 = CARTESIAN_POINT ( 'NONE',  ( 1.156453502364807262, 10.00000000000000000, -9.932905682471178110 ) ) ;
#4810 = CARTESIAN_POINT ( 'NONE',  ( -6.368549229222990604, 10.00001200000000168, 7.611508121969579932 ) ) ;
#4811 = CARTESIAN_POINT ( 'NONE',  ( -4.230707568575075683, 2.183694385698110807, -8.917333680704873089 ) ) ;
#4812 = VECTOR ( 'NONE', #2131, 1000.000000000000000 ) ;
#4813 = DIRECTION ( 'NONE',  ( 1.206041662501898361E-16, 0.1736481776669273613, -0.9848077530122086864 ) ) ;
#4814 = DIRECTION ( 'NONE',  ( -0.000000000000000000, -1.000000000000000000, -0.000000000000000000 ) ) ;
#4815 = DIRECTION ( 'NONE',  ( 0.000000000000000000, 1.000000000000000000, 0.000000000000000000 ) ) ;
#4816 = VECTOR ( 'NONE', #3980, 999.9999999999998863 ) ;
#4817 = DIRECTION ( 'NONE',  ( 0.7497524964563370142, -6.044921658253631677E-15, 0.6617183646064920266 ) ) ;
#4818 = CYLINDRICAL_SURFACE ( 'NONE', #4036, 0.5000000000000004441 ) ;
#4819 = CARTESIAN_POINT ( 'NONE',  ( 4.741424089088141614, 2.409665417632411266, -8.805704254426997224 ) ) ;
#4820 = ORIENTED_EDGE ( 'NONE', *, *, #2239, .F. ) ;
#4821 = DIRECTION ( 'NONE',  ( -0.9971414314842894644, 0.000000000000000000, 0.07555769727474609398 ) ) ;
#4822 = LINE ( 'NONE', #1491, #2391 ) ;
#4823 = ADVANCED_FACE ( 'NONE', ( #4418 ), #4921, .T. ) ;
#4824 = EDGE_CURVE ( 'NONE', #676, #6197, #7014, .T. ) ;
#4825 = DIRECTION ( 'NONE',  ( 0.000000000000000000, 0.000000000000000000, -1.000000000000000000 ) ) ;
#4826 = EDGE_CURVE ( 'NONE', #3033, #2878, #6503, .T. ) ;
#4827 = VERTEX_POINT ( 'NONE', #1847 ) ;
#4828 = EDGE_CURVE ( 'NONE', #5497, #4637, #761, .T. ) ;
#4830 = ORIENTED_EDGE ( 'NONE', *, *, #6020, .T. ) ;
#4829 = AXIS2_PLACEMENT_3D ( 'NONE', #5358, #1478, #5293 ) ;
#4831 = VERTEX_POINT ( 'NONE', #4707 ) ;
#4832 = CARTESIAN_POINT ( 'NONE',  ( 9.184850993605167666E-16, -4.000000000000000000, 7.500000000000015099 ) ) ;
#4833 = ORIENTED_EDGE ( 'NONE', *, *, #1420, .F. ) ;
#4834 = DIRECTION ( 'NONE',  ( 0.000000000000000000, 1.000000000000000000, 0.000000000000000000 ) ) ;
#4835 = CIRCLE ( 'NONE', #2061, 2.000000000000000000 ) ;
#4836 = DIRECTION ( 'NONE',  ( 0.000000000000000000, 1.000000000000000000, 0.000000000000000000 ) ) ;
#4837 = DIRECTION ( 'NONE',  ( 0.000000000000000000, -1.000000000000000000, 0.000000000000000000 ) ) ;
#4838 = ORIENTED_EDGE ( 'NONE', *, *, #2492, .F. ) ;
#4839 = CARTESIAN_POINT ( 'NONE',  ( 7.810864416449816439, 2.249819565270342103, 6.244726359285794004 ) ) ;
#4840 = AXIS2_PLACEMENT_3D ( 'NONE', #6214, #3439, #2464 ) ;
#4841 = CARTESIAN_POINT ( 'NONE',  ( -4.391160136452671559, 2.240934156756719364, 8.863491263196756620 ) ) ;
#4842 = LINE ( 'NONE', #3758, #6697 ) ;
#4843 = CARTESIAN_POINT ( 'NONE',  ( 7.247002898594072207, 1.779448407880939165, -6.891745755504253168 ) ) ;
#4844 = CARTESIAN_POINT ( 'NONE',  ( -4.869582085835276963, 2.377026804319549491, -8.734252704685854241 ) ) ;
#4845 = EDGE_CURVE ( 'NONE', #6344, #744, #3097, .T. ) ;
#4846 = VECTOR ( 'NONE', #731, 1000.000000000000000 ) ;
#4847 = DIRECTION ( 'NONE',  ( 0.000000000000000000, -0.000000000000000000, 1.000000000000000000 ) ) ;
#4848 = VERTEX_POINT ( 'NONE', #1960 ) ;
#4849 = DIRECTION ( 'NONE',  ( -0.000000000000000000, -1.000000000000000000, -0.000000000000000000 ) ) ;
#4850 = AXIS2_PLACEMENT_3D ( 'NONE', #2254, #3305, #611 ) ;
#4851 = DIRECTION ( 'NONE',  ( -0.000000000000000000, 1.000000000000000000, -0.000000000000000000 ) ) ;
#4852 = AXIS2_PLACEMENT_3D ( 'NONE', #3498, #882, #1857 ) ;
#4853 = CARTESIAN_POINT ( 'NONE',  ( -9.138395661352987531, 9.500000000000000000, 2.596097982851362396 ) ) ;
#4854 = CARTESIAN_POINT ( 'NONE',  ( 4.470479223992320783, 9.500000000000000000, -10.79269157286916858 ) ) ;
#4855 = CARTESIAN_POINT ( 'NONE',  ( 3.590100106537495339, 1.779716818039936310, -9.334189340898266352 ) ) ;
#4856 = ORIENTED_EDGE ( 'NONE', *, *, #3246, .T. ) ;
#4857 = CARTESIAN_POINT ( 'NONE',  ( -8.734252662744561135, 9.500000000000000000, -4.869582161062647074 ) ) ;
#4858 = DIRECTION ( 'NONE',  ( 0.000000000000000000, 0.000000000000000000, 1.000000000000000000 ) ) ;
#4859 = VECTOR ( 'NONE', #3081, 1000.000000000000000 ) ;
#4860 = CARTESIAN_POINT ( 'NONE',  ( 7.249794653336807393, 1.779716818039852599, 6.888859623417245892 ) ) ;
#4861 = ORIENTED_EDGE ( 'NONE', *, *, #6508, .F. ) ;
#4862 = ORIENTED_EDGE ( 'NONE', *, *, #6997, .T. ) ;
#4863 = ORIENTED_EDGE ( 'NONE', *, *, #6247, .F. ) ;
#4864 = ADVANCED_FACE ( 'NONE', ( #1806 ), #3321, .F. ) ;
#4865 = DIRECTION ( 'NONE',  ( 0.000000000000000000, 1.000000000000000000, 0.000000000000000000 ) ) ;
#4866 = EDGE_CURVE ( 'NONE', #3818, #2450, #4239, .T. ) ;
#4867 = ORIENTED_EDGE ( 'NONE', *, *, #3950, .F. ) ;
#4868 = CARTESIAN_POINT ( 'NONE',  ( 4.594978287205911727, 2.500000000000000444, 8.796570338259785515 ) ) ;
#4869 = ADVANCED_FACE ( 'NONE', ( #2401 ), #687, .F. ) ;
#4870 = CARTESIAN_POINT ( 'NONE',  ( 0.4984729358709666935, 1.827180535951931306, 9.988341300992907179 ) ) ;
#4871 = FACE_OUTER_BOUND ( 'NONE', #4220, .T. ) ;
#4872 = DIRECTION ( 'NONE',  ( 0.000000000000000000, -1.000000000000000000, 0.000000000000000000 ) ) ;
#4873 = CARTESIAN_POINT ( 'NONE',  ( -9.255897283380143392, 2.164715090713939194, -3.398190578544725504 ) ) ;
#4874 = ORIENTED_EDGE ( 'NONE', *, *, #1511, .F. ) ;
#4875 = EDGE_CURVE ( 'NONE', #2824, #4827, #254, .T. ) ;
#4876 = CIRCLE ( 'NONE', #1292, 10.00000000000000000 ) ;
#4877 = AXIS2_PLACEMENT_3D ( 'NONE', #2615, #4814, #3764 ) ;
#4878 = CARTESIAN_POINT ( 'NONE',  ( -4.511883185549129038, 2.127032157860275774, 8.925391867974868276 ) ) ;
#4879 = FACE_OUTER_BOUND ( 'NONE', #3397, .T. ) ;
#4880 = CARTESIAN_POINT ( 'NONE',  ( -0.9734035322810855595, 8.000000000000000000, 2.995828026329733884 ) ) ;
#4881 = EDGE_CURVE ( 'NONE', #1988, #2742, #1919, .T. ) ;
#4882 = VERTEX_POINT ( 'NONE', #6771 ) ;
#4883 = DIRECTION ( 'NONE',  ( 0.000000000000000000, 1.000000000000000000, 0.000000000000000000 ) ) ;
#4884 = CARTESIAN_POINT ( 'NONE',  ( -2.995828026329732996, 8.000000000000000000, 0.9734035322810843383 ) ) ;
#4885 =( GEOMETRIC_REPRESENTATION_CONTEXT ( 3 ) GLOBAL_UNCERTAINTY_ASSIGNED_CONTEXT ( ( #928 ) ) GLOBAL_UNIT_ASSIGNED_CONTEXT ( ( #5598, #3707, #5464 ) ) REPRESENTATION_CONTEXT ( 'NONE', 'WORKASPACE' ) );
#4886 = CARTESIAN_POINT ( 'NONE',  ( 10.79269157286915615, 2.500000000000000444, 4.470479223992352757 ) ) ;
#4887 = CARTESIAN_POINT ( 'NONE',  ( -1.098630827246566799, 9.500000000000000000, 9.436260398347616984 ) ) ;
#4888 = DIRECTION ( 'NONE',  ( 0.000000000000000000, 0.000000000000000000, 1.000000000000000000 ) ) ;
#4889 = CARTESIAN_POINT ( 'NONE',  ( 4.564612839430777669, 2.377840714399337863, -8.806614869402640267 ) ) ;
#4890 = ORIENTED_EDGE ( 'NONE', *, *, #636, .F. ) ;
#4891 = DIRECTION ( 'NONE',  ( 0.000000000000000000, -1.000000000000000000, 0.000000000000000000 ) ) ;
#4892 = CARTESIAN_POINT ( 'NONE',  ( -9.997605050805098870, 1.779448407880939165, -0.2512047349437178112 ) ) ;
#4893 = EDGE_LOOP ( 'NONE', ( #2568, #5177, #781, #5642, #1848 ) ) ;
#4894 = ORIENTED_EDGE ( 'NONE', *, *, #5898, .T. ) ;
#4895 = ORIENTED_EDGE ( 'NONE', *, *, #2175, .F. ) ;
#4896 = LINE ( 'NONE', #6602, #5928 ) ;
#4897 = ORIENTED_EDGE ( 'NONE', *, *, #1229, .T. ) ;
#4898 = ORIENTED_EDGE ( 'NONE', *, *, #3746, .F. ) ;
#4899 = LINE ( 'NONE', #6097, #2882 ) ;
#4900 = PLANE ( 'NONE',  #5087 ) ;
#4901 = CYLINDRICAL_SURFACE ( 'NONE', #1278, 0.5000000000000000000 ) ;
#4902 = CARTESIAN_POINT ( 'NONE',  ( -9.015711933060044814, 2.139924804626986088, -3.956182678658513918 ) ) ;
#4903 = VERTEX_POINT ( 'NONE', #4019 ) ;
#4904 = CARTESIAN_POINT ( 'NONE',  ( 0.8789046617972523512, 2.500000000000000444, 9.885393354405108468 ) ) ;
#4905 = CARTESIAN_POINT ( 'NONE',  ( 9.954167761667841674, 2.059838893144232408, -0.9593430162964025065 ) ) ;
#4906 = DIRECTION ( 'NONE',  ( 0.000000000000000000, 1.000000000000000000, 0.000000000000000000 ) ) ;
#4907 = AXIS2_PLACEMENT_3D ( 'NONE', #6242, #5122, #150 ) ;
#4908 = PLANE ( 'NONE',  #4722 ) ;
#4909 = EDGE_CURVE ( 'NONE', #6496, #3676, #214, .T. ) ;
#4910 = CARTESIAN_POINT ( 'NONE',  ( 0.8475496155053171554, 2.378544800989032204, 9.883093623299812336 ) ) ;
#4911 = VERTEX_POINT ( 'NONE', #2442 ) ;
#4912 = CARTESIAN_POINT ( 'NONE',  ( -7.246866680950636130, 1.779361857681295955, -6.891903876640132154 ) ) ;
#4913 = AXIS2_PLACEMENT_3D ( 'NONE', #5325, #3083, #355 ) ;
#4914 = LINE ( 'NONE', #3838, #1687 ) ;
#4915 = DIRECTION ( 'NONE',  ( -1.000000000000000000, 0.000000000000000000, 0.000000000000000000 ) ) ;
#4916 = CARTESIAN_POINT ( 'NONE',  ( 2.995828026329736549, 8.000000000000000000, 0.9734035322810841162 ) ) ;
#4917 = CARTESIAN_POINT ( 'NONE',  ( -9.469254802397802706, 2.438513403071532526, -2.970974267493550425 ) ) ;
#4918 = CARTESIAN_POINT ( 'NONE',  ( -9.561040643706672171, 2.051666420109251820, -2.931332810158171931 ) ) ;
#4919 = DIRECTION ( 'NONE',  ( 0.000000000000000000, 1.000000000000000000, 0.000000000000000000 ) ) ;
#4920 = CIRCLE ( 'NONE', #5622, 0.5000000000000004441 ) ;
#4921 = CYLINDRICAL_SURFACE ( 'NONE', #3437, 0.5000000000000000000 ) ;
#4922 = ORIENTED_EDGE ( 'NONE', *, *, #3746, .T. ) ;
#4923 = CARTESIAN_POINT ( 'NONE',  ( -10.79269157286918812, 2.500000000000000444, -4.470479223992283480 ) ) ;
#4924 = CIRCLE ( 'NONE', #3885, 10.00000000000000000 ) ;
#4925 = CIRCLE ( 'NONE', #3776, 10.00000000000000000 ) ;
#4926 = ADVANCED_FACE ( 'NONE', ( #4636 ), #1886, .T. ) ;
#4927 = CARTESIAN_POINT ( 'NONE',  ( 6.682430624000177843, 2.164537838121700641, 7.249987813959687166 ) ) ;
#4928 = ADVANCED_FACE ( 'NONE', ( #2028 ), #6668, .F. ) ;
#4929 = ORIENTED_EDGE ( 'NONE', *, *, #7008, .T. ) ;
#4930 = ORIENTED_EDGE ( 'NONE', *, *, #2417, .T. ) ;
#4931 = CARTESIAN_POINT ( 'NONE',  ( 7.249987813959752891, 2.164537838121621149, -6.682430624000232910 ) ) ;
#4932 = ORIENTED_EDGE ( 'NONE', *, *, #485, .F. ) ;
#4933 = CARTESIAN_POINT ( 'NONE',  ( -2.732734718790878148, 2.500000000000000000, -9.619363854055782426 ) ) ;
#4934 = DIRECTION ( 'NONE',  ( 0.000000000000000000, 0.000000000000000000, 1.000000000000000000 ) ) ;
#4935 = DIRECTION ( 'NONE',  ( 0.6617183646064896951, 0.000000000000000000, 0.7497524964563391237 ) ) ;
#4936 = CARTESIAN_POINT ( 'NONE',  ( -7.206383511017080856, 2.147145517465061104, 6.720854740644933045 ) ) ;
#4937 = ORIENTED_EDGE ( 'NONE', *, *, #2708, .T. ) ;
#4938 = EDGE_CURVE ( 'NONE', #5550, #5119, #6447, .T. ) ;
#4939 = CARTESIAN_POINT ( 'NONE',  ( -9.885393354405110244, 2.500000000000000444, 0.8789046617972166020 ) ) ;
#4940 = VERTEX_POINT ( 'NONE', #4204 ) ;
#4941 = CARTESIAN_POINT ( 'NONE',  ( 0.7802894779564008010, 2.314666110110169761, 9.878024200989290904 ) ) ;
#4942 = AXIS2_PLACEMENT_3D ( 'NONE', #3440, #5099, #2388 ) ;
#4943 = CARTESIAN_POINT ( 'NONE',  ( 9.883093623299828323, 2.378544800989010444, -0.8475496155052139047 ) ) ;
#4944 = CARTESIAN_POINT ( 'NONE',  ( -3.035713346348801966, 2.181049877636620948, -9.529018551434017326 ) ) ;
#4945 = CARTESIAN_POINT ( 'NONE',  ( 9.015827962026211395, 2.139858412045601899, -3.955849480317289224 ) ) ;
#4946 = ORIENTED_EDGE ( 'NONE', *, *, #5485, .F. ) ;
#4947 = DIRECTION ( 'NONE',  ( 0.000000000000000000, -1.000000000000000000, 0.000000000000000000 ) ) ;
#4948 = LINE ( 'NONE', #7159, #185 ) ;
#4949 = EDGE_CURVE ( 'NONE', #4530, #3963, #6954, .T. ) ;
#4950 = CARTESIAN_POINT ( 'NONE',  ( -9.885393354405104915, 2.500000000000000444, -0.8789046617972877673 ) ) ;
#4951 = EDGE_CURVE ( 'NONE', #4575, #2046, #4171, .T. ) ;
#4952 = AXIS2_PLACEMENT_3D ( 'NONE', #3361, #3319, #1715 ) ;
#4953 = EDGE_CURVE ( 'NONE', #6254, #5449, #4007, .T. ) ;
#4954 = CARTESIAN_POINT ( 'NONE',  ( -4.282192586373890109, 1.827040335878407751, 9.037590233239516380 ) ) ;
#4955 = CARTESIAN_POINT ( 'NONE',  ( 4.626103053009367194, 9.500000000000000000, 8.297540029607414880 ) ) ;
#4956 = DIRECTION ( 'NONE',  ( 0.8734252662744531603, 0.000000000000000000, 0.4869582161062701031 ) ) ;
#4957 = DIRECTION ( 'NONE',  ( 0.000000000000000000, -0.000000000000000000, 1.000000000000000000 ) ) ;
#4958 = EDGE_CURVE ( 'NONE', #1774, #4502, #4251, .T. ) ;
#4959 = AXIS2_PLACEMENT_3D ( 'NONE', #4301, #4906, #2096 ) ;
#4960 = CARTESIAN_POINT ( 'NONE',  ( -11.68192517863507618, 9.500000000000000000, -4.083818128530453922E-14 ) ) ;
#4961 = ORIENTED_EDGE ( 'NONE', *, *, #4559, .F. ) ;
#4962 = CARTESIAN_POINT ( 'NONE',  ( -9.999986698273103158, 1.768641139221968306, 0.1284310849189845005 ) ) ;
#4963 = TOROIDAL_SURFACE ( 'NONE', #6130, 9.500000000000000000, 0.5000000000000000000 ) ;
#4964 = CARTESIAN_POINT ( 'NONE',  ( 7.717017477650908397, 2.059838893144231520, 6.360301573036810652 ) ) ;
#4965 = CIRCLE ( 'NONE', #2781, 0.4999999999999998335 ) ;
#4966 = ADVANCED_FACE ( 'NONE', ( #4749 ), #2584, .T. ) ;
#4967 = ORIENTED_EDGE ( 'NONE', *, *, #6272, .T. ) ;
#4968 = CARTESIAN_POINT ( 'NONE',  ( -7.717017477650957247, 2.059838893144311012, -6.360301573036750256 ) ) ;
#4969 = ORIENTED_EDGE ( 'NONE', *, *, #5848, .T. ) ;
#4970 = CARTESIAN_POINT ( 'NONE',  ( 6.367596717411027285, 2.051189550670911910, 7.711024474176586097 ) ) ;
#4971 = DIRECTION ( 'NONE',  ( 0.000000000000000000, -0.000000000000000000, 1.000000000000000000 ) ) ;
#4972 = ORIENTED_EDGE ( 'NONE', *, *, #1103, .T. ) ;
#4973 = CIRCLE ( 'NONE', #5335, 9.500000000000000000 ) ;
#4974 = DIRECTION ( 'NONE',  ( 0.000000000000000000, 1.000000000000000000, 0.000000000000000000 ) ) ;
#4975 = CARTESIAN_POINT ( 'NONE',  ( 0.9504006689409558728, 2.051424475504903810, 9.955047142828190587 ) ) ;
#4976 = DIRECTION ( 'NONE',  ( -0.6205888851312723054, -5.950168953237868937E-15, 0.7841361078610808999 ) ) ;
#4977 = DIRECTION ( 'NONE',  ( 0.000000000000000000, 0.000000000000000000, 1.000000000000000000 ) ) ;
#4978 = CARTESIAN_POINT ( 'NONE',  ( -1.156453502364804375, 2.500000000000000444, -9.932905682471176334 ) ) ;
#4979 = ADVANCED_FACE ( 'NONE', ( #5359 ), #1998, .T. ) ;
#4980 = VERTEX_POINT ( 'NONE', #4783 ) ;
#4981 = CARTESIAN_POINT ( 'NONE',  ( 0.1711472729025990958, 2.134291405717180901, 9.840963537470317490 ) ) ;
#4982 = CARTESIAN_POINT ( 'NONE',  ( 9.987987790097390572, 1.829075679051568315, 0.5057205400018049968 ) ) ;
#4983 = DIRECTION ( 'NONE',  ( 0.000000000000000000, -1.000000000000000000, 0.000000000000000000 ) ) ;
#4984 = CARTESIAN_POINT ( 'NONE',  ( 8.878012131685443009, 1.982312691401684646, -4.603674570840349034 ) ) ;
#4985 = AXIS2_PLACEMENT_3D ( 'NONE', #1006, #5839, #6520 ) ;
#4986 = VERTEX_POINT ( 'NONE', #3127 ) ;
#4987 = AXIS2_PLACEMENT_3D ( 'NONE', #5758, #1912, #4128 ) ;
#4988 = CARTESIAN_POINT ( 'NONE',  ( -4.470479223992169793, 10.00000000000000000, -10.79269157286923075 ) ) ;
#4989 = DIRECTION ( 'NONE',  ( 0.000000000000000000, 0.000000000000000000, 1.000000000000000000 ) ) ;
#4990 = CARTESIAN_POINT ( 'NONE',  ( -9.372706491370006887, 2.241156341101834037, -3.161911533876273772 ) ) ;
#4991 = DIRECTION ( 'NONE',  ( 0.000000000000000000, 0.000000000000000000, 1.000000000000000000 ) ) ;
#4992 = CARTESIAN_POINT ( 'NONE',  ( 9.406617602937965117, 2.279919447647856590, 3.095076455295213691 ) ) ;
#4993 = AXIS2_PLACEMENT_3D ( 'NONE', #1673, #3889, #6533 ) ;
#4994 = EDGE_CURVE ( 'NONE', #6144, #3653, #1445, .T. ) ;
#4995 = DIRECTION ( 'NONE',  ( 0.000000000000000000, 0.000000000000000000, 1.000000000000000000 ) ) ;
#4996 = ORIENTED_EDGE ( 'NONE', *, *, #6218, .T. ) ;
#4997 = CARTESIAN_POINT ( 'NONE',  ( -9.997513869602435932, 1.779849606445583987, -0.2556751587878723919 ) ) ;
#4998 = CARTESIAN_POINT ( 'NONE',  ( 6.368549238272044555, 2.438027874578175602, 7.611508095585913125 ) ) ;
#4999 = ORIENTED_EDGE ( 'NONE', *, *, #1195, .T. ) ;
#5000 = FACE_OUTER_BOUND ( 'NONE', #1807, .T. ) ;
#5001 = ORIENTED_EDGE ( 'NONE', *, *, #2621, .F. ) ;
#5002 = CARTESIAN_POINT ( 'NONE',  ( 2.504813822048898242, 8.000000000000000000, -1.276266388579323952 ) ) ;
#5003 = DIRECTION ( 'NONE',  ( 0.000000000000000000, -1.734723475976808672E-15, -1.000000000000000000 ) ) ;
#5004 = ORIENTED_EDGE ( 'NONE', *, *, #133, .F. ) ;
#5005 = EDGE_LOOP ( 'NONE', ( #3621, #371, #3650 ) ) ;
#5006 = CARTESIAN_POINT ( 'NONE',  ( -8.947791336897486403, 2.164715090713907664, 4.142024133190993496 ) ) ;
#5007 = DIRECTION ( 'NONE',  ( 0.6472324890273797315, 0.000000000000000000, -0.7622926637108761172 ) ) ;
#5008 = CARTESIAN_POINT ( 'NONE',  ( 8.734252662744527385, 9.500000000000000000, 4.869582161062707470 ) ) ;
#5009 = EDGE_LOOP ( 'NONE', ( #2999, #2766, #4350 ) ) ;
#5010 = EDGE_CURVE ( 'NONE', #1682, #3936, #3704, .T. ) ;
#5011 = CARTESIAN_POINT ( 'NONE',  ( -8.925391867974749260, 2.127032157860221151, -4.511883185549214303 ) ) ;
#5012 = ORIENTED_EDGE ( 'NONE', *, *, #5374, .F. ) ;
#5013 = CARTESIAN_POINT ( 'NONE',  ( 0.8129670326369515809, 2.343452233630472392, 9.880493916138886945 ) ) ;
#5014 = CARTESIAN_POINT ( 'NONE',  ( 4.594978232283836839, 2.438513403071531638, 8.796570334834267868 ) ) ;
#5015 = VERTEX_POINT ( 'NONE', #948 ) ;
#5016 = CARTESIAN_POINT ( 'NONE',  ( 9.885393354405099586, 2.500000000000000444, 0.8789046617973564901 ) ) ;
#5017 = LINE ( 'NONE', #3297, #1479 ) ;
#5018 = CARTESIAN_POINT ( 'NONE',  ( 9.130609167219391864, 2.134257748930223020, -3.672401390134496957 ) ) ;
#5019 = EDGE_CURVE ( 'NONE', #4046, #6344, #3166, .T. ) ;
#5020 = ORIENTED_EDGE ( 'NONE', *, *, #3763, .F. ) ;
#5021 = DIRECTION ( 'NONE',  ( 0.000000000000000000, 0.000000000000000000, 1.000000000000000000 ) ) ;
#5022 = CARTESIAN_POINT ( 'NONE',  ( -9.863918724921028058, 2.212746796842760766, 0.5918070992132743458 ) ) ;
#5023 = CARTESIAN_POINT ( 'NONE',  ( -1.098630827246566799, 10.00000000000000000, 9.436260398347616984 ) ) ;
#5024 = CARTESIAN_POINT ( 'NONE',  ( -1.098630827246564134, 10.00001200000000168, -9.436260398347616984 ) ) ;
#5025 = CARTESIAN_POINT ( 'NONE',  ( 0.2274354203458174850, 1.992783053389822312, -9.998058371801610278 ) ) ;
#5026 = SPHERICAL_SURFACE ( 'NONE', #5091, 0.5000000000000000000 ) ;
#5027 = CARTESIAN_POINT ( 'NONE',  ( 9.529230687413235756, 2.181508697813395070, 3.035051535613049190 ) ) ;
#5028 = CIRCLE ( 'NONE', #205, 9.500000000000000000 ) ;
#5029 = AXIS2_PLACEMENT_3D ( 'NONE', #2264, #5661, #3888 ) ;
#5030 = VECTOR ( 'NONE', #4485, 1000.000000000000114 ) ;
#5031 = DIRECTION ( 'NONE',  ( 0.5249775667251623812, 0.000000000000000000, 0.8511160640214281425 ) ) ;
#5032 = ORIENTED_EDGE ( 'NONE', *, *, #3984, .T. ) ;
#5033 = DIRECTION ( 'NONE',  ( 0.000000000000000000, -1.000000000000000000, -0.000000000000000000 ) ) ;
#5034 = CARTESIAN_POINT ( 'NONE',  ( -9.990691563217334092, 2.024215165943837214, -0.4485839205770389970 ) ) ;
#5035 = CIRCLE ( 'NONE', #4458, 0.4999999999999996114 ) ;
#5036 = LINE ( 'NONE', #651, #695 ) ;
#5037 = ORIENTED_EDGE ( 'NONE', *, *, #523, .F. ) ;
#5038 = AXIS2_PLACEMENT_3D ( 'NONE', #2680, #3091, #5393 ) ;
#5039 = CARTESIAN_POINT ( 'NONE',  ( -7.841361078610813884, 2.500000000000000444, -6.205888851312715282 ) ) ;
#5040 = ORIENTED_EDGE ( 'NONE', *, *, #2406, .F. ) ;
#5041 = TOROIDAL_SURFACE ( 'NONE', #5973, 1.500000000000000000, 0.5000000000000000000 ) ;
#5042 = LINE ( 'NONE', #6136, #4569 ) ;
#5043 = CYLINDRICAL_SURFACE ( 'NONE', #1061, 0.5000000000000000000 ) ;
#5044 = EDGE_CURVE ( 'NONE', #4882, #2230, #5974, .T. ) ;
#5045 = VERTEX_POINT ( 'NONE', #457 ) ;
#5046 = AXIS2_PLACEMENT_3D ( 'NONE', #1153, #4371, #1187 ) ;
#5047 = DIRECTION ( 'NONE',  ( 9.960970772803800276E-16, -1.000000000000000000, 1.258604051642383990E-15 ) ) ;
#5048 = EDGE_CURVE ( 'NONE', #2006, #6526, #4924, .T. ) ;
#5049 = FACE_OUTER_BOUND ( 'NONE', #2987, .T. ) ;
#5050 = EDGE_CURVE ( 'NONE', #5596, #818, #2867, .T. ) ;
#5051 = B_SPLINE_CURVE_WITH_KNOTS ( 'NONE', 3,
 ( #56, #6076, #3412, #638, #3979, #2825, #2866, #4912, #2329, #6735, #6187, #1216, #3555, #3012, #2899, #6332, #2359, #829 ),
 .UNSPECIFIED., .F., .F.,
 ( 4, 2, 2, 2, 2, 2, 2, 2, 4 ),
 ( 0.000000000000000000, 0.0003765522689820474602, 0.0007531045379640949203, 0.001129656806946142435, 0.001506209075928189841, 0.001882761344910237247, 0.002259313613892284869, 0.002635865882874332058, 0.003012418151856379681 ),
 .UNSPECIFIED. ) ;
#5052 = DIRECTION ( 'NONE',  ( -0.000000000000000000, -1.000000000000000000, -0.000000000000000000 ) ) ;
#5053 = EDGE_LOOP ( 'NONE', ( #3784, #6681, #3868, #4730 ) ) ;
#5054 = CARTESIAN_POINT ( 'NONE',  ( -0.2501539172365432884, 1.779255717700187978, -9.997642733695165873 ) ) ;
#5055 = ORIENTED_EDGE ( 'NONE', *, *, #983, .F. ) ;
#5056 = CARTESIAN_POINT ( 'NONE',  ( 7.841361078610770363, 2.500000000000000444, 6.205888851312770349 ) ) ;
#5057 = CARTESIAN_POINT ( 'NONE',  ( 4.594978287205911727, 2.500000000000000444, 8.796570338259785515 ) ) ;
#5058 = CARTESIAN_POINT ( 'NONE',  ( 0.9501942713743030122, 2.051424616008498791, -9.955064202180714972 ) ) ;
#5059 = CARTESIAN_POINT ( 'NONE',  ( 9.052480793569294804, 2.134320569921015043, -3.861085519973236124 ) ) ;
#5060 = ORIENTED_EDGE ( 'NONE', *, *, #5403, .F. ) ;
#5061 = DIRECTION ( 'NONE',  ( 0.000000000000000000, 0.000000000000000000, 1.000000000000000000 ) ) ;
#5062 = CARTESIAN_POINT ( 'NONE',  ( -2.043718524445535589, 0.000000000000000000, 1.260587625341242024 ) ) ;
#5063 = AXIS2_PLACEMENT_3D ( 'NONE', #211, #2440, #5223 ) ;
#5064 = LINE ( 'NONE', #2174, #3392 ) ;
#5065 = CARTESIAN_POINT ( 'NONE',  ( 0.4960991014861160231, 2.183709232977780967, -9.857561987693552297 ) ) ;
#5066 = CARTESIAN_POINT ( 'NONE',  ( -3.941618638437699218, 1.768517871363073812, 9.191263844005511885 ) ) ;
#5067 = CARTESIAN_POINT ( 'NONE',  ( 9.282599226627631595, 1.986052934431228989, 3.721055137393924905 ) ) ;
#5068 = VECTOR ( 'NONE', #6797, 1000.000000000000000 ) ;
#5069 = FACE_OUTER_BOUND ( 'NONE', #3928, .T. ) ;
#5070 = ORIENTED_EDGE ( 'NONE', *, *, #7008, .F. ) ;
#5071 = CARTESIAN_POINT ( 'NONE',  ( 7.206383511017126153, 2.147145517465060660, -6.720854740644878866 ) ) ;
#5072 = CARTESIAN_POINT ( 'NONE',  ( -9.938496242092696775, 2.255681435097379062, -1.109995276579329504 ) ) ;
#5073 = CIRCLE ( 'NONE', #6703, 0.5000000000000007772 ) ;
#5074 = AXIS2_PLACEMENT_3D ( 'NONE', #6421, #1519, #3741 ) ;
#5075 = DIRECTION ( 'NONE',  ( -0.9459096409518831239, -0.000000000000000000, 0.3244301945785556529 ) ) ;
#5076 = AXIS2_PLACEMENT_3D ( 'NONE', #6583, #4407, #564 ) ;
#5077 = ORIENTED_EDGE ( 'NONE', *, *, #5259, .F. ) ;
#5078 = CARTESIAN_POINT ( 'NONE',  ( -7.104936358681953834, 2.139858412045521519, -6.815700865711528778 ) ) ;
#5079 = CIRCLE ( 'NONE', #6007, 0.5000000000000000000 ) ;
#5080 = ORIENTED_EDGE ( 'NONE', *, *, #2173, .T. ) ;
#5081 = CARTESIAN_POINT ( 'NONE',  ( -2.394357833393300439, 8.000000000000000000, -0.1814307967061967453 ) ) ;
#5082 = CARTESIAN_POINT ( 'NONE',  ( -2.221104420305847427, 0.000000000000000000, 0.9124482025973577048 ) ) ;
#5083 = VECTOR ( 'NONE', #7059, 1000.000000000000000 ) ;
#5084 = EDGE_LOOP ( 'NONE', ( #3500, #242, #66, #4152 ) ) ;
#5085 = EDGE_CURVE ( 'NONE', #712, #4103, #4948, .T. ) ;
#5086 = CYLINDRICAL_SURFACE ( 'NONE', #2140, 2.000000000000000000 ) ;
#5087 = AXIS2_PLACEMENT_3D ( 'NONE', #2850, #7109, #1679 ) ;
#5088 = CARTESIAN_POINT ( 'NONE',  ( -7.841361078610859181, 2.500000000000000000, 6.205888851312659327 ) ) ;
#5089 = DIRECTION ( 'NONE',  ( 0.000000000000000000, 0.000000000000000000, -1.000000000000000000 ) ) ;
#5090 = EDGE_CURVE ( 'NONE', #4243, #4911, #5866, .T. ) ;
#5091 = AXIS2_PLACEMENT_3D ( 'NONE', #3914, #4412, #2333 ) ;
#5092 = ORIENTED_EDGE ( 'NONE', *, *, #6286, .F. ) ;
#5093 = DIRECTION ( 'NONE',  ( 0.9249892435672760760, 0.000000000000000000, 0.3799932884734130711 ) ) ;
#5094 = VERTEX_POINT ( 'NONE', #4333 ) ;
#5095 = VECTOR ( 'NONE', #2313, 999.9999999999998863 ) ;
#5096 = CARTESIAN_POINT ( 'NONE',  ( -8.966837034307406640, 2.147342056939914645, 4.086428952008274607 ) ) ;
#5097 = EDGE_CURVE ( 'NONE', #2352, #5497, #4914, .T. ) ;
#5098 = CARTESIAN_POINT ( 'NONE',  ( -1.539607852037001538E-13, 1.768578062440346432, -10.00000000000000000 ) ) ;
#5099 = DIRECTION ( 'NONE',  ( -0.000000000000000000, 1.000000000000000000, -0.000000000000000000 ) ) ;
#5100 = CIRCLE ( 'NONE', #3376, 2.000000000000000000 ) ;
#5101 = CARTESIAN_POINT ( 'NONE',  ( 8.884289160643646710, 2.181508697813368425, -4.592078116478122141 ) ) ;
#5102 = ADVANCED_FACE ( 'NONE', ( #6044 ), #4461, .T. ) ;
#5103 = VERTEX_POINT ( 'NONE', #6078 ) ;
#5104 = FACE_OUTER_BOUND ( 'NONE', #5155, .T. ) ;
#5105 = CARTESIAN_POINT ( 'NONE',  ( -9.932905682471172781, 2.500000000000000000, -1.156453502364842567 ) ) ;
#5106 = CARTESIAN_POINT ( 'NONE',  ( -0.5566365330722270466, 2.048945620300760773, -9.985236028452316503 ) ) ;
#5107 = CARTESIAN_POINT ( 'NONE',  ( -9.439495114672165954, 2.343452233630472392, -3.030017723230745919 ) ) ;
#5108 = CARTESIAN_POINT ( 'NONE',  ( 8.948211102191603317, 2.164537838121663338, 4.140859864539597979 ) ) ;
#5109 = CONICAL_SURFACE ( 'NONE', #5577, 7.500000000000000000, 1.396263401595466691 ) ;
#5110 = AXIS2_PLACEMENT_3D ( 'NONE', #5024, #4410, #530 ) ;
#5111 = CARTESIAN_POINT ( 'NONE',  ( 0.8789046617972537945, 2.456300505299522818, -9.885393354405113797 ) ) ;
#5112 = VERTEX_POINT ( 'NONE', #1695 ) ;
#5113 = CARTESIAN_POINT ( 'NONE',  ( -9.938409227484198638, 2.257089604130914307, 1.110773098972519080 ) ) ;
#5114 = AXIS2_PLACEMENT_3D ( 'NONE', #4400, #631, #3864 ) ;
#5115 = CARTESIAN_POINT ( 'NONE',  ( -6.368549229222990604, 2.500000000000000444, 7.611508121969579932 ) ) ;
#5116 = B_SPLINE_CURVE_WITH_KNOTS ( 'NONE', 3,
 ( #5918, #2143, #4280, #1525, #5951, #338, #3206, #2659, #4344, #1587, #3809, #884, #3104, #5306, #2009, #5772, #6857, #264 ),
 .UNSPECIFIED., .F., .F.,
 ( 4, 2, 2, 2, 2, 2, 2, 2, 4 ),
 ( 0.000000000000000000, 0.0001297744646122139713, 0.0002595489292244279426, 0.0005190978584488570779, 0.001038195716897717408, 0.001557293575346575896, 0.001816842504571006657, 0.001946616969183221279, 0.002076391433795436118 ),
 .UNSPECIFIED. ) ;
#5117 = CARTESIAN_POINT ( 'NONE',  ( -2.970974231079568817, 2.500000000000000444, 9.469254843656223386 ) ) ;
#5118 = DIRECTION ( 'NONE',  ( 0.9971414314842893534, 0.000000000000000000, 0.07555769727474784259 ) ) ;
#5119 = VERTEX_POINT ( 'NONE', #2171 ) ;
#5120 = CARTESIAN_POINT ( 'NONE',  ( -6.368549229222938202, 2.500000000000000444, -7.611508121969623453 ) ) ;
#5121 = ORIENTED_EDGE ( 'NONE', *, *, #3028, .F. ) ;
#5122 = DIRECTION ( 'NONE',  ( -0.000000000000000000, 1.000000000000000000, -0.000000000000000000 ) ) ;
#5123 = LINE ( 'NONE', #151, #6309 ) ;
#5124 = DIRECTION ( 'NONE',  ( 0.07555769727474684339, 0.000000000000000000, 0.9971414314842893534 ) ) ;
#5125 = FACE_OUTER_BOUND ( 'NONE', #3238, .T. ) ;
#5126 = CARTESIAN_POINT ( 'NONE',  ( 8.734252662744630413, 2.500000000000000444, -4.869582161062521841 ) ) ;
#5127 = EDGE_LOOP ( 'NONE', ( #4967, #2675 ) ) ;
#5128 = CARTESIAN_POINT ( 'NONE',  ( 4.626103053009366306, 10.00001200000000168, 8.297540029607414880 ) ) ;
#5129 = ORIENTED_EDGE ( 'NONE', *, *, #4909, .T. ) ;
#5130 = ORIENTED_EDGE ( 'NONE', *, *, #6739, .T. ) ;
#5131 = CARTESIAN_POINT ( 'NONE',  ( -9.026369566624413920, 2.134291405717181789, 3.924093166778649167 ) ) ;
#5132 = FACE_OUTER_BOUND ( 'NONE', #5147, .T. ) ;
#5133 = VERTEX_POINT ( 'NONE', #18 ) ;
#5134 = DIRECTION ( 'NONE',  ( 0.000000000000000000, 1.000000000000000000, 0.000000000000000000 ) ) ;
#5135 = DIRECTION ( 'NONE',  ( 0.000000000000000000, 0.000000000000000000, -1.000000000000000000 ) ) ;
#5136 = DIRECTION ( 'NONE',  ( 0.000000000000000000, -1.000000000000000000, 0.000000000000000000 ) ) ;
#5137 = ORIENTED_EDGE ( 'NONE', *, *, #6813, .F. ) ;
#5138 = PLANE ( 'NONE',  #303 ) ;
#5139 = CYLINDRICAL_SURFACE ( 'NONE', #6607, 0.5000000000000000000 ) ;
#5140 = CARTESIAN_POINT ( 'NONE',  ( 0.5565875801683189961, 2.048970607329060112, -9.985235750618224770 ) ) ;
#5141 = EDGE_CURVE ( 'NONE', #2824, #818, #2212, .T. ) ;
#5142 = EDGE_CURVE ( 'NONE', #4243, #6254, #5288, .T. ) ;
#5143 = CARTESIAN_POINT ( 'NONE',  ( -8.827410336412164327, 2.314916786199596732, -4.501324523359326868 ) ) ;
#5144 = CARTESIAN_POINT ( 'NONE',  ( -8.297540029607363365, 10.00000000000000000, 4.626103053009460453 ) ) ;
#5145 = EDGE_CURVE ( 'NONE', #2751, #919, #1620, .T. ) ;
#5146 = CARTESIAN_POINT ( 'NONE',  ( 2.931332810158201685, 2.051666420109249156, -9.561040643706663289 ) ) ;
#5147 = EDGE_LOOP ( 'NONE', ( #4736, #4874, #5448, #1551 ) ) ;
#5148 = LINE ( 'NONE', #177, #5431 ) ;
#5149 = CARTESIAN_POINT ( 'NONE',  ( -5.895594408746998916, 2.500000000000000000, -7.449293024680337716 ) ) ;
#5150 = CIRCLE ( 'NONE', #1785, 0.5000000000000000000 ) ;
#5151 = DIRECTION ( 'NONE',  ( 0.000000000000000000, 0.000000000000000000, 1.000000000000000000 ) ) ;
#5152 = DIRECTION ( 'NONE',  ( -0.000000000000000000, -1.000000000000000000, -0.000000000000000000 ) ) ;
#5153 = AXIS2_PLACEMENT_3D ( 'NONE', #5023, #6550, #5975 ) ;
#5154 = DIRECTION ( 'NONE',  ( -0.2362740077746010581, 0.000000000000000000, -0.9716864685947456115 ) ) ;
#5155 = EDGE_LOOP ( 'NONE', ( #6467, #383, #3774, #5077 ) ) ;
#5156 = CARTESIAN_POINT ( 'NONE',  ( 2.732734718791010486, 2.500000000000000444, -9.619363854055746899 ) ) ;
#5157 = EDGE_LOOP ( 'NONE', ( #4474, #3434, #4969, #4218 ) ) ;
#5158 = CARTESIAN_POINT ( 'NONE',  ( -9.436260398347620537, 10.00000000000000000, 1.098630827246533492 ) ) ;
#5159 = AXIS2_PLACEMENT_3D ( 'NONE', #5777, #339, #6968 ) ;
#5160 = DIRECTION ( 'NONE',  ( -0.000000000000000000, -1.000000000000000000, -0.000000000000000000 ) ) ;
#5161 = ADVANCED_FACE ( 'NONE', ( #6620 ), #2753, .T. ) ;
#5162 = CARTESIAN_POINT ( 'NONE',  ( 9.436260398347604550, 10.00000000000000000, 1.098630827246665609 ) ) ;
#5163 = EDGE_CURVE ( 'NONE', #600, #4324, #3869, .T. ) ;
#5164 = FACE_OUTER_BOUND ( 'NONE', #2258, .T. ) ;
#5165 = CIRCLE ( 'NONE', #3202, 0.4999999999999997224 ) ;
#5166 = CARTESIAN_POINT ( 'NONE',  ( -2.548403532281084960, 8.000000000000000000, -1.851523544721290326 ) ) ;
#5167 = ORIENTED_EDGE ( 'NONE', *, *, #3069, .T. ) ;
#5168 = VERTEX_POINT ( 'NONE', #565 ) ;
#5169 = ORIENTED_EDGE ( 'NONE', *, *, #1862, .F. ) ;
#5170 = CARTESIAN_POINT ( 'NONE',  ( -8.796570338259730448, 2.456216401094830637, 4.594978287206010314 ) ) ;
#5171 = CARTESIAN_POINT ( 'NONE',  ( 3.355012593856869341, 1.829075679051569425, 9.421228362309028270 ) ) ;
#5172 = ORIENTED_EDGE ( 'NONE', *, *, #1331, .T. ) ;
#5173 = VECTOR ( 'NONE', #975, 1000.000000000000000 ) ;
#5174 = DIRECTION ( 'NONE',  ( -0.000000000000000000, -1.000000000000000000, -0.000000000000000000 ) ) ;
#5175 = FACE_OUTER_BOUND ( 'NONE', #5266, .T. ) ;
#5176 = CARTESIAN_POINT ( 'NONE',  ( -6.205888851312683308, 2.371852820628066905, 7.841361078610836088 ) ) ;
#5177 = ORIENTED_EDGE ( 'NONE', *, *, #4826, .F. ) ;
#5178 = CARTESIAN_POINT ( 'NONE',  ( -1.276266388579325284, 8.000000000000000000, -2.504813822048897354 ) ) ;
#5179 = B_SPLINE_CURVE_WITH_KNOTS ( 'NONE', 3,
 ( #3108, #2565, #6055, #2229, #7177, #6748, #4501, #653, #2304, #6718, #6172, #4427, #6134, #6204, #2841, #1748, #2343, #1668 ),
 .UNSPECIFIED., .F., .F.,
 ( 4, 2, 2, 2, 2, 2, 2, 2, 4 ),
 ( 8.673617379884035472E-19, 0.0003765522689820503333, 0.0007531045379640997992, 0.001129656806946149374, 0.001506209075928198731, 0.001882761344910248089, 0.002259313613892297880, 0.002635865882874346804, 0.003012418151856395727 ),
 .UNSPECIFIED. ) ;
#5180 = DIRECTION ( 'NONE',  ( -0.000000000000000000, -1.000000000000000000, -0.000000000000000000 ) ) ;
#5181 = DIRECTION ( 'NONE',  ( 0.2732734718790877926, -0.000000000000000000, 0.9619363854055783536 ) ) ;
#5182 = CARTESIAN_POINT ( 'NONE',  ( 9.034166618178213426, 1.829075679051541448, 4.289462306013271942 ) ) ;
#5183 = AXIS2_PLACEMENT_3D ( 'NONE', #1796, #3478, #5135 ) ;
#5184 = EDGE_CURVE ( 'NONE', #6402, #379, #2016, .T. ) ;
#5185 = EDGE_CURVE ( 'NONE', #70, #2014, #6896, .T. ) ;
#5186 = CARTESIAN_POINT ( 'NONE',  ( 0.1711034888142190791, 2.134289031220173438, -9.840962589317538090 ) ) ;
#5187 = VERTEX_POINT ( 'NONE', #6765 ) ;
#5188 = FACE_OUTER_BOUND ( 'NONE', #4012, .T. ) ;
#5189 = DIRECTION ( 'NONE',  ( 0.000000000000000000, 0.000000000000000000, 1.000000000000000000 ) ) ;
#5190 = ADVANCED_FACE ( 'NONE', ( #1218 ), #167, .F. ) ;
#5191 = ADVANCED_FACE ( 'NONE', ( #4629 ), #5138, .T. ) ;
#5192 = DIRECTION ( 'NONE',  ( -1.000000000000000000, -1.734723475976807094E-15, 0.000000000000000000 ) ) ;
#5193 = VECTOR ( 'NONE', #902, 1000.000000000000000 ) ;
#5194 = CARTESIAN_POINT ( 'NONE',  ( 2.995828026329736549, 8.000000000000000000, -0.9734035322810845603 ) ) ;
#5195 = DIRECTION ( 'NONE',  ( 0.2362740077746034173, 0.000000000000000000, -0.9716864685947451674 ) ) ;
#5196 = ORIENTED_EDGE ( 'NONE', *, *, #3967, .T. ) ;
#5197 = CARTESIAN_POINT ( 'NONE',  ( 3.161911533876303082, 2.241156341101751881, -9.372706491370069060 ) ) ;
#5198 = EDGE_LOOP ( 'NONE', ( #3521, #346, #1023, #4536 ) ) ;
#5199 = AXIS2_PLACEMENT_3D ( 'NONE', #243, #3586, #1794 ) ;
#5200 = FACE_OUTER_BOUND ( 'NONE', #7034, .T. ) ;
#5201 = TOROIDAL_SURFACE ( 'NONE', #6358, 9.500000000000000000, 0.5000000000000000000 ) ;
#5202 = EDGE_CURVE ( 'NONE', #5207, #6530, #1460, .T. ) ;
#5203 = AXIS2_PLACEMENT_3D ( 'NONE', #4786, #2618, #5878 ) ;
#5204 = CARTESIAN_POINT ( 'NONE',  ( 0.000000000000000000, 10.00000000000000000, 0.000000000000000000 ) ) ;
#5205 = DIRECTION ( 'NONE',  ( 0.000000000000000000, 0.000000000000000000, 1.000000000000000000 ) ) ;
#5206 = ORIENTED_EDGE ( 'NONE', *, *, #6151, .T. ) ;
#5207 = VERTEX_POINT ( 'NONE', #5723 ) ;
#5208 = EDGE_LOOP ( 'NONE', ( #6315, #4353, #3177, #1667 ) ) ;
#5209 = AXIS2_PLACEMENT_3D ( 'NONE', #1110, #4366, #3947 ) ;
#5210 = DIRECTION ( 'NONE',  ( 0.000000000000000000, 0.000000000000000000, 1.000000000000000000 ) ) ;
#5211 = CARTESIAN_POINT ( 'NONE',  ( 3.095596099249348310, 2.279592747210338999, 9.406354823611817295 ) ) ;
#5212 = ORIENTED_EDGE ( 'NONE', *, *, #1167, .T. ) ;
#5213 = AXIS2_PLACEMENT_3D ( 'NONE', #148, #4102, #6239 ) ;
#5214 = CARTESIAN_POINT ( 'NONE',  ( -5.095752233843723986E-17, 10.00000000000000000, 11.68192517863507618 ) ) ;
#5215 = CARTESIAN_POINT ( 'NONE',  ( -0.4397714266284739049, 8.000000000000000000, -2.776607510986325522 ) ) ;
#5216 = CARTESIAN_POINT ( 'NONE',  ( -7.158925180614780892, 1.768517871363069371, 6.983228393756146346 ) ) ;
#5217 = AXIS2_PLACEMENT_3D ( 'NONE', #3289, #3894, #4433 ) ;
#5218 = ORIENTED_EDGE ( 'NONE', *, *, #1059, .F. ) ;
#5219 = DIRECTION ( 'NONE',  ( 0.000000000000000000, 0.000000000000000000, 1.000000000000000000 ) ) ;
#5220 = DIRECTION ( 'NONE',  ( 0.000000000000000000, 0.000000000000000000, 1.000000000000000000 ) ) ;
#5221 = CARTESIAN_POINT ( 'NONE',  ( -3.247483976280344464, 1.863989508453880450, -9.458681375157443227 ) ) ;
#5222 = VECTOR ( 'NONE', #750, 1000.000000000000114 ) ;
#5223 = DIRECTION ( 'NONE',  ( -0.5249775667251639355, 0.000000000000000000, 0.8511160640214271433 ) ) ;
#5224 = CARTESIAN_POINT ( 'NONE',  ( -9.172361082845696956, 2.139858412045545055, -3.577945097074418435 ) ) ;
#5225 = DIRECTION ( 'NONE',  ( -0.06224953160690814558, -0.000000000000000000, 0.9980606173047409380 ) ) ;
#5226 = EDGE_LOOP ( 'NONE', ( #2536, #5080, #6173 ) ) ;
#5227 = CARTESIAN_POINT ( 'NONE',  ( -2.548403532281083628, 8.000000000000000000, 1.851523544721290992 ) ) ;
#5228 = FACE_OUTER_BOUND ( 'NONE', #5815, .T. ) ;
#5229 = CARTESIAN_POINT ( 'NONE',  ( -9.619363842115276952, 2.376055744299683248, 2.732734760822062015 ) ) ;
#5230 = EDGE_CURVE ( 'NONE', #4483, #6253, #995, .T. ) ;
#5231 = DIRECTION ( 'NONE',  ( -8.673617379884035472E-16, 0.000000000000000000, 1.000000000000000000 ) ) ;
#5232 = CARTESIAN_POINT ( 'NONE',  ( -0.8470067704477864945, 2.377840714399285904, 9.883052937361805235 ) ) ;
#5233 = EDGE_LOOP ( 'NONE', ( #3144, #2241, #883 ) ) ;
#5234 = CARTESIAN_POINT ( 'NONE',  ( -8.297540029607333167, 9.500000000000000000, -4.626103053009515520 ) ) ;
#5235 = ORIENTED_EDGE ( 'NONE', *, *, #2083, .F. ) ;
#5236 = AXIS2_PLACEMENT_3D ( 'NONE', #753, #1882, #5684 ) ;
#5237 = CARTESIAN_POINT ( 'NONE',  ( 4.626103053009547494, 2.500000000000000000, -8.297540029607313627 ) ) ;
#5238 = CARTESIAN_POINT ( 'NONE',  ( -8.260368511126747748, 9.500000000000000000, 8.260368511126719326 ) ) ;
#5239 = AXIS2_PLACEMENT_3D ( 'NONE', #3095, #326, #189 ) ;
#5240 = DIRECTION ( 'NONE',  ( 0.000000000000000000, 0.000000000000000000, 1.000000000000000000 ) ) ;
#5241 = EDGE_LOOP ( 'NONE', ( #1330, #1207 ) ) ;
#5242 = DIRECTION ( 'NONE',  ( 0.000000000000000000, -1.000000000000000000, 0.000000000000000000 ) ) ;
#5243 = ORIENTED_EDGE ( 'NONE', *, *, #4951, .T. ) ;
#5244 = ORIENTED_EDGE ( 'NONE', *, *, #6452, .T. ) ;
#5245 = DIRECTION ( 'NONE',  ( -0.9249892435672766311, 0.000000000000000000, -0.3799932884734116278 ) ) ;
#5246 = CARTESIAN_POINT ( 'NONE',  ( 4.230707568575009070, 2.183694385698093487, 8.917333680704919274 ) ) ;
#5247 = ORIENTED_EDGE ( 'NONE', *, *, #5942, .T. ) ;
#5248 = CARTESIAN_POINT ( 'NONE',  ( -2.985568878361571699, 2.413741176464117899, 9.461918427558096312 ) ) ;
#5249 = PLANE ( 'NONE',  #79 ) ;
#5250 = EDGE_CURVE ( 'NONE', #768, #491, #1366, .T. ) ;
#5251 = DIRECTION ( 'NONE',  ( 0.3244301945785603714, 0.000000000000000000, 0.9459096409518815696 ) ) ;
#5252 = VERTEX_POINT ( 'NONE', #2900 ) ;
#5253 = DIRECTION ( 'NONE',  ( 0.000000000000000000, 1.000000000000000000, 0.000000000000000000 ) ) ;
#5254 = CARTESIAN_POINT ( 'NONE',  ( 1.098630827246564134, 2.500000000000000444, 9.936260398347616984 ) ) ;
#5255 = CARTESIAN_POINT ( 'NONE',  ( 9.138395661353005295, 9.500000000000000000, -2.596097982851297559 ) ) ;
#5256 = DIRECTION ( 'NONE',  ( -0.5249775667251619371, 0.000000000000000000, -0.8511160640214283646 ) ) ;
#5257 = EDGE_CURVE ( 'NONE', #1083, #6688, #134, .T. ) ;
#5258 = CARTESIAN_POINT ( 'NONE',  ( 0.000000000000000000, 10.00000000000000000, 0.000000000000000000 ) ) ;
#5259 = EDGE_CURVE ( 'NONE', #5588, #5133, #2737, .T. ) ;
#5260 = DIRECTION ( 'NONE',  ( -3.018418848199643713E-14, 0.000000000000000000, 1.000000000000000000 ) ) ;
#5261 = DIRECTION ( 'NONE',  ( 0.000000000000000000, 0.000000000000000000, 1.000000000000000000 ) ) ;
#5262 = DIRECTION ( 'NONE',  ( 0.8511160640214281425, 0.000000000000000000, -0.5249775667251623812 ) ) ;
#5263 = DIRECTION ( 'NONE',  ( 0.000000000000000000, 0.000000000000000000, 1.000000000000000000 ) ) ;
#5264 = DIRECTION ( 'NONE',  ( 0.000000000000000000, 0.000000000000000000, 1.000000000000000000 ) ) ;
#5265 = CARTESIAN_POINT ( 'NONE',  ( -0.1126389525482394266, 1.985975370094277270, 10.00001032960337710 ) ) ;
#5266 = EDGE_LOOP ( 'NONE', ( #2427, #2914, #2997, #5610 ) ) ;
#5267 = DIRECTION ( 'NONE',  ( 0.000000000000000000, -1.000000000000000000, 0.000000000000000000 ) ) ;
#5268 = ORIENTED_EDGE ( 'NONE', *, *, #5492, .F. ) ;
#5269 = DIRECTION ( 'NONE',  ( 0.000000000000000000, 0.000000000000000000, 1.000000000000000000 ) ) ;
#5270 = AXIS2_PLACEMENT_3D ( 'NONE', #4567, #1275, #3501 ) ;
#5271 = CARTESIAN_POINT ( 'NONE',  ( 2.548403532281085848, 0.000000000000000000, 1.851523544721291437 ) ) ;
#5272 = DIRECTION ( 'NONE',  ( 1.000000000000000000, 1.734723475976805517E-15, -0.000000000000000000 ) ) ;
#5273 = EDGE_LOOP ( 'NONE', ( #3972, #719, #2726, #4767 ) ) ;
#5274 = AXIS2_PLACEMENT_3D ( 'NONE', #3537, #6281, #1973 ) ;
#5275 = VERTEX_POINT ( 'NONE', #1799 ) ;
#5276 = ORIENTED_EDGE ( 'NONE', *, *, #1731, .T. ) ;
#5277 = EDGE_CURVE ( 'NONE', #5443, #956, #6188, .T. ) ;
#5278 = ADVANCED_FACE ( 'NONE', ( #5104 ), #4550, .T. ) ;
#5279 = CARTESIAN_POINT ( 'NONE',  ( 6.837644484988195437, 2.134286657244864660, 7.079576935034999963 ) ) ;
#5280 = EDGE_CURVE ( 'NONE', #5103, #6532, #2470, .T. ) ;
#5281 = EDGE_LOOP ( 'NONE', ( #2916, #3247, #1028, #563 ) ) ;
#5282 = EDGE_CURVE ( 'NONE', #3818, #411, #4346, .T. ) ;
#5283 = DIRECTION ( 'NONE',  ( 0.000000000000000000, 1.000000000000000000, 0.000000000000000000 ) ) ;
#5284 = AXIS2_PLACEMENT_3D ( 'NONE', #2478, #6884, #3058 ) ;
#5285 = DIRECTION ( 'NONE',  ( 0.000000000000000000, 0.000000000000000000, 1.000000000000000000 ) ) ;
#5286 = DIRECTION ( 'NONE',  ( -0.8734252662744651508, 3.030302627835214092E-15, 0.4869582161062484538 ) ) ;
#5287 = ORIENTED_EDGE ( 'NONE', *, *, #1576, .T. ) ;
#5288 = CIRCLE ( 'NONE', #1345, 0.5000000000000002220 ) ;
#5289 = LINE ( 'NONE', #1439, #2613 ) ;
#5290 = VECTOR ( 'NONE', #3362, 1000.000000000000114 ) ;
#5291 = CARTESIAN_POINT ( 'NONE',  ( -3.022413074353878404, 1.982312691401733051, 9.532992089188509155 ) ) ;
#5292 = CARTESIAN_POINT ( 'NONE',  ( 1.098630827246564134, 10.00001200000000168, 9.436260398347616984 ) ) ;
#5293 = DIRECTION ( 'NONE',  ( 0.000000000000000000, 0.000000000000000000, 1.000000000000000000 ) ) ;
#5294 = B_SPLINE_CURVE_WITH_KNOTS ( 'NONE', 3,
 ( #2167, #1572, #6003, #5389, #5967, #2648, #7051, #3225, #5458, #3261, #4843, #422, #5425, #488, #3759, #2126, #1001, #2830 ),
 .UNSPECIFIED., .F., .F.,
 ( 4, 2, 2, 2, 2, 2, 2, 2, 4 ),
 ( 8.673617379884035472E-19, 0.0003765522689820493575, 0.0007531045379640978477, 0.001129656806946146555, 0.001506209075928195478, 0.001882761344910244402, 0.002259313613892293109, 0.002635865882874342033, 0.003012418151856390957 ),
 .UNSPECIFIED. ) ;
#5295 = CARTESIAN_POINT ( 'NONE',  ( 9.191263844005472805, 1.768517871363070038, 3.941618638437791589 ) ) ;
#5296 = DIRECTION ( 'NONE',  ( 0.000000000000000000, -1.000000000000000000, 0.000000000000000000 ) ) ;
#5297 = PLANE ( 'NONE',  #1104 ) ;
#5298 = DIRECTION ( 'NONE',  ( 0.000000000000000000, 0.000000000000000000, 1.000000000000000000 ) ) ;
#5299 = FACE_OUTER_BOUND ( 'NONE', #5564, .T. ) ;
#5300 = DIRECTION ( 'NONE',  ( 0.000000000000000000, 1.000000000000000000, 0.000000000000000000 ) ) ;
#5301 = DIRECTION ( 'NONE',  ( 0.000000000000000000, -1.734723475976807094E-15, -1.000000000000000000 ) ) ;
#5302 = EDGE_CURVE ( 'NONE', #5303, #3064, #2397, .T. ) ;
#5303 = VERTEX_POINT ( 'NONE', #2975 ) ;
#5304 = CARTESIAN_POINT ( 'NONE',  ( 9.885393354405101363, 2.456298904871081046, 0.8789046617973584885 ) ) ;
#5305 = VERTEX_POINT ( 'NONE', #6264 ) ;
#5306 = CARTESIAN_POINT ( 'NONE',  ( 8.827500525282490074, 2.314666110110168429, -4.501049684337750989 ) ) ;
#5307 = AXIS2_PLACEMENT_3D ( 'NONE', #2784, #4983, #2244 ) ;
#5308 = CARTESIAN_POINT ( 'NONE',  ( -0.8789046617972543496, 2.500000000000000444, -9.885393354405108468 ) ) ;
#5309 = CARTESIAN_POINT ( 'NONE',  ( -2.043718524445536477, 8.000000000000000000, -1.260587625341246021 ) ) ;
#5310 = CARTESIAN_POINT ( 'NONE',  ( 7.449293024680357256, 9.500000000000000000, -5.895594408746972270 ) ) ;
#5311 = AXIS2_PLACEMENT_3D ( 'NONE', #3655, #6369, #1395 ) ;
#5312 = VERTEX_POINT ( 'NONE', #752 ) ;
#5313 = ORIENTED_EDGE ( 'NONE', *, *, #6428, .F. ) ;
#5314 = VERTEX_POINT ( 'NONE', #206 ) ;
#5315 = CARTESIAN_POINT ( 'NONE',  ( 6.320945513048101816, 2.410376625841593512, -7.750301776587024349 ) ) ;
#5316 = CIRCLE ( 'NONE', #2189, 9.500000000000000000 ) ;
#5317 = ORIENTED_EDGE ( 'NONE', *, *, #2037, .T. ) ;
#5318 = STYLED_ITEM ( 'NONE', ( #6308 ), #2431 ) ;
#5319 = CARTESIAN_POINT ( 'NONE',  ( -2.970974231079568817, 2.500000000000000444, 9.469254843656223386 ) ) ;
#5320 = EDGE_CURVE ( 'NONE', #4358, #4046, #1349, .T. ) ;
#5321 = CARTESIAN_POINT ( 'NONE',  ( -8.260368511126690905, 9.500000000000000000, -8.260368511126776170 ) ) ;
#5322 = CARTESIAN_POINT ( 'NONE',  ( 10.79269157286915615, 2.500000000000000444, 4.470479223992352757 ) ) ;
#5323 = AXIS2_PLACEMENT_3D ( 'NONE', #2437, #5905, #3085 ) ;
#5324 = VERTEX_POINT ( 'NONE', #1881 ) ;
#5325 = CARTESIAN_POINT ( 'NONE',  ( -9.436260398347618761, 9.500000000000000000, 1.098630827246531272 ) ) ;
#5326 = AXIS2_PLACEMENT_3D ( 'NONE', #6393, #734, #845 ) ;
#5327 = CARTESIAN_POINT ( 'NONE',  ( -3.238311324277248993, 1.867388762198195273, 9.461831679522402894 ) ) ;
#5328 = CARTESIAN_POINT ( 'NONE',  ( -2.596097982851400143, 9.500000000000000000, 9.138395661352978649 ) ) ;
#5329 = CARTESIAN_POINT ( 'NONE',  ( -2.504813822048899130, 8.000000000000000000, -1.276266388579321509 ) ) ;
#5330 = ADVANCED_FACE ( 'NONE', ( #4088 ), #6675, .F. ) ;
#5331 = CARTESIAN_POINT ( 'NONE',  ( -4.238971915910944688, 2.024441704241336293, -9.057951044157054099 ) ) ;
#5332 = VECTOR ( 'NONE', #6477, 1000.000000000000000 ) ;
#5333 = CARTESIAN_POINT ( 'NONE',  ( 10.79269157286915615, 10.00000000000000000, 4.470479223992352757 ) ) ;
#5334 = DIRECTION ( 'NONE',  ( 0.000000000000000000, -1.000000000000000000, 0.000000000000000000 ) ) ;
#5335 = AXIS2_PLACEMENT_3D ( 'NONE', #2936, #6330, #3625 ) ;
#5336 = DIRECTION ( 'NONE',  ( -0.6472324890273797315, 0.000000000000000000, 0.7622926637108760062 ) ) ;
#5337 = LINE ( 'NONE', #397, #677 ) ;
#5338 = CARTESIAN_POINT ( 'NONE',  ( -0.1012763761842776500, 2.134257748930265208, 9.840950097952873676 ) ) ;
#5339 = ORIENTED_EDGE ( 'NONE', *, *, #4949, .T. ) ;
#5340 = CARTESIAN_POINT ( 'NONE',  ( 3.353526346303931316, 1.829430187479028413, -9.421771089946133770 ) ) ;
#5341 = ORIENTED_EDGE ( 'NONE', *, *, #6551, .F. ) ;
#5342 = DIRECTION ( 'NONE',  ( 0.000000000000000000, 0.000000000000000000, 1.000000000000000000 ) ) ;
#5343 = CARTESIAN_POINT ( 'NONE',  ( -0.8789046617972535724, 9.500000000000000000, 9.885393354405108468 ) ) ;
#5344 = TOROIDAL_SURFACE ( 'NONE', #6251, 9.500000000000000000, 0.5000000000000000000 ) ;
#5345 = ORIENTED_EDGE ( 'NONE', *, *, #5184, .T. ) ;
#5346 = ORIENTED_EDGE ( 'NONE', *, *, #5019, .F. ) ;
#5347 = ORIENTED_EDGE ( 'NONE', *, *, #6472, .F. ) ;
#5348 = CARTESIAN_POINT ( 'NONE',  ( 6.612695775979709367, 1.867388762198125551, -7.502344536136426711 ) ) ;
#5349 = ORIENTED_EDGE ( 'NONE', *, *, #937, .F. ) ;
#5350 = CIRCLE ( 'NONE', #4303, 0.5000000000000003331 ) ;
#5351 = DIRECTION ( 'NONE',  ( -0.2732734718791048900, 1.668693630159320756E-15, 0.9619363854055735796 ) ) ;
#5352 = DIRECTION ( 'NONE',  ( 0.000000000000000000, 1.000000000000000000, 0.000000000000000000 ) ) ;
#5353 = VERTEX_POINT ( 'NONE', #787 ) ;
#5354 = CARTESIAN_POINT ( 'NONE',  ( 11.68192517863507618, 2.500000000000000444, 1.224126288112367485E-13 ) ) ;
#5355 = CARTESIAN_POINT ( 'NONE',  ( -4.706451233693548453, 2.321832774718708858, 8.824555314844543474 ) ) ;
#5356 = LINE ( 'NONE', #2580, #49 ) ;
#5357 = DIRECTION ( 'NONE',  ( 0.000000000000000000, -1.000000000000000000, -0.000000000000000000 ) ) ;
#5358 = CARTESIAN_POINT ( 'NONE',  ( 4.470479223992320783, 9.500000000000000000, -10.79269157286916858 ) ) ;
#5359 = FACE_OUTER_BOUND ( 'NONE', #6631, .T. ) ;
#5360 = EDGE_CURVE ( 'NONE', #6688, #3325, #1911, .T. ) ;
#5361 = EDGE_CURVE ( 'NONE', #727, #5, #2290, .T. ) ;
#5362 = CARTESIAN_POINT ( 'NONE',  ( -4.626103053009484434, 2.500000000000000000, 8.297540029607349155 ) ) ;
#5363 = EDGE_CURVE ( 'NONE', #6096, #1285, #418, .T. ) ;
#5364 = EDGE_CURVE ( 'NONE', #535, #4614, #4471, .T. ) ;
#5365 = FACE_OUTER_BOUND ( 'NONE', #4343, .T. ) ;
#5366 = LINE ( 'NONE', #2105, #1592 ) ;
#5367 = CARTESIAN_POINT ( 'NONE',  ( 9.870053336883946926, 2.242932669926582800, 0.6742980716537674279 ) ) ;
#5368 = ORIENTED_EDGE ( 'NONE', *, *, #3966, .T. ) ;
#5369 = CARTESIAN_POINT ( 'NONE',  ( -7.449293024680273767, 2.500000000000000444, -5.895594408747077964 ) ) ;
#5370 = FACE_OUTER_BOUND ( 'NONE', #4269, .T. ) ;
#5371 = ORIENTED_EDGE ( 'NONE', *, *, #6685, .F. ) ;
#5372 = EDGE_LOOP ( 'NONE', ( #1365, #6326, #2973, #582 ) ) ;
#5373 = ORIENTED_EDGE ( 'NONE', *, *, #6871, .T. ) ;
#5374 = EDGE_CURVE ( 'NONE', #3212, #698, #1795, .T. ) ;
#5375 = CARTESIAN_POINT ( 'NONE',  ( 7.160420963995097310, 1.768515498480453418, -6.981733318280782363 ) ) ;
#5376 = ORIENTED_EDGE ( 'NONE', *, *, #1982, .F. ) ;
#5377 = EDGE_CURVE ( 'NONE', #1159, #2461, #6411, .T. ) ;
#5378 = CARTESIAN_POINT ( 'NONE',  ( -3.030017723230713944, 2.343452233630472836, 9.439495114672178389 ) ) ;
#5379 = DIRECTION ( 'NONE',  ( 0.000000000000000000, 0.000000000000000000, 1.000000000000000000 ) ) ;
#5380 = AXIS2_PLACEMENT_3D ( 'NONE', #585, #36, #2883 ) ;
#5381 = VECTOR ( 'NONE', #458, 1000.000000000000000 ) ;
#5382 = CARTESIAN_POINT ( 'NONE',  ( -4.470479223992246176, 2.500000000000000444, 10.79269157286920411 ) ) ;
#5383 = ORIENTED_EDGE ( 'NONE', *, *, #246, .T. ) ;
#5384 = TOROIDAL_SURFACE ( 'NONE', #6651, 1.500000000000000000, 0.5000000000000000000 ) ;
#5385 = CARTESIAN_POINT ( 'NONE',  ( 7.841361078610768587, 2.371852820628066461, 6.205888851312767684 ) ) ;
#5386 = CARTESIAN_POINT ( 'NONE',  ( -3.956182678658364704, 2.139924804626960775, 9.015711933060110539 ) ) ;
#5387 = VECTOR ( 'NONE', #2728, 1000.000000000000000 ) ;
#5388 = DIRECTION ( 'NONE',  ( 0.000000000000000000, 6.938893903907222067E-15, 1.000000000000000000 ) ) ;
#5389 = CARTESIAN_POINT ( 'NONE',  ( 6.367050236799755680, 2.051666420109250044, -7.711477259033378218 ) ) ;
#5390 = FACE_OUTER_BOUND ( 'NONE', #4691, .T. ) ;
#5391 = AXIS2_PLACEMENT_3D ( 'NONE', #3910, #1656, #1111 ) ;
#5392 = CIRCLE ( 'NONE', #2286, 2.500000000000000444 ) ;
#5393 = DIRECTION ( 'NONE',  ( 0.000000000000000000, 0.000000000000000000, 1.000000000000000000 ) ) ;
#5394 = ORIENTED_EDGE ( 'NONE', *, *, #4496, .T. ) ;
#5395 = PLANE ( 'NONE',  #124 ) ;
#5396 = CARTESIAN_POINT ( 'NONE',  ( -0.8557725552098477406, 1.982312691401814764, -9.963963684112144392 ) ) ;
#5397 = CARTESIAN_POINT ( 'NONE',  ( 10.79269157286925029, 2.500000000000000444, -4.470479223992127160 ) ) ;
#5398 = AXIS2_PLACEMENT_3D ( 'NONE', #317, #4199, #4807 ) ;
#5399 = LINE ( 'NONE', #1008, #4155 ) ;
#5400 = CARTESIAN_POINT ( 'NONE',  ( -0.1814307967061928317, 0.000000000000000000, -2.394357833393303991 ) ) ;
#5401 = EDGE_CURVE ( 'NONE', #6144, #194, #5289, .T. ) ;
#5402 =( BOUNDED_SURFACE ( )  B_SPLINE_SURFACE ( 3, 2, ( 
 ( #286, #6912, #4166 ),
 ( #6375, #3447, #5646 ),
 ( #420, #6514, #971 ),
 ( #7016, #1440, #4739 ),
 ( #6983, #2645, #5291 ),
 ( #6948, #2124, #5327 ),
 ( #4228, #389, #4808 ),
 ( #5964, #3660, #999 ),
 ( #906, #4325, #3730 ),
 ( #3222, #3188, #1510 ),
 ( #5386, #5833, #5869 ),
 ( #2054, #6450, #5423 ),
 ( #3123, #864, #6412 ),
 ( #4841, #4878, #452 ),
 ( #356, #2578, #7048 ),
 ( #1538, #5355, #7083 ),
 ( #3157, #1402, #4778 ),
 ( #2676, #5935, #2023 ) ),
 .UNSPECIFIED., .F., .F., .T. ) 
 B_SPLINE_SURFACE_WITH_KNOTS ( ( 4, 2, 2, 2, 2, 2, 2, 2, 4 ),
 ( 3, 3 ),
 ( 0.000000000000000000, 0.0003645422052340770548, 0.0007290844104681541097, 0.001093626615702231273, 0.001458168820936308219, 0.001822711026170385383, 0.002187253231404462546, 0.002551795436638539492, 0.002916337641872616439 ),
 ( 0.000000000000000000, 1.000000000000000000 ),
 .UNSPECIFIED. ) 
 GEOMETRIC_REPRESENTATION_ITEM ( )  RATIONAL_B_SPLINE_SURFACE ( (
 ( 1.000000000000000000, 0.9595359398070247847, 1.000000000000000000),
 ( 1.000000000000000000, 0.9595833763010275241, 1.000000000000000000),
 ( 1.000000000000000000, 0.9570685609626607970, 1.000000000000000000),
 ( 1.000000000000000000, 0.9488880332095510628, 1.000000000000000000),
 ( 1.000000000000000000, 0.9432547151588626111, 1.000000000000000000),
 ( 1.000000000000000000, 0.9321826025349226885, 1.000000000000000000),
 ( 1.000000000000000000, 0.9268523530654366738, 1.000000000000000000),
 ( 1.000000000000000000, 0.9192073681285701792, 1.000000000000000000),
 ( 1.000000000000000000, 0.9170514797511380989, 1.000000000000000000),
 ( 1.000000000000000000, 0.9170288608893327753, 1.000000000000000000),
 ( 1.000000000000000000, 0.9192260099103976012, 1.000000000000000000),
 ( 1.000000000000000000, 0.9267996068665790288, 1.000000000000000000),
 ( 1.000000000000000000, 0.9321812854750027855, 1.000000000000000000),
 ( 1.000000000000000000, 0.9432160661325502682, 1.000000000000000000),
 ( 1.000000000000000000, 0.9488445939139391605, 1.000000000000000000),
 ( 1.000000000000000000, 0.9570263305979660462, 1.000000000000000000),
 ( 1.000000000000000000, 0.9595878455022631703, 1.000000000000000000),
 ( 1.000000000000000000, 0.9595359398070243406, 1.000000000000000000) ) ) 
 REPRESENTATION_ITEM ( '' )  SURFACE ( )  );
#5403 = EDGE_CURVE ( 'NONE', #6406, #5119, #4230, .T. ) ;
#5404 = CARTESIAN_POINT ( 'NONE',  ( 3.859535732301826005, 2.134257748930206589, -9.053095584707936183 ) ) ;
#5405 = ORIENTED_EDGE ( 'NONE', *, *, #2190, .T. ) ;
#5406 = CARTESIAN_POINT ( 'NONE',  ( 0.000000000000000000, -4.000000000000000000, -7.500000000000015099 ) ) ;
#5407 = EDGE_CURVE ( 'NONE', #5958, #6888, #6653, .T. ) ;
#5408 = CARTESIAN_POINT ( 'NONE',  ( 6.908873745391272969, 1.992783053389741932, 7.230516001408626714 ) ) ;
#5409 = EDGE_CURVE ( 'NONE', #3325, #4673, #4737, .T. ) ;
#5410 = ORIENTED_EDGE ( 'NONE', *, *, #5257, .F. ) ;
#5412 = EDGE_LOOP ( 'NONE', ( #442, #6744, #6937, #507 ) ) ;
#5411 = VECTOR ( 'NONE', #520, 1000.000000000000000 ) ;
#5413 = VERTEX_POINT ( 'NONE', #905 ) ;
#5414 = CARTESIAN_POINT ( 'NONE',  ( 6.450700701127932035, 2.181508697813313358, -7.642397253626286968 ) ) ;
#5415 = ORIENTED_EDGE ( 'NONE', *, *, #1929, .F. ) ;
#5416 = ADVANCED_FACE ( 'NONE', ( #6481 ), #2145, .T. ) ;
#5417 = DIRECTION ( 'NONE',  ( 0.000000000000000000, -1.000000000000000000, 0.000000000000000000 ) ) ;
#5418 = CIRCLE ( 'NONE', #6807, 0.4999999999999992228 ) ;
#5419 = DIRECTION ( 'NONE',  ( 0.000000000000000000, 1.000000000000000000, 0.000000000000000000 ) ) ;
#5420 = CARTESIAN_POINT ( 'NONE',  ( -7.536785282756063964, 2.314916786199594956, 6.432881416101488448 ) ) ;
#5421 = ORIENTED_EDGE ( 'NONE', *, *, #2893, .F. ) ;
#5422 = AXIS2_PLACEMENT_3D ( 'NONE', #4854, #1450, #2656 ) ;
#5423 = CARTESIAN_POINT ( 'NONE',  ( -4.289462306013308357, 1.829075679051493042, 9.034166618178197439 ) ) ;
#5424 = CARTESIAN_POINT ( 'NONE',  ( 8.297540029607397116, 9.500000000000000000, -4.626103053009394728 ) ) ;
#5425 = CARTESIAN_POINT ( 'NONE',  ( 7.495923812460098645, 1.863989508453880672, -6.619964632136756677 ) ) ;
#5426 = CARTESIAN_POINT ( 'NONE',  ( -3.615968364881947839, 1.992783053389794556, -9.324037261860089743 ) ) ;
#5427 = VECTOR ( 'NONE', #6952, 1000.000000000000000 ) ;
#5428 = DIRECTION ( 'NONE',  ( 0.000000000000000000, -1.000000000000000000, -0.000000000000000000 ) ) ;
#5429 = DIRECTION ( 'NONE',  ( -0.9971414314842892423, 0.000000000000000000, -0.07555769727474857811 ) ) ;
#5430 = DIRECTION ( 'NONE',  ( 0.5249775667251639355, 0.000000000000000000, -0.8511160640214271433 ) ) ;
#5431 = VECTOR ( 'NONE', #5033, 1000.000000000000000 ) ;
#5432 = LINE ( 'NONE', #4207, #3499 ) ;
#5433 = AXIS2_PLACEMENT_3D ( 'NONE', #2297, #1157, #3344 ) ;
#5434 = DIRECTION ( 'NONE',  ( 0.000000000000000000, 0.000000000000000000, 1.000000000000000000 ) ) ;
#5435 = CARTESIAN_POINT ( 'NONE',  ( 0.000000000000000000, 9.500000000000000000, 0.000000000000000000 ) ) ;
#5436 = CARTESIAN_POINT ( 'NONE',  ( 4.511883185549197428, 2.127032157860169193, -8.925391867974733273 ) ) ;
#5437 = VECTOR ( 'NONE', #1031, 1000.000000000000000 ) ;
#5438 = ORIENTED_EDGE ( 'NONE', *, *, #6752, .F. ) ;
#5439 = LINE ( 'NONE', #2597, #2974 ) ;
#5440 = EDGE_CURVE ( 'NONE', #6876, #6733, #2505, .T. ) ;
#5441 = AXIS2_PLACEMENT_3D ( 'NONE', #5681, #6261, #4663 ) ;
#5442 = CARTESIAN_POINT ( 'NONE',  ( 7.584466575834628799, 2.127336489724590773, 6.518869136509507278 ) ) ;
#5443 = VERTEX_POINT ( 'NONE', #3629 ) ;
#5444 = ORIENTED_EDGE ( 'NONE', *, *, #5998, .T. ) ;
#5445 = ORIENTED_EDGE ( 'NONE', *, *, #895, .F. ) ;
#5446 = CARTESIAN_POINT ( 'NONE',  ( 7.611508121969647434, 2.500000000000000444, -6.368549229222909780 ) ) ;
#5447 = EDGE_CURVE ( 'NONE', #2501, #1159, #3086, .T. ) ;
#5448 = ORIENTED_EDGE ( 'NONE', *, *, #1633, .F. ) ;
#5449 = VERTEX_POINT ( 'NONE', #4227 ) ;
#5450 = CARTESIAN_POINT ( 'NONE',  ( -9.469254843656234044, 10.00001200000000168, 2.970974231079531513 ) ) ;
#5451 = CARTESIAN_POINT ( 'NONE',  ( -7.449293024680273767, 9.500000000000000000, -5.895594408747078852 ) ) ;
#5452 = AXIS2_PLACEMENT_3D ( 'NONE', #4448, #6661, #1697 ) ;
#5453 = CARTESIAN_POINT ( 'NONE',  ( 2.221104420305842542, 8.000000000000000000, 0.9124482025973593702 ) ) ;
#5454 = EDGE_LOOP ( 'NONE', ( #1471, #3737, #1125 ) ) ;
#5455 = AXIS2_PLACEMENT_3D ( 'NONE', #6680, #2668, #4430 ) ;
#5456 = CYLINDRICAL_SURFACE ( 'NONE', #10, 2.000000000000000000 ) ;
#5457 = CARTESIAN_POINT ( 'NONE',  ( 9.999989585984216944, 1.986052934431125072, -0.1144902525311860125 ) ) ;
#5458 = CARTESIAN_POINT ( 'NONE',  ( 6.981771384884035037, 1.768638744481565883, -7.160346141787901963 ) ) ;
#5459 = DIRECTION ( 'NONE',  ( 0.000000000000000000, 1.000000000000000000, 0.000000000000000000 ) ) ;
#5460 = CARTESIAN_POINT ( 'NONE',  ( 0.5566365330722341520, 2.048945620300760329, 9.985236028452421309 ) ) ;
#5461 = ORIENTED_EDGE ( 'NONE', *, *, #6272, .F. ) ;
#5462 = CARTESIAN_POINT ( 'NONE',  ( -9.840963537470319267, 2.134291405717180901, 0.1711472729025647621 ) ) ;
#5463 = FACE_OUTER_BOUND ( 'NONE', #5578, .T. ) ;
#5464 =( NAMED_UNIT ( * ) SI_UNIT ( $, .STERADIAN. ) SOLID_ANGLE_UNIT ( ) );
#5465 = EDGE_CURVE ( 'NONE', #1455, #5890, #5903, .T. ) ;
#5466 = AXIS2_PLACEMENT_3D ( 'NONE', #3964, #738, #5632 ) ;
#5467 = CARTESIAN_POINT ( 'NONE',  ( -8.260368511126690905, 2.500000000000000444, -8.260368511126776170 ) ) ;
#5468 = FACE_OUTER_BOUND ( 'NONE', #6202, .T. ) ;
#5469 = EDGE_CURVE ( 'NONE', #6197, #161, #511, .T. ) ;
#5470 = CARTESIAN_POINT ( 'NONE',  ( -9.332649232411208473, 1.779361857681297066, -3.594033116304607756 ) ) ;
#5471 = CARTESIAN_POINT ( 'NONE',  ( 0.000000000000000000, 9.500000000000000000, 0.000000000000000000 ) ) ;
#5472 = DIRECTION ( 'NONE',  ( 0.000000000000000000, 0.000000000000000000, 1.000000000000000000 ) ) ;
#5473 = VERTEX_POINT ( 'NONE', #942 ) ;
#5474 = DIRECTION ( 'NONE',  ( 0.000000000000000000, -0.7071067811865436870, -0.7071067811865513475 ) ) ;
#5475 = EDGE_CURVE ( 'NONE', #91, #5252, #2053, .T. ) ;
#5476 = CARTESIAN_POINT ( 'NONE',  ( -9.981440441647267292, 1.863989508453880672, -0.6193966764491916077 ) ) ;
#5477 = ORIENTED_EDGE ( 'NONE', *, *, #1630, .T. ) ;
#5478 = EDGE_LOOP ( 'NONE', ( #1380, #5786, #2604, #4715 ) ) ;
#5479 = CARTESIAN_POINT ( 'NONE',  ( 7.454194763269710755, 2.048970607329085425, -6.667061058747194124 ) ) ;
#5480 = ORIENTED_EDGE ( 'NONE', *, *, #1290, .F. ) ;
#5481 = ORIENTED_EDGE ( 'NONE', *, *, #33, .T. ) ;
#5482 = PLANE ( 'NONE',  #3005 ) ;
#5483 = CARTESIAN_POINT ( 'NONE',  ( -2.995828026329734328, 8.000000000000000000, -0.9734035322810845603 ) ) ;
#5484 = CARTESIAN_POINT ( 'NONE',  ( -6.502847312616747644, 2.242561475665995285, 7.455440619228441257 ) ) ;
#5485 = EDGE_CURVE ( 'NONE', #1285, #5527, #5961, .T. ) ;
#5486 = ORIENTED_EDGE ( 'NONE', *, *, #4627, .T. ) ;
#5487 = EDGE_CURVE ( 'NONE', #6747, #354, #5971, .T. ) ;
#5488 = DIRECTION ( 'NONE',  ( -0.7841361078610914470, 0.000000000000000000, 0.6205888851312588717 ) ) ;
#5489 = EDGE_LOOP ( 'NONE', ( #1231, #4187, #647, #7072 ) ) ;
#5490 = ADVANCED_FACE ( 'NONE', ( #6094 ), #3929, .T. ) ;
#5491 = CARTESIAN_POINT ( 'NONE',  ( -0.8789046617972534614, 2.500000000000000444, 9.885393354405108468 ) ) ;
#5492 = EDGE_CURVE ( 'NONE', #5889, #4903, #6634, .T. ) ;
#5493 = CARTESIAN_POINT ( 'NONE',  ( 9.932905682471186992, 2.500000000000000444, -1.156453502364702013 ) ) ;
#5494 = AXIS2_PLACEMENT_3D ( 'NONE', #730, #292, #1309 ) ;
#5495 = DIRECTION ( 'NONE',  ( 0.000000000000000000, -1.000000000000000000, 0.000000000000000000 ) ) ;
#5496 = CARTESIAN_POINT ( 'NONE',  ( 8.734252704686007007, 2.377026804319511299, -4.869582085834999852 ) ) ;
#5497 = VERTEX_POINT ( 'NONE', #5002 ) ;
#5498 = LINE ( 'NONE', #5643, #3813 ) ;
#5499 = CIRCLE ( 'NONE', #5159, 0.5000000000000000000 ) ;
#5500 = DIRECTION ( 'NONE',  ( -0.8511160640214272544, 0.000000000000000000, -0.5249775667251637135 ) ) ;
#5501 = CARTESIAN_POINT ( 'NONE',  ( -5.095752233843723986E-17, 9.500000000000000000, 9.681925178635076179 ) ) ;
#5502 = CARTESIAN_POINT ( 'NONE',  ( -4.594171655381705577, 1.975531022569854356, 8.882927013875280053 ) ) ;
#5503 = CARTESIAN_POINT ( 'NONE',  ( 0.000000000000000000, 9.500000000000000000, 0.000000000000000000 ) ) ;
#5504 = EDGE_CURVE ( 'NONE', #3248, #5314, #5042, .T. ) ;
#5505 = FACE_OUTER_BOUND ( 'NONE', #5530, .T. ) ;
#5506 = CARTESIAN_POINT ( 'NONE',  ( 9.439495114672144638, 2.343452233630472836, 3.030017723230804982 ) ) ;
#5507 = CIRCLE ( 'NONE', #1680, 0.4999999999999995559 ) ;
#5508 = CARTESIAN_POINT ( 'NONE',  ( -2.504813822048898242, 0.000000000000000000, 1.276266388579324840 ) ) ;
#5509 = VERTEX_POINT ( 'NONE', #1129 ) ;
#5510 = LINE ( 'NONE', #4497, #4341 ) ;
#5511 = VECTOR ( 'NONE', #3557, 1000.000000000000114 ) ;
#5512 = CARTESIAN_POINT ( 'NONE',  ( 7.841361078610773916, 2.500000000000000444, 6.205888851312768573 ) ) ;
#5513 = VERTEX_POINT ( 'NONE', #5516 ) ;
#5514 = CARTESIAN_POINT ( 'NONE',  ( -7.841361025160023424, 2.377026804319551712, -6.205888918849688629 ) ) ;
#5515 = ORIENTED_EDGE ( 'NONE', *, *, #1584, .T. ) ;
#5516 = CARTESIAN_POINT ( 'NONE',  ( -4.470479223978639283, 2.293003971270598296, -8.837551326252590655 ) ) ;
#5517 = ORIENTED_EDGE ( 'NONE', *, *, #4559, .T. ) ;
#5518 = CARTESIAN_POINT ( 'NONE',  ( -9.436260398347622314, 9.500000000000000000, 1.098630827246531272 ) ) ;
#5519 = CARTESIAN_POINT ( 'NONE',  ( -6.368549229222937313, 2.500000000000000444, -7.611508121969626117 ) ) ;
#5520 = CARTESIAN_POINT ( 'NONE',  ( 1.987831504145224137, 8.000000000000000000, 1.987831504145222805 ) ) ;
#5521 = CARTESIAN_POINT ( 'NONE',  ( -9.297048667841398384, 2.183709232977730341, 3.313989850241857216 ) ) ;
#5522 = CARTESIAN_POINT ( 'NONE',  ( -6.508004840427696003, 2.241156341101758542, 7.449240532993962383 ) ) ;
#5523 = VECTOR ( 'NONE', #6923, 1000.000000000000000 ) ;
#5524 = CYLINDRICAL_SURFACE ( 'NONE', #1622, 0.5000000000000004441 ) ;
#5525 = ORIENTED_EDGE ( 'NONE', *, *, #2377, .T. ) ;
#5526 = CARTESIAN_POINT ( 'NONE',  ( -8.878359725471316466, 1.981868317978686678, -4.602995496167447520 ) ) ;
#5527 = VERTEX_POINT ( 'NONE', #4429 ) ;
#5528 = CARTESIAN_POINT ( 'NONE',  ( -0.7805779098894857215, 2.314916786199594512, 9.878046053678069427 ) ) ;
#5529 = CARTESIAN_POINT ( 'NONE',  ( 4.592078116478148786, 2.181508697813395958, 8.884289160643556116 ) ) ;
#5530 = EDGE_LOOP ( 'NONE', ( #6728, #1721, #4766, #5827 ) ) ;
#5531 = VECTOR ( 'NONE', #1106, 1000.000000000000000 ) ;
#5532 = EDGE_CURVE ( 'NONE', #3748, #3147, #7110, .T. ) ;
#5533 = CARTESIAN_POINT ( 'NONE',  ( 9.999986698273104935, 1.768641139221981406, -0.1284310849189124470 ) ) ;
#5534 = FACE_BOUND ( 'NONE', #4549, .T. ) ;
#5535 = CARTESIAN_POINT ( 'NONE',  ( 8.796570334834241223, 2.438513403071532526, -4.594978232283735586 ) ) ;
#5536 = EDGE_LOOP ( 'NONE', ( #6473, #4543, #6205, #5603 ) ) ;
#5537 = CIRCLE ( 'NONE', #2306, 0.5000000000000004441 ) ;
#5538 = DIRECTION ( 'NONE',  ( 0.000000000000000000, -1.000000000000000000, 0.000000000000000000 ) ) ;
#5539 = CARTESIAN_POINT ( 'NONE',  ( 0.8789046617972521291, 9.500000000000000000, 9.885393354405108468 ) ) ;
#5540 = CARTESIAN_POINT ( 'NONE',  ( -0.7402789226335428907, 2.279919447647845043, -9.875015954859550860 ) ) ;
#5541 = EDGE_CURVE ( 'NONE', #4247, #2344, #3194, .T. ) ;
#5542 = AXIS2_PLACEMENT_3D ( 'NONE', #3663, #4265, #5872 ) ;
#5543 = DIRECTION ( 'NONE',  ( 6.938893903907227392E-16, 0.000000000000000000, 1.000000000000000000 ) ) ;
#5544 = CARTESIAN_POINT ( 'NONE',  ( -9.529230687413255296, 2.181508697813394626, -3.035051535613015439 ) ) ;
#5545 = AXIS2_PLACEMENT_3D ( 'NONE', #2003, #2592, #7061 ) ;
#5546 = CARTESIAN_POINT ( 'NONE',  ( -8.796570338259732225, 2.500000000000000444, 4.594978287206008538 ) ) ;
#5547 = FACE_OUTER_BOUND ( 'NONE', #5682, .T. ) ;
#5548 = VECTOR ( 'NONE', #3599, 1000.000000000000000 ) ;
#5549 = FACE_OUTER_BOUND ( 'NONE', #4285, .T. ) ;
#5550 = VERTEX_POINT ( 'NONE', #3357 ) ;
#5551 = CARTESIAN_POINT ( 'NONE',  ( -9.869222397742538178, 2.240934156756750006, -0.6649917147100213866 ) ) ;
#5552 = AXIS2_PLACEMENT_3D ( 'NONE', #5783, #2043, #304 ) ;
#5553 = EDGE_CURVE ( 'NONE', #4483, #3995, #1093, .T. ) ;
#5554 = CARTESIAN_POINT ( 'NONE',  ( 7.502344536136377862, 1.867388762198125551, 6.612695775979767099 ) ) ;
#5555 = TOROIDAL_SURFACE ( 'NONE', #7053, 2.500000000000000000, 0.5000000000000000000 ) ;
#5556 = ORIENTED_EDGE ( 'NONE', *, *, #6551, .T. ) ;
#5557 = CARTESIAN_POINT ( 'NONE',  ( 1.260587625341246687, 0.000000000000000000, -2.043718524445536033 ) ) ;
#5558 = ORIENTED_EDGE ( 'NONE', *, *, #246, .F. ) ;
#5559 = CARTESIAN_POINT ( 'NONE',  ( 6.891745755504229187, 1.779448407880939387, 7.247002898594095299 ) ) ;
#5560 = CARTESIAN_POINT ( 'NONE',  ( -9.885393354405104915, 9.500000000000000000, -0.8789046617972879893 ) ) ;
#5561 = EDGE_LOOP ( 'NONE', ( #2353, #5882, #6367, #2699 ) ) ;
#5562 = AXIS2_PLACEMENT_3D ( 'NONE', #203, #5719, #5830 ) ;
#5563 = EDGE_CURVE ( 'NONE', #3147, #6060, #2962, .T. ) ;
#5564 = EDGE_LOOP ( 'NONE', ( #2525, #1467, #5247, #7098 ) ) ;
#5565 = CARTESIAN_POINT ( 'NONE',  ( 1.107361165272789272, 2.249659137499898875, 9.938811613925521371 ) ) ;
#5566 = DIRECTION ( 'NONE',  ( -0.000000000000000000, 1.000000000000000000, -0.000000000000000000 ) ) ;
#5567 = CARTESIAN_POINT ( 'NONE',  ( 0.000000000000000000, 9.500000000000000000, 0.000000000000000000 ) ) ;
#5568 = EDGE_LOOP ( 'NONE', ( #1389, #2270, #4768, #6821 ) ) ;
#5569 = CARTESIAN_POINT ( 'NONE',  ( -8.734252662744561135, 2.500000000000000444, -4.869582161062644410 ) ) ;
#5570 = ORIENTED_EDGE ( 'NONE', *, *, #1117, .F. ) ;
#5571 = CARTESIAN_POINT ( 'NONE',  ( -2.776607510986325966, 0.000000000000000000, 0.4397714266284747930 ) ) ;
#5572 = CARTESIAN_POINT ( 'NONE',  ( 4.565129932703110072, 2.378544800989002450, 8.806444720498300072 ) ) ;
#5573 = EDGE_LOOP ( 'NONE', ( #3512, #2491, #3626, #1140 ) ) ;
#5574 = CARTESIAN_POINT ( 'NONE',  ( 9.990691563217543703, 2.024215165943680006, 0.4485839205771500748 ) ) ;
#5575 = CARTESIAN_POINT ( 'NONE',  ( 4.869582161062682601, 2.500000000000000000, -8.734252662744541595 ) ) ;
#5576 = CARTESIAN_POINT ( 'NONE',  ( 9.189634587520492559, 1.768641139221982073, -3.945484083995213442 ) ) ;
#5577 = AXIS2_PLACEMENT_3D ( 'NONE', #6492, #4851, #5977 ) ;
#5578 = EDGE_LOOP ( 'NONE', ( #3179, #5172, #1532, #6146 ) ) ;
#5579 = AXIS2_PLACEMENT_3D ( 'NONE', #3128, #5334, #2682 ) ;
#5580 = CARTESIAN_POINT ( 'NONE',  ( -9.848044610950887900, 2.147145517465060660, -0.3433206859913316977 ) ) ;
#5581 = CARTESIAN_POINT ( 'NONE',  ( -8.260368511126690905, 2.500000000000000444, -8.260368511126776170 ) ) ;
#5582 = DIRECTION ( 'NONE',  ( 0.9619363854055792418, 0.000000000000000000, -0.2732734718790845729 ) ) ;
#5583 = CARTESIAN_POINT ( 'NONE',  ( -9.461831679522390459, 1.867388762198075147, -3.238311324277282743 ) ) ;
#5584 = CIRCLE ( 'NONE', #6506, 0.4999999999999993894 ) ;
#5585 = PRODUCT_RELATED_PRODUCT_CATEGORY ( 'part', '', ( #1179 ) ) ;
#5586 = ADVANCED_FACE ( 'NONE', ( #1201 ), #4466, .T. ) ;
#5587 = DIRECTION ( 'NONE',  ( 0.000000000000000000, 1.000000000000000000, 0.000000000000000000 ) ) ;
#5588 = VERTEX_POINT ( 'NONE', #1165 ) ;
#5589 = CARTESIAN_POINT ( 'NONE',  ( 4.594978287205911727, 2.500000000000000444, 8.796570338259785515 ) ) ;
#5590 = CARTESIAN_POINT ( 'NONE',  ( -9.883093623299805230, 2.378544800989028651, 0.8475496155052594238 ) ) ;
#5591 = ADVANCED_FACE ( 'NONE', ( #3398 ), #74, .T. ) ;
#5592 = ADVANCED_FACE ( 'NONE', ( #4503 ), #2265, .T. ) ;
#5593 = LINE ( 'NONE', #3423, #5801 ) ;
#5594 = ORIENTED_EDGE ( 'NONE', *, *, #3763, .T. ) ;
#5595 = CARTESIAN_POINT ( 'NONE',  ( -7.502344536136477338, 1.867388762198151309, -6.612695775979653412 ) ) ;
#5596 = VERTEX_POINT ( 'NONE', #655 ) ;
#5597 = CARTESIAN_POINT ( 'NONE',  ( 0.000000000000000000, 10.00000000000000000, 0.000000000000000000 ) ) ;
#5598 =( LENGTH_UNIT ( ) NAMED_UNIT ( * ) SI_UNIT ( .MILLI., .METRE. ) );
#5599 = ORIENTED_EDGE ( 'NONE', *, *, #1604, .T. ) ;
#5600 = CARTESIAN_POINT ( 'NONE',  ( -8.917333680704841115, 2.183694385698149887, 4.230707568574999300 ) ) ;
#5601 = DIRECTION ( 'NONE',  ( -0.7622926637108761172, 0.000000000000000000, -0.6472324890273797315 ) ) ;
#5602 = CARTESIAN_POINT ( 'NONE',  ( -4.344083193790301500, 2.221967066347261710, -8.879146912201994368 ) ) ;
#5603 = ORIENTED_EDGE ( 'NONE', *, *, #1018, .F. ) ;
#5604 = CARTESIAN_POINT ( 'NONE',  ( -0.4984729358709660274, 1.827180535951931750, -9.988341300992908955 ) ) ;
#5605 = EDGE_LOOP ( 'NONE', ( #3651, #4064, #3110, #4189 ) ) ;
#5606 = DIRECTION ( 'NONE',  ( 0.000000000000000000, -1.000000000000000000, -0.000000000000000000 ) ) ;
#5607 = CARTESIAN_POINT ( 'NONE',  ( 9.932905692431633682, 2.377026804319490427, -1.156453416813346680 ) ) ;
#5608 = CARTESIAN_POINT ( 'NONE',  ( 9.238422349479496082E-16, 9.500000000000000000, -7.543744331762958666 ) ) ;
#5609 = DIRECTION ( 'NONE',  ( 0.5249775667251633804, 0.000000000000000000, -0.8511160640214274764 ) ) ;
#5610 = ORIENTED_EDGE ( 'NONE', *, *, #3990, .F. ) ;
#5611 = FACE_OUTER_BOUND ( 'NONE', #2695, .T. ) ;
#5612 = DIRECTION ( 'NONE',  ( 0.000000000000000000, 1.000000000000000000, 0.000000000000000000 ) ) ;
#5613 = B_SPLINE_CURVE_WITH_KNOTS ( 'NONE', 3,
 ( #6033, #6609, #1065, #2237, #3860, #4434, #1172, #3403, #6644, #1681, #3895, #5602, #80, #2314 ),
 .UNSPECIFIED., .F., .F.,
 ( 4, 2, 2, 2, 2, 2, 4 ),
 ( 0.000000000000000000, 0.0002276354469423961635, 0.0004552708938847923269, 0.0009105417877695819433, 0.001365812681654371506, 0.001593448128596765528, 0.001821083575539159116 ),
 .UNSPECIFIED. ) ;
#5614 = CYLINDRICAL_SURFACE ( 'NONE', #5817, 2.000000000000000000 ) ;
#5615 = CARTESIAN_POINT ( 'NONE',  ( 0.6649917147099779768, 2.240934156756764661, -9.869222397742527519 ) ) ;
#5616 = CARTESIAN_POINT ( 'NONE',  ( -4.869582161062615100, 2.500000000000000000, 8.734252662744577123 ) ) ;
#5617 = CARTESIAN_POINT ( 'NONE',  ( 8.827410336412130576, 2.314916786199594956, 4.501324523359382823 ) ) ;
#5618 = AXIS2_PLACEMENT_3D ( 'NONE', #4163, #6374, #3121 ) ;
#5619 = DIRECTION ( 'NONE',  ( 0.000000000000000000, 0.000000000000000000, 1.000000000000000000 ) ) ;
#5620 = ORIENTED_EDGE ( 'NONE', *, *, #1959, .T. ) ;
#5621 = SPHERICAL_SURFACE ( 'NONE', #6659, 0.5000000000000000000 ) ;
#5622 = AXIS2_PLACEMENT_3D ( 'NONE', #2444, #6306, #4138 ) ;
#5623 = EDGE_CURVE ( 'NONE', #3579, #1598, #1782, .T. ) ;
#5624 = DIRECTION ( 'NONE',  ( 0.000000000000000000, -1.000000000000000000, 0.000000000000000000 ) ) ;
#5625 = ORIENTED_EDGE ( 'NONE', *, *, #2623, .F. ) ;
#5626 = ADVANCED_FACE ( 'NONE', ( #6206 ), #699, .T. ) ;
#5627 = VECTOR ( 'NONE', #3522, 999.9999999999998863 ) ;
#5628 = CARTESIAN_POINT ( 'NONE',  ( -7.449240532993941066, 2.241156341101758542, -6.508004840427721760 ) ) ;
#5629 = ORIENTED_EDGE ( 'NONE', *, *, #1609, .F. ) ;
#5630 = AXIS2_PLACEMENT_3D ( 'NONE', #77, #1716, #2310 ) ;
#5631 = DIRECTION ( 'NONE',  ( -0.2362740077746005030, 0.000000000000000000, -0.9716864685947457225 ) ) ;
#5632 = DIRECTION ( 'NONE',  ( -0.8511160640214275874, 0.000000000000000000, -0.5249775667251631583 ) ) ;
#5633 = EDGE_CURVE ( 'NONE', #1438, #1879, #5123, .T. ) ;
#5634 = CARTESIAN_POINT ( 'NONE',  ( -7.502303277451168206, 1.867418461490395254, 6.612736535335002941 ) ) ;
#5635 = CYLINDRICAL_SURFACE ( 'NONE', #5552, 0.5000000000000000000 ) ;
#5636 = ORIENTED_EDGE ( 'NONE', *, *, #283, .T. ) ;
#5637 = VERTEX_POINT ( 'NONE', #6892 ) ;
#5638 = CARTESIAN_POINT ( 'NONE',  ( -9.376782963239405078, 2.242932669926582800, 3.154135701372582812 ) ) ;
#5639 = DIRECTION ( 'NONE',  ( -1.000000000000000000, -3.469446951953611033E-15, 0.000000000000000000 ) ) ;
#5640 = CARTESIAN_POINT ( 'NONE',  ( -4.470479223992169793, 9.500000000000000000, -8.792691572869230754 ) ) ;
#5641 = CARTESIAN_POINT ( 'NONE',  ( 8.947791336897543246, 2.164715090713880574, -4.142024133190932211 ) ) ;
#5642 = ORIENTED_EDGE ( 'NONE', *, *, #196, .F. ) ;
#5643 = CARTESIAN_POINT ( 'NONE',  ( 2.995828026329736549, 8.000000000000000000, -0.9734035322810845603 ) ) ;
#5644 = DIRECTION ( 'NONE',  ( 0.6472324890273780662, 0.000000000000000000, 0.7622926637108774495 ) ) ;
#5645 = VECTOR ( 'NONE', #6578, 1000.000000000000000 ) ;
#5646 = CARTESIAN_POINT ( 'NONE',  ( -2.732734801641721223, 2.377026804319530395, 9.619363830518947722 ) ) ;
#5647 = CARTESIAN_POINT ( 'NONE',  ( 1.156453502364807484, 2.500000000000000888, -9.932905682471176334 ) ) ;
#5648 = DIRECTION ( 'NONE',  ( 0.000000000000000000, 1.000000000000000000, -0.000000000000000000 ) ) ;
#5649 = DIRECTION ( 'NONE',  ( 1.000000000000000000, 0.000000000000000000, 0.000000000000000000 ) ) ;
#5650 = AXIS2_PLACEMENT_3D ( 'NONE', #5424, #3087, #421 ) ;
#5651 = CARTESIAN_POINT ( 'NONE',  ( 4.869582161062682601, 2.500000000000000000, -8.734252662744541595 ) ) ;
#5652 = ORIENTED_EDGE ( 'NONE', *, *, #3958, .F. ) ;
#5653 = CARTESIAN_POINT ( 'NONE',  ( 7.079576935034976870, 2.134286657244864216, -6.837644484988220306 ) ) ;
#5654 = CARTESIAN_POINT ( 'NONE',  ( -9.987987790097395902, 1.829075679051581194, -0.5057205400017410479 ) ) ;
#5655 = DIRECTION ( 'NONE',  ( 0.000000000000000000, 1.000000000000000000, 0.000000000000000000 ) ) ;
#5656 = VECTOR ( 'NONE', #5242, 1000.000000000000000 ) ;
#5657 = ORIENTED_EDGE ( 'NONE', *, *, #4424, .T. ) ;
#5658 = CARTESIAN_POINT ( 'NONE',  ( -6.886989335207021945, 2.134257748930184828, -7.030215759954891119 ) ) ;
#5659 = AXIS2_PLACEMENT_3D ( 'NONE', #1387, #4724, #4764 ) ;
#5660 = ORIENTED_EDGE ( 'NONE', *, *, #2838, .F. ) ;
#5661 = DIRECTION ( 'NONE',  ( -0.000000000000000000, -1.000000000000000000, -0.000000000000000000 ) ) ;
#5662 = FACE_OUTER_BOUND ( 'NONE', #7074, .T. ) ;
#5663 = AXIS2_PLACEMENT_3D ( 'NONE', #377, #271, #4825 ) ;
#5664 = CARTESIAN_POINT ( 'NONE',  ( -9.501588311015401800, 2.127032157860377914, 3.120821918168942943 ) ) ;
#5665 = CARTESIAN_POINT ( 'NONE',  ( -7.725205082552013991, 2.321832774718918468, 6.351745126530040864 ) ) ;
#5666 = CARTESIAN_POINT ( 'NONE',  ( 3.032607996840824605, 1.975531022569853468, 9.529747859751850569 ) ) ;
#5667 = VECTOR ( 'NONE', #21, 1000.000000000000000 ) ;
#5668 = VERTEX_POINT ( 'NONE', #3065 ) ;
#5669 = FACE_OUTER_BOUND ( 'NONE', #6501, .T. ) ;
#5670 = ORIENTED_EDGE ( 'NONE', *, *, #6739, .F. ) ;
#5671 = ORIENTED_EDGE ( 'NONE', *, *, #231, .T. ) ;
#5672 = EDGE_CURVE ( 'NONE', #3491, #1226, #633, .T. ) ;
#5673 = TOROIDAL_SURFACE ( 'NONE', #6139, 1.500000000000000000, 0.5000000000000000000 ) ;
#5674 = CARTESIAN_POINT ( 'NONE',  ( -8.801702682749269258, 2.413741176464116123, 4.579470683571290834 ) ) ;
#5675 = CARTESIAN_POINT ( 'NONE',  ( 4.869582085835391538, 2.377026804319530395, 8.734252704685790292 ) ) ;
#5676 = ORIENTED_EDGE ( 'NONE', *, *, #4958, .T. ) ;
#5677 = DIRECTION ( 'NONE',  ( 0.000000000000000000, 0.000000000000000000, 1.000000000000000000 ) ) ;
#5678 = CARTESIAN_POINT ( 'NONE',  ( 2.596097982851460539, 10.00000000000000000, -9.138395661352959110 ) ) ;
#5679 =( BOUNDED_SURFACE ( )  B_SPLINE_SURFACE ( 3, 2, ( 
 ( #2200, #3787, #4391 ),
 ( #2276, #6606, #3254 ),
 ( #1719, #481, #1643 ),
 ( #2702, #1092, #3323 ),
 ( #5522, #550, #6789 ),
 ( #6318, #1354, #662 ),
 ( #6284, #4612, #775 ),
 ( #6826, #1316, #2349 ),
 ( #3577, #2959, #1865 ),
 ( #1786, #4507, #3968 ),
 ( #5743, #814, #2888 ),
 ( #2924, #6208, #2454 ),
 ( #4000, #2418, #5634 ),
 ( #4573, #3037, #4541 ),
 ( #3540, #1821, #117 ),
 ( #78, #5665, #6725 ),
 ( #190, #703, #5782 ),
 ( #6755, #1754, #5088 ) ),
 .UNSPECIFIED., .F., .F., .T. ) 
 B_SPLINE_SURFACE_WITH_KNOTS ( ( 4, 2, 2, 2, 2, 2, 2, 2, 4 ),
 ( 3, 3 ),
 ( 0.000000000000000000, 0.0003645422052340786812, 0.0007290844104681573623, 0.001093626615702236043, 0.001458168820936314725, 0.001822711026170393406, 0.002187253231404472087, 0.002551795436638550768, 0.002916337641872629449 ),
 ( 0.000000000000000000, 1.000000000000000000 ),
 .UNSPECIFIED. ) 
 GEOMETRIC_REPRESENTATION_ITEM ( )  RATIONAL_B_SPLINE_SURFACE ( (
 ( 1.000000000000000000, 0.9595359398070241186, 1.000000000000000000),
 ( 1.000000000000000000, 0.9595833763010066519, 1.000000000000000000),
 ( 1.000000000000000000, 0.9570685609626877755, 1.000000000000000000),
 ( 1.000000000000000000, 0.9488880332095236403, 1.000000000000000000),
 ( 1.000000000000000000, 0.9432547151588753787, 1.000000000000000000),
 ( 1.000000000000000000, 0.9321826025349083666, 1.000000000000000000),
 ( 1.000000000000000000, 0.9268523530654826370, 1.000000000000000000),
 ( 1.000000000000000000, 0.9192073681285226616, 1.000000000000000000),
 ( 1.000000000000000000, 0.9170514797511305494, 1.000000000000000000),
 ( 1.000000000000000000, 0.9170288608893385485, 1.000000000000000000),
 ( 1.000000000000000000, 0.9192260099104109239, 1.000000000000000000),
 ( 1.000000000000000000, 0.9267996068665652620, 1.000000000000000000),
 ( 1.000000000000000000, 0.9321812854750022304, 1.000000000000000000),
 ( 1.000000000000000000, 0.9432160661325497131, 1.000000000000000000),
 ( 1.000000000000000000, 0.9488445939139453777, 1.000000000000000000),
 ( 1.000000000000000000, 0.9570263305979587187, 1.000000000000000000),
 ( 1.000000000000000000, 0.9595878455022686104, 1.000000000000000000),
 ( 1.000000000000000000, 0.9595359398070241186, 1.000000000000000000) ) ) 
 REPRESENTATION_ITEM ( '' )  SURFACE ( )  );
#5680 = TOROIDAL_SURFACE ( 'NONE', #2569, 2.500000000000000000, 0.5000000000000000000 ) ;
#5681 = CARTESIAN_POINT ( 'NONE',  ( 0.9124482025973564836, 8.000000000000000000, 2.221104420305848315 ) ) ;
#5682 = EDGE_LOOP ( 'NONE', ( #4585, #1530, #2476, #6211, #1887, #6981, #195, #5212, #4205, #1507, #3435, #6757, #5032, #5982, #5383, #3965, #991, #4419, #1198, #1972, #441, #6565, #472, #1858, #2690, #733, #3076, #1561, #1496, #2079, #1464, #4726, #1938, #149, #3908 ) ) ;
#5683 = CARTESIAN_POINT ( 'NONE',  ( -10.79269157286918812, 10.00001200000000168, -4.470479223992283480 ) ) ;
#5684 = DIRECTION ( 'NONE',  ( 0.000000000000000000, 0.000000000000000000, 1.000000000000000000 ) ) ;
#5685 = CARTESIAN_POINT ( 'NONE',  ( -8.796570338259703803, 2.500000000000000444, -4.594978287206065382 ) ) ;
#5686 = CARTESIAN_POINT ( 'NONE',  ( 9.138655792787924170, 1.779849606445623733, 4.062095968912843524 ) ) ;
#5687 = AXIS2_PLACEMENT_3D ( 'NONE', #7055, #4306, #5976 ) ;
#5688 = CARTESIAN_POINT ( 'NONE',  ( 4.058000729357116754, 1.779448407880940497, -9.140450790375654222 ) ) ;
#5689 = ORIENTED_EDGE ( 'NONE', *, *, #6553, .T. ) ;
#5690 = CARTESIAN_POINT ( 'NONE',  ( 4.532184927350010106, 2.343452233630471504, 8.817277085773898904 ) ) ;
#5691 = EDGE_CURVE ( 'NONE', #3153, #1173, #51, .T. ) ;
#5692 = LINE ( 'NONE', #4096, #6542 ) ;
#5693 = ADVANCED_FACE ( 'NONE', ( #849 ), #4690, .F. ) ;
#5694 = CIRCLE ( 'NONE', #2583, 0.5000000000000001110 ) ;
#5695 = CARTESIAN_POINT ( 'NONE',  ( -7.393314632472657522, 2.212746796842762542, -6.556373006456586161 ) ) ;
#5696 = FILL_AREA_STYLE ('',( #6276 ) ) ;
#5697 = CARTESIAN_POINT ( 'NONE',  ( 1.098630827246567243, 10.00000000000000000, 9.436260398347616984 ) ) ;
#5698 = ORIENTED_EDGE ( 'NONE', *, *, #5541, .T. ) ;
#5699 = CARTESIAN_POINT ( 'NONE',  ( 4.869582161062490755, 9.500000000000000000, 8.734252662744646400 ) ) ;
#5700 = ORIENTED_EDGE ( 'NONE', *, *, #1833, .F. ) ;
#5701 = CARTESIAN_POINT ( 'NONE',  ( -10.79269157286921654, 2.500000000000000444, 4.470479223992207096 ) ) ;
#5702 = CARTESIAN_POINT ( 'NONE',  ( 0.000000000000000000, 9.500000000000000000, 0.000000000000000000 ) ) ;
#5703 = CARTESIAN_POINT ( 'NONE',  ( 0.000000000000000000, 0.000000000000000000, 0.000000000000000000 ) ) ;
#5704 = CARTESIAN_POINT ( 'NONE',  ( 9.932905682471165676, 10.00000000000000000, 1.156453502364911623 ) ) ;
#5705 = CARTESIAN_POINT ( 'NONE',  ( -9.324037261860183889, 1.992783053389687753, 3.615968364881899877 ) ) ;
#5706 = LINE ( 'NONE', #3431, #6248 ) ;
#5707 = CARTESIAN_POINT ( 'NONE',  ( 1.830433831214382412, 8.000000000000000000, 1.554148821017840687 ) ) ;
#5708 = ORIENTED_EDGE ( 'NONE', *, *, #4438, .T. ) ;
#5709 = CARTESIAN_POINT ( 'NONE',  ( -9.885393354405110244, 10.00001200000000168, 0.8789046617972168240 ) ) ;
#5710 = ORIENTED_EDGE ( 'NONE', *, *, #2662, .T. ) ;
#5711 = ORIENTED_EDGE ( 'NONE', *, *, #3811, .F. ) ;
#5712 = FACE_OUTER_BOUND ( 'NONE', #862, .T. ) ;
#5713 = CARTESIAN_POINT ( 'NONE',  ( 4.238971915910895838, 2.024441704241394024, 9.057951044156970610 ) ) ;
#5714 = VERTEX_POINT ( 'NONE', #1897 ) ;
#5715 = LINE ( 'NONE', #2861, #212 ) ;
#5716 = ADVANCED_FACE ( 'NONE', ( #771 ), #2414, .F. ) ;
#5717 = LINE ( 'NONE', #6294, #2646 ) ;
#5718 = EDGE_CURVE ( 'NONE', #5889, #828, #5499, .T. ) ;
#5719 = DIRECTION ( 'NONE',  ( 0.000000000000000000, 1.000000000000000000, 0.000000000000000000 ) ) ;
#5720 = EDGE_CURVE ( 'NONE', #5513, #1669, #6538, .T. ) ;
#5721 = ORIENTED_EDGE ( 'NONE', *, *, #6754, .F. ) ;
#5722 = EDGE_CURVE ( 'NONE', #2571, #2878, #754, .T. ) ;
#5723 = CARTESIAN_POINT ( 'NONE',  ( 1.156453502364804375, 2.500000000000000444, 9.932905682471176334 ) ) ;
#5724 = FACE_OUTER_BOUND ( 'NONE', #5605, .T. ) ;
#5725 = CARTESIAN_POINT ( 'NONE',  ( -3.943489008538239027, 1.768638744481567215, -9.190461521628852992 ) ) ;
#5726 = CARTESIAN_POINT ( 'NONE',  ( 9.053095584707916643, 2.134257748930223908, 3.859535732301823341 ) ) ;
#5727 = CARTESIAN_POINT ( 'NONE',  ( 0.7805838793071180337, 2.314921835386979154, -9.878046505511253628 ) ) ;
#5728 = ORIENTED_EDGE ( 'NONE', *, *, #437, .F. ) ;
#5729 = DIRECTION ( 'NONE',  ( -1.000000000000000000, -3.469446951953611033E-15, 0.000000000000000000 ) ) ;
#5730 = DIRECTION ( 'NONE',  ( -0.000000000000000000, 1.000000000000000000, -0.000000000000000000 ) ) ;
#5731 = ADVANCED_FACE ( 'NONE', ( #6860 ), #294, .T. ) ;
#5732 = DIRECTION ( 'NONE',  ( -1.000000000000000000, 0.000000000000000000, 0.000000000000000000 ) ) ;
#5733 = SURFACE_SIDE_STYLE ('',( #842 ) ) ;
#5734 = AXIS2_PLACEMENT_3D ( 'NONE', #5354, #5867, #3852 ) ;
#5735 = CARTESIAN_POINT ( 'NONE',  ( 0.9734035322810951074, 8.000000000000000000, -2.995828026329730776 ) ) ;
#5736 = ORIENTED_EDGE ( 'NONE', *, *, #3989, .F. ) ;
#5737 = PLANE ( 'NONE',  #4380 ) ;
#5738 = EDGE_LOOP ( 'NONE', ( #4236, #990, #637, #5004, #2412, #184, #2456, #2210, #4643, #3619, #1051, #6828, #2744, #5670, #5169, #2707, #5121, #2842, #6500, #670, #1244, #7004, #3750, #5371, #4193, #5787, #1109, #541, #1340, #2045, #6672, #2490, #3062, #478, #6166, #6113, #1383, #2358, #6603, #6856 ) ) ;
#5739 = CARTESIAN_POINT ( 'NONE',  ( 0.000000000000000000, 10.00000000000000000, 0.000000000000000000 ) ) ;
#5740 = CARTESIAN_POINT ( 'NONE',  ( 0.000000000000000000, 9.500000000000000000, 0.000000000000000000 ) ) ;
#5741 = AXIS2_PLACEMENT_3D ( 'NONE', #3175, #2186, #5883 ) ;
#5742 = DIRECTION ( 'NONE',  ( 0.000000000000000000, 0.000000000000000000, -1.000000000000000000 ) ) ;
#5743 = CARTESIAN_POINT ( 'NONE',  ( -7.105199791446562330, 2.139924804626919475, 6.815466159439692362 ) ) ;
#5744 = VECTOR ( 'NONE', #3267, 1000.000000000000000 ) ;
#5745 = CYLINDRICAL_SURFACE ( 'NONE', #1147, 0.4999999999999995559 ) ;
#5746 = CIRCLE ( 'NONE', #5849, 0.5000000000000000000 ) ;
#5747 = ORIENTED_EDGE ( 'NONE', *, *, #954, .T. ) ;
#5748 = CARTESIAN_POINT ( 'NONE',  ( -0.9124482025973585930, 0.000000000000000000, 2.221104420305843430 ) ) ;
#5749 = VERTEX_POINT ( 'NONE', #6356 ) ;
#5750 = LINE ( 'NONE', #4658, #3050 ) ;
#5751 = CARTESIAN_POINT ( 'NONE',  ( 3.722773453796036858, 1.985975370094173353, 9.281909929401386705 ) ) ;
#5752 = ORIENTED_EDGE ( 'NONE', *, *, #6914, .F. ) ;
#5753 = AXIS2_PLACEMENT_3D ( 'NONE', #1400, #6058, #1989 ) ;
#5754 = CARTESIAN_POINT ( 'NONE',  ( -2.333234819276243766, 8.000000000000000000, 0.5673463196692546395 ) ) ;
#5755 = CARTESIAN_POINT ( 'NONE',  ( -6.709852692988546252, 1.827366529454476973, 7.415746258787051737 ) ) ;
#5756 = ORIENTED_EDGE ( 'NONE', *, *, #2399, .T. ) ;
#5757 = ADVANCED_FACE ( 'NONE', ( #5200 ), #3311, .T. ) ;
#5758 = CARTESIAN_POINT ( 'NONE',  ( 1.098630827246563912, 9.500000000000000000, 9.436260398347616984 ) ) ;
#5759 = CARTESIAN_POINT ( 'NONE',  ( 6.368549229223043895, 2.500000000000000444, -7.611508121969533747 ) ) ;
#5760 = CARTESIAN_POINT ( 'NONE',  ( -2.995828026329734328, 0.000000000000000000, -0.9734035322810845603 ) ) ;
#5761 = DIRECTION ( 'NONE',  ( 0.000000000000000000, 1.000000000000000000, 0.000000000000000000 ) ) ;
#5762 = CIRCLE ( 'NONE', #3912, 2.000000000000000000 ) ;
#5763 = DIRECTION ( 'NONE',  ( 7.105427357601001859E-15, 0.000000000000000000, 1.000000000000000000 ) ) ;
#5764 = VERTEX_POINT ( 'NONE', #2958 ) ;
#5765 = DIRECTION ( 'NONE',  ( 0.000000000000000000, 1.000000000000000000, 0.000000000000000000 ) ) ;
#5766 = EDGE_CURVE ( 'NONE', #837, #5637, #1212, .T. ) ;
#5767 = CARTESIAN_POINT ( 'NONE',  ( -1.830433831214381746, 8.000000000000000000, -1.554148821017840243 ) ) ;
#5768 = CARTESIAN_POINT ( 'NONE',  ( -5.095752233843723986E-17, 10.00001200000000168, 9.681925178635076179 ) ) ;
#5769 = DIRECTION ( 'NONE',  ( -0.9249892435672767421, 0.000000000000000000, 0.3799932884734115168 ) ) ;
#5770 = CARTESIAN_POINT ( 'NONE',  ( -0.6290186756683102676, 1.867418461490393256, 9.980840368339201518 ) ) ;
#5771 = ORIENTED_EDGE ( 'NONE', *, *, #7079, .T. ) ;
#5772 = CARTESIAN_POINT ( 'NONE',  ( 8.801702682749306561, 2.413741176464117011, -4.579470683571224221 ) ) ;
#5773 = CARTESIAN_POINT ( 'NONE',  ( -6.205888885575337355, 2.376055744299668593, -7.841361051494344814 ) ) ;
#5774 = VERTEX_POINT ( 'NONE', #5158 ) ;
#5776 = DIRECTION ( 'NONE',  ( 0.000000000000000000, 0.000000000000000000, 1.000000000000000000 ) ) ;
#5775 = VECTOR ( 'NONE', #6442, 1000.000000000000114 ) ;
#5777 = CARTESIAN_POINT ( 'NONE',  ( -9.138395661352966215, 2.500000000000000444, -2.596097982851432562 ) ) ;
#5778 = EDGE_CURVE ( 'NONE', #4305, #6526, #4104, .T. ) ;
#5779 = CYLINDRICAL_SURFACE ( 'NONE', #3673, 0.5000000000000000000 ) ;
#5780 = VECTOR ( 'NONE', #3200, 1000.000000000000000 ) ;
#5781 = AXIS2_PLACEMENT_3D ( 'NONE', #6523, #6990, #2723 ) ;
#5782 = CARTESIAN_POINT ( 'NONE',  ( -7.841361051494608603, 2.376055744299526484, 6.205888885575004288 ) ) ;
#5783 = CARTESIAN_POINT ( 'NONE',  ( 9.138395661353003518, 10.00000000000000000, -2.596097982851299335 ) ) ;
#5784 = ORIENTED_EDGE ( 'NONE', *, *, #895, .T. ) ;
#5785 = CARTESIAN_POINT ( 'NONE',  ( 4.594978287206101797, 9.500000000000000000, -8.796570338259684263 ) ) ;
#5786 = ORIENTED_EDGE ( 'NONE', *, *, #5044, .T. ) ;
#5787 = ORIENTED_EDGE ( 'NONE', *, *, #4780, .F. ) ;
#5788 = EDGE_CURVE ( 'NONE', #3676, #7028, #2027, .T. ) ;
#5789 = CARTESIAN_POINT ( 'NONE',  ( 4.594978287206101797, 2.456927468042358509, -8.796570338259686039 ) ) ;
#5790 = CARTESIAN_POINT ( 'NONE',  ( 2.911939321413941961, 2.321832774718788794, 9.567866486750920885 ) ) ;
#5791 = ORIENTED_EDGE ( 'NONE', *, *, #9, .F. ) ;
#5792 = AXIS2_PLACEMENT_3D ( 'NONE', #4960, #5587, #5619 ) ;
#5793 = DIRECTION ( 'NONE',  ( -0.000000000000000000, -1.000000000000000000, -0.000000000000000000 ) ) ;
#5794 = FACE_OUTER_BOUND ( 'NONE', #1168, .T. ) ;
#5795 = DIRECTION ( 'NONE',  ( -0.9459096409518816806, 0.000000000000000000, 0.3244301945785603158 ) ) ;
#5796 = AXIS2_PLACEMENT_3D ( 'NONE', #6277, #5655, #2837 ) ;
#5797 = ORIENTED_EDGE ( 'NONE', *, *, #5401, .F. ) ;
#5798 = DIRECTION ( 'NONE',  ( 0.000000000000000000, 0.000000000000000000, 1.000000000000000000 ) ) ;
#5799 = CARTESIAN_POINT ( 'NONE',  ( -1.098630827246567243, 9.500000000000000000, 9.436260398347616984 ) ) ;
#5800 = CARTESIAN_POINT ( 'NONE',  ( -4.283506727573469064, 1.827366529454477417, -9.036978801079078139 ) ) ;
#5801 = VECTOR ( 'NONE', #5624, 1000.000000000000000 ) ;
#5802 = CARTESIAN_POINT ( 'NONE',  ( -4.626103053009482657, 2.500000000000000444, 8.797540029607349155 ) ) ;
#5803 = CARTESIAN_POINT ( 'NONE',  ( 3.710169844705811570, 1.768638744481566549, -9.287105483649797932 ) ) ;
#5804 = ORIENTED_EDGE ( 'NONE', *, *, #5407, .F. ) ;
#5805 = CARTESIAN_POINT ( 'NONE',  ( 8.796570338259671828, 9.500000000000000000, 4.594978287206128442 ) ) ;
#5806 = DIRECTION ( 'NONE',  ( 0.000000000000000000, 0.000000000000000000, 1.000000000000000000 ) ) ;
#5807 = CYLINDRICAL_SURFACE ( 'NONE', #3155, 0.4999999999999995559 ) ;
#5808 = DIRECTION ( 'NONE',  ( -0.000000000000000000, -1.000000000000000000, -0.000000000000000000 ) ) ;
#5809 = ADVANCED_FACE ( 'NONE', ( #885 ), #2453, .T. ) ;
#5810 = CARTESIAN_POINT ( 'NONE',  ( 0.9593430162965213004, 2.059838893144203098, 9.954167761667831016 ) ) ;
#5811 = ADVANCED_FACE ( 'NONE', ( #4761 ), #760, .T. ) ;
#5812 = VERTEX_POINT ( 'NONE', #2990 ) ;
#5813 = EDGE_CURVE ( 'NONE', #3961, #3196, #5507, .T. ) ;
#5814 = DIRECTION ( 'NONE',  ( -0.9716864685947457225, 0.000000000000000000, 0.2362740077746010858 ) ) ;
#5815 = EDGE_LOOP ( 'NONE', ( #120, #72, #6610, #1757 ) ) ;
#5816 = DIRECTION ( 'NONE',  ( 0.000000000000000000, 1.000000000000000000, 0.000000000000000000 ) ) ;
#5817 = AXIS2_PLACEMENT_3D ( 'NONE', #2251, #1768, #19 ) ;
#5818 = DIRECTION ( 'NONE',  ( 0.000000000000000000, 0.000000000000000000, 1.000000000000000000 ) ) ;
#5819 = EDGE_CURVE ( 'NONE', #2197, #5958, #7064, .T. ) ;
#5820 = CARTESIAN_POINT ( 'NONE',  ( -9.955022261424865349, 2.051666420109250044, 0.9506534642318815731 ) ) ;
#5821 = AXIS2_PLACEMENT_3D ( 'NONE', #3399, #2770, #5003 ) ;
#5822 = FACE_OUTER_BOUND ( 'NONE', #2805, .T. ) ;
#5823 = ORIENTED_EDGE ( 'NONE', *, *, #1160, .F. ) ;
#5824 = ORIENTED_EDGE ( 'NONE', *, *, #272, .F. ) ;
#5825 = ORIENTED_EDGE ( 'NONE', *, *, #1772, .T. ) ;
#5826 = DIRECTION ( 'NONE',  ( 0.000000000000000000, 1.000000000000000000, 0.000000000000000000 ) ) ;
#5827 = ORIENTED_EDGE ( 'NONE', *, *, #3418, .F. ) ;
#5828 = CARTESIAN_POINT ( 'NONE',  ( -3.924022968310214132, 2.134286657244865992, 9.026396591461240959 ) ) ;
#5829 = DIRECTION ( 'NONE',  ( 0.07555769727474684339, 0.000000000000000000, 0.9971414314842893534 ) ) ;
#5830 = DIRECTION ( 'NONE',  ( 0.000000000000000000, 0.000000000000000000, 1.000000000000000000 ) ) ;
#5831 = ORIENTED_EDGE ( 'NONE', *, *, #3805, .F. ) ;
#5832 = CARTESIAN_POINT ( 'NONE',  ( 6.983228393756070851, 1.768517871363072036, 7.158925180614853723 ) ) ;
#5833 = CARTESIAN_POINT ( 'NONE',  ( -4.036214224533145156, 1.992783053389875381, 9.149965727261291093 ) ) ;
#5834 = LINE ( 'NONE', #5938, #6463 ) ;
#5835 = DIRECTION ( 'NONE',  ( 0.000000000000000000, 0.000000000000000000, 1.000000000000000000 ) ) ;
#5836 = DIRECTION ( 'NONE',  ( 0.000000000000000000, -1.000000000000000000, 0.000000000000000000 ) ) ;
#5837 = FACE_OUTER_BOUND ( 'NONE', #6091, .T. ) ;
#5838 = PLANE ( 'NONE',  #4118 ) ;
#5839 = DIRECTION ( 'NONE',  ( 1.000000000000000000, 0.000000000000000000, 0.000000000000000000 ) ) ;
#5840 = FACE_OUTER_BOUND ( 'NONE', #3785, .T. ) ;
#5841 = CARTESIAN_POINT ( 'NONE',  ( -1.010707579139242807, 2.500000000000000444, 9.949874371066199430 ) ) ;
#5842 = ORIENTED_EDGE ( 'NONE', *, *, #6194, .T. ) ;
#5843 = ORIENTED_EDGE ( 'NONE', *, *, #4165, .F. ) ;
#5844 = CARTESIAN_POINT ( 'NONE',  ( -6.389449519739571315, 2.377840714399267252, -7.587297981928766255 ) ) ;
#5845 = ORIENTED_EDGE ( 'NONE', *, *, #7168, .F. ) ;
#5846 = DIRECTION ( 'NONE',  ( -1.594314457810251157E-15, -1.000000000000000000, -1.856204616801319677E-16 ) ) ;
#5847 = DIRECTION ( 'NONE',  ( 0.000000000000000000, 0.000000000000000000, 1.000000000000000000 ) ) ;
#5848 = EDGE_CURVE ( 'NONE', #3572, #5893, #5862, .T. ) ;
#5849 = AXIS2_PLACEMENT_3D ( 'NONE', #4685, #1863, #6894 ) ;
#5850 = CYLINDRICAL_SURFACE ( 'NONE', #5663, 2.000000000000000000 ) ;
#5851 = EDGE_CURVE ( 'NONE', #411, #3212, #5439, .T. ) ;
#5852 = DIRECTION ( 'NONE',  ( 0.000000000000000000, 0.000000000000000000, 1.000000000000000000 ) ) ;
#5853 = ORIENTED_EDGE ( 'NONE', *, *, #1286, .F. ) ;
#5854 = AXIS2_PLACEMENT_3D ( 'NONE', #4777, #5253, #2022 ) ;
#5855 = VERTEX_POINT ( 'NONE', #924 ) ;
#5856 = ORIENTED_EDGE ( 'NONE', *, *, #869, .F. ) ;
#5857 = DIRECTION ( 'NONE',  ( -2.081668171172168119E-15, 0.000000000000000000, 1.000000000000000000 ) ) ;
#5858 = ADVANCED_FACE ( 'NONE', ( #1052 ), #3810, .T. ) ;
#5859 = FACE_OUTER_BOUND ( 'NONE', #2700, .T. ) ;
#5860 = ORIENTED_EDGE ( 'NONE', *, *, #6487, .F. ) ;
#5861 = CARTESIAN_POINT ( 'NONE',  ( 2.970974231079633210, 10.00001200000000168, -9.469254843656200293 ) ) ;
#5862 = CIRCLE ( 'NONE', #5741, 0.4999999999999996669 ) ;
#5863 = LINE ( 'NONE', #5896, #1154 ) ;
#5864 = DIRECTION ( 'NONE',  ( 0.000000000000000000, 0.000000000000000000, 1.000000000000000000 ) ) ;
#5865 = EDGE_LOOP ( 'NONE', ( #3135, #6133, #4619, #5843, #1357 ) ) ;
#5866 = CIRCLE ( 'NONE', #766, 10.00000000000000000 ) ;
#5867 = DIRECTION ( 'NONE',  ( -0.000000000000000000, -1.000000000000000000, -0.000000000000000000 ) ) ;
#5868 = AXIS2_PLACEMENT_3D ( 'NONE', #5739, #6396, #6316 ) ;
#5869 = CARTESIAN_POINT ( 'NONE',  ( -4.062095968912619703, 1.779849606445680799, 9.138655792788027199 ) ) ;
#5870 = CARTESIAN_POINT ( 'NONE',  ( 2.970974231079432926, 2.500000000000000444, 9.469254843656262466 ) ) ;
#5871 = LINE ( 'NONE', #6950, #3471 ) ;
#5872 = DIRECTION ( 'NONE',  ( 0.000000000000000000, 0.000000000000000000, 1.000000000000000000 ) ) ;
#5873 = CARTESIAN_POINT ( 'NONE',  ( -4.695612462786774799, 2.059838893144310124, -8.829327179896871769 ) ) ;
#5874 = CARTESIAN_POINT ( 'NONE',  ( 9.619363854055736240, 2.371852820628066905, 2.732734718791040240 ) ) ;
#5875 = ORIENTED_EDGE ( 'NONE', *, *, #1027, .F. ) ;
#5876 = CARTESIAN_POINT ( 'NONE',  ( 7.449293024680358144, 2.500000000000000000, -5.895594408746971382 ) ) ;
#5877 = DIRECTION ( 'NONE',  ( -0.07555769727474784259, 0.000000000000000000, 0.9971414314842893534 ) ) ;
#5878 = DIRECTION ( 'NONE',  ( 0.000000000000000000, 0.000000000000000000, 1.000000000000000000 ) ) ;
#5879 = DIRECTION ( 'NONE',  ( 0.6472324890273780662, 0.000000000000000000, 0.7622926637108774495 ) ) ;
#5880 = ORIENTED_EDGE ( 'NONE', *, *, #2320, .F. ) ;
#5881 = CARTESIAN_POINT ( 'NONE',  ( 4.062095968912815991, 1.779849606445663035, -9.138655792787938381 ) ) ;
#5882 = ORIENTED_EDGE ( 'NONE', *, *, #2037, .F. ) ;
#5883 = DIRECTION ( 'NONE',  ( 0.4394523308986274523, 0.000000000000000000, 0.8982659121149835224 ) ) ;
#5884 = AXIS2_PLACEMENT_3D ( 'NONE', #1763, #6693, #1727 ) ;
#5885 = DIRECTION ( 'NONE',  ( -0.000000000000000000, 1.000000000000000000, -0.000000000000000000 ) ) ;
#5886 = CARTESIAN_POINT ( 'NONE',  ( 8.734252662744527385, 2.500000000000000000, 4.869582161062707470 ) ) ;
#5887 = CIRCLE ( 'NONE', #1247, 2.500000000000000444 ) ;
#5888 = ORIENTED_EDGE ( 'NONE', *, *, #2587, .T. ) ;
#5889 = VERTEX_POINT ( 'NONE', #3140 ) ;
#5890 = VERTEX_POINT ( 'NONE', #4857 ) ;
#5891 = CARTESIAN_POINT ( 'NONE',  ( 6.508004840427718207, 2.241156341101768312, -7.449240532993957054 ) ) ;
#5892 = AXIS2_PLACEMENT_3D ( 'NONE', #3341, #2756, #3234 ) ;
#5893 = VERTEX_POINT ( 'NONE', #1553 ) ;
#5894 = VECTOR ( 'NONE', #3770, 1000.000000000000000 ) ;
#5895 = DIRECTION ( 'NONE',  ( 0.000000000000000000, 0.000000000000000000, 1.000000000000000000 ) ) ;
#5896 = CARTESIAN_POINT ( 'NONE',  ( 4.869582161062682601, 10.00000000000000000, -8.734252662744543372 ) ) ;
#5897 = CARTESIAN_POINT ( 'NONE',  ( 0.4397714266284717399, 8.000000000000000000, -2.776607510986325522 ) ) ;
#5898 = EDGE_CURVE ( 'NONE', #5324, #1062, #4822, .T. ) ;
#5899 = AXIS2_PLACEMENT_3D ( 'NONE', #5255, #5181, #2504 ) ;
#5900 = ADVANCED_FACE ( 'NONE', ( #3775 ), #2509, .F. ) ;
#5901 = ORIENTED_EDGE ( 'NONE', *, *, #1329, .F. ) ;
#5902 = EDGE_CURVE ( 'NONE', #5168, #4316, #2732, .T. ) ;
#5903 = LINE ( 'NONE', #6448, #3997 ) ;
#5904 = AXIS2_PLACEMENT_3D ( 'NONE', #929, #3143, #3615 ) ;
#5905 = DIRECTION ( 'NONE',  ( 0.000000000000000000, -0.000000000000000000, 1.000000000000000000 ) ) ;
#5906 = CARTESIAN_POINT ( 'NONE',  ( 7.611508121969512430, 9.500000000000000000, 6.368549229223070540 ) ) ;
#5907 = CARTESIAN_POINT ( 'NONE',  ( -4.592078116478213623, 2.181508697813420383, -8.884289160643522365 ) ) ;
#5908 = CONICAL_SURFACE ( 'NONE', #1385, 7.500000000000000000, 1.396263401595466691 ) ;
#5909 = AXIS2_PLACEMENT_3D ( 'NONE', #6588, #6160, #5543 ) ;
#5910 = CARTESIAN_POINT ( 'NONE',  ( 1.098630827246564134, 10.00001200000000168, 9.436260398347616984 ) ) ;
#5911 = CIRCLE ( 'NONE', #6832, 0.5000000000000000000 ) ;
#5912 = CARTESIAN_POINT ( 'NONE',  ( 0.000000000000000000, 9.500000000000000000, 0.000000000000000000 ) ) ;
#5913 = FACE_OUTER_BOUND ( 'NONE', #2633, .T. ) ;
#5914 = EDGE_CURVE ( 'NONE', #3196, #5187, #4313, .T. ) ;
#5915 = CARTESIAN_POINT ( 'NONE',  ( 4.391160136452750606, 2.240934156756798856, -8.863491263196666026 ) ) ;
#5916 = VERTEX_POINT ( 'NONE', #2692 ) ;
#5917 = EDGE_CURVE ( 'NONE', #6638, #4673, #6497, .T. ) ;
#5918 = CARTESIAN_POINT ( 'NONE',  ( 9.469254843656253584, 2.500000000000000444, -2.970974231079463568 ) ) ;
#5919 = DIRECTION ( 'NONE',  ( -1.000000000000000000, 0.000000000000000000, 0.000000000000000000 ) ) ;
#5920 = CARTESIAN_POINT ( 'NONE',  ( 5.095752233843723986E-17, 2.500000000000000444, -11.68192517863507618 ) ) ;
#5921 = CIRCLE ( 'NONE', #123, 2.000000000000000000 ) ;
#5922 = AXIS2_PLACEMENT_3D ( 'NONE', #5581, #3414, #641 ) ;
#5923 = ORIENTED_EDGE ( 'NONE', *, *, #4421, .T. ) ;
#5924 = ORIENTED_EDGE ( 'NONE', *, *, #5440, .F. ) ;
#5925 = ORIENTED_EDGE ( 'NONE', *, *, #46, .F. ) ;
#5926 = CARTESIAN_POINT ( 'NONE',  ( 6.378947770805419637, 2.414533010808960878, 7.599467116825914914 ) ) ;
#5927 = ORIENTED_EDGE ( 'NONE', *, *, #3031, .T. ) ;
#5928 = VECTOR ( 'NONE', #2115, 1000.000000000000000 ) ;
#5929 = CARTESIAN_POINT ( 'NONE',  ( -0.4397714266284739049, 0.000000000000000000, -2.776607510986325522 ) ) ;
#5930 = CARTESIAN_POINT ( 'NONE',  ( -1.987831504145221917, 8.000000000000000000, 1.987831504145224581 ) ) ;
#5931 = CARTESIAN_POINT ( 'NONE',  ( -7.611508121969603913, 2.456298904871081490, 6.368549229222964847 ) ) ;
#5932 = CARTESIAN_POINT ( 'NONE',  ( -9.402344393979124249, 2.024441704241474405, -3.407532819979125716 ) ) ;
#5933 = EDGE_LOOP ( 'NONE', ( #5410, #4512, #1022, #6973 ) ) ;
#5934 = DIRECTION ( 'NONE',  ( -0.000000000000000000, 1.000000000000000000, -0.000000000000000000 ) ) ;
#5935 = CARTESIAN_POINT ( 'NONE',  ( -4.741424121641834688, 2.500000000000000444, 8.805704236984254862 ) ) ;
#5936 = EDGE_CURVE ( 'NONE', #3609, #3044, #2278, .T. ) ;
#5937 = EDGE_CURVE ( 'NONE', #5314, #4656, #7133, .T. ) ;
#5938 = CARTESIAN_POINT ( 'NONE',  ( -1.260587625341237805, 8.000000000000000000, -2.043718524445534701 ) ) ;
#5939 = DIRECTION ( 'NONE',  ( 0.000000000000000000, 1.000000000000000000, 0.000000000000000000 ) ) ;
#5940 = DIRECTION ( 'NONE',  ( 3.642919299551294898E-14, 0.000000000000000000, 1.000000000000000000 ) ) ;
#5941 = ADVANCED_FACE ( 'NONE', ( #7029 ), #2035, .T. ) ;
#5942 = EDGE_CURVE ( 'NONE', #6888, #5958, #181, .T. ) ;
#5943 = DIRECTION ( 'NONE',  ( -1.000000000000000000, 0.000000000000000000, 0.000000000000000000 ) ) ;
#5944 = ORIENTED_EDGE ( 'NONE', *, *, #5766, .T. ) ;
#5945 = PLANE ( 'NONE',  #5687 ) ;
#5946 = DIRECTION ( 'NONE',  ( 0.000000000000000000, 0.000000000000000000, 1.000000000000000000 ) ) ;
#5947 = CARTESIAN_POINT ( 'NONE',  ( 4.626103053009367194, 9.500000000000000000, 8.297540029607414880 ) ) ;
#5948 = CARTESIAN_POINT ( 'NONE',  ( 3.313945104772955119, 2.183694385698131679, -9.297069126686261953 ) ) ;
#5949 = ORIENTED_EDGE ( 'NONE', *, *, #3243, .T. ) ;
#5950 = ADVANCED_FACE ( 'NONE', ( #958 ), #3279, .T. ) ;
#5951 = CARTESIAN_POINT ( 'NONE',  ( 9.424838803981963054, 2.314916786199595400, -3.059004614404524869 ) ) ;
#5952 = CARTESIAN_POINT ( 'NONE',  ( 4.626103053009546606, 9.500000000000000000, -8.297540029607313627 ) ) ;
#5953 = CARTESIAN_POINT ( 'NONE',  ( -7.449293024680273767, 10.00001200000000168, -5.895594408747079740 ) ) ;
#5954 = ORIENTED_EDGE ( 'NONE', *, *, #6974, .F. ) ;
#5955 = VERTEX_POINT ( 'NONE', #3745 ) ;
#5956 = EDGE_LOOP ( 'NONE', ( #6717, #4153, #2833, #4838 ) ) ;
#5957 = CARTESIAN_POINT ( 'NONE',  ( 6.368549229223043007, 2.500000000000000444, -7.611508121969535523 ) ) ;
#5958 = VERTEX_POINT ( 'NONE', #5406 ) ;
#5959 = CARTESIAN_POINT ( 'NONE',  ( -0.1251721026587786223, 1.768578062440336884, 10.00000000000000178 ) ) ;
#5960 = FACE_OUTER_BOUND ( 'NONE', #398, .T. ) ;
#5961 = CIRCLE ( 'NONE', #2844, 0.4999999999999996669 ) ;
#5962 = DIRECTION ( 'NONE',  ( 0.000000000000000000, -1.000000000000000000, 0.000000000000000000 ) ) ;
#5963 = EDGE_LOOP ( 'NONE', ( #604, #4830, #3360 ) ) ;
#5964 = CARTESIAN_POINT ( 'NONE',  ( -3.577945097074317626, 2.139858412045548608, 9.172361082845750246 ) ) ;
#5965 = AXIS2_PLACEMENT_3D ( 'NONE', #5740, #4069, #2486 ) ;
#5966 = DIRECTION ( 'NONE',  ( 0.9249892435672766311, 0.000000000000000000, -0.3799932884734116278 ) ) ;
#5967 = CARTESIAN_POINT ( 'NONE',  ( 6.448168809503462384, 1.975903690497188725, -7.644210560722278558 ) ) ;
#5968 = B_SPLINE_CURVE_WITH_KNOTS ( 'NONE', 3,
 ( #5685, #683, #2903, #4589, #5143, #3561, #4091, #1221, #724, #1802, #6768, #6844, #6225, #6805, #5107, #1300, #1336, #1258 ),
 .UNSPECIFIED., .F., .F.,
 ( 4, 2, 2, 2, 2, 2, 2, 2, 4 ),
 ( 0.000000000000000000, 0.0001297744646122140526, 0.0002595489292244281053, 0.0005190978584488520906, 0.001038195716897702013, 0.001557293575346552043, 0.001816842504570977384, 0.001946616969183189621, 0.002076391433795401423 ),
 .UNSPECIFIED. ) ;
#5969 = CARTESIAN_POINT ( 'NONE',  ( -3.162415667432335820, 2.240934156756776652, -9.372453886955860014 ) ) ;
#5970 = VECTOR ( 'NONE', #5836, 1000.000000000000000 ) ;
#5971 = B_SPLINE_CURVE_WITH_KNOTS ( 'NONE', 3,
 ( #3187, #5385, #4839, #2093, #4296, #6513, #1537, #285, #1947, #5832, #5559, #4032, #545, #622, #4970, #2231, #6174, #6720 ),
 .UNSPECIFIED., .F., .F.,
 ( 4, 2, 2, 2, 2, 2, 2, 2, 4 ),
 ( 4.336808689942017255E-19, 0.0003765522689820487070, 0.0007531045379640969803, 0.001129656806946144820, 0.001506209075928192876, 0.001882761344910240716, 0.002259313613892288339, 0.002635865882874336395, 0.003012418151856384452 ),
 .UNSPECIFIED. ) ;
#5972 = EDGE_CURVE ( 'NONE', #2746, #6253, #5035, .T. ) ;
#5973 = AXIS2_PLACEMENT_3D ( 'NONE', #3379, #3300, #605 ) ;
#5974 = LINE ( 'NONE', #1003, #1804 ) ;
#5975 = DIRECTION ( 'NONE',  ( 0.000000000000000000, 0.000000000000000000, 1.000000000000000000 ) ) ;
#5976 = DIRECTION ( 'NONE',  ( -0.07555769727474789810, 0.000000000000000000, 0.9971414314842893534 ) ) ;
#5977 = DIRECTION ( 'NONE',  ( 0.000000000000000000, 0.000000000000000000, 1.000000000000000000 ) ) ;
#5978 = CARTESIAN_POINT ( 'NONE',  ( -7.841361078610813884, 9.500000000000000000, -6.205888851312715282 ) ) ;
#5979 = DIRECTION ( 'NONE',  ( 0.000000000000000000, 1.000000000000000000, 0.000000000000000000 ) ) ;
#5980 = DIRECTION ( 'NONE',  ( -0.000000000000000000, -1.000000000000000000, -0.000000000000000000 ) ) ;
#5981 = ADVANCED_FACE ( 'NONE', ( #1588 ), #5621, .T. ) ;
#5982 = ORIENTED_EDGE ( 'NONE', *, *, #6730, .T. ) ;
#5983 = CARTESIAN_POINT ( 'NONE',  ( 8.297540029607301193, 10.00000000000000000, 4.626103053009571475 ) ) ;
#5984 = CARTESIAN_POINT ( 'NONE',  ( 7.230240655841136288, 1.992695579455343147, 6.909176054700155944 ) ) ;
#5985 = ORIENTED_EDGE ( 'NONE', *, *, #1729, .F. ) ;
#5987 = EDGE_LOOP ( 'NONE', ( #2382, #7035, #1072 ) ) ;
#5986 = AXIS2_PLACEMENT_3D ( 'NONE', #3079, #3754, #385 ) ;
#5988 = ORIENTED_EDGE ( 'NONE', *, *, #6194, .F. ) ;
#5989 = CARTESIAN_POINT ( 'NONE',  ( 2.596097982851267361, 9.500000000000000000, 9.138395661353012400 ) ) ;
#5990 = ORIENTED_EDGE ( 'NONE', *, *, #6977, .T. ) ;
#5991 = EDGE_LOOP ( 'NONE', ( #894, #4287, #5860 ) ) ;
#5992 = CARTESIAN_POINT ( 'NONE',  ( 7.611508121969646545, 9.500000000000000000, -6.368549229222909780 ) ) ;
#5993 = TOROIDAL_SURFACE ( 'NONE', #4840, 1.500000000000000000, 0.5000000000000000000 ) ;
#5994 = DIRECTION ( 'NONE',  ( 0.2362740077746034173, 0.000000000000000000, -0.9716864685947451674 ) ) ;
#5995 = CARTESIAN_POINT ( 'NONE',  ( -7.810231214632213259, 2.248135892564179006, 6.245516373440916702 ) ) ;
#5996 = CARTESIAN_POINT ( 'NONE',  ( -8.884607128713136959, 2.181049877636568102, -4.591460142829697055 ) ) ;
#5997 = ORIENTED_EDGE ( 'NONE', *, *, #2322, .F. ) ;
#5998 = EDGE_CURVE ( 'NONE', #16, #5550, #5510, .T. ) ;
#5999 = CIRCLE ( 'NONE', #97, 0.5000000000000003331 ) ;
#6000 = ADVANCED_FACE ( 'NONE', ( #3347 ), #1425, .T. ) ;
#6001 = CYLINDRICAL_SURFACE ( 'NONE', #2109, 0.5000000000000004441 ) ;
#6002 = CARTESIAN_POINT ( 'NONE',  ( 9.883052937361801682, 2.377840714399285904, 0.8470067704478941861 ) ) ;
#6003 = CARTESIAN_POINT ( 'NONE',  ( 6.244726359285768247, 2.249819565270343436, -7.810864416449840419 ) ) ;
#6004 = CARTESIAN_POINT ( 'NONE',  ( -3.722773453796179410, 1.985975370094094528, -9.281909929401569670 ) ) ;
#6005 = AXIS2_PLACEMENT_3D ( 'NONE', #2103, #4413, #3768 ) ;
#6006 = CARTESIAN_POINT ( 'NONE',  ( 9.436260398347604550, 10.00000000000000000, 1.098630827246665165 ) ) ;
#6007 = AXIS2_PLACEMENT_3D ( 'NONE', #2872, #499, #2725 ) ;
#6008 = ORIENTED_EDGE ( 'NONE', *, *, #5485, .T. ) ;
#6009 = DIRECTION ( 'NONE',  ( 0.000000000000000000, 1.000000000000000000, 0.000000000000000000 ) ) ;
#6010 = CARTESIAN_POINT ( 'NONE',  ( -2.548403532281084960, 0.000000000000000000, -1.851523544721290326 ) ) ;
#6011 = CIRCLE ( 'NONE', #686, 0.5000000000000004441 ) ;
#6012 = CARTESIAN_POINT ( 'NONE',  ( 0.5673463196692631882, 0.000000000000000000, -2.333234819276247318 ) ) ;
#6013 = VECTOR ( 'NONE', #3506, 1000.000000000000000 ) ;
#6014 = FACE_OUTER_BOUND ( 'NONE', #6127, .T. ) ;
#6015 = LINE ( 'NONE', #3274, #3464 ) ;
#6016 = DIRECTION ( 'NONE',  ( 0.000000000000000000, 1.000000000000000000, -0.000000000000000000 ) ) ;
#6017 = CARTESIAN_POINT ( 'NONE',  ( 4.230661462162522923, 2.183709232977746773, -8.917350853941396593 ) ) ;
#6018 = AXIS2_PLACEMENT_3D ( 'NONE', #6478, #2089, #1503 ) ;
#6019 = ORIENTED_EDGE ( 'NONE', *, *, #3686, .F. ) ;
#6020 = EDGE_CURVE ( 'NONE', #1711, #744, #2970, .T. ) ;
#6021 = ADVANCED_FACE ( 'NONE', ( #6387 ), #6231, .T. ) ;
#6022 = AXIS2_PLACEMENT_3D ( 'NONE', #2051, #4258, #968 ) ;
#6023 = CARTESIAN_POINT ( 'NONE',  ( 7.031412306681053437, 2.134320569921011490, 6.885828264191768078 ) ) ;
#6024 = ADVANCED_FACE ( 'NONE', ( #3530 ), #873, .T. ) ;
#6025 = ORIENTED_EDGE ( 'NONE', *, *, #2322, .T. ) ;
#6026 = EDGE_CURVE ( 'NONE', #6783, #1246, #406, .T. ) ;
#6027 = ORIENTED_EDGE ( 'NONE', *, *, #4780, .T. ) ;
#6028 = CARTESIAN_POINT ( 'NONE',  ( 7.611508095585615585, 2.438027874578129861, -6.368549238272164459 ) ) ;
#6029 = ORIENTED_EDGE ( 'NONE', *, *, #6020, .F. ) ;
#6030 = DIRECTION ( 'NONE',  ( 0.000000000000000000, 0.000000000000000000, 1.000000000000000000 ) ) ;
#6031 = LINE ( 'NONE', #1064, #5437 ) ;
#6032 = VECTOR ( 'NONE', #4849, 1000.000000000000000 ) ;
#6033 = CARTESIAN_POINT ( 'NONE',  ( -2.970974231079499983, 2.500000000000000444, -9.469254843656241150 ) ) ;
#6034 = ORIENTED_EDGE ( 'NONE', *, *, #5691, .F. ) ;
#6035 = ORIENTED_EDGE ( 'NONE', *, *, #3597, .T. ) ;
#6036 = EDGE_CURVE ( 'NONE', #7045, #600, #57, .T. ) ;
#6037 = AXIS2_PLACEMENT_3D ( 'NONE', #6567, #4865, #7071 ) ;
#6038 = CARTESIAN_POINT ( 'NONE',  ( 9.988306807122114606, 1.827366529454476307, -0.4991421271719879704 ) ) ;
#6039 = CARTESIAN_POINT ( 'NONE',  ( 9.954245716881919392, 2.059185488125291563, 0.9585349633983513140 ) ) ;
#6040 = DIRECTION ( 'NONE',  ( 1.000000000000000000, -0.000000000000000000, 1.224646799147353207E-16 ) ) ;
#6041 = CARTESIAN_POINT ( 'NONE',  ( 9.255370840007596911, 2.164537838121661117, -3.399310659689277259 ) ) ;
#6042 = EDGE_LOOP ( 'NONE', ( #5415, #2599, #2342, #3713 ) ) ;
#6043 = DIRECTION ( 'NONE',  ( -1.000000000000000000, -1.734723475976808672E-15, 0.000000000000000000 ) ) ;
#6044 = FACE_OUTER_BOUND ( 'NONE', #5865, .T. ) ;
#6045 = LINE ( 'NONE', #1075, #2963 ) ;
#6046 = SPHERICAL_SURFACE ( 'NONE', #6847, 0.5000000000000000000 ) ;
#6047 = CARTESIAN_POINT ( 'NONE',  ( -4.058000729357051029, 1.779448407880942273, 9.140450790375680867 ) ) ;
#6048 = DIRECTION ( 'NONE',  ( -0.4869582161062701031, 0.000000000000000000, 0.8734252662744530493 ) ) ;
#6049 = CARTESIAN_POINT ( 'NONE',  ( 9.469254843656191412, 2.500000000000000444, 2.970974231079661632 ) ) ;
#6050 = DIRECTION ( 'NONE',  ( 0.000000000000000000, 1.000000000000000000, 0.000000000000000000 ) ) ;
#6051 = ORIENTED_EDGE ( 'NONE', *, *, #5019, .T. ) ;
#6052 = CARTESIAN_POINT ( 'NONE',  ( -9.875015954859565070, 2.279919447647821062, 0.7402789226335138029 ) ) ;
#6053 = CARTESIAN_POINT ( 'NONE',  ( -9.938914434172966494, 2.248135892564179006, -1.106420474829618916 ) ) ;
#6054 = ORIENTED_EDGE ( 'NONE', *, *, #1324, .F. ) ;
#6055 = CARTESIAN_POINT ( 'NONE',  ( 8.758463274103222673, 2.249819565270342547, -4.826544448226480988 ) ) ;
#6056 = ORIENTED_EDGE ( 'NONE', *, *, #2950, .T. ) ;
#6057 = EDGE_CURVE ( 'NONE', #4113, #1173, #6317, .T. ) ;
#6058 = DIRECTION ( 'NONE',  ( -0.000000000000000000, -1.000000000000000000, -0.000000000000000000 ) ) ;
#6059 = DIRECTION ( 'NONE',  ( 0.8982659121149801917, 0.000000000000000000, 0.4394523308986342247 ) ) ;
#6060 = VERTEX_POINT ( 'NONE', #1342 ) ;
#6061 = DIRECTION ( 'NONE',  ( 0.1156453502364772623, -4.708936575897095953E-15, 0.9932905682471180331 ) ) ;
#6062 = CARTESIAN_POINT ( 'NONE',  ( 4.594978287205911727, 10.00001200000000168, 8.796570338259785515 ) ) ;
#6063 = CARTESIAN_POINT ( 'NONE',  ( -1.554148821017840465, 8.000000000000000000, 1.830433831214381968 ) ) ;
#6064 = DIRECTION ( 'NONE',  ( 0.6472324890273781772, 0.000000000000000000, 0.7622926637108773384 ) ) ;
#6065 = DIRECTION ( 'NONE',  ( 0.000000000000000000, -1.000000000000000000, 0.000000000000000000 ) ) ;
#6066 = VERTEX_POINT ( 'NONE', #6273 ) ;
#6067 = ADVANCED_FACE ( 'NONE', ( #4675, #3094 ), #5297, .F. ) ;
#6068 = DIRECTION ( 'NONE',  ( 0.000000000000000000, 1.000000000000000000, 0.000000000000000000 ) ) ;
#6069 = CARTESIAN_POINT ( 'NONE',  ( 4.869582161062490755, 2.500000000000000444, 8.734252662744646400 ) ) ;
#6070 = CARTESIAN_POINT ( 'NONE',  ( 9.985236028452531443, 2.048945620300597348, -0.5566365330722299332 ) ) ;
#6071 = AXIS2_PLACEMENT_3D ( 'NONE', #188, #267, #5847 ) ;
#6072 = AXIS2_PLACEMENT_3D ( 'NONE', #1376, #6776, #3570 ) ;
#6073 = LINE ( 'NONE', #6149, #5531 ) ;
#6074 = CARTESIAN_POINT ( 'NONE',  ( 9.012139614925578357, 2.048945620300815840, -4.335449496296971184 ) ) ;
#6075 = ORIENTED_EDGE ( 'NONE', *, *, #3294, .T. ) ;
#6076 = CARTESIAN_POINT ( 'NONE',  ( -7.841361078610815660, 2.371852820628068237, -6.205888851312714394 ) ) ;
#6077 = VECTOR ( 'NONE', #3644, 1000.000000000000000 ) ;
#6078 = CARTESIAN_POINT ( 'NONE',  ( 3.150000000000003908, 8.000000000000000000, -2.818925648462311528E-15 ) ) ;
#6079 = CARTESIAN_POINT ( 'NONE',  ( -8.805704236984269073, 2.500000000000000444, 4.741424121641807155 ) ) ;
#6080 = CARTESIAN_POINT ( 'NONE',  ( -2.596097982851333530, 10.00000000000000000, -9.138395661352994637 ) ) ;
#6081 = CARTESIAN_POINT ( 'NONE',  ( -0.8789046123668520227, 2.438513403071528973, -9.885393330222619568 ) ) ;
#6082 = CARTESIAN_POINT ( 'NONE',  ( -4.825657120698720881, 2.248135892564182559, 8.758950836166608411 ) ) ;
#6083 = CARTESIAN_POINT ( 'NONE',  ( -9.619363830518901537, 2.377026804319512632, -2.732734801641891753 ) ) ;
#6084 = CARTESIAN_POINT ( 'NONE',  ( -9.529937051748250454, 1.975903690497191389, -3.032018450179212898 ) ) ;
#6085 = FACE_OUTER_BOUND ( 'NONE', #5053, .T. ) ;
#6086 = EDGE_LOOP ( 'NONE', ( #279, #5954, #381, #762 ) ) ;
#6087 = EDGE_CURVE ( 'NONE', #2228, #4483, #5692, .T. ) ;
#6088 = CARTESIAN_POINT ( 'NONE',  ( -9.949874378253733553, 2.410376625841607279, 1.010707506680337264 ) ) ;
#6089 = AXIS2_PLACEMENT_3D ( 'NONE', #364, #6987, #3228 ) ;
#6090 = CARTESIAN_POINT ( 'NONE',  ( 6.612736535334946097, 1.867418461490434334, 7.502303277451217944 ) ) ;
#6091 = EDGE_LOOP ( 'NONE', ( #735, #6219, #6034 ) ) ;
#6092 = CARTESIAN_POINT ( 'NONE',  ( 2.732734718790805761, 2.500000000000000000, 9.619363854055803742 ) ) ;
#6093 = ORIENTED_EDGE ( 'NONE', *, *, #33, .F. ) ;
#6094 = FACE_OUTER_BOUND ( 'NONE', #276, .T. ) ;
#6095 = CARTESIAN_POINT ( 'NONE',  ( -5.895594408747052206, 9.500000000000000000, 7.449293024680294195 ) ) ;
#6096 = VERTEX_POINT ( 'NONE', #6773 ) ;
#6097 = CARTESIAN_POINT ( 'NONE',  ( 6.205888851312577614, 10.00000000000000000, 7.841361078610924906 ) ) ;
#6098 = DIRECTION ( 'NONE',  ( -0.000000000000000000, -1.000000000000000000, 0.000000000000000000 ) ) ;
#6099 = CIRCLE ( 'NONE', #1822, 0.4999999999999995559 ) ;
#6100 = CARTESIAN_POINT ( 'NONE',  ( -7.393847267223404351, 2.212953969771217722, 6.555906814057321341 ) ) ;
#6101 = ORIENTED_EDGE ( 'NONE', *, *, #6738, .T. ) ;
#6102 = CARTESIAN_POINT ( 'NONE',  ( -8.824555314844635845, 2.321832774718893599, -4.706451233693321079 ) ) ;
#6103 = ORIENTED_EDGE ( 'NONE', *, *, #2602, .T. ) ;
#6104 = CARTESIAN_POINT ( 'NONE',  ( -0.3433206859912968367, 2.147145517465061548, 9.848044610950886124 ) ) ;
#6105 = ORIENTED_EDGE ( 'NONE', *, *, #6244, .F. ) ;
#6106 = VECTOR ( 'NONE', #2607, 1000.000000000000114 ) ;
#6107 = CARTESIAN_POINT ( 'NONE',  ( 9.987920442738138505, 1.829430187479047509, -0.5073013465712057357 ) ) ;
#6108 = EDGE_CURVE ( 'NONE', #4243, #706, #3667, .T. ) ;
#6109 = CARTESIAN_POINT ( 'NONE',  ( -9.619363854055777097, 10.00000000000000000, 2.732734718790907902 ) ) ;
#6110 = EDGE_CURVE ( 'NONE', #919, #1868, #2851, .T. ) ;
#6111 = CARTESIAN_POINT ( 'NONE',  ( 8.756818408900270967, 2.257089604130862348, -4.829485086827518536 ) ) ;
#6112 = ADVANCED_FACE ( 'NONE', ( #6810 ), #5838, .T. ) ;
#6113 = ORIENTED_EDGE ( 'NONE', *, *, #1812, .F. ) ;
#6114 = AXIS2_PLACEMENT_3D ( 'NONE', #4009, #3477, #2932 ) ;
#6115 = CYLINDRICAL_SURFACE ( 'NONE', #3479, 0.5000000000000004441 ) ;
#6116 = EDGE_CURVE ( 'NONE', #5275, #3676, #5165, .T. ) ;
#6117 = CARTESIAN_POINT ( 'NONE',  ( -9.878046053678071203, 2.314916786199594956, -0.7805779098895204715 ) ) ;
#6118 = CARTESIAN_POINT ( 'NONE',  ( -2.995828026329732996, 8.000000000000000000, 0.9734035322810843383 ) ) ;
#6119 = CLOSED_SHELL ( 'NONE', ( #1504, #1308, #1287, #1866, #519, #6992, #4272, #331, #4928, #305, #879, #2939, #1465, #6695, #4869, #6340, #3533, #3645, #2683, #6469, #4602, #7084, #978, #2178, #2638, #1997, #5716, #3384, #4688, #2705, #4398, #5190, #774, #3603, #1631, #3443, #2935, #4077, #2795, #2497, #1508, #2747, #6705, #5900, #4719, #4124, #6454, #4864, #1836, #2038, #1483, #4122, #5330, #128, #5416, #2400, #4648, #5950, #336, #6910, #6689, #2543, #794, #1704, #755, #4521, #3026, #900, #2532, #4263, #1079, #6431, #2041, #3916, #6341, #3214, #6905, #4426, #1367, #6380, #3664, #2620, #2937, #4823, #2846, #4518, #3601, #1952, #3203, #29, #4714, #1015, #581, #2378, #6558, #6640, #28, #7116, #4597, #270, #1394, #2704, #3608, #3331, #1010, #5941, #705, #4788, #2269, #1524, #315, #1391, #363, #3493, #5161, #3689, #5591, #4652, #4208, #4336, #1434, #3241, #6524, #5731, #4399, #2537, #6000, #2220, #772, #568, #4293, #5592, #5102, #6159, #5809, #6993, #3118, #566, #4331, #6201, #1306, #1539, #5981, #3874, #1636, #5757, #3381, #3771, #3036, #4966, #1189, #5811, #759, #268, #3481, #5858, #1814, #6635, #813, #1011, #918, #5278, #2685, #538, #1659, #2992, #3903, #2466, #4252, #3193, #5191, #6024, #1326, #4623, #3723, #6303, #2933, #6112, #5626, #4376, #628, #613, #3352, #4979, #3563, #4926, #2772, #4740, #1415, #3463, #3942, #6021, #4760, #5490, #4551, #5586, #7121, #6312, #1343, #6156, #3766, #2327, #6262, #6775, #6388, #6991, #3898, #6067, #5693 ) ) ;
#6120 = LINE ( 'NONE', #2179, #5667 ) ;
#6121 = CARTESIAN_POINT ( 'NONE',  ( 0.9734035322810874469, 0.000000000000000000, 2.995828026329733884 ) ) ;
#6122 = AXIS2_PLACEMENT_3D ( 'NONE', #4169, #1406, #5835 ) ;
#6123 = CARTESIAN_POINT ( 'NONE',  ( 8.860697562244178371, 2.242932669926582800, 4.400076075798003750 ) ) ;
#6124 = VECTOR ( 'NONE', #7118, 1000.000000000000000 ) ;
#6125 = DIRECTION ( 'NONE',  ( -0.3244301945785831864, 0.000000000000000000, 0.9459096409518739090 ) ) ;
#6126 = PLANE ( 'NONE',  #4170 ) ;
#6127 = EDGE_LOOP ( 'NONE', ( #747, #4210, #3072 ) ) ;
#6128 = CARTESIAN_POINT ( 'NONE',  ( 4.086428952008176019, 2.147342056939914201, 8.966837034307449272 ) ) ;
#6129 = CARTESIAN_POINT ( 'NONE',  ( -9.885393342147867912, 2.438027874578145848, -0.8789046367427875150 ) ) ;
#6130 = AXIS2_PLACEMENT_3D ( 'NONE', #665, #191, #4687 ) ;
#6131 = CARTESIAN_POINT ( 'NONE',  ( 7.104936358681892550, 2.139858412045548164, 6.815700865711557199 ) ) ;
#6132 = EDGE_CURVE ( 'NONE', #744, #4440, #6893, .T. ) ;
#6133 = ORIENTED_EDGE ( 'NONE', *, *, #5563, .F. ) ;
#6134 = CARTESIAN_POINT ( 'NONE',  ( 9.458681375157453886, 1.863989508453880894, -3.247483976280308493 ) ) ;
#6135 = ORIENTED_EDGE ( 'NONE', *, *, #5720, .T. ) ;
#6136 = CARTESIAN_POINT ( 'NONE',  ( 2.656295322589485863E-15, 8.000000000000000000, 3.149999999999999911 ) ) ;
#6137 = CARTESIAN_POINT ( 'NONE',  ( 7.584036123450754729, 2.127032157860299311, -6.519363922588251370 ) ) ;
#6138 = ORIENTED_EDGE ( 'NONE', *, *, #2473, .F. ) ;
#6139 = AXIS2_PLACEMENT_3D ( 'NONE', #2535, #1535, #4734 ) ;
#6140 = ORIENTED_EDGE ( 'NONE', *, *, #440, .T. ) ;
#6141 = CARTESIAN_POINT ( 'NONE',  ( -9.189634587520499664, 1.768641139222007386, 3.945484083995192570 ) ) ;
#6142 = FACE_OUTER_BOUND ( 'NONE', #2113, .T. ) ;
#6143 = DIRECTION ( 'NONE',  ( 0.000000000000000000, 0.000000000000000000, 1.000000000000000000 ) ) ;
#6144 = VERTEX_POINT ( 'NONE', #217 ) ;
#6145 = CARTESIAN_POINT ( 'NONE',  ( -0.8453666450343803040, 1.975660126345932577, -9.964848877562468843 ) ) ;
#6146 = ORIENTED_EDGE ( 'NONE', *, *, #6655, .T. ) ;
#6147 = CARTESIAN_POINT ( 'NONE',  ( 0.000000000000000000, 10.00000000000000000, 0.000000000000000000 ) ) ;
#6148 = CARTESIAN_POINT ( 'NONE',  ( 9.843397292504384666, 2.139924804626884391, 0.2048726159299640859 ) ) ;
#6149 = CARTESIAN_POINT ( 'NONE',  ( -3.150000000000000799, 8.000000000000000000, 5.421010862427522170E-17 ) ) ;
#6150 = CARTESIAN_POINT ( 'NONE',  ( 8.734252662744628637, 2.500000000000000444, -4.869582161062523618 ) ) ;
#6151 = EDGE_CURVE ( 'NONE', #5305, #837, #4920, .T. ) ;
#6152 = ORIENTED_EDGE ( 'NONE', *, *, #409, .T. ) ;
#6153 = CIRCLE ( 'NONE', #4987, 0.4999999999999996669 ) ;
#6154 = CARTESIAN_POINT ( 'NONE',  ( -5.895594408747050430, 2.500000000000000444, 7.449293024680296860 ) ) ;
#6155 = CARTESIAN_POINT ( 'NONE',  ( -9.880493916138886945, 2.343452233630471060, 0.8129670326369174971 ) ) ;
#6156 = ADVANCED_FACE ( 'NONE', ( #3569 ), #839, .T. ) ;
#6157 = FACE_OUTER_BOUND ( 'NONE', #3669, .T. ) ;
#6158 = CARTESIAN_POINT ( 'NONE',  ( -0.2552196072240446867, 1.779716818039816850, -9.997538315944970222 ) ) ;
#6159 = ADVANCED_FACE ( 'NONE', ( #5228 ), #257, .T. ) ;
#6160 = DIRECTION ( 'NONE',  ( -0.000000000000000000, -1.000000000000000000, -0.000000000000000000 ) ) ;
#6161 = CARTESIAN_POINT ( 'NONE',  ( 0.000000000000000000, 10.00000000000000000, 7.543744331762958666 ) ) ;
#6162 = CIRCLE ( 'NONE', #957, 0.5000000000000004441 ) ;
#6163 = EDGE_CURVE ( 'NONE', #3356, #4156, #1217, .T. ) ;
#6164 = DIRECTION ( 'NONE',  ( 0.9459096409518737980, 0.000000000000000000, 0.3244301945785831864 ) ) ;
#6165 = FACE_OUTER_BOUND ( 'NONE', #5489, .T. ) ;
#6166 = ORIENTED_EDGE ( 'NONE', *, *, #656, .F. ) ;
#6167 = EDGE_CURVE ( 'NONE', #6197, #3153, #4234, .T. ) ;
#6168 = CARTESIAN_POINT ( 'NONE',  ( -9.874972037550543646, 2.279592747210312798, -0.7396982729254071298 ) ) ;
#6169 = LINE ( 'NONE', #767, #238 ) ;
#6170 = EDGE_CURVE ( 'NONE', #1940, #81, #6199, .T. ) ;
#6171 = ORIENTED_EDGE ( 'NONE', *, *, #2881, .F. ) ;
#6172 = CARTESIAN_POINT ( 'NONE',  ( 9.332714570764943929, 1.779448407880940719, -3.593834903188170227 ) ) ;
#6173 = ORIENTED_EDGE ( 'NONE', *, *, #1878, .F. ) ;
#6174 = CARTESIAN_POINT ( 'NONE',  ( 6.205888851312579391, 2.372020242595191064, 7.841361078610923130 ) ) ;
#6175 = CARTESIAN_POINT ( 'NONE',  ( -8.734252662744593110, 2.500000000000000444, 4.869582161062587566 ) ) ;
#6176 = VERTEX_POINT ( 'NONE', #1579 ) ;
#6177 = CARTESIAN_POINT ( 'NONE',  ( 10.79269157286915615, 9.500000000000000000, 4.470479223992352757 ) ) ;
#6178 = SPHERICAL_SURFACE ( 'NONE', #2085, 0.5000000000000000000 ) ;
#6179 = FACE_OUTER_BOUND ( 'NONE', #751, .T. ) ;
#6180 = VERTEX_POINT ( 'NONE', #977 ) ;
#6181 = ORIENTED_EDGE ( 'NONE', *, *, #1196, .F. ) ;
#6182 = CARTESIAN_POINT ( 'NONE',  ( -8.796570338259732225, 2.500000000000000444, 4.594978287206008538 ) ) ;
#6183 = CARTESIAN_POINT ( 'NONE',  ( -8.734252662744593110, 2.500000000000000444, 4.869582161062587566 ) ) ;
#6184 = CARTESIAN_POINT ( 'NONE',  ( -5.895594408746998916, 9.500000000000000000, -7.449293024680337716 ) ) ;
#6185 = CARTESIAN_POINT ( 'NONE',  ( 0.000000000000000000, 8.000000000000000000, 0.000000000000000000 ) ) ;
#6186 = EDGE_LOOP ( 'NONE', ( #707, #4660, #6103 ) ) ;
#6187 = CARTESIAN_POINT ( 'NONE',  ( -6.891745755504280702, 1.779448407880939831, -7.247002898594047338 ) ) ;
#6188 = LINE ( 'NONE', #678, #5627 ) ;
#6189 = DIRECTION ( 'NONE',  ( 0.000000000000000000, -3.469446951953614189E-15, 1.000000000000000000 ) ) ;
#6190 = CARTESIAN_POINT ( 'NONE',  ( -0.1284310849190197501, 1.768641139221981184, -9.999986698273103158 ) ) ;
#6191 = AXIS2_PLACEMENT_3D ( 'NONE', #6177, #6723, #1675 ) ;
#6192 = DIRECTION ( 'NONE',  ( -0.000000000000000000, -1.000000000000000000, -0.000000000000000000 ) ) ;
#6193 = CARTESIAN_POINT ( 'NONE',  ( 9.606967333087576222, 2.257089604130888993, 2.777044024017675028 ) ) ;
#6194 = EDGE_CURVE ( 'NONE', #4437, #2797, #7115, .T. ) ;
#6195 = AXIS2_PLACEMENT_3D ( 'NONE', #5081, #6679, #1712 ) ;
#6196 = CARTESIAN_POINT ( 'NONE',  ( 8.260368511126632285, 2.500000000000000444, 8.260368511126834790 ) ) ;
#6197 = VERTEX_POINT ( 'NONE', #3269 ) ;
#6198 = CARTESIAN_POINT ( 'NONE',  ( -9.980840721418799077, 1.867388762198070706, 0.6290766711811024425 ) ) ;
#6199 = CIRCLE ( 'NONE', #3090, 2.000000000000000000 ) ;
#6200 = CARTESIAN_POINT ( 'NONE',  ( 0.5673463196692631882, 8.000000000000000000, -2.333234819276247318 ) ) ;
#6201 = ADVANCED_FACE ( 'NONE', ( #3198 ), #325, .T. ) ;
#6202 = EDGE_LOOP ( 'NONE', ( #3993, #1209, #552, #5985 ) ) ;
#6203 = AXIS2_PLACEMENT_3D ( 'NONE', #4586, #2330, #3591 ) ;
#6204 = CARTESIAN_POINT ( 'NONE',  ( 9.529747859751843464, 1.975531022569853468, -3.032607996840858799 ) ) ;
#6205 = ORIENTED_EDGE ( 'NONE', *, *, #5282, .F. ) ;
#6206 = FACE_OUTER_BOUND ( 'NONE', #4101, .T. ) ;
#6207 = DIRECTION ( 'NONE',  ( 0.000000000000000000, -1.000000000000000000, -0.000000000000000000 ) ) ;
#6208 = CARTESIAN_POINT ( 'NONE',  ( -7.381682485265572247, 2.024215165943784811, 6.747289020923044056 ) ) ;
#6209 = CARTESIAN_POINT ( 'NONE',  ( 4.869582161062490755, 2.371852820628066905, 8.734252662744644624 ) ) ;
#6210 = EDGE_LOOP ( 'NONE', ( #3789, #1234, #6928 ) ) ;
#6211 = ORIENTED_EDGE ( 'NONE', *, *, #2175, .T. ) ;
#6212 = CARTESIAN_POINT ( 'NONE',  ( -8.827500525282450994, 2.314666110110170649, 4.501049684337815826 ) ) ;
#6213 = DIRECTION ( 'NONE',  ( 0.000000000000000000, 1.000000000000000000, 0.000000000000000000 ) ) ;
#6214 = CARTESIAN_POINT ( 'NONE',  ( 4.470479223992089857, 2.500000000000000444, 10.79269157286926628 ) ) ;
#6215 = CARTESIAN_POINT ( 'NONE',  ( 4.869582161062490755, 2.500000000000000444, 8.734252662744646400 ) ) ;
#6216 = FACE_OUTER_BOUND ( 'NONE', #5991, .T. ) ;
#6217 = EDGE_CURVE ( 'NONE', #2594, #4349, #1520, .T. ) ;
#6218 = EDGE_CURVE ( 'NONE', #348, #4286, #6457, .T. ) ;
#6219 = ORIENTED_EDGE ( 'NONE', *, *, #6057, .T. ) ;
#6220 = CARTESIAN_POINT ( 'NONE',  ( 1.098630827246563912, 2.500000000000000444, 9.436260398347616984 ) ) ;
#6221 = CIRCLE ( 'NONE', #2991, 2.000000000000000000 ) ;
#6222 = DIRECTION ( 'NONE',  ( 0.000000000000000000, 0.000000000000000000, 1.000000000000000000 ) ) ;
#6223 = CIRCLE ( 'NONE', #4596, 0.5000000000000004441 ) ;
#6224 = CARTESIAN_POINT ( 'NONE',  ( 0.8470067704477918236, 2.377840714399286792, -9.883052937361807011 ) ) ;
#6225 = CARTESIAN_POINT ( 'NONE',  ( -9.376460923696699368, 2.242561475665997950, -3.154773929212216110 ) ) ;
#6226 = CARTESIAN_POINT ( 'NONE',  ( 8.796570338259673605, 2.500000000000000444, 4.594978287206126666 ) ) ;
#6227 = CIRCLE ( 'NONE', #328, 2.000000000000000000 ) ;
#6228 = EDGE_CURVE ( 'NONE', #1243, #3325, #2652, .T. ) ;
#6229 = CARTESIAN_POINT ( 'NONE',  ( 3.594033116304640618, 1.779361857681295289, -9.332649232411196039 ) ) ;
#6230 = ORIENTED_EDGE ( 'NONE', *, *, #1670, .F. ) ;
#6231 = PLANE ( 'NONE',  #6443 ) ;
#6232 = PRESENTATION_LAYER_ASSIGNMENT (  '', '', ( #5318 ) ) ;
#6233 = CARTESIAN_POINT ( 'NONE',  ( -6.432881416101461802, 2.314916786199594956, -7.536785282756087945 ) ) ;
#6234 = CARTESIAN_POINT ( 'NONE',  ( 5.095752233843723986E-17, 2.500000000000000444, -11.68192517863507618 ) ) ;
#6235 = LINE ( 'NONE', #4100, #6716 ) ;
#6236 = VECTOR ( 'NONE', #616, 1000.000000000000000 ) ;
#6237 = ORIENTED_EDGE ( 'NONE', *, *, #2799, .F. ) ;
#6238 = CARTESIAN_POINT ( 'NONE',  ( -1.156453502364804375, 2.500000000000000444, -9.932905682471176334 ) ) ;
#6239 = DIRECTION ( 'NONE',  ( 0.000000000000000000, 0.000000000000000000, 1.000000000000000000 ) ) ;
#6240 = CIRCLE ( 'NONE', #5904, 0.5000000000000002220 ) ;
#6241 = VERTEX_POINT ( 'NONE', #6010 ) ;
#6242 = CARTESIAN_POINT ( 'NONE',  ( -7.449293024680316400, 10.00000000000000000, 5.895594408747025561 ) ) ;
#6243 = DIRECTION ( 'NONE',  ( 0.9716864685947458335, 0.000000000000000000, -0.2362740077746005307 ) ) ;
#6244 = EDGE_CURVE ( 'NONE', #5312, #5955, #6418, .T. ) ;
#6245 = CARTESIAN_POINT ( 'NONE',  ( -9.560831454120858552, 2.051189550670909689, 2.932010965673084613 ) ) ;
#6246 = EDGE_CURVE ( 'NONE', #1869, #5207, #6490, .T. ) ;
#6247 = EDGE_CURVE ( 'NONE', #1940, #6060, #3622, .T. ) ;
#6248 = VECTOR ( 'NONE', #740, 1000.000000000000000 ) ;
#6249 = EDGE_CURVE ( 'NONE', #1313, #5596, #4237, .T. ) ;
#6250 = CARTESIAN_POINT ( 'NONE',  ( -8.734252662744593110, 9.500000000000000000, 4.869582161062587566 ) ) ;
#6251 = AXIS2_PLACEMENT_3D ( 'NONE', #3767, #4815, #7023 ) ;
#6252 = EDGE_LOOP ( 'NONE', ( #4833, #5710 ) ) ;
#6253 = VERTEX_POINT ( 'NONE', #3738 ) ;
#6254 = VERTEX_POINT ( 'NONE', #3670 ) ;
#6255 = CIRCLE ( 'NONE', #6018, 2.500000000000000444 ) ;
#6256 = DIRECTION ( 'NONE',  ( 0.000000000000000000, 1.000000000000000000, 0.000000000000000000 ) ) ;
#6257 = CARTESIAN_POINT ( 'NONE',  ( 4.061684449357134241, 1.779716818039801085, 9.138852710299566695 ) ) ;
#6258 = ORIENTED_EDGE ( 'NONE', *, *, #3857, .T. ) ;
#6259 = DIRECTION ( 'NONE',  ( -0.06224953160690815251, 0.000000000000000000, 0.9980606173047409380 ) ) ;
#6260 = CARTESIAN_POINT ( 'NONE',  ( 2.168404344971008868E-16, 8.000000000000000000, -3.149999999999999911 ) ) ;
#6261 = DIRECTION ( 'NONE',  ( -0.3799932884734116278, 0.000000000000000000, -0.9249892435672766311 ) ) ;
#6262 = ADVANCED_FACE ( 'NONE', ( #913 ), #5395, .T. ) ;
#6263 = ORIENTED_EDGE ( 'NONE', *, *, #2922, .F. ) ;
#6264 = CARTESIAN_POINT ( 'NONE',  ( 4.470479223992252393, 2.293003971280350051, -8.837551326248092920 ) ) ;
#6265 = CARTESIAN_POINT ( 'NONE',  ( 0.000000000000000000, 9.500000000000000000, 7.543744331762958666 ) ) ;
#6266 = CARTESIAN_POINT ( 'NONE',  ( -4.392294266126667956, 1.864094386502768597, -8.984463655236304191 ) ) ;
#6267 = CARTESIAN_POINT ( 'NONE',  ( 8.734252662744529161, 2.500000000000000444, 4.869582161062705694 ) ) ;
#6268 = VECTOR ( 'NONE', #6334, 1000.000000000000000 ) ;
#6269 = DIRECTION ( 'NONE',  ( 0.000000000000000000, 0.000000000000000000, -1.000000000000000000 ) ) ;
#6270 = ORIENTED_EDGE ( 'NONE', *, *, #4600, .T. ) ;
#6271 = LINE ( 'NONE', #6386, #5548 ) ;
#6272 = EDGE_CURVE ( 'NONE', #6526, #2006, #4646, .T. ) ;
#6273 = CARTESIAN_POINT ( 'NONE',  ( 9.238422349479496082E-16, 10.00000000000000000, -7.543744331762958666 ) ) ;
#6274 = CIRCLE ( 'NONE', #1996, 0.5000000000000004441 ) ;
#6275 = CARTESIAN_POINT ( 'NONE',  ( -9.579266327989099494, 2.500000000000000888, 2.873880030200249180 ) ) ;
#6276 = FILL_AREA_STYLE_COLOUR ( '', #1253 ) ;
#6277 = CARTESIAN_POINT ( 'NONE',  ( 10.79269157286925029, 9.500000000000000000, -4.470479223992127160 ) ) ;
#6278 = ORIENTED_EDGE ( 'NONE', *, *, #3666, .T. ) ;
#6279 = CARTESIAN_POINT ( 'NONE',  ( 2.777044024017649715, 2.257089604130915195, -9.606967333087583327 ) ) ;
#6280 = ORIENTED_EDGE ( 'NONE', *, *, #4938, .T. ) ;
#6281 = DIRECTION ( 'NONE',  ( -0.000000000000000000, -1.000000000000000000, -0.000000000000000000 ) ) ;
#6282 = CARTESIAN_POINT ( 'NONE',  ( -9.332714570764917283, 1.779448407880938943, 3.593834903188237728 ) ) ;
#6283 = DIRECTION ( 'NONE',  ( 0.000000000000000000, 0.000000000000000000, 1.000000000000000000 ) ) ;
#6284 = CARTESIAN_POINT ( 'NONE',  ( -6.681597265112774409, 2.164715090713899226, 7.250902820713593044 ) ) ;
#6285 = CARTESIAN_POINT ( 'NONE',  ( 3.362573923337114579, 1.827040335878404642, 9.418508755680752742 ) ) ;
#6286 = EDGE_CURVE ( 'NONE', #6066, #2666, #4186, .T. ) ;
#6287 = ORIENTED_EDGE ( 'NONE', *, *, #3958, .T. ) ;
#6288 = ORIENTED_EDGE ( 'NONE', *, *, #7031, .T. ) ;
#6289 = EDGE_LOOP ( 'NONE', ( #1816, #5481, #1733, #6793 ) ) ;
#6290 = CARTESIAN_POINT ( 'NONE',  ( 9.955088514328229721, 2.051189550670913686, 0.9499468768431417187 ) ) ;
#6291 = CARTESIAN_POINT ( 'NONE',  ( 3.577627445398981809, 2.139924804626892385, 9.172514644783548832 ) ) ;
#6292 = ORIENTED_EDGE ( 'NONE', *, *, #2405, .F. ) ;
#6293 = LINE ( 'NONE', #6872, #3227 ) ;
#6294 = CARTESIAN_POINT ( 'NONE',  ( 9.619363854055794860, 10.00000000000000000, -2.732734718790841288 ) ) ;
#6295 = CARTESIAN_POINT ( 'NONE',  ( -6.619703835945475845, 1.864094386502769929, 7.496156162786368427 ) ) ;
#6296 = VERTEX_POINT ( 'NONE', #2064 ) ;
#6297 = CARTESIAN_POINT ( 'NONE',  ( -2.596097982851402808, 9.500000000000000000, 9.138395661352975097 ) ) ;
#6298 = DIRECTION ( 'NONE',  ( -1.000000000000000000, 0.000000000000000000, 0.000000000000000000 ) ) ;
#6299 = CARTESIAN_POINT ( 'NONE',  ( 2.732734760821899922, 2.376055744299664152, 9.619363842115323138 ) ) ;
#6300 = CARTESIAN_POINT ( 'NONE',  ( -3.362573923337184745, 1.827040335878405086, -9.418508755680731426 ) ) ;
#6301 = CARTESIAN_POINT ( 'NONE',  ( 8.260368511126804592, 2.500000000000000444, -8.260368511126660707 ) ) ;
#6302 = CARTESIAN_POINT ( 'NONE',  ( -9.334189340898261023, 1.779716818039815074, -3.590100106537511770 ) ) ;
#6303 = ADVANCED_FACE ( 'NONE', ( #4270 ), #5945, .T. ) ;
#6304 = CARTESIAN_POINT ( 'NONE',  ( 4.869582161062683490, 2.372020242595190176, -8.734252662744545148 ) ) ;
#6305 = EDGE_LOOP ( 'NONE', ( #5570, #627, #5756, #431 ) ) ;
#6306 = DIRECTION ( 'NONE',  ( -1.000000000000000000, 0.000000000000000000, 0.000000000000000000 ) ) ;
#6307 = SPHERICAL_SURFACE ( 'NONE', #4985, 0.5000000000000000000 ) ;
#6308 = PRESENTATION_STYLE_ASSIGNMENT (( #182 ) ) ;
#6309 = VECTOR ( 'NONE', #1818, 1000.000000000000000 ) ;
#6310 = CIRCLE ( 'NONE', #2724, 0.5000000000000004441 ) ;
#6311 = CARTESIAN_POINT ( 'NONE',  ( 0.2270269566659271765, 1.992695579455239896, 9.998077438046244936 ) ) ;
#6312 = ADVANCED_FACE ( 'NONE', ( #1004 ), #3230, .T. ) ;
#6313 = ORIENTED_EDGE ( 'NONE', *, *, #5778, .T. ) ;
#6314 = CARTESIAN_POINT ( 'NONE',  ( -6.667061058747221658, 2.048970607329140048, -7.454194763269635260 ) ) ;
#6315 = ORIENTED_EDGE ( 'NONE', *, *, #5363, .F. ) ;
#6316 = DIRECTION ( 'NONE',  ( 0.000000000000000000, 0.000000000000000000, 1.000000000000000000 ) ) ;
#6317 = CIRCLE ( 'NONE', #3314, 0.5000000000000004441 ) ;
#6318 = CARTESIAN_POINT ( 'NONE',  ( -6.619520378501466240, 2.183694385698125018, 7.321179991124070696 ) ) ;
#6319 = AXIS2_PLACEMENT_3D ( 'NONE', #3413, #5612, #5798 ) ;
#6320 = DIRECTION ( 'NONE',  ( 0.9971414314842893534, 0.000000000000000000, -0.07555769727474681563 ) ) ;
#6321 = AXIS2_PLACEMENT_3D ( 'NONE', #3977, #3735, #1203 ) ;
#6322 = EDGE_LOOP ( 'NONE', ( #6025, #5636, #4757, #1936 ) ) ;
#6323 = ORIENTED_EDGE ( 'NONE', *, *, #2836, .F. ) ;
#6324 = CARTESIAN_POINT ( 'NONE',  ( 1.098630827246567243, 9.500000000000000000, 9.436260398347616984 ) ) ;
#6325 = CARTESIAN_POINT ( 'NONE',  ( 3.306964416653572769, 2.048970607329088534, 9.438151782886803787 ) ) ;
#6326 = ORIENTED_EDGE ( 'NONE', *, *, #5469, .T. ) ;
#6327 = AXIS2_PLACEMENT_3D ( 'NONE', #4666, #6802, #1766 ) ;
#6328 = CARTESIAN_POINT ( 'NONE',  ( 0.4983481647250191382, 1.827222682248296870, -9.988334991364576254 ) ) ;
#6329 = FACE_OUTER_BOUND ( 'NONE', #131, .T. ) ;
#6330 = DIRECTION ( 'NONE',  ( 0.000000000000000000, 1.000000000000000000, 0.000000000000000000 ) ) ;
#6331 = ORIENTED_EDGE ( 'NONE', *, *, #2226, .T. ) ;
#6332 = CARTESIAN_POINT ( 'NONE',  ( -6.245516373440888280, 2.248135892564180782, -7.810231214632233687 ) ) ;
#6333 = DIRECTION ( 'NONE',  ( 0.3799932884734115168, 0.000000000000000000, 0.9249892435672767421 ) ) ;
#6334 = DIRECTION ( 'NONE',  ( -0.000000000000000000, -1.000000000000000000, -0.000000000000000000 ) ) ;
#6335 = CARTESIAN_POINT ( 'NONE',  ( 2.732734718790808870, 2.500000000000000444, 9.619363854055801966 ) ) ;
#6336 = EDGE_CURVE ( 'NONE', #508, #3044, #4068, .T. ) ;
#6337 = CARTESIAN_POINT ( 'NONE',  ( -2.732734718790876371, 2.372020242595189732, -9.619363854055785978 ) ) ;
#6338 = CARTESIAN_POINT ( 'NONE',  ( 3.786949570289242395, 2.130141866891319680, -9.081451439025260086 ) ) ;
#6339 = CARTESIAN_POINT ( 'NONE',  ( -6.368549229222938202, 9.500000000000000000, -7.611508121969626117 ) ) ;
#6340 = ADVANCED_FACE ( 'NONE', ( #5463 ), #5614, .F. ) ;
#6341 = ADVANCED_FACE ( 'NONE', ( #1185 ), #7161, .T. ) ;
#6342 = CIRCLE ( 'NONE', #6803, 0.5000000000000000000 ) ;
#6343 = CARTESIAN_POINT ( 'NONE',  ( -9.932905682471174558, 10.00000000000000000, -1.156453502364842123 ) ) ;
#6344 = VERTEX_POINT ( 'NONE', #2331 ) ;
#6345 = CARTESIAN_POINT ( 'NONE',  ( 0.000000000000000000, 9.500000000000000000, 0.000000000000000000 ) ) ;
#6346 = DIRECTION ( 'NONE',  ( -0.5249775667251623812, 0.000000000000000000, -0.8511160640214281425 ) ) ;
#6347 = CARTESIAN_POINT ( 'NONE',  ( -6.368549229222937313, 2.500000000000000444, -7.611508121969626117 ) ) ;
#6348 = AXIS2_PLACEMENT_3D ( 'NONE', #280, #2498, #6904 ) ;
#6349 = CARTESIAN_POINT ( 'NONE',  ( -8.260368511126690905, 9.500000000000000000, -8.260368511126776170 ) ) ;
#6350 = CARTESIAN_POINT ( 'NONE',  ( 1.010707506679200174, 2.410376625841616605, 9.949874378253726448 ) ) ;
#6351 = ORIENTED_EDGE ( 'NONE', *, *, #574, .T. ) ;
#6352 = CARTESIAN_POINT ( 'NONE',  ( -6.888520213642583379, 1.779849606445611521, -7.250099490762303311 ) ) ;
#6353 = ORIENTED_EDGE ( 'NONE', *, *, #4174, .T. ) ;
#6355 = CARTESIAN_POINT ( 'NONE',  ( -0.9124482025973559285, 0.000000000000000000, -2.221104420305847427 ) ) ;
#6354 = AXIS2_PLACEMENT_3D ( 'NONE', #2447, #1267, #5264 ) ;
#6356 = CARTESIAN_POINT ( 'NONE',  ( -1.851523544721291881, 8.000000000000000000, -2.548403532281083628 ) ) ;
#6357 = CARTESIAN_POINT ( 'NONE',  ( -1.851523544721287884, 0.000000000000000000, 2.548403532281085848 ) ) ;
#6358 = AXIS2_PLACEMENT_3D ( 'NONE', #6604, #4974, #3856 ) ;
#6359 = CARTESIAN_POINT ( 'NONE',  ( -9.999987203446849549, 1.768638744481566771, 0.1262714215555171549 ) ) ;
#6360 = CARTESIAN_POINT ( 'NONE',  ( 4.869582161062490755, 2.500000000000000444, 8.734252662744646400 ) ) ;
#6361 = VERTEX_POINT ( 'NONE', #1113 ) ;
#6362 = ORIENTED_EDGE ( 'NONE', *, *, #4438, .F. ) ;
#6363 = VERTEX_POINT ( 'NONE', #3840 ) ;
#6364 = CARTESIAN_POINT ( 'NONE',  ( -8.260368511126690905, 10.00000000000000000, -8.260368511126776170 ) ) ;
#6365 = AXIS2_PLACEMENT_3D ( 'NONE', #6883, #6919, #4172 ) ;
#6366 = CARTESIAN_POINT ( 'NONE',  ( 6.720854740644856662, 2.147145517465060216, 7.206383511017152799 ) ) ;
#6367 = ORIENTED_EDGE ( 'NONE', *, *, #4395, .F. ) ;
#6368 = VECTOR ( 'NONE', #5031, 1000.000000000000000 ) ;
#6369 = DIRECTION ( 'NONE',  ( -0.000000000000000000, -1.000000000000000000, 0.000000000000000000 ) ) ;
#6370 = CARTESIAN_POINT ( 'NONE',  ( -10.79269157286921654, 9.500000000000000000, 4.470479223992207096 ) ) ;
#6371 = LINE ( 'NONE', #4624, #7171 ) ;
#6372 = AXIS2_PLACEMENT_3D ( 'NONE', #6063, #5007, #5601 ) ;
#6373 = EDGE_LOOP ( 'NONE', ( #45, #6461, #204, #3213 ) ) ;
#6374 = DIRECTION ( 'NONE',  ( -0.6617183646064958014, -1.147898381567867431E-15, 0.7497524964563337946 ) ) ;
#6375 = CARTESIAN_POINT ( 'NONE',  ( -2.970974267493340371, 2.438513403071547625, 9.469254802398012316 ) ) ;
#6376 = LINE ( 'NONE', #6949, #3593 ) ;
#6377 = FACE_OUTER_BOUND ( 'NONE', #742, .T. ) ;
#6378 = AXIS2_PLACEMENT_3D ( 'NONE', #5322, #2574, #2122 ) ;
#6379 = DIRECTION ( 'NONE',  ( 0.000000000000000000, 0.000000000000000000, 1.000000000000000000 ) ) ;
#6380 = ADVANCED_FACE ( 'NONE', ( #608 ), #6622, .T. ) ;
#6381 = CARTESIAN_POINT ( 'NONE',  ( 8.925391867974822091, 2.127032157860169193, 4.511883185549330655 ) ) ;
#6382 = EDGE_CURVE ( 'NONE', #5168, #316, #6586, .T. ) ;
#6383 =( BOUNDED_SURFACE ( )  B_SPLINE_SURFACE ( 3, 2, ( 
 ( #5057, #4478, #6069 ),
 ( #5014, #3372, #5675 ),
 ( #5572, #1102, #6649 ),
 ( #3327, #5529, #558 ),
 ( #2819, #780, #2460 ),
 ( #5246, #4081, #4659 ),
 ( #198, #5713, #4045 ),
 ( #4115, #3043, #6257 ),
 ( #746, #1905, #6868 ),
 ( #3515, #5751, #1289 ),
 ( #6291, #3548, #2967 ),
 ( #241, #1321, #5171 ),
 ( #3003, #6325, #2426 ),
 ( #4618, #6834, #1359 ),
 ( #5211, #3584, #1872 ),
 ( #823, #5790, #1334 ),
 ( #4229, #4090, #6299 ),
 ( #5870, #6413, #6335 ) ),
 .UNSPECIFIED., .F., .F., .F. ) 
 B_SPLINE_SURFACE_WITH_KNOTS ( ( 4, 2, 2, 2, 2, 2, 2, 2, 4 ),
 ( 3, 3 ),
 ( -2.710505431213761085E-20, 0.0003645422052340774885, 0.0007290844104681549771, 0.001093626615702232574, 0.001458168820936309954, 0.001822711026170387551, 0.002187253231404465148, 0.002551795436638542528, 0.002916337641872619908 ),
 ( 0.000000000000000000, 1.000000000000000000 ),
 .UNSPECIFIED. ) 
 GEOMETRIC_REPRESENTATION_ITEM ( )  RATIONAL_B_SPLINE_SURFACE ( (
 ( 1.000000000000000000, 0.9595359398070245627, 1.000000000000000000),
 ( 1.000000000000000000, 0.9595833763010221951, 1.000000000000000000),
 ( 1.000000000000000000, 0.9570685609626672363, 1.000000000000000000),
 ( 1.000000000000000000, 0.9488880332095439574, 1.000000000000000000),
 ( 1.000000000000000000, 0.9432547151588552836, 1.000000000000000000),
 ( 1.000000000000000000, 0.9321826025349291278, 1.000000000000000000),
 ( 1.000000000000000000, 0.9268523530654905196, 1.000000000000000000),
 ( 1.000000000000000000, 0.9192073681285154452, 1.000000000000000000),
 ( 1.000000000000000000, 0.9170514797511036820, 1.000000000000000000),
 ( 1.000000000000000000, 0.9170288608893654159, 1.000000000000000000),
 ( 1.000000000000000000, 0.9192260099103836124, 1.000000000000000000),
 ( 1.000000000000000000, 0.9267996068665919074, 1.000000000000000000),
 ( 1.000000000000000000, 0.9321812854750158861, 1.000000000000000000),
 ( 1.000000000000000000, 0.9432160661325362794, 1.000000000000000000),
 ( 1.000000000000000000, 0.9488445939139728003, 1.000000000000000000),
 ( 1.000000000000000000, 0.9570263305979319624, 1.000000000000000000),
 ( 1.000000000000000000, 0.9595878455022883724, 1.000000000000000000),
 ( 1.000000000000000000, 0.9595359398070242296, 1.000000000000000000) ) ) 
 REPRESENTATION_ITEM ( '' )  SURFACE ( )  );
#6384 = CARTESIAN_POINT ( 'NONE',  ( -8.796570338259705579, 10.00001200000000168, -4.594978287206068934 ) ) ;
#6385 = ORIENTED_EDGE ( 'NONE', *, *, #6026, .T. ) ;
#6386 = CARTESIAN_POINT ( 'NONE',  ( -2.970974231079500427, 10.00001200000000168, -9.469254843656241150 ) ) ;
#6387 = FACE_OUTER_BOUND ( 'NONE', #332, .T. ) ;
#6388 = ADVANCED_FACE ( 'NONE', ( #2214 ), #6701, .T. ) ;
#6389 = CARTESIAN_POINT ( 'NONE',  ( 7.449293024680232911, 10.00001200000000168, 5.895594408747131254 ) ) ;
#6390 = AXIS2_PLACEMENT_3D ( 'NONE', #6265, #6298, #170 ) ;
#6391 = CARTESIAN_POINT ( 'NONE',  ( 1.156453502364808372, 2.500000000000000444, 9.932905682471176334 ) ) ;
#6392 = ORIENTED_EDGE ( 'NONE', *, *, #6554, .F. ) ;
#6393 = CARTESIAN_POINT ( 'NONE',  ( 0.000000000000000000, 9.500000000000000000, 0.000000000000000000 ) ) ;
#6394 = AXIS2_PLACEMENT_3D ( 'NONE', #4337, #7058, #6458 ) ;
#6395 = VERTEX_POINT ( 'NONE', #5539 ) ;
#6396 = DIRECTION ( 'NONE',  ( 0.000000000000000000, 1.000000000000000000, 0.000000000000000000 ) ) ;
#6397 = AXIS2_PLACEMENT_3D ( 'NONE', #6147, #1177, #2745 ) ;
#6398 = DIRECTION ( 'NONE',  ( 1.000000000000000000, -1.734723475976805517E-15, 0.000000000000000000 ) ) ;
#6399 = FACE_OUTER_BOUND ( 'NONE', #6955, .T. ) ;
#6400 = DIRECTION ( 'NONE',  ( 0.000000000000000000, 1.000000000000000000, 0.000000000000000000 ) ) ;
#6401 = SPHERICAL_SURFACE ( 'NONE', #3933, 0.5000000000000000000 ) ;
#6402 = VERTEX_POINT ( 'NONE', #4950 ) ;
#6403 = EDGE_LOOP ( 'NONE', ( #3476, #6938, #4999, #1747 ) ) ;
#6404 = ORIENTED_EDGE ( 'NONE', *, *, #3349, .F. ) ;
#6405 = CARTESIAN_POINT ( 'NONE',  ( 6.909176054700075120, 1.992695579455316057, -7.230240655841215336 ) ) ;
#6406 = VERTEX_POINT ( 'NONE', #6080 ) ;
#6407 = LINE ( 'NONE', #3077, #793 ) ;
#6408 = DIRECTION ( 'NONE',  ( 0.000000000000000000, 1.000000000000000000, 0.000000000000000000 ) ) ;
#6409 = CARTESIAN_POINT ( 'NONE',  ( -7.711024474176517707, 2.051189550670911910, 6.367596717411105445 ) ) ;
#6410 = EDGE_LOOP ( 'NONE', ( #4143, #3138, #4628, #6351 ) ) ;
#6411 = LINE ( 'NONE', #3154, #3761 ) ;
#6412 = CARTESIAN_POINT ( 'NONE',  ( -4.400639730061388200, 1.867418461490462978, 8.980379107744514755 ) ) ;
#6413 = CARTESIAN_POINT ( 'NONE',  ( 2.873880030200147928, 2.500000000000000888, 9.579266327989124363 ) ) ;
#6414 = DIRECTION ( 'NONE',  ( 0.000000000000000000, 0.000000000000000000, 1.000000000000000000 ) ) ;
#6415 = CARTESIAN_POINT ( 'NONE',  ( -4.603674570840312619, 1.982312691401809435, -8.878012131685462549 ) ) ;
#6416 = CARTESIAN_POINT ( 'NONE',  ( -1.098630827246567909, 9.500000000000000000, 9.436260398347616984 ) ) ;
#6417 = ORIENTED_EDGE ( 'NONE', *, *, #2081, .T. ) ;
#6418 = LINE ( 'NONE', #7022, #369 ) ;
#6419 = CARTESIAN_POINT ( 'NONE',  ( -9.529747859751815042, 1.975531022569852579, 3.032607996840927189 ) ) ;
#6420 = CARTESIAN_POINT ( 'NONE',  ( 1.987831504145222361, 8.000000000000000000, -1.987831504145223693 ) ) ;
#6421 = CARTESIAN_POINT ( 'NONE',  ( -9.138395661352966215, 9.500000000000000000, -2.596097982851432562 ) ) ;
#6422 = CARTESIAN_POINT ( 'NONE',  ( 0.1284310849190170023, 1.768641139221981184, 9.999986698273103158 ) ) ;
#6423 =( BOUNDED_SURFACE ( )  B_SPLINE_SURFACE ( 3, 2, ( 
 ( #878, #7088, #6391 ),
 ( #4142, #6350, #843 ),
 ( #4910, #295, #1967 ),
 ( #4678, #2517, #5810 ),
 ( #3061, #1416, #6963 ),
 ( #1928, #5460, #1574 ),
 ( #490, #2169, #2129 ),
 ( #3795, #6311, #4330 ),
 ( #2004, #2554, #6422 ),
 ( #5338, #5265, #1347 ),
 ( #4178, #4713, #917 ),
 ( #2714, #7120, #3571 ),
 ( #6546, #1452, #5770 ),
 ( #2481, #3675, #6924 ),
 ( #3133, #804, #3027 ),
 ( #5232, #370, #2593 ),
 ( #4787, #6887, #261 ),
 ( #3640, #5841, #3100 ) ),
 .UNSPECIFIED., .F., .F., .T. ) 
 B_SPLINE_SURFACE_WITH_KNOTS ( ( 4, 2, 2, 2, 2, 2, 2, 2, 4 ),
 ( 3, 3 ),
 ( -9.215718466126787689E-19, 0.0003645422052340796569, 0.0007290844104681602897, 0.001093626615702240814, 0.001458168820936321447, 0.001822711026170402079, 0.002187253231404482495, 0.002551795436638562911, 0.002916337641872643761 ),
 ( 0.000000000000000000, 1.000000000000000000 ),
 .UNSPECIFIED. ) 
 GEOMETRIC_REPRESENTATION_ITEM ( )  RATIONAL_B_SPLINE_SURFACE ( (
 ( 1.000000000000000000, 0.9595359398070240076, 1.000000000000000000),
 ( 1.000000000000000000, 0.9595833763010070960, 1.000000000000000000),
 ( 1.000000000000000000, 0.9570685609626875534, 1.000000000000000000),
 ( 1.000000000000000000, 0.9488880332095234182, 1.000000000000000000),
 ( 1.000000000000000000, 0.9432547151588540624, 1.000000000000000000),
 ( 1.000000000000000000, 0.9321826025349290168, 1.000000000000000000),
 ( 1.000000000000000000, 0.9268523530654622089, 1.000000000000000000),
 ( 1.000000000000000000, 0.9192073681285430897, 1.000000000000000000),
 ( 1.000000000000000000, 0.9170514797510966876, 1.000000000000000000),
 ( 1.000000000000000000, 0.9170288608893719662, 1.000000000000000000),
 ( 1.000000000000000000, 0.9192260099104104798, 1.000000000000000000),
 ( 1.000000000000000000, 0.9267996068665648179, 1.000000000000000000),
 ( 1.000000000000000000, 0.9321812854749950139, 1.000000000000000000),
 ( 1.000000000000000000, 0.9432160661325560413, 1.000000000000000000),
 ( 1.000000000000000000, 0.9488445939139590335, 1.000000000000000000),
 ( 1.000000000000000000, 0.9570263305979455071, 1.000000000000000000),
 ( 1.000000000000000000, 0.9595878455022781583, 1.000000000000000000),
 ( 1.000000000000000000, 0.9595359398070241186, 1.000000000000000000) ) ) 
 REPRESENTATION_ITEM ( '' )  SURFACE ( )  );
#6424 = VERTEX_POINT ( 'NONE', #5501 ) ;
#6425 = CARTESIAN_POINT ( 'NONE',  ( 4.706451233693671021, 2.321832774718708858, -8.824555314844612752 ) ) ;
#6426 = VERTEX_POINT ( 'NONE', #567 ) ;
#6427 = VECTOR ( 'NONE', #4023, 1000.000000000000000 ) ;
#6428 = EDGE_CURVE ( 'NONE', #4911, #4156, #1629, .T. ) ;
#6429 = EDGE_CURVE ( 'NONE', #335, #3196, #2224, .T. ) ;
#6430 = FACE_OUTER_BOUND ( 'NONE', #1830, .T. ) ;
#6431 = ADVANCED_FACE ( 'NONE', ( #3913 ), #6046, .T. ) ;
#6432 = CARTESIAN_POINT ( 'NONE',  ( -9.932905682471179887, 2.500000000000000444, 1.156453502364769514 ) ) ;
#6433 = EDGE_CURVE ( 'NONE', #5275, #7028, #3836, .T. ) ;
#6434 = UNCERTAINTY_MEASURE_WITH_UNIT (LENGTH_MEASURE( 1.000000000000000082E-05 ), #260, 'distance_accuracy_value', 'NONE');
#6435 = DIRECTION ( 'NONE',  ( -0.6617183646064827007, 0.000000000000000000, -0.7497524964563451189 ) ) ;
#6436 = EDGE_LOOP ( 'NONE', ( #176, #5856, #1497, #3717 ) ) ;
#6437 = AXIS2_PLACEMENT_3D ( 'NONE', #5702, #4183, #5269 ) ;
#6438 = ORIENTED_EDGE ( 'NONE', *, *, #663, .F. ) ;
#6439 = ORIENTED_EDGE ( 'NONE', *, *, #2446, .F. ) ;
#6440 = CARTESIAN_POINT ( 'NONE',  ( 6.320945456729212708, 2.500000000000000000, -7.750301822741088031 ) ) ;
#6441 = ORIENTED_EDGE ( 'NONE', *, *, #5090, .F. ) ;
#6442 = DIRECTION ( 'NONE',  ( -0.5249775667251619371, 0.000000000000000000, -0.8511160640214283646 ) ) ;
#6443 = AXIS2_PLACEMENT_3D ( 'NONE', #4560, #5262, #6346 ) ;
#6444 = LINE ( 'NONE', #860, #207 ) ;
#6445 = CARTESIAN_POINT ( 'NONE',  ( 2.548403532281087180, 8.000000000000000000, -1.851523544721291881 ) ) ;
#6446 = VERTEX_POINT ( 'NONE', #3382 ) ;
#6447 = CIRCLE ( 'NONE', #2628, 0.5000000000000004441 ) ;
#6448 = CARTESIAN_POINT ( 'NONE',  ( -8.734252662744561135, 10.00000000000000000, -4.869582161062647963 ) ) ;
#6449 = CIRCLE ( 'NONE', #2515, 0.5000000000000004441 ) ;
#6450 = CARTESIAN_POINT ( 'NONE',  ( -4.237709641947824402, 2.024215165943655581, 9.058529816459570227 ) ) ;
#6451 = CARTESIAN_POINT ( 'NONE',  ( -9.885393354405104915, 10.00001200000000168, -0.8789046617972879893 ) ) ;
#6452 = EDGE_CURVE ( 'NONE', #5103, #1598, #5064, .T. ) ;
#6453 = DIRECTION ( 'NONE',  ( 0.000000000000000000, 1.000000000000000000, 0.000000000000000000 ) ) ;
#6454 = ADVANCED_FACE ( 'NONE', ( #3303 ), #1053, .F. ) ;
#6455 = CARTESIAN_POINT ( 'NONE',  ( 9.561040643706656184, 2.051666420109251376, 2.931332810158231883 ) ) ;
#6456 = ORIENTED_EDGE ( 'NONE', *, *, #954, .F. ) ;
#6457 = LINE ( 'NONE', #1481, #1874 ) ;
#6458 = DIRECTION ( 'NONE',  ( 0.000000000000000000, 0.000000000000000000, 1.000000000000000000 ) ) ;
#6459 = CARTESIAN_POINT ( 'NONE',  ( 0.000000000000000000, 9.500000000000000000, 0.000000000000000000 ) ) ;
#6460 = CARTESIAN_POINT ( 'NONE',  ( 3.930903099441905191, 1.985975370094092751, -9.195699807442997198 ) ) ;
#6461 = ORIENTED_EDGE ( 'NONE', *, *, #5917, .F. ) ;
#6462 = DIRECTION ( 'NONE',  ( 0.000000000000000000, 0.000000000000000000, -1.000000000000000000 ) ) ;
#6463 = VECTOR ( 'NONE', #3124, 1000.000000000000000 ) ;
#6464 = DIRECTION ( 'NONE',  ( -0.000000000000000000, -1.000000000000000000, -0.000000000000000000 ) ) ;
#6465 = CIRCLE ( 'NONE', #7033, 0.4999999999999998335 ) ;
#6466 = ORIENTED_EDGE ( 'NONE', *, *, #6665, .T. ) ;
#6467 = ORIENTED_EDGE ( 'NONE', *, *, #3246, .F. ) ;
#6468 = VERTEX_POINT ( 'NONE', #2827 ) ;
#6469 = ADVANCED_FACE ( 'NONE', ( #6157 ), #95, .F. ) ;
#6470 = EDGE_CURVE ( 'NONE', #6582, #5045, #1949, .T. ) ;
#6471 = AXIS2_PLACEMENT_3D ( 'NONE', #973, #7086, #6544 ) ;
#6472 = EDGE_CURVE ( 'NONE', #2461, #4046, #1990, .T. ) ;
#6473 = ORIENTED_EDGE ( 'NONE', *, *, #474, .T. ) ;
#6474 = AXIS2_PLACEMENT_3D ( 'NONE', #3495, #1853, #4641 ) ;
#6475 = EDGE_CURVE ( 'NONE', #5133, #1246, #2577, .T. ) ;
#6476 = CARTESIAN_POINT ( 'NONE',  ( -3.450969649951336038, 2.147342056939916866, 9.230052895555536097 ) ) ;
#6477 = DIRECTION ( 'NONE',  ( 0.000000000000000000, -1.000000000000000000, 0.000000000000000000 ) ) ;
#6478 = CARTESIAN_POINT ( 'NONE',  ( -4.470479223992246176, 10.00000000000000000, 10.79269157286920411 ) ) ;
#6479 = CIRCLE ( 'NONE', #4271, 0.5000000000000004441 ) ;
#6480 = ORIENTED_EDGE ( 'NONE', *, *, #4079, .F. ) ;
#6481 = FACE_OUTER_BOUND ( 'NONE', #2965, .T. ) ;
#6482 = CIRCLE ( 'NONE', #2077, 9.500000000000000000 ) ;
#6483 = CARTESIAN_POINT ( 'NONE',  ( -1.554148821017838911, 8.000000000000000000, -1.830433831214388185 ) ) ;
#6484 = CARTESIAN_POINT ( 'NONE',  ( 5.895594408746949178, 2.500000000000000000, 7.449293024680375019 ) ) ;
#6485 = CARTESIAN_POINT ( 'NONE',  ( 3.121481346010154923, 2.262551622224105330, -9.393270805526825029 ) ) ;
#6486 = CARTESIAN_POINT ( 'NONE',  ( -4.594978232284091746, 2.438513403071546737, -8.796570334834242999 ) ) ;
#6487 = EDGE_CURVE ( 'NONE', #2385, #596, #253, .T. ) ;
#6488 = CIRCLE ( 'NONE', #1268, 10.00000000000000000 ) ;
#6489 = CARTESIAN_POINT ( 'NONE',  ( 9.140450790375643564, 1.779448407880939831, 4.058000729357143399 ) ) ;
#6490 = LINE ( 'NONE', #7091, #6032 ) ;
#6491 = CIRCLE ( 'NONE', #940, 9.500000000000000000 ) ;
#6492 = CARTESIAN_POINT ( 'NONE',  ( 0.000000000000000000, 10.00000000000000000, 0.000000000000000000 ) ) ;
#6493 = CARTESIAN_POINT ( 'NONE',  ( -8.833773591331247843, 2.051189550670913686, -4.687283918649753467 ) ) ;
#6494 = DIRECTION ( 'NONE',  ( -0.4394523308986368337, -0.000000000000000000, 0.8982659121149788595 ) ) ;
#6495 = CARTESIAN_POINT ( 'NONE',  ( -10.79269157286918812, 9.500000000000000000, -4.470479223992283480 ) ) ;
#6496 = VERTEX_POINT ( 'NONE', #5105 ) ;
#6497 = LINE ( 'NONE', #376, #5387 ) ;
#6498 = CARTESIAN_POINT ( 'NONE',  ( -9.932905682471172781, 9.500000000000000000, -1.156453502364841679 ) ) ;
#6499 = AXIS2_PLACEMENT_3D ( 'NONE', #3870, #4526, #59 ) ;
#6500 = ORIENTED_EDGE ( 'NONE', *, *, #3461, .F. ) ;
#6501 = EDGE_LOOP ( 'NONE', ( #844, #4937, #2029, #1903 ) ) ;
#6502 = ORIENTED_EDGE ( 'NONE', *, *, #4082, .F. ) ;
#6503 = B_SPLINE_CURVE_WITH_KNOTS ( 'NONE', 3,
 ( #726, #2510, #4092, #5146, #1372, #3598, #4591, #6229, #5803, #6808, #5688, #6917, #1339, #836, #3056, #795, #6304, #5651 ),
 .UNSPECIFIED., .F., .F.,
 ( 4, 2, 2, 2, 2, 2, 2, 2, 4 ),
 ( 8.673617379884034509E-19, 0.0003765522689820497370, 0.0007531045379640986066, 0.001129656806946146771, 0.001506209075928195045, 0.001882761344910244619, 0.002259313613892293977, 0.002635865882874343334, 0.003012418151856393125 ),
 .UNSPECIFIED. ) ;
#6504 = CARTESIAN_POINT ( 'NONE',  ( 6.389094439621010757, 2.378544800989048635, -7.587710600652654236 ) ) ;
#6505 = ORIENTED_EDGE ( 'NONE', *, *, #1860, .F. ) ;
#6506 = AXIS2_PLACEMENT_3D ( 'NONE', #3757, #3407, #1725 ) ;
#6507 = CARTESIAN_POINT ( 'NONE',  ( -4.580000174694971449, 2.415123062616285843, -8.801527564620407418 ) ) ;
#6508 = EDGE_CURVE ( 'NONE', #4577, #6582, #1299, .T. ) ;
#6509 = LINE ( 'NONE', #5930, #5332 ) ;
#6510 = CARTESIAN_POINT ( 'NONE',  ( -7.841361078610859181, 2.500000000000000000, 6.205888851312659327 ) ) ;
#6511 = EDGE_LOOP ( 'NONE', ( #3103, #405, #5845 ) ) ;
#6512 = VECTOR ( 'NONE', #5124, 1000.000000000000000 ) ;
#6513 = CARTESIAN_POINT ( 'NONE',  ( 7.496156162786297372, 1.864094386502768819, 6.619703835945552228 ) ) ;
#6514 = CARTESIAN_POINT ( 'NONE',  ( -2.911304966065295652, 2.322848788353867100, 9.568061159331204379 ) ) ;
#6515 = CARTESIAN_POINT ( 'NONE',  ( 9.619363854055736240, 2.500000000000000444, 2.732734718791043349 ) ) ;
#6516 = DIRECTION ( 'NONE',  ( 0.000000000000000000, -1.000000000000000000, 0.000000000000000000 ) ) ;
#6517 = CARTESIAN_POINT ( 'NONE',  ( -3.355012593856879999, 1.829075679051542114, -9.421228362309024718 ) ) ;
#6518 = CARTESIAN_POINT ( 'NONE',  ( 8.796570338259767752, 10.00001200000000168, -4.594978287205941925 ) ) ;
#6519 = DIRECTION ( 'NONE',  ( 0.000000000000000000, 1.000000000000000000, 0.000000000000000000 ) ) ;
#6520 = DIRECTION ( 'NONE',  ( 0.000000000000000000, 0.000000000000000000, 1.000000000000000000 ) ) ;
#6521 = SPHERICAL_SURFACE ( 'NONE', #6005, 0.5000000000000000000 ) ;
#6522 = DIRECTION ( 'NONE',  ( -0.4869582161062552816, 0.000000000000000000, -0.8734252662744613760 ) ) ;
#6523 = CARTESIAN_POINT ( 'NONE',  ( -10.79269157286921654, 2.500000000000000444, 4.470479223992207096 ) ) ;
#6524 = ADVANCED_FACE ( 'NONE', ( #2436 ), #5139, .T. ) ;
#6525 = CARTESIAN_POINT ( 'NONE',  ( 9.885393354405099586, 2.500000000000000444, 0.8789046617973582665 ) ) ;
#6526 = VERTEX_POINT ( 'NONE', #4014 ) ;
#6527 = DIRECTION ( 'NONE',  ( 0.000000000000000000, 0.000000000000000000, 1.000000000000000000 ) ) ;
#6528 = EDGE_CURVE ( 'NONE', #3153, #4113, #2345, .T. ) ;
#6529 = DIRECTION ( 'NONE',  ( 0.000000000000000000, -1.000000000000000000, 0.000000000000000000 ) ) ;
#6530 = VERTEX_POINT ( 'NONE', #5254 ) ;
#6531 = ORIENTED_EDGE ( 'NONE', *, *, #1776, .T. ) ;
#6532 = VERTEX_POINT ( 'NONE', #680 ) ;
#6533 = DIRECTION ( 'NONE',  ( 0.9971414314842892423, 0.000000000000000000, 0.07555769727474859199 ) ) ;
#6534 = EDGE_LOOP ( 'NONE', ( #6909, #5825, #5925 ) ) ;
#6535 = EDGE_LOOP ( 'NONE', ( #3293, #1765, #2556, #6051 ) ) ;
#6536 = CARTESIAN_POINT ( 'NONE',  ( 9.436260398347627643, 9.500000000000000000, -1.098630827246465103 ) ) ;
#6537 = DIRECTION ( 'NONE',  ( 0.000000000000000000, 0.000000000000000000, -1.000000000000000000 ) ) ;
#6538 = CIRCLE ( 'NONE', #3428, 0.5000000000000004441 ) ;
#6539 = DIRECTION ( 'NONE',  ( 2.211772431870429045E-14, 0.000000000000000000, 1.000000000000000000 ) ) ;
#6540 = ORIENTED_EDGE ( 'NONE', *, *, #1951, .F. ) ;
#6541 = DIRECTION ( 'NONE',  ( 0.6472324890273797315, 0.000000000000000000, -0.7622926637108760062 ) ) ;
#6542 = VECTOR ( 'NONE', #5730, 1000.000000000000000 ) ;
#6543 = CARTESIAN_POINT ( 'NONE',  ( 9.998058371801505473, 1.992783053389847403, 0.2274354203459213741 ) ) ;
#6544 = DIRECTION ( 'NONE',  ( 0.000000000000000000, 0.000000000000000000, 1.000000000000000000 ) ) ;
#6545 = CARTESIAN_POINT ( 'NONE',  ( -3.672401390134566679, 2.134257748930194154, -9.130609167219395417 ) ) ;
#6546 = CARTESIAN_POINT ( 'NONE',  ( -0.4960991014861228510, 2.183709232977782300, 9.857561987693552297 ) ) ;
#6547 = ORIENTED_EDGE ( 'NONE', *, *, #3461, .T. ) ;
#6548 = CIRCLE ( 'NONE', #6191, 2.000000000000000000 ) ;
#6549 = CARTESIAN_POINT ( 'NONE',  ( 0.000000000000000000, 9.500000000000000000, 0.000000000000000000 ) ) ;
#6550 = DIRECTION ( 'NONE',  ( -0.000000000000000000, 1.000000000000000000, -0.000000000000000000 ) ) ;
#6551 = EDGE_CURVE ( 'NONE', #2666, #194, #953, .T. ) ;
#6552 = CARTESIAN_POINT ( 'NONE',  ( 8.260368511126632285, 10.00000000000000000, 8.260368511126834790 ) ) ;
#6553 = EDGE_CURVE ( 'NONE', #4986, #5893, #3266, .T. ) ;
#6554 = EDGE_CURVE ( 'NONE', #1162, #4986, #4552, .T. ) ;
#6555 = FACE_OUTER_BOUND ( 'NONE', #3282, .T. ) ;
#6556 = DIRECTION ( 'NONE',  ( -0.6617183646064924707, 0.000000000000000000, 0.7497524964563367922 ) ) ;
#6557 = DIRECTION ( 'NONE',  ( 0.000000000000000000, 0.000000000000000000, 1.000000000000000000 ) ) ;
#6558 = ADVANCED_FACE ( 'NONE', ( #5724 ), #249, .T. ) ;
#6559 = CARTESIAN_POINT ( 'NONE',  ( 3.721055137393895595, 1.986052934431281392, -9.282599226627542777 ) ) ;
#6560 = ORIENTED_EDGE ( 'NONE', *, *, #663, .T. ) ;
#6561 = CARTESIAN_POINT ( 'NONE',  ( 7.382627187773252331, 2.024441704241313644, 6.746271253705788951 ) ) ;
#6562 = EDGE_LOOP ( 'NONE', ( #4052, #140, #3549, #1605 ) ) ;
#6564 = VERTEX_POINT ( 'NONE', #6766 ) ;
#6563 = AXIS2_PLACEMENT_3D ( 'NONE', #6301, #3562, #3595 ) ;
#6565 = ORIENTED_EDGE ( 'NONE', *, *, #4746, .T. ) ;
#6566 = SPHERICAL_SURFACE ( 'NONE', #2325, 0.5000000000000000000 ) ;
#6567 = CARTESIAN_POINT ( 'NONE',  ( -4.470479223992169793, 9.500000000000000000, -10.79269157286923075 ) ) ;
#6568 = ORIENTED_EDGE ( 'NONE', *, *, #2277, .T. ) ;
#6569 = DIRECTION ( 'NONE',  ( 0.000000000000000000, -1.000000000000000000, 0.000000000000000000 ) ) ;
#6570 = AXIS2_PLACEMENT_3D ( 'NONE', #6731, #1294, #5677 ) ;
#6571 = DIRECTION ( 'NONE',  ( 6.938893903907228378E-16, 0.000000000000000000, 1.000000000000000000 ) ) ;
#6572 = FACE_OUTER_BOUND ( 'NONE', #5208, .T. ) ;
#6573 = EDGE_CURVE ( 'NONE', #345, #4316, #1800, .T. ) ;
#6574 = ORIENTED_EDGE ( 'NONE', *, *, #5250, .F. ) ;
#6575 = AXIS2_PLACEMENT_3D ( 'NONE', #428, #2722, #2104 ) ;
#6576 = CARTESIAN_POINT ( 'NONE',  ( 0.3439080960748572280, 2.147342056939914201, 9.848085864831423564 ) ) ;
#6577 = CARTESIAN_POINT ( 'NONE',  ( 9.869222397742518638, 2.240934156756762885, 0.6649917147100672388 ) ) ;
#6578 = DIRECTION ( 'NONE',  ( 0.000000000000000000, 1.000000000000000000, 0.000000000000000000 ) ) ;
#6579 = AXIS2_PLACEMENT_3D ( 'NONE', #2998, #817, #193 ) ;
#6580 = CARTESIAN_POINT ( 'NONE',  ( 9.469254822743794264, 2.438027874578165832, -2.970974249536434186 ) ) ;
#6581 = TOROIDAL_SURFACE ( 'NONE', #4164, 9.500000000000000000, 0.5000000000000000000 ) ;
#6582 = VERTEX_POINT ( 'NONE', #3558 ) ;
#6583 = CARTESIAN_POINT ( 'NONE',  ( -11.68192517863507618, 10.00001200000000168, -4.083818128530453922E-14 ) ) ;
#6584 = DIRECTION ( 'NONE',  ( -0.4869582161062742665, -0.000000000000000000, 0.8734252662744508289 ) ) ;
#6585 = DIRECTION ( 'NONE',  ( -7.816086743456965153E-16, 1.000000000000000000, 1.401920620564757549E-15 ) ) ;
#6586 = LINE ( 'NONE', #3981, #3156 ) ;
#6587 = CIRCLE ( 'NONE', #3209, 9.500000000000000000 ) ;
#6588 = CARTESIAN_POINT ( 'NONE',  ( -8.260368511126747748, 10.00000000000000000, 8.260368511126719326 ) ) ;
#6589 = LINE ( 'NONE', #2138, #2070 ) ;
#6590 = CARTESIAN_POINT ( 'NONE',  ( 9.255897283380148721, 2.164715090713918322, 3.398190578544775242 ) ) ;
#6591 = EDGE_CURVE ( 'NONE', #5473, #3658, #831, .T. ) ;
#6592 = CIRCLE ( 'NONE', #4282, 0.5000000000000004441 ) ;
#6593 = PLANE ( 'NONE',  #5433 ) ;
#6594 = ORIENTED_EDGE ( 'NONE', *, *, #3066, .F. ) ;
#6595 = CARTESIAN_POINT ( 'NONE',  ( -9.964024948269880610, 1.981868317978659810, -0.8550121536354458041 ) ) ;
#6596 = B_SPLINE_CURVE_WITH_KNOTS ( 'NONE', 3,
 ( #1570, #1101, #6648, #4359, #2782, #11, #6038, #3790, #2242, #1068, #1139, #3295, #7151, #1685, #6290, #3514, #159, #197 ),
 .UNSPECIFIED., .F., .F.,
 ( 4, 2, 2, 2, 2, 2, 2, 2, 4 ),
 ( 4.336808689942017736E-19, 0.0003765522689820480023, 0.0007531045379640958961, 0.001129656806946144169, 0.001506209075928192443, 0.001882761344910241150, 0.002259313613892289206, 0.002635865882874338564, 0.003012418151856387054 ),
 .UNSPECIFIED. ) ;
#6597 = CARTESIAN_POINT ( 'NONE',  ( 6.351745126529961816, 2.321832774718814996, 7.725205082552343505 ) ) ;
#6598 = EDGE_CURVE ( 'NONE', #1869, #3748, #6153, .T. ) ;
#6599 = VERTEX_POINT ( 'NONE', #1369 ) ;
#6600 = LINE ( 'NONE', #5557, #1494 ) ;
#6601 = ORIENTED_EDGE ( 'NONE', *, *, #4805, .F. ) ;
#6602 = CARTESIAN_POINT ( 'NONE',  ( -1.851523544721287884, 8.000000000000000000, 2.548403532281085848 ) ) ;
#6603 = ORIENTED_EDGE ( 'NONE', *, *, #3243, .F. ) ;
#6604 = CARTESIAN_POINT ( 'NONE',  ( 0.000000000000000000, 9.500000000000000000, 0.000000000000000000 ) ) ;
#6605 = CARTESIAN_POINT ( 'NONE',  ( -8.297540029607333167, 10.00000000000000000, -4.626103053009515520 ) ) ;
#6606 = CARTESIAN_POINT ( 'NONE',  ( -6.320945513048473963, 2.410376625841633924, 7.750301776586639768 ) ) ;
#6607 = AXIS2_PLACEMENT_3D ( 'NONE', #3523, #4089, #789 ) ;
#6608 = AXIS2_PLACEMENT_3D ( 'NONE', #832, #4016, #2944 ) ;
#6609 = CARTESIAN_POINT ( 'NONE',  ( -2.970974231079499983, 2.423344562805407776, -9.469254843656241150 ) ) ;
#6610 = ORIENTED_EDGE ( 'NONE', *, *, #2161, .F. ) ;
#6611 = CARTESIAN_POINT ( 'NONE',  ( -9.012158091705536833, 2.048970607329166693, -4.335404163388590248 ) ) ;
#6612 = ORIENTED_EDGE ( 'NONE', *, *, #5633, .F. ) ;
#6613 = CIRCLE ( 'NONE', #6852, 0.4999999999999996114 ) ;
#6614 = DIRECTION ( 'NONE',  ( 0.000000000000000000, 0.000000000000000000, -1.000000000000000000 ) ) ;
#6615 = CARTESIAN_POINT ( 'NONE',  ( 9.972609810340797409, 2.127032157860327288, 0.7528369329706471325 ) ) ;
#6616 = CARTESIAN_POINT ( 'NONE',  ( -2.999548401200214709, 2.377840714399273914, -9.454885785705608114 ) ) ;
#6617 = CARTESIAN_POINT ( 'NONE',  ( 8.806444720498282308, 2.378544800989002450, -4.565129932703140270 ) ) ;
#6618 = ORIENTED_EDGE ( 'NONE', *, *, #2405, .T. ) ;
#6619 = CARTESIAN_POINT ( 'NONE',  ( -4.626103053009484434, 2.500000000000000000, 8.297540029607349155 ) ) ;
#6620 = FACE_OUTER_BOUND ( 'NONE', #4444, .T. ) ;
#6621 = CARTESIAN_POINT ( 'NONE',  ( -8.734252704685893320, 2.377026804319511299, 4.869582085835207685 ) ) ;
#6622 = SPHERICAL_SURFACE ( 'NONE', #2463, 0.5000000000000000000 ) ;
#6623 = CARTESIAN_POINT ( 'NONE',  ( -8.297540029607333167, 9.500000000000000000, -4.626103053009515520 ) ) ;
#6624 = CARTESIAN_POINT ( 'NONE',  ( -9.606967333087593985, 2.257089604130861460, -2.777044024017619961 ) ) ;
#6625 = DIRECTION ( 'NONE',  ( 0.000000000000000000, -1.000000000000000000, 0.000000000000000000 ) ) ;
#6626 = CARTESIAN_POINT ( 'NONE',  ( 8.801569444818207799, 2.414533010808959546, 4.579874499418558287 ) ) ;
#6627 = CARTESIAN_POINT ( 'NONE',  ( 9.436260398347629419, 10.00001200000000168, -1.098630827246465325 ) ) ;
#6628 = ORIENTED_EDGE ( 'NONE', *, *, #959, .F. ) ;
#6629 = CARTESIAN_POINT ( 'NONE',  ( -9.843376979806530258, 2.139858412045501534, 0.2045203784392344570 ) ) ;
#6630 = CARTESIAN_POINT ( 'NONE',  ( 7.454229574658429947, 2.048945620300651083, 6.667026640275437899 ) ) ;
#6631 = EDGE_LOOP ( 'NONE', ( #5853, #3071, #2091, #666 ) ) ;
#6632 = CARTESIAN_POINT ( 'NONE',  ( -7.611508121969555951, 2.500000000000000444, -6.368549229223018138 ) ) ;
#6633 = ORIENTED_EDGE ( 'NONE', *, *, #1838, .T. ) ;
#6634 = LINE ( 'NONE', #3317, #403 ) ;
#6635 = ADVANCED_FACE ( 'NONE', ( #3592 ), #5402, .T. ) ;
#6636 = CARTESIAN_POINT ( 'NONE',  ( 7.841361051494490475, 2.376055744299645500, -6.205888885575150837 ) ) ;
#6637 = EDGE_CURVE ( 'NONE', #4848, #5443, #2610, .T. ) ;
#6638 = VERTEX_POINT ( 'NONE', #3084 ) ;
#6639 = CARTESIAN_POINT ( 'NONE',  ( -2.970974231079499983, 2.500000000000000444, -9.469254843656241150 ) ) ;
#6640 = ADVANCED_FACE ( 'NONE', ( #2540 ), #7067, .T. ) ;
#6641 = FACE_OUTER_BOUND ( 'NONE', #3211, .T. ) ;
#6642 = CARTESIAN_POINT ( 'NONE',  ( -9.438151782886873065, 2.048970607329005045, 3.306964416653627836 ) ) ;
#6643 = FACE_OUTER_BOUND ( 'NONE', #6186, .T. ) ;
#6644 = CARTESIAN_POINT ( 'NONE',  ( -3.927006851613436211, 2.134587307295728209, -9.026009395232261312 ) ) ;
#6645 = ORIENTED_EDGE ( 'NONE', *, *, #1957, .F. ) ;
#6646 = CARTESIAN_POINT ( 'NONE',  ( -1.107361165272789716, 2.249659137499897099, -9.938811613925521371 ) ) ;
#6647 = ORIENTED_EDGE ( 'NONE', *, *, #3896, .T. ) ;
#6648 = CARTESIAN_POINT ( 'NONE',  ( 9.938803551105735323, 2.249819565270343436, -1.107426840495020937 ) ) ;
#6649 = CARTESIAN_POINT ( 'NONE',  ( 4.829485086827489226, 2.257089604130834815, 8.756818408900290507 ) ) ;
#6650 = ORIENTED_EDGE ( 'NONE', *, *, #3990, .T. ) ;
#6651 = AXIS2_PLACEMENT_3D ( 'NONE', #4168, #3662, #6414 ) ;
#6652 = CARTESIAN_POINT ( 'NONE',  ( 10.00001319358364782, 1.768515498480492276, 0.1263512459988084535 ) ) ;
#6653 = CIRCLE ( 'NONE', #174, 7.500000000000000000 ) ;
#6654 = LINE ( 'NONE', #1690, #2758 ) ;
#6655 = EDGE_CURVE ( 'NONE', #596, #6395, #3698, .T. ) ;
#6656 = CARTESIAN_POINT ( 'NONE',  ( 9.324037261859999148, 1.992783053389793446, -3.615968364881885666 ) ) ;
#6657 = EDGE_LOOP ( 'NONE', ( #5012, #2339 ) ) ;
#6658 = DIRECTION ( 'NONE',  ( -0.000000000000000000, 1.000000000000000000, -0.000000000000000000 ) ) ;
#6659 = AXIS2_PLACEMENT_3D ( 'NONE', #2300, #1777, #68 ) ;
#6660 = CARTESIAN_POINT ( 'NONE',  ( -9.884231957283112990, 2.414533010808960878, -0.8630375061403782189 ) ) ;
#6661 = DIRECTION ( 'NONE',  ( -0.6205888851312770793, 3.797068737302880837E-15, 0.7841361078610770141 ) ) ;
#6662 = EDGE_CURVE ( 'NONE', #2309, #3041, #4262, .T. ) ;
#6663 = FACE_OUTER_BOUND ( 'NONE', #450, .T. ) ;
#6664 = CARTESIAN_POINT ( 'NONE',  ( -9.532992089188500273, 1.982312691401852067, -3.022413074353912599 ) ) ;
#6665 = EDGE_CURVE ( 'NONE', #2731, #4319, #5584, .T. ) ;
#6666 = CARTESIAN_POINT ( 'NONE',  ( 7.449293024680356368, 9.500000000000000000, -5.895594408746973158 ) ) ;
#6667 = FACE_OUTER_BOUND ( 'NONE', #5005, .T. ) ;
#6668 = TOROIDAL_SURFACE ( 'NONE', #5038, 1.500000000000000000, 0.5000000000000000000 ) ;
#6669 = CIRCLE ( 'NONE', #3098, 2.000000000000000000 ) ;
#6670 = B_SPLINE_CURVE_WITH_KNOTS ( 'NONE', 3,
 ( #6740, #2829, #2720, #61, #1699, #1660, #1046, #3340, #2870, #5066, #6047, #4954, #3802, #5502, #3304, #6082, #531, #5616 ),
 .UNSPECIFIED., .F., .F.,
 ( 4, 2, 2, 2, 2, 2, 2, 2, 4 ),
 ( 4.336808689942017736E-19, 0.0003765522689820477312, 0.0007531045379640950287, 0.001129656806946142218, 0.001506209075928189624, 0.001882761344910237030, 0.002259313613892284002, 0.002635865882874332058, 0.003012418151856380115 ),
 .UNSPECIFIED. ) ;
#6671 = DIRECTION ( 'NONE',  ( -0.000000000000000000, -1.000000000000000000, -0.000000000000000000 ) ) ;
#6672 = ORIENTED_EDGE ( 'NONE', *, *, #417, .F. ) ;
#6673 = CARTESIAN_POINT ( 'NONE',  ( 4.501049684337719015, 2.314666110110171093, 8.827500525282504285 ) ) ;
#6674 = CARTESIAN_POINT ( 'NONE',  ( -9.998058371801716859, 1.992783053389688641, -0.2274354203458891777 ) ) ;
#6675 = TOROIDAL_SURFACE ( 'NONE', #3564, 1.500000000000000000, 0.5000000000000000000 ) ;
#6676 = CARTESIAN_POINT ( 'NONE',  ( 6.205888885575164160, 2.376055744299667705, 7.841361051494484258 ) ) ;
#6677 = ORIENTED_EDGE ( 'NONE', *, *, #2838, .T. ) ;
#6678 = EDGE_LOOP ( 'NONE', ( #893, #4566, #3400 ) ) ;
#6679 = DIRECTION ( 'NONE',  ( 0.9971414314842893534, 0.000000000000000000, 0.07555769727474785646 ) ) ;
#6680 = CARTESIAN_POINT ( 'NONE',  ( 7.449293024680232023, 9.500000000000000000, 5.895594408747129478 ) ) ;
#6681 = ORIENTED_EDGE ( 'NONE', *, *, #3442, .F. ) ;
#6682 = ORIENTED_EDGE ( 'NONE', *, *, #5044, .F. ) ;
#6683 = CIRCLE ( 'NONE', #1583, 2.000000000000000000 ) ;
#6684 = PLANE ( 'NONE',  #3829 ) ;
#6685 = EDGE_CURVE ( 'NONE', #4827, #3248, #557, .T. ) ;
#6686 = ORIENTED_EDGE ( 'NONE', *, *, #6977, .F. ) ;
#6687 = DIRECTION ( 'NONE',  ( 0.000000000000000000, 1.000000000000000000, 0.000000000000000000 ) ) ;
#6688 = VERTEX_POINT ( 'NONE', #5571 ) ;
#6689 = ADVANCED_FACE ( 'NONE', ( #3902 ), #6001, .T. ) ;
#6690 = CARTESIAN_POINT ( 'NONE',  ( -0.8630375061403442460, 2.414533010808959990, 9.884231957283116543 ) ) ;
#6691 = EDGE_CURVE ( 'NONE', #7106, #596, #3168, .T. ) ;
#6692 = CARTESIAN_POINT ( 'NONE',  ( 9.949874374723588488, 2.409665417632330442, 1.010707542388718627 ) ) ;
#6693 = DIRECTION ( 'NONE',  ( 0.000000000000000000, 1.000000000000000000, 0.000000000000000000 ) ) ;
#6694 = CARTESIAN_POINT ( 'NONE',  ( 8.805704271353938850, 2.410376625841632592, -4.741424057448528906 ) ) ;
#6695 = ADVANCED_FACE ( 'NONE', ( #3831 ), #5456, .F. ) ;
#6696 = ORIENTED_EDGE ( 'NONE', *, *, #1604, .F. ) ;
#6697 = VECTOR ( 'NONE', #5966, 1000.000000000000000 ) ;
#6698 = FACE_OUTER_BOUND ( 'NONE', #809, .T. ) ;
#6699 = DIRECTION ( 'NONE',  ( -1.509903313490212895E-14, 0.000000000000000000, 1.000000000000000000 ) ) ;
#6700 = DIRECTION ( 'NONE',  ( 0.9716864685947457225, 0.000000000000000000, -0.2362740077746008915 ) ) ;
#6701 = PLANE ( 'NONE',  #6499 ) ;
#6702 = CARTESIAN_POINT ( 'NONE',  ( -0.4499715962274600245, 2.024441704241415785, -9.990639898665760299 ) ) ;
#6703 = AXIS2_PLACEMENT_3D ( 'NONE', #3842, #6048, #4956 ) ;
#6704 = CARTESIAN_POINT ( 'NONE',  ( -8.734252662744594886, 10.00000000000000000, 4.869582161062589343 ) ) ;
#6705 = ADVANCED_FACE ( 'NONE', ( #486 ), #1634, .F. ) ;
#6706 = TOROIDAL_SURFACE ( 'NONE', #3803, 9.500000000000000000, 0.5000000000000000000 ) ;
#6707 = FACE_BOUND ( 'NONE', #4654, .T. ) ;
#6708 = CIRCLE ( 'NONE', #6579, 0.5000000000000003331 ) ;
#6709 = DIRECTION ( 'NONE',  ( 0.000000000000000000, 0.000000000000000000, 1.000000000000000000 ) ) ;
#6710 = EDGE_LOOP ( 'NONE', ( #2044, #2372 ) ) ;
#6711 = CARTESIAN_POINT ( 'NONE',  ( 4.594978287205915279, 2.456216401094831081, 8.796570338259787292 ) ) ;
#6712 = CARTESIAN_POINT ( 'NONE',  ( -9.932905682471179887, 2.500000000000000444, 1.156453502364772623 ) ) ;
#6713 = AXIS2_PLACEMENT_3D ( 'NONE', #2337, #7131, #4377 ) ;
#6714 = CIRCLE ( 'NONE', #4509, 2.000000000000000000 ) ;
#6715 = CARTESIAN_POINT ( 'NONE',  ( -2.221104420305847427, 8.000000000000000000, 0.9124482025973577048 ) ) ;
#6716 = VECTOR ( 'NONE', #183, 1000.000000000000114 ) ;
#6717 = ORIENTED_EDGE ( 'NONE', *, *, #1237, .T. ) ;
#6718 = CARTESIAN_POINT ( 'NONE',  ( 9.286350259861647416, 1.768517871363070704, -3.712059723680360523 ) ) ;
#6719 = ORIENTED_EDGE ( 'NONE', *, *, #523, .T. ) ;
#6720 = CARTESIAN_POINT ( 'NONE',  ( 6.205888851312578502, 2.500000000000000000, 7.841361078610921354 ) ) ;
#6721 = CARTESIAN_POINT ( 'NONE',  ( 1.260587625341240470, 8.000000000000000000, 2.043718524445536033 ) ) ;
#6722 = TOROIDAL_SURFACE ( 'NONE', #6378, 1.500000000000000000, 0.5000000000000000000 ) ;
#6723 = DIRECTION ( 'NONE',  ( 0.000000000000000000, 1.000000000000000000, 0.000000000000000000 ) ) ;
#6724 = CARTESIAN_POINT ( 'NONE',  ( -9.130609167219368771, 2.134257748930200815, 3.672401390134617749 ) ) ;
#6725 = CARTESIAN_POINT ( 'NONE',  ( -7.812463274734968266, 2.255681435097510068, 6.242692900426582092 ) ) ;
#6726 = CARTESIAN_POINT ( 'NONE',  ( -1.539607852037001538E-13, 1.768578062440346432, -10.00000000000000000 ) ) ;
#6727 = ORIENTED_EDGE ( 'NONE', *, *, #4866, .T. ) ;
#6728 = ORIENTED_EDGE ( 'NONE', *, *, #2950, .F. ) ;
#6729 = CARTESIAN_POINT ( 'NONE',  ( -9.229789989832697827, 2.147145517465061548, 3.451496558928092373 ) ) ;
#6730 = EDGE_CURVE ( 'NONE', #2112, #5275, #2350, .T. ) ;
#6731 = CARTESIAN_POINT ( 'NONE',  ( 0.000000000000000000, 9.500000000000000000, 0.000000000000000000 ) ) ;
#6732 = CARTESIAN_POINT ( 'NONE',  ( 9.138852710299563142, 1.779716818039938975, -4.061684449357142235 ) ) ;
#6733 = VERTEX_POINT ( 'NONE', #2164 ) ;
#6734 = AXIS2_PLACEMENT_3D ( 'NONE', #722, #5180, #6222 ) ;
#6735 = CARTESIAN_POINT ( 'NONE',  ( -6.983228393756121477, 1.768517871363069816, -7.158925180614806649 ) ) ;
#6736 = DIRECTION ( 'NONE',  ( 0.000000000000000000, 0.000000000000000000, -1.000000000000000000 ) ) ;
#6737 = CARTESIAN_POINT ( 'NONE',  ( -4.470479223992169793, 9.500000000000000000, -10.79269157286923075 ) ) ;
#6738 = EDGE_CURVE ( 'NONE', #5855, #5413, #2802, .T. ) ;
#6739 = EDGE_CURVE ( 'NONE', #993, #5103, #2205, .T. ) ;
#6740 = CARTESIAN_POINT ( 'NONE',  ( -2.732734718790946093, 2.500000000000000444, 9.619363854055764662 ) ) ;
#6741 = CARTESIAN_POINT ( 'NONE',  ( 8.796570338259671828, 2.500000000000000444, 4.594978287206126666 ) ) ;
#6742 = AXIS2_PLACEMENT_3D ( 'NONE', #2416, #6207, #5742 ) ;
#6743 = CARTESIAN_POINT ( 'NONE',  ( 4.470479223992320783, 2.500000000000000444, -10.79269157286916858 ) ) ;
#6744 = ORIENTED_EDGE ( 'NONE', *, *, #6869, .F. ) ;
#6745 = CARTESIAN_POINT ( 'NONE',  ( -9.885393330222521868, 2.438513403071512542, 0.8789046123666106602 ) ) ;
#6746 = CYLINDRICAL_SURFACE ( 'NONE', #3487, 0.5000000000000004441 ) ;
#6747 = VERTEX_POINT ( 'NONE', #5056 ) ;
#6748 = CARTESIAN_POINT ( 'NONE',  ( 8.984463655236321955, 1.864094386502770373, -4.392294266126629765 ) ) ;
#6749 = ORIENTED_EDGE ( 'NONE', *, *, #409, .F. ) ;
#6750 = DIRECTION ( 'NONE',  ( 0.000000000000000000, 0.000000000000000000, 1.000000000000000000 ) ) ;
#6751 = CARTESIAN_POINT ( 'NONE',  ( -9.140544747021396077, 1.779361857681294179, 4.057814370325404596 ) ) ;
#6752 = EDGE_CURVE ( 'NONE', #5015, #7107, #6596, .T. ) ;
#6753 = CARTESIAN_POINT ( 'NONE',  ( -8.878012131685405706, 1.982312691401701521, 4.603674570840428082 ) ) ;
#6754 = EDGE_CURVE ( 'NONE', #3963, #3147, #258, .T. ) ;
#6755 = CARTESIAN_POINT ( 'NONE',  ( -7.611508121969602136, 2.500000000000000444, 6.368549229222964847 ) ) ;
#6756 = FACE_OUTER_BOUND ( 'NONE', #3744, .T. ) ;
#6757 = ORIENTED_EDGE ( 'NONE', *, *, #6813, .T. ) ;
#6758 = DIRECTION ( 'NONE',  ( 0.000000000000000000, -1.734723475976807094E-15, 1.000000000000000000 ) ) ;
#6759 = VERTEX_POINT ( 'NONE', #3583 ) ;
#6760 = DIRECTION ( 'NONE',  ( 0.000000000000000000, 0.000000000000000000, 1.000000000000000000 ) ) ;
#6761 = CARTESIAN_POINT ( 'NONE',  ( 8.260368511126632285, 2.500000000000000444, 8.260368511126834790 ) ) ;
#6762 = DIRECTION ( 'NONE',  ( 0.000000000000000000, 0.000000000000000000, -1.000000000000000000 ) ) ;
#6763 = DIRECTION ( 'NONE',  ( 0.000000000000000000, 1.000000000000000000, 0.000000000000000000 ) ) ;
#6764 = ORIENTED_EDGE ( 'NONE', *, *, #1117, .T. ) ;
#6765 = CARTESIAN_POINT ( 'NONE',  ( -7.611508121969602136, 2.500000000000000444, 6.368549229222964847 ) ) ;
#6766 = CARTESIAN_POINT ( 'NONE',  ( 0.4397714266284717399, 0.000000000000000000, -2.776607510986325522 ) ) ;
#6767 = CARTESIAN_POINT ( 'NONE',  ( -0.1029434636768884886, 2.134320569920972410, -9.840975183068751519 ) ) ;
#6768 = CARTESIAN_POINT ( 'NONE',  ( -9.230052895555523662, 2.147342056939915977, -3.450969649951367124 ) ) ;
#6769 = EDGE_CURVE ( 'NONE', #2571, #5305, #3074, .T. ) ;
#6770 = EDGE_CURVE ( 'NONE', #508, #3354, #6967, .T. ) ;
#6771 = CARTESIAN_POINT ( 'NONE',  ( 6.368549229222884911, 9.500000000000000000, 7.611508121969668750 ) ) ;
#6772 = ORIENTED_EDGE ( 'NONE', *, *, #4421, .F. ) ;
#6773 = CARTESIAN_POINT ( 'NONE',  ( 5.095752233843723986E-17, 10.00000000000000000, -9.181925178635076179 ) ) ;
#6774 = EDGE_CURVE ( 'NONE', #6446, #70, #3513, .T. ) ;
#6775 = ADVANCED_FACE ( 'NONE', ( #5712 ), #2459, .T. ) ;
#6776 = DIRECTION ( 'NONE',  ( 0.7622926637108773384, 0.000000000000000000, -0.6472324890273781772 ) ) ;
#6777 = AXIS2_PLACEMENT_3D ( 'NONE', #3239, #4891, #6462 ) ;
#6778 = DIRECTION ( 'NONE',  ( -0.000000000000000000, 1.000000000000000000, -0.000000000000000000 ) ) ;
#6779 = LINE ( 'NONE', #3393, #456 ) ;
#6780 = EDGE_LOOP ( 'NONE', ( #7069, #6849, #2855 ) ) ;
#6781 = VECTOR ( 'NONE', #4058, 1000.000000000000114 ) ;
#6782 = CARTESIAN_POINT ( 'NONE',  ( -6.205888851312631793, 2.500000000000000888, -7.841361078610879609 ) ) ;
#6783 = VERTEX_POINT ( 'NONE', #6833 ) ;
#6784 = AXIS2_PLACEMENT_3D ( 'NONE', #1352, #5816, #5776 ) ;
#6785 = CYLINDRICAL_SURFACE ( 'NONE', #4907, 0.4999999999999995559 ) ;
#6786 = DIRECTION ( 'NONE',  ( 0.6472324890273797315, 0.000000000000000000, -0.7622926637108760062 ) ) ;
#6787 = LINE ( 'NONE', #2000, #2589 ) ;
#6788 = EDGE_CURVE ( 'NONE', #2450, #1774, #5750, .T. ) ;
#6789 = CARTESIAN_POINT ( 'NONE',  ( -6.440463711589997864, 1.982312691401848959, 7.650708865474387110 ) ) ;
#6790 = DIRECTION ( 'NONE',  ( -0.7622926637108761172, 0.000000000000000000, -0.6472324890273798426 ) ) ;
#6791 = EDGE_LOOP ( 'NONE', ( #3278, #3880, #1586, #1409 ) ) ;
#6792 = DIRECTION ( 'NONE',  ( -0.000000000000000000, 1.000000000000000000, -0.000000000000000000 ) ) ;
#6793 = ORIENTED_EDGE ( 'NONE', *, *, #4119, .T. ) ;
#6794 = ORIENTED_EDGE ( 'NONE', *, *, #3613, .T. ) ;
#6795 = CARTESIAN_POINT ( 'NONE',  ( -9.157329489925302823, 2.134286657244865104, 3.607922989077443798 ) ) ;
#6796 = ORIENTED_EDGE ( 'NONE', *, *, #1374, .F. ) ;
#6797 = DIRECTION ( 'NONE',  ( -0.07555769727474681563, 0.000000000000000000, -0.9971414314842893534 ) ) ;
#6798 = CYLINDRICAL_SURFACE ( 'NONE', #4147, 0.5000000000000004441 ) ;
#6799 = CARTESIAN_POINT ( 'NONE',  ( -5.095752233843723986E-17, 2.500000000000000444, 11.68192517863507618 ) ) ;
#6800 = EDGE_CURVE ( 'NONE', #6395, #3748, #5350, .T. ) ;
#6801 = EDGE_LOOP ( 'NONE', ( #4385, #1252, #7176, #6988 ) ) ;
#6802 = DIRECTION ( 'NONE',  ( 0.3244301945785676433, -0.000000000000000000, 0.9459096409518792381 ) ) ;
#6803 = AXIS2_PLACEMENT_3D ( 'NONE', #1943, #2465, #3552 ) ;
#6804 = DIRECTION ( 'NONE',  ( 0.000000000000000000, 1.000000000000000000, 0.000000000000000000 ) ) ;
#6805 = CARTESIAN_POINT ( 'NONE',  ( -9.424708236607866496, 2.314666110110169317, -3.059262728102213558 ) ) ;
#6806 = CARTESIAN_POINT ( 'NONE',  ( 9.058529816459529371, 2.024215165943732853, 4.237709641947863481 ) ) ;
#6807 = AXIS2_PLACEMENT_3D ( 'NONE', #3722, #5351, #936 ) ;
#6808 = CARTESIAN_POINT ( 'NONE',  ( 3.941618638437764499, 1.768517871363070038, -9.191263844005485240 ) ) ;
#6809 = ORIENTED_EDGE ( 'NONE', *, *, #126, .F. ) ;
#6810 = FACE_OUTER_BOUND ( 'NONE', #2080, .T. ) ;
#6811 = AXIS2_PLACEMENT_3D ( 'NONE', #1188, #2181, #4957 ) ;
#6812 = CARTESIAN_POINT ( 'NONE',  ( -4.626103053009482657, 10.00000000000000000, 8.297540029607349155 ) ) ;
#6813 = EDGE_CURVE ( 'NONE', #1284, #6361, #132, .T. ) ;
#6814 = B_SPLINE_CURVE_WITH_KNOTS ( 'NONE', 3,
 ( #6432, #3680, #926, #5820, #3142, #1527, #6895, #1935, #6359, #302, #4892, #3924, #5476, #1085, #3312, #6053, #2664, #3848 ),
 .UNSPECIFIED., .F., .F.,
 ( 4, 2, 2, 2, 2, 2, 2, 2, 4 ),
 ( 4.848699518061080308E-19, 0.0003765522689820490865, 0.0007531045379640976308, 0.001129656806946146338, 0.001506209075928194828, 0.001882761344910242884, 0.002259313613892291375, 0.002635865882874339431, 0.003012418151856387921 ),
 .UNSPECIFIED. ) ;
#6815 = LINE ( 'NONE', #293, #3683 ) ;
#6816 = LINE ( 'NONE', #3959, #353 ) ;
#6817 = CIRCLE ( 'NONE', #925, 0.5000000000000008882 ) ;
#6818 = ORIENTED_EDGE ( 'NONE', *, *, #1331, .F. ) ;
#6819 = CARTESIAN_POINT ( 'NONE',  ( -6.519363922588278903, 2.127032157860246908, -7.584036123450784928 ) ) ;
#6820 = AXIS2_PLACEMENT_3D ( 'NONE', #25, #101, #3919 ) ;
#6821 = ORIENTED_EDGE ( 'NONE', *, *, #3240, .F. ) ;
#6822 = DIRECTION ( 'NONE',  ( 1.000000000000000000, -0.000000000000000000, 0.000000000000000000 ) ) ;
#6823 = CARTESIAN_POINT ( 'NONE',  ( 9.138395661352950228, 10.00001200000000168, 2.596097982851491182 ) ) ;
#6824 = EDGE_CURVE ( 'NONE', #3044, #5119, #2691, .T. ) ;
#6825 = DIRECTION ( 'NONE',  ( 0.000000000000000000, 1.000000000000000000, 0.000000000000000000 ) ) ;
#6826 = CARTESIAN_POINT ( 'NONE',  ( -6.815700865711493250, 2.139858412045582359, 7.104936358681891662 ) ) ;
#6827 = FACE_OUTER_BOUND ( 'NONE', #6801, .T. ) ;
#6828 = ORIENTED_EDGE ( 'NONE', *, *, #4292, .F. ) ;
#6829 = LINE ( 'NONE', #5709, #1597 ) ;
#6830 = ORIENTED_EDGE ( 'NONE', *, *, #1329, .T. ) ;
#6831 = ORIENTED_EDGE ( 'NONE', *, *, #689, .T. ) ;
#6832 = AXIS2_PLACEMENT_3D ( 'NONE', #1378, #3606, #5301 ) ;
#6833 = CARTESIAN_POINT ( 'NONE',  ( -4.869582161062613324, 9.500000000000000000, 8.734252662744578899 ) ) ;
#6834 = CARTESIAN_POINT ( 'NONE',  ( 3.120821918168783959, 2.127032157860301087, 9.501588311015545685 ) ) ;
#6835 = ORIENTED_EDGE ( 'NONE', *, *, #5813, .T. ) ;
#6836 = CARTESIAN_POINT ( 'NONE',  ( 9.932905682471163900, 2.500000000000000444, 1.156453502364910513 ) ) ;
#6837 = DIRECTION ( 'NONE',  ( 0.000000000000000000, 1.000000000000000000, 0.000000000000000000 ) ) ;
#6838 = EDGE_CURVE ( 'NONE', #6395, #3299, #6274, .T. ) ;
#6839 = CARTESIAN_POINT ( 'NONE',  ( -6.367050236799704166, 2.051666420109250932, 7.711477259033419962 ) ) ;
#6840 = ORIENTED_EDGE ( 'NONE', *, *, #841, .F. ) ;
#6841 = DIRECTION ( 'NONE',  ( 0.000000000000000000, -1.000000000000000000, 0.000000000000000000 ) ) ;
#6842 = CARTESIAN_POINT ( 'NONE',  ( -7.841361078610813884, 10.00000000000000000, -6.205888851312714394 ) ) ;
#6843 = DIRECTION ( 'NONE',  ( -0.5249775667251619371, 0.000000000000000000, -0.8511160640214283646 ) ) ;
#6844 = CARTESIAN_POINT ( 'NONE',  ( -9.339547392334324627, 2.212746796842761210, -3.227999808065046050 ) ) ;
#6845 = EDGE_CURVE ( 'NONE', #4483, #2746, #6162, .T. ) ;
#6846 = CARTESIAN_POINT ( 'NONE',  ( 9.195699807442876406, 1.985975370094145154, 3.930903099441933168 ) ) ;
#6847 = AXIS2_PLACEMENT_3D ( 'NONE', #2719, #4487, #4915 ) ;
#6848 = CARTESIAN_POINT ( 'NONE',  ( -9.323898564490024299, 1.992695579455184829, -3.616353032451523397 ) ) ;
#6849 = ORIENTED_EDGE ( 'NONE', *, *, #277, .T. ) ;
#6850 = DIRECTION ( 'NONE',  ( 1.734723475976807094E-15, 0.000000000000000000, 1.000000000000000000 ) ) ;
#6851 = DIRECTION ( 'NONE',  ( -0.1156453502364819669, 0.000000000000000000, 0.9932905682471174780 ) ) ;
#6852 = AXIS2_PLACEMENT_3D ( 'NONE', #1024, #4386, #6059 ) ;
#6853 = FACE_OUTER_BOUND ( 'NONE', #2084, .T. ) ;
#6854 = DIRECTION ( 'NONE',  ( -0.000000000000000000, 1.000000000000000000, 0.000000000000000000 ) ) ;
#6855 = FACE_OUTER_BOUND ( 'NONE', #1056, .T. ) ;
#6856 = ORIENTED_EDGE ( 'NONE', *, *, #107, .F. ) ;
#6857 = CARTESIAN_POINT ( 'NONE',  ( 8.796570338259767752, 2.456216401094831525, -4.594978287205941037 ) ) ;
#6858 = CARTESIAN_POINT ( 'NONE',  ( -6.320945456729107015, 2.500000000000000444, -7.750301822741175961 ) ) ;
#6859 = ORIENTED_EDGE ( 'NONE', *, *, #4805, .T. ) ;
#6860 = FACE_OUTER_BOUND ( 'NONE', #4681, .T. ) ;
#6861 = CARTESIAN_POINT ( 'NONE',  ( 2.776607510986325522, 8.000000000000000000, 0.4397714266284721840 ) ) ;
#6862 = CARTESIAN_POINT ( 'NONE',  ( -4.594978287205977452, 2.500000000000000444, -8.796570338259748212 ) ) ;
#6863 = FACE_OUTER_BOUND ( 'NONE', #1595, .T. ) ;
#6864 = ORIENTED_EDGE ( 'NONE', *, *, #84, .T. ) ;
#6865 = ORIENTED_EDGE ( 'NONE', *, *, #5914, .T. ) ;
#6866 = EDGE_CURVE ( 'NONE', #2152, #3511, #4114, .T. ) ;
#6867 = DIRECTION ( 'NONE',  ( 0.000000000000000000, 1.000000000000000000, 0.000000000000000000 ) ) ;
#6868 = CARTESIAN_POINT ( 'NONE',  ( 3.945484083995196123, 1.768641139221995839, 9.189634587520499664 ) ) ;
#6869 = EDGE_CURVE ( 'NONE', #2230, #1645, #2636, .T. ) ;
#6870 = ORIENTED_EDGE ( 'NONE', *, *, #2590, .F. ) ;
#6871 = EDGE_CURVE ( 'NONE', #676, #505, #4073, .T. ) ;
#6872 = CARTESIAN_POINT ( 'NONE',  ( 7.611508121969512430, 10.00001200000000168, 6.368549229223071428 ) ) ;
#6873 = DIRECTION ( 'NONE',  ( -0.07555769727474681563, 0.000000000000000000, -0.9971414314842893534 ) ) ;
#6874 = CARTESIAN_POINT ( 'NONE',  ( 5.095752233843723986E-17, 2.500000000000000444, -9.681925178635076179 ) ) ;
#6875 = CARTESIAN_POINT ( 'NONE',  ( -9.454885785705632983, 2.377840714399238831, 2.999548401200231140 ) ) ;
#6876 = VERTEX_POINT ( 'NONE', #2017 ) ;
#6877 = DIRECTION ( 'NONE',  ( 0.000000000000000000, 0.000000000000000000, 1.000000000000000000 ) ) ;
#6878 = DIRECTION ( 'NONE',  ( 0.000000000000000000, -1.000000000000000000, 0.000000000000000000 ) ) ;
#6879 = CARTESIAN_POINT ( 'NONE',  ( -3.032607996840894771, 1.975531022569853024, -9.529747859751829253 ) ) ;
#6880 = CARTESIAN_POINT ( 'NONE',  ( 8.840214275616579798, 2.279592747210292369, 4.462380288428944297 ) ) ;
#6881 = DIRECTION ( 'NONE',  ( -0.000000000000000000, -1.000000000000000000, -0.000000000000000000 ) ) ;
#6882 = ORIENTED_EDGE ( 'NONE', *, *, #1552, .F. ) ;
#6883 = CARTESIAN_POINT ( 'NONE',  ( 2.596097982851459207, 9.500000000000000000, -9.138395661352959110 ) ) ;
#6884 = DIRECTION ( 'NONE',  ( -0.000000000000000000, 1.000000000000000000, 0.000000000000000000 ) ) ;
#6885 = CARTESIAN_POINT ( 'NONE',  ( -6.368549229222936425, 2.456298904871081490, -7.611508121969624341 ) ) ;
#6886 = AXIS2_PLACEMENT_3D ( 'NONE', #1276, #4684, #299 ) ;
#6887 = CARTESIAN_POINT ( 'NONE',  ( -1.010707542388656011, 2.409665417632327333, 9.949874374723600923 ) ) ;
#6888 = VERTEX_POINT ( 'NONE', #4832 ) ;
#6889 = DIRECTION ( 'NONE',  ( 0.2362740077746010581, 0.000000000000000000, 0.9716864685947456115 ) ) ;
#6890 = ORIENTED_EDGE ( 'NONE', *, *, #7079, .F. ) ;
#6891 = LINE ( 'NONE', #6355, #4008 ) ;
#6892 = CARTESIAN_POINT ( 'NONE',  ( 2.970974231079632766, 2.500000000000000444, -9.469254843656200293 ) ) ;
#6893 = CIRCLE ( 'NONE', #3882, 9.500000000000000000 ) ;
#6894 = DIRECTION ( 'NONE',  ( 1.000000000000000000, -1.734723475976807094E-15, 0.000000000000000000 ) ) ;
#6895 = CARTESIAN_POINT ( 'NONE',  ( -9.988306807122112829, 1.827366529454475863, 0.4991421271720576369 ) ) ;
#6896 = CIRCLE ( 'NONE', #6319, 0.4999999999999995559 ) ;
#6897 = CARTESIAN_POINT ( 'NONE',  ( 2.781258658605647138, 2.248135892564181226, 9.605768406060239073 ) ) ;
#6898 = CIRCLE ( 'NONE', #4465, 0.5000000000000004441 ) ;
#6899 = ORIENTED_EDGE ( 'NONE', *, *, #3221, .T. ) ;
#6900 = EDGE_LOOP ( 'NONE', ( #4972, #2520, #5728, #4689, #6540, #6946 ) ) ;
#6901 = EDGE_LOOP ( 'NONE', ( #2328, #2566, #3863, #4393 ) ) ;
#6902 = CARTESIAN_POINT ( 'NONE',  ( 6.502380906176146169, 2.242932669926583245, 7.455982384190952494 ) ) ;
#6903 = ORIENTED_EDGE ( 'NONE', *, *, #6752, .T. ) ;
#6904 = DIRECTION ( 'NONE',  ( 0.000000000000000000, 0.000000000000000000, 1.000000000000000000 ) ) ;
#6905 = ADVANCED_FACE ( 'NONE', ( #5859 ), #4535, .T. ) ;
#6906 = DIRECTION ( 'NONE',  ( 1.000000000000000000, 0.000000000000000000, 0.000000000000000000 ) ) ;
#6907 = CARTESIAN_POINT ( 'NONE',  ( -10.79269157286918812, 10.00000000000000000, -4.470479223992283480 ) ) ;
#6908 = EDGE_CURVE ( 'NONE', #5916, #5324, #4288, .T. ) ;
#6909 = ORIENTED_EDGE ( 'NONE', *, *, #1633, .T. ) ;
#6910 = ADVANCED_FACE ( 'NONE', ( #2528 ), #2165, .T. ) ;
#6911 = CARTESIAN_POINT ( 'NONE',  ( 4.470479223992320783, 9.500000000000000000, -8.292691572869168581 ) ) ;
#6912 = CARTESIAN_POINT ( 'NONE',  ( -2.873880030200289148, 2.500000000000000888, 9.579266327989083507 ) ) ;
#6913 = CARTESIAN_POINT ( 'NONE',  ( -3.150000000000000799, 8.000000000000000000, 5.421010862427522170E-17 ) ) ;
#6914 = EDGE_CURVE ( 'NONE', #2046, #1455, #4772, .T. ) ;
#6915 = CARTESIAN_POINT ( 'NONE',  ( 8.863491263196683789, 2.240934156756747786, 4.391160136452821661 ) ) ;
#6916 = AXIS2_PLACEMENT_3D ( 'NONE', #634, #4442, #3409 ) ;
#6917 = CARTESIAN_POINT ( 'NONE',  ( 4.282192586373954057, 1.827040335878404420, -9.037590233239484405 ) ) ;
#6918 = ORIENTED_EDGE ( 'NONE', *, *, #5145, .T. ) ;
#6919 = DIRECTION ( 'NONE',  ( 0.000000000000000000, -0.000000000000000000, 1.000000000000000000 ) ) ;
#6920 = DIRECTION ( 'NONE',  ( 0.4869582161062525616, 1.689475698598605935E-15, 0.8734252662744628193 ) ) ;
#6921 = CARTESIAN_POINT ( 'NONE',  ( -7.561418751232896085, 2.343452233630471948, -6.411709747915579349 ) ) ;
#6922 = VECTOR ( 'NONE', #1091, 1000.000000000000000 ) ;
#6923 = DIRECTION ( 'NONE',  ( -0.000000000000000000, 1.000000000000000000, -0.000000000000000000 ) ) ;
#6924 = CARTESIAN_POINT ( 'NONE',  ( -0.8550121536353914031, 1.981868317978698002, 9.964024948269885940 ) ) ;
#6925 = ORIENTED_EDGE ( 'NONE', *, *, #437, .T. ) ;
#6926 = AXIS2_PLACEMENT_3D ( 'NONE', #5518, #6061, #547 ) ;
#6927 = FACE_OUTER_BOUND ( 'NONE', #26, .T. ) ;
#6928 = ORIENTED_EDGE ( 'NONE', *, *, #4464, .F. ) ;
#6929 = B_SPLINE_CURVE_WITH_KNOTS ( 'NONE', 3,
 ( #23, #2793, #4670, #4131, #1915, #320, #6338, #833, #2507, #945, #6485, #3054, #2581, #4705, #3633, #4744 ),
 .UNSPECIFIED., .F., .F.,
 ( 4, 2, 2, 2, 2, 2, 2, 4 ),
 ( 0.0002558157756827699175, 0.0004833877329468521354, 0.0007109596902109343534, 0.001166103604739099657, 0.001621247519267264743, 0.001848819476531347828, 0.001962605455163389696, 0.002076391433795432215 ),
 .UNSPECIFIED. ) ;
#6930 = CIRCLE ( 'NONE', #2546, 0.5000000000000004441 ) ;
#6931 = CARTESIAN_POINT ( 'NONE',  ( -10.79269157286921654, 9.500000000000000000, 4.470479223992207096 ) ) ;
#6932 = TOROIDAL_SURFACE ( 'NONE', #3015, 9.500000000000000000, 0.5000000000000000000 ) ;
#6933 = CYLINDRICAL_SURFACE ( 'NONE', #2445, 0.5000000000000004441 ) ;
#6934 = CIRCLE ( 'NONE', #3812, 0.4999999999999995559 ) ;
#6935 = CARTESIAN_POINT ( 'NONE',  ( -0.5673463196692578592, 0.000000000000000000, -2.333234819276244210 ) ) ;
#6936 = VERTEX_POINT ( 'NONE', #2698 ) ;
#6937 = ORIENTED_EDGE ( 'NONE', *, *, #1920, .F. ) ;
#6938 = ORIENTED_EDGE ( 'NONE', *, *, #3857, .F. ) ;
#6939 = AXIS2_PLACEMENT_3D ( 'NONE', #1734, #2788, #5021 ) ;
#6940 = CARTESIAN_POINT ( 'NONE',  ( 6.990103614099528961, 1.986052934431176809, -7.152017281988749531 ) ) ;
#6941 = VERTEX_POINT ( 'NONE', #546 ) ;
#6942 = CARTESIAN_POINT ( 'NONE',  ( 4.626103053009366306, 2.500000000000000444, 8.797540029607414880 ) ) ;
#6943 = DIRECTION ( 'NONE',  ( 1.000000000000000000, 0.000000000000000000, 0.000000000000000000 ) ) ;
#6944 = CARTESIAN_POINT ( 'NONE',  ( -5.095752233843723986E-17, 9.500000000000000000, 11.68192517863507618 ) ) ;
#6945 = AXIS2_PLACEMENT_3D ( 'NONE', #3324, #2703, #4977 ) ;
#6946 = ORIENTED_EDGE ( 'NONE', *, *, #4881, .F. ) ;
#6947 = CARTESIAN_POINT ( 'NONE',  ( 5.095752233843723986E-17, 10.00000000000000000, -11.68192517863507618 ) ) ;
#6948 = CARTESIAN_POINT ( 'NONE',  ( -3.313945104772938244, 2.183694385698181861, 9.297069126686201557 ) ) ;
#6949 = CARTESIAN_POINT ( 'NONE',  ( -2.776607510986326410, 8.000000000000000000, -0.4397714266284708517 ) ) ;
#6950 = CARTESIAN_POINT ( 'NONE',  ( 2.221104420305847427, 8.000000000000000000, -0.9124482025973561505 ) ) ;
#6951 = CIRCLE ( 'NONE', #4756, 2.500000000000000444 ) ;
#6952 = DIRECTION ( 'NONE',  ( 0.000000000000000000, -1.000000000000000000, 0.000000000000000000 ) ) ;
#6953 = CARTESIAN_POINT ( 'NONE',  ( -4.741424057449101781, 2.410376625841669451, -8.805704271354025892 ) ) ;
#6954 = LINE ( 'NONE', #3195, #1926 ) ;
#6955 = EDGE_LOOP ( 'NONE', ( #7103, #1945, #2247, #6093, #1215 ) ) ;
#6956 = DIRECTION ( 'NONE',  ( 0.000000000000000000, 0.000000000000000000, 1.000000000000000000 ) ) ;
#6957 = EDGE_CURVE ( 'NONE', #4911, #6747, #443, .T. ) ;
#6958 = LINE ( 'NONE', #3429, #6512 ) ;
#6959 = PLANE ( 'NONE',  #4532 ) ;
#6960 = AXIS2_PLACEMENT_3D ( 'NONE', #2065, #1516, #4238 ) ;
#6961 = SPHERICAL_SURFACE ( 'NONE', #6354, 0.5000000000000000000 ) ;
#6962 = AXIS2_PLACEMENT_3D ( 'NONE', #6737, #2868, #2790 ) ;
#6963 = CARTESIAN_POINT ( 'NONE',  ( 0.8557725552098354171, 1.982312691401828086, 9.963963684112144392 ) ) ;
#6964 = ORIENTED_EDGE ( 'NONE', *, *, #272, .T. ) ;
#6965 = CARTESIAN_POINT ( 'NONE',  ( 9.884200519446103783, 2.413741176464117899, -0.8626134409953976068 ) ) ;
#6966 = ORIENTED_EDGE ( 'NONE', *, *, #6508, .T. ) ;
#6967 = CIRCLE ( 'NONE', #1760, 0.5000000000000004441 ) ;
#6968 = DIRECTION ( 'NONE',  ( 0.000000000000000000, 0.000000000000000000, 1.000000000000000000 ) ) ;
#6969 = DIRECTION ( 'NONE',  ( -0.2362740077746034173, 0.000000000000000000, 0.9716864685947451674 ) ) ;
#6970 = CARTESIAN_POINT ( 'NONE',  ( -4.869582161062615100, 2.500000000000000000, 8.734252662744577123 ) ) ;
#6971 = ORIENTED_EDGE ( 'NONE', *, *, #2001, .T. ) ;
#6972 = ORIENTED_EDGE ( 'NONE', *, *, #6087, .T. ) ;
#6973 = ORIENTED_EDGE ( 'NONE', *, *, #3800, .T. ) ;
#6974 = EDGE_CURVE ( 'NONE', #5112, #1062, #4896, .T. ) ;
#6975 = CARTESIAN_POINT ( 'NONE',  ( 4.626103053009547494, 9.500000000000000000, -8.297540029607313627 ) ) ;
#6976 = ORIENTED_EDGE ( 'NONE', *, *, #5475, .F. ) ;
#6977 = EDGE_CURVE ( 'NONE', #1894, #4911, #3164, .T. ) ;
#6978 = CARTESIAN_POINT ( 'NONE',  ( 10.79269157286915615, 10.00001200000000168, 4.470479223992352757 ) ) ;
#6979 = FACE_OUTER_BOUND ( 'NONE', #5454, .T. ) ;
#6980 = LINE ( 'NONE', #6445, #460 ) ;
#6981 = ORIENTED_EDGE ( 'NONE', *, *, #5363, .T. ) ;
#6982 = DIRECTION ( 'NONE',  ( 0.000000000000000000, -1.000000000000000000, 0.000000000000000000 ) ) ;
#6983 = CARTESIAN_POINT ( 'NONE',  ( -3.161911533876194724, 2.241156341101704808, 9.372706491370175641 ) ) ;
#6984 = CARTESIAN_POINT ( 'NONE',  ( -9.138395661352987531, 9.500000000000000000, 2.596097982851362840 ) ) ;
#6985 = DIRECTION ( 'NONE',  ( 0.000000000000000000, 0.000000000000000000, 1.000000000000000000 ) ) ;
#6986 = CARTESIAN_POINT ( 'NONE',  ( -4.741424121641779621, 2.500000000000000000, -8.805704236984286837 ) ) ;
#6987 = DIRECTION ( 'NONE',  ( -0.2362740077746009193, 0.000000000000000000, -0.9716864685947458335 ) ) ;
#6988 = ORIENTED_EDGE ( 'NONE', *, *, #5364, .F. ) ;
#6989 = DIRECTION ( 'NONE',  ( 0.000000000000000000, -8.673617379884043361E-16, 1.000000000000000000 ) ) ;
#6990 = DIRECTION ( 'NONE',  ( 0.000000000000000000, 1.000000000000000000, 0.000000000000000000 ) ) ;
#6991 = ADVANCED_FACE ( 'NONE', ( #7105 ), #3854, .T. ) ;
#6992 = ADVANCED_FACE ( 'NONE', ( #2195 ), #1176, .T. ) ;
#6993 = ADVANCED_FACE ( 'NONE', ( #2153 ), #2268, .T. ) ;
#6994 = CARTESIAN_POINT ( 'NONE',  ( 4.462380288428869690, 2.279592747210256398, -8.840214275616601114 ) ) ;
#6995 = ORIENTED_EDGE ( 'NONE', *, *, #2058, .T. ) ;
#6996 = DIRECTION ( 'NONE',  ( 0.000000000000000000, -1.000000000000000000, -0.000000000000000000 ) ) ;
#6997 = EDGE_CURVE ( 'NONE', #5303, #5509, #5694, .T. ) ;
#6998 = AXIS2_PLACEMENT_3D ( 'NONE', #6911, #3696, #1509 ) ;
#6999 = CARTESIAN_POINT ( 'NONE',  ( -9.138395661352967991, 9.500000000000000000, -2.596097982851431230 ) ) ;
#7000 = CARTESIAN_POINT ( 'NONE',  ( 2.776607510986325522, 8.000000000000000000, 0.4397714266284721840 ) ) ;
#7001 = ORIENTED_EDGE ( 'NONE', *, *, #5532, .F. ) ;
#7002 = AXIS2_PLACEMENT_3D ( 'NONE', #1962, #1264, #1808 ) ;
#7003 = ORIENTED_EDGE ( 'NONE', *, *, #126, .T. ) ;
#7004 = ORIENTED_EDGE ( 'NONE', *, *, #6637, .F. ) ;
#7005 = B_SPLINE_CURVE_WITH_KNOTS ( 'NONE', 3,
 ( #7075, #5959, #1, #994, #1563, #2118, #4562, #4321, #2235, #3858 ),
 .UNSPECIFIED., .F., .F.,
 ( 4, 2, 2, 2, 4 ),
 ( 0.001507228720538739998, 0.001883526078368155231, 0.002259823436197570465, 0.002636120794026985698, 0.003012418151856400932 ),
 .UNSPECIFIED. ) ;
#7006 = CARTESIAN_POINT ( 'NONE',  ( 6.619520378501544400, 2.183694385698116136, -7.321179991123985431 ) ) ;
#7007 = ORIENTED_EDGE ( 'NONE', *, *, #3742, .F. ) ;
#7008 = EDGE_CURVE ( 'NONE', #5774, #6876, #6613, .T. ) ;
#7009 = LINE ( 'NONE', #5861, #2187 ) ;
#7010 = AXIS2_PLACEMENT_3D ( 'NONE', #5952, #7099, #3207 ) ;
#7011 = DIRECTION ( 'NONE',  ( 0.000000000000000000, 0.000000000000000000, 1.000000000000000000 ) ) ;
#7012 = CARTESIAN_POINT ( 'NONE',  ( 0.9734035322810874469, 8.000000000000000000, 2.995828026329733884 ) ) ;
#7013 = EDGE_LOOP ( 'NONE', ( #1067, #2021, #966, #5235 ) ) ;
#7014 = CIRCLE ( 'NONE', #2042, 2.500000000000000444 ) ;
#7015 = DIRECTION ( 'NONE',  ( 0.000000000000000000, 1.000000000000000000, 0.000000000000000000 ) ) ;
#7016 = CARTESIAN_POINT ( 'NONE',  ( -3.095076455295144857, 2.279919447647869024, 9.406617602937965117 ) ) ;
#7017 = DIRECTION ( 'NONE',  ( -0.4394523308986297283, 0.000000000000000000, 0.8982659121149824122 ) ) ;
#7018 = FACE_OUTER_BOUND ( 'NONE', #2780, .T. ) ;
#7019 = CARTESIAN_POINT ( 'NONE',  ( -3.408834636278101016, 2.024215165943731964, -9.401861085319911382 ) ) ;
#7020 = CARTESIAN_POINT ( 'NONE',  ( 9.419005646007468258, 1.827366529454476307, 3.361212337356740854 ) ) ;
#7021 = ORIENTED_EDGE ( 'NONE', *, *, #392, .F. ) ;
#7022 = CARTESIAN_POINT ( 'NONE',  ( 2.394357833393300883, 0.000000000000000000, 0.1814307967061968563 ) ) ;
#7023 = DIRECTION ( 'NONE',  ( 0.000000000000000000, 0.000000000000000000, 1.000000000000000000 ) ) ;
#7024 = CARTESIAN_POINT ( 'NONE',  ( -9.458796236486628928, 1.864094386502770817, -3.247154115396697183 ) ) ;
#7025 = CARTESIAN_POINT ( 'NONE',  ( -9.469254843656234044, 9.500000000000000000, 2.970974231079531513 ) ) ;
#7026 = VECTOR ( 'NONE', #3162, 1000.000000000000000 ) ;
#7027 = FACE_OUTER_BOUND ( 'NONE', #2665, .T. ) ;
#7028 = VERTEX_POINT ( 'NONE', #5560 ) ;
#7029 = FACE_OUTER_BOUND ( 'NONE', #5956, .T. ) ;
#7030 = CIRCLE ( 'NONE', #3918, 0.5000000000000003331 ) ;
#7031 = EDGE_CURVE ( 'NONE', #3653, #194, #3507, .T. ) ;
#7032 = CARTESIAN_POINT ( 'NONE',  ( 0.000000000000000000, 10.00000000000000000, 0.000000000000000000 ) ) ;
#7033 = AXIS2_PLACEMENT_3D ( 'NONE', #1832, #4048, #6259 ) ;
#7034 = EDGE_LOOP ( 'NONE', ( #3846, #3216, #6628, #2303 ) ) ;
#7035 = ORIENTED_EDGE ( 'NONE', *, *, #2623, .T. ) ;
#7036 = ORIENTED_EDGE ( 'NONE', *, *, #4295, .F. ) ;
#7037 = CARTESIAN_POINT ( 'NONE',  ( -9.606750064360250363, 2.255681435097296905, 2.777795937255556957 ) ) ;
#7038 = CARTESIAN_POINT ( 'NONE',  ( 10.79269157286925029, 9.500000000000000000, -4.470479223992127160 ) ) ;
#7039 = ORIENTED_EDGE ( 'NONE', *, *, #6908, .T. ) ;
#7040 = CIRCLE ( 'NONE', #4157, 0.5000000000000003331 ) ;
#7041 = CARTESIAN_POINT ( 'NONE',  ( -4.322187234833069880, 2.212953969771219498, 8.886370973163133513 ) ) ;
#7042 = CARTESIAN_POINT ( 'NONE',  ( -9.619363854055777097, 2.500000000000000000, 2.732734718790907902 ) ) ;
#7043 = DIRECTION ( 'NONE',  ( 0.000000000000000000, -1.000000000000000000, 0.000000000000000000 ) ) ;
#7044 = AXIS2_PLACEMENT_3D ( 'NONE', #3405, #595, #3292 ) ;
#7045 = VERTEX_POINT ( 'NONE', #2807 ) ;
#7046 = CARTESIAN_POINT ( 'NONE',  ( -1.260587625341245133, 0.000000000000000000, 2.043718524445536477 ) ) ;
#7047 = AXIS2_PLACEMENT_3D ( 'NONE', #2804, #3355, #3962 ) ;
#7048 = CARTESIAN_POINT ( 'NONE',  ( -4.694895751422061281, 2.059185488125240493, 8.829708429580117368 ) ) ;
#7049 = EDGE_CURVE ( 'NONE', #6096, #1428, #7073, .T. ) ;
#7050 = DIRECTION ( 'NONE',  ( -0.3799932884734136262, 0.000000000000000000, 0.9249892435672758539 ) ) ;
#7051 = CARTESIAN_POINT ( 'NONE',  ( 6.709852692988600431, 1.827366529454475641, -7.415746258787005551 ) ) ;
#7052 = CARTESIAN_POINT ( 'NONE',  ( -4.512470218131201527, 2.127336489724588997, -8.925099472239242715 ) ) ;
#7053 = AXIS2_PLACEMENT_3D ( 'NONE', #5321, #3183, #5379 ) ;
#7054 = DIRECTION ( 'NONE',  ( 0.000000000000000000, 1.000000000000000000, 0.000000000000000000 ) ) ;
#7055 = CARTESIAN_POINT ( 'NONE',  ( 2.394357833393300883, 8.000000000000000000, 0.1814307967061968563 ) ) ;
#7056 = AXIS2_PLACEMENT_3D ( 'NONE', #6907, #4160, #4121 ) ;
#7057 = EDGE_CURVE ( 'NONE', #4577, #1562, #4504, .T. ) ;
#7058 = DIRECTION ( 'NONE',  ( 1.000000000000000000, 0.000000000000000000, 0.000000000000000000 ) ) ;
#7059 = DIRECTION ( 'NONE',  ( -0.3799932884734116278, 0.000000000000000000, -0.9249892435672766311 ) ) ;
#7060 = CARTESIAN_POINT ( 'NONE',  ( -9.140450790375666656, 1.779448407880942717, -4.058000729357082115 ) ) ;
#7061 = DIRECTION ( 'NONE',  ( 0.000000000000000000, 0.000000000000000000, 1.000000000000000000 ) ) ;
#7062 = CARTESIAN_POINT ( 'NONE',  ( 4.828799771687493525, 2.255681435097403487, -8.757196459659329690 ) ) ;
#7063 = ORIENTED_EDGE ( 'NONE', *, *, #1196, .T. ) ;
#7064 = LINE ( 'NONE', #3679, #1557 ) ;
#7065 = CARTESIAN_POINT ( 'NONE',  ( 0.4397714266284741269, 8.000000000000000000, 2.776607510986326410 ) ) ;
#7066 = AXIS2_PLACEMENT_3D ( 'NONE', #3130, #2552, #4785 ) ;
#7067 = TOROIDAL_SURFACE ( 'NONE', #3957, 9.500000000000000000, 0.5000000000000000000 ) ;
#7068 = ORIENTED_EDGE ( 'NONE', *, *, #4600, .F. ) ;
#7069 = ORIENTED_EDGE ( 'NONE', *, *, #6108, .T. ) ;
#7070 = ORIENTED_EDGE ( 'NONE', *, *, #6788, .F. ) ;
#7071 = DIRECTION ( 'NONE',  ( 0.000000000000000000, 0.000000000000000000, 1.000000000000000000 ) ) ;
#7072 = ORIENTED_EDGE ( 'NONE', *, *, #4139, .T. ) ;
#7073 = CIRCLE ( 'NONE', #1880, 0.5000000000000004441 ) ;
#7074 = EDGE_LOOP ( 'NONE', ( #3313, #1827, #6864, #4030 ) ) ;
#7075 = CARTESIAN_POINT ( 'NONE',  ( 1.552006135520455375E-13, 1.768578062440346432, 10.00000000000000000 ) ) ;
#7076 = CARTESIAN_POINT ( 'NONE',  ( 5.895594408746948289, 9.500000000000000000, 7.449293024680376796 ) ) ;
#7077 = DIRECTION ( 'NONE',  ( 0.000000000000000000, 1.000000000000000000, 0.000000000000000000 ) ) ;
#7078 = EDGE_CURVE ( 'NONE', #922, #1669, #1526, .T. ) ;
#7079 = EDGE_CURVE ( 'NONE', #6733, #2063, #657, .T. ) ;
#7080 = ORIENTED_EDGE ( 'NONE', *, *, #5403, .T. ) ;
#7081 = AXIS2_PLACEMENT_3D ( 'NONE', #3462, #114, #75 ) ;
#7082 = EDGE_CURVE ( 'NONE', #1684, #4289, #1202, .T. ) ;
#7083 = CARTESIAN_POINT ( 'NONE',  ( -4.828799771687340758, 2.255681435097431908, 8.757196459659413179 ) ) ;
#7084 = ADVANCED_FACE ( 'NONE', ( #5662 ), #1315, .F. ) ;
#7085 = CARTESIAN_POINT ( 'NONE',  ( 9.885393330222424169, 2.438513403071528973, -0.8789046123663315502 ) ) ;
#7086 = DIRECTION ( 'NONE',  ( 1.000000000000000000, 1.734723475976805517E-15, -0.000000000000000000 ) ) ;
#7087 = CARTESIAN_POINT ( 'NONE',  ( -3.945484083995279612, 1.768641139222087100, -9.189634587520462361 ) ) ;
#7088 = CARTESIAN_POINT ( 'NONE',  ( 1.010707579139243473, 2.500000000000000000, 9.949874371066197654 ) ) ;
#7089 = ORIENTED_EDGE ( 'NONE', *, *, #4139, .F. ) ;
#7090 = CARTESIAN_POINT ( 'NONE',  ( 1.224646799147353256E-15, 10.00000000000000000, 10.00000000000000000 ) ) ;
#7091 = CARTESIAN_POINT ( 'NONE',  ( 1.156453502364804375, 10.00000000000000000, 9.932905682471176334 ) ) ;
#7092 = CARTESIAN_POINT ( 'NONE',  ( -0.6655541409084325677, 2.241156341101827820, -9.869262850230965611 ) ) ;
#7093 = DIRECTION ( 'NONE',  ( -0.000000000000000000, -1.000000000000000000, -0.000000000000000000 ) ) ;
#7094 = CARTESIAN_POINT ( 'NONE',  ( -1.098630827246566799, 2.500000000000000000, 9.936260398347616984 ) ) ;
#7095 = CARTESIAN_POINT ( 'NONE',  ( 9.436260398347627643, 9.500000000000000000, -1.098630827246467323 ) ) ;
#7096 = B_SPLINE_CURVE_WITH_KNOTS ( 'NONE', 3,
 ( #6347, #6885, #2369, #2513, #6233, #765, #840, #1809, #1266, #4061, #4140, #5695, #2951, #1344, #6921, #4098, #218, #4176 ),
 .UNSPECIFIED., .F., .F.,
 ( 4, 2, 2, 2, 2, 2, 2, 2, 4 ),
 ( 0.000000000000000000, 0.0001297744646122133208, 0.0002595489292244266416, 0.0005190978584488556685, 0.001038195716897716758, 0.001557293575346578064, 0.001816842504571007742, 0.001946616969183223231, 0.002076391433795439154 ),
 .UNSPECIFIED. ) ;
#7097 = CARTESIAN_POINT ( 'NONE',  ( 9.848044610950880795, 2.147145517465060660, 0.3433206859913995324 ) ) ;
#7098 = ORIENTED_EDGE ( 'NONE', *, *, #5819, .F. ) ;
#7099 = DIRECTION ( 'NONE',  ( 0.000000000000000000, 0.000000000000000000, 1.000000000000000000 ) ) ;
#7100 = CARTESIAN_POINT ( 'NONE',  ( 6.886989335206966878, 2.134257748930227905, 7.030215759954880461 ) ) ;
#7101 = EDGE_LOOP ( 'NONE', ( #516, #1674, #5875, #1419 ) ) ;
#7102 = ORIENTED_EDGE ( 'NONE', *, *, #4095, .F. ) ;
#7103 = ORIENTED_EDGE ( 'NONE', *, *, #5230, .T. ) ;
#7104 = VECTOR ( 'NONE', #4821, 999.9999999999998863 ) ;
#7105 = FACE_OUTER_BOUND ( 'NONE', #2518, .T. ) ;
#7106 = VERTEX_POINT ( 'NONE', #4608 ) ;
#7107 = VERTEX_POINT ( 'NONE', #2347 ) ;
#7108 = SPHERICAL_SURFACE ( 'NONE', #7143, 0.5000000000000000000 ) ;
#7109 = DIRECTION ( 'NONE',  ( -0.9971414314842893534, 0.000000000000000000, 0.07555769727474682951 ) ) ;
#7110 = CIRCLE ( 'NONE', #877, 9.500000000000000000 ) ;
#7111 = DIRECTION ( 'NONE',  ( -0.000000000000000000, -1.000000000000000000, -0.000000000000000000 ) ) ;
#7112 = CARTESIAN_POINT ( 'NONE',  ( -9.053095584707852694, 2.134257748930293186, -3.859535732301795807 ) ) ;
#7113 = ORIENTED_EDGE ( 'NONE', *, *, #4958, .F. ) ;
#7114 = DIRECTION ( 'NONE',  ( 0.000000000000000000, 0.000000000000000000, 1.000000000000000000 ) ) ;
#7115 = CIRCLE ( 'NONE', #2036, 0.4999999999999995559 ) ;
#7116 = ADVANCED_FACE ( 'NONE', ( #2376 ), #5043, .T. ) ;
#7117 = CARTESIAN_POINT ( 'NONE',  ( 10.00001032960327585, 1.985975370094251291, 0.1126389525483428716 ) ) ;
#7118 = DIRECTION ( 'NONE',  ( -0.000000000000000000, -1.000000000000000000, 0.000000000000000000 ) ) ;
#7119 = DIRECTION ( 'NONE',  ( 0.8511160640214272544, 0.000000000000000000, 0.5249775667251637135 ) ) ;
#7120 = CARTESIAN_POINT ( 'NONE',  ( -0.4485839205770404958, 2.024215165943707095, 9.990691563217437121 ) ) ;
#7121 = ADVANCED_FACE ( 'NONE', ( #2884 ), #2551, .T. ) ;
#7122 = VECTOR ( 'NONE', #3446, 1000.000000000000000 ) ;
#7123 = ORIENTED_EDGE ( 'NONE', *, *, #3280, .T. ) ;
#7124 = AXIS2_PLACEMENT_3D ( 'NONE', #4067, #5846, #4606 ) ;
#7125 = DIRECTION ( 'NONE',  ( 0.4394523308986230670, 3.472460256734617152E-15, 0.8982659121149856318 ) ) ;
#7126 = EDGE_CURVE ( 'NONE', #6241, #2658, #6958, .T. ) ;
#7127 = CARTESIAN_POINT ( 'NONE',  ( 6.205888851312742815, 10.00000000000000000, -7.841361078610793456 ) ) ;
#7128 = CARTESIAN_POINT ( 'NONE',  ( -9.579266306899961947, 2.410376625841652132, -2.873880099894544404 ) ) ;
#7129 = CARTESIAN_POINT ( 'NONE',  ( 8.796570338259671828, 2.500000000000000444, 4.594978287206126666 ) ) ;
#7130 = PLANE ( 'NONE',  #6811 ) ;
#7131 = DIRECTION ( 'NONE',  ( 0.000000000000000000, -1.000000000000000000, 0.000000000000000000 ) ) ;
#7132 = ORIENTED_EDGE ( 'NONE', *, *, #2662, .F. ) ;
#7133 = LINE ( 'NONE', #4791, #3772 ) ;
#7134 = CARTESIAN_POINT ( 'NONE',  ( 6.389449519739515360, 2.377840714399245048, 7.587297981928839086 ) ) ;
#7135 = ORIENTED_EDGE ( 'NONE', *, *, #5942, .F. ) ;
#7136 = CARTESIAN_POINT ( 'NONE',  ( -6.981733318280860523, 1.768515498480335513, -7.160420963995021815 ) ) ;
#7138 = ORIENTED_EDGE ( 'NONE', *, *, #2627, .T. ) ;
#7137 = VECTOR ( 'NONE', #6873, 1000.000000000000000 ) ;
#7139 = DIRECTION ( 'NONE',  ( -0.000000000000000000, -1.000000000000000000, -0.000000000000000000 ) ) ;
#7140 = ORIENTED_EDGE ( 'NONE', *, *, #1698, .T. ) ;
#7141 = FACE_OUTER_BOUND ( 'NONE', #6436, .T. ) ;
#7142 = FACE_OUTER_BOUND ( 'NONE', #6901, .T. ) ;
#7143 = AXIS2_PLACEMENT_3D ( 'NONE', #548, #4432, #4934 ) ;
#7144 = CARTESIAN_POINT ( 'NONE',  ( -2.776607510986325966, 8.000000000000000000, 0.4397714266284747930 ) ) ;
#7145 = CARTESIAN_POINT ( 'NONE',  ( -6.433069916092883034, 2.314666110110168873, 7.536565878395823148 ) ) ;
#7146 =( BOUNDED_SURFACE ( )  B_SPLINE_SURFACE ( 3, 2, ( 
 ( #6632, #2262, #5039 ),
 ( #1233, #111, #5514 ),
 ( #583, #542, #3425 ),
 ( #697, #2767, #4968 ),
 ( #5628, #34, #2879 ),
 ( #4462, #1637, #5595 ),
 ( #4537, #1709, #3927 ),
 ( #5078, #1163, #3396 ),
 ( #620, #1780, #3457 ),
 ( #5658, #2915, #7136 ),
 ( #2193, #4384, #6352 ),
 ( #1815, #4029, #1381 ),
 ( #3535, #6314, #227 ),
 ( #1273, #6819, #2451 ),
 ( #3642, #3610, #2484 ),
 ( #5844, #4644, #3032 ),
 ( #807, #4565, #5773 ),
 ( #5120, #6858, #6782 ) ),
 .UNSPECIFIED., .F., .F., .T. ) 
 B_SPLINE_SURFACE_WITH_KNOTS ( ( 4, 2, 2, 2, 2, 2, 2, 2, 4 ),
 ( 3, 3 ),
 ( -2.710505431213761085E-20, 0.0003645422052340780306, 0.0007290844104681560613, 0.001093626615702234092, 0.001458168820936312123, 0.001822711026170390153, 0.002187253231404468184, 0.002551795436638546431, 0.002916337641872624245 ),
 ( 0.000000000000000000, 1.000000000000000000 ),
 .UNSPECIFIED. ) 
 GEOMETRIC_REPRESENTATION_ITEM ( )  RATIONAL_B_SPLINE_SURFACE ( (
 ( 1.000000000000000000, 0.9595359398070244517, 1.000000000000000000),
 ( 1.000000000000000000, 0.9595833763010080952, 1.000000000000000000),
 ( 1.000000000000000000, 0.9570685609626875534, 1.000000000000000000),
 ( 1.000000000000000000, 0.9488880332095234182, 1.000000000000000000),
 ( 1.000000000000000000, 0.9432547151588345224, 1.000000000000000000),
 ( 1.000000000000000000, 0.9321826025349490008, 1.000000000000000000),
 ( 1.000000000000000000, 0.9268523530654970699, 1.000000000000000000),
 ( 1.000000000000000000, 0.9192073681285084508, 1.000000000000000000),
 ( 1.000000000000000000, 0.9170514797511436500, 1.000000000000000000),
 ( 1.000000000000000000, 0.9170288608893247817, 1.000000000000000000),
 ( 1.000000000000000000, 0.9192260099103763960, 1.000000000000000000),
 ( 1.000000000000000000, 0.9267996068665982357, 1.000000000000000000),
 ( 1.000000000000000000, 0.9321812854749818023, 1.000000000000000000),
 ( 1.000000000000000000, 0.9432160661325699191, 1.000000000000000000),
 ( 1.000000000000000000, 0.9488445939139859009, 1.000000000000000000),
 ( 1.000000000000000000, 0.9570263305979179735, 1.000000000000000000),
 ( 1.000000000000000000, 0.9595878455022994746, 1.000000000000000000),
 ( 1.000000000000000000, 0.9595359398070241186, 1.000000000000000000) ) ) 
 REPRESENTATION_ITEM ( '' )  SURFACE ( )  );
#7147 = ORIENTED_EDGE ( 'NONE', *, *, #5475, .T. ) ;
#7148 = CARTESIAN_POINT ( 'NONE',  ( 9.138395661352950228, 2.500000000000000444, 2.596097982851491182 ) ) ;
#7149 = ORIENTED_EDGE ( 'NONE', *, *, #4034, .F. ) ;
#7150 = TOROIDAL_SURFACE ( 'NONE', #5781, 1.500000000000000000, 0.5000000000000000000 ) ;
#7151 = CARTESIAN_POINT ( 'NONE',  ( 9.981440441647263739, 1.863989508453881783, 0.6193966764492608856 ) ) ;
#7152 = CARTESIAN_POINT ( 'NONE',  ( 9.869262850231024231, 2.241156341101765648, -0.6655541409083430837 ) ) ;
#7153 = CARTESIAN_POINT ( 'NONE',  ( 0.000000000000000000, 9.500000000000000000, 0.000000000000000000 ) ) ;
#7154 = AXIS2_PLACEMENT_3D ( 'NONE', #4579, #2283, #3941 ) ;
#7155 = CARTESIAN_POINT ( 'NONE',  ( 9.421228362309031823, 1.829075679051594738, -3.355012593856866676 ) ) ;
#7156 = AXIS2_PLACEMENT_3D ( 'NONE', #5310, #5272, #343 ) ;
#7157 = ORIENTED_EDGE ( 'NONE', *, *, #130, .F. ) ;
#7158 = CARTESIAN_POINT ( 'NONE',  ( -9.619363854055755780, 2.500000000000000444, -2.732734718790979844 ) ) ;
#7159 = CARTESIAN_POINT ( 'NONE',  ( -0.5673463196692629662, 8.000000000000000000, 2.333234819276247762 ) ) ;
#7160 = LINE ( 'NONE', #4368, #5030 ) ;
#7161 = CYLINDRICAL_SURFACE ( 'NONE', #5110, 0.5000000000000004441 ) ;
#7162 = CARTESIAN_POINT ( 'NONE',  ( -1.010707506679200174, 2.410376625841636145, -9.949874378253301899 ) ) ;
#7163 = DIRECTION ( 'NONE',  ( -0.9716864685947450564, 0.000000000000000000, -0.2362740077746035283 ) ) ;
#7164 = CIRCLE ( 'NONE', #571, 0.5000000000000001110 ) ;
#7165 = CARTESIAN_POINT ( 'NONE',  ( -9.455131112420824380, 2.378544800989006891, -2.999062447596747560 ) ) ;
#7166 = CARTESIAN_POINT ( 'NONE',  ( -1.987831504145225026, 0.000000000000000000, -1.987831504145221029 ) ) ;
#7167 = CIRCLE ( 'NONE', #3820, 0.4999999999999993339 ) ;
#7168 = EDGE_CURVE ( 'NONE', #4655, #2228, #2694, .T. ) ;
#7169 = EDGE_CURVE ( 'NONE', #2014, #3334, #820, .T. ) ;
#7170 = CARTESIAN_POINT ( 'NONE',  ( 0.5673463196692631882, 8.000000000000000000, -2.333234819276247318 ) ) ;
#7171 = VECTOR ( 'NONE', #4050, 1000.000000000000114 ) ;
#7172 = ORIENTED_EDGE ( 'NONE', *, *, #4909, .F. ) ;
#7173 = CARTESIAN_POINT ( 'NONE',  ( -9.954167761667831016, 2.059838893144203542, 0.9593430162965127517 ) ) ;
#7174 = EDGE_CURVE ( 'NONE', #1703, #6180, #6787, .T. ) ;
#7175 = CARTESIAN_POINT ( 'NONE',  ( 7.321179991123981878, 2.183694385698120577, 6.619520378501557722 ) ) ;
#7176 = ORIENTED_EDGE ( 'NONE', *, *, #3967, .F. ) ;
#7177 = CARTESIAN_POINT ( 'NONE',  ( 8.882643920376594338, 1.975903690497190057, -4.594722306767626385 ) ) ;
#7178 = VERTEX_POINT ( 'NONE', #3538 ) ;
#7179 = CARTESIAN_POINT ( 'NONE',  ( 1.098630827246567021, 9.500000000000000000, -9.436260398347616984 ) ) ;
#7180 = CARTESIAN_POINT ( 'NONE',  ( 0.000000000000000000, 9.992403876506100957, 0.000000000000000000 ) ) ;
#7181 = DIRECTION ( 'NONE',  ( 0.000000000000000000, 1.000000000000000000, 0.000000000000000000 ) ) ;
#7182 = CARTESIAN_POINT ( 'NONE',  ( 1.276266388579325062, 8.000000000000000000, 2.504813822048898242 ) ) ;
ENDSEC;
END-ISO-10303-21;
